Year,Allocation Level,0,1,2,3,4,5
2025,0.01,0.06342042685210923,0.12086682496314988,0.14930976506084231,0.2799099332079244,0.1221426693347277,0.26435038058124644
2025,0.02,0.06342042685210923,0.12086682496314988,0.14930976506084231,0.2799099332079244,0.1221426693347277,0.26435038058124644
2025,0.03,0.06342042685210923,0.12086682496314988,0.14930976506084231,0.2799099332079244,0.1221426693347277,0.26435038058124644
2025,0.04,0.06342042685210923,0.12086682496314988,0.14930976506084231,0.2799099332079244,0.1221426693347277,0.26435038058124644
2025,0.05,0.06342042685210923,0.12086682496314988,0.14930976506084231,0.2799099332079244,0.1221426693347277,0.26435038058124644
2025,0.060000000000000005,0.06342042685210923,0.12086682496314988,0.14930976506084231,0.2799099332079244,0.1221426693347277,0.26435038058124644
2025,0.06999999999999999,0.06342042685210923,0.12086682496314988,0.14930976506084231,0.2799099332079244,0.1221426693347277,0.26435038058124644
2025,0.08,0.06342042685210923,0.12086682496314988,0.14930976506084231,0.2799099332079244,0.1221426693347277,0.26435038058124644
2025,0.09,0.06342042685210923,0.12086682496314988,0.14930976506084231,0.2799099332079244,0.1221426693347277,0.26435038058124644
2025,0.09999999999999999,0.06342042685210923,0.12086682496314988,0.14930976506084231,0.2799099332079244,0.1221426693347277,0.26435038058124644
2025,0.11,0.06342042685210923,0.12086682496314988,0.14930976506084231,0.2799099332079244,0.1221426693347277,0.26435038058124644
2025,0.12,0.06342042685210923,0.12086682496314988,0.14930976506084231,0.2799099332079244,0.1221426693347277,0.26435038058124644
2025,0.13,0.06342042685210923,0.12086682496314988,0.14930976506084231,0.2799099332079244,0.1221426693347277,0.26435038058124644
2025,0.14,0.06342042685210923,0.12086682496314988,0.14930976506084231,0.2799099332079244,0.1221426693347277,0.26435038058124644
2025,0.15000000000000002,0.06342042685210923,0.12086682496314988,0.14930976506084231,0.2799099332079244,0.1221426693347277,0.26435038058124644
2025,0.16,0.06342042685210923,0.12086682496314988,0.14930976506084231,0.2799099332079244,0.1221426693347277,0.26435038058124644
2025,0.17,0.06342042685210923,0.12086682496314988,0.14930976506084231,0.2799099332079244,0.1221426693347277,0.26435038058124644
2025,0.18000000000000002,0.06342042685210923,0.12086682496314988,0.14930976506084231,0.2799099332079244,0.1221426693347277,0.26435038058124644
2025,0.19,0.06342042685210923,0.12086682496314988,0.14930976506084231,0.2799099332079244,0.1221426693347277,0.26435038058124644
2025,0.2,0.06342042685210923,0.12086682496314988,0.14930976506084231,0.2799099332079244,0.1221426693347277,0.26435038058124644
2025,0.21000000000000002,0.06342042685210923,0.12086682496314988,0.14930976506084231,0.2799099332079244,0.1221426693347277,0.26435038058124644
2025,0.22,0.06342042685210923,0.12086682496314988,0.14930976506084231,0.2799099332079244,0.1221426693347277,0.26435038058124644
2025,0.23,0.06342042685210923,0.12086682496314988,0.14930976506084231,0.2799099332079244,0.1221426693347277,0.26435038058124644
2025,0.24000000000000002,0.06342042685210923,0.12086682496314988,0.14930976506084231,0.2799099332079244,0.1221426693347277,0.26435038058124644
2025,0.25,0.06342042685210923,0.12086682496314988,0.14930976506084231,0.2799099332079244,0.1221426693347277,0.26435038058124644
2025,0.26,0.06342042685210923,0.12086682496314988,0.14930976506084231,0.2799099332079244,0.1221426693347277,0.26435038058124644
2025,0.27,0.06342042685210923,0.12086682496314988,0.14930976506084231,0.2799099332079244,0.1221426693347277,0.26435038058124644
2025,0.28,0.06342042685210923,0.12086682496314988,0.14930976506084231,0.2799099332079244,0.1221426693347277,0.26435038058124644
2025,0.29000000000000004,0.06342042685210923,0.12086682496314988,0.14930976506084231,0.2799099332079244,0.1221426693347277,0.26435038058124644
2025,0.3,0.06342042685210923,0.12086682496314988,0.14930976506084231,0.2799099332079244,0.1221426693347277,0.26435038058124644
2025,0.31,0.06342042685210923,0.12086682496314988,0.14930976506084231,0.2799099332079244,0.1221426693347277,0.26435038058124644
2025,0.32,0.06342042685210923,0.12086682496314988,0.14930976506084231,0.2799099332079244,0.1221426693347277,0.26435038058124644
2025,0.33,0.06342042685210923,0.12086682496314988,0.14930976506084231,0.2799099332079244,0.1221426693347277,0.26435038058124644
2025,0.34,0.06342042685210923,0.12086682496314988,0.14930976506084231,0.2799099332079244,0.1221426693347277,0.26435038058124644
2025,0.35000000000000003,0.06342042685210923,0.12086682496314988,0.14930976506084231,0.2799099332079244,0.1221426693347277,0.26435038058124644
2025,0.36000000000000004,0.06342042685210923,0.12086682496314988,0.14930976506084231,0.2799099332079244,0.1221426693347277,0.26435038058124644
2025,0.37,0.06342042685210923,0.12086682496314988,0.14930976506084231,0.2799099332079244,0.1221426693347277,0.26435038058124644
2025,0.38,0.06342042685210923,0.12086682496314988,0.14930976506084231,0.2799099332079244,0.1221426693347277,0.26435038058124644
2025,0.39,0.06342042685210923,0.12086682496314988,0.14930976506084231,0.2799099332079244,0.1221426693347277,0.26435038058124644
2025,0.4,0.06342042685210923,0.12086682496314988,0.14930976506084231,0.2799099332079244,0.1221426693347277,0.26435038058124644
2025,0.41000000000000003,0.06342042685210923,0.12086682496314988,0.14930976506084231,0.2799099332079244,0.1221426693347277,0.26435038058124644
2025,0.42000000000000004,0.06342042685210923,0.12086682496314988,0.14930976506084231,0.2799099332079244,0.1221426693347277,0.26435038058124644
2025,0.43,0.06342042685210923,0.12086682496314988,0.14930976506084231,0.2799099332079244,0.1221426693347277,0.26435038058124644
2025,0.44,0.06342042685210923,0.12086682496314988,0.14930976506084231,0.2799099332079244,0.1221426693347277,0.26435038058124644
2025,0.45,0.06342042685210923,0.12086682496314988,0.14930976506084231,0.2799099332079244,0.1221426693347277,0.26435038058124644
2025,0.46,0.06342042685210923,0.12086682496314988,0.14930976506084231,0.2799099332079244,0.1221426693347277,0.26435038058124644
2025,0.47000000000000003,0.06342042685210923,0.12086682496314988,0.14930976506084231,0.2799099332079244,0.1221426693347277,0.26435038058124644
2025,0.48000000000000004,0.06342042685210923,0.12086682496314988,0.14930976506084231,0.2799099332079244,0.1221426693347277,0.26435038058124644
2025,0.49,0.06342042685210923,0.12086682496314988,0.14930976506084231,0.2799099332079244,0.1221426693347277,0.26435038058124644
2025,0.5,0.06342042685210923,0.12086682496314988,0.14930976506084231,0.2799099332079244,0.1221426693347277,0.26435038058124644
2025,0.51,0.06342042685210923,0.12086682496314988,0.14930976506084231,0.2799099332079244,0.1221426693347277,0.26435038058124644
2025,0.52,0.06342042685210923,0.12086682496314988,0.14930976506084231,0.2799099332079244,0.1221426693347277,0.26435038058124644
2025,0.53,0.06342042685210923,0.12086682496314988,0.14930976506084231,0.2799099332079244,0.1221426693347277,0.26435038058124644
2025,0.54,0.06342042685210923,0.12086682496314988,0.14930976506084231,0.2799099332079244,0.1221426693347277,0.26435038058124644
2025,0.55,0.06342042685210923,0.12086682496314988,0.14930976506084231,0.2799099332079244,0.1221426693347277,0.26435038058124644
2025,0.56,0.06342042685210923,0.12086682496314988,0.14930976506084231,0.2799099332079244,0.1221426693347277,0.26435038058124644
2025,0.5700000000000001,0.06342042685210923,0.12086682496314988,0.14930976506084231,0.2799099332079244,0.1221426693347277,0.26435038058124644
2025,0.5800000000000001,0.06342042685210923,0.12086682496314988,0.14930976506084231,0.2799099332079244,0.1221426693347277,0.26435038058124644
2025,0.59,0.06342042685210923,0.12086682496314988,0.14930976506084231,0.2799099332079244,0.1221426693347277,0.26435038058124644
2025,0.6,0.06342042685210923,0.12086682496314988,0.14930976506084231,0.2799099332079244,0.1221426693347277,0.26435038058124644
2025,0.61,0.06342042685210923,0.12086682496314988,0.14930976506084231,0.2799099332079244,0.1221426693347277,0.26435038058124644
2025,0.62,0.06342042685210923,0.12086682496314988,0.14930976506084231,0.2799099332079244,0.1221426693347277,0.26435038058124644
2025,0.63,0.06342042685210923,0.12086682496314988,0.14930976506084231,0.2799099332079244,0.1221426693347277,0.26435038058124644
2025,0.64,0.06342042685210923,0.12086682496314988,0.14930976506084231,0.2799099332079244,0.1221426693347277,0.26435038058124644
2025,0.65,0.06342042685210923,0.12086682496314988,0.14930976506084231,0.2799099332079244,0.1221426693347277,0.26435038058124644
2025,0.66,0.06342042685210923,0.12086682496314988,0.14930976506084231,0.2799099332079244,0.1221426693347277,0.26435038058124644
2025,0.67,0.06342042685210923,0.12086682496314988,0.14930976506084231,0.2799099332079244,0.1221426693347277,0.26435038058124644
2025,0.68,0.06342042685210923,0.12086682496314988,0.14930976506084231,0.2799099332079244,0.1221426693347277,0.26435038058124644
2025,0.6900000000000001,0.06342042685210923,0.12086682496314988,0.14930976506084231,0.2799099332079244,0.1221426693347277,0.26435038058124644
2025,0.7000000000000001,0.06342042685210923,0.12086682496314988,0.14930976506084231,0.2799099332079244,0.1221426693347277,0.26435038058124644
2025,0.7100000000000001,0.06342042685210923,0.12086682496314988,0.14930976506084231,0.2799099332079244,0.1221426693347277,0.26435038058124644
2025,0.72,0.06342042685210923,0.12086682496314988,0.14930976506084231,0.2799099332079244,0.1221426693347277,0.26435038058124644
2025,0.73,0.06342042685210923,0.12086682496314988,0.14930976506084231,0.2799099332079244,0.1221426693347277,0.26435038058124644
2025,0.74,0.06342042685210923,0.12086682496314988,0.14930976506084231,0.2799099332079244,0.1221426693347277,0.26435038058124644
2025,0.75,0.06342042685210923,0.12086682496314988,0.14930976506084231,0.2799099332079244,0.1221426693347277,0.26435038058124644
2025,0.76,0.06342042685210923,0.12086682496314988,0.14930976506084231,0.2799099332079244,0.1221426693347277,0.26435038058124644
2025,0.77,0.06342042685210923,0.12086682496314988,0.14930976506084231,0.2799099332079244,0.1221426693347277,0.26435038058124644
2025,0.78,0.06342042685210923,0.12086682496314988,0.14930976506084231,0.2799099332079244,0.1221426693347277,0.26435038058124644
2025,0.79,0.06342042685210923,0.12086682496314988,0.14930976506084231,0.2799099332079244,0.1221426693347277,0.26435038058124644
2025,0.8,0.06342042685210923,0.12086682496314988,0.14930976506084231,0.2799099332079244,0.1221426693347277,0.26435038058124644
2025,0.81,0.06342042685210923,0.12086682496314988,0.14930976506084231,0.2799099332079244,0.1221426693347277,0.26435038058124644
2025,0.8200000000000001,0.06342042685210923,0.12086682496314988,0.14930976506084231,0.2799099332079244,0.1221426693347277,0.26435038058124644
2025,0.8300000000000001,0.06342042685210923,0.12086682496314988,0.14930976506084231,0.2799099332079244,0.1221426693347277,0.26435038058124644
2025,0.8400000000000001,0.06342042685210923,0.12086682496314988,0.14930976506084231,0.2799099332079244,0.1221426693347277,0.26435038058124644
2025,0.85,0.06342042685210923,0.12086682496314988,0.14930976506084231,0.2799099332079244,0.1221426693347277,0.26435038058124644
2025,0.86,0.06342042685210923,0.12086682496314988,0.14930976506084231,0.2799099332079244,0.1221426693347277,0.26435038058124644
2025,0.87,0.06342042685210923,0.12086682496314988,0.14930976506084231,0.2799099332079244,0.1221426693347277,0.26435038058124644
2025,0.88,0.06342042685210923,0.12086682496314988,0.14930976506084231,0.2799099332079244,0.1221426693347277,0.26435038058124644
2025,0.89,0.06342042685210923,0.12086682496314988,0.14930976506084231,0.2799099332079244,0.1221426693347277,0.26435038058124644
2025,0.9,0.06342042685210923,0.12086682496314988,0.14930976506084231,0.2799099332079244,0.1221426693347277,0.26435038058124644
2025,0.91,0.06342042685210923,0.12086682496314988,0.14930976506084231,0.2799099332079244,0.1221426693347277,0.26435038058124644
2025,0.92,0.06342042685210923,0.12086682496314988,0.14930976506084231,0.2799099332079244,0.1221426693347277,0.26435038058124644
2025,0.93,0.06342042685210923,0.12086682496314988,0.14930976506084231,0.2799099332079244,0.1221426693347277,0.26435038058124644
2025,0.9400000000000001,0.06342042685210923,0.12086682496314988,0.14930976506084231,0.2799099332079244,0.1221426693347277,0.26435038058124644
2025,0.9500000000000001,0.06342042685210923,0.12086682496314988,0.14930976506084231,0.2799099332079244,0.1221426693347277,0.26435038058124644
2025,0.9600000000000001,0.06342042685210923,0.12086682496314988,0.14930976506084231,0.2799099332079244,0.1221426693347277,0.26435038058124644
2025,0.97,0.06342042685210923,0.12086682496314988,0.14930976506084231,0.2799099332079244,0.1221426693347277,0.26435038058124644
2025,0.98,0.06342042685210923,0.12086682496314988,0.14930976506084231,0.2799099332079244,0.1221426693347277,0.26435038058124644
2025,0.99,0.06342042685210923,0.12086682496314988,0.14930976506084231,0.2799099332079244,0.1221426693347277,0.26435038058124644
2025,1.0,0.06342042685210923,0.12086682496314988,0.14930976506084231,0.2799099332079244,0.1221426693347277,0.26435038058124644
2026,0.01,1.0,0.0,0.0,0.0,0.0,0.0
2026,0.02,1.0,0.0,0.0,0.0,0.0,0.0
2026,0.03,1.0,0.0,0.0,0.0,0.0,0.0
2026,0.04,0.9999999999992201,0.0,5.805542949059759e-14,5.964446210850657e-15,0.0,1.3518801401073353e-14
2026,0.05,1.0,0.0,0.0,0.0,0.0,0.0
2026,0.060000000000000005,1.0,0.0,0.0,0.0,0.0,0.0
2026,0.06999999999999999,0.9999999999999999,0.0,7.392828391658663e-17,4.6172708302573304e-17,0.0,1.841713268694439e-17
2026,0.08,1.0,0.0,0.0,0.0,0.0,0.0
2026,0.09,1.0,0.0,0.0,0.0,3.5683537892109993e-19,4.199019880236447e-17
2026,0.09999999999999999,1.0,0.0,0.0,0.0,0.0,0.0
2026,0.11,1.0,0.0,0.0,0.0,0.0,0.0
2026,0.12,0.9999999999999978,6.129848186239222e-14,3.363833645451731e-17,3.154738942359792e-16,9.249624293120016e-17,0.0
2026,0.13,1.0,0.0,0.0,0.0,0.0,0.0
2026,0.14,1.0,0.0,0.0,0.0,0.0,0.0
2026,0.15000000000000002,1.0,0.0,0.0,2.0046080782462877e-15,0.0,0.0
2026,0.16,1.0,2.576221359382332e-14,0.0,0.0,0.0,0.0
2026,0.17,0.9999999999999962,0.0,3.0259963469526656e-15,9.420487225287637e-16,5.414151519025961e-16,6.689211408575364e-16
2026,0.18000000000000002,0.9999999999998441,0.0,7.367023657778304e-14,2.9254376698872875e-14,3.3285874057042975e-14,3.931924230649031e-14
2026,0.19,1.0,0.0,0.0,0.0,0.0,0.0
2026,0.2,1.0,5.097589017566406e-13,0.0,0.0,0.0,0.0
2026,0.21000000000000002,0.9999999999998878,0.0,5.691627724679904e-14,2.052524816775758e-14,2.8803348595118905e-14,3.354261313148754e-14
2026,0.22,1.0,7.382983113757291e-15,0.0,0.0,0.0,0.0
2026,0.23,0.9999999999999516,4.6851411639181606e-14,2.4678176169246058e-14,8.916478666520788e-15,1.1733669591507123e-14,1.2243678293444304e-14
2026,0.24000000000000002,1.0,1.84297022087776e-14,0.0,0.0,0.0,0.0
2026,0.25,0.9999999999999609,0.0,1.6257828416854636e-14,7.542577673547157e-15,1.0928757898653885e-14,1.2014694794615366e-14
2026,0.26,0.9999999999999998,0.0,4.970560858660053e-15,2.3622660461585215e-15,2.3714368718784438e-15,3.602980425538834e-15
2026,0.27,0.9999999999999989,0.0,2.485372120646567e-15,1.0074105890039032e-15,9.65429518555612e-16,1.1066383811923763e-15
2026,0.28,1.0,0.0,2.3365052331336764e-15,1.1596715375364417e-15,2.1584373082806675e-15,1.4227159252403702e-15
2026,0.29000000000000004,0.9999999999999989,8.03968668387632e-16,9.122207884736412e-17,0.0,1.3344057081097342e-16,2.3887790689014862e-17
2026,0.3,0.9999999999999957,8.01809942903688e-15,0.0,0.0,0.0,0.0
2026,0.31,0.9999999999999994,0.0,1.2397182686343412e-15,0.0,3.698611715833265e-16,5.078640145147334e-17
2026,0.32,0.9999999999999216,1.8942371279901886e-16,0.0,1.194590426636235e-16,0.0,5.99270719661229e-17
2026,0.33,1.0,0.0,6.04025547434146e-16,6.419489065486155e-16,6.630366388034586e-16,5.444172978370191e-16
2026,0.34,1.0,0.0,7.222383125859034e-16,1.2259103610446753e-15,1.264785361675385e-15,1.5057217659395026e-15
2026,0.35000000000000003,0.9999999999999999,0.0,1.070508162289513e-16,3.4822970218238665e-17,0.0,1.4484480700980393e-16
2026,0.36000000000000004,0.9999999999982967,2.098568656831837e-12,0.0,0.0,0.0,0.0
2026,0.37,1.0,3.477479813445145e-14,1.0955365256486025e-17,1.3508851459440388e-16,0.0,1.6365726500045407e-16
2026,0.38,0.9999999999998525,1.8614293282588179e-13,0.0,0.0,0.0,0.0
2026,0.39,0.9999999999999607,5.596563331451348e-16,0.0,0.0,9.615075784503362e-17,0.0
2026,0.4,1.0,0.0,5.799355985080129e-17,0.0,0.0,0.0
2026,0.41000000000000003,1.0,0.0,1.248256900271219e-16,0.0,1.54790544910896e-16,3.9094249504957867e-16
2026,0.42000000000000004,0.9999999999998364,1.9457069952809997e-13,0.0,0.0,0.0,0.0
2026,0.43,0.9999999999992883,8.196026525397985e-13,0.0,0.0,0.0,0.0
2026,0.44,1.0,0.0,4.330925913774439e-15,3.0252434455952314e-15,4.161023002721157e-15,4.41261599466913e-15
2026,0.45,1.0,4.1307564576765124e-14,0.0,0.0,0.0,0.0
2026,0.46,1.0,1.7471893079801958e-16,0.0,0.0,1.1293617713561185e-16,4.7905472586728995e-17
2026,0.47000000000000003,1.0,0.0,1.3686630814349245e-16,5.450691532277421e-17,1.6362083342657426e-16,3.6933915410631443e-16
2026,0.48000000000000004,1.0,1.1102230246251565e-15,0.0,4.926614671774132e-16,0.0,0.0
2026,0.49,1.0,0.0,0.0,7.91033905045424e-16,0.0,0.0
2026,0.5,1.0,0.0,0.0,0.0,1.056730504358806e-16,2.7673529885159907e-16
2026,0.51,1.0,0.0,2.851558927359503e-16,0.0,1.0066602923994439e-16,1.502244526118998e-16
2026,0.52,1.0,0.0,4.5102810375396984e-17,9.367506770274758e-17,2.8449465006019636e-16,2.255140518769849e-16
2026,0.53,1.0,0.0,4.163336342344337e-17,4.440892098500626e-16,0.0,0.0
2026,0.54,0.9999999999999989,2.220446049250313e-16,5.724587470723463e-16,0.0,3.8510861166685117e-16,5.100087019371813e-16
2026,0.55,0.9999999999999989,1.3781182455195734e-14,6.319020478338916e-17,0.0,1.0589315559715908e-17,0.0
2026,0.56,1.0,0.0,1.231653667943533e-15,0.0,1.0408340855860843e-16,2.949029909160572e-16
2026,0.5700000000000001,1.0,2.1158534184192238e-16,8.116449661487785e-17,0.0,0.0,1.9371089745059836e-17
2026,0.5800000000000001,1.0,0.0,1.700029006457271e-16,1.491862189340054e-16,0.0,1.734723475976807e-16
2026,0.59,0.9999999999999998,0.0,1.8041124150158794e-16,3.191891195797325e-16,2.7755575615628914e-17,0.0
2026,0.6,0.9999999999999989,2.820644244931029e-15,0.0,0.0,0.0,0.0
2026,0.61,0.9999999999999996,6.846120837243759e-16,0.0,2.872699540732411e-16,0.0,2.5568345509960356e-17
2026,0.62,1.0,1.3156142841808105e-14,2.914335439641036e-16,0.0,0.0,0.0
2026,0.63,0.9999999999996732,0.0,0.0,5.551115123125783e-17,0.0,2.8449465006019636e-16
2026,0.64,0.9999999999999997,5.329070518200751e-13,0.0,2.2898349882893854e-16,9.71445146547012e-17,3.608224830031759e-16
2026,0.65,1.0,0.0,0.0,0.0,5.689893001203927e-16,4.163336342344337e-17
2026,0.66,0.9999999999998953,0.0,1.5265566588595902e-16,2.220446049250313e-16,6.938893903907228e-17,1.8041124150158794e-16
2026,0.67,1.0,0.0,7.389922007661198e-16,0.0,0.0,0.0
2026,0.68,0.9999999999994111,2.220446049250313e-16,9.159339953157541e-16,4.163336342344337e-17,0.0,0.0
2026,0.6900000000000001,1.0,0.0,2.1886425579326097e-16,0.0,2.0814186958147608e-16,1.1939636130191572e-16
2026,0.7000000000000001,0.9999999999999561,0.0,0.0,3.400058012914542e-16,9.367506770274758e-17,4.2327252813834093e-16
2026,0.7100000000000001,0.9999999999999983,2.4243294318287206e-15,0.0,0.0,0.0,0.0
2026,0.72,1.0,2.2631896356983816e-13,6.765421556309548e-16,1.5959455978986625e-16,0.0,0.0
2026,0.73,0.9999999999999998,0.0,8.326672684688674e-17,4.0592529337857286e-16,0.0,6.938893903907228e-18
2026,0.74,0.9999999999999998,1.7497114868092467e-13,1.6653345369377348e-16,1.249000902703301e-16,0.0,0.0
2026,0.75,0.9999999999998979,0.0,0.0,1.942890293094024e-16,4.85722573273506e-17,0.0
2026,0.76,0.9999999999999999,0.0,4.891920202254596e-16,0.0,1.214306433183765e-16,1.0408340855860843e-17
2026,0.77,1.0,2.7755575615628914e-16,0.0,1.3877787807814457e-16,1.0408340855860843e-17,0.0
2026,0.78,1.0,1.6708856520608606e-14,3.0531133177191805e-16,1.6653345369377348e-16,0.0,1.3183898417423734e-16
2026,0.79,0.9999999999999046,8.326672684688674e-16,1.8388068845354155e-16,0.0,0.0,0.0
2026,0.8,0.999999999999714,2.7755575615628914e-16,2.42861286636753e-17,0.0,1.5265566588595902e-16,8.326672684688674e-17
2026,0.81,0.9999999999997949,5.551115123125783e-17,0.0,0.0,2.914335439641036e-16,1.3183898417423734e-16
2026,0.8200000000000001,0.9999999999999999,9.392486788328824e-14,8.326672684688674e-17,1.5265566588595902e-16,5.551115123125783e-17,0.0
2026,0.8300000000000001,1.0,1.5154544286133387e-14,2.0816681711721685e-16,0.0,0.0,0.0
2026,0.8400000000000001,0.9999999999997202,0.0,0.0,1.7694179454963432e-16,0.0,0.0
2026,0.85,1.0,1.712519015484304e-13,0.0,1.249000902703301e-16,2.914335439641036e-16,4.2327252813834093e-16
2026,0.86,0.9999999999999998,2.7755575615628914e-13,6.522560269672795e-16,1.3877787807814457e-16,0.0,0.0
2026,0.87,0.9999999999998307,0.0,0.0,1.9081958235744878e-16,1.3877787807814457e-16,1.6653345369377348e-16
2026,0.88,0.9999999999999074,2.7755575615628914e-16,3.3306690738754696e-16,2.498001805406602e-16,0.0,1.734723475976807e-16
2026,0.89,1.0,9.164891068280667e-14,0.0,0.0,0.0,6.938893903907228e-17
2026,0.9,1.0,0.0,3.885780586188048e-16,0.0,0.0,0.0
2026,0.91,1.0,1.1268763699945339e-14,0.0,1.3877787807814457e-17,8.326672684688674e-17,2.983724378680108e-16
2026,0.92,1.0,0.0,0.0,0.0,0.0,8.326672684688674e-17
2026,0.93,0.9999999999999993,1.9056978217690812e-13,0.0,4.2327252813834093e-16,0.0,1.1102230246251565e-16
2026,0.9400000000000001,1.0,5.233036226570675e-13,0.0,0.0,1.0755285551056204e-16,0.0
2026,0.9500000000000001,0.9999999999999114,2.7755575615628914e-16,0.0,0.0,2.7755575615628914e-16,8.326672684688674e-17
2026,0.9600000000000001,0.9999999999999998,0.0,5.93275428784068e-16,4.163336342344337e-17,0.0,0.0
2026,0.97,1.0,0.0,2.7755575615628914e-16,0.0,1.5265566588595902e-16,1.734723475976807e-17
2026,0.98,1.0,0.0,1.3877787807814457e-17,0.0,0.0,0.0
2026,0.99,1.0,0.0,3.5041414214731503e-16,0.0,0.0,0.0
2026,1.0,1.0,0.0,1.457167719820518e-16,0.0,1.1102230246251565e-16,0.0
2027,0.01,1.0,0.0,0.0,0.0,0.0,0.0
2027,0.02,1.0,0.0,9.260441805741815e-17,0.0,0.0,0.0
2027,0.03,1.0,0.0,0.0,0.0,0.0,0.0
2027,0.04,0.9999999999999999,1.1329614558728035e-14,0.0,1.0019634039109219e-16,1.9541147312728078e-17,0.0
2027,0.05,1.0,0.0,2.572158609102033e-17,2.1919338699848493e-16,1.5393513082750363e-16,1.451226639568969e-17
2027,0.060000000000000005,1.0,0.0,0.0,0.0,0.0,0.0
2027,0.06999999999999999,0.9999999999972535,6.76914218241168e-13,3.643405301645441e-13,9.54868579208589e-13,5.435392207087315e-13,2.0688690671171882e-13
2027,0.08,1.0,5.713330402854454e-16,0.0,0.0,0.0,0.0
2027,0.09,1.0,0.0,2.332278438141715e-14,4.460089745555098e-14,3.1167129295005795e-14,1.710025641655163e-14
2027,0.09999999999999999,0.9999999999996646,0.0,8.602302669087733e-14,1.647990880892169e-13,1.2405833095020542e-13,7.447045782569086e-14
2027,0.11,0.9999999999999825,0.0,5.7686145492558474e-15,9.153592411093947e-15,7.820406597828936e-15,6.554507811344385e-15
2027,0.12,1.0,0.0,3.414855094306767e-17,9.36648822659737e-17,3.5836066740687344e-16,3.687560073616492e-16
2027,0.13,1.0,2.152781245775377e-15,0.0,0.0,0.0,0.0
2027,0.14,1.0,0.0,8.577984981994764e-17,0.0,2.422507442130373e-16,4.7901315700420535e-16
2027,0.15000000000000002,0.9999999999999226,2.441710108558161e-15,0.0,0.0,0.0,0.0
2027,0.16,0.9999999999999951,6.156976942553613e-15,0.0,1.7339833623275799e-16,0.0,0.0
2027,0.17,1.0,0.0,9.982014350431176e-16,1.8379810274118426e-16,1.8854739530061544e-15,1.318748136679062e-15
2027,0.18000000000000002,1.0,2.308636365467553e-13,0.0,0.0,3.431125954090596e-17,3.88276788686365e-17
2027,0.19,0.9999999999999853,1.934490669696753e-14,0.0,0.0,0.0,0.0
2027,0.2,0.9999999999999503,0.0,0.0,5.447255404948947e-16,9.349083494125482e-17,2.161594647140356e-17
2027,0.21000000000000002,1.0,0.0,5.1636108905258596e-15,3.0411828586571037e-16,9.422528971737214e-15,6.883849044313434e-15
2027,0.22,0.9999999999999198,9.804078880355294e-14,0.0,0.0,0.0,0.0
2027,0.23,0.999999999999768,2.797676581842005e-13,0.0,0.0,0.0,0.0
2027,0.24000000000000002,0.9999999999995026,5.881515369625048e-13,0.0,0.0,0.0,0.0
2027,0.25,0.9999999999999996,0.0,7.355227538141662e-16,7.355227538141662e-16,4.510281037539698e-16,5.204170427930421e-16
2027,0.26,1.0,0.0,9.009710576966649e-17,0.0,1.5874038408632377e-16,0.0
2027,0.27,0.9999999999999999,1.604606364578985e-13,0.0,3.9123606219860617e-16,0.0,0.0
2027,0.28,1.0,0.0,6.382588075139022e-16,2.3801075246430124e-16,4.963058264329748e-16,3.476896606724716e-16
2027,0.29000000000000004,0.9999999999999035,0.0,0.0,0.0,6.173312193514292e-16,7.793416281170879e-16
2027,0.3,0.9999999999999999,1.5574103975917898e-13,1.4397809132572332e-16,1.2300405507192507e-16,4.324510346955399e-17,0.0
2027,0.31,0.9999999999999981,3.1067148331708535e-15,0.0,0.0,0.0,0.0
2027,0.32,1.0,0.0,2.149515510247238e-16,1.2584707310536042e-16,3.075970501800838e-16,3.2469652780277997e-16
2027,0.33,1.0,0.0,1.7257872783832742e-16,2.761793276170009e-17,0.0,2.8219707319076907e-16
2027,0.34,1.0,3.5555426652813176e-13,0.0,1.0082184894839437e-16,0.0,0.0
2027,0.35000000000000003,0.9999999999999994,6.731815524127233e-16,0.0,4.882458844233765e-16,8.977363394769428e-17,0.0
2027,0.36000000000000004,0.999999999999774,2.066868797455671e-16,0.0,0.0,2.419048999730795e-16,0.0
2027,0.37,0.9999999999999933,5.994518940167572e-15,0.0,1.0760708224551663e-15,0.0,0.0
2027,0.38,1.0,0.0,2.512206547932057e-16,4.788734648620077e-16,3.8845608587440017e-16,1.6256129268762444e-16
2027,0.39,1.0,0.0,2.534873149600582e-16,0.0,1.0142160752186179e-16,2.2311059588915085e-16
2027,0.4,1.0,0.0,0.0,0.0,0.0,4.498976295116084e-16
2027,0.41000000000000003,1.0,6.086802000035598e-14,0.0,0.0,0.0,1.0494960817245968e-16
2027,0.42000000000000004,0.999999999999498,8.163840237233171e-16,0.0,0.0,0.0,5.3546380606822686e-17
2027,0.43,1.0,0.0,0.0,5.385939463246458e-16,4.1260584223356753e-16,2.0089969794624858e-16
2027,0.44,1.0,0.0,2.2791073160124097e-16,0.0,1.5572023108912508e-16,3.828004468855832e-16
2027,0.45,0.9999999999999898,6.522836409909924e-15,1.5622357025921905e-15,2.205551409607957e-15,6.1974070619678715e-16,0.0
2027,0.46,0.9999999999999991,1.3165653327739876e-15,0.0,0.0,5.540484859637741e-17,0.0
2027,0.47000000000000003,1.0,0.0,6.255507722062459e-17,0.0,1.867999875062535e-16,4.2173982202028427e-16
2027,0.48000000000000004,0.9999999999999992,3.6058616081089193e-16,1.4001200508229408e-16,1.577984264252135e-16,0.0,2.204064432050415e-17
2027,0.49,1.0,1.355862490659278e-13,0.0,1.069556781024973e-16,7.358765189030253e-17,0.0
2027,0.5,1.0,0.0,1.2541805091757612e-16,2.5225107037354054e-16,1.0793317330387922e-16,2.372831511626098e-16
2027,0.51,1.0,0.0,1.0956117062850199e-16,1.2950710247044625e-17,8.581417843575405e-17,2.974800886580784e-16
2027,0.52,0.9999999999999963,5.398556018995811e-15,0.0,0.0,0.0,3.1068490878929933e-16
2027,0.53,1.0,2.939353116085105e-16,0.0,0.0,0.0,2.8932475819649325e-16
2027,0.54,0.9999999999999997,0.0,1.8668039786919364e-16,4.260898635320756e-16,2.4213766035149517e-16,0.0
2027,0.55,0.9999999999999978,2.9315035269324597e-15,0.0,0.0,0.0,3.960344896534844e-17
2027,0.56,1.0,0.0,3.3625983726990357e-17,9.845940628139068e-17,7.726989183031723e-17,0.0
2027,0.5700000000000001,1.0,0.0,1.6002146439528242e-16,2.55839948971057e-16,4.949382917396328e-17,8.291012597609268e-17
2027,0.5800000000000001,0.999999999999996,5.588360855882449e-15,0.0,0.0,0.0,3.86310551419005e-17
2027,0.59,0.9999999999998097,0.0,9.36802267248305e-17,1.563664926192569e-16,0.0,0.0
2027,0.6,1.0,5.470888397526592e-16,6.873672366968647e-17,0.0,0.0,0.0
2027,0.61,1.0,0.0,3.051419251824672e-16,8.298398724909326e-16,0.0,0.0
2027,0.62,0.9999999999999999,2.1197253614923042e-16,0.0,0.0,0.0,1.5250785863666315e-16
2027,0.63,1.0,0.0,0.0,1.773250769582669e-16,2.0502940708058692e-16,1.9936275666345565e-16
2027,0.64,0.9999999999995649,0.0,3.2382027061618296e-16,0.0,4.2324803206337957e-16,0.0
2027,0.65,0.9999999999999997,5.0776141066345695e-14,5.497137843742709e-16,9.902666896497379e-16,0.0,0.0
2027,0.66,0.9999999999999244,1.842002314984764e-15,0.0,0.0,0.0,7.74746111478589e-17
2027,0.67,1.0,0.0,5.339852400586351e-16,8.107668081011338e-16,1.2826746975213958e-16,0.0
2027,0.68,0.9999999999999997,2.434618329963563e-16,1.686082608980729e-16,0.0,0.0,6.017576167178726e-17
2027,0.6900000000000001,1.0,0.0,0.0,0.0,0.0,1.4675989305659547e-16
2027,0.7000000000000001,0.9999999999999988,1.3915493479461482e-15,0.0,0.0,0.0,1.6225932544192828e-16
2027,0.7100000000000001,1.0,0.0,1.9538678400904397e-16,3.4264473243862496e-16,0.0,0.0
2027,0.72,1.0,0.0,0.0,0.0,0.0,0.0
2027,0.73,1.0,0.0,2.3322374576289356e-16,7.888523716897706e-16,6.500554353703128e-17,3.773362373428457e-17
2027,0.74,0.9999999999999997,3.850870123266962e-16,0.0,0.0,9.780562387003318e-17,0.0
2027,0.75,0.999999999999995,0.0,0.0,0.0,0.0,0.0
2027,0.76,1.0,0.0,1.2636884540086907e-16,0.0,1.221247868186514e-16,0.0
2027,0.77,1.0,9.348684177983898e-16,0.0,0.0,0.0,0.0
2027,0.78,0.999999999999997,3.8351635913260254e-15,0.0,0.0,0.0,0.0
2027,0.79,1.0,3.4681901626822226e-16,0.0,0.0,5.800086305427891e-17,0.0
2027,0.8,1.0,4.199712172264173e-16,0.0,0.0,8.079847283858771e-18,2.4773342014935973e-16
2027,0.81,0.9999999999998211,5.162951021254266e-16,0.0,1.555095783533508e-16,0.0,0.0
2027,0.8200000000000001,1.0,0.0,3.6558746684795494e-16,6.847109413742752e-16,1.5977286022526328e-16,0.0
2027,0.8300000000000001,0.999999999999998,2.8524821292172115e-15,0.0,0.0,8.030338208091757e-17,6.740222326128732e-17
2027,0.8400000000000001,1.0,4.24122102184437e-17,0.0,7.465748397099403e-18,0.0,2.7182981343285006e-17
2027,0.85,1.0,0.0,0.0,2.3482548506615145e-16,0.0,0.0
2027,0.86,0.9999999999999252,2.9491744548367126e-16,1.9923604472990308e-16,0.0,2.7400992800573192e-16,0.0
2027,0.87,1.0,0.0,7.983539637755957e-17,0.0,1.0221400684401818e-16,9.329602045885128e-17
2027,0.88,0.9999999999999997,0.0,4.84977283955186e-16,1.8837685597003375e-17,2.2266801331599465e-16,1.833354573158609e-16
2027,0.89,0.9999999999999991,6.4744403736927055e-16,1.2380861415588115e-16,3.265053668684367e-16,1.4336630735560697e-17,0.0
2027,0.9,1.0,0.0,2.978574418360802e-16,7.230900042143676e-16,1.0443280964935082e-16,0.0
2027,0.91,0.9999999999999988,1.5577528823069661e-15,0.0,0.0,0.0,3.978174940074547e-17
2027,0.92,0.9999999999998218,3.22648449285614e-16,8.992380176366322e-17,0.0,0.0,2.816646195895587e-16
2027,0.93,0.9999999999999999,2.0295205877744575e-16,1.2920598225769735e-16,0.0,0.0,1.9556720202680913e-17
2027,0.9400000000000001,0.999999999999998,2.9404672530967783e-15,0.0,0.0,5.4420596311667915e-17,0.0
2027,0.9500000000000001,1.0,0.0,1.3266695888017842e-16,1.5049657890340781e-16,2.1954755179652563e-16,1.6383734782266304e-17
2027,0.9600000000000001,1.0,0.0,0.0,0.0,5.697734117131968e-17,6.84646171271156e-17
2027,0.97,0.999999999999999,1.2831769880591176e-15,6.5052130349130266e-18,1.8071447929670498e-17,0.0,0.0
2027,0.98,1.0,5.386066518188546e-16,0.0,0.0,1.650532636184466e-16,2.4249409785411825e-16
2027,0.99,1.0,0.0,6.266773260260941e-18,5.97708799229997e-17,8.461732088128372e-17,1.2884514622216701e-16
2027,1.0,0.9999999999998216,0.0,8.172227724308873e-16,3.863640008316585e-16,3.0553027352951437e-16,3.674136659014285e-16
2028,0.01,0.1911585237079354,0.002165554077672015,0.21801334521182897,0.03426070705746089,0.19148027202949153,0.3629215979156111
2028,0.02,0.1911585237079354,0.002165554077672015,0.21801334521182897,0.03426070705746089,0.19148027202949153,0.3629215979156111
2028,0.03,1.0,5.900875296817188e-16,0.0,3.8057260594742916e-17,0.0,0.0
2028,0.04,1.0,0.0,0.0,0.0,0.0,0.0
2028,0.05,0.9999999999999988,6.69736695488973e-13,1.6963978820915102e-17,0.0,5.685646454462427e-17,0.0
2028,0.060000000000000005,0.9999999999991662,8.00990517605686e-16,0.0,6.718193679235833e-17,1.1107814211694666e-16,1.5652749650125028e-16
2028,0.06999999999999999,1.0,1.4577172935168278e-14,0.0,0.0,0.0,0.0
2028,0.08,0.999999999999627,0.0,2.7360555087940764e-13,9.491126252607958e-14,4.9188997262839505e-14,2.358170091287131e-13
2028,0.09,0.9999999999999988,1.564554786937162e-13,2.305635312714865e-15,1.1921069068029362e-16,2.3150917157945794e-16,7.366771969589448e-16
2028,0.09999999999999999,1.0,0.0,0.0,0.0,4.6161081707146026e-17,1.840550609192101e-17
2028,0.11,1.0,4.81563998505683e-15,0.0,0.0,0.0,0.0
2028,0.12,0.9999999999999996,3.376587253488445e-15,0.0,0.0,0.0,0.0
2028,0.13,1.0,0.0,0.0,1.700025613883829e-17,1.5447205815104646e-16,0.0
2028,0.14,1.0,0.0,2.512643249664648e-16,1.0956588964219781e-16,5.139320000403783e-17,0.0
2028,0.15000000000000002,1.0,0.0,1.667200550520536e-15,1.93731088707046e-15,5.170431835091862e-15,8.015435933934239e-15
2028,0.16,0.9999999999999746,6.181713999939427e-14,0.0,0.0,0.0,0.0
2028,0.17,0.9999999999999221,4.5025232493877425e-13,0.0,0.0,0.0,0.0
2028,0.18000000000000002,1.0,0.0,0.0,0.0,3.1452112100741406e-15,5.655145592125188e-15
2028,0.19,1.0,1.2693584654550382e-13,0.0,0.0,0.0,0.0
2028,0.2,0.9999999999999746,3.6739495892443037e-14,1.5278335610275761e-15,3.6943934917559387e-16,0.0,0.0
2028,0.21000000000000002,0.9999999999998961,1.5295876095602445e-13,7.59145613328494e-15,1.148712201748392e-15,0.0,0.0
2028,0.22,0.9999999999998802,1.708687703351789e-13,9.869645265582526e-15,0.0,0.0,0.0
2028,0.23,1.0,0.0,0.0,1.9751241319017863e-16,8.434552071400403e-15,1.8357803087599338e-14
2028,0.24000000000000002,0.999999999999997,1.2510948952038558e-14,1.9951022509957263e-15,0.0,0.0,0.0
2028,0.25,0.9999999999998679,1.9262995307539545e-13,1.3656968859564102e-14,0.0,0.0,0.0
2028,0.26,0.9999999999999999,0.0,2.129652391178729e-17,0.0,2.0873874628464948e-16,0.0
2028,0.27,1.0,0.0,3.048847121043735e-16,1.8783493686352576e-17,0.0,0.0
2028,0.28,0.9999999999998445,1.977243946201738e-13,1.1921404491628909e-14,0.0,0.0,0.0
2028,0.29000000000000004,1.0,4.7574310169592334e-14,0.0,0.0,5.591274607448383e-17,9.133452362141017e-17
2028,0.3,0.999999999999993,1.359282601908385e-14,5.494037807975052e-16,0.0,0.0,0.0
2028,0.31,0.9999999999999856,2.2608596005264155e-14,7.044027633320432e-16,0.0,0.0,0.0
2028,0.32,0.9999999999999999,1.5963477917240496e-16,8.169640903317245e-17,1.1182802301144934e-17,0.0,0.0
2028,0.33,1.0,0.0,9.023166701392204e-16,0.0,7.141093373911039e-16,2.8448287630222953e-15
2028,0.34,0.9999999999999942,7.418199355572336e-15,5.3145811726050193e-17,2.308113959291133e-16,0.0,0.0
2028,0.35000000000000003,1.0,0.0,0.0,5.791968941677543e-17,1.4942664923608354e-15,1.4118963498886174e-15
2028,0.36000000000000004,1.0,0.0,0.0,0.0,4.4246942602127756e-14,2.5376950294716107e-14
2028,0.37,1.0,1.862113630371551e-15,0.0,0.0,7.365407619412218e-15,1.829469645508336e-15
2028,0.38,1.0,0.0,2.296221616711683e-16,2.0919977379639347e-16,1.444546928906429e-16,1.432489414902264e-16
2028,0.39,1.0,0.0,0.0,0.0,5.097963084256573e-16,5.578326056556327e-17
2028,0.4,1.0,0.0,9.84377222069217e-16,0.0,1.8328670659927947e-16,2.523249739981885e-16
2028,0.41000000000000003,1.0,0.0,0.0,0.0,7.70673001045461e-15,3.412995255523841e-15
2028,0.42000000000000004,1.0,0.0,0.0,1.8702085134725006e-16,4.673178178790909e-16,2.0951317598687756e-16
2028,0.43,0.9999999999999964,0.0,4.275366691859536e-15,1.0555832841809856e-15,0.0,0.0
2028,0.44,0.9999999999999913,3.619857998365431e-14,2.1492412037305863e-14,4.211809228409675e-15,0.0,0.0
2028,0.45,0.9999999999999943,6.2414992794225304e-15,1.2568787326292397e-15,3.295078867014212e-16,0.0,0.0
2028,0.46,0.9999999999999973,1.5117782632706077e-15,1.2145749426280446e-15,5.422429642614173e-17,0.0,7.180721810348331e-17
2028,0.47000000000000003,0.9999999999999937,7.120780465044696e-15,2.84180866704886e-15,2.448374145026973e-16,0.0,0.0
2028,0.48000000000000004,0.9999999999999993,3.469257640089903e-15,0.0,1.7666481477588217e-16,1.1154026310976166e-16,0.0
2028,0.49,0.9999999999999996,9.236794181039653e-14,2.864238041718758e-15,1.1183432615356638e-16,0.0,0.0
2028,0.5,0.9999999999999974,3.782613455520132e-15,2.187966570887847e-16,7.042591912474836e-17,0.0,0.0
2028,0.51,1.0,0.0,0.0,2.1828462567216947e-17,7.191987348546813e-16,7.581614033954319e-16
2028,0.52,0.9999999999999987,1.098662507202793e-15,1.9468118438815745e-15,0.0,0.0,0.0
2028,0.53,0.9999999999999877,1.3110858766381996e-14,5.1672277212106354e-15,0.0,0.0,0.0
2028,0.54,0.9999999999999927,8.024806659429713e-15,2.299078023568061e-15,4.894685764827381e-17,0.0,0.0
2028,0.55,1.0,0.0,0.0,1.8043474666587424e-16,1.1440689788897807e-15,1.7974579124240128e-15
2028,0.56,0.9999999999999922,8.590927482474229e-15,4.1521665188688946e-15,0.0,0.0,0.0
2028,0.5700000000000001,1.0,3.3723697210539873e-14,0.0,1.2933963167749922e-17,5.634766543254159e-16,1.201038697876099e-15
2028,0.5800000000000001,0.999999999999999,5.827425740849608e-16,1.1657545046471485e-16,0.0,2.1487277696062915e-16,4.1893953109666156e-16
2028,0.59,0.9999999999999989,7.069891784364842e-16,0.0,1.3855299083064855e-16,6.208179756134625e-17,2.308111841708765e-16
2028,0.6,1.0,0.0,0.0,1.3664864900698407e-16,4.578204609580021e-16,1.0303327828642623e-15
2028,0.61,1.0,0.0,0.0,3.079877441270048e-16,6.016227267210223e-16,8.573083039374423e-16
2028,0.62,0.9999999999999971,3.00343123547269e-15,2.135169101461355e-15,0.0,0.0,0.0
2028,0.63,1.0,7.044684083854554e-16,0.0,2.935710316064998e-17,7.619152416594261e-16,8.551341821200773e-16
2028,0.64,0.9999999999999966,4.2359090664739014e-15,1.701120620168045e-15,0.0,0.0,0.0
2028,0.65,1.0,0.0,0.0,0.0,5.598793548935543e-16,5.681823953590146e-16
2028,0.66,1.0,0.0,0.0,0.0,5.085335940595379e-16,1.2762284591554354e-15
2028,0.67,0.9999999999999999,1.185430165977289e-16,0.0,4.7802135426656326e-17,0.0,0.0
2028,0.68,0.999999999999863,0.0,0.0,0.0,1.6315125405119872e-15,2.063919173315468e-15
2028,0.6900000000000001,1.0,0.0,0.0,1.3639850958974803e-16,2.237994454335054e-16,3.6814460637615647e-16
2028,0.7000000000000001,1.0,0.0,5.712326668811957e-17,0.0,2.474337822442685e-16,6.637835101047001e-16
2028,0.7100000000000001,1.0,0.0,0.0,3.5584605855893845e-16,8.891266730845764e-16,1.250671622252201e-15
2028,0.72,0.9999999999999996,5.570116189715065e-16,1.223313199209716e-15,0.0,0.0,0.0
2028,0.73,1.0,0.0,0.0,4.737732412585732e-16,5.911726033180602e-16,1.6914155681213114e-15
2028,0.74,0.999999999999998,2.732218273783678e-15,6.721934884797512e-16,0.0,0.0,0.0
2028,0.75,0.9999999999999999,0.0,0.0,0.0,5.3046390768577125e-17,5.775605613440988e-17
2028,0.76,1.0,5.636968162868606e-14,0.0,0.0,0.0,1.305947120842182e-16
2028,0.77,1.0,0.0,0.0,2.3802769312324633e-16,1.8427964097169833e-16,4.573550163534858e-16
2028,0.78,0.9999999999999997,0.0,1.8273084122764384e-16,4.1557130458190483e-17,0.0,2.520024662035214e-16
2028,0.79,0.9999999999999998,0.0,1.1557169274417347e-16,1.4996100530617387e-17,1.3161836936630395e-16,2.164528323445144e-16
2028,0.8,1.0,0.0,0.0,3.217835814971724e-17,0.0,1.9639305915038208e-16
2028,0.81,0.9999999999999938,7.3271352669295e-15,7.094811493673064e-16,0.0,0.0,0.0
2028,0.8200000000000001,0.9999999999999923,6.231179520087357e-14,2.156411310781267e-15,2.6027449747727466e-16,0.0,0.0
2028,0.8300000000000001,1.0,0.0,0.0,2.418270594081555e-16,4.187044794537985e-16,5.423674781046637e-16
2028,0.8400000000000001,1.0,0.0,0.0,0.0,3.494493716203924e-16,7.443911887719187e-16
2028,0.85,1.0,0.0,1.788679474716906e-16,1.3534231244408113e-16,1.9782666241360998e-16,6.061672702412785e-16
2028,0.86,0.999999999999999,1.036706494034114e-15,2.3304290422865477e-16,8.806178036129333e-18,0.0,0.0
2028,0.87,0.999999999999998,2.6330467392860377e-15,1.3057241721441503e-16,0.0,0.0,0.0
2028,0.88,1.0,0.0,0.0,0.0,8.15298857885418e-17,8.4717186065765e-16
2028,0.89,0.9999999999999941,7.521981220401722e-15,0.0,0.0,0.0,0.0
2028,0.9,0.9999999999999988,1.341059100097891e-13,9.125200872346813e-17,2.1325760481291008e-17,0.0,0.0
2028,0.91,1.0,0.0,3.265206132546921e-16,6.031975727282049e-17,4.0459799275022537e-16,6.766899628802506e-16
2028,0.92,0.9999999999999987,1.9340218581362714e-15,0.0,0.0,0.0,0.0
2028,0.93,0.9999999999999996,7.086506335625235e-16,0.0,0.0,4.041151839702904e-17,0.0
2028,0.9400000000000001,0.9999999999999969,4.3306389019542174e-15,0.0,0.0,0.0,0.0
2028,0.9500000000000001,0.999999999999996,5.324747685554439e-15,0.0,0.0,0.0,0.0
2028,0.9600000000000001,1.0,0.0,7.22032060063247e-17,1.9820570965750628e-19,0.0,1.3478411773184054e-16
2028,0.97,0.9999999999999999,5.420173072582548e-14,1.4300128168904815e-16,0.0,8.922957174546613e-17,1.931437237703567e-16
2028,0.98,0.9999999999999987,1.7458255368164692e-15,0.0,1.767605294989219e-16,0.0,0.0
2028,0.99,1.0,0.0,2.743654065604558e-16,5.002661289778623e-17,1.3506533267032897e-16,8.778056542280491e-17
2028,1.0,0.9999999999999984,5.491557778585444e-14,0.0,8.959957109395187e-17,0.0,0.0
2029,0.01,0.05490988402542543,0.22082403609468737,0.02882671180691238,0.11534517941243476,0.2665485347848333,0.31354565387570665
2029,0.02,0.9999999999999989,3.777423755128093e-14,0.0,2.292191067701506e-16,4.7181761095405733e-17,2.2059115349531694e-16
2029,0.03,1.0,0.0,0.0,0.0,0.0,0.0
2029,0.04,1.0,0.0,0.0,1.5177986234209282e-16,0.0,0.0
2029,0.05,1.0,0.0,0.0,0.0,0.0,0.0
2029,0.060000000000000005,1.0,3.2936204843428816e-13,1.959234997359087e-17,0.0,0.0,3.347013767800775e-17
2029,0.06999999999999999,1.0,0.0,0.0,0.0,0.0,0.0
2029,0.08,1.0,0.0,0.0,0.0,0.0,0.0
2029,0.09,1.0,0.0,0.0,0.0,0.0,0.0
2029,0.09999999999999999,0.9999999999999997,0.0,0.0,6.365269607725708e-17,1.2683768154081252e-16,0.0
2029,0.11,1.0,0.0,0.0,0.0,0.0,0.0
2029,0.12,0.999999999996424,5.234146449595301e-13,2.4168861356699267e-13,9.86620507514857e-13,8.650302696366907e-13,9.639858356003117e-13
2029,0.13,0.9999999999999787,1.5636378167399218e-14,7.771480741747923e-16,1.7546503694241183e-15,1.9817867229742596e-15,1.5221807892527496e-15
2029,0.14,1.0,4.578004642041833e-13,0.0,0.0,0.0,0.0
2029,0.15000000000000002,1.0,2.7700064464397656e-14,0.0,0.0,0.0,0.0
2029,0.16,1.0,1.1790568521519162e-13,0.0,0.0,0.0,0.0
2029,0.17,1.0,1.9428805786425584e-14,9.006773983718906e-18,2.678797958442965e-17,9.317468629653327e-17,1.1097086420063965e-16
2029,0.18000000000000002,1.0,0.0,3.88077694790717e-17,0.0,8.168812949969366e-17,0.0
2029,0.19,1.0,0.0,0.0,9.12946154954653e-15,5.232601955483499e-15,1.4017246150313549e-14
2029,0.2,0.999999999999896,0.0,8.850516695400493e-17,0.0,2.015915290631211e-16,0.0
2029,0.21000000000000002,1.0,3.6637359812630166e-14,0.0,0.0,0.0,0.0
2029,0.22,1.0,2.0095036745715333e-14,0.0,0.0,0.0,0.0
2029,0.23,0.9999999999999929,0.0,2.761679773755077e-15,1.0321604682062002e-14,1.6202317265623378e-14,1.7544993236029427e-14
2029,0.24000000000000002,1.0,2.170486013142181e-14,0.0,0.0,0.0,0.0
2029,0.25,1.0,2.4924506902834764e-14,0.0,0.0,0.0,0.0
2029,0.26,1.0,3.885780586188048e-15,2.0816681711721685e-17,0.0,0.0,0.0
2029,0.27,0.9999999999944013,6.140993392867198e-12,0.0,0.0,0.0,0.0
2029,0.28,1.0,7.986998965185779e-17,2.4774879411630968e-17,1.7118660697817063e-16,0.0,0.0
2029,0.29000000000000004,1.0,0.0,0.0,0.0,8.868219375674289e-14,1.6824880888727528e-13
2029,0.3,1.0,0.0,0.0,0.0,8.289571498104457e-14,1.2011218571399834e-13
2029,0.31,0.9999999999984999,1.623822584675852e-12,0.0,1.557999707707796e-14,0.0,0.0
2029,0.32,1.0,0.0,0.0,0.0,4.6170488655487985e-18,1.1184209624395425e-16
2029,0.33,0.9999999999986898,1.4188511282013845e-12,7.050960597993709e-16,2.9570999308622427e-14,0.0,0.0
2029,0.34,0.9999999999999305,3.4125127442187337e-16,0.0,1.428495173110994e-16,6.720355106053843e-17,0.0
2029,0.35000000000000003,0.9999999999999352,0.0,1.184338984726879e-16,2.315231145617125e-16,5.373785585802858e-17,0.0
2029,0.36000000000000004,0.9999999999992114,8.14974157647736e-13,8.637831439006339e-15,1.0720210153537383e-13,0.0,0.0
2029,0.37,0.9999999999999998,2.9784569995558623e-16,2.3473626474489602e-17,0.0,1.3643143034415188e-16,0.0
2029,0.38,1.0,1.1416353154033495e-17,1.6280972661353376e-16,0.0,5.791656709430638e-17,7.401000713159662e-17
2029,0.39,1.0,1.7259770767946219e-13,0.0,0.0,0.0,4.300893172074395e-17
2029,0.4,0.9999999999998493,1.747356483223578e-13,0.0,1.0392888645562319e-14,0.0,0.0
2029,0.41000000000000003,0.9999999999999997,4.974076723420767e-17,2.724540585945512e-17,7.110389416502939e-17,9.444433935224503e-17,1.465574503210453e-16
2029,0.42000000000000004,0.9999999999999654,4.117559314918749e-14,0.0,2.7514649799276637e-15,0.0,0.0
2029,0.43,0.9999999999999661,4.0106614488104753e-14,0.0,2.819508777706937e-15,0.0,0.0
2029,0.44,0.9999999999999898,1.2687313970090672e-14,0.0,1.3784055141871296e-15,0.0,0.0
2029,0.45,0.9999999999999946,7.091363699000824e-15,0.0,1.2594922263182133e-15,0.0,0.0
2029,0.46,1.0,9.43689570931383e-16,0.0,7.771561172376096e-16,0.0,0.0
2029,0.47000000000000003,1.0,0.0,0.0,2.185751579730777e-16,0.0,4.163336342344337e-17
2029,0.48000000000000004,0.9999999999999998,0.0,3.8163916471489756e-16,0.0,1.3808398868775384e-15,1.1136924715771102e-15
2029,0.49,0.9999999999995351,0.0,0.0,1.942890293094024e-16,1.6306400674181987e-16,4.440892098500626e-16
2029,0.5,1.0,0.0,3.8510861166685117e-16,0.0,2.1024848528838902e-15,2.022687572988957e-15
2029,0.51,0.9999999999999992,2.3314683517128287e-15,0.0,2.220446049250313e-16,0.0,0.0
2029,0.52,1.0,1.2717604747081168e-13,0.0,4.579669976578771e-16,0.0,0.0
2029,0.53,1.0,0.0,2.220446049250313e-16,0.0,1.0408340855860843e-15,1.4432899320127035e-15
2029,0.54,1.0,2.220446049250313e-15,5.898059818321144e-16,0.0,2.886579864025407e-15,4.0592529337857286e-15
2029,0.55,0.9999999999999991,7.216449660063518e-16,5.238864897449957e-16,2.0816681711721685e-17,4.163336342344337e-17,0.0
2029,0.56,1.0,0.0,0.0,0.0,0.0,0.0
2029,0.5700000000000001,0.9999999999999984,3.608224830031759e-15,0.0,4.163336342344337e-17,0.0,0.0
2029,0.5800000000000001,1.0,0.0,4.996003610813204e-16,0.0,5.863365348801608e-16,7.355227538141662e-16
2029,0.59,0.9999999999999998,0.0,1.1449174941446927e-16,1.8041124150158794e-16,1.6306400674181987e-16,8.673617379884035e-16
2029,0.6,1.0,0.0,0.0,0.0,4.163336342344337e-17,6.175615574477433e-16
2029,0.61,0.9999999999999993,0.0,0.0,0.0,0.0,3.608224830031759e-16
2029,0.62,1.0,0.0,2.636779683484747e-16,1.6653345369377348e-16,1.096345236817342e-15,1.3877787807814457e-15
2029,0.63,1.0,0.0,4.85722573273506e-16,6.245004513516506e-16,4.163336342344337e-16,5.967448757360216e-16
2029,0.64,0.9999999999999984,4.052314039881821e-15,1.1102230246251565e-16,0.0,0.0,0.0
2029,0.65,1.0,0.0,0.0,0.0,0.0,0.0
2029,0.66,1.0,0.0,0.0,1.8041124150158794e-16,6.938893903907228e-16,8.881784197001252e-16
2029,0.67,1.0,0.0,6.245004513516506e-16,5.134781488891349e-16,9.298117831235686e-16,1.2628786905111156e-15
2029,0.68,0.9999999999999998,0.0,1.3877787807814457e-17,2.498001805406602e-16,1.5265566588595902e-16,1.8041124150158794e-16
2029,0.6900000000000001,0.999999999999998,3.1086244689504383e-15,2.498001805406602e-16,0.0,0.0,0.0
2029,0.7000000000000001,1.0,0.0,2.0816681711721685e-16,4.753142324176451e-16,5.48172618408671e-16,4.145989107584569e-16
2029,0.7100000000000001,1.0,4.996003610813204e-16,0.0,0.0,0.0,0.0
2029,0.72,1.0,0.0,1.1102230246251565e-16,2.220446049250313e-16,5.48172618408671e-16,5.828670879282072e-16
2029,0.73,1.0,8.326672684688674e-16,0.0,0.0,0.0,0.0
2029,0.74,1.0,0.0,3.0531133177191805e-16,4.0245584642661925e-16,4.579669976578771e-16,4.718447854656915e-16
2029,0.75,0.9999999999999997,1.4988010832439613e-15,0.0,0.0,0.0,0.0
2029,0.76,1.0,0.0,0.0,8.326672684688674e-17,1.5265566588595902e-16,4.163336342344337e-17
2029,0.77,1.0,4.996003610813204e-16,0.0,0.0,0.0,0.0
2029,0.78,1.0,0.0,0.0,2.220446049250313e-16,5.828670879282072e-16,4.0245584642661925e-16
2029,0.79,1.0,0.0,0.0,0.0,3.400058012914542e-16,2.3418766925686896e-16
2029,0.8,1.0,0.0,2.220446049250313e-16,1.8041124150158794e-16,8.326672684688674e-17,0.0
2029,0.81,1.0,3.3306690738754696e-16,0.0,0.0,0.0,9.71445146547012e-17
2029,0.8200000000000001,0.9999999999999996,1.0547118733938987e-15,0.0,0.0,0.0,0.0
2029,0.8300000000000001,0.9999999999999988,1.9984014443252818e-15,0.0,0.0,0.0,0.0
2029,0.8400000000000001,0.9999999999999996,8.881784197001252e-16,2.7755575615628914e-17,0.0,0.0,0.0
2029,0.85,1.0,0.0,1.5265566588595902e-16,0.0,0.0,0.0
2029,0.86,1.0,0.0,1.6653345369377348e-16,8.326672684688674e-17,2.7755575615628914e-16,2.914335439641036e-16
2029,0.87,1.0,0.0,2.723515857283587e-16,2.0469737016526324e-16,3.226585665316861e-16,6.765421556309548e-17
2029,0.88,0.9999999999999996,9.43689570931383e-16,0.0,0.0,0.0,0.0
2029,0.89,1.0,0.0,0.0,1.249000902703301e-16,1.942890293094024e-16,1.6653345369377348e-16
2029,0.9,0.9999999999999998,0.0,6.938893903907228e-17,3.8163916471489756e-17,0.0,1.5265566588595902e-16
2029,0.91,1.0,0.0,0.0,3.2597851216844935e-16,2.556794362275523e-16,4.786134257472006e-16
2029,0.92,0.9999999999999969,3.84567375655192e-13,0.0,0.0,2.86433752287947e-17,0.0
2029,0.93,0.9999999999999998,6.773070338300528e-14,1.4305539497876667e-16,0.0,4.6676854818716584e-17,0.0
2029,0.9400000000000001,1.0,0.0,3.730900611782599e-16,2.629330028713645e-16,4.899535028450412e-17,2.0445215412703312e-16
2029,0.9500000000000001,0.999999999999999,6.240381424854389e-16,1.0106601803446294e-16,9.278300929849928e-17,0.0,1.7076715364827652e-16
2029,0.9600000000000001,1.0,0.0,0.0,3.031607151188394e-16,1.9417298579562856e-16,4.1026337261793576e-16
2029,0.97,0.999999999999446,1.0059073685659616e-16,1.164634933265646e-16,0.0,0.0,8.823404341219449e-17
2029,0.98,0.9999999999994482,8.286225670317199e-16,0.0,0.0,0.0,0.0
2029,0.99,1.0,6.708187540063575e-16,0.0,0.0,1.225195041720719e-16,0.0
2029,1.0,1.0,0.0,1.4480832914612156e-16,1.174046957200768e-16,1.0441502195745848e-16,1.4794658621569874e-16
2030,0.01,1.0,0.0,3.4681103987517684e-14,6.522162444854103e-13,5.240204055236757e-14,6.00816616361157e-14
2030,0.02,1.0,0.0,0.0,0.0,1.081825186277272e-17,7.664536441908147e-18
2030,0.03,0.9999999999999999,1.6618800121089647e-13,0.0,0.0,1.4604855957996898e-16,2.0757109353077747e-17
2030,0.04,1.0,0.0,0.0,0.0,0.0,0.0
2030,0.05,0.9999999999992063,2.6307255154942467e-18,1.1228043755676391e-17,0.0,3.1833683238122727e-16,1.6800911081934358e-16
2030,0.060000000000000005,1.0,0.0,0.0,0.0,0.0,0.0
2030,0.06999999999999999,1.0,0.0,0.0,0.0,0.0,0.0
2030,0.08,1.0,0.0,0.0,0.0,0.0,0.0
2030,0.09,0.9999999999999997,0.0,0.0,0.0,7.527230010089267e-17,1.0499319797349007e-16
2030,0.09999999999999999,0.9999999999999907,0.0,5.894693547956462e-16,1.1461872969987206e-14,2.559993257739423e-16,4.405705424513859e-15
2030,0.11,0.9999999999998,5.371176658357661e-13,0.0,0.0,0.0,0.0
2030,0.12,0.9999999999995202,3.4750179194941593e-15,6.396837790440405e-17,0.0,3.711447366911465e-17,0.0
2030,0.13,1.0,1.3298621682971541e-13,0.0,0.0,0.0,0.0
2030,0.14,0.9999999999996345,6.122424949414517e-16,0.0,0.0,4.7321947723588614e-17,0.0
2030,0.15000000000000002,1.0,0.0,6.222808015133707e-16,4.0783679263064164e-15,1.2118280147800989e-15,3.908707650487854e-15
2030,0.16,0.9999999999998651,1.950947938585544e-13,0.0,0.0,0.0,0.0
2030,0.17,0.999999999999916,7.422667685876276e-15,0.0,0.0,0.0,0.0
2030,0.18000000000000002,1.0,0.0,2.8906354577768606e-16,3.241196983656998e-16,0.0,0.0
2030,0.19,1.0,5.412952944528883e-17,0.0,1.4385388824389332e-16,0.0,0.0
2030,0.2,1.0,0.0,4.672797013964645e-16,8.212670520317718e-16,7.334763222135998e-16,2.9223678530798484e-15
2030,0.21000000000000002,1.0,0.0,2.3296624774692826e-16,4.483862079914837e-16,3.7287237371081555e-16,1.1994130528721926e-15
2030,0.22,0.9999999999999943,8.569980781205104e-15,0.0,0.0,0.0,0.0
2030,0.23,1.0,0.0,0.0,1.297497774098346e-16,2.0517806136283005e-16,5.641256369372585e-16
2030,0.24000000000000002,1.0,0.0,2.4038159768366603e-16,0.0,6.914922871499932e-17,1.0122043719688889e-19
2030,0.25,0.9999999999999999,0.0,4.484636318900235e-17,6.674009371866976e-16,0.0,7.068997668297121e-17
2030,0.26,1.0,0.0,7.207975095426238e-16,4.914294577556318e-16,1.3227262269158418e-15,6.1430992501817615e-15
2030,0.27,1.0,2.796883113049763e-13,0.0,3.711090242021753e-18,0.0,2.7639499143877543e-16
2030,0.28,1.0,4.025397026883974e-16,0.0,1.2062553850201128e-16,0.0,0.0
2030,0.29000000000000004,1.0,4.704675755964121e-14,0.0,0.0,0.0,0.0
2030,0.3,0.9999999999999847,2.0522477946503586e-14,0.0,3.6620071870176706e-16,0.0,0.0
2030,0.31,1.0,0.0,0.0,0.0,1.8752949463207626e-16,3.026299854499135e-15
2030,0.32,0.9999999999999879,1.466535205414969e-14,0.0,6.488424841898446e-16,0.0,0.0
2030,0.33,1.0,0.0,0.0,4.382971985567377e-18,4.600540868399117e-16,1.6100139681196092e-15
2030,0.34,1.0,0.0,1.904642520360756e-16,0.0,5.991510845809343e-16,3.865882935224097e-15
2030,0.35000000000000003,0.9999999999999927,8.519460771615542e-15,3.1397838464646086e-16,0.0,0.0,0.0
2030,0.36000000000000004,0.9999999999999793,2.4063035008445094e-14,0.0,2.5832626595695624e-15,0.0,0.0
2030,0.37,0.9999999999998959,2.349145389173086e-16,5.33152993145776e-17,2.940836471160251e-16,0.0,0.0
2030,0.38,1.0,0.0,0.0,0.0,1.1228230632320379e-15,3.726049442335437e-15
2030,0.39,0.9999999999999992,4.454477448183401e-16,0.0,1.6944107427972516e-15,0.0,0.0
2030,0.4,1.0,0.0,8.659874270314834e-17,7.782845768815891e-17,4.844456711055201e-17,8.011951240389234e-16
2030,0.41000000000000003,1.0,0.0,4.505855290390295e-17,0.0,1.9268485478642116e-16,6.596152609712616e-16
2030,0.42000000000000004,0.9999999999999927,8.950048223346812e-15,0.0,0.0,0.0,0.0
2030,0.43,0.9999999999999952,5.393492244278888e-15,0.0,6.610779809920514e-17,1.514900426714187e-16,0.0
2030,0.44,1.0,0.0,2.2427486914493148e-17,1.9854427137350178e-16,0.0,0.0
2030,0.45,1.0,0.0,0.0,0.0,1.0588716521978646e-16,1.7136662369080652e-16
2030,0.46,1.0,0.0,4.357688052091836e-17,0.0,1.8671316662915993e-16,4.0664103621900274e-16
2030,0.47000000000000003,0.9999999999999996,0.0,1.121968775807414e-16,1.8479102630855636e-16,5.5455125823080516e-17,4.494676326982674e-17
2030,0.48000000000000004,1.0,0.0,0.0,0.0,1.832060267110535e-16,3.209285017369192e-16
2030,0.49,0.9999999999999972,3.339941120032589e-15,0.0,3.3253158256488224e-16,0.0,0.0
2030,0.5,1.0,5.539235486040541e-16,0.0,0.0,0.0,0.0
2030,0.51,0.9999999999999992,5.153801602865199e-16,0.0,4.3749843521714106e-17,1.429371676047781e-16,5.2620528152238833e-17
2030,0.52,0.9999999999999994,3.458122121448824e-16,0.0,5.162627697032334e-16,0.0,0.0
2030,0.53,1.0,0.0,1.3485404199735664e-16,0.0,0.0,7.082417040054084e-16
2030,0.54,1.0,0.0,0.0,2.28482055324164e-16,0.0,0.0
2030,0.55,1.0,0.0,1.2976968268409508e-16,0.0,1.2049975410934402e-16,2.37227246988091e-16
2030,0.56,1.0,0.0,0.0,3.3304954321212825e-16,0.0,3.5882263821470847e-16
2030,0.5700000000000001,0.9999999999999988,1.1148122491333803e-15,3.532593258171422e-17,2.1169894450726728e-16,1.203887927932537e-17,0.0
2030,0.5800000000000001,1.0,5.674154774049043e-14,1.4669034341342398e-16,0.0,0.0,0.0
2030,0.59,1.0,0.0,0.0,2.212951655381806e-15,0.0,1.6118883999195044e-16
2030,0.6,1.0,0.0,0.0,4.0062117306286643e-16,0.0,0.0
2030,0.61,0.9999999999999933,7.64966466093673e-15,2.0911210588635265e-16,0.0,0.0,0.0
2030,0.62,1.0,0.0,9.441312063827379e-17,1.8408010608619403e-16,2.3273066712206346e-18,5.626728395683018e-17
2030,0.63,0.9999999999999979,2.5691004804497073e-15,0.0,2.442355975936731e-16,0.0,0.0
2030,0.64,0.9999999999999978,2.4211445768715888e-15,0.0,0.0,2.284024342271221e-17,0.0
2030,0.65,0.9999999999999999,0.0,1.5525668486411465e-16,9.695633693832773e-16,1.6683147570153807e-16,2.6658990218501245e-16
2030,0.66,0.9999999999999997,0.0,0.0,1.0120890254581787e-15,2.1203347919784815e-16,1.9066079170058185e-16
2030,0.67,1.0,0.0,4.3374439646524585e-17,1.4732952271362398e-16,0.0,9.793818452627848e-17
2030,0.68,0.9999999999999977,3.268756894661811e-15,0.0,0.0,1.688674529799327e-16,0.0
2030,0.6900000000000001,1.0,0.0,1.7241990916071724e-16,7.586645409661009e-16,2.5356354792531108e-17,0.0
2030,0.7000000000000001,0.9999999999999991,5.711903223124311e-14,8.16678817581193e-17,3.5523343414747036e-16,1.406151800797124e-16,0.0
2030,0.7100000000000001,0.9999999999999112,2.6186641396939944e-15,4.206648425755866e-16,3.659624968245829e-16,1.3959228729345841e-16,2.748319532021925e-16
2030,0.72,0.9999999999999989,1.5029744145750833e-15,1.7481150668728976e-16,0.0,9.452294768294914e-17,0.0
2030,0.73,0.9999999999999991,9.203428018062128e-16,0.0,3.693444814855014e-17,1.4271276963461442e-16,0.0
2030,0.74,0.999999999999997,3.303515315168865e-15,0.0,0.0,2.0962794895123052e-17,0.0
2030,0.75,1.0,0.0,0.0,0.0,7.060804154816569e-17,2.0497707777388044e-16
2030,0.76,1.0,0.0,0.0,0.0,1.9961220786642205e-16,6.61477674664037e-17
2030,0.77,1.0,1.3547724198016465e-15,0.0,0.0,0.0,0.0
2030,0.78,0.9999999999997955,9.57259115880989e-16,1.9508403722316866e-16,0.0,3.815034941697418e-17,0.0
2030,0.79,1.0,0.0,0.0,5.876083548504631e-16,0.0,4.990929883459151e-17
2030,0.8,1.0,0.0,8.375715892334698e-17,1.0341594659617204e-16,1.0934814184226753e-16,4.468014093471709e-17
2030,0.81,0.9999999999999994,3.1894518158724757e-16,0.0,1.3027387522023787e-16,3.245254169110745e-17,1.5545355250573378e-16
2030,0.8200000000000001,0.9999999999999998,9.964066714895593e-16,4.649217188356249e-17,0.0,1.2651140005327523e-16,0.0
2030,0.8300000000000001,1.0,0.0,1.8155685356274938e-16,0.0,0.0,4.8452402165314115e-17
2030,0.8400000000000001,1.0,0.0,1.0044582556662483e-16,3.2057994767912407e-16,7.893245925578649e-17,7.114356778930957e-17
2030,0.85,1.0,0.0,3.905676376305813e-16,1.5923965675897825e-16,1.5025639543202447e-16,5.502008579811219e-16
2030,0.86,0.9999999999999996,5.22673115048054e-16,2.459482982130213e-16,0.0,0.0,7.366052619207572e-17
2030,0.87,1.0,0.0,5.555138529625241e-17,0.0,0.0,1.3240395515005596e-16
2030,0.88,0.999999999999999,1.4920650537309215e-15,0.0,0.0,0.0,0.0
2030,0.89,1.0,5.774208036581774e-14,2.0131283789145565e-16,0.0,0.0,0.0
2030,0.9,0.9999999999997929,0.0,0.0,1.280958727367279e-16,0.0,6.643719822381489e-16
2030,0.91,1.0,5.814192759778363e-14,1.6484740585481281e-16,0.0,0.0,0.0
2030,0.92,1.0,0.0,1.616918133672679e-16,0.0,1.0095573940087192e-16,4.7175923513801885e-17
2030,0.93,1.0,0.0,0.0,3.5070933312943316e-16,0.0,0.0
2030,0.9400000000000001,0.999999999999998,2.0173029845432615e-15,1.6218224544372814e-16,0.0,0.0,1.1855454294597452e-16
2030,0.9500000000000001,0.9999999999999998,5.19805661194595e-16,0.0,0.0,0.0,1.37067822368805e-16
2030,0.9600000000000001,0.9999999999999993,5.908381242212543e-14,0.0,0.0,4.01561859399074e-18,0.0
2030,0.97,1.0,0.0,3.332619780826829e-17,6.419129953295021e-16,0.0,0.0
2030,0.98,1.0,0.0,0.0,4.111188758946626e-16,0.0,3.3398509110237062e-18
2030,0.99,0.9999999999999998,4.938850062697221e-16,0.0,0.0,0.0,0.0
2030,1.0,0.9999999999999988,1.2817175502909985e-15,8.508403603522084e-17,0.0,0.0,2.408991348144384e-16
2031,0.01,1.0,0.0,0.0,0.0,0.0,0.0
2031,0.02,1.0,0.0,0.0,0.0,0.0,0.0
2031,0.03,1.0,0.0,0.0,0.0,0.0,0.0
2031,0.04,1.0,0.0,0.0,0.0,0.0,0.0
2031,0.05,1.0,0.0,0.0,0.0,0.0,0.0
2031,0.060000000000000005,1.0,0.0,0.0,0.0,0.0,0.0
2031,0.06999999999999999,1.0,0.0,0.0,0.0,0.0,0.0
2031,0.08,1.0,0.0,0.0,0.0,0.0,0.0
2031,0.09,1.0,0.0,0.0,0.0,0.0,0.0
2031,0.09999999999999999,1.0,0.0,0.0,0.0,0.0,0.0
2031,0.11,1.0,6.310981061481743e-16,0.0,0.0,0.0,1.1288423410054198e-16
2031,0.12,1.0,0.0,0.0,0.0,0.0,0.0
2031,0.13,0.9999999999990545,5.045408535409024e-13,2.0078383400345956e-13,4.391625951782885e-14,1.2814055372345479e-13,6.82509604388315e-14
2031,0.14,0.9999999999998264,9.098277686803158e-14,3.172462292866385e-14,1.0241807402167069e-14,2.55351295663786e-14,1.5154544286133387e-14
2031,0.15000000000000002,0.9999999999989391,5.534461777756405e-13,2.3908652835302746e-13,4.110600748674642e-14,1.4047096819069793e-13,8.662515149637784e-14
2031,0.16,0.9999999999996859,1.8407497748285095e-13,5.834221994405198e-14,9.43689570931383e-15,3.8163916471489756e-14,2.353672812205332e-14
2031,0.17,0.9999999999989676,5.541678227416469e-13,2.277206201384274e-13,3.5263458819656535e-14,1.392011506062829e-13,7.616129948928574e-14
2031,0.18000000000000002,1.0,0.0,0.0,0.0,0.0,0.0
2031,0.19,0.9999999999998044,9.342526752220692e-14,4.568567746332519e-14,9.534040223968532e-15,3.029521078445896e-14,1.687538997430238e-14
2031,0.2,0.999999999999454,3.007594173709549e-13,1.1622647289044608e-13,2.0011770018868447e-14,6.983302824892235e-14,3.8941072588727366e-14
2031,0.21000000000000002,0.9999999999997249,1.6353585152728556e-13,5.319356066735281e-14,9.631184738623233e-15,3.247402347028583e-14,1.6209256159527285e-14
2031,0.22,0.9999999999992868,4.1244785364824565e-13,1.4017953464673383e-13,2.516042929556761e-14,8.797129691373584e-14,4.717060075876134e-14
2031,0.23,0.9999999999996143,2.2498669594028797e-13,7.541189894766376e-14,1.2559397966072083e-14,4.822531263215524e-14,2.438327317833e-14
2031,0.24000000000000002,1.0,0.0,0.0,0.0,0.0,0.0
2031,0.25,1.0,0.0,4.7974201167064045e-15,7.41893397785382e-16,2.916456372026029e-15,1.1544526775699045e-15
2031,0.26,0.9999999999999342,6.987914961641682e-14,1.5097261141976473e-15,0.0,0.0,0.0
2031,0.27,0.9999999999981032,2.2231460762486946e-12,0.0,0.0,0.0,0.0
2031,0.28,1.0,0.0,0.0,0.0,8.535257268275662e-17,0.0
2031,0.29000000000000004,1.0,0.0,0.0,0.0,0.0,0.0
2031,0.3,0.9999999999999711,3.9968028886505635e-15,7.830541770559307e-15,1.5352302762394743e-15,5.9223459469848194e-15,2.9906632725840154e-15
2031,0.31,1.0,1.4432899320127035e-15,0.0,0.0,0.0,0.0
2031,0.32,0.9999999999999866,8.382183835919932e-15,2.9351521213527576e-15,7.632783294297951e-17,3.684552662974738e-15,1.6930901125533637e-15
2031,0.33,1.0,0.0,0.0,0.0,1.27675647831893e-15,5.273559366969494e-16
2031,0.34,0.9999999999999984,7.216449660063518e-16,0.0,2.7929047963226594e-16,3.7470027081099033e-16,1.5612511283791264e-16
2031,0.35000000000000003,1.0,0.0,2.0816681711721685e-16,0.0,2.914335439641036e-16,0.0
2031,0.36000000000000004,0.9999999999999902,3.6637359812630166e-15,2.867497905789662e-15,6.730727086790012e-16,2.0729945537922845e-15,8.396061623727746e-16
2031,0.37,0.9999999999999966,0.0,7.632783294297951e-16,6.245004513516506e-16,1.817990202823694e-15,4.996003610813204e-16
2031,0.38,0.999999999999996,2.9976021664879227e-15,7.962380754733545e-16,0.0,3.469446951953614e-16,1.3877787807814457e-17
2031,0.39,0.999999999999982,6.661338147750939e-15,3.816391647148976e-15,1.2906342661267445e-15,4.385380947269368e-15,1.4016565685892601e-15
2031,0.4,1.0,0.0,0.0,1.6653345369377348e-16,0.0,3.469446951953614e-16
2031,0.41000000000000003,0.9999999999999951,9.992007221626409e-16,1.1466522176206695e-15,4.579669976578771e-16,1.106753577673203e-15,9.992007221626409e-16
2031,0.42000000000000004,1.0,0.0,0.0,0.0,0.0,0.0
2031,0.43,0.9999999999999764,5.88418203051333e-15,6.472253288869467e-15,2.3592239273284576e-15,5.620504062164855e-15,3.247402347028583e-15
2031,0.44,1.0,1.1102230246251565e-15,0.0,0.0,0.0,0.0
2031,0.45,1.0,0.0,0.0,3.469446951953614e-16,0.0,0.0
2031,0.46,1.0,0.0,0.0,0.0,0.0,0.0
2031,0.47000000000000003,0.9999999999999948,2.3869795029440866e-15,1.3444106938820255e-15,2.671474153004283e-16,1.096345236817342e-15,1.231653667943533e-16
2031,0.48000000000000004,0.9999999999999981,0.0,1.3322676295501878e-15,7.494005416219807e-16,4.978656376053436e-16,5.082739784612045e-16
2031,0.49,0.9999999999999856,4.884981308350689e-15,3.910066714851723e-15,7.407269242420966e-16,3.8181263706249524e-15,1.3062467774105357e-15
2031,0.5,0.9999999999999898,2.9976021664879227e-15,2.6645352591003757e-15,9.020562075079397e-16,2.789435349370706e-15,7.077671781985373e-16
2031,0.51,1.0,0.0,0.0,0.0,0.0,0.0
2031,0.52,1.0,0.0,0.0,0.0,0.0,0.0
2031,0.53,0.9999999999999939,3.83026943495679e-15,5.84601811404184e-16,1.6132928326584306e-16,9.298117831235686e-16,5.828670879282072e-16
2031,0.54,1.0,7.216449660063518e-16,0.0,0.0,0.0,0.0
2031,0.55,0.9999999999999973,1.27675647831893e-15,6.106226635438361e-16,1.5265566588595902e-16,3.608224830031759e-16,5.412337245047638e-16
2031,0.56,0.9999999999999936,0.0,2.9559688030644793e-15,1.4224732503009818e-15,2.0816681711721685e-15,4.85722573273506e-16
2031,0.5700000000000001,0.99999999999999,5.662137425588298e-15,2.499736528882579e-15,5.759281940243e-16,1.2490009027033011e-15,0.0
2031,0.5800000000000001,0.9999999999999963,1.609823385706477e-15,8.465450562766819e-16,4.3021142204224816e-16,7.355227538141662e-16,0.0
2031,0.59,0.9999999999999973,1.2212453270876722e-15,1.0113437864944785e-15,4.85722573273506e-16,2.8102520310824275e-16,5.377642775528102e-17
2031,0.6,0.9999999999999942,1.7208456881689926e-15,1.6930901125533637e-15,7.771561172376096e-16,1.0130785099704553e-15,6.522560269672795e-16
2031,0.61,1.0,0.0,0.0,4.718447854656915e-16,0.0,1.1102230246251565e-16
2031,0.62,0.999999999999999,5.551115123125783e-17,4.163336342344337e-16,2.914335439641036e-16,0.0,1.3877787807814457e-16
2031,0.63,0.9999999999999996,0.0,5.811323644522304e-16,5.551115123125783e-17,3.3306690738754696e-16,2.0816681711721685e-16
2031,0.64,0.9999999999999957,1.2212453270876722e-15,1.5126788710517758e-15,8.743006318923108e-16,9.71445146547012e-17,5.273559366969494e-16
2031,0.65,1.0,3.3306690738754696e-16,0.0,0.0,0.0,0.0
2031,0.66,1.0,0.0,0.0,0.0,0.0,5.568462357885551e-16
2031,0.67,0.9999999999999962,1.4432899320127035e-15,1.2906342661267445e-15,1.1102230246251565e-16,7.632783294297951e-16,1.3877787807814457e-17
2031,0.68,0.999999999999997,0.0,1.970645868709653e-15,4.3021142204224816e-16,4.440892098500626e-16,2.7929047963226594e-16
2031,0.6900000000000001,1.0,0.0,0.0,0.0,0.0,2.636779683484747e-16
2031,0.7000000000000001,0.9999999999999996,8.326672684688674e-16,0.0,0.0,0.0,5.342948306008566e-16
2031,0.7100000000000001,0.9999999999999982,2.6645352591003757e-15,0.0,0.0,0.0,0.0
2031,0.72,1.0,0.0,0.0,0.0,0.0,2.949029909160572e-17
2031,0.73,1.0,0.0,0.0,0.0,0.0,3.0531133177191805e-16
2031,0.74,1.0,0.0,0.0,0.0,0.0,5.828670879282072e-16
2031,0.75,1.0,3.3306690738754696e-16,0.0,5.551115123125783e-17,0.0,0.0
2031,0.76,1.0,0.0,0.0,0.0,8.500145032286355e-17,3.642919299551295e-17
2031,0.77,0.9999999999999998,0.0,6.019490461639521e-16,6.938893903907228e-17,0.0,0.0
2031,0.78,1.0,0.0,5.134781488891349e-16,5.2562121322097255e-16,4.579669976578771e-16,4.163336342344337e-17
2031,0.79,1.0,0.0,0.0,0.0,1.3877787807814457e-16,3.660266534311063e-16
2031,0.8,0.9999999999999996,0.0,4.163336342344337e-16,0.0,5.412337245047638e-16,2.914335439641036e-16
2031,0.81,1.0,0.0,3.885780586188048e-16,0.0,4.440892098500626e-16,3.191891195797325e-16
2031,0.8200000000000001,1.0,6.106226635438361e-16,0.0,0.0,3.0531133177191805e-16,0.0
2031,0.8300000000000001,0.9999999999999994,3.3306690738754696e-16,8.326672684688674e-16,8.847089727481716e-17,0.0,0.0
2031,0.8400000000000001,1.0,0.0,0.0,2.0816681711721685e-16,8.326672684688674e-17,3.608224830031759e-16
2031,0.85,0.999999999999999,4.440892098500626e-16,5.290906601729262e-16,5.551115123125783e-17,1.249000902703301e-16,0.0
2031,0.86,1.0,0.0,3.3306690738754696e-16,3.3306690738754696e-16,0.0,1.8041124150158794e-16
2031,0.87,1.0,0.0,0.0,1.942890293094024e-16,0.0,0.0
2031,0.88,1.0,0.0,0.0,0.0,9.71445146547012e-17,1.7520707107365752e-16
2031,0.89,1.0,0.0,2.220446049250313e-16,4.5102810375396984e-17,1.942890293094024e-16,4.0245584642661925e-16
2031,0.9,1.0,0.0,0.0,4.163336342344337e-17,7.632783294297951e-17,1.3877787807814457e-16
2031,0.91,0.9999999999999991,0.0,5.551115123125783e-16,8.326672684688674e-17,2.220446049250313e-16,2.636779683484747e-16
2031,0.92,0.9999999999999996,0.0,5.273559366969494e-16,6.245004513516506e-17,0.0,2.7755575615628914e-17
2031,0.93,1.0,0.0,0.0,9.71445146547012e-17,2.220446049250313e-16,0.0
2031,0.9400000000000001,0.9999999999999982,1.942890293094024e-15,8.326672684688674e-17,3.608224830031759e-16,0.0,0.0
2031,0.9500000000000001,1.0,0.0,2.7755575615628914e-17,1.3530843112619095e-16,2.463307335887066e-16,1.942890293094024e-16
2031,0.9600000000000001,0.9999999999999987,1.9984014443252818e-15,5.551115123125783e-17,0.0,0.0,0.0
2031,0.97,1.0,0.0,0.0,1.5612511283791264e-16,0.0,2.0816681711721685e-16
2031,0.98,1.0,0.0,0.0,1.249000902703301e-16,2.914335439641036e-16,1.6306400674181987e-16
2031,0.99,1.0,0.0,0.0,0.0,4.163336342344337e-17,2.220446049250313e-16
2031,1.0,1.0,0.0,0.0,1.3877787807814457e-16,1.249000902703301e-16,0.0
2032,0.01,0.01304604347991119,0.10465591541429184,0.2563007287244147,0.12836634423072915,0.23263075211087655,0.2650002160397765
2032,0.02,0.01304604347991119,0.10465591541429184,0.2563007287244147,0.12836634423072915,0.23263075211087655,0.2650002160397765
2032,0.03,0.01304609066663753,0.10465596260077262,0.25630077591220535,0.12836639141721012,0.23263079929735753,0.2649999801058163
2032,0.04,0.01304604347991119,0.10465591541429184,0.2563007287244147,0.12836634423072915,0.23263075211087655,0.2650002160397765
2032,0.05,1.0,0.0,0.0,0.0,0.0,8.419283613176855e-18
2032,0.060000000000000005,0.0,1.0,0.0,0.0,0.0,0.0
2032,0.06999999999999999,0.0,1.0,0.0,0.0,0.0,4.370741504407902e-13
2032,0.08,0.0,0.9999999999999487,5.437360351270684e-14,6.000798370170084e-15,2.217033512324503e-15,3.8038083440602474e-15
2032,0.09,0.0,1.0,0.0,0.0,0.0,1.2704588067518156e-14
2032,0.09999999999999999,0.0,1.0,0.0,0.0,0.0,0.0
2032,0.11,0.0,0.9999999999999997,1.929492452621567e-15,1.985745121008892e-17,0.0,2.527622024124378e-16
2032,0.12,6.068132122728987e-17,1.0,3.031352081774707e-17,0.0,0.0,4.0012357429357903e-17
2032,0.13,1.0,0.0,0.0,0.0,0.0,0.0
2032,0.14,0.0,1.0,0.0,0.0,0.0,0.0
2032,0.15000000000000002,0.0,1.0,0.0,5.1394299999156163e-17,3.612535549445181e-17,0.0
2032,0.16,7.056767522474598e-16,0.9999999999999833,0.0,0.0,0.0,1.0967510109675404e-16
2032,0.17,8.053956512951109e-13,0.9999999999999999,6.614014086115596e-17,6.495383151385691e-17,0.0,5.717033243779323e-17
2032,0.18000000000000002,6.344113067263992e-13,0.9999999999999998,0.0,0.0,5.259992670209532e-17,0.0
2032,0.19,0.9999999999999984,1.4432899320127035e-15,8.326672684688674e-17,0.0,2.949029909160572e-17,0.0
2032,0.2,1.0,0.0,0.0,1.576348675891031e-16,0.0,0.0
2032,0.21000000000000002,1.0,0.0,0.0,0.0,0.0,0.0
2032,0.22,1.0,0.0,0.0,0.0,0.0,0.0
2032,0.23,1.0,0.0,0.0,0.0,0.0,0.0
2032,0.24000000000000002,0.999999999999946,2.487639405134449e-14,2.1959583331519636e-14,8.559690181987266e-15,0.0,0.0
2032,0.25,1.0,0.0,0.0,0.0,0.0,0.0
2032,0.26,1.0,0.0,0.0,0.0,0.0,0.0
2032,0.27,1.0,0.0,0.0,0.0,0.0,0.0
2032,0.28,0.9999999999999236,1.8544856629124396e-17,0.0,0.0,1.8544725107407e-17,4.630030051624076e-17
2032,0.29000000000000004,1.0,0.0,0.0,0.0,0.0,0.0
2032,0.3,1.0,0.0,0.0,0.0,0.0,0.0
2032,0.31,1.0,9.205726150796927e-15,5.679453518652365e-17,0.0,0.0,0.0
2032,0.32,1.0,0.0,0.0,0.0,0.0,0.0
2032,0.33,1.0,0.0,1.1229274770901371e-17,2.916258868011074e-18,1.1344815385889525e-18,5.968870137988009e-19
2032,0.34,0.9999999999999996,0.0,5.81289271662943e-16,2.0317591522703597e-16,0.0,0.0
2032,0.35000000000000003,1.0,0.0,0.0,0.0,0.0,0.0
2032,0.36000000000000004,1.0,0.0,0.0,0.0,0.0,0.0
2032,0.37,1.0,0.0,0.0,0.0,0.0,0.0
2032,0.38,1.0,0.0,0.0,0.0,0.0,0.0
2032,0.39,1.0,0.0,0.0,0.0,0.0,0.0
2032,0.4,1.0,0.0,0.0,0.0,0.0,0.0
2032,0.41000000000000003,1.0,0.0,0.0,0.0,0.0,0.0
2032,0.42000000000000004,0.9999999999999153,6.568774399682698e-17,8.303497875659506e-17,0.0,0.0,2.7523942503442374e-17
2032,0.43,0.9999999999999912,7.487781959254599e-17,0.0,1.7549178051419186e-16,0.0,0.0
2032,0.44,1.0,0.0,0.0,0.0,0.0,0.0
2032,0.45,1.0,0.0,0.0,0.0,0.0,0.0
2032,0.46,0.9999999999999999,0.0,1.717437461371162e-16,0.0,0.0,0.0
2032,0.47000000000000003,1.0,1.3450710162438193e-15,3.8268468071642147e-17,1.7367680266009723e-16,1.3797462576507291e-17,0.0
2032,0.48000000000000004,1.0,0.0,0.0,0.0,0.0,0.0
2032,0.49,0.9999999999996072,2.059163564554806e-18,0.0,1.3732262088084125e-16,0.0,0.0
2032,0.5,1.0,0.0,0.0,0.0,0.0,2.5560934136916153e-17
2032,0.51,0.9999999999999825,9.275275035174801e-14,0.0,0.0,0.0,0.0
2032,0.52,1.0,1.2022849819491068e-14,0.0,0.0,0.0,0.0
2032,0.53,0.9999999999999498,6.340782783982372e-14,0.0,0.0,0.0,0.0
2032,0.54,1.0,0.0,7.165892556142936e-14,3.683650578616077e-14,2.8646361300031345e-14,2.787791686999809e-14
2032,0.55,1.0,0.0,2.8857791062192396e-13,1.6072400770313534e-13,1.0226159371277472e-13,9.068851531842613e-14
2032,0.56,0.9999999999999915,0.0,5.144191046174692e-15,2.473094933760138e-15,0.0,0.0
2032,0.5700000000000001,1.0,0.0,0.0,2.5895110598212137e-18,1.6467298867938593e-17,0.0
2032,0.5800000000000001,1.0,0.0,0.0,2.2241142561152823e-15,8.90594841043786e-16,3.3127032701780757e-15
2032,0.59,0.9999999999999993,6.612986193644541e-15,0.0,0.0,0.0,0.0
2032,0.6,1.0,2.02705407142693e-15,0.0,0.0,0.0,0.0
2032,0.61,1.0,6.108491635528041e-16,0.0,0.0,4.036808606932327e-17,1.233184449944069e-16
2032,0.62,0.9999999999999999,0.0,1.2180942201776381e-16,0.0,8.406027346653327e-18,0.0
2032,0.63,1.0,8.741892696808168e-13,2.628142431874131e-18,1.6374498298845575e-18,1.4515049805285711e-18,1.2382391382509294e-18
2032,0.64,1.0,1.6807924887520218e-16,1.2297643849970423e-16,0.0,6.301336015254874e-17,0.0
2032,0.65,1.0,6.41572161571315e-16,0.0,0.0,5.11206763148495e-17,1.769107043782378e-16
2032,0.66,1.0,5.359601651377943e-13,0.0,0.0,0.0,0.0
2032,0.67,0.9999999999993286,9.264342437161923e-14,1.8838575119485324e-15,0.0,5.849048244783362e-13,0.0
2032,0.68,0.9999999999998819,0.0,1.3283934316249973e-13,1.0777595613770706e-13,1.0708205933307079e-13,8.074177232236373e-14
2032,0.6900000000000001,0.9999999999999236,0.0,1.526209714164395e-13,1.326491000375185e-13,1.3379054808471125e-13,9.566653025316896e-14
2032,0.7000000000000001,1.0,4.486410012886426e-13,5.076829498794877e-18,4.783714846545895e-18,4.933919428979452e-18,3.641717836803223e-18
2032,0.7100000000000001,1.0,1.7236212457305555e-13,0.0,0.0,0.0,0.0
2032,0.72,1.0,4.158839501612686e-15,0.0,3.022812201922285e-17,4.414656740850551e-17,0.0
2032,0.73,1.0,1.0742458271455759e-16,3.960841545569118e-17,0.0,3.1592843773820313e-17,0.0
2032,0.74,0.999999999997391,3.2987358878241484e-12,0.0,0.0,0.0,0.0
2032,0.75,0.9999999999999549,0.0,4.98212582300539e-14,4.08006961549745e-14,4.4575454438700035e-14,3.519406988061746e-14
2032,0.76,1.0,6.217248937900877e-14,0.0,0.0,0.0,0.0
2032,0.77,1.0,2.0539125955565396e-14,0.0,0.0,0.0,0.0
2032,0.78,0.9999999999999265,0.0,7.860379014346108e-14,6.061817714453355e-14,7.288614156664153e-14,5.762057497804562e-14
2032,0.79,0.9999999999999982,4.363176486776865e-14,0.0,0.0,0.0,0.0
2032,0.8,1.0,2.1699309016298685e-13,0.0,0.0,0.0,0.0
2032,0.81,0.999999999999972,0.0,2.731148640577885e-14,2.4369395390522186e-14,3.277933480205775e-14,2.992051051364797e-14
2032,0.8200000000000001,1.0,5.079270337660091e-14,0.0,0.0,0.0,0.0
2032,0.8300000000000001,1.0,5.551115123125783e-15,1.1657341758564144e-15,0.0,0.0,0.0
2032,0.8400000000000001,1.0,0.0,0.0,1.6375789613221059e-15,0.0,0.0
2032,0.85,1.0,2.4868995751603507e-14,0.0,0.0,0.0,0.0
2032,0.86,0.9999999999999943,2.886579864025407e-15,2.5587171270657905e-15,1.330532906074211e-15,0.0,0.0
2032,0.87,0.9999999999999953,0.0,2.4980018054066022e-15,1.6792123247455493e-15,1.1379786002407855e-15,2.040034807748725e-15
2032,0.88,0.9999999999999989,1.6653345369377348e-15,6.938893903907228e-16,0.0,0.0,2.7755575615628914e-17
2032,0.89,0.9999999999999976,0.0,2.4407559306993676e-15,0.0,2.0816681711721685e-15,1.7433970933566911e-15
2032,0.9,0.9999999999999998,0.0,4.621303340002214e-15,6.3976601794024646e-15,9.603429163007604e-15,1.0311196341206141e-14
2032,0.91,0.9999999999999983,2.0483614804334138e-14,0.0,0.0,0.0,0.0
2032,0.92,0.9999999999999991,1.2156942119645464e-14,0.0,0.0,0.0,0.0
2032,0.93,1.0,8.326672684688674e-15,0.0,0.0,0.0,0.0
2032,0.9400000000000001,1.0,2.020605904817785e-14,0.0,0.0,0.0,0.0
2032,0.9500000000000001,0.9999999999999949,1.3822276656583199e-14,6.106226635438361e-16,0.0,0.0,0.0
2032,0.9600000000000001,0.9999999999999976,1.5432100042289676e-14,0.0,0.0,0.0,0.0
2032,0.97,1.0,0.0,0.0,3.469446951953614e-16,0.0,1.4155343563970746e-15
2032,0.98,1.0,0.0,0.0,8.049116928532385e-16,1.4849232954361469e-15,1.970645868709653e-15
2032,0.99,1.0,3.7192471324942744e-15,0.0,0.0,0.0,0.0
2032,1.0,0.9999999999999989,2.609024107869118e-15,1.3600232051658168e-15,0.0,0.0,0.0
2033,0.01,0.13830724021137358,0.20470828286899131,0.06318607224490139,0.1329277469296489,0.267277661016872,0.19359299672821298
2033,0.02,0.13830724021137358,0.20470828286899131,0.06318607224490139,0.1329277469296489,0.267277661016872,0.19359299672821298
2033,0.03,0.1386032244245661,0.20500435588101734,0.06326010723540594,0.1330017169759992,0.2669076231914482,0.19322297229169222
2033,0.04,1.0,0.0,0.0,0.0,0.0,0.0
2033,0.05,1.0,0.0,0.0,0.0,0.0,0.0
2033,0.060000000000000005,1.0,0.0,0.0,0.0,0.0,0.0
2033,0.06999999999999999,1.0,0.0,0.0,0.0,0.0,0.0
2033,0.08,1.0,4.835559778158227e-16,9.190534837246833e-17,0.0,0.0,0.0
2033,0.09,1.0,0.0,0.0,0.0,0.0,0.0
2033,0.09999999999999999,0.9999999999999997,0.0,0.0,1.4717972976556889e-16,1.335454508502966e-16,2.887087091538916e-16
2033,0.11,1.0,0.0,0.0,0.0,0.0,0.0
2033,0.12,1.0,0.0,0.0,0.0,0.0,0.0
2033,0.13,1.0,0.0,0.0,0.0,0.0,0.0
2033,0.14,1.0,0.0,0.0,0.0,0.0,0.0
2033,0.15000000000000002,0.9999999999999687,3.494413878406241e-14,1.6297016858139728e-15,3.831906503971191e-15,5.272114082158258e-15,1.8514217562484387e-15
2033,0.16,1.0,0.0,0.0,0.0,0.0,0.0
2033,0.17,1.0,0.0,0.0,0.0,0.0,0.0
2033,0.18000000000000002,0.9999999999998301,0.0,2.8310687127941492e-14,1.3058998327153404e-13,5.054290319606025e-14,2.0192181260370035e-14
2033,0.19,1.0,0.0,0.0,0.0,0.0,0.0
2033,0.2,1.0,0.0,0.0,0.0,0.0,0.0
2033,0.21000000000000002,1.0,0.0,0.0,0.0,0.0,0.0
2033,0.22,1.0,0.0,1.5506275844007025e-17,2.2445169748722047e-17,0.0,0.0
2033,0.23,1.0,5.621908504804099e-15,0.0,0.0,0.0,0.0
2033,0.24000000000000002,1.0,1.8116474509199323e-13,0.0,0.0,0.0,0.0
2033,0.25,0.999999999999958,7.778061091455088e-14,0.0,0.0,0.0,0.0
2033,0.26,1.0,1.6250013121085073e-14,0.0,0.0,0.0,0.0
2033,0.27,1.0,0.0,0.0,3.1491570113932576e-17,0.0,1.035986544695926e-16
2033,0.28,1.0,9.27313781318162e-13,0.0,0.0,0.0,0.0
2033,0.29000000000000004,1.0,6.8273164899324e-13,0.0,0.0,0.0,0.0
2033,0.3,1.0,0.0,0.0,0.0,0.0,0.0
2033,0.31,0.9999999999987743,0.0,1.5251688800788088e-13,4.3837156127324306e-13,5.65381075290361e-13,3.4935943027392113e-13
2033,0.32,1.0,2.0605739337042905e-13,0.0,0.0,0.0,0.0
2033,0.33,1.0,2.1749269052406817e-13,0.0,0.0,0.0,0.0
2033,0.34,0.9999999999998126,0.0,2.6909030559352232e-14,6.880607195114408e-14,9.296730052454905e-14,5.728750807065808e-14
2033,0.35000000000000003,0.9999999999998801,0.0,1.9664825323673085e-14,4.4048098502003086e-14,6.286637876939949e-14,3.209932319947484e-14
2033,0.36000000000000004,1.0,0.0,0.0,0.0,2.6295704156714592e-16,1.4194526022878853e-16
2033,0.37,1.0,0.0,1.0550712059459477e-13,2.340854482620031e-13,3.690845654022299e-13,1.8492205892274149e-13
2033,0.38,1.0,0.0,0.0,8.93948723961488e-17,5.2036938879274495e-17,1.89343423731418e-17
2033,0.39,0.9999999999984562,1.8225296000894e-12,0.0,0.0,0.0,0.0
2033,0.4,1.0,0.0,1.0512043184296481e-13,2.381260074962803e-13,3.545274767583544e-13,2.0072107140316686e-13
2033,0.41000000000000003,0.9999999999998623,0.0,5.575268031870264e-17,1.3094115393631919e-16,3.125823353313441e-17,7.000755769239743e-17
2033,0.42000000000000004,1.0,1.6483398144539667e-14,1.9713720180573377e-16,1.9902201064457456e-16,0.0,0.0
2033,0.43,0.9999999999999997,4.594410445545595e-16,0.0,4.5954039764389286e-18,0.0,1.0410656599684473e-16
2033,0.44,1.0,1.3572672180127803e-17,0.0,0.0,0.0,1.24940603385189e-16
2033,0.45,1.0,0.0,0.0,4.3649412065682705e-17,3.112562011787177e-17,2.0701735326206808e-17
2033,0.46,1.0,0.0,3.520293656856976e-14,7.890054617776794e-14,1.2697614676881738e-13,9.60581415103021e-14
2033,0.47000000000000003,0.999999999999991,3.9803349661138886e-16,7.266806584907782e-17,0.0,0.0,0.0
2033,0.48000000000000004,1.0,1.4988010832439613e-14,0.0,0.0,0.0,0.0
2033,0.49,0.9999999999999907,6.84452494681409e-14,2.456368441983159e-15,3.6637359812630166e-15,4.135580766728708e-15,3.885780586188048e-15
2033,0.5,1.0,0.0,0.0,0.0,0.0,0.0
2033,0.51,1.0,3.4705571749782393e-13,0.0,0.0,0.0,0.0
2033,0.52,1.0,0.0,0.0,0.0,0.0,4.163336342344337e-17
2033,0.53,0.9999999999999966,0.0,9.43689570931383e-16,1.0547118733938987e-15,3.83026943495679e-15,3.58046925441613e-15
2033,0.54,0.9999999999999994,3.6637359812630166e-15,1.1796119636642288e-16,4.649058915617843e-16,0.0,0.0
2033,0.55,0.9999999999995715,0.0,2.3522850334245504e-15,3.1537272793258353e-15,1.1268763699945339e-14,1.2802259252708836e-14
2033,0.56,0.9999999999999994,0.0,1.9081958235744878e-16,6.314393452555578e-16,2.282896094385478e-15,1.5404344466674047e-15
2033,0.5700000000000001,0.9999999999992211,3.885780586188048e-15,0.0,0.0,0.0,0.0
2033,0.5800000000000001,1.0,5.079270337660091e-14,0.0,0.0,0.0,0.0
2033,0.59,1.0,0.0,0.0,0.0,0.0,0.0
2033,0.6,1.0,0.0,0.0,4.163336342344337e-17,0.0,0.0
2033,0.61,0.9999999999999968,0.0,4.0245584642661925e-16,8.049116928532385e-16,2.3175905639050143e-15,2.7200464103316335e-15
2033,0.62,0.9999999999999964,0.0,1.096345236817342e-15,4.544975507059235e-16,5.773159728050814e-15,4.378442053365461e-15
2033,0.63,1.0,3.47499806707674e-14,1.8041124150158794e-16,0.0,0.0,0.0
2033,0.64,0.9999999999999951,0.0,1.2073675392798577e-15,5.134781488891349e-16,5.079270337660091e-15,3.771288836773579e-15
2033,0.65,1.0,3.469446951953614e-14,0.0,6.071532165918825e-16,0.0,0.0
2033,0.66,0.9999999999999996,0.0,1.474514954580286e-15,0.0,6.1999017031411086e-15,5.474787290182803e-15
2033,0.67,0.9999999999999971,7.932543510946743e-14,1.2073675392798577e-15,0.0,7.008282842946301e-15,6.925016116099414e-15
2033,0.68,1.0,5.329070518200751e-15,0.0,0.0,0.0,0.0
2033,0.6900000000000001,0.9999999999999997,1.887379141862766e-15,5.134781488891349e-16,9.645062526431047e-16,0.0,0.0
2033,0.7000000000000001,0.9999999999999996,0.0,3.122502256758253e-16,0.0,1.762479051592436e-15,2.636779683484747e-16
2033,0.7100000000000001,0.9999999999999998,1.8868240303504535e-13,0.0,3.122502256758253e-16,0.0,0.0
2033,0.72,1.0,0.0,2.185751579730777e-16,0.0,1.9984014443252818e-15,1.8388068845354155e-15
2033,0.73,0.9999999999998277,0.0,1.582067810090848e-15,0.0,4.3125225612783424e-15,3.8892500331400015e-15
2033,0.74,0.9999999999999994,1.637578961322106e-14,1.0685896612017132e-15,0.0,3.066991105526995e-15,4.121702978920894e-15
2033,0.75,0.9999999999999996,4.551914400963142e-15,0.0,9.020562075079397e-17,0.0,0.0
2033,0.76,1.0,0.0,1.2906342661267445e-15,0.0,4.3298697960381105e-15,3.969047313034935e-15
2033,0.77,1.0,0.0,0.0,0.0,1.1657341758564144e-15,5.273559366969494e-16
2033,0.78,1.0,3.2751579226442118e-15,0.0,2.1510571102112408e-16,0.0,0.0
2033,0.79,0.9999999999999996,0.0,4.0245584642661925e-16,5.828670879282072e-16,3.2612801348363973e-16,7.494005416219807e-16
2033,0.8,1.0,0.0,3.9898639947466563e-16,4.996003610813204e-16,1.033895191682177e-15,8.743006318923108e-16
2033,0.81,1.0,0.0,7.521103694268366e-15,0.0,3.03841759254585e-14,2.6137235313637795e-14
2033,0.8200000000000001,1.0,0.0,0.0,0.0,1.2076051669699434e-16,4.976022113927233e-17
2033,0.8300000000000001,1.0,0.0,1.6400379145115974e-16,0.0,8.299148663396278e-17,5.4197262509362273e-17
2033,0.8400000000000001,1.0,0.0,1.5321562666189463e-14,0.0,5.983024719172334e-14,5.180397855342666e-14
2033,0.85,1.0,5.5583062557072435e-14,0.0,0.0,0.0,7.874594964734593e-17
2033,0.86,1.0,0.0,5.2675687037025707e-17,0.0,8.773929727864706e-17,0.0
2033,0.87,0.9999999999953813,5.171178348521683e-12,0.0,0.0,0.0,0.0
2033,0.88,1.0,0.0,3.274568578295336e-14,7.368329232011555e-15,1.272751772189365e-13,1.076127803387232e-13
2033,0.89,0.9999999999997995,2.2538483742439775e-13,0.0,0.0,0.0,0.0
2033,0.9,1.0,0.0,1.9818286517891883e-14,8.482975462687273e-15,7.077079282438769e-14,6.185764109152548e-14
2033,0.91,0.9999999999999967,3.7673900818222596e-14,4.095440157543238e-16,4.855334448694072e-16,2.0347032762701811e-16,1.2890145071332818e-16
2033,0.92,1.0,0.0,2.0556509189225422e-15,1.823217454899437e-15,1.1260552350796419e-14,1.0592527323208343e-14
2033,0.93,1.0,0.0,8.083990545520265e-15,6.431171979169397e-15,2.879378178149614e-14,2.5367955120501992e-14
2033,0.9400000000000001,1.0,0.0,4.560466469115095e-15,3.518363316415787e-15,1.7100321267511653e-14,1.3851536774471388e-14
2033,0.9500000000000001,1.0,0.0,0.0,0.0,0.0,0.0
2033,0.9600000000000001,0.9999999999999999,2.1464337445647884e-15,7.294920685102886e-17,1.8639946760765952e-16,8.71269266751099e-17,0.0
2033,0.97,0.9999999999997934,2.457580122614206e-13,0.0,0.0,0.0,0.0
2033,0.98,1.0,0.0,9.028119269533985e-17,4.989583957204951e-18,0.0,0.0
2033,0.99,1.0,0.0,2.231710952174085e-15,3.3224386664852364e-15,9.849831470880354e-15,6.600182898354771e-15
2033,1.0,0.9999999999999343,7.983857200995794e-14,0.0,0.0,0.0,0.0
2034,0.01,0.027130904794828728,0.33378006404943616,0.20875436850588633,0.11116024515258957,0.26413532026828496,0.055039097228974376
2034,0.02,0.9999999999999936,6.1883571734656245e-15,0.0,1.239235274565949e-16,1.3076458905509426e-16,1.537783683528752e-16
2034,0.03,0.9999999999999992,7.771561172376096e-16,2.7755575615628914e-17,0.0,0.0,0.0
2034,0.04,1.0,0.0,0.0,1.3877787807814457e-17,0.0,0.0
2034,0.05,1.0,0.0,0.0,0.0,0.0,0.0
2034,0.060000000000000005,1.0,8.147154918603423e-18,4.579854866696819e-17,0.0,0.0,0.0
2034,0.06999999999999999,1.0,0.0,0.0,0.0,0.0,0.0
2034,0.08,1.0,1.040187088220895e-13,0.0,0.0,7.527236689572713e-17,0.0
2034,0.09,1.0,0.0,0.0,0.0,0.0,0.0
2034,0.09999999999999999,1.0,0.0,0.0,0.0,0.0,0.0
2034,0.11,1.0,0.0,0.0,0.0,0.0,6.455429771784289e-18
2034,0.12,1.0,0.0,0.0,0.0,0.0,0.0
2034,0.13,1.0,0.0,0.0,0.0,0.0,0.0
2034,0.14,1.0,0.0,0.0,0.0,0.0,0.0
2034,0.15000000000000002,1.0,0.0,0.0,0.0,0.0,0.0
2034,0.16,1.0,0.0,0.0,0.0,0.0,0.0
2034,0.17,1.0,0.0,0.0,0.0,0.0,0.0
2034,0.18000000000000002,1.0,0.0,0.0,0.0,0.0,0.0
2034,0.19,1.0,0.0,0.0,0.0,0.0,0.0
2034,0.2,1.0,0.0,0.0,0.0,0.0,0.0
2034,0.21000000000000002,0.9999999999999997,0.0,3.102463414012226e-16,0.0,9.672665337551225e-17,1.0137603242869526e-16
2034,0.22,1.0,0.0,0.0,0.0,0.0,0.0
2034,0.23,0.999999999999853,1.0855080054033598e-13,2.9688014184603513e-14,1.6588084545035131e-15,8.184669624445564e-15,0.0
2034,0.24000000000000002,1.0,0.0,0.0,0.0,0.0,0.0
2034,0.25,1.0,0.0,0.0,0.0,0.0,0.0
2034,0.26,1.0,0.0,0.0,0.0,0.0,0.0
2034,0.27,0.99999999999997,0.0,6.647535652817612e-17,0.0,1.4106846589178124e-16,1.081087185557522e-16
2034,0.28,1.0,0.0,0.0,0.0,0.0,0.0
2034,0.29000000000000004,1.0,0.0,0.0,0.0,0.0,0.0
2034,0.3,1.0,0.0,0.0,0.0,0.0,0.0
2034,0.31,0.9999999999999999,8.130589968938948e-14,4.94603198805536e-17,0.0,4.9460320087348754e-17,2.170474271396104e-17
2034,0.32,0.9999999999999779,1.4182634221068728e-16,0.0,0.0,1.7999025671762308e-16,8.284574304519886e-17
2034,0.33,0.9999999999999999,0.0,0.0,2.828885906919876e-16,6.77121030860981e-17,2.1605092451026081e-16
2034,0.34,1.0,0.0,0.0,7.76392213014473e-17,1.1719729214328627e-17,0.0
2034,0.35000000000000003,1.0,0.0,0.0,0.0,0.0,0.0
2034,0.36000000000000004,1.0,0.0,0.0,0.0,0.0,0.0
2034,0.37,1.0,0.0,0.0,0.0,0.0,0.0
2034,0.38,1.0,0.0,0.0,0.0,0.0,0.0
2034,0.39,1.0,2.7833210868185636e-15,0.0,0.0,0.0,1.0664276338473471e-16
2034,0.4,1.0,0.0,0.0,0.0,0.0,0.0
2034,0.41000000000000003,1.0,0.0,0.0,0.0,0.0,0.0
2034,0.42000000000000004,1.0,0.0,0.0,0.0,0.0,0.0
2034,0.43,1.0,0.0,0.0,0.0,0.0,0.0
2034,0.44,1.0,2.974682275983065e-15,0.0,1.5228718064311695e-16,0.0,7.075517726897584e-17
2034,0.45,1.0,0.0,0.0,0.0,0.0,0.0
2034,0.46,1.0,0.0,0.0,0.0,0.0,0.0
2034,0.47000000000000003,1.0,0.0,0.0,0.0,0.0,0.0
2034,0.48000000000000004,0.9999999999999999,0.0,0.0,0.0,0.0,6.14906746508841e-17
2034,0.49,1.0,0.0,0.0,0.0,0.0,0.0
2034,0.5,1.0,0.0,0.0,0.0,0.0,0.0
2034,0.51,1.0,0.0,0.0,1.1670563088289813e-17,0.0,1.0881507774299101e-16
2034,0.52,0.9999999999963258,1.8474666241274917e-12,9.992978666772956e-13,2.6324775692643243e-13,4.801454372982406e-13,8.423817199343375e-14
2034,0.53,1.0,0.0,0.0,0.0,0.0,0.0
2034,0.54,0.9999999999967455,1.8492206527091583e-12,7.700986352244509e-13,2.0444842872399206e-13,3.6484433191255164e-13,6.67178524772043e-14
2034,0.55,1.0,0.0,0.0,0.0,0.0,0.0
2034,0.56,1.0,0.0,0.0,1.1162606498926248e-14,4.255526485975753e-14,8.423585948492029e-16
2034,0.5700000000000001,1.0,3.361347931798963e-13,3.764881324832549e-15,4.658222270966256e-15,1.6743305294531952e-15,3.955363819820046e-15
2034,0.5800000000000001,0.9999999999999998,0.0,0.0,4.22134293759224e-17,4.521693711782108e-17,1.263321824094804e-16
2034,0.59,1.0,1.2212453270876722e-14,0.0,0.0,0.0,0.0
2034,0.6,0.9999999999998916,2.375877272697835e-14,3.9218628344883655e-14,1.6292522886374172e-14,2.7006175074006933e-14,6.63358257213531e-15
2034,0.61,0.9999999999997307,4.596323321948148e-14,9.156564395595979e-14,3.6193270602780103e-14,7.37188088351104e-14,2.1871393585115584e-14
2034,0.62,0.9999999999999424,3.3861802251067274e-14,1.2524703496552547e-14,6.536438057480609e-15,1.5216994331268552e-14,3.4139358007223564e-15
2034,0.63,1.0,0.0,0.0,0.0,0.0,0.0
2034,0.64,1.0,0.0,0.0,0.0,0.0,0.0
2034,0.65,1.0,0.0,0.0,0.0,0.0,0.0
2034,0.66,1.0,0.0,0.0,0.0,0.0,0.0
2034,0.67,0.9999999999999503,3.1086244689504383e-15,1.404432126150823e-14,7.494005416219807e-15,1.871766630578975e-14,6.2901073238919025e-15
2034,0.68,1.0,0.0,0.0,0.0,0.0,0.0
2034,0.6900000000000001,1.0,0.0,0.0,0.0,0.0,0.0
2034,0.7000000000000001,1.0,0.0,0.0,0.0,0.0,0.0
2034,0.7100000000000001,1.0,0.0,0.0,0.0,0.0,0.0
2034,0.72,1.0,0.0,0.0,0.0,0.0,0.0
2034,0.73,0.9999999999999771,9.43689570931383e-16,6.522560269672795e-15,3.797309688913231e-15,9.29638310775971e-15,2.3401419690927128e-15
2034,0.74,0.9999999999999997,0.0,1.2490009027033011e-15,2.7755575615628914e-16,1.970645868709653e-15,2.220446049250313e-16
2034,0.75,0.9999999999999278,4.773959005888173e-15,2.117750419472486e-14,1.1074474670635936e-14,2.7422508708241367e-14,7.632783294297951e-15
2034,0.76,0.9999999999999994,2.6645352591003757e-15,0.0,0.0,7.771561172376096e-16,0.0
2034,0.77,1.0,0.0,0.0,0.0,0.0,0.0
2034,0.78,1.0,2.9976021664879227e-15,0.0,0.0,0.0,0.0
2034,0.79,1.0,3.6637359812630166e-15,0.0,0.0,0.0,0.0
2034,0.8,0.9999999999999692,3.6637359812630166e-15,9.117706589734098e-15,4.7253867485608225e-15,1.058875209736243e-14,2.6298407895808396e-15
2034,0.81,1.0,0.0,0.0,0.0,0.0,0.0
2034,0.8200000000000001,0.9999999999999863,5.717648576819556e-15,2.525757381022231e-15,1.3322676295501878e-15,2.9976021664879227e-15,5.828670879282072e-16
2034,0.8300000000000001,1.0,0.0,0.0,3.2439329000766293e-16,0.0,0.0
2034,0.8400000000000001,1.0,6.106226635438361e-16,0.0,0.0,0.0,0.0
2034,0.85,1.0,0.0,0.0,0.0,0.0,0.0
2034,0.86,1.0,7.66053886991358e-15,0.0,0.0,0.0,0.0
2034,0.87,1.0,1.27675647831893e-15,0.0,0.0,0.0,0.0
2034,0.88,1.0,4.163336342344337e-15,0.0,0.0,0.0,0.0
2034,0.89,0.9999999999999407,0.0,1.9800133754799276e-14,1.1502951369202208e-14,2.843211777125987e-14,7.917277944358148e-15
2034,0.9,0.9999999999999951,1.1102230246251565e-16,1.2732870313669764e-15,1.1969591984239969e-15,1.6878859421254333e-15,7.077671781985373e-16
2034,0.91,1.0,6.106226635438361e-16,0.0,0.0,0.0,0.0
2034,0.92,0.999999999999988,0.0,5.287437154777308e-15,3.011479954295737e-15,6.716849298982197e-15,1.7069679003611782e-15
2034,0.93,1.0,7.216449660063518e-16,0.0,0.0,0.0,0.0
2034,0.9400000000000001,0.9999999999999996,2.0539125955565396e-15,0.0,0.0,0.0,0.0
2034,0.9500000000000001,1.0,2.1094237467877974e-15,0.0,0.0,0.0,0.0
2034,0.9600000000000001,1.0,2.7200464103316335e-15,0.0,0.0,0.0,0.0
2034,0.97,0.9999999999999993,0.0,2.7755575615628914e-16,3.3306690738754696e-16,8.049116928532385e-16,4.718447854656915e-16
2034,0.98,1.0,0.0,0.0,0.0,6.210310043996969e-16,4.805184028455756e-16
2034,0.99,0.9999999999999891,0.0,5.523359547510154e-15,4.4825254619240695e-15,6.453171330633722e-15,2.525757381022231e-15
2034,1.0,0.9999999999999828,0.0,5.814793091474257e-15,3.344546861683284e-15,9.728329253277934e-15,2.789435349370706e-15
2035,0.01,0.05603336970552269,0.04468269558604907,0.2615175892426445,0.27515044617407075,0.2692858756785002,0.09333002361321288
2035,0.02,0.05603336970552269,0.04468269558604907,0.2615175892426445,0.27515044617407075,0.2692858756785002,0.09333002361321288
2035,0.03,0.05603336970552269,0.04468269558604907,0.2615175892426445,0.27515044617407075,0.2692858756785002,0.09333002361321288
2035,0.04,0.05603336970552269,0.04468269558604907,0.2615175892426445,0.27515044617407075,0.2692858756785002,0.09333002361321288
2035,0.05,0.05603336970552269,0.04468269558604907,0.2615175892426445,0.27515044617407075,0.2692858756785002,0.09333002361321288
2035,0.060000000000000005,0.05603336970552269,0.04468269558604907,0.2615175892426445,0.27515044617407075,0.2692858756785002,0.09333002361321288
2035,0.06999999999999999,0.05603336970552269,0.04468269558604907,0.2615175892426445,0.27515044617407075,0.2692858756785002,0.09333002361321288
2035,0.08,0.056070377016807525,0.04471970289733391,0.2615545973243158,0.27518745425574204,0.2692118592583692,0.09325600924743865
2035,0.09,1.0,0.0,0.0,0.0,0.0,0.0
2035,0.09999999999999999,0.0,1.0,1.736085194607762e-15,1.0224623690755828e-15,5.4558229652590554e-17,0.0
2035,0.11,9.687038118875732e-16,0.9999999999998237,0.0,0.0,0.0,0.0
2035,0.12,1.09302455002675e-16,1.0,0.0,0.0,2.472511341475719e-17,2.1322995655942943e-18
2035,0.13,0.0,1.0,0.0,0.0,0.0,0.0
2035,0.14,0.0,1.0,0.0,0.0,1.3746547280128005e-18,7.586423426954837e-17
2035,0.15000000000000002,4.779770954219494e-14,0.9999999999999576,0.0,0.0,3.8984439272728467e-16,1.2109482817288691e-15
2035,0.16,0.0,1.0,2.333589447117026e-16,2.15315015064759e-16,0.0,0.0
2035,0.17,0.0,1.0,0.0,0.0,0.0,0.0
2035,0.18000000000000002,0.0,1.0,0.0,0.0,0.0,0.0
2035,0.19,0.0,1.0,0.0,0.0,0.0,0.0
2035,0.2,1.9520633880454687e-13,1.0,0.0,0.0,0.0,4.645337950941186e-15
2035,0.21000000000000002,0.0,1.0,2.6824668988345702e-17,0.0,1.2946881181540987e-17,1.2946881180935142e-17
2035,0.22,0.0,1.0,1.6657961698939884e-17,0.0,9.644518307762437e-17,8.234123747289301e-17
2035,0.23,1.0678857768225448e-15,0.9999999999999988,4.15292842500495e-17,4.4405066985096255e-17,3.563615839864611e-17,2.3606914119095757e-17
2035,0.24000000000000002,0.0,1.0,7.651555661991475e-17,0.0,3.6826769085130436e-17,0.0
2035,0.25,3.2582598694563727e-14,0.9999999999999685,0.0,0.0,0.0,0.0
2035,0.26,9.815610191105563e-14,1.0,0.0,0.0,0.0,1.2648733798964152e-17
2035,0.27,3.2269167281442955e-14,0.9999999999999681,0.0,0.0,0.0,0.0
2035,0.28,1.0,0.0,1.1475644348817348e-17,0.0,4.4797092279213205e-17,0.0
2035,0.29000000000000004,0.9999999999999298,0.0,0.0,0.0,1.938723781246667e-16,0.0
2035,0.3,8.771413183465836e-14,0.9999999999999145,0.0,0.0,0.0,0.0
2035,0.31,0.999999999999921,9.93479106420986e-16,0.0,0.0,0.0,0.0
2035,0.32,0.9999999999999993,5.551115123125783e-16,5.551115123125783e-17,0.0,5.204170427930421e-17,0.0
2035,0.33,1.0,0.0,6.591949208711867e-17,0.0,0.0,1.1102230246251565e-16
2035,0.34,1.0,0.0,2.7755575615628914e-17,0.0,4.9764879717084654e-17,0.0
2035,0.35000000000000003,1.0,0.0,0.0,0.0,0.0,9.29784027547953e-13
2035,0.36000000000000004,0.0,1.0,1.2566028304149474e-18,0.0,0.0,0.0
2035,0.37,3.0011370290631134e-14,0.9999999999999696,0.0,1.5009846365641693e-16,2.2827538419157207e-16,1.510084510901785e-17
2035,0.38,1.4078445839516375e-14,0.9999999999999999,0.0,0.0,0.0,0.0
2035,0.39,6.492390125724983e-15,0.9999999999995206,8.830831360193088e-16,7.44698437565826e-16,2.9148091866573604e-16,0.0
2035,0.4,1.4455993710579503e-14,0.9999999999999981,2.726853172653389e-16,1.167634604883137e-16,2.0006663575642288e-16,6.211242135151131e-17
2035,0.41000000000000003,1.2737311508126302e-15,0.9999999999999999,1.4814675763526366e-16,2.1217432391121621e-16,8.310655299136264e-17,1.226737938047994e-16
2035,0.42000000000000004,8.690987061223701e-17,1.0,3.2990358964054157e-17,0.0,0.0,0.0
2035,0.43,1.0,0.0,0.0,0.0,0.0,0.0
2035,0.44,1.0,0.0,0.0,0.0,0.0,0.0
2035,0.45,1.0,3.505446058632259e-15,0.0,9.51101399611952e-18,0.0,0.0
2035,0.46,1.0,0.0,0.0,0.0,0.0,0.0
2035,0.47000000000000003,1.0,0.0,0.0,0.0,0.0,0.0
2035,0.48000000000000004,1.0,0.0,0.0,0.0,0.0,0.0
2035,0.49,1.0,0.0,0.0,0.0,0.0,0.0
2035,0.5,0.9999999999999092,5.86359133871705e-14,1.1471507256049142e-14,1.3041906621564647e-14,4.3990506911398135e-15,3.18047302621929e-15
2035,0.51,1.0,0.0,0.0,0.0,0.0,0.0
2035,0.52,1.0,0.0,0.0,0.0,0.0,0.0
2035,0.53,0.9999999999997281,0.0,1.3658390542534318e-16,0.0,1.254113985759936e-16,6.335283698334306e-17
2035,0.54,1.0,0.0,0.0,0.0,0.0,0.0
2035,0.55,1.0,0.0,0.0,5.1704411458368365e-17,0.0,5.833059138606115e-17
2035,0.56,1.0,0.0,0.0,0.0,0.0,0.0
2035,0.5700000000000001,1.0,0.0,0.0,0.0,0.0,0.0
2035,0.5800000000000001,1.0,0.0,0.0,0.0,0.0,0.0
2035,0.59,1.0,0.0,0.0,0.0,0.0,0.0
2035,0.6,1.0,0.0,0.0,0.0,0.0,0.0
2035,0.61,1.0,0.0,0.0,0.0,0.0,0.0
2035,0.62,1.0,0.0,0.0,0.0,0.0,0.0
2035,0.63,1.0,0.0,0.0,0.0,0.0,0.0
2035,0.64,0.9999999999999999,1.145068949174056e-17,0.0,6.513001513651113e-17,6.0677326221398586e-18,1.2768214963686301e-18
2035,0.65,1.0,0.0,0.0,0.0,0.0,0.0
2035,0.66,0.9999999999999861,8.021564120840108e-15,1.932764543729591e-15,2.4336851341266572e-15,8.56407445393321e-16,7.534525510907879e-16
2035,0.67,0.9999999999999972,0.0,2.5014681572038e-17,1.058194042803726e-16,0.0,1.6467533116238832e-16
2035,0.68,1.0,0.0,0.0,0.0,0.0,0.0
2035,0.6900000000000001,1.0,0.0,0.0,0.0,0.0,0.0
2035,0.7000000000000001,1.0,0.0,0.0,0.0,0.0,0.0
2035,0.7100000000000001,0.999999999999998,1.5965211075462552e-15,1.3485909367599336e-16,5.638877477872154e-16,6.028644504105537e-17,0.0
2035,0.72,1.0,0.0,0.0,0.0,0.0,0.0
2035,0.73,0.9999999999999972,0.0,3.951970561088044e-15,4.765999257293493e-15,8.293348795283001e-16,1.5658260905099816e-16
2035,0.74,1.0,0.0,0.0,0.0,0.0,0.0
2035,0.75,1.0,0.0,0.0,0.0,0.0,0.0
2035,0.76,1.0,0.0,0.0,0.0,0.0,0.0
2035,0.77,1.0,0.0,0.0,0.0,0.0,0.0
2035,0.78,1.0,0.0,0.0,0.0,0.0,0.0
2035,0.79,1.0,0.0,0.0,0.0,0.0,0.0
2035,0.8,1.0,6.658079550725312e-13,0.0,0.0,0.0,1.616560178500427e-15
2035,0.81,1.0,2.5179896437465946e-13,0.0,0.0,0.0,0.0
2035,0.8200000000000001,1.0,0.0,0.0,0.0,0.0,0.0
2035,0.8300000000000001,0.9999999999998255,0.0,8.842994514067077e-14,1.1373409957859278e-13,1.622374593813147e-14,2.8011936418667646e-15
2035,0.8400000000000001,1.0,0.0,3.722238043534622e-13,3.8320802931839056e-13,8.23502004676663e-14,9.517080681839286e-15
2035,0.85,1.0,0.0,0.0,8.83174983112881e-17,0.0,1.0219528611925402e-16
2035,0.86,0.9999999999997029,3.0117195286914253e-13,6.095164196793994e-16,0.0,0.0,0.0
2035,0.87,1.0,0.0,0.0,0.0,7.193021863311147e-15,1.1146731998009915e-15
2035,0.88,1.0,0.0,0.0,0.0,0.0,2.488205207627116e-16
2035,0.89,1.0,0.0,0.0,0.0,0.0,0.0
2035,0.9,1.0,0.0,0.0,0.0,0.0,0.0
2035,0.91,1.0,0.0,0.0,0.0,1.8388396869222124e-15,0.0
2035,0.92,0.9999999999998125,9.116667742675607e-14,4.070129071707701e-14,3.7628412762164156e-14,1.500407999544486e-14,2.5972104434113124e-15
2035,0.93,1.0,0.0,0.0,0.0,0.0,0.0
2035,0.9400000000000001,0.9999999999999977,4.804679395988774e-15,2.4783830520346538e-17,0.0,2.1551315491016023e-16,9.872854993409323e-17
2035,0.9500000000000001,1.0,7.03465942926792e-14,0.0,0.0,0.0,0.0
2035,0.9600000000000001,1.0,4.666514464178074e-14,0.0,0.0,0.0,0.0
2035,0.97,1.0,0.0,0.0,0.0,0.0,0.0
2035,0.98,1.0,6.167164401192023e-14,0.0,0.0,0.0,0.0
2035,0.99,1.0,0.0,0.0,0.0,0.0,0.0
2035,1.0,1.0,1.4211399528075808e-13,0.0,0.0,0.0,0.0
2036,0.01,0.07303298803873595,0.1397896595019224,0.32062988069085085,0.20462248889938198,0.08095368142053715,0.18097130144857154
2036,0.02,0.07303298803873595,0.1397896595019224,0.32062988069085085,0.20462248889938198,0.08095368142053715,0.18097130144857154
2036,0.03,0.07303298803873595,0.1397896595019224,0.32062988069085085,0.20462248889938198,0.08095368142053715,0.18097130144857154
2036,0.04,0.07303298803873595,0.1397896595019224,0.32062988069085085,0.20462248889938198,0.08095368142053715,0.18097130144857154
2036,0.05,0.9999999999999252,0.0,0.0,8.489578960598787e-17,0.0,0.0
2036,0.060000000000000005,1.0,0.0,0.0,3.892783171293062e-18,2.470946487009005e-17,0.0
2036,0.06999999999999999,4.374671645102154e-14,1.0,1.7308859653953234e-17,0.0,2.181521015152687e-17,5.205644437932597e-18
2036,0.08,1.0,0.0,0.0,0.0,0.0,0.0
2036,0.09,0.9999999999626973,3.2911561952896074e-11,3.874454745023145e-12,5.687173751065661e-13,4.477016245743609e-17,1.3058781323484138e-14
2036,0.09999999999999999,1.0,0.0,0.0,0.0,0.0,0.0
2036,0.11,0.9999999999908404,9.072256910790592e-12,4.1225061143856565e-14,6.296611054619158e-16,2.4286742868441177e-14,2.1398334683799122e-14
2036,0.12,1.0,0.0,0.0,0.0,0.0,0.0
2036,0.13,1.0,0.0,0.0,0.0,0.0,0.0
2036,0.14,1.0,0.0,0.0,0.0,0.0,0.0
2036,0.15000000000000002,1.0,0.0,0.0,0.0,0.0,0.0
2036,0.16,1.0,0.0,0.0,0.0,3.926620921461401e-16,0.0
2036,0.17,1.0,0.0,0.0,0.0,0.0,0.0
2036,0.18000000000000002,1.0,0.0,0.0,0.0,0.0,0.0
2036,0.19,1.0,0.0,0.0,0.0,4.819590781810203e-17,0.0
2036,0.2,1.0,0.0,0.0,0.0,0.0,0.0
2036,0.21000000000000002,1.0,0.0,0.0,0.0,0.0,0.0
2036,0.22,1.0,0.0,0.0,0.0,0.0,0.0
2036,0.23,1.0,0.0,0.0,0.0,0.0,0.0
2036,0.24000000000000002,1.0,1.305987495002621e-13,0.0,0.0,0.0,0.0
2036,0.25,1.0,0.0,0.0,0.0,0.0,0.0
2036,0.26,1.0,0.0,0.0,0.0,0.0,0.0
2036,0.27,1.0,0.0,0.0,0.0,0.0,0.0
2036,0.28,1.0,0.0,0.0,0.0,0.0,0.0
2036,0.29000000000000004,1.0,0.0,0.0,0.0,0.0,0.0
2036,0.3,0.9999999999999993,0.0,2.206243643510089e-16,2.9470827593443407e-16,1.0737139237594231e-16,8.770882340204333e-17
2036,0.31,1.0,3.920554434983544e-15,7.924368083500159e-17,2.0374789743096303e-17,0.0,0.0
2036,0.32,1.0,0.0,0.0,0.0,0.0,0.0
2036,0.33,1.0,0.0,0.0,0.0,0.0,0.0
2036,0.34,1.0,0.0,0.0,0.0,0.0,0.0
2036,0.35000000000000003,1.0,0.0,0.0,0.0,0.0,0.0
2036,0.36000000000000004,1.0,0.0,1.1973869500623603e-17,2.0626247529355237e-16,0.0,0.0
2036,0.37,1.0,0.0,0.0,0.0,0.0,0.0
2036,0.38,1.0,0.0,0.0,0.0,0.0,0.0
2036,0.39,1.0,0.0,0.0,0.0,0.0,0.0
2036,0.4,1.0,4.7472141242127146e-14,6.133533682603193e-18,0.0,0.0,0.0
2036,0.41000000000000003,1.0,0.0,0.0,0.0,0.0,0.0
2036,0.42000000000000004,1.0,0.0,0.0,0.0,0.0,0.0
2036,0.43,1.0,0.0,0.0,0.0,0.0,0.0
2036,0.44,1.0,0.0,0.0,0.0,0.0,0.0
2036,0.45,1.0,0.0,0.0,0.0,0.0,0.0
2036,0.46,1.0,0.0,0.0,0.0,0.0,0.0
2036,0.47000000000000003,1.0,0.0,0.0,0.0,0.0,0.0
2036,0.48000000000000004,0.9999999999999989,0.0,1.2091351158328895e-15,6.269634830464329e-16,0.0,3.027916359587019e-16
2036,0.49,1.0,0.0,0.0,2.2607200670684787e-16,0.0,0.0
2036,0.5,1.0,0.0,0.0,0.0,0.0,0.0
2036,0.51,0.9999999999999966,0.0,3.1251692940687793e-15,2.2808527388350215e-15,6.921358932781906e-17,8.798317070246048e-16
2036,0.52,1.0,0.0,0.0,0.0,0.0,0.0
2036,0.53,0.9999999999990814,0.0,3.3124632322573164e-15,1.6342546845676553e-15,1.0203615639487438e-16,5.927960842365384e-16
2036,0.54,1.0,0.0,0.0,0.0,0.0,0.0
2036,0.55,1.0,0.0,0.0,0.0,0.0,0.0
2036,0.56,1.0,0.0,0.0,0.0,0.0,0.0
2036,0.5700000000000001,0.999999999999993,7.678298879069348e-17,2.8210731799385005e-17,0.0,0.0,1.7045805654513985e-16
2036,0.5800000000000001,1.0,0.0,0.0,0.0,0.0,0.0
2036,0.59,0.9999999999999891,8.500525545707887e-18,1.039103174999141e-16,0.0,0.0,0.0
2036,0.6,1.0,0.0,0.0,0.0,0.0,0.0
2036,0.61,1.0,0.0,0.0,0.0,0.0,0.0
2036,0.62,0.9999999999999909,6.565153116698276e-17,2.934825842855268e-17,0.0,0.0,6.30510255319454e-17
2036,0.63,1.0,0.0,0.0,0.0,0.0,0.0
2036,0.64,1.0,0.0,0.0,0.0,0.0,2.9202788857906954e-17
2036,0.65,1.0,0.0,0.0,0.0,0.0,0.0
2036,0.66,1.0,0.0,2.954912806044822e-17,0.0,0.0,8.73244642950589e-18
2036,0.67,1.0,0.0,0.0,0.0,0.0,0.0
2036,0.68,1.0,0.0,0.0,0.0,0.0,0.0
2036,0.6900000000000001,1.0,0.0,0.0,0.0,0.0,0.0
2036,0.7000000000000001,1.0,0.0,2.4125427455339845e-14,2.2384353561599236e-14,1.0853073387234345e-14,1.1756926575139885e-14
2036,0.7100000000000001,1.0,3.275742375156482e-15,0.0,0.0,0.0,0.0
2036,0.72,0.9999999999999856,8.501077086656828e-15,5.7446831621160455e-15,3.059806235909938e-15,5.760598102406185e-16,4.0741358717757104e-16
2036,0.73,1.0,0.0,3.5543689441970244e-15,2.2389093565387616e-15,2.422748883020493e-16,5.231444498637425e-16
2036,0.74,1.0,0.0,1.4723180211068603e-14,0.0,0.0,1.532263151588978e-14
2036,0.75,0.9999999999999972,1.4020387221483882e-15,4.390874563099038e-16,7.336247894528581e-16,8.799985090948866e-17,1.8113231318492673e-17
2036,0.76,0.9999999999999987,1.1478354496058677e-13,2.9637370660940452e-15,1.8180335831476964e-15,3.332089322566202e-16,2.7760473013408777e-16
2036,0.77,0.999999999999908,5.763001065487432e-14,2.1669717779292128e-14,1.2344301359834424e-14,2.4029631796611126e-15,1.5621050980209923e-15
2036,0.78,0.9999999999987125,1.2776292286350113e-12,6.313741406344627e-15,0.0,6.497235571928874e-15,0.0
2036,0.79,1.0,0.0,0.0,2.2032736943014646e-16,0.0,0.0
2036,0.8,0.9999999999999916,0.0,3.876211818868075e-15,1.7842472601007867e-15,6.572821978823036e-16,4.584876241208292e-16
2036,0.81,0.9999999999999897,3.0469177495231413e-15,0.0,0.0,0.0,0.0
2036,0.8200000000000001,1.0,1.0197173497841706e-14,1.986134404748174e-16,0.0,0.0,1.4534239346831737e-16
2036,0.8300000000000001,1.0,3.0357671935922027e-14,0.0,0.0,0.0,0.0
2036,0.8400000000000001,0.9999999999999969,0.0,1.2979368820790636e-14,8.988883799749004e-15,1.9118029065908653e-15,1.5330936156573294e-15
2036,0.85,1.0,1.3214211949679838e-14,0.0,0.0,0.0,1.3748240370207885e-16
2036,0.86,0.9999999999990629,0.0,6.041347977436828e-13,3.3676186839137756e-13,6.640521466039218e-14,1.190818277319039e-13
2036,0.87,1.0,3.5371705564557487e-13,0.0,0.0,0.0,0.0
2036,0.88,1.0,1.9340085088970227e-13,0.0,0.0,0.0,0.0
2036,0.89,0.9999999999974745,0.0,1.5822065879689262e-12,8.693601394327288e-13,1.800781745942004e-13,3.1155633628543455e-13
2036,0.9,0.9999999999999972,8.687353506729437e-15,0.0,0.0,0.0,0.0
2036,0.91,1.0,9.899542076799512e-13,0.0,0.0,0.0,0.0
2036,0.92,1.0,7.365219545363288e-13,0.0,0.0,0.0,0.0
2036,0.93,0.99999999999923,0.0,5.123297619480383e-13,2.969603729585657e-13,6.579806144380029e-14,1.2074369282188968e-13
2036,0.9400000000000001,0.9999999999997942,4.551914400963142e-15,1.184078876614869e-13,4.8915732575594006e-14,1.2514295155696686e-14,2.117230002429693e-14
2036,0.9500000000000001,1.0,8.615330671091215e-14,0.0,0.0,0.0,0.0
2036,0.9600000000000001,0.9999999999992149,0.0,5.039198225365027e-13,2.7381569234208314e-13,6.823014375711978e-14,1.24084770236621e-13
2036,0.97,0.9999999999997091,7.882583474838611e-15,1.3930523401484152e-13,8.49598169594401e-14,2.117750419472486e-14,3.68594044175552e-14
2036,0.98,1.0,2.781108676686017e-13,0.0,0.0,0.0,0.0
2036,0.99,1.0,2.070565940925917e-13,0.0,0.0,0.0,0.0
2036,1.0,0.9999999999999933,0.0,0.0,8.916478666520788e-15,2.9733160378242474e-15,6.016021014687567e-15
2037,0.01,0.37109436511842675,0.10949588398588929,0.2313086534992343,0.06356719168434602,0.00507723550935515,0.21945667020274848
2037,0.02,1.0,1.6052131971328086e-16,1.2580292151298479e-17,0.0,3.454030952313586e-17,0.0
2037,0.03,0.9999999999999999,4.765547372880478e-17,0.0,0.0,9.137237440457657e-17,5.244049136456965e-17
2037,0.04,1.0,0.0,0.0,0.0,0.0,0.0
2037,0.05,1.0,0.0,0.0,0.0,0.0,0.0
2037,0.060000000000000005,1.0,0.0,0.0,0.0,0.0,0.0
2037,0.06999999999999999,1.0,0.0,0.0,0.0,0.0,0.0
2037,0.08,1.0,0.0,0.0,0.0,0.0,0.0
2037,0.09,0.9999999999992345,7.38403188612978e-17,0.0,6.286250054964115e-18,0.0,6.3027374189335216e-18
2037,0.09999999999999999,0.9999999999995357,1.2014954655886341e-15,1.353970312481026e-15,0.0,4.284668394005503e-18,1.0990737931906781e-16
2037,0.11,1.0,0.0,0.0,0.0,0.0,0.0
2037,0.12,1.0,0.0,0.0,0.0,0.0,0.0
2037,0.13,1.0,5.017030112123353e-13,2.971966976141935e-17,0.0,3.6852035730531175e-17,2.7018905415894168e-17
2037,0.14,0.9999999999999964,0.0,1.1199767940944519e-16,0.0,0.0,6.7058029892886404e-18
2037,0.15000000000000002,1.0,0.0,0.0,0.0,0.0,0.0
2037,0.16,1.0,0.0,0.0,0.0,0.0,0.0
2037,0.17,1.0,0.0,1.3332735046301463e-16,0.0,1.5492957188032768e-16,0.0
2037,0.18000000000000002,1.0,0.0,0.0,0.0,0.0,0.0
2037,0.19,0.9999999999991167,3.4184373255536696e-13,3.184694852038913e-13,4.655607714971065e-14,2.6906721568266e-15,1.7305534577670722e-13
2037,0.2,1.0,2.345827464338559e-16,0.0,0.0,1.01662480861876e-16,0.0
2037,0.21000000000000002,0.9999999999999999,2.946749951291959e-13,0.0,0.0,0.0,0.0
2037,0.22,0.9999999999983095,8.46012821641967e-13,4.540127486457054e-13,8.284579149440811e-14,2.424404044355918e-14,2.834185650044444e-13
2037,0.23,0.9999999999999997,0.0,0.0,1.301015134989681e-16,0.0,6.124546781342271e-17
2037,0.24000000000000002,0.9999999999999544,7.342998237335834e-16,0.0,0.0,6.23760844673666e-17,0.0
2037,0.25,0.9999999999999253,0.0,3.712401412214565e-14,9.773494320574954e-15,4.130736161786887e-15,2.932716859277754e-14
2037,0.26,0.9999999999997713,4.76428555081735e-14,9.355725219604809e-14,1.4965711843070197e-14,7.15998686731602e-15,6.539039126255038e-14
2037,0.27,1.0,6.582625436676298e-16,0.0,0.0,0.0,0.0
2037,0.28,1.0,1.4503569306336143e-13,0.0,1.1229382588856839e-16,5.3876885480254347e-17,7.615842593993835e-18
2037,0.29000000000000004,1.0,3.317680709787915e-13,2.4259120942671865e-16,0.0,1.7435715684953454e-17,1.0280717723409935e-16
2037,0.3,1.0,0.0,0.0,0.0,0.0,0.0
2037,0.31,1.0,0.0,0.0,0.0,0.0,0.0
2037,0.32,0.9999999999999996,4.560868855053179e-16,0.0,2.209133089821289e-17,0.0,0.0
2037,0.33,1.0,0.0,0.0,0.0,0.0,0.0
2037,0.34,0.9999999999999996,1.323198447783936e-15,0.0,2.2749610897356e-17,0.0,1.5262902669976788e-15
2037,0.35000000000000003,0.9999999999999653,0.0,1.8383737118861897e-14,3.074254836566174e-15,2.9247937554407848e-15,1.2222274617900136e-14
2037,0.36000000000000004,0.9999999999999867,0.0,9.8857477386906e-15,1.1063970066843085e-15,1.9835029612399081e-16,7.640804945341513e-15
2037,0.37,1.0,8.467541956596761e-17,0.0,0.0,8.551777506535186e-17,7.44368066592256e-17
2037,0.38,0.9999999999999902,2.6935482551262036e-15,2.0299432572151374e-15,8.344155444720003e-16,8.304645592895326e-16,3.3462172106552696e-15
2037,0.39,1.0,0.0,0.0,0.0,0.0,0.0
2037,0.4,0.9999999999999998,3.5348507095433104e-16,0.0,0.0,0.0,3.937611739914233e-17
2037,0.41000000000000003,0.9999999999999893,1.5880093226993634e-15,4.0146045565865335e-15,9.46355607132866e-16,7.681229343716161e-16,3.3291710961082504e-15
2037,0.42000000000000004,0.9999999999999971,0.0,2.1426431084296902e-15,6.332562309274183e-16,0.0,2.3328092048683323e-15
2037,0.43,0.9999999999999969,2.7765432961552585e-15,8.401194643388107e-16,0.0,0.0,1.8499008985620787e-16
2037,0.44,1.0,2.103578795935269e-15,0.0,0.0,0.0,0.0
2037,0.45,0.9999999999999968,0.0,2.88944791758481e-15,4.942972995567981e-16,3.097872656234466e-16,2.4754266832963806e-15
2037,0.46,1.0,5.873239635384225e-15,0.0,0.0,0.0,0.0
2037,0.47000000000000003,0.9999999999999988,0.0,4.483573665196297e-15,1.1280041520121556e-15,5.311730906737509e-16,3.6518387682441195e-15
2037,0.48000000000000004,1.0,0.0,1.806302630459242e-15,3.723162965809431e-16,6.3848157717903e-16,2.2902968330038758e-15
2037,0.49,0.9999999999999964,0.0,1.7032829151638068e-15,7.638631477772313e-16,3.495896662085699e-16,1.1755724523718348e-15
2037,0.5,1.0,0.0,0.0,1.7219650422087892e-16,0.0,9.324519848201603e-17
2037,0.51,1.0,0.0,0.0,3.2588512678601456e-16,0.0,2.791602483166256e-16
2037,0.52,0.9999999999999978,3.55880977492189e-15,0.0,0.0,0.0,0.0
2037,0.53,1.0,8.154296695070321e-16,0.0,0.0,0.0,0.0
2037,0.54,0.9999999999999983,4.117390945944659e-15,0.0,0.0,0.0,0.0
2037,0.55,1.0,0.0,1.7701241592161165e-17,5.254152783356713e-16,4.638481591689005e-16,5.854437092141956e-16
2037,0.56,1.0,0.0,0.0,0.0,0.0,1.1087719513073915e-15
2037,0.5700000000000001,1.0,0.0,0.0,0.0,0.0,0.0
2037,0.5800000000000001,0.999999999999999,0.0,7.383738667146242e-16,3.821579723950908e-16,2.624789932116362e-16,4.513343061644023e-16
2037,0.59,1.0,1.5240454027297743e-13,0.0,0.0,0.0,0.0
2037,0.6,1.0,1.887075904067649e-15,0.0,0.0,0.0,0.0
2037,0.61,0.9999999999999983,1.0786320838243602e-15,4.564287858256633e-16,0.0,0.0,4.065626856713817e-16
2037,0.62,0.9999999999999993,0.0,1.0456282920675436e-16,2.316503820633687e-16,1.0829612692177769e-16,4.966467571942447e-16
2037,0.63,0.9999999999999998,4.1424603683263075e-15,0.0,0.0,0.0,0.0
2037,0.64,1.0,0.0,0.0,1.7156948808167392e-16,0.0,0.0
2037,0.65,1.0,0.0,1.3614385972206787e-15,2.7830665086403007e-16,3.788113452204891e-16,2.0961757279762665e-15
2037,0.66,1.0,5.590078638699481e-16,0.0,0.0,0.0,0.0
2037,0.67,0.9999999999999994,1.3872760667272502e-15,0.0,3.3189673137091515e-16,3.589302113990098e-18,0.0
2037,0.68,0.9999999999999998,2.5904876388514048e-15,0.0,0.0,0.0,0.0
2037,0.6900000000000001,0.9999999999999996,0.0,6.099486937379304e-16,3.2213484426128095e-16,2.240891429023804e-16,1.253234714533982e-15
2037,0.7000000000000001,1.0,2.220450707931523e-15,0.0,0.0,0.0,0.0
2037,0.7100000000000001,1.0,0.0,0.0,0.0,0.0,0.0
2037,0.72,1.0,1.169236188702289e-15,0.0,0.0,0.0,0.0
2037,0.73,0.9999999999999999,0.0,9.04367336904523e-16,1.246205693977362e-16,1.49229841130789e-16,7.348747736095167e-16
2037,0.74,1.0,3.394145722942707e-16,0.0,0.0,2.38088255978975e-17,0.0
2037,0.75,0.9999999999999998,0.0,5.742527628546309e-16,0.0,7.769790873516334e-17,5.856398502810441e-16
2037,0.76,1.0,0.0,2.454417725105632e-16,4.868287983026201e-16,2.6888129174345785e-16,6.370225629273845e-16
2037,0.77,0.9999999999994942,0.0,1.5808003479148078e-17,1.42565629403085e-16,1.2325748400551147e-16,3.624053040137404e-16
2037,0.78,0.9999999999999993,3.337754504479252e-16,2.844861797307238e-16,0.0,5.385350775348116e-17,1.80278257328869e-17
2037,0.79,1.0,0.0,0.0,1.5314472091349452e-16,0.0,0.0
2037,0.8,1.0,0.0,7.435090039573534e-16,3.48663748561814e-16,2.8226187121123403e-16,5.91153611251196e-16
2037,0.81,0.9999999999999989,3.998671019815733e-15,0.0,0.0,0.0,0.0
2037,0.8200000000000001,0.9999999999999991,0.0,4.803705955962797e-16,5.793239491098424e-17,1.1519986895837386e-16,6.070172678038482e-16
2037,0.8300000000000001,0.9999999999999998,1.1613537449696888e-15,0.0,0.0,0.0,0.0
2037,0.8400000000000001,0.9999999999999996,2.0096026080197726e-16,4.743143100234114e-16,0.0,0.0,0.0
2037,0.85,0.999999999999999,1.4115876063793432e-15,0.0,5.555265584567329e-17,0.0,1.5041187560868238e-17
2037,0.86,1.0,9.267895695677653e-16,0.0,9.851501396335866e-17,0.0,0.0
2037,0.87,1.0,0.0,1.0768359504597074e-15,0.0,2.6921375217525516e-16,4.4343318283241416e-16
2037,0.88,1.0,0.0,1.101233040439473e-15,6.970022364718824e-17,0.0,6.260788972488589e-16
2037,0.89,1.0,0.0,0.0,1.4386388740993301e-16,0.0,2.6478842854232507e-16
2037,0.9,1.0,0.0,0.0,4.405418358669616e-17,1.1782016538070504e-16,0.0
2037,0.91,1.0,0.0,0.0,0.0,0.0,0.0
2037,0.92,1.0,0.0,2.787081909582393e-16,0.0,0.0,3.7197995656867534e-16
2037,0.93,1.0,0.0,4.098224919688899e-16,2.6571042390541137e-16,5.3631585121300535e-17,1.634544889305041e-16
2037,0.9400000000000001,0.9999999999997906,1.5814332761206459e-15,0.0,1.846112860619056e-16,0.0,0.0
2037,0.9500000000000001,1.0,1.7892003999794674e-16,0.0,6.351222445102195e-17,0.0,0.0
2037,0.9600000000000001,1.0,3.18260603655275e-16,0.0,0.0,0.0,0.0
2037,0.97,1.0,0.0,4.634129959922486e-16,1.6076177119118268e-16,0.0,2.475381790550176e-16
2037,0.98,0.9999999999999987,2.8694316820082437e-15,0.0,0.0,0.0,0.0
2037,0.99,0.9999999999999997,0.0,2.476129629032349e-16,5.35136872288596e-16,0.0,2.1220137194338046e-17
2037,1.0,0.9999999999999994,0.0,1.378936259324333e-15,3.5751200651647485e-16,1.4550369811447396e-16,6.142522505944284e-16
2038,0.01,0.0691053144894786,0.20560524319398138,0.01569678898546917,0.3895854281792095,0.18004525767941812,0.13996196747244327
2038,0.02,0.0691053144894786,0.20560524319398138,0.01569678898546917,0.3895854281792095,0.18004525767941812,0.13996196747244327
2038,0.03,0.0691053144894786,0.20560524319398138,0.01569678898546917,0.3895854281792095,0.18004525767941812,0.13996196747244327
2038,0.04,0.0691053144894786,0.20560524319398138,0.01569678898546917,0.3895854281792095,0.18004525767941812,0.13996196747244327
2038,0.05,0.9999999999651901,2.4840184824532246e-11,2.637809513275953e-19,9.922062915602883e-12,4.5186075938797957e-13,5.3148444553445034e-18
2038,0.060000000000000005,1.0,0.0,0.0,0.0,0.0,0.0
2038,0.06999999999999999,1.0,0.0,0.0,0.0,0.0,0.0
2038,0.08,0.9999999999999991,9.992007221626409e-16,0.0,0.0,0.0,0.0
2038,0.09,1.0,2.165892693759053e-17,1.0064329839425962e-16,0.0,1.2578133209899715e-17,0.0
2038,0.09999999999999999,1.0,0.0,1.5736980359602842e-16,0.0,0.0,0.0
2038,0.11,1.0,0.0,0.0,0.0,0.0,0.0
2038,0.12,1.0,0.0,0.0,0.0,0.0,0.0
2038,0.13,0.9999999999999997,0.0,0.0,0.0,0.0,1.2794406412864823e-16
2038,0.14,1.0,0.0,0.0,0.0,0.0,0.0
2038,0.15000000000000002,1.0,0.0,0.0,0.0,0.0,0.0
2038,0.16,0.9999999999999177,0.0,0.0,3.931084209546393e-17,0.0,4.5818801370010634e-17
2038,0.17,1.0,0.0,0.0,1.7046310588824342e-17,0.0,0.0
2038,0.18000000000000002,1.0,0.0,0.0,0.0,0.0,0.0
2038,0.19,1.0,0.0,0.0,0.0,0.0,0.0
2038,0.2,1.0,0.0,0.0,0.0,0.0,0.0
2038,0.21000000000000002,1.0,0.0,0.0,0.0,0.0,0.0
2038,0.22,1.0,0.0,0.0,0.0,0.0,0.0
2038,0.23,1.0,0.0,0.0,0.0,0.0,0.0
2038,0.24000000000000002,1.0,1.690112303598636e-14,0.0,5.878478004638154e-18,0.0,7.913053890441111e-18
2038,0.25,1.0,0.0,0.0,0.0,0.0,0.0
2038,0.26,1.0,0.0,0.0,0.0,0.0,0.0
2038,0.27,1.0,0.0,0.0,0.0,0.0,0.0
2038,0.28,1.0,0.0,0.0,0.0,0.0,0.0
2038,0.29000000000000004,1.0,0.0,0.0,0.0,0.0,0.0
2038,0.3,1.0,0.0,0.0,0.0,0.0,0.0
2038,0.31,0.9999999999999721,3.8239002395726973e-17,1.3085510753292352e-17,0.0,7.900500175473647e-17,3.5636916147786e-17
2038,0.32,1.0,0.0,0.0,0.0,0.0,0.0
2038,0.33,1.0,0.0,0.0,0.0,0.0,0.0
2038,0.34,1.0,0.0,0.0,0.0,0.0,0.0
2038,0.35000000000000003,1.0,0.0,0.0,0.0,0.0,0.0
2038,0.36000000000000004,1.0,0.0,0.0,0.0,0.0,0.0
2038,0.37,1.0,0.0,0.0,0.0,0.0,0.0
2038,0.38,1.0,0.0,0.0,0.0,0.0,0.0
2038,0.39,1.0,0.0,0.0,0.0,0.0,0.0
2038,0.4,1.0,0.0,0.0,6.711551676441621e-18,2.7528233389778893e-17,0.0
2038,0.41000000000000003,1.0,0.0,0.0,0.0,0.0,0.0
2038,0.42000000000000004,1.0,0.0,0.0,0.0,0.0,0.0
2038,0.43,1.0,0.0,0.0,0.0,0.0,0.0
2038,0.44,1.0,0.0,0.0,0.0,0.0,0.0
2038,0.45,1.0,0.0,0.0,0.0,0.0,0.0
2038,0.46,1.0,9.764248679063182e-13,0.0,0.0,0.0,0.0
2038,0.47000000000000003,1.0,0.0,0.0,0.0,0.0,0.0
2038,0.48000000000000004,1.0,0.0,0.0,0.0,0.0,0.0
2038,0.49,1.0,0.0,0.0,0.0,0.0,0.0
2038,0.5,1.0,0.0,0.0,0.0,0.0,0.0
2038,0.51,1.0,0.0,0.0,0.0,0.0,0.0
2038,0.52,1.0,0.0,0.0,0.0,0.0,0.0
2038,0.53,1.0,0.0,0.0,0.0,0.0,0.0
2038,0.54,1.0,0.0,0.0,0.0,0.0,0.0
2038,0.55,1.0,0.0,0.0,0.0,0.0,0.0
2038,0.56,1.0,0.0,0.0,0.0,0.0,0.0
2038,0.5700000000000001,1.0,0.0,0.0,1.8817949258873376e-16,0.0,8.322872217581466e-17
2038,0.5800000000000001,1.0,0.0,0.0,0.0,7.756951701912211e-17,0.0
2038,0.59,1.0,0.0,6.865677223515889e-17,0.0,0.0,0.0
2038,0.6,1.0,0.0,0.0,0.0,0.0,0.0
2038,0.61,1.0,0.0,0.0,0.0,0.0,0.0
2038,0.62,1.0,3.4416913763379853e-15,0.0,0.0,0.0,0.0
2038,0.63,1.0,1.6603385333269216e-13,0.0,0.0,0.0,0.0
2038,0.64,0.9999999999983635,0.0,3.047562202596055e-14,1.4527268277220173e-12,2.62456723021387e-13,1.733613252952182e-13
2038,0.65,0.9999999999988529,0.0,2.0844437287337314e-14,1.0100531522283518e-12,1.7277845820728999e-13,1.1929346399597307e-13
2038,0.66,0.999999999998922,0.0,1.9465332123935752e-14,9.795428357328717e-13,1.648559760925039e-13,1.185067668996176e-13
2038,0.67,1.0,7.899236820207989e-14,0.0,0.0,0.0,0.0
2038,0.68,0.9999999999992288,0.0,1.3433698597964394e-14,7.048875372284158e-13,9.967027203572343e-14,7.743111707370076e-14
2038,0.6900000000000001,1.0,1.124100812432971e-13,0.0,0.0,0.0,0.0
2038,0.7000000000000001,1.0,3.6193270602780103e-13,0.0,0.0,0.0,0.0
2038,0.7100000000000001,0.999999999999458,0.0,9.745676488037702e-15,5.376957559755091e-13,7.072120666862247e-14,5.89086071589584e-14
2038,0.72,0.9999999999991492,0.0,1.6834623972616924e-14,8.144891011641064e-13,1.0683641471498362e-13,1.0248399351375781e-13
2038,0.73,0.9999999999999677,0.0,5.412337245047638e-16,2.6652291484907664e-14,4.309053114326389e-15,2.6922908347160046e-15
2038,0.74,0.9999999999992153,0.0,1.7177231859122344e-14,7.458400216875383e-13,9.76900851878959e-14,9.120829091990856e-14
2038,0.75,1.0,2.2870594307278225e-13,0.0,0.0,0.0,0.0
2038,0.76,1.0,4.169997680492088e-13,0.0,0.0,0.0,0.0
2038,0.77,1.0,1.4910295220715852e-13,0.0,0.0,0.0,0.0
2038,0.78,0.9999999999989642,0.0,2.727939402147328e-14,1.0411367948326422e-12,1.4584861096622603e-13,1.3260833403583305e-13
2038,0.79,1.0,1.9356738434339604e-13,0.0,0.0,0.0,0.0
2038,0.8,0.999999999998878,0.0,2.7894353493707058e-14,1.0704258660010346e-12,1.598235432886952e-13,1.4432986056300834e-13
2038,0.81,0.9999999999996594,0.0,1.0312931064682118e-14,3.2803273986026227e-13,5.6793979241742676e-14,5.159934979293013e-14
2038,0.8200000000000001,0.9999999999995663,0.0,1.3735540482784359e-14,4.461266425725974e-13,6.781988165505126e-14,6.575816280385283e-14
2038,0.8300000000000001,1.0,9.803269307440132e-14,0.0,0.0,0.0,0.0
2038,0.8400000000000001,0.9999999999993623,0.0,1.825536249944193e-14,6.497883828227025e-13,1.0569843611474283e-13,9.337149109445164e-14
2038,0.85,1.0,0.0,0.0,0.0,0.0,0.0
2038,0.86,1.0,4.637956685371591e-13,0.0,0.0,0.0,0.0
2038,0.87,0.9999999999984133,0.0,4.7455095408821535e-14,1.576905273026341e-12,2.665645482125001e-13,2.354991202047074e-13
2038,0.88,0.9999999999994088,0.0,1.5029644195863057e-14,5.601213937111993e-13,9.565351982709913e-14,8.695821840376539e-14
2038,0.89,1.0,1.7474910407599964e-13,0.0,0.0,0.0,0.0
2038,0.9,1.0,2.041700142285663e-13,0.0,0.0,0.0,0.0
2038,0.91,0.9999999999993054,0.0,2.8074764735208646e-14,7.298744941763857e-13,1.3571088697261757e-13,1.2016776462786538e-13
2038,0.92,1.0,2.5213164889237305e-13,0.0,0.0,0.0,0.0
2038,0.93,0.9999999999995185,0.0,2.037345986360961e-14,5.114806148065476e-13,1.0080131174206031e-13,8.654708893995888e-14
2038,0.9400000000000001,1.0,1.7930101847696278e-14,1.5447712553573467e-15,0.0,0.0,0.0
2038,0.9500000000000001,1.0,1.82576176399607e-13,0.0,0.0,0.0,0.0
2038,0.9600000000000001,1.0,1.1152190282359697e-13,0.0,0.0,0.0,0.0
2038,0.97,0.999999999999955,0.0,7.615436059538183e-16,3.945628546109248e-14,7.82880704708333e-15,7.922482114786078e-15
2038,0.98,0.9999999999996594,0.0,1.4613310561628623e-14,3.3237301799715624e-13,7.077671781985373e-14,6.183942247162122e-14
2038,0.99,1.0,1.5842882561400984e-13,0.0,0.0,0.0,0.0
2038,1.0,0.9999999999998452,0.0,1.008915173628111e-14,1.7578993816158572e-13,4.143907439413397e-14,3.630429290524262e-14
2039,0.01,0.007865074167059047,0.07260091045154689,0.14887453248037086,0.3531008155123171,0.20173254733572535,0.21582612005298074
2039,0.02,0.007865074167059047,0.07260091045154689,0.14887453248037086,0.3531008155123171,0.20173254733572535,0.21582612005298074
2039,0.03,0.007865074167059047,0.07260091045154689,0.14887453248037086,0.3531008155123171,0.20173254733572535,0.21582612005298074
2039,0.04,0.007865074167059047,0.07260091045154689,0.14887453248037086,0.3531008155123171,0.20173254733572535,0.21582612005298074
2039,0.05,0.007865074167059047,0.07260091045154689,0.14887453248037086,0.3531008155123171,0.20173254733572535,0.21582612005298074
2039,0.060000000000000005,0.007865074167059047,0.07260091045154689,0.14887453248037086,0.3531008155123171,0.20173254733572535,0.21582612005298074
2039,0.06999999999999999,0.007809563039775057,0.07265641265709409,0.14893003468591715,0.353156319258394,0.20167704882171197,0.2157706215394466
2039,0.08,0.007865074167059047,0.07260091045154689,0.14887453248037086,0.3531008155123171,0.20173254733572535,0.21582612005298074
2039,0.09,0.00784656792251452,0.07269343358475935,0.14885602633213546,0.3530823088504215,0.20171404529614032,0.2158076180133957
2039,0.09999999999999999,0.007865074167059047,0.07260091045154689,0.14887453248037086,0.3531008155123171,0.20173254733572535,0.21582612005298074
2039,0.11,0.9999999999999949,4.884981308350689e-15,2.0599841277224584e-17,1.6653345369377348e-16,7.806255641895632e-18,0.0
2039,0.12,0.0,1.0,0.0,0.0,0.0,0.0
2039,0.13,0.0,1.0,0.0,0.0,0.0,2.080206908475597e-17
2039,0.14,0.0,1.0,0.0,0.0,0.0,0.0
2039,0.15000000000000002,0.0,1.0,0.0,0.0,0.0,0.0
2039,0.16,0.0,1.0,0.0,0.0,0.0,0.0
2039,0.17,0.0,0.9999999999999982,0.0,1.6898222181965132e-15,2.797972198560187e-16,5.183023176880918e-16
2039,0.18000000000000002,1.6210493096728932e-17,1.0,5.310422021404956e-17,0.0,1.4636461326478707e-17,0.0
2039,0.19,0.0,1.0,0.0,0.0,0.0,0.0
2039,0.2,0.0,1.0,0.0,0.0,0.0,0.0
2039,0.21000000000000002,1.1174592535633296e-15,1.0,0.0,0.0,0.0,1.1035584635170413e-16
2039,0.22,1.926073243617203e-15,1.0,0.0,0.0,5.185195372648818e-15,0.0
2039,0.23,1.0448746632425009e-13,1.0,0.0,2.8496283180535954e-18,2.068676948100263e-17,0.0
2039,0.24000000000000002,0.0,1.0,0.0,0.0,9.069342685192678e-17,0.0
2039,0.25,0.0,1.0,0.0,0.0,0.0,0.0
2039,0.26,0.0,1.0,0.0,0.0,0.0,0.0
2039,0.27,0.0,1.0,0.0,0.0,0.0,0.0
2039,0.28,0.0,1.0,0.0,0.0,0.0,0.0
2039,0.29000000000000004,0.0,1.0,0.0,0.0,0.0,0.0
2039,0.3,0.0,1.0,0.0,0.0,0.0,0.0
2039,0.31,0.0,1.0,0.0,0.0,0.0,0.0
2039,0.32,0.0,0.9999999999999999,1.253566991383382e-16,0.0,0.0,7.711226946266796e-17
2039,0.33,8.319947396115888e-17,0.9999999999999016,0.0,0.0,4.878699020904449e-17,4.528103750191223e-17
2039,0.34,0.0,1.0,0.0,0.0,0.0,0.0
2039,0.35000000000000003,0.0,1.0,0.0,0.0,0.0,0.0
2039,0.36000000000000004,0.0,1.0,0.0,0.0,0.0,0.0
2039,0.37,3.667318087975196e-17,0.9999999999999999,1.3600964950184112e-17,2.1581939577156645e-17,0.0,0.0
2039,0.38,0.0,1.0,0.0,0.0,0.0,0.0
2039,0.39,0.0,0.999999999999916,8.539395007201173e-15,6.712748820399623e-14,0.0,0.0
2039,0.4,2.4721824665211332e-14,0.9999999999981691,3.941876724826071e-13,1.3871470916367726e-12,7.78504331763786e-17,2.477582214366056e-14
2039,0.41000000000000003,0.0,1.0,0.0,0.0,0.0,1.102891753844373e-15
2039,0.42000000000000004,8.54939673518983e-14,1.0,0.0,0.0,0.0,0.0
2039,0.43,0.0,1.0,0.0,0.0,0.0,0.0
2039,0.44,0.0,0.9999999999995732,0.0,0.0,0.0,0.0
2039,0.45,0.0,1.0,0.0,0.0,0.0,0.0
2039,0.46,0.0,1.0,0.0,0.0,7.229383882102852e-15,0.0
2039,0.47000000000000003,1.1886982691419103e-16,1.0,0.0,0.0,6.026398446451884e-17,5.4909425804855103e-17
2039,0.48000000000000004,0.0,1.0,0.0,0.0,0.0,0.0
2039,0.49,2.9679053259808316e-16,0.9999999999998551,0.0,3.6066650155506675e-16,9.449831910399341e-17,6.59184875796623e-17
2039,0.5,3.859637427831297e-14,1.0,4.803315394364774e-18,8.385641659019725e-17,1.5758869571147888e-17,0.0
2039,0.51,0.0,0.9999999999999495,0.0,2.328598099197165e-16,2.878026116076425e-17,5.299789521136528e-17
2039,0.52,0.0,0.9999999999995441,5.133640045820475e-18,0.0,2.7461836128690667e-17,0.0
2039,0.53,0.0,1.0,0.0,0.0,0.0,0.0
2039,0.54,4.341377622166607e-14,1.0,0.0,0.0,0.0,6.105219210102381e-17
2039,0.55,0.0,1.0,0.0,0.0,0.0,0.0
2039,0.56,0.0,0.9999999999996696,3.8506123241572536e-16,4.100473593640512e-17,7.139338615707036e-17,9.030875218200101e-17
2039,0.5700000000000001,3.4659524553360743e-16,0.9999999999999999,1.2347615801129673e-16,0.0,4.1717318249213846e-17,0.0
2039,0.5800000000000001,0.0,0.9999999999981367,3.1534248361429036e-13,1.4688765362140352e-12,7.013037516247762e-14,1.7756746650741922e-16
2039,0.59,0.0,0.9999999999998673,1.1946946553225246e-15,7.189061129301097e-15,1.4915338027727736e-17,4.361292301101001e-16
2039,0.6,0.0,1.0,0.0,0.0,0.0,0.0
2039,0.61,0.0,1.0,0.0,0.0,0.0,0.0
2039,0.62,2.1454746547604991e-16,0.9999999999999701,0.0,2.0242163758484982e-16,0.0,2.0069147787110763e-17
2039,0.63,5.441834684905129e-15,0.9999999999999788,3.839542390337268e-15,6.368913605063902e-15,1.1843952030733186e-15,1.3160675095237147e-15
2039,0.64,0.0,1.0,0.0,0.0,0.0,0.0
2039,0.65,0.0,1.0,0.0,0.0,0.0,0.0
2039,0.66,5.3206214288403023e-14,1.0,0.0,0.0,0.0,0.0
2039,0.67,6.671821418142203e-16,1.0,1.420431409905013e-16,0.0,3.841282864350245e-17,1.0592113478629654e-16
2039,0.68,1.4293623355191343e-14,1.0,0.0,0.0,0.0,0.0
2039,0.6900000000000001,6.612382335303848e-15,1.0,0.0,3.517769732461249e-16,3.732545873762473e-17,1.4478231956328378e-16
2039,0.7000000000000001,0.0,0.9999999999999996,6.061587036833973e-16,6.803117158563384e-15,4.488011467023251e-16,9.731822944223173e-16
2039,0.7100000000000001,0.0,0.9999999999999997,2.977938999798483e-17,1.4314205216457183e-16,6.615902056070385e-17,0.0
2039,0.72,2.1138477251324007e-15,0.9999999999999997,5.540651313653882e-17,9.530676399109552e-17,7.902409768509667e-17,7.334733226175109e-19
2039,0.73,1.1200124020549355e-15,1.0,0.0,0.0,0.0,0.0
2039,0.74,0.0,1.0,0.0,0.0,1.2932714106497464e-16,0.0
2039,0.75,1.1763524024304882e-15,1.0,0.0,0.0,0.0,1.652637587348138e-17
2039,0.76,9.791816706440665e-14,0.9999999999999998,0.0,6.698315590783176e-16,0.0,3.468259592603925e-16
2039,0.77,1.3054424855065234e-15,1.0,1.1042290966544744e-16,0.0,0.0,0.0
2039,0.78,0.0,0.9999999999998989,1.6041002266525943e-16,0.0,1.4388895713464918e-16,0.0
2039,0.79,3.178203365715844e-13,0.9999999999997993,0.0,0.0,0.0,0.0
2039,0.8,0.0,1.0,0.0,8.458258305922828e-16,9.357235463106004e-17,1.441335973130013e-17
2039,0.81,0.0,0.9999999999999994,5.737256104988701e-17,8.369023574793388e-16,0.0,3.520459463897613e-16
2039,0.8200000000000001,0.0,0.9999999999999999,3.456704534470207e-17,2.9129638019476787e-16,8.441835049000194e-17,9.219595507782836e-17
2039,0.8300000000000001,0.0,1.0,8.325880497124754e-15,2.658083779718054e-14,2.249536125274341e-15,3.0944946888408157e-15
2039,0.8400000000000001,1.330863881915997e-12,0.9999999999986984,6.4589639734535956e-15,0.0,0.0,0.0
2039,0.85,1.3656285896794196e-11,0.9999999999870223,0.0,0.0,1.2246371533173367e-14,5.4051720561950986e-14
2039,0.86,1.6634733776074897e-14,1.0,0.0,0.0,0.0,0.0
2039,0.87,0.0,1.0,1.4676860766090395e-15,1.781274659442257e-15,0.0,0.0
2039,0.88,0.0,1.0,1.2183125711505625e-15,3.5786217531354376e-15,6.928094493389965e-16,4.975876065496564e-16
2039,0.89,1.7056084116510803e-10,0.9999999998268707,7.830338851228848e-13,9.637925687757552e-13,4.566133698547798e-13,3.68842727927306e-13
2039,0.9,2.956514400984747e-14,0.999999999999986,0.0,0.0,0.0,0.0
2039,0.91,0.0,1.0,0.0,0.0,0.0,0.0
2039,0.92,4.371365431358391e-13,0.9999999999999946,0.0,1.845357345177016e-15,0.0,0.0
2039,0.93,0.2537571871697131,0.7462428128302662,2.229694060847554e-16,0.0,0.0,4.0907323838748426e-17
2039,0.9400000000000001,0.0,1.0,0.0,0.0,0.0,1.7090869781615976e-17
2039,0.9500000000000001,7.820542916413026e-12,0.9999999999911268,1.7551875784292522e-13,6.663700626724968e-13,1.1596939714604757e-13,9.412218343245572e-14
2039,0.9600000000000001,0.0,0.9999999999994922,0.0,2.0175424252064548e-16,3.510968027263265e-17,0.0
2039,0.97,0.0,0.999999999999847,0.0,0.0,5.574705520102407e-16,0.0
2039,0.98,0.0,0.9999999999999999,1.4738292008094572e-18,1.962448977735246e-15,0.0,1.4472340878999455e-16
2039,0.99,0.0,1.0,5.096317938237081e-15,3.072342283320569e-15,1.1789651927976348e-15,5.666953057701984e-16
2039,1.0,3.552162925002931e-14,0.9999999999999674,0.0,0.0,0.0,0.0
2040,0.01,0.1334895819641825,0.28115486749757335,0.18642481018820292,0.08182534582119388,0.28821675406337166,0.028888640465475596
2040,0.02,0.1334895819641825,0.28115486749757335,0.18642481018820292,0.08182534582119388,0.28821675406337166,0.028888640465475596
2040,0.03,0.9999999999999998,0.0,3.2959746043559335e-17,0.0,0.0,2.7755575615628914e-17
2040,0.04,1.0,0.0,0.0,0.0,0.0,0.0
2040,0.05,1.0,1.9514063031635308e-14,0.0,0.0,3.051219002642859e-17,0.0
2040,0.060000000000000005,1.0,0.0,0.0,0.0,0.0,0.0
2040,0.06999999999999999,0.9999999999999999,1.8857059407720286e-16,0.0,0.0,0.0,2.713935583777896e-17
2040,0.08,1.0,0.0,0.0,0.0,0.0,0.0
2040,0.09,1.0,0.0,0.0,0.0,0.0,0.0
2040,0.09999999999999999,1.0,0.0,3.555475390020354e-17,6.417856558372833e-17,1.0437754571262616e-17,0.0
2040,0.11,1.0,0.0,0.0,0.0,0.0,0.0
2040,0.12,0.9999999999997601,0.0,0.0,6.886716508920241e-17,0.0,1.3355994419200188e-17
2040,0.13,1.0,0.0,0.0,0.0,0.0,0.0
2040,0.14,1.0,0.0,0.0,0.0,0.0,0.0
2040,0.15000000000000002,1.0,0.0,0.0,0.0,0.0,0.0
2040,0.16,1.0,0.0,0.0,0.0,0.0,0.0
2040,0.17,1.0,0.0,0.0,0.0,0.0,0.0
2040,0.18000000000000002,1.0,0.0,0.0,0.0,0.0,0.0
2040,0.19,1.0,0.0,0.0,0.0,0.0,0.0
2040,0.2,1.0,0.0,0.0,0.0,0.0,0.0
2040,0.21000000000000002,0.9999999999999999,0.0,1.160671642165673e-17,0.0,0.0,1.1606716420848936e-17
2040,0.22,1.0,0.0,0.0,0.0,0.0,0.0
2040,0.23,1.0,0.0,0.0,0.0,0.0,0.0
2040,0.24000000000000002,1.0,0.0,0.0,0.0,0.0,0.0
2040,0.25,1.0,1.743691953115174e-15,0.0,6.551178687686361e-18,0.0,4.818454211032194e-17
2040,0.26,1.0,0.0,0.0,0.0,0.0,0.0
2040,0.27,1.0,8.586869703275828e-15,0.0,0.0,0.0,0.0
2040,0.28,1.0,0.0,0.0,0.0,0.0,0.0
2040,0.29000000000000004,0.99999999999858,9.814371537686384e-14,4.718447854656915e-13,1.6575629757653587e-13,6.222800053024002e-13,6.117328865684613e-14
2040,0.3,0.9999999999982911,5.395683899678261e-14,6.008180064576152e-13,1.989415576719722e-13,7.7637549167342e-13,7.867578116771412e-14
2040,0.31,0.9999999999973981,1.9129142714291447e-13,8.963767228475916e-13,2.720905098452242e-13,1.1265398336401944e-12,1.150806880345634e-13
2040,0.32,0.999999999999662,1.509903313490213e-14,1.2068124277675452e-13,3.605449272470196e-14,1.4940826353893044e-13,1.6042722705833512e-14
2040,0.33,1.0,0.0,0.0,0.0,0.0,0.0
2040,0.34,0.9999999999999838,0.0,5.02549390990481e-15,0.0,1.3496148643099559e-14,0.0
2040,0.35000000000000003,1.0,0.0,0.0,0.0,0.0,0.0
2040,0.36000000000000004,1.0,0.0,0.0,0.0,0.0,0.0
2040,0.37,0.9999999999998332,1.4932499681208355e-14,6.763686832833571e-14,1.3183898417423734e-14,6.261657858885883e-14,8.489736691430494e-15
2040,0.38,1.0,0.0,0.0,0.0,0.0,0.0
2040,0.39,1.0,0.0,0.0,0.0,0.0,0.0
2040,0.4,1.0,7.216449660063518e-16,0.0,0.0,0.0,0.0
2040,0.41000000000000003,1.0,0.0,0.0,0.0,0.0,0.0
2040,0.42000000000000004,0.9999999999999947,0.0,9.992007221626409e-16,4.996003610813204e-16,4.3021142204224816e-15,3.3306690738754696e-16
2040,0.43,1.0,2.609024107869118e-15,0.0,0.0,0.0,0.0
2040,0.44,1.0,0.0,0.0,0.0,0.0,0.0
2040,0.45,1.0,0.0,0.0,0.0,0.0,2.7755575615628914e-16
2040,0.46,1.0,0.0,0.0,0.0,0.0,0.0
2040,0.47000000000000003,0.9999999999999796,2.3314683517128287e-15,7.827072323607354e-15,1.7416623698807143e-15,7.598088824778415e-15,1.0408340855860843e-15
2040,0.48000000000000004,0.9999999999999938,6.328271240363392e-15,1.3340023530261647e-15,0.0,4.969982758673552e-16,0.0
2040,0.49,0.9999999999999882,1.3322676295501878e-15,3.2751579226442118e-15,1.7486012637846216e-15,5.167741234934908e-15,4.354155924701786e-16
2040,0.5,1.0,0.0,0.0,0.0,0.0,0.0
2040,0.51,1.0,0.0,0.0,0.0,0.0,0.0
2040,0.52,0.9999999999999911,2.275957200481571e-15,2.6922908347160046e-15,4.0245584642661925e-16,3.164135620181696e-15,4.0245584642661925e-16
2040,0.53,0.999999999999998,3.219646771412954e-15,0.0,2.914335439641036e-16,0.0,1.942890293094024e-16
2040,0.54,1.0,0.0,0.0,0.0,0.0,0.0
2040,0.55,1.0,0.0,0.0,0.0,0.0,0.0
2040,0.56,0.9999999999999358,5.167674040572209e-16,0.0,0.0,0.0,0.0
2040,0.5700000000000001,0.9999999999999996,3.493010989517957e-16,0.0,6.989828617104363e-17,1.8533982411373292e-16,1.660450462035072e-16
2040,0.5800000000000001,1.0,3.3861802251067274e-15,0.0,0.0,0.0,0.0
2040,0.59,0.9999999999999943,9.992007221626409e-16,1.654926196081874e-15,2.0469737016526324e-16,2.2967738821932926e-15,4.163336342344337e-16
2040,0.6,0.9999999999999969,1.4988010832439613e-15,5.273559366969494e-16,7.494005416219807e-16,3.0531133177191805e-16,0.0
2040,0.61,0.9999999999999951,0.0,2.7200464103316335e-15,8.881784197001252e-16,4.3021142204224816e-15,5.551115123125783e-16
2040,0.62,0.9999999999999976,0.0,1.375635716449608e-15,1.3877787807814457e-17,1.3114509478384662e-15,0.0
2040,0.63,0.9999999999999936,1.4432899320127035e-15,1.609823385706477e-15,1.942890293094024e-16,2.581268532253489e-15,4.440892098500626e-16
2040,0.64,0.9999999999999951,0.0,1.6479873021779667e-15,7.181755190543981e-16,2.809384669344439e-15,5.93275428784068e-16
2040,0.65,1.0,2.886579864025407e-15,0.0,0.0,0.0,0.0
2040,0.66,1.0,1.6653345369377348e-16,0.0,0.0,0.0,0.0
2040,0.67,1.0,2.6645352591003757e-15,0.0,0.0,0.0,0.0
2040,0.68,0.9999999999999998,6.661338147750939e-16,0.0,5.551115123125783e-16,0.0,0.0
2040,0.6900000000000001,0.9999999999999923,0.0,3.0773994463828558e-15,1.1744077932362984e-15,4.954370247389761e-15,7.919012667834124e-16
2040,0.7000000000000001,1.0,7.771561172376096e-16,0.0,0.0,0.0,0.0
2040,0.7100000000000001,0.9999999999999951,0.0,2.609024107869118e-15,2.248201624865942e-15,3.3861802251067274e-15,1.1657341758564144e-15
2040,0.72,0.9999999999999993,0.0,1.2420620087993939e-15,1.0512424264419451e-15,1.4918621893400541e-15,1.5265566588595902e-16
2040,0.73,0.9999999999999987,7.216449660063518e-16,1.0755285551056204e-16,0.0,1.1761425167122752e-15,0.0
2040,0.74,0.999999999999998,0.0,1.1657341758564144e-15,5.551115123125783e-17,2.1371793224034263e-15,1.942890293094024e-16
2040,0.75,0.9999999999999922,0.0,3.247402347028583e-15,1.0824674490095276e-15,4.690692279041286e-15,5.551115123125783e-17
2040,0.76,0.9999999999999982,0.0,1.0885389811754465e-15,5.828670879282072e-16,1.6393136847980827e-16,3.929148673087468e-16
2040,0.77,1.0,1.6653345369377348e-16,6.661338147750939e-16,3.8163916471489756e-17,0.0,0.0
2040,0.78,0.9999999999999971,0.0,8.881784197001252e-16,1.0269562977782698e-15,2.9698465908722937e-15,3.0531133177191805e-16
2040,0.79,1.0,1.4988010832439613e-15,0.0,0.0,0.0,0.0
2040,0.8,1.0,0.0,1.6653345369377348e-16,4.718447854656915e-16,6.661338147750939e-16,8.326672684688674e-17
2040,0.81,0.9999999999999952,8.326672684688674e-16,1.1423154089307275e-15,3.0531133177191805e-16,2.1094237467877974e-15,4.371503159461554e-16
2040,0.8200000000000001,1.0,0.0,0.0,1.942890293094024e-16,0.0,5.551115123125783e-16
2040,0.8300000000000001,0.9999999999999953,0.0,2.192690473634684e-15,1.0547118733938987e-15,3.1363800445660672e-15,4.718447854656915e-16
2040,0.8400000000000001,0.9999999999999982,0.0,1.8318679906315083e-15,6.106226635438361e-16,2.192690473634684e-15,0.0
2040,0.85,1.0,1.3322676295501878e-15,0.0,0.0,0.0,0.0
2040,0.86,1.0,0.0,0.0,0.0,0.0,0.0
2040,0.87,1.0,2.9976021664879227e-15,0.0,0.0,0.0,0.0
2040,0.88,0.9999999999999991,0.0,3.3306690738754696e-16,8.049116928532385e-16,1.7694179454963432e-16,0.0
2040,0.89,0.9999999999999981,0.0,1.1657341758564144e-15,7.320533068622126e-16,1.0720591081536668e-15,0.0
2040,0.9,0.9999999999999974,7.771561172376096e-16,1.2212453270876722e-15,3.469446951953614e-17,5.828670879282072e-16,0.0
2040,0.91,0.9999999999999991,5.551115123125783e-16,9.43689570931383e-16,0.0,2.7755575615628914e-16,0.0
2040,0.92,1.0,0.0,0.0,0.0,0.0,3.642919299551295e-16
2040,0.93,0.9999999999999963,6.661338147750939e-16,1.1171619185290638e-15,4.85722573273506e-17,1.870031907102998e-15,0.0
2040,0.9400000000000001,0.9999999999999996,0.0,6.92154666914746e-16,5.551115123125783e-17,1.7867651802561113e-15,0.0
2040,0.9500000000000001,0.9999999999999968,1.7763568394002505e-15,7.216449660063518e-16,3.608224830031759e-16,0.0,3.7816971776294395e-16
2040,0.9600000000000001,0.9999999999999986,0.0,9.43689570931383e-16,6.800116025829084e-16,1.6653345369377348e-15,0.0
2040,0.97,1.0,8.881784197001252e-16,0.0,0.0,0.0,3.0531133177191805e-16
2040,0.98,1.0,0.0,0.0,0.0,8.673617379884035e-18,9.992007221626409e-16
2040,0.99,1.0,0.0,0.0,0.0,1.968911145233676e-16,0.0
2040,1.0,1.0,4.440892098500626e-16,0.0,0.0,3.0531133177191805e-16,0.0
2041,0.01,0.10755526127654526,0.3346919582934545,0.11233179565872314,0.13550832615989822,0.12808906859092384,0.181823590020455
2041,0.02,0.10755526127654526,0.3346919582934545,0.11233179565872314,0.13550832615989822,0.12808906859092384,0.181823590020455
2041,0.03,1.0,0.0,5.7419549858839e-17,0.0,0.0,8.24591557915252e-18
2041,0.04,1.0,0.0,0.0,0.0,0.0,0.0
2041,0.05,1.0,0.0,1.748491108844974e-16,2.681240286974776e-16,8.34669355064594e-18,2.5942820503659002e-17
2041,0.060000000000000005,1.0,0.0,0.0,0.0,0.0,0.0
2041,0.06999999999999999,0.9999999999999998,2.7814338003298346e-16,0.0,0.0,3.79752542363747e-17,0.0
2041,0.08,1.0,0.0,0.0,0.0,0.0,0.0
2041,0.09,0.9999999999997021,0.0,1.4898446027682184e-16,0.0,0.0,7.95955214445447e-17
2041,0.09999999999999999,1.0,0.0,0.0,0.0,0.0,0.0
2041,0.11,1.0,0.0,0.0,0.0,0.0,0.0
2041,0.12,1.0,0.0,0.0,0.0,1.19960666817406e-14,0.0
2041,0.13,1.0,0.0,0.0,0.0,0.0,0.0
2041,0.14,1.0,0.0,0.0,0.0,0.0,0.0
2041,0.15000000000000002,1.0,0.0,0.0,0.0,0.0,0.0
2041,0.16,0.9999999999999999,0.0,0.0,8.140061054020878e-17,7.879852532785916e-17,2.7624182788158937e-17
2041,0.17,0.9999999999999479,5.1132004245495556e-14,9.927812147514924e-16,2.283678496346256e-15,0.0,0.0
2041,0.18000000000000002,0.9999999999993328,0.0,0.0,2.3754233828138594e-16,1.2769208622677015e-16,0.0
2041,0.19,1.0,0.0,0.0,0.0,9.464755383955188e-16,1.2622699120500561e-15
2041,0.2,1.0,0.0,0.0,0.0,0.0,0.0
2041,0.21000000000000002,1.0,0.0,0.0,0.0,0.0,0.0
2041,0.22,1.0,0.0,0.0,0.0,0.0,0.0
2041,0.23,0.9999999999989467,1.1028192951092271e-12,3.3644536349255695e-14,2.3177097573419478e-14,1.030511459240323e-15,3.669565814911637e-15
2041,0.24000000000000002,1.0,1.1432455255530678e-15,0.0,0.0,0.0,0.0
2041,0.25,0.9999999999999948,6.323441946767354e-16,6.34550977654348e-16,8.832654714029598e-16,1.094883454322574e-15,1.471423349553754e-15
2041,0.26,0.9999999999975804,1.9717683388248437e-12,1.229113445251475e-13,1.57328972443181e-13,7.523217030883854e-14,9.246873269663043e-14
2041,0.27,0.9999999999976193,1.9606703622192346e-12,1.2251029104764417e-13,1.4867463287143198e-13,6.749635464152062e-14,8.127010525701166e-14
2041,0.28,0.999999999999871,1.3541506610238916e-13,7.696679621720773e-16,0.0,0.0,0.0
2041,0.29000000000000004,1.0,9.992007221626409e-16,0.0,0.0,0.0,0.0
2041,0.3,0.9999999999999378,1.3100631690576847e-14,1.325675680341476e-14,1.6077417175353048e-14,9.353628982466944e-15,1.0449974219284286e-14
2041,0.31,1.0,0.0,0.0,0.0,0.0,0.0
2041,0.32,1.0,0.0,0.0,0.0,7.771561172376096e-16,0.0
2041,0.33,1.0,0.0,2.0834028946481453e-15,8.491471414906471e-16,6.305719835175694e-16,2.2143745170843943e-15
2041,0.34,0.9999999999999689,5.773159728050814e-15,5.489532439728606e-15,8.197435785728402e-15,5.506879674488374e-15,6.131380125840025e-15
2041,0.35000000000000003,0.9999999999998991,2.55351295663786e-14,1.6514567491299204e-14,2.5075427845244747e-14,1.3961054534661343e-14,1.9589364852468094e-14
2041,0.36000000000000004,1.0,0.0,0.0,0.0,0.0,0.0
2041,0.37,1.0,0.0,0.0,0.0,0.0,0.0
2041,0.38,0.9999999999999982,0.0,6.687358999890591e-16,1.6323747908941755e-15,0.0,0.0
2041,0.39,1.0,0.0,0.0,0.0,0.0,0.0
2041,0.4,1.0,0.0,0.0,0.0,0.0,0.0
2041,0.41000000000000003,1.0,0.0,0.0,0.0,0.0,0.0
2041,0.42000000000000004,0.999999999999949,1.1324274851176597e-14,7.494005416219807e-15,1.3739009929736312e-14,8.826273045769994e-15,9.575673587391975e-15
2041,0.43,1.0,4.440892098500626e-15,0.0,0.0,0.0,0.0
2041,0.44,0.9999999999999768,7.438494264988549e-15,2.366162821232365e-15,5.1209037010835345e-15,3.656797087359109e-15,4.610894999146353e-15
2041,0.45,1.0,0.0,0.0,0.0,0.0,0.0
2041,0.46,1.0,0.0,0.0,0.0,0.0,0.0
2041,0.47000000000000003,1.0,0.0,0.0,0.0,0.0,0.0
2041,0.48000000000000004,0.9999999999993405,7.07431738328348e-13,0.0,0.0,0.0,0.0
2041,0.49,0.9999999999965461,3.679009998805206e-12,0.0,0.0,0.0,0.0
2041,0.5,1.0,2.10884438221319e-16,3.723316096481341e-17,6.061276244087321e-17,1.1220344559241156e-16,0.0
2041,0.51,0.9999999999999997,1.053574914563435e-15,0.0,7.876220515921355e-17,0.0,0.0
2041,0.52,1.0,3.538282245396414e-14,2.6283891503164392e-17,0.0,0.0,0.0
2041,0.53,1.0,0.0,4.901986410621193e-14,6.089706009543907e-14,6.824455440806075e-14,9.001510803259144e-14
2041,0.54,1.0,3.778748225537295e-14,0.0,1.7244159543884707e-16,0.0,0.0
2041,0.55,1.0,0.0,0.0,0.0,0.0,0.0
2041,0.56,1.0,4.396959185795585e-17,7.533243184688819e-18,0.0,0.0,0.0
2041,0.5700000000000001,0.9999999999999999,0.0,0.0,2.49331413970827e-16,9.19045741688764e-17,0.0
2041,0.5800000000000001,0.9999999999999983,4.1212078702495934e-16,0.0,0.0,0.0,0.0
2041,0.59,1.0,2.2463875125272124e-16,0.0,8.154199432128515e-17,1.8700635077498457e-18,1.2172184383803825e-16
2041,0.6,0.9999999999999997,4.842209226072321e-14,1.9919653250923992e-16,1.3642763759179635e-16,0.0,2.0897533578551825e-16
2041,0.61,0.9999999999999991,0.0,0.0,0.0,0.0,0.0
2041,0.62,1.0,0.0,4.2565732492519034e-16,2.7260572244892364e-14,6.119833005491731e-14,8.25466779620453e-14
2041,0.63,0.9999999999999963,1.7632230634853963e-15,2.0133031147443507e-16,0.0,4.905711378255217e-16,1.3384350109076947e-15
2041,0.64,1.0,5.874620268451548e-14,0.0,2.9132872149138116e-16,0.0,2.098610178163159e-16
2041,0.65,0.9999999999999987,1.3924834803235673e-15,0.0,0.0,0.0,0.0
2041,0.66,1.0,4.2940596195180986e-16,1.9088446185520407e-16,0.0,1.8589279614289127e-16,0.0
2041,0.67,0.9999999999999916,5.3904041317738936e-15,1.5194977681207913e-15,1.1156174127049136e-15,1.3104430849743284e-16,2.0039125336263543e-16
2041,0.68,0.9999999999985214,1.5316021890691646e-12,0.0,0.0,0.0,0.0
2041,0.6900000000000001,1.0,0.0,1.2247343309597768e-16,5.1943911270428044e-18,0.0,0.0
2041,0.7000000000000001,0.9999999999857125,1.495477819990902e-11,0.0,0.0,0.0,0.0
2041,0.7100000000000001,0.9999999999998694,3.0976805855166165e-15,0.0,0.0,0.0,0.0
2041,0.72,0.9999999999998626,0.0,0.0,2.1205255212161724e-16,1.2042528345238618e-16,1.1012772795578972e-16
2041,0.73,1.0,0.0,0.0,0.0,0.0,2.4650330400081907e-17
2041,0.74,1.0,0.0,2.08612105513962e-14,2.415428787955605e-14,1.819215986553313e-14,2.35573162107484e-14
2041,0.75,0.9999999999909098,9.50529770387985e-12,0.0,0.0,0.0,0.0
2041,0.76,0.9999999999999986,0.0,5.828736391481715e-16,8.546012346437756e-16,1.4599797500356563e-16,4.1834815133621887e-16
2041,0.77,0.9999999999999999,3.751495520639992e-17,0.0,0.0,1.8275919421800375e-16,1.3647875216600184e-16
2041,0.78,0.9999999999999996,0.0,0.0,0.0,5.70803111601356e-17,0.0
2041,0.79,0.9999999999939231,6.357168882677903e-12,0.0,0.0,0.0,0.0
2041,0.8,1.0,0.0,1.1374763771328239e-15,4.02481250634967e-14,8.835720395246429e-14,9.91922898531578e-14
2041,0.81,0.9999999999999996,0.0,4.903718105623511e-16,6.225041201162325e-16,1.0267832131302252e-16,0.0
2041,0.8200000000000001,1.0,0.0,1.0949190450924027e-15,3.602627742195421e-15,7.963030852520562e-16,1.12446704830354e-15
2041,0.8300000000000001,0.9999999999976972,2.401771696593901e-12,0.0,0.0,0.0,0.0
2041,0.8400000000000001,0.9999999999999997,7.771407068627977e-16,0.0,3.4121460971877014e-17,4.28628833159243e-17,1.0139817737251728e-16
2041,0.85,0.9999999999912238,9.152434150289785e-12,0.0,0.0,0.0,0.0
2041,0.86,1.0,0.0,2.294717481014937e-13,2.9803531494335535e-13,9.493366210061149e-14,1.7602930586083153e-13
2041,0.87,1.0,0.0,1.4915611114789526e-13,1.9564327236173615e-13,5.418852686005389e-14,1.0940608503684859e-13
2041,0.88,0.999999999999958,0.0,1.6191819587361431e-15,1.5443321076839959e-15,4.9221093780256404e-17,7.879188132335249e-16
2041,0.89,1.0,0.0,1.7094891002814277e-13,2.2124928100986628e-13,4.818413730179802e-14,1.1144129832130331e-13
2041,0.9,0.9999999999925148,7.827407285327444e-12,0.0,0.0,0.0,0.0
2041,0.91,0.999999999994766,5.480722966099037e-12,0.0,0.0,0.0,0.0
2041,0.92,0.9999999999910315,9.394279782377616e-12,0.0,0.0,0.0,0.0
2041,0.93,1.0,1.266854504889687e-15,0.0,0.0,0.0,0.0
2041,0.9400000000000001,1.0,0.0,9.188379030188083e-17,0.0,0.0,0.0
2041,0.9500000000000001,0.9999999999940239,6.25310948379758e-12,0.0,0.0,0.0,0.0
2041,0.9600000000000001,1.0,0.0,4.909275569879996e-15,8.968024219415931e-15,0.0,0.0
2041,0.97,1.0,0.0,4.179759061818001e-14,5.72443898584781e-14,2.373071221950171e-15,2.0322250369200984e-14
2041,0.98,0.9999999999999998,2.0447023269698786e-15,0.0,0.0,0.0,0.0
2041,0.99,1.0,2.946544918145195e-14,7.553015777304961e-16,2.449151769442898e-16,1.8208388723101705e-16,3.309967732754947e-16
2041,1.0,1.0,0.0,1.0680853957702789e-16,0.0,0.0,1.1990744895018359e-16
2042,0.01,0.0942429776404669,0.2646455614545355,0.14107221000415715,0.05567159102909159,0.24703194178285845,0.1973357180888904
2042,0.02,0.0942429776404669,0.2646455614545355,0.14107221000415715,0.05567159102909159,0.24703194178285845,0.1973357180888904
2042,0.03,0.09466495030364384,0.26491846347537296,0.14149418266732056,0.0560935666202915,0.2473428301768203,0.1954860067558836
2042,0.04,8.945284936918009e-13,1.0,5.898110772646877e-17,0.0,0.0,0.0
2042,0.05,0.9999999999999999,0.0,1.8218077273774098e-17,4.5379383176287765e-17,0.0,1.2399308341994327e-17
2042,0.060000000000000005,1.0,0.0,0.0,0.0,0.0,0.0
2042,0.06999999999999999,1.0,0.0,0.0,0.0,0.0,0.0
2042,0.08,1.0,0.0,0.0,0.0,0.0,0.0
2042,0.09,1.0,0.0,0.0,0.0,0.0,0.0
2042,0.09999999999999999,0.9999999999999998,9.450192358874905e-17,0.0,0.0,2.87305898115481e-17,1.0762268470846883e-16
2042,0.11,1.0,0.0,0.0,0.0,0.0,0.0
2042,0.12,1.0,0.0,0.0,0.0,0.0,0.0
2042,0.13,1.0,0.0,0.0,0.0,0.0,0.0
2042,0.14,1.0,0.0,0.0,0.0,0.0,0.0
2042,0.15000000000000002,1.0,0.0,0.0,0.0,0.0,0.0
2042,0.16,1.0,0.0,0.0,0.0,0.0,0.0
2042,0.17,0.9999999999999999,4.905023173317204e-15,0.0,3.1444024817607903e-17,5.828013680989601e-17,7.675531556912148e-17
2042,0.18000000000000002,1.0,0.0,0.0,0.0,0.0,0.0
2042,0.19,1.0,0.0,0.0,0.0,0.0,0.0
2042,0.2,1.0,0.0,0.0,0.0,0.0,0.0
2042,0.21000000000000002,1.0,0.0,0.0,0.0,5.571959465808887e-17,1.5445000320885737e-17
2042,0.22,1.0,0.0,0.0,0.0,0.0,0.0
2042,0.23,1.0,0.0,0.0,0.0,0.0,0.0
2042,0.24000000000000002,0.9999999999999953,0.0,1.5513658947848853e-15,2.8723349304483497e-16,2.4956130412838204e-15,1.3787551503005635e-15
2042,0.25,0.9999999999994366,5.477544294068751e-13,1.3609592004651278e-14,0.0,0.0,0.0
2042,0.26,1.0,0.0,0.0,0.0,0.0,0.0
2042,0.27,1.0,1.4962769601743143e-15,1.9928668333759864e-17,4.768424394938878e-17,0.0,0.0
2042,0.28,1.0,0.0,1.0238337955215115e-14,1.5439038936193583e-15,0.0,6.130512764102036e-15
2042,0.29000000000000004,0.9999999999988249,3.3362201889985954e-13,3.7278513609351194e-13,5.5094817597023393e-14,2.5271451598030126e-13,1.6037171590710386e-13
2042,0.3,1.0,0.0,0.0,0.0,0.0,0.0
2042,0.31,0.9999999999997771,1.3761214390228815e-13,3.2959746043559335e-14,6.140921104957897e-15,2.7075564013046005e-14,1.9206858326015208e-14
2042,0.32,0.9999999999999397,4.994426774278596e-14,4.63071318783194e-15,2.428592537576796e-15,2.259487703613395e-15,9.726695856118273e-16
2042,0.33,0.9999999999993174,7.89691208534469e-13,0.0,0.0,0.0,0.0
2042,0.34,1.0,1.3247203577464483e-15,0.0,0.0,0.0,0.0
2042,0.35000000000000003,0.9999999999940289,6.617344130383559e-12,0.0,0.0,0.0,0.0
2042,0.36000000000000004,0.999999999999462,6.115849856293805e-13,0.0,0.0,0.0,0.0
2042,0.37,0.9999999999999758,0.0,8.969387732538081e-15,2.4797872089088457e-15,7.441963711940502e-15,6.017755738163544e-15
2042,0.38,0.9999999999999141,1.1102230246251565e-14,2.5080632015672677e-14,5.950101522600448e-15,2.5830032557294658e-14,1.7708057242771247e-14
2042,0.39,1.0,2.6645352591003757e-15,0.0,0.0,0.0,0.0
2042,0.4,1.0,0.0,0.0,0.0,0.0,0.0
2042,0.41000000000000003,0.9999999999999989,0.0,2.540502530568034e-15,1.6375789613221059e-15,1.212138028838794e-15,2.2109050701324406e-15
2042,0.42000000000000004,1.0,5.551115123125783e-16,0.0,3.0357660829594124e-17,0.0,0.0
2042,0.43,1.0,0.0,0.0,0.0,0.0,0.0
2042,0.44,1.0,0.0,0.0,0.0,0.0,0.0
2042,0.45,0.9999999999999846,0.0,3.819861094100929e-15,1.061650767297806e-15,5.9396931817445875e-15,4.919675777870225e-15
2042,0.46,1.0,3.885780586188048e-15,0.0,0.0,0.0,0.0
2042,0.47000000000000003,0.9999999999999868,0.0,3.9968028886505635e-15,1.0824674490095276e-15,4.218847493575595e-15,3.941291737419306e-15
2042,0.48000000000000004,0.9999999999999978,0.0,4.440892098500626e-16,4.440892098500626e-16,1.0547118733938987e-15,5.273559366969494e-16
2042,0.49,0.9999999999999891,0.0,3.469446951953614e-15,7.216449660063518e-16,4.052314039881821e-15,4.191091917959966e-15
2042,0.5,0.9999999999999991,0.0,0.0,9.43689570931383e-16,2.498001805406602e-16,8.049116928532385e-16
2042,0.51,1.0,0.0,0.0,0.0,0.0,0.0
2042,0.52,1.0,2.220446049250313e-16,0.0,0.0,0.0,0.0
2042,0.53,0.9999999999999927,3.4416913763379853e-15,1.887379141862766e-15,2.7755575615628914e-17,8.049116928532385e-16,8.326672684688674e-16
2042,0.54,0.9999999999999964,0.0,5.828670879282072e-16,1.304512053934559e-15,2.8033131371785203e-15,1.970645868709653e-15
2042,0.55,1.0,0.0,0.0,3.8163916471489756e-17,0.0,0.0
2042,0.56,1.0,3.1086244689504383e-15,0.0,0.0,0.0,0.0
2042,0.5700000000000001,1.0,1.9984014443252818e-15,0.0,0.0,0.0,0.0
2042,0.5800000000000001,0.9999999999999966,2.55351295663786e-15,9.289444213855802e-16,0.0,5.811323644522304e-16,1.942890293094024e-16
2042,0.59,1.0,0.0,0.0,1.3877787807814457e-16,2.8657631823136853e-15,1.5525775109992423e-15
2042,0.6,0.9999999999999947,6.217248937900877e-15,1.3322676295501878e-15,0.0,0.0,0.0
2042,0.61,0.9999999999999996,8.104628079763643e-15,1.249000902703301e-16,0.0,0.0,0.0
2042,0.62,1.0,0.0,0.0,8.664943762504151e-16,7.268491364342822e-16,1.35828848168984e-15
2042,0.63,0.999999999999992,1.7763568394002505e-15,1.27675647831893e-15,8.881784197001252e-16,2.1371793224034263e-15,2.0816681711721685e-15
2042,0.64,1.0,0.0,0.0,1.3877787807814457e-16,3.885780586188048e-16,4.579669976578771e-16
2042,0.65,1.0,0.0,0.0,0.0,0.0,0.0
2042,0.66,0.9999999999999994,0.0,3.5206726304094196e-16,1.4144158297446857e-16,4.1335010631321703e-16,2.923265762442762e-16
2042,0.67,0.9999999999999996,0.0,4.355702813742636e-16,0.0,0.0,1.6459889009295282e-16
2042,0.68,1.0,0.0,2.0636135791981484e-14,1.2660099383830542e-14,4.4854603887346583e-14,3.2990864128217326e-14
2042,0.6900000000000001,0.9999999999999992,8.280013921403908e-16,1.9034836999215786e-16,0.0,0.0,0.0
2042,0.7000000000000001,1.0,0.0,0.0,5.975418299995492e-15,1.0282008233210654e-13,1.264211128790414e-13
2042,0.7100000000000001,0.9999999999999998,0.0,0.0,1.5468009020963462e-16,7.61200816686137e-18,1.1108354239329313e-16
2042,0.72,0.999999999999999,0.0,4.848485704085332e-16,2.5808198434427444e-16,3.2064442293112906e-16,3.994856871537012e-16
2042,0.73,1.0,0.0,2.5315862819548364e-16,1.2873102295588058e-16,1.0029850272164659e-16,5.990836602902973e-17
2042,0.74,1.0,0.0,0.0,0.0,0.0,0.0
2042,0.75,0.9999999999999996,0.0,5.755857456210681e-17,1.723572768413181e-16,1.3039840812781633e-16,3.757741113443068e-16
2042,0.76,1.0,2.9071659583001436e-14,1.7614147545132652e-17,0.0,9.730366963939152e-17,0.0
2042,0.77,1.0,0.0,5.188440496704317e-14,2.6489049813005158e-14,8.176175534038027e-14,6.660075687494704e-14
2042,0.78,1.0,0.0,4.279064548103561e-14,2.2529245111732425e-14,6.593386030700294e-14,5.0490904902219494e-14
2042,0.79,1.0,0.0,4.4193545115142716e-17,3.2513962281432563e-17,9.82252337764224e-17,4.444809857492249e-17
2042,0.8,0.9999999999999961,0.0,0.0,4.6214897943704994e-17,0.0,0.0
2042,0.81,1.0,0.0,0.0,0.0,0.0,0.0
2042,0.8200000000000001,0.999999999999999,0.0,5.287595625756131e-16,3.7184787031280495e-16,4.951647763209049e-16,1.2024949791201734e-16
2042,0.8300000000000001,0.999999999999353,6.6879585848678e-13,0.0,0.0,0.0,0.0
2042,0.8400000000000001,1.0,0.0,3.735169043737874e-14,1.599194350416209e-14,5.460859442727806e-14,3.570941912528708e-14
2042,0.85,0.9999999999999403,0.0,1.7827864313767687e-15,6.642752445770348e-16,1.865977955240437e-15,2.65878824339507e-16
2042,0.86,1.0,0.0,2.0736472985572623e-13,8.518480987429629e-14,2.7415236443345244e-13,1.7349142616778467e-13
2042,0.87,1.0,0.0,1.5810786643351402e-13,9.836455292998944e-14,1.3699102290790634e-13,6.862084080424914e-14
2042,0.88,0.999999999998992,1.0593208799330892e-12,0.0,0.0,0.0,0.0
2042,0.89,0.9999999999996183,0.0,1.593989742781966e-17,4.563857799818336e-17,0.0,0.0
2042,0.9,0.9999999999999991,0.0,0.0,2.8662476194794354e-16,4.1149015718003514e-16,1.7554306630105165e-16
2042,0.91,1.0,1.2107848835725927e-15,9.178062154414865e-17,0.0,0.0,0.0
2042,0.92,0.9999999999999998,4.660518369684608e-14,3.70679961224047e-17,5.835762715107229e-17,1.0577613324437726e-16,1.4696114320449747e-16
2042,0.93,1.0,2.501959187383542e-16,0.0,0.0,0.0,0.0
2042,0.9400000000000001,1.0,0.0,0.0,1.1548826501882126e-15,0.0,0.0
2042,0.9500000000000001,0.9999999999895516,1.1012348575369031e-11,0.0,0.0,0.0,0.0
2042,0.9600000000000001,0.9999999999894018,1.1163762206774762e-11,0.0,0.0,0.0,0.0
2042,0.97,0.9999999999999986,0.0,0.0,9.018702668705136e-17,0.0,0.0
2042,0.98,0.9999999999954968,4.727421009568486e-12,0.0,0.0,0.0,0.0
2042,0.99,1.0,0.0,2.0218448795345938e-17,5.0213908185637044e-17,0.0,8.403233160472874e-17
2042,1.0,0.9999999999999974,4.944894007355735e-14,0.0,0.0,0.0,0.0
2043,0.01,0.06696846155669667,0.07524651335359338,0.303280703478856,0.2546243718075504,0.07954021684673174,0.22033973295657183
2043,0.02,0.06696846155669667,0.07524651335359338,0.303280703478856,0.2546243718075504,0.07954021684673174,0.22033973295657183
2043,0.03,0.06696846155669667,0.07524651335359338,0.303280703478856,0.2546243718075504,0.07954021684673174,0.22033973295657183
2043,0.04,0.06696846155669667,0.07524651335359338,0.303280703478856,0.2546243718075504,0.07954021684673174,0.22033973295657183
2043,0.05,0.06696846155669667,0.07524651335359338,0.303280703478856,0.2546243718075504,0.07954021684673174,0.22033973295657183
2043,0.060000000000000005,0.06696846155669667,0.07524651335359338,0.303280703478856,0.2546243718075504,0.07954021684673174,0.22033973295657183
2043,0.06999999999999999,0.06694995808084174,0.07533903176013701,0.3032621994894151,0.25460586781810945,0.07952171337087681,0.22032122948071692
2043,0.08,0.9999999999999999,0.0,7.122725134139e-18,6.271872825809079e-17,0.0,0.0
2043,0.09,0.9999999999999991,5.863748422864124e-16,6.899611623944726e-17,0.0,1.510282428831753e-16,1.7635053442978027e-16
2043,0.09999999999999999,1.0,0.0,0.0,0.0,0.0,0.0
2043,0.11,0.0,1.0,0.0,8.875465158811393e-18,2.0428115125257467e-17,4.887501483729135e-17
2043,0.12,1.0,1.585647439638785e-14,6.355187110792169e-17,0.0,0.0,0.0
2043,0.13,1.0,0.0,0.0,0.0,0.0,0.0
2043,0.14,1.0,0.0,5.742522897073206e-17,3.687934675281584e-17,1.6556633314673057e-17,0.0
2043,0.15000000000000002,1.0,0.0,0.0,0.0,0.0,0.0
2043,0.16,1.0,0.0,0.0,0.0,0.0,0.0
2043,0.17,0.9999999999999989,7.771561172376096e-16,1.1102230246251565e-16,0.0,0.0,0.0
2043,0.18000000000000002,1.0,0.0,0.0,0.0,0.0,0.0
2043,0.19,0.9999999999984086,1.1310952174881095e-12,2.1667390104340711e-13,1.872946242542639e-13,3.085032229677154e-14,2.5521251778570786e-14
2043,0.2,1.0,0.0,0.0,0.0,0.0,0.0
2043,0.21000000000000002,0.999999999999443,4.011802148080543e-17,0.0,0.0,1.1542094455760724e-16,1.1543534411771056e-16
2043,0.22,1.0,0.0,0.0,0.0,0.0,0.0
2043,0.23,0.9999999999999996,6.471188383854955e-16,0.0,0.0,0.0,0.0
2043,0.24000000000000002,1.0,0.0,0.0,0.0,0.0,0.0
2043,0.25,1.0,0.0,0.0,0.0,0.0,0.0
2043,0.26,0.9999999999999507,4.827945402720758e-14,1.0776949155248602e-16,1.0453633911839945e-15,1.2548692290837885e-16,0.0
2043,0.27,1.0,0.0,0.0,0.0,0.0,0.0
2043,0.28,0.9999999999996012,1.2045662822092796e-16,0.0,0.0,7.55400619031455e-19,8.184067233053142e-17
2043,0.29000000000000004,1.0,0.0,0.0,0.0,0.0,0.0
2043,0.3,1.0,0.0,0.0,0.0,0.0,0.0
2043,0.31,1.0,0.0,0.0,0.0,0.0,0.0
2043,0.32,1.0,0.0,0.0,0.0,0.0,0.0
2043,0.33,1.0,0.0,0.0,0.0,0.0,0.0
2043,0.34,1.0,0.0,0.0,0.0,0.0,0.0
2043,0.35000000000000003,1.0,0.0,0.0,0.0,0.0,0.0
2043,0.36000000000000004,0.9999999999999357,3.2313635713337183e-13,0.0,0.0,0.0,0.0
2043,0.37,1.0,0.0,0.0,0.0,0.0,0.0
2043,0.38,1.0,0.0,0.0,0.0,0.0,0.0
2043,0.39,1.0,7.439081646073872e-13,0.0,0.0,3.8738284219066977e-17,0.0
2043,0.4,1.0,0.0,0.0,0.0,4.946454523625259e-17,0.0
2043,0.41000000000000003,1.0,0.0,0.0,0.0,0.0,0.0
2043,0.42000000000000004,1.0,1.31942001799773e-14,0.0,0.0,0.0,0.0
2043,0.43,1.0,0.0,0.0,0.0,2.654396881541116e-15,0.0
2043,0.44,0.9999999999999936,2.219647767874609e-14,0.0,0.0,1.155865756685602e-16,0.0
2043,0.45,1.0,1.184493247217161e-13,0.0,0.0,0.0,0.0
2043,0.46,1.0,2.5983558705043876e-14,0.0,0.0,0.0,0.0
2043,0.47000000000000003,1.0,0.0,2.6419057764264237e-14,2.2986030682218075e-14,9.907184769595036e-16,4.172341440157019e-15
2043,0.48000000000000004,1.0,0.0,0.0,9.138709481382234e-17,2.686004899816854e-17,0.0
2043,0.49,1.0,0.0,0.0,0.0,0.0,0.0
2043,0.5,1.0,0.0,0.0,0.0,0.0,0.0
2043,0.51,1.0,0.0,0.0,0.0,0.0,0.0
2043,0.52,1.0,1.2014500846552147e-16,0.0,8.775178324977913e-17,1.8362844210681602e-17,4.611841982626003e-17
2043,0.53,1.0,1.2441430145539918e-14,0.0,6.244342102112094e-17,0.0,1.0407678444133314e-16
2043,0.54,0.9999999999999772,0.0,2.944825096459785e-17,0.0,8.495940219908685e-17,1.6926753522001108e-18
2043,0.55,1.0,1.7391490919844795e-14,0.0,0.0,8.588952359064042e-17,0.0
2043,0.56,1.0,8.57831380861179e-14,0.0,0.0,0.0,0.0
2043,0.5700000000000001,1.0,1.0329230273948867e-14,1.3599512916246315e-16,0.0,2.4972826695100737e-17,0.0
2043,0.5800000000000001,0.9999999999999989,3.7204237139107223e-14,0.0,0.0,0.0,0.0
2043,0.59,1.0,0.0,1.9117087438402467e-14,1.6661334504492252e-14,1.2308742367486611e-15,3.807626449097652e-15
2043,0.6,0.9999999999977385,2.2170525951776295e-12,2.4427907391640442e-14,1.5768979595970233e-14,1.1923044285343935e-16,4.274889018978593e-15
2043,0.61,1.0,5.378170597675592e-16,0.0,1.3170106561188228e-18,4.295037407946122e-17,1.5194798463630357e-17
2043,0.62,1.0,5.181363944842357e-16,0.0,2.1793254072769057e-17,3.127801763209944e-18,0.0
2043,0.63,0.9999999999997552,2.1757453684569331e-13,1.4435794586941467e-14,9.039346916737337e-15,1.980021552004217e-15,1.1168158023696354e-16
2043,0.64,0.9999999999983021,1.687480460305463e-12,5.008916732323094e-15,3.726446062385313e-15,3.988967276425476e-16,1.1407957920056937e-15
2043,0.65,1.0,5.360156762890256e-13,0.0,0.0,0.0,0.0
2043,0.66,1.0,0.0,2.296912594666943e-13,1.759927574157977e-13,3.126964393040527e-14,8.570231211789047e-14
2043,0.67,0.999999999999978,3.485157333598857e-14,9.530013586035908e-17,0.0,0.0,0.0
2043,0.68,0.9999999999994783,0.0,3.862743458427076e-13,3.3872904481313526e-13,5.415112802609201e-14,1.2562173523633646e-13
2043,0.6900000000000001,0.9999999999999711,0.0,2.6315710338158377e-14,2.055160114285566e-14,1.4205501560089923e-15,5.727687622318495e-15
2043,0.7000000000000001,1.0,2.3195586014529446e-14,0.0,0.0,0.0,0.0
2043,0.7100000000000001,1.0,0.0,0.0,0.0,0.0,0.0
2043,0.72,1.0,2.0761170560490427e-14,0.0,0.0,0.0,0.0
2043,0.73,0.9999999999992992,0.0,5.474405651018088e-13,4.542165255028152e-13,6.953812525800629e-14,1.5014725573969656e-13
2043,0.74,0.9999999999999909,0.0,8.04479211864668e-15,6.688690152581197e-15,9.603801524628808e-16,9.414300303401896e-16
2043,0.75,0.9999999999999927,4.659538778750967e-14,0.0,0.0,0.0,0.0
2043,0.76,1.0,5.681011217006926e-13,0.0,0.0,0.0,0.0
2043,0.77,0.999999999999821,0.0,1.0624834345662748e-13,9.675593659608239e-14,1.4238610290817633e-14,3.805289416902724e-14
2043,0.78,1.0,0.0,1.2595312767081758e-14,1.1318996867634586e-14,2.679739673576972e-15,4.459164254769495e-15
2043,0.79,1.0,1.170175067954915e-13,0.0,0.0,0.0,0.0
2043,0.8,0.9999999999999754,2.4980018054066022e-14,6.772360450213455e-15,0.0,0.0,0.0
2043,0.81,1.0,5.668798763736049e-13,0.0,0.0,0.0,0.0
2043,0.8200000000000001,0.9999999999995179,0.0,4.2689116130922855e-13,3.6445152451491936e-13,9.286321711599044e-14,1.859484788369059e-13
2043,0.8300000000000001,1.0,4.79061235125755e-13,0.0,0.0,0.0,0.0
2043,0.8400000000000001,0.9999999999998683,0.0,9.95002691350777e-14,8.082076674575944e-14,2.572594914873605e-14,5.0681681074138396e-14
2043,0.85,1.0,4.1300296516055823e-14,0.0,0.0,0.0,0.0
2043,0.86,1.0,2.1305179842556754e-13,0.0,0.0,0.0,0.0
2043,0.87,1.0,1.4355183708403274e-13,0.0,0.0,0.0,0.0
2043,0.88,1.0,4.54081217071689e-14,0.0,0.0,0.0,0.0
2043,0.89,0.9999999999999905,1.27675647831893e-14,1.3530843112619095e-16,0.0,0.0,0.0
2043,0.9,0.9999999999999871,0.0,9.631184738623233e-15,8.659739592076221e-15,6.2450045135165055e-15,1.4349632593280148e-14
2043,0.91,0.9999999999999915,1.0103029524088925e-14,3.941291737419306e-15,1.3600232051658168e-15,0.0,0.0
2043,0.92,1.0,3.3306690738754696e-16,0.0,0.0,0.0,0.0
2043,0.93,1.0,0.0,0.0,0.0,1.0408340855860843e-15,2.0261570199409107e-15
2043,0.9400000000000001,1.0,0.0,9.332812300755222e-16,0.0,5.828670879282072e-16,1.304512053934559e-15
2043,0.9500000000000001,0.9999999999999207,3.241851231905457e-14,4.116151863797768e-14,3.104374396434295e-14,0.0,0.0
2043,0.9600000000000001,1.0,0.0,0.0,0.0,3.569367024169878e-14,7.818745650922665e-14
2043,0.97,1.0,0.0,0.0,0.0,7.355227538141662e-16,4.010680676458378e-15
2043,0.98,0.9999999999997682,6.128431095930864e-14,1.4133832992868633e-13,9.037215420448774e-14,0.0,0.0
2043,0.99,1.0,0.0,0.0,0.0,9.713584103732131e-15,2.3080495847871418e-14
2043,1.0,0.9999999999991029,2.5146551507759796e-13,5.187924742577898e-13,3.050077551636221e-13,0.0,0.0
2044,0.01,0.05211240238625685,0.3559256113021806,0.17662885525962016,0.10258969937012723,0.2332134079534947,0.07953002372832049
2044,0.02,0.05211240238625685,0.3559256113021806,0.17662885525962016,0.10258969937012723,0.2332134079534947,0.07953002372832049
2044,0.03,0.05211240238625685,0.3559256113021806,0.17662885525962016,0.10258969937012723,0.2332134079534947,0.07953002372832049
2044,0.04,0.0,1.0,8.154621764255604e-16,0.0,1.9444885383863744e-16,6.131447835536246e-17
2044,0.05,2.457245082723066e-16,1.0,0.0,0.0,0.0,0.0
2044,0.060000000000000005,0.0,1.0,2.2589120803090456e-16,0.0,3.7830030549003073e-16,0.0
2044,0.06999999999999999,0.0,1.0,0.0,4.585723454648941e-17,0.0,0.0
2044,0.08,1.5787992336407336e-12,0.9999999999983492,6.332349629769122e-14,5.442753185366261e-15,3.604303827020411e-15,0.0
2044,0.09,3.097186571148398e-14,1.0,0.0,0.0,0.0,0.0
2044,0.09999999999999999,0.0,1.0,2.5944145329155197e-17,0.0,2.4621793489768066e-19,4.8242302890917803e-17
2044,0.11,0.0,1.0,0.0,0.0,0.0,6.570804800756446e-15
2044,0.12,7.247849306145357e-14,0.9999999999999293,2.1570742965277122e-16,0.0,0.0,0.0
2044,0.13,5.245807697462017e-13,0.9999999999999999,3.7255883917143345e-17,2.855268128527801e-17,5.14558202130463e-17,4.458076335252739e-17
2044,0.14,1.3543594065158858e-13,1.0,2.2659180617659558e-17,3.8760004327591394e-18,0.0,1.4460570360365603e-17
2044,0.15000000000000002,2.2638099112237804e-16,1.0,2.1526603576360076e-17,0.0,2.6917095835663808e-18,0.0
2044,0.16,1.6595237895899453e-13,1.0,0.0,0.0,7.683629114614366e-18,0.0
2044,0.17,0.9999999999999978,1.9984014443252818e-15,2.7755575615628914e-17,2.7755575615628914e-17,0.0,4.683753385137379e-17
2044,0.18000000000000002,6.205982355355852e-14,1.0,8.241169423592844e-20,0.0,0.0,0.0
2044,0.19,7.855238054031816e-13,0.9999999999992456,0.0,0.0,0.0,8.011288710439502e-15
2044,0.2,0.0,1.0,2.367366860265516e-18,2.0007565244676795e-17,1.1681134965428188e-17,3.209942892382646e-17
2044,0.21000000000000002,1.791162682815801e-15,0.9999999999999979,0.0,3.089444215675848e-16,1.612986280702797e-17,1.955841737300688e-16
2044,0.22,1.1658648855957434e-13,0.9999999999999998,1.5031788927953258e-17,1.4046791873084673e-16,2.8111156882920426e-17,5.91578866148278e-18
2044,0.23,5.122391904057455e-15,1.0,1.507969600302794e-16,0.0,0.0,3.324666028231765e-17
2044,0.24000000000000002,4.471081930850321e-17,0.9999999999999994,4.646782143887746e-16,0.0,0.0,9.346131091507816e-17
2044,0.25,0.0,1.0,1.5664502962725612e-17,4.418243912164146e-17,1.3648239641394143e-17,2.3446469943658628e-17
2044,0.26,0.0,1.0,5.372491756417612e-18,7.47614440303797e-17,0.0,1.2311398895214641e-17
2044,0.27,0.25408656188204537,0.745913438117947,0.0,0.0,4.411701641095345e-17,4.3991908043815664e-17
2044,0.28,0.9999999999999739,3.1382437519693207e-17,1.1386315180933065e-16,0.0,1.3028203856230558e-16,0.0
2044,0.29000000000000004,0.9999999999999974,2.7090856749562605e-14,0.0,0.0,0.0,0.0
2044,0.3,1.0,0.0,0.0,0.0,0.0,0.0
2044,0.31,1.0,0.0,0.0,0.0,0.0,0.0
2044,0.32,0.9999999999999998,0.0,0.0,1.044338518516862e-16,1.2449354740716323e-16,2.3791954538446143e-16
2044,0.33,1.0,1.376790545448293e-16,0.0,2.2861233764621256e-17,2.439580053754257e-17,0.0
2044,0.34,0.9999999999999999,2.741648564565402e-14,0.0,0.0,0.0,7.439407160072427e-18
2044,0.35000000000000003,1.0,6.526383564638464e-17,4.444725981378136e-17,0.0,1.6691631258593242e-17,0.0
2044,0.36000000000000004,1.0,2.1795297632165892e-17,0.0,0.0,0.0,0.0
2044,0.37,1.0,9.432304790739712e-17,2.493474414303528e-17,0.0,2.4934320626561653e-17,0.0
2044,0.38,1.0,1.0486325472344634e-13,0.0,0.0,0.0,0.0
2044,0.39,1.0,0.0,0.0,0.0,0.0,0.0
2044,0.4,1.0,0.0,0.0,0.0,0.0,0.0
2044,0.41000000000000003,0.9999999999994488,9.76625348589513e-17,0.0,0.0,4.9098507151515e-17,2.1342931535886084e-17
2044,0.42000000000000004,1.0,2.2087051657860782e-13,1.4937775492094778e-15,2.187507962310708e-16,2.29098359577834e-16,2.2804461047318994e-16
2044,0.43,0.9999999999999568,0.0,0.0,0.0,0.0,1.1069227807762231e-16
2044,0.44,1.0,0.0,0.0,0.0,0.0,0.0
2044,0.45,1.0,0.0,0.0,0.0,0.0,0.0
2044,0.46,1.0,0.0,0.0,0.0,0.0,0.0
2044,0.47000000000000003,1.0,0.0,0.0,0.0,0.0,0.0
2044,0.48000000000000004,1.0,0.0,0.0,0.0,0.0,0.0
2044,0.49,1.0,0.0,0.0,0.0,0.0,0.0
2044,0.5,0.9999999999996453,0.0,1.0177726209803509e-16,0.0,4.6266109212416035e-17,0.0
2044,0.51,1.0,0.0,0.0,0.0,0.0,0.0
2044,0.52,1.0,9.015115736773794e-13,6.1752486206140925e-18,4.7066303471074826e-17,2.3152806438464865e-17,1.6825014132367418e-17
2044,0.53,1.0,0.0,0.0,0.0,0.0,0.0
2044,0.54,1.0,0.0,0.0,0.0,0.0,0.0
2044,0.55,1.0,0.0,0.0,3.14779853166352e-17,8.343173852315332e-18,1.0871109248488892e-16
2044,0.56,0.9999999999999694,0.0,1.8996449057438385e-14,1.1629762912800573e-14,3.079101115452721e-14,8.130123635301389e-15
2044,0.5700000000000001,1.0,1.2757112030094453e-16,4.430439345403255e-17,1.1369333249310483e-16,0.0,0.0
2044,0.5800000000000001,1.0,0.0,2.8983101690702157e-16,0.0,0.0,0.0
2044,0.59,1.0,0.0,1.1792352286329674e-14,6.296626783594215e-15,1.5327458551264974e-14,6.118272712447558e-15
2044,0.6,1.0,0.0,0.0,0.0,0.0,0.0
2044,0.61,0.9999999999999999,1.3401033269512506e-16,9.799824822313808e-17,0.0,0.0,0.0
2044,0.62,1.0,0.0,0.0,0.0,0.0,0.0
2044,0.63,0.9999999999992948,0.0,2.926626417101288e-16,0.0,0.0,0.0
2044,0.64,1.0,5.025978657518553e-15,0.0,0.0,0.0,0.0
2044,0.65,0.999999999999996,0.0,7.611099250848241e-16,8.710480253748543e-16,2.864895820575697e-15,4.640385298237959e-16
2044,0.66,0.9999999999999999,0.0,0.0,7.504458947917085e-17,3.686784576282587e-17,7.066967505995035e-17
2044,0.67,1.0,0.0,0.0,0.0,0.0,0.0
2044,0.68,1.0,0.0,0.0,0.0,0.0,0.0
2044,0.6900000000000001,0.9999999999999967,0.0,3.5277770288333343e-15,8.037461755178166e-16,2.643501736954157e-15,8.840584514446803e-16
2044,0.7000000000000001,0.9999999999999817,3.7510868131227104e-17,0.0,0.0,9.204243718441754e-17,7.338633898007154e-17
2044,0.7100000000000001,0.9999999999999809,1.5654144647214707e-14,1.4432899320127035e-15,4.718447854656915e-16,9.71445146547012e-16,2.7755575615628914e-16
2044,0.72,1.0,0.0,0.0,2.7755575615628914e-17,0.0,4.718447854656915e-16
2044,0.73,0.9999999999999922,7.438494264988549e-15,7.732529894166618e-16,0.0,0.0,2.6194324487249787e-16
2044,0.74,1.0,0.0,3.537534848385704e-15,3.1988300897012323e-15,6.763686832833571e-15,3.3254649034475392e-15
2044,0.75,1.0,0.0,0.0,0.0,0.0,0.0
2044,0.76,1.0,0.0,0.0,3.646532590508894e-17,0.0,0.0
2044,0.77,1.0,0.0,0.0,0.0,0.0,0.0
2044,0.78,1.0,0.0,0.0,6.450834548441856e-14,0.0,2.0066540479698795e-14
2044,0.79,0.9999999999999928,7.882583474838611e-15,3.885780586188048e-16,0.0,0.0,0.0
2044,0.8,1.0,0.0,0.0,0.0,0.0,0.0
2044,0.81,1.0,0.0,0.0,0.0,0.0,0.0
2044,0.8200000000000001,0.9999999999999987,0.0,1.133788387539535e-15,6.18477693428493e-17,3.208296758938916e-16,0.0
2044,0.8300000000000001,0.9999999999999662,2.5979218776228663e-14,2.445960101127298e-15,1.321859288694327e-15,2.6443690986921453e-15,1.2986573622031372e-15
2044,0.8400000000000001,1.0,0.0,0.0,1.807965651787148e-17,7.084738716959905e-17,0.0
2044,0.85,0.9999999999999921,4.6629367034256575e-15,1.6479873021779667e-15,2.7755575615628914e-16,1.1102230246251565e-15,0.0
2044,0.86,1.0,0.0,1.942890293094024e-16,0.0,0.0,0.0
2044,0.87,1.0,0.0,0.0,0.0,0.0,0.0
2044,0.88,0.9999999999999984,0.0,0.0,3.3306690738754696e-16,6.591949208711867e-16,3.608224830031759e-16
2044,0.89,1.0,1.620143833210441e-16,0.0,4.652850177655328e-17,1.877292616089912e-17,1.8772926160848633e-17
2044,0.9,1.0,0.0,0.0,0.0,0.0,0.0
2044,0.91,0.999999999999998,1.7443455196752047e-15,2.589277369038619e-15,1.6818288848767659e-15,0.0,0.0
2044,0.92,1.0,0.0,4.3408850451004736e-16,1.5868636438070167e-16,1.4152918860766435e-16,1.4726288640238744e-16
2044,0.93,0.9999999999999998,8.411821859056804e-14,0.0,0.0,0.0,0.0
2044,0.9400000000000001,1.0,0.0,0.0,0.0,0.0,0.0
2044,0.9500000000000001,1.0,0.0,0.0,0.0,0.0,0.0
2044,0.9600000000000001,1.0,0.0,1.0792780989419111e-15,5.914149691956299e-16,7.969162616708739e-17,1.8659657071383327e-16
2044,0.97,1.0,0.0,0.0,0.0,0.0,0.0
2044,0.98,1.0,0.0,0.0,0.0,0.0,1.298320236443863e-13
2044,0.99,1.0,0.0,0.0,0.0,0.0,4.596870139949116e-14
2044,1.0,1.0,0.0,0.0,3.387202328168141e-17,1.6199778765679702e-16,4.602046356371762e-17
2045,0.01,0.08423684168894903,0.06264144282270133,0.23803708159688505,0.3149087977426947,0.21226809600754207,0.08790774014122785
2045,0.02,0.08423684168894903,0.06264144282270133,0.23803708159688505,0.3149087977426947,0.21226809600754207,0.08790774014122785
2045,0.03,0.08423684168894903,0.06264144282270133,0.23803708159688505,0.3149087977426947,0.21226809600754207,0.08790774014122785
2045,0.04,0.08423684168894903,0.06264144282270133,0.23803708159688505,0.3149087977426947,0.21226809600754207,0.08790774014122785
2045,0.05,0.08423684168894903,0.06264144282270133,0.23803708159688505,0.3149087977426947,0.21226809600754207,0.08790774014122785
2045,0.060000000000000005,0.08423684168894903,0.06264144282270133,0.23803708159688505,0.3149087977426947,0.21226809600754207,0.08790774014122785
2045,0.06999999999999999,0.08427384720296847,0.06267844833672077,0.2380740871109045,0.31494582071826327,0.21219407624876185,0.08783372038218139
2045,0.08,0.08421833687785982,0.06273396328309486,0.23801857678579585,0.3148902965267577,0.21224959119645287,0.08788923533013863
2045,0.09,0.08441233588082298,0.06281693701457472,0.2381626755632783,0.31509951946180925,0.21193451785946416,0.0875740142197115
2045,0.09999999999999999,0.08413247714107173,0.06989413700197791,0.23793271925312312,0.3148063386896697,0.2116082051419715,0.08162612277230558
2045,0.11,0.9999999999999997,2.815702688098009e-16,0.0,6.896203443365612e-17,5.271721305473952e-17,3.746469077353133e-17
2045,0.12,0.9999999999916057,7.575966447284215e-12,4.146958621495996e-14,6.004807903593355e-13,2.0305099222568505e-14,1.5616732048967432e-13
2045,0.13,1.0,0.0,2.9926029914490633e-17,8.543718108758732e-17,0.0,0.0
2045,0.14,0.9999999999976713,2.253734680187841e-12,8.64878830310117e-15,5.079939451336775e-14,7.724009166233713e-15,7.83836877850841e-15
2045,0.15000000000000002,1.0,0.0,0.0,0.0,0.0,2.858011375229766e-16
2045,0.16,1.0,0.0,0.0,0.0,0.0,0.0
2045,0.17,1.0,0.0,0.0,0.0,0.0,0.0
2045,0.18000000000000002,0.9999999999999974,2.2512074787247024e-15,8.144941007337105e-17,5.177348445729112e-16,0.0,0.0
2045,0.19,1.0,0.0,0.0,0.0,0.0,4.884981308350689e-15
2045,0.2,1.0,0.0,0.0,0.0,0.0,5.934142066621462e-14
2045,0.21000000000000002,0.9999999999999982,0.0,4.440892098500626e-16,2.220446049250313e-15,2.7755575615628914e-17,3.608224830031759e-16
2045,0.22,1.0,0.0,6.938893903907228e-18,8.326672684688674e-17,3.382710778154774e-17,0.0
2045,0.23,1.0,0.0,0.0,0.0,0.0,0.0
2045,0.24000000000000002,1.0,0.0,0.0,0.0,0.0,0.0
2045,0.25,0.9999999999996473,3.4048002496895225e-13,2.3896684090351453e-15,8.594667132936357e-15,7.223340273089431e-16,5.83887339113175e-16
2045,0.26,1.0,2.731877343022408e-15,0.0,0.0,0.0,0.0
2045,0.27,1.0,0.0,0.0,0.0,0.0,0.0
2045,0.28,0.9999999999995571,5.807568953455261e-13,2.9238544418159736e-14,7.456956736212271e-14,6.281509572726067e-15,6.1943948425116266e-15
2045,0.29000000000000004,1.0,0.0,0.0,0.0,0.0,0.0
2045,0.3,0.9999999999999901,0.0,1.1135130461574173e-14,3.163234793593355e-14,2.1082277667806992e-15,2.308419274758575e-16
2045,0.31,1.0,0.0,0.0,0.0,0.0,0.0
2045,0.32,1.0,0.0,0.0,0.0,0.0,0.0
2045,0.33,1.0,1.1115453118087466e-15,1.8417792117832878e-16,0.0,0.0,8.634278020743416e-17
2045,0.34,1.0,0.0,0.0,0.0,0.0,0.0
2045,0.35000000000000003,1.0,0.0,0.0,0.0,0.0,0.0
2045,0.36000000000000004,0.9999999999999587,1.179369939931825e-14,7.328627671515643e-15,2.017141428542766e-14,1.1468922876519866e-15,8.403661095512689e-16
2045,0.37,1.0,0.0,0.0,0.0,0.0,0.0
2045,0.38,1.0,0.0,0.0,0.0,0.0,0.0
2045,0.39,1.0,0.0,0.0,0.0,0.0,0.0
2045,0.4,1.0,0.0,0.0,0.0,0.0,0.0
2045,0.41000000000000003,1.0,0.0,0.0,0.0,0.0,0.0
2045,0.42000000000000004,1.0,0.0,0.0,0.0,0.0,0.0
2045,0.43,1.0,0.0,0.0,0.0,0.0,0.0
2045,0.44,1.0,0.0,0.0,0.0,0.0,0.0
2045,0.45,0.999999999999839,1.767837546489353e-14,4.0443338353698946e-14,9.155927148562952e-14,1.1784275927494256e-14,2.9206447122100924e-15
2045,0.46,1.0,0.0,0.0,0.0,0.0,0.0
2045,0.47000000000000003,1.0,0.0,0.0,0.0,0.0,0.0
2045,0.48000000000000004,1.0,0.0,0.0,0.0,0.0,0.0
2045,0.49,1.0,0.0,0.0,5.658105188875116e-17,3.083127683399463e-17,8.301194134012498e-18
2045,0.5,1.0,0.0,0.0,0.0,0.0,0.0
2045,0.51,1.0,0.0,0.0,0.0,2.2907791022229444e-17,2.4902676209621545e-17
2045,0.52,1.0,0.0,0.0,1.010555129432733e-16,1.7788786095578763e-17,0.0
2045,0.53,0.99999999999929,0.0,0.0,2.319238579000461e-16,0.0,9.315929742976362e-17
2045,0.54,0.9999999999999177,0.0,0.0,0.0,1.244952369558761e-16,4.122851010898937e-17
2045,0.55,0.9999999999999896,4.126569172885084e-14,0.0,0.0,0.0,0.0
2045,0.56,0.9999999999999953,0.0,0.0,0.0,0.0,0.0
2045,0.5700000000000001,1.0,0.0,0.0,0.0,0.0,0.0
2045,0.5800000000000001,1.0,0.0,0.0,0.0,0.0,0.0
2045,0.59,0.999999999999999,7.551291251402048e-15,0.0,0.0,3.092344093507025e-17,0.0
2045,0.6,0.9999999999999669,0.0,0.0,0.0,1.175521962579989e-16,1.722926016452829e-16
2045,0.61,0.9999999999782972,2.1760947448852704e-11,0.0,0.0,0.0,0.0
2045,0.62,0.9999999999999849,7.961784119661925e-15,2.1691105190139816e-15,5.764799146571864e-15,1.275513839975648e-15,2.4205219456184265e-16
2045,0.63,0.9999999999999949,0.0,5.829009473989568e-15,1.0871134116668911e-14,2.2631112572094073e-15,3.989634969336699e-17
2045,0.64,0.999999999999989,0.0,2.4443591479387592e-15,7.226078743778647e-15,3.668853661555786e-16,2.2601093692854524e-16
2045,0.65,0.9999999999999963,4.346644728210098e-16,4.697999159375508e-16,6.155614316311252e-16,0.0,0.0
2045,0.66,0.9999999999997673,0.0,1.1486777666838495e-13,1.7974660963566396e-13,3.684242480516707e-14,8.663048268147773e-15
2045,0.67,0.9999999999999918,0.0,3.260803675030565e-15,4.428257778753986e-15,6.012528762297059e-16,0.0
2045,0.68,1.0,0.0,0.0,0.0,1.3731273137237437e-16,0.0
2045,0.6900000000000001,1.0,1.0132877941415607e-15,0.0,0.0,0.0,0.0
2045,0.7000000000000001,1.0,0.0,2.0876192534587874e-16,0.0,1.999431948475385e-16,1.4746516954920552e-16
2045,0.7100000000000001,0.9999999999989096,0.0,5.22741572250851e-13,1.0939027461631667e-12,2.2720714198953829e-13,5.3852755588224e-14
2045,0.72,0.9999999999992683,1.3857513037369358e-12,0.0,0.0,0.0,0.0
2045,0.73,1.0,0.0,8.31048980039198e-14,1.4026057356861724e-13,4.110395495844346e-14,1.161596110464243e-14
2045,0.74,1.0,0.0,1.4913799427700388e-13,2.3262615858963916e-13,7.931728266839458e-14,2.4594064564050617e-14
2045,0.75,0.9999999999993354,1.0353006746514593e-12,0.0,0.0,0.0,0.0
2045,0.76,1.0,2.26929586233382e-13,0.0,0.0,0.0,0.0
2045,0.77,0.9999999999999869,1.3475481448107814e-14,0.0,0.0,0.0,0.0
2045,0.78,1.0,1.6261370125988247e-16,0.0,0.0,8.157017244393464e-17,2.0739958116402048e-16
2045,0.79,0.9999999999999991,3.6329834496741976e-16,6.052807697052178e-16,1.7067158019762837e-16,0.0,0.0
2045,0.8,1.0,0.0,0.0,0.0,7.132551317210454e-16,0.0
2045,0.81,0.9999999999989139,0.0,1.3855075592918951e-15,1.4727114981113533e-15,1.097699982306347e-12,0.0
2045,0.8200000000000001,1.0,0.0,1.2645335844405361e-17,0.0,2.6329316475469562e-17,0.0
2045,0.8300000000000001,1.0,0.0,4.1069338390176764e-15,0.0,3.7148048408020414e-15,0.0
2045,0.8400000000000001,0.999999999999779,4.717358507906511e-13,0.0,0.0,0.0,0.0
2045,0.85,1.0,0.0,9.073869780813751e-15,1.0362083274874887e-14,5.0898692761541754e-15,2.100476020820527e-15
2045,0.86,1.0,6.504796701278792e-13,0.0,0.0,0.0,0.0
2045,0.87,1.0,0.0,4.434879184125733e-14,4.901807566949752e-14,2.665323847415294e-14,1.009205235744206e-14
2045,0.88,0.9999999999993797,8.936667709192831e-13,0.0,0.0,0.0,0.0
2045,0.89,1.0,0.0,2.750762625376465e-14,3.362764925941126e-14,1.3866039084051232e-14,4.1952686613157445e-15
2045,0.9,1.0,0.0,2.0935478716521495e-13,2.7756319303345995e-13,1.3119578153276478e-13,5.29221957068686e-14
2045,0.91,1.0,7.6216810640517e-14,0.0,0.0,0.0,0.0
2045,0.92,0.9999999999999956,8.375427930214614e-15,0.0,0.0,0.0,0.0
2045,0.93,1.0,5.364042543476444e-13,0.0,0.0,0.0,0.0
2045,0.9400000000000001,1.0,7.491784970170556e-13,0.0,0.0,0.0,0.0
2045,0.9500000000000001,1.0,5.580536033278349e-13,0.0,0.0,0.0,0.0
2045,0.9600000000000001,0.9999999999998354,0.0,2.0070056727661267e-13,2.6737379671404327e-13,1.202857258242318e-13,5.420056764515735e-14
2045,0.97,1.0,7.065459328714496e-13,0.0,0.0,0.0,0.0
2045,0.98,0.9999999999999785,0.0,2.1690982343613996e-14,2.653433028854124e-14,1.2739809207573671e-14,9.159339953157541e-16
2045,0.99,0.9999999999999833,0.0,3.5083047578154947e-14,4.238276396506535e-14,2.943478794037446e-14,1.49741330446318e-14
2045,1.0,0.9999999999999529,0.0,9.038603199229556e-14,1.0966227925734984e-13,6.308842337432452e-14,3.159972283839352e-14
2046,0.01,0.23118948975025733,0.13859198709584428,0.21546327718246697,0.0844717742477697,0.11690858936803344,0.21337488235562843
2046,0.02,0.23118948975025733,0.13859198709584428,0.21546327718246697,0.0844717742477697,0.11690858936803344,0.21337488235562843
2046,0.03,0.23118948975025733,0.13859198709584428,0.21546327718246697,0.0844717742477697,0.11690858936803344,0.21337488235562843
2046,0.04,0.23118948975025733,0.13859198709584428,0.21546327718246697,0.0844717742477697,0.11690858936803344,0.21337488235562843
2046,0.05,0.23118948975025733,0.13859198709584428,0.21546327718246697,0.0844717742477697,0.11690858936803344,0.21337488235562843
2046,0.060000000000000005,0.23122649218144445,0.1386289895270314,0.215500279614991,0.08450877667895682,0.11683457834313342,0.213300883654443
2046,0.06999999999999999,1.0,0.0,0.0,0.0,0.0,0.0
2046,0.08,1.0,0.0,0.0,0.0,1.5472692944851426e-17,0.0
2046,0.09,1.0,0.0,0.0,0.0,0.0,0.0
2046,0.09999999999999999,1.0,0.0,0.0,0.0,0.0,0.0
2046,0.11,0.9999999999999998,1.637699634152178e-16,0.0,0.0,5.729646590067899e-17,6.079474733481044e-17
2046,0.12,0.9999999999999997,0.0,2.1129970068521973e-16,2.3096685382520907e-16,1.0806231843211765e-16,1.1189270216105195e-16
2046,0.13,1.0,0.0,2.1179479310755046e-17,1.6438307492257168e-17,3.920991009610625e-17,0.0
2046,0.14,1.0,0.0,0.0,0.0,0.0,0.0
2046,0.15000000000000002,1.0,0.0,0.0,0.0,0.0,0.0
2046,0.16,1.0,0.0,0.0,0.0,0.0,0.0
2046,0.17,0.9999999999999989,0.0,1.87707348881081e-16,1.5272493598085756e-16,0.0,3.840223132894465e-17
2046,0.18000000000000002,1.0,0.0,1.1283805109061364e-17,1.0867167220446228e-16,0.0,1.2371319939567339e-17
2046,0.19,1.0,0.0,0.0,0.0,0.0,0.0
2046,0.2,1.0,0.0,0.0,0.0,0.0,0.0
2046,0.21000000000000002,1.0,0.0,0.0,0.0,0.0,0.0
2046,0.22,1.0,0.0,0.0,0.0,0.0,0.0
2046,0.23,1.0,4.99743030182727e-16,0.0,0.0,8.990795845098039e-17,0.0
2046,0.24000000000000002,1.0,0.0,0.0,0.0,0.0,0.0
2046,0.25,1.0,0.0,0.0,0.0,0.0,0.0
2046,0.26,0.9999999999999092,0.0,0.0,4.092540807489037e-17,0.0,0.0
2046,0.27,1.0,0.0,0.0,0.0,0.0,0.0
2046,0.28,1.0,0.0,0.0,0.0,0.0,0.0
2046,0.29000000000000004,1.0,0.0,0.0,0.0,0.0,0.0
2046,0.3,0.9999999999994478,0.0,0.0,0.0,0.0,0.0
2046,0.31,1.0,0.0,0.0,0.0,0.0,0.0
2046,0.32,1.0,0.0,0.0,4.6763611253270553e-17,0.0,1.661572945768353e-16
2046,0.33,1.0,0.0,0.0,0.0,1.2051773353548234e-16,0.0
2046,0.34,1.0,0.0,0.0,0.0,0.0,0.0
2046,0.35000000000000003,0.9999999999998264,0.0,3.282688683387892e-13,8.077456298127904e-14,6.554007310497222e-14,1.7498768066940112e-13
2046,0.36000000000000004,1.0,3.2550038223969635e-13,0.0,0.0,0.0,0.0
2046,0.37,0.9999999999989799,3.302913498259841e-14,6.104665384309982e-13,1.5053583379831537e-13,1.0780612513805465e-13,2.7410712588604724e-13
2046,0.38,0.9999999999994069,0.0,3.2659985826910543e-13,8.176792576364278e-14,6.357414594759803e-14,1.533911886397732e-13
2046,0.39,1.0,0.0,0.0,0.0,0.0,0.0
2046,0.4,0.9999999999995741,0.0,2.0962398483703737e-13,6.32549568280183e-14,5.639932965095795e-14,1.1284029266533935e-13
2046,0.41000000000000003,1.0,8.494023525176548e-15,0.0,0.0,0.0,0.0
2046,0.42000000000000004,0.9999999999999962,1.1737331314938104e-14,0.0,0.0,0.0,0.0
2046,0.43,0.9999999999999793,3.003287705739778e-14,0.0,0.0,0.0,0.0
2046,0.44,1.0,0.0,4.995874650046985e-15,1.4196827002562525e-15,2.2170653289995844e-15,3.4065706374877434e-15
2046,0.45,0.9999999999999769,3.1005686774022816e-14,0.0,0.0,0.0,0.0
2046,0.46,1.0,0.0,5.1571886867197774e-15,1.1317402025842575e-15,3.05595236040014e-15,4.600411907632897e-15
2046,0.47000000000000003,1.0,0.0,1.7164677983811088e-15,9.612860451358807e-16,1.8966439882398337e-15,1.4486465683711397e-15
2046,0.48000000000000004,1.0,0.0,5.259855220915866e-15,2.391985891178833e-15,2.502998876278929e-15,4.056942227905619e-15
2046,0.49,0.9999999999998748,1.566748384912301e-13,0.0,0.0,0.0,0.0
2046,0.5,0.999999999999671,4.058464604456884e-13,0.0,0.0,0.0,0.0
2046,0.51,1.0,0.0,1.8759463146572012e-15,0.0,1.6226730872745615e-15,3.5394898004279668e-15
2046,0.52,1.0,0.0,1.5248452711413103e-14,6.589169670095452e-15,1.2820608103928733e-14,1.844173134717803e-14
2046,0.53,0.9999999999997312,3.235137898640239e-13,0.0,0.0,0.0,0.0
2046,0.54,0.999999999999112,1.063330759739896e-12,0.0,0.0,0.0,0.0
2046,0.55,0.9999999999999999,1.3829345727746493e-13,2.2432977961704065e-16,0.0,1.214572798782692e-16,2.3314891936657354e-17
2046,0.56,1.0,1.293193648635827e-13,0.0,0.0,0.0,1.9503186352981491e-16
2046,0.5700000000000001,1.0,0.0,4.984166780655535e-14,2.581397397728502e-14,5.443614275438182e-14,7.767379158957264e-14
2046,0.5800000000000001,0.9999999999999993,6.472033450525635e-18,2.4936166212557335e-16,1.619223721657092e-16,1.3572020167389394e-16,4.3539388029741816e-17
2046,0.59,0.9999999999998463,5.450034562170477e-16,0.0,8.869860807748473e-17,1.0036727618546407e-16,0.0
2046,0.6,0.9999999999980609,2.2001841586606917e-12,0.0,0.0,0.0,0.0
2046,0.61,0.9999999999999999,8.349935785032552e-14,0.0,0.0,7.181363520265444e-17,0.0
2046,0.62,0.9999999999999232,9.080316114928614e-14,0.0,0.0,0.0,0.0
2046,0.63,0.9999999999974787,2.8068529132760844e-12,0.0,0.0,0.0,0.0
2046,0.64,0.9999999999994295,6.409739808642789e-13,0.0,0.0,0.0,0.0
2046,0.65,1.0,0.0,0.0,3.3257120517796802e-15,5.051893306362546e-15,4.983418871738933e-15
2046,0.66,0.9999999999999974,4.867836229915184e-15,0.0,0.0,0.0,0.0
2046,0.67,1.0,0.0,0.0,0.0,8.604228440844963e-16,1.5959455978986625e-15
2046,0.68,0.9999999999999973,0.0,1.3183898417423734e-15,1.6653345369377348e-16,0.0,8.326672684688674e-16
2046,0.6900000000000001,1.0,0.0,0.0,6.522560269672795e-16,0.0,0.0
2046,0.7000000000000001,0.9999999999999996,2.4480417692984702e-14,0.0,0.0,1.5612511283791264e-16,0.0
2046,0.7100000000000001,1.0,5.218048215738236e-15,0.0,0.0,0.0,0.0
2046,0.72,1.0,0.0,0.0,2.220446049250313e-16,4.718447854656915e-16,3.642919299551295e-16
2046,0.73,1.0,2.220446049250313e-16,0.0,3.9898639947466563e-16,0.0,0.0
2046,0.74,0.9999999999999984,4.884981308350689e-15,0.0,0.0,0.0,0.0
2046,0.75,1.0,3.1086244689504383e-15,0.0,0.0,0.0,0.0
2046,0.76,1.0,0.0,4.996003610813204e-16,0.0,4.3021142204224816e-16,9.71445146547012e-17
2046,0.77,1.0,6.757282571526233e-14,0.0,0.0,0.0,0.0
2046,0.78,0.9999999999999776,2.6749426258683472e-14,0.0,0.0,0.0,0.0
2046,0.79,0.9999999999999821,2.214223618164841e-14,0.0,0.0,0.0,0.0
2046,0.8,1.0,0.0,9.869385649984193e-15,9.584893964539312e-15,1.495152658230253e-14,2.150639353561655e-14
2046,0.81,0.9999999999999823,2.0858898680845787e-14,3.6218366494941354e-16,0.0,0.0,0.0
2046,0.8200000000000001,0.9999999999999258,5.697638072157069e-16,0.0,4.561654441405618e-17,3.855647748137561e-17,0.0
2046,0.8300000000000001,0.9999999999995456,5.200389196620913e-13,0.0,0.0,0.0,0.0
2046,0.8400000000000001,0.9999999999999989,5.432737138374312e-13,1.3359225500410154e-16,1.0399777303133265e-16,1.139604325920651e-16,7.760172138180111e-17
2046,0.85,0.9999999999999999,4.4616193704460526e-14,0.0,0.0,0.0,5.005886830170955e-17
2046,0.86,0.9999999999999983,9.60390270726128e-16,4.92231410083285e-16,6.886087949882398e-17,1.0539117671265776e-16,1.054915694781036e-16
2046,0.87,0.9999999999997666,2.6408007987600824e-13,0.0,0.0,0.0,0.0
2046,0.88,0.9999999999987949,1.2787429371126108e-12,0.0,0.0,0.0,0.0
2046,0.89,1.0,0.0,2.4873774789557086e-15,9.051429054276595e-16,2.1426887236406116e-15,2.6831990472151357e-15
2046,0.9,1.0,0.0,4.9617292696355064e-15,2.571893783351515e-15,3.891240772324286e-15,5.8318675816250096e-15
2046,0.91,1.0,0.0,0.0,0.0,1.9367851981781484e-16,0.0
2046,0.92,0.9999999999997586,2.736400344377233e-13,0.0,0.0,0.0,0.0
2046,0.93,0.9999999999999512,5.585389464303481e-14,0.0,0.0,0.0,0.0
2046,0.9400000000000001,1.0,0.0,8.02148141983703e-15,3.462094705971447e-15,5.3135848501008115e-15,7.75466371211132e-15
2046,0.9500000000000001,1.0,0.0,1.2086831932051805e-14,6.254118164512488e-15,7.204160906064752e-15,1.1419695230267162e-14
2046,0.9600000000000001,1.0,0.0,0.0,4.037183490345018e-16,2.1668055702830664e-16,4.219130402579978e-16
2046,0.97,1.0,0.0,6.952581956334858e-16,0.0,3.371025958647401e-16,6.741238765665437e-17
2046,0.98,0.9999999999997603,2.701117083197819e-13,0.0,0.0,0.0,0.0
2046,0.99,0.9999999999997936,2.3400792801842865e-13,0.0,0.0,0.0,0.0
2046,1.0,1.0,0.0,4.7769981601029216e-15,2.2983610101782103e-15,2.1469998223938927e-15,3.868314978573901e-15
2047,0.01,0.19656973335286412,0.023322750758894492,0.2412968548415571,0.01499321136215101,0.26413454066828546,0.25968290901624796
2047,0.02,0.19656973335286412,0.023322750758894492,0.2412968548415571,0.01499321136215101,0.26413454066828546,0.25968290901624796
2047,0.03,0.19656973335286412,0.023322750758894492,0.2412968548415571,0.01499321136215101,0.26413454066828546,0.25968290901624796
2047,0.04,0.19656973335286412,0.023322750758894492,0.2412968548415571,0.01499321136215101,0.26413454066828546,0.25968290901624796
2047,0.05,0.19656973335286412,0.023322750758894492,0.2412968548415571,0.01499321136215101,0.26413454066828546,0.25968290901624796
2047,0.060000000000000005,0.19656973335286412,0.023322750758894492,0.2412968548415571,0.01499321136215101,0.26413454066828546,0.25968290901624796
2047,0.06999999999999999,0.19656973335286412,0.023322750758894492,0.2412968548415571,0.01499321136215101,0.26413454066828546,0.25968290901624796
2047,0.08,0.19656973335286412,0.023322750758894492,0.2412968548415571,0.01499321136215101,0.26413454066828546,0.25968290901624796
2047,0.09,0.19656973335286412,0.023322750758894492,0.2412968548415571,0.01499321136215101,0.26413454066828546,0.25968290901624796
2047,0.09999999999999999,0.1965697941798338,0.02332281158628625,0.2412969156685268,0.01499327218943725,0.2641344190139768,0.25968278736193906
2047,0.11,0.19656973335286412,0.023322750758894492,0.2412968548415571,0.01499321136215101,0.26413454066828546,0.25968290901624796
2047,0.12,0.19760590972102227,0.024358934316979903,0.24233303120971525,0.016029393122718793,0.26461564397671317,0.25505708765285173
2047,0.13,0.19656973335286412,0.023322750758894492,0.2412968548415571,0.01499321136215101,0.26413454066828546,0.25968290901624796
2047,0.14,0.19656973335286412,0.023322750758894492,0.2412968548415571,0.01499321136215101,0.26413454066828546,0.25968290901624796
2047,0.15000000000000002,1.0,0.0,0.0,0.0,0.0,0.0
2047,0.16,0.9999999999999963,0.0,4.075892669697244e-15,5.519622815548022e-16,6.105652034942839e-17,1.1882743254424215e-16
2047,0.17,1.0,2.2457692241741135e-17,8.243942381160306e-17,0.0,2.3462690216213462e-17,0.0
2047,0.18000000000000002,1.0,2.2736807459379189e-13,0.0,0.0,4.8693781998357156e-17,5.624556906988338e-17
2047,0.19,1.0,0.0,0.0,0.0,0.0,0.0
2047,0.2,1.0,0.0,0.0,0.0,0.0,0.0
2047,0.21000000000000002,0.9999999999999997,2.283867627346553e-16,1.175528652227822e-16,9.467683911060663e-17,0.0,0.0
2047,0.22,0.9999999999999999,2.932344894550718e-14,1.6693025351962253e-16,0.0,3.64880407051662e-17,0.0
2047,0.23,0.9999999999999983,1.1247801612910025e-15,4.993242876907245e-16,0.0,9.604677192332911e-17,1.4120167691878316e-16
2047,0.24000000000000002,1.0,0.0,0.0,0.0,0.0,0.0
2047,0.25,1.0,1.4414495384199773e-13,0.0,0.0,8.99150573272152e-19,6.803533486857683e-17
2047,0.26,1.0,0.0,0.0,0.0,0.0,0.0
2047,0.27,0.9999999999999382,1.457661366734429e-17,9.784325686559158e-17,0.0,1.2841890191367482e-17,0.0
2047,0.28,1.0,0.0,0.0,0.0,0.0,0.0
2047,0.29000000000000004,1.0,0.0,0.0,2.4620196705483473e-16,0.0,0.0
2047,0.3,0.9999999999998214,1.2920629162324644e-16,4.148070517344518e-17,4.6137378815997163e-17,0.0,1.6539475438099115e-16
2047,0.31,1.0,0.0,0.0,0.0,0.0,0.0
2047,0.32,1.0,0.0,0.0,0.0,0.0,0.0
2047,0.33,0.9999999999999968,4.95021847931304e-15,2.8443577889221793e-16,0.0,0.0,0.0
2047,0.34,0.9999999999999883,2.3270179300899908e-14,7.291956997071952e-16,1.4241143653916652e-16,0.0,0.0
2047,0.35000000000000003,0.9999999999981974,0.0,1.3135332126175382e-12,2.423455249342538e-14,3.9100508477165093e-13,2.5834077798458835e-13
2047,0.36000000000000004,0.9999999999999661,4.385225696014945e-17,1.7222179475111985e-16,0.0,0.0,5.200619757735977e-17
2047,0.37,1.0,0.0,0.0,0.0,0.0,0.0
2047,0.38,1.0,0.0,0.0,0.0,0.0,0.0
2047,0.39,1.0,1.7235201197270116e-15,1.2063562792161452e-16,0.0,6.512447669076059e-17,0.0
2047,0.4,1.0,5.519670035574635e-14,0.0,0.0,0.0,0.0
2047,0.41000000000000003,1.0,9.473451184416585e-14,5.569927873776811e-16,0.0,4.016534340055997e-16,2.6374065462853457e-16
2047,0.42000000000000004,0.9999999999999998,0.0,8.205332456330997e-16,0.0,3.062876875901673e-16,2.9376720002523857e-16
2047,0.43,0.9999999999988586,0.0,8.630179904045576e-13,2.566002965664893e-14,4.551359289450829e-13,2.815386812571319e-13
2047,0.44,0.9999999999990126,0.0,7.320394290744048e-13,2.055300374337321e-14,3.8158018411671435e-13,2.4232699180615214e-13
2047,0.45,1.0,1.719180353632055e-13,0.0,0.0,0.0,0.0
2047,0.46,0.9999999999982468,0.0,1.2018580575201554e-12,4.833633493461775e-14,7.195910534107952e-13,5.189598750732216e-13
2047,0.47000000000000003,1.0,6.3560991207314e-16,1.632066420507981e-16,1.028138553006758e-16,0.0,0.0
2047,0.48000000000000004,1.0,0.0,4.9381262306921444e-14,3.5869418566825736e-15,3.238221314561646e-14,2.866789023916105e-14
2047,0.49,1.0,0.0,2.393086737548732e-14,2.2703396779753804e-15,1.5718929115152505e-14,1.470404091929024e-14
2047,0.5,1.0,0.0,3.825313868698879e-15,1.3053235114980286e-15,3.5167054611797734e-15,3.220987201051984e-15
2047,0.51,0.9999999999999964,6.213965779028056e-15,0.0,0.0,0.0,0.0
2047,0.52,1.0,0.0,3.623699105538558e-14,2.2078453753687213e-15,4.499603573140671e-14,5.2370745027335223e-14
2047,0.53,0.9999999999999999,2.971543887734275e-16,0.0,0.0,7.99988509889128e-17,0.0
2047,0.54,1.0,0.0,0.0,7.265780659400733e-18,0.0,1.0875751378977956e-16
2047,0.55,0.9999999999999934,6.326568480561539e-15,3.606025904644733e-16,0.0,0.0,0.0
2047,0.56,1.0,0.0,0.0,1.84844869351139e-16,1.0263519615929471e-16,1.2873894373187847e-16
2047,0.5700000000000001,1.0,0.0,1.1738717770229905e-13,2.7314645415155636e-14,2.1924721381870352e-13,2.3076379331275234e-13
2047,0.5800000000000001,1.0,0.0,0.0,1.0249469102618632e-16,0.0,0.0
2047,0.59,1.0,0.0,0.0,7.814944026355843e-17,1.8603937669626342e-16,2.3381100480043117e-16
2047,0.6,0.9999999999999998,1.3615825912804418e-16,0.0,0.0,2.286851986170695e-17,8.42244582251241e-17
2047,0.61,0.9999999999998679,0.0,5.458674755766747e-17,6.944373727311208e-17,2.0551513123274142e-16,2.213697475026296e-17
2047,0.62,1.0,0.0,4.831166585308483e-15,0.0,2.873633475844561e-14,2.5006666888055626e-14
2047,0.63,0.9999999999999966,2.3797707524288746e-15,2.47394455282982e-16,2.0257739585009772e-16,0.0,0.0
2047,0.64,1.0,7.412890999915592e-16,0.0,0.0,8.875073048806388e-17,5.525392263706532e-18
2047,0.65,1.0,0.0,1.109858877220198e-14,0.0,3.604268675301335e-14,4.099573184382691e-14
2047,0.66,0.9999999999999423,0.0,2.4778790130852713e-14,5.169475958410885e-15,7.953360192658465e-14,6.85944356870749e-14
2047,0.67,1.0,6.500355809180292e-14,0.0,0.0,0.0,0.0
2047,0.68,0.9999999999999847,0.0,9.492406860545088e-15,2.8796409701214998e-15,3.706410178772046e-14,2.953887134893307e-14
2047,0.6900000000000001,1.0,0.0,0.0,0.0,1.7104373473131318e-15,3.4243441415782172e-15
2047,0.7000000000000001,1.0,0.0,0.0,3.791048421367127e-16,3.6209299007241e-15,1.3816780259788466e-15
2047,0.7100000000000001,1.0,0.0,5.910185941994037e-15,2.922824827354892e-15,3.144543239891936e-14,2.7666958605170695e-14
2047,0.72,0.9999999999993202,8.131247356445365e-13,0.0,0.0,0.0,0.0
2047,0.73,1.0,0.0,0.0,1.999281943759349e-18,7.460875569168672e-17,0.0
2047,0.74,1.0,0.0,1.2964768649428998e-16,1.4568860658559194e-17,1.518954559354486e-16,2.7237856771370534e-16
2047,0.75,1.0,0.0,1.531979632720873e-13,3.2327848876995786e-14,2.2523936142153096e-13,2.366983244639581e-13
2047,0.76,0.9999999999996381,4.086467952032661e-13,0.0,0.0,0.0,0.0
2047,0.77,1.0,0.0,1.5830374934088648e-14,5.3692649844050465e-15,3.099039486470956e-14,3.6431788304463336e-14
2047,0.78,0.9999999999999996,2.738512278475939e-16,1.548849023597975e-16,1.196476605486503e-17,0.0,0.0
2047,0.79,0.9999999999999999,0.0,0.0,0.0,8.041983349813098e-18,1.5128034287355946e-18
2047,0.8,1.0,0.0,0.0,1.4288521071959882e-14,6.12838948543733e-14,8.879070388141544e-14
2047,0.81,0.9999999999997983,3.406580313133106e-13,0.0,1.5096134351376174e-16,0.0,0.0
2047,0.8200000000000001,1.0,0.0,6.153579489679863e-17,0.0,1.3557444998134496e-16,0.0
2047,0.8300000000000001,0.9999999999995673,4.703260260627488e-13,7.655760968816355e-15,0.0,0.0,0.0
2047,0.8400000000000001,0.9999999999999238,8.168397304598773e-14,0.0,0.0,0.0,0.0
2047,0.85,0.9999999999996801,3.5159972590501564e-13,6.718981598547791e-15,0.0,0.0,0.0
2047,0.86,0.9999999999998757,1.388685078506437e-13,0.0,0.0,0.0,0.0
2047,0.87,1.0,1.1476112779233683e-13,8.795368775926614e-17,0.0,7.19880808342253e-17,9.082376847985663e-18
2047,0.88,0.9999999999995565,4.729931870181065e-13,2.415768035238892e-14,0.0,0.0,0.0
2047,0.89,0.9999999999999704,1.0974367348520773e-15,0.0,0.0,1.9367326397682616e-16,3.5379164693374526e-16
2047,0.9,1.0,0.0,0.0,0.0,2.3340369549303445e-16,3.3418862530273904e-16
2047,0.91,0.9999999999943731,5.5744314790020094e-12,7.365196501245306e-13,0.0,0.0,0.0
2047,0.92,0.9999999999995668,4.629779921636699e-13,2.10980743153708e-14,0.0,0.0,0.0
2047,0.93,1.0,0.0,0.0,3.629322832561087e-15,1.4589953098712494e-14,1.8440210287763e-14
2047,0.9400000000000001,0.9999999999989805,1.0891731690367367e-12,5.763161880537016e-14,0.0,0.0,0.0
2047,0.9500000000000001,0.9999999999999959,0.0,2.077654719668598e-15,0.0,0.0,0.0
2047,0.9600000000000001,0.9999999999990009,1.0656621171302927e-12,5.958600121797606e-14,0.0,0.0,0.0
2047,0.97,0.999999999999322,7.205627279973918e-13,4.014634033333098e-14,0.0,0.0,0.0
2047,0.98,0.9999999999996069,4.1556884204536893e-13,2.8217003166392798e-14,0.0,0.0,0.0
2047,0.99,0.9999999999994564,5.725481927986643e-13,4.634785955176399e-14,0.0,0.0,0.0
2047,1.0,1.0,0.0,0.0,8.6402240588506e-15,4.4208591975508226e-14,4.9548647240485444e-14
2048,0.01,0.12387895175501427,0.22485410607330483,0.1809381155356629,0.17848695382577906,0.1483068946833785,0.14353497812686047
2048,0.02,0.12387895175501427,0.22485410607330483,0.1809381155356629,0.17848695382577906,0.1483068946833785,0.14353497812686047
2048,0.03,0.12387895175501427,0.22485410607330483,0.1809381155356629,0.17848695382577906,0.1483068946833785,0.14353497812686047
2048,0.04,0.12387895175501427,0.22485410607330483,0.1809381155356629,0.17848695382577906,0.1483068946833785,0.14353497812686047
2048,0.05,0.12387895175501427,0.22485410607330483,0.1809381155356629,0.17848695382577906,0.1483068946833785,0.14353497812686047
2048,0.060000000000000005,0.12391595898067509,0.22489111329896563,0.18097512276132371,0.17852396105143986,0.14823288023205686,0.14346096367553884
2048,0.06999999999999999,1.0,0.0,0.0,2.9992824943228643e-17,0.0,0.0
2048,0.08,1.0,0.0,0.0,0.0,0.0,0.0
2048,0.09,1.0,0.0,0.0,0.0,0.0,0.0
2048,0.09999999999999999,1.0,0.0,0.0,0.0,0.0,0.0
2048,0.11,1.0,4.3171978749028546e-16,1.910250057862336e-17,0.0,5.2900882123340977e-17,0.0
2048,0.12,0.9999999999999708,4.7070120521860846e-17,2.984988337668706e-18,0.0,0.0,3.57134961217682e-17
2048,0.13,1.0,0.0,0.0,0.0,0.0,0.0
2048,0.14,0.9999999999999999,0.0,4.8564653406561807e-17,0.0,0.0,1.1217202611861584e-17
2048,0.15000000000000002,1.0,0.0,0.0,0.0,0.0,0.0
2048,0.16,1.0,0.0,0.0,0.0,0.0,0.0
2048,0.17,1.0,2.806909154344723e-17,0.0,8.301349294697914e-18,0.0,1.7425770595846306e-17
2048,0.18000000000000002,1.0,0.0,0.0,0.0,0.0,0.0
2048,0.19,1.0,0.0,0.0,0.0,0.0,0.0
2048,0.2,1.0,0.0,4.3615389132391596e-17,3.6857097468419237e-17,2.886285779449057e-17,9.239053761119489e-18
2048,0.21000000000000002,1.0,6.264527487587424e-13,9.250951066265626e-17,0.0,8.541051760555062e-18,0.0
2048,0.22,1.0,0.0,0.0,0.0,0.0,0.0
2048,0.23,1.0,0.0,0.0,0.0,0.0,0.0
2048,0.24000000000000002,1.0,0.0,0.0,0.0,0.0,0.0
2048,0.25,1.0,0.0,0.0,0.0,0.0,0.0
2048,0.26,1.0,0.0,2.761807472657272e-17,0.0,0.0,7.668754869161711e-18
2048,0.27,1.0,0.0,0.0,0.0,0.0,0.0
2048,0.28,1.0,0.0,0.0,0.0,0.0,0.0
2048,0.29000000000000004,1.0,0.0,0.0,0.0,0.0,0.0
2048,0.3,1.0,0.0,0.0,0.0,0.0,0.0
2048,0.31,1.0,0.0,8.150582624522402e-17,0.0,2.5994675143213162e-17,0.0
2048,0.32,1.0,0.0,0.0,0.0,0.0,0.0
2048,0.33,1.0,0.0,0.0,0.0,0.0,0.0
2048,0.34,1.0,0.0,0.0,0.0,0.0,0.0
2048,0.35000000000000003,1.0,0.0,0.0,0.0,0.0,0.0
2048,0.36000000000000004,1.0,0.0,0.0,0.0,0.0,0.0
2048,0.37,1.0,0.0,8.875121610528356e-17,1.3038457958688806e-16,0.0,0.0
2048,0.38,1.0,0.0,0.0,0.0,0.0,0.0
2048,0.39,1.0,0.0,0.0,0.0,0.0,0.0
2048,0.4,1.0,0.0,2.457937765125111e-16,5.931100284661995e-17,6.40193682831759e-18,0.0
2048,0.41000000000000003,1.0,0.0,0.0,0.0,0.0,0.0
2048,0.42000000000000004,1.0,0.0,0.0,0.0,0.0,0.0
2048,0.43,1.0,0.0,0.0,0.0,0.0,0.0
2048,0.44,1.0,0.0,0.0,0.0,0.0,0.0
2048,0.45,0.9999999999976674,6.018519016492974e-13,6.794937876253293e-13,8.053913438943461e-13,1.2259464277075693e-13,1.2363374213286704e-13
2048,0.46,1.0,0.0,0.0,0.0,0.0,0.0
2048,0.47000000000000003,1.0,0.0,0.0,0.0,0.0,0.0
2048,0.48000000000000004,0.9999999999992539,2.903788320907097e-13,1.6833756610878936e-13,2.1400936578430674e-13,3.640143741989732e-14,3.645694857112858e-14
2048,0.49,1.0,0.0,0.0,0.0,0.0,0.0
2048,0.5,0.9999999999992896,2.9504176879413535e-13,1.444677710793485e-13,1.8045287486501138e-13,4.589384428044241e-14,4.4200754167889045e-14
2048,0.51,1.0,0.0,0.0,0.0,0.0,0.0
2048,0.52,1.0,0.0,0.0,0.0,0.0,0.0
2048,0.53,0.9999999999999558,5.051514762044462e-15,1.202857258242318e-14,1.135549987374418e-14,8.468920009718772e-15,7.140121827120538e-15
2048,0.54,1.0,8.326672684688674e-16,0.0,0.0,0.0,0.0
2048,0.55,1.0,7.771561172376096e-16,0.0,0.0,0.0,0.0
2048,0.56,0.9999999999999423,0.0,2.0497492592141953e-14,2.2246093855926574e-14,1.6556200854722647e-14,1.6417422976644502e-14
2048,0.5700000000000001,1.0,4.6074255521944e-15,0.0,0.0,0.0,0.0
2048,0.5800000000000001,0.9999999999999849,0.0,4.288236432614667e-15,5.564992910933597e-15,3.0253577421035516e-15,4.898859096158503e-15
2048,0.59,1.0,1.5543122344752192e-15,0.0,0.0,0.0,0.0
2048,0.6,1.0,1.4765966227514582e-14,0.0,0.0,0.0,0.0
2048,0.61,0.9999999999999842,4.107825191113079e-15,2.942091015256665e-15,3.2335245592207684e-15,1.6375789613221059e-15,3.788636071533347e-15
2048,0.62,0.9999999999999725,0.0,9.818534874028728e-15,1.0294716468184362e-14,8.092485015431805e-15,8.140189911021167e-15
2048,0.63,1.0,6.938893903907228e-15,0.0,0.0,0.0,0.0
2048,0.64,0.9999999999999962,4.218847493575595e-15,0.0,0.0,0.0,1.0269562977782698e-15
2048,0.65,0.9999999999999822,0.0,7.827072323607354e-15,7.480127628411992e-15,6.661338147750939e-15,4.6629367034256575e-15
2048,0.66,0.9999999999999887,4.6074255521944e-15,1.0269562977782698e-15,1.6653345369377348e-15,1.887379141862766e-15,1.942890293094024e-15
2048,0.67,1.0,1.1657341758564144e-15,0.0,0.0,0.0,0.0
2048,0.68,0.9999999999999765,0.0,1.1190701143526383e-14,1.16157083951407e-14,9.950373858202965e-15,9.728329253277934e-15
2048,0.6900000000000001,0.9999999999999916,0.0,5.154730808865082e-15,6.432354648922001e-15,4.669008235591576e-15,4.416605969836951e-15
2048,0.7000000000000001,1.0,0.0,1.6167622796103842e-15,0.0,6.38378239159465e-16,7.28583859910259e-16
2048,0.7100000000000001,1.0,1.1102230246251565e-16,0.0,0.0,0.0,0.0
2048,0.72,0.999999999999994,1.1102230246251565e-15,1.3973197598993181e-15,1.7147741560030738e-15,1.4363510381087963e-15,3.9811903773667723e-16
2048,0.73,1.0,2.886579864025407e-15,0.0,0.0,0.0,0.0
2048,0.74,0.9999999999999951,0.0,1.5404344466674047e-15,2.067790383364354e-15,4.579669976578771e-16,1.1657341758564144e-15
2048,0.75,1.0,9.381384558082573e-15,0.0,0.0,0.0,0.0
2048,0.76,0.9999999999999982,4.6629367034256575e-15,0.0,0.0,0.0,0.0
2048,0.77,1.0,0.0,0.0,1.942890293094024e-16,4.0245584642661925e-16,0.0
2048,0.78,1.0,2.1094237467877974e-15,0.0,0.0,1.942890293094024e-16,0.0
2048,0.79,0.9999999999999976,8.881784197001252e-16,1.1379786002407855e-15,3.3306690738754696e-16,0.0,0.0
2048,0.8,0.999999999999999,0.0,4.128641872824801e-16,5.941427905220564e-16,6.002143226879753e-16,1.0495077029659683e-15
2048,0.81,1.0,1.1102230246251565e-15,0.0,0.0,0.0,0.0
2048,0.8200000000000001,0.9999999999999961,1.6653345369377348e-15,1.0547118733938987e-15,2.8449465006019636e-16,4.649058915617843e-16,7.563394355258879e-16
2048,0.8300000000000001,1.0,0.0,2.914335439641036e-16,7.494005416219807e-16,0.0,2.7755575615628914e-17
2048,0.8400000000000001,1.0,0.0,0.0,8.049116928532385e-16,8.604228440844963e-16,4.996003610813204e-16
2048,0.85,1.0,3.7192471324942744e-15,0.0,0.0,0.0,0.0
2048,0.86,0.9999999999999984,2.1094237467877974e-15,0.0,0.0,0.0,0.0
2048,0.87,0.9999999999999953,3.3861802251067274e-15,6.938893903907228e-16,1.582067810090848e-15,0.0,0.0
2048,0.88,1.0,3.885780586188048e-16,0.0,0.0,6.245004513516506e-17,0.0
2048,0.89,1.0,0.0,1.6653345369377348e-16,5.273559366969494e-16,4.85722573273506e-16,6.175615574477433e-16
2048,0.9,1.0,0.0,0.0,0.0,6.938893903907228e-17,1.8041124150158794e-16
2048,0.91,1.0,0.0,0.0,0.0,5.551115123125783e-17,3.191891195797325e-16
2048,0.92,0.9999999999999976,5.828670879282072e-15,0.0,0.0,0.0,0.0
2048,0.93,0.9999999999999116,0.0,2.615946119482012e-16,7.04461051841753e-16,0.0,1.7336177244568949e-16
2048,0.9400000000000001,1.0,0.0,3.7910766275642705e-14,0.0,9.533077232210798e-14,9.159264778983473e-14
2048,0.9500000000000001,1.0,0.0,1.867244999299942e-14,3.751309023613744e-15,3.285536405588682e-14,3.3888407979457006e-14
2048,0.9600000000000001,0.9999999999999996,1.1319506896223134e-13,3.1521566385497906e-16,2.7593653653628466e-16,1.4065084220113913e-17,2.216886993253915e-16
2048,0.97,0.9999999999999903,1.3393811548419972e-14,2.6696403618286534e-16,7.728717887114383e-17,0.0,0.0
2048,0.98,0.9999999999999977,6.106226635438361e-16,1.0581813203458523e-16,8.604228440844963e-16,1.6653345369377348e-16,4.3021142204224816e-16
2048,0.99,0.9999999999999998,0.0,2.7755575615628914e-17,3.3306690738754696e-16,4.163336342344337e-16,3.608224830031759e-16
2048,1.0,0.9999999999999993,0.0,9.43689570931383e-16,2.5326962749261384e-16,2.1163626406917047e-16,4.0505793164058446e-16
2049,0.01,0.26348687595078907,0.03312232059125248,0.28043223323110034,0.00042840848532156914,0.23124931178224267,0.19128084995929387
2049,0.02,0.26348687595078907,0.03312232059125248,0.28043223323110034,0.00042840848532156914,0.23124931178224267,0.19128084995929387
2049,0.03,0.26348687595078907,0.03312232059125248,0.28043223323110034,0.00042840848532156914,0.23124931178224267,0.19128084995929387
2049,0.04,0.26348687595078907,0.03312232059125248,0.28043223323110034,0.00042840848532156914,0.23124931178224267,0.19128084995929387
2049,0.05,0.26348687595078907,0.03312232059125248,0.28043223323110034,0.00042840848532156914,0.23124931178224267,0.19128084995929387
2049,0.060000000000000005,0.26348687595078907,0.03312232059125248,0.28043223323110034,0.00042840848532156914,0.23124931178224267,0.19128084995929387
2049,0.06999999999999999,0.26348687595078907,0.03312232059125248,0.28043223323110034,0.00042840848532156914,0.23124931178224267,0.19128084995929387
2049,0.08,0.26348687595078907,0.03312232059125248,0.28043223323110034,0.00042840848532156914,0.23124931178224267,0.19128084995929387
2049,0.09,0.9999999999999999,2.2206801842374707e-14,1.7353139271915702e-16,1.5750887221368084e-16,0.0,2.659560014215692e-16
2049,0.09999999999999999,1.0,0.0,0.0,0.0,0.0,0.0
2049,0.11,1.0,0.0,6.548962286638711e-17,0.0,1.7906964719225553e-17,0.0
2049,0.12,0.9999999999999998,2.6301400287848755e-16,0.0,3.7716211789185483e-17,0.0,1.3330062720586957e-17
2049,0.13,1.0,0.0,0.0,0.0,0.0,0.0
2049,0.14,0.999999999999783,8.781295967468091e-15,7.718423275760381e-15,7.731705765333537e-16,2.0375464701311954e-15,1.4822002007554498e-15
2049,0.15000000000000002,1.0,0.0,0.0,0.0,0.0,0.0
2049,0.16,1.0,0.0,0.0,0.0,0.0,0.0
2049,0.17,1.0,0.0,0.0,0.0,0.0,0.0
2049,0.18000000000000002,0.9999999999999359,3.429665886900291e-14,1.957890945002936e-14,1.6028588998029619e-15,4.48946370591847e-15,4.199783997751013e-15
2049,0.19,1.0,0.0,0.0,0.0,0.0,0.0
2049,0.2,1.0,0.0,0.0,7.535769573512793e-16,0.0,0.0
2049,0.21000000000000002,1.0,0.0,0.0,0.0,0.0,0.0
2049,0.22,0.9999999999998528,0.0,4.050120239437684e-16,1.1686916244789773e-16,7.745589884898748e-17,1.3240744502506032e-16
2049,0.23,0.9999999999999171,0.0,5.020905399253455e-17,0.0,4.964885378089883e-17,0.0
2049,0.24000000000000002,0.9999999999999468,7.475999915264472e-16,0.0,1.1258213845030282e-16,0.0,0.0
2049,0.25,1.0,4.20605501458191e-15,0.0,0.0,8.255297598661886e-17,4.67179766036048e-17
2049,0.26,1.0,0.0,2.5985624365595154e-17,3.4621415810042905e-17,0.0,0.0
2049,0.27,1.0,0.0,0.0,2.10815544099093e-16,0.0,0.0
2049,0.28,1.0,0.0,0.0,0.0,0.0,0.0
2049,0.29000000000000004,1.0,4.73302884282757e-14,1.8822210464935542e-16,1.0493341496167091e-17,0.0,2.9889842100397585e-17
2049,0.3,1.0,0.0,0.0,0.0,0.0,0.0
2049,0.31,0.9999999999997854,0.0,0.0,0.0,0.0,0.0
2049,0.32,0.999999999999933,0.0,1.4537694557771896e-13,0.0,6.02039130056692e-14,4.479133436576421e-14
2049,0.33,1.0,0.0,1.06318736976742e-13,9.622061346748357e-17,4.423198088452252e-14,4.1855236292438346e-14
2049,0.34,1.0,0.0,1.3672662887181155e-13,4.1866982521834395e-15,7.277513599307972e-14,6.681608779085302e-14
2049,0.35000000000000003,1.0,0.0,1.0547308363440054e-14,1.1070850851929346e-15,6.227906835838822e-15,5.663984592688023e-15
2049,0.36000000000000004,0.9999999999997383,3.7429219820968113e-13,0.0,0.0,0.0,0.0
2049,0.37,0.9999999999999403,0.0,1.823083390450688e-14,0.0,6.637328003334773e-14,2.9129739482344253e-15
2049,0.38,1.0,0.0,0.0,3.7297668532196155e-17,1.1549741823241838e-16,8.941719892661303e-17
2049,0.39,1.0,0.0,2.2482641782490967e-14,0.0,2.788586495302615e-14,1.847302497941434e-14
2049,0.4,1.0,0.0,1.301350461107285e-13,3.9844751711362245e-15,1.0985543538009229e-13,7.539883685258415e-14
2049,0.41000000000000003,0.9999999999999939,6.709753703983048e-15,1.1297356991145802e-15,0.0,0.0,0.0
2049,0.42000000000000004,0.9999999999999637,9.048806515760534e-14,0.0,0.0,0.0,0.0
2049,0.43,1.0,0.0,2.497184418612502e-16,4.1646111269299547e-16,6.479611464082265e-16,3.123539872118639e-17
2049,0.44,1.0,0.0,6.004699572314566e-15,7.487790311969328e-16,6.406344808210663e-15,5.24550838861351e-15
2049,0.45,0.9999999999996234,4.653794461891331e-13,0.0,0.0,0.0,0.0
2049,0.46,1.0,0.0,6.796486375830047e-14,7.220196192668342e-15,7.854557428368034e-14,6.664043883327869e-14
2049,0.47000000000000003,1.0,1.3843470267956449e-15,0.0,8.34018286019738e-17,0.0,0.0
2049,0.48000000000000004,0.9999999999999974,3.8007732066345536e-15,0.0,0.0,0.0,0.0
2049,0.49,1.0,0.0,0.0,0.0,2.394695213534976e-16,3.4175159373649666e-16
2049,0.5,1.0,0.0,2.5008482596258503e-15,5.152721646714195e-16,2.1696566831835244e-15,1.6721726339209188e-15
2049,0.51,0.9999999999999978,4.541817344715397e-15,0.0,0.0,0.0,0.0
2049,0.52,0.9999999999999998,0.0,6.92010517923408e-16,0.0,4.5591291959972824e-18,7.216517022550677e-17
2049,0.53,0.9999999999999891,1.890572372270179e-14,0.0,1.3349487335703114e-16,0.0,0.0
2049,0.54,1.0,0.0,0.0,1.4870510421996497e-16,1.5076974702889732e-16,3.96995872048618e-17
2049,0.55,0.9999999999994619,1.3166354495657913e-16,0.0,0.0,2.920029349795254e-18,0.0
2049,0.56,0.9999999999997731,0.0,0.0,1.4301703618391953e-16,3.7638198017811104e-16,1.2107955374520872e-16
2049,0.5700000000000001,1.0,0.0,4.551730594813588e-16,0.0,3.9986943132217824e-16,2.375215909372619e-16
2049,0.5800000000000001,1.0,0.0,0.0,2.2473605211493185e-16,4.911224083122522e-16,5.129368948358394e-16
2049,0.59,1.0,0.0,0.0,3.9707093062419624e-16,4.924171733421685e-16,1.0878202201597565e-16
2049,0.6,1.0,5.559829442413676e-14,2.530439972301326e-16,0.0,9.011717045972558e-16,6.173516865398196e-16
2049,0.61,1.0,6.143281744464223e-14,0.0,0.0,0.0,5.1353119109628243e-17
2049,0.62,1.0,2.6291902682773483e-17,2.355331810935824e-16,0.0,0.0,0.0
2049,0.63,0.9999999999999988,2.5832412719876442e-15,0.0,0.0,0.0,0.0
2049,0.64,0.999999999999994,8.730865795690112e-15,8.22375394643254e-16,0.0,0.0,0.0
2049,0.65,1.0,0.0,0.0,0.0,5.2469498269315e-16,4.927194889343001e-16
2049,0.66,0.9999999999999968,4.49789614530142e-15,5.918511428832599e-16,0.0,0.0,0.0
2049,0.67,0.9999999999999981,2.2632186719878135e-15,1.5514382516851853e-16,7.661116546383608e-17,0.0,0.0
2049,0.68,0.9999999999999987,9.77154148611506e-16,1.231607081131434e-16,3.2467916362736125e-16,2.6765436451936e-16,0.0
2049,0.6900000000000001,1.0,0.0,6.070447963746339e-16,0.0,4.274289188105178e-16,3.489563984450904e-16
2049,0.7000000000000001,1.0,5.356665825649503e-14,3.580268669295591e-16,0.0,2.6756023850008424e-17,1.4540541057538584e-17
2049,0.7100000000000001,0.9999999999999976,2.6196929113562594e-15,1.179149483675028e-15,0.0,0.0,0.0
2049,0.72,0.9999999999999992,1.7686340165036594e-15,0.0,2.9992166112853894e-16,0.0,0.0
2049,0.73,0.9999999999999994,2.9060503270125433e-13,0.0,0.0,0.0,0.0
2049,0.74,1.0,0.0,0.0,1.9058241313221758e-19,3.9582357844961807e-16,0.0
2049,0.75,1.0,0.0,0.0,0.0,2.113519151087772e-15,2.078921243324223e-15
2049,0.76,1.0,0.0,0.0,4.1217385543046783e-16,1.6971956812487053e-16,3.0384829411377306e-16
2049,0.77,1.0,0.0,0.0,2.909202419980675e-16,2.4800281897823396e-15,2.147271084695251e-15
2049,0.78,0.9999999999999863,1.5259575948076446e-14,1.8599227806357548e-15,0.0,0.0,0.0
2049,0.79,0.9999999999999676,3.489572497132024e-14,3.0288140600448227e-15,0.0,0.0,0.0
2049,0.8,0.9999999999999705,2.5056047646703104e-14,4.0496752909211805e-15,3.694069691646661e-16,2.157364718586609e-16,0.0
2049,0.81,1.0,0.0,0.0,5.090828949258323e-16,8.038088559559134e-16,5.834274002228159e-16
2049,0.8200000000000001,0.9999999999997691,2.5234529908315344e-13,2.6300055374890805e-16,0.0,0.0,0.0
2049,0.8300000000000001,0.9999999999999719,3.1285204364364064e-14,0.0,0.0,0.0,0.0
2049,0.8400000000000001,1.0,0.0,0.0,7.170298805234571e-16,5.812349401421429e-15,5.393351822098101e-15
2049,0.85,0.9999999999999859,1.485476008257032e-14,0.0,8.654794719609269e-17,0.0,0.0
2049,0.86,1.0,0.0,2.4169581165297844e-15,4.9661329939282815e-17,3.906587421141758e-15,2.670417426463024e-15
2049,0.87,0.999999999999864,1.5026678193531215e-13,0.0,0.0,0.0,0.0
2049,0.88,1.0,0.0,2.5575937496194944e-16,0.0,2.199216227218568e-16,4.2311836814194065e-16
2049,0.89,0.9999999999999839,1.714976512174173e-14,0.0,9.957402219961926e-16,0.0,0.0
2049,0.9,0.9999999999996073,4.3269076736465633e-13,0.0,0.0,0.0,0.0
2049,0.91,0.9999999999999989,0.0,5.392912156370579e-16,1.5166821561760382e-17,3.631040387800053e-16,9.493291080223961e-17
2049,0.92,0.9999999999998959,1.1406724095938176e-13,0.0,3.4879816210263144e-16,0.0,0.0
2049,0.93,0.999999999999869,1.4514857603416563e-13,0.0,1.4930739758502198e-16,0.0,0.0
2049,0.9400000000000001,0.9999999999999847,1.6018542456288243e-14,0.0,1.5247392437921377e-16,0.0,0.0
2049,0.9500000000000001,0.9999999999997241,3.072842678588984e-13,0.0,0.0,0.0,0.0
2049,0.9600000000000001,1.0,0.0,3.043638142473398e-15,0.0,1.0570387787791247e-15,0.0
2049,0.97,1.0,0.0,9.422714789590018e-16,1.865097199031413e-16,7.268696769832531e-16,2.816939885596592e-16
2049,0.98,1.0,0.0,1.8775255872180343e-16,0.0,0.0,0.0
2049,0.99,1.0,0.0,6.896654435470465e-15,0.0,2.682203784044949e-15,6.099377315268626e-16
2049,1.0,1.0,0.0,5.8515554860553965e-15,2.9017400597153645e-16,3.4594743036699973e-15,1.2241691789424756e-15
2050,0.01,0.03377540008839733,0.025641829143020732,0.1358089303938289,0.4971660581654196,0.038689947420943074,0.2689178347883904
2050,0.02,0.03377540008839733,0.025641829143020732,0.1358089303938289,0.4971660581654196,0.038689947420943074,0.2689178347883904
2050,0.03,0.03377540008839733,0.025641829143020732,0.1358089303938289,0.4971660581654196,0.038689947420943074,0.2689178347883904
2050,0.04,0.03377540008839733,0.025641829143020732,0.1358089303938289,0.4971660581654196,0.038689947420943074,0.2689178347883904
2050,0.05,0.03377540008839733,0.025641829143020732,0.1358089303938289,0.4971660581654196,0.038689947420943074,0.2689178347883904
2050,0.060000000000000005,1.0,0.0,0.0,0.0,0.0,0.0
2050,0.06999999999999999,1.7218763072936608e-13,0.9999999999999284,2.4012844013769885e-15,0.0,9.228513323759104e-16,1.084107532373478e-15
2050,0.08,4.401908465894431e-16,0.9999999999999942,0.0,4.54848471162015e-15,4.7649838447790666e-17,1.1087303408138576e-15
2050,0.09,0.0,1.0,0.0,0.0,0.0,0.0
2050,0.09999999999999999,0.0,1.0,0.0,0.0,9.873653506695411e-18,2.6562214462175714e-17
2050,0.11,1.0,0.0,0.0,0.0,0.0,0.0
2050,0.12,0.999999999996652,2.802591492212514e-12,2.1926904736346842e-14,5.828948435038228e-13,0.0,0.0
2050,0.13,0.9999999999999591,0.0,0.0,1.8404768092283702e-16,0.0,8.690316624228643e-17
2050,0.14,0.9999999999999936,5.88418203051333e-15,1.5265566588595902e-16,2.0860049798621105e-16,1.5265566588595902e-16,7.28583859910259e-17
2050,0.15000000000000002,0.9999999999999998,0.0,2.7755575615628914e-17,0.0,1.8214596497756474e-17,0.0
2050,0.16,1.0,0.0,1.6653345369377348e-16,0.0,0.0,0.0
2050,0.17,0.9999999999999261,8.410334583838318e-16,2.8462870538010976e-17,8.507209042272693e-17,1.2649641152765107e-16,3.028498547251307e-16
2050,0.18000000000000002,1.0,3.1912995363624926e-15,0.0,0.0,1.7947621494111883e-16,5.4628695792115056e-17
2050,0.19,0.9999999999998885,9.562907602463395e-13,0.0,0.0,0.0,0.0
2050,0.2,1.0,0.0,0.0,3.5163525426585725e-17,4.2771226236906565e-17,0.0
2050,0.21000000000000002,1.0,1.5416445594344695e-14,0.0,1.3065839280339544e-17,1.6412325120147638e-17,0.0
2050,0.22,1.0,5.896591270089156e-15,0.0,1.7880027739289716e-17,0.0,3.166810713274179e-17
2050,0.23,1.0,0.0,0.0,0.0,0.0,0.0
2050,0.24000000000000002,1.0,0.0,0.0,0.0,0.0,0.0
2050,0.25,0.9999999999976815,4.947924454178156e-14,2.1796842527962222e-13,1.9292935732635833e-12,1.2634148119778573e-14,1.0918150999475165e-13
2050,0.26,1.0,0.0,1.4128720521398728e-17,5.225978965495443e-17,3.045258299639808e-17,3.7381660357966466e-17
2050,0.27,1.0,9.200014480441647e-15,0.0,0.0,0.0,0.0
2050,0.28,0.999999999999996,1.322849208043044e-13,0.0,6.796264377696956e-16,0.0,1.8434304847570419e-16
2050,0.29000000000000004,0.9999999999999827,0.0,2.7250447705499297e-14,2.306574265160325e-13,5.4089121517673144e-15,1.1379686831511766e-14
2050,0.3,1.0,0.0,0.0,0.0,0.0,5.366349795027697e-13
2050,0.31,0.9999999999999916,4.686354845871341e-14,2.589330785560815e-16,1.1808301710346525e-15,0.0,0.0
2050,0.32,0.9999999999999161,1.8872484538628025e-13,2.5864152059756427e-15,2.2838372094650195e-14,7.312988557059319e-16,8.303882130707646e-16
2050,0.33,1.0,6.898205491742551e-14,0.0,0.0,0.0,1.794340088059257e-16
2050,0.34,0.9999999999999954,0.0,0.0,5.356912197644205e-16,0.0,0.0
2050,0.35000000000000003,1.0,1.1001044955958904e-14,5.840926956344381e-17,0.0,1.1392042078985488e-16,2.8981183257236372e-18
2050,0.36000000000000004,1.0,0.0,5.495410397694244e-14,2.7455378790074966e-13,7.336215788513153e-15,6.660971306844927e-14
2050,0.37,0.9999999999999988,3.992776092414332e-15,0.0,0.0,4.4293950129768264e-18,0.0
2050,0.38,0.9999999999999982,0.0,4.410654060505883e-16,2.0777777276083347e-15,1.3543454501174524e-16,1.6581943418837583e-16
2050,0.39,0.9999999999979176,3.0601892781695175e-12,0.0,0.0,0.0,0.0
2050,0.4,1.0,0.0,1.047742007816081e-13,5.517446677425795e-13,2.1150467262514924e-14,1.359675679911053e-13
2050,0.41000000000000003,1.0,1.408364411351254e-15,0.0,0.0,0.0,0.0
2050,0.42000000000000004,0.9999999999999798,2.0146385794833007e-14,0.0,7.216127488258064e-16,0.0,0.0
2050,0.43,1.0,1.9811929874435918e-13,0.0,0.0,0.0,0.0
2050,0.44,0.9999999999999187,0.0,1.3272716259393746e-13,2.4472091020300013e-13,2.55351295663786e-14,1.3797296638529133e-13
2050,0.45,0.9999999999999982,0.0,6.522560269672795e-16,4.191091917959966e-15,3.226585665316861e-16,7.042977312465837e-16
2050,0.46,1.0,0.0,1.2362073170679722e-13,0.0,3.55878521096642e-14,1.5043348511323273e-13
2050,0.47000000000000003,0.9999999999999984,1.2388311668161545e-15,0.0,6.143970349629153e-16,0.0,7.520802606652915e-17
2050,0.48000000000000004,0.999999999999925,2.3919029795573145e-16,3.754326071013032e-16,0.0,3.618875433891063e-17,1.5355116169094158e-16
2050,0.49,0.9999999999999999,3.1680017848060852e-15,0.0,0.0,0.0,6.210776502744304e-17
2050,0.5,0.9999999999999999,0.0,1.1586904147861822e-16,2.9278640095786137e-16,2.5537658824129895e-17,0.0
2050,0.51,1.0,1.9986796992208895e-14,1.0590922793618084e-16,5.829370018087292e-17,0.0,0.0
2050,0.52,0.9999999999999983,1.4653412663380383e-15,1.4061378408318175e-16,0.0,2.0677262798872213e-16,0.0
2050,0.53,1.0,4.732648020207864e-15,6.408037351291513e-17,0.0,7.014435861944214e-17,4.044287431893816e-16
2050,0.54,1.0,0.0,0.0,4.664771862334736e-15,0.0,0.0
2050,0.55,0.9999999999999969,5.715777211792186e-15,5.157433123994926e-16,0.0,7.6529777058055e-17,1.0675022814649877e-15
2050,0.56,0.9999999999999954,7.321237691053196e-16,0.0,1.0090539404550562e-14,0.0,0.0
2050,0.5700000000000001,1.0,0.0,1.825529927617948e-15,0.0,8.365336907737498e-16,4.483142133802976e-15
2050,0.5800000000000001,0.9999999999999997,6.788578174575302e-16,2.2490035381365743e-16,0.0,1.2101216519459026e-16,5.286391403495608e-16
2050,0.59,1.0,9.99135788622991e-16,4.3613543679348637e-16,0.0,4.990622458785562e-17,3.665977349283435e-16
2050,0.6,1.0,8.656313190039254e-17,0.0,7.634682694143971e-16,0.0,0.0
2050,0.61,0.9999999999991556,8.687880266665105e-13,0.0,0.0,0.0,0.0
2050,0.62,0.9999999999979697,2.0777558598503958e-12,0.0,0.0,0.0,0.0
2050,0.63,0.9999999999999987,1.5454824734047154e-15,8.156378891504074e-17,7.232032716114549e-16,0.0,0.0
2050,0.64,1.0,1.8146360837357314e-13,0.0,8.5735863986049275e-16,0.0,0.0
2050,0.65,1.0,1.1190660306601818e-14,0.0,1.1033491068731205e-15,2.1851237818929684e-16,0.0
2050,0.66,1.0,0.0,1.279060349407006e-15,0.0,3.366468290719169e-15,2.854684267189408e-15
2050,0.67,0.9999999999999999,5.801582831386305e-16,0.0,0.0,0.0,0.0
2050,0.68,1.0,9.243466208406639e-15,1.0581903109105379e-16,0.0,0.0,7.037611322135776e-17
2050,0.6900000000000001,1.0,0.0,5.050276408871166e-16,2.050885457825569e-14,0.0,0.0
2050,0.7000000000000001,1.0,0.0,0.0,6.53634822751897e-13,0.0,0.0
2050,0.7100000000000001,1.0,0.0,2.2118620267187094e-15,4.7702158888533005e-14,2.9300403214568168e-15,0.0
2050,0.72,1.0,0.0,0.0,1.6372594774350605e-13,0.0,0.0
2050,0.73,0.9999999999943914,5.898525760981033e-12,5.765901735659852e-14,0.0,2.985311845478205e-14,1.0473553329546888e-13
2050,0.74,1.0,0.0,0.0,6.571947965618467e-14,0.0,0.0
2050,0.75,1.0,0.0,0.0,1.394548717023364e-13,0.0,0.0
2050,0.76,0.9999999999999027,1.0218704282069177e-13,2.702935921280623e-15,0.0,1.4549395996527655e-15,2.8127647543204574e-15
2050,0.77,0.9999999999965272,3.6537761663755835e-12,3.9526900056806227e-14,0.0,1.992179775569462e-14,7.582104804843958e-14
2050,0.78,0.9999999999999271,0.0,0.0,2.6901067917977703e-15,0.0,0.0
2050,0.79,0.9999999999992143,8.298919213949919e-13,6.049256893471931e-15,0.0,3.4407799688867396e-15,1.2795613008688205e-14
2050,0.8,0.999999999999063,9.84113037575166e-13,8.674367004042356e-15,0.0,4.2694903229425086e-15,1.652296243483944e-14
2050,0.81,0.999999999998773,1.2776711629406486e-12,1.0799230890909178e-14,0.0,5.301572440601088e-15,1.950276589800671e-14
2050,0.8200000000000001,1.0,0.0,0.0,3.795459260736659e-14,0.0,0.0
2050,0.8300000000000001,1.0,1.5407635181815914e-13,1.0758513615641874e-16,1.4600499264919006e-16,0.0,2.792195375727049e-16
2050,0.8400000000000001,0.9999999999999996,0.0,0.0,3.164135620181696e-15,0.0,0.0
2050,0.85,1.0,1.1102230246251565e-16,2.220446049250313e-16,0.0,1.942890293094024e-16,1.304512053934559e-15
2050,0.86,0.9999999999999998,8.326672684688674e-16,5.273559366969494e-16,0.0,0.0,4.440892098500626e-16
2050,0.87,0.9999999999999984,1.5543122344752192e-15,0.0,0.0,1.9949319973733282e-17,4.397524011601206e-16
2050,0.88,1.0,0.0,2.3592239273284576e-16,0.0,1.1102230246251565e-16,3.608224830031759e-16
2050,0.89,0.9999999999999979,4.052314039881821e-15,1.942890293094024e-16,0.0,8.326672684688674e-17,3.7470027081099033e-16
2050,0.9,1.0,6.106226635438361e-16,0.0,0.0,7.32920668600201e-17,0.0
2050,0.91,1.0,0.0,0.0,5.134781488891349e-16,0.0,0.0
2050,0.92,1.0,0.0,0.0,3.816391647148976e-15,0.0,0.0
2050,0.93,1.0,0.0,0.0,2.525757381022231e-15,0.0,0.0
2050,0.9400000000000001,0.9999999999999969,3.2751579226442118e-15,4.718447854656915e-16,0.0,0.0,0.0
2050,0.9500000000000001,1.0,4.996003610813204e-16,0.0,0.0,5.160802341031001e-17,1.0646865333807654e-16
2050,0.9600000000000001,0.9999999999999987,2.1094237467877974e-15,2.0122792321330962e-16,0.0,1.3877787807814457e-17,1.249000902703301e-16
2050,0.97,0.9999999999999994,0.0,7.26415455565288e-17,6.800116025829084e-16,0.0,0.0
2050,0.98,0.999999999999996,5.495603971894525e-15,1.8041124150158794e-16,0.0,8.326672684688674e-17,1.457167719820518e-16
2050,0.99,0.9999999999999966,4.884981308350689e-15,8.326672684688674e-17,0.0,8.326672684688674e-17,2.7755575615628914e-16
2050,1.0,0.9999999999999992,2.6645352591003757e-15,0.0,0.0,2.498001805406602e-16,3.0097452308197603e-16
2051,0.01,0.012860316425072833,0.08602482286270481,0.2068929986749197,0.3318934093842157,0.1043445612705798,0.25798389138250727
2051,0.02,0.012860316425072833,0.08602482286270481,0.2068929986749197,0.3318934093842157,0.1043445612705798,0.25798389138250727
2051,0.03,0.012860316425072833,0.08602482286270481,0.2068929986749197,0.3318934093842157,0.1043445612705798,0.25798389138250727
2051,0.04,0.012860316425072833,0.08602482286270481,0.2068929986749197,0.3318934093842157,0.1043445612705798,0.25798389138250727
2051,0.05,0.0,0.9999999999999999,0.0,0.0,1.6645053665645336e-16,3.1746362383845e-17
2051,0.060000000000000005,0.0,1.0,0.0,0.0,0.0,0.0
2051,0.06999999999999999,0.0,1.0,0.0,0.0,0.0,0.0
2051,0.08,0.0,1.0,0.0,0.0,0.0,0.0
2051,0.09,0.0,1.0,0.0,0.0,0.0,0.0
2051,0.09999999999999999,0.0,1.0,0.0,0.0,0.0,0.0
2051,0.11,0.0,1.0,0.0,0.0,0.0,0.0
2051,0.12,8.101679346109219e-17,0.9999999999999643,8.459473060460429e-17,0.0,0.0,0.0
2051,0.13,0.0,1.0,0.0,4.481214335714001e-17,0.0,1.3711590412568425e-16
2051,0.14,0.0,0.9999999999999962,1.9556470844533343e-15,3.8645998892070486e-15,4.1677526932642136e-16,3.6023711602244286e-16
2051,0.15000000000000002,0.0,0.9999999999994722,4.988135057304245e-16,1.8600955480600344e-16,1.1061462939275104e-16,0.0
2051,0.16,9.865603989781537e-13,0.9999999999999999,0.0,0.0,1.6347648200863066e-17,1.1799553594237241e-17
2051,0.17,4.886277146130462e-16,0.99999999999965,0.0,0.0,1.0270192330913929e-16,1.1638329170382904e-16
2051,0.18000000000000002,4.258520721910528e-14,0.9999999999999695,0.0,0.0,0.0,0.0
2051,0.19,0.0,1.0,0.0,0.0,0.0,0.0
2051,0.2,0.0,0.9999999999999994,1.0024096015047842e-16,1.4928767561970038e-15,0.0,1.0444359673347443e-16
2051,0.21000000000000002,0.0,1.0,8.924539858572352e-17,0.0,0.0,0.0
2051,0.22,0.0,1.0,8.837734026233144e-14,1.5333000517359197e-13,1.0447541434780653e-14,4.29649663438882e-14
2051,0.23,0.0,1.0,2.3274102168625334e-14,4.6812573166846747e-14,3.4726458777580385e-15,1.4140730128048241e-14
2051,0.24000000000000002,4.336655138771228e-14,1.0,1.433424040331027e-16,3.721161655567111e-16,0.0,5.976467280362708e-16
2051,0.25,1.310550517934217e-13,0.9999999999998967,0.0,0.0,0.0,0.0
2051,0.26,3.25844286397631e-16,0.9999999999999999,1.9528894570657666e-16,0.0,0.0,3.1306062486170114e-17
2051,0.27,3.433052820559328e-15,0.9999999999999355,0.0,1.640377775056251e-15,8.541162943969147e-17,0.0
2051,0.28,7.962968595598939e-14,0.9999999999999392,0.0,0.0,0.0,0.0
2051,0.29000000000000004,0.0,1.0,3.286701393528512e-15,4.460313928706457e-15,1.7233953632193465e-15,3.8171687998780814e-15
2051,0.3,0.0,1.0,1.2116908811075359e-16,2.2421443457974593e-16,1.2851007727630802e-16,0.0
2051,0.31,7.614792232814184e-16,0.9999999999999297,0.0,4.509220304549143e-16,0.0,0.0
2051,0.32,3.50172682700206e-14,0.999999999999971,0.0,0.0,0.0,0.0
2051,0.33,6.571979122989241e-15,1.0,2.0060349739019284e-17,3.699445397904487e-15,0.0,0.0
2051,0.34,0.0,1.0,1.1524554362186778e-13,0.0,7.999843762029093e-14,1.6804327441096342e-13
2051,0.35000000000000003,0.0,1.0,1.3166985027004529e-15,0.0,2.381198797813868e-15,5.956271415329994e-15
2051,0.36000000000000004,0.0,1.0,2.689540306978033e-14,0.0,1.377210869506234e-14,3.579391722628104e-14
2051,0.37,0.0,1.0,2.2308469256283262e-14,0.0,1.6180333266631222e-14,3.515437516385205e-14
2051,0.38,0.0,1.0,8.89774314476047e-15,1.9615765916521945e-14,0.0,0.0
2051,0.39,0.0,1.0,2.7841164059784224e-15,2.3718932426425126e-14,0.0,0.0
2051,0.4,0.0,1.0,1.1435127713755642e-16,2.608879076327765e-16,0.0,1.781505895611147e-17
2051,0.41000000000000003,0.0,1.0,1.7350834649793902e-15,2.8797770883161235e-14,0.0,0.0
2051,0.42000000000000004,1.3663261063975308e-13,0.9999999999999991,1.3951778865453141e-16,0.0,1.7596313958933482e-16,0.0
2051,0.43,0.0,1.0,5.183724111374887e-16,6.7236419738235845e-15,0.0,0.0
2051,0.44,1.319315877452618e-13,0.9999999999998838,0.0,0.0,2.431484308058722e-15,4.3082219632468955e-15
2051,0.45,4.609935666091187e-15,1.0,0.0,0.0,1.795083044418534e-15,2.797821213983335e-15
2051,0.46,0.0,0.9999999999998328,0.0,0.0,4.0003535413708176e-16,8.339364567640509e-16
2051,0.47000000000000003,0.0,1.0,2.1242818693529403e-15,4.616725232801423e-15,0.0,0.0
2051,0.48000000000000004,0.0,1.0,1.1677608927651334e-14,3.506910149831576e-14,0.0,0.0
2051,0.49,0.0,1.0,0.0,0.0,2.8634467589611816e-16,1.061542770597031e-15
2051,0.5,1.1411490444796402e-14,0.9999999999994567,3.2889389210145757e-15,1.1682754710501752e-14,0.0,0.0
2051,0.51,6.8546213300043576e-15,0.9999999999999999,6.308060466731381e-18,0.0,6.632861106697844e-17,2.978504878256057e-17
2051,0.52,5.5520402180587013e-14,1.0,5.136794803075321e-16,1.3255770359308222e-15,0.0,5.050040727020073e-18
2051,0.53,1.3865885472376219e-14,1.0,0.0,0.0,3.549706466216805e-16,0.0
2051,0.54,7.214292318225264e-16,0.9999999999999961,0.0,0.0,1.0579129871556667e-16,0.0
2051,0.55,0.2542582070543514,0.7457417929449357,0.0,0.0,8.211253969382818e-16,8.4147907464188455e-16
2051,0.56,0.9999999999999507,4.1744385725905886e-14,1.5855372570428017e-15,6.786238238021269e-15,0.0,0.0
2051,0.5700000000000001,0.9999999999999472,4.984901380566953e-14,0.0,3.6637359812630166e-15,0.0,0.0
2051,0.5800000000000001,0.9999999999999221,7.30526750203353e-14,6.38378239159465e-16,7.022160630754115e-15,0.0,0.0
2051,0.59,0.9999999999999772,2.0650148258027912e-14,7.216449660063518e-16,2.410289849652525e-15,0.0,0.0
2051,0.6,0.9999999999999818,2.0650148258027912e-14,3.0531133177191805e-16,0.0,3.885780586188048e-16,4.996003610813204e-16
2051,0.61,0.9999999999999531,4.313216450668733e-14,1.582067810090848e-15,3.1363800445660672e-15,0.0,0.0
2051,0.62,1.0,0.0,0.0,3.7192471324942744e-15,0.0,0.0
2051,0.63,0.9999999999999887,1.0824674490095276e-14,0.0,1.124100812432971e-15,1.3877787807814457e-17,0.0
2051,0.64,0.9999999999999971,3.1086244689504383e-15,2.7755575615628914e-17,2.636779683484747e-16,0.0,0.0
2051,0.65,1.0,0.0,0.0,0.0,5.412337245047638e-16,2.1472624026075415e-16
2051,0.66,1.0,0.0,0.0,9.71445146547012e-17,4.163336342344337e-16,0.0
2051,0.67,0.9999999999999994,3.885780586188048e-16,0.0,7.357395942486633e-16,1.942890293094024e-16,0.0
2051,0.68,1.0,0.0,0.0,2.1510571102112408e-15,4.874572967494828e-16,0.0
2051,0.6900000000000001,0.9999999999999981,2.275957200481571e-15,0.0,0.0,1.1102230246251565e-16,0.0
2051,0.7000000000000001,1.0,0.0,0.0,1.096345236817342e-15,3.469446951953614e-16,0.0
2051,0.7100000000000001,0.9999999999999989,5.551115123125783e-16,2.7755575615628914e-16,2.914335439641036e-16,0.0,0.0
2051,0.72,0.9999999999999958,4.440892098500626e-15,0.0,3.7296554733501353e-16,0.0,0.0
2051,0.73,1.0,0.0,4.163336342344337e-17,0.0,1.3877787807814457e-16,4.163336342344337e-17
2051,0.74,0.9999999999999949,5.551115123125783e-15,2.419939248987646e-16,0.0,0.0,9.71445146547012e-17
2051,0.75,1.0,0.0,0.0,6.92154666914746e-16,1.3877787807814457e-16,5.551115123125783e-17
2051,0.76,0.9999999999999958,4.551914400963142e-15,0.0,0.0,0.0,9.71445146547012e-17
2051,0.77,0.9999999999999992,5.551115123125783e-16,2.492038693457932e-16,0.0,1.3877787807814457e-17,1.3877787807814457e-17
2051,0.78,0.999999999999997,3.1086244689504383e-15,0.0,1.6653345369377348e-16,6.938893903907228e-17,5.551115123125783e-17
2051,0.79,1.0,0.0,2.3592239273284576e-16,1.3877787807814457e-17,0.0,0.0
2051,0.8,0.9999999999999973,3.4416913763379853e-15,0.0,0.0,0.0,3.642919299551295e-17
2051,0.81,0.9999999999999982,2.1094237467877974e-15,0.0,1.2880321809127793e-16,0.0,0.0
2051,0.8200000000000001,1.0,0.0,1.249000902703301e-16,2.7755575615628914e-16,0.0,0.0
2051,0.8300000000000001,1.0,0.0,0.0,0.0,2.7755575615628914e-17,0.0
2051,0.8400000000000001,0.9999999999999983,1.8318679906315083e-15,0.0,0.0,8.326672684688674e-17,4.163336342344337e-17
2051,0.85,1.0,0.0,8.326672684688674e-17,0.0,0.0,0.0
2051,0.86,0.9999999999999967,4.052314039881821e-15,0.0,0.0,8.326672684688674e-17,0.0
2051,0.87,1.0,0.0,0.0,4.440892098500626e-16,0.0,0.0
2051,0.88,0.9999999999999978,1.887379141862766e-15,1.8735013540549517e-16,0.0,0.0,0.0
2051,0.89,0.9999999999999998,0.0,0.0,8.326672684688674e-17,0.0,0.0
2051,0.9,0.9999999999999992,4.440892098500626e-16,2.7755575615628914e-17,1.3482054014857248e-16,0.0,0.0
2051,0.91,0.9999999999999956,5.218048215738236e-15,0.0,0.0,0.0,5.551115123125783e-17
2051,0.92,0.9999999999999976,2.3314683517128287e-15,8.917562868693274e-18,2.220446049250313e-16,0.0,0.0
2051,0.93,0.9999999999999978,2.4424906541753444e-15,0.0,0.0,0.0,0.0
2051,0.9400000000000001,0.9999999999999986,1.2212453270876722e-15,0.0,0.0,0.0,1.1102230246251565e-16
2051,0.9500000000000001,0.9999999999999979,2.4424906541753444e-15,1.214306433183765e-16,0.0,3.469446951953614e-18,0.0
2051,0.9600000000000001,1.0,0.0,1.2702254307791257e-16,0.0,0.0,0.0
2051,0.97,1.0,0.0,2.7755575615628914e-17,3.191891195797325e-16,0.0,0.0
2051,0.98,0.9999999999999961,3.941291737419306e-15,0.0,0.0,0.0,0.0
2051,0.99,0.9999999999999996,0.0,0.0,9.02923569245928e-16,0.0,0.0
2051,1.0,0.3480113928719033,0.6519886071281914,7.909842699693702e-17,0.0,0.0,0.0
2052,0.01,0.27076350645579045,0.18664803519692766,0.20522741473624367,0.1136714081187843,0.0898833496058509,0.13380628588640303
2052,0.02,1.0,0.0,0.0,0.0,0.0,0.0
2052,0.03,1.0,0.0,5.5122203044946534e-14,1.5682968117992533e-14,8.449111785384459e-16,2.920429117446574e-15
2052,0.04,1.0,0.0,0.0,0.0,0.0,0.0
2052,0.05,0.9999999999998668,0.0,1.0911409310626634e-14,0.0,1.5170874972168609e-15,2.3407456769366172e-15
2052,0.060000000000000005,1.0,0.0,0.0,0.0,0.0,0.0
2052,0.06999999999999999,1.0,0.0,0.0,0.0,0.0,0.0
2052,0.08,0.9999999999999998,1.0128812236368935e-13,0.0,0.0,0.0,0.0
2052,0.09,1.0,0.0,0.0,0.0,0.0,0.0
2052,0.09999999999999999,1.0,2.1401578316027317e-13,1.2498059012786564e-15,1.1815550267429451e-15,1.0492224212973958e-15,1.0572425861041916e-15
2052,0.11,0.9999999999999939,0.0,7.009922910490422e-15,4.404066705844035e-15,2.502214947286245e-15,2.3192092438672172e-15
2052,0.12,1.0,0.0,5.668547876812237e-15,3.1884891938437966e-15,2.6366997447503497e-15,4.618672985063634e-15
2052,0.13,1.0,7.93809462606987e-15,0.0,0.0,0.0,0.0
2052,0.14,0.9999999999999994,0.0,1.1969591984239969e-15,8.049116928532385e-16,5.412337245047638e-16,6.557254739192331e-16
2052,0.15000000000000002,0.9999999999999951,6.726566037436625e-15,0.0,0.0,0.0,0.0
2052,0.16,0.9999999999999909,1.1279579040132355e-14,0.0,0.0,0.0,0.0
2052,0.17,1.0,0.0,0.0,4.121154101571073e-17,5.765941736790786e-16,4.920645207078357e-16
2052,0.18000000000000002,1.0,2.95019590708793e-16,0.0,0.0,0.0,0.0
2052,0.19,1.0,0.0,2.7413931229100996e-15,1.8359657242720878e-15,2.5491642894866565e-15,2.747620932654787e-15
2052,0.2,1.0,0.0,2.127361151753565e-15,1.8750130961075638e-15,1.9270641177492878e-15,2.2657127605010038e-15
2052,0.21000000000000002,1.0,4.01548744620551e-14,0.0,0.0,0.0,0.0
2052,0.22,1.0,0.0,0.0,0.0,3.2244342016308353e-16,4.315414755276742e-16
2052,0.23,0.9999999999998739,1.250778055723273e-13,2.5460663470804848e-15,1.9523017731837427e-15,0.0,0.0
2052,0.24000000000000002,0.9999999999999996,6.59442254491785e-16,0.0,0.0,4.0447580824758394e-16,0.0
2052,0.25,0.9999999999999978,2.079394819863793e-15,1.574212626457226e-16,0.0,1.7315058235270977e-17,1.5369213797934142e-16
2052,0.26,0.9999999999999586,3.916561947732826e-14,8.011973028068075e-16,3.4459903604883583e-16,6.947066453012143e-16,3.986947749076079e-16
2052,0.27,1.0,2.4106954909020073e-13,0.0,0.0,0.0,0.0
2052,0.28,0.9999999999999926,7.298539858146668e-15,7.807513485822305e-16,0.0,0.0,0.0
2052,0.29000000000000004,0.9999999999999994,0.0,3.6389134142881745e-16,5.14127000476861e-16,1.658128580173343e-16,0.0
2052,0.3,1.0,0.0,8.325762124270376e-16,2.610767301674567e-16,0.0,3.8464189651291406e-17
2052,0.31,1.0,0.0,1.51448686287769e-15,7.507718879635854e-16,0.0,1.5791574048840823e-16
2052,0.32,0.9999999999999992,4.995828789323688e-14,6.668172595084014e-16,1.788013522462485e-16,0.0,0.0
2052,0.33,0.9999999999999991,0.0,1.181796038118724e-15,3.0865880597946704e-16,4.108660365599072e-17,0.0
2052,0.34,0.9999999999999989,1.2223767623071102e-15,2.622256323395046e-17,2.067255691541653e-17,0.0,0.0
2052,0.35000000000000003,0.9999999999999176,0.0,2.4749634307721864e-16,3.912169137946062e-16,0.0,5.299240000498684e-16
2052,0.36000000000000004,1.0,0.0,7.511911692724763e-18,4.3122659102953244e-16,3.122066034790417e-16,4.172573236634145e-16
2052,0.37,0.9999999999995073,1.8996548441922363e-15,0.0,0.0,0.0,0.0
2052,0.38,1.0,0.0,1.7177447005490946e-16,1.5927056968754148e-16,0.0,0.0
2052,0.39,0.9999999999999983,2.5709609883183514e-15,0.0,0.0,5.0950302326767047e-17,1.1577796894487492e-16
2052,0.4,0.9999999999999925,8.066738328015184e-15,0.0,0.0,0.0,0.0
2052,0.41000000000000003,1.0,0.0,8.885883836465963e-16,0.0,0.0,0.0
2052,0.42000000000000004,0.9999999999999998,9.992007221626409e-16,0.0,0.0,0.0,0.0
2052,0.43,0.9999999999999998,7.771561172376096e-16,0.0,0.0,0.0,3.122502256758253e-17
2052,0.44,0.9999999999999998,2.220446049250313e-16,3.859759734048396e-16,0.0,0.0,0.0
2052,0.45,0.9999999999999996,1.6653345369377348e-16,7.546047120499111e-17,1.3877787807814457e-17,0.0,0.0
2052,0.46,0.9999999999999998,0.0,3.122502256758253e-16,0.0,0.0,0.0
2052,0.47000000000000003,0.9999999999999997,0.0,2.498001805406602e-16,0.0,5.551115123125783e-17,0.0
2052,0.48000000000000004,1.0,0.0,4.440892098500626e-16,0.0,0.0,0.0
2052,0.49,0.9999999999999998,6.106226635438361e-16,0.0,8.326672684688674e-17,0.0,5.551115123125783e-17
2052,0.5,1.0,1.1102230246251565e-16,1.8388068845354155e-16,5.551115123125783e-17,0.0,0.0
2052,0.51,1.0,5.551115123125783e-17,0.0,0.0,2.7755575615628914e-17,4.163336342344337e-17
2052,0.52,0.9999999999999994,7.216449660063518e-16,0.0,0.0,1.3877787807814457e-17,0.0
2052,0.53,1.0,1.1102230246251565e-16,9.194034422677078e-17,0.0,0.0,7.28583859910259e-17
2052,0.54,0.9999999999999996,4.440892098500626e-16,0.0,5.551115123125783e-17,4.5102810375396984e-17,6.938893903907228e-17
2052,0.55,1.0,0.0,3.6716962645524145e-15,2.854981061700069e-16,2.2096244092557513e-17,0.0
2052,0.56,1.0,0.0,8.137872746514835e-16,7.528905291229052e-18,1.1608110086087356e-17,1.563726582167477e-16
2052,0.5700000000000001,0.9999999999999372,6.471839248576938e-14,0.0,0.0,1.5619721651754766e-16,2.0334847019676076e-16
2052,0.5800000000000001,0.9999999999999858,1.4216198857824468e-14,8.44914941369691e-16,0.0,0.0,0.0
2052,0.59,1.0,3.131884974718248e-16,4.043259514515253e-16,0.0,0.0,0.0
2052,0.6,0.9999999999999805,2.0299299799736892e-14,0.0,0.0,5.869239522290817e-17,1.3321202458173656e-16
2052,0.61,1.0,0.0,1.2911611206199367e-15,6.560736044605546e-17,0.0,0.0
2052,0.62,0.9999999999999964,3.605388116691404e-15,0.0,2.118721627449808e-16,7.384814398989255e-17,2.5047187766783288e-17
2052,0.63,1.0,0.0,2.994108066865378e-16,8.407862385005678e-17,3.0520484953544713e-16,2.5501083073961787e-16
2052,0.64,0.9999999999999996,5.551115123125783e-16,0.0,2.0816681711721685e-17,0.0,0.0
2052,0.65,0.9999999999999999,0.0,3.469446951953614e-17,3.165870343657673e-17,0.0,5.551115123125783e-17
2052,0.66,1.0,0.0,1.5265566588595902e-16,3.2959746043559335e-17,6.938893903907228e-17,9.627715291671279e-17
2052,0.67,0.9999999999999993,6.106226635438361e-16,0.0,0.0,0.0,5.551115123125783e-17
2052,0.68,1.0,0.0,2.498001805406602e-16,0.0,0.0,0.0
2052,0.6900000000000001,1.0,0.0,3.7417679783214227e-16,4.2982154204104987e-17,2.588356166466423e-17,0.0
2052,0.7000000000000001,1.0,0.0,1.4504867474490497e-16,8.656697896762631e-17,3.974066830280364e-18,8.944667923005412e-18
2052,0.7100000000000001,1.0,0.0,7.801105681576326e-16,0.0,0.0,0.0
2052,0.72,1.0,0.0,1.8041124150158794e-16,1.8041124150158794e-16,0.0,6.245004513516506e-17
2052,0.73,0.9999999999995778,6.820946092150297e-16,7.097866959269106e-17,0.0,0.0,0.0
2052,0.74,0.2550163046286543,0.7449836953713459,1.8826387323223558e-16,0.0,5.1528987502234325e-21,6.968093663491828e-18
2052,0.75,0.2610818602681379,0.738918139731841,0.0,2.1344031337133958e-17,6.677863281304103e-17,1.8641397563424405e-17
2052,0.76,0.2527877282343605,0.7472122717656241,0.0,3.918501022392198e-17,6.671508094016889e-17,0.0
2052,0.77,0.2545231110664362,0.7454768889335568,8.368971082915694e-17,0.0,0.0,0.0
2052,0.78,0.2501502874481349,0.7498497125518653,0.0,6.613633252161577e-17,2.7755575615628914e-17,0.0
2052,0.79,0.25448886909398255,0.7455111309060326,1.4972515801572793e-16,4.6266468234651277e-17,2.139484868369649e-17,6.4052472239102275e-19
2052,0.8,0.2537491068484167,0.7462508931515789,0.0,0.0,3.504647221735689e-17,8.801795819766559e-17
2052,0.81,0.25468583613981827,0.7453141638601666,1.535995786445887e-16,0.0,0.0,0.0
2052,0.8200000000000001,0.25400779725111877,0.7459922027488813,2.2963910233011336e-16,0.0,0.0,0.0
2052,0.8300000000000001,0.25268439238320195,0.7473156076168117,0.0,5.281607046310854e-17,0.0,0.0
2052,0.8400000000000001,0.25440646091301367,0.745593539086996,2.805267310721042e-16,5.5801643801647255e-18,0.0,0.0
2052,0.85,0.25515327419250833,0.7448467258074782,6.276255459420422e-17,0.0,0.0,0.0
2052,0.86,0.2540580533397918,0.7459419466602082,7.211194820204315e-17,2.348078997987829e-17,1.0501758447991124e-19,0.0
2052,0.87,0.2537687797837382,0.7462312202162683,2.9170747745461074e-17,0.0,0.0,0.0
2052,0.88,0.25301993214996366,0.7469800678500299,1.9504544296619029e-16,2.230414435899414e-16,0.0,3.3709727543904014e-17
2052,0.89,0.25389693876705915,0.7461030612329409,5.2400551593311795e-17,0.0,0.0,0.0
2052,0.9,0.2533774240754905,0.7466225759245045,3.215301068877066e-16,1.3388863185302533e-16,9.088503381872052e-17,8.189096005208854e-17
2052,0.91,0.2549127790922247,0.7450872209077721,1.9245764313959344e-16,0.0,0.0,2.0852878394580305e-17
2052,0.92,0.2523326653906135,0.7476673346094023,0.0,0.0,0.0,0.0
2052,0.93,0.2540866318081651,0.7459133681918365,0.0,6.627227888869277e-17,5.099900230017998e-17,4.239079505845315e-20
2052,0.9400000000000001,0.25342315068517623,0.7465768493148239,0.0,3.003240017784847e-17,0.0,1.1384122811097797e-17
2052,0.9500000000000001,0.2542293214422295,0.7457706785577706,3.576515725103529e-17,0.0,4.8270627805675506e-17,2.7445534661372542e-17
2052,0.9600000000000001,0.25402115237567385,0.7459788476243263,7.119936172352872e-18,0.0,2.790539947777442e-17,8.845981305044478e-18
2052,0.97,0.25219848183489896,0.7478015181651011,1.7954387976359953e-16,3.2959746043559335e-17,0.0,7.45931094670027e-17
2052,0.98,0.25305050212159497,0.7469494978784049,1.0364972768961422e-16,2.862293735361732e-17,0.0,0.0
2052,0.99,0.2538439425148589,0.7461560574851412,1.536743516497822e-17,0.0,0.0,3.274331560692552e-18
2052,1.0,0.25441628323140425,0.7455837167686141,0.0,9.378192381839302e-17,0.0,0.0
2053,0.01,0.3146459555860145,0.06103201575285861,0.21112112929244942,0.2262846801748233,0.18474161015603632,0.002174609037817702
2053,0.02,0.9999999999999986,1.4038544073291482e-15,2.6178506146959813e-17,2.3409237805030285e-17,4.026858158717988e-17,3.469394012394411e-17
2053,0.03,1.0,0.0,0.0,0.0,0.0,0.0
2053,0.04,1.0,0.0,0.0,0.0,0.0,0.0
2053,0.05,1.0,0.0,0.0,0.0,0.0,0.0
2053,0.060000000000000005,1.0,0.0,0.0,0.0,0.0,0.0
2053,0.06999999999999999,0.9999999999999895,7.65386972374333e-15,0.0,2.03929092960053e-15,6.556818626825926e-16,1.8327267989083726e-16
2053,0.08,0.9999999999998206,0.0,7.247309529126362e-17,0.0,2.6242480967618912e-18,0.0
2053,0.09,0.9999999999999183,0.0,3.230500143379302e-14,5.3175244532780504e-14,2.0368522085043592e-14,1.300227337770873e-15
2053,0.09999999999999999,1.0,2.5144846430436973e-14,0.0,0.0,0.0,0.0
2053,0.11,1.0,0.0,0.0,1.2177593629932471e-15,1.4083477053560955e-15,0.0
2053,0.12,0.9999999999999987,9.246436115958965e-16,0.0,1.4925321924013323e-15,0.0,0.0
2053,0.13,1.0,2.4718668155773076e-15,0.0,0.0,0.0,0.0
2053,0.14,0.9999999999999959,7.055016615261636e-15,0.0,0.0,0.0,0.0
2053,0.15000000000000002,0.9999999999999849,1.880085828197904e-14,0.0,0.0,0.0,0.0
2053,0.16,1.0,0.0,1.0959458574739892e-15,5.485803291151535e-16,1.2231834972896676e-15,0.0
2053,0.17,1.0,0.0,7.505546240126146e-16,5.794251695470393e-16,6.685499762571368e-16,0.0
2053,0.18000000000000002,0.9999999999999993,9.326640746013031e-16,0.0,0.0,0.0,0.0
2053,0.19,0.9999999999999998,0.0,1.598245292350458e-16,2.754398678540479e-16,0.0,5.352951765115639e-17
2053,0.2,0.9999999999999992,5.753585643672714e-16,1.4122622681218312e-16,0.0,9.255359608058289e-17,1.175808785731057e-17
2053,0.21000000000000002,1.0,4.607753353944987e-16,0.0,0.0,0.0,0.0
2053,0.22,0.9999999999999994,5.56139810310545e-16,0.0,0.0,7.700969446551922e-17,0.0
2053,0.23,1.0,0.0,0.0,0.0,1.8098552983982635e-16,0.0
2053,0.24000000000000002,0.9999999999999121,0.0,1.352237664918194e-15,1.5896769122872982e-15,2.8271763324016533e-16,0.0
2053,0.25,1.0,3.3904982335860765e-13,6.350136634580406e-16,0.0,8.932584049857052e-17,3.883102507270822e-17
2053,0.26,1.0,6.175000379472965e-14,0.0,0.0,0.0,0.0
2053,0.27,1.0,0.0,0.0,2.3599862569809865e-16,1.312392848475813e-17,0.0
2053,0.28,0.999999999999906,0.0,1.4610313329521855e-15,7.61531903041286e-16,0.0,0.0
2053,0.29000000000000004,0.9999999999999942,6.334960550715435e-15,0.0,0.0,0.0,2.206139662771188e-17
2053,0.3,1.0,0.0,5.072166960545739e-16,2.7617252488364326e-16,0.0,9.249814189231733e-17
2053,0.31,0.9999999999999872,1.4496462843010925e-14,0.0,0.0,0.0,5.3542064326687596e-17
2053,0.32,1.0,0.0,2.615973377926629e-16,6.338453423422336e-19,1.9344384924672021e-16,0.0
2053,0.33,0.9999999999999906,1.1223293753726866e-14,0.0,0.0,1.4589856642835625e-16,1.0085663654604317e-16
2053,0.34,0.9999999999999908,5.2915023052772507e-14,6.130585649674145e-19,0.0,4.566281962463348e-16,7.096187169994982e-17
2053,0.35000000000000003,0.9999999999999978,5.032416388119948e-14,0.0,0.0,0.0,0.0
2053,0.36000000000000004,0.9999999999999996,0.0,2.6620197364505084e-16,4.236689553257864e-17,3.491111188305063e-16,9.473297039144e-17
2053,0.37,0.9999999999999952,5.634612878209033e-15,0.0,0.0,1.3479258806131308e-17,0.0
2053,0.38,0.9999999999999571,0.0,0.0,2.497946861097636e-16,2.643052901567654e-16,9.599780958422019e-17
2053,0.39,1.0,0.0,2.278004055598611e-16,3.2552450250872104e-16,0.0,6.48295724422392e-17
2053,0.4,1.0,0.0,8.160717754497875e-17,1.7016553097159992e-16,1.1052932928721365e-16,4.5249770591745606e-17
2053,0.41000000000000003,1.0,3.691110072905421e-14,4.045066963736535e-17,0.0,0.0,0.0
2053,0.42000000000000004,1.0,0.0,7.768695490576153e-17,2.059285784820084e-16,0.0,1.6388650583522327e-16
2053,0.43,0.9999999999999967,3.744333707293105e-15,0.0,0.0,0.0,1.0130937565635059e-16
2053,0.44,1.0,0.0,3.9333076048584867e-16,3.233554628890396e-16,0.0,0.0
2053,0.45,0.9999999999999974,2.7669589065988393e-15,0.0,0.0,4.590918574118308e-18,0.0
2053,0.46,0.9999999999999957,4.502597158358045e-15,0.0,0.0,2.9465209881616254e-16,0.0
2053,0.47000000000000003,0.9999999999999971,3.1866938016329727e-15,0.0,0.0,6.768513226567026e-17,2.6980963985364856e-17
2053,0.48000000000000004,0.9999999999999996,5.710786801656921e-14,1.3084444578228847e-16,1.9655289510504933e-16,2.645451410498437e-16,0.0
2053,0.49,1.0,0.0,0.0,3.074497284858075e-17,5.047793018801825e-18,0.0
2053,0.5,0.9999999999999987,1.4375195200595336e-15,8.491759406108537e-17,5.233816581084322e-18,0.0,0.0
2053,0.51,0.9999999999999999,0.0,2.5969332642765313e-17,2.4141626926334884e-16,1.4389418688067447e-16,0.0
2053,0.52,1.0,0.0,9.797037177827414e-17,9.59637507262287e-17,0.0,5.2693919648690024e-18
2053,0.53,0.9999999999999999,3.885780586188048e-16,0.0,0.0,5.551115123125783e-17,0.0
2053,0.54,0.9999999999999897,1.0469637903866337e-14,0.0,0.0,0.0,5.443662376321674e-17
2053,0.55,0.9999999999999941,6.196709818298058e-15,0.0,0.0,0.0,1.0072248770302177e-16
2053,0.56,1.0,0.0,2.9039698739490114e-16,3.063167598803089e-16,0.0,0.0
2053,0.5700000000000001,0.9999999999999967,3.674008161572606e-15,0.0,2.0269498427795407e-18,0.0,0.0
2053,0.5800000000000001,1.0,0.0,0.0,1.3903685840176757e-16,4.949213510806877e-17,0.0
2053,0.59,0.9999999999999772,2.3681647624273767e-14,0.0,0.0,0.0,1.0786329308573074e-17
2053,0.6,1.0,0.0,1.2565805075486348e-16,1.079899155157561e-16,2.1722064501543238e-16,0.0
2053,0.61,0.999999999999997,3.1113569972382807e-15,0.0,0.0,8.073240426870187e-17,0.0
2053,0.62,1.0,0.0,1.3530843112619095e-16,1.5265566588595902e-16,9.71445146547012e-17,0.0
2053,0.63,1.0,0.0,9.59278047655296e-17,8.910040157330472e-17,0.0,0.0
2053,0.64,0.9999999999999277,0.0,0.0,9.57802826738252e-17,2.895069587109303e-17,0.0
2053,0.65,1.0,0.0,2.0458386775033116e-17,6.67872773415807e-17,0.0,0.0
2053,0.66,0.2527769519985688,0.747223048001431,1.6706187361547514e-16,1.6343009375426915e-16,3.637825446971372e-17,0.0
2053,0.67,0.24111438682567785,0.7588856135447637,8.186759908342479e-23,1.0430419572207469e-22,1.0127107819345962e-16,1.6367317208285955e-16
2053,0.68,0.25518456226836467,0.7448154377316176,0.0,0.0,7.152174472934154e-17,5.228489738272285e-17
2053,0.6900000000000001,0.2530921501130252,0.7469078498869745,1.0928757898653885e-16,2.5673907444456745e-16,0.0,2.949029909160572e-17
2053,0.7000000000000001,0.25817893899855,0.7418210610014494,3.7483156091781475e-16,2.695089431573733e-16,1.3162553187152926e-16,0.0
2053,0.7100000000000001,0.2511064269194298,0.7488935730805704,0.0,0.0,6.255206686480626e-17,0.0
2053,0.72,0.25364059058030924,0.7463594094196649,0.0,4.5154729516049824e-18,0.0,0.0
2053,0.73,0.25423789411938547,0.7457621058806144,8.074070574993188e-17,0.0,9.24561517228823e-17,6.414984856119748e-17
2053,0.74,0.25302389572156364,0.7469761042784604,1.4136678379756058e-16,1.932997658094457e-17,3.3594197592968296e-17,0.0
2053,0.75,0.2564804755996879,0.7435195244003123,0.0,0.0,0.0,0.0
2053,0.76,0.2529409974657597,0.7470590025342404,0.0,0.0,0.0,5.954348395302809e-17
2053,0.77,0.2531193000141837,0.7468806999857991,8.106402897666187e-17,4.321969646194306e-17,5.819133253140812e-17,0.0
2053,0.78,0.2535229031351732,0.7464770968648267,1.117812439832555e-16,4.2609145378680324e-17,7.025630077706069e-17,0.0
2053,0.79,0.2533792323702707,0.7466207676297292,3.251711325472385e-17,1.3677419710387713e-16,4.8610405633812406e-17,0.0
2053,0.8,0.25320736621084805,0.7467926337891521,0.0,9.495488154648963e-17,0.0,0.0
2053,0.81,0.2541023136347736,0.7458976863652264,0.0,7.370256713941437e-17,2.44272351011897e-16,4.370859469028486e-17
2053,0.8200000000000001,0.2540394618651691,0.7459605381348242,5.057379320580101e-17,0.0,2.066000775188114e-17,2.3816291368214887e-17
2053,0.8300000000000001,0.2546156917676722,0.745384308232328,7.440681602250508e-17,0.0,0.0,3.447339846979614e-17
2053,0.8400000000000001,0.25380383544005625,0.7461961645599402,1.906372707810898e-17,0.0,0.0,3.701144536406554e-17
2053,0.85,0.254179570122637,0.7458204298773607,3.1141724749653053e-17,0.0,0.0,0.0
2053,0.86,0.25407438419884454,0.7459256158011537,0.0,0.0,0.0,8.931115395849343e-17
2053,0.87,0.25394571378976294,0.7460542862102361,6.994813652362865e-17,0.0,1.593649544721773e-19,1.6205846454843855e-17
2053,0.88,0.2525225277796891,0.7474774722203104,1.192622389734055e-16,1.6263032587282567e-16,8.847089727481716e-17,1.1275702593849246e-17
2053,0.89,0.25448705955399176,0.7455129404460107,0.0,0.0,0.0,5.169643247417968e-17
2053,0.9,0.2537961477893194,0.7462038522106806,0.0,8.854899615596799e-18,3.635243850096178e-17,2.7490310380174082e-17
2053,0.91,0.25428634701227426,0.7457136529877156,1.7279113146988925e-17,0.0,0.0,0.0
2053,0.92,0.2540021246952485,0.7459978753689736,1.823745614597035e-17,2.6080665758047034e-17,1.4291154198913124e-17,3.260780927100843e-17
2053,0.93,0.253688179753769,0.7463118202462484,0.0,1.7564075194265172e-17,8.565197162635485e-18,1.919037845299343e-17
2053,0.9400000000000001,0.2540663886026286,0.7459336113973513,0.0,0.0,2.688821387764051e-17,0.0
2053,0.9500000000000001,0.25403126078800276,0.7459687392119972,1.2340747719807485e-17,2.073031635174497e-17,0.0,7.572337402839625e-18
2053,0.9600000000000001,0.25404925233475956,0.7459507476652669,0.0,5.3784242233925385e-17,0.0,0.0
2053,0.97,0.25381780155010536,0.7461821984498768,1.0702060549754468e-16,0.0,2.415739865742072e-17,7.766492138464225e-17
2053,0.98,0.2539795274401134,0.746020472559661,6.889569020583115e-18,1.9454951241340325e-17,0.0,1.6180168528649148e-17
2053,0.99,0.2538572223635032,0.7461427776364645,1.3442756276957048e-16,0.0,3.057106092945074e-17,6.539856871156305e-18
2053,1.0,0.254418309703423,0.7455816902966063,0.0,0.0,3.5920656442835155e-17,3.664620367411987e-17
2054,0.01,0.12534134076402254,0.23085726556928574,0.09083317547996672,0.15365853282786007,0.27650017731258436,0.12280950804628059
2054,0.02,0.12534134076402254,0.23085726556928574,0.09083317547996672,0.15365853282786007,0.27650017731258436,0.12280950804628059
2054,0.03,1.0,0.0,0.0,0.0,0.0,0.0
2054,0.04,1.0,9.502221073962899e-17,0.0,0.0,1.1052651687313097e-17,0.0
2054,0.05,1.0,0.0,0.0,0.0,0.0,1.8474034459053372e-17
2054,0.060000000000000005,1.0,0.0,0.0,0.0,0.0,0.0
2054,0.06999999999999999,1.0,0.0,0.0,0.0,0.0,0.0
2054,0.08,1.0,0.0,0.0,0.0,0.0,0.0
2054,0.09,0.9999999999999887,3.911092659055558e-18,3.3519920515660836e-17,1.9311448032491413e-16,0.0,0.0
2054,0.09999999999999999,1.0,0.0,0.0,0.0,0.0,0.0
2054,0.11,1.0,0.0,7.407269242420966e-16,0.0,3.0184188481996443e-15,0.0
2054,0.12,1.0,4.7684078907650473e-14,0.0,0.0,0.0,0.0
2054,0.13,1.0,6.966649479522857e-14,0.0,0.0,0.0,0.0
2054,0.14,0.9999999999999418,0.0,1.2198575483068907e-14,2.4730217873525362e-14,3.29250515740398e-14,1.3884726701718364e-14
2054,0.15000000000000002,1.0,0.0,9.43689570931383e-16,6.245004513516506e-16,6.938893903907228e-16,4.85722573273506e-16
2054,0.16,0.9999999999999987,6.2727600891321345e-15,0.0,1.942890293094024e-16,0.0,0.0
2054,0.17,0.9999999999999996,4.996003610813204e-16,0.0,1.0269562977782698e-15,0.0,0.0
2054,0.18000000000000002,0.9999999999999996,2.804816370334364e-16,1.0861423191838748e-16,4.941769479829965e-18,0.0,4.9894926778243556e-17
2054,0.19,1.0,0.0,6.938893903907228e-16,6.938893903907228e-16,5.551115123125783e-17,7.494005416219807e-16
2054,0.2,1.0,0.0,0.0,0.0,0.0,0.0
2054,0.21000000000000002,0.9999999999999989,0.0,4.718447854656915e-16,1.7208456881689926e-15,2.7131075164277263e-15,7.121039868884793e-16
2054,0.22,0.9999999999999991,0.0,3.0531133177191805e-16,3.608224830031759e-16,6.106226635438361e-16,8.083811398051921e-16
2054,0.23,0.9999999999999989,5.551115123125783e-16,0.0,3.0531133177191805e-16,4.0939474033052647e-16,0.0
2054,0.24000000000000002,1.0,1.1102230246251565e-15,0.0,0.0,0.0,3.608224830031759e-16
2054,0.25,1.0,0.0,2.5500435096859064e-16,1.6653345369377348e-16,3.3393426912553537e-16,0.0
2054,0.26,1.0,0.0,0.0,4.163336342344337e-16,3.3306690738754696e-16,8.673617379884035e-17
2054,0.27,1.0,1.27675647831893e-15,0.0,0.0,0.0,3.469446951953614e-18
2054,0.28,1.0,0.0,0.0,0.0,0.0,1.8041124150158794e-16
2054,0.29000000000000004,0.9999999999999998,3.3306690738754696e-16,2.7755575615628914e-17,0.0,0.0,0.0
2054,0.3,0.9999999999999998,0.0,0.0,1.3877787807814457e-16,1.1535911115245767e-16,1.0408340855860843e-17
2054,0.31,1.0,7.771561172376096e-16,0.0,0.0,0.0,0.0
2054,0.32,0.9999999999999996,1.1102230246251565e-16,0.0,2.940356291780688e-16,2.480654570646834e-16,0.0
2054,0.33,0.9999999999999998,1.6653345369377348e-16,1.3877787807814457e-16,2.7755575615628914e-17,0.0,1.1449174941446927e-16
2054,0.34,0.9999999999997189,2.9228685731655465e-13,0.0,0.0,0.0,4.171979519477679e-16
2054,0.35000000000000003,0.9999999999987104,1.3263102451324278e-12,0.0,0.0,0.0,2.0690019051767237e-15
2054,0.36000000000000004,1.0,0.0,6.423347300560898e-16,5.840063472422642e-16,7.35927953200309e-16,0.0
2054,0.37,0.9999999999998238,1.803897931450558e-13,0.0,0.0,0.0,2.7233316276175593e-16
2054,0.38,1.0,0.0,2.527997359651245e-16,1.2122750364180123e-15,1.5890045864123872e-15,0.0
2054,0.39,1.0,0.0,6.783622176763674e-16,2.4956879231529403e-15,2.559396871005962e-15,0.0
2054,0.4,1.0,0.0,1.690482945141715e-16,1.6800275939572815e-15,1.684812483076321e-15,0.0
2054,0.41000000000000003,0.9999999999994997,0.0,5.351676530233575e-16,3.2625882093057673e-18,1.9516230890428816e-16,1.5980401779249268e-16
2054,0.42000000000000004,0.9999999999999722,2.854581373322039e-14,1.6318428542032998e-16,0.0,0.0,0.0
2054,0.43,0.9999999999999982,1.9984014443252818e-15,0.0,0.0,0.0,0.0
2054,0.44,1.0,0.0,0.0,1.5265566588595902e-16,1.691355389077387e-17,6.938893903907228e-17
2054,0.45,0.9999999999999988,1.5543122344752192e-15,0.0,0.0,0.0,0.0
2054,0.46,0.9999999999999996,5.551115123125783e-16,0.0,0.0,0.0,0.0
2054,0.47000000000000003,1.0,0.0,4.163336342344337e-17,0.0,2.7755575615628914e-17,3.469446951953614e-17
2054,0.48000000000000004,1.0,0.0,0.0,0.0,7.719519468096792e-17,9.71445146547012e-17
2054,0.49,0.9999999999999998,3.3306690738754696e-16,0.0,0.0,0.0,0.0
2054,0.5,0.9999999999999999,0.0,0.0,7.112366251504909e-17,0.0,0.0
2054,0.51,0.9999999999999999,1.1102230246251565e-16,0.0,0.0,0.0,6.591949208711867e-17
2054,0.52,0.9999999999999998,3.3306690738754696e-16,0.0,0.0,0.0,0.0
2054,0.53,0.9999999999999989,7.216449660063518e-16,0.0,2.1087732254843061e-16,2.0242054560304368e-16,0.0
2054,0.54,0.9999999999999999,3.4587202640215674e-16,0.0,0.0,5.936834219727297e-17,0.0
2054,0.55,0.9999999999998828,1.1836758795143892e-13,3.448779348040609e-17,0.0,0.0,7.79155962026077e-17
2054,0.56,0.9999999999999994,4.440892098500626e-16,0.0,0.0,0.0,6.938893903907228e-17
2054,0.5700000000000001,0.9999999999999984,1.7763568394002505e-15,5.551115123125783e-17,0.0,0.0,0.0
2054,0.5800000000000001,1.0,0.0,1.8709094332363535e-16,1.3445081026709597e-16,5.088863832820693e-16,0.0
2054,0.59,0.2539940310550148,0.7460059689449848,0.0,1.5332484673865674e-16,1.2287857500034e-16,2.0243098123695067e-17
2054,0.6,0.2528516282009647,0.7471483717990353,3.24564148872678e-17,5.3433754531711036e-17,8.945062401635668e-17,0.0
2054,0.61,0.25400258653443264,0.7459974134655674,3.590533828614079e-17,7.339354860587785e-18,0.0,2.1566952419926403e-16
2054,0.62,0.2559150005798514,0.7440849994201485,8.673617379884035e-19,2.7755575615628914e-17,2.3505503099485736e-16,3.903127820947816e-18
2054,0.63,0.25336130626924896,0.7466386937307574,0.0,1.1849425802293166e-16,2.1536555161258414e-16,2.763711011702152e-17
2054,0.64,0.2531412251210755,0.7468587748789337,9.410494148912838e-17,0.0,1.6914570681539217e-17,4.472790021717323e-17
2054,0.65,0.25483316678458845,0.7451668332154118,2.0816681711721685e-17,0.0,0.0,0.0
2054,0.66,0.25310182082028637,0.7468981791797135,0.0,1.451024113945684e-16,2.8511076413294e-16,0.0
2054,0.67,0.25238847035134593,0.7476115296486543,0.0,0.0,0.0,0.0
2054,0.68,0.25371563014834786,0.7462843698516538,4.376523131768603e-17,5.195248933270328e-17,0.0,6.785303076733758e-17
2054,0.6900000000000001,0.25513243959841425,0.7448675604015861,0.0,3.426078865054194e-17,0.0,3.2959746043559335e-17
2054,0.7000000000000001,0.2537779843710355,0.7462220156289644,3.122502256758253e-17,1.214306433183765e-17,9.020562075079397e-17,0.0
2054,0.7100000000000001,0.2533187701010397,0.7466812298989605,0.0,3.5670251474773096e-17,0.0,1.7564075194265172e-17
2054,0.72,0.2540384372663149,0.745961562733685,0.0,3.6377531493991294e-17,3.520363243576791e-17,2.5153775443902408e-18
2054,0.73,0.2544871772768077,0.7455128227231922,5.286735626208524e-17,0.0,6.535327703165877e-17,0.0
2054,0.74,0.2540225596827553,0.7459774403172437,1.194926090769241e-16,3.35977742310602e-17,0.0,0.0
2054,0.75,0.2539350408308741,0.7460649591691224,0.0,0.0,5.737608691371036e-17,0.0
2054,0.76,0.25436226480995516,0.7456377351900453,1.7790247880433096e-17,0.0,0.0,6.68739294738293e-17
2054,0.77,0.2542308878829705,0.7457691121170346,5.0527776215323115e-17,1.3761814479023123e-16,0.0,2.046534271209528e-17
2054,0.78,0.2538903457050779,0.7461096542949205,1.050738880070629e-17,2.300771203449577e-17,0.0,5.4182462868385095e-17
2054,0.79,0.2538125894090625,0.7461874105909385,1.2402589828465325e-20,2.069189300139193e-20,0.0,0.0
2054,0.8,0.2538899962427127,0.7461100037572853,1.3702307037255164e-16,0.0,0.0,0.0
2054,0.81,0.2546150099633024,0.7453849900366979,4.0932056175556657e-17,6.991554362678424e-17,0.0,0.0
2054,0.8200000000000001,0.25409713847160353,0.745902861528398,3.291069128236504e-17,0.0,7.762674010404704e-17,0.0
2054,0.8300000000000001,0.2538481079564626,0.7461518920435374,1.054183324834812e-16,0.0,0.0,1.0608240631412857e-16
2054,0.8400000000000001,0.25413598717209157,0.7458640128279084,1.7354908515926313e-17,3.27712139769055e-17,4.894728190307076e-17,0.0
2054,0.85,0.2539203816252495,0.7460796183747525,3.847396520714707e-20,2.642134043857343e-17,1.3050336097276592e-16,3.858436243452724e-17
2054,0.86,0.25374413369031784,0.7462558663096824,0.0,0.0,1.8957720656282804e-17,0.0
2054,0.87,0.25420092725270016,0.7457990727473,3.1712913545201005e-18,0.0,0.0,0.0
2054,0.88,0.25398821763279517,0.7460117823672049,0.0,7.239497670116145e-17,0.0,6.05465640401881e-17
2054,0.89,0.25396573165654274,0.7460342683434579,3.690504695972659e-17,2.7113174484597364e-17,0.0,0.0
2054,0.9,0.2539889072004622,0.7460110927995379,2.931265219381832e-17,1.6659155009416214e-17,0.0,0.0
2054,0.91,0.25331200323857267,0.7466879967614272,9.065021378642897e-17,8.563739380882952e-17,0.0,2.1009428856516954e-17
2054,0.92,0.2539881655551989,0.7460118344448011,2.4519812614524964e-17,0.0,6.917325902619556e-17,2.4736470453174384e-18
2054,0.93,0.25395994939192157,0.7460400506080784,0.0,2.088691887806332e-17,6.045461173011949e-17,3.120883096174076e-18
2054,0.9400000000000001,0.2539394954077853,0.7460605045922148,3.236955705395649e-17,0.0,7.285057149459096e-17,0.0
2054,0.9500000000000001,0.25404433179515645,0.7459556682048439,0.0,1.1384122811097797e-17,0.0,3.686287386450715e-18
2054,0.9600000000000001,0.2536438938773694,0.7463561061226307,0.0,3.69712940817557e-17,0.0,3.7838655819744105e-17
2054,0.97,0.25416239805545526,0.7458376019445448,2.7972416050126014e-17,0.0,0.0,5.7462715141731735e-18
2054,0.98,0.253922484738781,0.7460775152612191,0.0,1.7592157165074175e-17,3.913888363604783e-17,1.9386549838416217e-17
2054,0.99,0.25397969490176425,0.7460203050982357,1.7443504687468036e-17,0.0,9.130883849083978e-18,0.0
2054,1.0,0.2539187918362308,0.7460812081637692,2.1501262839808752e-17,9.706777140281069e-18,7.691193416446235e-17,9.135232017477095e-18
2055,0.01,0.12390700101577438,0.13319344347462467,0.13424661875786373,0.20198569569026276,0.19644583287800313,0.21022140818347126
2055,0.02,0.12390700101577438,0.13319344347462467,0.13424661875786373,0.20198569569026276,0.19644583287800313,0.21022140818347126
2055,0.03,0.12390700101577438,0.13319344347462467,0.13424661875786373,0.20198569569026276,0.19644583287800313,0.21022140818347126
2055,0.04,0.999999999998936,1.0688662213368273e-12,0.0,3.976285775028516e-14,0.0,0.0
2055,0.05,1.0,0.0,0.0,0.0,0.0,0.0
2055,0.060000000000000005,1.0,0.0,0.0,0.0,0.0,0.0
2055,0.06999999999999999,1.0,0.0,0.0,0.0,0.0,0.0
2055,0.08,1.0,0.0,0.0,0.0,0.0,0.0
2055,0.09,1.0,0.0,0.0,0.0,0.0,0.0
2055,0.09999999999999999,1.0,0.0,0.0,0.0,0.0,0.0
2055,0.11,0.9999999999997696,5.118260767705688e-13,0.0,0.0,0.0,0.0
2055,0.12,1.0,0.0,6.25888230132432e-15,1.4516166046973922e-14,6.147859998861804e-15,7.958911307781591e-15
2055,0.13,0.9999999999999996,1.9496859623292288e-17,0.0,6.686330396662979e-16,0.0,0.0
2055,0.14,1.0,0.0,0.0,0.0,0.0,0.0
2055,0.15000000000000002,0.999999999999998,0.0,8.118505867571457e-16,1.5092094240998222e-15,2.2620794126737565e-15,2.929947950924827e-15
2055,0.16,1.0,0.0,0.0,0.0,4.701100619897147e-16,4.145989107584569e-16
2055,0.17,1.0,1.5543122344752192e-15,0.0,0.0,0.0,0.0
2055,0.18000000000000002,1.0,0.0,2.636779683484747e-16,0.0,4.163336342344337e-16,0.0
2055,0.19,1.0,0.0,5.204170427930421e-16,0.0,7.389922007661198e-16,9.159339953157541e-16
2055,0.2,1.0,0.0,1.942890293094024e-16,1.3877787807814457e-17,2.220446049250313e-16,2.498001805406602e-16
2055,0.21000000000000002,0.9999999999998612,1.405654957970621e-13,0.0,1.3049578050230515e-14,0.0,0.0
2055,0.22,0.999999999999999,9.992007221626409e-16,0.0,2.3592239273284576e-16,0.0,2.0816681711721685e-17
2055,0.23,0.9999999999999993,0.0,3.2959746043559335e-16,6.418476861114186e-17,3.469446951953614e-16,0.0
2055,0.24000000000000002,1.0,0.0,2.0122792321330962e-16,0.0,3.2612801348363973e-16,2.983724378680108e-16
2055,0.25,0.9999999999999998,1.2212453270876722e-15,0.0,0.0,0.0,0.0
2055,0.26,0.9999999999999996,1.4432899320127035e-15,0.0,0.0,0.0,0.0
2055,0.27,0.9999999999999993,1.1102230246251565e-16,0.0,3.3306690738754696e-16,8.326672684688674e-17,0.0
2055,0.28,0.9999999999999993,1.1102230246251565e-15,1.249000902703301e-16,0.0,0.0,0.0
2055,0.29000000000000004,0.9999999999999993,0.0,2.7755575615628914e-17,9.922618282587337e-16,0.0,0.0
2055,0.3,0.9999999999999996,9.43689570931383e-16,0.0,0.0,0.0,2.7755575615628914e-17
2055,0.31,1.0,0.0,0.0,1.2836953722228372e-16,0.0,5.551115123125783e-17
2055,0.32,1.0,0.0,3.8163916471489756e-17,3.712308238590367e-16,1.8301332671555315e-16,0.0
2055,0.33,0.9999999999999948,5.822848613030662e-15,0.0,0.0,0.0,0.0
2055,0.34,1.0,0.0,2.2328113538516866e-15,4.863996702357174e-15,4.3365736382991547e-16,0.0
2055,0.35000000000000003,0.9999999999998713,1.330807912261196e-13,0.0,0.0,6.235725267579335e-16,1.1131260182936338e-15
2055,0.36000000000000004,1.0,0.0,5.025493062871863e-16,1.4206502236402537e-15,0.0,0.0
2055,0.37,1.0,0.0,0.0,0.0,4.590363767537856e-16,5.96847790239113e-16
2055,0.38,1.0,0.0,2.500322675682079e-16,4.9082594678071315e-17,9.431288351203007e-18,0.0
2055,0.39,0.9999999999999938,5.71958023545577e-15,2.8456114214655583e-16,2.41332392166959e-16,0.0,1.0341721714559292e-16
2055,0.4,0.9999999999999998,1.1102230246251565e-16,0.0,0.0,0.0,0.0
2055,0.41000000000000003,1.0,0.0,7.28583859910259e-17,2.636779683484747e-16,0.0,0.0
2055,0.42000000000000004,0.9999999999999993,3.885780586188048e-16,9.84455572616838e-17,1.3877787807814457e-17,4.163336342344337e-17,0.0
2055,0.43,1.0,0.0,0.0,0.0,0.0,0.0
2055,0.44,1.0,0.0,8.326672684688674e-17,0.0,6.938893903907228e-17,0.0
2055,0.45,1.0,0.0,1.1102230246251565e-16,0.0,1.249000902703301e-16,0.0
2055,0.46,0.9999999999999996,9.43689570931383e-16,0.0,0.0,3.230922474006803e-17,0.0
2055,0.47000000000000003,0.9999999999997088,2.9315497791665445e-13,0.0,0.0,0.0,0.0
2055,0.48000000000000004,1.0,0.0,5.551115123125783e-17,0.0,0.0,0.0
2055,0.49,0.9999999999999991,1.1102230246251565e-15,2.7755575615628914e-17,1.0408340855860843e-17,0.0,2.7755575615628914e-17
2055,0.5,0.27557978937031413,0.7244202106296863,0.0,0.0,0.0,0.0
2055,0.51,0.2466386852584146,0.7533613147415817,6.274588323484895e-17,0.0,6.918671283058241e-17,7.255399101605705e-18
2055,0.52,0.2552258612256298,0.7447741387743699,0.0,8.145746447155156e-17,1.428436362249652e-16,6.606687581994092e-17
2055,0.53,0.25549765028902,0.7445023497109797,1.8053634484996126e-16,1.8165076503205375e-17,4.578992449482641e-17,1.849329018973784e-17
2055,0.54,0.25555128348473555,0.7444487165152731,9.252165352541453e-18,0.0,1.6129003478654834e-17,0.0
2055,0.55,0.25368296927613265,0.7463170307238634,5.346990562015479e-17,0.0,0.0,0.0
2055,0.56,0.2545903789546511,0.7454096210453528,5.5300027214176294e-17,0.0,0.0,5.2540228313922445e-17
2055,0.5700000000000001,0.25394701085854404,0.7460529891414556,1.1959215830636104e-16,2.1545606502393214e-16,8.23612486262719e-18,1.5444057606406065e-17
2055,0.5800000000000001,0.2535997491938465,0.7464002508061505,3.5879482377951186e-16,1.2004593822081274e-16,2.5787554242745214e-16,3.523781483229323e-17
2055,0.59,0.25399168276336725,0.7460083172366363,5.4760740393052514e-17,1.1325247530766319e-16,0.0,0.0
2055,0.6,0.2539428268129876,0.7460571731870138,0.0,4.4770815409601024e-17,1.2204480172126558e-16,0.0
2055,0.61,0.2546979997551804,0.7453020002448173,0.0,1.0807932347453243e-16,6.610892878886343e-17,1.2774428391805518e-16
2055,0.62,0.2548835351097918,0.7451164648902083,0.0,4.336808689942018e-18,0.0,3.729655473350135e-17
2055,0.63,0.2535809429524577,0.7464190570475426,5.984795992119984e-17,3.0357660829594124e-18,0.0,0.0
2055,0.64,0.25423676952885216,0.745763230471148,2.721347452938616e-17,4.401860820291148e-17,0.0,0.0
2055,0.65,0.25405113977709703,0.7459488602229055,0.0,4.302453458549267e-18,6.682082434804474e-17,1.422247025402269e-17
2055,0.66,0.2542239766916633,0.745776023308343,0.0,3.740042409867208e-17,2.4373554309963044e-18,2.6169326435794998e-17
2055,0.67,0.25506467997344123,0.7449353200265666,5.312124777057982e-17,1.0635647441212454e-16,5.2135804345788245e-17,7.364122972274608e-17
2055,0.68,0.2540614005699638,0.7459385994300296,0.0,8.576095028098975e-18,0.0,4.836963288994667e-18
2055,0.6900000000000001,0.2535391597160503,0.7464608402839497,7.392268288925093e-18,5.778628172758288e-17,1.2034538235470692e-17,4.2342859395887254e-17
2055,0.7000000000000001,0.2539648944758796,0.7460351055241206,0.0,0.0,2.427838531037133e-17,0.0
2055,0.7100000000000001,0.25400383636793994,0.7459961636320585,0.0,0.0,2.5181244234975237e-17,0.0
2055,0.72,0.2538915037988475,0.7461084962011526,1.7413118041196694e-17,0.0,0.0,1.3817052898518363e-17
2055,0.73,0.25397264294667493,0.7460273570691098,2.559303030457702e-17,3.547255860491047e-23,2.8010351050657884e-17,2.873757874870294e-17
2055,0.74,0.2538410217805039,0.7461589782194963,0.0,6.339362481070922e-17,0.0,2.622523572093704e-17
2055,0.75,0.2539216923214573,0.7460783076785374,1.6161176061603998e-16,9.191263167776896e-17,8.489151321146794e-18,3.834981780975881e-17
2055,0.76,0.2544192946607609,0.7455807053392094,3.313802567019408e-19,0.0,0.0,0.0
2055,0.77,0.2539077156117475,0.7460922843882478,2.4451174634817767e-17,1.4498188718704576e-17,0.0,0.0
2055,0.78,0.2536774531194823,0.7463225468805177,8.098990228466718e-17,0.0,0.0,5.3044591288853304e-17
2055,0.79,0.25411139316616843,0.7458886068338314,2.1250362580715887e-17,0.0,5.854691731421724e-18,1.9949319973733282e-17
2055,0.8,0.25390160560818764,0.746098394391814,1.0384968084093397e-17,2.18180276450155e-20,0.0,0.0
2055,0.81,0.2539808219331098,0.7460191780668903,1.282176775271283e-17,0.0,2.507324628170589e-17,3.6205502418657246e-17
2055,0.8200000000000001,0.2538575017710796,0.7461424982289205,0.0,1.431146867680866e-17,0.0,0.0
2055,0.8300000000000001,0.2540623115545399,0.7459376884454603,9.058314450929313e-18,0.0,4.0281007862050095e-18,1.344010213543525e-17
2055,0.8400000000000001,0.25410054434730756,0.7458994556526926,0.0,0.0,4.185020385794047e-17,2.2768245622195593e-17
2055,0.85,0.25347681360523233,0.7465231863947676,0.0,0.0,7.932349565548113e-17,7.307529425433323e-17
2055,0.86,0.25410357027321556,0.7458964297267844,0.0,1.7780915628762273e-17,4.336808689942018e-18,5.59990422088763e-17
2055,0.87,0.25395771357147096,0.7460422864285291,2.893936306512875e-20,7.413035472508716e-21,9.274285297348682e-19,3.2154833689683376e-17
2055,0.88,0.25384012988127425,0.7461598701187259,0.0,0.0,1.1302807648161384e-17,0.0
2055,0.89,0.2538763420761938,0.7461236579238062,4.231098978124681e-17,3.9871534893154426e-17,0.0,8.402566836762659e-19
2055,0.9,0.2541107863307812,0.7458892136692188,0.0,0.0,4.662069341687669e-18,2.0139055353918245e-17
2055,0.91,0.25397585832261044,0.7460241416773895,1.0419407477478404e-17,0.0,5.60910297029279e-17,2.0294169769726985e-17
2055,0.92,0.2539839216163346,0.7460160783836597,6.1846195862804065e-18,6.874994302016675e-17,0.0,0.0
2055,0.93,0.251562346667486,0.731738380940898,3.07899587116985e-22,1.0792619433128954e-18,5.1433274329575296e-18,0.01669927239269284
2055,0.9400000000000001,0.24023986855433568,0.6578336046246401,4.2954856643902065e-18,5.056783506627563e-18,9.05673926082986e-18,0.10192652682102257
2055,0.9500000000000001,0.23085669570946396,0.5966521981610775,0.0,4.203994249729517e-17,0.0,0.17249110612945992
2055,0.9600000000000001,0.22314618015981105,0.5470266757239166,1.4215173376376487e-17,3.5723850684665607e-17,0.0,0.2298271441164623
2055,0.97,0.21670031512489532,0.5046595857450599,0.0,0.0,2.254427682047556e-16,0.2786400991300122
2055,0.98,0.2109474983769044,0.4676091071353721,1.7364923489613576e-17,1.1885406964765363e-16,0.0,0.32144339448704223
2055,0.99,0.20611563030731989,0.43600739797993626,0.0,6.244308895980379e-20,3.584596176856533e-18,0.3578769717128056
2055,1.0,0.20172060436178907,0.4082286715921245,0.0,0.0,0.0,0.39005072404608654
2056,0.01,0.03646234967702939,0.007025427623620571,0.17865019924150652,0.17588130678329458,0.301442097608898,0.300538619065651
2056,0.02,0.03646234967702939,0.007025427623620571,0.17865019924150652,0.17588130678329458,0.301442097608898,0.300538619065651
2056,0.03,0.03646234967702939,0.007025427623620571,0.17865019924150652,0.17588130678329458,0.301442097608898,0.300538619065651
2056,0.04,0.03646234967702939,0.007025427623620571,0.17865019924150652,0.17588130678329458,0.301442097608898,0.300538619065651
2056,0.05,0.03646234967702939,0.007025427623620571,0.17865019924150652,0.17588130678329458,0.301442097608898,0.300538619065651
2056,0.060000000000000005,0.03646234967702939,0.007025427623620571,0.17865019924150652,0.17588130678329458,0.301442097608898,0.300538619065651
2056,0.06999999999999999,3.70513833762592e-14,0.9999999999997063,1.0904399301027616e-13,1.1145737775949927e-13,1.9405016019492517e-14,1.6658056196053062e-14
2056,0.08,3.7659225198753265e-13,0.9999999999999905,3.561265875579039e-15,1.45307198671625e-15,7.496804321667602e-16,1.256321388614098e-15
2056,0.09,4.375945057115962e-14,1.0,0.0,0.0,0.0,0.0
2056,0.09999999999999999,1.7579533577702747e-16,1.0,0.0,0.0,5.472761218799372e-17,9.778595422188604e-17
2056,0.11,0.0,1.0,0.0,3.242181115990825e-17,0.0,1.4042028455622706e-17
2056,0.12,0.0,1.0,0.0,0.0,0.0,0.0
2056,0.13,0.0,1.0,0.0,2.893833147102981e-16,5.541444816475139e-16,0.0
2056,0.14,1.6801142888274644e-16,1.0,0.0,0.0,4.984121650319794e-17,0.0
2056,0.15000000000000002,0.0,0.9999999999999997,0.0,1.8476965813775604e-15,1.7709087180729095e-15,0.0
2056,0.16,1.6828187471228849e-12,0.999999999998317,2.1733039562900283e-16,9.847003945521758e-17,2.9574974537244033e-17,0.0
2056,0.17,0.0,0.9999999999997519,0.0,4.664423603259241e-14,4.756900359190914e-13,3.094768712932803e-13
2056,0.18000000000000002,0.0,0.9999999999994457,0.0,9.26918354839346e-14,3.7916263882106366e-13,3.03701003197233e-13
2056,0.19,8.354116552179713e-17,1.0,2.292162507773498e-14,1.0819824802955772e-14,0.0,0.0
2056,0.2,8.56028403405172e-15,1.0,0.0,0.0,6.842739904948835e-15,6.413864234839253e-15
2056,0.21000000000000002,2.5992654677535807e-14,1.0,0.0,0.0,5.03255550579555e-14,4.322177381624326e-14
2056,0.22,2.6291804167371985e-15,1.0,3.1455024968445468e-15,1.9808749872696357e-15,0.0,0.0
2056,0.23,0.0,1.0,3.285750122589186e-16,0.0,1.520204441150775e-16,6.274167196145981e-16
2056,0.24000000000000002,6.606419247511436e-16,0.9999999999999998,4.102869389273483e-16,0.0,0.0,0.0
2056,0.25,1.1945558724503435e-13,1.0,3.105356874747463e-16,0.0,0.0,0.0
2056,0.26,1.4745269427796568e-14,0.9999999999999999,1.515921142645412e-16,0.0,0.0,0.0
2056,0.27,1.230924314342432e-14,0.99999999999999,0.0,0.0,1.0290835945555194e-15,1.1389681994209745e-15
2056,0.28,0.0,0.9999999999999365,7.264170773562765e-15,5.0038738983512214e-15,0.0,0.0
2056,0.29000000000000004,0.0,1.0,0.0,0.0,9.892000159126462e-16,9.548571180057798e-16
2056,0.3,0.0,1.0,2.737459607782169e-16,0.0,0.0,1.895829142544575e-16
2056,0.31,0.0,1.0,0.0,0.0,4.1973991348115246e-16,2.3820736258819747e-16
2056,0.32,0.0,1.0,1.2382111045301112e-14,8.727019313197512e-15,0.0,0.0
2056,0.33,0.0,1.0,4.517735456871128e-16,2.643660767390004e-16,3.0456234288830843e-17,0.0
2056,0.34,0.0,1.0,4.1715986193492107e-16,8.907498529093117e-16,0.0,0.0
2056,0.35000000000000003,0.0,0.9999999999998843,3.1105782679029273e-15,2.1137766663194338e-15,0.0,0.0
2056,0.36000000000000004,9.616456503556109e-14,1.0,0.0,0.0,1.6782586845024552e-15,1.3372736760559438e-15
2056,0.37,3.752080866412004e-15,0.9999999999999968,6.930978858194953e-17,0.0,0.0,0.0
2056,0.38,0.0,1.0,5.520287274307168e-14,2.4711188748969702e-14,0.0,0.0
2056,0.39,1.0,0.0,2.0816681711721685e-17,0.0,2.7755575615628914e-16,0.0
2056,0.4,0.9999999999999971,2.55351295663786e-15,7.771561172376096e-16,0.0,0.0,0.0
2056,0.41000000000000003,0.9999999999999987,1.887379141862766e-15,5.551115123125783e-17,0.0,0.0,0.0
2056,0.42000000000000004,0.9999999999999989,8.881784197001252e-16,0.0,0.0,0.0,0.0
2056,0.43,0.999999999999996,4.496403249731884e-15,1.1102230246251565e-16,0.0,0.0,0.0
2056,0.44,1.0,0.0,1.457167719820518e-16,2.675810961694225e-16,8.326672684688674e-17,0.0
2056,0.45,0.9999999999999997,1.1102230246251565e-16,1.1102230246251565e-16,7.632783294297951e-17,2.7755575615628914e-17,0.0
2056,0.46,0.9999999999999971,3.1086244689504383e-15,0.0,0.0,0.0,2.688821387764051e-17
2056,0.47000000000000003,1.0,0.0,0.0,5.551115123125783e-17,3.8163916471489756e-17,0.0
2056,0.48000000000000004,0.9999999999999984,1.6653345369377348e-15,0.0,0.0,0.0,0.0
2056,0.49,0.3600165972990668,0.6399834027003912,2.154628768562765e-17,0.0,0.0,0.0
2056,0.5,0.2501495531585617,0.7498504468414384,3.393555075651477e-17,7.140880967469987e-17,7.415546276423597e-17,4.168555647860366e-17
2056,0.51,0.25675103704740315,0.743248962952596,3.1185005802934866e-16,2.1560443392886394e-16,2.5194716504366917e-16,1.0075650385135179e-16
2056,0.52,0.2534489393308769,0.7465510606691227,1.0769868301353341e-16,3.974407383486148e-17,3.593024856787982e-17,1.2023585973273751e-16
2056,0.53,0.25289424736188804,0.7471057526381136,0.0,0.0,0.0,0.0
2056,0.54,0.2536692743407908,0.7463307256592093,3.9355530739945314e-17,3.7481457847566966e-18,1.9677765369972657e-17,3.279627561662109e-17
2056,0.55,0.25406094751400765,0.7459390524859922,1.3856103764364747e-16,6.938893903907228e-18,1.0646865333807654e-16,2.0816681711721685e-17
2056,0.56,0.2541051154293197,0.7458948845706804,0.0,9.86623976961809e-17,2.677979366039196e-17,0.0
2056,0.5700000000000001,0.25290140798635474,0.7470985920136455,0.0,6.938893903907228e-18,0.0,0.0
2056,0.5800000000000001,0.2545282061555462,0.7454717938444541,0.0,0.0,1.3118846287074604e-17,0.0
2056,0.59,0.25386939308658185,0.7461306069134171,0.0,0.0,0.0,0.0
2056,0.6,0.25387986992314726,0.746120130076853,0.0,6.613633252161577e-18,0.0,0.0
2056,0.61,0.2545670168912593,0.7454329831087407,2.883977778811442e-17,0.0,0.0,2.417770844642675e-17
2056,0.62,0.25371862900818776,0.7462813709918122,2.2822455730819868e-17,0.0,1.6046192152785466e-17,2.873135757086587e-17
2056,0.63,0.2540077228609023,0.745992277139098,0.0,0.0,0.0,0.0
2056,0.64,0.2539418104203682,0.746058189579632,1.2643677448063479e-17,0.0,1.7989718455200444e-18,2.3043010156099446e-18
2056,0.65,0.2538700603986759,0.7461299396013268,3.661557026947629e-17,0.0,0.0,1.3561018449665628e-18
2056,0.66,0.2537904426711804,0.7462095573288273,8.213460147770566e-17,0.0,0.0,0.0
2056,0.67,0.2544754329786206,0.7455245670213857,2.990278624105988e-17,0.0,3.3324875107694726e-19,3.4178331487221715e-17
2056,0.68,0.2539549663881737,0.7460450336118322,2.172155407100545e-18,9.656215746847095e-18,0.0,0.0
2056,0.6900000000000001,0.25387785129404516,0.7461221487059633,0.0,8.61341211174922e-18,3.8504222310731525e-18,0.0
2056,0.7000000000000001,0.25492947318595804,0.7450705268140505,0.0,3.463348314733383e-17,0.0,3.271400060973718e-19
2056,0.7100000000000001,0.2540678325776406,0.7459321674223593,2.752894226740798e-17,5.2326095591344844e-17,0.0,1.815509367398278e-17
2056,0.72,0.25371098663580843,0.7462890133641847,4.584619109481473e-18,2.7435787706330393e-17,0.0,3.805135890684354e-18
2056,0.73,0.2537270779621587,0.7462729220378412,7.755905123112847e-17,5.606655500379991e-17,0.0,0.0
2056,0.74,0.25394941905206253,0.7460505809479326,2.1385887852276575e-17,4.404571325722362e-17,0.0,5.5185890579512176e-17
2056,0.75,0.25420959774302665,0.7457904022569785,1.9546863201846653e-18,2.1320345944409343e-17,7.795668786729718e-17,0.0
2056,0.76,0.25441133007788297,0.7455886699221169,1.019880608053381e-17,6.728935612106569e-18,1.543198738690769e-17,9.054898673178718e-17
2056,0.77,0.25391390480523013,0.74608609519477,1.067557014841863e-17,6.069424267932881e-18,2.4113839239933693e-17,6.097499234628231e-18
2056,0.78,0.2536163193054326,0.7463836806945674,2.2551405187698492e-17,4.2825985813177425e-18,2.7321894746634712e-17,3.7947076036992655e-17
2056,0.79,0.2539102163340053,0.7460897836659949,1.4077719823902876e-17,2.8598234662832163e-21,0.0,2.674410801786491e-18
2056,0.8,0.25395314363600346,0.746046856363987,1.5476986012230576e-17,0.0,7.453889935837843e-19,0.0
2056,0.81,0.2538780703199443,0.7461219296800534,0.0,0.0,2.4042593751947574e-17,5.87248345460786e-18
2056,0.8200000000000001,0.2537695943204313,0.7462304056795688,0.0,0.0,4.336808689942018e-18,0.0
2056,0.8300000000000001,0.2539025926638856,0.7460974073361126,0.0,6.158268339717665e-17,0.0,3.165870343657673e-17
2056,0.8400000000000001,0.2538099874899175,0.7461900125100369,4.336808689942018e-18,1.5612511283791264e-17,2.42861286636753e-17,1.6479873021779667e-17
2056,0.85,0.2539868583309288,0.7460131416690713,2.6803290843876026e-17,3.1624566469687865e-17,0.0,0.0
2056,0.86,0.2539581179230569,0.7460418820769434,0.0,2.6113330536805534e-18,5.134643644877493e-18,0.0
2056,0.87,0.2539324949575378,0.7460675050424622,0.0,0.0,1.6273276213267865e-17,3.13308344981824e-17
2056,0.88,0.25416114509702564,0.7458388549029693,1.485356976305141e-17,0.0,1.0842021724855044e-19,0.0
2056,0.89,0.24369233824735417,0.6792703338899162,0.0,3.3203201735322062e-18,4.043107601672925e-18,0.0770373278627294
2056,0.9,0.23272651357374952,0.6081808154078283,2.4336690905798216e-17,0.0,6.229308141007852e-17,0.15909267101815824
2056,0.91,0.22381236382315678,0.552545364905708,0.0,1.3063616842731348e-17,0.0,0.22364227127113642
2056,0.92,0.2166401220019379,0.5044370060125545,3.2439879671268265e-20,1.6600569902381018e-17,1.5379038473982004e-17,0.2789228719849837
2056,0.93,0.21039470290909146,0.46437393764645446,3.639781782808366e-17,3.966215748893893e-17,0.0,0.3252313594449549
2056,0.9400000000000001,0.20493021725642888,0.42959877286748127,0.0,3.523807152500037e-17,0.0,0.36547100987521375
2056,0.9500000000000001,0.20021824264630397,0.39955728324315964,5.8012464529043376e-18,0.0,0.0,0.40022447411053724
2056,0.9600000000000001,0.19630112655770776,0.37321332416032615,3.1041292622042276e-17,9.496625228138251e-17,9.600142053132437e-17,0.4304855492819859
2056,0.97,0.1927611742006521,0.35002100712881595,0.0,2.634736952202533e-17,1.5135049777809577e-16,0.4572178186696336
2056,0.98,0.1895162214314155,0.3295070458868785,3.783295745651476e-18,0.0,0.0,0.4809767326816866
2056,0.99,0.18664876323983084,0.3110198529328244,1.3360559872764299e-22,2.7898356384724193e-22,9.2017251952669e-23,0.5023313838308452
2056,1.0,0.1841515620219945,0.29426056665991956,2.137653133769304e-22,1.2598554880329184e-21,0.0,0.5215878713180274
2057,0.01,0.0254569557283471,0.3755662321631424,0.012509173925252751,0.14233123558858932,0.09115060628600088,0.3529857963086675
2057,0.02,0.0254569557283471,0.3755662321631424,0.012509173925252751,0.14233123558858932,0.09115060628600088,0.3529857963086675
2057,0.03,0.0254569557283471,0.3755662321631424,0.012509173925252751,0.14233123558858932,0.09115060628600088,0.3529857963086675
2057,0.04,0.0,1.0,8.09543997444752e-18,9.180662189875272e-18,0.0,0.0
2057,0.05,0.0,1.0,0.0,0.0,0.0,0.0
2057,0.060000000000000005,0.0,1.0,0.0,0.0,0.0,0.0
2057,0.06999999999999999,1.0391975478187385e-15,0.9999999999999991,2.453672752057073e-17,0.0,2.2938528421895397e-17,0.0
2057,0.08,0.0,0.9999999999999978,0.0,0.0,5.564972909008452e-17,0.0
2057,0.09,1.0282327168727779e-16,0.9999999999999365,0.0,3.9562196351506593e-16,4.649982744013167e-17,0.0
2057,0.09999999999999999,0.0,1.0,5.821520756536943e-15,2.628571965989588e-13,3.921436766327985e-14,3.663327965492324e-13
2057,0.11,1.249910133718278e-13,1.0,4.605401317571981e-17,1.1287019876330947e-15,1.2348932422304388e-17,0.0
2057,0.12,0.0,0.9999999999999999,1.836013627697228e-17,0.0,0.0,2.5090801045525906e-17
2057,0.13,5.199221690458826e-16,1.0,0.0,7.289821424638184e-17,1.1696981787792318e-16,1.2868417479408797e-18
2057,0.14,6.728384359074642e-17,1.0,0.0,2.6640907015608056e-17,0.0,3.508997192228792e-18
2057,0.15000000000000002,0.0,0.9999999999999998,0.0,0.0,9.918893970897199e-17,1.9083567537598585e-16
2057,0.16,0.0,1.0,2.8013079931401766e-14,1.1310268070838827e-13,8.696270831366054e-14,2.415167336942754e-13
2057,0.17,0.0,1.0,2.7655743412493015e-14,4.764812357664939e-14,7.188090891110325e-14,1.9918245558917677e-13
2057,0.18000000000000002,0.0,0.9999999999999999,3.0654280766220433e-17,3.2392534654221495e-16,5.980076399397729e-17,2.0479823672425432e-16
2057,0.19,9.927229477591656e-14,1.0,4.9246520730674916e-17,0.0,4.3626513787514593e-17,0.0
2057,0.2,8.974653943682475e-12,0.9999999999913938,0.0,0.0,0.0,0.0
2057,0.21000000000000002,1.0445286129090459e-12,0.9999999999990026,0.0,0.0,0.0,0.0
2057,0.22,0.0,1.0,1.166498266679865e-16,0.0,0.0,0.0
2057,0.23,4.708912792064179e-13,0.9999999999995458,0.0,0.0,1.8936162689698732e-16,0.0
2057,0.24000000000000002,0.0,0.9999999999995968,0.0,0.0,9.806825474849453e-17,0.0
2057,0.25,0.0,1.0,8.223148317875253e-16,9.126476133595259e-16,8.780888808697872e-16,3.0789033533807058e-15
2057,0.26,8.841544024899123e-13,0.9999999999991424,0.0,0.0,0.0,0.0
2057,0.27,5.2228277367652925e-14,1.0,4.3309905444976247e-17,1.0386572331421197e-16,0.0,1.3504459912978139e-16
2057,0.28,0.0,1.0,3.601945139519052e-16,9.076165552901905e-16,7.381362739729194e-17,1.3793927310871545e-15
2057,0.29000000000000004,0.0,0.9999999999999996,9.331522087183229e-17,3.2664480387711413e-16,8.622938293329717e-17,0.0
2057,0.3,8.144995946185386e-17,0.9999999999999999,0.0,1.1877391186480904e-17,6.060689161916992e-17,0.0
2057,0.31,0.0,1.0,0.0,3.6762934564642984e-16,5.195318933631614e-17,2.8703405483606476e-16
2057,0.32,0.0,1.0,1.5623766234077905e-16,0.0,4.942013730755215e-18,0.0
2057,0.33,0.0,1.0,8.087224411433764e-16,8.008667399531848e-16,5.405724432358644e-15,6.6095020342498014e-15
2057,0.34,0.0,1.0,2.124725873435979e-15,4.048258710828164e-15,0.0,3.627670673621644e-14
2057,0.35000000000000003,6.368844224415992e-13,0.9999999999993573,0.0,3.173985872204435e-15,8.285190304888079e-16,3.996730573212692e-15
2057,0.36000000000000004,0.2532235162335387,0.7467764837667075,2.402551658153743e-16,0.0,0.0,0.0
2057,0.37,0.9999999999997391,2.5635049638594865e-13,5.828670879282072e-16,7.216449660063518e-16,1.390597706429908e-15,1.5543122344752192e-15
2057,0.38,0.9999999999999976,2.7755575615628914e-15,5.551115123125783e-17,0.0,0.0,0.0
2057,0.39,1.0,0.0,0.0,0.0,1.6653345369377348e-16,0.0
2057,0.4,0.9999999999999932,6.439293542825908e-15,0.0,1.6653345369377348e-16,2.7755575615628914e-17,1.3877787807814457e-16
2057,0.41000000000000003,1.0,0.0,0.0,6.204346932048299e-17,0.0,2.498001805406602e-16
2057,0.42000000000000004,1.0,0.0,0.0,6.635317295611287e-17,0.0,0.0
2057,0.43,1.0,0.0,0.0,0.0,3.469446951953614e-18,0.0
2057,0.44,1.0,0.0,1.3660947373317356e-17,0.0,5.551115123125783e-17,0.0
2057,0.45,1.0,0.0,0.0,1.3877787807814457e-17,1.214306433183765e-16,1.1796119636642288e-16
2057,0.46,1.0,0.0,2.7755575615628914e-17,0.0,8.326672684688674e-17,4.163336342344337e-17
2057,0.47000000000000003,0.999999999998415,1.5933994122005349e-12,1.0892250778627224e-16,0.0,0.0,0.0
2057,0.48000000000000004,0.9999999999999984,1.887379141862766e-15,0.0,5.551115123125783e-17,0.0,1.0408340855860843e-16
2057,0.49,0.9999999999999993,3.3306690738754696e-16,0.0,0.0,0.0,1.1102230246251565e-16
2057,0.5,0.27044954620194334,0.729550453798056,7.966175462337244e-17,1.1535911115245767e-16,3.414220403792634e-17,3.452099717193846e-16
2057,0.51,0.24911772449175648,0.7508822755082437,3.209238430557093e-17,0.0,0.0,1.0018028073766061e-16
2057,0.52,0.256520806662868,0.7434791933371323,0.0,0.0,3.735076484212563e-17,0.0
2057,0.53,0.2532181241821757,0.7467818758178242,7.652875124941291e-17,4.636414481693564e-18,5.82449569262754e-17,1.0895574031979874e-16
2057,0.54,0.25439338144252044,0.74560661855748,2.6346112791397758e-17,0.0,2.688821387764051e-17,0.0
2057,0.55,0.25386828583238846,0.7461317141676121,0.0,1.6369897014719914e-17,2.099723106743121e-17,1.7620983288146448e-16
2057,0.56,0.25384945759471994,0.7461505424052831,2.318496078790909e-19,1.0494231706496733e-19,0.0,0.0
2057,0.5700000000000001,0.2537890227256106,0.7462109772743896,4.897789443311807e-18,1.0430724674780782e-17,0.0,4.625389222300981e-18
2057,0.5800000000000001,0.2545480846328253,0.7454519153671748,0.0,7.589415207398531e-18,2.3960868011929648e-17,0.0
2057,0.59,0.25378057604465226,0.7462194239553479,0.0,3.924811864397526e-17,5.410168840702667e-17,0.0
2057,0.6,0.2539658734403111,0.7460341265596887,0.0,7.361732751176575e-17,3.0682921481339775e-17,4.7921736023859296e-17
2057,0.61,0.2545089383042417,0.7454910616957583,1.0191500421363742e-17,1.6263032587282567e-17,0.0,0.0
2057,0.62,0.2540132686202767,0.7459867313797234,1.300499209728698e-17,4.896348033186803e-17,0.0,0.0
2057,0.63,0.25305200185882626,0.7469479981411737,8.887122622151323e-17,1.3732225195828805e-16,1.0373008994048498e-16,0.0
2057,0.64,0.25421015093940597,0.745789849060594,2.3852447794681098e-18,8.239936510889834e-18,1.2847795743953228e-17,0.0
2057,0.65,0.2540015751657676,0.7459984248342323,2.927345865710862e-17,0.0,0.0,3.447762908503904e-17
2057,0.66,0.25292966376974135,0.7470703362302588,0.0,2.7755575615628914e-17,0.0,0.0
2057,0.67,0.2538329936921204,0.7461670063078796,0.0,5.5294310796760726e-17,2.3527187142935446e-17,4.4885969940899884e-17
2057,0.68,0.2540760510973564,0.7459239489026437,0.0,2.3744027577432547e-17,1.5287250632045613e-17,0.0
2057,0.6900000000000001,0.25409706125439546,0.7459029387456046,5.486263848586846e-18,0.0,1.4279195569517047e-17,1.995437913139237e-18
2057,0.7000000000000001,0.25421568969035707,0.745784310309643,0.0,3.469446951953614e-17,0.0,1.5612511283791264e-17
2057,0.7100000000000001,0.25405028341601227,0.7459497165839878,0.0,4.3524006869357576e-17,2.739988151052653e-17,6.3346839362074725e-18
2057,0.72,0.2531858879717257,0.7468141120282742,0.0,2.42861286636753e-17,1.214306433183765e-17,5.0523821237824507e-17
2057,0.73,0.2534466759673131,0.746553324032687,0.0,2.303929616531697e-17,5.963111948670274e-19,6.0173220572945496e-18
2057,0.74,0.2539593895725527,0.7460406104274472,5.421010862427522e-19,0.0,8.673617379884035e-18,1.1514227071796057e-16
2057,0.75,0.2540082185594131,0.745991781440587,3.3610267347050637e-18,0.0,1.3552527156068805e-19,4.9304093793778314e-17
2057,0.76,0.25341325826132066,0.7465867417386791,3.122502256758253e-17,1.3444106938820255e-17,1.5612511283791264e-17,2.0643209364124004e-16
2057,0.77,0.2537505942011802,0.7462494057988198,6.591949208711867e-17,0.0,0.0,0.0
2057,0.78,0.2539557566694336,0.7460442433305665,0.0,1.717642790904802e-17,3.1013499719704645e-17,0.0
2057,0.79,0.2539126086478909,0.7460873913521092,1.0002284550174807e-18,2.8658632050174835e-17,8.036517644360105e-19,0.0
2057,0.8,0.25395309654410836,0.7460469034558916,1.0408340855860843e-17,3.469446951953614e-17,1.0408340855860843e-17,3.122502256758253e-17
2057,0.81,0.2544071907551199,0.7455928092448803,1.734723475976807e-17,0.0,5.637851296924623e-18,4.163336342344337e-17
2057,0.8200000000000001,0.25389028434630345,0.7461097156536965,1.9593422573270347e-18,7.592674008460371e-18,7.465076871352957e-18,0.0
2057,0.8300000000000001,0.2539585261356647,0.7460414738643353,2.2896916851060432e-18,5.807914863749153e-19,1.3016150274689146e-17,5.722528402046813e-18
2057,0.8400000000000001,0.2539693931559813,0.7460306068440187,0.0,1.9447779926332634e-17,7.20210065680005e-18,9.305251448594724e-19
2057,0.85,0.2540676564385753,0.7459323435614248,0.0,1.951563910473908e-18,6.315477654728063e-18,0.0
2057,0.86,0.2541334247084996,0.7458665752915005,0.0,0.0,1.1709383462843448e-17,2.949029909160572e-17
2057,0.87,0.2483157721432593,0.7092726818163712,1.1186861741699826e-17,1.2897381706158178e-17,0.0,0.04241154604093144
2057,0.88,0.23552600858818787,0.6271697890152288,0.0,5.1514546036960855e-18,3.1803299786877343e-18,0.13730420239624888
2057,0.89,0.22565850579077282,0.563410072327785,1.2349946368860321e-23,7.070526452813956e-23,1.1236188618432555e-24,0.21093142188155903
2057,0.9,0.21753230794478087,0.5108476946705861,4.257374905688004e-18,1.1182595420717973e-17,3.5001287925877743e-20,0.2716199973846335
2057,0.91,0.21064732996943972,0.46580567941060996,1.8743496987538585e-19,0.0,0.0,0.32354699061911624
2057,0.92,0.20486325157975918,0.42888151429449695,7.791430857155333e-14,1.4037030001898269e-21,8.788303973303321e-14,0.3662552341259354
2057,0.93,0.19989114179333342,0.39649473970022786,0.0,3.031555575534669e-19,2.5666401560831636e-16,0.40361411850680284
2057,0.9400000000000001,0.19553961505836348,0.3690237751897499,3.1827922462419796e-17,0.0,1.600863112719101e-17,0.43543660975188664
2057,0.9500000000000001,0.1916535713862894,0.34430881199697794,1.3261727816536643e-17,6.411423911126676e-18,3.4936494604604655e-08,0.4640375816802239
2057,0.9600000000000001,0.18852027344897607,0.3229896804957327,1.0422774541189255e-18,3.263708987095332e-25,3.302344467172448e-17,0.48849006967655506
2057,0.97,0.1855750047654851,0.30358662832734307,6.777729247955234e-13,0.0,0.0,0.5108383669065579
2057,0.98,0.18284487714729736,0.2868569752287357,4.352297734800013e-17,1.3164504330442058e-17,4.8312192363149386e-17,0.530298147623964
2057,0.99,0.18060329437210598,0.2703881465595635,0.0,0.0,0.0046903963070491165,0.5443181627612818
2057,1.0,0.17859464079854087,0.2557708226210305,3.496216009137329e-17,0.0,0.010925755154088146,0.5547087814264198
2058,0.01,0.20760303985167425,0.16822635081518666,0.055839312312898,0.21545574808885307,0.11937600239217538,0.2334995465392127
2058,0.02,0.20760303985167425,0.16822635081518666,0.055839312312898,0.21545574808885307,0.11937600239217538,0.2334995465392127
2058,0.03,0.20760303985167425,0.16822635081518666,0.055839312312898,0.21545574808885307,0.11937600239217538,0.2334995465392127
2058,0.04,1.0,0.0,0.0,1.3877787807814457e-17,0.0,0.0
2058,0.05,1.0,0.0,0.0,0.0,0.0,0.0
2058,0.060000000000000005,1.0,0.0,0.0,0.0,0.0,0.0
2058,0.06999999999999999,1.0,1.4063051006937084e-16,0.0,0.0,1.5852695582355224e-17,4.012666011568323e-19
2058,0.08,1.0,0.0,0.0,0.0,0.0,0.0
2058,0.09,1.0,2.992548081798965e-14,0.0,1.0597823635766247e-16,2.5268192125086404e-17,2.3385149054482064e-16
2058,0.09999999999999999,1.0,0.0,0.0,0.0,2.430508065622378e-16,5.868360742410146e-16
2058,0.11,1.0,5.806186260524682e-13,0.0,0.0,0.0,0.0
2058,0.12,1.0,0.0,2.039333292414831e-15,2.6592026189206374e-14,5.646163403289597e-15,1.2349113328358714e-14
2058,0.13,0.9999999999999771,2.3482579632956306e-14,3.232280287363394e-16,1.086186950489307e-15,0.0,0.0
2058,0.14,0.9999999999999997,0.0,1.789803597659729e-17,5.879043867133727e-16,0.0,0.0
2058,0.15000000000000002,1.0,1.817318866657461e-13,1.4569971892994098e-16,0.0,0.0,0.0
2058,0.16,1.0,0.0,2.676938066085489e-14,3.429488807941603e-14,5.852561252976966e-14,9.067776962108772e-14
2058,0.17,1.0,0.0,2.344767324850093e-14,1.5046824459253097e-14,4.756648998226437e-14,7.61348921783639e-14
2058,0.18000000000000002,1.0,0.0,7.355227538141662e-16,0.0,4.787836793695988e-16,1.3600232051658168e-15
2058,0.19,0.9999999999999996,1.2212453270876722e-15,0.0,0.0,0.0,0.0
2058,0.2,0.9999999999995669,0.0,0.0,0.0,1.0950798472457242e-16,1.1517932753052355e-16
2058,0.21000000000000002,0.9999999999999788,2.363626846939933e-14,0.0,0.0,0.0,0.0
2058,0.22,1.0,0.0,4.505220015679854e-16,3.004377159516536e-15,5.1078966631454975e-16,1.374857716687555e-15
2058,0.23,1.0,0.0,3.740777015947584e-16,2.9861447753268874e-15,9.599763204411887e-17,9.126589424251954e-16
2058,0.24000000000000002,0.9999999999999984,2.7915229781846925e-16,1.530670110689567e-16,7.209921942029076e-16,0.0,5.061921728436338e-16
2058,0.25,0.9999999999999091,0.0,0.0,1.501624737315299e-15,4.97958790860219e-17,2.469080272292068e-16
2058,0.26,1.0,6.317922202639566e-14,1.0368988419350168e-16,2.1825837845585134e-16,0.0,0.0
2058,0.27,1.0,0.0,2.3599354350041513e-16,0.0,1.9064721115268253e-16,0.0
2058,0.28,1.0,0.0,1.0408340855860843e-17,0.0,5.204170427930421e-17,0.0
2058,0.29000000000000004,0.9999999999999998,7.771561172376096e-16,0.0,0.0,1.3877787807814457e-17,0.0
2058,0.3,1.0,0.0,2.3592239273284576e-16,0.0,0.0,2.636779683484747e-16
2058,0.31,1.0,3.3306690738754696e-16,1.457167719820518e-16,0.0,1.1709383462843448e-16,1.6653345369377348e-16
2058,0.32,1.0,0.0,0.0,1.1102230246251565e-16,1.4137996329210978e-16,0.0
2058,0.33,0.9999999999999998,4.996003610813204e-16,0.0,0.0,0.0,9.71445146547012e-17
2058,0.34,0.9999999999999996,8.881784197001252e-16,9.71445146547012e-17,0.0,0.0,0.0
2058,0.35000000000000003,1.0,5.551115123125783e-16,2.7755575615628914e-17,0.0,1.3877787807814457e-17,2.7755575615628914e-17
2058,0.36000000000000004,0.9999999999999993,4.996003610813204e-16,0.0,9.71445146547012e-17,0.0,0.0
2058,0.37,0.9999999999999998,0.0,4.163336342344337e-17,6.305719835175694e-16,0.0,0.0
2058,0.38,0.9999999999999571,4.5272074418467244e-14,0.0,0.0,1.6132327131715102e-16,8.553266240352265e-17
2058,0.39,1.0,9.290961898601409e-14,0.0,1.20890675169042e-16,2.637542818862891e-16,0.0
2058,0.4,1.0,0.0,9.055015140208966e-17,1.7490662848726642e-15,0.0,5.966860069461875e-17
2058,0.41000000000000003,1.0,0.0,0.0,4.719498175511511e-16,0.0,0.0
2058,0.42000000000000004,0.9999999999999537,4.794782633270062e-14,1.9421025524530774e-16,0.0,4.448108819211233e-17,0.0
2058,0.43,0.9999999999999993,9.992007221626409e-16,5.551115123125783e-17,0.0,0.0,0.0
2058,0.44,1.0,0.0,1.3877787807814457e-16,0.0,0.0,8.413408858487514e-17
2058,0.45,0.9999999999999984,2.0539125955565396e-15,8.326672684688674e-17,0.0,0.0,0.0
2058,0.46,1.0,0.0,8.326672684688674e-17,0.0,4.90059381963448e-17,0.0
2058,0.47000000000000003,1.0,0.0,4.0797765420977e-17,1.9205243881217741e-16,7.0588761208858e-17,0.0
2058,0.48000000000000004,1.0,0.0,0.0,1.1961269885533195e-16,0.0,1.5317743818146767e-17
2058,0.49,0.2614430196019335,0.7385569803980983,0.0,1.4533814825462912e-17,0.0,1.5464831089437477e-16
2058,0.5,0.25168949930528073,0.7483105006947192,0.0,2.0412827266324958e-17,0.0,2.4525091917639334e-17
2058,0.51,0.2537012773565239,0.7462987226434898,1.362530891333622e-17,1.5569347122115997e-16,1.048386298896559e-17,6.426455697315091e-17
2058,0.52,0.2548299424096964,0.7451700575903035,4.003416521902725e-17,3.9160027217460813e-17,8.880293419014085e-18,6.668182173964754e-17
2058,0.53,0.2549704596630416,0.7450295403369654,0.0,2.1775272285046244e-17,0.0,0.0
2058,0.54,0.2542360611199436,0.7457639388800564,0.0,0.0,1.5186961931090703e-16,6.993104012531504e-17
2058,0.55,0.2534496537162014,0.7465503462837991,2.53669567664422e-17,0.0,1.7826403357741866e-17,0.0
2058,0.56,0.2536370304019409,0.746362969598059,1.026986646222304e-16,0.0,0.0,2.269960409328192e-17
2058,0.5700000000000001,0.25398179848378344,0.7460182015162181,0.0,0.0,0.0,0.0
2058,0.5800000000000001,0.25382833626319146,0.7461716637368107,1.319916779647291e-17,0.0,1.1197983004493739e-17,0.0
2058,0.59,0.2538391673208604,0.7461608326791398,1.1249418103799333e-17,0.0,1.76943972257677e-17,4.15298719611051e-17
2058,0.6,0.2542147222756909,0.7457852777243091,3.870601755773251e-17,0.0,0.0,3.209238430557093e-17
2058,0.61,0.2542930075361103,0.7457069924638898,1.0958195030052459e-17,0.0,0.0,1.1373958415730745e-17
2058,0.62,0.253829023603376,0.7461709763966214,2.3980911638609922e-17,0.0,2.5431898548312676e-17,1.9965173147859008e-17
2058,0.63,0.253876453164686,0.7461235468353136,1.8020306111980727e-16,1.9252711231932763e-16,3.670443811784963e-17,3.504561934948057e-17
2058,0.64,0.25425957507029684,0.7457404249297033,0.0,3.855016349543772e-17,0.0,4.450649918052996e-17
2058,0.65,0.25398742987628414,0.7460125701024851,3.901000724793565e-16,7.372386999707131e-16,4.2257216032682245e-16,2.123169243945102e-11
2058,0.66,0.2539905953322688,0.7460094046677233,0.0,2.7155337053257018e-17,4.815292271664946e-20,2.4895656639079233e-16
2058,0.67,0.2542297285445264,0.7457702714554688,6.568144746892366e-18,0.0,3.0122299616002395e-17,0.0
2058,0.68,0.25387564026401344,0.7461243597359902,0.0,1.6042535000026535e-18,1.288328082811761e-18,0.0
2058,0.6900000000000001,0.25366931026713296,0.7463306897328673,5.5950168830457325e-18,1.411668097680083e-17,0.0,0.0
2058,0.7000000000000001,0.2539023866389695,0.7460976133610308,3.6656388098027157e-19,3.465576103324442e-18,1.5120032071136487e-17,0.0
2058,0.7100000000000001,0.25390685295162835,0.7460931470483715,3.286959955069814e-17,1.2788857548518156e-17,1.614372550503278e-18,9.254373836574799e-17
2058,0.72,0.25426500882686465,0.7457349911731354,0.0,7.741203511546502e-17,1.431146867680866e-17,0.0
2058,0.73,0.2544673742565078,0.7455326257434923,0.0,1.8431436932253575e-17,9.324138683375338e-18,0.0
2058,0.74,0.25397553735774026,0.74602446264226,0.0,5.854691731421724e-17,0.0,0.0
2058,0.75,0.2539117625954451,0.7460882374045829,3.2935872931421593e-18,5.695791579320421e-19,6.578639274115086e-18,4.940380939713239e-18
2058,0.76,0.2542166581435199,0.7457833418564801,0.0,1.951563910473908e-17,3.469446951953614e-18,0.0
2058,0.77,0.2539785880656474,0.7460214119343527,0.0,4.014511992668719e-17,6.926414903940333e-18,3.039809731357032e-20
2058,0.78,0.25429742759698853,0.7457025724030115,0.0,2.6400322900022033e-17,0.0,2.8406096919120216e-17
2058,0.79,0.25397607828936214,0.7460239217106378,5.643975044359365e-18,2.3445845806393065e-17,6.3421987611873275e-18,2.2053124398157342e-17
2058,0.8,0.2534559563629658,0.7465440436370254,5.747527505215274e-17,0.0,1.4808703486626535e-17,7.366531722218363e-17
2058,0.81,0.2537304289463396,0.7462695710536936,2.1959586772629758e-17,0.0,0.0,1.3044821393871457e-16
2058,0.8200000000000001,0.25382597807207696,0.7461740219279202,6.854467070875531e-18,8.74888413921253e-19,1.391400502720893e-17,8.187992063695832e-17
2058,0.8300000000000001,0.23910245282153364,0.6499233119772628,0.0,3.389033039286384e-17,7.404692741647045e-18,0.11097423520185479
2058,0.8400000000000001,0.2274141601656594,0.572206815755812,3.881889653304416e-17,0.0,1.6090786596981542e-16,0.20037902407888675
2058,0.85,0.2178096094943179,0.5123541100099277,5.6558246908644815e-18,1.2081342161863853e-16,3.545519901701942e-17,0.26983628049577507
2058,0.86,0.21019822385794942,0.46317547091479777,1.4846087878173754e-17,1.1776280431554878e-16,0.0,0.32662630522725317
2058,0.87,0.20392640398032172,0.42209034351262187,0.0,1.0689885624762733e-16,1.0829086494829684e-12,0.3739832525059735
2058,0.88,0.19867278076001615,0.3871404210776611,0.0,7.034889843626415e-21,2.3075008154263963e-17,0.41418679816231924
2058,0.89,0.19386037738437156,0.35744744419537544,0.0,0.0,0.0,0.44869217842025305
2058,0.9,0.1900010931434694,0.33176283547556473,3.187148636567205e-17,0.0,0.0,0.4782360713814882
2058,0.91,0.18638739349027905,0.30943728166804596,0.0,0.0,5.97334509196468e-11,0.5041753247819415
2058,0.92,0.18337857262283297,0.2895615676935364,2.556636646893474e-22,0.0,0.0,0.527059859684434
2058,0.93,0.1807761238033397,0.2714187171051407,5.153982609318774e-17,2.487293949823466e-16,0.0055318063871340395,0.5422733527043864
2058,0.9400000000000001,0.17846177965756577,0.25490162437256764,4.8023300486868575e-18,1.2111635902122305e-16,0.011505086557213513,0.5551315094127924
2058,0.9500000000000001,0.1764139104770499,0.24007653743175908,2.3624056075552913e-19,0.0,0.017333842327812005,0.566175709763379
2058,0.9600000000000001,0.1744134340471681,0.22692496094157913,1.0333754061185388e-16,2.9260599361067767e-16,0.02226126433744371,0.5764003406738085
2058,0.97,0.17283072386024848,0.2146047849392313,0.0,8.144761109609482e-18,0.026792886430981506,0.5857716047697582
2058,0.98,0.17121928522654908,0.2036343321564832,0.0,0.0,0.031156378183089514,0.593990004433867
2058,0.99,0.16986360867354885,0.19355562910608248,0.0,0.0,0.03469583032252674,0.6018849318974189
2058,1.0,0.0,0.0,0.0,0.0,0.0,1.0
2059,0.01,0.2116113139970785,0.2570273307930884,0.19673404005923548,0.13419604185492784,0.04129005806235936,0.1591412152333104
2059,0.02,0.2116113139970785,0.2570273307930884,0.19673404005923548,0.13419604185492784,0.04129005806235936,0.1591412152333104
2059,0.03,0.2116113139970785,0.2570273307930884,0.19673404005923548,0.13419604185492784,0.04129005806235936,0.1591412152333104
2059,0.04,1.0,0.0,0.0,0.0,0.0,0.0
2059,0.05,1.0,0.0,0.0,0.0,7.922117613843633e-17,0.0
2059,0.060000000000000005,1.0,0.0,0.0,0.0,0.0,0.0
2059,0.06999999999999999,1.0,0.0,0.0,0.0,0.0,0.0
2059,0.08,1.0,0.0,0.0,0.0,0.0,0.0
2059,0.09,0.9999999999999749,0.0,2.1511680723545117e-18,9.929568262365813e-17,8.54178938335667e-17,0.0
2059,0.09999999999999999,1.0,0.0,0.0,0.0,0.0,0.0
2059,0.11,1.0,8.543524866378319e-16,1.1520256648886325e-16,0.0,0.0,1.1536028587090433e-16
2059,0.12,1.0,0.0,0.0,0.0,0.0,0.0
2059,0.13,1.0,0.0,0.0,0.0,0.0,0.0
2059,0.14,1.0,6.050715484207103e-15,0.0,0.0,0.0,0.0
2059,0.15000000000000002,1.0,0.0,0.0,0.0,0.0,0.0
2059,0.16,1.0,2.2210474426428636e-15,0.0,0.0,0.0,0.0
2059,0.17,0.999999999999498,5.753959043324435e-13,0.0,0.0,0.0,0.0
2059,0.18000000000000002,0.9999999999999987,2.0539125955565396e-15,0.0,2.0816681711721685e-16,0.0,0.0
2059,0.19,0.9999999999999979,1.7208456881689926e-15,1.3357370765021415e-16,0.0,1.3877787807814457e-17,4.85722573273506e-16
2059,0.2,1.0,0.0,0.0,3.469446951953614e-16,7.632783294297951e-17,0.0
2059,0.21000000000000002,1.0,0.0,0.0,4.163336342344337e-17,0.0,5.585809592645319e-16
2059,0.22,0.9999999999999994,0.0,7.771561172376096e-16,0.0,0.0,5.551115123125783e-17
2059,0.23,0.9999999999999993,0.0,7.563394355258879e-16,3.139849491518021e-16,5.551115123125783e-17,3.885780586188048e-16
2059,0.24000000000000002,1.0,1.4432899320127035e-15,0.0,0.0,0.0,0.0
2059,0.25,0.9999999999999988,1.2212453270876722e-15,6.938893903907228e-17,0.0,0.0,0.0
2059,0.26,1.0,0.0,2.7755575615628914e-17,0.0,1.3877787807814457e-16,2.7755575615628914e-16
2059,0.27,0.9999999999999993,4.996003610813204e-16,2.8449465006019636e-16,3.8163916471489756e-17,0.0,0.0
2059,0.28,0.9999999999999984,1.0547118733938987e-15,7.632783294297951e-16,3.3133218391157016e-16,0.0,0.0
2059,0.29000000000000004,1.0,5.551115123125783e-17,0.0,0.0,9.80118763926896e-17,3.885780586188048e-16
2059,0.3,1.0,1.1102230246251565e-16,0.0,0.0,3.8163916471489756e-17,3.5388358909926865e-16
2059,0.31,0.9999999999999992,5.551115123125783e-16,3.7470027081099033e-16,2.680147770384167e-16,0.0,0.0
2059,0.32,1.0,0.0,2.6194324487249787e-16,3.209238430557093e-16,1.3877787807814457e-16,0.0
2059,0.33,0.9999999999999998,0.0,1.8735013540549517e-16,1.5612511283791264e-17,8.326672684688674e-17,0.0
2059,0.34,1.0,0.0,0.0,2.7755575615628914e-17,6.245004513516506e-17,7.025630077706069e-17
2059,0.35000000000000003,1.0,5.551115123125783e-17,6.938893903907228e-17,0.0,0.0,0.0
2059,0.36000000000000004,1.0,0.0,2.8102520310824275e-16,2.7755575615628914e-17,3.469446951953614e-18,0.0
2059,0.37,1.0,6.106226635438361e-16,0.0,0.0,0.0,8.326672684688674e-17
2059,0.38,0.9999999999999997,0.0,1.249000902703301e-16,9.71445146547012e-17,1.249000902703301e-16,0.0
2059,0.39,0.9999999999999991,0.0,5.412337245047638e-16,1.7607443281164592e-16,0.0,0.0
2059,0.4,0.9999999999999996,3.3306690738754696e-16,0.0,0.0,5.551115123125783e-17,3.382710778154774e-17
2059,0.41000000000000003,1.0,0.0,8.242719014121564e-16,7.178658226330583e-16,4.461888986471876e-17,0.0
2059,0.42000000000000004,1.0,0.0,2.6252494474902476e-15,8.375597307722082e-16,0.0,0.0
2059,0.43,0.999999999999887,1.1604716575639123e-13,0.0,0.0,0.0,2.071660476900359e-16
2059,0.44,0.999999999999954,4.7261279447413174e-14,0.0,0.0,0.0,0.0
2059,0.45,1.0,0.0,1.515977217348384e-16,0.0,6.090166890758419e-19,0.0
2059,0.46,1.0,0.0,9.71445146547012e-17,8.326672684688674e-17,0.0,1.457167719820518e-16
2059,0.47000000000000003,0.9999999999999999,0.0,9.71445146547012e-17,5.551115123125783e-17,0.0,0.0
2059,0.48000000000000004,1.0,0.0,2.0816681711721685e-16,4.163336342344337e-17,5.204170427930421e-18,5.551115123125783e-17
2059,0.49,1.0,0.0,1.0408340855860843e-16,8.088148206741863e-17,8.326672684688674e-17,0.0
2059,0.5,1.0,0.0,0.0,0.0,0.0,7.979727989493313e-17
2059,0.51,0.9999999999996605,0.0,0.0,6.829408815697108e-17,1.9885625929193356e-16,4.424851159254923e-16
2059,0.52,1.0,0.0,2.498001805406602e-16,2.7755575615628914e-17,0.0,0.0
2059,0.53,1.0,0.0,0.0,6.938893903907228e-17,3.426078865054194e-17,0.0
2059,0.54,0.2522471466522507,0.7477528533477501,0.0,6.210559531815603e-17,7.671743957307519e-17,1.3846913422508413e-16
2059,0.55,0.24631858104858445,0.7536814189514152,1.3877787807814457e-16,1.8388068845354155e-16,0.0,0.0
2059,0.56,0.2543095497617932,0.7456904502382071,0.0,2.081708623324555e-17,9.246206259718571e-21,4.1622267975931707e-17
2059,0.5700000000000001,0.25412766749045607,0.7458723325095438,1.8206027665290143e-16,1.236495442221599e-16,0.0,0.0
2059,0.5800000000000001,0.2537988659295952,0.7462011340704102,0.0,0.0,2.1647978379849538e-17,5.320124756932384e-17
2059,0.59,0.25288711353931226,0.7471128864606882,0.0,0.0,0.0,0.0
2059,0.6,0.2557231007094475,0.7442768992905526,0.0,0.0,0.0,2.6544225856826658e-17
2059,0.61,0.2538626783288827,0.7461373216711171,2.6575897223110775e-17,7.287550999750679e-17,0.0,4.5808998771528415e-17
2059,0.62,0.253852355830622,0.7461476441693788,0.0,6.333445092203501e-17,0.0,0.0
2059,0.63,0.25499370256295134,0.7450062974370487,5.648693318649478e-17,0.0,2.0166160408230382e-17,2.190088388420719e-17
2059,0.64,0.2540788301008558,0.7459211698991444,5.84729167018909e-20,1.168559211074161e-19,6.570040600331321e-18,4.225415148530802e-20
2059,0.65,0.25405083554892355,0.7459491644510767,0.0,1.0787094128656176e-17,0.0,6.337919039805344e-19
2059,0.66,0.2538722079063454,0.7461277920936582,0.0,0.0,7.5570544272083e-17,0.0
2059,0.67,0.2541553351913294,0.7458446648086766,7.973650528096763e-17,3.9516628088254874e-17,0.0,1.2098552750459436e-16
2059,0.68,0.2535803718611278,0.7464196281388129,0.0,6.954610299356584e-17,1.2373752842538745e-17,0.0
2059,0.6900000000000001,0.25391055295678805,0.7460894470802133,7.035774115461062e-17,3.7968506224399906e-18,5.904190784903914e-23,2.443621455242384e-17
2059,0.7000000000000001,0.25465185688184994,0.74534814311815,0.0,2.267180977376071e-17,2.8832162689078247e-17,1.6158791265486e-17
2059,0.7100000000000001,0.2540790188361415,0.7459209811638585,0.0,0.0,2.3852447794681098e-17,4.7271214720367993e-17
2059,0.72,0.25349765610493646,0.7465023438950635,0.0,3.008661028647275e-17,0.0,0.0
2059,0.73,0.2537648304430534,0.7462351695569477,0.0,2.9762398754602684e-17,1.3665191174174652e-17,0.0
2059,0.74,0.25389767844648514,0.7461023215358533,4.869990410626181e-18,1.9037430393926448e-17,0.0,1.7660137578248018e-11
2059,0.75,0.2539195842453777,0.7460804157546201,8.40959925359141e-17,0.0,0.0,6.162365429221231e-17
2059,0.76,0.2538911867551,0.7461088132448973,0.0,6.040178700247413e-17,0.0,0.0
2059,0.77,0.25400438291604144,0.7459956170839585,1.212630664524406e-16,3.776271236770561e-17,1.2554685948256287e-17,0.0
2059,0.78,0.2539449907241079,0.7460550092758924,1.4663834382866447e-17,0.0,0.0,1.3796472644878044e-17
2059,0.79,0.25425527586721025,0.74574472413279,0.0,9.053088140253962e-18,0.0,8.836247705756861e-18
2059,0.8,0.2543821922278504,0.7456178077721496,3.69712940817557e-17,0.0,0.0,6.928051882182373e-17
2059,0.81,0.25394682961744347,0.7460531703825566,5.453778744506442e-18,0.0,2.696528442391027e-18,0.0
2059,0.8200000000000001,0.2541863464127439,0.7458136535872575,1.1622647289044608e-16,4.423544863740858e-17,0.0,0.0
2059,0.8300000000000001,0.2541234138052261,0.7458765861947739,5.713745448998608e-17,0.0,5.4752209710517974e-18,1.1649752343356745e-16
2059,0.8400000000000001,0.25361066122529147,0.7463893387747086,0.0,0.0,0.0,8.68445940160889e-17
2059,0.85,0.25389076424954843,0.746109235750457,3.395665601402318e-18,0.0,1.0841772152185775e-17,0.0
2059,0.86,0.2539151353853333,0.746084864614661,0.0,5.8583160326475e-17,6.606905719364556e-18,0.0
2059,0.87,0.25389041204298096,0.7461095879570868,2.167383945307121e-17,0.0,2.860590501175644e-17,5.611191847393407e-18
2059,0.88,0.2479705218183855,0.7078507609660133,1.7210735101757538e-17,1.3991471662875192e-17,2.0137323071166477e-17,0.0441787172156112
2059,0.89,0.23431431887013554,0.6192428635488935,1.7311218540050858e-17,4.349117641147726e-17,0.0,0.14644281758111496
2059,0.9,0.2234602382981098,0.5491397714288577,0.0,1.2258533151612802e-17,1.5344245444202048e-17,0.2273999902726156
2059,0.91,0.21466076744816068,0.49385335301304395,9.59042262639404e-18,0.0,1.771005276310361e-17,0.2914858795388132
2059,0.92,0.20785684360886567,0.4474960711511347,0.0,8.829506828132611e-18,0.0,0.34464708524069615
2059,0.93,0.20191860445680057,0.40889498379505324,1.1554322493966788e-16,9.876579528087254e-17,6.413765841144344e-17,0.3891864117479463
2059,0.9400000000000001,0.19681339198617234,0.3763142283562517,0.0,0.0,0.0,0.4268723796578964
2059,0.9500000000000001,0.19239391128331867,0.3479449042631268,0.0,0.0,0.0,0.4596611844540779
2059,0.9600000000000001,0.18865245657898613,0.3236037727220108,0.0,9.685393332657996e-17,0.0,0.4877437706990034
2059,0.97,0.18532177072878941,0.3020659321789693,0.0,0.0,4.247197766647349e-13,0.5126122970917061
2059,0.98,0.182317363889746,0.28292108242051234,3.691029907562496e-17,1.1983949619617327e-17,0.0010095467852220602,0.5337520069040668
2059,0.99,0.17994810526668323,0.26518822467418685,1.960775121164172e-16,1.2093839819853282e-16,0.007732301463906286,0.547131368595278
2059,1.0,0.177712328007107,0.2493677190250271,1.954274456393762e-16,1.709031988961223e-17,0.013562191669798803,0.55935776129906
2060,0.01,0.028863389232425804,0.23903257616150417,0.12624850076904046,0.3622042756789501,0.06924912470329331,0.17440213345478614
2060,0.02,0.028863389232425804,0.23903257616150417,0.12624850076904046,0.3622042756789501,0.06924912470329331,0.17440213345478614
2060,0.03,0.028863389232425804,0.23903257616150417,0.12624850076904046,0.3622042756789501,0.06924912470329331,0.17440213345478614
2060,0.04,0.028863389232425804,0.23903257616150417,0.12624850076904046,0.3622042756789501,0.06924912470329331,0.17440213345478614
2060,0.05,0.028863389232425804,0.23903257616150417,0.12624850076904046,0.3622042756789501,0.06924912470329331,0.17440213345478614
2060,0.060000000000000005,0.028752366099207612,0.23958768523473656,0.12613748032761793,0.36209325170454937,0.06913810379380049,0.17429111283975723
2060,0.06999999999999999,1.0,0.0,0.0,0.0,0.0,0.0
2060,0.08,1.8631431257858328e-14,0.9999999999999795,1.2543462099960678e-16,1.4836248998071244e-15,3.788897487076693e-16,0.0
2060,0.09,3.947629193634494e-15,0.9999999999999983,5.998056326933516e-19,0.0,0.0,0.0
2060,0.09999999999999999,1.0,0.0,8.326672684688674e-16,0.0,9.71445146547012e-17,4.163336342344337e-16
2060,0.11,0.0,1.0,2.2509203686851845e-14,0.0,1.1350945721693928e-14,1.3197338964177198e-14
2060,0.12,0.9999999999923811,7.556597661081601e-12,0.0,1.471415914340369e-14,2.50730553002601e-14,2.307651894867617e-14
2060,0.13,1.0,0.0,0.0,1.339050884691404e-16,0.0,0.0
2060,0.14,1.0,0.0,0.0,0.0,0.0,0.0
2060,0.15000000000000002,1.0,1.5538786591880753e-16,0.0,4.8314458295190504e-18,0.0,0.0
2060,0.16,0.9999999999999992,1.2767064890145637e-15,0.0,0.0,0.0,0.0
2060,0.17,1.0,0.0,0.0,0.0,0.0,0.0
2060,0.18000000000000002,1.0,0.0,0.0,0.0,0.0,0.0
2060,0.19,1.0,0.0,0.0,0.0,0.0,0.0
2060,0.2,1.0,0.0,0.0,0.0,0.0,0.0
2060,0.21000000000000002,1.0,0.0,0.0,0.0,0.0,0.0
2060,0.22,0.9999999999999653,7.129381108550941e-17,0.0,1.0578536368820925e-17,6.955913320786387e-17,7.302857995302233e-17
2060,0.23,1.0,0.0,0.0,0.0,0.0,0.0
2060,0.24000000000000002,1.0,0.0,0.0,0.0,0.0,0.0
2060,0.25,1.0,0.0,0.0,0.0,0.0,0.0
2060,0.26,1.0,0.0,0.0,0.0,0.0,0.0
2060,0.27,1.0,0.0,0.0,0.0,0.0,0.0
2060,0.28,1.0,0.0,0.0,0.0,0.0,0.0
2060,0.29000000000000004,1.0,0.0,0.0,0.0,0.0,0.0
2060,0.3,1.0,0.0,4.579669976578771e-16,0.0,1.2351231148954867e-15,9.020562075079397e-16
2060,0.31,1.0,0.0,0.0,0.0,0.0,0.0
2060,0.32,1.0,0.0,0.0,0.0,0.0,0.0
2060,0.33,1.0,0.0,0.0,0.0,0.0,0.0
2060,0.34,1.0,0.0,0.0,0.0,0.0,0.0
2060,0.35000000000000003,1.0,0.0,0.0,1.8648277366750676e-16,1.942890293094024e-16,0.0
2060,0.36000000000000004,0.9999999999999947,3.4416913763379853e-15,0.0,2.4771851236948805e-15,0.0,4.718447854656915e-16
2060,0.37,1.0,0.0,0.0,0.0,0.0,0.0
2060,0.38,0.9999999999999956,2.9976021664879227e-15,5.48172618408671e-16,1.2212453270876722e-15,0.0,2.168404344971009e-17
2060,0.39,0.9999999999999983,0.0,0.0,6.078471059822732e-15,0.0,0.0
2060,0.4,0.9999999999999941,4.773959005888173e-15,5.828670879282072e-16,1.887379141862766e-15,0.0,0.0
2060,0.41000000000000003,1.0,0.0,0.0,0.0,0.0,2.5673907444456745e-16
2060,0.42000000000000004,1.0,0.0,3.2786273695961654e-16,0.0,8.326672684688674e-17,0.0
2060,0.43,1.0,8.881784197001252e-16,0.0,0.0,2.714842239903703e-16,1.7433970933566911e-16
2060,0.44,0.9999999999999997,0.0,3.5388358909926865e-16,4.649058915617843e-16,2.5175174445113413e-16,0.0
2060,0.45,0.9999999999999993,2.220446049250313e-16,0.0,9.43689570931383e-16,0.0,0.0
2060,0.46,0.9999999999999993,1.3322676295501878e-15,3.0270924655795284e-16,0.0,0.0,0.0
2060,0.47000000000000003,1.0,0.0,0.0,9.298117831235686e-16,0.0,0.0
2060,0.48000000000000004,0.9999999999999987,0.0,2.5673907444456745e-16,1.4988010832439613e-15,0.0,1.734723475976807e-16
2060,0.49,0.9999999999999992,1.7763568394002505e-15,2.8449465006019636e-16,0.0,1.1275702593849246e-16,4.163336342344337e-16
2060,0.5,0.9999999999999984,1.5543122344752192e-15,0.0,4.3021142204224816e-16,0.0,0.0
2060,0.51,1.0,0.0,1.942890293094024e-16,3.608224830031759e-16,0.0,2.1684043449710089e-16
2060,0.52,0.9999999999999998,0.0,0.0,6.106226635438361e-16,0.0,0.0
2060,0.53,1.0,0.0,0.0,1.4988010832439613e-15,0.0,0.0
2060,0.54,0.9999999999999993,7.771561172376096e-16,6.5052130349130266e-18,0.0,0.0,1.3877787807814457e-16
2060,0.55,1.0,5.551115123125783e-16,0.0,0.0,5.551115123125783e-17,0.0
2060,0.56,0.9999999999999991,8.881784197001252e-16,3.469446951953614e-17,4.579669976578771e-16,0.0,0.0
2060,0.5700000000000001,0.999999999999621,1.0741523499050975e-16,0.0,2.2152589376647578e-16,0.0,0.0
2060,0.5800000000000001,1.0,0.0,2.006023047508459e-16,8.644272096617351e-16,9.92600137141805e-16,2.097011551540546e-15
2060,0.59,0.9999999999993949,6.136496751177692e-13,0.0,0.0,5.618653295175104e-16,9.763592081905078e-16
2060,0.6,0.9999999999999993,6.106226635438361e-16,0.0,1.249000902703301e-16,0.0,0.0
2060,0.61,0.9999999999999998,3.885780586188048e-16,0.0,0.0,0.0,1.3877787807814457e-17
2060,0.62,1.0,0.0,0.0,1.1310397063368782e-15,0.0,0.0
2060,0.63,1.0,0.0,3.415236843329339e-17,0.0,1.0408340855860843e-16,1.734723475976807e-16
2060,0.64,0.9999999999999999,0.0,0.0,0.0,8.673617379884035e-17,3.0531133177191805e-16
2060,0.65,0.9999999999999923,7.716050021144838e-15,1.3877787807814457e-17,5.551115123125783e-17,0.0,0.0
2060,0.66,0.3470220747611037,0.652977925238768,1.5370802698153522e-16,0.0,1.979089488416819e-16,4.0696024971518154e-16
2060,0.67,0.2554073267469559,0.744592673253044,5.774415728993232e-17,0.0,9.663549371022657e-17,3.340963651185819e-17
2060,0.68,0.25450175736399805,0.745498242636002,0.0,0.0,2.3441559333319408e-17,6.185203124555264e-17
2060,0.6900000000000001,0.2535293816253612,0.7464706183746387,1.8837530524932886e-17,1.9042286291508243e-16,5.945851619532694e-17,2.1862347280999633e-17
2060,0.7000000000000001,0.25551062476322417,0.7444893752367762,9.540979117872439e-17,0.0,7.047314121155779e-17,6.938893903907228e-18
2060,0.7100000000000001,0.2541875607789263,0.7458124392210738,2.5133520397506008e-17,1.4709228873000264e-16,1.4090462490518352e-17,2.5178039532237714e-17
2060,0.72,0.2526317540175746,0.7473682459824245,0.0,3.1914914257060485e-16,0.0,0.0
2060,0.73,0.2541823874429762,0.7458176125570255,4.8274807290745786e-17,0.0,0.0,7.134656350317715e-17
2060,0.74,0.25423957021149046,0.7457604297885094,7.15573433840433e-18,0.0,2.168404344971009e-18,7.741203511546502e-17
2060,0.75,0.25323560294080444,0.7467643970591951,0.0,4.3021142204224816e-16,6.765421556309548e-17,1.5612511283791264e-16
2060,0.76,0.2527132496979368,0.7472867503020633,4.336808689942018e-17,0.0,0.0,0.0
2060,0.77,0.2548640511358167,0.745135948864183,2.2551405187698492e-17,5.204170427930421e-17,1.8648277366750676e-17,6.201636426617085e-17
2060,0.78,0.2538110270530939,0.7461889729469063,0.0,4.226545095535805e-18,0.0,2.848824720725039e-17
2060,0.79,0.2543385365282634,0.7456614634717367,4.5102810375396984e-17,7.546047120499111e-17,0.0,0.0
2060,0.8,0.2541501378668979,0.7458498621331022,3.859759734048396e-17,0.0,0.0,7.003946034256359e-17
2060,0.81,0.2536752342294468,0.7463247657705531,1.0030225348206523e-16,5.034098208502462e-17,0.0,0.0
2060,0.8200000000000001,0.2540104001659134,0.7459895998340871,0.0,4.4072818311535755e-17,0.0,0.0
2060,0.8300000000000001,0.25374281357601547,0.7462571864239848,0.0,0.0,2.791820594150174e-17,0.0
2060,0.8400000000000001,0.2538192662831679,0.7461807337168319,9.127590463559359e-22,1.2422481105282404e-16,5.130894047562952e-22,5.843738990404263e-17
2060,0.85,0.2537671387461021,0.7462328612538982,3.2526065174565133e-18,0.0,0.0,0.0
2060,0.86,0.2543298337272457,0.7456701662727544,0.0,1.3262275434824358e-16,0.0,0.0
2060,0.87,0.25376441660199817,0.7462355833980019,3.229574375272584e-18,0.0,1.987780179822366e-17,0.0
2060,0.88,0.25327681651655476,0.7467231834834454,0.0,9.974659986866641e-18,0.0,1.3877787807814457e-17
2060,0.89,0.2534269557570471,0.7465730442429528,1.8865117801247777e-17,1.7845967759111403e-16,0.0,0.0
2060,0.9,0.25395316521478056,0.7460468347852194,0.0,1.2566022593948257e-17,1.007074589589715e-18,1.7219600321872183e-18
2060,0.91,0.2537572276556474,0.7462427723443527,0.0,4.4289658746032856e-17,1.1384122811097797e-17,8.185726402265558e-18
2060,0.92,0.25416635214076644,0.7458336478592337,0.0,0.0,3.415236843329339e-17,1.2468324983583301e-17
2060,0.93,0.2537821461450487,0.7462178538549515,0.0,0.0,0.0,0.0
2060,0.9400000000000001,0.2539431983263882,0.7460568016736119,0.0,1.1557595158695477e-16,0.0,0.0
2060,0.9500000000000001,0.25369419321996783,0.7463058067800324,0.0,0.0,0.0,2.47198095326695e-17
2060,0.9600000000000001,0.2539549499575075,0.7460450500424926,2.1928253447457806e-17,6.523560419334224e-18,0.0,2.1259489239224344e-17
2060,0.97,0.2539293183560525,0.7460706816439573,2.7152699915420665e-18,0.0,0.0,0.0
2060,0.98,0.2539476988860564,0.7460523011139435,0.0,5.675798372961616e-17,0.0,5.3939058081153846e-17
2060,0.99,0.2537682793207187,0.7462317206792813,0.0,1.2262326570811055e-16,0.0,0.0
2060,1.0,0.2545053817910665,0.7454946182089335,1.0842021724855044e-17,1.6479873021779667e-17,8.023096076392733e-18,1.0842021724855044e-18
2061,0.01,0.17719798948644042,0.09922769751375492,0.18129441795171047,0.18065972693921617,0.19111318261881155,0.17050698549006657
2061,0.02,0.17719798948644042,0.09922769751375492,0.18129441795171047,0.18065972693921617,0.19111318261881155,0.17050698549006657
2061,0.03,0.17719798948644042,0.09922769751375492,0.18129441795171047,0.18065972693921617,0.19111318261881155,0.17050698549006657
2061,0.04,0.17719798948644042,0.09922769751375492,0.18129441795171047,0.18065972693921617,0.19111318261881155,0.17050698549006657
2061,0.05,0.17719798948644042,0.09922769751375492,0.18129441795171047,0.18065972693921617,0.19111318261881155,0.17050698549006657
2061,0.060000000000000005,0.17719798948644042,0.09922769751375492,0.18129441795171047,0.18065972693921617,0.19111318261881155,0.17050698549006657
2061,0.06999999999999999,0.17719798948644042,0.09922769751375492,0.18129441795171047,0.18065972693921617,0.19111318261881155,0.17050698549006657
2061,0.08,0.17719798948644042,0.09922769751375492,0.18129441795171047,0.18065972693921617,0.19111318261881155,0.17050698549006657
2061,0.09,0.17719798948644042,0.09922769751375492,0.18129441795171047,0.18065972693921617,0.19111318261881155,0.17050698549006657
2061,0.09999999999999999,0.17719798948644042,0.09922769751375492,0.18129441795171047,0.18065972693921617,0.19111318261881155,0.17050698549006657
2061,0.11,0.17749404729172688,0.09952375531904141,0.18136843240303208,0.18073374139053777,0.19074311036220343,0.17013691323345845
2061,0.12,1.0,0.0,0.0,0.0,0.0,0.0
2061,0.13,0.9999999999999994,9.555820433781896e-17,2.6747700107280183e-16,2.576680621721668e-16,0.0,2.5519169166090227e-18
2061,0.14,1.0,0.0,0.0,0.0,0.0,0.0
2061,0.15000000000000002,0.9999999999999986,4.415503211314989e-16,6.184528347866982e-16,2.10831613995347e-16,1.2029625537434436e-16,3.406483168307845e-17
2061,0.16,1.0,0.0,0.0,0.0,0.0,0.0
2061,0.17,1.0,0.0,0.0,0.0,0.0,0.0
2061,0.18000000000000002,1.0,0.0,0.0,0.0,0.0,0.0
2061,0.19,1.0,0.0,0.0,0.0,0.0,0.0
2061,0.2,1.0,0.0,0.0,0.0,0.0,0.0
2061,0.21000000000000002,1.0,0.0,0.0,0.0,0.0,0.0
2061,0.22,1.0,0.0,0.0,0.0,0.0,0.0
2061,0.23,0.9999999999999305,0.0,5.176840175572536e-14,7.587093609708178e-14,2.110844094373788e-14,1.493916685599395e-14
2061,0.24000000000000002,1.0,0.0,1.4929707095637575e-13,2.2528337005062696e-13,6.671543073644517e-14,5.959589977734657e-14
2061,0.25,0.9999999999995646,5.604126436111412e-16,1.265725993210877e-16,0.0,0.0,2.3672799313379547e-17
2061,0.26,1.0,0.0,1.6891003671432297e-13,2.0430695425690713e-13,1.0824192443644994e-13,8.010020809950794e-14
2061,0.27,1.0,1.400546345564635e-13,0.0,0.0,0.0,0.0
2061,0.28,1.0,0.0,0.0,0.0,0.0,0.0
2061,0.29000000000000004,1.0,0.0,6.6967741946157965e-15,5.4215148470311385e-15,6.91136025092378e-15,6.428551047472355e-15
2061,0.3,0.9999999999991152,1.0492642432505543e-12,0.0,0.0,0.0,0.0
2061,0.31,0.9999999999994046,6.877122302516661e-13,0.0,0.0,0.0,0.0
2061,0.32,0.9999999999999983,4.2720337052939006e-14,8.511034514791325e-17,0.0,7.396149899865453e-17,5.948887971222898e-17
2061,0.33,0.9999999999993066,7.647003334238433e-13,0.0,0.0,0.0,0.0
2061,0.34,0.9999999999991726,9.019136671095098e-13,0.0,8.653566415956632e-15,0.0,0.0
2061,0.35000000000000003,0.9999999999996211,4.0795481460162203e-13,0.0,5.868307362532363e-15,0.0,0.0
2061,0.36000000000000004,0.9999999999997846,2.2571451365889744e-13,0.0,7.628791280957101e-15,0.0,0.0
2061,0.37,0.9999999999999999,0.0,5.828670879282072e-16,1.457167719820518e-16,6.661338147750939e-16,4.718447854656915e-16
2061,0.38,0.9999999999999998,0.0,7.632783294297951e-17,3.434752482434078e-16,0.0,0.0
2061,0.39,1.0,0.0,4.215378046623641e-16,0.0,5.429684479807406e-16,5.585809592645319e-16
2061,0.4,0.9999999999999986,1.6310060732808587e-15,0.0,0.0,2.291979263775888e-16,0.0
2061,0.41000000000000003,0.9999999999999977,6.456113864083487e-14,1.0320397351470399e-15,9.601207263367305e-16,5.720237790844696e-16,2.0912137903338377e-16
2061,0.42000000000000004,1.0,0.0,1.9432160723880137e-15,1.8443057661807088e-15,5.476076088655564e-16,4.6689296261364235e-17
2061,0.43,0.999999999999986,1.6067178664603112e-14,0.0,0.0,0.0,0.0
2061,0.44,1.0,0.0,0.0,3.608224830031759e-16,5.551115123125783e-17,6.938893903907228e-17
2061,0.45,1.0,0.0,2.0816681711721685e-16,4.787836793695988e-16,2.1510571102112408e-16,0.0
2061,0.46,1.0,0.0,1.942890293094024e-16,2.636779683484747e-16,0.0,4.85722573273506e-17
2061,0.47000000000000003,0.9999999999999996,1.2212453270876722e-15,0.0,0.0,0.0,0.0
2061,0.48000000000000004,0.9999999999999998,2.7755575615628914e-16,1.249000902703301e-16,0.0,0.0,1.0408340855860843e-17
2061,0.49,1.0,0.0,2.7755575615628914e-16,7.606762442158299e-16,1.3877787807814457e-17,0.0
2061,0.5,1.0,0.0,1.249000902703301e-16,4.440892098500626e-16,4.163336342344337e-17,8.326672684688674e-17
2061,0.51,1.0,0.0,1.8041124150158794e-16,0.0,0.0,5.551115123125783e-17
2061,0.52,0.9999999999999999,0.0,2.0122792321330962e-16,2.7755575615628914e-17,1.3877787807814457e-17,9.71445146547012e-17
2061,0.53,1.0,0.0,1.8735013540549517e-16,4.718447854656915e-16,1.1102230246251565e-16,0.0
2061,0.54,0.9999999999999998,5.551115123125783e-16,0.0,9.71445146547012e-17,0.0,0.0
2061,0.55,1.0,2.220446049250313e-16,0.0,0.0,6.591949208711867e-17,1.6046192152785466e-16
2061,0.56,0.9999999999999998,5.551115123125783e-16,9.71445146547012e-17,0.0,0.0,6.245004513516506e-17
2061,0.5700000000000001,0.9999999999999998,2.7755575615628914e-16,0.0,0.0,0.0,0.0
2061,0.5800000000000001,0.9999999999999996,2.220446049250313e-16,3.191891195797325e-16,4.163336342344337e-17,1.0408340855860843e-17,0.0
2061,0.59,0.9999999999999996,8.326672684688674e-16,0.0,0.0,1.0408340855860843e-17,0.0
2061,0.6,0.9999999999999996,1.6653345369377348e-16,1.9081958235744878e-16,0.0,0.0,0.0
2061,0.61,0.9999999999999998,3.885780586188048e-16,0.0,0.0,0.0,6.548581121812447e-17
2061,0.62,0.9999999999999344,6.899033277210248e-14,0.0,0.0,1.0054712541316053e-16,3.3039912418061034e-16
2061,0.63,1.0,0.0,3.330536724977461e-16,2.6001370381865258e-16,0.0,2.5228558696614115e-17
2061,0.64,1.0,0.0,5.088179853715786e-16,8.13492771883635e-16,0.0,0.0
2061,0.65,0.9999999999999997,4.051828427890188e-17,2.080016340602749e-17,0.0,1.5397483093448811e-16,2.4155258340671996e-16
2061,0.66,0.9999999999999796,2.0761542595155584e-14,0.0,0.0,0.0,0.0
2061,0.67,1.0,0.0,0.0,0.0,0.0,2.849291779621378e-17
2061,0.68,0.9999999999999912,9.225670256224078e-15,0.0,0.0,0.0,3.621023497864771e-17
2061,0.6900000000000001,0.9999999999999993,7.771561172376096e-16,0.0,0.0,1.3877787807814457e-17,6.938893903907228e-17
2061,0.7000000000000001,0.9999999999999992,8.881784197001252e-16,0.0,8.326672684688674e-17,0.0,0.0
2061,0.7100000000000001,1.0,0.0,0.0,0.0,1.3877787807814457e-17,1.3877787807814457e-17
2061,0.72,1.0,0.0,1.682681771697503e-16,2.7755575615628914e-17,0.0,0.0
2061,0.73,1.0,0.0,3.8759147699349034e-16,2.5468946647044886e-16,1.0540837984635096e-16,1.3494695981595018e-16
2061,0.74,0.9999999999999966,3.885780586188048e-15,0.0,0.0,0.0,0.0
2061,0.75,1.0,0.0,1.8990351622499325e-16,2.3346684421875555e-16,0.0,0.0
2061,0.76,0.2597199338052466,0.7402800661947535,7.624058854941232e-17,0.0,0.0,0.0
2061,0.77,0.2508917948070307,0.7491082051929673,0.0,7.691453575941339e-17,0.0,0.0
2061,0.78,0.25301959686617687,0.7469804031338235,0.0,0.0,0.0,6.22901766617543e-17
2061,0.79,0.2535733436679469,0.7464266563320802,0.0,1.1658426160552446e-16,0.0,0.0
2061,0.8,0.2534146729650608,0.7465853270349394,0.0,0.0,4.288039449240464e-18,5.95675082200008e-17
2061,0.81,0.256371002153138,0.7436289978468709,2.8932954291288664e-17,5.0499248525871866e-17,8.641645285320515e-18,0.0
2061,0.8200000000000001,0.25325256902775717,0.7467474309722509,0.0,5.59396440234501e-17,1.879637578362217e-16,1.7225735824418322e-16
2061,0.8300000000000001,0.25506455675462014,0.7449354432453755,0.0,0.0,0.0,0.0
2061,0.8400000000000001,0.2540779411232085,0.7459220588767864,4.088222616831059e-17,3.2793832501470436e-17,0.0,0.0
2061,0.85,0.2541877588997024,0.7458122411002976,0.0,6.769787562439473e-17,0.0,0.0
2061,0.86,0.2531094784496319,0.7468905215503657,0.0,0.0,2.4278611246268417e-17,5.484874830544781e-17
2061,0.87,0.25394474393361977,0.7460552560663803,0.0,2.7776097000807e-17,2.8006161792184826e-17,0.0
2061,0.88,0.25331845917065143,0.7466815408293485,0.0,8.879615792656281e-17,4.846383711010205e-17,5.074066167232161e-17
2061,0.89,0.2542055743031445,0.7457944256968557,0.0,3.0357660829594124e-18,4.7704895589362195e-18,0.0
2061,0.9,0.2538394609932379,0.7461605390067622,0.0,2.9761349634727097e-17,5.421010862427522e-20,0.0
2061,0.91,0.253926357285458,0.746073642714542,0.0,0.0,0.0,3.355777501790882e-17
2061,0.92,0.25401426439450064,0.7459857356054994,3.625912933787621e-17,0.0,4.585988386032208e-17,0.0
2061,0.93,0.2539294201985477,0.7460705798014582,0.0,0.0,3.7453090631669864e-17,0.0
2061,0.9400000000000001,0.2537418693000762,0.7462581306999241,0.0,0.0,0.0,0.0
2061,0.9500000000000001,0.2543509952646307,0.7456490047353693,0.0,0.0,0.0,3.917372695368535e-17
2061,0.9600000000000001,0.25424231049449036,0.7457576895054968,0.0,0.0,0.0,1.8279539462236733e-18
2061,0.97,0.25366491238595806,0.7463350876140405,0.0,7.615321356026305e-17,0.0,0.0
2061,0.98,0.2540925812931014,0.7459074187068986,3.83305950588623e-17,0.0,0.0,1.717676937590197e-17
2061,0.99,0.2539448162619428,0.7460551837380602,0.0,4.8277460091281986e-17,0.0,0.0
2061,1.0,0.25393050154230734,0.7460694984576962,0.0,0.0,3.806975092369837e-19,9.689330985301124e-18
2062,0.01,0.18608529405001945,0.2574944098730871,0.04803203091224451,0.22904000771278388,0.13242074513637586,0.1469275123154893
2062,0.02,0.18608529405001945,0.2574944098730871,0.04803203091224451,0.22904000771278388,0.13242074513637586,0.1469275123154893
2062,0.03,0.18608529405001945,0.2574944098730871,0.04803203091224451,0.22904000771278388,0.13242074513637586,0.1469275123154893
2062,0.04,0.18608529405001945,0.2574944098730871,0.04803203091224451,0.22904000771278388,0.13242074513637586,0.1469275123154893
2062,0.05,0.18608529405001945,0.2574944098730871,0.04803203091224451,0.22904000771278388,0.13242074513637586,0.1469275123154893
2062,0.060000000000000005,0.18608529405001945,0.2574944098730871,0.04803203091224451,0.22904000771278388,0.13242074513637586,0.1469275123154893
2062,0.06999999999999999,0.18608529405001945,0.2574944098730871,0.04803203091224451,0.22904000771278388,0.13242074513637586,0.1469275123154893
2062,0.08,0.18608529405001945,0.2574944098730871,0.04803203091224451,0.22904000771278388,0.13242074513637586,0.1469275123154893
2062,0.09,0.18608529405001945,0.2574944098730871,0.04803203091224451,0.22904000771278388,0.13242074513637586,0.1469275123154893
2062,0.09999999999999999,0.18608529405001945,0.2574944098730871,0.04803203091224451,0.22904000771278388,0.13242074513637586,0.1469275123154893
2062,0.11,1.0,0.0,1.0052281736937369e-17,0.0,0.0,0.0
2062,0.12,1.0,4.006342386359045e-15,0.0,6.22224466901203e-19,0.0,1.450001227471566e-17
2062,0.13,1.0,0.0,0.0,0.0,0.0,0.0
2062,0.14,1.0,0.0,0.0,0.0,0.0,0.0
2062,0.15000000000000002,1.0,0.0,0.0,0.0,0.0,0.0
2062,0.16,1.0,0.0,0.0,0.0,0.0,0.0
2062,0.17,1.0,0.0,0.0,0.0,0.0,0.0
2062,0.18000000000000002,0.9999999999999999,0.0,8.481387625575926e-17,0.0,1.5471494056413455e-18,2.9302725024501433e-17
2062,0.19,1.0,0.0,2.066825729844714e-17,0.0,0.0,4.1484939010168825e-17
2062,0.2,1.0,0.0,0.0,0.0,0.0,0.0
2062,0.21000000000000002,1.0,0.0,6.929276595513761e-19,1.452052766366255e-17,1.8429541532402655e-18,2.0289959901668933e-18
2062,0.22,0.999999999999985,0.0,0.0,0.0,1.4862099377463184e-16,0.0
2062,0.23,0.9999999999971942,9.780509735435317e-13,1.0075967837863686e-13,1.3429604650561089e-12,2.078268113159254e-13,2.300798440657559e-13
2062,0.24000000000000002,1.0,0.0,0.0,0.0,0.0,0.0
2062,0.25,0.9999999999964768,1.4814816040598089e-12,6.929179452441758e-14,1.5927346247446295e-12,1.8093512799133293e-13,1.980499098053201e-13
2062,0.26,1.0,0.0,0.0,0.0,0.0,0.0
2062,0.27,0.9999999999999777,2.181183079702888e-14,7.485392774458777e-16,8.738392852180973e-16,0.0,0.0
2062,0.28,1.0,0.0,0.0,0.0,0.0,0.0
2062,0.29000000000000004,1.0,2.4424906541753444e-15,0.0,0.0,0.0,0.0
2062,0.3,1.0,6.827871601444713e-15,0.0,0.0,0.0,0.0
2062,0.31,0.9999999999999789,0.0,3.2335245592207684e-15,1.314226505400029e-14,6.286637876939949e-15,7.244205235679146e-15
2062,0.32,0.9999999999999988,0.0,0.0,1.6930901125533637e-15,1.0408340855860843e-15,1.5265566588595902e-16
2062,0.33,0.9999999999999785,2.5828696786336838e-14,0.0,0.0,0.0,0.0
2062,0.34,0.9999999999998103,2.21715613093153e-13,0.0,0.0,0.0,0.0
2062,0.35000000000000003,1.0,0.0,1.1010390275429044e-14,3.125595324620094e-14,3.073226242106676e-14,3.2867858850650004e-14
2062,0.36000000000000004,0.9999999999998342,1.765489965728723e-13,0.0,3.281072118440178e-16,0.0,0.0
2062,0.37,0.9999999999999991,0.0,3.5561831257524545e-16,1.249000902703301e-16,2.8449465006019636e-16,5.186823193170653e-16
2062,0.38,0.9999999999999989,8.548717289613705e-15,0.0,2.3592239273284576e-16,0.0,0.0
2062,0.39,0.9999999999999991,1.1657341758564144e-15,0.0,1.6653345369377348e-16,0.0,0.0
2062,0.4,0.9999999999999996,9.992007221626409e-16,2.7755575615628914e-17,6.245004513516506e-16,0.0,0.0
2062,0.41000000000000003,1.0,0.0,1.231653667943533e-16,0.0,5.134781488891349e-16,4.0245584642661925e-16
2062,0.42000000000000004,1.0,0.0,2.3071822230491534e-16,3.3306690738754696e-16,2.3245294578089215e-16,2.480654570646834e-16
2062,0.43,1.0,0.0,0.0,4.163336342344337e-16,4.0939474033052647e-16,2.636779683484747e-16
2062,0.44,1.0,0.0,0.0,3.191891195797325e-16,2.1510571102112408e-16,1.8041124150158794e-16
2062,0.45,0.9999999999999998,1.0547118733938987e-15,0.0,0.0,0.0,0.0
2062,0.46,0.9999999999999996,1.1657341758564144e-15,9.540979117872439e-17,0.0,0.0,0.0
2062,0.47000000000000003,1.0,5.551115123125783e-17,0.0,9.71445146547012e-17,0.0,0.0
2062,0.48000000000000004,1.0,0.0,0.0,2.636779683484747e-16,0.0,1.7954387976359953e-16
2062,0.49,1.0,9.43689570931383e-16,0.0,0.0,1.6653345369377348e-16,4.597017211338539e-17
2062,0.5,1.0,0.0,0.0,0.0,1.5265566588595902e-16,1.5265566588595902e-16
2062,0.51,1.0,4.440892098500626e-16,2.636779683484747e-16,0.0,0.0,1.942890293094024e-16
2062,0.52,1.0,4.440892098500626e-16,0.0,0.0,6.938893903907228e-17,6.505213034913027e-17
2062,0.53,0.9999999999999999,0.0,0.0,4.9439619065339e-17,7.632783294297951e-17,2.7755575615628914e-17
2062,0.54,1.0,0.0,1.249000902703301e-16,1.2212453270876722e-15,0.0,0.0
2062,0.55,1.0,2.220446049250313e-16,1.0061396160665481e-16,0.0,0.0,0.0
2062,0.56,1.0,0.0,0.0,0.0,6.938893903907228e-17,0.0
2062,0.5700000000000001,1.0,4.996003610813204e-16,0.0,0.0,0.0,0.0
2062,0.5800000000000001,0.9999999999999996,6.661338147750939e-16,1.3183898417423734e-16,0.0,9.367506770274758e-17,0.0
2062,0.59,1.0,0.0,1.0408340855860843e-16,1.1934897514720433e-15,3.8163916471489756e-17,0.0
2062,0.6,0.9999999999999992,2.220446049250313e-16,8.673617379884035e-17,6.938893903907228e-17,0.0,0.0
2062,0.61,0.9999999999999999,0.0,0.0,0.0,4.163336342344337e-17,0.0
2062,0.62,1.0,0.0,0.0,2.949029909160572e-16,0.0,8.326672684688674e-17
2062,0.63,0.9999999999999185,8.601440251904574e-14,9.583796633356144e-17,0.0,8.883316267844599e-17,6.394908169356835e-17
2062,0.64,0.9999999999989496,1.0816727100764918e-12,5.709730512828623e-16,0.0,1.8696011908493192e-15,1.6651773064469007e-15
2062,0.65,0.9999999999999057,9.782972280441551e-14,2.587774592321349e-16,0.0,0.0,0.0
2062,0.66,1.0,0.0,2.852145654064311e-16,4.0733025535799475e-17,7.296102963641065e-16,6.480761517586328e-16
2062,0.67,1.0,0.0,0.0,6.481437243600072e-15,0.0,0.0
2062,0.68,0.9999999999999994,6.0070690117198e-14,0.0,0.0,0.0,0.0
2062,0.6900000000000001,1.0,0.0,7.527581802248967e-17,2.6788043761298216e-15,0.0,6.705536326938669e-17
2062,0.7000000000000001,1.0,7.216449660063518e-16,0.0,0.0,2.7755575615628914e-17,3.469446951953614e-17
2062,0.7100000000000001,0.9999999999999993,3.885780586188048e-16,0.0,0.0,2.7755575615628914e-17,2.42861286636753e-17
2062,0.72,1.0,0.0,0.0,7.147060721024445e-16,0.0,0.0
2062,0.73,1.0,0.0,1.5265566588595902e-16,0.0,0.0,0.0
2062,0.74,1.0,0.0,0.0,2.498001805406602e-16,4.163336342344337e-17,2.168404344971009e-17
2062,0.75,0.9999999999999996,4.440892098500626e-16,0.0,2.914335439641036e-16,0.0,0.0
2062,0.76,1.0,0.0,0.0,5.593469788043372e-15,0.0,0.0
2062,0.77,0.9999999999999251,7.559299840343499e-14,0.0,0.0,2.2424773762083974e-17,0.0
2062,0.78,1.0,0.0,0.0,5.551115123125783e-16,1.3877787807814457e-17,0.0
2062,0.79,0.9999999999999178,8.186851960821694e-14,2.933910371052083e-19,6.182258430366275e-16,0.0,0.0
2062,0.8,0.25121830391970784,0.7487816960802947,0.0,1.5963765935335715e-16,3.598273575293548e-16,4.833955360347951e-16
2062,0.81,0.25496855712623284,0.7450314428737796,0.0,2.217041323187936e-17,0.0,0.0
2062,0.8200000000000001,0.24722037198356306,0.7527796280164768,1.214306447024531e-17,3.469453595521258e-18,3.0198034746904096e-25,4.529705212035615e-25
2062,0.8300000000000001,0.25519800644066937,0.7448019935593202,0.0,1.43797255232782e-16,0.0,5.8536630798234324e-18
2062,0.8400000000000001,0.256110191983502,0.7438898080164922,2.2386474019531524e-16,6.545216926885523e-17,4.24635871559218e-17,3.887623357087773e-17
2062,0.85,0.25388508363517776,0.7461149163648242,0.0,8.076230922114317e-17,1.2942035309923923e-19,2.2707220880492814e-16
2062,0.86,0.2546884509355515,0.745311549064453,0.0,0.0,0.0,0.0
2062,0.87,0.25506877109405424,0.7449312289059433,0.0,3.2989473559539223e-16,0.0,0.0
2062,0.88,0.2536563944614746,0.746343605538525,2.7983350716079475e-16,0.0,1.338929398096555e-16,2.992595195918025e-17
2062,0.89,0.25404700297524235,0.7459529970247579,0.0,0.0,4.501398579156314e-19,0.0
2062,0.9,0.25243364162001874,0.7475663583799813,3.2959746043559335e-17,0.0,6.245004513516506e-17,6.418476861114186e-17
2062,0.91,0.25415752150407156,0.7458424784959281,5.4047478298402396e-17,2.102268012449393e-16,0.0,0.0
2062,0.92,0.2538161720748056,0.7461838279251947,1.4848572378017392e-17,4.801038402225623e-17,1.9798096504023186e-17,1.9798096504023186e-17
2062,0.93,0.2540152552077214,0.7459847447922784,0.0,0.0,9.150666335777657e-17,5.421010862427522e-17
2062,0.9400000000000001,0.2534515192732214,0.7465484807267785,5.421010862427522e-18,1.57968256531138e-16,0.0,0.0
2062,0.9500000000000001,0.2539287463061045,0.7460712536938922,4.1806667814361586e-17,7.986917892712284e-19,1.1145606572097692e-16,4.185419669430018e-17
2062,0.9600000000000001,0.25405692905363286,0.7459430709463749,0.0,8.126262197486711e-18,1.9673110292035683e-17,0.0
2062,0.97,0.2539797412429117,0.7460202587570915,2.228975865038412e-17,0.0,1.0608837016469798e-17,0.0
2062,0.98,0.2542649301650043,0.7457350698349994,0.0,1.645276796746753e-17,2.7474535795809842e-17,0.0
2062,0.99,0.2539819095863017,0.7460180904136984,1.765932209568666e-16,0.0,2.1250716608971085e-17,0.0
2062,1.0,0.2546187498204775,0.7453812501795227,0.0,9.516415162402064e-18,5.176726560439382e-17,0.0
2063,0.01,0.07321037437823703,0.21528724552986359,0.2737569587539427,0.07486092501128193,0.25590496029945903,0.10697953602721583
2063,0.02,0.07321037437823703,0.21528724552986359,0.2737569587539427,0.07486092501128193,0.25590496029945903,0.10697953602721583
2063,0.03,0.07321037437823703,0.21528724552986359,0.2737569587539427,0.07486092501128193,0.25590496029945903,0.10697953602721583
2063,0.04,0.07321037437823703,0.21528724552986359,0.2737569587539427,0.07486092501128193,0.25590496029945903,0.10697953602721583
2063,0.05,0.07321037437823703,0.21528724552986359,0.2737569587539427,0.07486092501128193,0.25590496029945903,0.10697953602721583
2063,0.060000000000000005,0.07321037437823703,0.21528724552986359,0.2737569587539427,0.07486092501128193,0.25590496029945903,0.10697953602721583
2063,0.06999999999999999,0.07321037437823703,0.21528724552986359,0.2737569587539427,0.07486092501128193,0.25590496029945903,0.10697953602721583
2063,0.08,0.07321037437823703,0.21528724552986359,0.2737569587539427,0.07486092501128193,0.25590496029945903,0.10697953602721583
2063,0.09,0.07321037437823703,0.21528724552986359,0.2737569587539427,0.07486092501128193,0.25590496029945903,0.10697953602721583
2063,0.09999999999999999,0.07321037437823703,0.21528724552986359,0.2737569587539427,0.07486092501128193,0.25590496029945903,0.10697953602721583
2063,0.11,0.07321037437823703,0.21528724552986359,0.2737569587539427,0.07486092501128193,0.25590496029945903,0.10697953602721583
2063,0.12,0.07321037437823703,0.21528724552986359,0.2737569587539427,0.07486092501128193,0.25590496029945903,0.10697953602721583
2063,0.13,0.07321037437823703,0.21528724552986359,0.2737569587539427,0.07486092501128193,0.25590496029945903,0.10697953602721583
2063,0.14,1.0,0.0,0.0,5.551115123125783e-17,1.6653345369377348e-16,0.0
2063,0.15000000000000002,1.8116358145929513e-15,0.9999999999999957,1.5207738325797871e-15,1.0196444976193339e-16,4.1410090832503057e-16,5.634453106619357e-16
2063,0.16,1.0,0.0,0.0,0.0,0.0,0.0
2063,0.17,0.2545178021582804,0.7454821978416073,9.691215079855132e-18,0.0,0.0,0.0
2063,0.18000000000000002,0.0,1.0,9.127711484562017e-13,1.878488218180264e-14,2.7017392648964777e-14,9.992037926570747e-15
2063,0.19,0.9999999999917801,7.945655239991095e-12,3.424637249122698e-13,6.231985859322779e-18,8.479280953971647e-15,4.095549911926107e-16
2063,0.2,1.0,0.0,0.0,0.0,0.0,0.0
2063,0.21000000000000002,1.0,0.0,0.0,0.0,0.0,0.0
2063,0.22,1.0,0.0,0.0,0.0,0.0,0.0
2063,0.23,0.9999999999999866,9.19627882180331e-15,3.232465461282016e-15,0.0,1.180199338401206e-15,2.826229268971191e-16
2063,0.24000000000000002,1.0,0.0,0.0,0.0,0.0,0.0
2063,0.25,1.0,0.0,0.0,0.0,0.0,0.0
2063,0.26,0.9999999999999999,7.59438596834391e-17,0.0,8.408829390161025e-17,0.0,8.891804769441224e-17
2063,0.27,0.9999999999999986,1.3459546841136553e-15,1.1582711928662744e-17,6.429593418268234e-17,0.0,1.0265251403723682e-16
2063,0.28,1.0,0.0,1.2695969508888969e-16,3.3292097019328326e-17,0.0,5.59635187629868e-17
2063,0.29000000000000004,1.0,0.0,0.0,0.0,0.0,0.0
2063,0.3,0.9999999999998984,1.0231173327030765e-16,8.84338077369212e-17,0.0,4.680044431347783e-17,0.0
2063,0.31,1.0,0.0,0.0,0.0,0.0,0.0
2063,0.32,0.9999999999999993,8.05717265296776e-15,1.879996667159649e-18,7.330741319942032e-17,2.7016260457256357e-16,0.0
2063,0.33,1.0,4.345294148005127e-14,0.0,0.0,0.0,0.0
2063,0.34,1.0,0.0,0.0,0.0,0.0,0.0
2063,0.35000000000000003,1.0,0.0,0.0,0.0,0.0,0.0
2063,0.36000000000000004,1.0,5.309193066230489e-13,0.0,0.0,0.0,0.0
2063,0.37,1.0,0.0,1.8902677641405174e-17,9.119394680066168e-17,9.043609376640521e-18,0.0
2063,0.38,0.9999999999999967,0.0,4.518845917998788e-15,7.451349766217176e-16,2.007871498840012e-15,6.460671628439228e-16
2063,0.39,1.0,0.0,0.0,0.0,0.0,0.0
2063,0.4,1.0,0.0,0.0,0.0,0.0,0.0
2063,0.41000000000000003,1.0,4.3298697960381105e-15,0.0,0.0,0.0,0.0
2063,0.42000000000000004,1.0,1.6653345369377348e-15,0.0,0.0,0.0,0.0
2063,0.43,1.0,0.0,0.0,0.0,0.0,0.0
2063,0.44,1.0,0.0,0.0,0.0,0.0,0.0
2063,0.45,0.9999999999999913,7.049916206369744e-15,1.4988010832439613e-15,0.0,2.636779683484747e-16,6.938893903907228e-17
2063,0.46,0.9999999999999951,6.106226635438361e-15,2.185751579730777e-16,0.0,0.0,0.0
2063,0.47000000000000003,0.9999999999999967,3.552713678800501e-15,0.0,7.546047120499111e-17,2.498001805406602e-16,4.718447854656915e-16
2063,0.48000000000000004,0.9999999999999969,4.052314039881821e-15,0.0,1.3877787807814457e-17,0.0,0.0
2063,0.49,0.9999999999999659,2.425837308805967e-14,1.3714723801072637e-14,0.0,0.0,0.0
2063,0.5,1.0,0.0,9.020562075079397e-16,0.0,0.0,0.0
2063,0.51,0.9999999999999638,2.736699755701011e-14,1.2774069996224213e-14,0.0,0.0,0.0
2063,0.52,0.9999999999999876,1.0158540675320182e-14,1.6930901125533637e-15,2.3592239273284576e-16,5.551115123125783e-17,4.163336342344337e-16
2063,0.53,1.0,0.0,0.0,4.440892098500626e-16,2.275957200481571e-15,1.249000902703301e-16
2063,0.54,1.0,0.0,1.9782258394996895e-14,0.0,0.0,3.396147897071779e-16
2063,0.55,0.9999999999999991,8.881784197001252e-16,1.6479873021779667e-16,0.0,0.0,0.0
2063,0.56,0.9999999999999993,3.885780586188048e-16,2.498001805406602e-16,5.724587470723463e-17,3.885780586188048e-16,0.0
2063,0.5700000000000001,1.0,0.0,5.412337245047638e-16,0.0,1.1102230246251565e-16,8.326672684688674e-17
2063,0.5800000000000001,1.0,5.551115123125783e-17,0.0,1.6609977282477928e-16,0.0,2.7755575615628914e-17
2063,0.59,1.0,3.885780586188048e-16,0.0,0.0,0.0,0.0
2063,0.6,0.9999999999999989,1.2212453270876722e-15,0.0,0.0,5.551115123125783e-17,0.0
2063,0.61,0.9999999999999997,1.1102230246251565e-16,1.457167719820518e-16,0.0,1.5265566588595902e-16,0.0
2063,0.62,0.9999999999999993,6.106226635438361e-16,0.0,9.107298248878237e-17,0.0,0.0
2063,0.63,1.0,2.220446049250313e-16,0.0,1.249000902703301e-16,0.0,1.942890293094024e-16
2063,0.64,0.9999999999999996,1.1102230246251565e-15,0.0,0.0,1.734723475976807e-16,0.0
2063,0.65,0.9999999999999996,3.3306690738754696e-16,1.3877787807814457e-16,0.0,0.0,0.0
2063,0.66,0.9999999999999989,5.551115123125783e-16,9.992007221626409e-16,0.0,1.942890293094024e-16,0.0
2063,0.67,0.9999999999999996,8.881784197001252e-16,1.1102230246251565e-16,0.0,7.806255641895632e-17,3.9898639947466563e-17
2063,0.68,1.0,0.0,3.608224830031759e-16,0.0,0.0,0.0
2063,0.6900000000000001,0.9999999999999994,0.0,4.163336342344337e-16,0.0,0.0,0.0
2063,0.7000000000000001,1.0,0.0,3.3523531173251797e-16,1.0061396160665481e-16,1.1102230246251565e-16,7.979727989493313e-17
2063,0.7100000000000001,0.9999999999994998,5.064427385455034e-13,0.0,0.0,0.0,0.0
2063,0.72,1.0,0.0,4.411171406447367e-15,4.1932323702176776e-16,1.795780998946686e-15,0.0
2063,0.73,1.0,0.0,0.0,1.249000902703301e-16,0.0,5.724587470723463e-17
2063,0.74,1.0,0.0,0.0,2.7755575615628914e-17,0.0,0.0
2063,0.75,1.0,1.1102230246251565e-16,0.0,6.62989628474886e-17,0.0,0.0
2063,0.76,1.0,0.0,1.0061396160665481e-16,2.7755575615628914e-17,0.0,9.020562075079397e-17
2063,0.77,0.9999999999999898,1.021405182655144e-14,0.0,7.979727989493313e-17,0.0,0.0
2063,0.78,0.28833626437997856,0.7116637356200217,0.0,0.0,3.252606517456513e-17,2.964615315390051e-17
2063,0.79,0.25540611116101675,0.7445938888389836,0.0,3.0079478149670073e-17,2.6449933429581014e-18,0.0
2063,0.8,0.254362606194358,0.7456373938056423,8.843352586220278e-17,0.0,0.0,0.0
2063,0.81,0.2565828380038974,0.7434171619961029,0.0,0.0,7.28583859910259e-17,0.0
2063,0.8200000000000001,0.2528446100858109,0.7471553899141895,0.0,6.4356756998901666e-18,0.0,0.0
2063,0.8300000000000001,0.2541826424066464,0.7458173575933539,0.0,1.3373699206937708e-20,0.0,1.3488989717342343e-19
2063,0.8400000000000001,0.2548521195711924,0.745147880428808,0.0,0.0,0.0,0.0
2063,0.85,0.25385502557672346,0.7461449744232763,2.1660911753888546e-16,5.6537204259016305e-18,7.28406841412017e-17,0.0
2063,0.86,0.2540455840118804,0.7459544159881197,6.949735925632083e-17,0.0,0.0,1.452830911130576e-17
2063,0.87,0.2537965823671267,0.7462034176328732,0.0,0.0,4.2717565595928875e-17,5.659535340374333e-17
2063,0.88,0.25381090454850674,0.7461890954514935,0.0,2.574980159653073e-17,0.0,0.0
2063,0.89,0.2539967444437095,0.7460032555562905,1.5053322130682224e-17,0.0,3.910155645708707e-17,0.0
2063,0.9,0.25399514428181824,0.7460048557181819,3.9271964647226197e-17,2.1171136381477095e-17,1.1555820157164138e-17,1.794271304608519e-17
2063,0.91,0.25390401291395953,0.7460959870860406,2.5099280293039428e-17,8.565197162635485e-18,3.469446951953614e-18,0.0
2063,0.92,0.253910038985345,0.7460899610146584,0.0,0.0,0.0,1.543813720253559e-17
2063,0.93,0.254108597069374,0.7458914029306308,1.2486789511165101e-17,0.0,0.0,0.0
2063,0.9400000000000001,0.2540165173565045,0.7459834826434956,0.0,1.4831822451038356e-17,0.0,3.4057565294792636e-17
2063,0.9500000000000001,0.25466906753345386,0.7453309324665462,0.0,4.336808689942018e-18,2.3201926491189795e-17,0.0
2063,0.9600000000000001,0.25399041278966117,0.7460095872103387,0.0,5.468250877407374e-17,6.811868572219294e-17,6.443287588148858e-19
2063,0.97,0.2538785187156297,0.7461214812843714,0.0,1.4092299940933032e-17,9.903582678024774e-18,2.210640904368654e-17
2063,0.98,0.2536081554304428,0.7463918445695573,0.0,0.0,0.0,3.764939689559197e-17
2063,0.99,0.25316613872829413,0.7468338609828128,0.0,2.888343182000124e-10,0.0,0.0
2063,1.0,0.25348583092352667,0.7465141690764732,6.276565174663352e-17,0.0,1.0750436520360448e-16,2.3909977958291536e-17
2064,0.01,0.14599455599005023,0.19568171135053672,0.2784465507585725,0.051133132487594324,0.13975741794991514,0.188986631463331
2064,0.02,0.14599455599005023,0.19568171135053672,0.2784465507585725,0.051133132487594324,0.13975741794991514,0.188986631463331
2064,0.03,0.14599455599005023,0.19568171135053672,0.2784465507585725,0.051133132487594324,0.13975741794991514,0.188986631463331
2064,0.04,0.14599455599005023,0.19568171135053672,0.2784465507585725,0.051133132487594324,0.13975741794991514,0.188986631463331
2064,0.05,0.14599455599005023,0.19568171135053672,0.2784465507585725,0.051133132487594324,0.13975741794991514,0.188986631463331
2064,0.060000000000000005,0.14599455599005023,0.19568171135053672,0.2784465507585725,0.051133132487594324,0.13975741794991514,0.188986631463331
2064,0.06999999999999999,0.14599455599005023,0.19568171135053672,0.2784465507585725,0.051133132487594324,0.13975741794991514,0.188986631463331
2064,0.08,0.14599455599005023,0.19568171135053672,0.2784465507585725,0.051133132487594324,0.13975741794991514,0.188986631463331
2064,0.09,0.14599455599005023,0.19568171135053672,0.2784465507585725,0.051133132487594324,0.13975741794991514,0.188986631463331
2064,0.09999999999999999,0.14599455599005023,0.19568171135053672,0.2784465507585725,0.051133132487594324,0.13975741794991514,0.188986631463331
2064,0.11,0.14599455599005023,0.19568171135053672,0.2784465507585725,0.051133132487594324,0.13975741794991514,0.188986631463331
2064,0.12,0.14599455599005023,0.19568171135053672,0.2784465507585725,0.051133132487594324,0.13975741794991514,0.188986631463331
2064,0.13,0.14599460337661446,0.19568175873710095,0.27844659814645195,0.05113317987448733,0.1397573231759647,0.1889865366893806
2064,0.14,0.14599455599005023,0.19568171135053672,0.2784465507585725,0.051133132487594324,0.13975741794991514,0.188986631463331
2064,0.15000000000000002,0.14599455599005023,0.19568171135053672,0.2784465507585725,0.051133132487594324,0.13975741794991514,0.188986631463331
2064,0.16,0.14599455599005023,0.19568171135053672,0.2784465507585725,0.051133132487594324,0.13975741794991514,0.188986631463331
2064,0.17,1.0,0.0,0.0,0.0,0.0,1.3877787807814457e-17
2064,0.18000000000000002,0.9999999999999923,3.8968828164342995e-14,1.968911145233676e-15,9.71445146547012e-17,3.191891195797325e-16,3.3306690738754696e-16
2064,0.19,1.0,0.0,0.0,0.0,0.0,0.0
2064,0.2,1.0,0.0,0.0,0.0,0.0,0.0
2064,0.21000000000000002,1.0,0.0,0.0,0.0,0.0,0.0
2064,0.22,1.0,5.339470470555982e-14,0.0,0.0,1.2189780813544942e-16,0.0
2064,0.23,1.0,0.0,0.0,0.0,0.0,0.0
2064,0.24000000000000002,0.9999999999995441,0.0,0.0,6.108682424041624e-17,1.0650542766846032e-16,0.0
2064,0.25,0.9999999999998431,0.0,0.0,2.106895087088086e-16,3.027826720722067e-17,0.0
2064,0.26,1.0,0.0,0.0,0.0,0.0,0.0
2064,0.27,1.0,0.0,7.150503214606332e-17,0.0,0.0,2.987166860629767e-17
2064,0.28,1.0,0.0,0.0,0.0,0.0,0.0
2064,0.29000000000000004,1.0,0.0,0.0,0.0,0.0,0.0
2064,0.3,1.0,0.0,0.0,0.0,0.0,0.0
2064,0.31,1.0,0.0,0.0,0.0,0.0,0.0
2064,0.32,1.0,0.0,0.0,0.0,0.0,0.0
2064,0.33,0.9999999999958619,8.26116952623579e-13,2.3077095789858504e-12,2.1960992052649786e-13,3.1486098450717037e-13,4.707562464845161e-13
2064,0.34,0.9999999999968509,8.47655279301307e-13,1.718271358530643e-12,1.1735057370287905e-13,2.0691087732060964e-13,2.591052372657998e-13
2064,0.35000000000000003,1.0,0.0,0.0,0.0,0.0,0.0
2064,0.36000000000000004,0.9999999999998606,2.09277040141842e-14,7.926992395823618e-14,4.274358644806853e-15,1.6611712005953905e-14,1.8096635301390052e-14
2064,0.37,0.9999999999999916,1.3895483173115546e-14,0.0,1.5087774372967225e-17,0.0,0.0
2064,0.38,1.0,0.0,2.548383335517708e-16,1.1284573429560897e-16,2.6119794190670753e-16,1.206317033794551e-16
2064,0.39,0.99999999999999,0.0,5.773159728050814e-15,1.1796119636642288e-15,3.4139358007223564e-15,4.232725281383409e-15
2064,0.4,1.0,0.0,0.0,0.0,6.774095173689432e-16,1.1431827706687159e-15
2064,0.41000000000000003,1.0,0.0,3.95516952522712e-16,7.28583859910259e-16,1.5543122344752192e-15,2.7200464103316335e-15
2064,0.42000000000000004,1.0,6.050715484207103e-15,0.0,0.0,0.0,0.0
2064,0.43,1.0,4.107825191113079e-15,0.0,0.0,0.0,0.0
2064,0.44,0.9999999999999989,0.0,1.9012569296705806e-15,5.828670879282072e-16,1.429412144204889e-15,2.4702462297909733e-15
2064,0.45,1.0,1.1102230246251565e-16,0.0,9.71445146547012e-17,1.6653345369377348e-16,5.273559366969494e-16
2064,0.46,0.9999999999999987,1.0547118733938987e-15,1.124100812432971e-15,0.0,0.0,0.0
2064,0.47000000000000003,1.0,0.0,0.0,0.0,3.191891195797325e-16,4.440892098500626e-16
2064,0.48000000000000004,1.0,0.0,0.0,2.509741258539073e-15,3.5318288109365253e-15,5.271586627235338e-15
2064,0.49,0.9999999999999601,4.382390709207324e-14,0.0,0.0,0.0,0.0
2064,0.5,1.0,0.0,0.0,0.0,1.942890293094024e-16,5.0306980803327406e-17
2064,0.51,1.0,5.440092820663267e-15,0.0,0.0,1.3877787807814457e-16,1.3877787807814457e-16
2064,0.52,0.9999999999999998,0.0,8.049116928532385e-16,7.28583859910259e-17,1.3877787807814457e-16,0.0
2064,0.53,1.0,2.4424906541753444e-15,0.0,8.326672684688674e-17,1.231653667943533e-16,2.7755575615628914e-17
2064,0.54,0.9999999999999998,4.996003610813204e-16,0.0,0.0,0.0,0.0
2064,0.55,1.0,0.0,8.326672684688674e-17,0.0,2.7755575615628914e-16,7.19910242530375e-17
2064,0.56,0.9999999999999996,0.0,1.27675647831893e-15,3.0617869350990645e-16,1.1102230246251565e-16,0.0
2064,0.5700000000000001,0.9999999999999991,0.0,9.497611030973019e-16,5.2909066017292616e-17,0.0,0.0
2064,0.5800000000000001,1.0,0.0,0.0,2.185751579730777e-16,0.0,7.979727989493313e-17
2064,0.59,0.9999999999999989,0.0,1.691355389077387e-15,3.8163916471489756e-17,0.0,0.0
2064,0.6,0.9999999999999996,3.885780586188048e-16,0.0,0.0,0.0,0.0
2064,0.61,0.9999999999999913,5.84016688539511e-14,0.0,3.645358867142746e-17,0.0,0.0
2064,0.62,0.9999999999995777,4.393776410676077e-13,0.0,0.0,4.586466357189302e-16,5.327812886032316e-16
2064,0.63,1.0,0.0,0.0,1.0299874051800193e-15,1.6113169165507231e-15,1.797061289246461e-15
2064,0.64,0.9999999999999596,4.0891056782754644e-14,2.2011965902492487e-15,0.0,0.0,0.0
2064,0.65,0.9999999999998836,3.769586444135744e-13,0.0,0.0,0.0,0.0
2064,0.66,0.9999999999999994,5.2383372099755487e-14,4.939386540506262e-16,2.7303833477679467e-17,7.543719480784296e-17,3.085058495825568e-16
2064,0.67,0.9999999999995044,0.0,5.833908394601265e-17,2.2419936047970246e-17,0.0,0.0
2064,0.68,1.0,0.0,0.0,1.040283514170369e-17,1.8737300529507103e-16,4.450810854312974e-16
2064,0.6900000000000001,1.0,0.0,4.440892098500626e-16,0.0,1.3877787807814457e-16,9.75781955236954e-17
2064,0.7000000000000001,0.9999999999999999,0.0,3.7470027081099033e-16,0.0,7.37257477290143e-17,1.3877787807814457e-17
2064,0.7100000000000001,0.9999999999999996,0.0,7.147060721024445e-16,2.7755575615628914e-17,0.0,0.0
2064,0.72,1.0,0.0,0.0,4.141652298894627e-17,8.370040771588094e-17,7.22078646875346e-17
2064,0.73,1.0,0.0,0.0,1.3010426069826053e-16,9.8879238130678e-17,6.505213034913027e-19
2064,0.74,1.0,0.0,0.0,1.7564075194265172e-17,5.551115123125783e-17,4.163336342344337e-17
2064,0.75,0.9999999999999998,0.0,3.712308238590367e-16,8.326672684688674e-17,0.0,5.551115123125783e-17
2064,0.76,0.9999999999998583,1.4342382176540109e-13,0.0,9.453250327338535e-17,2.25989740286207e-16,2.4635188294260836e-16
2064,0.77,0.999999999999885,1.160407651519253e-13,0.0,0.0,4.1134884533984215e-17,3.173281881946148e-17
2064,0.78,1.0,0.0,3.469446951953614e-16,2.7755575615628914e-17,0.0,0.0
2064,0.79,1.0,1.430638114639512e-16,0.0,4.206199701728553e-17,0.0,0.0
2064,0.8,0.2287890265392753,0.7712109734607249,0.0,7.87672878310719e-17,0.0,9.71445146547012e-17
2064,0.81,0.25196967034431333,0.7480303296556874,0.0,0.0,0.0,4.3781438977680276e-17
2064,0.8200000000000001,0.25264919755777604,0.7473508024422232,1.0304257447302234e-15,0.0,0.0,0.0
2064,0.8300000000000001,0.2528639245250929,0.7471360754749031,0.0,0.0,0.0,7.060614750004899e-17
2064,0.8400000000000001,0.25360238050547335,0.7463976194945244,0.0,2.9654258000404864e-17,7.925667876502192e-17,8.306877120588375e-18
2064,0.85,0.251685007937545,0.7483149920624547,2.92300905702092e-16,8.673617379884035e-19,0.0,0.0
2064,0.86,0.2536477892162811,0.7463522107837186,3.24702779338802e-16,2.6738135549768663e-17,4.8686885337582155e-17,2.2570301390717445e-18
2064,0.87,0.2540772527531687,0.7459227472468316,0.0,3.813172478188013e-17,0.0,0.0
2064,0.88,0.25389711480836574,0.7461028851916295,0.0,0.0,5.937551434593788e-17,4.152804163413016e-17
2064,0.89,0.25393413110518986,0.7460658688948101,0.0,0.0,4.9906250131196977e-17,6.806123881624986e-17
2064,0.9,0.2545460775489292,0.7454539224510704,0.0,5.58901571161235e-17,1.4092506027731992e-16,4.314185085121733e-16
2064,0.91,0.25411040180986183,0.7458895981901812,0.0,0.0,0.0,0.0
2064,0.92,0.25485632559495947,0.7451436744050455,3.2838276224967148e-18,0.0,3.554440090765683e-17,1.5222915832723688e-17
2064,0.93,0.253655303788353,0.7463446962116521,0.0,1.4641441721780485e-17,0.0,1.0103818614688631e-16
2064,0.9400000000000001,0.2539128934637447,0.7460871065362499,8.131713795129434e-17,0.0,0.0,0.0
2064,0.9500000000000001,0.25391387976751995,0.746086120261063,1.6549851255022091e-18,5.1358085589875017e-17,9.618326877530987e-19,1.5431796938298927e-18
2064,0.9600000000000001,0.25385409730138675,0.7461459026986106,5.674384886730885e-17,1.2876826143859144e-16,7.00464875469933e-17,0.0
2064,0.97,0.2538696338163132,0.7461303661836851,0.0,0.0,2.8897740938561214e-17,7.505161864189536e-17
2064,0.98,0.254101524097701,0.7458984759022993,0.0,0.0,0.0,0.0
2064,0.99,0.2537654699751681,0.7462345300248321,6.582271419788491e-19,0.0,0.0,0.0
2064,1.0,0.2539721474490735,0.7460278525509297,9.05472127485051e-18,7.378969372459793e-17,0.0,3.2180204235536924e-19
2065,0.01,0.2247074894176284,0.06956375350319882,0.1528071464394717,0.23833153883113423,0.2533031774242795,0.06128689438428731
2065,0.02,0.2247074894176284,0.06956375350319882,0.1528071464394717,0.23833153883113423,0.2533031774242795,0.06128689438428731
2065,0.03,0.2247074894176284,0.06956375350319882,0.1528071464394717,0.23833153883113423,0.2533031774242795,0.06128689438428731
2065,0.04,0.2247074894176284,0.06956375350319882,0.1528071464394717,0.23833153883113423,0.2533031774242795,0.06128689438428731
2065,0.05,0.2247074894176284,0.06956375350319882,0.1528071464394717,0.23833153883113423,0.2533031774242795,0.06128689438428731
2065,0.060000000000000005,0.2247074894176284,0.06956375350319882,0.1528071464394717,0.23833153883113423,0.2533031774242795,0.06128689438428731
2065,0.06999999999999999,0.2247074894176284,0.06956375350319882,0.1528071464394717,0.23833153883113423,0.2533031774242795,0.06128689438428731
2065,0.08,0.2247074894176284,0.06956375350319882,0.1528071464394717,0.23833153883113423,0.2533031774242795,0.06128689438428731
2065,0.09,0.2247074894176284,0.06956375350319882,0.1528071464394717,0.23833153883113423,0.2533031774242795,0.06128689438428731
2065,0.09999999999999999,0.2247074894176284,0.06956375350319882,0.1528071464394717,0.23833153883113423,0.2533031774242795,0.06128689438428731
2065,0.11,0.2247074894176284,0.06956375350319882,0.1528071464394717,0.23833153883113423,0.2533031774242795,0.06128689438428731
2065,0.12,0.2247074894176284,0.06956375350319882,0.1528071464394717,0.23833153883113423,0.2533031774242795,0.06128689438428731
2065,0.13,0.2247074894176284,0.06956375350319882,0.1528071464394717,0.23833153883113423,0.2533031774242795,0.06128689438428731
2065,0.14,0.2247074894176284,0.06956375350319882,0.1528071464394717,0.23833153883113423,0.2533031774242795,0.06128689438428731
2065,0.15000000000000002,0.2247074894176284,0.06956375350319882,0.1528071464394717,0.23833153883113423,0.2533031774242795,0.06128689438428731
2065,0.16,0.2247074894176284,0.06956375350319882,0.1528071464394717,0.23833153883113423,0.2533031774242795,0.06128689438428731
2065,0.17,0.2247074894176284,0.06956375350319882,0.1528071464394717,0.23833153883113423,0.2533031774242795,0.06128689438428731
2065,0.18000000000000002,0.2247074894176284,0.06956375350319882,0.1528071464394717,0.23833153883113423,0.2533031774242795,0.06128689438428731
2065,0.19,0.2256691852741531,0.07052544935972357,0.15221529519490135,0.23818362279107358,0.25271135904811176,0.06069508833203381
2065,0.2,0.22474449729581883,0.06960076138138926,0.1528441522254452,0.23836854826773532,0.2532291601207347,0.06121288070847394
2065,0.21000000000000002,0.9999999999999997,1.0845409815285031e-16,1.7641294572398528e-17,1.0410631567131186e-16,3.8573600830913795e-17,0.0
2065,0.22,0.9999999999999549,0.0,0.0,3.297103557258052e-17,0.0,0.0
2065,0.23,1.0,0.0,4.613190315903084e-17,0.0,0.0,0.0
2065,0.24000000000000002,1.0,0.0,0.0,0.0,0.0,0.0
2065,0.25,1.0,8.619928668895766e-16,3.351316057375377e-17,0.0,0.0,0.0
2065,0.26,0.9999999999998536,1.3474916531431879e-13,1.4808555520558561e-15,1.4031884382622814e-14,0.0,0.0
2065,0.27,1.0,0.0,0.0,0.0,0.0,0.0
2065,0.28,1.0,0.0,0.0,0.0,0.0,0.0
2065,0.29000000000000004,1.0,0.0,1.0014438771652071e-16,1.972887964921035e-16,5.851091841395893e-17,0.0
2065,0.3,1.0,0.0,0.0,0.0,0.0,0.0
2065,0.31,1.0,0.0,4.2062996251465497e-17,2.227036537885538e-17,4.884580528383764e-17,5.3273272968915467e-17
2065,0.32,0.9999999999999764,1.6590182556234042e-14,1.8813170653470634e-15,4.076774455817217e-15,9.518912801756055e-16,2.0444773222627356e-16
2065,0.33,1.0,0.0,0.0,0.0,0.0,0.0
2065,0.34,1.0,0.0,0.0,0.0,0.0,0.0
2065,0.35000000000000003,0.9999999999999997,0.0,0.0,1.6575153694717663e-17,0.0,0.0
2065,0.36000000000000004,1.0,1.8215124262574855e-15,9.37278441825662e-17,6.597226856774508e-17,0.0,0.0
2065,0.37,0.9999999999999996,1.9385109261408962e-15,0.0,0.0,0.0,0.0
2065,0.38,0.999999999999952,5.288197924367202e-16,0.0,9.262157063034265e-16,0.0,0.0
2065,0.39,1.0,5.60440582830779e-13,0.0,0.0,0.0,0.0
2065,0.4,0.9999999999991194,0.0,2.932654119547351e-13,4.87068718690864e-13,4.3172410091329994e-13,1.0531853167350391e-13
2065,0.41000000000000003,0.9999999999998893,5.966684318595649e-13,0.0,0.0,0.0,0.0
2065,0.42000000000000004,1.0,0.0,3.199068952992358e-15,5.3690661434206786e-15,4.317007600734054e-15,1.3878219794617556e-15
2065,0.43,0.9999999999999846,1.562598666539507e-14,0.0,3.117931314575733e-16,0.0,0.0
2065,0.44,1.0,8.73810805221889e-17,0.0,2.0817298770909334e-16,3.9774002895809305e-17,0.0
2065,0.45,1.0,0.0,7.003190969234841e-14,8.172585717086823e-14,1.293410818025578e-13,5.1119334977641474e-14
2065,0.46,1.0,0.0,1.430452342023148e-15,1.2705732900052063e-15,2.6046732602698196e-15,1.2479916464030354e-15
2065,0.47000000000000003,0.9999999999999977,0.0,1.3877787807814457e-15,1.2073675392798577e-15,1.429412144204889e-15,1.0269562977782698e-15
2065,0.48000000000000004,0.9999999999999989,0.0,9.26342336171615e-16,4.163336342344337e-16,1.762479051592436e-15,6.557254739192331e-16
2065,0.49,0.9999999999999996,0.0,1.1379786002407855e-15,0.0,2.2169766022983595e-15,8.916478666520788e-16
2065,0.5,0.9999999999999954,4.973410866447213e-15,0.0,1.7166190688288343e-15,0.0,0.0
2065,0.51,1.0,6.313453477439601e-14,0.0,0.0,0.0,1.3824150560538466e-17
2065,0.52,1.0,5.377317988426917e-14,2.3169494445431604e-17,2.951914091113408e-16,8.898997300030298e-17,1.0854765863908102e-18
2065,0.53,1.0,0.0,2.1805533385334773e-15,1.181674488890793e-16,3.660534620238869e-15,1.190657061538188e-15
2065,0.54,0.9999999999999168,9.17122388893499e-14,0.0,0.0,0.0,0.0
2065,0.55,0.999999999999747,2.816991090855836e-13,0.0,0.0,0.0,0.0
2065,0.56,1.0,0.0,0.0,0.0,0.0,1.9581787228720328e-16
2065,0.5700000000000001,0.9999999999997614,0.0,2.512505281108353e-17,1.862854861283292e-16,2.3307295241743577e-16,0.0
2065,0.5800000000000001,0.9999999999998965,1.1616663403612906e-13,0.0,0.0,0.0,7.743825078518254e-16
2065,0.59,0.9999999999999601,4.372640618830598e-14,0.0,0.0,0.0,8.342596904097055e-17
2065,0.6,0.9999999999999416,6.418984382080357e-14,0.0,0.0,0.0,3.8459530970081507e-16
2065,0.61,0.9999999999999599,4.521268494821597e-14,0.0,0.0,0.0,7.195756645162095e-18
2065,0.62,0.9999999999996836,0.0,0.0,0.0,0.0,0.0
2065,0.63,1.0,0.0,2.622242480527495e-16,3.229315228989388e-16,1.25369346523109e-16,0.0
2065,0.64,0.9999999999999963,3.86214857871789e-15,0.0,0.0,7.845981487121859e-17,0.0
2065,0.65,1.0,0.0,2.1000805498631089e-16,7.175341033550898e-16,1.2252331582033454e-16,0.0
2065,0.66,0.999999999999998,1.0352567971448883e-15,3.3843921385550736e-16,4.859063794230602e-16,9.094126886548433e-17,1.2580980365568123e-16
2065,0.67,0.9999999999999996,5.270578299931279e-14,5.610360592916337e-17,0.0,0.0,2.622446371501201e-16
2065,0.68,0.9999999999999942,6.091592023692175e-15,0.0,0.0,0.0,0.0
2065,0.6900000000000001,1.0,5.738401241937998e-14,3.0542871221635693e-18,1.8818687393492988e-16,0.0,0.0
2065,0.7000000000000001,0.9999999999999999,3.428491257347155e-13,0.0,2.0663423838497453e-16,0.0,0.0
2065,0.7100000000000001,1.0,0.0,0.0,0.0,5.134078451545128e-17,2.056934809112343e-17
2065,0.72,1.0,0.0,9.413415956015941e-17,3.2837265079386363e-16,0.0,0.0
2065,0.73,1.0,0.0,0.0,1.3877787807814457e-16,2.7755575615628914e-17,0.0
2065,0.74,0.9999999999999998,1.6653345369377348e-16,0.0,0.0,1.1796119636642288e-16,2.7755575615628914e-17
2065,0.75,1.0,0.0,0.0,2.0122792321330962e-16,1.3877787807814457e-17,3.122502256758253e-17
2065,0.76,1.0,0.0,5.551115123125783e-17,4.158999533654395e-16,0.0,0.0
2065,0.77,1.0,3.885780586188048e-16,0.0,0.0,4.336808689942018e-19,0.0
2065,0.78,1.0,0.0,4.588268949180178e-17,5.427281553215164e-16,1.6226546643079588e-16,8.925090874011997e-17
2065,0.79,0.9999999999999907,9.95897216407095e-15,0.0,2.6234696681066905e-17,0.0,0.0
2065,0.8,0.999999999999967,3.369742004930129e-14,0.0,0.0,0.0,0.0
2065,0.81,1.0,0.0,1.1311616790812828e-16,1.30638738487978e-16,2.4833862519017293e-16,0.0
2065,0.8200000000000001,1.0,0.0,1.2175293935480676e-16,5.826870934269156e-16,1.1895688359592031e-16,0.0
2065,0.8300000000000001,1.0,0.0,1.734723475976807e-17,1.0408340855860843e-16,7.589415207398531e-18,1.0061396160665481e-16
2065,0.8400000000000001,1.0,0.0,0.0,9.367506770274758e-17,5.204170427930421e-17,5.551115123125783e-17
2065,0.85,0.9999999999999114,8.949535503715927e-14,0.0,0.0,0.0,0.0
2065,0.86,1.0,0.0,0.0,7.632783294297951e-17,2.42861286636753e-17,0.0
2065,0.87,0.2645030251071108,0.7354969748929078,5.652895057534184e-17,1.4886022709337235e-16,0.0,0.0
2065,0.88,0.25424500350848384,0.7457549964915153,1.0769596500082642e-16,2.0977476436250433e-16,2.000433721708807e-16,3.0849714467952595e-16
2065,0.89,0.25712805863876215,0.7428719413612256,2.0148084017379564e-18,0.0,8.484199130406167e-17,0.0
2065,0.9,0.2543403877410563,0.7456596122589223,0.0,8.087007131105353e-18,3.067764961127797e-17,0.0
2065,0.91,0.25404074230485674,0.7459592576951527,0.0,4.617261997357793e-17,6.091462695683613e-17,2.234387047531589e-16
2065,0.92,0.25657204339292844,0.7434279566070852,2.288709360911823e-16,0.0,1.5156902849375016e-16,1.8590091497230226e-16
2065,0.93,0.253943130129198,0.746056869870796,1.1005293843833575e-16,0.0,1.5019567515348546e-20,0.0
2065,0.9400000000000001,0.2538190733441992,0.7461809266557944,2.3377951310071717e-17,1.4524240212736706e-17,0.0,0.0
2065,0.9500000000000001,0.25493136689695595,0.7450686331030768,2.168404344971009e-18,0.0,3.5344990823027445e-17,1.3010426069826053e-17
2065,0.9600000000000001,0.25383529005237476,0.7461647099476288,0.0,1.396031598588274e-17,3.387285227579052e-17,0.0
2065,0.97,0.25390200122980816,0.7460979987701917,2.6060596513724054e-17,1.1212012333660623e-16,8.360978842541453e-17,1.998657618852267e-17
2065,0.98,0.25380153691147656,0.7461984630885236,0.0,0.0,1.431146867680866e-17,3.3285006695304986e-17
2065,0.99,0.25336692271005273,0.7466330772899474,0.0,4.0115480381963664e-17,0.0,0.0
2065,1.0,0.25376202720911256,0.746237972790896,0.0,0.0,1.0721656605970922e-18,7.020470819101196e-17
2066,0.01,0.11631469855772775,0.2692035692396899,0.13699626264503756,0.09695509837184252,0.07844592763573124,0.302084443549971
2066,0.02,0.11631469855772775,0.2692035692396899,0.13699626264503756,0.09695509837184252,0.07844592763573124,0.302084443549971
2066,0.03,0.11631469855772775,0.2692035692396899,0.13699626264503756,0.09695509837184252,0.07844592763573124,0.302084443549971
2066,0.04,0.11631469855772775,0.2692035692396899,0.13699626264503756,0.09695509837184252,0.07844592763573124,0.302084443549971
2066,0.05,0.11631469855772775,0.2692035692396899,0.13699626264503756,0.09695509837184252,0.07844592763573124,0.302084443549971
2066,0.060000000000000005,0.11631469855772775,0.2692035692396899,0.13699626264503756,0.09695509837184252,0.07844592763573124,0.302084443549971
2066,0.06999999999999999,0.11631469855772775,0.2692035692396899,0.13699626264503756,0.09695509837184252,0.07844592763573124,0.302084443549971
2066,0.08,0.11631469855772775,0.2692035692396899,0.13699626264503756,0.09695509837184252,0.07844592763573124,0.302084443549971
2066,0.09,0.11631469855772775,0.2692035692396899,0.13699626264503756,0.09695509837184252,0.07844592763573124,0.302084443549971
2066,0.09999999999999999,0.11631469855772775,0.2692035692396899,0.13699626264503756,0.09695509837184252,0.07844592763573124,0.302084443549971
2066,0.11,0.11631469855772775,0.2692035692396899,0.13699626264503756,0.09695509837184252,0.07844592763573124,0.302084443549971
2066,0.12,0.11631469855772775,0.2692035692396899,0.13699626264503756,0.09695509837184252,0.07844592763573124,0.302084443549971
2066,0.13,0.11631469855772775,0.2692035692396899,0.13699626264503756,0.09695509837184252,0.07844592763573124,0.302084443549971
2066,0.14,0.11631469855772775,0.2692035692396899,0.13699626264503756,0.09695509837184252,0.07844592763573124,0.302084443549971
2066,0.15000000000000002,0.11631469855772775,0.2692035692396899,0.13699626264503756,0.09695509837184252,0.07844592763573124,0.302084443549971
2066,0.16,0.11631469855772775,0.2692035692396899,0.13699626264503756,0.09695509837184252,0.07844592763573124,0.302084443549971
2066,0.17,0.11631469855772775,0.2692035692396899,0.13699626264503756,0.09695509837184252,0.07844592763573124,0.302084443549971
2066,0.18000000000000002,0.11631469855772775,0.2692035692396899,0.13699626264503756,0.09695509837184252,0.07844592763573124,0.302084443549971
2066,0.19,0.11631469855772775,0.2692035692396899,0.13699626264503756,0.09695509837184252,0.07844592763573124,0.302084443549971
2066,0.2,0.11631469855772775,0.2692035692396899,0.13699626264503756,0.09695509837184252,0.07844592763573124,0.302084443549971
2066,0.21000000000000002,0.11631469855772775,0.2692035692396899,0.13699626264503756,0.09695509837184252,0.07844592763573124,0.302084443549971
2066,0.22,0.11631469855772775,0.2692035692396899,0.13699626264503756,0.09695509837184252,0.07844592763573124,0.302084443549971
2066,0.23,0.11816506811636424,0.27238693943440445,0.13738765495010966,0.09734600235031811,0.07553794997447147,0.2991763851743318
2066,0.24000000000000002,0.0,1.0,0.0,0.0,0.0,0.0
2066,0.25,0.9999999999999998,0.0,5.551115123125783e-17,0.0,0.0,0.0
2066,0.26,1.0,5.4323389354803134e-17,2.5882358116872966e-17,0.0,0.0,1.8118294476481826e-17
2066,0.27,1.0,0.0,0.0,0.0,0.0,0.0
2066,0.28,1.0,0.0,0.0,0.0,0.0,0.0
2066,0.29000000000000004,1.0,0.0,0.0,0.0,0.0,0.0
2066,0.3,1.0,0.0,0.0,0.0,0.0,0.0
2066,0.31,1.0,0.0,0.0,0.0,0.0,0.0
2066,0.32,1.0,1.3335422871635815e-16,0.0,3.1678053879441336e-17,0.0,1.6336547437042604e-17
2066,0.33,1.0,0.0,0.0,0.0,0.0,0.0
2066,0.34,1.0,0.0,0.0,0.0,0.0,0.0
2066,0.35000000000000003,1.0,0.0,0.0,0.0,0.0,0.0
2066,0.36000000000000004,1.0,0.0,0.0,0.0,0.0,0.0
2066,0.37,1.0,0.0,0.0,0.0,0.0,0.0
2066,0.38,1.0,0.0,0.0,0.0,0.0,0.0
2066,0.39,1.0,0.0,0.0,0.0,0.0,0.0
2066,0.4,0.9999999999990887,2.0278223544778484e-13,3.077538224260934e-13,1.4246936963502321e-13,4.7434278727109813e-14,2.1024848528838902e-13
2066,0.41000000000000003,1.0,0.0,0.0,0.0,0.0,0.0
2066,0.42000000000000004,0.9999999999999134,0.0,2.781108676686017e-14,1.585884201737997e-14,1.1856834958301476e-14,6.025128312936445e-14
2066,0.43,1.0,7.105427357601002e-15,0.0,0.0,0.0,0.0
2066,0.44,0.9999999999996406,0.0,1.0170336794956825e-13,7.072467611557443e-14,3.8007791358651843e-14,1.7727139201006992e-13
2066,0.45,0.9999999999995075,0.0,1.5148646226315066e-13,9.590939153980571e-14,4.9318188422020626e-14,2.2649243591743584e-13
2066,0.46,0.9999999999999212,0.0,3.191891195797325e-14,1.7354173653671978e-14,1.0696304952872993e-14,3.9239445026595376e-14
2066,0.47000000000000003,0.9999999999999518,0.0,1.6681100944992977e-14,9.020562075079397e-15,8.021361352916756e-15,2.09277040141842e-14
2066,0.48000000000000004,1.0,0.0,0.0,8.534839501805891e-16,6.591949208711867e-16,1.614160194396419e-15
2066,0.49,1.0,0.0,0.0,0.0,0.0,0.0
2066,0.5,0.9999999999999999,4.8829943109489245e-14,1.6790606100759855e-16,0.0,7.531262125249611e-17,9.11039342948344e-19
2066,0.51,1.0,0.0,2.220446049250313e-16,0.0,2.498001805406602e-16,9.71445146547012e-16
2066,0.52,0.9999999999999951,3.3306690738754696e-16,1.0547118733938987e-15,3.608224830031759e-16,8.604228440844963e-16,1.915134717478395e-15
2066,0.53,0.999999999999996,0.0,7.840950111415168e-16,1.0373646386341306e-15,9.141992718397773e-16,2.2534057952938724e-15
2066,0.54,0.9999999999999976,0.0,6.661338147750939e-16,4.718447854656915e-16,1.1102230246251565e-16,9.71445146547012e-16
2066,0.55,1.0,0.0,2.220446049250313e-16,1.1102230246251565e-16,0.0,3.885780586188048e-16
2066,0.56,0.9999999999999996,5.551115123125783e-16,4.85722573273506e-17,0.0,2.7755575615628914e-17,3.0531133177191805e-16
2066,0.5700000000000001,0.9999999999999998,5.551115123125783e-16,0.0,1.9081958235744878e-17,0.0,5.204170427930421e-17
2066,0.5800000000000001,0.9999999999999999,8.881784197001252e-16,0.0,0.0,1.3877787807814457e-16,0.0
2066,0.59,1.0,1.1102230246251565e-16,0.0,0.0,1.6653345369377348e-16,0.0
2066,0.6,1.0,0.0,5.212844045310305e-16,5.898059818321144e-17,0.0,9.020562075079397e-17
2066,0.61,0.9999999999999998,0.0,5.724587470723463e-16,4.2674197509029455e-16,2.7755575615628914e-17,0.0
2066,0.62,0.9999999999999998,3.3306690738754696e-16,0.0,1.457167719820518e-16,1.1102230246251565e-16,0.0
2066,0.63,1.0,0.0,3.5813661101060394e-16,6.367231036933056e-17,1.0374859231642656e-16,1.2298583220548234e-16
2066,0.64,0.9999999999919418,8.249265349626684e-12,0.0,0.0,1.0064068708432746e-14,0.0
2066,0.65,1.0,0.0,2.5498597458879996e-14,1.5501516933416008e-14,0.0,3.0696660673381595e-14
2066,0.66,0.999999999999966,0.0,0.0,0.0,5.567353764870987e-17,0.0
2066,0.67,1.0,0.0,7.840257450222551e-15,4.131664509897078e-15,0.0,8.558652562568525e-15
2066,0.68,0.9999999999999427,0.0,0.0,1.2514543054074848e-17,0.0,0.0
2066,0.6900000000000001,1.0,0.0,7.382680299478648e-15,4.627322356125403e-15,0.0,1.0098110380247745e-14
2066,0.7000000000000001,1.0,0.0,3.406520027269145e-15,2.0178573676072394e-15,2.284685027970079e-16,4.497736903107336e-15
2066,0.7100000000000001,0.9999999999997355,2.733497484116445e-13,0.0,0.0,8.912438319362385e-17,0.0
2066,0.72,1.0,0.0,0.0,0.0,0.0,0.0
2066,0.73,1.0,1.1102230246251565e-16,0.0,0.0,0.0,0.0
2066,0.74,1.0,0.0,1.3877787807814457e-17,6.938893903907228e-17,0.0,7.632783294297951e-17
2066,0.75,0.9999999999999993,4.440892098500626e-16,0.0,1.249000902703301e-16,0.0,0.0
2066,0.76,1.0,0.0,0.0,0.0,0.0,0.0
2066,0.77,1.0,0.0,6.938893903907228e-17,8.326672684688674e-17,0.0,1.6653345369377348e-16
2066,0.78,0.9999999999999999,3.3306690738754696e-16,0.0,0.0,0.0,0.0
2066,0.79,0.9999999999999998,4.440892098500626e-16,1.3877787807814457e-16,0.0,0.0,2.233456475320139e-17
2066,0.8,0.9999999999999999,1.6653345369377348e-16,0.0,4.163336342344337e-17,8.673617379884035e-18,8.326672684688674e-17
2066,0.81,0.9999999999999997,6.661338147750939e-16,0.0,0.0,1.0408340855860843e-17,0.0
2066,0.8200000000000001,0.9999999999999998,1.1102230246251565e-16,0.0,2.7755575615628914e-17,0.0,0.0
2066,0.8300000000000001,0.9999999999999358,5.078601228367465e-16,3.4086852303734466e-18,0.0,0.0,0.0
2066,0.8400000000000001,0.9999999999999989,1.1657341758564144e-15,0.0,6.938893903907228e-18,0.0,1.3877787807814457e-17
2066,0.85,1.0,0.0,0.0,5.551115123125783e-17,8.153200337090993e-17,0.0
2066,0.86,0.9999999999999969,3.164135620181696e-15,0.0,0.0,0.0,2.7755575615628914e-17
2066,0.87,0.2544509645687299,0.74554903543127,1.5797174931953667e-20,0.0,7.55182574405664e-18,1.3931128291496345e-16
2066,0.88,0.2614427383898448,0.7385572616101553,1.5959455978986625e-16,0.0,2.3852447794681098e-18,1.0408340855860843e-16
2066,0.89,0.25213490339057765,0.7478650966094229,0.0,0.0,0.0,0.0
2066,0.9,0.25391751301500354,0.7460824869849962,4.5102810375396984e-17,0.0,5.074066167232161e-17,7.979727989493313e-17
2066,0.91,0.25386474970263534,0.7461352502973648,4.3096636539638196e-17,8.116362140836195e-18,2.3134874501198017e-17,4.326971540124317e-18
2066,0.92,0.2543361452517974,0.7456638547482027,1.1709383462843448e-17,0.0,0.0,2.5261910618912253e-17
2066,0.93,0.25445602366560455,0.7455439763343952,3.9898639947466563e-17,2.211772431870429e-17,5.204170427930421e-18,2.1684043449710089e-16
2066,0.9400000000000001,0.25444145610305074,0.745558543896949,2.3093506273941244e-17,5.204170427930421e-18,2.949029909160572e-17,1.5959455978986625e-16
2066,0.9500000000000001,0.2541503113644983,0.7458496886355015,1.6734892495355583e-16,3.0674398409731293e-16,1.9619990824030938e-16,2.0530316226210835e-16
2066,0.9600000000000001,0.2540067939616572,0.7459932060383478,0.0,0.0,0.0,8.962951619534903e-19
2066,0.97,0.2523178629569034,0.7476821370430969,0.0,6.245004513516506e-17,0.0,0.0
2066,0.98,0.25389537177081456,0.7461046282291826,5.713254717476304e-17,0.0,0.0,9.301220824594086e-18
2066,0.99,0.253107912745006,0.7468920872549939,0.0,5.5348684687146287e-17,3.4190021694776803e-17,1.357240199008274e-16
2066,1.0,0.2538787219341662,0.7461212780836667,8.732527604155345e-22,5.836196261559029e-17,4.777456320744439e-20,3.7288387619120985e-23
2067,0.01,0.03796815777526105,0.24883292713514144,0.12452627638410324,0.2704883241945643,0.0263746436955532,0.2918096708153767
2067,0.02,0.03796815777526105,0.24883292713514144,0.12452627638410324,0.2704883241945643,0.0263746436955532,0.2918096708153767
2067,0.03,0.03796815777526105,0.24883292713514144,0.12452627638410324,0.2704883241945643,0.0263746436955532,0.2918096708153767
2067,0.04,0.03796815777526105,0.24883292713514144,0.12452627638410324,0.2704883241945643,0.0263746436955532,0.2918096708153767
2067,0.05,0.03796815777526105,0.24883292713514144,0.12452627638410324,0.2704883241945643,0.0263746436955532,0.2918096708153767
2067,0.060000000000000005,0.03796815777526105,0.24883292713514144,0.12452627638410324,0.2704883241945643,0.0263746436955532,0.2918096708153767
2067,0.06999999999999999,0.03796815777526105,0.24883292713514144,0.12452627638410324,0.2704883241945643,0.0263746436955532,0.2918096708153767
2067,0.08,0.03796815777526105,0.24883292713514144,0.12452627638410324,0.2704883241945643,0.0263746436955532,0.2918096708153767
2067,0.09,0.03796815777526105,0.24883292713514144,0.12452627638410324,0.2704883241945643,0.0263746436955532,0.2918096708153767
2067,0.09999999999999999,0.03796815777526105,0.24883292713514144,0.12452627638410324,0.2704883241945643,0.0263746436955532,0.2918096708153767
2067,0.11,0.03796815777526105,0.24883292713514144,0.12452627638410324,0.2704883241945643,0.0263746436955532,0.2918096708153767
2067,0.12,0.03796815777526105,0.24883292713514144,0.12452627638410324,0.2704883241945643,0.0263746436955532,0.2918096708153767
2067,0.13,0.03796815777526105,0.24883292713514144,0.12452627638410324,0.2704883241945643,0.0263746436955532,0.2918096708153767
2067,0.14,0.03796815777526105,0.24883292713514144,0.12452627638410324,0.2704883241945643,0.0263746436955532,0.2918096708153767
2067,0.15000000000000002,0.03796815777526105,0.24883292713514144,0.12452627638410324,0.2704883241945643,0.0263746436955532,0.2918096708153767
2067,0.16,0.03796815777526105,0.24883292713514144,0.12452627638410324,0.2704883241945643,0.0263746436955532,0.2918096708153767
2067,0.17,0.03796815777526105,0.24883292713514144,0.12452627638410324,0.2704883241945643,0.0263746436955532,0.2918096708153767
2067,0.18000000000000002,0.03796815777526105,0.24883292713514144,0.12452627638410324,0.2704883241945643,0.0263746436955532,0.2918096708153767
2067,0.19,0.03796815777526105,0.24883292713514144,0.12452627638410324,0.2704883241945643,0.0263746436955532,0.2918096708153767
2067,0.2,0.03796815777526105,0.24883292713514144,0.12452627638410324,0.2704883241945643,0.0263746436955532,0.2918096708153767
2067,0.21000000000000002,0.03796815777526105,0.24883292713514144,0.12452627638410324,0.2704883241945643,0.0263746436955532,0.2918096708153767
2067,0.22,0.03796815777526105,0.24883292713514144,0.12452627638410324,0.2704883241945643,0.0263746436955532,0.2918096708153767
2067,0.23,0.03796815777526105,0.24883292713514144,0.12452627638410324,0.2704883241945643,0.0263746436955532,0.2918096708153767
2067,0.24000000000000002,0.03800515920115624,0.2488699283042891,0.1245632775532509,0.27052534282590984,0.026300633268128117,0.291735658847266
2067,0.25,0.03796815777526105,0.24883292713514144,0.12452627638410324,0.2704883241945643,0.0263746436955532,0.2918096708153767
2067,0.26,0.0,1.0,6.369677175440498e-17,5.022131400862447e-16,5.2173841419075884e-17,1.0774587314341761e-16
2067,0.27,9.601809545764949e-16,0.9999999999999996,0.0,0.0,9.468697626737655e-17,3.6453370883718486e-17
2067,0.28,0.0,1.0,0.0,4.6449642263121104e-17,0.0,4.2745226218344615e-17
2067,0.29000000000000004,0.0,1.0,1.2399440029147845e-16,0.0,3.4809454242125913e-17,0.0
2067,0.3,1.0,0.0,0.0,0.0,0.0,0.0
2067,0.31,1.0,0.0,1.457167719820518e-16,0.0,0.0,0.0
2067,0.32,0.0,1.0,1.3764219383223264e-17,1.9447080933174492e-16,0.0,0.0
2067,0.33,0.999999999999968,3.1530333899354446e-14,0.0,1.6653345369377348e-16,8.326672684688674e-17,4.447939412621782e-17
2067,0.34,1.0,0.0,0.0,0.0,0.0,0.0
2067,0.35000000000000003,0.2542732409507696,0.7457267590492305,1.4846793499473376e-17,0.0,0.0,0.0
2067,0.36000000000000004,1.0,4.692151064719664e-14,6.244242843023527e-17,6.101853763741663e-17,0.0,0.0
2067,0.37,0.999999999999999,5.396125222741949e-16,0.0,4.543706161089209e-16,0.0,1.4232463695310154e-16
2067,0.38,0.9999999999992578,1.1676326678587869e-16,2.0004005214901407e-16,0.0,0.0,0.0
2067,0.39,1.0,0.0,0.0,0.0,0.0,0.0
2067,0.4,1.0,0.0,0.0,0.0,3.7842815114335604e-15,0.0
2067,0.41000000000000003,1.0,0.0,0.0,0.0,0.0,0.0
2067,0.42000000000000004,0.9999999999999086,0.0,0.0,6.009818712297839e-17,5.5456858197777143e-17,0.0
2067,0.43,1.0,0.0,0.0,0.0,0.0,0.0
2067,0.44,1.0,2.5608802849246685e-14,0.0,0.0,0.0,1.3428900727693207e-16
2067,0.45,1.0,0.0,0.0,0.0,0.0,0.0
2067,0.46,1.0,0.0,0.0,0.0,0.0,0.0
2067,0.47000000000000003,0.9999999999983864,9.199307982044047e-13,1.1123307136484684e-13,3.689878264045987e-13,2.412826882736141e-14,1.8945869179054498e-13
2067,0.48000000000000004,1.0,0.0,0.0,0.0,0.0,0.0
2067,0.49,1.0,0.0,0.0,0.0,0.0,0.0
2067,0.5,0.9999999999999549,2.4702462297909733e-14,3.774758283725532e-15,5.495603971894525e-15,1.915134717478395e-15,9.103828801926284e-15
2067,0.51,1.0,0.0,0.0,0.0,0.0,0.0
2067,0.52,1.0,0.0,0.0,0.0,0.0,0.0
2067,0.53,0.9999999999999734,1.5654144647214707e-14,2.831068712794149e-15,1.6930901125533637e-15,9.71445146547012e-16,5.530298441414061e-15
2067,0.54,0.9999999999999951,2.55351295663786e-15,6.201636426617085e-16,9.159339953157541e-16,0.0,1.012211148232467e-15
2067,0.55,0.9999999999999932,5.6066262743570405e-15,2.8449465006019636e-16,0.0,0.0,4.597017211338539e-16
2067,0.56,1.0,1.0547118733938987e-15,0.0,0.0,0.0,0.0
2067,0.5700000000000001,1.0,0.0,0.0,1.2327378701160185e-15,0.0,0.0
2067,0.5800000000000001,0.9999999999999888,8.770761894538737e-15,0.0,3.247402347028583e-15,0.0,0.0
2067,0.59,1.0,0.0,4.718447854656915e-16,0.0,3.885780586188048e-16,6.661338147750939e-16
2067,0.6,1.0,0.0,1.3877787807814457e-16,8.881784197001252e-16,0.0,0.0
2067,0.61,0.9999999999999934,4.9960036108132044e-15,0.0,2.248201624865942e-15,3.0531133177191805e-16,0.0
2067,0.62,0.9999999999999969,4.440892098500626e-15,2.7755575615628914e-16,0.0,6.938893903907228e-18,0.0
2067,0.63,1.0,2.220446049250313e-16,0.0,0.0,0.0,2.7755575615628914e-16
2067,0.64,0.9999999999999991,8.881784197001252e-16,2.168404344971009e-17,0.0,2.0296264668928643e-16,8.348356728138384e-17
2067,0.65,1.0,0.0,5.551115123125783e-17,5.551115123125783e-17,6.158268339717665e-17,0.0
2067,0.66,0.9999999999999994,8.881784197001252e-16,2.5804011705155006e-16,0.0,0.0,0.0
2067,0.67,0.9999999999999993,0.0,0.0,9.159339953157541e-16,2.0816681711721685e-16,2.498001805406602e-16
2067,0.68,1.0,0.0,0.0,3.7470027081099033e-16,0.0,1.249000902703301e-16
2067,0.6900000000000001,1.0,0.0,3.608224830031759e-16,0.0,0.0,0.0
2067,0.7000000000000001,0.9999999999999996,1.1102230246251565e-15,0.0,0.0,0.0,0.0
2067,0.7100000000000001,1.0,4.440892098500626e-16,0.0,0.0,1.5612511283791264e-16,0.0
2067,0.72,1.0,2.220446049250313e-16,0.0,0.0,8.326672684688674e-17,0.0
2067,0.73,1.0,0.0,1.7694179454963432e-16,0.0,0.0,0.0
2067,0.74,1.0,1.1512661477038884e-13,1.757929786111653e-16,0.0,7.231942710543629e-17,3.2440616305764457e-16
2067,0.75,1.0,0.0,1.4855725461902173e-15,1.4205786070045634e-14,0.0,4.318187517629579e-15
2067,0.76,1.0,0.0,2.7755575615628914e-17,2.0469737016526324e-16,0.0,2.500712310837816e-16
2067,0.77,1.0,0.0,0.0,3.608224830031759e-16,0.0,1.0234868508263162e-16
2067,0.78,0.9999999999999993,4.440892098500626e-16,0.0,3.3306690738754696e-16,0.0,0.0
2067,0.79,1.0,0.0,2.358544183388286e-16,0.0,1.3887909851534146e-16,0.0
2067,0.8,0.27326960385312354,0.7267303961468767,1.0733601507606494e-16,0.0,5.204170427930421e-17,0.0
2067,0.81,0.25397951094494114,0.7460204890550589,2.168404344971009e-17,0.0,0.0,0.0
2067,0.8200000000000001,0.25441349914396966,0.7455865008560307,0.0,0.0,0.0,0.0
2067,0.8300000000000001,0.25495729988060667,0.745042700119391,0.0,0.0,3.931828069200962e-17,6.092976414353769e-18
2067,0.8400000000000001,0.25423121051045533,0.7457687894895447,1.9081958235744878e-17,0.0,0.0,3.8163916471489756e-17
2067,0.85,0.25400359873704353,0.7459964012629564,0.0,2.3103967997377922e-17,4.0753264360643576e-17,2.6411961611756924e-18
2067,0.86,0.2537899951022095,0.7462100048977907,4.0946192454856615e-17,2.647042434378387e-17,1.9271490167305753e-17,6.12452020365544e-18
2067,0.87,0.2543098197267085,0.7456901802732914,3.209238430557093e-17,8.977193988179977e-17,0.0,3.859759734048396e-17
2067,0.88,0.2540953214270154,0.7459046785729846,0.0,4.2392304944183223e-17,7.101524229780054e-18,2.325613659981407e-17
2067,0.89,0.2545499395597974,0.7454500604402028,1.1384122811097797e-17,0.0,2.710505431213761e-18,0.0
2067,0.9,0.2543684820677164,0.7456315179322834,3.865180744910823e-17,0.0,3.962758940434519e-17,4.016969049058794e-17
2067,0.91,0.25390244817749036,0.7460975518225096,0.0,3.7193236153188213e-17,2.4202639271553443e-17,1.3538497794072135e-17
2067,0.92,0.2540041802382763,0.7459958197617237,7.968885967768458e-17,0.0,2.496375502147874e-17,5.374932270096888e-17
2067,0.93,0.2541224579375,0.7458775420624999,0.0,9.237402509576498e-17,6.5052130349130266e-18,5.334274688628682e-17
2067,0.9400000000000001,0.2538419632071518,0.746158036792848,4.5536491244391186e-17,0.0,2.5587171270657905e-17,2.445960101127298e-16
2067,0.9500000000000001,0.25363863770466244,0.7463613622953377,0.0,6.591949208711867e-17,0.0,0.0
2067,0.9600000000000001,0.25423035611394573,0.7457696438860542,3.458604930228759e-17,0.0,1.8214596497756474e-17,8.413408858487514e-17
2067,0.97,0.2532890261709089,0.7467109738290911,0.0,0.0,6.938893903907228e-18,0.0
2067,0.98,0.2538899949460912,0.7461100050539087,0.0,5.0773054459591295e-17,1.1214129208527124e-17,1.3768515221649484e-16
2067,0.99,0.25428623996684696,0.7457137600331796,4.553649124439119e-18,3.469446951953614e-18,0.0,0.0
2067,1.0,0.2540483457769151,0.7459516542230848,0.0,5.160802341031001e-17,1.3010426069826053e-17,1.0364972768961422e-16
2068,0.01,0.23109765738469254,0.17306227828600015,0.006023794798053972,0.23290888128875445,0.0876326036247058,0.2692747846177929
2068,0.02,0.23109765738469254,0.17306227828600015,0.006023794798053972,0.23290888128875445,0.0876326036247058,0.2692747846177929
2068,0.03,0.23109765738469254,0.17306227828600015,0.006023794798053972,0.23290888128875445,0.0876326036247058,0.2692747846177929
2068,0.04,0.23109765738469254,0.17306227828600015,0.006023794798053972,0.23290888128875445,0.0876326036247058,0.2692747846177929
2068,0.05,0.23109765738469254,0.17306227828600015,0.006023794798053972,0.23290888128875445,0.0876326036247058,0.2692747846177929
2068,0.060000000000000005,0.23109765738469254,0.17306227828600015,0.006023794798053972,0.23290888128875445,0.0876326036247058,0.2692747846177929
2068,0.06999999999999999,0.23109765738469254,0.17306227828600015,0.006023794798053972,0.23290888128875445,0.0876326036247058,0.2692747846177929
2068,0.08,0.23109765738469254,0.17306227828600015,0.006023794798053972,0.23290888128875445,0.0876326036247058,0.2692747846177929
2068,0.09,0.23109765738469254,0.17306227828600015,0.006023794798053972,0.23290888128875445,0.0876326036247058,0.2692747846177929
2068,0.09999999999999999,0.23109765738469254,0.17306227828600015,0.006023794798053972,0.23290888128875445,0.0876326036247058,0.2692747846177929
2068,0.11,0.23109765738469254,0.17306227828600015,0.006023794798053972,0.23290888128875445,0.0876326036247058,0.2692747846177929
2068,0.12,0.23109765738469254,0.17306227828600015,0.006023794798053972,0.23290888128875445,0.0876326036247058,0.2692747846177929
2068,0.13,0.23109765738469254,0.17306227828600015,0.006023794798053972,0.23290888128875445,0.0876326036247058,0.2692747846177929
2068,0.14,0.23109765738469254,0.17306227828600015,0.006023794798053972,0.23290888128875445,0.0876326036247058,0.2692747846177929
2068,0.15000000000000002,0.23109765738469254,0.17306227828600015,0.006023794798053972,0.23290888128875445,0.0876326036247058,0.2692747846177929
2068,0.16,0.23109765738469254,0.17306227828600015,0.006023794798053972,0.23290888128875445,0.0876326036247058,0.2692747846177929
2068,0.17,0.23109765738469254,0.17306227828600015,0.006023794798053972,0.23290888128875445,0.0876326036247058,0.2692747846177929
2068,0.18000000000000002,0.23109765738469254,0.17306227828600015,0.006023794798053972,0.23290888128875445,0.0876326036247058,0.2692747846177929
2068,0.19,0.23109765738469254,0.17306227828600015,0.006023794798053972,0.23290888128875445,0.0876326036247058,0.2692747846177929
2068,0.2,0.23109765738469254,0.17306227828600015,0.006023794798053972,0.23290888128875445,0.0876326036247058,0.2692747846177929
2068,0.21000000000000002,0.23109765738469254,0.17306227828600015,0.006023794798053972,0.23290888128875445,0.0876326036247058,0.2692747846177929
2068,0.22,0.23109765738469254,0.17306227828600015,0.006023794798053972,0.23290888128875445,0.0876326036247058,0.2692747846177929
2068,0.23,0.23109765738469254,0.17306227828600015,0.006023794798053972,0.23290888128875445,0.0876326036247058,0.2692747846177929
2068,0.24000000000000002,0.23109765738469254,0.17306227828600015,0.006023794798053972,0.23290888128875445,0.0876326036247058,0.2692747846177929
2068,0.25,0.23109765738469254,0.17306227828600015,0.006023794798053972,0.23290888128875445,0.0876326036247058,0.2692747846177929
2068,0.26,0.23109765738469254,0.17306227828600015,0.006023794798053972,0.23290888128875445,0.0876326036247058,0.2692747846177929
2068,0.27,0.23109765738469254,0.17306227828600015,0.006023794798053972,0.23290888128875445,0.0876326036247058,0.2692747846177929
2068,0.28,0.23109765738469254,0.17306227828600015,0.006023794798053972,0.23290888128875445,0.0876326036247058,0.2692747846177929
2068,0.29000000000000004,0.23113466523089907,0.17309928613220668,0.006060802836855563,0.23294588913496098,0.08755858886306275,0.2692007678017821
2068,0.3,0.23109765738469254,0.17306227828600015,0.006023794798053972,0.23290888128875445,0.0876326036247058,0.2692747846177929
2068,0.31,0.23117167163276084,0.17313629253406848,0.005986787786393119,0.23287187446968333,0.08759559680563465,0.2692377767715612
2068,0.32,1.0,0.0,0.0,6.938893903907228e-17,0.0,1.3877787807814457e-17
2068,0.33,1.0,0.0,0.0,0.0,0.0,0.0
2068,0.34,0.9999999999999999,6.153792921786116e-17,0.0,7.685786656586505e-18,0.0,0.0
2068,0.35000000000000003,0.9999999999999996,3.3306690738754696e-16,0.0,4.163336342344337e-17,0.0,8.326672684688674e-17
2068,0.36000000000000004,1.0,0.0,4.4190112349552145e-16,0.0,0.0,0.0
2068,0.37,1.0,1.192354840243216e-13,0.0,9.142452804526282e-18,0.0,0.0
2068,0.38,1.0,0.0,0.0,0.0,0.0,0.0
2068,0.39,1.0,0.0,0.0,0.0,0.0,0.0
2068,0.4,1.0,0.0,0.0,0.0,0.0,0.0
2068,0.41000000000000003,1.0,0.0,0.0,0.0,0.0,0.0
2068,0.42000000000000004,1.0,0.0,0.0,0.0,0.0,0.0
2068,0.43,1.0,0.0,0.0,0.0,0.0,0.0
2068,0.44,0.9999999999999253,0.0,0.0,8.82181694026493e-17,1.5221662199146333e-16,3.368073385013778e-16
2068,0.45,0.9999999999996511,3.1168164157509103e-16,0.0,3.117190731521703e-16,0.0,2.003582734937469e-17
2068,0.46,1.0,0.0,0.0,0.0,0.0,0.0
2068,0.47000000000000003,0.9999999999998365,5.952017160585079e-14,2.1965139206036766e-15,6.168169145030962e-14,7.020090466894257e-15,3.295217551343866e-14
2068,0.48000000000000004,0.9999999999999704,1.1662031205671252e-14,1.5699191453391355e-15,2.2455737605933897e-14,2.983117709962588e-15,1.456959574821065e-14
2068,0.49,0.9999999999999837,3.298815632270363e-14,0.0,0.0,0.0,0.0
2068,0.5,1.0,5.0182080713057076e-14,0.0,0.0,0.0,0.0
2068,0.51,1.0,2.7094889493254086e-14,0.0,0.0,0.0,0.0
2068,0.52,0.9999999999999999,0.0,1.001457314714258e-16,2.1481939961608656e-16,0.0,4.992310365183441e-17
2068,0.53,0.9999999999997354,3.186647267760433e-13,0.0,0.0,0.0,0.0
2068,0.54,0.9999999999985254,1.7226937646644654e-12,0.0,0.0,0.0,0.0
2068,0.55,0.999999999997826,2.474604304566545e-12,0.0,0.0,0.0,0.0
2068,0.56,1.0,0.0,1.6119823747508437e-14,7.279227369306416e-14,6.9883560858127e-14,1.6238457813613269e-13
2068,0.5700000000000001,0.9999999999999976,0.0,1.1518563880486e-15,1.942890293094024e-15,1.9984014443252818e-15,4.884981308350689e-15
2068,0.5800000000000001,1.0,2.7755575615628914e-16,4.163336342344337e-17,0.0,5.898059818321144e-17,0.0
2068,0.59,0.999999999999844,1.7763568394002505e-15,0.0,0.0,0.0,0.0
2068,0.6,1.0,0.0,0.0,1.6086172107895869e-16,1.2503307444304904e-16,0.0
2068,0.61,0.9999999999998691,1.4559261961011565e-13,0.0,0.0,0.0,0.0
2068,0.62,1.0,2.1792601370486266e-13,0.0,5.664604034334359e-17,0.0,8.289224672564629e-17
2068,0.63,0.9999999999996716,8.39428467433586e-16,0.0,0.0,0.0,0.0
2068,0.64,1.0,0.0,5.736403580337661e-17,1.792043699000987e-14,0.0,9.399536474142232e-15
2068,0.65,1.0,0.0,0.0,2.5497049082652415e-15,0.0,1.928688303425648e-15
2068,0.66,1.0,0.0,0.0,3.5194418011158784e-15,0.0,1.5001878879368534e-15
2068,0.67,1.0,0.0,2.684927270886805e-16,4.977928030340892e-16,0.0,1.9630304478743739e-16
2068,0.68,0.9999999999999792,2.3387151844447103e-14,3.6611347430819986e-16,0.0,3.672900030719361e-16,0.0
2068,0.6900000000000001,1.0,0.0,2.2168165130713284e-16,0.0,3.217158188613921e-16,2.237230007100157e-16
2068,0.7000000000000001,1.0,0.0,2.363772494255213e-16,2.7541911554684016e-16,2.2753930765386995e-16,1.7370358759228113e-16
2068,0.7100000000000001,1.0,0.0,2.4096393283490336e-16,0.0,1.7478186053413586e-16,3.966443533755075e-16
2068,0.72,1.0,0.0,7.817478828446751e-17,9.320242331817968e-16,0.0,1.717986104939062e-16
2068,0.73,0.9999999999999948,5.5427222971679135e-15,0.0,6.472729321385824e-17,4.010701005249112e-18,0.0
2068,0.74,1.0,0.0,0.0,3.222710489583173e-16,5.246310317056323e-17,2.922771887795689e-17
2068,0.75,1.0,4.440892098500626e-16,0.0,0.0,2.949029909160572e-17,0.0
2068,0.76,1.0,0.0,0.0,0.0,4.163336342344337e-17,2.7755575615628914e-17
2068,0.77,0.9999999999999999,0.0,0.0,2.914335439641036e-16,0.0,3.8163916471489756e-17
2068,0.78,1.0,0.0,5.551115123125783e-17,5.551115123125783e-17,0.0,0.0
2068,0.79,0.9999999999999998,4.996003610813204e-16,3.8163916471489756e-17,0.0,2.7755575615628914e-17,0.0
2068,0.8,0.9999999999999998,0.0,9.71445146547012e-17,5.551115123125783e-16,0.0,0.0
2068,0.81,0.9999999999999998,4.440892098500626e-16,0.0,0.0,0.0,0.0
2068,0.8200000000000001,1.0,3.2255968918697186e-16,0.0,5.361608137847703e-17,0.0,0.0
2068,0.8300000000000001,1.0,0.0,0.0,2.609133484203757e-15,0.0,0.0
2068,0.8400000000000001,0.9999999999999236,6.399598737345372e-16,0.0,1.1533141638299227e-16,0.0,0.0
2068,0.85,1.0,0.0,0.0,4.18874309559723e-16,1.5808599411080634e-17,8.088952888041755e-17
2068,0.86,1.0,0.0,1.3877787807814457e-16,1.3010426069826053e-16,0.0,0.0
2068,0.87,0.9999999999999998,3.3306690738754696e-16,0.0,0.0,6.938893903907228e-17,0.0
2068,0.88,0.9999999999999784,2.17676727066584e-14,0.0,0.0,3.3630172621311114e-17,0.0
2068,0.89,0.34851269656552136,0.6514873034344788,3.8163916471489756e-17,0.0,6.375108774214766e-17,0.0
2068,0.9,0.2557855965193459,0.7442144034806509,0.0,3.460408088745458e-17,1.573141233461273e-16,0.0
2068,0.91,0.2541083200859361,0.7458916799140497,0.0,1.827455257126941e-17,2.885159745589772e-17,2.7364522969590052e-18
2068,0.92,0.2541067372794519,0.7458932627205382,4.504990682730261e-17,4.8648754238440845e-17,6.022051819814696e-17,1.4097674102975634e-16
2068,0.93,0.25400125261607237,0.7459987473839237,5.790882047300805e-17,0.0,2.170997059882995e-17,6.225400994743489e-17
2068,0.9400000000000001,0.25380964371890125,0.7461903562811034,3.605447418419816e-17,4.148572055529161e-17,0.0,7.509486518399088e-17
2068,0.9500000000000001,0.2549416900682412,0.7450583099317587,0.0,1.6412110385999323e-16,0.0,1.1659311003893188e-16
2068,0.9600000000000001,0.2536800873054833,0.7463199126945168,0.0,0.0,0.0,4.0549161250957866e-17
2068,0.97,0.25395140211911005,0.7460485978808898,1.805196617188365e-17,8.673617379884035e-17,7.535205098774256e-18,3.5561831257524545e-17
2068,0.98,0.25417028320384577,0.7458297167961542,0.0,8.462284803428214e-17,0.0,1.376819622010047e-16
2068,0.99,0.25377337309249565,0.7462266269075086,0.0,5.97856850504036e-17,0.0,4.02319456706082e-17
2068,1.0,0.25410908750759337,0.7458909124924155,0.0,2.0604247127125964e-17,2.6308271599972168e-17,0.0
2069,0.01,0.17183225434605667,0.058714333880632616,0.12073616850836173,0.25004868332069574,0.20486874579858555,0.19379981414566771
2069,0.02,0.17183225434605667,0.058714333880632616,0.12073616850836173,0.25004868332069574,0.20486874579858555,0.19379981414566771
2069,0.03,0.17183225434605667,0.058714333880632616,0.12073616850836173,0.25004868332069574,0.20486874579858555,0.19379981414566771
2069,0.04,0.17183225434605667,0.058714333880632616,0.12073616850836173,0.25004868332069574,0.20486874579858555,0.19379981414566771
2069,0.05,0.17183225434605667,0.058714333880632616,0.12073616850836173,0.25004868332069574,0.20486874579858555,0.19379981414566771
2069,0.060000000000000005,0.17183225434605667,0.058714333880632616,0.12073616850836173,0.25004868332069574,0.20486874579858555,0.19379981414566771
2069,0.06999999999999999,0.17183225434605667,0.058714333880632616,0.12073616850836173,0.25004868332069574,0.20486874579858555,0.19379981414566771
2069,0.08,0.17183225434605667,0.058714333880632616,0.12073616850836173,0.25004868332069574,0.20486874579858555,0.19379981414566771
2069,0.09,0.17183225434605667,0.058714333880632616,0.12073616850836173,0.25004868332069574,0.20486874579858555,0.19379981414566771
2069,0.09999999999999999,0.17183225434605667,0.058714333880632616,0.12073616850836173,0.25004868332069574,0.20486874579858555,0.19379981414566771
2069,0.11,0.17183225434605667,0.058714333880632616,0.12073616850836173,0.25004868332069574,0.20486874579858555,0.19379981414566771
2069,0.12,0.17183225434605667,0.058714333880632616,0.12073616850836173,0.25004868332069574,0.20486874579858555,0.19379981414566771
2069,0.13,0.17183225434605667,0.058714333880632616,0.12073616850836173,0.25004868332069574,0.20486874579858555,0.19379981414566771
2069,0.14,0.17183225434605667,0.058714333880632616,0.12073616850836173,0.25004868332069574,0.20486874579858555,0.19379981414566771
2069,0.15000000000000002,0.17183225434605667,0.058714333880632616,0.12073616850836173,0.25004868332069574,0.20486874579858555,0.19379981414566771
2069,0.16,0.17183225434605667,0.058714333880632616,0.12073616850836173,0.25004868332069574,0.20486874579858555,0.19379981414566771
2069,0.17,0.17183225434605667,0.058714333880632616,0.12073616850836173,0.25004868332069574,0.20486874579858555,0.19379981414566771
2069,0.18000000000000002,0.17183225434605667,0.058714333880632616,0.12073616850836173,0.25004868332069574,0.20486874579858555,0.19379981414566771
2069,0.19,0.17183225434605667,0.058714333880632616,0.12073616850836173,0.25004868332069574,0.20486874579858555,0.19379981414566771
2069,0.2,0.17183225434605667,0.058714333880632616,0.12073616850836173,0.25004868332069574,0.20486874579858555,0.19379981414566771
2069,0.21000000000000002,0.17183225434605667,0.058714333880632616,0.12073616850836173,0.25004868332069574,0.20486874579858555,0.19379981414566771
2069,0.22,0.17183225434605667,0.058714333880632616,0.12073616850836173,0.25004868332069574,0.20486874579858555,0.19379981414566771
2069,0.23,0.17183225434605667,0.058714333880632616,0.12073616850836173,0.25004868332069574,0.20486874579858555,0.19379981414566771
2069,0.24000000000000002,0.17183225434605667,0.058714333880632616,0.12073616850836173,0.25004868332069574,0.20486874579858555,0.19379981414566771
2069,0.25,0.17183225434605667,0.058714333880632616,0.12073616850836173,0.25004868332069574,0.20486874579858555,0.19379981414566771
2069,0.26,0.17183225434605667,0.058714333880632616,0.12073616850836173,0.25004868332069574,0.20486874579858555,0.19379981414566771
2069,0.27,0.17183225434605667,0.058714333880632616,0.12073616850836173,0.25004868332069574,0.20486874579858555,0.19379981414566771
2069,0.28,0.17183225434605667,0.058714333880632616,0.12073616850836173,0.25004868332069574,0.20486874579858555,0.19379981414566771
2069,0.29000000000000004,0.17183225434605667,0.058714333880632616,0.12073616850836173,0.25004868332069574,0.20486874579858555,0.19379981414566771
2069,0.3,0.17183225434605667,0.058714333880632616,0.12073616850836173,0.25004868332069574,0.20486874579858555,0.19379981414566771
2069,0.31,0.17183225434605667,0.058714333880632616,0.12073616850836173,0.25004868332069574,0.20486874579858555,0.19379981414566771
2069,0.32,0.17183225434605667,0.058714333880632616,0.12073616850836173,0.25004868332069574,0.20486874579858555,0.19379981414566771
2069,0.33,0.17183225434605667,0.058714333880632616,0.12073616850836173,0.25004868332069574,0.20486874579858555,0.19379981414566771
2069,0.34,0.17183225434605667,0.058714333880632616,0.12073616850836173,0.25004868332069574,0.20486874579858555,0.19379981414566771
2069,0.35000000000000003,0.17183225434605667,0.058714333880632616,0.12073616850836173,0.25004868332069574,0.20486874579858555,0.19379981414566771
2069,0.36000000000000004,0.17183225434605667,0.058714333880632616,0.12073616850836173,0.25004868332069574,0.20486874579858555,0.19379981414566771
2069,0.37,0.17183225434605667,0.058714333880632616,0.12073616850836173,0.25004868332069574,0.20486874579858555,0.19379981414566771
2069,0.38,0.17183225434605667,0.058714333880632616,0.12073616850836173,0.25004868332069574,0.20486874579858555,0.19379981414566771
2069,0.39,0.17183225434605667,0.058714333880632616,0.12073616850836173,0.25004868332069574,0.20486874579858555,0.19379981414566771
2069,0.4,0.171887764542581,0.05876984446233681,0.12068065766984244,0.2501041950579716,0.2048132349601019,0.19374430330714842
2069,0.41000000000000003,0.18025402745635344,0.06713616542918656,0.11559899731342592,0.24877710477763737,0.19973157460364976,0.18850213041974914
2069,0.42000000000000004,0.17183225434605667,0.058714333880632616,0.12073616850836173,0.25004868332069574,0.20486874579858555,0.19379981414566771
2069,0.43,0.9999999999999996,4.046171588432889e-16,0.0,6.263275404458087e-17,0.0,5.770414415607441e-17
2069,0.44,1.0,0.0,0.0,0.0,0.0,0.0
2069,0.45,1.0,0.0,0.0,0.0,0.0,0.0
2069,0.46,0.9999999999998879,1.015097139531482e-13,1.5831393324634225e-15,8.258070128538196e-15,0.0,0.0
2069,0.47000000000000003,1.0,0.0,0.0,0.0,0.0,0.0
2069,0.48000000000000004,1.0,0.0,0.0,0.0,0.0,0.0
2069,0.49,1.0,0.0,0.0,0.0,0.0,0.0
2069,0.5,1.0,0.0,0.0,0.0,0.0,0.0
2069,0.51,0.9999999999999826,1.0971676920133044e-14,5.191962727912314e-16,6.2353960516213184e-15,1.7513425112669786e-16,0.0
2069,0.52,1.0,0.0,3.21685718949488e-16,6.286246599836149e-16,5.467747186841626e-17,0.0
2069,0.53,1.0,0.0,0.0,0.0,0.0,0.0
2069,0.54,1.0,0.0,0.0,0.0,0.0,0.0
2069,0.55,0.9999999999999982,0.0,5.258808547332353e-16,1.9712478154671637e-15,8.940300918532315e-16,5.830254216854206e-17
2069,0.56,0.9999999999996212,6.365830341164527e-13,0.0,0.0,0.0,0.0
2069,0.5700000000000001,1.0,7.114450414472952e-14,0.0,0.0,0.0,0.0
2069,0.5800000000000001,0.9999999999999698,0.0,4.757066252657312e-15,2.250639408900694e-14,6.544014179441988e-15,7.820004625706027e-15
2069,0.59,1.0,0.0,5.4215111200861706e-14,1.3509596561686642e-13,7.591816206990818e-14,6.795639456702845e-14
2069,0.6,1.0,0.0,1.7199223723138404e-16,0.0,5.4954392862413185e-17,0.0
2069,0.61,1.0,1.6087131626818518e-13,0.0,0.0,0.0,0.0
2069,0.62,1.0,0.0,0.0,0.0,1.56472057533108e-15,2.636779683484747e-16
2069,0.63,0.9999999999997745,0.0,3.067823674394058e-17,2.6220926819959706e-16,1.69960465944261e-16,0.0
2069,0.64,1.0,0.0,1.79921254117425e-15,0.0,4.291717949786119e-15,4.8336996043833085e-15
2069,0.65,1.0,0.0,6.112438986831761e-15,0.0,1.526649790132141e-14,1.5420354659926574e-14
2069,0.66,1.0,2.635017084957875e-14,0.0,0.0,7.789762556162832e-17,4.611330437696601e-17
2069,0.67,1.0,0.0,9.593037551052452e-15,0.0,2.0364354259426627e-14,1.576470934012747e-14
2069,0.68,0.9999999999999638,4.477142904206778e-16,2.4429566370159455e-16,0.0,3.0594813867934716e-16,2.2120884471115435e-16
2069,0.6900000000000001,0.9999999999999996,1.2485048284216788e-13,6.675660222744357e-17,0.0,0.0,1.839914387351781e-16
2069,0.7000000000000001,1.0,0.0,0.0,1.414640402663549e-15,0.0,0.0
2069,0.7100000000000001,0.9999999999999292,7.570399473904372e-14,0.0,0.0,0.0,0.0
2069,0.72,0.999999999999921,0.0,1.5612511283791264e-16,0.0,3.226585665316861e-16,3.920475055707584e-16
2069,0.73,1.0,6.405986852087153e-14,6.38378239159465e-16,0.0,3.7470027081099033e-16,1.942890293094024e-16
2069,0.74,1.0,0.0,2.0946388017895198e-15,0.0,1.4773174571263728e-15,6.39516494121162e-16
2069,0.75,0.9999999999999537,5.060589131887516e-14,0.0,0.0,0.0,0.0
2069,0.76,1.0,0.0,2.315004572317047e-16,7.811176903319179e-16,4.000388379116291e-16,1.597715896758424e-17
2069,0.77,0.9999999999999951,5.238136872631792e-15,0.0,0.0,3.606835695998262e-17,9.517728063470308e-17
2069,0.78,1.0,0.0,2.269612076673689e-16,2.8583253860038453e-16,8.296560663413784e-17,7.023131330511669e-17
2069,0.79,1.0,5.551115123125783e-17,0.0,0.0,9.71445146547012e-17,6.071532165918825e-18
2069,0.8,1.0,0.0,0.0,1.8041124150158794e-16,0.0,0.0
2069,0.81,0.9999999999999998,4.996003610813204e-16,0.0,0.0,0.0,0.0
2069,0.8200000000000001,1.0,0.0,0.0,4.163336342344337e-16,1.3877787807814457e-17,0.0
2069,0.8300000000000001,0.9999999999999999,2.220446049250313e-16,0.0,2.7755575615628914e-17,0.0,0.0
2069,0.8400000000000001,1.0,1.6653345369377348e-16,0.0,0.0,4.163336342344337e-17,1.0061396160665481e-16
2069,0.85,1.0,0.0,8.53377224029235e-17,2.1064999710336103e-15,1.901617421598976e-16,0.0
2069,0.86,0.9999999999999155,8.763648045979574e-14,0.0,0.0,0.0,2.3913592985561017e-16
2069,0.87,1.0,6.778474474130453e-17,0.0,0.0,1.4296401369985973e-16,4.109337692103903e-18
2069,0.88,0.9999999999999993,4.670515215565402e-16,1.4482465603705213e-16,1.677771230534694e-16,0.0,0.0
2069,0.89,1.0,0.0,0.0,4.163336342344337e-17,1.3877787807814457e-17,0.0
2069,0.9,1.0,0.0,1.3877787807814457e-16,2.7755575615628914e-17,0.0,0.0
2069,0.91,1.0,0.0,1.5776581565674422e-16,1.8594151961421126e-16,5.92840477365653e-17,0.0
2069,0.92,0.2567527479748686,0.7432472520251318,0.0,0.0,0.0,0.0
2069,0.93,0.2589039245444413,0.7410960754555588,0.0,0.0,1.1958951132840087e-16,3.385034824803803e-16
2069,0.9400000000000001,0.2563417361268501,0.7436582638731551,1.1975934143432536e-16,0.0,1.1820878144992735e-16,5.3800859361853386e-17
2069,0.9500000000000001,0.25409018281983536,0.7459098171801646,0.0,1.4597478146900441e-16,8.521214455432284e-17,3.0204859174632895e-17
2069,0.9600000000000001,0.25360565378467315,0.7463943462153269,0.0,1.2321957690297758e-16,0.0,0.0
2069,0.97,0.25419133313019904,0.7458086668698015,0.0,0.0,0.0,0.0
2069,0.98,0.25391361527313666,0.746086384726857,0.0,2.538910460989981e-16,0.0,0.0
2069,0.99,0.2540093245588516,0.7459906754411594,0.0,2.8267889682444387e-17,0.0,0.0
2069,1.0,0.25386698064643215,0.7461330193535595,0.0,0.0,2.5153490401663703e-17,0.0
2070,0.01,0.14285851633481633,0.15541389888045298,0.05381397975018137,0.2663213543824467,0.356671519500595,0.024920731151507478
2070,0.02,0.14285851633481633,0.15541389888045298,0.05381397975018137,0.2663213543824467,0.356671519500595,0.024920731151507478
2070,0.03,0.14285851633481633,0.15541389888045298,0.05381397975018137,0.2663213543824467,0.356671519500595,0.024920731151507478
2070,0.04,0.14285851633481633,0.15541389888045298,0.05381397975018137,0.2663213543824467,0.356671519500595,0.024920731151507478
2070,0.05,0.14285851633481633,0.15541389888045298,0.05381397975018137,0.2663213543824467,0.356671519500595,0.024920731151507478
2070,0.060000000000000005,0.14285851633481633,0.15541389888045298,0.05381397975018137,0.2663213543824467,0.356671519500595,0.024920731151507478
2070,0.06999999999999999,0.14285851633481633,0.15541389888045298,0.05381397975018137,0.2663213543824467,0.356671519500595,0.024920731151507478
2070,0.08,0.14285851633481633,0.15541389888045298,0.05381397975018137,0.2663213543824467,0.356671519500595,0.024920731151507478
2070,0.09,0.14285851633481633,0.15541389888045298,0.05381397975018137,0.2663213543824467,0.356671519500595,0.024920731151507478
2070,0.09999999999999999,0.14285851633481633,0.15541389888045298,0.05381397975018137,0.2663213543824467,0.356671519500595,0.024920731151507478
2070,0.11,0.14285851633481633,0.15541389888045298,0.05381397975018137,0.2663213543824467,0.356671519500595,0.024920731151507478
2070,0.12,0.14285851633481633,0.15541389888045298,0.05381397975018137,0.2663213543824467,0.356671519500595,0.024920731151507478
2070,0.13,0.14285851633481633,0.15541389888045298,0.05381397975018137,0.2663213543824467,0.356671519500595,0.024920731151507478
2070,0.14,0.14285851633481633,0.15541389888045298,0.05381397975018137,0.2663213543824467,0.356671519500595,0.024920731151507478
2070,0.15000000000000002,0.14285851633481633,0.15541389888045298,0.05381397975018137,0.2663213543824467,0.356671519500595,0.024920731151507478
2070,0.16,0.14285851633481633,0.15541389888045298,0.05381397975018137,0.2663213543824467,0.356671519500595,0.024920731151507478
2070,0.17,0.14285851633481633,0.15541389888045298,0.05381397975018137,0.2663213543824467,0.356671519500595,0.024920731151507478
2070,0.18000000000000002,0.14285851633481633,0.15541389888045298,0.05381397975018137,0.2663213543824467,0.356671519500595,0.024920731151507478
2070,0.19,0.14285851633481633,0.15541389888045298,0.05381397975018137,0.2663213543824467,0.356671519500595,0.024920731151507478
2070,0.2,0.14285851633481633,0.15541389888045298,0.05381397975018137,0.2663213543824467,0.356671519500595,0.024920731151507478
2070,0.21000000000000002,0.14285851633481633,0.15541389888045298,0.05381397975018137,0.2663213543824467,0.356671519500595,0.024920731151507478
2070,0.22,0.14285851633481633,0.15541389888045298,0.05381397975018137,0.2663213543824467,0.356671519500595,0.024920731151507478
2070,0.23,0.14285851633481633,0.15541389888045298,0.05381397975018137,0.2663213543824467,0.356671519500595,0.024920731151507478
2070,0.24000000000000002,0.14285851633481633,0.15541389888045298,0.05381397975018137,0.2663213543824467,0.356671519500595,0.024920731151507478
2070,0.25,0.14285851633481633,0.15541389888045298,0.05381397975018137,0.2663213543824467,0.356671519500595,0.024920731151507478
2070,0.26,0.14285851633481633,0.15541389888045298,0.05381397975018137,0.2663213543824467,0.356671519500595,0.024920731151507478
2070,0.27,0.14285851633481633,0.15541389888045298,0.05381397975018137,0.2663213543824467,0.356671519500595,0.024920731151507478
2070,0.28,0.14285851633481633,0.15541389888045298,0.05381397975018137,0.2663213543824467,0.356671519500595,0.024920731151507478
2070,0.29000000000000004,0.14285851633481633,0.15541389888045298,0.05381397975018137,0.2663213543824467,0.356671519500595,0.024920731151507478
2070,0.3,0.14285851633481633,0.15541389888045298,0.05381397975018137,0.2663213543824467,0.356671519500595,0.024920731151507478
2070,0.31,0.14285851633481633,0.15541389888045298,0.05381397975018137,0.2663213543824467,0.356671519500595,0.024920731151507478
2070,0.32,0.14285851633481633,0.15541389888045298,0.05381397975018137,0.2663213543824467,0.356671519500595,0.024920731151507478
2070,0.33,0.14285851633481633,0.15541389888045298,0.05381397975018137,0.2663213543824467,0.356671519500595,0.024920731151507478
2070,0.34,0.14285851633481633,0.15541389888045298,0.05381397975018137,0.2663213543824467,0.356671519500595,0.024920731151507478
2070,0.35000000000000003,0.14285851633481633,0.15541389888045298,0.05381397975018137,0.2663213543824467,0.356671519500595,0.024920731151507478
2070,0.36000000000000004,0.14285851633481633,0.15541389888045298,0.05381397975018137,0.2663213543824467,0.356671519500595,0.024920731151507478
2070,0.37,0.14285851633481633,0.15541389888045298,0.05381397975018137,0.2663213543824467,0.356671519500595,0.024920731151507478
2070,0.38,0.14285851633481633,0.15541389888045298,0.05381397975018137,0.2663213543824467,0.356671519500595,0.024920731151507478
2070,0.39,0.14285851633481633,0.15541389888045298,0.05381397975018137,0.2663213543824467,0.356671519500595,0.024920731151507478
2070,0.4,0.14285851633481633,0.15541389888045298,0.05381397975018137,0.2663213543824467,0.356671519500595,0.024920731151507478
2070,0.41000000000000003,0.14285851633481633,0.15541389888045298,0.05381397975018137,0.2663213543824467,0.356671519500595,0.024920731151507478
2070,0.42000000000000004,0.14285851633481633,0.15541389888045298,0.05381397975018137,0.2663213543824467,0.356671519500595,0.024920731151507478
2070,0.43,0.14285851633481633,0.15541389888045298,0.05381397975018137,0.2663213543824467,0.356671519500595,0.024920731151507478
2070,0.44,0.14285851633481633,0.15541389888045298,0.05381397975018137,0.2663213543824467,0.356671519500595,0.024920731151507478
2070,0.45,0.14285851633481633,0.15541389888045298,0.05381397975018137,0.2663213543824467,0.356671519500595,0.024920731151507478
2070,0.46,0.14285851633481633,0.15541389888045298,0.05381397975018137,0.2663213543824467,0.356671519500595,0.024920731151507478
2070,0.47000000000000003,0.14285851633481633,0.15541389888045298,0.05381397975018137,0.2663213543824467,0.356671519500595,0.024920731151507478
2070,0.48000000000000004,0.14285851633481633,0.15541389888045298,0.05381397975018137,0.2663213543824467,0.356671519500595,0.024920731151507478
2070,0.49,0.14285851633481633,0.15541389888045298,0.05381397975018137,0.2663213543824467,0.356671519500595,0.024920731151507478
2070,0.5,0.14285851633481633,0.15541389888045298,0.05381397975018137,0.2663213543824467,0.356671519500595,0.024920731151507478
2070,0.51,0.14285851633481633,0.15541389888045298,0.05381397975018137,0.2663213543824467,0.356671519500595,0.024920731151507478
2070,0.52,0.14285851633481633,0.15541389888045298,0.05381397975018137,0.2663213543824467,0.356671519500595,0.024920731151507478
2070,0.53,0.14285851633481633,0.15541389888045298,0.05381397975018137,0.2663213543824467,0.356671519500595,0.024920731151507478
2070,0.54,0.14285851633481633,0.15541389888045298,0.05381397975018137,0.2663213543824467,0.356671519500595,0.024920731151507478
2070,0.55,0.1428585672073024,0.15541394975293904,0.053814030679526496,0.266321405312852,0.3566715703744931,0.024920476672889037
2070,0.56,0.14285851633481633,0.15541389888045298,0.05381397975018137,0.2663213543824467,0.356671519500595,0.024920731151507478
2070,0.5700000000000001,0.14285851633481633,0.15541389888045298,0.05381397975018137,0.2663213543824467,0.356671519500595,0.024920731151507478
2070,0.5800000000000001,0.9999999999999998,3.3306690738754696e-16,1.3877787807814457e-17,0.0,2.42861286636753e-17,0.0
2070,0.59,1.0,0.0,0.0,0.0,0.0,0.0
2070,0.6,1.0,0.0,0.0,0.0,0.0,0.0
2070,0.61,0.9999999999999338,3.097522238704187e-14,8.448103328007051e-16,2.467210463708014e-14,3.0353324020904182e-15,1.465841337200402e-15
2070,0.62,1.0,0.0,0.0,0.0,2.42861286636753e-16,0.0
2070,0.63,1.0,0.0,0.0,0.0,0.0,0.0
2070,0.64,1.0,2.7814593337773336e-15,0.0,0.0,0.0,3.9839449914286686e-17
2070,0.65,1.0,0.0,1.3877787807814457e-16,1.734723475976807e-17,0.0,0.0
2070,0.66,1.0,0.0,0.0,0.0,0.0,0.0
2070,0.67,1.0,0.0,0.0,0.0,0.0,0.0
2070,0.68,0.9999999999998027,1.6512397408388877e-13,3.3249851684121955e-15,3.286447135841973e-14,7.410649743381995e-16,0.0
2070,0.6900000000000001,1.0,0.0,0.0,1.3039693539695527e-16,8.067981874280065e-17,0.0
2070,0.7000000000000001,1.0,7.146975615347711e-14,0.0,0.0,0.0,0.0
2070,0.7100000000000001,1.0,0.0,0.0,0.0,0.0,0.0
2070,0.72,1.0,0.0,0.0,0.0,0.0,0.0
2070,0.73,0.9999999999999999,0.0,0.0,1.4237488123374206e-16,0.0,8.273211632376153e-17
2070,0.74,1.0,0.0,0.0,0.0,0.0,0.0
2070,0.75,1.0,0.0,0.0,0.0,0.0,0.0
2070,0.76,1.0,0.0,0.0,0.0,0.0,0.0
2070,0.77,1.0,0.0,0.0,0.0,3.548047970381106e-16,0.0
2070,0.78,1.0,0.0,1.966503269696427e-13,2.2657468995153816e-13,0.0,1.176485755242706e-13
2070,0.79,1.0,3.262702318456063e-15,0.0,0.0,0.0,0.0
2070,0.8,1.0,5.709321904134868e-13,0.0,0.0,0.0,0.0
2070,0.81,0.999999999999904,0.0,0.0,0.0,0.0,0.0
2070,0.8200000000000001,1.0,5.825377521008634e-14,0.0,0.0,1.2731694030268477e-17,2.1875513969184383e-16
2070,0.8300000000000001,1.0,0.0,0.0,0.0,0.0,0.0
2070,0.8400000000000001,1.0,7.538414337204813e-14,0.0,0.0,0.0,0.0
2070,0.85,0.9999999999999856,0.0,5.981326545168031e-15,4.095335182086046e-14,4.621303340002214e-14,5.6066262743570405e-15
2070,0.86,0.9999999999999998,0.0,2.050443148604586e-15,8.265957363029486e-15,1.0786510573623787e-14,1.97758476261356e-15
2070,0.87,1.0,0.0,2.14588008718927e-14,3.0031747538962613e-14,1.0503517967088956e-13,2.3181162749037277e-14
2070,0.88,1.0,0.0,1.7314556228663e-15,2.0739771120110995e-16,8.999444273154926e-15,2.1414055932937517e-15
2070,0.89,1.0,0.0,1.3517182165245778e-14,0.0,6.798582938546201e-14,1.587610285477912e-14
2070,0.9,1.0,0.0,0.0,0.0,3.2208468803093894e-14,2.2979224218017382e-15
2070,0.91,0.9999999999995772,4.516474059641242e-13,0.0,8.082599717420874e-15,0.0,0.0
2070,0.92,1.0,0.0,2.480429683399338e-14,0.0,1.0455281283039484e-13,2.1488863765256648e-14
2070,0.93,0.9999999999999992,0.0,0.0,4.926614671774132e-16,0.0,6.938893903907228e-17
2070,0.9400000000000001,1.0,0.0,0.0,0.0,0.0,9.71445146547012e-17
2070,0.9500000000000001,0.9999999999999987,1.1102230246251565e-15,0.0,2.220446049250313e-16,3.885780586188048e-16,0.0
2070,0.9600000000000001,0.9999999999999998,0.0,1.2836953722228372e-16,4.579669976578771e-16,4.440892098500626e-16,3.469446951953614e-17
2070,0.97,1.0,4.440892098500626e-16,0.0,0.0,0.0,2.42861286636753e-16
2070,0.98,0.9999999999999996,2.0539125955565396e-15,6.331740687315346e-17,0.0,0.0,6.938893903907228e-18
2070,0.99,0.9999999999999999,0.0,9.540979117872439e-18,4.0245584642661925e-16,1.5265566588595902e-16,0.0
2070,1.0,1.0,3.3306690738754696e-16,1.457167719820518e-16,0.0,0.0,1.8041124150158794e-16
2071,0.01,0.036641132584273144,0.30598381993599877,0.06932759917719976,0.2114798747380402,0.15404177114439915,0.222525802420089
2071,0.02,0.036641132584273144,0.30598381993599877,0.06932759917719976,0.2114798747380402,0.15404177114439915,0.222525802420089
2071,0.03,0.036641132584273144,0.30598381993599877,0.06932759917719976,0.2114798747380402,0.15404177114439915,0.222525802420089
2071,0.04,0.036641132584273144,0.30598381993599877,0.06932759917719976,0.2114798747380402,0.15404177114439915,0.222525802420089
2071,0.05,0.036641132584273144,0.30598381993599877,0.06932759917719976,0.2114798747380402,0.15404177114439915,0.222525802420089
2071,0.060000000000000005,0.036641132584273144,0.30598381993599877,0.06932759917719976,0.2114798747380402,0.15404177114439915,0.222525802420089
2071,0.06999999999999999,0.036641132584273144,0.30598381993599877,0.06932759917719976,0.2114798747380402,0.15404177114439915,0.222525802420089
2071,0.08,0.036641132584273144,0.30598381993599877,0.06932759917719976,0.2114798747380402,0.15404177114439915,0.222525802420089
2071,0.09,0.036641132584273144,0.30598381993599877,0.06932759917719976,0.2114798747380402,0.15404177114439915,0.222525802420089
2071,0.09999999999999999,0.036641132584273144,0.30598381993599877,0.06932759917719976,0.2114798747380402,0.15404177114439915,0.222525802420089
2071,0.11,0.036641132584273144,0.30598381993599877,0.06932759917719976,0.2114798747380402,0.15404177114439915,0.222525802420089
2071,0.12,0.036641132584273144,0.30598381993599877,0.06932759917719976,0.2114798747380402,0.15404177114439915,0.222525802420089
2071,0.13,0.036641132584273144,0.30598381993599877,0.06932759917719976,0.2114798747380402,0.15404177114439915,0.222525802420089
2071,0.14,0.036641132584273144,0.30598381993599877,0.06932759917719976,0.2114798747380402,0.15404177114439915,0.222525802420089
2071,0.15000000000000002,0.036641132584273144,0.30598381993599877,0.06932759917719976,0.2114798747380402,0.15404177114439915,0.222525802420089
2071,0.16,0.036641132584273144,0.30598381993599877,0.06932759917719976,0.2114798747380402,0.15404177114439915,0.222525802420089
2071,0.17,0.036641132584273144,0.30598381993599877,0.06932759917719976,0.2114798747380402,0.15404177114439915,0.222525802420089
2071,0.18000000000000002,0.036641132584273144,0.30598381993599877,0.06932759917719976,0.2114798747380402,0.15404177114439915,0.222525802420089
2071,0.19,0.036641132584273144,0.30598381993599877,0.06932759917719976,0.2114798747380402,0.15404177114439915,0.222525802420089
2071,0.2,0.036641132584273144,0.30598381993599877,0.06932759917719976,0.2114798747380402,0.15404177114439915,0.222525802420089
2071,0.21000000000000002,0.036641132584273144,0.30598381993599877,0.06932759917719976,0.2114798747380402,0.15404177114439915,0.222525802420089
2071,0.22,0.036641132584273144,0.30598381993599877,0.06932759917719976,0.2114798747380402,0.15404177114439915,0.222525802420089
2071,0.23,0.036641132584273144,0.30598381993599877,0.06932759917719976,0.2114798747380402,0.15404177114439915,0.222525802420089
2071,0.24000000000000002,0.036641132584273144,0.30598381993599877,0.06932759917719976,0.2114798747380402,0.15404177114439915,0.222525802420089
2071,0.25,0.036641132584273144,0.30598381993599877,0.06932759917719976,0.2114798747380402,0.15404177114439915,0.222525802420089
2071,0.26,0.036641132584273144,0.30598381993599877,0.06932759917719976,0.2114798747380402,0.15404177114439915,0.222525802420089
2071,0.27,0.036641132584273144,0.30598381993599877,0.06932759917719976,0.2114798747380402,0.15404177114439915,0.222525802420089
2071,0.28,0.036641132584273144,0.30598381993599877,0.06932759917719976,0.2114798747380402,0.15404177114439915,0.222525802420089
2071,0.29000000000000004,0.036641132584273144,0.30598381993599877,0.06932759917719976,0.2114798747380402,0.15404177114439915,0.222525802420089
2071,0.3,0.036641132584273144,0.30598381993599877,0.06932759917719976,0.2114798747380402,0.15404177114439915,0.222525802420089
2071,0.31,0.036641132584273144,0.30598381993599877,0.06932759917719976,0.2114798747380402,0.15404177114439915,0.222525802420089
2071,0.32,0.036641132584273144,0.30598381993599877,0.06932759917719976,0.2114798747380402,0.15404177114439915,0.222525802420089
2071,0.33,0.036641132584273144,0.30598381993599877,0.06932759917719976,0.2114798747380402,0.15404177114439915,0.222525802420089
2071,0.34,0.036641132584273144,0.30598381993599877,0.06932759917719976,0.2114798747380402,0.15404177114439915,0.222525802420089
2071,0.35000000000000003,0.036641132584273144,0.30598381993599877,0.06932759917719976,0.2114798747380402,0.15404177114439915,0.222525802420089
2071,0.36000000000000004,0.036641132584273144,0.30598381993599877,0.06932759917719976,0.2114798747380402,0.15404177114439915,0.222525802420089
2071,0.37,0.036641132584273144,0.30598381993599877,0.06932759917719976,0.2114798747380402,0.15404177114439915,0.222525802420089
2071,0.38,0.036641132584273144,0.30598381993599877,0.06932759917719976,0.2114798747380402,0.15404177114439915,0.222525802420089
2071,0.39,0.036641132584273144,0.30598381993599877,0.06932759917719976,0.2114798747380402,0.15404177114439915,0.222525802420089
2071,0.4,0.036641132584273144,0.30598381993599877,0.06932759917719976,0.2114798747380402,0.15404177114439915,0.222525802420089
2071,0.41000000000000003,0.036641132584273144,0.30598381993599877,0.06932759917719976,0.2114798747380402,0.15404177114439915,0.222525802420089
2071,0.42000000000000004,0.036641132584273144,0.30598381993599877,0.06932759917719976,0.2114798747380402,0.15404177114439915,0.222525802420089
2071,0.43,0.036641132584273144,0.30598381993599877,0.06932759917719976,0.2114798747380402,0.15404177114439915,0.222525802420089
2071,0.44,0.036641132584273144,0.30598381993599877,0.06932759917719976,0.2114798747380402,0.15404177114439915,0.222525802420089
2071,0.45,0.036641132584273144,0.30598381993599877,0.06932759917719976,0.2114798747380402,0.15404177114439915,0.222525802420089
2071,0.46,0.036641132584273144,0.30598381993599877,0.06932759917719976,0.2114798747380402,0.15404177114439915,0.222525802420089
2071,0.47000000000000003,0.036641132584273144,0.30598381993599877,0.06932759917719976,0.2114798747380402,0.15404177114439915,0.222525802420089
2071,0.48000000000000004,0.036641132584273144,0.30598381993599877,0.06932759917719976,0.2114798747380402,0.15404177114439915,0.222525802420089
2071,0.49,0.036641132584273144,0.30598381993599877,0.06932759917719976,0.2114798747380402,0.15404177114439915,0.222525802420089
2071,0.5,0.036641132584273144,0.30598381993599877,0.06932759917719976,0.2114798747380402,0.15404177114439915,0.222525802420089
2071,0.51,0.036641132584273144,0.30598381993599877,0.06932759917719976,0.2114798747380402,0.15404177114439915,0.222525802420089
2071,0.52,0.036641132584273144,0.30598381993599877,0.06932759917719976,0.2114798747380402,0.15404177114439915,0.222525802420089
2071,0.53,0.036641132584273144,0.30598381993599877,0.06932759917719976,0.2114798747380402,0.15404177114439915,0.222525802420089
2071,0.54,0.036641132584273144,0.30598381993599877,0.06932759917719976,0.2114798747380402,0.15404177114439915,0.222525802420089
2071,0.55,0.036641132584273144,0.30598381993599877,0.06932759917719976,0.2114798747380402,0.15404177114439915,0.222525802420089
2071,0.56,0.036641132584273144,0.30598381993599877,0.06932759917719976,0.2114798747380402,0.15404177114439915,0.222525802420089
2071,0.5700000000000001,0.036641132584273144,0.30598381993599877,0.06932759917719976,0.2114798747380402,0.15404177114439915,0.222525802420089
2071,0.5800000000000001,0.036641132584273144,0.30598381993599877,0.06932759917719976,0.2114798747380402,0.15404177114439915,0.222525802420089
2071,0.59,0.036641132584273144,0.30598381993599877,0.06932759917719976,0.2114798747380402,0.15404177114439915,0.222525802420089
2071,0.6,0.036641132584273144,0.30598381993599877,0.06932759917719976,0.2114798747380402,0.15404177114439915,0.222525802420089
2071,0.61,0.036641132584273144,0.30598381993599877,0.06932759917719976,0.2114798747380402,0.15404177114439915,0.222525802420089
2071,0.62,0.036641132584273144,0.30598381993599877,0.06932759917719976,0.2114798747380402,0.15404177114439915,0.222525802420089
2071,0.63,0.036641132584273144,0.30598381993599877,0.06932759917719976,0.2114798747380402,0.15404177114439915,0.222525802420089
2071,0.64,0.036641132584273144,0.30598381993599877,0.06932759917719976,0.2114798747380402,0.15404177114439915,0.222525802420089
2071,0.65,0.036641132584273144,0.30598381993599877,0.06932759917719976,0.2114798747380402,0.15404177114439915,0.222525802420089
2071,0.66,0.036641132584273144,0.30598381993599877,0.06932759917719976,0.2114798747380402,0.15404177114439915,0.222525802420089
2071,0.67,0.036641132584273144,0.30598381993599877,0.06932759917719976,0.2114798747380402,0.15404177114439915,0.222525802420089
2071,0.68,0.036641132584273144,0.30598381993599877,0.06932759917719976,0.2114798747380402,0.15404177114439915,0.222525802420089
2071,0.6900000000000001,0.036641132584273144,0.30598381993599877,0.06932759917719976,0.2114798747380402,0.15404177114439915,0.222525802420089
2071,0.7000000000000001,0.036641132584273144,0.30598381993599877,0.06932759917719976,0.2114798747380402,0.15404177114439915,0.222525802420089
2071,0.7100000000000001,0.036641132584273144,0.30598381993599877,0.06932759917719976,0.2114798747380402,0.15404177114439915,0.222525802420089
2071,0.72,0.036641132584273144,0.30598381993599877,0.06932759917719976,0.2114798747380402,0.15404177114439915,0.222525802420089
2071,0.73,0.036641132584273144,0.30598381993599877,0.06932759917719976,0.2114798747380402,0.15404177114439915,0.222525802420089
2071,0.74,0.036641132584273144,0.30598381993599877,0.06932759917719976,0.2114798747380402,0.15404177114439915,0.222525802420089
2071,0.75,0.036641132584273144,0.30598381993599877,0.06932759917719976,0.2114798747380402,0.15404177114439915,0.222525802420089
2071,0.76,0.036641132584273144,0.30598381993599877,0.06932759917719976,0.2114798747380402,0.15404177114439915,0.222525802420089
2071,0.77,0.036641132584273144,0.30598381993599877,0.06932759917719976,0.2114798747380402,0.15404177114439915,0.222525802420089
2071,0.78,0.036641132584273144,0.30598381993599877,0.06932759917719976,0.2114798747380402,0.15404177114439915,0.222525802420089
2071,0.79,0.036641132584273144,0.30598381993599877,0.06932759917719976,0.2114798747380402,0.15404177114439915,0.222525802420089
2071,0.8,0.036641132584273144,0.30598381993599877,0.06932759917719976,0.2114798747380402,0.15404177114439915,0.222525802420089
2071,0.81,0.036641132584273144,0.30598381993599877,0.06932759917719976,0.2114798747380402,0.15404177114439915,0.222525802420089
2071,0.8200000000000001,0.036641132584273144,0.30598381993599877,0.06932759917719976,0.2114798747380402,0.15404177114439915,0.222525802420089
2071,0.8300000000000001,0.036641132584273144,0.30598381993599877,0.06932759917719976,0.2114798747380402,0.15404177114439915,0.222525802420089
2071,0.8400000000000001,0.036641132584273144,0.30598381993599877,0.06932759917719976,0.2114798747380402,0.15404177114439915,0.222525802420089
2071,0.85,0.036641132584273144,0.30598381993599877,0.06932759917719976,0.2114798747380402,0.15404177114439915,0.222525802420089
2071,0.86,0.036641132584273144,0.30598381993599877,0.06932759917719976,0.2114798747380402,0.15404177114439915,0.222525802420089
2071,0.87,0.036641132584273144,0.30598381993599877,0.06932759917719976,0.2114798747380402,0.15404177114439915,0.222525802420089
2071,0.88,0.036641132584273144,0.30598381993599877,0.06932759917719976,0.2114798747380402,0.15404177114439915,0.222525802420089
2071,0.89,0.036641132584273144,0.30598381993599877,0.06932759917719976,0.2114798747380402,0.15404177114439915,0.222525802420089
2071,0.9,0.036641132584273144,0.30598381993599877,0.06932759917719976,0.2114798747380402,0.15404177114439915,0.222525802420089
2071,0.91,0.036641132584273144,0.30598381993599877,0.06932759917719976,0.2114798747380402,0.15404177114439915,0.222525802420089
2071,0.92,0.036641132584273144,0.30598381993599877,0.06932759917719976,0.2114798747380402,0.15404177114439915,0.222525802420089
2071,0.93,0.036641132584273144,0.30598381993599877,0.06932759917719976,0.2114798747380402,0.15404177114439915,0.222525802420089
2071,0.9400000000000001,0.036641132584273144,0.30598381993599877,0.06932759917719976,0.2114798747380402,0.15404177114439915,0.222525802420089
2071,0.9500000000000001,0.036641132584273144,0.30598381993599877,0.06932759917719976,0.2114798747380402,0.15404177114439915,0.222525802420089
2071,0.9600000000000001,0.036641132584273144,0.30598381993599877,0.06932759917719976,0.2114798747380402,0.15404177114439915,0.222525802420089
2071,0.97,0.036641132584273144,0.30598381993599877,0.06932759917719976,0.2114798747380402,0.15404177114439915,0.222525802420089
2071,0.98,0.036641132584273144,0.30598381993599877,0.06932759917719976,0.2114798747380402,0.15404177114439915,0.222525802420089
2071,0.99,0.036641132584273144,0.30598381993599877,0.06932759917719976,0.2114798747380402,0.15404177114439915,0.222525802420089
2071,1.0,0.036641132584273144,0.30598381993599877,0.06932759917719976,0.2114798747380402,0.15404177114439915,0.222525802420089
2072,0.01,0.25633952135971094,0.18123570476389309,0.003399184192182927,0.1289167239450966,0.32467125831607985,0.10543760742303648
2072,0.02,0.25633952135971094,0.18123570476389309,0.003399184192182927,0.1289167239450966,0.32467125831607985,0.10543760742303648
2072,0.03,0.25633952135971094,0.18123570476389309,0.003399184192182927,0.1289167239450966,0.32467125831607985,0.10543760742303648
2072,0.04,0.25633952135971094,0.18123570476389309,0.003399184192182927,0.1289167239450966,0.32467125831607985,0.10543760742303648
2072,0.05,0.25633952135971094,0.18123570476389309,0.003399184192182927,0.1289167239450966,0.32467125831607985,0.10543760742303648
2072,0.060000000000000005,0.25633952135971094,0.18123570476389309,0.003399184192182927,0.1289167239450966,0.32467125831607985,0.10543760742303648
2072,0.06999999999999999,0.25633952135971094,0.18123570476389309,0.003399184192182927,0.1289167239450966,0.32467125831607985,0.10543760742303648
2072,0.08,0.25633952135971094,0.18123570476389309,0.003399184192182927,0.1289167239450966,0.32467125831607985,0.10543760742303648
2072,0.09,0.25633952135971094,0.18123570476389309,0.003399184192182927,0.1289167239450966,0.32467125831607985,0.10543760742303648
2072,0.09999999999999999,0.25633952135971094,0.18123570476389309,0.003399184192182927,0.1289167239450966,0.32467125831607985,0.10543760742303648
2072,0.11,0.25633952135971094,0.18123570476389309,0.003399184192182927,0.1289167239450966,0.32467125831607985,0.10543760742303648
2072,0.12,0.25633952135971094,0.18123570476389309,0.003399184192182927,0.1289167239450966,0.32467125831607985,0.10543760742303648
2072,0.13,0.25633952135971094,0.18123570476389309,0.003399184192182927,0.1289167239450966,0.32467125831607985,0.10543760742303648
2072,0.14,0.25633952135971094,0.18123570476389309,0.003399184192182927,0.1289167239450966,0.32467125831607985,0.10543760742303648
2072,0.15000000000000002,0.25633952135971094,0.18123570476389309,0.003399184192182927,0.1289167239450966,0.32467125831607985,0.10543760742303648
2072,0.16,0.25633952135971094,0.18123570476389309,0.003399184192182927,0.1289167239450966,0.32467125831607985,0.10543760742303648
2072,0.17,0.25633952135971094,0.18123570476389309,0.003399184192182927,0.1289167239450966,0.32467125831607985,0.10543760742303648
2072,0.18000000000000002,0.25633952135971094,0.18123570476389309,0.003399184192182927,0.1289167239450966,0.32467125831607985,0.10543760742303648
2072,0.19,0.25633952135971094,0.18123570476389309,0.003399184192182927,0.1289167239450966,0.32467125831607985,0.10543760742303648
2072,0.2,0.25633952135971094,0.18123570476389309,0.003399184192182927,0.1289167239450966,0.32467125831607985,0.10543760742303648
2072,0.21000000000000002,0.25633952135971094,0.18123570476389309,0.003399184192182927,0.1289167239450966,0.32467125831607985,0.10543760742303648
2072,0.22,0.25633952135971094,0.18123570476389309,0.003399184192182927,0.1289167239450966,0.32467125831607985,0.10543760742303648
2072,0.23,0.25633952135971094,0.18123570476389309,0.003399184192182927,0.1289167239450966,0.32467125831607985,0.10543760742303648
2072,0.24000000000000002,0.25633952135971094,0.18123570476389309,0.003399184192182927,0.1289167239450966,0.32467125831607985,0.10543760742303648
2072,0.25,0.25633952135971094,0.18123570476389309,0.003399184192182927,0.1289167239450966,0.32467125831607985,0.10543760742303648
2072,0.26,0.25633952135971094,0.18123570476389309,0.003399184192182927,0.1289167239450966,0.32467125831607985,0.10543760742303648
2072,0.27,0.25633952135971094,0.18123570476389309,0.003399184192182927,0.1289167239450966,0.32467125831607985,0.10543760742303648
2072,0.28,0.25633952135971094,0.18123570476389309,0.003399184192182927,0.1289167239450966,0.32467125831607985,0.10543760742303648
2072,0.29000000000000004,0.25633952135971094,0.18123570476389309,0.003399184192182927,0.1289167239450966,0.32467125831607985,0.10543760742303648
2072,0.3,0.25633952135971094,0.18123570476389309,0.003399184192182927,0.1289167239450966,0.32467125831607985,0.10543760742303648
2072,0.31,0.25633952135971094,0.18123570476389309,0.003399184192182927,0.1289167239450966,0.32467125831607985,0.10543760742303648
2072,0.32,0.25633952135971094,0.18123570476389309,0.003399184192182927,0.1289167239450966,0.32467125831607985,0.10543760742303648
2072,0.33,0.25633952135971094,0.18123570476389309,0.003399184192182927,0.1289167239450966,0.32467125831607985,0.10543760742303648
2072,0.34,0.25633952135971094,0.18123570476389309,0.003399184192182927,0.1289167239450966,0.32467125831607985,0.10543760742303648
2072,0.35000000000000003,0.25633952135971094,0.18123570476389309,0.003399184192182927,0.1289167239450966,0.32467125831607985,0.10543760742303648
2072,0.36000000000000004,0.25633952135971094,0.18123570476389309,0.003399184192182927,0.1289167239450966,0.32467125831607985,0.10543760742303648
2072,0.37,0.25633952135971094,0.18123570476389309,0.003399184192182927,0.1289167239450966,0.32467125831607985,0.10543760742303648
2072,0.38,0.25633952135971094,0.18123570476389309,0.003399184192182927,0.1289167239450966,0.32467125831607985,0.10543760742303648
2072,0.39,0.25633952135971094,0.18123570476389309,0.003399184192182927,0.1289167239450966,0.32467125831607985,0.10543760742303648
2072,0.4,0.25633952135971094,0.18123570476389309,0.003399184192182927,0.1289167239450966,0.32467125831607985,0.10543760742303648
2072,0.41000000000000003,0.25633952135971094,0.18123570476389309,0.003399184192182927,0.1289167239450966,0.32467125831607985,0.10543760742303648
2072,0.42000000000000004,0.25633952135971094,0.18123570476389309,0.003399184192182927,0.1289167239450966,0.32467125831607985,0.10543760742303648
2072,0.43,0.25633952135971094,0.18123570476389309,0.003399184192182927,0.1289167239450966,0.32467125831607985,0.10543760742303648
2072,0.44,0.25633952135971094,0.18123570476389309,0.003399184192182927,0.1289167239450966,0.32467125831607985,0.10543760742303648
2072,0.45,0.25633952135971094,0.18123570476389309,0.003399184192182927,0.1289167239450966,0.32467125831607985,0.10543760742303648
2072,0.46,0.25633952135971094,0.18123570476389309,0.003399184192182927,0.1289167239450966,0.32467125831607985,0.10543760742303648
2072,0.47000000000000003,0.25633952135971094,0.18123570476389309,0.003399184192182927,0.1289167239450966,0.32467125831607985,0.10543760742303648
2072,0.48000000000000004,0.25633952135971094,0.18123570476389309,0.003399184192182927,0.1289167239450966,0.32467125831607985,0.10543760742303648
2072,0.49,0.25633952135971094,0.18123570476389309,0.003399184192182927,0.1289167239450966,0.32467125831607985,0.10543760742303648
2072,0.5,0.25633952135971094,0.18123570476389309,0.003399184192182927,0.1289167239450966,0.32467125831607985,0.10543760742303648
2072,0.51,0.25633952135971094,0.18123570476389309,0.003399184192182927,0.1289167239450966,0.32467125831607985,0.10543760742303648
2072,0.52,0.25633952135971094,0.18123570476389309,0.003399184192182927,0.1289167239450966,0.32467125831607985,0.10543760742303648
2072,0.53,0.25633952135971094,0.18123570476389309,0.003399184192182927,0.1289167239450966,0.32467125831607985,0.10543760742303648
2072,0.54,0.25633952135971094,0.18123570476389309,0.003399184192182927,0.1289167239450966,0.32467125831607985,0.10543760742303648
2072,0.55,0.25633952135971094,0.18123570476389309,0.003399184192182927,0.1289167239450966,0.32467125831607985,0.10543760742303648
2072,0.56,0.25633952135971094,0.18123570476389309,0.003399184192182927,0.1289167239450966,0.32467125831607985,0.10543760742303648
2072,0.5700000000000001,0.25633952135971094,0.18123570476389309,0.003399184192182927,0.1289167239450966,0.32467125831607985,0.10543760742303648
2072,0.5800000000000001,0.25633952135971094,0.18123570476389309,0.003399184192182927,0.1289167239450966,0.32467125831607985,0.10543760742303648
2072,0.59,0.25633952135971094,0.18123570476389309,0.003399184192182927,0.1289167239450966,0.32467125831607985,0.10543760742303648
2072,0.6,0.25633952135971094,0.18123570476389309,0.003399184192182927,0.1289167239450966,0.32467125831607985,0.10543760742303648
2072,0.61,0.25633952135971094,0.18123570476389309,0.003399184192182927,0.1289167239450966,0.32467125831607985,0.10543760742303648
2072,0.62,0.25633952135971094,0.18123570476389309,0.003399184192182927,0.1289167239450966,0.32467125831607985,0.10543760742303648
2072,0.63,0.25633952135971094,0.18123570476389309,0.003399184192182927,0.1289167239450966,0.32467125831607985,0.10543760742303648
2072,0.64,0.25633952135971094,0.18123570476389309,0.003399184192182927,0.1289167239450966,0.32467125831607985,0.10543760742303648
2072,0.65,0.25633952135971094,0.18123570476389309,0.003399184192182927,0.1289167239450966,0.32467125831607985,0.10543760742303648
2072,0.66,0.25633952135971094,0.18123570476389309,0.003399184192182927,0.1289167239450966,0.32467125831607985,0.10543760742303648
2072,0.67,0.25633952135971094,0.18123570476389309,0.003399184192182927,0.1289167239450966,0.32467125831607985,0.10543760742303648
2072,0.68,0.25633952135971094,0.18123570476389309,0.003399184192182927,0.1289167239450966,0.32467125831607985,0.10543760742303648
2072,0.6900000000000001,0.25633952135971094,0.18123570476389309,0.003399184192182927,0.1289167239450966,0.32467125831607985,0.10543760742303648
2072,0.7000000000000001,0.25633952135971094,0.18123570476389309,0.003399184192182927,0.1289167239450966,0.32467125831607985,0.10543760742303648
2072,0.7100000000000001,0.25633952135971094,0.18123570476389309,0.003399184192182927,0.1289167239450966,0.32467125831607985,0.10543760742303648
2072,0.72,0.25633952135971094,0.18123570476389309,0.003399184192182927,0.1289167239450966,0.32467125831607985,0.10543760742303648
2072,0.73,0.25633952135971094,0.18123570476389309,0.003399184192182927,0.1289167239450966,0.32467125831607985,0.10543760742303648
2072,0.74,0.25633952135971094,0.18123570476389309,0.003399184192182927,0.1289167239450966,0.32467125831607985,0.10543760742303648
2072,0.75,0.25633952135971094,0.18123570476389309,0.003399184192182927,0.1289167239450966,0.32467125831607985,0.10543760742303648
2072,0.76,0.25633952135971094,0.18123570476389309,0.003399184192182927,0.1289167239450966,0.32467125831607985,0.10543760742303648
2072,0.77,0.25633952135971094,0.18123570476389309,0.003399184192182927,0.1289167239450966,0.32467125831607985,0.10543760742303648
2072,0.78,0.25633952135971094,0.18123570476389309,0.003399184192182927,0.1289167239450966,0.32467125831607985,0.10543760742303648
2072,0.79,0.25633952135971094,0.18123570476389309,0.003399184192182927,0.1289167239450966,0.32467125831607985,0.10543760742303648
2072,0.8,0.25633952135971094,0.18123570476389309,0.003399184192182927,0.1289167239450966,0.32467125831607985,0.10543760742303648
2072,0.81,0.25633952135971094,0.18123570476389309,0.003399184192182927,0.1289167239450966,0.32467125831607985,0.10543760742303648
2072,0.8200000000000001,0.25633952135971094,0.18123570476389309,0.003399184192182927,0.1289167239450966,0.32467125831607985,0.10543760742303648
2072,0.8300000000000001,0.25633952135971094,0.18123570476389309,0.003399184192182927,0.1289167239450966,0.32467125831607985,0.10543760742303648
2072,0.8400000000000001,0.25633952135971094,0.18123570476389309,0.003399184192182927,0.1289167239450966,0.32467125831607985,0.10543760742303648
2072,0.85,0.25633952135971094,0.18123570476389309,0.003399184192182927,0.1289167239450966,0.32467125831607985,0.10543760742303648
2072,0.86,0.25633952135971094,0.18123570476389309,0.003399184192182927,0.1289167239450966,0.32467125831607985,0.10543760742303648
2072,0.87,0.25633952135971094,0.18123570476389309,0.003399184192182927,0.1289167239450966,0.32467125831607985,0.10543760742303648
2072,0.88,0.25633952135971094,0.18123570476389309,0.003399184192182927,0.1289167239450966,0.32467125831607985,0.10543760742303648
2072,0.89,0.25633952135971094,0.18123570476389309,0.003399184192182927,0.1289167239450966,0.32467125831607985,0.10543760742303648
2072,0.9,0.25633952135971094,0.18123570476389309,0.003399184192182927,0.1289167239450966,0.32467125831607985,0.10543760742303648
2072,0.91,0.25633952135971094,0.18123570476389309,0.003399184192182927,0.1289167239450966,0.32467125831607985,0.10543760742303648
2072,0.92,0.25633952135971094,0.18123570476389309,0.003399184192182927,0.1289167239450966,0.32467125831607985,0.10543760742303648
2072,0.93,0.25633952135971094,0.18123570476389309,0.003399184192182927,0.1289167239450966,0.32467125831607985,0.10543760742303648
2072,0.9400000000000001,0.25633952135971094,0.18123570476389309,0.003399184192182927,0.1289167239450966,0.32467125831607985,0.10543760742303648
2072,0.9500000000000001,0.25633952135971094,0.18123570476389309,0.003399184192182927,0.1289167239450966,0.32467125831607985,0.10543760742303648
2072,0.9600000000000001,0.25633952135971094,0.18123570476389309,0.003399184192182927,0.1289167239450966,0.32467125831607985,0.10543760742303648
2072,0.97,0.25633952135971094,0.18123570476389309,0.003399184192182927,0.1289167239450966,0.32467125831607985,0.10543760742303648
2072,0.98,0.25633952135971094,0.18123570476389309,0.003399184192182927,0.1289167239450966,0.32467125831607985,0.10543760742303648
2072,0.99,0.25633952135971094,0.18123570476389309,0.003399184192182927,0.1289167239450966,0.32467125831607985,0.10543760742303648
2072,1.0,0.25633952135971094,0.18123570476389309,0.003399184192182927,0.1289167239450966,0.32467125831607985,0.10543760742303648
2073,0.01,0.05424977394198581,0.38349409017916813,0.029849296037310874,0.15893246097680477,0.3243714350891795,0.049102943775550974
2073,0.02,0.05424977394198581,0.38349409017916813,0.029849296037310874,0.15893246097680477,0.3243714350891795,0.049102943775550974
2073,0.03,0.05424977394198581,0.38349409017916813,0.029849296037310874,0.15893246097680477,0.3243714350891795,0.049102943775550974
2073,0.04,0.05424977394198581,0.38349409017916813,0.029849296037310874,0.15893246097680477,0.3243714350891795,0.049102943775550974
2073,0.05,0.05424977394198581,0.38349409017916813,0.029849296037310874,0.15893246097680477,0.3243714350891795,0.049102943775550974
2073,0.060000000000000005,0.05424977394198581,0.38349409017916813,0.029849296037310874,0.15893246097680477,0.3243714350891795,0.049102943775550974
2073,0.06999999999999999,0.05424977394198581,0.38349409017916813,0.029849296037310874,0.15893246097680477,0.3243714350891795,0.049102943775550974
2073,0.08,0.05424977394198581,0.38349409017916813,0.029849296037310874,0.15893246097680477,0.3243714350891795,0.049102943775550974
2073,0.09,0.05424977394198581,0.38349409017916813,0.029849296037310874,0.15893246097680477,0.3243714350891795,0.049102943775550974
2073,0.09999999999999999,0.05424977394198581,0.38349409017916813,0.029849296037310874,0.15893246097680477,0.3243714350891795,0.049102943775550974
2073,0.11,0.05424977394198581,0.38349409017916813,0.029849296037310874,0.15893246097680477,0.3243714350891795,0.049102943775550974
2073,0.12,0.05424977394198581,0.38349409017916813,0.029849296037310874,0.15893246097680477,0.3243714350891795,0.049102943775550974
2073,0.13,0.05424977394198581,0.38349409017916813,0.029849296037310874,0.15893246097680477,0.3243714350891795,0.049102943775550974
2073,0.14,0.05424977394198581,0.38349409017916813,0.029849296037310874,0.15893246097680477,0.3243714350891795,0.049102943775550974
2073,0.15000000000000002,0.05424977394198581,0.38349409017916813,0.029849296037310874,0.15893246097680477,0.3243714350891795,0.049102943775550974
2073,0.16,0.05424977394198581,0.38349409017916813,0.029849296037310874,0.15893246097680477,0.3243714350891795,0.049102943775550974
2073,0.17,0.05424977394198581,0.38349409017916813,0.029849296037310874,0.15893246097680477,0.3243714350891795,0.049102943775550974
2073,0.18000000000000002,0.05424977394198581,0.38349409017916813,0.029849296037310874,0.15893246097680477,0.3243714350891795,0.049102943775550974
2073,0.19,0.05424977394198581,0.38349409017916813,0.029849296037310874,0.15893246097680477,0.3243714350891795,0.049102943775550974
2073,0.2,0.05424977394198581,0.38349409017916813,0.029849296037310874,0.15893246097680477,0.3243714350891795,0.049102943775550974
2073,0.21000000000000002,0.05424977394198581,0.38349409017916813,0.029849296037310874,0.15893246097680477,0.3243714350891795,0.049102943775550974
2073,0.22,0.05424977394198581,0.38349409017916813,0.029849296037310874,0.15893246097680477,0.3243714350891795,0.049102943775550974
2073,0.23,0.05424977394198581,0.38349409017916813,0.029849296037310874,0.15893246097680477,0.3243714350891795,0.049102943775550974
2073,0.24000000000000002,0.05424977394198581,0.38349409017916813,0.029849296037310874,0.15893246097680477,0.3243714350891795,0.049102943775550974
2073,0.25,0.05424977394198581,0.38349409017916813,0.029849296037310874,0.15893246097680477,0.3243714350891795,0.049102943775550974
2073,0.26,0.05424977394198581,0.38349409017916813,0.029849296037310874,0.15893246097680477,0.3243714350891795,0.049102943775550974
2073,0.27,0.05424977394198581,0.38349409017916813,0.029849296037310874,0.15893246097680477,0.3243714350891795,0.049102943775550974
2073,0.28,0.05424977394198581,0.38349409017916813,0.029849296037310874,0.15893246097680477,0.3243714350891795,0.049102943775550974
2073,0.29000000000000004,0.05424977394198581,0.38349409017916813,0.029849296037310874,0.15893246097680477,0.3243714350891795,0.049102943775550974
2073,0.3,0.05424977394198581,0.38349409017916813,0.029849296037310874,0.15893246097680477,0.3243714350891795,0.049102943775550974
2073,0.31,0.05424977394198581,0.38349409017916813,0.029849296037310874,0.15893246097680477,0.3243714350891795,0.049102943775550974
2073,0.32,0.05424977394198581,0.38349409017916813,0.029849296037310874,0.15893246097680477,0.3243714350891795,0.049102943775550974
2073,0.33,0.05424977394198581,0.38349409017916813,0.029849296037310874,0.15893246097680477,0.3243714350891795,0.049102943775550974
2073,0.34,0.05424977394198581,0.38349409017916813,0.029849296037310874,0.15893246097680477,0.3243714350891795,0.049102943775550974
2073,0.35000000000000003,0.05424977394198581,0.38349409017916813,0.029849296037310874,0.15893246097680477,0.3243714350891795,0.049102943775550974
2073,0.36000000000000004,0.05424977394198581,0.38349409017916813,0.029849296037310874,0.15893246097680477,0.3243714350891795,0.049102943775550974
2073,0.37,0.05424977394198581,0.38349409017916813,0.029849296037310874,0.15893246097680477,0.3243714350891795,0.049102943775550974
2073,0.38,0.05424977394198581,0.38349409017916813,0.029849296037310874,0.15893246097680477,0.3243714350891795,0.049102943775550974
2073,0.39,0.05424977394198581,0.38349409017916813,0.029849296037310874,0.15893246097680477,0.3243714350891795,0.049102943775550974
2073,0.4,0.05424977394198581,0.38349409017916813,0.029849296037310874,0.15893246097680477,0.3243714350891795,0.049102943775550974
2073,0.41000000000000003,0.05424977394198581,0.38349409017916813,0.029849296037310874,0.15893246097680477,0.3243714350891795,0.049102943775550974
2073,0.42000000000000004,0.05424977394198581,0.38349409017916813,0.029849296037310874,0.15893246097680477,0.3243714350891795,0.049102943775550974
2073,0.43,0.05424977394198581,0.38349409017916813,0.029849296037310874,0.15893246097680477,0.3243714350891795,0.049102943775550974
2073,0.44,0.05424977394198581,0.38349409017916813,0.029849296037310874,0.15893246097680477,0.3243714350891795,0.049102943775550974
2073,0.45,0.05424977394198581,0.38349409017916813,0.029849296037310874,0.15893246097680477,0.3243714350891795,0.049102943775550974
2073,0.46,0.05424977394198581,0.38349409017916813,0.029849296037310874,0.15893246097680477,0.3243714350891795,0.049102943775550974
2073,0.47000000000000003,0.05424977394198581,0.38349409017916813,0.029849296037310874,0.15893246097680477,0.3243714350891795,0.049102943775550974
2073,0.48000000000000004,0.05424977394198581,0.38349409017916813,0.029849296037310874,0.15893246097680477,0.3243714350891795,0.049102943775550974
2073,0.49,0.05424977394198581,0.38349409017916813,0.029849296037310874,0.15893246097680477,0.3243714350891795,0.049102943775550974
2073,0.5,0.05424977394198581,0.38349409017916813,0.029849296037310874,0.15893246097680477,0.3243714350891795,0.049102943775550974
2073,0.51,0.05424977394198581,0.38349409017916813,0.029849296037310874,0.15893246097680477,0.3243714350891795,0.049102943775550974
2073,0.52,0.05424977394198581,0.38349409017916813,0.029849296037310874,0.15893246097680477,0.3243714350891795,0.049102943775550974
2073,0.53,0.05424977394198581,0.38349409017916813,0.029849296037310874,0.15893246097680477,0.3243714350891795,0.049102943775550974
2073,0.54,0.05424977394198581,0.38349409017916813,0.029849296037310874,0.15893246097680477,0.3243714350891795,0.049102943775550974
2073,0.55,0.05424977394198581,0.38349409017916813,0.029849296037310874,0.15893246097680477,0.3243714350891795,0.049102943775550974
2073,0.56,0.05424977394198581,0.38349409017916813,0.029849296037310874,0.15893246097680477,0.3243714350891795,0.049102943775550974
2073,0.5700000000000001,0.05424977394198581,0.38349409017916813,0.029849296037310874,0.15893246097680477,0.3243714350891795,0.049102943775550974
2073,0.5800000000000001,0.05424977394198581,0.38349409017916813,0.029849296037310874,0.15893246097680477,0.3243714350891795,0.049102943775550974
2073,0.59,0.05424977394198581,0.38349409017916813,0.029849296037310874,0.15893246097680477,0.3243714350891795,0.049102943775550974
2073,0.6,0.05424977394198581,0.38349409017916813,0.029849296037310874,0.15893246097680477,0.3243714350891795,0.049102943775550974
2073,0.61,0.05424977394198581,0.38349409017916813,0.029849296037310874,0.15893246097680477,0.3243714350891795,0.049102943775550974
2073,0.62,0.05424977394198581,0.38349409017916813,0.029849296037310874,0.15893246097680477,0.3243714350891795,0.049102943775550974
2073,0.63,0.05424977394198581,0.38349409017916813,0.029849296037310874,0.15893246097680477,0.3243714350891795,0.049102943775550974
2073,0.64,0.05424977394198581,0.38349409017916813,0.029849296037310874,0.15893246097680477,0.3243714350891795,0.049102943775550974
2073,0.65,0.05424977394198581,0.38349409017916813,0.029849296037310874,0.15893246097680477,0.3243714350891795,0.049102943775550974
2073,0.66,0.05424977394198581,0.38349409017916813,0.029849296037310874,0.15893246097680477,0.3243714350891795,0.049102943775550974
2073,0.67,0.05424977394198581,0.38349409017916813,0.029849296037310874,0.15893246097680477,0.3243714350891795,0.049102943775550974
2073,0.68,0.05424977394198581,0.38349409017916813,0.029849296037310874,0.15893246097680477,0.3243714350891795,0.049102943775550974
2073,0.6900000000000001,0.05424977394198581,0.38349409017916813,0.029849296037310874,0.15893246097680477,0.3243714350891795,0.049102943775550974
2073,0.7000000000000001,0.05424977394198581,0.38349409017916813,0.029849296037310874,0.15893246097680477,0.3243714350891795,0.049102943775550974
2073,0.7100000000000001,0.05424977394198581,0.38349409017916813,0.029849296037310874,0.15893246097680477,0.3243714350891795,0.049102943775550974
2073,0.72,0.05424977394198581,0.38349409017916813,0.029849296037310874,0.15893246097680477,0.3243714350891795,0.049102943775550974
2073,0.73,0.05424977394198581,0.38349409017916813,0.029849296037310874,0.15893246097680477,0.3243714350891795,0.049102943775550974
2073,0.74,0.05424977394198581,0.38349409017916813,0.029849296037310874,0.15893246097680477,0.3243714350891795,0.049102943775550974
2073,0.75,0.05424977394198581,0.38349409017916813,0.029849296037310874,0.15893246097680477,0.3243714350891795,0.049102943775550974
2073,0.76,0.05424977394198581,0.38349409017916813,0.029849296037310874,0.15893246097680477,0.3243714350891795,0.049102943775550974
2073,0.77,0.05424977394198581,0.38349409017916813,0.029849296037310874,0.15893246097680477,0.3243714350891795,0.049102943775550974
2073,0.78,0.05424977394198581,0.38349409017916813,0.029849296037310874,0.15893246097680477,0.3243714350891795,0.049102943775550974
2073,0.79,0.05424977394198581,0.38349409017916813,0.029849296037310874,0.15893246097680477,0.3243714350891795,0.049102943775550974
2073,0.8,0.05424977394198581,0.38349409017916813,0.029849296037310874,0.15893246097680477,0.3243714350891795,0.049102943775550974
2073,0.81,0.05424977394198581,0.38349409017916813,0.029849296037310874,0.15893246097680477,0.3243714350891795,0.049102943775550974
2073,0.8200000000000001,0.05424977394198581,0.38349409017916813,0.029849296037310874,0.15893246097680477,0.3243714350891795,0.049102943775550974
2073,0.8300000000000001,0.05424977394198581,0.38349409017916813,0.029849296037310874,0.15893246097680477,0.3243714350891795,0.049102943775550974
2073,0.8400000000000001,0.05424977394198581,0.38349409017916813,0.029849296037310874,0.15893246097680477,0.3243714350891795,0.049102943775550974
2073,0.85,0.05424977394198581,0.38349409017916813,0.029849296037310874,0.15893246097680477,0.3243714350891795,0.049102943775550974
2073,0.86,0.05424977394198581,0.38349409017916813,0.029849296037310874,0.15893246097680477,0.3243714350891795,0.049102943775550974
2073,0.87,0.05424977394198581,0.38349409017916813,0.029849296037310874,0.15893246097680477,0.3243714350891795,0.049102943775550974
2073,0.88,0.05424977394198581,0.38349409017916813,0.029849296037310874,0.15893246097680477,0.3243714350891795,0.049102943775550974
2073,0.89,0.05424977394198581,0.38349409017916813,0.029849296037310874,0.15893246097680477,0.3243714350891795,0.049102943775550974
2073,0.9,0.05424977394198581,0.38349409017916813,0.029849296037310874,0.15893246097680477,0.3243714350891795,0.049102943775550974
2073,0.91,0.05424977394198581,0.38349409017916813,0.029849296037310874,0.15893246097680477,0.3243714350891795,0.049102943775550974
2073,0.92,0.05424977394198581,0.38349409017916813,0.029849296037310874,0.15893246097680477,0.3243714350891795,0.049102943775550974
2073,0.93,0.05424977394198581,0.38349409017916813,0.029849296037310874,0.15893246097680477,0.3243714350891795,0.049102943775550974
2073,0.9400000000000001,0.05424977394198581,0.38349409017916813,0.029849296037310874,0.15893246097680477,0.3243714350891795,0.049102943775550974
2073,0.9500000000000001,0.05424977394198581,0.38349409017916813,0.029849296037310874,0.15893246097680477,0.3243714350891795,0.049102943775550974
2073,0.9600000000000001,0.05424977394198581,0.38349409017916813,0.029849296037310874,0.15893246097680477,0.3243714350891795,0.049102943775550974
2073,0.97,0.05424977394198581,0.38349409017916813,0.029849296037310874,0.15893246097680477,0.3243714350891795,0.049102943775550974
2073,0.98,0.05424977394198581,0.38349409017916813,0.029849296037310874,0.15893246097680477,0.3243714350891795,0.049102943775550974
2073,0.99,0.05424977394198581,0.38349409017916813,0.029849296037310874,0.15893246097680477,0.3243714350891795,0.049102943775550974
2073,1.0,0.05424977394198581,0.38349409017916813,0.029849296037310874,0.15893246097680477,0.3243714350891795,0.049102943775550974
2074,0.01,0.273455705770776,0.02475203478065507,0.31719518262234014,0.15257499927318438,0.06569866884479736,0.1663234087082469
2074,0.02,0.273455705770776,0.02475203478065507,0.31719518262234014,0.15257499927318438,0.06569866884479736,0.1663234087082469
2074,0.03,0.273455705770776,0.02475203478065507,0.31719518262234014,0.15257499927318438,0.06569866884479736,0.1663234087082469
2074,0.04,0.273455705770776,0.02475203478065507,0.31719518262234014,0.15257499927318438,0.06569866884479736,0.1663234087082469
2074,0.05,0.273455705770776,0.02475203478065507,0.31719518262234014,0.15257499927318438,0.06569866884479736,0.1663234087082469
2074,0.060000000000000005,0.273455705770776,0.02475203478065507,0.31719518262234014,0.15257499927318438,0.06569866884479736,0.1663234087082469
2074,0.06999999999999999,0.273455705770776,0.02475203478065507,0.31719518262234014,0.15257499927318438,0.06569866884479736,0.1663234087082469
2074,0.08,0.273455705770776,0.02475203478065507,0.31719518262234014,0.15257499927318438,0.06569866884479736,0.1663234087082469
2074,0.09,0.273455705770776,0.02475203478065507,0.31719518262234014,0.15257499927318438,0.06569866884479736,0.1663234087082469
2074,0.09999999999999999,0.273455705770776,0.02475203478065507,0.31719518262234014,0.15257499927318438,0.06569866884479736,0.1663234087082469
2074,0.11,0.273455705770776,0.02475203478065507,0.31719518262234014,0.15257499927318438,0.06569866884479736,0.1663234087082469
2074,0.12,0.273455705770776,0.02475203478065507,0.31719518262234014,0.15257499927318438,0.06569866884479736,0.1663234087082469
2074,0.13,0.273455705770776,0.02475203478065507,0.31719518262234014,0.15257499927318438,0.06569866884479736,0.1663234087082469
2074,0.14,0.273455705770776,0.02475203478065507,0.31719518262234014,0.15257499927318438,0.06569866884479736,0.1663234087082469
2074,0.15000000000000002,0.273455705770776,0.02475203478065507,0.31719518262234014,0.15257499927318438,0.06569866884479736,0.1663234087082469
2074,0.16,0.273455705770776,0.02475203478065507,0.31719518262234014,0.15257499927318438,0.06569866884479736,0.1663234087082469
2074,0.17,0.273455705770776,0.02475203478065507,0.31719518262234014,0.15257499927318438,0.06569866884479736,0.1663234087082469
2074,0.18000000000000002,0.273455705770776,0.02475203478065507,0.31719518262234014,0.15257499927318438,0.06569866884479736,0.1663234087082469
2074,0.19,0.273455705770776,0.02475203478065507,0.31719518262234014,0.15257499927318438,0.06569866884479736,0.1663234087082469
2074,0.2,0.273455705770776,0.02475203478065507,0.31719518262234014,0.15257499927318438,0.06569866884479736,0.1663234087082469
2074,0.21000000000000002,0.273455705770776,0.02475203478065507,0.31719518262234014,0.15257499927318438,0.06569866884479736,0.1663234087082469
2074,0.22,0.273455705770776,0.02475203478065507,0.31719518262234014,0.15257499927318438,0.06569866884479736,0.1663234087082469
2074,0.23,0.273455705770776,0.02475203478065507,0.31719518262234014,0.15257499927318438,0.06569866884479736,0.1663234087082469
2074,0.24000000000000002,0.273455705770776,0.02475203478065507,0.31719518262234014,0.15257499927318438,0.06569866884479736,0.1663234087082469
2074,0.25,0.273455705770776,0.02475203478065507,0.31719518262234014,0.15257499927318438,0.06569866884479736,0.1663234087082469
2074,0.26,0.273455705770776,0.02475203478065507,0.31719518262234014,0.15257499927318438,0.06569866884479736,0.1663234087082469
2074,0.27,0.273455705770776,0.02475203478065507,0.31719518262234014,0.15257499927318438,0.06569866884479736,0.1663234087082469
2074,0.28,0.273455705770776,0.02475203478065507,0.31719518262234014,0.15257499927318438,0.06569866884479736,0.1663234087082469
2074,0.29000000000000004,0.273455705770776,0.02475203478065507,0.31719518262234014,0.15257499927318438,0.06569866884479736,0.1663234087082469
2074,0.3,0.273455705770776,0.02475203478065507,0.31719518262234014,0.15257499927318438,0.06569866884479736,0.1663234087082469
2074,0.31,0.273455705770776,0.02475203478065507,0.31719518262234014,0.15257499927318438,0.06569866884479736,0.1663234087082469
2074,0.32,0.273455705770776,0.02475203478065507,0.31719518262234014,0.15257499927318438,0.06569866884479736,0.1663234087082469
2074,0.33,0.273455705770776,0.02475203478065507,0.31719518262234014,0.15257499927318438,0.06569866884479736,0.1663234087082469
2074,0.34,0.273455705770776,0.02475203478065507,0.31719518262234014,0.15257499927318438,0.06569866884479736,0.1663234087082469
2074,0.35000000000000003,0.273455705770776,0.02475203478065507,0.31719518262234014,0.15257499927318438,0.06569866884479736,0.1663234087082469
2074,0.36000000000000004,0.273455705770776,0.02475203478065507,0.31719518262234014,0.15257499927318438,0.06569866884479736,0.1663234087082469
2074,0.37,0.273455705770776,0.02475203478065507,0.31719518262234014,0.15257499927318438,0.06569866884479736,0.1663234087082469
2074,0.38,0.273455705770776,0.02475203478065507,0.31719518262234014,0.15257499927318438,0.06569866884479736,0.1663234087082469
2074,0.39,0.273455705770776,0.02475203478065507,0.31719518262234014,0.15257499927318438,0.06569866884479736,0.1663234087082469
2074,0.4,0.273455705770776,0.02475203478065507,0.31719518262234014,0.15257499927318438,0.06569866884479736,0.1663234087082469
2074,0.41000000000000003,0.273455705770776,0.02475203478065507,0.31719518262234014,0.15257499927318438,0.06569866884479736,0.1663234087082469
2074,0.42000000000000004,0.273455705770776,0.02475203478065507,0.31719518262234014,0.15257499927318438,0.06569866884479736,0.1663234087082469
2074,0.43,0.273455705770776,0.02475203478065507,0.31719518262234014,0.15257499927318438,0.06569866884479736,0.1663234087082469
2074,0.44,0.273455705770776,0.02475203478065507,0.31719518262234014,0.15257499927318438,0.06569866884479736,0.1663234087082469
2074,0.45,0.273455705770776,0.02475203478065507,0.31719518262234014,0.15257499927318438,0.06569866884479736,0.1663234087082469
2074,0.46,0.273455705770776,0.02475203478065507,0.31719518262234014,0.15257499927318438,0.06569866884479736,0.1663234087082469
2074,0.47000000000000003,0.273455705770776,0.02475203478065507,0.31719518262234014,0.15257499927318438,0.06569866884479736,0.1663234087082469
2074,0.48000000000000004,0.273455705770776,0.02475203478065507,0.31719518262234014,0.15257499927318438,0.06569866884479736,0.1663234087082469
2074,0.49,0.273455705770776,0.02475203478065507,0.31719518262234014,0.15257499927318438,0.06569866884479736,0.1663234087082469
2074,0.5,0.273455705770776,0.02475203478065507,0.31719518262234014,0.15257499927318438,0.06569866884479736,0.1663234087082469
2074,0.51,0.273455705770776,0.02475203478065507,0.31719518262234014,0.15257499927318438,0.06569866884479736,0.1663234087082469
2074,0.52,0.273455705770776,0.02475203478065507,0.31719518262234014,0.15257499927318438,0.06569866884479736,0.1663234087082469
2074,0.53,0.273455705770776,0.02475203478065507,0.31719518262234014,0.15257499927318438,0.06569866884479736,0.1663234087082469
2074,0.54,0.273455705770776,0.02475203478065507,0.31719518262234014,0.15257499927318438,0.06569866884479736,0.1663234087082469
2074,0.55,0.273455705770776,0.02475203478065507,0.31719518262234014,0.15257499927318438,0.06569866884479736,0.1663234087082469
2074,0.56,0.273455705770776,0.02475203478065507,0.31719518262234014,0.15257499927318438,0.06569866884479736,0.1663234087082469
2074,0.5700000000000001,0.273455705770776,0.02475203478065507,0.31719518262234014,0.15257499927318438,0.06569866884479736,0.1663234087082469
2074,0.5800000000000001,0.273455705770776,0.02475203478065507,0.31719518262234014,0.15257499927318438,0.06569866884479736,0.1663234087082469
2074,0.59,0.273455705770776,0.02475203478065507,0.31719518262234014,0.15257499927318438,0.06569866884479736,0.1663234087082469
2074,0.6,0.273455705770776,0.02475203478065507,0.31719518262234014,0.15257499927318438,0.06569866884479736,0.1663234087082469
2074,0.61,0.273455705770776,0.02475203478065507,0.31719518262234014,0.15257499927318438,0.06569866884479736,0.1663234087082469
2074,0.62,0.273455705770776,0.02475203478065507,0.31719518262234014,0.15257499927318438,0.06569866884479736,0.1663234087082469
2074,0.63,0.273455705770776,0.02475203478065507,0.31719518262234014,0.15257499927318438,0.06569866884479736,0.1663234087082469
2074,0.64,0.273455705770776,0.02475203478065507,0.31719518262234014,0.15257499927318438,0.06569866884479736,0.1663234087082469
2074,0.65,0.273455705770776,0.02475203478065507,0.31719518262234014,0.15257499927318438,0.06569866884479736,0.1663234087082469
2074,0.66,0.273455705770776,0.02475203478065507,0.31719518262234014,0.15257499927318438,0.06569866884479736,0.1663234087082469
2074,0.67,0.273455705770776,0.02475203478065507,0.31719518262234014,0.15257499927318438,0.06569866884479736,0.1663234087082469
2074,0.68,0.273455705770776,0.02475203478065507,0.31719518262234014,0.15257499927318438,0.06569866884479736,0.1663234087082469
2074,0.6900000000000001,0.273455705770776,0.02475203478065507,0.31719518262234014,0.15257499927318438,0.06569866884479736,0.1663234087082469
2074,0.7000000000000001,0.273455705770776,0.02475203478065507,0.31719518262234014,0.15257499927318438,0.06569866884479736,0.1663234087082469
2074,0.7100000000000001,0.273455705770776,0.02475203478065507,0.31719518262234014,0.15257499927318438,0.06569866884479736,0.1663234087082469
2074,0.72,0.273455705770776,0.02475203478065507,0.31719518262234014,0.15257499927318438,0.06569866884479736,0.1663234087082469
2074,0.73,0.273455705770776,0.02475203478065507,0.31719518262234014,0.15257499927318438,0.06569866884479736,0.1663234087082469
2074,0.74,0.273455705770776,0.02475203478065507,0.31719518262234014,0.15257499927318438,0.06569866884479736,0.1663234087082469
2074,0.75,0.273455705770776,0.02475203478065507,0.31719518262234014,0.15257499927318438,0.06569866884479736,0.1663234087082469
2074,0.76,0.273455705770776,0.02475203478065507,0.31719518262234014,0.15257499927318438,0.06569866884479736,0.1663234087082469
2074,0.77,0.273455705770776,0.02475203478065507,0.31719518262234014,0.15257499927318438,0.06569866884479736,0.1663234087082469
2074,0.78,0.273455705770776,0.02475203478065507,0.31719518262234014,0.15257499927318438,0.06569866884479736,0.1663234087082469
2074,0.79,0.273455705770776,0.02475203478065507,0.31719518262234014,0.15257499927318438,0.06569866884479736,0.1663234087082469
2074,0.8,0.273455705770776,0.02475203478065507,0.31719518262234014,0.15257499927318438,0.06569866884479736,0.1663234087082469
2074,0.81,0.273455705770776,0.02475203478065507,0.31719518262234014,0.15257499927318438,0.06569866884479736,0.1663234087082469
2074,0.8200000000000001,0.273455705770776,0.02475203478065507,0.31719518262234014,0.15257499927318438,0.06569866884479736,0.1663234087082469
2074,0.8300000000000001,0.273455705770776,0.02475203478065507,0.31719518262234014,0.15257499927318438,0.06569866884479736,0.1663234087082469
2074,0.8400000000000001,0.273455705770776,0.02475203478065507,0.31719518262234014,0.15257499927318438,0.06569866884479736,0.1663234087082469
2074,0.85,0.273455705770776,0.02475203478065507,0.31719518262234014,0.15257499927318438,0.06569866884479736,0.1663234087082469
2074,0.86,0.273455705770776,0.02475203478065507,0.31719518262234014,0.15257499927318438,0.06569866884479736,0.1663234087082469
2074,0.87,0.273455705770776,0.02475203478065507,0.31719518262234014,0.15257499927318438,0.06569866884479736,0.1663234087082469
2074,0.88,0.273455705770776,0.02475203478065507,0.31719518262234014,0.15257499927318438,0.06569866884479736,0.1663234087082469
2074,0.89,0.273455705770776,0.02475203478065507,0.31719518262234014,0.15257499927318438,0.06569866884479736,0.1663234087082469
2074,0.9,0.273455705770776,0.02475203478065507,0.31719518262234014,0.15257499927318438,0.06569866884479736,0.1663234087082469
2074,0.91,0.273455705770776,0.02475203478065507,0.31719518262234014,0.15257499927318438,0.06569866884479736,0.1663234087082469
2074,0.92,0.273455705770776,0.02475203478065507,0.31719518262234014,0.15257499927318438,0.06569866884479736,0.1663234087082469
2074,0.93,0.273455705770776,0.02475203478065507,0.31719518262234014,0.15257499927318438,0.06569866884479736,0.1663234087082469
2074,0.9400000000000001,0.273455705770776,0.02475203478065507,0.31719518262234014,0.15257499927318438,0.06569866884479736,0.1663234087082469
2074,0.9500000000000001,0.273455705770776,0.02475203478065507,0.31719518262234014,0.15257499927318438,0.06569866884479736,0.1663234087082469
2074,0.9600000000000001,0.273455705770776,0.02475203478065507,0.31719518262234014,0.15257499927318438,0.06569866884479736,0.1663234087082469
2074,0.97,0.273455705770776,0.02475203478065507,0.31719518262234014,0.15257499927318438,0.06569866884479736,0.1663234087082469
2074,0.98,0.273455705770776,0.02475203478065507,0.31719518262234014,0.15257499927318438,0.06569866884479736,0.1663234087082469
2074,0.99,0.273455705770776,0.02475203478065507,0.31719518262234014,0.15257499927318438,0.06569866884479736,0.1663234087082469
2074,1.0,0.273455705770776,0.02475203478065507,0.31719518262234014,0.15257499927318438,0.06569866884479736,0.1663234087082469
2075,0.01,0.04549015316885692,0.17141060181688658,0.3076136357921077,0.19943083396830505,0.09076187180921605,0.18529290344462773
2075,0.02,0.04549015316885692,0.17141060181688658,0.3076136357921077,0.19943083396830505,0.09076187180921605,0.18529290344462773
2075,0.03,0.04549015316885692,0.17141060181688658,0.3076136357921077,0.19943083396830505,0.09076187180921605,0.18529290344462773
2075,0.04,0.04549015316885692,0.17141060181688658,0.3076136357921077,0.19943083396830505,0.09076187180921605,0.18529290344462773
2075,0.05,0.04549015316885692,0.17141060181688658,0.3076136357921077,0.19943083396830505,0.09076187180921605,0.18529290344462773
2075,0.060000000000000005,0.04549015316885692,0.17141060181688658,0.3076136357921077,0.19943083396830505,0.09076187180921605,0.18529290344462773
2075,0.06999999999999999,0.04549015316885692,0.17141060181688658,0.3076136357921077,0.19943083396830505,0.09076187180921605,0.18529290344462773
2075,0.08,0.04549015316885692,0.17141060181688658,0.3076136357921077,0.19943083396830505,0.09076187180921605,0.18529290344462773
2075,0.09,0.04549015316885692,0.17141060181688658,0.3076136357921077,0.19943083396830505,0.09076187180921605,0.18529290344462773
2075,0.09999999999999999,0.04549015316885692,0.17141060181688658,0.3076136357921077,0.19943083396830505,0.09076187180921605,0.18529290344462773
2075,0.11,0.04549015316885692,0.17141060181688658,0.3076136357921077,0.19943083396830505,0.09076187180921605,0.18529290344462773
2075,0.12,0.04549015316885692,0.17141060181688658,0.3076136357921077,0.19943083396830505,0.09076187180921605,0.18529290344462773
2075,0.13,0.04549015316885692,0.17141060181688658,0.3076136357921077,0.19943083396830505,0.09076187180921605,0.18529290344462773
2075,0.14,0.04549015316885692,0.17141060181688658,0.3076136357921077,0.19943083396830505,0.09076187180921605,0.18529290344462773
2075,0.15000000000000002,0.04549015316885692,0.17141060181688658,0.3076136357921077,0.19943083396830505,0.09076187180921605,0.18529290344462773
2075,0.16,0.04549015316885692,0.17141060181688658,0.3076136357921077,0.19943083396830505,0.09076187180921605,0.18529290344462773
2075,0.17,0.04549015316885692,0.17141060181688658,0.3076136357921077,0.19943083396830505,0.09076187180921605,0.18529290344462773
2075,0.18000000000000002,0.04549015316885692,0.17141060181688658,0.3076136357921077,0.19943083396830505,0.09076187180921605,0.18529290344462773
2075,0.19,0.04549015316885692,0.17141060181688658,0.3076136357921077,0.19943083396830505,0.09076187180921605,0.18529290344462773
2075,0.2,0.04549015316885692,0.17141060181688658,0.3076136357921077,0.19943083396830505,0.09076187180921605,0.18529290344462773
2075,0.21000000000000002,0.04549015316885692,0.17141060181688658,0.3076136357921077,0.19943083396830505,0.09076187180921605,0.18529290344462773
2075,0.22,0.04549015316885692,0.17141060181688658,0.3076136357921077,0.19943083396830505,0.09076187180921605,0.18529290344462773
2075,0.23,0.04549015316885692,0.17141060181688658,0.3076136357921077,0.19943083396830505,0.09076187180921605,0.18529290344462773
2075,0.24000000000000002,0.04549015316885692,0.17141060181688658,0.3076136357921077,0.19943083396830505,0.09076187180921605,0.18529290344462773
2075,0.25,0.04549015316885692,0.17141060181688658,0.3076136357921077,0.19943083396830505,0.09076187180921605,0.18529290344462773
2075,0.26,0.04549015316885692,0.17141060181688658,0.3076136357921077,0.19943083396830505,0.09076187180921605,0.18529290344462773
2075,0.27,0.04549015316885692,0.17141060181688658,0.3076136357921077,0.19943083396830505,0.09076187180921605,0.18529290344462773
2075,0.28,0.04549015316885692,0.17141060181688658,0.3076136357921077,0.19943083396830505,0.09076187180921605,0.18529290344462773
2075,0.29000000000000004,0.04549015316885692,0.17141060181688658,0.3076136357921077,0.19943083396830505,0.09076187180921605,0.18529290344462773
2075,0.3,0.04549015316885692,0.17141060181688658,0.3076136357921077,0.19943083396830505,0.09076187180921605,0.18529290344462773
2075,0.31,0.04549015316885692,0.17141060181688658,0.3076136357921077,0.19943083396830505,0.09076187180921605,0.18529290344462773
2075,0.32,0.04549015316885692,0.17141060181688658,0.3076136357921077,0.19943083396830505,0.09076187180921605,0.18529290344462773
2075,0.33,0.04549015316885692,0.17141060181688658,0.3076136357921077,0.19943083396830505,0.09076187180921605,0.18529290344462773
2075,0.34,0.04549015316885692,0.17141060181688658,0.3076136357921077,0.19943083396830505,0.09076187180921605,0.18529290344462773
2075,0.35000000000000003,0.04549015316885692,0.17141060181688658,0.3076136357921077,0.19943083396830505,0.09076187180921605,0.18529290344462773
2075,0.36000000000000004,0.04549015316885692,0.17141060181688658,0.3076136357921077,0.19943083396830505,0.09076187180921605,0.18529290344462773
2075,0.37,0.04549015316885692,0.17141060181688658,0.3076136357921077,0.19943083396830505,0.09076187180921605,0.18529290344462773
2075,0.38,0.04549015316885692,0.17141060181688658,0.3076136357921077,0.19943083396830505,0.09076187180921605,0.18529290344462773
2075,0.39,0.04549015316885692,0.17141060181688658,0.3076136357921077,0.19943083396830505,0.09076187180921605,0.18529290344462773
2075,0.4,0.04549015316885692,0.17141060181688658,0.3076136357921077,0.19943083396830505,0.09076187180921605,0.18529290344462773
2075,0.41000000000000003,0.04549015316885692,0.17141060181688658,0.3076136357921077,0.19943083396830505,0.09076187180921605,0.18529290344462773
2075,0.42000000000000004,0.04549015316885692,0.17141060181688658,0.3076136357921077,0.19943083396830505,0.09076187180921605,0.18529290344462773
2075,0.43,0.04549015316885692,0.17141060181688658,0.3076136357921077,0.19943083396830505,0.09076187180921605,0.18529290344462773
2075,0.44,0.04549015316885692,0.17141060181688658,0.3076136357921077,0.19943083396830505,0.09076187180921605,0.18529290344462773
2075,0.45,0.04549015316885692,0.17141060181688658,0.3076136357921077,0.19943083396830505,0.09076187180921605,0.18529290344462773
2075,0.46,0.04549015316885692,0.17141060181688658,0.3076136357921077,0.19943083396830505,0.09076187180921605,0.18529290344462773
2075,0.47000000000000003,0.04549015316885692,0.17141060181688658,0.3076136357921077,0.19943083396830505,0.09076187180921605,0.18529290344462773
2075,0.48000000000000004,0.04549015316885692,0.17141060181688658,0.3076136357921077,0.19943083396830505,0.09076187180921605,0.18529290344462773
2075,0.49,0.04549015316885692,0.17141060181688658,0.3076136357921077,0.19943083396830505,0.09076187180921605,0.18529290344462773
2075,0.5,0.04549015316885692,0.17141060181688658,0.3076136357921077,0.19943083396830505,0.09076187180921605,0.18529290344462773
2075,0.51,0.04549015316885692,0.17141060181688658,0.3076136357921077,0.19943083396830505,0.09076187180921605,0.18529290344462773
2075,0.52,0.04549015316885692,0.17141060181688658,0.3076136357921077,0.19943083396830505,0.09076187180921605,0.18529290344462773
2075,0.53,0.04549015316885692,0.17141060181688658,0.3076136357921077,0.19943083396830505,0.09076187180921605,0.18529290344462773
2075,0.54,0.04549015316885692,0.17141060181688658,0.3076136357921077,0.19943083396830505,0.09076187180921605,0.18529290344462773
2075,0.55,0.04549015316885692,0.17141060181688658,0.3076136357921077,0.19943083396830505,0.09076187180921605,0.18529290344462773
2075,0.56,0.04549015316885692,0.17141060181688658,0.3076136357921077,0.19943083396830505,0.09076187180921605,0.18529290344462773
2075,0.5700000000000001,0.04549015316885692,0.17141060181688658,0.3076136357921077,0.19943083396830505,0.09076187180921605,0.18529290344462773
2075,0.5800000000000001,0.04549015316885692,0.17141060181688658,0.3076136357921077,0.19943083396830505,0.09076187180921605,0.18529290344462773
2075,0.59,0.04549015316885692,0.17141060181688658,0.3076136357921077,0.19943083396830505,0.09076187180921605,0.18529290344462773
2075,0.6,0.04549015316885692,0.17141060181688658,0.3076136357921077,0.19943083396830505,0.09076187180921605,0.18529290344462773
2075,0.61,0.04549015316885692,0.17141060181688658,0.3076136357921077,0.19943083396830505,0.09076187180921605,0.18529290344462773
2075,0.62,0.04549015316885692,0.17141060181688658,0.3076136357921077,0.19943083396830505,0.09076187180921605,0.18529290344462773
2075,0.63,0.04549015316885692,0.17141060181688658,0.3076136357921077,0.19943083396830505,0.09076187180921605,0.18529290344462773
2075,0.64,0.04549015316885692,0.17141060181688658,0.3076136357921077,0.19943083396830505,0.09076187180921605,0.18529290344462773
2075,0.65,0.04549015316885692,0.17141060181688658,0.3076136357921077,0.19943083396830505,0.09076187180921605,0.18529290344462773
2075,0.66,0.04549015316885692,0.17141060181688658,0.3076136357921077,0.19943083396830505,0.09076187180921605,0.18529290344462773
2075,0.67,0.04549015316885692,0.17141060181688658,0.3076136357921077,0.19943083396830505,0.09076187180921605,0.18529290344462773
2075,0.68,0.04549015316885692,0.17141060181688658,0.3076136357921077,0.19943083396830505,0.09076187180921605,0.18529290344462773
2075,0.6900000000000001,0.04549015316885692,0.17141060181688658,0.3076136357921077,0.19943083396830505,0.09076187180921605,0.18529290344462773
2075,0.7000000000000001,0.04549015316885692,0.17141060181688658,0.3076136357921077,0.19943083396830505,0.09076187180921605,0.18529290344462773
2075,0.7100000000000001,0.04549015316885692,0.17141060181688658,0.3076136357921077,0.19943083396830505,0.09076187180921605,0.18529290344462773
2075,0.72,0.04549015316885692,0.17141060181688658,0.3076136357921077,0.19943083396830505,0.09076187180921605,0.18529290344462773
2075,0.73,0.04549015316885692,0.17141060181688658,0.3076136357921077,0.19943083396830505,0.09076187180921605,0.18529290344462773
2075,0.74,0.04549015316885692,0.17141060181688658,0.3076136357921077,0.19943083396830505,0.09076187180921605,0.18529290344462773
2075,0.75,0.04549015316885692,0.17141060181688658,0.3076136357921077,0.19943083396830505,0.09076187180921605,0.18529290344462773
2075,0.76,0.04549015316885692,0.17141060181688658,0.3076136357921077,0.19943083396830505,0.09076187180921605,0.18529290344462773
2075,0.77,0.04549015316885692,0.17141060181688658,0.3076136357921077,0.19943083396830505,0.09076187180921605,0.18529290344462773
2075,0.78,0.04549015316885692,0.17141060181688658,0.3076136357921077,0.19943083396830505,0.09076187180921605,0.18529290344462773
2075,0.79,0.04549015316885692,0.17141060181688658,0.3076136357921077,0.19943083396830505,0.09076187180921605,0.18529290344462773
2075,0.8,0.04549015316885692,0.17141060181688658,0.3076136357921077,0.19943083396830505,0.09076187180921605,0.18529290344462773
2075,0.81,0.04549015316885692,0.17141060181688658,0.3076136357921077,0.19943083396830505,0.09076187180921605,0.18529290344462773
2075,0.8200000000000001,0.04549015316885692,0.17141060181688658,0.3076136357921077,0.19943083396830505,0.09076187180921605,0.18529290344462773
2075,0.8300000000000001,0.04549015316885692,0.17141060181688658,0.3076136357921077,0.19943083396830505,0.09076187180921605,0.18529290344462773
2075,0.8400000000000001,0.04549015316885692,0.17141060181688658,0.3076136357921077,0.19943083396830505,0.09076187180921605,0.18529290344462773
2075,0.85,0.04549015316885692,0.17141060181688658,0.3076136357921077,0.19943083396830505,0.09076187180921605,0.18529290344462773
2075,0.86,0.04549015316885692,0.17141060181688658,0.3076136357921077,0.19943083396830505,0.09076187180921605,0.18529290344462773
2075,0.87,0.04549015316885692,0.17141060181688658,0.3076136357921077,0.19943083396830505,0.09076187180921605,0.18529290344462773
2075,0.88,0.04549015316885692,0.17141060181688658,0.3076136357921077,0.19943083396830505,0.09076187180921605,0.18529290344462773
2075,0.89,0.04549015316885692,0.17141060181688658,0.3076136357921077,0.19943083396830505,0.09076187180921605,0.18529290344462773
2075,0.9,0.04549015316885692,0.17141060181688658,0.3076136357921077,0.19943083396830505,0.09076187180921605,0.18529290344462773
2075,0.91,0.04549015316885692,0.17141060181688658,0.3076136357921077,0.19943083396830505,0.09076187180921605,0.18529290344462773
2075,0.92,0.04549015316885692,0.17141060181688658,0.3076136357921077,0.19943083396830505,0.09076187180921605,0.18529290344462773
2075,0.93,0.04549015316885692,0.17141060181688658,0.3076136357921077,0.19943083396830505,0.09076187180921605,0.18529290344462773
2075,0.9400000000000001,0.04549015316885692,0.17141060181688658,0.3076136357921077,0.19943083396830505,0.09076187180921605,0.18529290344462773
2075,0.9500000000000001,0.04549015316885692,0.17141060181688658,0.3076136357921077,0.19943083396830505,0.09076187180921605,0.18529290344462773
2075,0.9600000000000001,0.04549015316885692,0.17141060181688658,0.3076136357921077,0.19943083396830505,0.09076187180921605,0.18529290344462773
2075,0.97,0.04549015316885692,0.17141060181688658,0.3076136357921077,0.19943083396830505,0.09076187180921605,0.18529290344462773
2075,0.98,0.04549015316885692,0.17141060181688658,0.3076136357921077,0.19943083396830505,0.09076187180921605,0.18529290344462773
2075,0.99,0.04549015316885692,0.17141060181688658,0.3076136357921077,0.19943083396830505,0.09076187180921605,0.18529290344462773
2075,1.0,0.04549015316885692,0.17141060181688658,0.3076136357921077,0.19943083396830505,0.09076187180921605,0.18529290344462773
