Year,Allocation Level,0,1,2,3,4,5
2025,0.01,0.13661401845232501,0.16691489241175367,0.11063985831225782,0.31739740659525434,0.06904101708099664,0.19939280714741242
2025,0.02,0.13661401845232501,0.16691489241175367,0.11063985831225782,0.31739740659525434,0.06904101708099664,0.19939280714741242
2025,0.03,0.13661401845232501,0.16691489241175367,0.11063985831225782,0.31739740659525434,0.06904101708099664,0.19939280714741242
2025,0.04,0.13661401845232501,0.16691489241175367,0.11063985831225782,0.31739740659525434,0.06904101708099664,0.19939280714741242
2025,0.05,0.13661401845232501,0.16691489241175367,0.11063985831225782,0.31739740659525434,0.06904101708099664,0.19939280714741242
2025,0.060000000000000005,0.13661401845232501,0.16691489241175367,0.11063985831225782,0.31739740659525434,0.06904101708099664,0.19939280714741242
2025,0.06999999999999999,0.13661401845232501,0.16691489241175367,0.11063985831225782,0.31739740659525434,0.06904101708099664,0.19939280714741242
2025,0.08,0.13661401845232501,0.16691489241175367,0.11063985831225782,0.31739740659525434,0.06904101708099664,0.19939280714741242
2025,0.09,0.13661401845232501,0.16691489241175367,0.11063985831225782,0.31739740659525434,0.06904101708099664,0.19939280714741242
2025,0.09999999999999999,0.13661401845232501,0.16691489241175367,0.11063985831225782,0.31739740659525434,0.06904101708099664,0.19939280714741242
2025,0.11,0.13661401845232501,0.16691489241175367,0.11063985831225782,0.31739740659525434,0.06904101708099664,0.19939280714741242
2025,0.12,0.13661401845232501,0.16691489241175367,0.11063985831225782,0.31739740659525434,0.06904101708099664,0.19939280714741242
2025,0.13,0.13661401845232501,0.16691489241175367,0.11063985831225782,0.31739740659525434,0.06904101708099664,0.19939280714741242
2025,0.14,0.13661401845232501,0.16691489241175367,0.11063985831225782,0.31739740659525434,0.06904101708099664,0.19939280714741242
2025,0.15000000000000002,0.13661401845232501,0.16691489241175367,0.11063985831225782,0.31739740659525434,0.06904101708099664,0.19939280714741242
2025,0.16,0.13661401845232501,0.16691489241175367,0.11063985831225782,0.31739740659525434,0.06904101708099664,0.19939280714741242
2025,0.17,0.13661401845232501,0.16691489241175367,0.11063985831225782,0.31739740659525434,0.06904101708099664,0.19939280714741242
2025,0.18000000000000002,0.13661401845232501,0.16691489241175367,0.11063985831225782,0.31739740659525434,0.06904101708099664,0.19939280714741242
2025,0.19,0.13661401845232501,0.16691489241175367,0.11063985831225782,0.31739740659525434,0.06904101708099664,0.19939280714741242
2025,0.2,0.13661401845232501,0.16691489241175367,0.11063985831225782,0.31739740659525434,0.06904101708099664,0.19939280714741242
2025,0.21000000000000002,0.13661401845232501,0.16691489241175367,0.11063985831225782,0.31739740659525434,0.06904101708099664,0.19939280714741242
2025,0.22,0.13661401845232501,0.16691489241175367,0.11063985831225782,0.31739740659525434,0.06904101708099664,0.19939280714741242
2025,0.23,0.13661401845232501,0.16691489241175367,0.11063985831225782,0.31739740659525434,0.06904101708099664,0.19939280714741242
2025,0.24000000000000002,0.13661401845232501,0.16691489241175367,0.11063985831225782,0.31739740659525434,0.06904101708099664,0.19939280714741242
2025,0.25,0.13661401845232501,0.16691489241175367,0.11063985831225782,0.31739740659525434,0.06904101708099664,0.19939280714741242
2025,0.26,0.13661401845232501,0.16691489241175367,0.11063985831225782,0.31739740659525434,0.06904101708099664,0.19939280714741242
2025,0.27,0.13661401845232501,0.16691489241175367,0.11063985831225782,0.31739740659525434,0.06904101708099664,0.19939280714741242
2025,0.28,0.13661401845232501,0.16691489241175367,0.11063985831225782,0.31739740659525434,0.06904101708099664,0.19939280714741242
2025,0.29000000000000004,0.13661401845232501,0.16691489241175367,0.11063985831225782,0.31739740659525434,0.06904101708099664,0.19939280714741242
2025,0.3,0.13661401845232501,0.16691489241175367,0.11063985831225782,0.31739740659525434,0.06904101708099664,0.19939280714741242
2025,0.31,0.13661401845232501,0.16691489241175367,0.11063985831225782,0.31739740659525434,0.06904101708099664,0.19939280714741242
2025,0.32,0.13661401845232501,0.16691489241175367,0.11063985831225782,0.31739740659525434,0.06904101708099664,0.19939280714741242
2025,0.33,0.13661401845232501,0.16691489241175367,0.11063985831225782,0.31739740659525434,0.06904101708099664,0.19939280714741242
2025,0.34,0.13661401845232501,0.16691489241175367,0.11063985831225782,0.31739740659525434,0.06904101708099664,0.19939280714741242
2025,0.35000000000000003,0.13661401845232501,0.16691489241175367,0.11063985831225782,0.31739740659525434,0.06904101708099664,0.19939280714741242
2025,0.36000000000000004,0.13661401845232501,0.16691489241175367,0.11063985831225782,0.31739740659525434,0.06904101708099664,0.19939280714741242
2025,0.37,0.13661401845232501,0.16691489241175367,0.11063985831225782,0.31739740659525434,0.06904101708099664,0.19939280714741242
2025,0.38,0.13661401845232501,0.16691489241175367,0.11063985831225782,0.31739740659525434,0.06904101708099664,0.19939280714741242
2025,0.39,0.13661401845232501,0.16691489241175367,0.11063985831225782,0.31739740659525434,0.06904101708099664,0.19939280714741242
2025,0.4,0.13661401845232501,0.16691489241175367,0.11063985831225782,0.31739740659525434,0.06904101708099664,0.19939280714741242
2025,0.41000000000000003,0.13661401845232501,0.16691489241175367,0.11063985831225782,0.31739740659525434,0.06904101708099664,0.19939280714741242
2025,0.42000000000000004,0.13661401845232501,0.16691489241175367,0.11063985831225782,0.31739740659525434,0.06904101708099664,0.19939280714741242
2025,0.43,0.13661401845232501,0.16691489241175367,0.11063985831225782,0.31739740659525434,0.06904101708099664,0.19939280714741242
2025,0.44,0.13661401845232501,0.16691489241175367,0.11063985831225782,0.31739740659525434,0.06904101708099664,0.19939280714741242
2025,0.45,0.13661401845232501,0.16691489241175367,0.11063985831225782,0.31739740659525434,0.06904101708099664,0.19939280714741242
2025,0.46,0.13661401845232501,0.16691489241175367,0.11063985831225782,0.31739740659525434,0.06904101708099664,0.19939280714741242
2025,0.47000000000000003,0.13661401845232501,0.16691489241175367,0.11063985831225782,0.31739740659525434,0.06904101708099664,0.19939280714741242
2025,0.48000000000000004,0.13661401845232501,0.16691489241175367,0.11063985831225782,0.31739740659525434,0.06904101708099664,0.19939280714741242
2025,0.49,0.13661401845232501,0.16691489241175367,0.11063985831225782,0.31739740659525434,0.06904101708099664,0.19939280714741242
2025,0.5,0.13661401845232501,0.16691489241175367,0.11063985831225782,0.31739740659525434,0.06904101708099664,0.19939280714741242
2025,0.51,0.13661401845232501,0.16691489241175367,0.11063985831225782,0.31739740659525434,0.06904101708099664,0.19939280714741242
2025,0.52,0.13661401845232501,0.16691489241175367,0.11063985831225782,0.31739740659525434,0.06904101708099664,0.19939280714741242
2025,0.53,0.13661401845232501,0.16691489241175367,0.11063985831225782,0.31739740659525434,0.06904101708099664,0.19939280714741242
2025,0.54,0.13661401845232501,0.16691489241175367,0.11063985831225782,0.31739740659525434,0.06904101708099664,0.19939280714741242
2025,0.55,0.13661401845232501,0.16691489241175367,0.11063985831225782,0.31739740659525434,0.06904101708099664,0.19939280714741242
2025,0.56,0.13661401845232501,0.16691489241175367,0.11063985831225782,0.31739740659525434,0.06904101708099664,0.19939280714741242
2025,0.5700000000000001,0.13661401845232501,0.16691489241175367,0.11063985831225782,0.31739740659525434,0.06904101708099664,0.19939280714741242
2025,0.5800000000000001,0.13661401845232501,0.16691489241175367,0.11063985831225782,0.31739740659525434,0.06904101708099664,0.19939280714741242
2025,0.59,0.13661401845232501,0.16691489241175367,0.11063985831225782,0.31739740659525434,0.06904101708099664,0.19939280714741242
2025,0.6,0.13661401845232501,0.16691489241175367,0.11063985831225782,0.31739740659525434,0.06904101708099664,0.19939280714741242
2025,0.61,0.13661401845232501,0.16691489241175367,0.11063985831225782,0.31739740659525434,0.06904101708099664,0.19939280714741242
2025,0.62,0.13661401845232501,0.16691489241175367,0.11063985831225782,0.31739740659525434,0.06904101708099664,0.19939280714741242
2025,0.63,0.13661401845232501,0.16691489241175367,0.11063985831225782,0.31739740659525434,0.06904101708099664,0.19939280714741242
2025,0.64,0.13661401845232501,0.16691489241175367,0.11063985831225782,0.31739740659525434,0.06904101708099664,0.19939280714741242
2025,0.65,0.13661401845232501,0.16691489241175367,0.11063985831225782,0.31739740659525434,0.06904101708099664,0.19939280714741242
2025,0.66,0.13661401845232501,0.16691489241175367,0.11063985831225782,0.31739740659525434,0.06904101708099664,0.19939280714741242
2025,0.67,0.13661401845232501,0.16691489241175367,0.11063985831225782,0.31739740659525434,0.06904101708099664,0.19939280714741242
2025,0.68,0.13661401845232501,0.16691489241175367,0.11063985831225782,0.31739740659525434,0.06904101708099664,0.19939280714741242
2025,0.6900000000000001,0.13661401845232501,0.16691489241175367,0.11063985831225782,0.31739740659525434,0.06904101708099664,0.19939280714741242
2025,0.7000000000000001,0.13661401845232501,0.16691489241175367,0.11063985831225782,0.31739740659525434,0.06904101708099664,0.19939280714741242
2025,0.7100000000000001,0.13661401845232501,0.16691489241175367,0.11063985831225782,0.31739740659525434,0.06904101708099664,0.19939280714741242
2025,0.72,0.13661401845232501,0.16691489241175367,0.11063985831225782,0.31739740659525434,0.06904101708099664,0.19939280714741242
2025,0.73,0.13661401845232501,0.16691489241175367,0.11063985831225782,0.31739740659525434,0.06904101708099664,0.19939280714741242
2025,0.74,0.13661401845232501,0.16691489241175367,0.11063985831225782,0.31739740659525434,0.06904101708099664,0.19939280714741242
2025,0.75,0.13661401845232501,0.16691489241175367,0.11063985831225782,0.31739740659525434,0.06904101708099664,0.19939280714741242
2025,0.76,0.13661401845232501,0.16691489241175367,0.11063985831225782,0.31739740659525434,0.06904101708099664,0.19939280714741242
2025,0.77,0.13661401845232501,0.16691489241175367,0.11063985831225782,0.31739740659525434,0.06904101708099664,0.19939280714741242
2025,0.78,0.13661401845232501,0.16691489241175367,0.11063985831225782,0.31739740659525434,0.06904101708099664,0.19939280714741242
2025,0.79,0.13661401845232501,0.16691489241175367,0.11063985831225782,0.31739740659525434,0.06904101708099664,0.19939280714741242
2025,0.8,0.13661401845232501,0.16691489241175367,0.11063985831225782,0.31739740659525434,0.06904101708099664,0.19939280714741242
2025,0.81,0.13661401845232501,0.16691489241175367,0.11063985831225782,0.31739740659525434,0.06904101708099664,0.19939280714741242
2025,0.8200000000000001,0.13661401845232501,0.16691489241175367,0.11063985831225782,0.31739740659525434,0.06904101708099664,0.19939280714741242
2025,0.8300000000000001,0.13661401845232501,0.16691489241175367,0.11063985831225782,0.31739740659525434,0.06904101708099664,0.19939280714741242
2025,0.8400000000000001,0.13661401845232501,0.16691489241175367,0.11063985831225782,0.31739740659525434,0.06904101708099664,0.19939280714741242
2025,0.85,0.13661401845232501,0.16691489241175367,0.11063985831225782,0.31739740659525434,0.06904101708099664,0.19939280714741242
2025,0.86,0.13661401845232501,0.16691489241175367,0.11063985831225782,0.31739740659525434,0.06904101708099664,0.19939280714741242
2025,0.87,0.13661401845232501,0.16691489241175367,0.11063985831225782,0.31739740659525434,0.06904101708099664,0.19939280714741242
2025,0.88,0.13661401845232501,0.16691489241175367,0.11063985831225782,0.31739740659525434,0.06904101708099664,0.19939280714741242
2025,0.89,0.13661401845232501,0.16691489241175367,0.11063985831225782,0.31739740659525434,0.06904101708099664,0.19939280714741242
2025,0.9,0.13661401845232501,0.16691489241175367,0.11063985831225782,0.31739740659525434,0.06904101708099664,0.19939280714741242
2025,0.91,0.13661401845232501,0.16691489241175367,0.11063985831225782,0.31739740659525434,0.06904101708099664,0.19939280714741242
2025,0.92,0.13661401845232501,0.16691489241175367,0.11063985831225782,0.31739740659525434,0.06904101708099664,0.19939280714741242
2025,0.93,0.13661401845232501,0.16691489241175367,0.11063985831225782,0.31739740659525434,0.06904101708099664,0.19939280714741242
2025,0.9400000000000001,0.13661401845232501,0.16691489241175367,0.11063985831225782,0.31739740659525434,0.06904101708099664,0.19939280714741242
2025,0.9500000000000001,0.13661401845232501,0.16691489241175367,0.11063985831225782,0.31739740659525434,0.06904101708099664,0.19939280714741242
2025,0.9600000000000001,0.13661401845232501,0.16691489241175367,0.11063985831225782,0.31739740659525434,0.06904101708099664,0.19939280714741242
2025,0.97,0.13661401845232501,0.16691489241175367,0.11063985831225782,0.31739740659525434,0.06904101708099664,0.19939280714741242
2025,0.98,0.13661401845232501,0.16691489241175367,0.11063985831225782,0.31739740659525434,0.06904101708099664,0.19939280714741242
2025,0.99,0.13661401845232501,0.16691489241175367,0.11063985831225782,0.31739740659525434,0.06904101708099664,0.19939280714741242
2025,1.0,0.13661401845232501,0.16691489241175367,0.11063985831225782,0.31739740659525434,0.06904101708099664,0.19939280714741242
2026,0.01,1.0,0.0,0.0,0.0,0.0,0.0
2026,0.02,1.0,0.0,0.0,0.0,0.0,3.510351218898231e-17
2026,0.03,1.0,0.0,0.0,0.0,0.0,0.0
2026,0.04,1.0,0.0,0.0,0.0,0.0,0.0
2026,0.05,1.0,0.0,0.0,0.0,0.0,0.0
2026,0.060000000000000005,1.0,0.0,0.0,0.0,0.0,0.0
2026,0.06999999999999999,1.0,0.0,0.0,0.0,0.0,0.0
2026,0.08,1.0,0.0,0.0,0.0,0.0,0.0
2026,0.09,0.9999999999999994,1.6395249959080303e-16,4.849783940032953e-19,1.9091552139668412e-16,2.2154379943944585e-16,4.152706416190889e-18
2026,0.09999999999999999,0.9999999999999998,1.9568042941872782e-16,2.23859761134089e-16,0.0,0.0,0.0
2026,0.11,0.9999999999999999,0.0,3.8475817640162587e-17,9.909929028211924e-17,1.8853346979125882e-19,7.744911116724738e-17
2026,0.12,1.0,0.0,0.0,0.0,0.0,0.0
2026,0.13,1.0,0.0,0.0,0.0,0.0,0.0
2026,0.14,1.0,0.0,0.0,0.0,0.0,0.0
2026,0.15000000000000002,1.0,0.0,0.0,0.0,8.230059746901282e-17,3.779157730822456e-16
2026,0.16,0.9999999999999882,1.0776107775216091e-14,0.0,3.85879231468478e-16,2.1742427089592778e-16,2.701324311757797e-16
2026,0.17,0.999999999999994,4.775595496657736e-15,9.84500943119623e-16,0.0,6.766189757797359e-16,0.0
2026,0.18000000000000002,0.9999999999999895,1.283314155677105e-14,0.0,0.0,0.0,0.0
2026,0.19,1.0,0.0,0.0,1.7510797506679775e-16,8.509174593071021e-16,0.0
2026,0.2,1.0,0.0,8.133942566703534e-16,1.0727422360388333e-16,4.25726421391324e-16,0.0
2026,0.21000000000000002,1.0,6.896705428971472e-13,0.0,0.0,0.0,0.0
2026,0.22,1.0,0.0,9.870826781282466e-17,2.931932877738745e-17,0.0,0.0
2026,0.23,1.0,0.0,8.080725893860454e-17,0.0,3.9173895514555324e-17,0.0
2026,0.24000000000000002,1.0,2.0472512574087887e-13,0.0,0.0,0.0,0.0
2026,0.25,0.9999999999976243,0.0,1.045261099896777e-12,4.441585987891017e-13,7.765593723618736e-13,1.8865464745942973e-13
2026,0.26,0.9999999999994122,0.0,2.365330153963896e-13,1.1541809175064088e-13,2.0779558629335781e-13,4.8655524054197485e-14
2026,0.27,1.0,1.1035616864774056e-13,0.0,0.0,0.0,0.0
2026,0.28,1.0,0.0,5.896851525821886e-15,2.946434600210185e-15,3.98628443351156e-15,1.1240309322148225e-15
2026,0.29000000000000004,1.0,0.0,0.0,4.667567324549528e-16,9.327512075839815e-17,1.2454679333984835e-16
2026,0.3,0.9999999999998693,1.7398082041712628e-13,0.0,0.0,0.0,0.0
2026,0.31,0.9999999999999999,1.0061869055194636e-14,1.8101089735117862e-16,0.0,8.953715506930773e-17,8.44321153553906e-17
2026,0.32,1.0,0.0,2.824571468678317e-17,2.8358679937976376e-17,7.872243713213817e-17,3.2729371245548415e-17
2026,0.33,0.9999999999999845,1.4700335479363887e-14,3.0741753565115047e-16,1.7704914043536617e-16,0.0,3.559738315834634e-16
2026,0.34,1.0,0.0,0.0,7.695502635894512e-17,0.0,4.99388117854135e-17
2026,0.35000000000000003,1.0,5.38927012573184e-14,0.0,0.0,5.553949105942935e-17,0.0
2026,0.36000000000000004,1.0,1.1807850553917476e-15,0.0,0.0,1.7253803733765578e-17,0.0
2026,0.37,0.9999999999999495,0.0,2.8788337935795916e-16,1.2310774265930943e-16,2.918052468781362e-16,1.3425016301753824e-17
2026,0.38,1.0,0.0,0.0,1.699650615400245e-16,0.0,6.949644670808413e-17
2026,0.39,0.9999999999999939,1.1034320680033375e-14,0.0,0.0,0.0,0.0
2026,0.4,0.9999999999999725,0.0,1.2587153541687712e-14,7.049916206369744e-15,1.7333356971960256e-14,6.5503158452884236e-15
2026,0.41000000000000003,0.9999999999999862,5.812017533912694e-14,7.271960811294775e-15,3.524958103184872e-15,7.743805596760467e-15,3.1225022567582528e-15
2026,0.42000000000000004,1.0,1.2323475573339238e-14,0.0,0.0,0.0,0.0
2026,0.43,0.9999999999999865,5.934142066621462e-14,4.468647674116255e-15,2.7755575615628914e-15,7.729927808952652e-15,2.0122792321330962e-15
2026,0.44,1.0,6.056266599330229e-14,0.0,0.0,0.0,0.0
2026,0.45,1.0,0.0,0.0,1.0824674490095276e-15,0.0,0.0
2026,0.46,0.9999999999999847,1.869060461956451e-13,6.2450045135165055e-15,3.847616669716558e-15,7.153999614928352e-15,2.473715676742927e-15
2026,0.47000000000000003,0.9999999999995601,0.0,5.509481759702339e-15,2.9178048865929895e-15,5.856426454897701e-15,2.4494295480792516e-15
2026,0.48000000000000004,0.9999999999999863,0.0,6.9562411386669964e-15,4.81906181626357e-15,1.078998002057574e-14,3.875372245332187e-15
2026,0.49,0.9999999999999971,0.0,1.6653345369377348e-15,1.0130785099704553e-15,3.5388358909926865e-15,7.494005416219807e-16
2026,0.5,1.0,0.0,0.0,0.0,0.0,0.0
2026,0.51,0.9999999999999966,0.0,1.5126788710517758e-15,1.2906342661267445e-15,3.094746681142624e-15,9.298117831235686e-16
2026,0.52,1.0,0.0,0.0,0.0,0.0,0.0
2026,0.53,0.9999999999999989,7.157052728246072e-13,2.6020852139652106e-16,0.0,9.055256544598933e-16,3.157196726277789e-16
2026,0.54,0.9999999999999999,0.0,0.0,2.983724378680108e-16,1.8665624601510444e-15,1.4814538484841933e-15
2026,0.55,1.0,0.0,4.961309141293668e-16,3.191891195797325e-16,0.0,0.0
2026,0.56,1.0,5.551115123125783e-16,0.0,0.0,0.0,0.0
2026,0.5700000000000001,0.9999999999999969,0.0,1.6237011735142914e-15,8.881784197001252e-16,2.609024107869118e-15,1.1032841307212493e-15
2026,0.5800000000000001,1.0,2.930988785010413e-14,0.0,0.0,0.0,0.0
2026,0.59,0.9999999999999997,0.0,8.881784197001252e-16,9.367506770274758e-16,1.6583956430338276e-15,7.7021722333370235e-16
2026,0.6,1.0,2.1316282072803006e-14,0.0,0.0,0.0,0.0
2026,0.61,1.0,1.7208456881689926e-15,0.0,0.0,0.0,0.0
2026,0.62,1.0,2.0761170560490427e-13,0.0,0.0,0.0,0.0
2026,0.63,0.9999999999999989,0.0,3.608224830031759e-16,7.7021722333370235e-16,2.4980018054066022e-15,6.661338147750939e-16
2026,0.64,0.9999999999998107,0.0,2.636779683484747e-16,8.743006318923108e-16,1.5959455978986625e-15,7.632783294297951e-16
2026,0.65,0.9999999999999991,2.2926105458509483e-14,1.0269562977782698e-15,0.0,2.1441182163073336e-15,4.163336342344337e-16
2026,0.66,1.0,0.0,0.0,0.0,0.0,0.0
2026,0.67,1.0,3.885780586188048e-15,0.0,0.0,0.0,0.0
2026,0.68,1.0,0.0,2.192906467036234e-15,1.2557894059074233e-14,2.768346600676326e-14,1.2463550258859629e-14
2026,0.6900000000000001,0.9999999999999997,6.507411751984308e-14,2.1105057754398259e-16,1.8241217169319068e-16,9.296401139624979e-17,4.721364588364054e-17
2026,0.7000000000000001,1.0,6.235590776004366e-14,0.0,8.458317953141318e-17,1.283847184809906e-16,6.157023303648802e-17
2026,0.7100000000000001,1.0,5.998390571628791e-14,0.0,0.0,0.0,0.0
2026,0.72,1.0,0.0,5.469577614040716e-15,1.1777722928060872e-14,2.724649483828545e-14,1.1800991346638421e-14
2026,0.73,1.0,0.0,2.3858991124198637e-15,3.791020045763394e-15,1.1802433843747595e-14,4.703756915219737e-15
2026,0.74,0.9999999999998108,2.1546750208630244e-13,0.0,0.0,0.0,0.0
2026,0.75,1.0,0.0,6.325924959099498e-15,8.443520456245931e-15,2.3488677637021477e-14,9.326041966407819e-15
2026,0.76,1.0,0.0,4.584813372392736e-15,6.1050367659057055e-15,1.3634144709767388e-14,5.369544081761167e-15
2026,0.77,1.0,0.0,2.6271435825668977e-14,3.1877763944428584e-14,7.231388187231179e-14,3.4230478847073866e-14
2026,0.78,1.0,0.0,0.0,0.0,3.929233387936873e-15,1.0737235838589598e-15
2026,0.79,0.9999999999999216,8.7507825260712e-14,0.0,0.0,0.0,0.0
2026,0.8,0.9999999999999988,3.3989340240835455e-14,0.0,1.1379697598384617e-16,1.353975328956625e-16,1.3737544394974994e-17
2026,0.81,0.9999999999999561,0.0,4.575184741184652e-16,1.0345209738100798e-16,3.8011199701048165e-16,3.7458462622445394e-16
2026,0.8200000000000001,1.0,0.0,6.721934884797512e-16,5.439899697151293e-16,2.133721945670971e-15,4.495438902721435e-16
2026,0.8300000000000001,0.9999999999997773,2.630729699837006e-13,0.0,0.0,0.0,0.0
2026,0.8400000000000001,0.9999999999998814,1.397869408049121e-13,0.0,0.0,0.0,0.0
2026,0.85,0.9999999999999184,9.970546625468184e-14,0.0,0.0,0.0,0.0
2026,0.86,0.9999999999999819,2.209856771569007e-14,0.0,0.0,0.0,0.0
2026,0.87,1.0,0.0,1.4915466695672019e-15,9.80880881821188e-16,3.2355739554366502e-15,1.1062714041679784e-15
2026,0.88,0.9999999999999694,3.61960874108462e-14,0.0,0.0,0.0,0.0
2026,0.89,0.999999999999945,0.0,7.157431906891744e-17,1.0428491674162511e-16,0.0,0.0
2026,0.9,1.0,0.0,1.9599054909384683e-15,1.708314047472602e-15,2.7026585179903972e-15,7.870003870901583e-16
2026,0.91,0.9999999999999536,5.689835328848131e-14,0.0,0.0,0.0,0.0
2026,0.92,0.9999999999999731,3.2024892190938117e-14,0.0,0.0,0.0,0.0
2026,0.93,1.0,0.0,5.9037889903576946e-15,3.4518983880501956e-15,7.511520734080045e-15,3.545367997323675e-15
2026,0.9400000000000001,1.0,0.0,3.6165283843831746e-16,2.1217271622915017e-16,2.6934967061610075e-16,1.1146225974535336e-16
2026,0.9500000000000001,1.0,0.0,1.962601914446934e-15,1.2236626003004584e-15,2.73967719297764e-15,1.0722445554295563e-15
2026,0.9600000000000001,1.0,0.0,4.177920132113688e-15,2.0566397769489024e-15,5.2090570139426905e-15,2.179998108436552e-15
2026,0.97,1.0,6.387887473887112e-14,3.293051060884402e-16,7.010349634873862e-17,0.0,0.0
2026,0.98,1.0,0.0,3.581879987789782e-16,7.034875971720941e-16,3.0297939712856776e-16,4.874214037283429e-16
2026,0.99,1.0,0.0,9.62351983160441e-16,7.505871289019655e-16,1.0971350421010975e-15,6.665322378976587e-16
2026,1.0,1.0,0.0,9.872817509849112e-16,9.257438544548206e-16,1.1699557351259706e-15,5.48508890488731e-16
2027,0.01,1.0,0.0,0.0,0.0,0.0,0.0
2027,0.02,1.0,0.0,1.7808057309404088e-16,4.84836709010942e-17,0.0,0.0
2027,0.03,1.0,0.0,0.0,0.0,0.0,0.0
2027,0.04,1.0,0.0,0.0,0.0,0.0,0.0
2027,0.05,0.9999999999995051,4.4918057490413615e-13,2.9477597645399104e-14,0.0,2.8496773602867193e-15,1.433930076292156e-14
2027,0.060000000000000005,1.0,0.0,0.0,0.0,0.0,0.0
2027,0.06999999999999999,1.0,0.0,0.0,0.0,0.0,0.0
2027,0.08,0.9999999999999974,2.0155985234960463e-15,4.1801603624818736e-17,9.663468307564965e-17,2.844909583212147e-16,2.1280274444972152e-16
2027,0.09,1.0,0.0,1.0143328735088513e-16,7.673710966392028e-17,1.8426567294138082e-17,0.0
2027,0.09999999999999999,1.0,0.0,0.0,0.0,0.0,0.0
2027,0.11,1.0,2.2778739938343166e-14,7.006845571137056e-17,0.0,1.2609630696662086e-17,9.457243055777025e-18
2027,0.12,0.9999999999999897,2.958906750697306e-17,2.7952794974444496e-16,0.0,2.0988929459781512e-17,0.0
2027,0.13,0.9999999999999404,5.003640132014229e-14,4.455620668014805e-15,1.364433769642067e-15,4.484107808647527e-15,0.0
2027,0.14,1.0,0.0,0.0,0.0,0.0,0.0
2027,0.15000000000000002,1.0,0.0,0.0,4.981317099218915e-18,3.2736892714040035e-17,1.2217982783908671e-17
2027,0.16,1.0,0.0,0.0,0.0,0.0,0.0
2027,0.17,1.0,0.0,0.0,0.0,0.0,0.0
2027,0.18000000000000002,0.9999999999978068,3.8691272408186705e-13,1.271815985859348e-12,2.1432855490388647e-13,1.382366443536398e-13,2.1978252551235755e-13
2027,0.19,1.0,0.0,0.0,0.0,0.0,0.0
2027,0.2,1.0,0.0,0.0,0.0,0.0,0.0
2027,0.21000000000000002,0.9999999999976648,4.846123502488808e-13,1.2051193376549918e-12,2.1220525336929086e-13,1.6321666240770583e-13,2.692845946228317e-13
2027,0.22,0.9999999999974785,7.027711745877241e-13,1.2292042383954538e-12,2.3776466906433313e-13,1.8908485888147197e-13,3.185160468710535e-13
2027,0.23,0.9999999999998956,3.206667770265471e-14,4.782704621068574e-14,6.9568793779927526e-15,6.146755891415058e-15,1.1410998319481228e-14
2027,0.24000000000000002,0.9999999999999512,0.0,5.620839317805378e-14,1.0561483142174999e-14,1.0263657040557967e-14,1.861562975234818e-14
2027,0.25,0.9999999999999989,1.6520650487568027e-16,1.0316619691542136e-15,0.0,0.0,0.0
2027,0.26,0.9999999999989847,1.2981544663544955e-12,0.0,0.0,0.0,0.0
2027,0.27,1.0,0.0,9.992521463269621e-17,1.7873574850016814e-16,3.1516778759755207e-16,0.0
2027,0.28,1.0,0.0,1.5859277629741544e-17,0.0,0.0,0.0
2027,0.29000000000000004,1.0,0.0,3.107347544530971e-17,6.88675365396446e-17,3.069309567877689e-17,2.7041341526383036e-17
2027,0.3,0.999999999999964,0.0,2.053218706166149e-14,5.381112222480056e-15,5.467848396278896e-15,1.0370176939389353e-14
2027,0.31,0.9999999999999827,0.0,4.125172425872847e-15,3.6012859361278515e-15,2.1441182163073336e-15,3.615163723935666e-15
2027,0.32,1.0,0.0,0.0,0.0,0.0,0.0
2027,0.33,0.9999999999999782,5.007105841059456e-14,1.513719705137362e-14,4.250072516143177e-15,3.899658373995862e-15,5.59621793350118e-15
2027,0.34,0.9999999999998459,1.887379141862766e-15,0.0,0.0,0.0,0.0
2027,0.35000000000000003,0.9999999999999639,4.5852210917018965e-14,2.1680574002758135e-14,6.213779490948923e-15,5.648259637780484e-15,1.1352030426792226e-14
2027,0.36000000000000004,1.0,5.784261958297066e-14,0.0,0.0,0.0,0.0
2027,0.37,0.9999999999998188,0.0,1.6080886622305002e-14,6.359496262930975e-15,4.624772786954168e-15,8.472389456670726e-15
2027,0.38,1.0,3.941291737419306e-15,0.0,0.0,0.0,0.0
2027,0.39,1.0,1.4960255256823984e-13,0.0,0.0,0.0,0.0
2027,0.4,0.9999999999999871,0.0,7.504413757075667e-15,1.609823385706477e-15,1.7277845820728999e-15,3.3584246494910985e-15
2027,0.41000000000000003,0.9999999999999853,0.0,1.0505485370515544e-14,2.4980018054066022e-15,2.345346139520643e-15,4.3021142204224816e-15
2027,0.42000000000000004,0.9999999999996849,0.0,0.0,0.0,0.0,6.938893903907228e-17
2027,0.43,0.9999999999998622,0.0,3.70536934468646e-15,1.27675647831893e-15,1.1796119636642288e-15,1.5126788710517758e-15
2027,0.44,0.9999999999996934,0.0,2.914335439641036e-15,1.4155343563970746e-15,5.828670879282072e-16,1.8318679906315083e-15
2027,0.45,1.0,1.4432899320127035e-15,0.0,0.0,0.0,2.636779683484747e-16
2027,0.46,1.0,0.0,0.0,0.0,2.7755575615628914e-17,0.0
2027,0.47000000000000003,0.9999999999999938,0.0,5.5164206536062466e-15,1.4779844015322396e-15,9.922618282587337e-16,2.6229018956769323e-15
2027,0.48000000000000004,0.9999999999999964,0.0,1.6375789613221059e-15,5.273559366969494e-16,6.522560269672795e-16,1.2073675392798577e-15
2027,0.49,1.0,0.0,0.0,0.0,0.0,0.0
2027,0.5,1.0,1.5543122344752192e-15,0.0,0.0,0.0,0.0
2027,0.51,1.0,0.0,0.0,0.0,0.0,1.3877787807814457e-17
2027,0.52,0.999999999999996,0.0,1.949829186997931e-15,1.1518563880486e-15,7.008282842946301e-16,7.077671781985373e-16
2027,0.53,1.0,1.0014211682118912e-13,0.0,0.0,0.0,0.0
2027,0.54,1.0,4.996003610813204e-16,0.0,0.0,0.0,3.3306690738754696e-16
2027,0.55,0.9999999999999993,4.996003610813204e-16,0.0,4.2327252813834093e-16,0.0,1.249000902703301e-16
2027,0.56,0.9999999999999567,1.0526452568327631e-13,7.492388333788936e-15,7.833795298711062e-16,0.0,0.0
2027,0.5700000000000001,0.9999999999999644,3.859062563351422e-14,1.5277665752694873e-15,0.0,0.0,0.0
2027,0.5800000000000001,0.9999999999999977,2.705799316158816e-15,1.3597081089094382e-16,3.8230832074322846e-17,0.0,0.0
2027,0.59,1.0,3.4763891297645533e-13,3.6429159861759537e-16,0.0,7.917305952280098e-17,1.4313729454480585e-16
2027,0.6,1.0,0.0,7.721425292228114e-17,4.997202162433569e-16,1.0143405890618643e-15,1.0401590003271226e-15
2027,0.61,1.0,0.0,4.308283584893808e-15,3.4396250394631584e-15,5.265637491330298e-15,8.278588741855416e-15
2027,0.62,1.0,0.0,1.6911199139180502e-15,1.7222403279166468e-15,2.063852527192569e-15,2.5554556267023878e-15
2027,0.63,1.0,6.111304982596135e-16,0.0,0.0,1.8467903189557976e-18,0.0
2027,0.64,1.0,0.0,2.896044186661553e-15,3.0558289053480778e-15,2.7903670856126855e-15,4.401341589094481e-15
2027,0.65,0.9999999999998409,1.830852338835444e-13,0.0,0.0,0.0,0.0
2027,0.66,1.0,0.0,8.782582662834144e-15,7.0240719605995944e-15,9.014846720267798e-15,1.4119925728314255e-14
2027,0.67,1.0,0.0,1.1071184371152327e-14,8.44407610985933e-15,1.0914770420079401e-14,1.6864993068391307e-14
2027,0.68,1.0,0.0,3.4799946297292984e-15,2.7197281377017027e-15,2.8920984954350056e-15,4.427364982332975e-15
2027,0.6900000000000001,1.0,0.0,1.4691366553542238e-14,1.013585459189387e-14,1.2728449648718044e-14,1.891670570762559e-14
2027,0.7000000000000001,1.0,0.0,6.881837552821942e-15,4.82214205157626e-15,6.769119490399023e-15,9.974887203454742e-15
2027,0.7100000000000001,1.0,0.0,0.0,8.443266769878228e-17,0.0,0.0
2027,0.72,1.0,0.0,3.694200368243965e-15,1.4299730917742082e-15,2.9330567735994873e-15,4.777392665698105e-15
2027,0.73,0.9999999999996806,3.595648567639707e-13,0.0,0.0,0.0,0.0
2027,0.74,1.0,0.0,2.2670466256346925e-15,1.764345276933474e-15,1.2485983502951185e-15,2.369183975996984e-15
2027,0.75,1.0,0.0,1.5776033111841075e-15,1.1229225896033403e-15,1.6722160443594656e-15,2.677055676610215e-15
2027,0.76,0.9999999999999993,1.4141869387362298e-15,0.0,0.0,2.2795774192981358e-17,0.0
2027,0.77,0.9999999999999837,1.8780023389058952e-14,0.0,0.0,0.0,0.0
2027,0.78,1.0,0.0,2.615194107615155e-15,1.4686991204853196e-15,1.8064805073781656e-15,2.42987420430511e-15
2027,0.79,0.9999999999999655,3.9303256465435016e-14,0.0,0.0,0.0,0.0
2027,0.8,1.0,0.0,8.688457397119931e-16,8.11425111519828e-16,1.1669239395099514e-15,2.0274180402411355e-15
2027,0.81,0.9999999999999971,4.0486230408746016e-15,0.0,9.742715896128812e-17,0.0,0.0
2027,0.8200000000000001,1.0,0.0,1.2213133544212486e-15,7.720733372189325e-16,5.572232713292016e-16,1.2062217154604595e-15
2027,0.8300000000000001,1.0,0.0,0.0,0.0,1.8529545619383616e-16,6.616759363893316e-16
2027,0.8400000000000001,1.0,0.0,0.0,0.0,2.6363424027257268e-16,5.258657939844922e-16
2027,0.85,1.0,0.0,5.170065705100411e-16,4.985392934962068e-16,7.705339607164163e-16,1.3150663491551435e-15
2027,0.86,0.9999999999999909,1.0673912101665108e-14,0.0,1.875285417200106e-16,0.0,0.0
2027,0.87,1.0,0.0,4.3498224247989175e-16,1.3815034390415626e-16,0.0,0.0
2027,0.88,0.999999999999994,7.482545589839048e-15,0.0,0.0,0.0,0.0
2027,0.89,0.9999999999999987,2.026078011681305e-14,0.0,0.0,0.0,0.0
2027,0.9,1.0,0.0,8.79769844223393e-16,4.686691001277575e-16,3.201858920701936e-16,5.211867045745207e-16
2027,0.91,1.0,0.0,8.073251014782028e-16,2.6997211136084377e-16,7.936888239394742e-16,9.880220313110319e-16
2027,0.92,0.9999999999999979,2.389909072271284e-15,1.924855902855796e-18,0.0,0.0,0.0
2027,0.93,1.0,0.0,4.835180112095991e-16,3.178367520701022e-16,3.241322979807902e-16,6.984838559153078e-16
2027,0.9400000000000001,1.0,0.0,8.497646285091955e-17,0.0,2.891717277669182e-16,2.815797714606779e-16
2027,0.9500000000000001,0.9999999999999901,1.1798482196820638e-14,0.0,0.0,0.0,0.0
2027,0.9600000000000001,1.0,0.0,6.278984034289e-16,0.0,1.2263867111983874e-16,1.1393789574608336e-16
2027,0.97,0.9999999999999971,3.323403834058853e-15,0.0,1.1465549147108537e-16,0.0,0.0
2027,0.98,0.9999999999999979,2.311896014340183e-15,0.0,1.663185720229669e-16,6.037740845279299e-17,0.0
2027,0.99,0.9999999999999937,8.252868745230716e-15,0.0,0.0,0.0,0.0
2027,1.0,1.0,0.0,2.0111751776259095e-16,3.935213958385401e-16,4.697202150757409e-16,9.8659001623458e-16
2028,0.01,1.0,0.0,0.0,0.0,0.0,0.0
2028,0.02,1.0,1.124316433140024e-13,1.0852609636695723e-17,2.3968914824928564e-17,0.0,1.769367123519508e-17
2028,0.03,1.0,1.85637303865428e-16,0.0,0.0,5.1571353000953024e-17,0.0
2028,0.04,0.9999999999995931,0.0,0.0,0.0,0.0,2.3258425408569004e-16
2028,0.05,0.999999999997029,4.3814951666831803e-13,2.5095897582261273e-13,1.3547114818823758e-12,7.327541351465072e-13,1.9449372667956766e-13
2028,0.060000000000000005,1.0,0.0,0.0,0.0,0.0,0.0
2028,0.06999999999999999,1.0,0.0,0.0,0.0,0.0,0.0
2028,0.08,1.0,0.0,0.0,0.0,0.0,0.0
2028,0.09,0.9999999999989796,4.127463257828357e-13,6.722469306791312e-14,2.4778526811966777e-13,2.1480562315810412e-13,7.784655978479433e-14
2028,0.09999999999999999,1.0,6.150635556423367e-14,0.0,0.0,0.0,0.0
2028,0.11,0.9999999999994285,9.992007221626409e-15,3.093011957666647e-14,1.4008932902598303e-13,1.0518322324237772e-13,4.4891174111327814e-14
2028,0.12,1.0,4.368727601899991e-14,0.0,0.0,0.0,0.0
2028,0.13,1.0,0.0,0.0,0.0,0.0,0.0
2028,0.14,1.0,0.0,0.0,0.0,0.0,0.0
2028,0.15000000000000002,0.9999999999999999,3.484075310098564e-13,2.7336268839914926e-16,1.2307423465190711e-17,0.0,0.0
2028,0.16,1.0,2.0243652206717955e-14,0.0,0.0,0.0,0.0
2028,0.17,0.9999999999999952,0.0,9.074022559545352e-16,2.9418843392175348e-15,1.791196856636146e-15,1.061049797421729e-15
2028,0.18000000000000002,1.0,2.3980032346683773e-13,9.338896809213603e-16,3.1534711762982743e-15,7.310080738352988e-15,1.339781708559515e-15
2028,0.19,1.0,0.0,1.4942677629102563e-16,7.813516831835969e-16,1.4540464034098859e-15,8.712032441624386e-16
2028,0.2,1.0,0.0,2.4224570544233593e-16,2.291683637696768e-16,3.1994319066102565e-16,2.1004765377659503e-16
2028,0.21000000000000002,1.0,0.0,2.680503590396463e-19,1.9434304089467966e-17,4.4601090592297846e-18,0.0
2028,0.22,0.9999999999997718,2.9604530706614176e-13,0.0,0.0,0.0,0.0
2028,0.23,0.999999999999991,1.1102230246251565e-16,1.5265566588595902e-15,2.8171909249863347e-15,3.191891195797325e-15,1.3461454173580023e-15
2028,0.24000000000000002,0.9999999999999994,3.120040141412376e-15,0.0,7.35300169200812e-16,7.4579517952013245e-16,1.9908943832309781e-16
2028,0.25,0.9999999999999971,4.440892098500626e-16,6.036837696399289e-16,4.3368086899420177e-16,1.0547118733938987e-15,4.0592529337857286e-16
2028,0.26,0.9999999999999961,0.0,0.0,7.321920255453074e-16,5.161862681530819e-16,6.116180831868677e-16
2028,0.27,0.9999999999999993,0.0,0.0,0.0,0.0,0.0
2028,0.28,0.9999999999999145,2.220446049250313e-16,0.0,4.579669976578771e-16,0.0,1.3877787807814457e-17
2028,0.29000000000000004,0.9999999999997333,0.0,5.412337245047638e-16,1.3739009929736312e-15,2.373101715136272e-15,7.077671781985373e-16
2028,0.3,1.0,1.1657341758564144e-15,3.2959746043559335e-16,0.0,0.0,0.0
2028,0.31,0.9999999999998752,0.0,1.096345236817342e-15,1.1518563880486e-15,1.9845236565174673e-15,1.096345236817342e-15
2028,0.32,1.0,7.216449660063518e-16,0.0,0.0,0.0,3.8163916471489756e-17
2028,0.33,0.9999999999999994,6.661338147750939e-16,0.0,0.0,0.0,4.0245584642661925e-16
2028,0.34,0.9999999999999949,0.0,5.134781488891349e-16,2.4528989950312052e-15,2.8449465006019636e-15,1.1622647289044608e-15
2028,0.35000000000000003,1.0,9.103828801926284e-14,0.0,0.0,0.0,0.0
2028,0.36000000000000004,0.9999999999999993,0.0,2.185751579730777e-16,0.0,4.3021142204224816e-16,2.3592239273284576e-16
2028,0.37,1.0,1.6653345369377348e-15,0.0,0.0,0.0,0.0
2028,0.38,0.9999999999997764,2.220446049250313e-16,0.0,0.0,1.8041124150158794e-16,2.914335439641036e-16
2028,0.39,0.9999999999999989,4.996003610813204e-16,1.7694179454963432e-16,5.551115123125783e-17,6.245004513516506e-17,2.8796409701215e-16
2028,0.4,1.0,1.3322676295501878e-15,0.0,0.0,0.0,2.42861286636753e-17
2028,0.41000000000000003,0.9999999999999977,0.0,0.0,1.1171619185290638e-15,1.5785983631388945e-15,3.9898639947466563e-16
2028,0.42000000000000004,0.9999999999999991,3.3306690738754696e-16,1.249000902703301e-16,1.5612511283791264e-16,0.0,5.134781488891349e-16
2028,0.43,1.0,0.0,1.6687311390562246e-16,4.440731162240648e-16,6.559961009458808e-16,5.555062296659988e-16
2028,0.44,1.0,0.0,6.487459224338576e-16,2.303976203343796e-16,4.293834473363071e-16,3.3409647593493456e-16
2028,0.45,1.0,0.0,1.6851551079034854e-16,1.3476378894110644e-16,9.257731300310601e-17,9.936077636119207e-17
2028,0.46,0.9999999999999986,2.3995583657272865e-15,0.0,0.0,0.0,0.0
2028,0.47000000000000003,1.0,0.0,4.72585939294539e-16,4.3677508035052173e-16,6.476888253156843e-16,7.499701712790092e-16
2028,0.48000000000000004,0.9999999999994557,1.7926900938312745e-15,0.0,2.592307723023899e-16,1.813192217367606e-17,2.4809318260785254e-16
2028,0.49,0.9999999999999981,2.5273095688980746e-15,0.0,0.0,0.0,0.0
2028,0.5,0.9999999999999981,2.4360248281724787e-15,0.0,0.0,4.04373529019203e-17,0.0
2028,0.51,1.0,0.0,2.097291693884274e-16,0.0,0.0,8.705931686821787e-17
2028,0.52,1.0,7.916357219544482e-16,0.0,0.0,0.0,0.0
2028,0.53,0.9999999999999998,4.63061234128038e-16,1.033619627214453e-16,0.0,0.0,6.864963809479689e-18
2028,0.54,0.9999999999999076,5.625901246089738e-16,2.3763166582592827e-16,5.956505184610263e-16,2.7687673070002774e-16,0.0
2028,0.55,0.9999999999999122,0.0,0.0,0.0,0.0,3.898335218938251e-16
2028,0.56,1.0,6.002737477143784e-14,0.0,0.0,0.0,3.65004638464428e-17
2028,0.5700000000000001,0.9999999999999948,1.5521641291424802e-15,7.64891503419347e-16,2.3663094468541557e-15,8.1399783523416765e-16,0.0
2028,0.5800000000000001,1.0,0.0,1.8350587637438152e-16,2.166096180189741e-16,1.2166400089534506e-16,0.0
2028,0.59,0.9999999999999976,2.3543708363407325e-15,8.902396801675329e-17,0.0,1.864636740671629e-18,1.93955357471598e-16
2028,0.6,0.999999999999993,8.358876877343283e-15,0.0,3.050906796891583e-16,0.0,0.0
2028,0.61,1.0,0.0,0.0,3.520950790311412e-16,2.850519977394897e-16,1.2874900798265365e-17
2028,0.62,0.9999999999999968,4.353010312640624e-15,0.0,0.0,0.0,0.0
2028,0.63,1.0,0.0,0.0,1.2348149707819638e-16,1.2672487861896776e-16,1.7105622659578904e-16
2028,0.64,0.9999999999999939,7.455142274050358e-15,9.279838860233938e-17,0.0,0.0,0.0
2028,0.65,0.9999999999999909,7.1084027200605e-15,3.24629560397761e-16,1.3493301352497314e-15,4.398323599536476e-17,2.647553672189159e-16
2028,0.66,1.0,0.0,0.0,7.476362310328662e-16,0.0,0.0
2028,0.67,1.0,5.447095042243081e-14,0.0,0.0,0.0,4.146789263689522e-18
2028,0.68,0.9999999999999185,0.0,3.7164842361313985e-16,7.861342431429773e-16,2.974485313816674e-16,5.507288232744792e-17
2028,0.6900000000000001,1.0,0.0,2.6621567905844856e-16,0.0,1.4606193790805792e-16,3.4823642043992423e-16
2028,0.7000000000000001,1.0,0.0,0.0,4.56785810212931e-16,1.1288153978173884e-16,0.0
2028,0.7100000000000001,1.0,1.2628873963306367e-13,0.0,0.0,0.0,3.9691591625362077e-17
2028,0.72,1.0,0.0,1.546021475987494e-16,0.0,2.2931130057952595e-16,0.0
2028,0.73,1.0,5.1011378580518114e-14,1.6163092880290442e-16,1.0814694261063237e-16,1.928695189807645e-16,0.0
2028,0.74,0.999999999999993,0.0,1.1973662291880159e-17,2.520043750365222e-15,5.102725027721462e-16,3.0739318817062354e-16
2028,0.75,1.0,0.0,4.614851490042978e-16,3.4704210398429566e-16,4.658033229694002e-16,2.459419454659169e-16
2028,0.76,1.0,0.0,9.616195643588621e-17,0.0,1.4852087455393716e-16,4.916475687395498e-16
2028,0.77,1.0,0.0,0.0,0.0,0.0,1.4007541695484755e-16
2028,0.78,0.9999999999999972,2.521327398708091e-15,4.0195863808658097e-16,6.95202291458967e-18,0.0,0.0
2028,0.79,1.0,0.0,5.545871989182279e-16,3.575266778054094e-16,3.871169267847911e-16,2.1100310694109788e-16
2028,0.8,1.0,0.0,5.079681995672457e-16,0.0,1.9082551158807956e-16,0.0
2028,0.81,0.9999999999999998,2.779907524591786e-13,0.0,3.7666278835053324e-16,2.107747050548779e-16,0.0
2028,0.8200000000000001,0.9999999999999999,0.0,1.7344651309278945e-16,1.389345791733866e-17,1.7198156961051314e-17,1.8049933292810239e-16
2028,0.8300000000000001,0.999999999999996,4.724176338479196e-15,3.008915138531451e-17,0.0,0.0,0.0
2028,0.8400000000000001,0.9999999999999979,2.8578142016201773e-15,0.0,0.0,0.0,0.0
2028,0.85,0.9999999999999999,4.680344077524681e-16,5.0663581674121466e-17,0.0,6.151534427786993e-17,1.9658575914588243e-16
2028,0.86,1.0,0.0,2.1290850755594642e-16,0.0,6.322088746881383e-16,4.249538885386407e-16
2028,0.87,0.9999999999999992,8.12101308509533e-16,2.3259524731603087e-18,1.91624687173814e-16,0.0,0.0
2028,0.88,1.0,0.0,1.8448419942846024e-16,9.670693743414963e-16,6.050212346636434e-16,2.398009565983232e-16
2028,0.89,0.9999999999999903,1.1461174010177731e-14,0.0,0.0,0.0,0.0
2028,0.9,1.0,0.0,3.0240092656515227e-16,1.2631887045698106e-16,6.102321813551519e-17,2.7282507714587387e-16
2028,0.91,1.0,3.029264516498531e-16,0.0,0.0,0.0,0.0
2028,0.92,0.9999999999999992,1.0227380737009434e-15,7.949404209981609e-17,5.805352062244161e-17,0.0,0.0
2028,0.93,1.0,0.0,1.207195591591565e-16,5.784968214368486e-16,5.284981606263218e-16,6.090903809422531e-16
2028,0.9400000000000001,1.0,0.0,1.0673377465056713e-16,1.935762510842879e-16,5.889021976773941e-16,1.9167974431538552e-16
2028,0.9500000000000001,1.0,0.0,0.0,0.0,1.8016517843041056e-16,2.2944851991698115e-16
2028,0.9600000000000001,0.9999999999999263,2.1676325285908298e-16,6.305093097098422e-16,3.237175328970981e-16,3.3384419448180353e-16,5.560328028660839e-16
2028,0.97,1.0,2.6508054813913587e-13,1.4701865335017553e-16,0.0,0.0,1.1589504147133078e-16
2028,0.98,1.0,0.0,0.0,0.0,4.3341871229702657e-16,2.965970568105658e-16
2028,0.99,0.9999999999999909,1.0085614526693376e-14,8.596283271799718e-17,0.0,0.0,0.0
2028,1.0,1.0,0.0,1.7996570217133218e-16,0.0,2.121953058143583e-16,0.0
2029,0.01,1.0,0.0,0.0,0.0,0.0,0.0
2029,0.02,1.0,0.0,0.0,0.0,0.0,0.0
2029,0.03,1.0,0.0,0.0,0.0,0.0,0.0
2029,0.04,1.0,0.0,0.0,0.0,0.0,0.0
2029,0.05,1.0,0.0,0.0,0.0,0.0,0.0
2029,0.060000000000000005,1.0,5.5695592235935085e-14,6.843445445136794e-17,0.0,7.043071550568086e-18,0.0
2029,0.06999999999999999,0.9999999999999668,3.064215547965432e-14,1.3322676295501878e-15,1.7656015538491943e-14,6.224187831804784e-15,2.130240428499519e-15
2029,0.08,0.999999999999996,0.0,1.0269562977782698e-15,7.365635878997523e-15,2.768618667658984e-15,5.447031714567174e-16
2029,0.09,1.0,0.0,0.0,0.0,0.0,0.0
2029,0.09999999999999999,1.0,3.46282690280738e-13,0.0,2.5207694306433384e-16,0.0,0.0
2029,0.11,1.0,1.0823966478601839e-13,0.0,0.0,8.605493666841615e-17,0.0
2029,0.12,1.0,0.0,0.0,0.0,0.0,0.0
2029,0.13,0.999999999999883,8.407484244186297e-14,2.859342460815261e-15,1.7437819321883643e-14,1.0333385745688007e-14,2.4269381234121306e-15
2029,0.14,1.0,0.0,0.0,0.0,0.0,0.0
2029,0.15000000000000002,1.0,5.2235993308613615e-14,0.0,0.0,0.0,1.6653345369377348e-16
2029,0.16,1.0,1.63202784619898e-14,0.0,0.0,0.0,0.0
2029,0.17,0.9999999999999807,3.885780586188048e-16,0.0,0.0,0.0,0.0
2029,0.18000000000000002,0.9999999999999953,5.012656956182582e-14,5.551115123125783e-16,2.0990154059319366e-15,1.0755285551056204e-15,1.5612511283791264e-16
2029,0.19,0.9999999999999977,1.48991929904696e-13,3.5041414214731503e-16,1.2073675392798577e-15,4.683753385137379e-16,0.0
2029,0.2,0.9999999999998604,0.0,9.020562075079397e-17,0.0,0.0,0.0
2029,0.21000000000000002,1.0,0.0,0.0,0.0,0.0,0.0
2029,0.22,1.0,0.0,0.0,1.3877787807814457e-17,0.0,0.0
2029,0.23,1.0,4.996003610813204e-16,0.0,0.0,0.0,0.0
2029,0.24000000000000002,0.9999999999999569,2.7755575615628914e-16,1.1102230246251565e-16,8.049116928532385e-16,5.551115123125783e-16,0.0
2029,0.25,1.0,5.551115123125783e-17,0.0,0.0,0.0,6.938893903907228e-18
2029,0.26,0.999999999999801,0.0,0.0,0.0,0.0,0.0
2029,0.27,1.0,0.0,0.0,1.5612511283791264e-16,4.163336342344337e-17,0.0
2029,0.28,0.9999999999999571,2.7755575615628914e-16,3.191891195797325e-16,1.9463597400459776e-15,1.2247147740396258e-15,3.608224830031759e-16
2029,0.29000000000000004,0.9999999999998875,0.0,0.0,0.0,0.0,0.0
2029,0.3,1.0,0.0,2.42861286636753e-16,0.0,2.914335439641036e-16,0.0
2029,0.31,0.9999999999997462,0.0,0.0,0.0,0.0,8.326672684688674e-17
2029,0.32,0.9999999999999999,6.106226635438361e-16,1.3877787807814457e-17,0.0,0.0,0.0
2029,0.33,0.9999999999999988,0.0,2.7755575615628914e-17,5.828670879282072e-16,2.706168622523819e-16,6.071532165918825e-17
2029,0.34,0.9999999999997577,2.220446049250313e-16,0.0,0.0,3.8163916471489756e-16,0.0
2029,0.35000000000000003,0.999999999999897,0.0,0.0,7.771561172376096e-16,8.326672684688674e-17,3.3306690738754696e-16
2029,0.36000000000000004,0.9999999999999993,3.397282455352979e-14,1.8041124150158794e-16,5.828670879282072e-16,0.0,0.0
2029,0.37,1.0,1.6475709685437323e-13,0.0,0.0,0.0,1.8735013540549517e-16
2029,0.38,1.0,0.0,3.243835491287695e-16,0.0,3.1073827186497635e-16,3.4554285566765555e-17
2029,0.39,1.0,0.0,0.0,3.5800821603592346e-16,5.259786611247139e-16,2.1536363255356301e-16
2029,0.4,1.0,0.0,0.0,1.3025884421113444e-16,3.105375250564771e-16,3.389406573602819e-16
2029,0.41000000000000003,0.9999999999999999,0.0,4.4185007825399587e-16,4.3203762507652843e-17,1.4073791231809102e-16,3.678664089925426e-18
2029,0.42000000000000004,1.0,0.0,0.0,0.0,0.0,0.0
2029,0.43,1.0,0.0,0.0,1.3232071865335174e-16,0.0,1.2379967241100763e-16
2029,0.44,0.9999999999999968,4.058794688961264e-15,7.249754995549557e-18,0.0,0.0,0.0
2029,0.45,1.0,0.0,0.0,0.0,6.845288292906156e-16,7.822899839309179e-17
2029,0.46,1.0,0.0,2.6778438407676353e-16,2.2143220010416645e-16,3.133725443309372e-17,0.0
2029,0.47000000000000003,0.9999999999999998,2.9607634940669824e-16,0.0,2.4682458398904822e-17,0.0,0.0
2029,0.48000000000000004,1.0,5.514698622679102e-14,1.0957024746230929e-16,1.633058000617716e-16,1.901139414990238e-16,6.959492097027082e-18
2029,0.49,1.0,0.0,0.0,0.0,8.087241881488301e-16,2.496125627428434e-16
2029,0.5,0.9999999999999997,6.26318172165737e-16,1.3531355540668814e-16,0.0,5.5907619726035106e-18,1.8232664004170526e-16
2029,0.51,0.9999999999999994,7.649164911497849e-16,9.291316156669234e-17,0.0,0.0,3.1631174865790965e-16
2029,0.52,1.0,0.0,3.292692351685323e-16,5.607358110823468e-17,2.5423058637127384e-16,5.646448681339254e-17
2029,0.53,0.9999999999999944,6.080775836472211e-15,1.5855609739653248e-17,0.0,0.0,0.0
2029,0.54,1.0,0.0,0.0,0.0,0.0,0.0
2029,0.55,0.9999999999999887,1.3578672945568178e-14,0.0,0.0,0.0,0.0
2029,0.56,0.9999999999999832,1.9046597786570563e-14,0.0,0.0,0.0,0.0
2029,0.5700000000000001,0.9999999999999875,1.1943414159772552e-13,0.0,2.0420470707929337e-16,0.0,1.6478438664748106e-17
2029,0.5800000000000001,0.9999999999999999,6.466252298666187e-16,0.0,0.0,0.0,0.0
2029,0.59,1.0,0.0,0.0,1.4750401150075837e-16,3.3008408086379094e-16,2.1587735803607275e-16
2029,0.6,0.9999999999999872,1.4290085753571697e-14,0.0,0.0,0.0,0.0
2029,0.61,1.0,0.0,1.6582779054541592e-15,2.075055384952954e-15,3.559306136228981e-15,1.2461190848585052e-15
2029,0.62,0.9999999999999839,1.8668291484744875e-14,0.0,0.0,0.0,0.0
2029,0.63,1.0,8.866558830170335e-14,0.0,0.0,6.629186509499561e-17,3.676841940282943e-17
2029,0.64,0.9999999999999967,2.3177560194662693e-15,2.692143318479188e-16,4.980122320786145e-16,2.1512337311081028e-16,7.524375541627256e-17
2029,0.65,1.0,0.0,4.0572404633259815e-16,4.958237476399305e-16,1.1014739493482536e-15,4.58937045803903e-16
2029,0.66,0.9999999999999543,5.242888325125239e-14,0.0,0.0,0.0,0.0
2029,0.67,1.0,0.0,3.083413803824835e-16,4.3132696443378207e-16,8.6600161483335e-16,1.6418272550690598e-16
2029,0.68,1.0,0.0,5.864015446588626e-16,8.808537022887437e-16,8.486014405143785e-16,1.525834563272056e-16
2029,0.6900000000000001,1.0,0.0,5.177006081311976e-16,6.660071833494794e-16,1.1445585639332937e-15,4.398038584116663e-16
2029,0.7000000000000001,1.0,0.0,7.021331385498753e-17,1.1622924692334833e-15,9.64981861642988e-16,2.6974378304199954e-16
2029,0.7100000000000001,0.9999999999999832,1.843542942205046e-14,6.071828627450364e-17,0.0,0.0,0.0
2029,0.72,1.0,0.0,1.591139109439468e-15,2.5789302978025935e-15,3.3597754552837323e-15,1.5495027814007092e-15
2029,0.73,1.0,0.0,0.0,0.0,0.0,0.0
2029,0.74,0.9999999999999528,5.338127735626623e-14,0.0,0.0,0.0,0.0
2029,0.75,0.9999999999999962,4.148460961482894e-15,1.304891312936692e-16,0.0,0.0,0.0
2029,0.76,0.9999999999999828,1.958026793037282e-14,0.0,0.0,0.0,0.0
2029,0.77,1.0,1.987989225739767e-14,0.0,0.0,0.0,0.0
2029,0.78,0.999999999999982,2.041915940869635e-14,0.0,0.0,0.0,0.0
2029,0.79,0.9999999999999735,3.055207839615327e-14,0.0,0.0,0.0,0.0
2029,0.8,1.0,0.0,5.032863308304159e-16,4.2708396464274847e-16,3.224587726352525e-16,0.0
2029,0.81,1.0,0.0,5.195253288578202e-16,6.375963748095901e-16,1.1475702425168155e-15,3.890309565477898e-16
2029,0.8200000000000001,1.0,0.0,4.543668958738095e-16,3.9960420413056924e-16,5.228433157308929e-16,3.047208439285634e-16
2029,0.8300000000000001,0.9999999999999775,2.6419900901927514e-14,0.0,0.0,0.0,0.0
2029,0.8400000000000001,0.9999999999999889,1.3208652267092971e-14,0.0,0.0,0.0,0.0
2029,0.85,0.9999999999999033,0.0,0.0,1.820549178020771e-16,3.939873379921948e-16,0.0
2029,0.86,1.0,0.0,1.2626741320543537e-16,2.0935038684232713e-16,2.9614415888158077e-16,1.040237456753862e-16
2029,0.87,0.9999999999999982,2.0516842636305503e-15,1.7454278548477333e-17,2.2449443596672756e-17,0.0,0.0
2029,0.88,1.0,0.0,9.158845497674582e-17,4.67362869443973e-16,0.0,2.8382485875715503e-18
2029,0.89,0.9999999999999963,4.383261273788644e-15,0.0,0.0,0.0,1.0172074250114056e-16
2029,0.9,1.0,0.0,5.1046678794296825e-17,0.0,3.476465414015004e-16,1.6051928154025153e-16
2029,0.91,1.0,0.0,1.919507419189477e-16,4.827171415579701e-16,7.924722993387598e-16,1.3275835902914308e-16
2029,0.92,0.9999999999999979,2.9702953859854405e-15,0.0,0.0,0.0,0.0
2029,0.93,1.0,0.0,2.1669732206646792e-16,2.4791040508323946e-16,5.134347530296464e-16,3.028752791552333e-16
2029,0.9400000000000001,0.9999999999999902,1.1761105134252478e-14,0.0,0.0,0.0,0.0
2029,0.9500000000000001,0.9999999999999997,5.153056621775055e-16,0.0,8.3953935264906e-17,3.352339353039787e-17,0.0
2029,0.9600000000000001,0.9999999999999954,5.344945768516869e-15,1.9039645631307076e-16,0.0,0.0,0.0
2029,0.97,1.0,0.0,2.7755575615628914e-17,7.632783294297951e-17,0.0,6.765421556309548e-17
2029,0.98,1.0,2.7755575615628914e-16,0.0,8.326672684688674e-17,0.0,9.540979117872439e-17
2029,0.99,0.9999999999999999,0.0,1.3877787807814457e-16,0.0,0.0,1.5265566588595902e-16
2029,1.0,1.0,5.551115123125783e-16,0.0,0.0,0.0,4.85722573273506e-17
2030,0.01,0.26501330436344506,0.05463489430759887,0.2899575898027111,0.053629341088271165,0.10742331462466047,0.22934155581331325
2030,0.02,0.9999999999999992,3.0914859519765084e-16,2.1827631993871413e-16,8.159161836489834e-17,1.36138227972081e-16,2.3713860610685468e-17
2030,0.03,0.9999999999999815,1.7559108034243795e-14,2.1575771463227308e-16,3.239233984801736e-17,2.729647317030524e-16,4.2202977198604126e-16
2030,0.04,1.0,0.0,0.0,0.0,0.0,0.0
2030,0.05,1.0,0.0,0.0,0.0,0.0,2.0028500111130391e-16
2030,0.060000000000000005,1.0,6.345102632058282e-17,0.0,0.0,2.3552598131353075e-17,7.90637493626109e-17
2030,0.06999999999999999,1.0,0.0,0.0,0.0,0.0,0.0
2030,0.08,1.0,0.0,0.0,0.0,0.0,0.0
2030,0.09,1.0,0.0,0.0,0.0,0.0,0.0
2030,0.09999999999999999,1.0,0.0,4.891834532547959e-17,0.0,0.0,1.7059302402433735e-17
2030,0.11,1.0,0.0,0.0,0.0,0.0,0.0
2030,0.12,1.0,0.0,0.0,0.0,0.0,0.0
2030,0.13,0.9999999999999802,2.552056587606416e-16,0.0,0.0,0.0,0.0
2030,0.14,1.0,0.0,0.0,0.0,0.0,0.0
2030,0.15000000000000002,1.0,0.0,0.0,0.0,0.0,0.0
2030,0.16,0.9999999999999999,3.294585406298657e-14,1.3793173435004876e-17,0.0,0.0,0.0
2030,0.17,1.0,2.2341313583463657e-16,6.917759509680951e-17,0.0,0.0,0.0
2030,0.18000000000000002,1.0,0.0,0.0,0.0,0.0,0.0
2030,0.19,1.0,0.0,0.0,5.4051883455721767e-17,0.0,7.705952897416745e-17
2030,0.2,1.0,0.0,0.0,4.8894023741198834e-17,0.0,1.4939596524057926e-16
2030,0.21000000000000002,0.9999999999992853,0.0,5.63362458981233e-13,9.900672167143746e-14,1.1884751131363905e-13,3.2158540119850334e-13
2030,0.22,1.0,0.0,1.2067971697785095e-15,4.59250350587862e-16,6.041203098978677e-16,1.313849810796594e-15
2030,0.23,1.0,4.873685171086987e-13,0.0,0.0,0.0,0.0
2030,0.24000000000000002,0.9999999999998852,0.0,0.0,1.8972353121042937e-17,1.8362746380771706e-17,0.0
2030,0.25,0.9999999999999993,1.4460950933654332e-13,2.426339712574375e-15,6.988812120524305e-16,1.3642599016337876e-15,2.426690421644461e-15
2030,0.26,1.0,0.0,3.141776269126876e-14,5.99487039023639e-15,5.697897144918125e-15,1.835157940714027e-14
2030,0.27,0.9999999999999847,4.107397280656038e-14,0.0,0.0,0.0,0.0
2030,0.28,1.0,0.0,5.77267220765011e-15,7.584789348715338e-16,8.530826153822682e-16,3.6172042263056016e-15
2030,0.29000000000000004,0.9999999999999907,2.0030707746583864e-14,0.0,0.0,0.0,0.0
2030,0.3,0.9999999999999996,4.4310686338948444e-15,0.0,1.2480141093197498e-16,0.0,0.0
2030,0.31,0.9999999999999988,1.0228569489185104e-13,0.0,0.0,0.0,0.0
2030,0.32,1.0,1.3416250566283903e-14,0.0,0.0,0.0,0.0
2030,0.33,0.9999999999999983,7.026054864729117e-15,0.0,0.0,0.0,0.0
2030,0.34,1.0,0.0,1.7846285396466623e-16,0.0,5.501608164941137e-16,0.0
2030,0.35000000000000003,0.9999999999999976,8.542400541409556e-15,0.0,0.0,0.0,0.0
2030,0.36000000000000004,0.9999999999999972,5.642990245815615e-15,0.0,0.0,0.0,0.0
2030,0.37,0.9999999999999963,8.287761896915943e-15,0.0,0.0,0.0,0.0
2030,0.38,0.9999999999999929,1.2329693430446795e-14,0.0,0.0,0.0,0.0
2030,0.39,0.9999999999999984,2.281594416503785e-15,0.0,0.0,2.0259439911546762e-16,0.0
2030,0.4,0.9999999999999999,5.634389742516484e-17,0.0,1.051928944370948e-16,1.8744156853828675e-16,4.249871891757409e-16
2030,0.41000000000000003,1.0,3.756522574952245e-14,4.1258165122023114e-16,3.5925582525041463e-16,6.151264815374915e-16,1.1257037906718407e-15
2030,0.42000000000000004,0.9999999999999944,1.072319803719008e-14,0.0,0.0,0.0,0.0
2030,0.43,0.9999999999999997,4.1533088154350645e-14,1.0167464681460558e-16,1.3513041646877086e-16,0.0,5.737327759509263e-18
2030,0.44,1.0,7.032778549295297e-17,4.3069869343573844e-16,0.0,0.0,0.0
2030,0.45,0.9999999999999999,8.005605812799272e-17,1.0580445979888489e-16,0.0,5.099515958175337e-17,7.109476090199467e-17
2030,0.46,1.0,0.0,3.8632643328676605e-16,8.983792374839088e-16,2.031665910471616e-15,3.1825469400814524e-15
2030,0.47000000000000003,0.9999999999999944,7.069999145790907e-15,5.75791821719792e-18,0.0,0.0,0.0
2030,0.48000000000000004,1.0,0.0,6.87608852845069e-16,2.8889943314415554e-16,8.10052124051888e-16,9.807108399570268e-16
2030,0.49,1.0,0.0,0.0,5.004583680786651e-17,1.1579316488603768e-15,1.1488564430996153e-15
2030,0.5,1.0,0.0,0.0,6.045172500600271e-16,1.6868464209409155e-15,2.460004330909248e-15
2030,0.51,0.9999999999999996,3.5604221462619045e-14,2.311591453857417e-16,5.850817229710988e-17,5.56786891356944e-17,0.0
2030,0.52,1.0,0.0,4.4070933663228114e-16,2.4598387359680597e-16,5.997257964356463e-16,1.4313190271273953e-15
2030,0.53,1.0,0.0,0.0,1.9725025649300343e-16,4.955113095284503e-16,1.4015155376035423e-16
2030,0.54,0.9999999999998807,1.3151516219637207e-15,1.5409620460625879e-16,0.0,0.0,2.0051919112923674e-16
2030,0.55,1.0,0.0,0.0,1.1737308021532054e-15,2.361529339252647e-15,4.187985001109437e-15
2030,0.56,0.9999999999999934,7.671100523732894e-15,1.685303338669255e-16,7.492938154706266e-17,0.0,0.0
2030,0.5700000000000001,1.0,2.848627817816835e-14,2.4689203881670547e-16,6.804263811729089e-17,1.727079780660625e-16,3.35557994075219e-16
2030,0.5800000000000001,1.0,0.0,0.0,1.3344478923564204e-15,2.607511942300032e-15,4.425384831060531e-15
2030,0.59,0.9999999999999951,6.693247996456377e-15,0.0,0.0,0.0,0.0
2030,0.6,0.9999999999999996,5.683145012727181e-16,0.0,5.858802870764901e-18,1.6068082815612434e-16,0.0
2030,0.61,1.0,5.720773704878451e-16,1.0775084946198273e-16,0.0,0.0,0.0
2030,0.62,0.9999999999999912,6.870002731368992e-14,5.91758107449923e-16,2.055718315298257e-16,0.0,0.0
2030,0.63,0.9999999999999786,2.8222046824077224e-14,1.1291694575893407e-15,0.0,0.0,0.0
2030,0.64,0.9999999999999978,3.3545856844159052e-15,3.4926196558081237e-16,0.0,0.0,0.0
2030,0.65,0.9999999999999791,2.49960647756144e-14,2.2115208630850945e-15,0.0,0.0,0.0
2030,0.66,0.9999999999999948,4.888347713775628e-15,9.546096615488606e-16,0.0,0.0,0.0
2030,0.67,0.99999999999998,2.364658501305953e-14,2.4931567769483076e-15,0.0,0.0,0.0
2030,0.68,0.9999999999999959,5.275142048031438e-15,9.41486544114693e-16,0.0,0.0,0.0
2030,0.6900000000000001,1.0,0.0,0.0,5.334269924068354e-16,2.506203678374425e-15,3.2488933367739873e-15
2030,0.7000000000000001,1.0,1.9916025721433475e-16,0.0,0.0,1.478876908009886e-17,0.0
2030,0.7100000000000001,0.9999999999999915,1.0149492034102901e-14,1.017854558183108e-15,0.0,0.0,0.0
2030,0.72,0.9999999999999891,1.226123834523207e-14,2.4002155044756783e-15,0.0,0.0,0.0
2030,0.73,0.999999999999974,3.057552654453432e-14,2.9208729722768426e-15,0.0,0.0,0.0
2030,0.74,1.0,0.0,0.0,1.89942675616936e-15,4.062890040321679e-15,7.933213148725063e-15
2030,0.75,1.0,0.0,0.0,6.394567106246667e-16,1.8328332508493536e-15,3.4535849762319667e-15
2030,0.76,0.9999999999999991,1.4615790674098184e-15,2.327341607193806e-16,0.0,0.0,0.0
2030,0.77,0.9999999999998205,0.0,5.041135100471017e-16,1.2202480043153086e-16,3.435048834881174e-17,1.8092728166809614e-16
2030,0.78,1.0,0.0,0.0,1.7311235859509763e-17,2.8976870070627526e-16,5.530727040085372e-16
2030,0.79,0.9999999999999991,9.9756594857444e-16,3.9966826099720534e-16,0.0,0.0,0.0
2030,0.8,0.9999999999999997,6.206426397933808e-16,8.604075974914457e-17,1.215975088089856e-16,0.0,0.0
2030,0.81,0.9999999999999959,5.0831954883376676e-15,1.3456185628648101e-15,0.0,0.0,0.0
2030,0.8200000000000001,1.0,6.772142762746011e-16,0.0,0.0,0.0,0.0
2030,0.8300000000000001,0.9999999999999984,2.066062859668429e-15,6.461298611762627e-16,0.0,0.0,0.0
2030,0.8400000000000001,0.9999999999998291,4.955128491183654e-16,2.3445085641429225e-18,1.6663132914182018e-16,0.0,0.0
2030,0.85,1.0,5.837118813873506e-16,0.0,1.579481558354578e-17,0.0,0.0
2030,0.86,0.99999999999993,0.0,5.4655723143956195e-16,0.0,1.9643875055239267e-16,0.0
2030,0.87,0.9999999999999987,2.0373899473709236e-15,0.0,0.0,0.0,0.0
2030,0.88,1.0,0.0,3.6189525023087345e-16,0.0,6.882989729388445e-17,2.6171073432847657e-16
2030,0.89,1.0,0.0,0.0,4.64694980357918e-17,2.538401041825896e-16,1.6622555721744654e-16
2030,0.9,0.9999999999999997,5.752751316219669e-16,0.0,1.6389875771133898e-16,1.9903156678107922e-16,0.0
2030,0.91,0.9999999999999297,0.0,9.30804196953813e-16,6.510108468526676e-16,1.2455351813728264e-16,4.0400330236406985e-18
2030,0.92,1.0,0.0,0.0,3.44223601852307e-17,6.762416706929163e-16,9.310675094678731e-16
2030,0.93,1.0,0.0,2.000562648890201e-16,1.8976672040401169e-16,1.5934701441103118e-16,2.861188357365565e-16
2030,0.9400000000000001,1.0,3.0598878718250815e-14,0.0,0.0,1.3493995442463494e-15,1.2580506133746411e-15
2030,0.9500000000000001,1.0,0.0,6.685827987838429e-16,2.337190482788005e-16,0.0,1.9106056323094263e-16
2030,0.9600000000000001,1.0,0.0,3.476011457294835e-17,0.0,2.403580925193797e-16,3.331939623296351e-16
2030,0.97,1.0,0.0,0.0,4.672557727157045e-16,8.407373748738328e-16,1.1995604366050149e-15
2030,0.98,0.9999999999999988,2.2125193031716705e-15,0.0,0.0,0.0,0.0
2030,0.99,1.0,0.0,0.0,0.0,3.6918905093968023e-16,7.68290011620462e-16
2030,1.0,0.9999999999999932,7.025478670566747e-15,7.817506357017537e-16,1.5591441339228313e-16,0.0,0.0
2031,0.01,1.0,5.215573608982832e-17,2.9472881976627804e-17,0.0,4.098972426264851e-17,0.0
2031,0.02,0.9999999999999991,4.2701638508530214e-16,8.667405796321039e-18,1.3633749218534806e-16,1.6864913523963568e-16,9.466379954529027e-17
2031,0.03,1.0,0.0,0.0,0.0,0.0,0.0
2031,0.04,0.9999999999999999,0.0,0.0,9.250150355432675e-17,0.0,6.474592793869784e-17
2031,0.05,1.0,0.0,0.0,0.0,0.0,0.0
2031,0.060000000000000005,1.0,0.0,0.0,0.0,0.0,0.0
2031,0.06999999999999999,1.0,1.3320683036388598e-16,0.0,0.0,0.0,9.600719501778829e-17
2031,0.08,1.0,0.0,0.0,1.2859635857042195e-16,0.0,0.0
2031,0.09,1.0,0.0,0.0,0.0,0.0,0.0
2031,0.09999999999999999,0.9999999999997556,0.0,0.0,1.66946595668158e-18,0.0,0.0
2031,0.11,1.0,0.0,0.0,0.0,0.0,0.0
2031,0.12,0.9999999999977623,6.245004513516506e-13,1.0941664241315152e-12,2.500638585090087e-13,1.1907141939104804e-13,1.490751966315429e-13
2031,0.13,0.9999999999971784,7.789324740770098e-13,1.34527111672611e-12,2.8743674107545303e-13,1.5039358647328527e-13,1.8451906669270102e-13
2031,0.14,1.0,0.0,0.0,0.0,0.0,0.0
2031,0.15000000000000002,0.9999999999999993,2.384519791850359e-15,9.933880721960449e-17,1.4861731302123879e-16,9.935408638289169e-17,5.500872917181863e-17
2031,0.16,0.9999999999999892,1.0655810496510681e-14,6.684360222662138e-16,0.0,0.0,2.783507176251565e-16
2031,0.17,0.9999999999999857,3.695142057572854e-14,3.6735738754400483e-16,8.70714604683301e-16,0.0,6.946680185386228e-17
2031,0.18000000000000002,1.0,0.0,0.0,0.0,0.0,0.0
2031,0.19,1.0,0.0,0.0,0.0,0.0,0.0
2031,0.2,1.0,3.4372504842394846e-13,0.0,0.0,0.0,0.0
2031,0.21000000000000002,0.999999999999724,1.2601031329495527e-14,1.4728496200433483e-13,4.776734563449736e-14,2.883804306463844e-14,3.953781746446339e-14
2031,0.22,1.0,0.0,0.0,0.0,0.0,0.0
2031,0.23,0.9999999999999012,1.0436096431476471e-14,4.8031023602845835e-14,1.700029006457271e-14,9.756084828893563e-15,1.3364309658925322e-14
2031,0.24000000000000002,1.0,0.0,0.0,0.0,0.0,0.0
2031,0.25,0.9999999999998622,5.645484080218921e-14,6.217595882596072e-14,2.011932287437901e-14,1.4731271757995046e-14,1.8870321971675708e-14
2031,0.26,0.9999999999999546,1.1934897514720433e-14,1.794051018855214e-14,6.512151928816934e-15,3.760880495917718e-15,5.332539965152705e-15
2031,0.27,0.9999999999998819,0.0,5.741587760788036e-14,1.8419293867921738e-14,1.1879386363489175e-14,1.6327217355893708e-14
2031,0.28,1.0,4.440892098500626e-16,0.0,0.0,0.0,0.0
2031,0.29000000000000004,1.0,9.121591516272847e-18,0.0,0.0,0.0,0.0
2031,0.3,0.9999999999999976,3.654423277524429e-15,0.0,6.647429866757024e-16,0.0,0.0
2031,0.31,1.0,2.7488828972333797e-15,0.0,0.0,0.0,0.0
2031,0.32,0.9999999999999978,0.0,1.818733897751383e-15,6.527278243189001e-16,7.368640304861434e-16,1.6895147864830033e-15
2031,0.33,0.9999999999999929,4.332739967179882e-15,2.4637261936794833e-15,3.2461478912336993e-16,0.0,1.1917372403041741e-16
2031,0.34,0.9999999999999981,9.018330143263382e-16,8.614142961492575e-16,2.872809649401894e-16,8.650832193602895e-17,0.0
2031,0.35000000000000003,0.9999999999999974,5.134718343370953e-15,0.0,0.0,0.0,0.0
2031,0.36000000000000004,1.0,0.0,1.7021933873957425e-15,3.9823635179987195e-16,4.100005806460501e-16,4.022635699475925e-16
2031,0.37,1.0,0.0,0.0,7.629761862014236e-17,0.0,6.799743337536147e-17
2031,0.38,1.0,0.0,6.685802891178644e-16,9.454102716280256e-17,3.5589958500278645e-17,1.5138192168675674e-16
2031,0.39,0.9999999999999867,1.6233799915660692e-14,0.0,0.0,0.0,0.0
2031,0.4,1.0,0.0,5.019214907606373e-15,3.0392210774117035e-15,3.1481529025603955e-15,3.733173571756997e-15
2031,0.41000000000000003,0.9999999999994329,6.717469733410704e-13,0.0,0.0,0.0,0.0
2031,0.42000000000000004,1.0,2.6104962921802837e-15,0.0,2.671457972882981e-17,9.322753386070478e-17,1.037414072285243e-16
2031,0.43,1.0,4.996003610813204e-16,0.0,0.0,0.0,1.5959455978986625e-16
2031,0.44,1.0,1.2146991089584985e-15,0.0,0.0,0.0,0.0
2031,0.45,1.0,1.5543122344752192e-15,0.0,0.0,0.0,0.0
2031,0.46,1.0,1.1102230246251565e-16,0.0,0.0,0.0,0.0
2031,0.47000000000000003,1.0,8.876233081878127e-14,0.0,0.0,1.3183898417423734e-16,0.0
2031,0.48000000000000004,1.0,1.9184653865522705e-13,1.734723475976807e-17,9.71445146547012e-17,0.0,0.0
2031,0.49,1.0,5.551115123125783e-17,0.0,0.0,6.591949208711867e-17,1.6306400674181987e-16
2031,0.5,1.0,1.1102230246251565e-16,0.0,0.0,0.0,0.0
2031,0.51,0.9999999999999993,4.996003610813204e-16,1.1796119636642288e-16,4.683753385137379e-16,0.0,6.938893903907228e-18
2031,0.52,1.0,0.0,5.551115123125783e-17,0.0,0.0,0.0
2031,0.53,1.0,2.5318636076576695e-13,0.0,0.0,0.0,0.0
2031,0.54,0.9999999999999172,1.7763568394002505e-15,0.0,0.0,0.0,0.0
2031,0.55,0.9999999999997504,3.3306690738754696e-16,6.973588373426765e-16,0.0,1.4224732503009818e-16,0.0
2031,0.56,0.999999999999752,0.0,2.5326962749261384e-16,4.996003610813204e-16,2.7755575615628914e-16,1.3530843112619095e-16
2031,0.5700000000000001,0.9999999999999991,3.377298440909726e-13,0.0,1.942890293094024e-16,2.0469737016526324e-16,3.469446951953614e-16
2031,0.5800000000000001,0.9999999999997546,2.7755575615628914e-16,1.0651202142497596e-15,3.0184188481996443e-16,8.326672684688674e-17,4.163336342344337e-17
2031,0.59,1.0,7.771561172376096e-16,0.0,0.0,0.0,0.0
2031,0.6,1.0,3.990696662015125e-13,0.0,5.551115123125783e-17,2.636779683484747e-16,1.6653345369377348e-16
2031,0.61,1.0,0.0,0.0,0.0,0.0,1.6653345369377348e-16
2031,0.62,0.9999999999993772,0.0,6.522560269672795e-16,4.718447854656915e-16,4.579669976578771e-16,4.3021142204224816e-16
2031,0.63,1.0,1.5470957848151556e-13,0.0,0.0,0.0,0.0
2031,0.64,1.0,3.3306690738754696e-16,0.0,1.1102230246251565e-16,0.0,0.0
2031,0.65,1.0,2.362554596402333e-13,0.0,1.6653345369377348e-16,0.0,0.0
2031,0.66,0.9999999999999988,7.005507285384738e-14,5.134781488891349e-16,5.273559366969494e-16,7.216449660063518e-16,7.077671781985373e-16
2031,0.67,0.999999999999849,1.0547118733938987e-15,0.0,0.0,0.0,0.0
2031,0.68,1.0,3.709255125272648e-13,0.0,1.6653345369377348e-16,3.469446951953614e-16,8.326672684688674e-17
2031,0.6900000000000001,0.9999999999999998,1.6653345369377348e-16,1.5612511283791264e-16,3.469446951953614e-17,0.0,0.0
2031,0.7000000000000001,0.9999999999999996,5.074829445561591e-13,2.498001805406602e-16,2.2898349882893854e-16,0.0,0.0
2031,0.7100000000000001,0.9999999999999996,2.2598589666245061e-13,0.0,0.0,3.0878077872387166e-16,3.365363543395006e-16
2031,0.72,0.999999999999999,1.6653345369377348e-16,5.967448757360216e-16,2.5326962749261384e-16,0.0,5.551115123125783e-17
2031,0.73,0.9999999999994882,1.2212453270876722e-15,0.0,0.0,0.0,0.0
2031,0.74,0.9999999999999994,3.3306690738754696e-16,5.551115123125783e-17,1.8041124150158794e-16,0.0,6.938893903907228e-18
2031,0.75,0.9999999999999996,2.1938006966593093e-13,0.0,2.914335439641036e-16,2.914335439641036e-16,1.5265566588595902e-16
2031,0.76,1.0,0.0,0.0,1.8041124150158794e-16,0.0,0.0
2031,0.77,1.0,0.0,1.1796119636642288e-16,7.28583859910259e-17,1.3877787807814457e-17,9.71445146547012e-17
2031,0.78,0.9999999999997856,0.0,0.0,0.0,1.457167719820518e-16,2.185751579730777e-16
2031,0.79,1.0,0.0,0.0,0.0,2.7755575615628914e-17,7.28583859910259e-17
2031,0.8,0.9999999999997882,8.326672684688674e-16,0.0,0.0,0.0,0.0
2031,0.81,0.9999999999999999,1.3250511798901243e-13,2.914335439641036e-16,0.0,0.0,0.0
2031,0.8200000000000001,0.9999999999999998,6.106226635438361e-16,0.0,0.0,1.5612511283791264e-16,2.220446049250313e-16
2031,0.8300000000000001,0.9999999999999998,1.2967404927621828e-13,0.0,1.6653345369377348e-16,6.938893903907228e-18,4.2327252813834093e-16
2031,0.8400000000000001,0.9999999999999993,0.0,1.3877787807814457e-17,3.8510861166685117e-16,6.938893903907228e-17,2.220446049250313e-16
2031,0.85,1.0,2.041700142285663e-13,0.0,1.6653345369377348e-16,0.0,0.0
2031,0.86,0.9999999999999387,0.0,0.0,0.0,0.0,0.0
2031,0.87,1.0,0.0,0.0,0.0,5.551115123125783e-17,2.7755575615628914e-17
2031,0.88,1.0,0.0,0.0,1.5265566588595902e-16,0.0,1.6306400674181987e-16
2031,0.89,0.9999999999998002,0.0,7.4593109467002705e-16,0.0,0.0,4.163336342344337e-17
2031,0.9,0.9999999999999993,1.3750112159982564e-13,3.3306690738754696e-16,3.3306690738754696e-16,1.5265566588595902e-16,2.3592239273284576e-16
2031,0.91,1.0,5.551115123125783e-17,0.0,0.0,0.0,6.245004513516506e-17
2031,0.92,1.0,0.0,0.0,1.3877787807814457e-16,1.734723475976807e-17,0.0
2031,0.93,1.0,1.9473311851925246e-13,0.0,0.0,0.0,0.0
2031,0.9400000000000001,1.0,0.0,2.220446049250313e-16,1.7694179454963432e-16,0.0,0.0
2031,0.9500000000000001,0.9999999999998648,2.7755575615628914e-16,0.0,9.71445146547012e-17,1.0408340855860843e-17,0.0
2031,0.9600000000000001,0.9999999999999998,3.843592111252292e-13,4.614364446098307e-16,0.0,0.0,0.0
2031,0.97,0.9999999999998116,0.0,0.0,1.3877787807814457e-17,2.7755575615628914e-17,3.3306690738754696e-16
2031,0.98,1.0,0.0,2.0816681711721685e-16,0.0,0.0,0.0
2031,0.99,1.0,3.017031069418863e-13,0.0,0.0,3.5388358909926865e-16,2.636779683484747e-16
2031,1.0,1.0,0.0,3.469446951953614e-16,0.0,1.5265566588595902e-16,0.0
2032,0.01,0.034758491547098216,0.09341627093798555,0.3851281097218395,0.28291110023625243,0.10404262166841868,0.09974340588840562
2032,0.02,0.0347954968897924,0.09345327602390503,0.3851651322692962,0.28294810634929213,0.1039686021234535,0.09966938634344044
2032,0.03,1.0,0.0,1.152400118525553e-17,2.7900643100564346e-17,2.0641290612710672e-17,0.0
2032,0.04,1.0,0.0,0.0,0.0,0.0,0.0
2032,0.05,2.662831496126187e-14,1.0,0.0,5.8141182638820565e-18,6.743515337317185e-17,1.7200117818542765e-17
2032,0.060000000000000005,1.0,0.0,0.0,0.0,0.0,0.0
2032,0.06999999999999999,1.0,0.0,0.0,0.0,0.0,0.0
2032,0.08,1.0,0.0,0.0,2.7755575615628914e-17,0.0,0.0
2032,0.09,1.0,0.0,0.0,0.0,0.0,0.0
2032,0.09999999999999999,1.0,0.0,0.0,0.0,0.0,0.0
2032,0.11,1.0,1.0313840371921789e-16,0.0,0.0,0.0,3.043421804964713e-17
2032,0.12,1.0,0.0,0.0,0.0,0.0,0.0
2032,0.13,0.9999999999995635,0.0,1.6823469786163782e-16,0.0,9.624391431815858e-17,0.0
2032,0.14,1.0,0.0,0.0,0.0,0.0,0.0
2032,0.15000000000000002,1.0,3.219793420609392e-17,0.0,0.0,3.836324962832217e-17,6.290231688842639e-17
2032,0.16,1.0,0.0,0.0,0.0,0.0,0.0
2032,0.17,1.0,3.128502870434088e-14,0.0,6.0646096593934305e-18,0.0,9.280241785080192e-19
2032,0.18000000000000002,1.0,0.0,0.0,0.0,4.705621747924665e-15,6.6588483449897496e-15
2032,0.19,1.0,0.0,0.0,0.0,0.0,0.0
2032,0.2,1.0,0.0,0.0,0.0,0.0,0.0
2032,0.21000000000000002,1.0,0.0,0.0,0.0,0.0,0.0
2032,0.22,1.0,0.0,7.22243001039153e-17,0.0,5.980077358410252e-17,1.0349123196464093e-16
2032,0.23,1.0,0.0,0.0,0.0,0.0,0.0
2032,0.24000000000000002,0.9999999999999976,1.0021466931501414e-15,7.086648766950182e-16,9.217623109328538e-16,0.0,0.0
2032,0.25,1.0,0.0,1.5768731085286365e-16,0.0,2.1280587557178882e-16,1.8543937548321697e-16
2032,0.26,1.0,0.0,0.0,0.0,0.0,0.0
2032,0.27,1.0,0.0,0.0,0.0,0.0,0.0
2032,0.28,1.0,0.0,0.0,0.0,0.0,0.0
2032,0.29000000000000004,1.0,0.0,0.0,0.0,0.0,0.0
2032,0.3,1.0,0.0,0.0,0.0,0.0,0.0
2032,0.31,1.0,0.0,0.0,0.0,0.0,0.0
2032,0.32,1.0,0.0,0.0,0.0,0.0,0.0
2032,0.33,1.0,0.0,0.0,0.0,0.0,0.0
2032,0.34,1.0,0.0,0.0,0.0,0.0,0.0
2032,0.35000000000000003,1.0,0.0,0.0,0.0,0.0,0.0
2032,0.36000000000000004,1.0,0.0,0.0,6.300027200925356e-17,0.0,2.8216014879778604e-17
2032,0.37,0.9999999999999977,0.0,2.99549748990843e-15,1.6110247148878633e-15,0.0,0.0
2032,0.38,1.0,4.478964999420777e-14,0.0,0.0,0.0,0.0
2032,0.39,1.0,0.0,0.0,0.0,0.0,0.0
2032,0.4,1.0,0.0,0.0,0.0,0.0,0.0
2032,0.41000000000000003,1.0,0.0,0.0,0.0,0.0,0.0
2032,0.42000000000000004,0.9999999999998591,4.915745555748313e-17,0.0,0.0,1.6792733956969692e-16,0.0
2032,0.43,1.0,0.0,0.0,0.0,0.0,0.0
2032,0.44,1.0,0.0,0.0,0.0,0.0,0.0
2032,0.45,0.9999999999999621,4.504503656589868e-17,0.0,0.0,0.0,1.0749507859913644e-16
2032,0.46,0.9999999999999418,1.87453504237538e-17,3.609250505040003e-17,0.0,1.60992670077178e-16,0.0
2032,0.47000000000000003,0.9999999999999993,1.2686306224686686e-16,6.023914139101268e-16,0.0,0.0,0.0
2032,0.48000000000000004,1.0,1.1486106507609743e-14,0.0,0.0,0.0,0.0
2032,0.49,1.0,0.0,0.0,0.0,0.0,0.0
2032,0.5,1.0,4.446195955579415e-15,0.0,0.0,0.0,0.0
2032,0.51,1.0,0.0,0.0,0.0,0.0,0.0
2032,0.52,0.9999999999999999,0.0,0.0,1.5679111707713124e-17,0.0,5.731247513115334e-17
2032,0.53,0.9999999999997597,4.4930487546883945e-13,0.0,0.0,0.0,0.0
2032,0.54,1.0,0.0,0.0,1.415404180984788e-15,1.3806218413426708e-16,0.0
2032,0.55,0.999999999999998,0.0,1.3234599063971112e-15,4.592687072936317e-16,7.064583443962103e-17,3.579307383486054e-17
2032,0.56,0.9999999999999962,2.054679096835994e-15,0.0,0.0,0.0,0.0
2032,0.5700000000000001,1.0,1.4104844060007623e-15,0.0,0.0,1.232873682477413e-16,0.0
2032,0.5800000000000001,1.0,0.0,3.215599591796343e-15,1.7506534194486903e-15,2.248224314965703e-15,0.0
2032,0.59,1.0,4.098283744718811e-13,5.879505487165284e-16,0.0,0.0,0.0
2032,0.6,0.9999999999996974,0.0,1.447031895271824e-16,1.143575823734744e-16,0.0,1.0864560576749767e-16
2032,0.61,0.9999999999999241,8.09127014521142e-14,0.0,0.0,7.189072515517353e-16,0.0
2032,0.62,0.9999999999998841,0.0,0.0,0.0,0.0,2.078691124986533e-15
2032,0.63,0.9999999999999893,0.0,4.396332990360134e-14,7.748966056451239e-14,2.3372092237191196e-15,4.2613249449927735e-15
2032,0.64,1.0,6.639318664484419e-16,1.8423826707377917e-17,5.949414286942179e-17,0.0,0.0
2032,0.65,0.9999999999999959,3.296752398479594e-15,0.0,0.0,0.0,0.0
2032,0.66,0.9999999999999778,4.014473243372322e-13,0.0,0.0,0.0,0.0
2032,0.67,1.0,3.7545896046063336e-13,0.0,0.0,0.0,0.0
2032,0.68,1.0,0.0,4.628151513126293e-13,3.166855956701241e-13,5.222563805311037e-14,5.2102810057663775e-14
2032,0.6900000000000001,0.9999999999999993,0.0,7.349774751255571e-15,4.148491371555695e-15,1.1146390429791474e-17,2.9031603179088936e-16
2032,0.7000000000000001,1.0,0.0,8.605618943059801e-14,6.275133701563463e-14,1.012164948962785e-14,1.0202150384319125e-14
2032,0.7100000000000001,0.9999999999999996,3.526938068292453e-16,0.0,3.585932680205338e-16,0.0,0.0
2032,0.72,1.0,0.0,3.7332722529863967e-17,0.0,2.8945120211807475e-17,1.3416578206203147e-16
2032,0.73,1.0,3.3261078801255207e-16,0.0,2.688525128900815e-16,0.0,0.0
2032,0.74,0.9999999999956376,0.0,0.0,4.37426050727512e-12,0.0,1.8390297243974005e-16
2032,0.75,1.0,0.0,5.402256341693382e-14,1.771660359427314e-14,0.0,0.0
2032,0.76,1.0,7.888830949597134e-16,8.805481066427555e-17,0.0,6.029923504884859e-17,3.254365943281578e-17
2032,0.77,1.0,0.0,4.128060100673368e-17,6.086260652454025e-17,0.0,0.0
2032,0.78,0.9999999999999999,1.7665578237760345e-14,0.0,0.0,9.98153216462164e-18,2.749249692226344e-18
2032,0.79,1.0,2.7004510311257043e-16,3.798699893473537e-16,0.0,0.0,0.0
2032,0.8,1.0,0.0,3.8858883947052335e-17,6.537590279955636e-17,1.6997133147859477e-16,0.0
2032,0.81,1.0,2.424247867342925e-15,0.0,0.0,5.4666060174502026e-18,0.0
2032,0.8200000000000001,1.0,0.0,3.7961349739110086e-15,1.5828426109645266e-15,1.0995826922164853e-15,0.0
2032,0.8300000000000001,1.0,0.0,0.0,2.4649472917618045e-17,0.0,2.402776286286912e-16
2032,0.8400000000000001,0.9999999999999387,6.484052594678521e-14,0.0,0.0,0.0,1.846722990284089e-15
2032,0.85,0.9999999999999267,0.0,6.766034864204846e-17,2.0831784271948102e-17,0.0,0.0
2032,0.86,1.0,3.4406368306480716e-14,0.0,0.0,0.0,0.0
2032,0.87,1.0,0.0,1.030893532013632e-16,2.9147574405646845e-16,0.0,4.627267568231121e-17
2032,0.88,0.9999999999999618,4.482987328145256e-16,0.0,0.0,1.1707614120928258e-16,6.449544503471244e-18
2032,0.89,0.9999999999998712,6.40305145229469e-17,1.8440660350220241e-16,2.0640958923624796e-16,1.6250365867164965e-17,8.045566481676706e-17
2032,0.9,1.0,1.2914885402260058e-15,1.6718459352156782e-16,1.0099786222939769e-16,2.8781913751305858e-18,1.40417799799371e-16
2032,0.91,0.9999999999999772,1.37068658234814e-17,2.7326378892735362e-17,0.0,0.0,1.2308717134309713e-16
2032,0.92,0.9999999999999998,3.0562337811508584e-14,1.7621998035860467e-16,0.0,5.734985024394504e-17,1.309310955008499e-16
2032,0.93,1.0,3.065227282757953e-14,1.1601518307050375e-16,5.1649208784707815e-17,9.092554862752253e-18,0.0
2032,0.9400000000000001,1.0,7.033294605090349e-14,0.0,1.124553481543119e-16,0.0,0.0
2032,0.9500000000000001,0.999999999999962,9.351372344006803e-15,0.0,0.0,3.96767019400663e-16,7.649521260905737e-16
2032,0.9600000000000001,1.0,4.834173110582541e-13,0.0,0.0,2.872643874135332e-17,5.341852438521492e-17
2032,0.97,1.0,5.928731325407964e-14,0.0,7.286088955654737e-18,5.974977694937339e-17,1.648591695457331e-16
2032,0.98,1.0,0.0,2.098456340198511e-15,3.861934857995073e-15,0.0,0.0
2032,0.99,0.9999999999999987,0.0,2.4460784334498268e-17,6.069711024402713e-17,1.201073611334448e-16,1.5663029333789955e-16
2032,1.0,0.99999999999998,4.770346711875467e-15,0.0,0.0,1.2414568573185253e-16,0.0
2033,0.01,1.0,0.0,0.0,0.0,0.0,0.0
2033,0.02,1.0,0.0,0.0,0.0,0.0,0.0
2033,0.03,0.9999999999999997,0.0,6.291245809042454e-17,2.728925565264166e-16,1.957698132131674e-17,1.2085589524543209e-16
2033,0.04,1.0,0.0,0.0,0.0,1.8021073226608144e-14,7.665076616471356e-16
2033,0.05,1.0,0.0,0.0,0.0,0.0,0.0
2033,0.060000000000000005,0.9999999999997679,3.245360084418304e-17,5.385755432103777e-17,0.0,0.0,6.920347108366748e-17
2033,0.06999999999999999,1.0,0.0,0.0,0.0,0.0,0.0
2033,0.08,1.0,0.0,0.0,9.038146886709342e-18,9.100667323518768e-18,5.884518890434462e-17
2033,0.09,1.0,0.0,0.0,0.0,0.0,0.0
2033,0.09999999999999999,0.9999999999999997,0.0,0.0,4.334083285566255e-16,0.0,0.0
2033,0.11,1.0,0.0,0.0,0.0,0.0,0.0
2033,0.12,0.9999999999999998,1.6683398603855067e-15,1.3211386366048163e-17,0.0,7.495675224105812e-17,7.328180055584002e-17
2033,0.13,0.9999999999999245,4.088779888228127e-14,9.975527560362866e-15,2.2745113152406078e-14,4.674702838095967e-16,1.304799409861915e-15
2033,0.14,0.9999999999969735,1.6036483753370404e-12,2.580915245399101e-13,1.0455209149713696e-12,3.7973961074496743e-14,8.129709148848316e-14
2033,0.15000000000000002,0.9999999999963249,1.9165772774797654e-12,3.066214774419848e-13,1.308799562765872e-12,4.571591675130041e-14,9.736091082041746e-14
2033,0.16,0.9999999999989508,5.315300619097011e-13,9.011606438079725e-14,3.832761420710689e-13,1.3502511554599333e-14,3.081966097463035e-14
2033,0.17,1.0,0.0,0.0,0.0,0.0,0.0
2033,0.18000000000000002,1.0,1.3848221780710003e-13,6.324195758398278e-17,1.3848589865060408e-16,2.0538935968722305e-19,3.294602117849252e-17
2033,0.19,0.9999999999999676,3.031268126561448e-16,0.0,2.1882676232071621e-16,0.0,1.748864199634235e-17
2033,0.2,0.9999999999999526,3.1948637727054314e-14,2.9320249299952224e-15,1.2782798329688762e-14,0.0,3.3188972282468135e-16
2033,0.21000000000000002,0.9999999999999998,3.864236333196121e-14,4.718276237815018e-17,1.635917025164691e-16,1.8783867982994817e-16,2.172534325937576e-16
2033,0.22,0.9999999999999998,4.2238786083843503e-16,0.0,0.0,4.692624011865261e-17,1.53800399649331e-16
2033,0.23,1.0,0.0,0.0,0.0,0.0,0.0
2033,0.24000000000000002,1.0,1.3010673587985476e-15,0.0,0.0,1.4697048786387749e-16,6.7827506075715e-17
2033,0.25,0.999999999999997,2.029752022156502e-15,0.0,7.114181276020391e-16,1.678113873559832e-16,9.061388897700932e-17
2033,0.26,0.9999999999999057,2.0802920814460592e-14,1.444422520942301e-14,5.1455222690031835e-14,2.5929336582448384e-15,4.9798602216297215e-15
2033,0.27,0.9999999999999896,5.4360041926268705e-15,2.4675128544701837e-16,4.563754862774573e-15,1.9310614779856176e-16,0.0
2033,0.28,1.0,0.0,0.0,0.0,0.0,0.0
2033,0.29000000000000004,1.0,0.0,0.0,0.0,0.0,0.0
2033,0.3,0.9999999999999998,4.111632370884016e-14,0.0,0.0,5.691785376670959e-17,0.0
2033,0.31,1.0,4.10111245666562e-14,0.0,0.0,0.0,0.0
2033,0.32,1.0,1.7618215422671299e-15,0.0,0.0,0.0,0.0
2033,0.33,0.9999999999999929,1.7079752342937004e-15,1.2876442398229368e-15,3.654705974770575e-15,0.0,5.539616650866806e-16
2033,0.34,0.9999999999999987,2.4680549555564264e-16,3.2484137043676045e-17,8.497542523555916e-16,2.348276026485196e-16,0.0
2033,0.35000000000000003,0.9999999999998621,1.6203514723297383e-15,0.0,0.0,0.0,8.111963253565148e-17
2033,0.36000000000000004,0.9999999999999997,4.2587196327241867e-16,0.0,1.8349417463799665e-16,0.0,0.0
2033,0.37,0.9999999999999987,1.5593325987535954e-15,0.0,4.648728572768414e-18,0.0,2.4010842955817652e-17
2033,0.38,1.0,9.066712183977547e-14,0.0,0.0,0.0,0.0
2033,0.39,1.0,0.0,2.7854986409120205e-16,3.121278140087081e-16,3.41546618380706e-16,1.8180290414866938e-16
2033,0.4,0.9999999999999989,0.0,0.0,2.0702496395216696e-16,2.0166412416558815e-16,1.258736850049311e-16
2033,0.41000000000000003,0.9999999999999997,0.0,4.952156950298586e-16,8.34526082271617e-16,0.0,2.930655646952258e-16
2033,0.42000000000000004,1.0,0.0,0.0,0.0,5.892172939337727e-17,9.582039039990591e-17
2033,0.43,1.0,8.530227407221976e-14,7.74920517082373e-17,7.288307927101517e-16,1.6564435278333248e-16,1.8866819674951786e-16
2033,0.44,1.0,0.0,4.3099132762843256e-16,5.707845864520982e-16,0.0,1.3195481592977436e-16
2033,0.45,1.0,3.566567750125232e-14,0.0,0.0,0.0,1.2501035208889024e-16
2033,0.46,0.9999999999999998,2.0040889826038437e-13,0.0,0.0,0.0,0.0
2033,0.47000000000000003,1.0,6.220548554746906e-16,0.0,0.0,1.9785842614913202e-17,0.0
2033,0.48000000000000004,0.9999999999999984,3.0225091703019354e-15,0.0,0.0,0.0,0.0
2033,0.49,1.0,0.0,0.0,3.6607916947383606e-16,1.4214398701053316e-16,9.561032622898685e-17
2033,0.5,1.0,3.461686563792047e-14,1.4825493040999457e-16,0.0,0.0,5.4426903337656433e-17
2033,0.51,0.9999999999999986,2.791954637114077e-15,0.0,0.0,0.0,0.0
2033,0.52,0.9999999999999994,5.508871472463843e-16,0.0,1.5458372463214663e-16,0.0,1.1014816446094922e-16
2033,0.53,0.9999999999999998,5.462898759251615e-16,0.0,1.2574309981108495e-16,0.0,0.0
2033,0.54,0.9999999999999988,2.1051189135916143e-15,0.0,0.0,0.0,0.0
2033,0.55,0.999999999999998,2.7889646108102692e-15,0.0,0.0,0.0,0.0
2033,0.56,0.9999999999999997,3.2425458836255003e-16,6.272300150241775e-17,5.061868892791699e-18,2.5609829401996957e-17,0.0
2033,0.5700000000000001,1.0,0.0,1.3108258375233925e-17,2.040040736979356e-16,0.0,2.0860812128273634e-16
2033,0.5800000000000001,0.9999999999999999,3.1961729473456955e-16,0.0,7.468183616822759e-17,0.0,5.837856951595045e-17
2033,0.59,1.0,0.0,5.325895415197969e-16,4.52509140862244e-16,4.331182273589881e-16,3.0676526382588006e-16
2033,0.6,1.0,7.17686316220027e-14,0.0,2.5797522912689227e-17,0.0,2.511288254150513e-17
2033,0.61,0.9999999999999998,5.841541544915601e-17,1.9991481038682864e-16,2.4117569107171694e-16,0.0,1.8593643741652774e-17
2033,0.62,1.0,0.0,0.0,3.471670413440157e-17,2.0059667190936836e-16,7.58877993268809e-17
2033,0.63,1.0,0.0,3.7715560756684374e-16,6.968684052662162e-16,2.5767779870836203e-16,1.1563947905799885e-16
2033,0.64,0.9999999999999968,4.050414992014077e-15,0.0,0.0,0.0,0.0
2033,0.65,0.9999999999999998,0.0,6.332826175753684e-17,4.0563825694972844e-16,0.0,3.548127544639046e-18
2033,0.66,1.0,0.0,0.0,0.0,1.8256228167114023e-16,0.0
2033,0.67,1.0,0.0,3.29320315639309e-17,2.436528703588254e-16,6.137051901468231e-17,1.1261603196910703e-16
2033,0.68,1.0,5.570897181720266e-14,2.601066517776397e-16,2.1784762416415436e-16,2.8022165871640433e-18,0.0
2033,0.6900000000000001,1.0,5.835691270432048e-14,9.081645898205153e-17,0.0,0.0,8.419613186125575e-17
2033,0.7000000000000001,0.9999999999999977,3.3754095659076786e-15,0.0,0.0,0.0,0.0
2033,0.7100000000000001,0.999999999999994,5.597375544644307e-15,0.0,1.0150227337903662e-15,0.0,1.092745629894076e-17
2033,0.72,0.9999999999999977,2.4054194102058127e-15,5.904349037954507e-17,0.0,0.0,1.5973474374263684e-16
2033,0.73,0.9999999999999637,0.0,0.0,4.897707727928405e-16,3.1725622558158597e-16,0.0
2033,0.74,0.9999999999999902,9.593692018602e-15,0.0,1.2256550059305596e-15,1.2658199178892217e-16,0.0
2033,0.75,0.9999999999999992,0.0,4.03069521796905e-16,4.7984585868545565e-16,3.857091580264545e-17,6.724509864957165e-17
2033,0.76,0.9999999999999999,2.289517606843167e-16,0.0,0.0,1.624300772338503e-16,0.0
2033,0.77,1.0,0.0,4.104087446475083e-16,0.0,1.5082639235724496e-16,7.883939151070692e-17
2033,0.78,0.9999999999999204,4.539975166135151e-16,0.0,0.0,3.392888077539381e-21,0.0
2033,0.79,1.0,0.0,5.131667584019005e-16,9.953776389552086e-16,1.2591780035645615e-16,4.0647872353048514e-16
2033,0.8,0.9999999999999979,2.781018700611195e-15,0.0,0.0,1.5954924352718815e-17,0.0
2033,0.81,1.0,5.101670640048895e-14,0.0,1.9246016816899778e-16,0.0,0.0
2033,0.8200000000000001,1.0,0.0,1.7870963389124196e-18,0.0,1.2152538667288315e-16,2.641546265752662e-17
2033,0.8300000000000001,1.0,0.0,1.6850884040588892e-16,6.889215421550764e-17,3.3670120812685994e-16,8.629444611684724e-17
2033,0.8400000000000001,1.0,0.0,0.0,1.3510906074623097e-16,0.0,1.8834529323940056e-16
2033,0.85,1.0,0.0,0.0,1.249559944448489e-16,4.325373745154085e-18,1.492438171744187e-16
2033,0.86,0.9999999999999981,1.990765865822258e-15,2.5890620824011758e-17,2.0572535052587474e-16,0.0,8.857709403057917e-17
2033,0.87,0.9999999999999997,5.457606920913644e-16,0.0,0.0,0.0,9.570879380910516e-17
2033,0.88,0.9999999999999963,4.650134118065264e-15,0.0,0.0,4.873404062027617e-17,3.227460226834901e-17
2033,0.89,0.9999999999999327,0.0,2.7390551957568017e-16,0.0,1.5140694227177464e-16,2.3485045126404407e-16
2033,0.9,0.9999999999999986,0.0,0.0,1.2166035998879307e-15,9.245798609928822e-17,3.653831101198649e-16
2033,0.91,1.0,0.0,8.055389207506803e-17,3.783081017707016e-16,3.1308762362330456e-16,2.0608893941848365e-16
2033,0.92,1.0,0.0,4.0013381148084e-16,4.772841134156034e-16,1.5414633799400819e-16,9.166961132100462e-17
2033,0.93,0.9999999999999982,1.1747020313063509e-15,2.279113668759514e-16,1.6847538260447237e-16,4.126289238813802e-17,4.745417383697492e-17
2033,0.9400000000000001,0.9999999999999999,4.4088858997974384e-16,0.0,0.0,1.9698439402668399e-16,0.0
2033,0.9500000000000001,0.9999999999999949,6.148076521658946e-15,3.1428522233160373e-17,0.0,2.53434163642618e-16,0.0
2033,0.9600000000000001,1.0,0.0,2.009373909124014e-16,8.479781301443177e-16,1.1649582936767294e-16,2.0773038339114407e-16
2033,0.97,0.999999999999997,4.338488038639068e-15,0.0,0.0,0.0,0.0
2033,0.98,1.0,0.0,3.3782013865018288e-16,2.124962142688704e-16,2.4766057531589586e-16,0.0
2033,0.99,0.9999999999999984,1.3048654784318008e-15,0.0,5.017752240525143e-16,0.0,5.4646542350348e-17
2033,1.0,0.9999999999999969,1.4787894674917956e-14,2.8397093361236723e-16,0.0,2.515513334747324e-16,0.0
2034,0.01,0.1112968983412012,0.16787933259111548,0.13841504088068765,0.2910113558116713,0.23648580411180134,0.05491156826352311
2034,0.02,0.1112968983412012,0.16787933259111548,0.13841504088068765,0.2910113558116713,0.23648580411180134,0.05491156826352311
2034,0.03,1.0,8.899926607903452e-17,3.203547748192488e-17,0.0,7.407122617742678e-17,0.0
2034,0.04,0.9999999999999992,6.502629165502157e-17,2.9679888088287243e-17,0.0,0.0,3.620449358869792e-17
2034,0.05,1.0,0.0,0.0,0.0,0.0,0.0
2034,0.060000000000000005,1.0,0.0,0.0,0.0,0.0,1.776601893097823e-15
2034,0.06999999999999999,1.0,0.0,5.499178378970456e-18,3.952707974127473e-17,8.387569984947674e-17,8.88442941254973e-18
2034,0.08,1.0,0.0,0.0,9.71445146547012e-17,1.734723475976807e-18,1.214306433183765e-16
2034,0.09,1.0,0.0,0.0,0.0,0.0,0.0
2034,0.09999999999999999,0.9999999999999841,0.0,1.555195339445498e-14,8.476895234661088e-14,5.618972301927829e-15,4.349742020710802e-15
2034,0.11,1.0,0.0,4.7512252658015e-17,0.0,5.836777320144743e-17,6.138405623980484e-17
2034,0.12,1.0,0.0,0.0,0.0,0.0,0.0
2034,0.13,1.0,2.700323353096895e-15,1.2717846898375162e-17,2.928257308158956e-17,1.0510680511401133e-16,4.340337463276243e-17
2034,0.14,1.0,0.0,5.502344554209656e-17,0.0,6.058736674459365e-17,3.874237380001544e-17
2034,0.15000000000000002,1.0,0.0,0.0,0.0,0.0,0.0
2034,0.16,1.0,3.623214864743547e-17,0.0,5.1271199187191175e-17,3.8589693629731014e-17,6.534895170423573e-18
2034,0.17,1.0,0.0,0.0,0.0,0.0,0.0
2034,0.18000000000000002,1.0,0.0,0.0,0.0,0.0,0.0
2034,0.19,1.0,0.0,0.0,0.0,0.0,0.0
2034,0.2,1.0,0.0,0.0,0.0,0.0,0.0
2034,0.21000000000000002,0.9999999999999998,1.5905100344373786e-13,0.0,1.09561145838933e-16,2.4622393167277833e-16,1.1986948942507838e-16
2034,0.22,1.0,0.0,0.0,0.0,0.0,0.0
2034,0.23,1.0,0.0,0.0,0.0,0.0,0.0
2034,0.24000000000000002,1.0,0.0,0.0,2.3351299813105083e-17,1.5865890773949018e-17,0.0
2034,0.25,0.9999999999999999,0.0,6.406703061303645e-17,2.0154908563910006e-16,0.0,1.1473980021196772e-16
2034,0.26,1.0,0.0,0.0,0.0,0.0,0.0
2034,0.27,1.0,0.0,0.0,0.0,0.0,1.2082150838960781e-15
2034,0.28,1.0,0.0,0.0,0.0,0.0,0.0
2034,0.29000000000000004,1.0,0.0,0.0,0.0,0.0,0.0
2034,0.3,1.0,0.0,0.0,0.0,0.0,0.0
2034,0.31,1.0,5.903506959405532e-14,0.0,0.0,1.87334877231916e-17,8.324571149624422e-18
2034,0.32,1.0,0.0,0.0,0.0,0.0,0.0
2034,0.33,1.0,0.0,0.0,0.0,0.0,0.0
2034,0.34,1.0,0.0,0.0,0.0,0.0,0.0
2034,0.35000000000000003,1.0,0.0,8.267539362494606e-17,0.0,0.0,3.184016535627494e-17
2034,0.36000000000000004,1.0,0.0,0.0,0.0,5.596969983780236e-17,0.0
2034,0.37,1.0,0.0,0.0,5.632330361339613e-16,2.0074991296000883e-16,0.0
2034,0.38,1.0,1.5588403234570053e-15,0.0,0.0,0.0,9.820315668312006e-17
2034,0.39,1.0,1.18278321004565e-16,8.990742022872902e-18,0.0,8.990742018026141e-18,2.2868529825032804e-17
2034,0.4,1.0,9.630245399899953e-16,8.351973766834042e-17,0.0,1.1127531328417129e-16,0.0
2034,0.41000000000000003,1.0,6.39866085926311e-16,1.252734883318928e-16,0.0,1.425118586947812e-17,0.0
2034,0.42000000000000004,1.0,9.211055462174487e-16,0.0,0.0,0.0,0.0
2034,0.43,0.999999999999995,0.0,2.4321266353966915e-16,9.953998225764895e-16,6.706284780200213e-16,1.3706330991680998e-16
2034,0.44,0.9999999999999999,5.420869903540611e-16,0.0,4.430529832580699e-20,1.392209310603929e-17,1.24944395568353e-16
2034,0.45,0.9999999999999958,0.0,4.1662358040356093e-16,1.6247824594098286e-15,1.0090129382365406e-16,2.086881611981245e-16
2034,0.46,1.0,0.0,0.0,0.0,0.0,0.0
2034,0.47000000000000003,1.0,0.0,0.0,0.0,0.0,0.0
2034,0.48000000000000004,1.0,7.366650284163225e-13,0.0,0.0,0.0,0.0
2034,0.49,1.0,0.0,7.694536067723173e-16,2.532616084086639e-15,1.5108491688431716e-15,7.008516997344576e-16
2034,0.5,1.0,8.035407820849646e-14,0.0,0.0,0.0,0.0
2034,0.51,0.9999999999990361,9.73966424315641e-13,0.0,0.0,0.0,0.0
2034,0.52,1.0,0.0,2.050783147629614e-14,5.862215755685594e-14,2.5973358578783084e-14,4.3518731709089355e-15
2034,0.53,0.9999999999999901,2.2251108335063046e-13,0.0,5.870009826998426e-16,0.0,2.7567701826092016e-16
2034,0.54,0.9999999999999978,2.7464221288994315e-15,1.3425524398737555e-16,0.0,0.0,1.464288118967708e-16
2034,0.55,1.0,7.775042516294568e-14,0.0,9.226121889549003e-17,9.646449067511818e-17,0.0
2034,0.56,0.9999999999999993,0.0,1.9273399387722487e-16,1.4029325054245464e-16,0.0,5.479543317635796e-17
2034,0.5700000000000001,0.9999999999999798,0.0,1.250093206570745e-14,1.750995298539365e-14,2.943261945200987e-14,4.360363078548001e-15
2034,0.5800000000000001,1.0,0.0,0.0,0.0,0.0,0.0
2034,0.59,0.9999999999996417,0.0,1.2562173523633646e-13,2.3936408410918375e-13,1.6620038678638593e-13,3.001765502830267e-14
2034,0.6,0.9999999999992873,7.049049990502145e-13,1.0841261694455625e-15,4.096341887773884e-15,2.3172330357535667e-15,5.111378255330638e-16
2034,0.61,0.9999999999992844,0.0,2.3396562465194393e-13,4.399536290833339e-13,3.0481173141083673e-13,5.542788450441094e-14
2034,0.62,0.999999999998931,0.0,3.606698273372899e-13,6.836892163519792e-13,4.4787784592159596e-13,8.291978215169138e-14
2034,0.63,0.9999999999991129,0.0,2.9384480959571135e-13,5.589313734066792e-13,3.4940453308429653e-13,7.762887554996212e-14
2034,0.64,0.9999999999997626,1.9423351815817114e-13,7.821521208484228e-14,1.531968996104638e-13,9.056644323379714e-14,1.7208456881689926e-14
2034,0.65,0.9999999999988529,0.0,3.7394393137546444e-13,7.426108339370074e-13,4.863331959370498e-13,9.255096689031461e-14
2034,0.66,1.0,7.107647803650252e-13,0.0,0.0,0.0,0.0
2034,0.67,1.0,5.997979890537408e-13,0.0,0.0,0.0,0.0
2034,0.68,0.9999999999987657,0.0,4.0571712656145564e-13,7.76823050330222e-13,4.925920782383741e-13,1.009886618774658e-13
2034,0.6900000000000001,0.9999999999987713,0.0,4.1187886434812526e-13,7.997630335765393e-13,5.004330283497893e-13,1.0817735596191369e-13
2034,0.7000000000000001,1.0,4.810041254188491e-13,0.0,0.0,0.0,0.0
2034,0.7100000000000001,0.999999999999592,0.0,1.4670209491640662e-13,2.7662594437316557e-13,1.7455481504669024e-13,3.938516179857743e-14
2034,0.72,1.0,1.1957101975212936e-13,0.0,0.0,0.0,0.0
2034,0.73,1.0,9.031664305325648e-14,0.0,0.0,0.0,0.0
2034,0.74,0.9999999999998079,0.0,7.041589533685055e-14,1.3287981825982342e-13,8.656964034514658e-14,1.8381129951450248e-14
2034,0.75,0.9999999999993523,0.0,2.428890422123686e-13,4.386213614537837e-13,2.9677649227011216e-13,7.159550730051478e-14
2034,0.76,1.0,1.7924550732573152e-13,0.0,0.0,0.0,0.0
2034,0.77,1.0,2.34035013590983e-13,0.0,0.0,0.0,0.0
2034,0.78,0.9999999999999573,0.0,1.874889132835733e-14,2.595840209451694e-14,1.9963197761541096e-14,5.315192730392937e-15
2034,0.79,1.0,1.2906342661267445e-13,0.0,0.0,0.0,0.0
2034,0.8,1.0,0.0,0.0,0.0,0.0,0.0
2034,0.81,1.0,0.0,8.641148065916936e-15,1.2314186586523173e-14,1.3424264344997876e-14,3.964016360844718e-15
2034,0.8200000000000001,1.0,0.0,0.0,4.369739535949336e-17,0.0,3.773628399883333e-17
2034,0.8300000000000001,1.0,0.0,2.2307129356039825e-15,0.0,1.9117448916234833e-15,0.0
2034,0.8400000000000001,0.9999999999978021,2.6581372056362966e-12,0.0,0.0,0.0,0.0
2034,0.85,1.0,0.0,6.234910633642313e-14,7.270168870743212e-14,9.684263888856334e-14,2.979753572926675e-14
2034,0.86,0.9999999999997122,3.664394019983915e-13,0.0,0.0,0.0,0.0
2034,0.87,1.0,0.0,1.0638640029790928e-13,1.1743165084955728e-13,1.8370565650652974e-13,5.588160680821189e-14
2034,0.88,1.0,0.0,1.3817047752793209e-13,1.4782551958478945e-13,2.3837482120107477e-13,7.327200657873028e-14
2034,0.89,0.9999999999973328,3.125701103788613e-12,0.0,0.0,0.0,0.0
2034,0.9,0.9999999999941336,6.821330219891194e-12,0.0,0.0,0.0,0.0
2034,0.91,0.9999999999999999,6.606810931353151e-14,0.0,0.0,9.036362329840759e-17,3.357160015600669e-17
2034,0.92,0.999999999999797,2.271995715894554e-13,0.0,9.197950345941663e-15,0.0,1.5622958927739727e-15
2034,0.93,1.0,5.358339796157797e-15,0.0,0.0,1.817527698917341e-17,5.1980049344834156e-17
2034,0.9400000000000001,0.9999999999975336,2.795177164115148e-12,0.0,0.0,0.0,0.0
2034,0.9500000000000001,0.9999999999999994,0.0,1.1210910099419304e-16,3.8961017253745433e-16,0.0,3.476999523486398e-17
2034,0.9600000000000001,1.0,0.0,1.2163048986320173e-13,1.324249598466122e-13,2.4209877659267614e-13,8.178793548765356e-14
2034,0.97,1.0,0.0,0.0,1.034941454150691e-16,0.0,0.0
2034,0.98,1.0,0.0,7.690274232842183e-16,7.436596120402034e-16,1.0940520208441042e-15,6.82951007087589e-16
2034,0.99,0.9999999999999927,0.0,4.7253867485608225e-15,4.850286838831153e-15,7.886052921790565e-15,2.6055546609171643e-15
2034,1.0,0.9999999999999987,0.0,8.049116928532385e-16,1.6514567491299204e-15,1.9567680809018384e-15,9.575673587391975e-16
2035,0.01,0.23857299558977751,0.14728342238811967,0.11550978856015008,0.08556315458982093,0.056404495612217644,0.3566661432599142
2035,0.02,0.23857299558977751,0.14728342238811967,0.11550978856015008,0.08556315458982093,0.056404495612217644,0.3566661432599142
2035,0.03,0.23857299558977751,0.14728342238811967,0.11550978856015008,0.08556315458982093,0.056404495612217644,0.3566661432599142
2035,0.04,0.23857299558977751,0.14728342238811967,0.11550978856015008,0.08556315458982093,0.056404495612217644,0.3566661432599142
2035,0.05,0.23864700773071382,0.14735743452905598,0.11547278075665598,0.08552614678632683,0.05636748755192999,0.3566291426454496
2035,0.060000000000000005,1.0,0.0,0.0,0.0,0.0,0.0
2035,0.06999999999999999,1.0,0.0,0.0,0.0,0.0,0.0
2035,0.08,1.0,0.0,0.0,0.0,9.885280513957216e-14,0.0
2035,0.09,1.0,0.0,0.0,0.0,0.0,0.0
2035,0.09999999999999999,1.0,0.0,0.0,0.0,0.0,0.0
2035,0.11,1.0,0.0,0.0,0.0,0.0,0.0
2035,0.12,1.0,0.0,0.0,0.0,0.0,0.0
2035,0.13,1.0,0.0,0.0,0.0,0.0,0.0
2035,0.14,1.0,0.0,0.0,0.0,0.0,0.0
2035,0.15000000000000002,1.0,0.0,0.0,0.0,0.0,0.0
2035,0.16,0.9999999999999998,3.063809464137099e-13,0.0,9.619019679558908e-20,0.0,0.0
2035,0.17,1.0,0.0,0.0,0.0,0.0,0.0
2035,0.18000000000000002,1.0,0.0,0.0,0.0,0.0,0.0
2035,0.19,1.0,1.0841674515792925e-16,0.0,4.356449266406477e-17,0.0,0.0
2035,0.2,1.0,0.0,0.0,0.0,0.0,0.0
2035,0.21000000000000002,1.0,0.0,0.0,3.544654940099587e-17,5.599151544216765e-17,0.0
2035,0.22,1.0,0.0,0.0,0.0,0.0,0.0
2035,0.23,0.9999999999992378,5.768886237093151e-13,2.5012551402792265e-14,3.725739778842348e-14,6.670447202539053e-15,1.1641405072326627e-13
2035,0.24000000000000002,0.9999999999991047,3.8157193147470925e-17,0.0,7.53449967914787e-17,1.7146972348235513e-16,7.802367628318837e-16
2035,0.25,0.9999999999999997,0.0,2.9187133329056633e-18,5.958118434684275e-17,3.160703459966204e-17,3.455426747041251e-16
2035,0.26,1.0,0.0,0.0,0.0,0.0,0.0
2035,0.27,1.0,0.0,0.0,0.0,0.0,0.0
2035,0.28,1.0,0.0,0.0,0.0,0.0,0.0
2035,0.29000000000000004,1.0,0.0,0.0,0.0,0.0,0.0
2035,0.3,1.0,0.0,0.0,0.0,0.0,0.0
2035,0.31,1.0,0.0,0.0,0.0,8.223197554355265e-16,0.0
2035,0.32,1.0,0.0,0.0,0.0,0.0,0.0
2035,0.33,1.0,0.0,0.0,0.0,0.0,0.0
2035,0.34,1.0,0.0,1.5906142316122874e-16,1.1992230729987443e-17,0.0,0.0
2035,0.35000000000000003,1.0,0.0,3.75443601313921e-17,4.077061854234514e-18,0.0,0.0
2035,0.36000000000000004,0.9999999999999997,0.0,3.493649152778539e-16,2.6923356347081206e-16,6.821499103361079e-17,1.1841053108486458e-15
2035,0.37,1.0,0.0,0.0,0.0,0.0,0.0
2035,0.38,0.9999999999999984,0.0,2.698360868857834e-17,8.69066338028013e-17,0.0,0.0
2035,0.39,0.9999999999998028,0.0,3.5418007238328285e-14,3.533840404499439e-14,8.655982416599705e-15,1.4989581965433803e-13
2035,0.4,0.999999999999998,2.3864528589683603e-15,0.0,0.0,0.0,0.0
2035,0.41000000000000003,0.9999999999997051,5.142650021451959e-14,4.6658585815861603e-14,4.9116076369963215e-14,0.0,1.4865642872300085e-13
2035,0.42000000000000004,0.9999999999995811,4.4402872843026524e-15,0.0,0.0,0.0,0.0
2035,0.43,1.0,0.0,8.580552116346307e-18,0.0,0.0,4.360648481873327e-16
2035,0.44,0.9999999999997217,0.0,5.917341191970371e-14,5.308032317083487e-14,6.492841289960952e-15,2.3481541273147585e-13
2035,0.45,1.0,0.0,0.0,0.0,0.0,0.0
2035,0.46,1.0,5.006946467575265e-13,0.0,0.0,0.0,0.0
2035,0.47000000000000003,1.0,3.111741661371347e-14,0.0,0.0,0.0,0.0
2035,0.48000000000000004,1.0,0.0,0.0,0.0,0.0,9.043263409066641e-15
2035,0.49,0.9999999999999792,2.7052558284177715e-14,0.0,0.0,0.0,0.0
2035,0.5,0.9999999999994653,8.301735964726877e-13,0.0,0.0,0.0,0.0
2035,0.51,0.9999999999993039,7.197529710278383e-13,0.0,0.0,0.0,0.0
2035,0.52,0.9999999999959747,0.0,4.996558722325517e-13,6.277756092742948e-13,2.550737399076297e-13,2.841338275771932e-12
2035,0.53,1.0,0.0,0.0,0.0,0.0,0.0
2035,0.54,0.9999999999981097,0.0,3.025774075737786e-13,2.5498006483992697e-13,1.7094659021665848e-13,1.248185582669592e-12
2035,0.55,1.0,1.735847031300022e-13,0.0,0.0,0.0,0.0
2035,0.56,0.999999999999975,1.5820377700673737e-13,0.0,0.0,0.0,0.0
2035,0.5700000000000001,0.9999999999999651,8.152012182800056e-14,0.0,0.0,0.0,0.0
2035,0.5800000000000001,1.0,0.0,2.3915331520685257e-15,2.1160687202590074e-15,1.379912385800295e-15,7.419162855549838e-15
2035,0.59,0.9999999999999948,9.1158935157105e-16,1.1159282150413879e-15,2.4189524556040946e-16,2.9142973231584095e-16,2.6340823070642155e-15
2035,0.6,0.9999999999996565,1.3029777588025456e-14,0.0,0.0,2.2086727751841366e-16,0.0
2035,0.61,0.9999999999999267,1.0708006162467895e-13,0.0,0.0,0.0,0.0
2035,0.62,0.999999999999909,1.3704946351531715e-13,0.0,0.0,0.0,0.0
2035,0.63,0.9999999999997905,3.089454165178295e-13,0.0,0.0,0.0,0.0
2035,0.64,0.9999999999998047,2.8262851916333195e-13,0.0,0.0,0.0,0.0
2035,0.65,1.0,0.0,4.461253203541667e-14,3.636325296287686e-14,2.4090944744057123e-14,1.4601933045674514e-13
2035,0.66,1.0,0.0,0.0,0.0,0.0,0.0
2035,0.67,0.9999999999999684,3.6434826188128664e-14,0.0,0.0,0.0,0.0
2035,0.68,1.0,0.0,1.0759918186002975e-14,6.344962236347275e-15,3.664589790473849e-15,3.1980020302919965e-14
2035,0.6900000000000001,1.0,1.1245829888850264e-16,2.2370098209268773e-17,0.0,0.0,2.9137920047260554e-17
2035,0.7000000000000001,0.9999999999993302,9.303844830632727e-13,0.0,0.0,0.0,0.0
2035,0.7100000000000001,1.0,0.0,1.1976879411025848e-13,9.36676296946795e-14,6.020928278891661e-14,3.838890995809318e-13
2035,0.72,1.0,0.0,4.258083584351719e-14,3.490072077164314e-14,2.0977504045768596e-14,1.3024238212580455e-13
2035,0.73,0.9999999999985699,1.919726964623691e-12,0.0,0.0,0.0,0.0
2035,0.74,0.999999999999993,6.413589629983434e-15,1.4778658531645136e-16,6.020738318071155e-17,9.394756293094517e-17,0.0
2035,0.75,0.9999999999989365,1.3917435878475467e-12,0.0,0.0,0.0,0.0
2035,0.76,0.9999999999999999,0.0,1.3735704050287286e-16,0.0,1.915272519802285e-17,1.0955422732250393e-16
2035,0.77,1.0,0.0,0.0,0.0,7.332012358562698e-17,3.1081373555225956e-18
2035,0.78,0.9999999999999999,9.575710348590867e-16,0.0,0.0,0.0,7.584216098075179e-17
2035,0.79,1.0,0.0,1.5427954876574734e-17,0.0,0.0,4.928462881693347e-16
2035,0.8,1.0,1.2901696336269895e-15,0.0,4.309878396214508e-17,0.0,0.0
2035,0.81,0.9999999999975759,3.0824091208936794e-12,0.0,0.0,0.0,0.0
2035,0.8200000000000001,0.9999999999999912,1.1392002310682955e-14,0.0,0.0,0.0,0.0
2035,0.8300000000000001,0.9999999999999991,7.535542111849817e-16,0.0,0.0,0.0,0.0
2035,0.8400000000000001,1.0,0.0,6.290391894598991e-16,4.631043500895799e-16,2.519293094334782e-16,3.371339213896398e-15
2035,0.85,1.0,1.079791269815976e-15,1.7193124213258782e-16,5.669068785634584e-17,0.0,0.0
2035,0.86,1.0,0.0,2.748130507675855e-14,2.5480731416440035e-14,1.2721642680195672e-14,1.0585457837999793e-13
2035,0.87,1.0,0.0,2.3719275995851352e-17,1.276100571588509e-16,1.291417570844443e-16,7.616592110344025e-17
2035,0.88,1.0,0.0,2.5637907193527204e-16,9.665656667128255e-16,5.25732844526197e-16,3.867421609640509e-15
2035,0.89,0.9999999999999996,0.0,1.0703711370503117e-16,1.413488012270858e-16,1.4233576082385698e-16,2.867368774419057e-16
2035,0.9,1.0,0.0,8.906031531555943e-14,7.623005315361437e-14,5.0979785108441246e-14,3.341467203411789e-13
2035,0.91,1.0,5.251326667712195e-15,0.0,0.0,0.0,0.0
2035,0.92,0.9999999999988676,1.288920416700329e-12,0.0,0.0,0.0,0.0
2035,0.93,0.999999999999998,3.852309254031978e-15,0.0,0.0,0.0,0.0
2035,0.9400000000000001,0.9999999999999998,0.0,4.699164691335225e-17,4.238570804631997e-17,0.0,1.9800604697986748e-16
2035,0.9500000000000001,1.0,5.959863514606924e-14,0.0,0.0,2.1704402277440185e-17,0.0
2035,0.9600000000000001,0.9999999999937599,7.185550771623938e-12,0.0,0.0,0.0,0.0
2035,0.97,1.0,0.0,0.0,0.0,0.0,0.0
2035,0.98,1.0,1.6042722705833512e-14,0.0,0.0,0.0,0.0
2035,0.99,1.0,4.163336342344337e-15,0.0,0.0,0.0,0.0
2035,1.0,0.9999999999999913,0.0,3.1502578323738817e-15,2.5777990853015353e-15,1.6618650899857812e-15,6.192962809237201e-15
2036,0.01,0.1345643809868096,0.303349399984795,0.31851816341369793,0.08920528828976884,0.12420399520597943,0.030158772118949156
2036,0.02,4.103766126644124e-13,0.9999999999995199,3.7882394642376626e-14,6.992372970158464e-15,6.1422481408884486e-15,1.860365704751786e-14
2036,0.03,1.0,0.0,0.0,0.0,0.0,1.1767216624844138e-16
2036,0.04,1.0,0.0,0.0,0.0,0.0,1.77117171754596e-17
2036,0.05,1.0,5.849403979355979e-17,2.851929493158687e-17,5.798598380696849e-17,0.0,0.0
2036,0.060000000000000005,0.9999999999999895,1.2656542480726785e-14,0.0,2.262729933977248e-16,0.0,8.565197162635485e-18
2036,0.06999999999999999,1.0,1.6121721417639662e-13,0.0,0.0,9.132226556728926e-17,3.221363983268568e-17
2036,0.08,1.0,2.0108661001093757e-13,3.215914527732826e-17,0.0,0.0,3.2159116274308034e-17
2036,0.09,1.0,0.0,0.0,0.0,0.0,1.1867114634055766e-16
2036,0.09999999999999999,1.0,0.0,0.0,0.0,0.0,0.0
2036,0.11,1.0,0.0,0.0,0.0,0.0,4.58078082202218e-17
2036,0.12,1.0,0.0,4.61471942123664e-14,1.7216043207788414e-15,6.066738131608093e-16,8.392934456153151e-17
2036,0.13,0.9999999999999988,0.0,4.1249174116524637e-16,2.5406542461342487e-16,2.85111688385769e-16,4.20747430885808e-16
2036,0.14,1.0,0.0,0.0,0.0,0.0,0.0
2036,0.15000000000000002,1.0,0.0,0.0,0.0,0.0,0.0
2036,0.16,1.0,0.0,0.0,0.0,2.10577929178608e-17,0.0
2036,0.17,1.0,0.0,0.0,0.0,0.0,0.0
2036,0.18000000000000002,0.9999999999999997,3.720009434332855e-16,0.0,0.0,4.416377157617448e-17,8.756949850218827e-17
2036,0.19,1.0,7.942253864311305e-17,2.4017640932886766e-17,0.0,8.516702665248798e-18,5.432510606476691e-17
2036,0.2,1.0,0.0,0.0,0.0,0.0,0.0
2036,0.21000000000000002,1.0,0.0,0.0,0.0,0.0,0.0
2036,0.22,1.0,0.0,0.0,0.0,0.0,0.0
2036,0.23,1.0,0.0,0.0,0.0,0.0,0.0
2036,0.24000000000000002,1.0,0.0,1.0909382019985443e-16,0.0,0.0,1.1949093786916415e-17
2036,0.25,1.0,0.0,1.0112768708916454e-16,0.0,5.949411190748436e-17,3.982960676226534e-18
2036,0.26,1.0,0.0,0.0,0.0,0.0,0.0
2036,0.27,1.0,0.0,0.0,0.0,0.0,0.0
2036,0.28,0.9999999999999947,5.036944813050124e-15,8.697470639472881e-16,0.0,0.0,0.0
2036,0.29000000000000004,1.0,1.3428787777028423e-13,2.0077387798481498e-17,0.0,9.123774668214164e-17,7.932071061590685e-17
2036,0.3,1.0,0.0,0.0,0.0,0.0,0.0
2036,0.31,1.0,0.0,0.0,0.0,0.0,0.0
2036,0.32,1.0,0.0,0.0,0.0,0.0,0.0
2036,0.33,1.0,6.333964148801888e-17,0.0,6.333965472290869e-17,0.0,4.946186691509423e-17
2036,0.34,0.9999999999999999,1.7823496901463032e-16,2.0599055124770414e-16,0.0,6.721266986083712e-17,0.0
2036,0.35000000000000003,1.0,0.0,0.0,0.0,0.0,0.0
2036,0.36000000000000004,1.0,0.0,0.0,0.0,0.0,0.0
2036,0.37,1.0,0.0,0.0,0.0,0.0,0.0
2036,0.38,1.0,0.0,0.0,0.0,0.0,0.0
2036,0.39,1.0,0.0,0.0,0.0,0.0,0.0
2036,0.4,0.9999999999999855,0.0,0.0,1.6347715804783566e-16,3.857706769995737e-17,0.0
2036,0.41000000000000003,1.0,0.0,0.0,0.0,0.0,0.0
2036,0.42000000000000004,1.0,0.0,0.0,0.0,0.0,0.0
2036,0.43,0.9999999999999999,0.0,0.0,4.8767180784337495e-17,3.488939297652304e-17,9.040054420778086e-17
2036,0.44,1.0,0.0,0.0,0.0,0.0,0.0
2036,0.45,1.0,0.0,0.0,0.0,0.0,0.0
2036,0.46,1.0,0.0,0.0,0.0,0.0,0.0
2036,0.47000000000000003,1.0,0.0,0.0,0.0,0.0,0.0
2036,0.48000000000000004,1.0,0.0,0.0,0.0,0.0,0.0
2036,0.49,1.0,0.0,8.543738060936719e-17,1.6048441571102695e-17,0.0,0.0
2036,0.5,1.0,0.0,0.0,0.0,0.0,0.0
2036,0.51,1.0,0.0,0.0,0.0,0.0,0.0
2036,0.52,1.0,0.0,0.0,9.2030742099001e-17,0.0,5.499340460487842e-17
2036,0.53,1.0,0.0,0.0,0.0,0.0,0.0
2036,0.54,1.0,2.6456117930320812e-17,0.0,0.0,1.0239380216845772e-16,4.688265093679599e-17
2036,0.55,1.0,0.0,0.0,0.0,3.700366722563037e-17,5.435090198539844e-17
2036,0.56,1.0,0.0,0.0,0.0,0.0,0.0
2036,0.5700000000000001,1.0,0.0,0.0,0.0,0.0,0.0
2036,0.5800000000000001,0.9999999999996942,2.7422508708241367e-14,2.305655666390294e-13,2.3453461395206432e-14,1.7041923427996153e-14,6.661338147750939e-15
2036,0.59,0.9999999999993431,2.852162950262027e-13,2.963636280828297e-13,3.04790914729125e-14,3.277933480205775e-14,1.271899252586195e-14
2036,0.6,1.0,0.0,0.0,0.0,0.0,0.0
2036,0.61,1.0,0.0,0.0,0.0,0.0,0.0
2036,0.62,1.0,0.0,0.0,0.0,0.0,4.725650211117691e-17
2036,0.63,1.0,0.0,0.0,0.0,0.0,0.0
2036,0.64,1.0,0.0,0.0,2.498001805406602e-16,0.0,0.0
2036,0.65,1.0,0.0,0.0,0.0,0.0,0.0
2036,0.66,1.0,0.0,0.0,0.0,0.0,0.0
2036,0.67,1.0,0.0,0.0,0.0,0.0,0.0
2036,0.68,1.0,0.0,0.0,0.0,0.0,0.0
2036,0.6900000000000001,0.9999999999992318,3.2346347822453936e-13,3.92900989520939e-13,1.6944778913341452e-14,2.5906360390237637e-14,6.0958182945825e-15
2036,0.7000000000000001,1.0,0.0,0.0,0.0,0.0,0.0
2036,0.7100000000000001,1.0,0.0,7.732903621669823e-17,0.0,2.1817884988671577e-17,0.0
2036,0.72,1.0,0.0,0.0,0.0,0.0,0.0
2036,0.73,0.9999999999983528,6.98441304791686e-13,7.888412145717894e-13,5.390132784555135e-14,7.915890165577366e-14,2.6978419498391304e-14
2036,0.74,1.0,0.0,0.0,0.0,0.0,0.0
2036,0.75,0.999999999996378,1.666222715357435e-12,1.6040224704028105e-12,1.203759314449826e-13,1.7474910407599964e-13,5.689893001203927e-14
2036,0.76,1.0,0.0,0.0,0.0,0.0,1.0639641290908805e-16
2036,0.77,1.0,0.0,0.0,0.0,0.0,0.0
2036,0.78,1.0,0.0,0.0,0.0,0.0,0.0
2036,0.79,1.0,0.0,0.0,0.0,0.0,0.0
2036,0.8,1.0,0.0,0.0,0.0,0.0,0.0
2036,0.81,0.999999999998862,7.125411372044255e-13,3.0924568461543345e-13,3.7962688548276446e-14,5.879324804780595e-14,1.9539925233402755e-14
2036,0.8200000000000001,1.0,0.0,0.0,0.0,0.0,0.0
2036,0.8300000000000001,0.9999999999980735,1.928058951871644e-12,8.831987671796053e-14,0.0,0.0,0.0
2036,0.8400000000000001,1.0,0.0,0.0,0.0,0.0,0.0
2036,0.85,1.0,0.0,0.0,0.0,0.0,0.0
2036,0.86,0.9999999999998335,3.2307490016592055e-14,7.785525696357709e-14,1.991289078073777e-14,2.7625471354930653e-14,8.760353553682876e-15
2036,0.87,1.0,0.0,0.0,0.0,0.0,0.0
2036,0.88,1.0,0.0,0.0,0.0,0.0,0.0
2036,0.89,1.0,0.0,0.0,0.0,0.0,0.0
2036,0.9,0.9999999999998891,1.965094753586527e-14,5.4876242439050316e-14,1.3078080285389149e-14,1.851643838257644e-14,5.1035564663237665e-15
2036,0.91,1.0,3.9968028886505635e-15,0.0,0.0,0.0,0.0
2036,0.92,1.0,3.1086244689504383e-15,0.0,0.0,0.0,0.0
2036,0.93,0.9999999999999151,1.2989609388114332e-14,4.276527049151824e-14,1.027910395690057e-14,1.4068607390171906e-14,4.4781886532341275e-15
2036,0.9400000000000001,0.9999999999999923,0.0,3.0470417855532617e-15,1.0972125985553305e-15,3.1242369802342296e-15,1.5386997231914279e-15
2036,0.9500000000000001,0.9999999999999596,4.884981308350689e-15,2.1446386333501266e-14,4.163336342344337e-15,7.382983113757291e-15,2.4424906541753444e-15
2036,0.9600000000000001,1.0,0.0,0.0,0.0,0.0,0.0
2036,0.97,0.9999999999999853,5.218048215738236e-15,4.163336342344337e-15,2.4147350785597155e-15,2.0539125955565396e-15,8.326672684688674e-16
2036,0.98,1.0,0.0,0.0,0.0,0.0,0.0
2036,0.99,1.0,0.0,0.0,0.0,0.0,0.0
2036,1.0,0.9999999999998477,1.7430501486614958e-14,8.198997036856781e-14,1.912359159916832e-14,2.5979218776228663e-14,7.854827899222983e-15
2037,0.01,0.21463215277855568,0.19046598490296995,0.2941107919786111,0.13741725035163438,0.10070972495625607,0.06266409503197279
2037,0.02,0.21463215277855568,0.19046598490296995,0.2941107919786111,0.13741725035163438,0.10070972495625607,0.06266409503197279
2037,0.03,0.214706171182425,0.1905400033068393,0.29407378819101015,0.13738024759108902,0.1006727221957107,0.06262706753292886
2037,0.04,0.9999999999996002,3.870598600550169e-13,1.2220148283546771e-14,0.0,0.0,6.963874423552874e-15
2037,0.05,1.0,6.76002183855338e-14,0.0,0.0,0.0,0.0
2037,0.060000000000000005,0.9999999999999996,5.722501821662875e-16,0.0,0.0,1.542154960834819e-17,0.0
2037,0.06999999999999999,1.0,0.0,0.0,0.0,0.0,0.0
2037,0.08,1.0,0.0,0.0,0.0,0.0,0.0
2037,0.09,1.0,0.0,6.7873981528624024e-18,0.0,2.7470152395774122e-17,3.374944431082302e-17
2037,0.09999999999999999,1.0,0.0,0.0,0.0,0.0,0.0
2037,0.11,1.0,0.0,0.0,0.0,0.0,0.0
2037,0.12,1.0,0.0,0.0,0.0,0.0,0.0
2037,0.13,1.0,0.0,0.0,0.0,0.0,0.0
2037,0.14,0.9999999999999999,2.5141458547463884e-13,2.2885552809451472e-17,0.0,0.0,9.223765449731705e-17
2037,0.15000000000000002,1.0,7.71538561763748e-17,0.0,9.572551142170613e-18,0.0,5.8377253559645374e-18
2037,0.16,1.0,0.0,1.748517508238717e-16,4.0681751280089856e-17,7.152059702701096e-18,2.1855933621757168e-18
2037,0.17,0.9999999999999097,4.3178923927676264e-14,3.185696804898654e-14,1.0432248515179169e-14,2.0484922114928466e-15,1.1181683122510644e-15
2037,0.18000000000000002,1.0,0.0,0.0,0.0,0.0,0.0
2037,0.19,1.0,0.0,5.5349454104148146e-14,1.0501261970628234e-14,1.5622754784117674e-15,5.262347479969291e-16
2037,0.2,0.9999999999999991,1.6828042413654935e-15,0.0,0.0,0.0,0.0
2037,0.21000000000000002,1.0,1.297526773307339e-13,1.0763824851882197e-17,5.2944100605902446e-17,0.0,0.0
2037,0.22,1.0,0.0,0.0,0.0,0.0,0.0
2037,0.23,1.0,0.0,0.0,0.0,0.0,0.0
2037,0.24000000000000002,1.0,0.0,0.0,0.0,0.0,0.0
2037,0.25,1.0,0.0,0.0,0.0,0.0,0.0
2037,0.26,1.0,1.7659530234291354e-16,0.0,2.4051260215468517e-17,0.0,6.55975905899912e-17
2037,0.27,1.0,0.0,7.201903245933157e-17,0.0,2.84815832504727e-17,4.938552719830588e-17
2037,0.28,1.0,0.0,0.0,0.0,0.0,0.0
2037,0.29000000000000004,1.0,0.0,0.0,0.0,0.0,0.0
2037,0.3,1.0,0.0,0.0,0.0,0.0,0.0
2037,0.31,1.0,0.0,0.0,0.0,0.0,0.0
2037,0.32,0.9999999999999839,4.765044735611908e-17,3.724210650025824e-17,0.0,5.1119893610139054e-17,0.0
2037,0.33,0.9999999999999849,0.0,1.155702685976526e-16,0.0,4.518508721334367e-17,3.551723789900302e-18
2037,0.34,1.0,0.0,0.0,0.0,0.0,0.0
2037,0.35000000000000003,1.0,0.0,0.0,0.0,3.0725832186575277e-16,3.1869566058172834e-16
2037,0.36000000000000004,1.0,0.0,0.0,0.0,0.0,0.0
2037,0.37,1.0,0.0,1.2637511349585247e-16,0.0,5.314067583564094e-17,0.0
2037,0.38,0.9999999999999999,2.3130251740649195e-17,1.611315147179081e-17,3.8441212330421794e-17,2.7520556018340543e-17,0.0
2037,0.39,0.9999999999998657,5.593603751597937e-17,9.507147761691265e-17,0.0,0.0,3.8765405816991365e-18
2037,0.4,1.0,0.0,0.0,0.0,0.0,0.0
2037,0.41000000000000003,1.0,0.0,2.6937820987477146e-17,0.0,1.0216709696922043e-16,2.784714845692375e-17
2037,0.42000000000000004,1.0,0.0,0.0,6.411984548607161e-17,3.289482291202673e-17,3.289482291848908e-17
2037,0.43,1.0,0.0,0.0,0.0,0.0,0.0
2037,0.44,1.0,0.0,0.0,0.0,0.0,0.0
2037,0.45,1.0,4.8662277250254735e-14,0.0,0.0,0.0,0.0
2037,0.46,1.0,0.0,0.0,9.937920542825187e-17,0.0,1.410297188390341e-17
2037,0.47000000000000003,1.0,0.0,0.0,0.0,1.9679241750402689e-16,1.1468393111927731e-15
2037,0.48000000000000004,1.0,0.0,3.3534318272768918e-18,9.948211287445867e-18,5.58070763103202e-18,0.0
2037,0.49,1.0,0.0,0.0,0.0,0.0,0.0
2037,0.5,0.9999999999999999,2.7218653873694066e-14,0.0,0.0,1.7484563381999353e-17,8.502435567134583e-17
2037,0.51,0.999999999999995,0.0,5.584350137661503e-16,0.0,3.860203862828912e-17,1.2302494262316295e-16
2037,0.52,1.0,0.0,0.0,0.0,0.0,0.0
2037,0.53,0.9999999999999916,5.159688910948559e-15,3.557578573952835e-16,0.0,7.814530782593007e-18,0.0
2037,0.54,1.0,0.0,0.0,0.0,0.0,0.0
2037,0.55,1.0,0.0,0.0,1.8044417683505008e-17,6.038669991411985e-17,0.0
2037,0.56,1.0,0.0,8.99080536406675e-17,0.0,2.0912335383662336e-16,8.807911082910209e-17
2037,0.5700000000000001,0.9999999999999165,0.0,1.408757018156328e-17,1.9321597172838512e-16,6.637931291037001e-17,0.0
2037,0.5800000000000001,0.9999999999999176,0.0,0.0,0.0,0.0,1.7515857972989691e-16
2037,0.59,1.0,0.0,0.0,0.0,0.0,0.0
2037,0.6,1.0,0.0,0.0,0.0,0.0,0.0
2037,0.61,1.0,0.0,0.0,0.0,0.0,0.0
2037,0.62,1.0,0.0,0.0,9.419735144144403e-17,3.0323221410359723e-17,0.0
2037,0.63,0.999999999995345,2.4952096133885047e-12,1.472015339177115e-12,3.6469963317066435e-13,1.9035182154133828e-13,1.3289357831005157e-13
2037,0.64,0.9999999999992867,5.401030637005006e-13,3.1719071039480615e-13,7.558790374939372e-14,3.302945961014679e-14,1.4450206241670964e-14
2037,0.65,1.0,0.0,0.0,0.0,0.0,0.0
2037,0.66,1.0,0.0,0.0,0.0,0.0,4.104286684743636e-16
2037,0.67,1.0,0.0,0.0,9.368457823930539e-17,7.851772639659536e-18,1.1174750117934385e-18
2037,0.68,0.9999999999999905,0.0,1.1825894258068038e-14,3.566769416646693e-15,1.712877464784204e-15,6.955988892419125e-16
2037,0.6900000000000001,1.0,0.0,0.0,0.0,0.0,0.0
2037,0.7000000000000001,0.9999999999992271,4.862723191278665e-13,2.335700036308267e-13,5.2352937486992053e-14,2.2549941686773968e-14,1.415645337687638e-14
2037,0.7100000000000001,1.0,0.0,0.0,6.829351429840164e-17,1.1140344043651023e-16,0.0
2037,0.72,1.0,0.0,0.0,0.0,0.0,0.0
2037,0.73,0.9999999999993434,0.0,5.985563902329455e-13,1.482012644154781e-13,7.768369736891159e-14,3.543819187317411e-14
2037,0.74,1.0,0.0,0.0,0.0,0.0,0.0
2037,0.75,1.0,3.877730598933162e-13,0.0,0.0,0.0,0.0
2037,0.76,0.9999999999996682,0.0,5.681324041097424e-13,1.4797109484932975e-13,8.273399145688134e-14,5.5103541242286725e-14
2037,0.77,1.0,4.1674885779890354e-13,0.0,0.0,0.0,0.0
2037,0.78,1.0,0.0,0.0,0.0,0.0,0.0
2037,0.79,1.0,0.0,0.0,0.0,0.0,0.0
2037,0.8,1.0,0.0,0.0,0.0,0.0,0.0
2037,0.81,1.0,0.0,0.0,0.0,0.0,0.0
2037,0.8200000000000001,0.9999999999997967,7.438494264988549e-15,1.1024514634527804e-13,4.198030811863873e-14,2.671474153004283e-14,1.6639467581569534e-14
2037,0.8300000000000001,0.9999999999997642,0.0,1.3148510058513807e-13,5.2208237732997986e-14,3.34038352534094e-14,2.0719537197066984e-14
2037,0.8400000000000001,0.9999999999999513,0.0,5.606877250219312e-14,2.4161745687019268e-14,1.555361920055104e-14,1.0406208873932603e-14
2037,0.85,0.9999999999999786,0.0,2.0180515037537193e-14,9.791676968048732e-15,4.5700969113317325e-15,3.125544858041409e-15
2037,0.86,0.9999999999999916,4.749139034709491e-14,0.0,0.0,0.0,0.0
2037,0.87,1.0,0.0,9.204553301332555e-15,2.999797252370732e-15,1.5841921687225619e-15,1.357737486757651e-15
2037,0.88,1.0,9.771841860727884e-16,0.0,0.0,0.0,0.0
2037,0.89,1.0,2.1104929443175615e-16,0.0,0.0,0.0,0.0
2037,0.9,0.9999999999999936,1.408020509722102e-15,3.003343727570399e-15,1.2017544116876593e-15,4.0130607757608457e-16,3.9778264137273023e-16
2037,0.91,1.0,0.0,6.283266561836182e-16,4.0694834953299783e-16,9.589185937351717e-17,0.0
2037,0.92,1.0,1.1418663594595423e-15,0.0,0.0,0.0,0.0
2037,0.93,0.9999999999995011,0.0,5.296813706726222e-15,1.4005300825982221e-15,1.0866641937395867e-15,5.296864652883547e-16
2037,0.9400000000000001,0.9999999999999906,3.884163176775266e-15,4.802421430498286e-15,8.862293968884931e-17,6.30912067245892e-16,5.928807114306475e-18
2037,0.9500000000000001,1.0,0.0,3.563232133939505e-15,2.7084492587343013e-15,7.385106625356058e-16,7.588191244789749e-16
2037,0.9600000000000001,0.9999999999999994,0.0,9.805877757478039e-16,7.587687864027979e-16,3.0620655378011785e-16,0.0
2037,0.97,1.0,0.0,6.731947661267005e-15,3.258188464578919e-15,1.4413705553542253e-15,7.722484083412182e-16
2037,0.98,0.9999999999999999,1.4774000588136556e-15,0.0,0.0,0.0,0.0
2037,0.99,0.9999999999999998,3.244283357518373e-13,0.0,0.0,0.0,7.905403960638803e-17
2037,1.0,0.9999999999999901,1.8512380671242617e-14,0.0,0.0,0.0,0.0
2038,0.01,0.14604857301708818,0.040060314963727514,0.3634146933706555,0.06547266967487529,0.041300772824422634,0.343702976149231
2038,0.02,0.14604857301708818,0.040060314963727514,0.3634146933706555,0.06547266967487529,0.041300772824422634,0.343702976149231
2038,0.03,0.14604857301708818,0.040060314963727514,0.3634146933706555,0.06547266967487529,0.041300772824422634,0.343702976149231
2038,0.04,0.14604857301708818,0.040060314963727514,0.3634146933706555,0.06547266967487529,0.041300772824422634,0.343702976149231
2038,0.05,0.14604857301708818,0.040060314963727514,0.3634146933706555,0.06547266967487529,0.041300772824422634,0.343702976149231
2038,0.060000000000000005,0.14604857301708818,0.040060314963727514,0.3634146933706555,0.06547266967487529,0.041300772824422634,0.343702976149231
2038,0.06999999999999999,0.14604857301708818,0.040060314963727514,0.3634146933706555,0.06547266967487529,0.041300772824422634,0.343702976149231
2038,0.08,0.14604857301708818,0.040060314963727514,0.3634146933706555,0.06547266967487529,0.041300772824422634,0.343702976149231
2038,0.09,0.14604857301708818,0.040060314963727514,0.3634146933706555,0.06547266967487529,0.041300772824422634,0.343702976149231
2038,0.09999999999999999,0.14604857301708818,0.040060314963727514,0.3634146933706555,0.06547266967487529,0.041300772824422634,0.343702976149231
2038,0.11,0.14604857301708818,0.040060314963727514,0.3634146933706555,0.06547266967487529,0.041300772824422634,0.343702976149231
2038,0.12,0.14604857301708818,0.040060314963727514,0.3634146933706555,0.06547266967487529,0.041300772824422634,0.343702976149231
2038,0.13,0.14604857301708818,0.040060314963727514,0.3634146933706555,0.06547266967487529,0.041300772824422634,0.343702976149231
2038,0.14,0.14604857301708818,0.040060314963727514,0.3634146933706555,0.06547266967487529,0.041300772824422634,0.343702976149231
2038,0.15000000000000002,0.14604857301708818,0.040060314963727514,0.3634146933706555,0.06547266967487529,0.041300772824422634,0.343702976149231
2038,0.16,0.1460300678291296,0.040152829732083936,0.3633961876690634,0.06545416859596564,0.041282271617135796,0.3436844745568019
2038,0.17,0.999999999999997,2.734075181762296e-15,0.0,6.72692390885684e-17,2.4779144190624665e-16,0.0
2038,0.18000000000000002,0.0,1.0,0.0,0.0,0.0,0.0
2038,0.19,1.0,0.0,0.0,0.0,1.3437621470909359e-14,2.710182836699234e-18
2038,0.2,0.9999999999999961,2.3403633588137838e-15,7.57124566360303e-16,1.1271851287446109e-16,3.057974082254653e-16,2.445273294098671e-16
2038,0.21000000000000002,1.0,0.0,4.163336342344337e-17,0.0,0.0,0.0
2038,0.22,1.0,0.0,0.0,0.0,0.0,0.0
2038,0.23,1.0,7.121123881483707e-17,6.025045401314927e-17,0.0,3.025515804272793e-17,4.6626001641662597e-17
2038,0.24000000000000002,1.0,0.0,0.0,3.4714338397849666e-17,0.0,7.629429573222416e-17
2038,0.25,1.0,0.0,0.0,0.0,0.0,0.0
2038,0.26,1.0,0.0,8.326672684688674e-17,0.0,0.0,0.0
2038,0.27,1.0,0.0,0.0,0.0,0.0,0.0
2038,0.28,0.9999999999999999,2.7755575615628914e-16,0.0,4.85722573273506e-17,5.551115123125783e-17,0.0
2038,0.29000000000000004,1.0,0.0,0.0,0.0,0.0,0.0
2038,0.3,1.0,0.0,9.970631286411263e-17,0.0,3.031736720759544e-17,0.0
2038,0.31,1.0,0.0,0.0,0.0,1.7694179454963432e-16,8.326672684688674e-17
2038,0.32,1.0,0.0,0.0,0.0,0.0,0.0
2038,0.33,0.9999999999999992,6.956244818992582e-14,1.4698533304168643e-17,1.7154607582011016e-17,0.0,0.0
2038,0.34,1.0,0.0,0.0,0.0,0.0,0.0
2038,0.35000000000000003,1.0,0.0,0.0,0.0,0.0,0.0
2038,0.36000000000000004,0.9999999999997818,0.0,9.025298030468144e-17,2.232053326262126e-17,2.5077205091387678e-17,9.280627269340217e-17
2038,0.37,0.9999999999994005,4.0770044282544636e-16,1.7060886235000563e-17,0.0,2.0350552553210014e-16,2.0077871388947112e-17
2038,0.38,1.0,0.0,0.0,0.0,0.0,0.0
2038,0.39,0.9999999999999832,4.407986264304008e-13,1.2888108103660736e-15,3.2522727035504387e-16,0.0,0.0
2038,0.4,0.999999999999145,0.0,6.850070918859039e-17,1.2402461223617134e-16,7.198291126558957e-17,0.0
2038,0.41000000000000003,1.0,0.0,0.0,0.0,0.0,0.0
2038,0.42000000000000004,1.0,1.7644626443717903e-14,0.0,0.0,0.0,8.242995605740814e-17
2038,0.43,1.0,0.0,0.0,1.3357370765021415e-16,0.0,1.249000902703301e-16
2038,0.44,1.0,0.0,0.0,0.0,0.0,0.0
2038,0.45,1.0,0.0,0.0,0.0,0.0,0.0
2038,0.46,1.0,0.0,0.0,0.0,0.0,0.0
2038,0.47000000000000003,0.9999999999999998,0.0,2.2121701092896716e-18,1.3426586664080195e-16,5.399482985507583e-17,0.0
2038,0.48000000000000004,1.0,0.0,0.0,0.0,0.0,0.0
2038,0.49,1.0,0.0,0.0,0.0,0.0,0.0
2038,0.5,0.9999999999999996,8.234192347885699e-16,0.0,0.0,1.6323159317410156e-17,0.0
2038,0.51,1.0,0.0,0.0,0.0,0.0,0.0
2038,0.52,1.0,0.0,0.0,0.0,0.0,0.0
2038,0.53,1.0,0.0,0.0,0.0,0.0,0.0
2038,0.54,1.0,0.0,0.0,0.0,0.0,0.0
2038,0.55,0.9999999999999997,1.1231851392113064e-16,1.2047324131635047e-16,1.7143243852303945e-16,0.0,0.0
2038,0.56,1.0,0.0,0.0,0.0,0.0,0.0
2038,0.5700000000000001,1.0,0.0,0.0,0.0,0.0,0.0
2038,0.5800000000000001,1.0,0.0,6.249852796413523e-16,0.0,0.0,0.0
2038,0.59,1.0,0.0,0.0,0.0,0.0,0.0
2038,0.6,1.0,3.4229125454325565e-14,0.0,1.4172473453664144e-16,5.305960979977467e-17,0.0
2038,0.61,1.0,0.0,2.7075083235330516e-17,0.0,0.0,1.1981897359231147e-16
2038,0.62,1.0,0.0,0.0,0.0,0.0,0.0
2038,0.63,1.0,0.0,0.0,0.0,0.0,0.0
2038,0.64,1.0,0.0,0.0,0.0,0.0,0.0
2038,0.65,1.0,0.0,0.0,0.0,0.0,0.0
2038,0.66,1.0,0.0,0.0,0.0,0.0,0.0
2038,0.67,1.0,0.0,0.0,0.0,0.0,0.0
2038,0.68,1.0,0.0,0.0,0.0,0.0,0.0
2038,0.6900000000000001,1.0,5.072774441987598e-17,0.0,1.603348665857665e-17,2.991127446639111e-17,2.991127446639111e-17
2038,0.7000000000000001,1.0,0.0,0.0,0.0,0.0,0.0
2038,0.7100000000000001,1.0,0.0,0.0,0.0,0.0,0.0
2038,0.72,1.0,0.0,0.0,0.0,0.0,0.0
2038,0.73,1.0,1.4053188778709093e-13,0.0,1.1295487306535443e-18,0.0,0.0
2038,0.74,0.9999999999999999,2.1672437767088906e-16,0.0,1.4398676529672292e-16,9.97275230157894e-17,3.906693925815503e-17
2038,0.75,1.0,3.189333156296617e-17,0.0,2.4954649417295756e-17,0.0,5.271022503292467e-17
2038,0.76,1.0,0.0,0.0,0.0,0.0,0.0
2038,0.77,1.0,0.0,0.0,0.0,0.0,0.0
2038,0.78,1.0,0.0,1.6248574978923496e-15,7.22978465270947e-17,0.0,2.6104723918821586e-16
2038,0.79,0.9999999999999943,5.518810976227775e-15,1.4620466964335425e-16,0.0,2.687872877995615e-16,2.341006819743006e-17
2038,0.8,1.0,0.0,0.0,0.0,0.0,0.0
2038,0.81,1.0,0.0,0.0,0.0,0.0,0.0
2038,0.8200000000000001,1.0,2.811779658621716e-13,0.0,7.046021858243818e-18,7.046021858243818e-18,7.046021858243818e-18
2038,0.8300000000000001,1.0,0.0,0.0,0.0,0.0,0.0
2038,0.8400000000000001,1.0,0.0,1.7858608389374912e-17,0.0,1.1250848119461487e-17,2.2436055089980972e-17
2038,0.85,1.0,0.0,0.0,0.0,0.0,0.0
2038,0.86,1.0,0.0,0.0,0.0,0.0,0.0
2038,0.87,0.9999999999998416,0.0,2.235336729644366e-14,7.421778329509198e-16,1.8515557478237462e-16,6.3677795437059624e-15
2038,0.88,0.9999999999999994,0.0,8.593248786192347e-15,3.598717455953452e-16,1.70158762979828e-16,1.7226930810890247e-15
2038,0.89,0.9999999999999983,2.0283354919631556e-13,0.0,0.0,1.0298936914068813e-16,0.0
2038,0.9,1.0,0.0,0.0,0.0,0.0,0.0
2038,0.91,1.0,7.778433357418556e-13,9.580517027663494e-17,0.0,0.0,5.0349385390249324e-17
2038,0.92,0.9999999999999902,0.0,0.0,0.0,2.4456916479313e-16,0.0
2038,0.93,0.999999999999935,6.646310433097474e-13,4.8319749763158356e-14,1.8132086470357277e-15,1.1844753479324002e-15,1.0698884322466566e-14
2038,0.9400000000000001,0.9999999999999869,2.343236202656764e-13,3.379909597184812e-16,0.0,3.8004667616017077e-16,0.0
2038,0.9500000000000001,1.0,5.635052966419052e-13,0.0,0.0,0.0,0.0
2038,0.9600000000000001,1.0,4.322145054305837e-13,4.1892488917263876e-16,0.0,0.0,9.476374060549818e-17
2038,0.97,0.9999999999990706,9.281875869250082e-13,1.1923035454677947e-15,0.0,1.3628300913095155e-17,5.816730344574484e-17
2038,0.98,0.999999999999983,0.0,2.3936211542837962e-14,1.837378642674024e-15,2.3259651780866387e-15,5.302828217127144e-15
2038,0.99,1.0,3.937751983361969e-14,0.0,0.0,0.0,0.0
2038,1.0,1.0,0.0,0.0,3.683025531213905e-17,0.0,3.7067425083438704e-17
2039,0.01,0.08167803364553373,0.14118172325207154,0.28459364102351287,0.2719212792522569,0.051566760301292085,0.16905856252533308
2039,0.02,0.08167803364553373,0.14118172325207154,0.28459364102351287,0.2719212792522569,0.051566760301292085,0.16905856252533308
2039,0.03,0.08167803364553373,0.14118172325207154,0.28459364102351287,0.2719212792522569,0.051566760301292085,0.16905856252533308
2039,0.04,0.08167803364553373,0.14118172325207154,0.28459364102351287,0.2719212792522569,0.051566760301292085,0.16905856252533308
2039,0.05,0.08167803364553373,0.14118172325207154,0.28459364102351287,0.2719212792522569,0.051566760301292085,0.16905856252533308
2039,0.060000000000000005,0.08167803364553373,0.14118172325207154,0.28459364102351287,0.2719212792522569,0.051566760301292085,0.16905856252533308
2039,0.06999999999999999,0.08167803364553373,0.14118172325207154,0.28459364102351287,0.2719212792522569,0.051566760301292085,0.16905856252533308
2039,0.08,0.08167803364553373,0.14118172325207154,0.28459364102351287,0.2719212792522569,0.051566760301292085,0.16905856252533308
2039,0.09,0.08171504348282801,0.1412187330893658,0.2846306518880567,0.2719582901168007,0.05149273934414986,0.16898454208181074
2039,0.09999999999999999,4.3249772460933294e-12,0.9999999999938018,1.0052305967982275e-12,7.801911230423244e-13,3.1877854649745834e-14,5.605895908948614e-14
2039,0.11,0.0,0.9999999999995948,1.8656190176490359e-19,0.0,4.7738529580249214e-17,0.0
2039,0.12,1.0,0.0,0.0,0.0,0.0,0.0
2039,0.13,1.0,0.0,0.0,6.071532165918825e-18,0.0,0.0
2039,0.14,1.0,0.0,2.1915531688159365e-17,0.0,0.0,4.5295956276581363e-17
2039,0.15000000000000002,0.9999999999999998,2.731711674462145e-16,3.308051193145024e-17,0.0,0.0,0.0
2039,0.16,1.0,0.0,0.0,0.0,2.598948396716119e-16,0.0
2039,0.17,1.0,0.0,0.0,0.0,0.0,0.0
2039,0.18000000000000002,1.0,0.0,0.0,0.0,0.0,0.0
2039,0.19,0.9999999999999996,4.440892098500626e-16,0.0,0.0,0.0,2.7755575615628914e-17
2039,0.2,0.9999999999999969,2.4424906541753444e-15,1.3877787807814457e-16,8.326672684688674e-17,5.551115123125783e-17,1.1796119636642288e-16
2039,0.21000000000000002,1.0,0.0,4.163336342344337e-17,1.3877787807814457e-17,0.0,0.0
2039,0.22,1.0,0.0,0.0,0.0,0.0,0.0
2039,0.23,0.9999999999999999,1.8259824433054795e-17,0.0,1.0461771716404123e-16,1.5718990935322765e-17,0.0
2039,0.24000000000000002,1.0,1.8463746606979897e-17,0.0,0.0,4.0625404969558716e-17,5.5385752304756013e-17
2039,0.25,0.9999999999997395,2.175022451615923e-17,1.1339756978943515e-17,8.07286960180158e-17,6.685125024938463e-17,0.0
2039,0.26,0.9999999999999979,0.0,2.8796409701215e-16,4.163336342344337e-16,3.3306690738754696e-16,3.3306690738754696e-16
2039,0.27,1.0,3.994881642008139e-14,0.0,0.0,4.384448721277093e-17,1.0835062670517507e-17
2039,0.28,1.0,0.0,0.0,0.0,6.306259416656866e-19,0.0
2039,0.29000000000000004,1.0,0.0,0.0,0.0,0.0,0.0
2039,0.3,1.0,0.0,0.0,0.0,0.0,0.0
2039,0.31,1.0,6.815477029280412e-15,1.6095263175672056e-17,3.023207865350606e-17,0.0,0.0
2039,0.32,1.0,0.0,0.0,0.0,0.0,0.0
2039,0.33,1.0,0.0,0.0,0.0,0.0,0.0
2039,0.34,0.9999999999999999,2.1348963833221188e-16,0.0,0.0,1.2129150492190018e-16,0.0
2039,0.35000000000000003,0.9999999999999157,2.1494004209896983e-17,4.9249579825525896e-17,0.0,0.0,0.0
2039,0.36000000000000004,1.0,0.0,0.0,0.0,5.65067425078042e-18,3.597731084432013e-17
2039,0.37,1.0,0.0,0.0,0.0,0.0,0.0
2039,0.38,1.0,0.0,0.0,0.0,0.0,0.0
2039,0.39,0.9999999999999999,2.554645952953909e-16,7.026392717551327e-17,0.0,1.1243686568240381e-17,0.0
2039,0.4,1.0,0.0,0.0,2.344503884368607e-16,1.4250705643371738e-17,7.001953521596841e-17
2039,0.41000000000000003,1.0,0.0,0.0,0.0,3.801234077418704e-17,0.0
2039,0.42000000000000004,1.0,1.0514934658316876e-16,0.0,0.0,1.014280661480846e-16,0.0
2039,0.43,1.0,0.0,0.0,0.0,3.8755118998893656e-17,1.1311132393846117e-16
2039,0.44,0.9999999999996091,0.0,5.640264348207563e-17,0.0,7.028578480281453e-17,7.028589729937783e-17
2039,0.45,0.9999999999999994,1.169721935834555e-16,3.268672606611753e-16,4.567161460957175e-16,0.0,0.0
2039,0.46,0.9999999999999999,0.0,1.0949842937970545e-16,1.769715626343804e-18,1.0190372411318274e-16,0.0
2039,0.47000000000000003,1.0,0.0,0.0,0.0,0.0,0.0
2039,0.48000000000000004,1.0,0.0,0.0,0.0,0.0,0.0
2039,0.49,1.0,0.0,0.0,0.0,0.0,0.0
2039,0.5,1.0,0.0,0.0,0.0,0.0,0.0
2039,0.51,1.0,0.0,0.0,0.0,0.0,0.0
2039,0.52,1.0,0.0,0.0,0.0,0.0,0.0
2039,0.53,1.0,0.0,0.0,0.0,0.0,0.0
2039,0.54,1.0,0.0,0.0,0.0,0.0,0.0
2039,0.55,1.0,0.0,0.0,0.0,0.0,0.0
2039,0.56,0.9999999999999903,4.478854834876072e-16,0.0,0.0,0.0,0.0
2039,0.5700000000000001,1.0,0.0,0.0,0.0,0.0,0.0
2039,0.5800000000000001,1.0,0.0,0.0,0.0,0.0,0.0
2039,0.59,1.0,0.0,0.0,0.0,0.0,0.0
2039,0.6,1.0,0.0,0.0,0.0,0.0,0.0
2039,0.61,1.0,0.0,0.0,0.0,0.0,0.0
2039,0.62,1.0,0.0,0.0,0.0,0.0,0.0
2039,0.63,1.0,0.0,0.0,0.0,0.0,0.0
2039,0.64,1.0,0.0,0.0,0.0,0.0,0.0
2039,0.65,1.0,0.0,0.0,0.0,0.0,0.0
2039,0.66,1.0,3.5986377911854096e-13,1.0138446711235816e-17,9.323401913603737e-17,0.0,0.0
2039,0.67,0.999999999999368,0.0,1.599649050937185e-16,0.0,0.0,5.761193686987508e-17
2039,0.68,1.0,3.1156516015319337e-18,0.0,0.0,5.71404295801626e-17,4.2158875653321274e-17
2039,0.6900000000000001,1.0,0.0,0.0,0.0,0.0,0.0
2039,0.7000000000000001,1.0,1.4765124572866186e-16,6.716254762922175e-17,0.0,0.0,0.0
2039,0.7100000000000001,1.0,0.0,5.1395257497375895e-15,8.944746982455501e-15,1.0018529630306803e-15,1.2328823450327748e-15
2039,0.72,1.0,1.3025092078197897e-15,1.471833728168128e-16,0.0,8.405494738870174e-18,8.405494738466277e-18
2039,0.73,1.0,0.0,0.0,0.0,0.0,0.0
2039,0.74,1.0,0.0,0.0,0.0,0.0,0.0
2039,0.75,1.0,5.609873694665314e-16,1.199240687425177e-16,0.0,0.0,0.0
2039,0.76,0.9999999999999805,1.9462157432041734e-17,0.0,1.7558727140732771e-16,2.2931604435694137e-17,0.0
2039,0.77,1.0,0.0,0.0,0.0,0.0,0.0
2039,0.78,1.0,4.894757450581282e-16,0.0,3.497819435180084e-17,0.0,7.22261873596998e-18
2039,0.79,1.0,0.0,0.0,0.0,0.0,0.0
2039,0.8,0.9999999999999765,0.0,1.475444298202344e-16,6.948187360807323e-17,2.6113785467882133e-17,0.0
2039,0.81,1.0,0.0,0.0,0.0,0.0,0.0
2039,0.8200000000000001,1.0,0.0,0.0,0.0,0.0,0.0
2039,0.8300000000000001,1.0,0.0,0.0,0.0,0.0,0.0
2039,0.8400000000000001,1.0,0.0,0.0,0.0,0.0,0.0
2039,0.85,1.0,0.0,2.0799749192641584e-17,2.0598327285479973e-17,6.225538633053476e-19,3.0025806660701215e-18
2039,0.86,1.0,0.0,0.0,0.0,0.0,0.0
2039,0.87,1.0,0.0,0.0,0.0,0.0,0.0
2039,0.88,1.0,0.0,0.0,0.0,0.0,0.0
2039,0.89,1.0,0.0,0.0,0.0,0.0,0.0
2039,0.9,1.0,0.0,0.0,0.0,0.0,0.0
2039,0.91,1.0,0.0,0.0,0.0,0.0,0.0
2039,0.92,1.0,0.0,0.0,0.0,0.0,0.0
2039,0.93,1.0,0.0,0.0,0.0,0.0,0.0
2039,0.9400000000000001,1.0,0.0,0.0,0.0,0.0,0.0
2039,0.9500000000000001,0.9999999999999668,0.0,0.0,6.880243076164462e-17,0.0,4.1046855507907227e-17
2039,0.9600000000000001,1.0,0.0,0.0,0.0,0.0,0.0
2039,0.97,0.9999999999999806,0.0,0.0,2.484905801815541e-16,5.2466826413897905e-17,0.0
2039,0.98,1.0,0.0,0.0,0.0,0.0,0.0
2039,0.99,1.0,0.0,0.0,0.0,0.0,0.0
2039,1.0,1.0,0.0,0.0,0.0,0.0,0.0
2040,0.01,0.004898566106222564,0.22443698966811418,0.2266908115922784,0.1882035719637907,0.18124336038019667,0.17452670028939749
2040,0.02,0.004898566106222564,0.22443698966811418,0.2266908115922784,0.1882035719637907,0.18124336038019667,0.17452670028939749
2040,0.03,0.004898566106222564,0.22443698966811418,0.2266908115922784,0.1882035719637907,0.18124336038019667,0.17452670028939749
2040,0.04,0.004898566106222564,0.22443698966811418,0.2266908115922784,0.1882035719637907,0.18124336038019667,0.17452670028939749
2040,0.05,0.004898566106222564,0.22443698966811418,0.2266908115922784,0.1882035719637907,0.18124336038019667,0.17452670028939749
2040,0.060000000000000005,0.004898566106222564,0.22443698966811418,0.2266908115922784,0.1882035719637907,0.18124336038019667,0.17452670028939749
2040,0.06999999999999999,0.004898566106222564,0.22443698966811418,0.2266908115922784,0.1882035719637907,0.18124336038019667,0.17452670028939749
2040,0.08,0.004898566106222564,0.22443698966811418,0.2266908115922784,0.1882035719637907,0.18124336038019667,0.17452670028939749
2040,0.09,0.004880061862071126,0.22452950639497238,0.22667230744442565,0.18818506781593794,0.1812248562323439,0.1745082002499999
2040,0.09999999999999999,0.004898566106222564,0.22443698966811418,0.2266908115922784,0.1882035719637907,0.18124336038019667,0.17452670028939749
2040,0.11,0.004898566106222564,0.22443698966811418,0.2266908115922784,0.1882035719637907,0.18124336038019667,0.17452670028939749
2040,0.12,0.004880059005658382,0.22452950835312352,0.22667230458802778,0.18818506495954007,0.18122485337594604,0.17450820971852113
2040,0.13,0.0,1.0,0.0,0.0,0.0,0.0
2040,0.14,0.0,1.0,0.0,0.0,2.360425014354335e-16,4.645029203982634e-16
2040,0.15000000000000002,0.0,1.0,0.0,0.0,0.0,0.0
2040,0.16,0.0,1.0,0.0,0.0,0.0,0.0
2040,0.17,0.0,1.0,3.715363910672582e-17,0.0,4.3388305545052803e-17,0.0
2040,0.18000000000000002,1.6809005271454704e-13,0.9999999999999999,1.3445466492875047e-16,0.0,0.0,2.4261131399980796e-16
2040,0.19,0.0,0.9999999999997891,9.345832849447794e-17,6.298099996265366e-17,1.446542952947647e-17,0.0
2040,0.2,0.0,1.0,0.0,0.0,0.0,0.0
2040,0.21000000000000002,0.0,1.0,0.0,0.0,0.0,0.0
2040,0.22,0.0,1.0,0.0,0.0,0.0,0.0
2040,0.23,0.0,1.0,0.0,0.0,0.0,0.0
2040,0.24000000000000002,1.6407331494667644e-12,0.9999999999972896,8.322726769130745e-13,2.537764586100064e-13,9.278539921974434e-15,0.0
2040,0.25,8.747487586435226e-17,1.0,0.0,0.0,2.809553443967902e-17,3.7569081794016136e-17
2040,0.26,0.0,1.0,0.0,0.0,0.0,1.6083323935787924e-13
2040,0.27,0.0,1.0,0.0,0.0,0.0,0.0
2040,0.28,0.0,1.0,0.0,0.0,0.0,0.0
2040,0.29000000000000004,0.0,0.9999999999999921,0.0,7.246631183509167e-17,2.3894054510972246e-17,0.0
2040,0.3,0.0,1.0,0.0,0.0,0.0,0.0
2040,0.31,0.0,1.0,0.0,0.0,0.0,0.0
2040,0.32,0.0,1.0,0.0,0.0,0.0,0.0
2040,0.33,4.786196374600106e-17,0.9999999999998641,5.1404417038433146e-17,1.768625018432956e-17,0.0,0.0
2040,0.34,0.0,1.0,0.0,0.0,0.0,0.0
2040,0.35000000000000003,0.0,1.0,0.0,0.0,0.0,0.0
2040,0.36000000000000004,0.0,1.0,0.0,0.0,0.0,0.0
2040,0.37,0.0,1.0,2.681974215247456e-15,0.0,0.0,3.4333762055681294e-16
2040,0.38,3.861151132439189e-13,0.9999999999999999,2.12273396627267e-17,4.69455756334921e-17,4.132199754483223e-17,7.222322294996787e-17
2040,0.39,6.859103760058081e-14,0.9999999999999662,2.8092879774264128e-14,1.280985701696035e-14,1.969473105272065e-15,0.0
2040,0.4,7.788473482629899e-16,1.0,0.0,8.531007765607474e-18,0.0,2.9616495878640885e-17
2040,0.41000000000000003,0.0,1.0,9.87856760342118e-18,2.0647871989527358e-17,1.343301979964999e-17,1.1300385731434924e-17
2040,0.42000000000000004,0.0,1.0,4.467736932814398e-18,0.0,0.0,1.222956884061464e-16
2040,0.43,0.0,0.999999999999999,2.9995038117798335e-15,5.226059455026913e-16,2.522944341407033e-16,0.0
2040,0.44,1.9816079964303612e-14,0.9999999999996484,2.327698859770666e-13,8.58710817801495e-14,1.7575290896524984e-14,0.0
2040,0.45,0.0,0.9999999999999339,7.816004569160774e-14,2.549786965143585e-14,3.829354775121849e-15,1.5634242104369237e-15
2040,0.46,9.806025390605816e-16,0.9999999999996768,0.0,0.0,2.0000298804692195e-17,9.092524368868219e-17
2040,0.47000000000000003,0.0,1.0,2.031582904138725e-15,5.826719490867982e-16,0.0,9.5256367131539e-17
2040,0.48000000000000004,3.277351907150576e-16,1.0,0.0,0.0,6.478456381360468e-18,0.0
2040,0.49,0.0,1.0,0.0,1.5654556678033497e-17,0.0,0.0
2040,0.5,1.1570596503852462e-13,1.0,1.9124577879286303e-16,2.459122206272072e-16,3.01277239546512e-17,0.0
2040,0.51,0.0,0.9999999999999646,4.140224550131431e-15,1.1368082804885975e-15,1.2389948180732648e-16,4.046661831934788e-17
2040,0.52,0.0,0.9999999999998684,0.0,0.0,0.0,0.0
2040,0.53,6.482530520977853e-15,0.9999999999998813,0.0,0.0,0.0,1.2357620174649977e-15
2040,0.54,0.0,1.0,0.0,0.0,0.0,0.0
2040,0.55,0.0,1.0,0.0,0.0,0.0,0.0
2040,0.56,0.0,1.0,0.0,0.0,0.0,0.0
2040,0.5700000000000001,0.0,1.0,0.0,0.0,0.0,0.0
2040,0.5800000000000001,0.0,0.9999999999999999,0.0,0.0,0.0,0.0
2040,0.59,0.0,0.9999999999999998,0.0,0.0,3.9361432203233733e-17,0.0
2040,0.6,6.974727177419253e-14,1.0,4.1317757106819555e-17,1.6525891767592983e-17,0.0,0.0
2040,0.61,3.554383292659338e-15,0.9999999999999999,0.0,0.0,0.0,0.0
2040,0.62,0.0,1.0,0.0,0.0,0.0,0.0
2040,0.63,0.0,1.0,0.0,0.0,0.0,0.0
2040,0.64,6.699544141995461e-15,0.9999999999999973,1.3000263514935865e-15,2.4198921467903265e-15,7.905748938898207e-18,0.0
2040,0.65,0.0,0.9999999999998871,8.92733019348146e-15,6.1211213680351385e-15,8.826164459909828e-16,6.314063231198301e-16
2040,0.66,1.1426754494408133e-14,1.0,1.0940683537320942e-17,0.0,0.0,0.0
2040,0.67,2.2586315821509923e-14,1.0,1.5571861870731606e-16,4.876781900587887e-17,0.0,3.167738817999399e-17
2040,0.68,0.0,1.0,0.0,0.0,0.0,0.0
2040,0.6900000000000001,0.0,0.9999999999999531,0.0,4.239250372602418e-17,2.2572873781617905e-17,0.0
2040,0.7000000000000001,3.937059393679116e-14,0.9999999999999624,0.0,0.0,8.719184081832349e-17,7.537311371515466e-16
2040,0.7100000000000001,9.605390126842822e-15,0.9999999999999987,3.001140964699525e-16,1.3814911612871554e-16,5.82109942015061e-17,1.6779514713890488e-17
2040,0.72,0.0,1.0,9.955006024293425e-17,0.0,4.256364158672565e-17,0.0
2040,0.73,0.0,0.9999999999999993,3.836211044568388e-16,2.281523127235162e-16,1.0195272998055094e-16,1.5467457853423862e-16
2040,0.74,8.672558762064584e-16,0.9999999999999997,0.0,0.0,9.897788346380173e-17,5.2564346710252234e-17
2040,0.75,0.0,1.0,1.5686383311303025e-15,1.2083859057693428e-16,9.575077389566088e-17,0.0
2040,0.76,0.0,0.9999999999999997,2.272386997528485e-15,7.714644645142132e-16,2.764398024306164e-16,4.420347201370809e-16
2040,0.77,2.250872527674699e-15,0.9999999999999992,0.0,0.0,0.0,4.3536029182489085e-17
2040,0.78,0.0,1.0,1.2697678082299536e-15,4.817369299851217e-16,1.9172286070768334e-16,6.75949482930871e-17
2040,0.79,7.712641169825645e-14,0.9999999999999872,7.528114912450638e-15,2.4580845313546815e-15,4.905764522024634e-16,1.0487459346588826e-15
2040,0.8,1.429551085312327e-15,1.0,0.0,4.201476421913341e-17,0.0,0.0
2040,0.81,1.7651114715034045e-15,0.9999999999999998,5.703480876598692e-16,2.21483013557164e-16,5.459632354327566e-17,8.949629746684324e-17
2040,0.8200000000000001,0.0,0.9999999999999999,1.2136099936369048e-17,1.547879448366615e-16,5.947716955540396e-17,1.116292927400365e-16
2040,0.8300000000000001,0.0,0.9999999999999987,2.249253323987615e-16,6.063305186180873e-16,9.186543827409351e-17,0.0
2040,0.8400000000000001,1.7734137486439298e-15,0.9999999999999994,0.0,0.0,0.0,0.0
2040,0.85,1.0612591225907813e-15,1.0,2.474474204686285e-16,0.0,5.191372950752815e-17,3.765456622188963e-17
2040,0.86,2.279078187494383e-16,1.0,0.0,7.660935217730461e-17,0.0,6.12890662095786e-20
2040,0.87,0.0,1.0,2.2128619703504823e-14,5.891435385398905e-15,2.2264370074071243e-15,2.9570542228468265e-15
2040,0.88,1.6662038953200853e-16,0.9999999999999999,0.0,0.0,9.726016125607669e-17,0.0
2040,0.89,0.0,1.0,2.47103393919758e-13,1.8185869507699243e-13,4.675041444810588e-14,4.3086238644985e-14
2040,0.9,0.0,1.0,3.3359474931870964e-16,6.742876186651651e-17,1.5597442337147638e-16,0.0
2040,0.91,6.979781946099724e-13,0.9999999999994865,0.0,0.0,0.0,0.0
2040,0.92,0.0,0.9999999999999999,8.130666198813098e-17,2.6235806293371547e-17,1.1328144472011597e-16,9.790329355801322e-17
2040,0.93,4.4157314697287995e-13,0.9999999999996817,0.0,0.0,0.0,0.0
2040,0.9400000000000001,0.0,1.0,4.866510825805186e-16,4.356952469841402e-16,0.0,0.0
2040,0.9500000000000001,0.0,0.9999999999997248,0.0,4.62276506906063e-17,2.95983193670281e-18,3.3179342540459886e-17
2040,0.9600000000000001,2.9462523678478467e-12,0.9999999999977777,0.0,0.0,0.0,0.0
2040,0.97,1.7407899925248018e-16,1.0,4.8259757805383995e-17,0.0,6.991883344810192e-17,0.0
2040,0.98,2.1191511596105957e-16,0.9999999999999999,6.98849357945811e-17,0.0,9.740553498423713e-18,1.1446130036459302e-17
2040,0.99,0.0,1.0,2.4532051936442e-16,1.6205608583296851e-16,0.0,8.073283735046108e-17
2040,1.0,0.0,1.0,4.1400969404685827e-13,3.036852246013171e-13,8.068583381492668e-14,7.014007001606595e-14
2041,0.01,0.17282158398647843,0.10544940510238018,0.15657530052563481,0.428136135012853,0.036974475057681096,0.1000431003149724
2041,0.02,0.17282158398647843,0.10544940510238018,0.15657530052563481,0.428136135012853,0.036974475057681096,0.1000431003149724
2041,0.03,0.17282158398647843,0.10544940510238018,0.15657530052563481,0.428136135012853,0.036974475057681096,0.1000431003149724
2041,0.04,0.17282158398647843,0.10544940510238018,0.15657530052563481,0.428136135012853,0.036974475057681096,0.1000431003149724
2041,0.05,0.17282158398647843,0.10544940510238018,0.15657530052563481,0.428136135012853,0.036974475057681096,0.1000431003149724
2041,0.060000000000000005,0.17282158398647843,0.10544940510238018,0.15657530052563481,0.428136135012853,0.036974475057681096,0.1000431003149724
2041,0.06999999999999999,0.17282158398647843,0.10544940510238018,0.15657530052563481,0.428136135012853,0.036974475057681096,0.1000431003149724
2041,0.08,1.0,0.0,1.4684820682925857e-15,0.0,0.0,0.0
2041,0.09,1.0,0.0,0.0,0.0,2.8116490464599795e-17,0.0
2041,0.09999999999999999,1.0,7.813048510586796e-14,0.0,1.2432815360657318e-17,0.0,0.0
2041,0.11,1.0,0.0,0.0,0.0,2.084202879754083e-16,0.0
2041,0.12,1.0,0.0,8.326672684688674e-17,0.0,2.5153490401663703e-17,0.0
2041,0.13,1.0,0.0,3.512660280590178e-18,2.7184500777336987e-17,6.296600930768566e-17,0.0
2041,0.14,0.999999999999651,0.0,2.0006327271147087e-16,1.1967135671410993e-16,1.738168874513607e-17,0.0
2041,0.15000000000000002,0.9999999999999694,2.8666463200403163e-14,2.7158120926283093e-16,1.283234374541294e-15,2.3488520088893287e-16,1.7513782613021948e-16
2041,0.16,0.9999999999998334,1.469697729978485e-13,1.3285754129331064e-15,9.803433970645078e-15,4.901652187302074e-15,3.7072167235444216e-15
2041,0.17,0.9999999999999223,0.0,6.12456805159702e-17,0.0,0.0,8.474070359381653e-17
2041,0.18000000000000002,0.999999999993497,5.9837523647314966e-12,2.016931264134359e-14,3.541340169312232e-13,8.436294037008078e-14,6.074733759877033e-14
2041,0.19,1.0,0.0,0.0,0.0,0.0,2.4196343171266343e-17
2041,0.2,1.0,0.0,5.551115123125783e-17,0.0,7.632783294297951e-17,0.0
2041,0.21000000000000002,1.0,0.0,0.0,0.0,0.0,0.0
2041,0.22,1.0,2.2966263796316133e-16,0.0,3.131265802605665e-17,2.375308619844841e-17,0.0
2041,0.23,0.9999999999999998,2.4698078553667053e-16,0.0,9.659490306253332e-17,0.0,1.0933304739390411e-16
2041,0.24000000000000002,1.0,0.0,0.0,0.0,0.0,0.0
2041,0.25,1.0,0.0,0.0,0.0,0.0,0.0
2041,0.26,1.0,0.0,1.1916262574813879e-17,3.902386832555091e-17,2.5047631549181923e-17,0.0
2041,0.27,1.0,2.0183093946473883e-13,0.0,0.0,0.0,0.0
2041,0.28,1.0,3.3947856742893467e-14,1.141785933748409e-16,0.0,2.292066541799517e-16,5.084079379832632e-17
2041,0.29000000000000004,1.0,0.0,0.0,0.0,0.0,0.0
2041,0.3,1.0,0.0,0.0,0.0,4.857430333543469e-14,2.0653855721238044e-14
2041,0.31,0.9999999999998327,1.3573775761056156e-13,3.0330583303852772e-15,2.1407519591441792e-14,4.4215246901616566e-15,2.659206574829199e-15
2041,0.32,1.0,0.0,0.0,0.0,0.0,4.522817125159062e-17
2041,0.33,0.9999999999999976,2.049885535875945e-14,0.0,0.0,0.0,0.0
2041,0.34,1.0,0.0,0.0,0.0,3.8751226584716e-14,2.6019588600910034e-15
2041,0.35000000000000003,1.0,0.0,0.0,0.0,0.0,0.0
2041,0.36000000000000004,1.0,0.0,1.1351432576421034e-16,0.0,4.166467127905031e-18,0.0
2041,0.37,1.0,0.0,0.0,0.0,0.0,0.0
2041,0.38,0.9999999999999999,2.4536231689565575e-14,0.0,0.0,0.0,0.0
2041,0.39,1.0,0.0,0.0,0.0,0.0,0.0
2041,0.4,1.0,0.0,0.0,0.0,0.0,0.0
2041,0.41000000000000003,1.0,0.0,0.0,0.0,0.0,0.0
2041,0.42000000000000004,1.0,0.0,0.0,0.0,0.0,0.0
2041,0.43,1.0,1.3844429414036485e-14,7.86442384529389e-18,8.909519370879157e-18,2.5037062248905027e-17,2.5524029550122617e-17
2041,0.44,1.0,0.0,0.0,0.0,0.0,0.0
2041,0.45,0.9999999999997192,6.170777773840613e-14,1.2381917920134777e-14,2.1523949378130332e-13,0.0,0.0
2041,0.46,1.0,2.1003913399991983e-13,9.451432055105173e-17,0.0,6.747024863030973e-18,0.0
2041,0.47000000000000003,1.0,0.0,0.0,0.0,0.0,0.0
2041,0.48000000000000004,1.0,0.0,0.0,0.0,0.0,0.0
2041,0.49,1.0,0.0,0.0,0.0,0.0,0.0
2041,0.5,0.9999999999999994,1.0018990474006938e-14,0.0,1.4631398706237732e-16,8.77712295150604e-17,1.9106468424475437e-17
2041,0.51,1.0,0.0,2.5012509880425576e-17,0.0,1.7838842673469055e-17,4.0092203597074604e-17
2041,0.52,1.0,0.0,0.0,1.231039474964979e-18,2.3012941958356482e-17,9.124677794346707e-17
2041,0.53,1.0,2.3535466419535884e-17,5.028896502930585e-17,0.0,1.625753143554348e-17,0.0
2041,0.54,0.9999999999999999,1.1989110810140736e-13,9.656776723774863e-17,0.0,0.0,3.084899347309689e-17
2041,0.55,1.0,0.0,0.0,0.0,0.0,0.0
2041,0.56,1.0,0.0,0.0,0.0,0.0,0.0
2041,0.5700000000000001,0.9999999999999598,0.0,0.0,0.0,6.889498685027888e-17,3.6520582694860026e-17
2041,0.5800000000000001,1.0,8.072128427293217e-17,3.709099724935463e-17,0.0,0.0,4.582209365224617e-17
2041,0.59,1.0,0.0,0.0,0.0,0.0,0.0
2041,0.6,1.0,0.0,0.0,0.0,0.0,0.0
2041,0.61,1.0,0.0,0.0,0.0,0.0,0.0
2041,0.62,0.9999999999999863,0.0,3.228848194382176e-17,1.137514857789793e-16,2.6205719794576742e-17,9.080616219901238e-20
2041,0.63,0.9999999999999066,6.847945542279477e-14,4.34444558783043e-15,2.359851331704237e-14,0.0,0.0
2041,0.64,1.0,0.0,0.0,0.0,0.0,0.0
2041,0.65,1.0,7.397200791190327e-15,0.0,8.116262569389097e-18,0.0,0.0
2041,0.66,0.9999999999999999,0.0,2.73901871219252e-17,1.2134327204962148e-16,0.0,0.0
2041,0.67,1.0,0.0,0.0,0.0,0.0,0.0
2041,0.68,1.0,0.0,0.0,0.0,2.206862109083302e-15,0.0
2041,0.6900000000000001,1.0,0.0,0.0,2.933745342194855e-16,0.0,0.0
2041,0.7000000000000001,1.0,0.0,0.0,0.0,0.0,0.0
2041,0.7100000000000001,0.9999999999999978,3.319088657935231e-15,2.5122074835064492e-17,9.146979415163445e-17,2.85672416532506e-17,9.099843862129161e-17
2041,0.72,1.0,0.0,0.0,1.1025872750249928e-16,0.0,4.1760941394094655e-17
2041,0.73,0.9999999999999956,4.401950364864376e-15,8.660283799398563e-17,4.722654019757614e-17,0.0,0.0
2041,0.74,1.0,0.0,3.1271016612684153e-17,0.0,0.0,8.769912071391319e-17
2041,0.75,1.0,0.0,0.0,0.0,0.0,0.0
2041,0.76,1.0,0.0,0.0,0.0,0.0,0.0
2041,0.77,1.0,3.3895112826484e-15,0.0,3.6914157093892516e-16,0.0,1.4316138315738293e-17
2041,0.78,1.0,0.0,0.0,0.0,0.0,0.0
2041,0.79,1.0,0.0,0.0,0.0,0.0,0.0
2041,0.8,1.0,0.0,0.0,0.0,0.0,0.0
2041,0.81,1.0,1.3029813792231942e-13,0.0,0.0,0.0,0.0
2041,0.8200000000000001,1.0,0.0,0.0,0.0,0.0,0.0
2041,0.8300000000000001,0.9999999999999899,0.0,1.3963576668526407e-16,4.637572760078187e-17,0.0,1.4994252423013306e-16
2041,0.8400000000000001,0.9999999999999989,0.0,2.6440277389601797e-15,1.1072844066761806e-14,3.7424963030959574e-16,6.434175631541887e-16
2041,0.85,1.0,4.42540558949243e-15,0.0,0.0,0.0,0.0
2041,0.86,1.0,0.0,2.479570132336902e-15,1.8075715384111223e-14,2.4823351371476163e-17,8.371039954020802e-16
2041,0.87,1.0,5.740822435741318e-15,3.028290762082529e-16,1.5464191855973102e-15,3.4867604439644006e-16,4.677719555660217e-16
2041,0.88,1.0,9.34408561772503e-13,0.0,0.0,0.0,0.0
2041,0.89,0.9999999999986204,1.382992926201393e-12,0.0,0.0,0.0,0.0
2041,0.9,0.999999999999807,5.842728165804063e-13,0.0,0.0,0.0,0.0
2041,0.91,0.9999999999998951,1.6224972456335353e-16,0.0,0.0,0.0,0.0
2041,0.92,0.9999999999999916,1.2300535806255976e-14,0.0,0.0,1.2219778177355722e-16,0.0
2041,0.93,0.9999999999999906,1.9117599491954242e-14,1.8168775272818355e-17,2.3629310572575043e-16,0.0,0.0
2041,0.9400000000000001,1.0,0.0,0.0,1.600904479225858e-16,4.198228717886964e-17,2.762146964863407e-16
2041,0.9500000000000001,0.999999999999988,1.8140584694893316e-14,1.6090404164646391e-16,0.0,1.9538617377068344e-16,5.4947787686281456e-17
2041,0.9600000000000001,1.0,0.0,0.0,0.0,3.815243247747644e-17,0.0
2041,0.97,1.0,0.0,9.785917366353551e-14,6.900214221662617e-13,1.2064084756374172e-14,2.5403771485160167e-14
2041,0.98,0.9999999999999996,0.0,3.1856348290182677e-16,1.8431138289017015e-15,3.2767940476228854e-16,0.0
2041,0.99,0.9999999999999988,0.0,1.500924131910674e-16,3.549809680004081e-15,0.0,1.5315880253831825e-16
2041,1.0,0.9999999999993964,1.33093961196139e-12,0.0,0.0,0.0,0.0
2042,0.01,0.013129394123997655,0.12663454206146837,0.18697247948118187,0.25289400279230134,0.13871477277226463,0.281654808768786
2042,0.02,0.013129394123997655,0.12663454206146837,0.18697247948118187,0.25289400279230134,0.13871477277226463,0.281654808768786
2042,0.03,0.013129394123997655,0.12663454206146837,0.18697247948118187,0.25289400279230134,0.13871477277226463,0.281654808768786
2042,0.04,0.013129394123997655,0.12663454206146837,0.18697247948118187,0.25289400279230134,0.13871477277226463,0.281654808768786
2042,0.05,0.013129394123997655,0.12663454206146837,0.18697247948118187,0.25289400279230134,0.13871477277226463,0.281654808768786
2042,0.060000000000000005,0.013129394123997655,0.12663454206146837,0.18697247948118187,0.25289400279230134,0.13871477277226463,0.281654808768786
2042,0.06999999999999999,0.013129394123997655,0.12663454206146837,0.18697247948118187,0.25289400279230134,0.13871477277226463,0.281654808768786
2042,0.08,0.013129394123997655,0.12663454206146837,0.18697247948118187,0.25289400279230134,0.13871477277226463,0.281654808768786
2042,0.09,0.013129394123997655,0.12663454206146837,0.18697247948118187,0.25289400279230134,0.13871477277226463,0.281654808768786
2042,0.09999999999999999,0.013129394123997655,0.12663454206146837,0.18697247948118187,0.25289400279230134,0.13871477277226463,0.281654808768786
2042,0.11,0.013129394123997655,0.12663454206146837,0.18697247948118187,0.25289400279230134,0.13871477277226463,0.281654808768786
2042,0.12,0.013129394123997655,0.12663454206146837,0.18697247948118187,0.25289400279230134,0.13871477277226463,0.281654808768786
2042,0.13,0.013129394123997655,0.12663454206146837,0.18697247948118187,0.25289400279230134,0.13871477277226463,0.281654808768786
2042,0.14,0.013129394123997655,0.12663454206146837,0.18697247948118187,0.25289400279230134,0.13871477277226463,0.281654808768786
2042,0.15000000000000002,0.01312944612807323,0.1266345940652733,0.1869725314849868,0.2528940547975497,0.13871466876574068,0.28165470475937543
2042,0.16,0.01312930724721692,0.1266346289380984,0.1869725663578119,0.25289408967134275,0.13871468589593602,0.28165472189004603
2042,0.17,0.013129394123997655,0.12663454206146837,0.18697247948118187,0.25289400279230134,0.13871477277226463,0.281654808768786
2042,0.18000000000000002,0.013129394123997655,0.12663454206146837,0.18697247948118187,0.25289400279230134,0.13871477277226463,0.281654808768786
2042,0.19,0.013129394123997655,0.12663454206146837,0.18697247948118187,0.25289400279230134,0.13871477277226463,0.281654808768786
2042,0.2,0.013129394123997655,0.12663454206146837,0.18697247948118187,0.25289400279230134,0.13871477277226463,0.281654808768786
2042,0.21000000000000002,0.013166401820462071,0.1266715495653395,0.187009486985053,0.25293101132335977,0.13864075818185426,0.28158079212401266
2042,0.22,0.013129394123997655,0.12663454206146837,0.18697247948118187,0.25289400279230134,0.13871477277226463,0.281654808768786
2042,0.23,0.012914620928877515,0.1308210529940281,0.18675770740377173,0.2526792247536367,0.13694370354064875,0.27988369037903665
2042,0.24000000000000002,0.013166401611832253,0.12667154935671077,0.18700948677642426,0.25293101111472527,0.13864075859910702,0.281580792541277
2042,0.25,0.013166401611832253,0.12667154935671077,0.18700948677642426,0.25293101111472527,0.13864075859910702,0.281580792541277
2042,0.26,6.347972421456201e-17,0.9999999999999502,2.0562555671674056e-17,0.0,0.0,0.0
2042,0.27,4.98063859183634e-13,0.9999999999902094,3.248985449792167e-12,6.339493760631282e-12,0.0,0.0
2042,0.28,0.0,1.0,6.876089478415925e-16,0.0,5.534581174257132e-15,4.081979240820955e-15
2042,0.29000000000000004,1.0,0.0,0.0,0.0,0.0,0.0
2042,0.3,0.0,1.0,7.739869434654576e-17,0.0,0.0,0.0
2042,0.31,0.0,1.0,0.0,0.0,0.0,0.0
2042,0.32,1.0,0.0,0.0,0.0,0.0,0.0
2042,0.33,0.0,1.0,0.0,0.0,0.0,0.0
2042,0.34,8.817833738879145e-16,0.9999999999999994,0.0,0.0,0.0,3.28265699649383e-17
2042,0.35000000000000003,0.0,1.0,0.0,0.0,0.0,0.0
2042,0.36000000000000004,0.0,1.0,0.0,0.0,4.535405740887976e-17,3.0758941954121984e-17
2042,0.37,0.0,1.0,0.0,0.0,0.0,0.0
2042,0.38,0.0,1.0,0.0,0.0,0.0,0.0
2042,0.39,5.2326074498239224e-17,1.0,1.7261801478152063e-17,5.791595076720184e-17,0.0,4.778499562397877e-18
2042,0.4,2.0113748507539736e-16,1.0,1.2823068627107027e-17,0.0,6.703067373755957e-18,1.1796932620767578e-17
2042,0.41000000000000003,0.0,1.0,7.14597975416213e-17,1.0082880414147866e-16,0.0,2.6400098682377243e-18
2042,0.42000000000000004,0.0,1.0,0.0,0.0,2.5101276036307758e-17,8.063012341423247e-17
2042,0.43,8.130483645888216e-17,1.0,0.0,0.0,0.0,0.0
2042,0.44,0.0,1.0,0.0,0.0,0.0,0.0
2042,0.45,0.0,1.0,0.0,0.0,0.0,0.0
2042,0.46,5.727624084356358e-17,1.0,2.950829242835316e-17,0.0,0.0,4.0984694616783274e-17
2042,0.47000000000000003,1.1938538300555748e-15,0.9999999999999989,0.0,0.0,0.0,5.3302747740586204e-17
2042,0.48000000000000004,0.0,1.0,0.0,0.0,0.0,0.0
2042,0.49,0.0,1.0,0.0,0.0,0.0,0.0
2042,0.5,2.8021740035131983e-13,1.0,0.0,7.997606340380789e-17,0.0,2.5258953241427223e-17
2042,0.51,0.0,1.0,0.0,0.0,0.0,0.0
2042,0.52,7.542153193421041e-15,1.0,0.0,0.0,4.7821645857883627e-17,0.0
2042,0.53,1.43929996100922e-14,1.0,2.7107185943651463e-17,5.16311800342904e-17,0.0,1.3556559041169542e-17
2042,0.54,0.0,1.0,0.0,0.0,0.0,0.0
2042,0.55,0.0,1.0,0.0,0.0,0.0,0.0
2042,0.56,0.0,1.0,0.0,0.0,0.0,0.0
2042,0.5700000000000001,0.0,1.0,0.0,0.0,0.0,0.0
2042,0.5800000000000001,1.9898431093578823e-13,1.0,0.0,0.0,1.1094152858589258e-15,0.0
2042,0.59,0.0,1.0,0.0,0.0,0.0,0.0
2042,0.6,0.0,1.0,0.0,0.0,0.0,0.0
2042,0.61,0.0,1.0,0.0,0.0,0.0,0.0
2042,0.62,4.408029032861773e-15,1.0,0.0,8.199112787061357e-16,3.78486376699209e-17,0.0
2042,0.63,0.0,1.0,0.0,9.532272384381355e-18,1.299728933179035e-17,0.0
2042,0.64,0.0,1.0,0.0,0.0,0.0,0.0
2042,0.65,0.0,1.0,0.0,0.0,0.0,0.0
2042,0.66,0.0,1.0,0.0,0.0,0.0,0.0
2042,0.67,0.0,1.0,0.0,0.0,0.0,0.0
2042,0.68,0.0,0.9999999999999999,1.2974380330869456e-16,7.47275612342273e-17,4.742540283944498e-17,0.0
2042,0.6900000000000001,0.0,1.0,0.0,0.0,5.96590743786214e-17,6.6382214091272175e-18
2042,0.7000000000000001,0.0,1.0,0.0,0.0,0.0,0.0
2042,0.7100000000000001,0.0,1.0,0.0,0.0,0.0,0.0
2042,0.72,0.0,0.9999999999999127,3.251891249985871e-14,4.6405656331101836e-14,6.312378715418398e-15,4.077037770168502e-15
2042,0.73,5.279038163263953e-16,1.0,0.0,0.0,0.0,0.0
2042,0.74,8.813565958811986e-15,1.0,0.0,0.0,0.0,0.0
2042,0.75,0.0,1.0,0.0,0.0,0.0,0.0
2042,0.76,0.0,1.0,0.0,0.0,0.0,0.0
2042,0.77,7.864870109460545e-16,1.0,4.780803323411735e-18,0.0,0.0,8.053247699989581e-17
2042,0.78,4.8982097284204147e-14,1.0,4.568970528221283e-17,0.0,1.61744964219419e-17,4.370508943165981e-17
2042,0.79,0.0,1.0,0.0,4.821504755469047e-17,6.492492414123436e-17,0.0
2042,0.8,9.902182972509957e-17,1.0,0.0,4.1301381218362387e-17,1.5542662613212748e-17,1.1286705892529094e-17
2042,0.81,0.0,0.9999999999999596,1.4881240302806934e-14,2.463625720459737e-14,0.0,1.9281558173802167e-15
2042,0.8200000000000001,6.322337362955048e-15,1.0,9.499051058069185e-19,1.3470553124387448e-17,1.5257050271112476e-17,1.5293076555572703e-17
2042,0.8300000000000001,1.7080785878990122e-13,0.9999999999989119,2.1234939492127528e-13,5.954364895692475e-13,3.479762399251245e-14,7.460591512586959e-14
2042,0.8400000000000001,0.0,1.0,0.0,0.0,0.0,0.0
2042,0.85,6.909089671528333e-15,0.999999999999991,3.267375322854838e-16,1.7679965189093045e-15,0.0,2.9247653679818734e-16
2042,0.86,0.0,1.0,0.0,0.0,0.0,0.0
2042,0.87,0.0,1.0,0.0,0.0,0.0,0.0
2042,0.88,0.0,1.0,0.0,0.0,0.0,0.0
2042,0.89,2.399665011261618e-13,1.0,2.3405729732052448e-17,1.2905622493010738e-17,1.4387683857678376e-17,2.1814737986493467e-19
2042,0.9,0.0,1.0,0.0,0.0,0.0,0.0
2042,0.91,0.0,0.9999999999999255,3.057808061728252e-14,4.8242712739507314e-14,9.725713798470956e-16,5.968141481876377e-15
2042,0.92,0.0,0.9999999999999987,0.0,0.0,0.0,2.081655009694647e-16
2042,0.93,4.818869307954252e-17,0.9999999999999964,1.2903570968260423e-15,5.473257647604886e-16,1.0300695779507286e-16,2.7033532339675107e-16
2042,0.9400000000000001,0.0,1.0,0.0,0.0,0.0,0.0
2042,0.9500000000000001,0.0,1.0,0.0,0.0,0.0,0.0
2042,0.9600000000000001,0.0,0.9999999999996001,1.0864279790290836e-15,1.4515155682251635e-15,5.655126705523852e-17,1.7827713785507767e-16
2042,0.97,0.0,1.0,0.0,0.0,0.0,0.0
2042,0.98,0.0,1.0,0.0,0.0,0.0,0.0
2042,0.99,0.0,1.0,0.0,0.0,0.0,0.0
2042,1.0,0.0,1.0,0.0,0.0,3.1383645015979426e-17,0.0
2043,0.01,0.249851945133821,0.1731858866089389,0.1436217431052919,0.13418924655007244,0.17079165664387913,0.12835952195799674
2043,0.02,0.249851945133821,0.1731858866089389,0.1436217431052919,0.13418924655007244,0.17079165664387913,0.12835952195799674
2043,0.03,0.249851945133821,0.1731858866089389,0.1436217431052919,0.13418924655007244,0.17079165664387913,0.12835952195799674
2043,0.04,0.249851945133821,0.1731858866089389,0.1436217431052919,0.13418924655007244,0.17079165664387913,0.12835952195799674
2043,0.05,0.249851945133821,0.1731858866089389,0.1436217431052919,0.13418924655007244,0.17079165664387913,0.12835952195799674
2043,0.060000000000000005,0.249851945133821,0.1731858866089389,0.1436217431052919,0.13418924655007244,0.17079165664387913,0.12835952195799674
2043,0.06999999999999999,0.249851945133821,0.1731858866089389,0.1436217431052919,0.13418924655007244,0.17079165664387913,0.12835952195799674
2043,0.08,0.249851945133821,0.1731858866089389,0.1436217431052919,0.13418924655007244,0.17079165664387913,0.12835952195799674
2043,0.09,0.249851945133821,0.1731858866089389,0.1436217431052919,0.13418924655007244,0.17079165664387913,0.12835952195799674
2043,0.09999999999999999,0.249851945133821,0.1731858866089389,0.1436217431052919,0.13418924655007244,0.17079165664387913,0.12835952195799674
2043,0.11,1.0,3.484293737917989e-17,0.0,5.986200145750077e-17,2.6849542486070014e-18,1.1530814701041698e-17
2043,0.12,1.0,0.0,0.0,0.0,0.0,0.0
2043,0.13,1.0,0.0,0.0,0.0,0.0,0.0
2043,0.14,1.0,0.0,0.0,0.0,0.0,0.0
2043,0.15000000000000002,1.0,0.0,0.0,0.0,0.0,0.0
2043,0.16,1.0,0.0,0.0,0.0,0.0,0.0
2043,0.17,1.0,0.0,0.0,0.0,0.0,7.153928778903006e-17
2043,0.18000000000000002,1.0,0.0,0.0,0.0,0.0,0.0
2043,0.19,1.0,1.6790363422770238e-16,0.0,0.0,9.096693276437425e-18,0.0
2043,0.2,1.0,0.0,0.0,0.0,0.0,0.0
2043,0.21000000000000002,1.0,0.0,0.0,0.0,0.0,0.0
2043,0.22,1.0,0.0,0.0,0.0,0.0,0.0
2043,0.23,1.0,0.0,0.0,0.0,0.0,0.0
2043,0.24000000000000002,1.0,0.0,0.0,0.0,0.0,0.0
2043,0.25,1.0,9.613337698867775e-17,1.3687906295349852e-17,0.0,0.0,3.4714988855948965e-17
2043,0.26,1.0,0.0,0.0,0.0,0.0,0.0
2043,0.27,1.0,0.0,0.0,0.0,0.0,0.0
2043,0.28,1.0,0.0,0.0,0.0,0.0,0.0
2043,0.29000000000000004,1.0,0.0,0.0,0.0,0.0,4.494918121617714e-16
2043,0.3,1.0,0.0,0.0,0.0,0.0,0.0
2043,0.31,0.9999999999999991,5.8757513921748e-16,3.0124303011741523e-16,2.1345674041897893e-16,1.8239695947660314e-17,0.0
2043,0.32,1.0,0.0,0.0,0.0,0.0,0.0
2043,0.33,0.9999999999999989,1.1083294063644908e-15,0.0,3.6483282634489853e-16,0.0,0.0
2043,0.34,1.0,0.0,0.0,0.0,0.0,0.0
2043,0.35000000000000003,1.0,0.0,0.0,0.0,0.0,0.0
2043,0.36000000000000004,1.0,0.0,0.0,0.0,0.0,0.0
2043,0.37,0.999999999999996,4.7251883129386766e-15,0.0,2.9648737377084574e-16,0.0,0.0
2043,0.38,1.0,0.0,0.0,0.0,0.0,0.0
2043,0.39,1.0,0.0,0.0,0.0,0.0,0.0
2043,0.4,1.0,0.0,0.0,0.0,0.0,0.0
2043,0.41000000000000003,1.0,0.0,0.0,0.0,0.0,0.0
2043,0.42000000000000004,1.0,0.0,0.0,6.430037259413656e-17,3.960171053310883e-17,1.1943352561756509e-17
2043,0.43,0.9999999999999998,2.1895882886483323e-16,0.0,3.203642843650478e-17,1.8675337017106874e-18,3.1112925495504136e-17
2043,0.44,0.999999999997069,1.6095566118194714e-12,1.7422767810116113e-13,1.931154042110053e-13,6.170678468574688e-14,3.127618987247119e-14
2043,0.45,1.0,0.0,0.0,0.0,0.0,0.0
2043,0.46,1.0,0.0,0.0,0.0,0.0,0.0
2043,0.47000000000000003,1.0,0.0,0.0,0.0,0.0,0.0
2043,0.48000000000000004,0.9999999999999891,1.061000887305101e-14,1.454717534978164e-17,2.454456135950254e-16,4.194558564740756e-16,0.0
2043,0.49,1.0,0.0,0.0,0.0,0.0,0.0
2043,0.5,1.0,0.0,0.0,0.0,0.0,0.0
2043,0.51,0.9999999999995272,3.796704007416385e-15,7.074304693671139e-17,5.121510707723722e-16,4.4207895499358623e-16,3.8686102688176927e-16
2043,0.52,1.0,0.0,0.0,0.0,0.0,0.0
2043,0.53,1.0,0.0,0.0,0.0,0.0,0.0
2043,0.54,0.9999999999990314,4.91665766713026e-17,7.604155731350349e-17,6.887204545481647e-17,6.521296403871263e-17,0.0
2043,0.55,1.0,6.403090824205876e-13,0.0,2.5431303973473313e-18,4.023018717186762e-17,7.102843086548709e-17
2043,0.56,0.9999999999995752,8.836103445458032e-17,0.0,0.0,0.0,0.0
2043,0.5700000000000001,0.9999999999996501,1.44688745299326e-16,0.0,0.0,3.9445702313812127e-17,1.4617513509334397e-16
2043,0.5800000000000001,1.0,0.0,0.0,0.0,0.0,0.0
2043,0.59,0.9999999999993853,8.535507996089732e-17,1.0206341365041923e-16,3.5546697161037275e-18,0.0,0.0
2043,0.6,0.9999999999964475,9.758305274942813e-13,7.13096248716738e-13,1.2197742815800439e-12,3.7540109909528496e-13,2.6344898484964574e-13
2043,0.61,1.0,0.0,0.0,0.0,0.0,0.0
2043,0.62,1.0,0.0,0.0,0.0,0.0,0.0
2043,0.63,1.0,0.0,0.0,0.0,0.0,0.0
2043,0.64,1.0,0.0,0.0,0.0,0.0,0.0
2043,0.65,0.9999999999999765,3.671979808831508e-17,2.723817424587457e-17,0.0,0.0,0.0
2043,0.66,1.0,0.0,0.0,0.0,0.0,0.0
2043,0.67,0.9999999999999926,3.0292145994676257e-13,1.8679787806644452e-16,8.552655962264454e-16,0.0,0.0
2043,0.68,1.0,0.0,0.0,1.144729385001592e-16,6.92655703239864e-17,0.0
2043,0.6900000000000001,0.9999999999999999,0.0,2.777232900540696e-17,7.820763886099744e-17,4.240142142126762e-17,4.0010370735397007e-17
2043,0.7000000000000001,1.0,1.592974140584685e-14,0.0,9.015319059267624e-17,1.3725177704897794e-16,5.38050771170227e-17
2043,0.7100000000000001,1.0,0.0,2.4774380628082973e-17,1.0516864840332298e-16,9.884237875578749e-18,0.0
2043,0.72,1.0,1.6512466357003958e-14,0.0,0.0,0.0,0.0
2043,0.73,0.9999999999999959,4.0270924757210694e-16,4.4342199604181e-18,9.608521361718326e-18,0.0,0.0
2043,0.74,1.0,0.0,0.0,0.0,0.0,0.0
2043,0.75,1.0,0.0,0.0,0.0,0.0,0.0
2043,0.76,0.9999999999999998,1.4101270254941464e-14,9.945766593919558e-18,0.0,0.0,0.0
2043,0.77,1.0,0.0,0.0,0.0,0.0,0.0
2043,0.78,0.999999999999906,7.633116213214636e-14,7.439675522711535e-15,9.066386352407681e-15,0.0,5.063227000055901e-16
2043,0.79,1.0,0.0,0.0,0.0,0.0,0.0
2043,0.8,0.9999999999946095,3.914808034078264e-12,4.799248165556999e-13,5.40725581392893e-13,2.693306867676895e-13,1.8544545646271768e-13
2043,0.81,1.0,0.0,0.0,0.0,0.0,0.0
2043,0.8200000000000001,1.0,8.772279278945403e-17,0.0,0.0,0.0,0.0
2043,0.8300000000000001,1.0,0.0,0.0,0.0,0.0,0.0
2043,0.8400000000000001,0.9999999999990163,7.520586091802507e-13,7.693768053756237e-14,1.0397709427554996e-13,4.9686345897528965e-14,5.415022293930877e-16
2043,0.85,1.0,0.0,0.0,0.0,0.0,0.0
2043,0.86,1.0,0.0,0.0,0.0,0.0,0.0
2043,0.87,0.999999999999685,2.6145752229922437e-14,7.41143257876331e-14,1.078928613118535e-13,5.71591385334358e-14,3.947189797237627e-14
2043,0.88,1.0,0.0,0.0,0.0,0.0,0.0
2043,0.89,0.9999999999994521,1.1107781361374691e-13,1.1384296283445394e-13,1.6327217355893708e-13,1.0603670719255831e-13,5.999714614013385e-14
2043,0.9,0.9999999999998384,2.6256774532384952e-14,3.7964423271752423e-14,4.729550084903167e-14,3.180095076160683e-14,1.841235497401783e-14
2043,0.91,0.9999999999988538,1.9595436384634013e-13,2.565725409908737e-13,3.205213872092827e-13,2.2844226510443377e-13,1.242062008799394e-13
2043,0.92,0.9999999999994414,3.151658045598329e-13,6.945012785214899e-14,8.244308979666855e-14,5.77392531878019e-14,3.378314888916761e-14
2043,0.93,0.9999999999999998,1.4591524789935538e-13,2.7237317328118997e-16,1.5522760194340972e-16,4.3615714848974955e-16,2.4830660386543826e-16
2043,0.9400000000000001,1.0,0.0,0.0,0.0,0.0,0.0
2043,0.9500000000000001,1.0,9.99290295896813e-15,0.0,0.0,0.0,0.0
2043,0.9600000000000001,0.9999999999994075,2.3423275470306894e-13,1.0706152219104592e-13,1.0650421601636701e-13,8.992206715433817e-14,5.484811586300379e-14
2043,0.97,1.0,0.0,0.0,0.0,0.0,0.0
2043,0.98,0.9999999999999827,0.0,1.015973982840425e-14,1.0861736969259037e-14,1.063348784024055e-14,5.406518095716174e-15
2043,0.99,1.0,0.0,0.0,0.0,0.0,0.0
2043,1.0,0.9999999999999842,8.681130138609707e-15,2.244862197471392e-15,2.452248473727714e-15,2.591872961236639e-15,0.0
2044,0.01,0.2862299106134997,0.3546869718729651,0.07983286639055424,0.0459406750214837,0.06703184760276217,0.16627772849873504
2044,0.02,0.2862299106134997,0.3546869718729651,0.07983286639055424,0.0459406750214837,0.06703184760276217,0.16627772849873504
2044,0.03,0.2862299106134997,0.3546869718729651,0.07983286639055424,0.0459406750214837,0.06703184760276217,0.16627772849873504
2044,0.04,0.2862299106134997,0.3546869718729651,0.07983286639055424,0.0459406750214837,0.06703184760276217,0.16627772849873504
2044,0.05,1.0,0.0,0.0,0.0,0.0,0.0
2044,0.060000000000000005,1.0,1.7102043976396028e-17,5.684069186470411e-18,0.0,6.000270620770867e-18,2.213046765642613e-18
2044,0.06999999999999999,1.0,0.0,0.0,0.0,0.0,0.0
2044,0.08,1.0,0.0,0.0,0.0,0.0,0.0
2044,0.09,1.0,1.6118074742148492e-17,1.1458672792172223e-17,1.5220054378301352e-18,1.4540147422156792e-17,0.0
2044,0.09999999999999999,1.0,0.0,0.0,0.0,0.0,0.0
2044,0.11,0.9999999999999071,2.653745737097476e-13,0.0,0.0,0.0,0.0
2044,0.12,0.9999999999991079,0.0,9.80430048535012e-18,3.756350080642324e-17,3.062461021123846e-17,0.0
2044,0.13,1.0,1.6508590354503247e-17,0.0,0.0,0.0,7.800596640831215e-18
2044,0.14,0.9999999999995786,8.660271647881105e-18,4.993776392892705e-17,0.0,1.1434059963171564e-17,0.0
2044,0.15000000000000002,1.0,3.427338829075796e-14,1.173462480814967e-16,0.0,0.0,2.1106390683577084e-17
2044,0.16,1.0,0.0,0.0,0.0,0.0,0.0
2044,0.17,0.9999999999998698,1.6961743778899983e-17,1.0890739974597427e-17,0.0,3.864630504367353e-17,0.0
2044,0.18000000000000002,1.0,1.5250824455281485e-13,0.0,0.0,0.0,0.0
2044,0.19,1.0,0.0,0.0,0.0,0.0,0.0
2044,0.2,1.0,0.0,0.0,0.0,7.556296458354258e-14,0.0
2044,0.21000000000000002,0.9999999999999901,1.0502776530486478e-14,5.931198515106234e-17,0.0,0.0,0.0
2044,0.22,1.0,0.0,0.0,0.0,0.0,0.0
2044,0.23,1.0,0.0,0.0,0.0,0.0,0.0
2044,0.24000000000000002,0.9999999999999938,5.403855994723058e-17,0.0,0.0,1.2405196291142661e-17,9.56719231509541e-17
2044,0.25,1.0,1.0140836243043598e-16,1.3877290357226821e-18,4.082588125364697e-17,0.0,0.0
2044,0.26,1.0,0.0,0.0,0.0,0.0,0.0
2044,0.27,1.0,0.0,0.0,0.0,0.0,0.0
2044,0.28,1.0,0.0,0.0,0.0,0.0,0.0
2044,0.29000000000000004,0.9999999999999823,1.7879868858499243e-14,0.0,0.0,0.0,5.070455292740549e-16
2044,0.3,1.0,0.0,0.0,0.0,0.0,0.0
2044,0.31,1.0,0.0,0.0,0.0,0.0,0.0
2044,0.32,1.0,0.0,0.0,0.0,0.0,0.0
2044,0.33,1.0,0.0,0.0,0.0,0.0,0.0
2044,0.34,1.0,0.0,0.0,0.0,0.0,0.0
2044,0.35000000000000003,1.0,0.0,0.0,0.0,0.0,0.0
2044,0.36000000000000004,0.9999999999999305,3.247402347028583e-14,9.284240043427872e-15,5.870304242705515e-15,4.565792188770956e-15,1.7111312367035225e-14
2044,0.37,1.0,0.0,0.0,0.0,0.0,0.0
2044,0.38,0.9999999999998112,8.343326030058051e-14,2.599656601098843e-14,1.5491080640472887e-14,1.3284512379030389e-14,5.039024753017429e-14
2044,0.39,1.0,0.0,0.0,0.0,0.0,0.0
2044,0.4,1.0,0.0,0.0,0.0,0.0,0.0
2044,0.41000000000000003,0.9999999999999152,4.085620730620576e-14,1.1272233146897292e-14,6.647460359943125e-15,4.236194728335363e-15,2.206915206137694e-14
2044,0.42000000000000004,1.0,0.0,0.0,0.0,0.0,0.0
2044,0.43,1.0,0.0,0.0,0.0,0.0,0.0
2044,0.44,0.9999999999997831,7.782663402622347e-14,3.85568313387985e-14,1.891195533509915e-14,1.4845763507409515e-14,6.674868990863558e-14
2044,0.45,1.0,0.0,0.0,0.0,0.0,0.0
2044,0.46,0.9999999999997558,1.0380585280245214e-13,3.966618700168567e-14,2.0691781621451355e-14,1.3732071035832405e-14,6.656133977323009e-14
2044,0.47000000000000003,1.0,0.0,0.0,0.0,0.0,0.0
2044,0.48000000000000004,1.0,0.0,0.0,0.0,0.0,0.0
2044,0.49,0.9999999999992275,3.644862189844389e-13,1.1876610805927612e-13,5.542788450441094e-14,4.0065173401160337e-14,1.9369228443366637e-13
2044,0.5,0.9999999999999939,0.0,3.733124920302089e-15,1.457167719820518e-15,1.4432899320127035e-15,7.605027718682322e-15
2044,0.51,1.0,0.0,0.0,0.0,0.0,0.0
2044,0.52,0.9999999999998894,4.9960036108132044e-14,2.248201624865942e-14,7.0915495697931874e-15,4.649058915617843e-15,2.6104118866498993e-14
2044,0.53,0.9999999999998588,6.900036098045348e-14,2.3245294578089215e-14,7.743805596760467e-15,5.9119376061289586e-15,3.4916514124461173e-14
2044,0.54,1.0,0.0,0.0,0.0,0.0,0.0
2044,0.55,0.9999999999995551,2.1066481892262345e-13,7.83262343873048e-14,2.6256774532384952e-14,2.4244495300251856e-14,1.0541567618815861e-13
2044,0.56,1.0,0.0,0.0,0.0,0.0,0.0
2044,0.5700000000000001,0.999999999999323,3.637090628672013e-13,1.1522380272133148e-13,2.9427849046470556e-14,3.446201657375525e-14,1.338616717472263e-13
2044,0.5800000000000001,1.0,0.0,0.0,0.0,0.0,0.0
2044,0.59,0.9999999999993983,3.652633751016765e-13,9.090297958813665e-14,1.6354972931509337e-14,2.853967062677043e-14,1.0103723413479315e-13
2044,0.6,1.0,0.0,0.0,0.0,0.0,0.0
2044,0.61,1.0,0.0,0.0,0.0,0.0,0.0
2044,0.62,1.0,0.0,0.0,0.0,0.0,0.0
2044,0.63,1.0,0.0,0.0,0.0,0.0,0.0
2044,0.64,0.9999999999999537,0.0,0.0,0.0,1.8759409371818884e-15,4.438607998471329e-15
2044,0.65,1.0,0.0,0.0,0.0,0.0,0.0
2044,0.66,1.0,0.0,0.0,0.0,1.942890293094024e-16,4.163336342344337e-17
2044,0.67,0.99999999999999,6.050715484207103e-15,1.2212453270876722e-15,3.608224830031759e-16,9.853229343548264e-16,1.27675647831893e-15
2044,0.68,1.0,5.551115123125783e-16,0.0,0.0,0.0,0.0
2044,0.6900000000000001,1.0,0.0,0.0,0.0,0.0,0.0
2044,0.7000000000000001,0.9999999999999905,3.2751579226442118e-15,8.465450562766819e-16,1.0824674490095276e-15,1.2351231148954867e-15,2.8449465006019636e-15
2044,0.7100000000000001,0.9999999999999932,2.275957200481571e-15,1.096345236817342e-15,7.771561172376096e-16,1.6375789613221059e-15,7.632783294297951e-16
2044,0.72,1.0,3.164135620181696e-15,0.0,0.0,0.0,0.0
2044,0.73,1.0,0.0,0.0,0.0,0.0,0.0
2044,0.74,0.9999999999999988,4.440892098500626e-16,8.326672684688674e-17,5.273559366969494e-16,2.220446049250313e-16,0.0
2044,0.75,0.9999999999999949,9.992007221626409e-16,7.632783294297951e-16,7.077671781985373e-16,9.575673587391975e-16,1.4710455076283324e-15
2044,0.76,0.9999999999999818,9.270362255620057e-15,2.5118795932144167e-15,1.033895191682177e-15,2.3175905639050143e-15,3.3029134982598407e-15
2044,0.77,0.9999999999999962,2.3314683517128287e-15,1.6653345369377348e-16,1.1102230246251565e-16,1.1379786002407855e-15,0.0
2044,0.78,0.9999999999999765,7.771561172376096e-15,3.1710745140856034e-15,2.0469737016526324e-15,3.774758283725532e-15,6.966649479522857e-15
2044,0.79,1.0,0.0,0.0,0.0,0.0,0.0
2044,0.8,0.9999999999999802,5.9396931817445875e-15,3.4833247397614286e-15,1.7277845820728999e-15,2.8796409701214998e-15,5.93275428784068e-15
2044,0.81,1.0,0.0,0.0,0.0,0.0,0.0
2044,0.8200000000000001,1.0,0.0,0.0,0.0,0.0,0.0
2044,0.8300000000000001,0.9999999999999871,5.384581669432009e-15,1.4016565685892601e-15,7.840950111415168e-16,1.8110513089197866e-15,3.184952301893418e-15
2044,0.8400000000000001,1.0,0.0,0.0,0.0,0.0,0.0
2044,0.85,0.9999999999999867,0.0,3.0531133177191805e-15,1.4155343563970746e-15,2.4424906541753444e-15,6.411537967210279e-15
2044,0.86,0.9999999999999796,8.93729534823251e-15,2.525757381022231e-15,1.4432899320127035e-15,2.2898349882893854e-15,5.509481759702339e-15
2044,0.87,0.999999999999992,4.996003610813204e-16,1.6132928326584306e-15,1.420738526825005e-15,1.4328815911568427e-15,2.8614263736237433e-15
2044,0.88,0.9999999999999862,0.0,2.67841304690819e-15,1.932481952238163e-15,3.112093915902392e-15,6.127043317150083e-15
2044,0.89,1.0,0.0,0.0,1.1102230246251565e-16,0.0,0.0
2044,0.9,1.0,0.0,0.0,0.0,0.0,0.0
2044,0.91,1.0,0.0,0.0,0.0,0.0,0.0
2044,0.92,0.9999999999999898,9.992007221626409e-16,1.9984014443252818e-15,1.2351231148954867e-15,1.609823385706477e-15,4.0245584642661925e-15
2044,0.93,0.9999999999999933,1.887379141862766e-15,1.2576745200831851e-15,2.949029909160572e-17,1.0729264698916552e-15,2.386112141206098e-15
2044,0.9400000000000001,1.0,9.992007221626409e-16,0.0,0.0,0.0,0.0
2044,0.9500000000000001,0.9999999999999964,1.9984014443252818e-15,3.677613769070831e-16,2.0816681711721685e-16,8.326672684688674e-17,9.159339953157541e-16
2044,0.9600000000000001,0.9999999999999956,7.771561172376096e-16,9.853229343548264e-16,8.743006318923108e-16,4.996003610813204e-16,1.1934897514720433e-15
2044,0.97,0.9999999999999993,0.0,1.249000902703301e-16,8.326672684688674e-17,4.718447854656915e-16,6.938893903907228e-17
2044,0.98,1.0,0.0,0.0,0.0,0.0,0.0
2044,0.99,1.0,1.609823385706477e-15,0.0,0.0,0.0,0.0
2044,1.0,0.9999999999999944,1.6653345369377348e-15,5.828670879282072e-16,1.6653345369377348e-16,7.355227538141662e-16,2.2065682614424986e-15
2045,0.01,0.20446364203885287,0.23587018288356812,0.14257748599920295,0.17858970684944,0.15208243653452927,0.08641654569440674
2045,0.02,0.20446364203885287,0.23587018288356812,0.14257748599920295,0.17858970684944,0.15208243653452927,0.08641654569440674
2045,0.03,0.20446364203885287,0.23587018288356812,0.14257748599920295,0.17858970684944,0.15208243653452927,0.08641654569440674
2045,0.04,0.20446364203885287,0.23587018288356812,0.14257748599920295,0.17858970684944,0.15208243653452927,0.08641654569440674
2045,0.05,0.20446364203885287,0.23587018288356812,0.14257748599920295,0.17858970684944,0.15208243653452927,0.08641654569440674
2045,0.060000000000000005,0.20446364203885287,0.23587018288356812,0.14257748599920295,0.17858970684944,0.15208243653452927,0.08641654569440674
2045,0.06999999999999999,0.20446364203885287,0.23587018288356812,0.14257748599920295,0.17858970684944,0.15208243653452927,0.08641654569440674
2045,0.08,0.2044638116157603,0.23587035246047555,0.1425774012201598,0.17858962205157308,0.15208235173666235,0.08641646091536356
2045,0.09,0.20450065611240253,0.2359071969571178,0.14261450007275261,0.1786267044890287,0.15200840838693044,0.08634253398076873
2045,0.09999999999999999,0.20446364203885287,0.23587018288356812,0.14257748599920295,0.17858970684944,0.15208243653452927,0.08641654569440674
2045,0.11,0.20446364203885287,0.23587018288356812,0.14257748599920295,0.17858970684944,0.15208243653452927,0.08641654569440674
2045,0.12,0.20446364203885287,0.23587018288356812,0.14257748599920295,0.17858970684944,0.15208243653452927,0.08641654569440674
2045,0.13,0.9999999999941902,4.514721929638199e-12,1.5554224574998443e-13,1.0839107389415403e-12,3.064215547965432e-14,2.4952262478450393e-14
2045,0.14,1.0,0.0,0.0,0.0,0.0,6.776783408914136e-16
2045,0.15000000000000002,0.9999999999999881,1.1426358414946738e-14,1.4361740082228201e-16,3.3278442189963765e-16,0.0,4.9856782791861745e-17
2045,0.16,0.9999999999999998,0.0,5.0090140368830305e-17,2.914335439641036e-16,0.0,0.0
2045,0.17,1.0,0.0,0.0,0.0,0.0,0.0
2045,0.18000000000000002,1.0,0.0,0.0,0.0,0.0,0.0
2045,0.19,1.0,0.0,0.0,0.0,0.0,0.0
2045,0.2,1.0,0.0,2.000543590648888e-17,1.7285528409560595e-16,0.0,0.0
2045,0.21000000000000002,1.0,0.0,0.0,4.1696912070311124e-16,0.0,0.0
2045,0.22,1.0,5.10702591327572e-15,0.0,0.0,0.0,0.0
2045,0.23,1.0,0.0,0.0,0.0,0.0,0.0
2045,0.24000000000000002,1.0,0.0,0.0,0.0,0.0,0.0
2045,0.25,1.0,0.0,0.0,0.0,0.0,0.0
2045,0.26,0.9999999999999928,3.0496236562954384e-15,9.405143984195795e-16,2.4923639791060417e-15,3.9968626290302694e-16,3.899461058668586e-16
2045,0.27,1.0,0.0,0.0,0.0,0.0,0.0
2045,0.28,0.9999999999998929,4.7707646468587303e-14,1.2813962916140196e-14,4.892605522052548e-14,0.0,0.0
2045,0.29000000000000004,1.0,0.0,0.0,0.0,0.0,0.0
2045,0.3,1.0,0.0,0.0,0.0,0.0,0.0
2045,0.31,1.0,0.0,0.0,0.0,4.4349852343166216e-17,3.782969755710773e-17
2045,0.32,1.0,0.0,0.0,0.0,0.0,0.0
2045,0.33,1.0,0.0,0.0,0.0,1.660875243995577e-17,3.221346724920569e-17
2045,0.34,1.0,0.0,0.0,0.0,0.0,0.0
2045,0.35000000000000003,0.9999999999999954,2.6651795183037216e-15,3.86212736238013e-16,8.188255048886688e-16,3.5889747640643017e-16,3.8930589854069643e-16
2045,0.36000000000000004,0.9999999999999994,8.686912198920263e-17,5.116738016209995e-17,2.4318821095550564e-16,8.568165128032356e-17,6.435230928792596e-17
2045,0.37,0.9999999999999997,4.319496462435125e-17,1.7629285424355638e-16,4.1331616110854923e-17,3.470724052903441e-17,3.111257136673086e-17
2045,0.38,1.0,0.0,0.0,0.0,0.0,0.0
2045,0.39,1.0,0.0,0.0,0.0,0.0,0.0
2045,0.4,0.9999999999999999,0.0,3.7676352388237854e-17,0.0,5.3404338346761765e-17,0.0
2045,0.41000000000000003,1.0,0.0,0.0,0.0,0.0,0.0
2045,0.42000000000000004,0.9999999999991865,3.028354544670937e-17,5.620910637979537e-18,0.0,6.087414033679843e-17,0.0
2045,0.43,1.0,7.383680279341254e-14,0.0,5.3990527326818426e-17,0.0,0.0
2045,0.44,1.0,0.0,0.0,0.0,0.0,0.0
2045,0.45,1.0,0.0,0.0,0.0,0.0,0.0
2045,0.46,1.0,1.2575711175588804e-17,0.0,0.0,1.322537928166072e-16,0.0
2045,0.47000000000000003,0.9999999999999964,1.6088946014681356e-15,3.3054144145696987e-16,7.231351844100001e-16,4.634537930335206e-16,2.5546996859183614e-16
2045,0.48000000000000004,0.9999999999997294,5.54863333313394e-17,0.0,0.0,0.0,9.365134995304385e-17
2045,0.49,0.9999999999993029,1.0140359649120406e-16,0.0,0.0,8.752014249619361e-17,4.588772205864855e-17
2045,0.5,1.0,0.0,0.0,0.0,0.0,0.0
2045,0.51,1.0,0.0,0.0,0.0,0.0,0.0
2045,0.52,1.0,0.0,3.044959562068472e-16,7.321996565986868e-16,8.262167684643168e-17,2.425983529620993e-17
2045,0.53,1.0,0.0,0.0,0.0,0.0,0.0
2045,0.54,1.0,0.0,0.0,0.0,0.0,0.0
2045,0.55,1.0,6.031995051606686e-14,8.688198263147509e-17,1.1463755880286598e-16,3.6152560947810795e-18,0.0
2045,0.56,0.9999999999998674,9.115203912154106e-14,6.627082359108014e-15,3.204141345620881e-14,3.380244950840442e-15,0.0
2045,0.5700000000000001,1.0,0.0,0.0,0.0,0.0,0.0
2045,0.5800000000000001,1.0,0.0,0.0,0.0,5.776493003754847e-17,0.0
2045,0.59,1.0,0.0,0.0,0.0,0.0,0.0
2045,0.6,1.0,0.0,1.13842563565011e-17,2.212173555804336e-17,4.151275512320169e-18,1.375192041730138e-18
2045,0.61,0.9999999999989495,0.0,5.254963131307022e-13,6.511458039426543e-13,1.99854022220336e-13,2.8727020762175925e-14
2045,0.62,1.0,0.0,0.0,0.0,0.0,0.0
2045,0.63,0.9999999999994933,6.993110278424644e-17,1.8202129231564075e-17,0.0,4.595770443360268e-17,0.0
2045,0.64,1.0,0.0,0.0,0.0,0.0,0.0
2045,0.65,0.9999999999999192,0.0,0.0,1.4719409504937558e-16,0.0,1.4806156680238545e-16
2045,0.66,1.0,1.0315887704632235e-14,0.0,0.0,4.285527829492067e-17,2.0892773332487402e-18
2045,0.67,0.9999999999999861,7.94985926271609e-18,1.3978884346280282e-16,0.0,8.427769083567771e-17,0.0
2045,0.68,0.9999999999999776,0.0,9.607763498841105e-17,0.0,5.444426975551009e-17,0.0
2045,0.6900000000000001,1.0,0.0,0.0,0.0,0.0,0.0
2045,0.7000000000000001,1.0,0.0,0.0,0.0,0.0,0.0
2045,0.7100000000000001,1.0,0.0,0.0,0.0,0.0,0.0
2045,0.72,1.0,0.0,0.0,0.0,0.0,0.0
2045,0.73,1.0,0.0,0.0,0.0,0.0,0.0
2045,0.74,1.0,0.0,0.0,0.0,0.0,0.0
2045,0.75,0.9999999999999992,7.547019210785644e-16,1.44079134848455e-16,0.0,0.0,3.4218742317239685e-17
2045,0.76,0.9999999999996679,0.0,0.0,7.650758590753219e-17,2.0862033956756436e-16,0.0
2045,0.77,1.0,8.078408106965334e-17,0.0,0.0,3.967241053258176e-17,0.0
2045,0.78,1.0,0.0,1.4053128372108105e-16,0.0,0.0,4.4880568779868e-17
2045,0.79,1.0,0.0,0.0,0.0,0.0,0.0
2045,0.8,1.0,4.772286853489584e-16,7.835991745286593e-18,0.0,6.251261621255319e-18,5.482351894699033e-17
2045,0.81,0.9999999999999999,0.0,2.5086975055292377e-17,0.0,6.672033847792795e-17,4.2702933419551046e-18
2045,0.8200000000000001,1.0,0.0,0.0,0.0,0.0,0.0
2045,0.8300000000000001,1.0,0.0,0.0,4.108501161038475e-17,2.7207223802166395e-17,2.7207223802166395e-17
2045,0.8400000000000001,1.0,0.0,0.0,5.5582890928805106e-18,1.9436076900694967e-17,1.9436076899887174e-17
2045,0.85,1.0,0.0,0.0,0.0,0.0,0.0
2045,0.86,1.0,0.0,0.0,0.0,0.0,0.0
2045,0.87,1.0,0.0,0.0,0.0,0.0,0.0
2045,0.88,1.0,0.0,0.0,0.0,0.0,0.0
2045,0.89,1.0,0.0,0.0,0.0,0.0,0.0
2045,0.9,1.0,0.0,0.0,0.0,0.0,0.0
2045,0.91,1.0,0.0,0.0,0.0,0.0,0.0
2045,0.92,1.0,0.0,0.0,0.0,0.0,0.0
2045,0.93,1.0,0.0,0.0,0.0,0.0,7.754664817887009e-17
2045,0.9400000000000001,0.9999999999978686,7.52065076881081e-13,3.9997866130292437e-13,7.183212358263802e-13,1.8253454303618355e-13,7.829847881168917e-14
2045,0.9500000000000001,1.0,0.0,0.0,0.0,0.0,0.0
2045,0.9600000000000001,0.9999999999961342,1.5231149674832523e-12,6.446215089495055e-13,1.2622732720179997e-12,3.002893073089652e-13,1.3554088407197185e-13
2045,0.97,1.0,0.0,0.0,0.0,0.0,0.0
2045,0.98,1.0,0.0,0.0,0.0,0.0,0.0
2045,0.99,1.0,0.0,0.0,0.0,0.0,0.0
2045,1.0,1.0,0.0,0.0,0.0,0.0,0.0
2046,0.01,0.2936950144408834,0.23568708003571107,0.16478885458941833,0.07710212156485954,0.18244262450547694,0.04628430486365065
2046,0.02,0.2936950144408834,0.23568708003571107,0.16478885458941833,0.07710212156485954,0.18244262450547694,0.04628430486365065
2046,0.03,0.2936950144408834,0.23568708003571107,0.16478885458941833,0.07710212156485954,0.18244262450547694,0.04628430486365065
2046,0.04,0.2936950144408834,0.23568708003571107,0.16478885458941833,0.07710212156485954,0.18244262450547694,0.04628430486365065
2046,0.05,0.2936950144408834,0.23568708003571107,0.16478885458941833,0.07710212156485954,0.18244262450547694,0.04628430486365065
2046,0.060000000000000005,0.2936950144408834,0.23568708003571107,0.16478885458941833,0.07710212156485954,0.18244262450547694,0.04628430486365065
2046,0.06999999999999999,0.2936950144408834,0.23568708003571107,0.16478885458941833,0.07710212156485954,0.18244262450547694,0.04628430486365065
2046,0.08,0.2936950144408834,0.23568708003571107,0.16478885458941833,0.07710212156485954,0.18244262450547694,0.04628430486365065
2046,0.09,0.2936950144408834,0.23568708003571107,0.16478885458941833,0.07710212156485954,0.18244262450547694,0.04628430486365065
2046,0.09999999999999999,0.2936950144408834,0.23568708003571107,0.16478885458941833,0.07710212156485954,0.18244262450547694,0.04628430486365065
2046,0.11,0.2941484919808937,0.2361210683323561,0.16455731137184298,0.0768902192945991,0.1822209390180606,0.046061970002251165
2046,0.12,1.0,1.0529958822500738e-16,0.0,2.5210930650579998e-18,0.0,9.240152967831298e-18
2046,0.13,1.0,0.0,0.0,0.0,0.0,0.0
2046,0.14,1.0,0.0,0.0,0.0,0.0,0.0
2046,0.15000000000000002,1.0,0.0,0.0,0.0,0.0,0.0
2046,0.16,1.0,0.0,0.0,0.0,0.0,0.0
2046,0.17,1.0,0.0,0.0,0.0,0.0,0.0
2046,0.18000000000000002,1.0,2.86441725309256e-16,5.86270474872079e-17,4.4635932484831994e-17,0.0,0.0
2046,0.19,1.0,0.0,0.0,0.0,0.0,0.0
2046,0.2,1.0,0.0,0.0,0.0,0.0,0.0
2046,0.21000000000000002,1.0,0.0,0.0,0.0,0.0,0.0
2046,0.22,1.0,1.2544776427915479e-16,0.0,8.265599479201562e-18,0.0,1.0019957844776117e-17
2046,0.23,1.0,5.574215961528674e-17,1.973872640722218e-17,0.0,1.1485270456400781e-17,0.0
2046,0.24000000000000002,1.0,0.0,0.0,0.0,0.0,0.0
2046,0.25,1.0,0.0,0.0,0.0,0.0,0.0
2046,0.26,1.0,0.0,0.0,0.0,0.0,0.0
2046,0.27,1.0,0.0,0.0,0.0,0.0,6.876112032787796e-18
2046,0.28,1.0,0.0,0.0,0.0,0.0,0.0
2046,0.29000000000000004,1.0,0.0,0.0,0.0,0.0,0.0
2046,0.3,1.0,0.0,0.0,0.0,0.0,0.0
2046,0.31,1.0,0.0,0.0,0.0,0.0,0.0
2046,0.32,0.9999999999999999,1.2113878847360666e-16,1.1343257711137702e-16,0.0,0.0,0.0
2046,0.33,1.0,0.0,0.0,0.0,0.0,0.0
2046,0.34,0.9999999999999999,3.5931672104795545e-17,3.5622474941077537e-17,0.0,0.0,2.0864441748253123e-17
2046,0.35000000000000003,0.9999999999999999,2.1753834639313968e-16,0.0,0.0,1.2804773999514988e-17,1.464035678857458e-17
2046,0.36000000000000004,1.0,0.0,0.0,1.083992531831059e-16,0.0,4.315844624497474e-18
2046,0.37,1.0,0.0,4.864998153330289e-15,3.935442802118546e-16,1.5060482922373622e-15,3.821295780069262e-16
2046,0.38,1.0,0.0,0.0,0.0,0.0,0.0
2046,0.39,1.0,0.0,0.0,0.0,0.0,0.0
2046,0.4,1.0,0.0,0.0,0.0,0.0,0.0
2046,0.41000000000000003,1.0,0.0,0.0,0.0,0.0,0.0
2046,0.42000000000000004,1.0,0.0,0.0,0.0,0.0,0.0
2046,0.43,1.0,0.0,0.0,1.5962052626470544e-18,3.1346573796426735e-18,1.2804021046443527e-17
2046,0.44,1.0,0.0,0.0,0.0,0.0,0.0
2046,0.45,1.0,1.5004712239752956e-13,1.164901480068826e-16,0.0,1.182117025607124e-16,4.8305972766274206e-17
2046,0.46,0.9999999999998752,5.815355819136255e-17,6.221586037758394e-18,0.0,0.0,0.0
2046,0.47000000000000003,1.0,0.0,0.0,0.0,0.0,0.0
2046,0.48000000000000004,0.9999999999999922,0.0,1.1226326827931468e-16,2.090027130468754e-16,0.0,0.0
2046,0.49,0.9999999999999916,0.0,0.0,0.0,4.842088611868675e-17,6.787523121758383e-18
2046,0.5,1.0,0.0,0.0,0.0,0.0,0.0
2046,0.51,0.9999999999999343,8.623535931322287e-17,0.0,2.1439079856663162e-17,0.0,4.919465598927996e-17
2046,0.52,1.0,0.0,0.0,0.0,0.0,0.0
2046,0.53,1.0,0.0,0.0,0.0,0.0,0.0
2046,0.54,1.0,0.0,0.0,0.0,0.0,0.0
2046,0.55,1.0,0.0,0.0,0.0,0.0,0.0
2046,0.56,1.0,0.0,0.0,0.0,0.0,0.0
2046,0.5700000000000001,1.0,0.0,0.0,0.0,0.0,0.0
2046,0.5800000000000001,1.0,0.0,0.0,0.0,0.0,0.0
2046,0.59,1.0,0.0,0.0,3.9648424529780575e-18,0.0,0.0
2046,0.6,1.0,0.0,0.0,0.0,0.0,0.0
2046,0.61,1.0,0.0,0.0,0.0,0.0,0.0
2046,0.62,1.0,0.0,0.0,0.0,0.0,0.0
2046,0.63,1.0,0.0,0.0,0.0,0.0,0.0
2046,0.64,1.0,0.0,0.0,0.0,0.0,0.0
2046,0.65,1.0,0.0,0.0,0.0,4.921656477414781e-17,2.1460989158518894e-17
2046,0.66,1.0,0.0,0.0,0.0,0.0,0.0
2046,0.67,1.0,0.0,0.0,0.0,0.0,0.0
2046,0.68,0.9999999999999999,1.1184105722909474e-13,0.0,0.0,1.2160354784784269e-17,0.0
2046,0.6900000000000001,1.0,0.0,0.0,4.219646199516612e-16,0.0,0.0
2046,0.7000000000000001,1.0,0.0,0.0,0.0,0.0,0.0
2046,0.7100000000000001,1.0,0.0,0.0,0.0,0.0,0.0
2046,0.72,0.9999999999999469,2.272714198854515e-14,2.8957463647797978e-15,9.580963850467867e-16,1.324914352745881e-15,0.0
2046,0.73,0.999999999999943,0.0,7.69881517872362e-17,1.19541475709459e-16,1.4274024443866037e-16,8.166109896756925e-17
2046,0.74,1.0,0.0,0.0,0.0,0.0,0.0
2046,0.75,0.9999999999995169,3.8883355154896527e-17,0.0,0.0,0.0,0.0
2046,0.76,0.9999999999999988,0.0,0.0,0.0,1.816282595155377e-17,0.0
2046,0.77,0.9999999999999999,2.8545272829943375e-14,3.8741927633010195e-17,0.0,1.1438957818485704e-16,1.1449179288668787e-16
2046,0.78,0.9999999999999766,5.239996187499198e-15,2.0592152508319836e-15,0.0,1.584735888704661e-16,0.0
2046,0.79,0.9999999999999554,0.0,7.809339350539714e-17,3.14959261827476e-17,0.0,0.0
2046,0.8,0.9999999999999492,0.0,8.128422710528639e-17,0.0,1.8664410800815487e-16,8.489532284347784e-17
2046,0.81,0.9999999999999774,1.0675032467346794e-16,8.42628741955999e-17,0.0,0.0,0.0
2046,0.8200000000000001,1.0,1.6365405154360337e-15,2.4642106835893066e-17,0.0,0.0,1.4698605708321635e-17
2046,0.8300000000000001,0.99999999999993,0.0,0.0,0.0,8.665243013702306e-17,0.0
2046,0.8400000000000001,0.9999999999999629,0.0,0.0,0.0,2.4852815284462656e-16,0.0
2046,0.85,1.0,0.0,0.0,0.0,0.0,0.0
2046,0.86,0.999999999998124,6.322165013727954e-13,6.376357775117469e-13,1.744385885737998e-13,3.7622509274637395e-13,7.997075224253081e-14
2046,0.87,0.9999999999975551,8.724687639016793e-13,7.798102441558541e-13,2.281022593031423e-13,4.977303291742174e-13,1.1209436157066932e-13
2046,0.88,1.0,0.0,0.0,0.0,0.0,0.0
2046,0.89,1.0,0.0,0.0,0.0,0.0,0.0
2046,0.9,0.9999999999998745,4.424238753131249e-14,2.5021651417489466e-14,1.3496148643099559e-14,4.272970866026071e-14,6.38378239159465e-15
2046,0.91,0.9999999999999993,2.620331763299732e-16,0.0,3.1677173053258e-17,0.0,1.1838346869901644e-16
2046,0.92,1.0,0.0,0.0,0.0,0.0,0.0
2046,0.93,1.0,0.0,0.0,0.0,0.0,0.0
2046,0.9400000000000001,1.0,0.0,0.0,0.0,0.0,0.0
2046,0.9500000000000001,0.9999999999999196,0.0,1.4305773480130094e-16,5.801584540189787e-17,1.026486973257241e-16,0.0
2046,0.9600000000000001,1.0,0.0,0.0,0.0,0.0,0.0
2046,0.97,0.9999999999999123,5.016311891604019e-16,1.328541561148149e-16,2.8618986461130777e-17,2.949173530333131e-17,6.95544528002382e-17
2046,0.98,1.0,0.0,0.0,0.0,0.0,0.0
2046,0.99,1.0,0.0,0.0,0.0,0.0,0.0
2046,1.0,1.0,0.0,0.0,0.0,0.0,0.0
2047,0.01,0.12842789942476404,0.19395939466411916,0.26132302457499934,0.10916113078419112,0.2314698347222855,0.07565871582964069
2047,0.02,0.12842789942476404,0.19395939466411916,0.26132302457499934,0.10916113078419112,0.2314698347222855,0.07565871582964069
2047,0.03,0.12842789942476404,0.19395939466411916,0.26132302457499934,0.10916113078419112,0.2314698347222855,0.07565871582964069
2047,0.04,0.12842789942476404,0.19395939466411916,0.26132302457499934,0.10916113078419112,0.2314698347222855,0.07565871582964069
2047,0.05,0.12842789942476404,0.19395939466411916,0.26132302457499934,0.10916113078419112,0.2314698347222855,0.07565871582964069
2047,0.060000000000000005,0.12842789942476404,0.19395939466411916,0.26132302457499934,0.10916113078419112,0.2314698347222855,0.07565871582964069
2047,0.06999999999999999,0.12842789942476404,0.19395939466411916,0.26132302457499934,0.10916113078419112,0.2314698347222855,0.07565871582964069
2047,0.08,0.12842789942476404,0.19395939466411916,0.26132302457499934,0.10916113078419112,0.2314698347222855,0.07565871582964069
2047,0.09,0.12842789942476404,0.19395939466411916,0.26132302457499934,0.10916113078419112,0.2314698347222855,0.07565871582964069
2047,0.09999999999999999,0.12842789942476404,0.19395939466411916,0.26132302457499934,0.10916113078419112,0.2314698347222855,0.07565871582964069
2047,0.11,0.12842789942476404,0.19395939466411916,0.26132302457499934,0.10916113078419112,0.2314698347222855,0.07565871582964069
2047,0.12,0.12842789942476404,0.19395939466411916,0.26132302457499934,0.10916113078419112,0.2314698347222855,0.07565871582964069
2047,0.13,0.12842789942476404,0.19395939466411916,0.26132302457499934,0.10916113078419112,0.2314698347222855,0.07565871582964069
2047,0.14,0.12842789942476404,0.19395939466411916,0.26132302457499934,0.10916113078419112,0.2314698347222855,0.07565871582964069
2047,0.15000000000000002,0.12842789942476404,0.19395939466411916,0.26132302457499934,0.10916113078419112,0.2314698347222855,0.07565871582964069
2047,0.16,0.12842789942476404,0.19395939466411916,0.26132302457499934,0.10916113078419112,0.2314698347222855,0.07565871582964069
2047,0.17,0.12842789942476404,0.19395939466411916,0.26132302457499934,0.10916113078419112,0.2314698347222855,0.07565871582964069
2047,0.18000000000000002,0.12842789942476404,0.19395939466411916,0.26132302457499934,0.10916113078419112,0.2314698347222855,0.07565871582964069
2047,0.19,0.12842789942476404,0.19395939466411916,0.26132302457499934,0.10916113078419112,0.2314698347222855,0.07565871582964069
2047,0.2,0.12842789942476404,0.19395939466411916,0.26132302457499934,0.10916113078419112,0.2314698347222855,0.07565871582964069
2047,0.21000000000000002,0.12842789942476404,0.19395939466411916,0.26132302457499934,0.10916113078419112,0.2314698347222855,0.07565871582964069
2047,0.22,0.12842789942476404,0.19395939466411916,0.26132302457499934,0.10916113078419112,0.2314698347222855,0.07565871582964069
2047,0.23,0.12850191430797805,0.19403340954733317,0.2612860163195195,0.10912412377678053,0.23143282768857046,0.07562170835968546
2047,0.24000000000000002,0.12848340974969163,0.19401490498904675,0.26137853644068204,0.10910561994566428,0.23141432388375865,0.07560320499114237
2047,0.25,0.12842789942476404,0.19395939466411916,0.26132302457499934,0.10916113078419112,0.2314698347222855,0.07565871582964069
2047,0.26,0.12842789942476404,0.19395939466411916,0.26132302457499934,0.10916113078419112,0.2314698347222855,0.07565871582964069
2047,0.27,0.12842789942476404,0.19395939466411916,0.26132302457499934,0.10916113078419112,0.2314698347222855,0.07565871582964069
2047,0.28,0.12842789942476404,0.19395939466411916,0.26132302457499934,0.10916113078419112,0.2314698347222855,0.07565871582964069
2047,0.29000000000000004,0.12839709552164463,0.19448350939450706,0.26129221982252665,0.10913031456354315,0.23125398979803588,0.0754428708997439
2047,0.3,0.9999999999999114,0.0,0.0,0.0,9.9800522780182e-16,0.0
2047,0.31,1.0,3.351804173859374e-16,1.4256574330177598e-17,0.0,0.0,0.0
2047,0.32,0.999999999996543,2.2922774789435607e-12,1.0135087213924976e-12,8.67778071622638e-14,2.5923707624997405e-14,3.84969833788773e-14
2047,0.33,1.0,0.0,0.0,0.0,0.0,0.0
2047,0.34,1.0,0.0,0.0,4.163336342344337e-17,0.0,2.7755575615628914e-17
2047,0.35000000000000003,1.0,0.0,1.0595536693014453e-17,1.4459297933632472e-17,0.0,2.4111673687548452e-17
2047,0.36000000000000004,1.0,0.0,0.0,7.269394675161208e-17,2.0423734874182762e-17,0.0
2047,0.37,1.0,6.358688649916877e-14,3.215048211137542e-17,2.092367769197648e-17,7.1055847560095e-18,1.8113057686496632e-17
2047,0.38,1.0,0.0,0.0,0.0,0.0,1.5612511283791264e-17
2047,0.39,1.0,0.0,0.0,0.0,0.0,6.258358961706153e-17
2047,0.4,0.9999999999998769,0.0,0.0,0.0,0.0,2.6487223302776677e-17
2047,0.41000000000000003,1.0,5.942746495547881e-14,3.920675546451985e-17,4.6145649342577684e-17,1.1451179823041542e-17,0.0
2047,0.42000000000000004,1.0,0.0,1.3877787807814457e-17,0.0,0.0,4.163336342344337e-17
2047,0.43,1.0,0.0,4.2859867131067597e-19,2.1244856866558734e-17,0.0,4.281751548370488e-19
2047,0.44,1.0,1.0225977255753102e-13,0.0,0.0,1.343616016297667e-17,5.506953707980378e-17
2047,0.45,0.9999999999999999,4.4118124098219557e-13,4.1398100074042277e-17,0.0,6.15888250064297e-17,3.656615906060434e-17
2047,0.46,1.0,0.0,0.0,0.0,0.0,1.0462663041978877e-17
2047,0.47000000000000003,1.0,9.284033537064165e-17,0.0,0.0,4.117136511185297e-17,0.0
2047,0.48000000000000004,1.0,0.0,0.0,0.0,0.0,0.0
2047,0.49,0.9999999999999748,0.0,1.1290221324829444e-16,3.256953971960939e-17,8.142129672305071e-17,0.0
2047,0.5,1.0,0.0,0.0,0.0,0.0,0.0
2047,0.51,0.9999999999999972,2.729527779505843e-15,1.8552615583270144e-17,6.767780013672059e-17,5.557189937544372e-17,2.5945307388668864e-17
2047,0.52,1.0,0.0,0.0,0.0,0.0,0.0
2047,0.53,1.0,0.0,0.0,0.0,0.0,0.0
2047,0.54,1.0,0.0,0.0,1.8249603238490878e-19,8.106109321128983e-17,0.0
2047,0.55,1.0,0.0,0.0,0.0,0.0,0.0
2047,0.56,1.0,0.0,0.0,0.0,0.0,0.0
2047,0.5700000000000001,1.0,0.0,0.0,0.0,0.0,0.0
2047,0.5800000000000001,1.0,0.0,1.732399491366324e-17,0.0,7.843027480397825e-17,2.724790116609516e-17
2047,0.59,1.0,0.0,9.619133685726833e-17,2.3118361448686026e-17,0.0,3.4827570634914167e-17
2047,0.6,1.0,0.0,0.0,0.0,0.0,0.0
2047,0.61,0.999999999999918,7.911880713945714e-14,1.2512912797926767e-15,6.034645998648268e-16,6.462645394148762e-16,4.424491423059415e-16
2047,0.62,1.0,0.0,0.0,0.0,0.0,0.0
2047,0.63,0.9999999999999999,2.1409721076083628e-14,2.4928393964714415e-17,0.0,0.0,0.0
2047,0.64,0.9999999999999998,2.169264745156962e-16,0.0,1.0239185729316199e-17,0.0,0.0
2047,0.65,1.0,0.0,0.0,2.7755575615628914e-17,2.7755575615628914e-17,6.245004513516506e-17
2047,0.66,0.9999999999999998,5.551115123125783e-17,0.0,1.0061396160665481e-16,0.0,0.0
2047,0.67,0.9999999999999779,1.8653754831604236e-14,2.3073717603325064e-15,0.0,1.4146559125973024e-15,4.178036271308994e-16
2047,0.68,1.0,0.0,0.0,0.0,0.0,0.0
2047,0.6900000000000001,1.0,0.0,0.0,2.0816681711721685e-17,0.0,5.551115123125783e-17
2047,0.7000000000000001,0.9999999999999998,8.643925938591598e-17,1.4590132238736212e-16,1.0125092459272576e-16,0.0,0.0
2047,0.7100000000000001,1.0,0.0,0.0,0.0,0.0,0.0
2047,0.72,1.0,0.0,0.0,0.0,0.0,0.0
2047,0.73,1.0,0.0,0.0,0.0,0.0,0.0
2047,0.74,1.0,0.0,0.0,0.0,0.0,0.0
2047,0.75,1.0,1.1278827568748865e-16,1.2551063189493602e-17,0.0,0.0,2.9031459291030326e-17
2047,0.76,1.0,4.783518883796987e-16,2.036919323006446e-17,2.821159564579805e-17,0.0,0.0
2047,0.77,1.0,0.0,0.0,1.39616653953428e-17,5.27426783074978e-17,0.0
2047,0.78,1.0,0.0,0.0,0.0,0.0,0.0
2047,0.79,1.0,0.0,0.0,0.0,0.0,0.0
2047,0.8,1.0,0.0,0.0,0.0,0.0,0.0
2047,0.81,1.0,0.0,0.0,0.0,0.0,0.0
2047,0.8200000000000001,1.0,0.0,1.6477676490694942e-16,2.3626477353880164e-17,1.753092261099748e-17,1.6896923029964559e-18
2047,0.8300000000000001,1.0,0.0,0.0,0.0,0.0,0.0
2047,0.8400000000000001,1.0,0.0,0.0,0.0,0.0,0.0
2047,0.85,1.0,1.3528042866169355e-16,0.0,8.521552517268663e-18,6.868119831319208e-17,1.2267592838152859e-17
2047,0.86,1.0,0.0,0.0,0.0,0.0,0.0
2047,0.87,1.0,0.0,0.0,0.0,0.0,0.0
2047,0.88,1.0,6.08279060299793e-16,8.091110806582011e-17,1.8753946769022787e-18,0.0,4.015698086411113e-17
2047,0.89,1.0,0.0,3.8478832907468415e-16,6.021104606947323e-17,5.059392653371122e-17,4.559308346953515e-18
2047,0.9,1.0,0.0,0.0,0.0,0.0,0.0
2047,0.91,1.0,0.0,0.0,0.0,0.0,0.0
2047,0.92,1.0,0.0,0.0,2.0366540045937387e-16,0.0,0.0
2047,0.93,1.0,0.0,0.0,0.0,0.0,0.0
2047,0.9400000000000001,1.0,0.0,0.0,0.0,0.0,0.0
2047,0.9500000000000001,0.9999999999999993,1.0391722131797377e-15,0.0,7.526333748263338e-18,0.0,0.0
2047,0.9600000000000001,1.0,0.0,0.0,0.0,0.0,0.0
2047,0.97,1.0,0.0,0.0,0.0,0.0,0.0
2047,0.98,1.0,0.0,0.0,0.0,0.0,0.0
2047,0.99,1.0,0.0,0.0,0.0,0.0,0.0
2047,1.0,0.9999999999999988,6.38509794752492e-16,3.573517340043146e-16,0.0,1.6330441017862267e-16,7.68387414619132e-17
2048,0.01,0.2165047907742379,0.143879712295634,0.2504887380336843,0.1782317415358164,0.04510245595837188,0.16579256140225562
2048,0.02,0.2165047907742379,0.143879712295634,0.2504887380336843,0.1782317415358164,0.04510245595837188,0.16579256140225562
2048,0.03,0.2165047907742379,0.143879712295634,0.2504887380336843,0.1782317415358164,0.04510245595837188,0.16579256140225562
2048,0.04,0.2165047907742379,0.143879712295634,0.2504887380336843,0.1782317415358164,0.04510245595837188,0.16579256140225562
2048,0.05,0.2165047907742379,0.143879712295634,0.2504887380336843,0.1782317415358164,0.04510245595837188,0.16579256140225562
2048,0.060000000000000005,0.2165047907742379,0.143879712295634,0.2504887380336843,0.1782317415358164,0.04510245595837188,0.16579256140225562
2048,0.06999999999999999,0.2165047907742379,0.143879712295634,0.2504887380336843,0.1782317415358164,0.04510245595837188,0.16579256140225562
2048,0.08,0.2165047907742379,0.143879712295634,0.2504887380336843,0.1782317415358164,0.04510245595837188,0.16579256140225562
2048,0.09,0.2165047907742379,0.143879712295634,0.2504887380336843,0.1782317415358164,0.04510245595837188,0.16579256140225562
2048,0.09999999999999999,0.2165047907742379,0.143879712295634,0.2504887380336843,0.1782317415358164,0.04510245595837188,0.16579256140225562
2048,0.11,0.2165047907742379,0.143879712295634,0.2504887380336843,0.1782317415358164,0.04510245595837188,0.16579256140225562
2048,0.12,0.2165047907742379,0.143879712295634,0.2504887380336843,0.1782317415358164,0.04510245595837188,0.16579256140225562
2048,0.13,0.2165047907742379,0.143879712295634,0.2504887380336843,0.1782317415358164,0.04510245595837188,0.16579256140225562
2048,0.14,0.2165047907742379,0.143879712295634,0.2504887380336843,0.1782317415358164,0.04510245595837188,0.16579256140225562
2048,0.15000000000000002,0.2165047907742379,0.143879712295634,0.2504887380336843,0.1782317415358164,0.04510245595837188,0.16579256140225562
2048,0.16,0.2165047907742379,0.143879712295634,0.2504887380336843,0.1782317415358164,0.04510245595837188,0.16579256140225562
2048,0.17,0.2165047907742379,0.143879712295634,0.2504887380336843,0.1782317415358164,0.04510245595837188,0.16579256140225562
2048,0.18000000000000002,0.2165047907742379,0.143879712295634,0.2504887380336843,0.1782317415358164,0.04510245595837188,0.16579256140225562
2048,0.19,0.21657880565348994,0.14395372717488603,0.25045172988781345,0.17819473441716965,0.04506544858293632,0.16575555428360889
2048,0.2,0.21654179782869953,0.14391671935009565,0.2505257461153208,0.17826874859027803,0.04502844107905911,0.16571854703653086
2048,0.21000000000000002,0.21654179782869953,0.14391671935009565,0.2505257461153208,0.17826874859027803,0.04502844107905911,0.16571854703653086
2048,0.22,0.2165047907742379,0.143879712295634,0.2504887380336843,0.1782317415358164,0.04510245595837188,0.16579256140225562
2048,0.23,0.2194101985320337,0.14678512005342195,0.25271002212967797,0.18045296397895436,0.047212250601856916,0.15342944470405395
2048,0.24000000000000002,0.2165047907742379,0.143879712295634,0.2504887380336843,0.1782317415358164,0.04510245595837188,0.16579256140225562
2048,0.25,0.21765201178919522,0.1450269333105913,0.2516359908911257,0.17937897624732554,0.042808095594702535,0.1634979921674219
2048,0.26,0.21654180001186585,0.14391672153326196,0.25052574829854773,0.17826875077344434,0.0450284428766589,0.1657185365062214
2048,0.27,0.2165047907742379,0.143879712295634,0.2504887380336843,0.1782317415358164,0.04510245595837188,0.16579256140225562
2048,0.28,1.0,0.0,0.0,0.0,0.0,4.612547212663238e-17
2048,0.29000000000000004,1.0,6.288330248768563e-17,0.0,0.0,2.6844591680856913e-18,1.509751525186065e-17
2048,0.3,1.0,0.0,0.0,6.95196708022144e-17,0.0,5.910170947716922e-17
2048,0.31,0.9999999999998845,1.0441860151869358e-13,7.609959991534184e-16,4.342594772004712e-15,3.147810754189264e-15,2.766558260014788e-15
2048,0.32,1.0,0.0,0.0,0.0,0.0,0.0
2048,0.33,0.9999999999998808,1.1547944954679056e-13,2.5399354420098472e-15,1.3367831621920005e-16,5.933131217502208e-16,6.143796781813825e-16
2048,0.34,0.9999999999999993,5.551115123125783e-17,8.326672684688674e-17,1.6653345369377348e-16,5.681219383824043e-17,9.71445146547012e-17
2048,0.35000000000000003,1.0,0.0,0.0,0.0,0.0,0.0
2048,0.36000000000000004,1.0,1.1762568762915015e-15,0.0,0.0,1.181779343209969e-16,1.7140340441891536e-17
2048,0.37,1.0,0.0,0.0,0.0,0.0,0.0
2048,0.38,1.0,0.0,0.0,0.0,0.0,0.0
2048,0.39,1.0,0.0,0.0,0.0,0.0,0.0
2048,0.4,1.0,0.0,0.0,0.0,0.0,0.0
2048,0.41000000000000003,0.9999999999999999,6.405879893001739e-17,4.432761640998169e-18,5.999327901121316e-17,2.9799863164047566e-17,2.2824229206053182e-17
2048,0.42000000000000004,1.0,0.0,0.0,0.0,0.0,0.0
2048,0.43,1.0,0.0,2.213510432142431e-17,0.0,0.0,0.0
2048,0.44,1.0,0.0,3.8157917708412114e-17,2.1300712132408213e-17,0.0,1.5466021208145367e-17
2048,0.45,1.0,4.366561281574535e-14,0.0,3.2113224500718745e-17,3.211322377693571e-17,0.0
2048,0.46,0.9999999999995605,3.96435355619069e-13,1.8131159093770716e-14,1.14519519389645e-14,8.495422823605412e-15,5.0131340051384754e-15
2048,0.47000000000000003,1.0,0.0,0.0,0.0,0.0,0.0
2048,0.48000000000000004,1.0,0.0,0.0,0.0,0.0,0.0
2048,0.49,1.0,7.402332099129658e-17,6.838576086194757e-17,0.0,0.0,0.0
2048,0.5,0.9999999999999994,6.233226498493729e-16,1.20997162343555e-16,0.0,0.0,0.0
2048,0.51,1.0,0.0,0.0,0.0,0.0,0.0
2048,0.52,1.0,0.0,0.0,0.0,0.0,0.0
2048,0.53,1.0,0.0,0.0,0.0,0.0,0.0
2048,0.54,1.0,0.0,0.0,0.0,0.0,0.0
2048,0.55,1.0,0.0,0.0,0.0,0.0,0.0
2048,0.56,1.0,0.0,0.0,0.0,0.0,0.0
2048,0.5700000000000001,1.0,4.95621322872501e-13,0.0,6.113276704070957e-17,0.0,3.337719142508065e-17
2048,0.5800000000000001,0.9999999999999999,8.873197419110026e-17,7.161885563632003e-17,6.736320618576896e-17,0.0,2.1479900961398713e-17
2048,0.59,1.0,0.0,0.0,0.0,0.0,0.0
2048,0.6,1.0,0.0,0.0,0.0,0.0,0.0
2048,0.61,1.0,0.0,0.0,0.0,0.0,0.0
2048,0.62,1.0,0.0,0.0,0.0,0.0,0.0
2048,0.63,1.0,0.0,0.0,0.0,0.0,0.0
2048,0.64,1.0,0.0,0.0,0.0,0.0,0.0
2048,0.65,1.0,0.0,0.0,0.0,0.0,0.0
2048,0.66,1.0,0.0,0.0,0.0,0.0,0.0
2048,0.67,1.0,0.0,0.0,0.0,0.0,0.0
2048,0.68,1.0,0.0,0.0,0.0,0.0,0.0
2048,0.6900000000000001,1.0,0.0,0.0,0.0,0.0,0.0
2048,0.7000000000000001,0.9999999999999997,6.885787994643682e-16,6.8810365028098e-17,1.1935266644329298e-16,8.643291470463034e-19,0.0
2048,0.7100000000000001,1.0,0.0,0.0,0.0,0.0,0.0
2048,0.72,0.9999999999999999,3.6483706272294073e-17,2.93044508399143e-17,1.659620887281421e-17,2.0140760741847388e-17,0.0
2048,0.73,0.9999999999994981,2.5263448686294175e-13,1.3754992203109198e-13,8.119402984216736e-14,2.4058324184338163e-15,2.1338207769216112e-14
2048,0.74,1.0,0.0,0.0,0.0,0.0,0.0
2048,0.75,1.0,5.204166882568141e-13,5.5156720882391106e-17,0.0,0.0,2.74012511458806e-17
2048,0.76,0.9999999999995474,4.868032185693575e-17,0.0,0.0,1.4331038839523474e-17,3.047854867492659e-17
2048,0.77,1.0,0.0,0.0,0.0,0.0,0.0
2048,0.78,0.9999999999998834,1.7618293134221896e-15,1.4584409232245454e-15,8.819002905425236e-16,4.275600853443135e-16,3.8124338877708814e-16
2048,0.79,1.0,7.410987717059413e-17,0.0,0.0,6.37017480729701e-17,0.0
2048,0.8,1.0,9.821505842091223e-18,1.676055856467606e-17,0.0,2.8826648777431976e-18,0.0
2048,0.81,1.0,0.0,1.0786249361566871e-16,2.925009845622466e-17,8.092260287002987e-17,0.0
2048,0.8200000000000001,1.0,0.0,0.0,0.0,0.0,0.0
2048,0.8300000000000001,0.9999999999999495,1.6841850778520354e-16,4.3282253705704803e-16,2.907720775166069e-16,0.0,0.0
2048,0.8400000000000001,1.0,0.0,0.0,0.0,0.0,0.0
2048,0.85,1.0,0.0,0.0,0.0,0.0,0.0
2048,0.86,1.0,0.0,6.30996135265907e-17,0.0,4.9221613960539427e-17,0.0
2048,0.87,1.0,8.511279555153033e-17,1.2334240163250791e-17,0.0,8.413238320300445e-18,0.0
2048,0.88,1.0,0.0,0.0,6.796649945062784e-17,2.0208469976010608e-17,0.0
2048,0.89,1.0,1.958269124407203e-17,0.0,8.992970772983928e-18,3.645320827174326e-18,2.2070109657146024e-17
2048,0.9,1.0,2.3686429337019255e-17,0.0,0.0,0.0,1.6747958949585653e-17
2048,0.91,1.0,0.0,0.0,0.0,0.0,0.0
2048,0.92,1.0,0.0,0.0,0.0,0.0,0.0
2048,0.93,1.0,0.0,0.0,0.0,0.0,0.0
2048,0.9400000000000001,1.0,1.6008075670159022e-17,1.166228843097611e-16,0.0,5.600158330771807e-18,0.0
2048,0.9500000000000001,1.0,0.0,0.0,0.0,0.0,0.0
2048,0.9600000000000001,1.0,0.0,0.0,0.0,0.0,0.0
2048,0.97,0.9999999999999999,2.387173042941499e-13,1.4252278268812566e-17,0.0,6.30631817006793e-17,0.0
2048,0.98,1.0,0.0,0.0,0.0,0.0,0.0
2048,0.99,1.0,8.015397057562142e-14,0.0,0.0,0.0,2.2070647820852551e-16
2048,1.0,1.0,0.0,0.0,0.0,0.0,0.0
2049,0.01,0.12752325139150814,0.26067042120167294,0.27347546397324396,0.03606558796893219,0.0010861261845785672,0.3011791492800643
2049,0.02,0.12752325139150814,0.26067042120167294,0.27347546397324396,0.03606558796893219,0.0010861261845785672,0.3011791492800643
2049,0.03,0.12752325139150814,0.26067042120167294,0.27347546397324396,0.03606558796893219,0.0010861261845785672,0.3011791492800643
2049,0.04,0.12752325139150814,0.26067042120167294,0.27347546397324396,0.03606558796893219,0.0010861261845785672,0.3011791492800643
2049,0.05,0.12752325139150814,0.26067042120167294,0.27347546397324396,0.03606558796893219,0.0010861261845785672,0.3011791492800643
2049,0.060000000000000005,0.12752325139150814,0.26067042120167294,0.27347546397324396,0.03606558796893219,0.0010861261845785672,0.3011791492800643
2049,0.06999999999999999,0.12752325139150814,0.26067042120167294,0.27347546397324396,0.03606558796893219,0.0010861261845785672,0.3011791492800643
2049,0.08,0.12752325139150814,0.26067042120167294,0.27347546397324396,0.03606558796893219,0.0010861261845785672,0.3011791492800643
2049,0.09,0.12752325139150814,0.26067042120167294,0.27347546397324396,0.03606558796893219,0.0010861261845785672,0.3011791492800643
2049,0.09999999999999999,0.12752325139150814,0.26067042120167294,0.27347546397324396,0.03606558796893219,0.0010861261845785672,0.3011791492800643
2049,0.11,0.12752325139150814,0.26067042120167294,0.27347546397324396,0.03606558796893219,0.0010861261845785672,0.3011791492800643
2049,0.12,0.12752325139150814,0.26067042120167294,0.27347546397324396,0.03606558796893219,0.0010861261845785672,0.3011791492800643
2049,0.13,0.12752325139150814,0.26067042120167294,0.27347546397324396,0.03606558796893219,0.0010861261845785672,0.3011791492800643
2049,0.14,0.12752325139150814,0.26067042120167294,0.27347546397324396,0.03606558796893219,0.0010861261845785672,0.3011791492800643
2049,0.15000000000000002,0.12752325139150814,0.26067042120167294,0.27347546397324396,0.03606558796893219,0.0010861261845785672,0.3011791492800643
2049,0.16,0.12752325139150814,0.26067042120167294,0.27347546397324396,0.03606558796893219,0.0010861261845785672,0.3011791492800643
2049,0.17,0.12752325139150814,0.26067042120167294,0.27347546397324396,0.03606558796893219,0.0010861261845785672,0.3011791492800643
2049,0.18000000000000002,0.12752325139150814,0.26067042120167294,0.27347546397324396,0.03606558796893219,0.0010861261845785672,0.3011791492800643
2049,0.19,0.12752325139150814,0.26067042120167294,0.27347546397324396,0.03606558796893219,0.0010861261845785672,0.3011791492800643
2049,0.2,0.12752325139150814,0.26067042120167294,0.27347546397324396,0.03606558796893219,0.0010861261845785672,0.3011791492800643
2049,0.21000000000000002,0.12752325139150814,0.26067042120167294,0.27347546397324396,0.03606558796893219,0.0010861261845785672,0.3011791492800643
2049,0.22,0.12752325139150814,0.26067042120167294,0.27347546397324396,0.03606558796893219,0.0010861261845785672,0.3011791492800643
2049,0.23,0.12752325139150814,0.26067042120167294,0.27347546397324396,0.03606558796893219,0.0010861261845785672,0.3011791492800643
2049,0.24000000000000002,0.1275234150678895,0.26067058488259737,0.27347538213328804,0.03606550613068099,0.0010860443464338165,0.30117906744010997
2049,0.25,0.12752325139150814,0.26067042120167294,0.27347546397324396,0.03606558796893219,0.0010861261845785672,0.3011791492800643
2049,0.26,0.12752325139150814,0.26067042120167294,0.27347546397324396,0.03606558796893219,0.0010861261845785672,0.3011791492800643
2049,0.27,0.12752325139150814,0.26067042120167294,0.27347546397324396,0.03606558796893219,0.0010861261845785672,0.3011791492800643
2049,0.28,0.12752325139150814,0.26067042120167294,0.27347546397324396,0.03606558796893219,0.0010861261845785672,0.3011791492800643
2049,0.29000000000000004,0.12759726596317839,0.2607444378567406,0.2734384557534217,0.03602858059309611,0.0010491187647662665,0.30114214106874015
2049,0.3,0.12752325139150814,0.26067042120167294,0.27347546397324396,0.03606558796893219,0.0010861261845785672,0.3011791492800643
2049,0.31,0.12875545370659353,0.2641262878316744,0.2723160048763986,0.03490615300820949,6.058451752097371e-28,0.29989610057712307
2049,0.32,0.12752325139150814,0.26067042120167294,0.27347546397324396,0.03606558796893219,0.0010861261845785672,0.3011791492800643
2049,0.33,0.12858865900038774,0.2617358596824779,0.27371943704960067,0.03630943891887954,1.971234176147879e-09,0.2996466033777255
2049,0.34,0.12759726576528532,0.2607444376298071,0.273438455875547,0.03602858064162204,0.0010491189054165266,0.3011421411823673
2049,0.35000000000000003,0.0,1.0,0.0,0.0,0.0,0.0
2049,0.36000000000000004,0.9999999999999966,2.55351295663786e-15,6.44883452194378e-16,2.220446049250313e-16,0.0,1.0824674490095276e-15
2049,0.37,0.9999999999999989,0.0,1.4597698050344832e-15,4.2240516640035253e-16,0.0,4.718447854656915e-16
2049,0.38,1.0,0.0,0.0,0.0,0.0,0.0
2049,0.39,0.0,1.0,0.0,0.0,0.0,0.0
2049,0.4,1.0,0.0,0.0,0.0,0.0,0.0
2049,0.41000000000000003,8.027042224222978e-17,1.0,0.0,9.055745238251938e-18,5.3733349132482144e-17,2.916343033612578e-17
2049,0.42000000000000004,1.0,0.0,0.0,0.0,0.0,0.0
2049,0.43,0.9999999999993419,5.428435478904703e-13,9.603429163007604e-14,8.326672684688674e-17,1.1435297153639112e-14,7.955441860829637e-15
2049,0.44,1.0,0.0,1.482711842807357e-16,4.078923810762776e-19,2.4855370310251377e-19,9.242517733387948e-18
2049,0.45,1.0,0.0,0.0,0.0,0.0,0.0
2049,0.46,1.0,0.0,0.0,2.7755575615628914e-17,0.0,2.7755575615628914e-17
2049,0.47000000000000003,0.9999999999999998,1.2406026266074721e-16,3.298242578499189e-17,0.0,7.605759882712273e-18,3.4784897899302113e-17
2049,0.48000000000000004,1.0,5.533327389874412e-17,3.246873907657337e-17,0.0,1.077199426855753e-17,2.873804532611836e-17
2049,0.49,1.0,0.0,0.0,0.0,0.0,0.0
2049,0.5,1.0,0.0,0.0,0.0,0.0,0.0
2049,0.51,0.9999999999999994,5.551115123125783e-16,0.0,0.0,0.0,0.0
2049,0.52,0.9999999999999998,2.220446049250313e-16,0.0,0.0,0.0,0.0
2049,0.53,0.9999999999999993,6.661338147750939e-16,6.938893903907228e-17,0.0,2.7755575615628914e-17,0.0
2049,0.54,1.0,1.6814474340789522e-17,0.0,6.135425835070733e-17,0.0,0.0
2049,0.55,1.0,0.0,0.0,0.0,0.0,0.0
2049,0.56,1.0,0.0,0.0,0.0,0.0,0.0
2049,0.5700000000000001,1.0,3.41603159846188e-17,0.0,0.0,2.4633981272311e-17,1.1893284241859707e-16
2049,0.5800000000000001,0.9999999999999993,5.908955167216868e-16,1.7742762614479558e-17,1.0963547565546686e-17,7.888354121607678e-17,0.0
2049,0.59,1.0,0.0,0.0,0.0,0.0,0.0
2049,0.6,1.0,0.0,0.0,0.0,0.0,0.0
2049,0.61,1.0,0.0,0.0,0.0,4.467894648591256e-17,5.73162876296976e-17
2049,0.62,1.0,0.0,0.0,0.0,0.0,0.0
2049,0.63,1.0,0.0,0.0,0.0,0.0,0.0
2049,0.64,1.0,0.0,0.0,0.0,2.135485964276097e-16,0.0
2049,0.65,1.0,0.0,0.0,0.0,0.0,0.0
2049,0.66,1.0,0.0,0.0,0.0,0.0,0.0
2049,0.67,1.0,0.0,0.0,2.8902302716256076e-17,1.0203289399453847e-17,0.0
2049,0.68,1.0,0.0,0.0,0.0,0.0,0.0
2049,0.6900000000000001,1.0,0.0,0.0,0.0,0.0,0.0
2049,0.7000000000000001,1.0,0.0,0.0,0.0,0.0,0.0
2049,0.7100000000000001,1.0,0.0,4.8105832247019074e-17,8.260313826697699e-19,1.165852312699833e-19,8.347385882560921e-18
2049,0.72,1.0,0.0,0.0,0.0,0.0,0.0
2049,0.73,1.0,0.0,0.0,0.0,0.0,0.0
2049,0.74,1.0,0.0,0.0,0.0,4.453222328451676e-16,0.0
2049,0.75,1.0,0.0,0.0,0.0,0.0,0.0
2049,0.76,0.9999999999999998,2.8310024344499675e-16,1.9792281550360028e-17,5.28338011570868e-18,0.0,0.0
2049,0.77,1.0,0.0,0.0,0.0,0.0,0.0
2049,0.78,0.9999999999999997,3.1838059691123736e-16,7.25704933397746e-17,0.0,2.4402068489066885e-17,0.0
2049,0.79,1.0,0.0,0.0,0.0,0.0,0.0
2049,0.8,0.9999999999998214,1.5207017150377683e-13,2.771837113243069e-14,0.0,0.0,1.8326430763913597e-15
2049,0.81,1.0,0.0,0.0,0.0,0.0,0.0
2049,0.8200000000000001,1.0,0.0,0.0,0.0,0.0,0.0
2049,0.8300000000000001,1.0,0.0,0.0,0.0,0.0,0.0
2049,0.8400000000000001,1.0,0.0,0.0,0.0,0.0,0.0
2049,0.85,1.0,0.0,0.0,0.0,0.0,0.0
2049,0.86,1.0,0.0,0.0,0.0,0.0,0.0
2049,0.87,1.0,0.0,0.0,0.0,0.0,0.0
2049,0.88,1.0,0.0,0.0,0.0,0.0,0.0
2049,0.89,1.0,0.0,0.0,0.0,0.0,0.0
2049,0.9,0.9999999999999478,3.7079035693988386e-15,0.0,0.0,0.0,0.0
2049,0.91,1.0,0.0,0.0,0.0,6.789227312860577e-17,6.724330018685993e-17
2049,0.92,1.0,0.0,1.0891573152269421e-16,0.0,5.3404156774962755e-17,0.0
2049,0.93,1.0,0.0,8.869366693994504e-17,1.9304304384399132e-17,1.9304304384399132e-17,0.0
2049,0.9400000000000001,1.0,0.0,0.0,0.0,0.0,0.0
2049,0.9500000000000001,0.9999999999999999,1.3926829366269134e-16,0.0,0.0,9.447292264293529e-17,1.5376151041199137e-17
2049,0.9600000000000001,1.0,0.0,0.0,0.0,0.0,0.0
2049,0.97,1.0,0.0,0.0,0.0,0.0,0.0
2049,0.98,1.0,1.0049241237872382e-16,3.8043002518269205e-17,0.0,0.0,0.0
2049,0.99,1.0,0.0,0.0,0.0,0.0,0.0
2049,1.0,1.0,2.6214494289775614e-13,0.0,3.1591609266128905e-17,6.657767861485256e-17,6.904843737774519e-18
2050,0.01,0.20024203840971602,0.22207562316996685,0.047634595647776244,0.20503840818024885,0.004252911458496684,0.32075642313379527
2050,0.02,0.20024203840971602,0.22207562316996685,0.047634595647776244,0.20503840818024885,0.004252911458496684,0.32075642313379527
2050,0.03,0.20024203840971602,0.22207562316996685,0.047634595647776244,0.20503840818024885,0.004252911458496684,0.32075642313379527
2050,0.04,0.20024203840971602,0.22207562316996685,0.047634595647776244,0.20503840818024885,0.004252911458496684,0.32075642313379527
2050,0.05,0.20024203840971602,0.22207562316996685,0.047634595647776244,0.20503840818024885,0.004252911458496684,0.32075642313379527
2050,0.060000000000000005,0.20024203840971602,0.22207562316996685,0.047634595647776244,0.20503840818024885,0.004252911458496684,0.32075642313379527
2050,0.06999999999999999,0.20024203840971602,0.22207562316996685,0.047634595647776244,0.20503840818024885,0.004252911458496684,0.32075642313379527
2050,0.08,0.20024203840971602,0.22207562316996685,0.047634595647776244,0.20503840818024885,0.004252911458496684,0.32075642313379527
2050,0.09,0.20024203840971602,0.22207562316996685,0.047634595647776244,0.20503840818024885,0.004252911458496684,0.32075642313379527
2050,0.09999999999999999,0.20024203840971602,0.22207562316996685,0.047634595647776244,0.20503840818024885,0.004252911458496684,0.32075642313379527
2050,0.11,0.20024203840971602,0.22207562316996685,0.047634595647776244,0.20503840818024885,0.004252911458496684,0.32075642313379527
2050,0.12,0.20024203840971602,0.22207562316996685,0.047634595647776244,0.20503840818024885,0.004252911458496684,0.32075642313379527
2050,0.13,0.20024203840971602,0.22207562316996685,0.047634595647776244,0.20503840818024885,0.004252911458496684,0.32075642313379527
2050,0.14,0.20024203840971602,0.22207562316996685,0.047634595647776244,0.20503840818024885,0.004252911458496684,0.32075642313379527
2050,0.15000000000000002,0.20024203840971602,0.22207562316996685,0.047634595647776244,0.20503840818024885,0.004252911458496684,0.32075642313379527
2050,0.16,0.20024203840971602,0.22207562316996685,0.047634595647776244,0.20503840818024885,0.004252911458496684,0.32075642313379527
2050,0.17,0.20024203840971602,0.22207562316996685,0.047634595647776244,0.20503840818024885,0.004252911458496684,0.32075642313379527
2050,0.18000000000000002,0.20024203840971602,0.22207562316996685,0.047634595647776244,0.20503840818024885,0.004252911458496684,0.32075642313379527
2050,0.19,0.20024203840971602,0.22207562316996685,0.047634595647776244,0.20503840818024885,0.004252911458496684,0.32075642313379527
2050,0.2,0.20024203840971602,0.22207562316996685,0.047634595647776244,0.20503840818024885,0.004252911458496684,0.32075642313379527
2050,0.21000000000000002,0.20024203840971602,0.22207562316996685,0.047634595647776244,0.20503840818024885,0.004252911458496684,0.32075642313379527
2050,0.22,0.20024203840971602,0.22207562316996685,0.047634595647776244,0.20503840818024885,0.004252911458496684,0.32075642313379527
2050,0.23,0.20024203840971602,0.22207562316996685,0.047634595647776244,0.20503840818024885,0.004252911458496684,0.32075642313379527
2050,0.24000000000000002,0.20024203840971602,0.22207562316996685,0.047634595647776244,0.20503840818024885,0.004252911458496684,0.32075642313379527
2050,0.25,0.20024203840971602,0.22207562316996685,0.047634595647776244,0.20503840818024885,0.004252911458496684,0.32075642313379527
2050,0.26,0.20024203840971602,0.22207562316996685,0.047634595647776244,0.20503840818024885,0.004252911458496684,0.32075642313379527
2050,0.27,0.20024203840971602,0.22207562316996685,0.047634595647776244,0.20503840818024885,0.004252911458496684,0.32075642313379527
2050,0.28,0.20024203840971602,0.22207562316996685,0.047634595647776244,0.20503840818024885,0.004252911458496684,0.32075642313379527
2050,0.29000000000000004,0.20024203840971602,0.22207562316996685,0.047634595647776244,0.20503840818024885,0.004252911458496684,0.32075642313379527
2050,0.3,0.20024203840971602,0.22207562316996685,0.047634595647776244,0.20503840818024885,0.004252911458496684,0.32075642313379527
2050,0.31,0.20631098787418814,0.22814457263443919,0.043896634271097836,0.20411351187413027,0.0005154328586326693,0.3170188604875131
2050,0.32,0.20024203840971602,0.22207562316996685,0.047634595647776244,0.20503840818024885,0.004252911458496684,0.32075642313379527
2050,0.33,0.20209222553362974,0.22392581029388056,0.047375486183732274,0.20477945661157254,0.002661772792545261,0.31916524858464046
2050,0.34,0.20024203840971602,0.22207562316996685,0.047634595647776244,0.20503840818024885,0.004252911458496684,0.32075642313379527
2050,0.35000000000000003,0.20316304395103263,0.22499662871128823,0.0501289121253281,0.20590171199035448,1.0852609636695723e-21,0.31580970322169044
2050,0.36000000000000004,0.20027905335160884,0.22211263811185966,0.047671594409364616,0.2050753984695833,0.004178902825659969,0.32068241283192295
2050,0.37,0.20068612915831816,0.22251971391856787,0.04741254661087237,0.20481636886489377,0.004030870981714611,0.3205343704648096
2050,0.38,0.20068612732781688,0.2225197120880677,0.047412546650113914,0.20481636880763368,0.004030869599842213,0.3205343755255825
2050,0.39,1.0,0.0,0.0,0.0,0.0,0.0
2050,0.4,0.9999999999918671,8.00582294613677e-12,1.3483530975619463e-14,2.388579802291334e-14,1.7374389444916962e-14,7.175917672405565e-14
2050,0.41000000000000003,1.0,0.0,0.0,0.0,0.0,0.0
2050,0.42000000000000004,0.9999999999999999,2.2606963848875413e-16,2.1996764043369436e-17,0.0,0.0,0.0
2050,0.43,1.0,0.0,0.0,0.0,0.0,0.0
2050,0.44,1.0,0.0,0.0,0.0,0.0,0.0
2050,0.45,1.0,0.0,0.0,0.0,0.0,0.0
2050,0.46,1.0,9.887079427098506e-17,0.0,0.0,1.3457884459102938e-17,5.181859050704151e-17
2050,0.47000000000000003,1.0,1.28430581899814e-17,3.728074685195703e-18,0.0,1.1619870622169866e-17,3.2334955791443015e-17
2050,0.48000000000000004,1.0,0.0,0.0,0.0,2.846268715696322e-16,0.0
2050,0.49,1.0,7.035382351012431e-17,0.0,6.534089331070824e-17,0.0,0.0
2050,0.5,1.0,0.0,0.0,0.0,0.0,0.0
2050,0.51,1.0,0.0,0.0,0.0,0.0,0.0
2050,0.52,1.0,0.0,0.0,0.0,4.178585796483406e-15,1.2544123197311138e-15
2050,0.53,0.9999999999999667,1.9095836023552692e-14,1.3357370765021415e-15,9.856698790500218e-15,9.020562075079397e-16,2.095545958979983e-15
2050,0.54,1.0,0.0,0.0,0.0,0.0,0.0
2050,0.55,0.9999999999999999,6.046980121849271e-17,0.0,2.186689668719861e-17,0.0,1.8841056771589835e-18
2050,0.56,1.0,6.285992392940206e-15,7.678116916782927e-17,4.5318072830397495e-17,1.994095923599838e-18,5.1260289731505586e-17
2050,0.5700000000000001,0.9999999999999895,7.359099070144752e-18,0.0,3.4720428075669887e-17,1.333705402268992e-16,1.665467954966685e-17
2050,0.5800000000000001,1.0,0.0,0.0,0.0,0.0,0.0
2050,0.59,1.0,0.0,0.0,0.0,0.0,0.0
2050,0.6,0.9999999999999366,0.0,3.156588102163462e-17,1.6307629622880405e-17,1.461017611744808e-16,3.58206750058736e-17
2050,0.61,1.0,5.3589948157987065e-17,0.0,8.721474741403903e-18,0.0,1.9931108765367314e-17
2050,0.62,1.0,9.655523118631842e-17,0.0,0.0,9.819060696200516e-18,2.3696848504014973e-17
2050,0.63,1.0,0.0,0.0,0.0,0.0,0.0
2050,0.64,1.0,0.0,0.0,0.0,0.0,0.0
2050,0.65,1.0,0.0,0.0,0.0,0.0,0.0
2050,0.66,1.0,0.0,0.0,0.0,4.566792935764912e-17,0.0
2050,0.67,1.0,0.0,0.0,0.0,4.553327399153819e-17,0.0
2050,0.68,1.0,0.0,0.0,0.0,0.0,0.0
2050,0.6900000000000001,1.0,0.0,0.0,0.0,0.0,0.0
2050,0.7000000000000001,1.0,8.128478311438065e-14,0.0,0.0,1.600297038121171e-16,0.0
2050,0.7100000000000001,1.0,0.0,0.0,0.0,0.0,0.0
2050,0.72,1.0,0.0,0.0,0.0,0.0,0.0
2050,0.73,1.0,0.0,0.0,0.0,0.0,0.0
2050,0.74,1.0,0.0,0.0,0.0,0.0,0.0
2050,0.75,1.0,0.0,0.0,0.0,0.0,0.0
2050,0.76,1.0,0.0,9.229793913601658e-19,1.037392454275363e-16,0.0,0.0
2050,0.77,1.0,0.0,0.0,0.0,0.0,0.0
2050,0.78,1.0,0.0,0.0,0.0,0.0,0.0
2050,0.79,1.0,0.0,0.0,0.0,4.9706688125782115e-17,0.0
2050,0.8,1.0,0.0,0.0,0.0,0.0,0.0
2050,0.81,1.0,0.0,0.0,0.0,0.0,0.0
2050,0.8200000000000001,0.9999999999999999,0.0,0.0,7.699550914519455e-17,0.0,6.410458420410281e-17
2050,0.8300000000000001,1.0,7.682439939086245e-21,0.0,0.0,3.920669716121136e-17,1.2587143688312256e-17
2050,0.8400000000000001,1.0,0.0,0.0,0.0,0.0,0.0
2050,0.85,1.0,0.0,0.0,0.0,0.0,0.0
2050,0.86,1.0,0.0,0.0,0.0,0.0,0.0
2050,0.87,0.9999999999993754,5.2205807813847995e-17,0.0,0.0,3.699026960500767e-17,0.0
2050,0.88,1.0,0.0,0.0,0.0,0.0,0.0
2050,0.89,1.0,0.0,0.0,0.0,0.0,0.0
2050,0.9,1.0,0.0,0.0,0.0,0.0,0.0
2050,0.91,1.0,0.0,0.0,0.0,0.0,0.0
2050,0.92,1.0,0.0,5.147480182463838e-17,0.0,0.0,0.0
2050,0.93,1.0,0.0,0.0,0.0,0.0,0.0
2050,0.9400000000000001,1.0,0.0,0.0,0.0,0.0,0.0
2050,0.9500000000000001,1.0,0.0,0.0,0.0,0.0,0.0
2050,0.9600000000000001,1.0,0.0,0.0,0.0,0.0,0.0
2050,0.97,1.0,0.0,3.596275985145763e-18,2.368943747371745e-16,5.790934839364328e-19,5.0963928866454317e-17
2050,0.98,1.0,0.0,0.0,0.0,0.0,0.0
2050,0.99,1.0,0.0,7.198462373231068e-15,0.0,0.0,0.0
2050,1.0,1.0,0.0,0.0,0.0,0.0,0.0
2051,0.01,0.35108559457011784,0.03442662248384687,0.12861133204285755,0.06331365823054226,0.1184955809241445,0.304067211748491
2051,0.02,0.35108559457011784,0.03442662248384687,0.12861133204285755,0.06331365823054226,0.1184955809241445,0.304067211748491
2051,0.03,0.35108559457011784,0.03442662248384687,0.12861133204285755,0.06331365823054226,0.1184955809241445,0.304067211748491
2051,0.04,0.35108559457011784,0.03442662248384687,0.12861133204285755,0.06331365823054226,0.1184955809241445,0.304067211748491
2051,0.05,0.35108559457011784,0.03442662248384687,0.12861133204285755,0.06331365823054226,0.1184955809241445,0.304067211748491
2051,0.060000000000000005,0.35108559457011784,0.03442662248384687,0.12861133204285755,0.06331365823054226,0.1184955809241445,0.304067211748491
2051,0.06999999999999999,0.35108559457011784,0.03442662248384687,0.12861133204285755,0.06331365823054226,0.1184955809241445,0.304067211748491
2051,0.08,0.35108559457011784,0.03442662248384687,0.12861133204285755,0.06331365823054226,0.1184955809241445,0.304067211748491
2051,0.09,0.35108559457011784,0.03442662248384687,0.12861133204285755,0.06331365823054226,0.1184955809241445,0.304067211748491
2051,0.09999999999999999,0.35108559457011784,0.03442662248384687,0.12861133204285755,0.06331365823054226,0.1184955809241445,0.304067211748491
2051,0.11,0.35108559457011784,0.03442662248384687,0.12861133204285755,0.06331365823054226,0.1184955809241445,0.304067211748491
2051,0.12,0.35108559457011784,0.03442662248384687,0.12861133204285755,0.06331365823054226,0.1184955809241445,0.304067211748491
2051,0.13,0.35108559457011784,0.03442662248384687,0.12861133204285755,0.06331365823054226,0.1184955809241445,0.304067211748491
2051,0.14,0.35108559457011784,0.03442662248384687,0.12861133204285755,0.06331365823054226,0.1184955809241445,0.304067211748491
2051,0.15000000000000002,0.35108559457011784,0.03442662248384687,0.12861133204285755,0.06331365823054226,0.1184955809241445,0.304067211748491
2051,0.16,0.35108559457011784,0.03442662248384687,0.12861133204285755,0.06331365823054226,0.1184955809241445,0.304067211748491
2051,0.17,0.35108559457011784,0.03442662248384687,0.12861133204285755,0.06331365823054226,0.1184955809241445,0.304067211748491
2051,0.18000000000000002,0.35108559457011784,0.03442662248384687,0.12861133204285755,0.06331365823054226,0.1184955809241445,0.304067211748491
2051,0.19,0.35108559457011784,0.03442662248384687,0.12861133204285755,0.06331365823054226,0.1184955809241445,0.304067211748491
2051,0.2,0.35108559457011784,0.03442662248384687,0.12861133204285755,0.06331365823054226,0.1184955809241445,0.304067211748491
2051,0.21000000000000002,0.35108559457011784,0.03442662248384687,0.12861133204285755,0.06331365823054226,0.1184955809241445,0.304067211748491
2051,0.22,0.35108559457011784,0.03442662248384687,0.12861133204285755,0.06331365823054226,0.1184955809241445,0.304067211748491
2051,0.23,0.35108559457011784,0.03442662248384687,0.12861133204285755,0.06331365823054226,0.1184955809241445,0.304067211748491
2051,0.24000000000000002,0.35108559457011784,0.03442662248384687,0.12861133204285755,0.06331365823054226,0.1184955809241445,0.304067211748491
2051,0.25,0.35108559457011784,0.03442662248384687,0.12861133204285755,0.06331365823054226,0.1184955809241445,0.304067211748491
2051,0.26,0.35108559457011784,0.03442662248384687,0.12861133204285755,0.06331365823054226,0.1184955809241445,0.304067211748491
2051,0.27,0.35108559457011784,0.03442662248384687,0.12861133204285755,0.06331365823054226,0.1184955809241445,0.304067211748491
2051,0.28,0.35108559457011784,0.03442662248384687,0.12861133204285755,0.06331365823054226,0.1184955809241445,0.304067211748491
2051,0.29000000000000004,0.35108559457011784,0.03442662248384687,0.12861133204285755,0.06331365823054226,0.1184955809241445,0.304067211748491
2051,0.3,0.35108559457011784,0.03442662248384687,0.12861133204285755,0.06331365823054226,0.1184955809241445,0.304067211748491
2051,0.31,0.35108559457011784,0.03442662248384687,0.12861133204285755,0.06331365823054226,0.1184955809241445,0.304067211748491
2051,0.32,0.35108559457011784,0.03442662248384687,0.12861133204285755,0.06331365823054226,0.1184955809241445,0.304067211748491
2051,0.33,0.35108559457011784,0.03442662248384687,0.12861133204285755,0.06331365823054226,0.1184955809241445,0.304067211748491
2051,0.34,0.35108559457011784,0.03442662248384687,0.12861133204285755,0.06331365823054226,0.1184955809241445,0.304067211748491
2051,0.35000000000000003,0.35108559457011784,0.03442662248384687,0.12861133204285755,0.06331365823054226,0.1184955809241445,0.304067211748491
2051,0.36000000000000004,0.35108559457011784,0.03442662248384687,0.12861133204285755,0.06331365823054226,0.1184955809241445,0.304067211748491
2051,0.37,0.35108559457011784,0.03442662248384687,0.12861133204285755,0.06331365823054226,0.1184955809241445,0.304067211748491
2051,0.38,0.35108559457011784,0.03442662248384687,0.12861133204285755,0.06331365823054226,0.1184955809241445,0.304067211748491
2051,0.39,0.35108559457011784,0.03442662248384687,0.12861133204285755,0.06331365823054226,0.1184955809241445,0.304067211748491
2051,0.4,0.35108559457011784,0.03442662248384687,0.12861133204285755,0.06331365823054226,0.1184955809241445,0.304067211748491
2051,0.41000000000000003,0.35108559457011784,0.03442662248384687,0.12861133204285755,0.06331365823054226,0.1184955809241445,0.304067211748491
2051,0.42000000000000004,0.35108559457011784,0.03442662248384687,0.12861133204285755,0.06331365823054226,0.1184955809241445,0.304067211748491
2051,0.43,0.3537691875173503,0.03433413614423317,0.1279636163851027,0.06266590148781825,0.1178477214389906,0.303419437026508
2051,0.44,0.35108559457011784,0.03442662248384687,0.12861133204285755,0.06331365823054226,0.1184955809241445,0.304067211748491
2051,0.45,0.35108559457011784,0.03442662248384687,0.12861133204285755,0.06331365823054226,0.1184955809241445,0.304067211748491
2051,0.46,0.35108559457011784,0.03442662248384687,0.12861133204285755,0.06331365823054226,0.1184955809241445,0.304067211748491
2051,0.47000000000000003,0.35108559457011784,0.03442662248384687,0.12861133204285755,0.06331365823054226,0.1184955809241445,0.304067211748491
2051,0.48000000000000004,0.35112260855845756,0.03446363570167715,0.1286483450038585,0.0633506711915432,0.11842154716842772,0.30399319237503647
2051,0.49,0.35108559457011784,0.03442662248384687,0.12861133204285755,0.06331365823054226,0.1184955809241445,0.304067211748491
2051,0.5,0.35108559457011784,0.03442662248384687,0.12861133204285755,0.06331365823054226,0.1184955809241445,0.304067211748491
2051,0.51,1.0,0.0,0.0,0.0,0.0,0.0
2051,0.52,0.35108559457011784,0.03442662248384687,0.12861133204285755,0.06331365823054226,0.1184955809241445,0.304067211748491
2051,0.53,0.35108559457011784,0.03442662248384687,0.12861133204285755,0.06331365823054226,0.1184955809241445,0.304067211748491
2051,0.54,1.0,1.2829982217555996e-14,0.0,0.0,0.0,0.0
2051,0.55,1.0,7.880747954441911e-16,0.0,0.0,0.0,0.0
2051,0.56,1.0,0.0,0.0,0.0,0.0,0.0
2051,0.5700000000000001,1.0,1.6414670116308902e-15,0.0,0.0,0.0,0.0
2051,0.5800000000000001,1.0,0.0,0.0,0.0,0.0,0.0
2051,0.59,1.0,0.0,0.0,0.0,0.0,0.0
2051,0.6,1.0,0.0,0.0,0.0,0.0,0.0
2051,0.61,0.9999999999999998,1.803656880060951e-16,1.8172524846184347e-17,1.0264312198299265e-17,0.0,2.246864239245104e-17
2051,0.62,0.9999999999999998,2.1470609138180328e-17,2.2046989209392737e-17,2.5576073401969587e-17,1.1512703487825796e-17,6.097554192654947e-17
2051,0.63,1.0,0.0,0.0,0.0,0.0,0.0
2051,0.64,1.0,3.1069096813285553e-16,0.0,0.0,0.0,4.48417009858125e-17
2051,0.65,1.0,0.0,0.0,0.0,0.0,0.0
2051,0.66,0.9999999999999999,1.9486159468212365e-16,0.0,0.0,0.0,0.0
2051,0.67,0.9999999999999984,9.76621518974104e-16,1.0440875732265882e-16,2.641270606575585e-16,4.5212868885644904e-17,7.807455563703523e-17
2051,0.68,0.9999999999999993,5.744833697123466e-16,0.0,2.6970062100320576e-17,9.599281875283585e-17,6.078956009447874e-17
2051,0.6900000000000001,1.0,0.0,0.0,0.0,0.0,0.0
2051,0.7000000000000001,0.9999999999991922,5.454053725725043e-13,5.763982683678246e-14,9.247867063959199e-14,2.4550915452825622e-14,8.77188863985326e-14
2051,0.7100000000000001,1.0,0.0,0.0,0.0,0.0,0.0
2051,0.72,1.0,0.0,0.0,0.0,0.0,0.0
2051,0.73,1.0,0.0,0.0,0.0,0.0,0.0
2051,0.74,1.0,0.0,0.0,0.0,0.0,0.0
2051,0.75,1.0,4.847086689440487e-14,2.672470774844475e-17,0.0,0.0,0.0
2051,0.76,1.0,0.0,0.0,0.0,0.0,0.0
2051,0.77,1.0,0.0,0.0,0.0,0.0,0.0
2051,0.78,1.0,0.0,0.0,0.0,0.0,0.0
2051,0.79,1.0,0.0,0.0,0.0,0.0,0.0
2051,0.8,0.9999999999999524,1.531376709565313e-17,0.0,0.0,5.72496293188091e-17,1.3664065979936e-17
2051,0.81,1.0,0.0,0.0,0.0,0.0,0.0
2051,0.8200000000000001,1.0,0.0,1.3868468496915797e-16,0.0,2.4572879413093597e-17,0.0
2051,0.8300000000000001,1.0,0.0,0.0,0.0,0.0,0.0
2051,0.8400000000000001,1.0,0.0,3.6241151681222494e-17,0.0,2.236325799428963e-17,2.236325799428963e-17
2051,0.85,1.0,0.0,4.6372946755271784e-17,1.900177384809287e-17,0.0,1.0463065522524914e-17
2051,0.86,1.0,0.0,0.0,0.0,0.0,0.0
2051,0.87,1.0,0.0,0.0,0.0,0.0,0.0
2051,0.88,1.0,0.0,0.0,0.0,0.0,0.0
2051,0.89,1.0,0.0,2.0175624865617804e-18,1.3152992404845705e-17,9.219614706026892e-18,7.337482067886349e-17
2051,0.9,1.0,5.721027425620193e-17,0.0,0.0,0.0,3.2117704604620386e-20
2051,0.91,1.0,8.392010065880974e-15,4.32045714676737e-17,0.0,4.7037718380620504e-17,2.7055413810942194e-17
2051,0.92,1.0,0.0,0.0,0.0,0.0,0.0
2051,0.93,1.0,0.0,0.0,0.0,0.0,0.0
2051,0.9400000000000001,0.9999999999999984,3.1215488166204886e-14,8.796824277762584e-18,2.743388176668459e-17,0.0,2.595397955021087e-17
2051,0.9500000000000001,0.9999999999994171,0.0,0.0,1.3925118586156373e-16,8.91110225723699e-17,1.441409680997199e-16
2051,0.9600000000000001,1.0,0.0,0.0,0.0,0.0,0.0
2051,0.97,0.9999999999999402,0.0,3.3040735396596075e-15,0.0,1.1914192807621052e-15,6.726803155376658e-15
2051,0.98,1.0,0.0,0.0,0.0,0.0,0.0
2051,0.99,1.0,0.0,0.0,0.0,0.0,0.0
2051,1.0,1.0,0.0,0.0,0.0,0.0,0.0
2052,0.01,0.2231417044030217,0.06246253777681628,0.25259928856949443,0.11303855672830626,0.1499509962965488,0.19880691622581267
2052,0.02,0.2231417044030217,0.06246253777681628,0.25259928856949443,0.11303855672830626,0.1499509962965488,0.19880691622581267
2052,0.03,0.2231417044030217,0.06246253777681628,0.25259928856949443,0.11303855672830626,0.1499509962965488,0.19880691622581267
2052,0.04,0.2231417044030217,0.06246253777681628,0.25259928856949443,0.11303855672830626,0.1499509962965488,0.19880691622581267
2052,0.05,0.2231417044030217,0.06246253777681628,0.25259928856949443,0.11303855672830626,0.1499509962965488,0.19880691622581267
2052,0.060000000000000005,0.2231417044030217,0.06246253777681628,0.25259928856949443,0.11303855672830626,0.1499509962965488,0.19880691622581267
2052,0.06999999999999999,0.2231417044030217,0.06246253777681628,0.25259928856949443,0.11303855672830626,0.1499509962965488,0.19880691622581267
2052,0.08,0.2231417044030217,0.06246253777681628,0.25259928856949443,0.11303855672830626,0.1499509962965488,0.19880691622581267
2052,0.09,0.2231417044030217,0.06246253777681628,0.25259928856949443,0.11303855672830626,0.1499509962965488,0.19880691622581267
2052,0.09999999999999999,0.2231417044030217,0.06246253777681628,0.25259928856949443,0.11303855672830626,0.1499509962965488,0.19880691622581267
2052,0.11,0.2231417044030217,0.06246253777681628,0.25259928856949443,0.11303855672830626,0.1499509962965488,0.19880691622581267
2052,0.12,0.2231417044030217,0.06246253777681628,0.25259928856949443,0.11303855672830626,0.1499509962965488,0.19880691622581267
2052,0.13,0.2231417044030217,0.06246253777681628,0.25259928856949443,0.11303855672830626,0.1499509962965488,0.19880691622581267
2052,0.14,0.2231417044030217,0.06246253777681628,0.25259928856949443,0.11303855672830626,0.1499509962965488,0.19880691622581267
2052,0.15000000000000002,0.2231417044030217,0.06246253777681628,0.25259928856949443,0.11303855672830626,0.1499509962965488,0.19880691622581267
2052,0.16,0.2231417044030217,0.06246253777681628,0.25259928856949443,0.11303855672830626,0.1499509962965488,0.19880691622581267
2052,0.17,0.2231417044030217,0.06246253777681628,0.25259928856949443,0.11303855672830626,0.1499509962965488,0.19880691622581267
2052,0.18000000000000002,0.2231417044030217,0.06246253777681628,0.25259928856949443,0.11303855672830626,0.1499509962965488,0.19880691622581267
2052,0.19,0.2231417044030217,0.06246253777681628,0.25259928856949443,0.11303855672830626,0.1499509962965488,0.19880691622581267
2052,0.2,0.2231417044030217,0.06246253777681628,0.25259928856949443,0.11303855672830626,0.1499509962965488,0.19880691622581267
2052,0.21000000000000002,0.2231417044030217,0.06246253777681628,0.25259928856949443,0.11303855672830626,0.1499509962965488,0.19880691622581267
2052,0.22,0.2231417044030217,0.06246253777681628,0.25259928856949443,0.11303855672830626,0.1499509962965488,0.19880691622581267
2052,0.23,0.2231417044030217,0.06246253777681628,0.25259928856949443,0.11303855672830626,0.1499509962965488,0.19880691622581267
2052,0.24000000000000002,0.2231417044030217,0.06246253777681628,0.25259928856949443,0.11303855672830626,0.1499509962965488,0.19880691622581267
2052,0.25,0.2231417044030217,0.06246253777681628,0.25259928856949443,0.11303855672830626,0.1499509962965488,0.19880691622581267
2052,0.26,0.2231417044030217,0.06246253777681628,0.25259928856949443,0.11303855672830626,0.1499509962965488,0.19880691622581267
2052,0.27,0.2231417044030217,0.06246253777681628,0.25259928856949443,0.11303855672830626,0.1499509962965488,0.19880691622581267
2052,0.28,0.2231417044030217,0.06246253777681628,0.25259928856949443,0.11303855672830626,0.1499509962965488,0.19880691622581267
2052,0.29000000000000004,0.2231417044030217,0.06246253777681628,0.25259928856949443,0.11303855672830626,0.1499509962965488,0.19880691622581267
2052,0.3,0.2231417044030217,0.06246253777681628,0.25259928856949443,0.11303855672830626,0.1499509962965488,0.19880691622581267
2052,0.31,0.2231417044030217,0.06246253777681628,0.25259928856949443,0.11303855672830626,0.1499509962965488,0.19880691622581267
2052,0.32,0.2231417044030217,0.06246253777681628,0.25259928856949443,0.11303855672830626,0.1499509962965488,0.19880691622581267
2052,0.33,0.2231417044030217,0.06246253777681628,0.25259928856949443,0.11303855672830626,0.1499509962965488,0.19880691622581267
2052,0.34,0.2231417044030217,0.06246253777681628,0.25259928856949443,0.11303855672830626,0.1499509962965488,0.19880691622581267
2052,0.35000000000000003,0.2231417044030217,0.06246253777681628,0.25259928856949443,0.11303855672830626,0.1499509962965488,0.19880691622581267
2052,0.36000000000000004,0.2231417044030217,0.06246253777681628,0.25259928856949443,0.11303855672830626,0.1499509962965488,0.19880691622581267
2052,0.37,0.2231417044030217,0.06246253777681628,0.25259928856949443,0.11303855672830626,0.1499509962965488,0.19880691622581267
2052,0.38,0.2231417044030217,0.06246253777681628,0.25259928856949443,0.11303855672830626,0.1499509962965488,0.19880691622581267
2052,0.39,0.2231417044030217,0.06246253777681628,0.25259928856949443,0.11303855672830626,0.1499509962965488,0.19880691622581267
2052,0.4,0.2231417044030217,0.06246253777681628,0.25259928856949443,0.11303855672830626,0.1499509962965488,0.19880691622581267
2052,0.41000000000000003,0.2231417044030217,0.06246253777681628,0.25259928856949443,0.11303855672830626,0.1499509962965488,0.19880691622581267
2052,0.42000000000000004,0.2231417044030217,0.06246253777681628,0.25259928856949443,0.11303855672830626,0.1499509962965488,0.19880691622581267
2052,0.43,0.2231417044030217,0.06246253777681628,0.25259928856949443,0.11303855672830626,0.1499509962965488,0.19880691622581267
2052,0.44,0.2231417044030217,0.06246253777681628,0.25259928856949443,0.11303855672830626,0.1499509962965488,0.19880691622581267
2052,0.45,0.2231417044030217,0.06246253777681628,0.25259928856949443,0.11303855672830626,0.1499509962965488,0.19880691622581267
2052,0.46,0.2231417044030217,0.06246253777681628,0.25259928856949443,0.11303855672830626,0.1499509962965488,0.19880691622581267
2052,0.47000000000000003,0.2231417044030217,0.06246253777681628,0.25259928856949443,0.11303855672830626,0.1499509962965488,0.19880691622581267
2052,0.48000000000000004,0.2231417044030217,0.06246253777681628,0.25259928856949443,0.11303855672830626,0.1499509962965488,0.19880691622581267
2052,0.49,0.2231417044030217,0.06246253777681628,0.25259928856949443,0.11303855672830626,0.1499509962965488,0.19880691622581267
2052,0.5,0.2231417044030217,0.06246253777681628,0.25259928856949443,0.11303855672830626,0.1499509962965488,0.19880691622581267
2052,0.51,0.2231417044030217,0.06246253777681628,0.25259928856949443,0.11303855672830626,0.1499509962965488,0.19880691622581267
2052,0.52,0.2231417044030217,0.06246253777681628,0.25259928856949443,0.11303855672830626,0.1499509962965488,0.19880691622581267
2052,0.53,0.2231417044030217,0.06246253777681628,0.25259928856949443,0.11303855672830626,0.1499509962965488,0.19880691622581267
2052,0.54,0.2231417044030217,0.06246253777681628,0.25259928856949443,0.11303855672830626,0.1499509962965488,0.19880691622581267
2052,0.55,0.2231417044030217,0.06246253777681628,0.25259928856949443,0.11303855672830626,0.1499509962965488,0.19880691622581267
2052,0.56,0.2231417044030217,0.06246253777681628,0.25259928856949443,0.11303855672830626,0.1499509962965488,0.19880691622581267
2052,0.5700000000000001,0.2231418308643637,0.06246266423903579,0.25259922534430684,0.1130384935048735,0.1499509330590779,0.19880685298834178
2052,0.5800000000000001,0.2231417044030217,0.06246253777681628,0.25259928856949443,0.11303855672830626,0.1499509962965488,0.19880691622581267
2052,0.59,0.2231417044030217,0.06246253777681628,0.25259928856949443,0.11303855672830626,0.1499509962965488,0.19880691622581267
2052,0.6,0.2231417044030217,0.06246253777681628,0.25259928856949443,0.11303855672830626,0.1499509962965488,0.19880691622581267
2052,0.61,0.2231417044030217,0.06246253777681628,0.25259928856949443,0.11303855672830626,0.1499509962965488,0.19880691622581267
2052,0.62,0.2231417044030217,0.06246253777681628,0.25259928856949443,0.11303855672830626,0.1499509962965488,0.19880691622581267
2052,0.63,0.2231417044030217,0.06246253777681628,0.25259928856949443,0.11303855672830626,0.1499509962965488,0.19880691622581267
2052,0.64,0.2231417044030217,0.06246253777681628,0.25259928856949443,0.11303855672830626,0.1499509962965488,0.19880691622581267
2052,0.65,0.2231417044030217,0.06246253777681628,0.25259928856949443,0.11303855672830626,0.1499509962965488,0.19880691622581267
2052,0.66,0.2231417044030217,0.06246253777681628,0.25259928856949443,0.11303855672830626,0.1499509962965488,0.19880691622581267
2052,0.67,0.2231417044030217,0.06246253777681628,0.25259928856949443,0.11303855672830626,0.1499509962965488,0.19880691622581267
2052,0.68,0.2231417044030217,0.06246253777681628,0.25259928856949443,0.11303855672830626,0.1499509962965488,0.19880691622581267
2052,0.6900000000000001,0.22316021739026112,0.06248105089310158,0.2526178020711722,0.11305706971555027,0.14996948873707816,0.19871437119383592
2052,0.7000000000000001,0.2231417044030217,0.06246253777681628,0.25259928856949443,0.11303855672830626,0.1499509962965488,0.19880691622581267
2052,0.7100000000000001,0.2231417044030217,0.06246253777681628,0.25259928856949443,0.11303855672830626,0.1499509962965488,0.19880691622581267
2052,0.72,0.2231417044030217,0.06246253777681628,0.25259928856949443,0.11303855672830626,0.1499509962965488,0.19880691622581267
2052,0.73,0.22317872215824208,0.062499555788877094,0.25263630735248627,0.11307557448061357,0.14987696014688073,0.1987328800739001
2052,0.74,0.22336381252544843,0.06268464743219417,0.25282140284842536,0.1132605826622708,0.14950681730119886,0.19836273723046274
2052,0.75,0.2235118681704178,0.06283270359908076,0.25252527815587206,0.11296454836884197,0.14965485733027384,0.1985107443789293
2052,0.76,0.2235119343243758,0.06283276975338309,0.25252526989193314,0.11296454009912778,0.14965482424512333,0.1985106616852502
2052,0.77,0.2231417044030217,0.06246253777681628,0.25259928856949443,0.11303855672830626,0.1499509962965488,0.19880691622581267
2052,0.78,0.2231417044030217,0.06246253777681628,0.25259928856949443,0.11303855672830626,0.1499509962965488,0.19880691622581267
2052,0.79,1.0,0.0,0.0,0.0,0.0,0.0
2052,0.8,0.22417791380769284,0.06349874769499175,0.2521922282692531,0.11263150772619426,0.14932189059191117,0.19817771191038486
2052,0.81,0.22323421656210418,0.06244403699129817,0.2525807873988458,0.11302005606829757,0.14993249152509758,0.1987884114543557
2052,0.8200000000000001,0.22464041639326282,0.06396143749970777,0.25387618677130847,0.11431519132284627,0.1501294157689977,0.19307735224387898
2052,0.8300000000000001,1.0,0.0,4.7381653904546027e-17,1.0547255246657404e-16,1.7133472109233915e-17,4.303853995283664e-18
2052,0.8400000000000001,1.0,0.0,0.0,0.0,0.0,0.0
2052,0.85,0.2231417044030217,0.06246253777681628,0.25259928856949443,0.11303855672830626,0.1499509962965488,0.19880691622581267
2052,0.86,1.0,0.0,0.0,0.0,0.0,0.0
2052,0.87,0.999999999999878,0.0,1.8231723091393626e-17,0.0,0.0,3.4716821387253397e-17
2052,0.88,1.0,0.0,0.0,0.0,0.0,0.0
2052,0.89,1.0,0.0,0.0,0.0,0.0,0.0
2052,0.9,0.9999999999999999,5.071834724486683e-16,0.0,0.0,0.0,0.0
2052,0.91,0.9999999999999997,3.3797355015152637e-16,8.340448157699341e-18,0.0,0.0,1.5260755623435233e-17
2052,0.92,1.0,3.438700443082335e-17,0.0,1.844855415548535e-17,1.1485043964009306e-17,2.789717354318378e-17
2052,0.93,1.0,2.5337084792981072e-17,0.0,9.724679388308215e-18,2.785785484400987e-18,0.0
2052,0.9400000000000001,0.9999999999999999,1.3926391782555215e-16,5.3121907860708636e-17,0.0,7.33724721242827e-17,0.0
2052,0.9500000000000001,1.0,0.0,6.435134210699473e-17,7.108419441930174e-17,0.0,0.0
2052,0.9600000000000001,0.9999999999996078,3.3287797190352565e-13,3.8633614800980057e-14,6.229877147080559e-15,4.742967268685257e-15,9.791660079369081e-15
2052,0.97,1.0,0.0,6.654752731283833e-17,0.0,0.0,0.0
2052,0.98,1.0,0.0,0.0,0.0,0.0,0.0
2052,0.99,1.0,0.0,0.0,0.0,0.0,0.0
2052,1.0,0.9999999999999998,1.4956618527895983e-16,1.814859720424694e-16,0.0,2.7884547755581803e-17,0.0
2053,0.01,0.21550485253658558,0.057316136126851235,0.17062660921864384,0.20437316884845205,0.1912234832066768,0.16095575006279045
2053,0.02,0.21550485253658558,0.057316136126851235,0.17062660921864384,0.20437316884845205,0.1912234832066768,0.16095575006279045
2053,0.03,0.21550485253658558,0.057316136126851235,0.17062660921864384,0.20437316884845205,0.1912234832066768,0.16095575006279045
2053,0.04,0.21550485253658558,0.057316136126851235,0.17062660921864384,0.20437316884845205,0.1912234832066768,0.16095575006279045
2053,0.05,0.21550485253658558,0.057316136126851235,0.17062660921864384,0.20437316884845205,0.1912234832066768,0.16095575006279045
2053,0.060000000000000005,0.21550485253658558,0.057316136126851235,0.17062660921864384,0.20437316884845205,0.1912234832066768,0.16095575006279045
2053,0.06999999999999999,0.21550485253658558,0.057316136126851235,0.17062660921864384,0.20437316884845205,0.1912234832066768,0.16095575006279045
2053,0.08,0.21550485253658558,0.057316136126851235,0.17062660921864384,0.20437316884845205,0.1912234832066768,0.16095575006279045
2053,0.09,0.21550485253658558,0.057316136126851235,0.17062660921864384,0.20437316884845205,0.1912234832066768,0.16095575006279045
2053,0.09999999999999999,0.21550485253658558,0.057316136126851235,0.17062660921864384,0.20437316884845205,0.1912234832066768,0.16095575006279045
2053,0.11,0.21550485253658558,0.057316136126851235,0.17062660921864384,0.20437316884845205,0.1912234832066768,0.16095575006279045
2053,0.12,0.21550485253658558,0.057316136126851235,0.17062660921864384,0.20437316884845205,0.1912234832066768,0.16095575006279045
2053,0.13,0.21550485253658558,0.057316136126851235,0.17062660921864384,0.20437316884845205,0.1912234832066768,0.16095575006279045
2053,0.14,0.21550485253658558,0.057316136126851235,0.17062660921864384,0.20437316884845205,0.1912234832066768,0.16095575006279045
2053,0.15000000000000002,0.21550485253658558,0.057316136126851235,0.17062660921864384,0.20437316884845205,0.1912234832066768,0.16095575006279045
2053,0.16,0.21550485253658558,0.057316136126851235,0.17062660921864384,0.20437316884845205,0.1912234832066768,0.16095575006279045
2053,0.17,0.21550485253658558,0.057316136126851235,0.17062660921864384,0.20437316884845205,0.1912234832066768,0.16095575006279045
2053,0.18000000000000002,0.21550485253658558,0.057316136126851235,0.17062660921864384,0.20437316884845205,0.1912234832066768,0.16095575006279045
2053,0.19,0.21550485253658558,0.057316136126851235,0.17062660921864384,0.20437316884845205,0.1912234832066768,0.16095575006279045
2053,0.2,0.21550485253658558,0.057316136126851235,0.17062660921864384,0.20437316884845205,0.1912234832066768,0.16095575006279045
2053,0.21000000000000002,0.21550485253658558,0.057316136126851235,0.17062660921864384,0.20437316884845205,0.1912234832066768,0.16095575006279045
2053,0.22,0.21550485253658558,0.057316136126851235,0.17062660921864384,0.20437316884845205,0.1912234832066768,0.16095575006279045
2053,0.23,0.21550485253658558,0.057316136126851235,0.17062660921864384,0.20437316884845205,0.1912234832066768,0.16095575006279045
2053,0.24000000000000002,0.21550485253658558,0.057316136126851235,0.17062660921864384,0.20437316884845205,0.1912234832066768,0.16095575006279045
2053,0.25,0.21550485253658558,0.057316136126851235,0.17062660921864384,0.20437316884845205,0.1912234832066768,0.16095575006279045
2053,0.26,0.21550485253658558,0.057316136126851235,0.17062660921864384,0.20437316884845205,0.1912234832066768,0.16095575006279045
2053,0.27,0.21550485253658558,0.057316136126851235,0.17062660921864384,0.20437316884845205,0.1912234832066768,0.16095575006279045
2053,0.28,0.21550485253658558,0.057316136126851235,0.17062660921864384,0.20437316884845205,0.1912234832066768,0.16095575006279045
2053,0.29000000000000004,0.21550485253658558,0.057316136126851235,0.17062660921864384,0.20437316884845205,0.1912234832066768,0.16095575006279045
2053,0.3,0.21550485253658558,0.057316136126851235,0.17062660921864384,0.20437316884845205,0.1912234832066768,0.16095575006279045
2053,0.31,0.21550485253658558,0.057316136126851235,0.17062660921864384,0.20437316884845205,0.1912234832066768,0.16095575006279045
2053,0.32,0.21550485253658558,0.057316136126851235,0.17062660921864384,0.20437316884845205,0.1912234832066768,0.16095575006279045
2053,0.33,0.21550485253658558,0.057316136126851235,0.17062660921864384,0.20437316884845205,0.1912234832066768,0.16095575006279045
2053,0.34,0.21550485253658558,0.057316136126851235,0.17062660921864384,0.20437316884845205,0.1912234832066768,0.16095575006279045
2053,0.35000000000000003,0.21550485253658558,0.057316136126851235,0.17062660921864384,0.20437316884845205,0.1912234832066768,0.16095575006279045
2053,0.36000000000000004,0.21550485253658558,0.057316136126851235,0.17062660921864384,0.20437316884845205,0.1912234832066768,0.16095575006279045
2053,0.37,0.21550485253658558,0.057316136126851235,0.17062660921864384,0.20437316884845205,0.1912234832066768,0.16095575006279045
2053,0.38,0.21550485253658558,0.057316136126851235,0.17062660921864384,0.20437316884845205,0.1912234832066768,0.16095575006279045
2053,0.39,0.21550485253658558,0.057316136126851235,0.17062660921864384,0.20437316884845205,0.1912234832066768,0.16095575006279045
2053,0.4,0.21550485253658558,0.057316136126851235,0.17062660921864384,0.20437316884845205,0.1912234832066768,0.16095575006279045
2053,0.41000000000000003,0.21550485253658558,0.057316136126851235,0.17062660921864384,0.20437316884845205,0.1912234832066768,0.16095575006279045
2053,0.42000000000000004,0.21550485253658558,0.057316136126851235,0.17062660921864384,0.20437316884845205,0.1912234832066768,0.16095575006279045
2053,0.43,0.21550485253658558,0.057316136126851235,0.17062660921864384,0.20437316884845205,0.1912234832066768,0.16095575006279045
2053,0.44,0.21550485253658558,0.057316136126851235,0.17062660921864384,0.20437316884845205,0.1912234832066768,0.16095575006279045
2053,0.45,0.21550485253658558,0.057316136126851235,0.17062660921864384,0.20437316884845205,0.1912234832066768,0.16095575006279045
2053,0.46,0.21550485253658558,0.057316136126851235,0.17062660921864384,0.20437316884845205,0.1912234832066768,0.16095575006279045
2053,0.47000000000000003,0.21550485253658558,0.057316136126851235,0.17062660921864384,0.20437316884845205,0.1912234832066768,0.16095575006279045
2053,0.48000000000000004,0.21550485253658558,0.057316136126851235,0.17062660921864384,0.20437316884845205,0.1912234832066768,0.16095575006279045
2053,0.49,0.21550485253658558,0.057316136126851235,0.17062660921864384,0.20437316884845205,0.1912234832066768,0.16095575006279045
2053,0.5,0.21550485253658558,0.057316136126851235,0.17062660921864384,0.20437316884845205,0.1912234832066768,0.16095575006279045
2053,0.51,0.21550485253658558,0.057316136126851235,0.17062660921864384,0.20437316884845205,0.1912234832066768,0.16095575006279045
2053,0.52,0.21550485253658558,0.057316136126851235,0.17062660921864384,0.20437316884845205,0.1912234832066768,0.16095575006279045
2053,0.53,0.21550485253658558,0.057316136126851235,0.17062660921864384,0.20437316884845205,0.1912234832066768,0.16095575006279045
2053,0.54,0.21550485253658558,0.057316136126851235,0.17062660921864384,0.20437316884845205,0.1912234832066768,0.16095575006279045
2053,0.55,0.21550485253658558,0.057316136126851235,0.17062660921864384,0.20437316884845205,0.1912234832066768,0.16095575006279045
2053,0.56,0.21550485253658558,0.057316136126851235,0.17062660921864384,0.20437316884845205,0.1912234832066768,0.16095575006279045
2053,0.5700000000000001,0.21550485253658558,0.057316136126851235,0.17062660921864384,0.20437316884845205,0.1912234832066768,0.16095575006279045
2053,0.5800000000000001,0.21550485253658558,0.057316136126851235,0.17062660921864384,0.20437316884845205,0.1912234832066768,0.16095575006279045
2053,0.59,0.21550485253658558,0.057316136126851235,0.17062660921864384,0.20437316884845205,0.1912234832066768,0.16095575006279045
2053,0.6,0.21550485253658558,0.057316136126851235,0.17062660921864384,0.20437316884845205,0.1912234832066768,0.16095575006279045
2053,0.61,0.21550485253658558,0.057316136126851235,0.17062660921864384,0.20437316884845205,0.1912234832066768,0.16095575006279045
2053,0.62,0.21550485253658558,0.057316136126851235,0.17062660921864384,0.20437316884845205,0.1912234832066768,0.16095575006279045
2053,0.63,0.21550485253658558,0.057316136126851235,0.17062660921864384,0.20437316884845205,0.1912234832066768,0.16095575006279045
2053,0.64,0.21550485253658558,0.057316136126851235,0.17062660921864384,0.20437316884845205,0.1912234832066768,0.16095575006279045
2053,0.65,0.21550485253658558,0.057316136126851235,0.17062660921864384,0.20437316884845205,0.1912234832066768,0.16095575006279045
2053,0.66,0.21550485253658558,0.057316136126851235,0.17062660921864384,0.20437316884845205,0.1912234832066768,0.16095575006279045
2053,0.67,0.21550490973512176,0.057316193325784304,0.17062666641718002,0.2043732260215859,0.1912233688221067,0.16095563567822035
2053,0.68,0.21550485253658558,0.057316136126851235,0.17062660921864384,0.20437316884845205,0.1912234832066768,0.16095575006279045
2053,0.6900000000000001,0.21550485253658558,0.057316136126851235,0.17062660921864384,0.20437316884845205,0.1912234832066768,0.16095575006279045
2053,0.7000000000000001,0.21550485253658558,0.057316136126851235,0.17062660921864384,0.20437316884845205,0.1912234832066768,0.16095575006279045
2053,0.7100000000000001,0.21550485253658558,0.057316136126851235,0.17062660921864384,0.20437316884845205,0.1912234832066768,0.16095575006279045
2053,0.72,0.21550485253658558,0.057316136126851235,0.17062660921864384,0.20437316884845205,0.1912234832066768,0.16095575006279045
2053,0.73,0.21550485253658558,0.057316136126851235,0.17062660921864384,0.20437316884845205,0.1912234832066768,0.16095575006279045
2053,0.74,0.21550485253658558,0.057316136126851235,0.17062660921864384,0.20437316884845205,0.1912234832066768,0.16095575006279045
2053,0.75,0.21550485253658558,0.057316136126851235,0.17062660921864384,0.20437316884845205,0.1912234832066768,0.16095575006279045
2053,0.76,0.21550485253658558,0.057316136126851235,0.17062660921864384,0.20437316884845205,0.1912234832066768,0.16095575006279045
2053,0.77,0.21550485253658558,0.057316136126851235,0.17062660921864384,0.20437316884845205,0.1912234832066768,0.16095575006279045
2053,0.78,0.21550485253658558,0.057316136126851235,0.17062660921864384,0.20437316884845205,0.1912234832066768,0.16095575006279045
2053,0.79,0.21550485253658558,0.057316136126851235,0.17062660921864384,0.20437316884845205,0.1912234832066768,0.16095575006279045
2053,0.8,0.21556036748389348,0.05737165145937197,0.17057109825238026,0.20442867146773758,0.1911679722404132,0.16090023909652687
2053,0.81,0.21557887417843127,0.05739015828232583,0.17058960243300364,0.2043361565226548,0.19118647085195395,0.160918737732239
2053,0.8200000000000001,0.21552335884634233,0.05733464256502147,0.1706451155284006,0.20439165461379719,0.19124198951651186,0.16086323893004395
2053,0.8300000000000001,0.21550485253658558,0.057316136126851235,0.17062660921864384,0.20437316884845205,0.1912234832066768,0.16095575006279045
2053,0.8400000000000001,0.21554186104638826,0.05735314489345236,0.17066361772844652,0.2044101609224692,0.19114947427621237,0.16088174113232603
2053,0.85,0.21550485253658558,0.057316136126851235,0.17062660921864384,0.20437316884845205,0.1912234832066768,0.16095575006279045
2053,0.86,0.21572689847752696,0.057538183608547865,0.17084865515958522,0.2045951983529794,0.1907793987725689,0.16051166562868255
2053,0.87,0.21550485253658558,0.057316136126851235,0.17062660921864384,0.20437316884845205,0.1912234832066768,0.16095575006279045
2053,0.88,0.21554186104638826,0.05735314489345236,0.17066361772844652,0.2044101609224692,0.19114947427621237,0.16088174113232603
2053,0.89,0.21550485253658558,0.057316136126851235,0.17062660921864384,0.20437316884845205,0.1912234832066768,0.16095575006279045
2053,0.9,0.21556036748389348,0.05737165145937197,0.17057109825238026,0.20442867146773758,0.1911679722404132,0.16090023909652687
2053,0.91,0.21550485253658558,0.057316136126851235,0.17062660921864384,0.20437316884845205,0.1912234832066768,0.16095575006279045
2053,0.92,0.21550485253658558,0.057316136126851235,0.17062660921864384,0.20437316884845205,0.1912234832066768,0.16095575006279045
2053,0.93,0.21557886570385504,0.05739014980769089,0.17058960456115707,0.20433615597347177,0.19118647854919002,0.16091874540530368
2053,0.9400000000000001,0.21550485253658558,0.057316136126851235,0.17062660921864384,0.20437316884845205,0.1912234832066768,0.16095575006279045
2053,0.9500000000000001,0.21550485253658558,0.057316136126851235,0.17062660921864384,0.20437316884845205,0.1912234832066768,0.16095575006279045
2053,0.9600000000000001,0.21550485253658558,0.057316136126851235,0.17062660921864384,0.20437316884845205,0.1912234832066768,0.16095575006279045
2053,0.97,1.0,0.0,0.0,0.0,0.0,0.0
2053,0.98,1.0,0.0,0.0,0.0,0.0,0.0
2053,0.99,1.0,0.0,0.0,0.0,0.0,0.0
2053,1.0,1.0,0.0,0.0,0.0,0.0,4.161792575167129e-18
2054,0.01,0.04354336765933911,0.07446958114875857,0.3214423873342033,0.3599169025630674,0.1056320441569334,0.09499571713769815
2054,0.02,0.04354336765933911,0.07446958114875857,0.3214423873342033,0.3599169025630674,0.1056320441569334,0.09499571713769815
2054,0.03,0.04354336765933911,0.07446958114875857,0.3214423873342033,0.3599169025630674,0.1056320441569334,0.09499571713769815
2054,0.04,0.04354336765933911,0.07446958114875857,0.3214423873342033,0.3599169025630674,0.1056320441569334,0.09499571713769815
2054,0.05,0.04354336765933911,0.07446958114875857,0.3214423873342033,0.3599169025630674,0.1056320441569334,0.09499571713769815
2054,0.060000000000000005,0.04354336765933911,0.07446958114875857,0.3214423873342033,0.3599169025630674,0.1056320441569334,0.09499571713769815
2054,0.06999999999999999,0.04354336765933911,0.07446958114875857,0.3214423873342033,0.3599169025630674,0.1056320441569334,0.09499571713769815
2054,0.08,0.04354336765933911,0.07446958114875857,0.3214423873342033,0.3599169025630674,0.1056320441569334,0.09499571713769815
2054,0.09,0.04354336765933911,0.07446958114875857,0.3214423873342033,0.3599169025630674,0.1056320441569334,0.09499571713769815
2054,0.09999999999999999,0.04354336765933911,0.07446958114875857,0.3214423873342033,0.3599169025630674,0.1056320441569334,0.09499571713769815
2054,0.11,0.04354336765933911,0.07446958114875857,0.3214423873342033,0.3599169025630674,0.1056320441569334,0.09499571713769815
2054,0.12,0.04354336765933911,0.07446958114875857,0.3214423873342033,0.3599169025630674,0.1056320441569334,0.09499571713769815
2054,0.13,0.04354336765933911,0.07446958114875857,0.3214423873342033,0.3599169025630674,0.1056320441569334,0.09499571713769815
2054,0.14,0.04354336765933911,0.07446958114875857,0.3214423873342033,0.3599169025630674,0.1056320441569334,0.09499571713769815
2054,0.15000000000000002,0.04354336765933911,0.07446958114875857,0.3214423873342033,0.3599169025630674,0.1056320441569334,0.09499571713769815
2054,0.16,0.04354336765933911,0.07446958114875857,0.3214423873342033,0.3599169025630674,0.1056320441569334,0.09499571713769815
2054,0.17,0.04354336765933911,0.07446958114875857,0.3214423873342033,0.3599169025630674,0.1056320441569334,0.09499571713769815
2054,0.18000000000000002,0.04354336765933911,0.07446958114875857,0.3214423873342033,0.3599169025630674,0.1056320441569334,0.09499571713769815
2054,0.19,0.04354336765933911,0.07446958114875857,0.3214423873342033,0.3599169025630674,0.1056320441569334,0.09499571713769815
2054,0.2,0.04354336765933911,0.07446958114875857,0.3214423873342033,0.3599169025630674,0.1056320441569334,0.09499571713769815
2054,0.21000000000000002,0.04354336765933911,0.07446958114875857,0.3214423873342033,0.3599169025630674,0.1056320441569334,0.09499571713769815
2054,0.22,0.04354336765933911,0.07446958114875857,0.3214423873342033,0.3599169025630674,0.1056320441569334,0.09499571713769815
2054,0.23,0.04354336765933911,0.07446958114875857,0.3214423873342033,0.3599169025630674,0.1056320441569334,0.09499571713769815
2054,0.24000000000000002,0.04354336765933911,0.07446958114875857,0.3214423873342033,0.3599169025630674,0.1056320441569334,0.09499571713769815
2054,0.25,0.04354336765933911,0.07446958114875857,0.3214423873342033,0.3599169025630674,0.1056320441569334,0.09499571713769815
2054,0.26,0.04354336765933911,0.07446958114875857,0.3214423873342033,0.3599169025630674,0.1056320441569334,0.09499571713769815
2054,0.27,0.04354336765933911,0.07446958114875857,0.3214423873342033,0.3599169025630674,0.1056320441569334,0.09499571713769815
2054,0.28,0.04354336765933911,0.07446958114875857,0.3214423873342033,0.3599169025630674,0.1056320441569334,0.09499571713769815
2054,0.29000000000000004,0.04354336765933911,0.07446958114875857,0.3214423873342033,0.3599169025630674,0.1056320441569334,0.09499571713769815
2054,0.3,0.04354336765933911,0.07446958114875857,0.3214423873342033,0.3599169025630674,0.1056320441569334,0.09499571713769815
2054,0.31,0.04354336765933911,0.07446958114875857,0.3214423873342033,0.3599169025630674,0.1056320441569334,0.09499571713769815
2054,0.32,0.04354336765933911,0.07446958114875857,0.3214423873342033,0.3599169025630674,0.1056320441569334,0.09499571713769815
2054,0.33,0.04354336765933911,0.07446958114875857,0.3214423873342033,0.3599169025630674,0.1056320441569334,0.09499571713769815
2054,0.34,0.04354336765933911,0.07446958114875857,0.3214423873342033,0.3599169025630674,0.1056320441569334,0.09499571713769815
2054,0.35000000000000003,0.04354336765933911,0.07446958114875857,0.3214423873342033,0.3599169025630674,0.1056320441569334,0.09499571713769815
2054,0.36000000000000004,0.04354336765933911,0.07446958114875857,0.3214423873342033,0.3599169025630674,0.1056320441569334,0.09499571713769815
2054,0.37,0.04354336765933911,0.07446958114875857,0.3214423873342033,0.3599169025630674,0.1056320441569334,0.09499571713769815
2054,0.38,0.04354336765933911,0.07446958114875857,0.3214423873342033,0.3599169025630674,0.1056320441569334,0.09499571713769815
2054,0.39,0.04354336765933911,0.07446958114875857,0.3214423873342033,0.3599169025630674,0.1056320441569334,0.09499571713769815
2054,0.4,0.04354336765933911,0.07446958114875857,0.3214423873342033,0.3599169025630674,0.1056320441569334,0.09499571713769815
2054,0.41000000000000003,0.04354336765933911,0.07446958114875857,0.3214423873342033,0.3599169025630674,0.1056320441569334,0.09499571713769815
2054,0.42000000000000004,0.04354336765933911,0.07446958114875857,0.3214423873342033,0.3599169025630674,0.1056320441569334,0.09499571713769815
2054,0.43,0.04354336765933911,0.07446958114875857,0.3214423873342033,0.3599169025630674,0.1056320441569334,0.09499571713769815
2054,0.44,0.04354336765933911,0.07446958114875857,0.3214423873342033,0.3599169025630674,0.1056320441569334,0.09499571713769815
2054,0.45,0.04354336765933911,0.07446958114875857,0.3214423873342033,0.3599169025630674,0.1056320441569334,0.09499571713769815
2054,0.46,0.04354336765933911,0.07446958114875857,0.3214423873342033,0.3599169025630674,0.1056320441569334,0.09499571713769815
2054,0.47000000000000003,0.04354336765933911,0.07446958114875857,0.3214423873342033,0.3599169025630674,0.1056320441569334,0.09499571713769815
2054,0.48000000000000004,0.04354336765933911,0.07446958114875857,0.3214423873342033,0.3599169025630674,0.1056320441569334,0.09499571713769815
2054,0.49,0.04354336765933911,0.07446958114875857,0.3214423873342033,0.3599169025630674,0.1056320441569334,0.09499571713769815
2054,0.5,0.04354336765933911,0.07446958114875857,0.3214423873342033,0.3599169025630674,0.1056320441569334,0.09499571713769815
2054,0.51,0.04354336765933911,0.07446958114875857,0.3214423873342033,0.3599169025630674,0.1056320441569334,0.09499571713769815
2054,0.52,0.04354336765933911,0.07446958114875857,0.3214423873342033,0.3599169025630674,0.1056320441569334,0.09499571713769815
2054,0.53,0.04354336765933911,0.07446958114875857,0.3214423873342033,0.3599169025630674,0.1056320441569334,0.09499571713769815
2054,0.54,0.04354336765933911,0.07446958114875857,0.3214423873342033,0.3599169025630674,0.1056320441569334,0.09499571713769815
2054,0.55,0.04354336765933911,0.07446958114875857,0.3214423873342033,0.3599169025630674,0.1056320441569334,0.09499571713769815
2054,0.56,0.04354336765933911,0.07446958114875857,0.3214423873342033,0.3599169025630674,0.1056320441569334,0.09499571713769815
2054,0.5700000000000001,0.04354336765933911,0.07446958114875857,0.3214423873342033,0.3599169025630674,0.1056320441569334,0.09499571713769815
2054,0.5800000000000001,0.04354336765933911,0.07446958114875857,0.3214423873342033,0.3599169025630674,0.1056320441569334,0.09499571713769815
2054,0.59,0.04354336765933911,0.07446958114875857,0.3214423873342033,0.3599169025630674,0.1056320441569334,0.09499571713769815
2054,0.6,0.04354336765933911,0.07446958114875857,0.3214423873342033,0.3599169025630674,0.1056320441569334,0.09499571713769815
2054,0.61,0.04354336765933911,0.07446958114875857,0.3214423873342033,0.3599169025630674,0.1056320441569334,0.09499571713769815
2054,0.62,0.04354336765933911,0.07446958114875857,0.3214423873342033,0.3599169025630674,0.1056320441569334,0.09499571713769815
2054,0.63,0.04354336765933911,0.07446958114875857,0.3214423873342033,0.3599169025630674,0.1056320441569334,0.09499571713769815
2054,0.64,0.04354336765933911,0.07446958114875857,0.3214423873342033,0.3599169025630674,0.1056320441569334,0.09499571713769815
2054,0.65,0.04354336765933911,0.07446958114875857,0.3214423873342033,0.3599169025630674,0.1056320441569334,0.09499571713769815
2054,0.66,0.04354336765933911,0.07446958114875857,0.3214423873342033,0.3599169025630674,0.1056320441569334,0.09499571713769815
2054,0.67,0.04354336765933911,0.07446958114875857,0.3214423873342033,0.3599169025630674,0.1056320441569334,0.09499571713769815
2054,0.68,0.04354336765933911,0.07446958114875857,0.3214423873342033,0.3599169025630674,0.1056320441569334,0.09499571713769815
2054,0.6900000000000001,0.04354336765933911,0.07446958114875857,0.3214423873342033,0.3599169025630674,0.1056320441569334,0.09499571713769815
2054,0.7000000000000001,0.04354336765933911,0.07446958114875857,0.3214423873342033,0.3599169025630674,0.1056320441569334,0.09499571713769815
2054,0.7100000000000001,0.04354336765933911,0.07446958114875857,0.3214423873342033,0.3599169025630674,0.1056320441569334,0.09499571713769815
2054,0.72,0.04354336765933911,0.07446958114875857,0.3214423873342033,0.3599169025630674,0.1056320441569334,0.09499571713769815
2054,0.73,0.04354336765933911,0.07446958114875857,0.3214423873342033,0.3599169025630674,0.1056320441569334,0.09499571713769815
2054,0.74,0.04354336765933911,0.07446958114875857,0.3214423873342033,0.3599169025630674,0.1056320441569334,0.09499571713769815
2054,0.75,0.04354336765933911,0.07446958114875857,0.3214423873342033,0.3599169025630674,0.1056320441569334,0.09499571713769815
2054,0.76,0.04354336765933911,0.07446958114875857,0.3214423873342033,0.3599169025630674,0.1056320441569334,0.09499571713769815
2054,0.77,0.04354336765933911,0.07446958114875857,0.3214423873342033,0.3599169025630674,0.1056320441569334,0.09499571713769815
2054,0.78,0.04354336765933911,0.07446958114875857,0.3214423873342033,0.3599169025630674,0.1056320441569334,0.09499571713769815
2054,0.79,0.04354336765933911,0.07446958114875857,0.3214423873342033,0.3599169025630674,0.1056320441569334,0.09499571713769815
2054,0.8,0.04354336765933911,0.07446958114875857,0.3214423873342033,0.3599169025630674,0.1056320441569334,0.09499571713769815
2054,0.81,0.04354336765933911,0.07446958114875857,0.3214423873342033,0.3599169025630674,0.1056320441569334,0.09499571713769815
2054,0.8200000000000001,0.04354336765933911,0.07446958114875857,0.3214423873342033,0.3599169025630674,0.1056320441569334,0.09499571713769815
2054,0.8300000000000001,0.04354336765933911,0.07446958114875857,0.3214423873342033,0.3599169025630674,0.1056320441569334,0.09499571713769815
2054,0.8400000000000001,0.04354336765933911,0.07446958114875857,0.3214423873342033,0.3599169025630674,0.1056320441569334,0.09499571713769815
2054,0.85,0.04354336765933911,0.07446958114875857,0.3214423873342033,0.3599169025630674,0.1056320441569334,0.09499571713769815
2054,0.86,0.04354336765933911,0.07446958114875857,0.3214423873342033,0.3599169025630674,0.1056320441569334,0.09499571713769815
2054,0.87,0.04354336765933911,0.07446958114875857,0.3214423873342033,0.3599169025630674,0.1056320441569334,0.09499571713769815
2054,0.88,0.04354336765933911,0.07446958114875857,0.3214423873342033,0.3599169025630674,0.1056320441569334,0.09499571713769815
2054,0.89,0.04354336765933911,0.07446958114875857,0.3214423873342033,0.3599169025630674,0.1056320441569334,0.09499571713769815
2054,0.9,0.04354336765933911,0.07446958114875857,0.3214423873342033,0.3599169025630674,0.1056320441569334,0.09499571713769815
2054,0.91,0.04354345688341711,0.07446967037221745,0.32144247656013863,0.35991699178900277,0.10563186570722953,0.09499553868799439
2054,0.92,0.04354341086235809,0.07446962435147776,0.3214424305381216,0.35991694576698574,0.10563208735965265,0.09499550112140429
2054,0.93,0.043543470937128036,0.07446968442583086,0.32144249061414215,0.3599170058430063,0.10563183759956393,0.09499551058032857
2054,0.9400000000000001,0.04358037437143599,0.07450658760407124,0.32147939481663135,0.3599539100454955,0.10555803009083264,0.09492170307159739
2054,0.9500000000000001,0.04354336765933911,0.07446958114875857,0.3214423873342033,0.3599169025630674,0.1056320441569334,0.09499571713769815
2054,0.9600000000000001,0.04354336765933911,0.07446958114875857,0.3214423873342033,0.3599169025630674,0.1056320441569334,0.09499571713769815
2054,0.97,0.04354336765933911,0.07446958114875857,0.3214423873342033,0.3599169025630674,0.1056320441569334,0.09499571713769815
2054,0.98,0.04354336765933911,0.07446958114875857,0.3214423873342033,0.3599169025630674,0.1056320441569334,0.09499571713769815
2054,0.99,0.04382702713017585,0.0749012605349733,0.32172611296837766,0.3602006281972418,0.10499064772484328,0.0943543234436725
2054,1.0,0.04354336765933911,0.07446958114875857,0.3214423873342033,0.3599169025630674,0.1056320441569334,0.09499571713769815
2055,0.01,0.1927034883962817,0.1562255475962262,0.05446279151947359,0.3107392825177424,0.07563846492878132,0.21023042504149475
2055,0.02,0.1927034883962817,0.1562255475962262,0.05446279151947359,0.3107392825177424,0.07563846492878132,0.21023042504149475
2055,0.03,0.1927034883962817,0.1562255475962262,0.05446279151947359,0.3107392825177424,0.07563846492878132,0.21023042504149475
2055,0.04,0.1927034883962817,0.1562255475962262,0.05446279151947359,0.3107392825177424,0.07563846492878132,0.21023042504149475
2055,0.05,0.1927034883962817,0.1562255475962262,0.05446279151947359,0.3107392825177424,0.07563846492878132,0.21023042504149475
2055,0.060000000000000005,0.1927034883962817,0.1562255475962262,0.05446279151947359,0.3107392825177424,0.07563846492878132,0.21023042504149475
2055,0.06999999999999999,0.1927034883962817,0.1562255475962262,0.05446279151947359,0.3107392825177424,0.07563846492878132,0.21023042504149475
2055,0.08,0.1927034883962817,0.1562255475962262,0.05446279151947359,0.3107392825177424,0.07563846492878132,0.21023042504149475
2055,0.09,0.1927034883962817,0.1562255475962262,0.05446279151947359,0.3107392825177424,0.07563846492878132,0.21023042504149475
2055,0.09999999999999999,0.1927034883962817,0.1562255475962262,0.05446279151947359,0.3107392825177424,0.07563846492878132,0.21023042504149475
2055,0.11,0.1927034883962817,0.1562255475962262,0.05446279151947359,0.3107392825177424,0.07563846492878132,0.21023042504149475
2055,0.12,0.1927034883962817,0.1562255475962262,0.05446279151947359,0.3107392825177424,0.07563846492878132,0.21023042504149475
2055,0.13,0.1927034883962817,0.1562255475962262,0.05446279151947359,0.3107392825177424,0.07563846492878132,0.21023042504149475
2055,0.14,0.1927034883962817,0.1562255475962262,0.05446279151947359,0.3107392825177424,0.07563846492878132,0.21023042504149475
2055,0.15000000000000002,0.1927034883962817,0.1562255475962262,0.05446279151947359,0.3107392825177424,0.07563846492878132,0.21023042504149475
2055,0.16,0.1927034883962817,0.1562255475962262,0.05446279151947359,0.3107392825177424,0.07563846492878132,0.21023042504149475
2055,0.17,0.1927034883962817,0.1562255475962262,0.05446279151947359,0.3107392825177424,0.07563846492878132,0.21023042504149475
2055,0.18000000000000002,0.1927034883962817,0.1562255475962262,0.05446279151947359,0.3107392825177424,0.07563846492878132,0.21023042504149475
2055,0.19,0.1927034883962817,0.1562255475962262,0.05446279151947359,0.3107392825177424,0.07563846492878132,0.21023042504149475
2055,0.2,0.1927034883962817,0.1562255475962262,0.05446279151947359,0.3107392825177424,0.07563846492878132,0.21023042504149475
2055,0.21000000000000002,0.1927034883962817,0.1562255475962262,0.05446279151947359,0.3107392825177424,0.07563846492878132,0.21023042504149475
2055,0.22,0.1927034883962817,0.1562255475962262,0.05446279151947359,0.3107392825177424,0.07563846492878132,0.21023042504149475
2055,0.23,0.1927034883962817,0.1562255475962262,0.05446279151947359,0.3107392825177424,0.07563846492878132,0.21023042504149475
2055,0.24000000000000002,0.1927034883962817,0.1562255475962262,0.05446279151947359,0.3107392825177424,0.07563846492878132,0.21023042504149475
2055,0.25,0.1927034883962817,0.1562255475962262,0.05446279151947359,0.3107392825177424,0.07563846492878132,0.21023042504149475
2055,0.26,0.1927034883962817,0.1562255475962262,0.05446279151947359,0.3107392825177424,0.07563846492878132,0.21023042504149475
2055,0.27,0.1927034883962817,0.1562255475962262,0.05446279151947359,0.3107392825177424,0.07563846492878132,0.21023042504149475
2055,0.28,0.1927034883962817,0.1562255475962262,0.05446279151947359,0.3107392825177424,0.07563846492878132,0.21023042504149475
2055,0.29000000000000004,0.1927034883962817,0.1562255475962262,0.05446279151947359,0.3107392825177424,0.07563846492878132,0.21023042504149475
2055,0.3,0.1927034883962817,0.1562255475962262,0.05446279151947359,0.3107392825177424,0.07563846492878132,0.21023042504149475
2055,0.31,0.1927034883962817,0.1562255475962262,0.05446279151947359,0.3107392825177424,0.07563846492878132,0.21023042504149475
2055,0.32,0.1927034883962817,0.1562255475962262,0.05446279151947359,0.3107392825177424,0.07563846492878132,0.21023042504149475
2055,0.33,0.1927034883962817,0.1562255475962262,0.05446279151947359,0.3107392825177424,0.07563846492878132,0.21023042504149475
2055,0.34,0.1927034883962817,0.1562255475962262,0.05446279151947359,0.3107392825177424,0.07563846492878132,0.21023042504149475
2055,0.35000000000000003,0.1927034883962817,0.1562255475962262,0.05446279151947359,0.3107392825177424,0.07563846492878132,0.21023042504149475
2055,0.36000000000000004,0.1927034883962817,0.1562255475962262,0.05446279151947359,0.3107392825177424,0.07563846492878132,0.21023042504149475
2055,0.37,0.1927034883962817,0.1562255475962262,0.05446279151947359,0.3107392825177424,0.07563846492878132,0.21023042504149475
2055,0.38,0.1927034883962817,0.1562255475962262,0.05446279151947359,0.3107392825177424,0.07563846492878132,0.21023042504149475
2055,0.39,0.1927034883962817,0.1562255475962262,0.05446279151947359,0.3107392825177424,0.07563846492878132,0.21023042504149475
2055,0.4,0.1927034883962817,0.1562255475962262,0.05446279151947359,0.3107392825177424,0.07563846492878132,0.21023042504149475
2055,0.41000000000000003,0.1927034883962817,0.1562255475962262,0.05446279151947359,0.3107392825177424,0.07563846492878132,0.21023042504149475
2055,0.42000000000000004,0.1927034883962817,0.1562255475962262,0.05446279151947359,0.3107392825177424,0.07563846492878132,0.21023042504149475
2055,0.43,0.1927034883962817,0.1562255475962262,0.05446279151947359,0.3107392825177424,0.07563846492878132,0.21023042504149475
2055,0.44,0.1927034883962817,0.1562255475962262,0.05446279151947359,0.3107392825177424,0.07563846492878132,0.21023042504149475
2055,0.45,0.1927034883962817,0.1562255475962262,0.05446279151947359,0.3107392825177424,0.07563846492878132,0.21023042504149475
2055,0.46,0.1927034883962817,0.1562255475962262,0.05446279151947359,0.3107392825177424,0.07563846492878132,0.21023042504149475
2055,0.47000000000000003,0.1927034883962817,0.1562255475962262,0.05446279151947359,0.3107392825177424,0.07563846492878132,0.21023042504149475
2055,0.48000000000000004,0.1927034883962817,0.1562255475962262,0.05446279151947359,0.3107392825177424,0.07563846492878132,0.21023042504149475
2055,0.49,0.1927034883962817,0.1562255475962262,0.05446279151947359,0.3107392825177424,0.07563846492878132,0.21023042504149475
2055,0.5,0.1927034883962817,0.1562255475962262,0.05446279151947359,0.3107392825177424,0.07563846492878132,0.21023042504149475
2055,0.51,0.1927034883962817,0.1562255475962262,0.05446279151947359,0.3107392825177424,0.07563846492878132,0.21023042504149475
2055,0.52,0.1927034883962817,0.1562255475962262,0.05446279151947359,0.3107392825177424,0.07563846492878132,0.21023042504149475
2055,0.53,0.1927034883962817,0.1562255475962262,0.05446279151947359,0.3107392825177424,0.07563846492878132,0.21023042504149475
2055,0.54,0.1927034883962817,0.1562255475962262,0.05446279151947359,0.3107392825177424,0.07563846492878132,0.21023042504149475
2055,0.55,0.1927034883962817,0.1562255475962262,0.05446279151947359,0.3107392825177424,0.07563846492878132,0.21023042504149475
2055,0.56,0.1927034883962817,0.1562255475962262,0.05446279151947359,0.3107392825177424,0.07563846492878132,0.21023042504149475
2055,0.5700000000000001,0.1927034883962817,0.1562255475962262,0.05446279151947359,0.3107392825177424,0.07563846492878132,0.21023042504149475
2055,0.5800000000000001,0.1927034883962817,0.1562255475962262,0.05446279151947359,0.3107392825177424,0.07563846492878132,0.21023042504149475
2055,0.59,0.1927034883962817,0.1562255475962262,0.05446279151947359,0.3107392825177424,0.07563846492878132,0.21023042504149475
2055,0.6,0.1927034883962817,0.1562255475962262,0.05446279151947359,0.3107392825177424,0.07563846492878132,0.21023042504149475
2055,0.61,0.1927034883962817,0.1562255475962262,0.05446279151947359,0.3107392825177424,0.07563846492878132,0.21023042504149475
2055,0.62,0.1927034883962817,0.1562255475962262,0.05446279151947359,0.3107392825177424,0.07563846492878132,0.21023042504149475
2055,0.63,0.1927034883962817,0.1562255475962262,0.05446279151947359,0.3107392825177424,0.07563846492878132,0.21023042504149475
2055,0.64,0.1927034883962817,0.1562255475962262,0.05446279151947359,0.3107392825177424,0.07563846492878132,0.21023042504149475
2055,0.65,0.1927034883962817,0.1562255475962262,0.05446279151947359,0.3107392825177424,0.07563846492878132,0.21023042504149475
2055,0.66,0.1927034883962817,0.1562255475962262,0.05446279151947359,0.3107392825177424,0.07563846492878132,0.21023042504149475
2055,0.67,0.1927034883962817,0.1562255475962262,0.05446279151947359,0.3107392825177424,0.07563846492878132,0.21023042504149475
2055,0.68,0.1927034883962817,0.1562255475962262,0.05446279151947359,0.3107392825177424,0.07563846492878132,0.21023042504149475
2055,0.6900000000000001,0.1927034883962817,0.1562255475962262,0.05446279151947359,0.3107392825177424,0.07563846492878132,0.21023042504149475
2055,0.7000000000000001,0.1927034883962817,0.1562255475962262,0.05446279151947359,0.3107392825177424,0.07563846492878132,0.21023042504149475
2055,0.7100000000000001,0.1927034883962817,0.1562255475962262,0.05446279151947359,0.3107392825177424,0.07563846492878132,0.21023042504149475
2055,0.72,0.1927034883962817,0.1562255475962262,0.05446279151947359,0.3107392825177424,0.07563846492878132,0.21023042504149475
2055,0.73,0.1927034883962817,0.1562255475962262,0.05446279151947359,0.3107392825177424,0.07563846492878132,0.21023042504149475
2055,0.74,0.1927034883962817,0.1562255475962262,0.05446279151947359,0.3107392825177424,0.07563846492878132,0.21023042504149475
2055,0.75,0.1927034883962817,0.1562255475962262,0.05446279151947359,0.3107392825177424,0.07563846492878132,0.21023042504149475
2055,0.76,0.1927034883962817,0.1562255475962262,0.05446279151947359,0.3107392825177424,0.07563846492878132,0.21023042504149475
2055,0.77,0.1927034883962817,0.1562255475962262,0.05446279151947359,0.3107392825177424,0.07563846492878132,0.21023042504149475
2055,0.78,0.1927034883962817,0.1562255475962262,0.05446279151947359,0.3107392825177424,0.07563846492878132,0.21023042504149475
2055,0.79,0.1927034883962817,0.1562255475962262,0.05446279151947359,0.3107392825177424,0.07563846492878132,0.21023042504149475
2055,0.8,0.1927034883962817,0.1562255475962262,0.05446279151947359,0.3107392825177424,0.07563846492878132,0.21023042504149475
2055,0.81,0.1927034883962817,0.1562255475962262,0.05446279151947359,0.3107392825177424,0.07563846492878132,0.21023042504149475
2055,0.8200000000000001,0.1927035951805991,0.1562256543805436,0.05446273812147951,0.3107392291186367,0.07563841154301457,0.210230371655728
2055,0.8300000000000001,0.1927034883962817,0.1562255475962262,0.05446279151947359,0.3107392825177424,0.07563846492878132,0.21023042504149475
2055,0.8400000000000001,0.1927034883962817,0.1562255475962262,0.05446279151947359,0.3107392825177424,0.07563846492878132,0.21023042504149475
2055,0.85,0.19270362783187978,0.15622551970682316,0.05446276362987704,0.31073925462756524,0.07563843704557043,0.21023039715828407
2055,0.86,0.19270354950108437,0.15622560870102886,0.054462852624702365,0.3107393436242411,0.07563834271811672,0.2102303028308312
2055,0.87,0.1927034883962817,0.1562255475962262,0.05446279151947359,0.3107392825177424,0.07563846492878132,0.21023042504149475
2055,0.88,0.1927034883962817,0.1562255475962262,0.05446279151947359,0.3107392825177424,0.07563846492878132,0.21023042504149475
2055,0.89,0.1927036365382293,0.1562256957381738,0.05446271744040448,0.31073920843713115,0.07563839086667351,0.2102303509793875
2055,0.9,0.1927034883962817,0.1562255475962262,0.05446279151947359,0.3107392825177424,0.07563846492878132,0.21023042504149475
2055,0.91,0.1927034883962817,0.1562255475962262,0.05446279151947359,0.3107392825177424,0.07563846492878132,0.21023042504149475
2055,0.92,0.1927034883962817,0.1562255475962262,0.05446279151947359,0.3107392825177424,0.07563846492878132,0.21023042504149475
2055,0.93,0.1927034883962817,0.1562255475962262,0.05446279151947359,0.3107392825177424,0.07563846492878132,0.21023042504149475
2055,0.9400000000000001,0.1927034883962817,0.1562255475962262,0.05446279151947359,0.3107392825177424,0.07563846492878132,0.21023042504149475
2055,0.9500000000000001,0.1927034883962817,0.1562255475962262,0.05446279151947359,0.3107392825177424,0.07563846492878132,0.21023042504149475
2055,0.9600000000000001,0.1927404842374025,0.156262543437347,0.054499787617304944,0.3107762793857268,0.0755644726052268,0.21015643271794024
2055,0.97,0.1927034883962817,0.1562255475962262,0.05446279151947359,0.3107392825177424,0.07563846492878132,0.21023042504149475
2055,0.98,0.1927034883962817,0.1562255475962262,0.05446279151947359,0.3107392825177424,0.07563846492878132,0.21023042504149475
2055,0.99,0.1927034883962817,0.1562255475962262,0.05446279151947359,0.3107392825177424,0.07563846492878132,0.21023042504149475
2055,1.0,0.1927034883962817,0.1562255475962262,0.05446279151947359,0.3107392825177424,0.07563846492878132,0.21023042504149475
2056,0.01,0.07053883493788182,0.1343550274069302,0.23687962364276194,0.14041422809030946,0.31047596912763453,0.10733631679448201
2056,0.02,0.07053883493788182,0.1343550274069302,0.23687962364276194,0.14041422809030946,0.31047596912763453,0.10733631679448201
2056,0.03,0.07053883493788182,0.1343550274069302,0.23687962364276194,0.14041422809030946,0.31047596912763453,0.10733631679448201
2056,0.04,0.07053883493788182,0.1343550274069302,0.23687962364276194,0.14041422809030946,0.31047596912763453,0.10733631679448201
2056,0.05,0.07053883493788182,0.1343550274069302,0.23687962364276194,0.14041422809030946,0.31047596912763453,0.10733631679448201
2056,0.060000000000000005,0.07053883493788182,0.1343550274069302,0.23687962364276194,0.14041422809030946,0.31047596912763453,0.10733631679448201
2056,0.06999999999999999,0.07053883493788182,0.1343550274069302,0.23687962364276194,0.14041422809030946,0.31047596912763453,0.10733631679448201
2056,0.08,0.07053883493788182,0.1343550274069302,0.23687962364276194,0.14041422809030946,0.31047596912763453,0.10733631679448201
2056,0.09,0.07053883493788182,0.1343550274069302,0.23687962364276194,0.14041422809030946,0.31047596912763453,0.10733631679448201
2056,0.09999999999999999,0.07053883493788182,0.1343550274069302,0.23687962364276194,0.14041422809030946,0.31047596912763453,0.10733631679448201
2056,0.11,0.07053883493788182,0.1343550274069302,0.23687962364276194,0.14041422809030946,0.31047596912763453,0.10733631679448201
2056,0.12,0.07053883493788182,0.1343550274069302,0.23687962364276194,0.14041422809030946,0.31047596912763453,0.10733631679448201
2056,0.13,0.07053883493788182,0.1343550274069302,0.23687962364276194,0.14041422809030946,0.31047596912763453,0.10733631679448201
2056,0.14,0.07053883493788182,0.1343550274069302,0.23687962364276194,0.14041422809030946,0.31047596912763453,0.10733631679448201
2056,0.15000000000000002,0.07053883493788182,0.1343550274069302,0.23687962364276194,0.14041422809030946,0.31047596912763453,0.10733631679448201
2056,0.16,0.07053883493788182,0.1343550274069302,0.23687962364276194,0.14041422809030946,0.31047596912763453,0.10733631679448201
2056,0.17,0.07053883493788182,0.1343550274069302,0.23687962364276194,0.14041422809030946,0.31047596912763453,0.10733631679448201
2056,0.18000000000000002,0.07053883493788182,0.1343550274069302,0.23687962364276194,0.14041422809030946,0.31047596912763453,0.10733631679448201
2056,0.19,0.07053883493788182,0.1343550274069302,0.23687962364276194,0.14041422809030946,0.31047596912763453,0.10733631679448201
2056,0.2,0.07053883493788182,0.1343550274069302,0.23687962364276194,0.14041422809030946,0.31047596912763453,0.10733631679448201
2056,0.21000000000000002,0.07053883493788182,0.1343550274069302,0.23687962364276194,0.14041422809030946,0.31047596912763453,0.10733631679448201
2056,0.22,0.07053883493788182,0.1343550274069302,0.23687962364276194,0.14041422809030946,0.31047596912763453,0.10733631679448201
2056,0.23,0.07053883493788182,0.1343550274069302,0.23687962364276194,0.14041422809030946,0.31047596912763453,0.10733631679448201
2056,0.24000000000000002,0.07053883493788182,0.1343550274069302,0.23687962364276194,0.14041422809030946,0.31047596912763453,0.10733631679448201
2056,0.25,0.07053883493788182,0.1343550274069302,0.23687962364276194,0.14041422809030946,0.31047596912763453,0.10733631679448201
2056,0.26,0.07053883493788182,0.1343550274069302,0.23687962364276194,0.14041422809030946,0.31047596912763453,0.10733631679448201
2056,0.27,0.07053883493788182,0.1343550274069302,0.23687962364276194,0.14041422809030946,0.31047596912763453,0.10733631679448201
2056,0.28,0.07053883493788182,0.1343550274069302,0.23687962364276194,0.14041422809030946,0.31047596912763453,0.10733631679448201
2056,0.29000000000000004,0.07053883493788182,0.1343550274069302,0.23687962364276194,0.14041422809030946,0.31047596912763453,0.10733631679448201
2056,0.3,0.07053883493788182,0.1343550274069302,0.23687962364276194,0.14041422809030946,0.31047596912763453,0.10733631679448201
2056,0.31,0.07053883493788182,0.1343550274069302,0.23687962364276194,0.14041422809030946,0.31047596912763453,0.10733631679448201
2056,0.32,0.07053883493788182,0.1343550274069302,0.23687962364276194,0.14041422809030946,0.31047596912763453,0.10733631679448201
2056,0.33,0.07053883493788182,0.1343550274069302,0.23687962364276194,0.14041422809030946,0.31047596912763453,0.10733631679448201
2056,0.34,0.07053883493788182,0.1343550274069302,0.23687962364276194,0.14041422809030946,0.31047596912763453,0.10733631679448201
2056,0.35000000000000003,0.07053883493788182,0.1343550274069302,0.23687962364276194,0.14041422809030946,0.31047596912763453,0.10733631679448201
2056,0.36000000000000004,0.07053883493788182,0.1343550274069302,0.23687962364276194,0.14041422809030946,0.31047596912763453,0.10733631679448201
2056,0.37,0.07053883493788182,0.1343550274069302,0.23687962364276194,0.14041422809030946,0.31047596912763453,0.10733631679448201
2056,0.38,0.07053883493788182,0.1343550274069302,0.23687962364276194,0.14041422809030946,0.31047596912763453,0.10733631679448201
2056,0.39,0.07053883493788182,0.1343550274069302,0.23687962364276194,0.14041422809030946,0.31047596912763453,0.10733631679448201
2056,0.4,0.07053883493788182,0.1343550274069302,0.23687962364276194,0.14041422809030946,0.31047596912763453,0.10733631679448201
2056,0.41000000000000003,0.07053883493788182,0.1343550274069302,0.23687962364276194,0.14041422809030946,0.31047596912763453,0.10733631679448201
2056,0.42000000000000004,0.07053883493788182,0.1343550274069302,0.23687962364276194,0.14041422809030946,0.31047596912763453,0.10733631679448201
2056,0.43,0.07053883493788182,0.1343550274069302,0.23687962364276194,0.14041422809030946,0.31047596912763453,0.10733631679448201
2056,0.44,0.07053883493788182,0.1343550274069302,0.23687962364276194,0.14041422809030946,0.31047596912763453,0.10733631679448201
2056,0.45,0.07053883493788182,0.1343550274069302,0.23687962364276194,0.14041422809030946,0.31047596912763453,0.10733631679448201
2056,0.46,0.07053883493788182,0.1343550274069302,0.23687962364276194,0.14041422809030946,0.31047596912763453,0.10733631679448201
2056,0.47000000000000003,0.07053883493788182,0.1343550274069302,0.23687962364276194,0.14041422809030946,0.31047596912763453,0.10733631679448201
2056,0.48000000000000004,0.07053883493788182,0.1343550274069302,0.23687962364276194,0.14041422809030946,0.31047596912763453,0.10733631679448201
2056,0.49,0.07053883493788182,0.1343550274069302,0.23687962364276194,0.14041422809030946,0.31047596912763453,0.10733631679448201
2056,0.5,0.07053883493788182,0.1343550274069302,0.23687962364276194,0.14041422809030946,0.31047596912763453,0.10733631679448201
2056,0.51,0.07053883493788182,0.1343550274069302,0.23687962364276194,0.14041422809030946,0.31047596912763453,0.10733631679448201
2056,0.52,0.07053883493788182,0.1343550274069302,0.23687962364276194,0.14041422809030946,0.31047596912763453,0.10733631679448201
2056,0.53,0.07053883493788182,0.1343550274069302,0.23687962364276194,0.14041422809030946,0.31047596912763453,0.10733631679448201
2056,0.54,0.07053883493788182,0.1343550274069302,0.23687962364276194,0.14041422809030946,0.31047596912763453,0.10733631679448201
2056,0.55,0.07053883493788182,0.1343550274069302,0.23687962364276194,0.14041422809030946,0.31047596912763453,0.10733631679448201
2056,0.56,0.07053883493788182,0.1343550274069302,0.23687962364276194,0.14041422809030946,0.31047596912763453,0.10733631679448201
2056,0.5700000000000001,0.07053883493788182,0.1343550274069302,0.23687962364276194,0.14041422809030946,0.31047596912763453,0.10733631679448201
2056,0.5800000000000001,0.07053883493788182,0.1343550274069302,0.23687962364276194,0.14041422809030946,0.31047596912763453,0.10733631679448201
2056,0.59,0.07053883493788182,0.1343550274069302,0.23687962364276194,0.14041422809030946,0.31047596912763453,0.10733631679448201
2056,0.6,0.07053883493788182,0.1343550274069302,0.23687962364276194,0.14041422809030946,0.31047596912763453,0.10733631679448201
2056,0.61,0.07053883493788182,0.1343550274069302,0.23687962364276194,0.14041422809030946,0.31047596912763453,0.10733631679448201
2056,0.62,0.07053883493788182,0.1343550274069302,0.23687962364276194,0.14041422809030946,0.31047596912763453,0.10733631679448201
2056,0.63,0.07053883493788182,0.1343550274069302,0.23687962364276194,0.14041422809030946,0.31047596912763453,0.10733631679448201
2056,0.64,0.07053883493788182,0.1343550274069302,0.23687962364276194,0.14041422809030946,0.31047596912763453,0.10733631679448201
2056,0.65,0.07053883493788182,0.1343550274069302,0.23687962364276194,0.14041422809030946,0.31047596912763453,0.10733631679448201
2056,0.66,0.07053883493788182,0.1343550274069302,0.23687962364276194,0.14041422809030946,0.31047596912763453,0.10733631679448201
2056,0.67,0.07053883493788182,0.1343550274069302,0.23687962364276194,0.14041422809030946,0.31047596912763453,0.10733631679448201
2056,0.68,0.07053883493788182,0.1343550274069302,0.23687962364276194,0.14041422809030946,0.31047596912763453,0.10733631679448201
2056,0.6900000000000001,0.07053883493788182,0.1343550274069302,0.23687962364276194,0.14041422809030946,0.31047596912763453,0.10733631679448201
2056,0.7000000000000001,0.07053883493788182,0.1343550274069302,0.23687962364276194,0.14041422809030946,0.31047596912763453,0.10733631679448201
2056,0.7100000000000001,0.07053883493788182,0.1343550274069302,0.23687962364276194,0.14041422809030946,0.31047596912763453,0.10733631679448201
2056,0.72,0.07053883493788182,0.1343550274069302,0.23687962364276194,0.14041422809030946,0.31047596912763453,0.10733631679448201
2056,0.73,0.07053883493788182,0.1343550274069302,0.23687962364276194,0.14041422809030946,0.31047596912763453,0.10733631679448201
2056,0.74,0.07053883493788182,0.1343550274069302,0.23687962364276194,0.14041422809030946,0.31047596912763453,0.10733631679448201
2056,0.75,0.07053883493788182,0.1343550274069302,0.23687962364276194,0.14041422809030946,0.31047596912763453,0.10733631679448201
2056,0.76,0.07053883493788182,0.1343550274069302,0.23687962364276194,0.14041422809030946,0.31047596912763453,0.10733631679448201
2056,0.77,0.07053883493788182,0.1343550274069302,0.23687962364276194,0.14041422809030946,0.31047596912763453,0.10733631679448201
2056,0.78,0.07053883493788182,0.1343550274069302,0.23687962364276194,0.14041422809030946,0.31047596912763453,0.10733631679448201
2056,0.79,0.07053883493788182,0.1343550274069302,0.23687962364276194,0.14041422809030946,0.31047596912763453,0.10733631679448201
2056,0.8,0.07053883493788182,0.1343550274069302,0.23687962364276194,0.14041422809030946,0.31047596912763453,0.10733631679448201
2056,0.81,0.07053883493788182,0.1343550274069302,0.23687962364276194,0.14041422809030946,0.31047596912763453,0.10733631679448201
2056,0.8200000000000001,0.07053883493788182,0.1343550274069302,0.23687962364276194,0.14041422809030946,0.31047596912763453,0.10733631679448201
2056,0.8300000000000001,0.07053883493788182,0.1343550274069302,0.23687962364276194,0.14041422809030946,0.31047596912763453,0.10733631679448201
2056,0.8400000000000001,0.07053883493788182,0.1343550274069302,0.23687962364276194,0.14041422809030946,0.31047596912763453,0.10733631679448201
2056,0.85,0.07053883493788182,0.1343550274069302,0.23687962364276194,0.14041422809030946,0.31047596912763453,0.10733631679448201
2056,0.86,0.07053883493788182,0.1343550274069302,0.23687962364276194,0.14041422809030946,0.31047596912763453,0.10733631679448201
2056,0.87,0.07053883493788182,0.1343550274069302,0.23687962364276194,0.14041422809030946,0.31047596912763453,0.10733631679448201
2056,0.88,0.07053883493788182,0.1343550274069302,0.23687962364276194,0.14041422809030946,0.31047596912763453,0.10733631679448201
2056,0.89,0.07053883493788182,0.1343550274069302,0.23687962364276194,0.14041422809030946,0.31047596912763453,0.10733631679448201
2056,0.9,0.07053883493788182,0.1343550274069302,0.23687962364276194,0.14041422809030946,0.31047596912763453,0.10733631679448201
2056,0.91,0.07053883493788182,0.1343550274069302,0.23687962364276194,0.14041422809030946,0.31047596912763453,0.10733631679448201
2056,0.92,0.07053883493788182,0.1343550274069302,0.23687962364276194,0.14041422809030946,0.31047596912763453,0.10733631679448201
2056,0.93,0.07053883493788182,0.1343550274069302,0.23687962364276194,0.14041422809030946,0.31047596912763453,0.10733631679448201
2056,0.9400000000000001,0.07053883493788182,0.1343550274069302,0.23687962364276194,0.14041422809030946,0.31047596912763453,0.10733631679448201
2056,0.9500000000000001,0.07053883493788182,0.1343550274069302,0.23687962364276194,0.14041422809030946,0.31047596912763453,0.10733631679448201
2056,0.9600000000000001,0.07053883493788182,0.1343550274069302,0.23687962364276194,0.14041422809030946,0.31047596912763453,0.10733631679448201
2056,0.97,0.07053883493788182,0.1343550274069302,0.23687962364276194,0.14041422809030946,0.31047596912763453,0.10733631679448201
2056,0.98,0.07053883493788182,0.1343550274069302,0.23687962364276194,0.14041422809030946,0.31047596912763453,0.10733631679448201
2056,0.99,0.07053883493788182,0.1343550274069302,0.23687962364276194,0.14041422809030946,0.31047596912763453,0.10733631679448201
2056,1.0,0.07053883493788182,0.1343550274069302,0.23687962364276194,0.14041422809030946,0.31047596912763453,0.10733631679448201
2057,0.01,0.30871553099052734,0.05366292813744344,0.10971419861721943,0.18827394984885293,0.2086325163769292,0.13100087602902766
2057,0.02,0.30871553099052734,0.05366292813744344,0.10971419861721943,0.18827394984885293,0.2086325163769292,0.13100087602902766
2057,0.03,0.30871553099052734,0.05366292813744344,0.10971419861721943,0.18827394984885293,0.2086325163769292,0.13100087602902766
2057,0.04,0.30871553099052734,0.05366292813744344,0.10971419861721943,0.18827394984885293,0.2086325163769292,0.13100087602902766
2057,0.05,0.30871553099052734,0.05366292813744344,0.10971419861721943,0.18827394984885293,0.2086325163769292,0.13100087602902766
2057,0.060000000000000005,0.30871553099052734,0.05366292813744344,0.10971419861721943,0.18827394984885293,0.2086325163769292,0.13100087602902766
2057,0.06999999999999999,0.30871553099052734,0.05366292813744344,0.10971419861721943,0.18827394984885293,0.2086325163769292,0.13100087602902766
2057,0.08,0.30871553099052734,0.05366292813744344,0.10971419861721943,0.18827394984885293,0.2086325163769292,0.13100087602902766
2057,0.09,0.30871553099052734,0.05366292813744344,0.10971419861721943,0.18827394984885293,0.2086325163769292,0.13100087602902766
2057,0.09999999999999999,0.30871553099052734,0.05366292813744344,0.10971419861721943,0.18827394984885293,0.2086325163769292,0.13100087602902766
2057,0.11,0.30871553099052734,0.05366292813744344,0.10971419861721943,0.18827394984885293,0.2086325163769292,0.13100087602902766
2057,0.12,0.30871553099052734,0.05366292813744344,0.10971419861721943,0.18827394984885293,0.2086325163769292,0.13100087602902766
2057,0.13,0.30871553099052734,0.05366292813744344,0.10971419861721943,0.18827394984885293,0.2086325163769292,0.13100087602902766
2057,0.14,0.30871553099052734,0.05366292813744344,0.10971419861721943,0.18827394984885293,0.2086325163769292,0.13100087602902766
2057,0.15000000000000002,0.30871553099052734,0.05366292813744344,0.10971419861721943,0.18827394984885293,0.2086325163769292,0.13100087602902766
2057,0.16,0.30871553099052734,0.05366292813744344,0.10971419861721943,0.18827394984885293,0.2086325163769292,0.13100087602902766
2057,0.17,0.30871553099052734,0.05366292813744344,0.10971419861721943,0.18827394984885293,0.2086325163769292,0.13100087602902766
2057,0.18000000000000002,0.30871553099052734,0.05366292813744344,0.10971419861721943,0.18827394984885293,0.2086325163769292,0.13100087602902766
2057,0.19,0.30871553099052734,0.05366292813744344,0.10971419861721943,0.18827394984885293,0.2086325163769292,0.13100087602902766
2057,0.2,0.30871553099052734,0.05366292813744344,0.10971419861721943,0.18827394984885293,0.2086325163769292,0.13100087602902766
2057,0.21000000000000002,0.30871553099052734,0.05366292813744344,0.10971419861721943,0.18827394984885293,0.2086325163769292,0.13100087602902766
2057,0.22,0.30871553099052734,0.05366292813744344,0.10971419861721943,0.18827394984885293,0.2086325163769292,0.13100087602902766
2057,0.23,0.30871553099052734,0.05366292813744344,0.10971419861721943,0.18827394984885293,0.2086325163769292,0.13100087602902766
2057,0.24000000000000002,0.30871553099052734,0.05366292813744344,0.10971419861721943,0.18827394984885293,0.2086325163769292,0.13100087602902766
2057,0.25,0.30871553099052734,0.05366292813744344,0.10971419861721943,0.18827394984885293,0.2086325163769292,0.13100087602902766
2057,0.26,0.30871553099052734,0.05366292813744344,0.10971419861721943,0.18827394984885293,0.2086325163769292,0.13100087602902766
2057,0.27,0.30871553099052734,0.05366292813744344,0.10971419861721943,0.18827394984885293,0.2086325163769292,0.13100087602902766
2057,0.28,0.30871553099052734,0.05366292813744344,0.10971419861721943,0.18827394984885293,0.2086325163769292,0.13100087602902766
2057,0.29000000000000004,0.30871553099052734,0.05366292813744344,0.10971419861721943,0.18827394984885293,0.2086325163769292,0.13100087602902766
2057,0.3,0.30871553099052734,0.05366292813744344,0.10971419861721943,0.18827394984885293,0.2086325163769292,0.13100087602902766
2057,0.31,0.30871553099052734,0.05366292813744344,0.10971419861721943,0.18827394984885293,0.2086325163769292,0.13100087602902766
2057,0.32,0.30871553099052734,0.05366292813744344,0.10971419861721943,0.18827394984885293,0.2086325163769292,0.13100087602902766
2057,0.33,0.30871553099052734,0.05366292813744344,0.10971419861721943,0.18827394984885293,0.2086325163769292,0.13100087602902766
2057,0.34,0.30871553099052734,0.05366292813744344,0.10971419861721943,0.18827394984885293,0.2086325163769292,0.13100087602902766
2057,0.35000000000000003,0.30871553099052734,0.05366292813744344,0.10971419861721943,0.18827394984885293,0.2086325163769292,0.13100087602902766
2057,0.36000000000000004,0.30871553099052734,0.05366292813744344,0.10971419861721943,0.18827394984885293,0.2086325163769292,0.13100087602902766
2057,0.37,0.30871553099052734,0.05366292813744344,0.10971419861721943,0.18827394984885293,0.2086325163769292,0.13100087602902766
2057,0.38,0.30871553099052734,0.05366292813744344,0.10971419861721943,0.18827394984885293,0.2086325163769292,0.13100087602902766
2057,0.39,0.30871553099052734,0.05366292813744344,0.10971419861721943,0.18827394984885293,0.2086325163769292,0.13100087602902766
2057,0.4,0.30871553099052734,0.05366292813744344,0.10971419861721943,0.18827394984885293,0.2086325163769292,0.13100087602902766
2057,0.41000000000000003,0.30871553099052734,0.05366292813744344,0.10971419861721943,0.18827394984885293,0.2086325163769292,0.13100087602902766
2057,0.42000000000000004,0.30871553099052734,0.05366292813744344,0.10971419861721943,0.18827394984885293,0.2086325163769292,0.13100087602902766
2057,0.43,0.30871553099052734,0.05366292813744344,0.10971419861721943,0.18827394984885293,0.2086325163769292,0.13100087602902766
2057,0.44,0.30871553099052734,0.05366292813744344,0.10971419861721943,0.18827394984885293,0.2086325163769292,0.13100087602902766
2057,0.45,0.30871553099052734,0.05366292813744344,0.10971419861721943,0.18827394984885293,0.2086325163769292,0.13100087602902766
2057,0.46,0.30871553099052734,0.05366292813744344,0.10971419861721943,0.18827394984885293,0.2086325163769292,0.13100087602902766
2057,0.47000000000000003,0.30871553099052734,0.05366292813744344,0.10971419861721943,0.18827394984885293,0.2086325163769292,0.13100087602902766
2057,0.48000000000000004,0.30871553099052734,0.05366292813744344,0.10971419861721943,0.18827394984885293,0.2086325163769292,0.13100087602902766
2057,0.49,0.30871553099052734,0.05366292813744344,0.10971419861721943,0.18827394984885293,0.2086325163769292,0.13100087602902766
2057,0.5,0.30871553099052734,0.05366292813744344,0.10971419861721943,0.18827394984885293,0.2086325163769292,0.13100087602902766
2057,0.51,0.30871553099052734,0.05366292813744344,0.10971419861721943,0.18827394984885293,0.2086325163769292,0.13100087602902766
2057,0.52,0.30871553099052734,0.05366292813744344,0.10971419861721943,0.18827394984885293,0.2086325163769292,0.13100087602902766
2057,0.53,0.30871553099052734,0.05366292813744344,0.10971419861721943,0.18827394984885293,0.2086325163769292,0.13100087602902766
2057,0.54,0.30871553099052734,0.05366292813744344,0.10971419861721943,0.18827394984885293,0.2086325163769292,0.13100087602902766
2057,0.55,0.30871553099052734,0.05366292813744344,0.10971419861721943,0.18827394984885293,0.2086325163769292,0.13100087602902766
2057,0.56,0.30871553099052734,0.05366292813744344,0.10971419861721943,0.18827394984885293,0.2086325163769292,0.13100087602902766
2057,0.5700000000000001,0.30871553099052734,0.05366292813744344,0.10971419861721943,0.18827394984885293,0.2086325163769292,0.13100087602902766
2057,0.5800000000000001,0.30871553099052734,0.05366292813744344,0.10971419861721943,0.18827394984885293,0.2086325163769292,0.13100087602902766
2057,0.59,0.30871553099052734,0.05366292813744344,0.10971419861721943,0.18827394984885293,0.2086325163769292,0.13100087602902766
2057,0.6,0.30871553099052734,0.05366292813744344,0.10971419861721943,0.18827394984885293,0.2086325163769292,0.13100087602902766
2057,0.61,0.30871553099052734,0.05366292813744344,0.10971419861721943,0.18827394984885293,0.2086325163769292,0.13100087602902766
2057,0.62,0.30871553099052734,0.05366292813744344,0.10971419861721943,0.18827394984885293,0.2086325163769292,0.13100087602902766
2057,0.63,0.30871553099052734,0.05366292813744344,0.10971419861721943,0.18827394984885293,0.2086325163769292,0.13100087602902766
2057,0.64,0.30871553099052734,0.05366292813744344,0.10971419861721943,0.18827394984885293,0.2086325163769292,0.13100087602902766
2057,0.65,0.30871553099052734,0.05366292813744344,0.10971419861721943,0.18827394984885293,0.2086325163769292,0.13100087602902766
2057,0.66,0.30871553099052734,0.05366292813744344,0.10971419861721943,0.18827394984885293,0.2086325163769292,0.13100087602902766
2057,0.67,0.30871553099052734,0.05366292813744344,0.10971419861721943,0.18827394984885293,0.2086325163769292,0.13100087602902766
2057,0.68,0.30871553099052734,0.05366292813744344,0.10971419861721943,0.18827394984885293,0.2086325163769292,0.13100087602902766
2057,0.6900000000000001,0.30871553099052734,0.05366292813744344,0.10971419861721943,0.18827394984885293,0.2086325163769292,0.13100087602902766
2057,0.7000000000000001,0.30871553099052734,0.05366292813744344,0.10971419861721943,0.18827394984885293,0.2086325163769292,0.13100087602902766
2057,0.7100000000000001,0.30871553099052734,0.05366292813744344,0.10971419861721943,0.18827394984885293,0.2086325163769292,0.13100087602902766
2057,0.72,0.30871553099052734,0.05366292813744344,0.10971419861721943,0.18827394984885293,0.2086325163769292,0.13100087602902766
2057,0.73,0.30871553099052734,0.05366292813744344,0.10971419861721943,0.18827394984885293,0.2086325163769292,0.13100087602902766
2057,0.74,0.30871553099052734,0.05366292813744344,0.10971419861721943,0.18827394984885293,0.2086325163769292,0.13100087602902766
2057,0.75,0.30871553099052734,0.05366292813744344,0.10971419861721943,0.18827394984885293,0.2086325163769292,0.13100087602902766
2057,0.76,0.30871553099052734,0.05366292813744344,0.10971419861721943,0.18827394984885293,0.2086325163769292,0.13100087602902766
2057,0.77,0.30871553099052734,0.05366292813744344,0.10971419861721943,0.18827394984885293,0.2086325163769292,0.13100087602902766
2057,0.78,0.30871553099052734,0.05366292813744344,0.10971419861721943,0.18827394984885293,0.2086325163769292,0.13100087602902766
2057,0.79,0.30871553099052734,0.05366292813744344,0.10971419861721943,0.18827394984885293,0.2086325163769292,0.13100087602902766
2057,0.8,0.30871553099052734,0.05366292813744344,0.10971419861721943,0.18827394984885293,0.2086325163769292,0.13100087602902766
2057,0.81,0.30871553099052734,0.05366292813744344,0.10971419861721943,0.18827394984885293,0.2086325163769292,0.13100087602902766
2057,0.8200000000000001,0.30871553099052734,0.05366292813744344,0.10971419861721943,0.18827394984885293,0.2086325163769292,0.13100087602902766
2057,0.8300000000000001,0.30871553099052734,0.05366292813744344,0.10971419861721943,0.18827394984885293,0.2086325163769292,0.13100087602902766
2057,0.8400000000000001,0.30871553099052734,0.05366292813744344,0.10971419861721943,0.18827394984885293,0.2086325163769292,0.13100087602902766
2057,0.85,0.30871553099052734,0.05366292813744344,0.10971419861721943,0.18827394984885293,0.2086325163769292,0.13100087602902766
2057,0.86,0.30871553099052734,0.05366292813744344,0.10971419861721943,0.18827394984885293,0.2086325163769292,0.13100087602902766
2057,0.87,0.30871553099052734,0.05366292813744344,0.10971419861721943,0.18827394984885293,0.2086325163769292,0.13100087602902766
2057,0.88,0.30871553099052734,0.05366292813744344,0.10971419861721943,0.18827394984885293,0.2086325163769292,0.13100087602902766
2057,0.89,0.30871553099052734,0.05366292813744344,0.10971419861721943,0.18827394984885293,0.2086325163769292,0.13100087602902766
2057,0.9,0.30871553099052734,0.05366292813744344,0.10971419861721943,0.18827394984885293,0.2086325163769292,0.13100087602902766
2057,0.91,0.30871647349561654,0.053662909406846614,0.10971389692402152,0.18827393111838606,0.20863221468373183,0.1310005743713993
2057,0.92,0.30871553099052734,0.05366292813744344,0.10971419861721943,0.18827394984885293,0.2086325163769292,0.13100087602902766
2057,0.93,0.30871553099052734,0.05366292813744344,0.10971419861721943,0.18827394984885293,0.2086325163769292,0.13100087602902766
2057,0.9400000000000001,0.30871553099052734,0.05366292813744344,0.10971419861721943,0.18827394984885293,0.2086325163769292,0.13100087602902766
2057,0.9500000000000001,0.30871553099052734,0.05366292813744344,0.10971419861721943,0.18827394984885293,0.2086325163769292,0.13100087602902766
2057,0.9600000000000001,0.30871553099052734,0.05366292813744344,0.10971419861721943,0.18827394984885293,0.2086325163769292,0.13100087602902766
2057,0.97,0.30871553099052734,0.05366292813744344,0.10971419861721943,0.18827394984885293,0.2086325163769292,0.13100087602902766
2057,0.98,0.30871553099052734,0.05366292813744344,0.10971419861721943,0.18827394984885293,0.2086325163769292,0.13100087602902766
2057,0.99,0.30871553099052734,0.05366292813744344,0.10971419861721943,0.18827394984885293,0.2086325163769292,0.13100087602902766
2057,1.0,0.30871553099052734,0.05366292813744344,0.10971419861721943,0.18827394984885293,0.2086325163769292,0.13100087602902766
2058,0.01,0.26590877198785146,0.3184307619212564,0.014673893122705343,0.13438200972947312,0.04087987163692526,0.2257246916017884
2058,0.02,0.26590877198785146,0.3184307619212564,0.014673893122705343,0.13438200972947312,0.04087987163692526,0.2257246916017884
2058,0.03,0.26590877198785146,0.3184307619212564,0.014673893122705343,0.13438200972947312,0.04087987163692526,0.2257246916017884
2058,0.04,0.26590877198785146,0.3184307619212564,0.014673893122705343,0.13438200972947312,0.04087987163692526,0.2257246916017884
2058,0.05,0.26590877198785146,0.3184307619212564,0.014673893122705343,0.13438200972947312,0.04087987163692526,0.2257246916017884
2058,0.060000000000000005,0.26590877198785146,0.3184307619212564,0.014673893122705343,0.13438200972947312,0.04087987163692526,0.2257246916017884
2058,0.06999999999999999,0.26590877198785146,0.3184307619212564,0.014673893122705343,0.13438200972947312,0.04087987163692526,0.2257246916017884
2058,0.08,0.26590877198785146,0.3184307619212564,0.014673893122705343,0.13438200972947312,0.04087987163692526,0.2257246916017884
2058,0.09,0.26590877198785146,0.3184307619212564,0.014673893122705343,0.13438200972947312,0.04087987163692526,0.2257246916017884
2058,0.09999999999999999,0.26590877198785146,0.3184307619212564,0.014673893122705343,0.13438200972947312,0.04087987163692526,0.2257246916017884
2058,0.11,0.26590877198785146,0.3184307619212564,0.014673893122705343,0.13438200972947312,0.04087987163692526,0.2257246916017884
2058,0.12,0.26590877198785146,0.3184307619212564,0.014673893122705343,0.13438200972947312,0.04087987163692526,0.2257246916017884
2058,0.13,0.26590877198785146,0.3184307619212564,0.014673893122705343,0.13438200972947312,0.04087987163692526,0.2257246916017884
2058,0.14,0.26590877198785146,0.3184307619212564,0.014673893122705343,0.13438200972947312,0.04087987163692526,0.2257246916017884
2058,0.15000000000000002,0.26590877198785146,0.3184307619212564,0.014673893122705343,0.13438200972947312,0.04087987163692526,0.2257246916017884
2058,0.16,0.26590877198785146,0.3184307619212564,0.014673893122705343,0.13438200972947312,0.04087987163692526,0.2257246916017884
2058,0.17,0.26590877198785146,0.3184307619212564,0.014673893122705343,0.13438200972947312,0.04087987163692526,0.2257246916017884
2058,0.18000000000000002,0.26590877198785146,0.3184307619212564,0.014673893122705343,0.13438200972947312,0.04087987163692526,0.2257246916017884
2058,0.19,0.26590877198785146,0.3184307619212564,0.014673893122705343,0.13438200972947312,0.04087987163692526,0.2257246916017884
2058,0.2,0.26590877198785146,0.3184307619212564,0.014673893122705343,0.13438200972947312,0.04087987163692526,0.2257246916017884
2058,0.21000000000000002,0.26590877198785146,0.3184307619212564,0.014673893122705343,0.13438200972947312,0.04087987163692526,0.2257246916017884
2058,0.22,0.26590877198785146,0.3184307619212564,0.014673893122705343,0.13438200972947312,0.04087987163692526,0.2257246916017884
2058,0.23,0.26590877198785146,0.3184307619212564,0.014673893122705343,0.13438200972947312,0.04087987163692526,0.2257246916017884
2058,0.24000000000000002,0.26590877198785146,0.3184307619212564,0.014673893122705343,0.13438200972947312,0.04087987163692526,0.2257246916017884
2058,0.25,0.26590877198785146,0.3184307619212564,0.014673893122705343,0.13438200972947312,0.04087987163692526,0.2257246916017884
2058,0.26,0.26590877198785146,0.3184307619212564,0.014673893122705343,0.13438200972947312,0.04087987163692526,0.2257246916017884
2058,0.27,0.26590877198785146,0.3184307619212564,0.014673893122705343,0.13438200972947312,0.04087987163692526,0.2257246916017884
2058,0.28,0.26590877198785146,0.3184307619212564,0.014673893122705343,0.13438200972947312,0.04087987163692526,0.2257246916017884
2058,0.29000000000000004,0.26590877198785146,0.3184307619212564,0.014673893122705343,0.13438200972947312,0.04087987163692526,0.2257246916017884
2058,0.3,0.26590877198785146,0.3184307619212564,0.014673893122705343,0.13438200972947312,0.04087987163692526,0.2257246916017884
2058,0.31,0.26590877198785146,0.3184307619212564,0.014673893122705343,0.13438200972947312,0.04087987163692526,0.2257246916017884
2058,0.32,0.26590877198785146,0.3184307619212564,0.014673893122705343,0.13438200972947312,0.04087987163692526,0.2257246916017884
2058,0.33,0.26590877198785146,0.3184307619212564,0.014673893122705343,0.13438200972947312,0.04087987163692526,0.2257246916017884
2058,0.34,0.26590877198785146,0.3184307619212564,0.014673893122705343,0.13438200972947312,0.04087987163692526,0.2257246916017884
2058,0.35000000000000003,0.26590877198785146,0.3184307619212564,0.014673893122705343,0.13438200972947312,0.04087987163692526,0.2257246916017884
2058,0.36000000000000004,0.26590877198785146,0.3184307619212564,0.014673893122705343,0.13438200972947312,0.04087987163692526,0.2257246916017884
2058,0.37,0.26590877198785146,0.3184307619212564,0.014673893122705343,0.13438200972947312,0.04087987163692526,0.2257246916017884
2058,0.38,0.26590877198785146,0.3184307619212564,0.014673893122705343,0.13438200972947312,0.04087987163692526,0.2257246916017884
2058,0.39,0.26590877198785146,0.3184307619212564,0.014673893122705343,0.13438200972947312,0.04087987163692526,0.2257246916017884
2058,0.4,0.26590877198785146,0.3184307619212564,0.014673893122705343,0.13438200972947312,0.04087987163692526,0.2257246916017884
2058,0.41000000000000003,0.26590877198785146,0.3184307619212564,0.014673893122705343,0.13438200972947312,0.04087987163692526,0.2257246916017884
2058,0.42000000000000004,0.26590877198785146,0.3184307619212564,0.014673893122705343,0.13438200972947312,0.04087987163692526,0.2257246916017884
2058,0.43,0.26590877198785146,0.3184307619212564,0.014673893122705343,0.13438200972947312,0.04087987163692526,0.2257246916017884
2058,0.44,0.26590877198785146,0.3184307619212564,0.014673893122705343,0.13438200972947312,0.04087987163692526,0.2257246916017884
2058,0.45,0.26590877198785146,0.3184307619212564,0.014673893122705343,0.13438200972947312,0.04087987163692526,0.2257246916017884
2058,0.46,0.26590877198785146,0.3184307619212564,0.014673893122705343,0.13438200972947312,0.04087987163692526,0.2257246916017884
2058,0.47000000000000003,0.26590877198785146,0.3184307619212564,0.014673893122705343,0.13438200972947312,0.04087987163692526,0.2257246916017884
2058,0.48000000000000004,0.26590877198785146,0.3184307619212564,0.014673893122705343,0.13438200972947312,0.04087987163692526,0.2257246916017884
2058,0.49,0.26590877198785146,0.3184307619212564,0.014673893122705343,0.13438200972947312,0.04087987163692526,0.2257246916017884
2058,0.5,0.26590877198785146,0.3184307619212564,0.014673893122705343,0.13438200972947312,0.04087987163692526,0.2257246916017884
2058,0.51,0.26590877198785146,0.3184307619212564,0.014673893122705343,0.13438200972947312,0.04087987163692526,0.2257246916017884
2058,0.52,0.26590877198785146,0.3184307619212564,0.014673893122705343,0.13438200972947312,0.04087987163692526,0.2257246916017884
2058,0.53,0.26590877198785146,0.3184307619212564,0.014673893122705343,0.13438200972947312,0.04087987163692526,0.2257246916017884
2058,0.54,0.26590877198785146,0.3184307619212564,0.014673893122705343,0.13438200972947312,0.04087987163692526,0.2257246916017884
2058,0.55,0.26590877198785146,0.3184307619212564,0.014673893122705343,0.13438200972947312,0.04087987163692526,0.2257246916017884
2058,0.56,0.26590877198785146,0.3184307619212564,0.014673893122705343,0.13438200972947312,0.04087987163692526,0.2257246916017884
2058,0.5700000000000001,0.26590877198785146,0.3184307619212564,0.014673893122705343,0.13438200972947312,0.04087987163692526,0.2257246916017884
2058,0.5800000000000001,0.26590877198785146,0.3184307619212564,0.014673893122705343,0.13438200972947312,0.04087987163692526,0.2257246916017884
2058,0.59,0.26590877198785146,0.3184307619212564,0.014673893122705343,0.13438200972947312,0.04087987163692526,0.2257246916017884
2058,0.6,0.26590877198785146,0.3184307619212564,0.014673893122705343,0.13438200972947312,0.04087987163692526,0.2257246916017884
2058,0.61,0.26590877198785146,0.3184307619212564,0.014673893122705343,0.13438200972947312,0.04087987163692526,0.2257246916017884
2058,0.62,0.26590877198785146,0.3184307619212564,0.014673893122705343,0.13438200972947312,0.04087987163692526,0.2257246916017884
2058,0.63,0.26590877198785146,0.3184307619212564,0.014673893122705343,0.13438200972947312,0.04087987163692526,0.2257246916017884
2058,0.64,0.26590877198785146,0.3184307619212564,0.014673893122705343,0.13438200972947312,0.04087987163692526,0.2257246916017884
2058,0.65,0.26590877198785146,0.3184307619212564,0.014673893122705343,0.13438200972947312,0.04087987163692526,0.2257246916017884
2058,0.66,0.26590877198785146,0.3184307619212564,0.014673893122705343,0.13438200972947312,0.04087987163692526,0.2257246916017884
2058,0.67,0.26590877198785146,0.3184307619212564,0.014673893122705343,0.13438200972947312,0.04087987163692526,0.2257246916017884
2058,0.68,0.26590877198785146,0.3184307619212564,0.014673893122705343,0.13438200972947312,0.04087987163692526,0.2257246916017884
2058,0.6900000000000001,0.26590877198785146,0.3184307619212564,0.014673893122705343,0.13438200972947312,0.04087987163692526,0.2257246916017884
2058,0.7000000000000001,0.26590877198785146,0.3184307619212564,0.014673893122705343,0.13438200972947312,0.04087987163692526,0.2257246916017884
2058,0.7100000000000001,0.26590877198785146,0.3184307619212564,0.014673893122705343,0.13438200972947312,0.04087987163692526,0.2257246916017884
2058,0.72,0.26590877198785146,0.3184307619212564,0.014673893122705343,0.13438200972947312,0.04087987163692526,0.2257246916017884
2058,0.73,0.26590877198785146,0.3184307619212564,0.014673893122705343,0.13438200972947312,0.04087987163692526,0.2257246916017884
2058,0.74,0.26590877198785146,0.3184307619212564,0.014673893122705343,0.13438200972947312,0.04087987163692526,0.2257246916017884
2058,0.75,0.26590877198785146,0.3184307619212564,0.014673893122705343,0.13438200972947312,0.04087987163692526,0.2257246916017884
2058,0.76,0.26590877198785146,0.3184307619212564,0.014673893122705343,0.13438200972947312,0.04087987163692526,0.2257246916017884
2058,0.77,0.26590877198785146,0.3184307619212564,0.014673893122705343,0.13438200972947312,0.04087987163692526,0.2257246916017884
2058,0.78,0.26590877198785146,0.3184307619212564,0.014673893122705343,0.13438200972947312,0.04087987163692526,0.2257246916017884
2058,0.79,0.26590877198785146,0.3184307619212564,0.014673893122705343,0.13438200972947312,0.04087987163692526,0.2257246916017884
2058,0.8,0.26590877198785146,0.3184307619212564,0.014673893122705343,0.13438200972947312,0.04087987163692526,0.2257246916017884
2058,0.81,0.26590877198785146,0.3184307619212564,0.014673893122705343,0.13438200972947312,0.04087987163692526,0.2257246916017884
2058,0.8200000000000001,0.26590877198785146,0.3184307619212564,0.014673893122705343,0.13438200972947312,0.04087987163692526,0.2257246916017884
2058,0.8300000000000001,0.26590877198785146,0.3184307619212564,0.014673893122705343,0.13438200972947312,0.04087987163692526,0.2257246916017884
2058,0.8400000000000001,0.26590877198785146,0.3184307619212564,0.014673893122705343,0.13438200972947312,0.04087987163692526,0.2257246916017884
2058,0.85,0.26590877198785146,0.3184307619212564,0.014673893122705343,0.13438200972947312,0.04087987163692526,0.2257246916017884
2058,0.86,0.26590877198785146,0.3184307619212564,0.014673893122705343,0.13438200972947312,0.04087987163692526,0.2257246916017884
2058,0.87,0.26590877198785146,0.3184307619212564,0.014673893122705343,0.13438200972947312,0.04087987163692526,0.2257246916017884
2058,0.88,0.26590877198785146,0.3184307619212564,0.014673893122705343,0.13438200972947312,0.04087987163692526,0.2257246916017884
2058,0.89,0.26590877198785146,0.3184307619212564,0.014673893122705343,0.13438200972947312,0.04087987163692526,0.2257246916017884
2058,0.9,0.26590877198785146,0.3184307619212564,0.014673893122705343,0.13438200972947312,0.04087987163692526,0.2257246916017884
2058,0.91,0.26590877198785146,0.3184307619212564,0.014673893122705343,0.13438200972947312,0.04087987163692526,0.2257246916017884
2058,0.92,0.26590877198785146,0.3184307619212564,0.014673893122705343,0.13438200972947312,0.04087987163692526,0.2257246916017884
2058,0.93,0.26590877198785146,0.3184307619212564,0.014673893122705343,0.13438200972947312,0.04087987163692526,0.2257246916017884
2058,0.9400000000000001,0.26590894563797224,0.3184309355713772,0.01467380629745673,0.13438192290467638,0.04087978481152603,0.22572460477699166
2058,0.9500000000000001,0.26590877198785146,0.3184307619212564,0.014673893122705343,0.13438200972947312,0.04087987163692526,0.2257246916017884
2058,0.9600000000000001,0.26590877198785146,0.3184307619212564,0.014673893122705343,0.13438200972947312,0.04087987163692526,0.2257246916017884
2058,0.97,0.26598278727377916,0.3185047772071841,0.014636885399491562,0.13434500219892048,0.04084286384958095,0.22568768407123577
2058,0.98,0.26590877198785146,0.3184307619212564,0.014673893122705343,0.13438200972947312,0.04087987163692526,0.2257246916017884
2058,0.99,0.26598278727377916,0.3185047772071841,0.014636885399491562,0.13434500219892048,0.04084286384958095,0.22568768407123577
2058,1.0,0.26590877198785146,0.3184307619212564,0.014673893122705343,0.13438200972947312,0.04087987163692526,0.2257246916017884
2059,0.01,0.12298577364992455,0.23844181764867775,0.23107983130973192,0.12323396302470858,0.14692542782599974,0.13733318654095736
2059,0.02,0.12298577364992455,0.23844181764867775,0.23107983130973192,0.12323396302470858,0.14692542782599974,0.13733318654095736
2059,0.03,0.12298577364992455,0.23844181764867775,0.23107983130973192,0.12323396302470858,0.14692542782599974,0.13733318654095736
2059,0.04,0.12298577364992455,0.23844181764867775,0.23107983130973192,0.12323396302470858,0.14692542782599974,0.13733318654095736
2059,0.05,0.12298577364992455,0.23844181764867775,0.23107983130973192,0.12323396302470858,0.14692542782599974,0.13733318654095736
2059,0.060000000000000005,0.12298577364992455,0.23844181764867775,0.23107983130973192,0.12323396302470858,0.14692542782599974,0.13733318654095736
2059,0.06999999999999999,0.12298577364992455,0.23844181764867775,0.23107983130973192,0.12323396302470858,0.14692542782599974,0.13733318654095736
2059,0.08,0.12298577364992455,0.23844181764867775,0.23107983130973192,0.12323396302470858,0.14692542782599974,0.13733318654095736
2059,0.09,0.12298577364992455,0.23844181764867775,0.23107983130973192,0.12323396302470858,0.14692542782599974,0.13733318654095736
2059,0.09999999999999999,0.12298577364992455,0.23844181764867775,0.23107983130973192,0.12323396302470858,0.14692542782599974,0.13733318654095736
2059,0.11,0.12298577364992455,0.23844181764867775,0.23107983130973192,0.12323396302470858,0.14692542782599974,0.13733318654095736
2059,0.12,0.12298577364992455,0.23844181764867775,0.23107983130973192,0.12323396302470858,0.14692542782599974,0.13733318654095736
2059,0.13,0.12298577364992455,0.23844181764867775,0.23107983130973192,0.12323396302470858,0.14692542782599974,0.13733318654095736
2059,0.14,0.12298577364992455,0.23844181764867775,0.23107983130973192,0.12323396302470858,0.14692542782599974,0.13733318654095736
2059,0.15000000000000002,0.12298577364992455,0.23844181764867775,0.23107983130973192,0.12323396302470858,0.14692542782599974,0.13733318654095736
2059,0.16,0.12298577364992455,0.23844181764867775,0.23107983130973192,0.12323396302470858,0.14692542782599974,0.13733318654095736
2059,0.17,0.12298577364992455,0.23844181764867775,0.23107983130973192,0.12323396302470858,0.14692542782599974,0.13733318654095736
2059,0.18000000000000002,0.12298577364992455,0.23844181764867775,0.23107983130973192,0.12323396302470858,0.14692542782599974,0.13733318654095736
2059,0.19,0.12298577364992455,0.23844181764867775,0.23107983130973192,0.12323396302470858,0.14692542782599974,0.13733318654095736
2059,0.2,0.12298577364992455,0.23844181764867775,0.23107983130973192,0.12323396302470858,0.14692542782599974,0.13733318654095736
2059,0.21000000000000002,0.12298577364992455,0.23844181764867775,0.23107983130973192,0.12323396302470858,0.14692542782599974,0.13733318654095736
2059,0.22,0.12298577364992455,0.23844181764867775,0.23107983130973192,0.12323396302470858,0.14692542782599974,0.13733318654095736
2059,0.23,0.12298577364992455,0.23844181764867775,0.23107983130973192,0.12323396302470858,0.14692542782599974,0.13733318654095736
2059,0.24000000000000002,0.12298577364992455,0.23844181764867775,0.23107983130973192,0.12323396302470858,0.14692542782599974,0.13733318654095736
2059,0.25,0.12298577364992455,0.23844181764867775,0.23107983130973192,0.12323396302470858,0.14692542782599974,0.13733318654095736
2059,0.26,0.12298577364992455,0.23844181764867775,0.23107983130973192,0.12323396302470858,0.14692542782599974,0.13733318654095736
2059,0.27,0.12298577364992455,0.23844181764867775,0.23107983130973192,0.12323396302470858,0.14692542782599974,0.13733318654095736
2059,0.28,0.12298577364992455,0.23844181764867775,0.23107983130973192,0.12323396302470858,0.14692542782599974,0.13733318654095736
2059,0.29000000000000004,0.12298577364992455,0.23844181764867775,0.23107983130973192,0.12323396302470858,0.14692542782599974,0.13733318654095736
2059,0.3,0.12298577364992455,0.23844181764867775,0.23107983130973192,0.12323396302470858,0.14692542782599974,0.13733318654095736
2059,0.31,0.12298577364992455,0.23844181764867775,0.23107983130973192,0.12323396302470858,0.14692542782599974,0.13733318654095736
2059,0.32,0.12298577364992455,0.23844181764867775,0.23107983130973192,0.12323396302470858,0.14692542782599974,0.13733318654095736
2059,0.33,0.12298577364992455,0.23844181764867775,0.23107983130973192,0.12323396302470858,0.14692542782599974,0.13733318654095736
2059,0.34,0.12298577364992455,0.23844181764867775,0.23107983130973192,0.12323396302470858,0.14692542782599974,0.13733318654095736
2059,0.35000000000000003,0.12298577364992455,0.23844181764867775,0.23107983130973192,0.12323396302470858,0.14692542782599974,0.13733318654095736
2059,0.36000000000000004,0.12298577364992455,0.23844181764867775,0.23107983130973192,0.12323396302470858,0.14692542782599974,0.13733318654095736
2059,0.37,0.12298577364992455,0.23844181764867775,0.23107983130973192,0.12323396302470858,0.14692542782599974,0.13733318654095736
2059,0.38,0.12298577364992455,0.23844181764867775,0.23107983130973192,0.12323396302470858,0.14692542782599974,0.13733318654095736
2059,0.39,0.12298577364992455,0.23844181764867775,0.23107983130973192,0.12323396302470858,0.14692542782599974,0.13733318654095736
2059,0.4,0.12298577364992455,0.23844181764867775,0.23107983130973192,0.12323396302470858,0.14692542782599974,0.13733318654095736
2059,0.41000000000000003,0.12298577364992455,0.23844181764867775,0.23107983130973192,0.12323396302470858,0.14692542782599974,0.13733318654095736
2059,0.42000000000000004,0.12298577364992455,0.23844181764867775,0.23107983130973192,0.12323396302470858,0.14692542782599974,0.13733318654095736
2059,0.43,0.12298577364992455,0.23844181764867775,0.23107983130973192,0.12323396302470858,0.14692542782599974,0.13733318654095736
2059,0.44,0.12298577364992455,0.23844181764867775,0.23107983130973192,0.12323396302470858,0.14692542782599974,0.13733318654095736
2059,0.45,0.12298577364992455,0.23844181764867775,0.23107983130973192,0.12323396302470858,0.14692542782599974,0.13733318654095736
2059,0.46,0.12298577364992455,0.23844181764867775,0.23107983130973192,0.12323396302470858,0.14692542782599974,0.13733318654095736
2059,0.47000000000000003,0.12298577364992455,0.23844181764867775,0.23107983130973192,0.12323396302470858,0.14692542782599974,0.13733318654095736
2059,0.48000000000000004,0.12298577364992455,0.23844181764867775,0.23107983130973192,0.12323396302470858,0.14692542782599974,0.13733318654095736
2059,0.49,0.12298577364992455,0.23844181764867775,0.23107983130973192,0.12323396302470858,0.14692542782599974,0.13733318654095736
2059,0.5,0.12298577364992455,0.23844181764867775,0.23107983130973192,0.12323396302470858,0.14692542782599974,0.13733318654095736
2059,0.51,0.12298577364992455,0.23844181764867775,0.23107983130973192,0.12323396302470858,0.14692542782599974,0.13733318654095736
2059,0.52,0.12298577364992455,0.23844181764867775,0.23107983130973192,0.12323396302470858,0.14692542782599974,0.13733318654095736
2059,0.53,0.12298577364992455,0.23844181764867775,0.23107983130973192,0.12323396302470858,0.14692542782599974,0.13733318654095736
2059,0.54,0.12298577364992455,0.23844181764867775,0.23107983130973192,0.12323396302470858,0.14692542782599974,0.13733318654095736
2059,0.55,0.12298577364992455,0.23844181764867775,0.23107983130973192,0.12323396302470858,0.14692542782599974,0.13733318654095736
2059,0.56,0.12298577364992455,0.23844181764867775,0.23107983130973192,0.12323396302470858,0.14692542782599974,0.13733318654095736
2059,0.5700000000000001,0.12298577364992455,0.23844181764867775,0.23107983130973192,0.12323396302470858,0.14692542782599974,0.13733318654095736
2059,0.5800000000000001,0.12298577364992455,0.23844181764867775,0.23107983130973192,0.12323396302470858,0.14692542782599974,0.13733318654095736
2059,0.59,0.12298577364992455,0.23844181764867775,0.23107983130973192,0.12323396302470858,0.14692542782599974,0.13733318654095736
2059,0.6,0.12298577364992455,0.23844181764867775,0.23107983130973192,0.12323396302470858,0.14692542782599974,0.13733318654095736
2059,0.61,0.12298577364992455,0.23844181764867775,0.23107983130973192,0.12323396302470858,0.14692542782599974,0.13733318654095736
2059,0.62,0.12298577364992455,0.23844181764867775,0.23107983130973192,0.12323396302470858,0.14692542782599974,0.13733318654095736
2059,0.63,0.12298577364992455,0.23844181764867775,0.23107983130973192,0.12323396302470858,0.14692542782599974,0.13733318654095736
2059,0.64,0.12298577364992455,0.23844181764867775,0.23107983130973192,0.12323396302470858,0.14692542782599974,0.13733318654095736
2059,0.65,0.12298577364992455,0.23844181764867775,0.23107983130973192,0.12323396302470858,0.14692542782599974,0.13733318654095736
2059,0.66,0.12298577364992455,0.23844181764867775,0.23107983130973192,0.12323396302470858,0.14692542782599974,0.13733318654095736
2059,0.67,0.12298577364992455,0.23844181764867775,0.23107983130973192,0.12323396302470858,0.14692542782599974,0.13733318654095736
2059,0.68,0.12298577364992455,0.23844181764867775,0.23107983130973192,0.12323396302470858,0.14692542782599974,0.13733318654095736
2059,0.6900000000000001,0.12298577364992455,0.23844181764867775,0.23107983130973192,0.12323396302470858,0.14692542782599974,0.13733318654095736
2059,0.7000000000000001,0.12298577364992455,0.23844181764867775,0.23107983130973192,0.12323396302470858,0.14692542782599974,0.13733318654095736
2059,0.7100000000000001,0.12298577364992455,0.23844181764867775,0.23107983130973192,0.12323396302470858,0.14692542782599974,0.13733318654095736
2059,0.72,0.12298577364992455,0.23844181764867775,0.23107983130973192,0.12323396302470858,0.14692542782599974,0.13733318654095736
2059,0.73,0.12298577364992455,0.23844181764867775,0.23107983130973192,0.12323396302470858,0.14692542782599974,0.13733318654095736
2059,0.74,0.12298577364992455,0.23844181764867775,0.23107983130973192,0.12323396302470858,0.14692542782599974,0.13733318654095736
2059,0.75,0.12298577364992455,0.23844181764867775,0.23107983130973192,0.12323396302470858,0.14692542782599974,0.13733318654095736
2059,0.76,0.12298577364992455,0.23844181764867775,0.23107983130973192,0.12323396302470858,0.14692542782599974,0.13733318654095736
2059,0.77,0.12298577364992455,0.23844181764867775,0.23107983130973192,0.12323396302470858,0.14692542782599974,0.13733318654095736
2059,0.78,0.12298577364992455,0.23844181764867775,0.23107983130973192,0.12323396302470858,0.14692542782599974,0.13733318654095736
2059,0.79,0.12298577364992455,0.23844181764867775,0.23107983130973192,0.12323396302470858,0.14692542782599974,0.13733318654095736
2059,0.8,0.12298577364992455,0.23844181764867775,0.23107983130973192,0.12323396302470858,0.14692542782599974,0.13733318654095736
2059,0.81,0.12298577364992455,0.23844181764867775,0.23107983130973192,0.12323396302470858,0.14692542782599974,0.13733318654095736
2059,0.8200000000000001,0.12298577364992455,0.23844181764867775,0.23107983130973192,0.12323396302470858,0.14692542782599974,0.13733318654095736
2059,0.8300000000000001,0.12298577364992455,0.23844181764867775,0.23107983130973192,0.12323396302470858,0.14692542782599974,0.13733318654095736
2059,0.8400000000000001,0.12298577364992455,0.23844181764867775,0.23107983130973192,0.12323396302470858,0.14692542782599974,0.13733318654095736
2059,0.85,0.12298577364992455,0.23844181764867775,0.23107983130973192,0.12323396302470858,0.14692542782599974,0.13733318654095736
2059,0.86,0.12298577364992455,0.23844181764867775,0.23107983130973192,0.12323396302470858,0.14692542782599974,0.13733318654095736
2059,0.87,0.12298577364992455,0.23844181764867775,0.23107983130973192,0.12323396302470858,0.14692542782599974,0.13733318654095736
2059,0.88,0.12298577364992455,0.23844181764867775,0.23107983130973192,0.12323396302470858,0.14692542782599974,0.13733318654095736
2059,0.89,0.12298577364992455,0.23844181764867775,0.23107983130973192,0.12323396302470858,0.14692542782599974,0.13733318654095736
2059,0.9,0.12298577364992455,0.23844181764867775,0.23107983130973192,0.12323396302470858,0.14692542782599974,0.13733318654095736
2059,0.91,0.12298577364992455,0.23844181764867775,0.23107983130973192,0.12323396302470858,0.14692542782599974,0.13733318654095736
2059,0.92,0.12298577364992455,0.23844181764867775,0.23107983130973192,0.12323396302470858,0.14692542782599974,0.13733318654095736
2059,0.93,0.12298577364992455,0.23844181764867775,0.23107983130973192,0.12323396302470858,0.14692542782599974,0.13733318654095736
2059,0.9400000000000001,0.12298577364992455,0.23844181764867775,0.23107983130973192,0.12323396302470858,0.14692542782599974,0.13733318654095736
2059,0.9500000000000001,0.12298577364992455,0.23844181764867775,0.23107983130973192,0.12323396302470858,0.14692542782599974,0.13733318654095736
2059,0.9600000000000001,0.12298577364992455,0.23844181764867775,0.23107983130973192,0.12323396302470858,0.14692542782599974,0.13733318654095736
2059,0.97,0.12298577364992455,0.23844181764867775,0.23107983130973192,0.12323396302470858,0.14692542782599974,0.13733318654095736
2059,0.98,0.12298577364992455,0.23844181764867775,0.23107983130973192,0.12323396302470858,0.14692542782599974,0.13733318654095736
2059,0.99,0.12298577364992455,0.23844181764867775,0.23107983130973192,0.12323396302470858,0.14692542782599974,0.13733318654095736
2059,1.0,0.12298577364992455,0.23844181764867775,0.23107983130973192,0.12323396302470858,0.14692542782599974,0.13733318654095736
2060,0.01,0.17033224826430965,0.13811963788251952,0.23064152565297574,0.17141566272577596,0.25962522485309086,0.02986570062132827
2060,0.02,0.17033224826430965,0.13811963788251952,0.23064152565297574,0.17141566272577596,0.25962522485309086,0.02986570062132827
2060,0.03,0.17033224826430965,0.13811963788251952,0.23064152565297574,0.17141566272577596,0.25962522485309086,0.02986570062132827
2060,0.04,0.17033224826430965,0.13811963788251952,0.23064152565297574,0.17141566272577596,0.25962522485309086,0.02986570062132827
2060,0.05,0.17033224826430965,0.13811963788251952,0.23064152565297574,0.17141566272577596,0.25962522485309086,0.02986570062132827
2060,0.060000000000000005,0.17033224826430965,0.13811963788251952,0.23064152565297574,0.17141566272577596,0.25962522485309086,0.02986570062132827
2060,0.06999999999999999,0.17033224826430965,0.13811963788251952,0.23064152565297574,0.17141566272577596,0.25962522485309086,0.02986570062132827
2060,0.08,0.17033224826430965,0.13811963788251952,0.23064152565297574,0.17141566272577596,0.25962522485309086,0.02986570062132827
2060,0.09,0.17033224826430965,0.13811963788251952,0.23064152565297574,0.17141566272577596,0.25962522485309086,0.02986570062132827
2060,0.09999999999999999,0.17033224826430965,0.13811963788251952,0.23064152565297574,0.17141566272577596,0.25962522485309086,0.02986570062132827
2060,0.11,0.17033224826430965,0.13811963788251952,0.23064152565297574,0.17141566272577596,0.25962522485309086,0.02986570062132827
2060,0.12,0.17033224826430965,0.13811963788251952,0.23064152565297574,0.17141566272577596,0.25962522485309086,0.02986570062132827
2060,0.13,0.17033224826430965,0.13811963788251952,0.23064152565297574,0.17141566272577596,0.25962522485309086,0.02986570062132827
2060,0.14,0.17033224826430965,0.13811963788251952,0.23064152565297574,0.17141566272577596,0.25962522485309086,0.02986570062132827
2060,0.15000000000000002,0.17033224826430965,0.13811963788251952,0.23064152565297574,0.17141566272577596,0.25962522485309086,0.02986570062132827
2060,0.16,0.17033224826430965,0.13811963788251952,0.23064152565297574,0.17141566272577596,0.25962522485309086,0.02986570062132827
2060,0.17,0.17033224826430965,0.13811963788251952,0.23064152565297574,0.17141566272577596,0.25962522485309086,0.02986570062132827
2060,0.18000000000000002,0.17033224826430965,0.13811963788251952,0.23064152565297574,0.17141566272577596,0.25962522485309086,0.02986570062132827
2060,0.19,0.17033224826430965,0.13811963788251952,0.23064152565297574,0.17141566272577596,0.25962522485309086,0.02986570062132827
2060,0.2,0.17033224826430965,0.13811963788251952,0.23064152565297574,0.17141566272577596,0.25962522485309086,0.02986570062132827
2060,0.21000000000000002,0.17033224826430965,0.13811963788251952,0.23064152565297574,0.17141566272577596,0.25962522485309086,0.02986570062132827
2060,0.22,0.17033224826430965,0.13811963788251952,0.23064152565297574,0.17141566272577596,0.25962522485309086,0.02986570062132827
2060,0.23,0.17033224826430965,0.13811963788251952,0.23064152565297574,0.17141566272577596,0.25962522485309086,0.02986570062132827
2060,0.24000000000000002,0.17033224826430965,0.13811963788251952,0.23064152565297574,0.17141566272577596,0.25962522485309086,0.02986570062132827
2060,0.25,0.17033224826430965,0.13811963788251952,0.23064152565297574,0.17141566272577596,0.25962522485309086,0.02986570062132827
2060,0.26,0.17033224826430965,0.13811963788251952,0.23064152565297574,0.17141566272577596,0.25962522485309086,0.02986570062132827
2060,0.27,0.17033224826430965,0.13811963788251952,0.23064152565297574,0.17141566272577596,0.25962522485309086,0.02986570062132827
2060,0.28,0.17033224826430965,0.13811963788251952,0.23064152565297574,0.17141566272577596,0.25962522485309086,0.02986570062132827
2060,0.29000000000000004,0.17033224826430965,0.13811963788251952,0.23064152565297574,0.17141566272577596,0.25962522485309086,0.02986570062132827
2060,0.3,0.17033224826430965,0.13811963788251952,0.23064152565297574,0.17141566272577596,0.25962522485309086,0.02986570062132827
2060,0.31,0.17033224826430965,0.13811963788251952,0.23064152565297574,0.17141566272577596,0.25962522485309086,0.02986570062132827
2060,0.32,0.17033224826430965,0.13811963788251952,0.23064152565297574,0.17141566272577596,0.25962522485309086,0.02986570062132827
2060,0.33,0.17033224826430965,0.13811963788251952,0.23064152565297574,0.17141566272577596,0.25962522485309086,0.02986570062132827
2060,0.34,0.17033224826430965,0.13811963788251952,0.23064152565297574,0.17141566272577596,0.25962522485309086,0.02986570062132827
2060,0.35000000000000003,0.17033224826430965,0.13811963788251952,0.23064152565297574,0.17141566272577596,0.25962522485309086,0.02986570062132827
2060,0.36000000000000004,0.17033224826430965,0.13811963788251952,0.23064152565297574,0.17141566272577596,0.25962522485309086,0.02986570062132827
2060,0.37,0.17033224826430965,0.13811963788251952,0.23064152565297574,0.17141566272577596,0.25962522485309086,0.02986570062132827
2060,0.38,0.17033224826430965,0.13811963788251952,0.23064152565297574,0.17141566272577596,0.25962522485309086,0.02986570062132827
2060,0.39,0.17033224826430965,0.13811963788251952,0.23064152565297574,0.17141566272577596,0.25962522485309086,0.02986570062132827
2060,0.4,0.17033224826430965,0.13811963788251952,0.23064152565297574,0.17141566272577596,0.25962522485309086,0.02986570062132827
2060,0.41000000000000003,0.17033224826430965,0.13811963788251952,0.23064152565297574,0.17141566272577596,0.25962522485309086,0.02986570062132827
2060,0.42000000000000004,0.17033224826430965,0.13811963788251952,0.23064152565297574,0.17141566272577596,0.25962522485309086,0.02986570062132827
2060,0.43,0.17033224826430965,0.13811963788251952,0.23064152565297574,0.17141566272577596,0.25962522485309086,0.02986570062132827
2060,0.44,0.17033224826430965,0.13811963788251952,0.23064152565297574,0.17141566272577596,0.25962522485309086,0.02986570062132827
2060,0.45,0.17033224826430965,0.13811963788251952,0.23064152565297574,0.17141566272577596,0.25962522485309086,0.02986570062132827
2060,0.46,0.17033224826430965,0.13811963788251952,0.23064152565297574,0.17141566272577596,0.25962522485309086,0.02986570062132827
2060,0.47000000000000003,0.17033224826430965,0.13811963788251952,0.23064152565297574,0.17141566272577596,0.25962522485309086,0.02986570062132827
2060,0.48000000000000004,0.17033224826430965,0.13811963788251952,0.23064152565297574,0.17141566272577596,0.25962522485309086,0.02986570062132827
2060,0.49,0.17033224826430965,0.13811963788251952,0.23064152565297574,0.17141566272577596,0.25962522485309086,0.02986570062132827
2060,0.5,0.17033224826430965,0.13811963788251952,0.23064152565297574,0.17141566272577596,0.25962522485309086,0.02986570062132827
2060,0.51,0.17033224826430965,0.13811963788251952,0.23064152565297574,0.17141566272577596,0.25962522485309086,0.02986570062132827
2060,0.52,0.17033224826430965,0.13811963788251952,0.23064152565297574,0.17141566272577596,0.25962522485309086,0.02986570062132827
2060,0.53,0.17033224826430965,0.13811963788251952,0.23064152565297574,0.17141566272577596,0.25962522485309086,0.02986570062132827
2060,0.54,0.17033224826430965,0.13811963788251952,0.23064152565297574,0.17141566272577596,0.25962522485309086,0.02986570062132827
2060,0.55,0.17033224826430965,0.13811963788251952,0.23064152565297574,0.17141566272577596,0.25962522485309086,0.02986570062132827
2060,0.56,0.17033224826430965,0.13811963788251952,0.23064152565297574,0.17141566272577596,0.25962522485309086,0.02986570062132827
2060,0.5700000000000001,0.17033224826430965,0.13811963788251952,0.23064152565297574,0.17141566272577596,0.25962522485309086,0.02986570062132827
2060,0.5800000000000001,0.17033224826430965,0.13811963788251952,0.23064152565297574,0.17141566272577596,0.25962522485309086,0.02986570062132827
2060,0.59,0.17033224826430965,0.13811963788251952,0.23064152565297574,0.17141566272577596,0.25962522485309086,0.02986570062132827
2060,0.6,0.17033224826430965,0.13811963788251952,0.23064152565297574,0.17141566272577596,0.25962522485309086,0.02986570062132827
2060,0.61,0.17033224826430965,0.13811963788251952,0.23064152565297574,0.17141566272577596,0.25962522485309086,0.02986570062132827
2060,0.62,0.17033224826430965,0.13811963788251952,0.23064152565297574,0.17141566272577596,0.25962522485309086,0.02986570062132827
2060,0.63,0.17033224826430965,0.13811963788251952,0.23064152565297574,0.17141566272577596,0.25962522485309086,0.02986570062132827
2060,0.64,0.17033224826430965,0.13811963788251952,0.23064152565297574,0.17141566272577596,0.25962522485309086,0.02986570062132827
2060,0.65,0.17033224826430965,0.13811963788251952,0.23064152565297574,0.17141566272577596,0.25962522485309086,0.02986570062132827
2060,0.66,0.17033224826430965,0.13811963788251952,0.23064152565297574,0.17141566272577596,0.25962522485309086,0.02986570062132827
2060,0.67,0.17033224826430965,0.13811963788251952,0.23064152565297574,0.17141566272577596,0.25962522485309086,0.02986570062132827
2060,0.68,0.17033224826430965,0.13811963788251952,0.23064152565297574,0.17141566272577596,0.25962522485309086,0.02986570062132827
2060,0.6900000000000001,0.17033224826430965,0.13811963788251952,0.23064152565297574,0.17141566272577596,0.25962522485309086,0.02986570062132827
2060,0.7000000000000001,0.17033224826430965,0.13811963788251952,0.23064152565297574,0.17141566272577596,0.25962522485309086,0.02986570062132827
2060,0.7100000000000001,0.17033224826430965,0.13811963788251952,0.23064152565297574,0.17141566272577596,0.25962522485309086,0.02986570062132827
2060,0.72,0.17033224826430965,0.13811963788251952,0.23064152565297574,0.17141566272577596,0.25962522485309086,0.02986570062132827
2060,0.73,0.17033224826430965,0.13811963788251952,0.23064152565297574,0.17141566272577596,0.25962522485309086,0.02986570062132827
2060,0.74,0.17033224826430965,0.13811963788251952,0.23064152565297574,0.17141566272577596,0.25962522485309086,0.02986570062132827
2060,0.75,0.17033224826430965,0.13811963788251952,0.23064152565297574,0.17141566272577596,0.25962522485309086,0.02986570062132827
2060,0.76,0.17033224826430965,0.13811963788251952,0.23064152565297574,0.17141566272577596,0.25962522485309086,0.02986570062132827
2060,0.77,0.17033224826430965,0.13811963788251952,0.23064152565297574,0.17141566272577596,0.25962522485309086,0.02986570062132827
2060,0.78,0.17033224826430965,0.13811963788251952,0.23064152565297574,0.17141566272577596,0.25962522485309086,0.02986570062132827
2060,0.79,0.17033224826430965,0.13811963788251952,0.23064152565297574,0.17141566272577596,0.25962522485309086,0.02986570062132827
2060,0.8,0.17033224826430965,0.13811963788251952,0.23064152565297574,0.17141566272577596,0.25962522485309086,0.02986570062132827
2060,0.81,0.17033224826430965,0.13811963788251952,0.23064152565297574,0.17141566272577596,0.25962522485309086,0.02986570062132827
2060,0.8200000000000001,0.17033224826430965,0.13811963788251952,0.23064152565297574,0.17141566272577596,0.25962522485309086,0.02986570062132827
2060,0.8300000000000001,0.17033224826430965,0.13811963788251952,0.23064152565297574,0.17141566272577596,0.25962522485309086,0.02986570062132827
2060,0.8400000000000001,0.17033224826430965,0.13811963788251952,0.23064152565297574,0.17141566272577596,0.25962522485309086,0.02986570062132827
2060,0.85,0.17033224826430965,0.13811963788251952,0.23064152565297574,0.17141566272577596,0.25962522485309086,0.02986570062132827
2060,0.86,0.17033224826430965,0.13811963788251952,0.23064152565297574,0.17141566272577596,0.25962522485309086,0.02986570062132827
2060,0.87,0.17033224826430965,0.13811963788251952,0.23064152565297574,0.17141566272577596,0.25962522485309086,0.02986570062132827
2060,0.88,0.17033224826430965,0.13811963788251952,0.23064152565297574,0.17141566272577596,0.25962522485309086,0.02986570062132827
2060,0.89,0.17033224826430965,0.13811963788251952,0.23064152565297574,0.17141566272577596,0.25962522485309086,0.02986570062132827
2060,0.9,0.17033224826430965,0.13811963788251952,0.23064152565297574,0.17141566272577596,0.25962522485309086,0.02986570062132827
2060,0.91,0.17033224826430965,0.13811963788251952,0.23064152565297574,0.17141566272577596,0.25962522485309086,0.02986570062132827
2060,0.92,0.17033224826430965,0.13811963788251952,0.23064152565297574,0.17141566272577596,0.25962522485309086,0.02986570062132827
2060,0.93,0.17033224826430965,0.13811963788251952,0.23064152565297574,0.17141566272577596,0.25962522485309086,0.02986570062132827
2060,0.9400000000000001,0.17033224826430965,0.13811963788251952,0.23064152565297574,0.17141566272577596,0.25962522485309086,0.02986570062132827
2060,0.9500000000000001,0.17033224826430965,0.13811963788251952,0.23064152565297574,0.17141566272577596,0.25962522485309086,0.02986570062132827
2060,0.9600000000000001,0.17033224826430965,0.13811963788251952,0.23064152565297574,0.17141566272577596,0.25962522485309086,0.02986570062132827
2060,0.97,0.17033224826430965,0.13811963788251952,0.23064152565297574,0.17141566272577596,0.25962522485309086,0.02986570062132827
2060,0.98,0.17033224826430965,0.13811963788251952,0.23064152565297574,0.17141566272577596,0.25962522485309086,0.02986570062132827
2060,0.99,0.17033224826430965,0.13811963788251952,0.23064152565297574,0.17141566272577596,0.25962522485309086,0.02986570062132827
2060,1.0,0.17033224826430965,0.13811963788251952,0.23064152565297574,0.17141566272577596,0.25962522485309086,0.02986570062132827
2061,0.01,0.25689979409900554,0.06829706218681979,0.2756634710692307,0.045673384434852096,0.08570580485277461,0.26776048335731734
2061,0.02,0.25689979409900554,0.06829706218681979,0.2756634710692307,0.045673384434852096,0.08570580485277461,0.26776048335731734
2061,0.03,0.25689979409900554,0.06829706218681979,0.2756634710692307,0.045673384434852096,0.08570580485277461,0.26776048335731734
2061,0.04,0.25689979409900554,0.06829706218681979,0.2756634710692307,0.045673384434852096,0.08570580485277461,0.26776048335731734
2061,0.05,0.25689979409900554,0.06829706218681979,0.2756634710692307,0.045673384434852096,0.08570580485277461,0.26776048335731734
2061,0.060000000000000005,0.25689979409900554,0.06829706218681979,0.2756634710692307,0.045673384434852096,0.08570580485277461,0.26776048335731734
2061,0.06999999999999999,0.25689979409900554,0.06829706218681979,0.2756634710692307,0.045673384434852096,0.08570580485277461,0.26776048335731734
2061,0.08,0.25689979409900554,0.06829706218681979,0.2756634710692307,0.045673384434852096,0.08570580485277461,0.26776048335731734
2061,0.09,0.25689979409900554,0.06829706218681979,0.2756634710692307,0.045673384434852096,0.08570580485277461,0.26776048335731734
2061,0.09999999999999999,0.25689979409900554,0.06829706218681979,0.2756634710692307,0.045673384434852096,0.08570580485277461,0.26776048335731734
2061,0.11,0.25689979409900554,0.06829706218681979,0.2756634710692307,0.045673384434852096,0.08570580485277461,0.26776048335731734
2061,0.12,0.25689979409900554,0.06829706218681979,0.2756634710692307,0.045673384434852096,0.08570580485277461,0.26776048335731734
2061,0.13,0.25689979409900554,0.06829706218681979,0.2756634710692307,0.045673384434852096,0.08570580485277461,0.26776048335731734
2061,0.14,0.25689979409900554,0.06829706218681979,0.2756634710692307,0.045673384434852096,0.08570580485277461,0.26776048335731734
2061,0.15000000000000002,0.25689979409900554,0.06829706218681979,0.2756634710692307,0.045673384434852096,0.08570580485277461,0.26776048335731734
2061,0.16,0.25689979409900554,0.06829706218681979,0.2756634710692307,0.045673384434852096,0.08570580485277461,0.26776048335731734
2061,0.17,0.25689979409900554,0.06829706218681979,0.2756634710692307,0.045673384434852096,0.08570580485277461,0.26776048335731734
2061,0.18000000000000002,0.25689979409900554,0.06829706218681979,0.2756634710692307,0.045673384434852096,0.08570580485277461,0.26776048335731734
2061,0.19,0.25689979409900554,0.06829706218681979,0.2756634710692307,0.045673384434852096,0.08570580485277461,0.26776048335731734
2061,0.2,0.25689979409900554,0.06829706218681979,0.2756634710692307,0.045673384434852096,0.08570580485277461,0.26776048335731734
2061,0.21000000000000002,0.25689979409900554,0.06829706218681979,0.2756634710692307,0.045673384434852096,0.08570580485277461,0.26776048335731734
2061,0.22,0.25689979409900554,0.06829706218681979,0.2756634710692307,0.045673384434852096,0.08570580485277461,0.26776048335731734
2061,0.23,0.25689979409900554,0.06829706218681979,0.2756634710692307,0.045673384434852096,0.08570580485277461,0.26776048335731734
2061,0.24000000000000002,0.25689979409900554,0.06829706218681979,0.2756634710692307,0.045673384434852096,0.08570580485277461,0.26776048335731734
2061,0.25,0.25689979409900554,0.06829706218681979,0.2756634710692307,0.045673384434852096,0.08570580485277461,0.26776048335731734
2061,0.26,0.25689979409900554,0.06829706218681979,0.2756634710692307,0.045673384434852096,0.08570580485277461,0.26776048335731734
2061,0.27,0.25689979409900554,0.06829706218681979,0.2756634710692307,0.045673384434852096,0.08570580485277461,0.26776048335731734
2061,0.28,0.25689979409900554,0.06829706218681979,0.2756634710692307,0.045673384434852096,0.08570580485277461,0.26776048335731734
2061,0.29000000000000004,0.25689979409900554,0.06829706218681979,0.2756634710692307,0.045673384434852096,0.08570580485277461,0.26776048335731734
2061,0.3,0.25689979409900554,0.06829706218681979,0.2756634710692307,0.045673384434852096,0.08570580485277461,0.26776048335731734
2061,0.31,0.25689979409900554,0.06829706218681979,0.2756634710692307,0.045673384434852096,0.08570580485277461,0.26776048335731734
2061,0.32,0.25689979409900554,0.06829706218681979,0.2756634710692307,0.045673384434852096,0.08570580485277461,0.26776048335731734
2061,0.33,0.25689979409900554,0.06829706218681979,0.2756634710692307,0.045673384434852096,0.08570580485277461,0.26776048335731734
2061,0.34,0.25689979409900554,0.06829706218681979,0.2756634710692307,0.045673384434852096,0.08570580485277461,0.26776048335731734
2061,0.35000000000000003,0.25689979409900554,0.06829706218681979,0.2756634710692307,0.045673384434852096,0.08570580485277461,0.26776048335731734
2061,0.36000000000000004,0.25689979409900554,0.06829706218681979,0.2756634710692307,0.045673384434852096,0.08570580485277461,0.26776048335731734
2061,0.37,0.25689979409900554,0.06829706218681979,0.2756634710692307,0.045673384434852096,0.08570580485277461,0.26776048335731734
2061,0.38,0.25689979409900554,0.06829706218681979,0.2756634710692307,0.045673384434852096,0.08570580485277461,0.26776048335731734
2061,0.39,0.25689979409900554,0.06829706218681979,0.2756634710692307,0.045673384434852096,0.08570580485277461,0.26776048335731734
2061,0.4,0.25689979409900554,0.06829706218681979,0.2756634710692307,0.045673384434852096,0.08570580485277461,0.26776048335731734
2061,0.41000000000000003,0.25689979409900554,0.06829706218681979,0.2756634710692307,0.045673384434852096,0.08570580485277461,0.26776048335731734
2061,0.42000000000000004,0.25689979409900554,0.06829706218681979,0.2756634710692307,0.045673384434852096,0.08570580485277461,0.26776048335731734
2061,0.43,0.25689979409900554,0.06829706218681979,0.2756634710692307,0.045673384434852096,0.08570580485277461,0.26776048335731734
2061,0.44,0.25689979409900554,0.06829706218681979,0.2756634710692307,0.045673384434852096,0.08570580485277461,0.26776048335731734
2061,0.45,0.25689979409900554,0.06829706218681979,0.2756634710692307,0.045673384434852096,0.08570580485277461,0.26776048335731734
2061,0.46,0.25689979409900554,0.06829706218681979,0.2756634710692307,0.045673384434852096,0.08570580485277461,0.26776048335731734
2061,0.47000000000000003,0.25689979409900554,0.06829706218681979,0.2756634710692307,0.045673384434852096,0.08570580485277461,0.26776048335731734
2061,0.48000000000000004,0.25689979409900554,0.06829706218681979,0.2756634710692307,0.045673384434852096,0.08570580485277461,0.26776048335731734
2061,0.49,0.25689979409900554,0.06829706218681979,0.2756634710692307,0.045673384434852096,0.08570580485277461,0.26776048335731734
2061,0.5,0.25689979409900554,0.06829706218681979,0.2756634710692307,0.045673384434852096,0.08570580485277461,0.26776048335731734
2061,0.51,0.25689979409900554,0.06829706218681979,0.2756634710692307,0.045673384434852096,0.08570580485277461,0.26776048335731734
2061,0.52,0.25689979409900554,0.06829706218681979,0.2756634710692307,0.045673384434852096,0.08570580485277461,0.26776048335731734
2061,0.53,0.25689979409900554,0.06829706218681979,0.2756634710692307,0.045673384434852096,0.08570580485277461,0.26776048335731734
2061,0.54,0.25689979409900554,0.06829706218681979,0.2756634710692307,0.045673384434852096,0.08570580485277461,0.26776048335731734
2061,0.55,0.25689979409900554,0.06829706218681979,0.2756634710692307,0.045673384434852096,0.08570580485277461,0.26776048335731734
2061,0.56,0.25689979409900554,0.06829706218681979,0.2756634710692307,0.045673384434852096,0.08570580485277461,0.26776048335731734
2061,0.5700000000000001,0.25689979409900554,0.06829706218681979,0.2756634710692307,0.045673384434852096,0.08570580485277461,0.26776048335731734
2061,0.5800000000000001,0.25689979409900554,0.06829706218681979,0.2756634710692307,0.045673384434852096,0.08570580485277461,0.26776048335731734
2061,0.59,0.25689979409900554,0.06829706218681979,0.2756634710692307,0.045673384434852096,0.08570580485277461,0.26776048335731734
2061,0.6,0.25689979409900554,0.06829706218681979,0.2756634710692307,0.045673384434852096,0.08570580485277461,0.26776048335731734
2061,0.61,0.25689979409900554,0.06829706218681979,0.2756634710692307,0.045673384434852096,0.08570580485277461,0.26776048335731734
2061,0.62,0.25689979409900554,0.06829706218681979,0.2756634710692307,0.045673384434852096,0.08570580485277461,0.26776048335731734
2061,0.63,0.25689979409900554,0.06829706218681979,0.2756634710692307,0.045673384434852096,0.08570580485277461,0.26776048335731734
2061,0.64,0.25689979409900554,0.06829706218681979,0.2756634710692307,0.045673384434852096,0.08570580485277461,0.26776048335731734
2061,0.65,0.25689979409900554,0.06829706218681979,0.2756634710692307,0.045673384434852096,0.08570580485277461,0.26776048335731734
2061,0.66,0.25689979409900554,0.06829706218681979,0.2756634710692307,0.045673384434852096,0.08570580485277461,0.26776048335731734
2061,0.67,0.25689979409900554,0.06829706218681979,0.2756634710692307,0.045673384434852096,0.08570580485277461,0.26776048335731734
2061,0.68,0.25689979409900554,0.06829706218681979,0.2756634710692307,0.045673384434852096,0.08570580485277461,0.26776048335731734
2061,0.6900000000000001,0.25689979409900554,0.06829706218681979,0.2756634710692307,0.045673384434852096,0.08570580485277461,0.26776048335731734
2061,0.7000000000000001,0.25689979409900554,0.06829706218681979,0.2756634710692307,0.045673384434852096,0.08570580485277461,0.26776048335731734
2061,0.7100000000000001,0.25689979409900554,0.06829706218681979,0.2756634710692307,0.045673384434852096,0.08570580485277461,0.26776048335731734
2061,0.72,0.25689979409900554,0.06829706218681979,0.2756634710692307,0.045673384434852096,0.08570580485277461,0.26776048335731734
2061,0.73,0.25689979409900554,0.06829706218681979,0.2756634710692307,0.045673384434852096,0.08570580485277461,0.26776048335731734
2061,0.74,0.25689979409900554,0.06829706218681979,0.2756634710692307,0.045673384434852096,0.08570580485277461,0.26776048335731734
2061,0.75,0.25689979409900554,0.06829706218681979,0.2756634710692307,0.045673384434852096,0.08570580485277461,0.26776048335731734
2061,0.76,0.25689979409900554,0.06829706218681979,0.2756634710692307,0.045673384434852096,0.08570580485277461,0.26776048335731734
2061,0.77,0.25689979409900554,0.06829706218681979,0.2756634710692307,0.045673384434852096,0.08570580485277461,0.26776048335731734
2061,0.78,0.25689979409900554,0.06829706218681979,0.2756634710692307,0.045673384434852096,0.08570580485277461,0.26776048335731734
2061,0.79,0.25689979409900554,0.06829706218681979,0.2756634710692307,0.045673384434852096,0.08570580485277461,0.26776048335731734
2061,0.8,0.25689979409900554,0.06829706218681979,0.2756634710692307,0.045673384434852096,0.08570580485277461,0.26776048335731734
2061,0.81,0.25689979409900554,0.06829706218681979,0.2756634710692307,0.045673384434852096,0.08570580485277461,0.26776048335731734
2061,0.8200000000000001,0.25689979409900554,0.06829706218681979,0.2756634710692307,0.045673384434852096,0.08570580485277461,0.26776048335731734
2061,0.8300000000000001,0.25689979409900554,0.06829706218681979,0.2756634710692307,0.045673384434852096,0.08570580485277461,0.26776048335731734
2061,0.8400000000000001,0.25689979409900554,0.06829706218681979,0.2756634710692307,0.045673384434852096,0.08570580485277461,0.26776048335731734
2061,0.85,0.25689979409900554,0.06829706218681979,0.2756634710692307,0.045673384434852096,0.08570580485277461,0.26776048335731734
2061,0.86,0.25689979409900554,0.06829706218681979,0.2756634710692307,0.045673384434852096,0.08570580485277461,0.26776048335731734
2061,0.87,0.25689979409900554,0.06829706218681979,0.2756634710692307,0.045673384434852096,0.08570580485277461,0.26776048335731734
2061,0.88,0.25689979409900554,0.06829706218681979,0.2756634710692307,0.045673384434852096,0.08570580485277461,0.26776048335731734
2061,0.89,0.25689979409900554,0.06829706218681979,0.2756634710692307,0.045673384434852096,0.08570580485277461,0.26776048335731734
2061,0.9,0.25689979409900554,0.06829706218681979,0.2756634710692307,0.045673384434852096,0.08570580485277461,0.26776048335731734
2061,0.91,0.25689979409900554,0.06829706218681979,0.2756634710692307,0.045673384434852096,0.08570580485277461,0.26776048335731734
2061,0.92,0.25689979409900554,0.06829706218681979,0.2756634710692307,0.045673384434852096,0.08570580485277461,0.26776048335731734
2061,0.93,0.25689979409900554,0.06829706218681979,0.2756634710692307,0.045673384434852096,0.08570580485277461,0.26776048335731734
2061,0.9400000000000001,0.25689979409900554,0.06829706218681979,0.2756634710692307,0.045673384434852096,0.08570580485277461,0.26776048335731734
2061,0.9500000000000001,0.25689979409900554,0.06829706218681979,0.2756634710692307,0.045673384434852096,0.08570580485277461,0.26776048335731734
2061,0.9600000000000001,0.25689979409900554,0.06829706218681979,0.2756634710692307,0.045673384434852096,0.08570580485277461,0.26776048335731734
2061,0.97,0.25689979409900554,0.06829706218681979,0.2756634710692307,0.045673384434852096,0.08570580485277461,0.26776048335731734
2061,0.98,0.25689979409900554,0.06829706218681979,0.2756634710692307,0.045673384434852096,0.08570580485277461,0.26776048335731734
2061,0.99,0.25689979409900554,0.06829706218681979,0.2756634710692307,0.045673384434852096,0.08570580485277461,0.26776048335731734
2061,1.0,0.25689979409900554,0.06829706218681979,0.2756634710692307,0.045673384434852096,0.08570580485277461,0.26776048335731734
2062,0.01,0.11458635015814535,0.08548245462424595,0.009535969609552436,0.035915161092286985,0.26381906296789015,0.49066100154787906
2062,0.02,0.11458635015814535,0.08548245462424595,0.009535969609552436,0.035915161092286985,0.26381906296789015,0.49066100154787906
2062,0.03,0.11458635015814535,0.08548245462424595,0.009535969609552436,0.035915161092286985,0.26381906296789015,0.49066100154787906
2062,0.04,0.11458635015814535,0.08548245462424595,0.009535969609552436,0.035915161092286985,0.26381906296789015,0.49066100154787906
2062,0.05,0.11458635015814535,0.08548245462424595,0.009535969609552436,0.035915161092286985,0.26381906296789015,0.49066100154787906
2062,0.060000000000000005,0.11458635015814535,0.08548245462424595,0.009535969609552436,0.035915161092286985,0.26381906296789015,0.49066100154787906
2062,0.06999999999999999,0.11458635015814535,0.08548245462424595,0.009535969609552436,0.035915161092286985,0.26381906296789015,0.49066100154787906
2062,0.08,0.11458635015814535,0.08548245462424595,0.009535969609552436,0.035915161092286985,0.26381906296789015,0.49066100154787906
2062,0.09,0.11458635015814535,0.08548245462424595,0.009535969609552436,0.035915161092286985,0.26381906296789015,0.49066100154787906
2062,0.09999999999999999,0.11458635015814535,0.08548245462424595,0.009535969609552436,0.035915161092286985,0.26381906296789015,0.49066100154787906
2062,0.11,0.11458635015814535,0.08548245462424595,0.009535969609552436,0.035915161092286985,0.26381906296789015,0.49066100154787906
2062,0.12,0.11458635015814535,0.08548245462424595,0.009535969609552436,0.035915161092286985,0.26381906296789015,0.49066100154787906
2062,0.13,0.11458635015814535,0.08548245462424595,0.009535969609552436,0.035915161092286985,0.26381906296789015,0.49066100154787906
2062,0.14,0.11458635015814535,0.08548245462424595,0.009535969609552436,0.035915161092286985,0.26381906296789015,0.49066100154787906
2062,0.15000000000000002,0.11458635015814535,0.08548245462424595,0.009535969609552436,0.035915161092286985,0.26381906296789015,0.49066100154787906
2062,0.16,0.11458635015814535,0.08548245462424595,0.009535969609552436,0.035915161092286985,0.26381906296789015,0.49066100154787906
2062,0.17,0.11458635015814535,0.08548245462424595,0.009535969609552436,0.035915161092286985,0.26381906296789015,0.49066100154787906
2062,0.18000000000000002,0.11458635015814535,0.08548245462424595,0.009535969609552436,0.035915161092286985,0.26381906296789015,0.49066100154787906
2062,0.19,0.11458635015814535,0.08548245462424595,0.009535969609552436,0.035915161092286985,0.26381906296789015,0.49066100154787906
2062,0.2,0.11458635015814535,0.08548245462424595,0.009535969609552436,0.035915161092286985,0.26381906296789015,0.49066100154787906
2062,0.21000000000000002,0.11458635015814535,0.08548245462424595,0.009535969609552436,0.035915161092286985,0.26381906296789015,0.49066100154787906
2062,0.22,0.11458635015814535,0.08548245462424595,0.009535969609552436,0.035915161092286985,0.26381906296789015,0.49066100154787906
2062,0.23,0.11458635015814535,0.08548245462424595,0.009535969609552436,0.035915161092286985,0.26381906296789015,0.49066100154787906
2062,0.24000000000000002,0.11458635015814535,0.08548245462424595,0.009535969609552436,0.035915161092286985,0.26381906296789015,0.49066100154787906
2062,0.25,0.11458635015814535,0.08548245462424595,0.009535969609552436,0.035915161092286985,0.26381906296789015,0.49066100154787906
2062,0.26,0.11458635015814535,0.08548245462424595,0.009535969609552436,0.035915161092286985,0.26381906296789015,0.49066100154787906
2062,0.27,0.11458635015814535,0.08548245462424595,0.009535969609552436,0.035915161092286985,0.26381906296789015,0.49066100154787906
2062,0.28,0.11458635015814535,0.08548245462424595,0.009535969609552436,0.035915161092286985,0.26381906296789015,0.49066100154787906
2062,0.29000000000000004,0.11458635015814535,0.08548245462424595,0.009535969609552436,0.035915161092286985,0.26381906296789015,0.49066100154787906
2062,0.3,0.11458635015814535,0.08548245462424595,0.009535969609552436,0.035915161092286985,0.26381906296789015,0.49066100154787906
2062,0.31,0.11458635015814535,0.08548245462424595,0.009535969609552436,0.035915161092286985,0.26381906296789015,0.49066100154787906
2062,0.32,0.11458635015814535,0.08548245462424595,0.009535969609552436,0.035915161092286985,0.26381906296789015,0.49066100154787906
2062,0.33,0.11458635015814535,0.08548245462424595,0.009535969609552436,0.035915161092286985,0.26381906296789015,0.49066100154787906
2062,0.34,0.11458635015814535,0.08548245462424595,0.009535969609552436,0.035915161092286985,0.26381906296789015,0.49066100154787906
2062,0.35000000000000003,0.11458635015814535,0.08548245462424595,0.009535969609552436,0.035915161092286985,0.26381906296789015,0.49066100154787906
2062,0.36000000000000004,0.11458635015814535,0.08548245462424595,0.009535969609552436,0.035915161092286985,0.26381906296789015,0.49066100154787906
2062,0.37,0.11458635015814535,0.08548245462424595,0.009535969609552436,0.035915161092286985,0.26381906296789015,0.49066100154787906
2062,0.38,0.11458635015814535,0.08548245462424595,0.009535969609552436,0.035915161092286985,0.26381906296789015,0.49066100154787906
2062,0.39,0.11458635015814535,0.08548245462424595,0.009535969609552436,0.035915161092286985,0.26381906296789015,0.49066100154787906
2062,0.4,0.11458635015814535,0.08548245462424595,0.009535969609552436,0.035915161092286985,0.26381906296789015,0.49066100154787906
2062,0.41000000000000003,0.11458635015814535,0.08548245462424595,0.009535969609552436,0.035915161092286985,0.26381906296789015,0.49066100154787906
2062,0.42000000000000004,0.11458635015814535,0.08548245462424595,0.009535969609552436,0.035915161092286985,0.26381906296789015,0.49066100154787906
2062,0.43,0.11458635015814535,0.08548245462424595,0.009535969609552436,0.035915161092286985,0.26381906296789015,0.49066100154787906
2062,0.44,0.11458635015814535,0.08548245462424595,0.009535969609552436,0.035915161092286985,0.26381906296789015,0.49066100154787906
2062,0.45,0.11458635015814535,0.08548245462424595,0.009535969609552436,0.035915161092286985,0.26381906296789015,0.49066100154787906
2062,0.46,0.11458635015814535,0.08548245462424595,0.009535969609552436,0.035915161092286985,0.26381906296789015,0.49066100154787906
2062,0.47000000000000003,0.11458635015814535,0.08548245462424595,0.009535969609552436,0.035915161092286985,0.26381906296789015,0.49066100154787906
2062,0.48000000000000004,0.11458635015814535,0.08548245462424595,0.009535969609552436,0.035915161092286985,0.26381906296789015,0.49066100154787906
2062,0.49,0.11458635015814535,0.08548245462424595,0.009535969609552436,0.035915161092286985,0.26381906296789015,0.49066100154787906
2062,0.5,0.11458635015814535,0.08548245462424595,0.009535969609552436,0.035915161092286985,0.26381906296789015,0.49066100154787906
2062,0.51,0.11458635015814535,0.08548245462424595,0.009535969609552436,0.035915161092286985,0.26381906296789015,0.49066100154787906
2062,0.52,0.11458635015814535,0.08548245462424595,0.009535969609552436,0.035915161092286985,0.26381906296789015,0.49066100154787906
2062,0.53,0.11458635015814535,0.08548245462424595,0.009535969609552436,0.035915161092286985,0.26381906296789015,0.49066100154787906
2062,0.54,0.11458635015814535,0.08548245462424595,0.009535969609552436,0.035915161092286985,0.26381906296789015,0.49066100154787906
2062,0.55,0.11458635015814535,0.08548245462424595,0.009535969609552436,0.035915161092286985,0.26381906296789015,0.49066100154787906
2062,0.56,0.11458635015814535,0.08548245462424595,0.009535969609552436,0.035915161092286985,0.26381906296789015,0.49066100154787906
2062,0.5700000000000001,0.11458635015814535,0.08548245462424595,0.009535969609552436,0.035915161092286985,0.26381906296789015,0.49066100154787906
2062,0.5800000000000001,0.11458635015814535,0.08548245462424595,0.009535969609552436,0.035915161092286985,0.26381906296789015,0.49066100154787906
2062,0.59,0.11458635015814535,0.08548245462424595,0.009535969609552436,0.035915161092286985,0.26381906296789015,0.49066100154787906
2062,0.6,0.11458635015814535,0.08548245462424595,0.009535969609552436,0.035915161092286985,0.26381906296789015,0.49066100154787906
2062,0.61,0.11458635015814535,0.08548245462424595,0.009535969609552436,0.035915161092286985,0.26381906296789015,0.49066100154787906
2062,0.62,0.11458635015814535,0.08548245462424595,0.009535969609552436,0.035915161092286985,0.26381906296789015,0.49066100154787906
2062,0.63,0.11458635015814535,0.08548245462424595,0.009535969609552436,0.035915161092286985,0.26381906296789015,0.49066100154787906
2062,0.64,0.11458635015814535,0.08548245462424595,0.009535969609552436,0.035915161092286985,0.26381906296789015,0.49066100154787906
2062,0.65,0.11458635015814535,0.08548245462424595,0.009535969609552436,0.035915161092286985,0.26381906296789015,0.49066100154787906
2062,0.66,0.11458635015814535,0.08548245462424595,0.009535969609552436,0.035915161092286985,0.26381906296789015,0.49066100154787906
2062,0.67,0.11458635015814535,0.08548245462424595,0.009535969609552436,0.035915161092286985,0.26381906296789015,0.49066100154787906
2062,0.68,0.11458635015814535,0.08548245462424595,0.009535969609552436,0.035915161092286985,0.26381906296789015,0.49066100154787906
2062,0.6900000000000001,0.11458635015814535,0.08548245462424595,0.009535969609552436,0.035915161092286985,0.26381906296789015,0.49066100154787906
2062,0.7000000000000001,0.11458635015814535,0.08548245462424595,0.009535969609552436,0.035915161092286985,0.26381906296789015,0.49066100154787906
2062,0.7100000000000001,0.11458635015814535,0.08548245462424595,0.009535969609552436,0.035915161092286985,0.26381906296789015,0.49066100154787906
2062,0.72,0.11458635015814535,0.08548245462424595,0.009535969609552436,0.035915161092286985,0.26381906296789015,0.49066100154787906
2062,0.73,0.11458635015814535,0.08548245462424595,0.009535969609552436,0.035915161092286985,0.26381906296789015,0.49066100154787906
2062,0.74,0.11458635015814535,0.08548245462424595,0.009535969609552436,0.035915161092286985,0.26381906296789015,0.49066100154787906
2062,0.75,0.11458635015814535,0.08548245462424595,0.009535969609552436,0.035915161092286985,0.26381906296789015,0.49066100154787906
2062,0.76,0.11458635015814535,0.08548245462424595,0.009535969609552436,0.035915161092286985,0.26381906296789015,0.49066100154787906
2062,0.77,0.11458635015814535,0.08548245462424595,0.009535969609552436,0.035915161092286985,0.26381906296789015,0.49066100154787906
2062,0.78,0.11458635015814535,0.08548245462424595,0.009535969609552436,0.035915161092286985,0.26381906296789015,0.49066100154787906
2062,0.79,0.11458635015814535,0.08548245462424595,0.009535969609552436,0.035915161092286985,0.26381906296789015,0.49066100154787906
2062,0.8,0.11458635015814535,0.08548245462424595,0.009535969609552436,0.035915161092286985,0.26381906296789015,0.49066100154787906
2062,0.81,0.11458635015814535,0.08548245462424595,0.009535969609552436,0.035915161092286985,0.26381906296789015,0.49066100154787906
2062,0.8200000000000001,0.11458635015814535,0.08548245462424595,0.009535969609552436,0.035915161092286985,0.26381906296789015,0.49066100154787906
2062,0.8300000000000001,0.11458635015814535,0.08548245462424595,0.009535969609552436,0.035915161092286985,0.26381906296789015,0.49066100154787906
2062,0.8400000000000001,0.11458635015814535,0.08548245462424595,0.009535969609552436,0.035915161092286985,0.26381906296789015,0.49066100154787906
2062,0.85,0.11458635015814535,0.08548245462424595,0.009535969609552436,0.035915161092286985,0.26381906296789015,0.49066100154787906
2062,0.86,0.11458635015814535,0.08548245462424595,0.009535969609552436,0.035915161092286985,0.26381906296789015,0.49066100154787906
2062,0.87,0.11458635015814535,0.08548245462424595,0.009535969609552436,0.035915161092286985,0.26381906296789015,0.49066100154787906
2062,0.88,0.11458635015814535,0.08548245462424595,0.009535969609552436,0.035915161092286985,0.26381906296789015,0.49066100154787906
2062,0.89,0.11458635015814535,0.08548245462424595,0.009535969609552436,0.035915161092286985,0.26381906296789015,0.49066100154787906
2062,0.9,0.11458635015814535,0.08548245462424595,0.009535969609552436,0.035915161092286985,0.26381906296789015,0.49066100154787906
2062,0.91,0.11458635015814535,0.08548245462424595,0.009535969609552436,0.035915161092286985,0.26381906296789015,0.49066100154787906
2062,0.92,0.11458635015814535,0.08548245462424595,0.009535969609552436,0.035915161092286985,0.26381906296789015,0.49066100154787906
2062,0.93,0.11458635015814535,0.08548245462424595,0.009535969609552436,0.035915161092286985,0.26381906296789015,0.49066100154787906
2062,0.9400000000000001,0.11458635015814535,0.08548245462424595,0.009535969609552436,0.035915161092286985,0.26381906296789015,0.49066100154787906
2062,0.9500000000000001,0.11458635015814535,0.08548245462424595,0.009535969609552436,0.035915161092286985,0.26381906296789015,0.49066100154787906
2062,0.9600000000000001,0.11458635015814535,0.08548245462424595,0.009535969609552436,0.035915161092286985,0.26381906296789015,0.49066100154787906
2062,0.97,0.11458635015814535,0.08548245462424595,0.009535969609552436,0.035915161092286985,0.26381906296789015,0.49066100154787906
2062,0.98,0.11458635015814535,0.08548245462424595,0.009535969609552436,0.035915161092286985,0.26381906296789015,0.49066100154787906
2062,0.99,0.11458635015814535,0.08548245462424595,0.009535969609552436,0.035915161092286985,0.26381906296789015,0.49066100154787906
2062,1.0,0.11458635015814535,0.08548245462424595,0.009535969609552436,0.035915161092286985,0.26381906296789015,0.49066100154787906
2063,0.01,0.09637740959548027,0.1798008082230724,0.3539360382104666,0.0884203579554135,0.002061233236271616,0.2794041527792957
2063,0.02,0.09637740959548027,0.1798008082230724,0.3539360382104666,0.0884203579554135,0.002061233236271616,0.2794041527792957
2063,0.03,0.09637740959548027,0.1798008082230724,0.3539360382104666,0.0884203579554135,0.002061233236271616,0.2794041527792957
2063,0.04,0.09637740959548027,0.1798008082230724,0.3539360382104666,0.0884203579554135,0.002061233236271616,0.2794041527792957
2063,0.05,0.09637740959548027,0.1798008082230724,0.3539360382104666,0.0884203579554135,0.002061233236271616,0.2794041527792957
2063,0.060000000000000005,0.09637740959548027,0.1798008082230724,0.3539360382104666,0.0884203579554135,0.002061233236271616,0.2794041527792957
2063,0.06999999999999999,0.09637740959548027,0.1798008082230724,0.3539360382104666,0.0884203579554135,0.002061233236271616,0.2794041527792957
2063,0.08,0.09637740959548027,0.1798008082230724,0.3539360382104666,0.0884203579554135,0.002061233236271616,0.2794041527792957
2063,0.09,0.09637740959548027,0.1798008082230724,0.3539360382104666,0.0884203579554135,0.002061233236271616,0.2794041527792957
2063,0.09999999999999999,0.09637740959548027,0.1798008082230724,0.3539360382104666,0.0884203579554135,0.002061233236271616,0.2794041527792957
2063,0.11,0.09637740959548027,0.1798008082230724,0.3539360382104666,0.0884203579554135,0.002061233236271616,0.2794041527792957
2063,0.12,0.09637740959548027,0.1798008082230724,0.3539360382104666,0.0884203579554135,0.002061233236271616,0.2794041527792957
2063,0.13,0.09637740959548027,0.1798008082230724,0.3539360382104666,0.0884203579554135,0.002061233236271616,0.2794041527792957
2063,0.14,0.09637740959548027,0.1798008082230724,0.3539360382104666,0.0884203579554135,0.002061233236271616,0.2794041527792957
2063,0.15000000000000002,0.09637740959548027,0.1798008082230724,0.3539360382104666,0.0884203579554135,0.002061233236271616,0.2794041527792957
2063,0.16,0.09637740959548027,0.1798008082230724,0.3539360382104666,0.0884203579554135,0.002061233236271616,0.2794041527792957
2063,0.17,0.09637740959548027,0.1798008082230724,0.3539360382104666,0.0884203579554135,0.002061233236271616,0.2794041527792957
2063,0.18000000000000002,0.09637740959548027,0.1798008082230724,0.3539360382104666,0.0884203579554135,0.002061233236271616,0.2794041527792957
2063,0.19,0.09637740959548027,0.1798008082230724,0.3539360382104666,0.0884203579554135,0.002061233236271616,0.2794041527792957
2063,0.2,0.09637740959548027,0.1798008082230724,0.3539360382104666,0.0884203579554135,0.002061233236271616,0.2794041527792957
2063,0.21000000000000002,0.09637740959548027,0.1798008082230724,0.3539360382104666,0.0884203579554135,0.002061233236271616,0.2794041527792957
2063,0.22,0.09637740959548027,0.1798008082230724,0.3539360382104666,0.0884203579554135,0.002061233236271616,0.2794041527792957
2063,0.23,0.09637740959548027,0.1798008082230724,0.3539360382104666,0.0884203579554135,0.002061233236271616,0.2794041527792957
2063,0.24000000000000002,0.09637740959548027,0.1798008082230724,0.3539360382104666,0.0884203579554135,0.002061233236271616,0.2794041527792957
2063,0.25,0.09637740959548027,0.1798008082230724,0.3539360382104666,0.0884203579554135,0.002061233236271616,0.2794041527792957
2063,0.26,0.09637740959548027,0.1798008082230724,0.3539360382104666,0.0884203579554135,0.002061233236271616,0.2794041527792957
2063,0.27,0.09637740959548027,0.1798008082230724,0.3539360382104666,0.0884203579554135,0.002061233236271616,0.2794041527792957
2063,0.28,0.09637740959548027,0.1798008082230724,0.3539360382104666,0.0884203579554135,0.002061233236271616,0.2794041527792957
2063,0.29000000000000004,0.09637740959548027,0.1798008082230724,0.3539360382104666,0.0884203579554135,0.002061233236271616,0.2794041527792957
2063,0.3,0.09637740959548027,0.1798008082230724,0.3539360382104666,0.0884203579554135,0.002061233236271616,0.2794041527792957
2063,0.31,0.09637740959548027,0.1798008082230724,0.3539360382104666,0.0884203579554135,0.002061233236271616,0.2794041527792957
2063,0.32,0.09637740959548027,0.1798008082230724,0.3539360382104666,0.0884203579554135,0.002061233236271616,0.2794041527792957
2063,0.33,0.09637740959548027,0.1798008082230724,0.3539360382104666,0.0884203579554135,0.002061233236271616,0.2794041527792957
2063,0.34,0.09637740959548027,0.1798008082230724,0.3539360382104666,0.0884203579554135,0.002061233236271616,0.2794041527792957
2063,0.35000000000000003,0.09637740959548027,0.1798008082230724,0.3539360382104666,0.0884203579554135,0.002061233236271616,0.2794041527792957
2063,0.36000000000000004,0.09637740959548027,0.1798008082230724,0.3539360382104666,0.0884203579554135,0.002061233236271616,0.2794041527792957
2063,0.37,0.09637740959548027,0.1798008082230724,0.3539360382104666,0.0884203579554135,0.002061233236271616,0.2794041527792957
2063,0.38,0.09637740959548027,0.1798008082230724,0.3539360382104666,0.0884203579554135,0.002061233236271616,0.2794041527792957
2063,0.39,0.09637740959548027,0.1798008082230724,0.3539360382104666,0.0884203579554135,0.002061233236271616,0.2794041527792957
2063,0.4,0.09637740959548027,0.1798008082230724,0.3539360382104666,0.0884203579554135,0.002061233236271616,0.2794041527792957
2063,0.41000000000000003,0.09637740959548027,0.1798008082230724,0.3539360382104666,0.0884203579554135,0.002061233236271616,0.2794041527792957
2063,0.42000000000000004,0.09637740959548027,0.1798008082230724,0.3539360382104666,0.0884203579554135,0.002061233236271616,0.2794041527792957
2063,0.43,0.09637740959548027,0.1798008082230724,0.3539360382104666,0.0884203579554135,0.002061233236271616,0.2794041527792957
2063,0.44,0.09637740959548027,0.1798008082230724,0.3539360382104666,0.0884203579554135,0.002061233236271616,0.2794041527792957
2063,0.45,0.09637740959548027,0.1798008082230724,0.3539360382104666,0.0884203579554135,0.002061233236271616,0.2794041527792957
2063,0.46,0.09637740959548027,0.1798008082230724,0.3539360382104666,0.0884203579554135,0.002061233236271616,0.2794041527792957
2063,0.47000000000000003,0.09637740959548027,0.1798008082230724,0.3539360382104666,0.0884203579554135,0.002061233236271616,0.2794041527792957
2063,0.48000000000000004,0.09637740959548027,0.1798008082230724,0.3539360382104666,0.0884203579554135,0.002061233236271616,0.2794041527792957
2063,0.49,0.09637740959548027,0.1798008082230724,0.3539360382104666,0.0884203579554135,0.002061233236271616,0.2794041527792957
2063,0.5,0.09637740959548027,0.1798008082230724,0.3539360382104666,0.0884203579554135,0.002061233236271616,0.2794041527792957
2063,0.51,0.09637740959548027,0.1798008082230724,0.3539360382104666,0.0884203579554135,0.002061233236271616,0.2794041527792957
2063,0.52,0.09637740959548027,0.1798008082230724,0.3539360382104666,0.0884203579554135,0.002061233236271616,0.2794041527792957
2063,0.53,0.09637740959548027,0.1798008082230724,0.3539360382104666,0.0884203579554135,0.002061233236271616,0.2794041527792957
2063,0.54,0.09637740959548027,0.1798008082230724,0.3539360382104666,0.0884203579554135,0.002061233236271616,0.2794041527792957
2063,0.55,0.09637740959548027,0.1798008082230724,0.3539360382104666,0.0884203579554135,0.002061233236271616,0.2794041527792957
2063,0.56,0.09637740959548027,0.1798008082230724,0.3539360382104666,0.0884203579554135,0.002061233236271616,0.2794041527792957
2063,0.5700000000000001,0.09637740959548027,0.1798008082230724,0.3539360382104666,0.0884203579554135,0.002061233236271616,0.2794041527792957
2063,0.5800000000000001,0.09637740959548027,0.1798008082230724,0.3539360382104666,0.0884203579554135,0.002061233236271616,0.2794041527792957
2063,0.59,0.09637740959548027,0.1798008082230724,0.3539360382104666,0.0884203579554135,0.002061233236271616,0.2794041527792957
2063,0.6,0.09637740959548027,0.1798008082230724,0.3539360382104666,0.0884203579554135,0.002061233236271616,0.2794041527792957
2063,0.61,0.09637740959548027,0.1798008082230724,0.3539360382104666,0.0884203579554135,0.002061233236271616,0.2794041527792957
2063,0.62,0.09637740959548027,0.1798008082230724,0.3539360382104666,0.0884203579554135,0.002061233236271616,0.2794041527792957
2063,0.63,0.09637740959548027,0.1798008082230724,0.3539360382104666,0.0884203579554135,0.002061233236271616,0.2794041527792957
2063,0.64,0.09637740959548027,0.1798008082230724,0.3539360382104666,0.0884203579554135,0.002061233236271616,0.2794041527792957
2063,0.65,0.09637740959548027,0.1798008082230724,0.3539360382104666,0.0884203579554135,0.002061233236271616,0.2794041527792957
2063,0.66,0.09637740959548027,0.1798008082230724,0.3539360382104666,0.0884203579554135,0.002061233236271616,0.2794041527792957
2063,0.67,0.09637740959548027,0.1798008082230724,0.3539360382104666,0.0884203579554135,0.002061233236271616,0.2794041527792957
2063,0.68,0.09637740959548027,0.1798008082230724,0.3539360382104666,0.0884203579554135,0.002061233236271616,0.2794041527792957
2063,0.6900000000000001,0.09637740959548027,0.1798008082230724,0.3539360382104666,0.0884203579554135,0.002061233236271616,0.2794041527792957
2063,0.7000000000000001,0.09637740959548027,0.1798008082230724,0.3539360382104666,0.0884203579554135,0.002061233236271616,0.2794041527792957
2063,0.7100000000000001,0.09637740959548027,0.1798008082230724,0.3539360382104666,0.0884203579554135,0.002061233236271616,0.2794041527792957
2063,0.72,0.09637740959548027,0.1798008082230724,0.3539360382104666,0.0884203579554135,0.002061233236271616,0.2794041527792957
2063,0.73,0.09637740959548027,0.1798008082230724,0.3539360382104666,0.0884203579554135,0.002061233236271616,0.2794041527792957
2063,0.74,0.09637740959548027,0.1798008082230724,0.3539360382104666,0.0884203579554135,0.002061233236271616,0.2794041527792957
2063,0.75,0.09637740959548027,0.1798008082230724,0.3539360382104666,0.0884203579554135,0.002061233236271616,0.2794041527792957
2063,0.76,0.09637740959548027,0.1798008082230724,0.3539360382104666,0.0884203579554135,0.002061233236271616,0.2794041527792957
2063,0.77,0.09637740959548027,0.1798008082230724,0.3539360382104666,0.0884203579554135,0.002061233236271616,0.2794041527792957
2063,0.78,0.09637740959548027,0.1798008082230724,0.3539360382104666,0.0884203579554135,0.002061233236271616,0.2794041527792957
2063,0.79,0.09637740959548027,0.1798008082230724,0.3539360382104666,0.0884203579554135,0.002061233236271616,0.2794041527792957
2063,0.8,0.09637740959548027,0.1798008082230724,0.3539360382104666,0.0884203579554135,0.002061233236271616,0.2794041527792957
2063,0.81,0.09637740959548027,0.1798008082230724,0.3539360382104666,0.0884203579554135,0.002061233236271616,0.2794041527792957
2063,0.8200000000000001,0.09637740959548027,0.1798008082230724,0.3539360382104666,0.0884203579554135,0.002061233236271616,0.2794041527792957
2063,0.8300000000000001,0.09637740959548027,0.1798008082230724,0.3539360382104666,0.0884203579554135,0.002061233236271616,0.2794041527792957
2063,0.8400000000000001,0.09637740959548027,0.1798008082230724,0.3539360382104666,0.0884203579554135,0.002061233236271616,0.2794041527792957
2063,0.85,0.09637740959548027,0.1798008082230724,0.3539360382104666,0.0884203579554135,0.002061233236271616,0.2794041527792957
2063,0.86,0.09637740959548027,0.1798008082230724,0.3539360382104666,0.0884203579554135,0.002061233236271616,0.2794041527792957
2063,0.87,0.09637740959548027,0.1798008082230724,0.3539360382104666,0.0884203579554135,0.002061233236271616,0.2794041527792957
2063,0.88,0.09637740959548027,0.1798008082230724,0.3539360382104666,0.0884203579554135,0.002061233236271616,0.2794041527792957
2063,0.89,0.09637740959548027,0.1798008082230724,0.3539360382104666,0.0884203579554135,0.002061233236271616,0.2794041527792957
2063,0.9,0.09637740959548027,0.1798008082230724,0.3539360382104666,0.0884203579554135,0.002061233236271616,0.2794041527792957
2063,0.91,0.09637740959548027,0.1798008082230724,0.3539360382104666,0.0884203579554135,0.002061233236271616,0.2794041527792957
2063,0.92,0.09637740959548027,0.1798008082230724,0.3539360382104666,0.0884203579554135,0.002061233236271616,0.2794041527792957
2063,0.93,0.09637740959548027,0.1798008082230724,0.3539360382104666,0.0884203579554135,0.002061233236271616,0.2794041527792957
2063,0.9400000000000001,0.09637740959548027,0.1798008082230724,0.3539360382104666,0.0884203579554135,0.002061233236271616,0.2794041527792957
2063,0.9500000000000001,0.09637740959548027,0.1798008082230724,0.3539360382104666,0.0884203579554135,0.002061233236271616,0.2794041527792957
2063,0.9600000000000001,0.09637740959548027,0.1798008082230724,0.3539360382104666,0.0884203579554135,0.002061233236271616,0.2794041527792957
2063,0.97,0.09637740959548027,0.1798008082230724,0.3539360382104666,0.0884203579554135,0.002061233236271616,0.2794041527792957
2063,0.98,0.09637740959548027,0.1798008082230724,0.3539360382104666,0.0884203579554135,0.002061233236271616,0.2794041527792957
2063,0.99,0.09637740959548027,0.1798008082230724,0.3539360382104666,0.0884203579554135,0.002061233236271616,0.2794041527792957
2063,1.0,0.09637740959548027,0.1798008082230724,0.3539360382104666,0.0884203579554135,0.002061233236271616,0.2794041527792957
2064,0.01,0.18783003833275222,0.27954957150649995,0.033123099631934,0.10241011638491748,0.2647355413687056,0.13235163277519074
2064,0.02,0.18783003833275222,0.27954957150649995,0.033123099631934,0.10241011638491748,0.2647355413687056,0.13235163277519074
2064,0.03,0.18783003833275222,0.27954957150649995,0.033123099631934,0.10241011638491748,0.2647355413687056,0.13235163277519074
2064,0.04,0.18783003833275222,0.27954957150649995,0.033123099631934,0.10241011638491748,0.2647355413687056,0.13235163277519074
2064,0.05,0.18783003833275222,0.27954957150649995,0.033123099631934,0.10241011638491748,0.2647355413687056,0.13235163277519074
2064,0.060000000000000005,0.18783003833275222,0.27954957150649995,0.033123099631934,0.10241011638491748,0.2647355413687056,0.13235163277519074
2064,0.06999999999999999,0.18783003833275222,0.27954957150649995,0.033123099631934,0.10241011638491748,0.2647355413687056,0.13235163277519074
2064,0.08,0.18783003833275222,0.27954957150649995,0.033123099631934,0.10241011638491748,0.2647355413687056,0.13235163277519074
2064,0.09,0.18783003833275222,0.27954957150649995,0.033123099631934,0.10241011638491748,0.2647355413687056,0.13235163277519074
2064,0.09999999999999999,0.18783003833275222,0.27954957150649995,0.033123099631934,0.10241011638491748,0.2647355413687056,0.13235163277519074
2064,0.11,0.18783003833275222,0.27954957150649995,0.033123099631934,0.10241011638491748,0.2647355413687056,0.13235163277519074
2064,0.12,0.18783003833275222,0.27954957150649995,0.033123099631934,0.10241011638491748,0.2647355413687056,0.13235163277519074
2064,0.13,0.18783003833275222,0.27954957150649995,0.033123099631934,0.10241011638491748,0.2647355413687056,0.13235163277519074
2064,0.14,0.18783003833275222,0.27954957150649995,0.033123099631934,0.10241011638491748,0.2647355413687056,0.13235163277519074
2064,0.15000000000000002,0.18783003833275222,0.27954957150649995,0.033123099631934,0.10241011638491748,0.2647355413687056,0.13235163277519074
2064,0.16,0.18783003833275222,0.27954957150649995,0.033123099631934,0.10241011638491748,0.2647355413687056,0.13235163277519074
2064,0.17,0.18783003833275222,0.27954957150649995,0.033123099631934,0.10241011638491748,0.2647355413687056,0.13235163277519074
2064,0.18000000000000002,0.18783003833275222,0.27954957150649995,0.033123099631934,0.10241011638491748,0.2647355413687056,0.13235163277519074
2064,0.19,0.18783003833275222,0.27954957150649995,0.033123099631934,0.10241011638491748,0.2647355413687056,0.13235163277519074
2064,0.2,0.18783003833275222,0.27954957150649995,0.033123099631934,0.10241011638491748,0.2647355413687056,0.13235163277519074
2064,0.21000000000000002,0.18783003833275222,0.27954957150649995,0.033123099631934,0.10241011638491748,0.2647355413687056,0.13235163277519074
2064,0.22,0.18783003833275222,0.27954957150649995,0.033123099631934,0.10241011638491748,0.2647355413687056,0.13235163277519074
2064,0.23,0.18783003833275222,0.27954957150649995,0.033123099631934,0.10241011638491748,0.2647355413687056,0.13235163277519074
2064,0.24000000000000002,0.18783003833275222,0.27954957150649995,0.033123099631934,0.10241011638491748,0.2647355413687056,0.13235163277519074
2064,0.25,0.18783003833275222,0.27954957150649995,0.033123099631934,0.10241011638491748,0.2647355413687056,0.13235163277519074
2064,0.26,0.18783003833275222,0.27954957150649995,0.033123099631934,0.10241011638491748,0.2647355413687056,0.13235163277519074
2064,0.27,0.18783003833275222,0.27954957150649995,0.033123099631934,0.10241011638491748,0.2647355413687056,0.13235163277519074
2064,0.28,0.18783003833275222,0.27954957150649995,0.033123099631934,0.10241011638491748,0.2647355413687056,0.13235163277519074
2064,0.29000000000000004,0.18783003833275222,0.27954957150649995,0.033123099631934,0.10241011638491748,0.2647355413687056,0.13235163277519074
2064,0.3,0.18783003833275222,0.27954957150649995,0.033123099631934,0.10241011638491748,0.2647355413687056,0.13235163277519074
2064,0.31,0.18783003833275222,0.27954957150649995,0.033123099631934,0.10241011638491748,0.2647355413687056,0.13235163277519074
2064,0.32,0.18783003833275222,0.27954957150649995,0.033123099631934,0.10241011638491748,0.2647355413687056,0.13235163277519074
2064,0.33,0.18783003833275222,0.27954957150649995,0.033123099631934,0.10241011638491748,0.2647355413687056,0.13235163277519074
2064,0.34,0.18783003833275222,0.27954957150649995,0.033123099631934,0.10241011638491748,0.2647355413687056,0.13235163277519074
2064,0.35000000000000003,0.18783003833275222,0.27954957150649995,0.033123099631934,0.10241011638491748,0.2647355413687056,0.13235163277519074
2064,0.36000000000000004,0.18783003833275222,0.27954957150649995,0.033123099631934,0.10241011638491748,0.2647355413687056,0.13235163277519074
2064,0.37,0.18783003833275222,0.27954957150649995,0.033123099631934,0.10241011638491748,0.2647355413687056,0.13235163277519074
2064,0.38,0.18783003833275222,0.27954957150649995,0.033123099631934,0.10241011638491748,0.2647355413687056,0.13235163277519074
2064,0.39,0.18783003833275222,0.27954957150649995,0.033123099631934,0.10241011638491748,0.2647355413687056,0.13235163277519074
2064,0.4,0.18783003833275222,0.27954957150649995,0.033123099631934,0.10241011638491748,0.2647355413687056,0.13235163277519074
2064,0.41000000000000003,0.18783003833275222,0.27954957150649995,0.033123099631934,0.10241011638491748,0.2647355413687056,0.13235163277519074
2064,0.42000000000000004,0.18783003833275222,0.27954957150649995,0.033123099631934,0.10241011638491748,0.2647355413687056,0.13235163277519074
2064,0.43,0.18783003833275222,0.27954957150649995,0.033123099631934,0.10241011638491748,0.2647355413687056,0.13235163277519074
2064,0.44,0.18783003833275222,0.27954957150649995,0.033123099631934,0.10241011638491748,0.2647355413687056,0.13235163277519074
2064,0.45,0.18783003833275222,0.27954957150649995,0.033123099631934,0.10241011638491748,0.2647355413687056,0.13235163277519074
2064,0.46,0.18783003833275222,0.27954957150649995,0.033123099631934,0.10241011638491748,0.2647355413687056,0.13235163277519074
2064,0.47000000000000003,0.18783003833275222,0.27954957150649995,0.033123099631934,0.10241011638491748,0.2647355413687056,0.13235163277519074
2064,0.48000000000000004,0.18783003833275222,0.27954957150649995,0.033123099631934,0.10241011638491748,0.2647355413687056,0.13235163277519074
2064,0.49,0.18783003833275222,0.27954957150649995,0.033123099631934,0.10241011638491748,0.2647355413687056,0.13235163277519074
2064,0.5,0.18783003833275222,0.27954957150649995,0.033123099631934,0.10241011638491748,0.2647355413687056,0.13235163277519074
2064,0.51,0.18783003833275222,0.27954957150649995,0.033123099631934,0.10241011638491748,0.2647355413687056,0.13235163277519074
2064,0.52,0.18783003833275222,0.27954957150649995,0.033123099631934,0.10241011638491748,0.2647355413687056,0.13235163277519074
2064,0.53,0.18783003833275222,0.27954957150649995,0.033123099631934,0.10241011638491748,0.2647355413687056,0.13235163277519074
2064,0.54,0.18783003833275222,0.27954957150649995,0.033123099631934,0.10241011638491748,0.2647355413687056,0.13235163277519074
2064,0.55,0.18783003833275222,0.27954957150649995,0.033123099631934,0.10241011638491748,0.2647355413687056,0.13235163277519074
2064,0.56,0.18783003833275222,0.27954957150649995,0.033123099631934,0.10241011638491748,0.2647355413687056,0.13235163277519074
2064,0.5700000000000001,0.18783003833275222,0.27954957150649995,0.033123099631934,0.10241011638491748,0.2647355413687056,0.13235163277519074
2064,0.5800000000000001,0.18783003833275222,0.27954957150649995,0.033123099631934,0.10241011638491748,0.2647355413687056,0.13235163277519074
2064,0.59,0.18783003833275222,0.27954957150649995,0.033123099631934,0.10241011638491748,0.2647355413687056,0.13235163277519074
2064,0.6,0.18783003833275222,0.27954957150649995,0.033123099631934,0.10241011638491748,0.2647355413687056,0.13235163277519074
2064,0.61,0.18783003833275222,0.27954957150649995,0.033123099631934,0.10241011638491748,0.2647355413687056,0.13235163277519074
2064,0.62,0.18783003833275222,0.27954957150649995,0.033123099631934,0.10241011638491748,0.2647355413687056,0.13235163277519074
2064,0.63,0.18783003833275222,0.27954957150649995,0.033123099631934,0.10241011638491748,0.2647355413687056,0.13235163277519074
2064,0.64,0.18783003833275222,0.27954957150649995,0.033123099631934,0.10241011638491748,0.2647355413687056,0.13235163277519074
2064,0.65,0.18783003833275222,0.27954957150649995,0.033123099631934,0.10241011638491748,0.2647355413687056,0.13235163277519074
2064,0.66,0.18783003833275222,0.27954957150649995,0.033123099631934,0.10241011638491748,0.2647355413687056,0.13235163277519074
2064,0.67,0.18783003833275222,0.27954957150649995,0.033123099631934,0.10241011638491748,0.2647355413687056,0.13235163277519074
2064,0.68,0.18783003833275222,0.27954957150649995,0.033123099631934,0.10241011638491748,0.2647355413687056,0.13235163277519074
2064,0.6900000000000001,0.18783003833275222,0.27954957150649995,0.033123099631934,0.10241011638491748,0.2647355413687056,0.13235163277519074
2064,0.7000000000000001,0.18783003833275222,0.27954957150649995,0.033123099631934,0.10241011638491748,0.2647355413687056,0.13235163277519074
2064,0.7100000000000001,0.18783003833275222,0.27954957150649995,0.033123099631934,0.10241011638491748,0.2647355413687056,0.13235163277519074
2064,0.72,0.18783003833275222,0.27954957150649995,0.033123099631934,0.10241011638491748,0.2647355413687056,0.13235163277519074
2064,0.73,0.18783003833275222,0.27954957150649995,0.033123099631934,0.10241011638491748,0.2647355413687056,0.13235163277519074
2064,0.74,0.18783003833275222,0.27954957150649995,0.033123099631934,0.10241011638491748,0.2647355413687056,0.13235163277519074
2064,0.75,0.18783003833275222,0.27954957150649995,0.033123099631934,0.10241011638491748,0.2647355413687056,0.13235163277519074
2064,0.76,0.18783003833275222,0.27954957150649995,0.033123099631934,0.10241011638491748,0.2647355413687056,0.13235163277519074
2064,0.77,0.18783003833275222,0.27954957150649995,0.033123099631934,0.10241011638491748,0.2647355413687056,0.13235163277519074
2064,0.78,0.18783003833275222,0.27954957150649995,0.033123099631934,0.10241011638491748,0.2647355413687056,0.13235163277519074
2064,0.79,0.18783003833275222,0.27954957150649995,0.033123099631934,0.10241011638491748,0.2647355413687056,0.13235163277519074
2064,0.8,0.18783003833275222,0.27954957150649995,0.033123099631934,0.10241011638491748,0.2647355413687056,0.13235163277519074
2064,0.81,0.18783003833275222,0.27954957150649995,0.033123099631934,0.10241011638491748,0.2647355413687056,0.13235163277519074
2064,0.8200000000000001,0.18783003833275222,0.27954957150649995,0.033123099631934,0.10241011638491748,0.2647355413687056,0.13235163277519074
2064,0.8300000000000001,0.18783003833275222,0.27954957150649995,0.033123099631934,0.10241011638491748,0.2647355413687056,0.13235163277519074
2064,0.8400000000000001,0.18783003833275222,0.27954957150649995,0.033123099631934,0.10241011638491748,0.2647355413687056,0.13235163277519074
2064,0.85,0.18783003833275222,0.27954957150649995,0.033123099631934,0.10241011638491748,0.2647355413687056,0.13235163277519074
2064,0.86,0.18783003833275222,0.27954957150649995,0.033123099631934,0.10241011638491748,0.2647355413687056,0.13235163277519074
2064,0.87,0.18783003833275222,0.27954957150649995,0.033123099631934,0.10241011638491748,0.2647355413687056,0.13235163277519074
2064,0.88,0.18783003833275222,0.27954957150649995,0.033123099631934,0.10241011638491748,0.2647355413687056,0.13235163277519074
2064,0.89,0.18783003833275222,0.27954957150649995,0.033123099631934,0.10241011638491748,0.2647355413687056,0.13235163277519074
2064,0.9,0.18783003833275222,0.27954957150649995,0.033123099631934,0.10241011638491748,0.2647355413687056,0.13235163277519074
2064,0.91,0.18783003833275222,0.27954957150649995,0.033123099631934,0.10241011638491748,0.2647355413687056,0.13235163277519074
2064,0.92,0.18783003833275222,0.27954957150649995,0.033123099631934,0.10241011638491748,0.2647355413687056,0.13235163277519074
2064,0.93,0.18783003833275222,0.27954957150649995,0.033123099631934,0.10241011638491748,0.2647355413687056,0.13235163277519074
2064,0.9400000000000001,0.18783003833275222,0.27954957150649995,0.033123099631934,0.10241011638491748,0.2647355413687056,0.13235163277519074
2064,0.9500000000000001,0.18783003833275222,0.27954957150649995,0.033123099631934,0.10241011638491748,0.2647355413687056,0.13235163277519074
2064,0.9600000000000001,0.18783003833275222,0.27954957150649995,0.033123099631934,0.10241011638491748,0.2647355413687056,0.13235163277519074
2064,0.97,0.18783003833275222,0.27954957150649995,0.033123099631934,0.10241011638491748,0.2647355413687056,0.13235163277519074
2064,0.98,0.18783003833275222,0.27954957150649995,0.033123099631934,0.10241011638491748,0.2647355413687056,0.13235163277519074
2064,0.99,0.18783003833275222,0.27954957150649995,0.033123099631934,0.10241011638491748,0.2647355413687056,0.13235163277519074
2064,1.0,0.18783003833275222,0.27954957150649995,0.033123099631934,0.10241011638491748,0.2647355413687056,0.13235163277519074
2065,0.01,0.052108092002420586,0.15501752367814065,0.16693007532354479,0.24342947357162947,0.034393224613801704,0.3481216108104627
2065,0.02,0.052108092002420586,0.15501752367814065,0.16693007532354479,0.24342947357162947,0.034393224613801704,0.3481216108104627
2065,0.03,0.052108092002420586,0.15501752367814065,0.16693007532354479,0.24342947357162947,0.034393224613801704,0.3481216108104627
2065,0.04,0.052108092002420586,0.15501752367814065,0.16693007532354479,0.24342947357162947,0.034393224613801704,0.3481216108104627
2065,0.05,0.052108092002420586,0.15501752367814065,0.16693007532354479,0.24342947357162947,0.034393224613801704,0.3481216108104627
2065,0.060000000000000005,0.052108092002420586,0.15501752367814065,0.16693007532354479,0.24342947357162947,0.034393224613801704,0.3481216108104627
2065,0.06999999999999999,0.052108092002420586,0.15501752367814065,0.16693007532354479,0.24342947357162947,0.034393224613801704,0.3481216108104627
2065,0.08,0.052108092002420586,0.15501752367814065,0.16693007532354479,0.24342947357162947,0.034393224613801704,0.3481216108104627
2065,0.09,0.052108092002420586,0.15501752367814065,0.16693007532354479,0.24342947357162947,0.034393224613801704,0.3481216108104627
2065,0.09999999999999999,0.052108092002420586,0.15501752367814065,0.16693007532354479,0.24342947357162947,0.034393224613801704,0.3481216108104627
2065,0.11,0.052108092002420586,0.15501752367814065,0.16693007532354479,0.24342947357162947,0.034393224613801704,0.3481216108104627
2065,0.12,0.052108092002420586,0.15501752367814065,0.16693007532354479,0.24342947357162947,0.034393224613801704,0.3481216108104627
2065,0.13,0.052108092002420586,0.15501752367814065,0.16693007532354479,0.24342947357162947,0.034393224613801704,0.3481216108104627
2065,0.14,0.052108092002420586,0.15501752367814065,0.16693007532354479,0.24342947357162947,0.034393224613801704,0.3481216108104627
2065,0.15000000000000002,0.052108092002420586,0.15501752367814065,0.16693007532354479,0.24342947357162947,0.034393224613801704,0.3481216108104627
2065,0.16,0.052108092002420586,0.15501752367814065,0.16693007532354479,0.24342947357162947,0.034393224613801704,0.3481216108104627
2065,0.17,0.052108092002420586,0.15501752367814065,0.16693007532354479,0.24342947357162947,0.034393224613801704,0.3481216108104627
2065,0.18000000000000002,0.052108092002420586,0.15501752367814065,0.16693007532354479,0.24342947357162947,0.034393224613801704,0.3481216108104627
2065,0.19,0.052108092002420586,0.15501752367814065,0.16693007532354479,0.24342947357162947,0.034393224613801704,0.3481216108104627
2065,0.2,0.052108092002420586,0.15501752367814065,0.16693007532354479,0.24342947357162947,0.034393224613801704,0.3481216108104627
2065,0.21000000000000002,0.052108092002420586,0.15501752367814065,0.16693007532354479,0.24342947357162947,0.034393224613801704,0.3481216108104627
2065,0.22,0.052108092002420586,0.15501752367814065,0.16693007532354479,0.24342947357162947,0.034393224613801704,0.3481216108104627
2065,0.23,0.052108092002420586,0.15501752367814065,0.16693007532354479,0.24342947357162947,0.034393224613801704,0.3481216108104627
2065,0.24000000000000002,0.052108092002420586,0.15501752367814065,0.16693007532354479,0.24342947357162947,0.034393224613801704,0.3481216108104627
2065,0.25,0.052108092002420586,0.15501752367814065,0.16693007532354479,0.24342947357162947,0.034393224613801704,0.3481216108104627
2065,0.26,0.052108092002420586,0.15501752367814065,0.16693007532354479,0.24342947357162947,0.034393224613801704,0.3481216108104627
2065,0.27,0.052108092002420586,0.15501752367814065,0.16693007532354479,0.24342947357162947,0.034393224613801704,0.3481216108104627
2065,0.28,0.052108092002420586,0.15501752367814065,0.16693007532354479,0.24342947357162947,0.034393224613801704,0.3481216108104627
2065,0.29000000000000004,0.052108092002420586,0.15501752367814065,0.16693007532354479,0.24342947357162947,0.034393224613801704,0.3481216108104627
2065,0.3,0.052108092002420586,0.15501752367814065,0.16693007532354479,0.24342947357162947,0.034393224613801704,0.3481216108104627
2065,0.31,0.052108092002420586,0.15501752367814065,0.16693007532354479,0.24342947357162947,0.034393224613801704,0.3481216108104627
2065,0.32,0.052108092002420586,0.15501752367814065,0.16693007532354479,0.24342947357162947,0.034393224613801704,0.3481216108104627
2065,0.33,0.052108092002420586,0.15501752367814065,0.16693007532354479,0.24342947357162947,0.034393224613801704,0.3481216108104627
2065,0.34,0.052108092002420586,0.15501752367814065,0.16693007532354479,0.24342947357162947,0.034393224613801704,0.3481216108104627
2065,0.35000000000000003,0.052108092002420586,0.15501752367814065,0.16693007532354479,0.24342947357162947,0.034393224613801704,0.3481216108104627
2065,0.36000000000000004,0.052108092002420586,0.15501752367814065,0.16693007532354479,0.24342947357162947,0.034393224613801704,0.3481216108104627
2065,0.37,0.052108092002420586,0.15501752367814065,0.16693007532354479,0.24342947357162947,0.034393224613801704,0.3481216108104627
2065,0.38,0.052108092002420586,0.15501752367814065,0.16693007532354479,0.24342947357162947,0.034393224613801704,0.3481216108104627
2065,0.39,0.052108092002420586,0.15501752367814065,0.16693007532354479,0.24342947357162947,0.034393224613801704,0.3481216108104627
2065,0.4,0.052108092002420586,0.15501752367814065,0.16693007532354479,0.24342947357162947,0.034393224613801704,0.3481216108104627
2065,0.41000000000000003,0.052108092002420586,0.15501752367814065,0.16693007532354479,0.24342947357162947,0.034393224613801704,0.3481216108104627
2065,0.42000000000000004,0.052108092002420586,0.15501752367814065,0.16693007532354479,0.24342947357162947,0.034393224613801704,0.3481216108104627
2065,0.43,0.052108092002420586,0.15501752367814065,0.16693007532354479,0.24342947357162947,0.034393224613801704,0.3481216108104627
2065,0.44,0.052108092002420586,0.15501752367814065,0.16693007532354479,0.24342947357162947,0.034393224613801704,0.3481216108104627
2065,0.45,0.052108092002420586,0.15501752367814065,0.16693007532354479,0.24342947357162947,0.034393224613801704,0.3481216108104627
2065,0.46,0.052108092002420586,0.15501752367814065,0.16693007532354479,0.24342947357162947,0.034393224613801704,0.3481216108104627
2065,0.47000000000000003,0.052108092002420586,0.15501752367814065,0.16693007532354479,0.24342947357162947,0.034393224613801704,0.3481216108104627
2065,0.48000000000000004,0.052108092002420586,0.15501752367814065,0.16693007532354479,0.24342947357162947,0.034393224613801704,0.3481216108104627
2065,0.49,0.052108092002420586,0.15501752367814065,0.16693007532354479,0.24342947357162947,0.034393224613801704,0.3481216108104627
2065,0.5,0.052108092002420586,0.15501752367814065,0.16693007532354479,0.24342947357162947,0.034393224613801704,0.3481216108104627
2065,0.51,0.052108092002420586,0.15501752367814065,0.16693007532354479,0.24342947357162947,0.034393224613801704,0.3481216108104627
2065,0.52,0.052108092002420586,0.15501752367814065,0.16693007532354479,0.24342947357162947,0.034393224613801704,0.3481216108104627
2065,0.53,0.052108092002420586,0.15501752367814065,0.16693007532354479,0.24342947357162947,0.034393224613801704,0.3481216108104627
2065,0.54,0.052108092002420586,0.15501752367814065,0.16693007532354479,0.24342947357162947,0.034393224613801704,0.3481216108104627
2065,0.55,0.052108092002420586,0.15501752367814065,0.16693007532354479,0.24342947357162947,0.034393224613801704,0.3481216108104627
2065,0.56,0.052108092002420586,0.15501752367814065,0.16693007532354479,0.24342947357162947,0.034393224613801704,0.3481216108104627
2065,0.5700000000000001,0.052108092002420586,0.15501752367814065,0.16693007532354479,0.24342947357162947,0.034393224613801704,0.3481216108104627
2065,0.5800000000000001,0.052108092002420586,0.15501752367814065,0.16693007532354479,0.24342947357162947,0.034393224613801704,0.3481216108104627
2065,0.59,0.052108092002420586,0.15501752367814065,0.16693007532354479,0.24342947357162947,0.034393224613801704,0.3481216108104627
2065,0.6,0.052108092002420586,0.15501752367814065,0.16693007532354479,0.24342947357162947,0.034393224613801704,0.3481216108104627
2065,0.61,0.052108092002420586,0.15501752367814065,0.16693007532354479,0.24342947357162947,0.034393224613801704,0.3481216108104627
2065,0.62,0.052108092002420586,0.15501752367814065,0.16693007532354479,0.24342947357162947,0.034393224613801704,0.3481216108104627
2065,0.63,0.052108092002420586,0.15501752367814065,0.16693007532354479,0.24342947357162947,0.034393224613801704,0.3481216108104627
2065,0.64,0.052108092002420586,0.15501752367814065,0.16693007532354479,0.24342947357162947,0.034393224613801704,0.3481216108104627
2065,0.65,0.052108092002420586,0.15501752367814065,0.16693007532354479,0.24342947357162947,0.034393224613801704,0.3481216108104627
2065,0.66,0.052108092002420586,0.15501752367814065,0.16693007532354479,0.24342947357162947,0.034393224613801704,0.3481216108104627
2065,0.67,0.052108092002420586,0.15501752367814065,0.16693007532354479,0.24342947357162947,0.034393224613801704,0.3481216108104627
2065,0.68,0.052108092002420586,0.15501752367814065,0.16693007532354479,0.24342947357162947,0.034393224613801704,0.3481216108104627
2065,0.6900000000000001,0.052108092002420586,0.15501752367814065,0.16693007532354479,0.24342947357162947,0.034393224613801704,0.3481216108104627
2065,0.7000000000000001,0.052108092002420586,0.15501752367814065,0.16693007532354479,0.24342947357162947,0.034393224613801704,0.3481216108104627
2065,0.7100000000000001,0.052108092002420586,0.15501752367814065,0.16693007532354479,0.24342947357162947,0.034393224613801704,0.3481216108104627
2065,0.72,0.052108092002420586,0.15501752367814065,0.16693007532354479,0.24342947357162947,0.034393224613801704,0.3481216108104627
2065,0.73,0.052108092002420586,0.15501752367814065,0.16693007532354479,0.24342947357162947,0.034393224613801704,0.3481216108104627
2065,0.74,0.052108092002420586,0.15501752367814065,0.16693007532354479,0.24342947357162947,0.034393224613801704,0.3481216108104627
2065,0.75,0.052108092002420586,0.15501752367814065,0.16693007532354479,0.24342947357162947,0.034393224613801704,0.3481216108104627
2065,0.76,0.052108092002420586,0.15501752367814065,0.16693007532354479,0.24342947357162947,0.034393224613801704,0.3481216108104627
2065,0.77,0.052108092002420586,0.15501752367814065,0.16693007532354479,0.24342947357162947,0.034393224613801704,0.3481216108104627
2065,0.78,0.052108092002420586,0.15501752367814065,0.16693007532354479,0.24342947357162947,0.034393224613801704,0.3481216108104627
2065,0.79,0.052108092002420586,0.15501752367814065,0.16693007532354479,0.24342947357162947,0.034393224613801704,0.3481216108104627
2065,0.8,0.052108092002420586,0.15501752367814065,0.16693007532354479,0.24342947357162947,0.034393224613801704,0.3481216108104627
2065,0.81,0.052108092002420586,0.15501752367814065,0.16693007532354479,0.24342947357162947,0.034393224613801704,0.3481216108104627
2065,0.8200000000000001,0.052108092002420586,0.15501752367814065,0.16693007532354479,0.24342947357162947,0.034393224613801704,0.3481216108104627
2065,0.8300000000000001,0.052108092002420586,0.15501752367814065,0.16693007532354479,0.24342947357162947,0.034393224613801704,0.3481216108104627
2065,0.8400000000000001,0.052108092002420586,0.15501752367814065,0.16693007532354479,0.24342947357162947,0.034393224613801704,0.3481216108104627
2065,0.85,0.052108092002420586,0.15501752367814065,0.16693007532354479,0.24342947357162947,0.034393224613801704,0.3481216108104627
2065,0.86,0.052108092002420586,0.15501752367814065,0.16693007532354479,0.24342947357162947,0.034393224613801704,0.3481216108104627
2065,0.87,0.052108092002420586,0.15501752367814065,0.16693007532354479,0.24342947357162947,0.034393224613801704,0.3481216108104627
2065,0.88,0.052108092002420586,0.15501752367814065,0.16693007532354479,0.24342947357162947,0.034393224613801704,0.3481216108104627
2065,0.89,0.052108092002420586,0.15501752367814065,0.16693007532354479,0.24342947357162947,0.034393224613801704,0.3481216108104627
2065,0.9,0.052108092002420586,0.15501752367814065,0.16693007532354479,0.24342947357162947,0.034393224613801704,0.3481216108104627
2065,0.91,0.052108092002420586,0.15501752367814065,0.16693007532354479,0.24342947357162947,0.034393224613801704,0.3481216108104627
2065,0.92,0.052108092002420586,0.15501752367814065,0.16693007532354479,0.24342947357162947,0.034393224613801704,0.3481216108104627
2065,0.93,0.052108092002420586,0.15501752367814065,0.16693007532354479,0.24342947357162947,0.034393224613801704,0.3481216108104627
2065,0.9400000000000001,0.052108092002420586,0.15501752367814065,0.16693007532354479,0.24342947357162947,0.034393224613801704,0.3481216108104627
2065,0.9500000000000001,0.052108092002420586,0.15501752367814065,0.16693007532354479,0.24342947357162947,0.034393224613801704,0.3481216108104627
2065,0.9600000000000001,0.052108092002420586,0.15501752367814065,0.16693007532354479,0.24342947357162947,0.034393224613801704,0.3481216108104627
2065,0.97,0.052108092002420586,0.15501752367814065,0.16693007532354479,0.24342947357162947,0.034393224613801704,0.3481216108104627
2065,0.98,0.052108092002420586,0.15501752367814065,0.16693007532354479,0.24342947357162947,0.034393224613801704,0.3481216108104627
2065,0.99,0.052108092002420586,0.15501752367814065,0.16693007532354479,0.24342947357162947,0.034393224613801704,0.3481216108104627
2065,1.0,0.052108092002420586,0.15501752367814065,0.16693007532354479,0.24342947357162947,0.034393224613801704,0.3481216108104627
2066,0.01,0.08729799412007075,0.05776801088109935,0.185355145612942,0.21722245050742836,0.13583688448482742,0.31651951439363213
2066,0.02,0.08729799412007075,0.05776801088109935,0.185355145612942,0.21722245050742836,0.13583688448482742,0.31651951439363213
2066,0.03,0.08729799412007075,0.05776801088109935,0.185355145612942,0.21722245050742836,0.13583688448482742,0.31651951439363213
2066,0.04,0.08729799412007075,0.05776801088109935,0.185355145612942,0.21722245050742836,0.13583688448482742,0.31651951439363213
2066,0.05,0.08729799412007075,0.05776801088109935,0.185355145612942,0.21722245050742836,0.13583688448482742,0.31651951439363213
2066,0.060000000000000005,0.08729799412007075,0.05776801088109935,0.185355145612942,0.21722245050742836,0.13583688448482742,0.31651951439363213
2066,0.06999999999999999,0.08729799412007075,0.05776801088109935,0.185355145612942,0.21722245050742836,0.13583688448482742,0.31651951439363213
2066,0.08,0.08729799412007075,0.05776801088109935,0.185355145612942,0.21722245050742836,0.13583688448482742,0.31651951439363213
2066,0.09,0.08729799412007075,0.05776801088109935,0.185355145612942,0.21722245050742836,0.13583688448482742,0.31651951439363213
2066,0.09999999999999999,0.08729799412007075,0.05776801088109935,0.185355145612942,0.21722245050742836,0.13583688448482742,0.31651951439363213
2066,0.11,0.08729799412007075,0.05776801088109935,0.185355145612942,0.21722245050742836,0.13583688448482742,0.31651951439363213
2066,0.12,0.08729799412007075,0.05776801088109935,0.185355145612942,0.21722245050742836,0.13583688448482742,0.31651951439363213
2066,0.13,0.08729799412007075,0.05776801088109935,0.185355145612942,0.21722245050742836,0.13583688448482742,0.31651951439363213
2066,0.14,0.08729799412007075,0.05776801088109935,0.185355145612942,0.21722245050742836,0.13583688448482742,0.31651951439363213
2066,0.15000000000000002,0.08729799412007075,0.05776801088109935,0.185355145612942,0.21722245050742836,0.13583688448482742,0.31651951439363213
2066,0.16,0.08729799412007075,0.05776801088109935,0.185355145612942,0.21722245050742836,0.13583688448482742,0.31651951439363213
2066,0.17,0.08729799412007075,0.05776801088109935,0.185355145612942,0.21722245050742836,0.13583688448482742,0.31651951439363213
2066,0.18000000000000002,0.08729799412007075,0.05776801088109935,0.185355145612942,0.21722245050742836,0.13583688448482742,0.31651951439363213
2066,0.19,0.08729799412007075,0.05776801088109935,0.185355145612942,0.21722245050742836,0.13583688448482742,0.31651951439363213
2066,0.2,0.08729799412007075,0.05776801088109935,0.185355145612942,0.21722245050742836,0.13583688448482742,0.31651951439363213
2066,0.21000000000000002,0.08729799412007075,0.05776801088109935,0.185355145612942,0.21722245050742836,0.13583688448482742,0.31651951439363213
2066,0.22,0.08729799412007075,0.05776801088109935,0.185355145612942,0.21722245050742836,0.13583688448482742,0.31651951439363213
2066,0.23,0.08729799412007075,0.05776801088109935,0.185355145612942,0.21722245050742836,0.13583688448482742,0.31651951439363213
2066,0.24000000000000002,0.08729799412007075,0.05776801088109935,0.185355145612942,0.21722245050742836,0.13583688448482742,0.31651951439363213
2066,0.25,0.08729799412007075,0.05776801088109935,0.185355145612942,0.21722245050742836,0.13583688448482742,0.31651951439363213
2066,0.26,0.08729799412007075,0.05776801088109935,0.185355145612942,0.21722245050742836,0.13583688448482742,0.31651951439363213
2066,0.27,0.08729799412007075,0.05776801088109935,0.185355145612942,0.21722245050742836,0.13583688448482742,0.31651951439363213
2066,0.28,0.08729799412007075,0.05776801088109935,0.185355145612942,0.21722245050742836,0.13583688448482742,0.31651951439363213
2066,0.29000000000000004,0.08729799412007075,0.05776801088109935,0.185355145612942,0.21722245050742836,0.13583688448482742,0.31651951439363213
2066,0.3,0.08729799412007075,0.05776801088109935,0.185355145612942,0.21722245050742836,0.13583688448482742,0.31651951439363213
2066,0.31,0.08729799412007075,0.05776801088109935,0.185355145612942,0.21722245050742836,0.13583688448482742,0.31651951439363213
2066,0.32,0.08729799412007075,0.05776801088109935,0.185355145612942,0.21722245050742836,0.13583688448482742,0.31651951439363213
2066,0.33,0.08729799412007075,0.05776801088109935,0.185355145612942,0.21722245050742836,0.13583688448482742,0.31651951439363213
2066,0.34,0.08729799412007075,0.05776801088109935,0.185355145612942,0.21722245050742836,0.13583688448482742,0.31651951439363213
2066,0.35000000000000003,0.08729799412007075,0.05776801088109935,0.185355145612942,0.21722245050742836,0.13583688448482742,0.31651951439363213
2066,0.36000000000000004,0.08729799412007075,0.05776801088109935,0.185355145612942,0.21722245050742836,0.13583688448482742,0.31651951439363213
2066,0.37,0.08729799412007075,0.05776801088109935,0.185355145612942,0.21722245050742836,0.13583688448482742,0.31651951439363213
2066,0.38,0.08729799412007075,0.05776801088109935,0.185355145612942,0.21722245050742836,0.13583688448482742,0.31651951439363213
2066,0.39,0.08729799412007075,0.05776801088109935,0.185355145612942,0.21722245050742836,0.13583688448482742,0.31651951439363213
2066,0.4,0.08729799412007075,0.05776801088109935,0.185355145612942,0.21722245050742836,0.13583688448482742,0.31651951439363213
2066,0.41000000000000003,0.08729799412007075,0.05776801088109935,0.185355145612942,0.21722245050742836,0.13583688448482742,0.31651951439363213
2066,0.42000000000000004,0.08729799412007075,0.05776801088109935,0.185355145612942,0.21722245050742836,0.13583688448482742,0.31651951439363213
2066,0.43,0.08729799412007075,0.05776801088109935,0.185355145612942,0.21722245050742836,0.13583688448482742,0.31651951439363213
2066,0.44,0.08729799412007075,0.05776801088109935,0.185355145612942,0.21722245050742836,0.13583688448482742,0.31651951439363213
2066,0.45,0.08729799412007075,0.05776801088109935,0.185355145612942,0.21722245050742836,0.13583688448482742,0.31651951439363213
2066,0.46,0.08729799412007075,0.05776801088109935,0.185355145612942,0.21722245050742836,0.13583688448482742,0.31651951439363213
2066,0.47000000000000003,0.08729799412007075,0.05776801088109935,0.185355145612942,0.21722245050742836,0.13583688448482742,0.31651951439363213
2066,0.48000000000000004,0.08729799412007075,0.05776801088109935,0.185355145612942,0.21722245050742836,0.13583688448482742,0.31651951439363213
2066,0.49,0.08729799412007075,0.05776801088109935,0.185355145612942,0.21722245050742836,0.13583688448482742,0.31651951439363213
2066,0.5,0.08729799412007075,0.05776801088109935,0.185355145612942,0.21722245050742836,0.13583688448482742,0.31651951439363213
2066,0.51,0.08729799412007075,0.05776801088109935,0.185355145612942,0.21722245050742836,0.13583688448482742,0.31651951439363213
2066,0.52,0.08729799412007075,0.05776801088109935,0.185355145612942,0.21722245050742836,0.13583688448482742,0.31651951439363213
2066,0.53,0.08729799412007075,0.05776801088109935,0.185355145612942,0.21722245050742836,0.13583688448482742,0.31651951439363213
2066,0.54,0.08729799412007075,0.05776801088109935,0.185355145612942,0.21722245050742836,0.13583688448482742,0.31651951439363213
2066,0.55,0.08729799412007075,0.05776801088109935,0.185355145612942,0.21722245050742836,0.13583688448482742,0.31651951439363213
2066,0.56,0.08729799412007075,0.05776801088109935,0.185355145612942,0.21722245050742836,0.13583688448482742,0.31651951439363213
2066,0.5700000000000001,0.08729799412007075,0.05776801088109935,0.185355145612942,0.21722245050742836,0.13583688448482742,0.31651951439363213
2066,0.5800000000000001,0.08729799412007075,0.05776801088109935,0.185355145612942,0.21722245050742836,0.13583688448482742,0.31651951439363213
2066,0.59,0.08729799412007075,0.05776801088109935,0.185355145612942,0.21722245050742836,0.13583688448482742,0.31651951439363213
2066,0.6,0.08729799412007075,0.05776801088109935,0.185355145612942,0.21722245050742836,0.13583688448482742,0.31651951439363213
2066,0.61,0.08729799412007075,0.05776801088109935,0.185355145612942,0.21722245050742836,0.13583688448482742,0.31651951439363213
2066,0.62,0.08729799412007075,0.05776801088109935,0.185355145612942,0.21722245050742836,0.13583688448482742,0.31651951439363213
2066,0.63,0.08729799412007075,0.05776801088109935,0.185355145612942,0.21722245050742836,0.13583688448482742,0.31651951439363213
2066,0.64,0.08729799412007075,0.05776801088109935,0.185355145612942,0.21722245050742836,0.13583688448482742,0.31651951439363213
2066,0.65,0.08729799412007075,0.05776801088109935,0.185355145612942,0.21722245050742836,0.13583688448482742,0.31651951439363213
2066,0.66,0.08729799412007075,0.05776801088109935,0.185355145612942,0.21722245050742836,0.13583688448482742,0.31651951439363213
2066,0.67,0.08729799412007075,0.05776801088109935,0.185355145612942,0.21722245050742836,0.13583688448482742,0.31651951439363213
2066,0.68,0.08729799412007075,0.05776801088109935,0.185355145612942,0.21722245050742836,0.13583688448482742,0.31651951439363213
2066,0.6900000000000001,0.08729799412007075,0.05776801088109935,0.185355145612942,0.21722245050742836,0.13583688448482742,0.31651951439363213
2066,0.7000000000000001,0.08729799412007075,0.05776801088109935,0.185355145612942,0.21722245050742836,0.13583688448482742,0.31651951439363213
2066,0.7100000000000001,0.08729799412007075,0.05776801088109935,0.185355145612942,0.21722245050742836,0.13583688448482742,0.31651951439363213
2066,0.72,0.08729799412007075,0.05776801088109935,0.185355145612942,0.21722245050742836,0.13583688448482742,0.31651951439363213
2066,0.73,0.08729799412007075,0.05776801088109935,0.185355145612942,0.21722245050742836,0.13583688448482742,0.31651951439363213
2066,0.74,0.08729799412007075,0.05776801088109935,0.185355145612942,0.21722245050742836,0.13583688448482742,0.31651951439363213
2066,0.75,0.08729799412007075,0.05776801088109935,0.185355145612942,0.21722245050742836,0.13583688448482742,0.31651951439363213
2066,0.76,0.08729799412007075,0.05776801088109935,0.185355145612942,0.21722245050742836,0.13583688448482742,0.31651951439363213
2066,0.77,0.08729799412007075,0.05776801088109935,0.185355145612942,0.21722245050742836,0.13583688448482742,0.31651951439363213
2066,0.78,0.08729799412007075,0.05776801088109935,0.185355145612942,0.21722245050742836,0.13583688448482742,0.31651951439363213
2066,0.79,0.08729799412007075,0.05776801088109935,0.185355145612942,0.21722245050742836,0.13583688448482742,0.31651951439363213
2066,0.8,0.08729799412007075,0.05776801088109935,0.185355145612942,0.21722245050742836,0.13583688448482742,0.31651951439363213
2066,0.81,0.08729799412007075,0.05776801088109935,0.185355145612942,0.21722245050742836,0.13583688448482742,0.31651951439363213
2066,0.8200000000000001,0.08729799412007075,0.05776801088109935,0.185355145612942,0.21722245050742836,0.13583688448482742,0.31651951439363213
2066,0.8300000000000001,0.08729799412007075,0.05776801088109935,0.185355145612942,0.21722245050742836,0.13583688448482742,0.31651951439363213
2066,0.8400000000000001,0.08729799412007075,0.05776801088109935,0.185355145612942,0.21722245050742836,0.13583688448482742,0.31651951439363213
2066,0.85,0.08729799412007075,0.05776801088109935,0.185355145612942,0.21722245050742836,0.13583688448482742,0.31651951439363213
2066,0.86,0.08729799412007075,0.05776801088109935,0.185355145612942,0.21722245050742836,0.13583688448482742,0.31651951439363213
2066,0.87,0.08729799412007075,0.05776801088109935,0.185355145612942,0.21722245050742836,0.13583688448482742,0.31651951439363213
2066,0.88,0.08729799412007075,0.05776801088109935,0.185355145612942,0.21722245050742836,0.13583688448482742,0.31651951439363213
2066,0.89,0.08729799412007075,0.05776801088109935,0.185355145612942,0.21722245050742836,0.13583688448482742,0.31651951439363213
2066,0.9,0.08729799412007075,0.05776801088109935,0.185355145612942,0.21722245050742836,0.13583688448482742,0.31651951439363213
2066,0.91,0.08729799412007075,0.05776801088109935,0.185355145612942,0.21722245050742836,0.13583688448482742,0.31651951439363213
2066,0.92,0.08729799412007075,0.05776801088109935,0.185355145612942,0.21722245050742836,0.13583688448482742,0.31651951439363213
2066,0.93,0.08729799412007075,0.05776801088109935,0.185355145612942,0.21722245050742836,0.13583688448482742,0.31651951439363213
2066,0.9400000000000001,0.08729799412007075,0.05776801088109935,0.185355145612942,0.21722245050742836,0.13583688448482742,0.31651951439363213
2066,0.9500000000000001,0.08729799412007075,0.05776801088109935,0.185355145612942,0.21722245050742836,0.13583688448482742,0.31651951439363213
2066,0.9600000000000001,0.08729799412007075,0.05776801088109935,0.185355145612942,0.21722245050742836,0.13583688448482742,0.31651951439363213
2066,0.97,0.08729799412007075,0.05776801088109935,0.185355145612942,0.21722245050742836,0.13583688448482742,0.31651951439363213
2066,0.98,0.08729799412007075,0.05776801088109935,0.185355145612942,0.21722245050742836,0.13583688448482742,0.31651951439363213
2066,0.99,0.08729799412007075,0.05776801088109935,0.185355145612942,0.21722245050742836,0.13583688448482742,0.31651951439363213
2066,1.0,0.08729799412007075,0.05776801088109935,0.185355145612942,0.21722245050742836,0.13583688448482742,0.31651951439363213
2067,0.01,0.015223899389489821,0.3135329068020704,0.1670974808589066,0.08956120946346055,0.032419911718601965,0.38216459176747064
2067,0.02,0.015223899389489821,0.3135329068020704,0.1670974808589066,0.08956120946346055,0.032419911718601965,0.38216459176747064
2067,0.03,0.015223899389489821,0.3135329068020704,0.1670974808589066,0.08956120946346055,0.032419911718601965,0.38216459176747064
2067,0.04,0.015223899389489821,0.3135329068020704,0.1670974808589066,0.08956120946346055,0.032419911718601965,0.38216459176747064
2067,0.05,0.015223899389489821,0.3135329068020704,0.1670974808589066,0.08956120946346055,0.032419911718601965,0.38216459176747064
2067,0.060000000000000005,0.015223899389489821,0.3135329068020704,0.1670974808589066,0.08956120946346055,0.032419911718601965,0.38216459176747064
2067,0.06999999999999999,0.015223899389489821,0.3135329068020704,0.1670974808589066,0.08956120946346055,0.032419911718601965,0.38216459176747064
2067,0.08,0.015223899389489821,0.3135329068020704,0.1670974808589066,0.08956120946346055,0.032419911718601965,0.38216459176747064
2067,0.09,0.015223899389489821,0.3135329068020704,0.1670974808589066,0.08956120946346055,0.032419911718601965,0.38216459176747064
2067,0.09999999999999999,0.015223899389489821,0.3135329068020704,0.1670974808589066,0.08956120946346055,0.032419911718601965,0.38216459176747064
2067,0.11,0.015223899389489821,0.3135329068020704,0.1670974808589066,0.08956120946346055,0.032419911718601965,0.38216459176747064
2067,0.12,0.015223899389489821,0.3135329068020704,0.1670974808589066,0.08956120946346055,0.032419911718601965,0.38216459176747064
2067,0.13,0.015223899389489821,0.3135329068020704,0.1670974808589066,0.08956120946346055,0.032419911718601965,0.38216459176747064
2067,0.14,0.015223899389489821,0.3135329068020704,0.1670974808589066,0.08956120946346055,0.032419911718601965,0.38216459176747064
2067,0.15000000000000002,0.015223899389489821,0.3135329068020704,0.1670974808589066,0.08956120946346055,0.032419911718601965,0.38216459176747064
2067,0.16,0.015223899389489821,0.3135329068020704,0.1670974808589066,0.08956120946346055,0.032419911718601965,0.38216459176747064
2067,0.17,0.015223899389489821,0.3135329068020704,0.1670974808589066,0.08956120946346055,0.032419911718601965,0.38216459176747064
2067,0.18000000000000002,0.015223899389489821,0.3135329068020704,0.1670974808589066,0.08956120946346055,0.032419911718601965,0.38216459176747064
2067,0.19,0.015223899389489821,0.3135329068020704,0.1670974808589066,0.08956120946346055,0.032419911718601965,0.38216459176747064
2067,0.2,0.015223899389489821,0.3135329068020704,0.1670974808589066,0.08956120946346055,0.032419911718601965,0.38216459176747064
2067,0.21000000000000002,0.015223899389489821,0.3135329068020704,0.1670974808589066,0.08956120946346055,0.032419911718601965,0.38216459176747064
2067,0.22,0.015223899389489821,0.3135329068020704,0.1670974808589066,0.08956120946346055,0.032419911718601965,0.38216459176747064
2067,0.23,0.015223899389489821,0.3135329068020704,0.1670974808589066,0.08956120946346055,0.032419911718601965,0.38216459176747064
2067,0.24000000000000002,0.015223899389489821,0.3135329068020704,0.1670974808589066,0.08956120946346055,0.032419911718601965,0.38216459176747064
2067,0.25,0.015223899389489821,0.3135329068020704,0.1670974808589066,0.08956120946346055,0.032419911718601965,0.38216459176747064
2067,0.26,0.015223899389489821,0.3135329068020704,0.1670974808589066,0.08956120946346055,0.032419911718601965,0.38216459176747064
2067,0.27,0.015223899389489821,0.3135329068020704,0.1670974808589066,0.08956120946346055,0.032419911718601965,0.38216459176747064
2067,0.28,0.015223899389489821,0.3135329068020704,0.1670974808589066,0.08956120946346055,0.032419911718601965,0.38216459176747064
2067,0.29000000000000004,0.015223899389489821,0.3135329068020704,0.1670974808589066,0.08956120946346055,0.032419911718601965,0.38216459176747064
2067,0.3,0.015223899389489821,0.3135329068020704,0.1670974808589066,0.08956120946346055,0.032419911718601965,0.38216459176747064
2067,0.31,0.015223899389489821,0.3135329068020704,0.1670974808589066,0.08956120946346055,0.032419911718601965,0.38216459176747064
2067,0.32,0.015223899389489821,0.3135329068020704,0.1670974808589066,0.08956120946346055,0.032419911718601965,0.38216459176747064
2067,0.33,0.015223899389489821,0.3135329068020704,0.1670974808589066,0.08956120946346055,0.032419911718601965,0.38216459176747064
2067,0.34,0.015223899389489821,0.3135329068020704,0.1670974808589066,0.08956120946346055,0.032419911718601965,0.38216459176747064
2067,0.35000000000000003,0.015223899389489821,0.3135329068020704,0.1670974808589066,0.08956120946346055,0.032419911718601965,0.38216459176747064
2067,0.36000000000000004,0.015223899389489821,0.3135329068020704,0.1670974808589066,0.08956120946346055,0.032419911718601965,0.38216459176747064
2067,0.37,0.015223899389489821,0.3135329068020704,0.1670974808589066,0.08956120946346055,0.032419911718601965,0.38216459176747064
2067,0.38,0.015223899389489821,0.3135329068020704,0.1670974808589066,0.08956120946346055,0.032419911718601965,0.38216459176747064
2067,0.39,0.015223899389489821,0.3135329068020704,0.1670974808589066,0.08956120946346055,0.032419911718601965,0.38216459176747064
2067,0.4,0.015223899389489821,0.3135329068020704,0.1670974808589066,0.08956120946346055,0.032419911718601965,0.38216459176747064
2067,0.41000000000000003,0.015223899389489821,0.3135329068020704,0.1670974808589066,0.08956120946346055,0.032419911718601965,0.38216459176747064
2067,0.42000000000000004,0.015223899389489821,0.3135329068020704,0.1670974808589066,0.08956120946346055,0.032419911718601965,0.38216459176747064
2067,0.43,0.015223899389489821,0.3135329068020704,0.1670974808589066,0.08956120946346055,0.032419911718601965,0.38216459176747064
2067,0.44,0.015223899389489821,0.3135329068020704,0.1670974808589066,0.08956120946346055,0.032419911718601965,0.38216459176747064
2067,0.45,0.015223899389489821,0.3135329068020704,0.1670974808589066,0.08956120946346055,0.032419911718601965,0.38216459176747064
2067,0.46,0.015223899389489821,0.3135329068020704,0.1670974808589066,0.08956120946346055,0.032419911718601965,0.38216459176747064
2067,0.47000000000000003,0.015223899389489821,0.3135329068020704,0.1670974808589066,0.08956120946346055,0.032419911718601965,0.38216459176747064
2067,0.48000000000000004,0.015223899389489821,0.3135329068020704,0.1670974808589066,0.08956120946346055,0.032419911718601965,0.38216459176747064
2067,0.49,0.015223899389489821,0.3135329068020704,0.1670974808589066,0.08956120946346055,0.032419911718601965,0.38216459176747064
2067,0.5,0.015223899389489821,0.3135329068020704,0.1670974808589066,0.08956120946346055,0.032419911718601965,0.38216459176747064
2067,0.51,0.015223899389489821,0.3135329068020704,0.1670974808589066,0.08956120946346055,0.032419911718601965,0.38216459176747064
2067,0.52,0.015223899389489821,0.3135329068020704,0.1670974808589066,0.08956120946346055,0.032419911718601965,0.38216459176747064
2067,0.53,0.015223899389489821,0.3135329068020704,0.1670974808589066,0.08956120946346055,0.032419911718601965,0.38216459176747064
2067,0.54,0.015223899389489821,0.3135329068020704,0.1670974808589066,0.08956120946346055,0.032419911718601965,0.38216459176747064
2067,0.55,0.015223899389489821,0.3135329068020704,0.1670974808589066,0.08956120946346055,0.032419911718601965,0.38216459176747064
2067,0.56,0.015223899389489821,0.3135329068020704,0.1670974808589066,0.08956120946346055,0.032419911718601965,0.38216459176747064
2067,0.5700000000000001,0.015223899389489821,0.3135329068020704,0.1670974808589066,0.08956120946346055,0.032419911718601965,0.38216459176747064
2067,0.5800000000000001,0.015223899389489821,0.3135329068020704,0.1670974808589066,0.08956120946346055,0.032419911718601965,0.38216459176747064
2067,0.59,0.015223899389489821,0.3135329068020704,0.1670974808589066,0.08956120946346055,0.032419911718601965,0.38216459176747064
2067,0.6,0.015223899389489821,0.3135329068020704,0.1670974808589066,0.08956120946346055,0.032419911718601965,0.38216459176747064
2067,0.61,0.015223899389489821,0.3135329068020704,0.1670974808589066,0.08956120946346055,0.032419911718601965,0.38216459176747064
2067,0.62,0.015223899389489821,0.3135329068020704,0.1670974808589066,0.08956120946346055,0.032419911718601965,0.38216459176747064
2067,0.63,0.015223899389489821,0.3135329068020704,0.1670974808589066,0.08956120946346055,0.032419911718601965,0.38216459176747064
2067,0.64,0.015223899389489821,0.3135329068020704,0.1670974808589066,0.08956120946346055,0.032419911718601965,0.38216459176747064
2067,0.65,0.015223899389489821,0.3135329068020704,0.1670974808589066,0.08956120946346055,0.032419911718601965,0.38216459176747064
2067,0.66,0.015223899389489821,0.3135329068020704,0.1670974808589066,0.08956120946346055,0.032419911718601965,0.38216459176747064
2067,0.67,0.015223899389489821,0.3135329068020704,0.1670974808589066,0.08956120946346055,0.032419911718601965,0.38216459176747064
2067,0.68,0.015223899389489821,0.3135329068020704,0.1670974808589066,0.08956120946346055,0.032419911718601965,0.38216459176747064
2067,0.6900000000000001,0.015223899389489821,0.3135329068020704,0.1670974808589066,0.08956120946346055,0.032419911718601965,0.38216459176747064
2067,0.7000000000000001,0.015223899389489821,0.3135329068020704,0.1670974808589066,0.08956120946346055,0.032419911718601965,0.38216459176747064
2067,0.7100000000000001,0.015223899389489821,0.3135329068020704,0.1670974808589066,0.08956120946346055,0.032419911718601965,0.38216459176747064
2067,0.72,0.015223899389489821,0.3135329068020704,0.1670974808589066,0.08956120946346055,0.032419911718601965,0.38216459176747064
2067,0.73,0.015223899389489821,0.3135329068020704,0.1670974808589066,0.08956120946346055,0.032419911718601965,0.38216459176747064
2067,0.74,0.015223899389489821,0.3135329068020704,0.1670974808589066,0.08956120946346055,0.032419911718601965,0.38216459176747064
2067,0.75,0.015223899389489821,0.3135329068020704,0.1670974808589066,0.08956120946346055,0.032419911718601965,0.38216459176747064
2067,0.76,0.015223899389489821,0.3135329068020704,0.1670974808589066,0.08956120946346055,0.032419911718601965,0.38216459176747064
2067,0.77,0.015223899389489821,0.3135329068020704,0.1670974808589066,0.08956120946346055,0.032419911718601965,0.38216459176747064
2067,0.78,0.015223899389489821,0.3135329068020704,0.1670974808589066,0.08956120946346055,0.032419911718601965,0.38216459176747064
2067,0.79,0.015223899389489821,0.3135329068020704,0.1670974808589066,0.08956120946346055,0.032419911718601965,0.38216459176747064
2067,0.8,0.015223899389489821,0.3135329068020704,0.1670974808589066,0.08956120946346055,0.032419911718601965,0.38216459176747064
2067,0.81,0.015223899389489821,0.3135329068020704,0.1670974808589066,0.08956120946346055,0.032419911718601965,0.38216459176747064
2067,0.8200000000000001,0.015223899389489821,0.3135329068020704,0.1670974808589066,0.08956120946346055,0.032419911718601965,0.38216459176747064
2067,0.8300000000000001,0.015223899389489821,0.3135329068020704,0.1670974808589066,0.08956120946346055,0.032419911718601965,0.38216459176747064
2067,0.8400000000000001,0.015223899389489821,0.3135329068020704,0.1670974808589066,0.08956120946346055,0.032419911718601965,0.38216459176747064
2067,0.85,0.015223899389489821,0.3135329068020704,0.1670974808589066,0.08956120946346055,0.032419911718601965,0.38216459176747064
2067,0.86,0.015223899389489821,0.3135329068020704,0.1670974808589066,0.08956120946346055,0.032419911718601965,0.38216459176747064
2067,0.87,0.015223899389489821,0.3135329068020704,0.1670974808589066,0.08956120946346055,0.032419911718601965,0.38216459176747064
2067,0.88,0.015223899389489821,0.3135329068020704,0.1670974808589066,0.08956120946346055,0.032419911718601965,0.38216459176747064
2067,0.89,0.015223899389489821,0.3135329068020704,0.1670974808589066,0.08956120946346055,0.032419911718601965,0.38216459176747064
2067,0.9,0.015223899389489821,0.3135329068020704,0.1670974808589066,0.08956120946346055,0.032419911718601965,0.38216459176747064
2067,0.91,0.015223899389489821,0.3135329068020704,0.1670974808589066,0.08956120946346055,0.032419911718601965,0.38216459176747064
2067,0.92,0.015223899389489821,0.3135329068020704,0.1670974808589066,0.08956120946346055,0.032419911718601965,0.38216459176747064
2067,0.93,0.015223899389489821,0.3135329068020704,0.1670974808589066,0.08956120946346055,0.032419911718601965,0.38216459176747064
2067,0.9400000000000001,0.015223899389489821,0.3135329068020704,0.1670974808589066,0.08956120946346055,0.032419911718601965,0.38216459176747064
2067,0.9500000000000001,0.015223899389489821,0.3135329068020704,0.1670974808589066,0.08956120946346055,0.032419911718601965,0.38216459176747064
2067,0.9600000000000001,0.015223899389489821,0.3135329068020704,0.1670974808589066,0.08956120946346055,0.032419911718601965,0.38216459176747064
2067,0.97,0.015223899389489821,0.3135329068020704,0.1670974808589066,0.08956120946346055,0.032419911718601965,0.38216459176747064
2067,0.98,0.015223899389489821,0.3135329068020704,0.1670974808589066,0.08956120946346055,0.032419911718601965,0.38216459176747064
2067,0.99,0.015223899389489821,0.3135329068020704,0.1670974808589066,0.08956120946346055,0.032419911718601965,0.38216459176747064
2067,1.0,0.015223899389489821,0.3135329068020704,0.1670974808589066,0.08956120946346055,0.032419911718601965,0.38216459176747064
2068,0.01,0.28847921786582703,0.019466474162082043,0.13761481614640453,0.13082267791310961,0.08356764780342889,0.3400491661091479
2068,0.02,0.28847921786582703,0.019466474162082043,0.13761481614640453,0.13082267791310961,0.08356764780342889,0.3400491661091479
2068,0.03,0.28847921786582703,0.019466474162082043,0.13761481614640453,0.13082267791310961,0.08356764780342889,0.3400491661091479
2068,0.04,0.28847921786582703,0.019466474162082043,0.13761481614640453,0.13082267791310961,0.08356764780342889,0.3400491661091479
2068,0.05,0.28847921786582703,0.019466474162082043,0.13761481614640453,0.13082267791310961,0.08356764780342889,0.3400491661091479
2068,0.060000000000000005,0.28847921786582703,0.019466474162082043,0.13761481614640453,0.13082267791310961,0.08356764780342889,0.3400491661091479
2068,0.06999999999999999,0.28847921786582703,0.019466474162082043,0.13761481614640453,0.13082267791310961,0.08356764780342889,0.3400491661091479
2068,0.08,0.28847921786582703,0.019466474162082043,0.13761481614640453,0.13082267791310961,0.08356764780342889,0.3400491661091479
2068,0.09,0.28847921786582703,0.019466474162082043,0.13761481614640453,0.13082267791310961,0.08356764780342889,0.3400491661091479
2068,0.09999999999999999,0.28847921786582703,0.019466474162082043,0.13761481614640453,0.13082267791310961,0.08356764780342889,0.3400491661091479
2068,0.11,0.28847921786582703,0.019466474162082043,0.13761481614640453,0.13082267791310961,0.08356764780342889,0.3400491661091479
2068,0.12,0.28847921786582703,0.019466474162082043,0.13761481614640453,0.13082267791310961,0.08356764780342889,0.3400491661091479
2068,0.13,0.28847921786582703,0.019466474162082043,0.13761481614640453,0.13082267791310961,0.08356764780342889,0.3400491661091479
2068,0.14,0.28847921786582703,0.019466474162082043,0.13761481614640453,0.13082267791310961,0.08356764780342889,0.3400491661091479
2068,0.15000000000000002,0.28847921786582703,0.019466474162082043,0.13761481614640453,0.13082267791310961,0.08356764780342889,0.3400491661091479
2068,0.16,0.28847921786582703,0.019466474162082043,0.13761481614640453,0.13082267791310961,0.08356764780342889,0.3400491661091479
2068,0.17,0.28847921786582703,0.019466474162082043,0.13761481614640453,0.13082267791310961,0.08356764780342889,0.3400491661091479
2068,0.18000000000000002,0.28847921786582703,0.019466474162082043,0.13761481614640453,0.13082267791310961,0.08356764780342889,0.3400491661091479
2068,0.19,0.28847921786582703,0.019466474162082043,0.13761481614640453,0.13082267791310961,0.08356764780342889,0.3400491661091479
2068,0.2,0.28847921786582703,0.019466474162082043,0.13761481614640453,0.13082267791310961,0.08356764780342889,0.3400491661091479
2068,0.21000000000000002,0.28847921786582703,0.019466474162082043,0.13761481614640453,0.13082267791310961,0.08356764780342889,0.3400491661091479
2068,0.22,0.28847921786582703,0.019466474162082043,0.13761481614640453,0.13082267791310961,0.08356764780342889,0.3400491661091479
2068,0.23,0.28847921786582703,0.019466474162082043,0.13761481614640453,0.13082267791310961,0.08356764780342889,0.3400491661091479
2068,0.24000000000000002,0.28847921786582703,0.019466474162082043,0.13761481614640453,0.13082267791310961,0.08356764780342889,0.3400491661091479
2068,0.25,0.28847921786582703,0.019466474162082043,0.13761481614640453,0.13082267791310961,0.08356764780342889,0.3400491661091479
2068,0.26,0.28847921786582703,0.019466474162082043,0.13761481614640453,0.13082267791310961,0.08356764780342889,0.3400491661091479
2068,0.27,0.28847921786582703,0.019466474162082043,0.13761481614640453,0.13082267791310961,0.08356764780342889,0.3400491661091479
2068,0.28,0.28847921786582703,0.019466474162082043,0.13761481614640453,0.13082267791310961,0.08356764780342889,0.3400491661091479
2068,0.29000000000000004,0.28847921786582703,0.019466474162082043,0.13761481614640453,0.13082267791310961,0.08356764780342889,0.3400491661091479
2068,0.3,0.28847921786582703,0.019466474162082043,0.13761481614640453,0.13082267791310961,0.08356764780342889,0.3400491661091479
2068,0.31,0.28847921786582703,0.019466474162082043,0.13761481614640453,0.13082267791310961,0.08356764780342889,0.3400491661091479
2068,0.32,0.28847921786582703,0.019466474162082043,0.13761481614640453,0.13082267791310961,0.08356764780342889,0.3400491661091479
2068,0.33,0.28847921786582703,0.019466474162082043,0.13761481614640453,0.13082267791310961,0.08356764780342889,0.3400491661091479
2068,0.34,0.28847921786582703,0.019466474162082043,0.13761481614640453,0.13082267791310961,0.08356764780342889,0.3400491661091479
2068,0.35000000000000003,0.28847921786582703,0.019466474162082043,0.13761481614640453,0.13082267791310961,0.08356764780342889,0.3400491661091479
2068,0.36000000000000004,0.28847921786582703,0.019466474162082043,0.13761481614640453,0.13082267791310961,0.08356764780342889,0.3400491661091479
2068,0.37,0.28847921786582703,0.019466474162082043,0.13761481614640453,0.13082267791310961,0.08356764780342889,0.3400491661091479
2068,0.38,0.28847921786582703,0.019466474162082043,0.13761481614640453,0.13082267791310961,0.08356764780342889,0.3400491661091479
2068,0.39,0.28847921786582703,0.019466474162082043,0.13761481614640453,0.13082267791310961,0.08356764780342889,0.3400491661091479
2068,0.4,0.28847921786582703,0.019466474162082043,0.13761481614640453,0.13082267791310961,0.08356764780342889,0.3400491661091479
2068,0.41000000000000003,0.28847921786582703,0.019466474162082043,0.13761481614640453,0.13082267791310961,0.08356764780342889,0.3400491661091479
2068,0.42000000000000004,0.28847921786582703,0.019466474162082043,0.13761481614640453,0.13082267791310961,0.08356764780342889,0.3400491661091479
2068,0.43,0.28847921786582703,0.019466474162082043,0.13761481614640453,0.13082267791310961,0.08356764780342889,0.3400491661091479
2068,0.44,0.28847921786582703,0.019466474162082043,0.13761481614640453,0.13082267791310961,0.08356764780342889,0.3400491661091479
2068,0.45,0.28847921786582703,0.019466474162082043,0.13761481614640453,0.13082267791310961,0.08356764780342889,0.3400491661091479
2068,0.46,0.28847921786582703,0.019466474162082043,0.13761481614640453,0.13082267791310961,0.08356764780342889,0.3400491661091479
2068,0.47000000000000003,0.28847921786582703,0.019466474162082043,0.13761481614640453,0.13082267791310961,0.08356764780342889,0.3400491661091479
2068,0.48000000000000004,0.28847921786582703,0.019466474162082043,0.13761481614640453,0.13082267791310961,0.08356764780342889,0.3400491661091479
2068,0.49,0.28847921786582703,0.019466474162082043,0.13761481614640453,0.13082267791310961,0.08356764780342889,0.3400491661091479
2068,0.5,0.28847921786582703,0.019466474162082043,0.13761481614640453,0.13082267791310961,0.08356764780342889,0.3400491661091479
2068,0.51,0.28847921786582703,0.019466474162082043,0.13761481614640453,0.13082267791310961,0.08356764780342889,0.3400491661091479
2068,0.52,0.28847921786582703,0.019466474162082043,0.13761481614640453,0.13082267791310961,0.08356764780342889,0.3400491661091479
2068,0.53,0.28847921786582703,0.019466474162082043,0.13761481614640453,0.13082267791310961,0.08356764780342889,0.3400491661091479
2068,0.54,0.28847921786582703,0.019466474162082043,0.13761481614640453,0.13082267791310961,0.08356764780342889,0.3400491661091479
2068,0.55,0.28847921786582703,0.019466474162082043,0.13761481614640453,0.13082267791310961,0.08356764780342889,0.3400491661091479
2068,0.56,0.28847921786582703,0.019466474162082043,0.13761481614640453,0.13082267791310961,0.08356764780342889,0.3400491661091479
2068,0.5700000000000001,0.28847921786582703,0.019466474162082043,0.13761481614640453,0.13082267791310961,0.08356764780342889,0.3400491661091479
2068,0.5800000000000001,0.28847921786582703,0.019466474162082043,0.13761481614640453,0.13082267791310961,0.08356764780342889,0.3400491661091479
2068,0.59,0.28847921786582703,0.019466474162082043,0.13761481614640453,0.13082267791310961,0.08356764780342889,0.3400491661091479
2068,0.6,0.28847921786582703,0.019466474162082043,0.13761481614640453,0.13082267791310961,0.08356764780342889,0.3400491661091479
2068,0.61,0.28847921786582703,0.019466474162082043,0.13761481614640453,0.13082267791310961,0.08356764780342889,0.3400491661091479
2068,0.62,0.28847921786582703,0.019466474162082043,0.13761481614640453,0.13082267791310961,0.08356764780342889,0.3400491661091479
2068,0.63,0.28847921786582703,0.019466474162082043,0.13761481614640453,0.13082267791310961,0.08356764780342889,0.3400491661091479
2068,0.64,0.28847921786582703,0.019466474162082043,0.13761481614640453,0.13082267791310961,0.08356764780342889,0.3400491661091479
2068,0.65,0.28847921786582703,0.019466474162082043,0.13761481614640453,0.13082267791310961,0.08356764780342889,0.3400491661091479
2068,0.66,0.28847921786582703,0.019466474162082043,0.13761481614640453,0.13082267791310961,0.08356764780342889,0.3400491661091479
2068,0.67,0.28847921786582703,0.019466474162082043,0.13761481614640453,0.13082267791310961,0.08356764780342889,0.3400491661091479
2068,0.68,0.28847921786582703,0.019466474162082043,0.13761481614640453,0.13082267791310961,0.08356764780342889,0.3400491661091479
2068,0.6900000000000001,0.28847921786582703,0.019466474162082043,0.13761481614640453,0.13082267791310961,0.08356764780342889,0.3400491661091479
2068,0.7000000000000001,0.28847921786582703,0.019466474162082043,0.13761481614640453,0.13082267791310961,0.08356764780342889,0.3400491661091479
2068,0.7100000000000001,0.28847921786582703,0.019466474162082043,0.13761481614640453,0.13082267791310961,0.08356764780342889,0.3400491661091479
2068,0.72,0.28847921786582703,0.019466474162082043,0.13761481614640453,0.13082267791310961,0.08356764780342889,0.3400491661091479
2068,0.73,0.28847921786582703,0.019466474162082043,0.13761481614640453,0.13082267791310961,0.08356764780342889,0.3400491661091479
2068,0.74,0.28847921786582703,0.019466474162082043,0.13761481614640453,0.13082267791310961,0.08356764780342889,0.3400491661091479
2068,0.75,0.28847921786582703,0.019466474162082043,0.13761481614640453,0.13082267791310961,0.08356764780342889,0.3400491661091479
2068,0.76,0.28847921786582703,0.019466474162082043,0.13761481614640453,0.13082267791310961,0.08356764780342889,0.3400491661091479
2068,0.77,0.28847921786582703,0.019466474162082043,0.13761481614640453,0.13082267791310961,0.08356764780342889,0.3400491661091479
2068,0.78,0.28847921786582703,0.019466474162082043,0.13761481614640453,0.13082267791310961,0.08356764780342889,0.3400491661091479
2068,0.79,0.28847921786582703,0.019466474162082043,0.13761481614640453,0.13082267791310961,0.08356764780342889,0.3400491661091479
2068,0.8,0.28847921786582703,0.019466474162082043,0.13761481614640453,0.13082267791310961,0.08356764780342889,0.3400491661091479
2068,0.81,0.28847921786582703,0.019466474162082043,0.13761481614640453,0.13082267791310961,0.08356764780342889,0.3400491661091479
2068,0.8200000000000001,0.28847921786582703,0.019466474162082043,0.13761481614640453,0.13082267791310961,0.08356764780342889,0.3400491661091479
2068,0.8300000000000001,0.28847921786582703,0.019466474162082043,0.13761481614640453,0.13082267791310961,0.08356764780342889,0.3400491661091479
2068,0.8400000000000001,0.28847921786582703,0.019466474162082043,0.13761481614640453,0.13082267791310961,0.08356764780342889,0.3400491661091479
2068,0.85,0.28847921786582703,0.019466474162082043,0.13761481614640453,0.13082267791310961,0.08356764780342889,0.3400491661091479
2068,0.86,0.28847921786582703,0.019466474162082043,0.13761481614640453,0.13082267791310961,0.08356764780342889,0.3400491661091479
2068,0.87,0.28847921786582703,0.019466474162082043,0.13761481614640453,0.13082267791310961,0.08356764780342889,0.3400491661091479
2068,0.88,0.28847921786582703,0.019466474162082043,0.13761481614640453,0.13082267791310961,0.08356764780342889,0.3400491661091479
2068,0.89,0.28847921786582703,0.019466474162082043,0.13761481614640453,0.13082267791310961,0.08356764780342889,0.3400491661091479
2068,0.9,0.28847921786582703,0.019466474162082043,0.13761481614640453,0.13082267791310961,0.08356764780342889,0.3400491661091479
2068,0.91,0.28847921786582703,0.019466474162082043,0.13761481614640453,0.13082267791310961,0.08356764780342889,0.3400491661091479
2068,0.92,0.28847921786582703,0.019466474162082043,0.13761481614640453,0.13082267791310961,0.08356764780342889,0.3400491661091479
2068,0.93,0.28847921786582703,0.019466474162082043,0.13761481614640453,0.13082267791310961,0.08356764780342889,0.3400491661091479
2068,0.9400000000000001,0.28847921786582703,0.019466474162082043,0.13761481614640453,0.13082267791310961,0.08356764780342889,0.3400491661091479
2068,0.9500000000000001,0.28847921786582703,0.019466474162082043,0.13761481614640453,0.13082267791310961,0.08356764780342889,0.3400491661091479
2068,0.9600000000000001,0.28847921786582703,0.019466474162082043,0.13761481614640453,0.13082267791310961,0.08356764780342889,0.3400491661091479
2068,0.97,0.28847921786582703,0.019466474162082043,0.13761481614640453,0.13082267791310961,0.08356764780342889,0.3400491661091479
2068,0.98,0.28847921786582703,0.019466474162082043,0.13761481614640453,0.13082267791310961,0.08356764780342889,0.3400491661091479
2068,0.99,0.28847921786582703,0.019466474162082043,0.13761481614640453,0.13082267791310961,0.08356764780342889,0.3400491661091479
2068,1.0,0.28847921786582703,0.019466474162082043,0.13761481614640453,0.13082267791310961,0.08356764780342889,0.3400491661091479
2069,0.01,0.1598699912255959,0.1757033295782377,0.15451037305350646,0.20386623476447643,0.1380560513251423,0.16799402005304137
2069,0.02,0.1598699912255959,0.1757033295782377,0.15451037305350646,0.20386623476447643,0.1380560513251423,0.16799402005304137
2069,0.03,0.1598699912255959,0.1757033295782377,0.15451037305350646,0.20386623476447643,0.1380560513251423,0.16799402005304137
2069,0.04,0.1598699912255959,0.1757033295782377,0.15451037305350646,0.20386623476447643,0.1380560513251423,0.16799402005304137
2069,0.05,0.1598699912255959,0.1757033295782377,0.15451037305350646,0.20386623476447643,0.1380560513251423,0.16799402005304137
2069,0.060000000000000005,0.1598699912255959,0.1757033295782377,0.15451037305350646,0.20386623476447643,0.1380560513251423,0.16799402005304137
2069,0.06999999999999999,0.1598699912255959,0.1757033295782377,0.15451037305350646,0.20386623476447643,0.1380560513251423,0.16799402005304137
2069,0.08,0.1598699912255959,0.1757033295782377,0.15451037305350646,0.20386623476447643,0.1380560513251423,0.16799402005304137
2069,0.09,0.1598699912255959,0.1757033295782377,0.15451037305350646,0.20386623476447643,0.1380560513251423,0.16799402005304137
2069,0.09999999999999999,0.1598699912255959,0.1757033295782377,0.15451037305350646,0.20386623476447643,0.1380560513251423,0.16799402005304137
2069,0.11,0.1598699912255959,0.1757033295782377,0.15451037305350646,0.20386623476447643,0.1380560513251423,0.16799402005304137
2069,0.12,0.1598699912255959,0.1757033295782377,0.15451037305350646,0.20386623476447643,0.1380560513251423,0.16799402005304137
2069,0.13,0.1598699912255959,0.1757033295782377,0.15451037305350646,0.20386623476447643,0.1380560513251423,0.16799402005304137
2069,0.14,0.1598699912255959,0.1757033295782377,0.15451037305350646,0.20386623476447643,0.1380560513251423,0.16799402005304137
2069,0.15000000000000002,0.1598699912255959,0.1757033295782377,0.15451037305350646,0.20386623476447643,0.1380560513251423,0.16799402005304137
2069,0.16,0.1598699912255959,0.1757033295782377,0.15451037305350646,0.20386623476447643,0.1380560513251423,0.16799402005304137
2069,0.17,0.1598699912255959,0.1757033295782377,0.15451037305350646,0.20386623476447643,0.1380560513251423,0.16799402005304137
2069,0.18000000000000002,0.1598699912255959,0.1757033295782377,0.15451037305350646,0.20386623476447643,0.1380560513251423,0.16799402005304137
2069,0.19,0.1598699912255959,0.1757033295782377,0.15451037305350646,0.20386623476447643,0.1380560513251423,0.16799402005304137
2069,0.2,0.1598699912255959,0.1757033295782377,0.15451037305350646,0.20386623476447643,0.1380560513251423,0.16799402005304137
2069,0.21000000000000002,0.1598699912255959,0.1757033295782377,0.15451037305350646,0.20386623476447643,0.1380560513251423,0.16799402005304137
2069,0.22,0.1598699912255959,0.1757033295782377,0.15451037305350646,0.20386623476447643,0.1380560513251423,0.16799402005304137
2069,0.23,0.1598699912255959,0.1757033295782377,0.15451037305350646,0.20386623476447643,0.1380560513251423,0.16799402005304137
2069,0.24000000000000002,0.1598699912255959,0.1757033295782377,0.15451037305350646,0.20386623476447643,0.1380560513251423,0.16799402005304137
2069,0.25,0.1598699912255959,0.1757033295782377,0.15451037305350646,0.20386623476447643,0.1380560513251423,0.16799402005304137
2069,0.26,0.1598699912255959,0.1757033295782377,0.15451037305350646,0.20386623476447643,0.1380560513251423,0.16799402005304137
2069,0.27,0.1598699912255959,0.1757033295782377,0.15451037305350646,0.20386623476447643,0.1380560513251423,0.16799402005304137
2069,0.28,0.1598699912255959,0.1757033295782377,0.15451037305350646,0.20386623476447643,0.1380560513251423,0.16799402005304137
2069,0.29000000000000004,0.1598699912255959,0.1757033295782377,0.15451037305350646,0.20386623476447643,0.1380560513251423,0.16799402005304137
2069,0.3,0.1598699912255959,0.1757033295782377,0.15451037305350646,0.20386623476447643,0.1380560513251423,0.16799402005304137
2069,0.31,0.1598699912255959,0.1757033295782377,0.15451037305350646,0.20386623476447643,0.1380560513251423,0.16799402005304137
2069,0.32,0.1598699912255959,0.1757033295782377,0.15451037305350646,0.20386623476447643,0.1380560513251423,0.16799402005304137
2069,0.33,0.1598699912255959,0.1757033295782377,0.15451037305350646,0.20386623476447643,0.1380560513251423,0.16799402005304137
2069,0.34,0.1598699912255959,0.1757033295782377,0.15451037305350646,0.20386623476447643,0.1380560513251423,0.16799402005304137
2069,0.35000000000000003,0.1598699912255959,0.1757033295782377,0.15451037305350646,0.20386623476447643,0.1380560513251423,0.16799402005304137
2069,0.36000000000000004,0.1598699912255959,0.1757033295782377,0.15451037305350646,0.20386623476447643,0.1380560513251423,0.16799402005304137
2069,0.37,0.1598699912255959,0.1757033295782377,0.15451037305350646,0.20386623476447643,0.1380560513251423,0.16799402005304137
2069,0.38,0.1598699912255959,0.1757033295782377,0.15451037305350646,0.20386623476447643,0.1380560513251423,0.16799402005304137
2069,0.39,0.1598699912255959,0.1757033295782377,0.15451037305350646,0.20386623476447643,0.1380560513251423,0.16799402005304137
2069,0.4,0.1598699912255959,0.1757033295782377,0.15451037305350646,0.20386623476447643,0.1380560513251423,0.16799402005304137
2069,0.41000000000000003,0.1598699912255959,0.1757033295782377,0.15451037305350646,0.20386623476447643,0.1380560513251423,0.16799402005304137
2069,0.42000000000000004,0.1598699912255959,0.1757033295782377,0.15451037305350646,0.20386623476447643,0.1380560513251423,0.16799402005304137
2069,0.43,0.1598699912255959,0.1757033295782377,0.15451037305350646,0.20386623476447643,0.1380560513251423,0.16799402005304137
2069,0.44,0.1598699912255959,0.1757033295782377,0.15451037305350646,0.20386623476447643,0.1380560513251423,0.16799402005304137
2069,0.45,0.1598699912255959,0.1757033295782377,0.15451037305350646,0.20386623476447643,0.1380560513251423,0.16799402005304137
2069,0.46,0.1598699912255959,0.1757033295782377,0.15451037305350646,0.20386623476447643,0.1380560513251423,0.16799402005304137
2069,0.47000000000000003,0.1598699912255959,0.1757033295782377,0.15451037305350646,0.20386623476447643,0.1380560513251423,0.16799402005304137
2069,0.48000000000000004,0.1598699912255959,0.1757033295782377,0.15451037305350646,0.20386623476447643,0.1380560513251423,0.16799402005304137
2069,0.49,0.1598699912255959,0.1757033295782377,0.15451037305350646,0.20386623476447643,0.1380560513251423,0.16799402005304137
2069,0.5,0.1598699912255959,0.1757033295782377,0.15451037305350646,0.20386623476447643,0.1380560513251423,0.16799402005304137
2069,0.51,0.1598699912255959,0.1757033295782377,0.15451037305350646,0.20386623476447643,0.1380560513251423,0.16799402005304137
2069,0.52,0.1598699912255959,0.1757033295782377,0.15451037305350646,0.20386623476447643,0.1380560513251423,0.16799402005304137
2069,0.53,0.1598699912255959,0.1757033295782377,0.15451037305350646,0.20386623476447643,0.1380560513251423,0.16799402005304137
2069,0.54,0.1598699912255959,0.1757033295782377,0.15451037305350646,0.20386623476447643,0.1380560513251423,0.16799402005304137
2069,0.55,0.1598699912255959,0.1757033295782377,0.15451037305350646,0.20386623476447643,0.1380560513251423,0.16799402005304137
2069,0.56,0.1598699912255959,0.1757033295782377,0.15451037305350646,0.20386623476447643,0.1380560513251423,0.16799402005304137
2069,0.5700000000000001,0.1598699912255959,0.1757033295782377,0.15451037305350646,0.20386623476447643,0.1380560513251423,0.16799402005304137
2069,0.5800000000000001,0.1598699912255959,0.1757033295782377,0.15451037305350646,0.20386623476447643,0.1380560513251423,0.16799402005304137
2069,0.59,0.1598699912255959,0.1757033295782377,0.15451037305350646,0.20386623476447643,0.1380560513251423,0.16799402005304137
2069,0.6,0.1598699912255959,0.1757033295782377,0.15451037305350646,0.20386623476447643,0.1380560513251423,0.16799402005304137
2069,0.61,0.1598699912255959,0.1757033295782377,0.15451037305350646,0.20386623476447643,0.1380560513251423,0.16799402005304137
2069,0.62,0.1598699912255959,0.1757033295782377,0.15451037305350646,0.20386623476447643,0.1380560513251423,0.16799402005304137
2069,0.63,0.1598699912255959,0.1757033295782377,0.15451037305350646,0.20386623476447643,0.1380560513251423,0.16799402005304137
2069,0.64,0.1598699912255959,0.1757033295782377,0.15451037305350646,0.20386623476447643,0.1380560513251423,0.16799402005304137
2069,0.65,0.1598699912255959,0.1757033295782377,0.15451037305350646,0.20386623476447643,0.1380560513251423,0.16799402005304137
2069,0.66,0.1598699912255959,0.1757033295782377,0.15451037305350646,0.20386623476447643,0.1380560513251423,0.16799402005304137
2069,0.67,0.1598699912255959,0.1757033295782377,0.15451037305350646,0.20386623476447643,0.1380560513251423,0.16799402005304137
2069,0.68,0.1598699912255959,0.1757033295782377,0.15451037305350646,0.20386623476447643,0.1380560513251423,0.16799402005304137
2069,0.6900000000000001,0.1598699912255959,0.1757033295782377,0.15451037305350646,0.20386623476447643,0.1380560513251423,0.16799402005304137
2069,0.7000000000000001,0.1598699912255959,0.1757033295782377,0.15451037305350646,0.20386623476447643,0.1380560513251423,0.16799402005304137
2069,0.7100000000000001,0.1598699912255959,0.1757033295782377,0.15451037305350646,0.20386623476447643,0.1380560513251423,0.16799402005304137
2069,0.72,0.1598699912255959,0.1757033295782377,0.15451037305350646,0.20386623476447643,0.1380560513251423,0.16799402005304137
2069,0.73,0.1598699912255959,0.1757033295782377,0.15451037305350646,0.20386623476447643,0.1380560513251423,0.16799402005304137
2069,0.74,0.1598699912255959,0.1757033295782377,0.15451037305350646,0.20386623476447643,0.1380560513251423,0.16799402005304137
2069,0.75,0.1598699912255959,0.1757033295782377,0.15451037305350646,0.20386623476447643,0.1380560513251423,0.16799402005304137
2069,0.76,0.1598699912255959,0.1757033295782377,0.15451037305350646,0.20386623476447643,0.1380560513251423,0.16799402005304137
2069,0.77,0.1598699912255959,0.1757033295782377,0.15451037305350646,0.20386623476447643,0.1380560513251423,0.16799402005304137
2069,0.78,0.1598699912255959,0.1757033295782377,0.15451037305350646,0.20386623476447643,0.1380560513251423,0.16799402005304137
2069,0.79,0.1598699912255959,0.1757033295782377,0.15451037305350646,0.20386623476447643,0.1380560513251423,0.16799402005304137
2069,0.8,0.1598699912255959,0.1757033295782377,0.15451037305350646,0.20386623476447643,0.1380560513251423,0.16799402005304137
2069,0.81,0.1598699912255959,0.1757033295782377,0.15451037305350646,0.20386623476447643,0.1380560513251423,0.16799402005304137
2069,0.8200000000000001,0.1598699912255959,0.1757033295782377,0.15451037305350646,0.20386623476447643,0.1380560513251423,0.16799402005304137
2069,0.8300000000000001,0.1598699912255959,0.1757033295782377,0.15451037305350646,0.20386623476447643,0.1380560513251423,0.16799402005304137
2069,0.8400000000000001,0.1598699912255959,0.1757033295782377,0.15451037305350646,0.20386623476447643,0.1380560513251423,0.16799402005304137
2069,0.85,0.1598699912255959,0.1757033295782377,0.15451037305350646,0.20386623476447643,0.1380560513251423,0.16799402005304137
2069,0.86,0.1598699912255959,0.1757033295782377,0.15451037305350646,0.20386623476447643,0.1380560513251423,0.16799402005304137
2069,0.87,0.1598699912255959,0.1757033295782377,0.15451037305350646,0.20386623476447643,0.1380560513251423,0.16799402005304137
2069,0.88,0.1598699912255959,0.1757033295782377,0.15451037305350646,0.20386623476447643,0.1380560513251423,0.16799402005304137
2069,0.89,0.1598699912255959,0.1757033295782377,0.15451037305350646,0.20386623476447643,0.1380560513251423,0.16799402005304137
2069,0.9,0.1598699912255959,0.1757033295782377,0.15451037305350646,0.20386623476447643,0.1380560513251423,0.16799402005304137
2069,0.91,0.1598699912255959,0.1757033295782377,0.15451037305350646,0.20386623476447643,0.1380560513251423,0.16799402005304137
2069,0.92,0.1598699912255959,0.1757033295782377,0.15451037305350646,0.20386623476447643,0.1380560513251423,0.16799402005304137
2069,0.93,0.1598699912255959,0.1757033295782377,0.15451037305350646,0.20386623476447643,0.1380560513251423,0.16799402005304137
2069,0.9400000000000001,0.1598699912255959,0.1757033295782377,0.15451037305350646,0.20386623476447643,0.1380560513251423,0.16799402005304137
2069,0.9500000000000001,0.1598699912255959,0.1757033295782377,0.15451037305350646,0.20386623476447643,0.1380560513251423,0.16799402005304137
2069,0.9600000000000001,0.1598699912255959,0.1757033295782377,0.15451037305350646,0.20386623476447643,0.1380560513251423,0.16799402005304137
2069,0.97,0.1598699912255959,0.1757033295782377,0.15451037305350646,0.20386623476447643,0.1380560513251423,0.16799402005304137
2069,0.98,0.1598699912255959,0.1757033295782377,0.15451037305350646,0.20386623476447643,0.1380560513251423,0.16799402005304137
2069,0.99,0.1598699912255959,0.1757033295782377,0.15451037305350646,0.20386623476447643,0.1380560513251423,0.16799402005304137
2069,1.0,0.1598699912255959,0.1757033295782377,0.15451037305350646,0.20386623476447643,0.1380560513251423,0.16799402005304137
2070,0.01,0.22832773227890338,0.29880668874237226,0.10295545080546498,0.07932019801645812,0.028931192234095182,0.261658737922706
2070,0.02,0.22832773227890338,0.29880668874237226,0.10295545080546498,0.07932019801645812,0.028931192234095182,0.261658737922706
2070,0.03,0.22832773227890338,0.29880668874237226,0.10295545080546498,0.07932019801645812,0.028931192234095182,0.261658737922706
2070,0.04,0.22832773227890338,0.29880668874237226,0.10295545080546498,0.07932019801645812,0.028931192234095182,0.261658737922706
2070,0.05,0.22832773227890338,0.29880668874237226,0.10295545080546498,0.07932019801645812,0.028931192234095182,0.261658737922706
2070,0.060000000000000005,0.22832773227890338,0.29880668874237226,0.10295545080546498,0.07932019801645812,0.028931192234095182,0.261658737922706
2070,0.06999999999999999,0.22832773227890338,0.29880668874237226,0.10295545080546498,0.07932019801645812,0.028931192234095182,0.261658737922706
2070,0.08,0.22832773227890338,0.29880668874237226,0.10295545080546498,0.07932019801645812,0.028931192234095182,0.261658737922706
2070,0.09,0.22832773227890338,0.29880668874237226,0.10295545080546498,0.07932019801645812,0.028931192234095182,0.261658737922706
2070,0.09999999999999999,0.22832773227890338,0.29880668874237226,0.10295545080546498,0.07932019801645812,0.028931192234095182,0.261658737922706
2070,0.11,0.22832773227890338,0.29880668874237226,0.10295545080546498,0.07932019801645812,0.028931192234095182,0.261658737922706
2070,0.12,0.22832773227890338,0.29880668874237226,0.10295545080546498,0.07932019801645812,0.028931192234095182,0.261658737922706
2070,0.13,0.22832773227890338,0.29880668874237226,0.10295545080546498,0.07932019801645812,0.028931192234095182,0.261658737922706
2070,0.14,0.22832773227890338,0.29880668874237226,0.10295545080546498,0.07932019801645812,0.028931192234095182,0.261658737922706
2070,0.15000000000000002,0.22832773227890338,0.29880668874237226,0.10295545080546498,0.07932019801645812,0.028931192234095182,0.261658737922706
2070,0.16,0.22832773227890338,0.29880668874237226,0.10295545080546498,0.07932019801645812,0.028931192234095182,0.261658737922706
2070,0.17,0.22832773227890338,0.29880668874237226,0.10295545080546498,0.07932019801645812,0.028931192234095182,0.261658737922706
2070,0.18000000000000002,0.22832773227890338,0.29880668874237226,0.10295545080546498,0.07932019801645812,0.028931192234095182,0.261658737922706
2070,0.19,0.22832773227890338,0.29880668874237226,0.10295545080546498,0.07932019801645812,0.028931192234095182,0.261658737922706
2070,0.2,0.22832773227890338,0.29880668874237226,0.10295545080546498,0.07932019801645812,0.028931192234095182,0.261658737922706
2070,0.21000000000000002,0.22832773227890338,0.29880668874237226,0.10295545080546498,0.07932019801645812,0.028931192234095182,0.261658737922706
2070,0.22,0.22832773227890338,0.29880668874237226,0.10295545080546498,0.07932019801645812,0.028931192234095182,0.261658737922706
2070,0.23,0.22832773227890338,0.29880668874237226,0.10295545080546498,0.07932019801645812,0.028931192234095182,0.261658737922706
2070,0.24000000000000002,0.22832773227890338,0.29880668874237226,0.10295545080546498,0.07932019801645812,0.028931192234095182,0.261658737922706
2070,0.25,0.22832773227890338,0.29880668874237226,0.10295545080546498,0.07932019801645812,0.028931192234095182,0.261658737922706
2070,0.26,0.22832773227890338,0.29880668874237226,0.10295545080546498,0.07932019801645812,0.028931192234095182,0.261658737922706
2070,0.27,0.22832773227890338,0.29880668874237226,0.10295545080546498,0.07932019801645812,0.028931192234095182,0.261658737922706
2070,0.28,0.22832773227890338,0.29880668874237226,0.10295545080546498,0.07932019801645812,0.028931192234095182,0.261658737922706
2070,0.29000000000000004,0.22832773227890338,0.29880668874237226,0.10295545080546498,0.07932019801645812,0.028931192234095182,0.261658737922706
2070,0.3,0.22832773227890338,0.29880668874237226,0.10295545080546498,0.07932019801645812,0.028931192234095182,0.261658737922706
2070,0.31,0.22832773227890338,0.29880668874237226,0.10295545080546498,0.07932019801645812,0.028931192234095182,0.261658737922706
2070,0.32,0.22832773227890338,0.29880668874237226,0.10295545080546498,0.07932019801645812,0.028931192234095182,0.261658737922706
2070,0.33,0.22832773227890338,0.29880668874237226,0.10295545080546498,0.07932019801645812,0.028931192234095182,0.261658737922706
2070,0.34,0.22832773227890338,0.29880668874237226,0.10295545080546498,0.07932019801645812,0.028931192234095182,0.261658737922706
2070,0.35000000000000003,0.22832773227890338,0.29880668874237226,0.10295545080546498,0.07932019801645812,0.028931192234095182,0.261658737922706
2070,0.36000000000000004,0.22832773227890338,0.29880668874237226,0.10295545080546498,0.07932019801645812,0.028931192234095182,0.261658737922706
2070,0.37,0.22832773227890338,0.29880668874237226,0.10295545080546498,0.07932019801645812,0.028931192234095182,0.261658737922706
2070,0.38,0.22832773227890338,0.29880668874237226,0.10295545080546498,0.07932019801645812,0.028931192234095182,0.261658737922706
2070,0.39,0.22832773227890338,0.29880668874237226,0.10295545080546498,0.07932019801645812,0.028931192234095182,0.261658737922706
2070,0.4,0.22832773227890338,0.29880668874237226,0.10295545080546498,0.07932019801645812,0.028931192234095182,0.261658737922706
2070,0.41000000000000003,0.22832773227890338,0.29880668874237226,0.10295545080546498,0.07932019801645812,0.028931192234095182,0.261658737922706
2070,0.42000000000000004,0.22832773227890338,0.29880668874237226,0.10295545080546498,0.07932019801645812,0.028931192234095182,0.261658737922706
2070,0.43,0.22832773227890338,0.29880668874237226,0.10295545080546498,0.07932019801645812,0.028931192234095182,0.261658737922706
2070,0.44,0.22832773227890338,0.29880668874237226,0.10295545080546498,0.07932019801645812,0.028931192234095182,0.261658737922706
2070,0.45,0.22832773227890338,0.29880668874237226,0.10295545080546498,0.07932019801645812,0.028931192234095182,0.261658737922706
2070,0.46,0.22832773227890338,0.29880668874237226,0.10295545080546498,0.07932019801645812,0.028931192234095182,0.261658737922706
2070,0.47000000000000003,0.22832773227890338,0.29880668874237226,0.10295545080546498,0.07932019801645812,0.028931192234095182,0.261658737922706
2070,0.48000000000000004,0.22832773227890338,0.29880668874237226,0.10295545080546498,0.07932019801645812,0.028931192234095182,0.261658737922706
2070,0.49,0.22832773227890338,0.29880668874237226,0.10295545080546498,0.07932019801645812,0.028931192234095182,0.261658737922706
2070,0.5,0.22832773227890338,0.29880668874237226,0.10295545080546498,0.07932019801645812,0.028931192234095182,0.261658737922706
2070,0.51,0.22832773227890338,0.29880668874237226,0.10295545080546498,0.07932019801645812,0.028931192234095182,0.261658737922706
2070,0.52,0.22832773227890338,0.29880668874237226,0.10295545080546498,0.07932019801645812,0.028931192234095182,0.261658737922706
2070,0.53,0.22832773227890338,0.29880668874237226,0.10295545080546498,0.07932019801645812,0.028931192234095182,0.261658737922706
2070,0.54,0.22832773227890338,0.29880668874237226,0.10295545080546498,0.07932019801645812,0.028931192234095182,0.261658737922706
2070,0.55,0.22832773227890338,0.29880668874237226,0.10295545080546498,0.07932019801645812,0.028931192234095182,0.261658737922706
2070,0.56,0.22832773227890338,0.29880668874237226,0.10295545080546498,0.07932019801645812,0.028931192234095182,0.261658737922706
2070,0.5700000000000001,0.22832773227890338,0.29880668874237226,0.10295545080546498,0.07932019801645812,0.028931192234095182,0.261658737922706
2070,0.5800000000000001,0.22832773227890338,0.29880668874237226,0.10295545080546498,0.07932019801645812,0.028931192234095182,0.261658737922706
2070,0.59,0.22832773227890338,0.29880668874237226,0.10295545080546498,0.07932019801645812,0.028931192234095182,0.261658737922706
2070,0.6,0.22832773227890338,0.29880668874237226,0.10295545080546498,0.07932019801645812,0.028931192234095182,0.261658737922706
2070,0.61,0.22832773227890338,0.29880668874237226,0.10295545080546498,0.07932019801645812,0.028931192234095182,0.261658737922706
2070,0.62,0.22832773227890338,0.29880668874237226,0.10295545080546498,0.07932019801645812,0.028931192234095182,0.261658737922706
2070,0.63,0.22832773227890338,0.29880668874237226,0.10295545080546498,0.07932019801645812,0.028931192234095182,0.261658737922706
2070,0.64,0.22832773227890338,0.29880668874237226,0.10295545080546498,0.07932019801645812,0.028931192234095182,0.261658737922706
2070,0.65,0.22832773227890338,0.29880668874237226,0.10295545080546498,0.07932019801645812,0.028931192234095182,0.261658737922706
2070,0.66,0.22832773227890338,0.29880668874237226,0.10295545080546498,0.07932019801645812,0.028931192234095182,0.261658737922706
2070,0.67,0.22832773227890338,0.29880668874237226,0.10295545080546498,0.07932019801645812,0.028931192234095182,0.261658737922706
2070,0.68,0.22832773227890338,0.29880668874237226,0.10295545080546498,0.07932019801645812,0.028931192234095182,0.261658737922706
2070,0.6900000000000001,0.22832773227890338,0.29880668874237226,0.10295545080546498,0.07932019801645812,0.028931192234095182,0.261658737922706
2070,0.7000000000000001,0.22832773227890338,0.29880668874237226,0.10295545080546498,0.07932019801645812,0.028931192234095182,0.261658737922706
2070,0.7100000000000001,0.22832773227890338,0.29880668874237226,0.10295545080546498,0.07932019801645812,0.028931192234095182,0.261658737922706
2070,0.72,0.22832773227890338,0.29880668874237226,0.10295545080546498,0.07932019801645812,0.028931192234095182,0.261658737922706
2070,0.73,0.22832773227890338,0.29880668874237226,0.10295545080546498,0.07932019801645812,0.028931192234095182,0.261658737922706
2070,0.74,0.22832773227890338,0.29880668874237226,0.10295545080546498,0.07932019801645812,0.028931192234095182,0.261658737922706
2070,0.75,0.22832773227890338,0.29880668874237226,0.10295545080546498,0.07932019801645812,0.028931192234095182,0.261658737922706
2070,0.76,0.22832773227890338,0.29880668874237226,0.10295545080546498,0.07932019801645812,0.028931192234095182,0.261658737922706
2070,0.77,0.22832773227890338,0.29880668874237226,0.10295545080546498,0.07932019801645812,0.028931192234095182,0.261658737922706
2070,0.78,0.22832773227890338,0.29880668874237226,0.10295545080546498,0.07932019801645812,0.028931192234095182,0.261658737922706
2070,0.79,0.22832773227890338,0.29880668874237226,0.10295545080546498,0.07932019801645812,0.028931192234095182,0.261658737922706
2070,0.8,0.22832773227890338,0.29880668874237226,0.10295545080546498,0.07932019801645812,0.028931192234095182,0.261658737922706
2070,0.81,0.22832773227890338,0.29880668874237226,0.10295545080546498,0.07932019801645812,0.028931192234095182,0.261658737922706
2070,0.8200000000000001,0.22832773227890338,0.29880668874237226,0.10295545080546498,0.07932019801645812,0.028931192234095182,0.261658737922706
2070,0.8300000000000001,0.22832773227890338,0.29880668874237226,0.10295545080546498,0.07932019801645812,0.028931192234095182,0.261658737922706
2070,0.8400000000000001,0.22832773227890338,0.29880668874237226,0.10295545080546498,0.07932019801645812,0.028931192234095182,0.261658737922706
2070,0.85,0.22832773227890338,0.29880668874237226,0.10295545080546498,0.07932019801645812,0.028931192234095182,0.261658737922706
2070,0.86,0.22832773227890338,0.29880668874237226,0.10295545080546498,0.07932019801645812,0.028931192234095182,0.261658737922706
2070,0.87,0.22832773227890338,0.29880668874237226,0.10295545080546498,0.07932019801645812,0.028931192234095182,0.261658737922706
2070,0.88,0.22832773227890338,0.29880668874237226,0.10295545080546498,0.07932019801645812,0.028931192234095182,0.261658737922706
2070,0.89,0.22832773227890338,0.29880668874237226,0.10295545080546498,0.07932019801645812,0.028931192234095182,0.261658737922706
2070,0.9,0.22832773227890338,0.29880668874237226,0.10295545080546498,0.07932019801645812,0.028931192234095182,0.261658737922706
2070,0.91,0.22832773227890338,0.29880668874237226,0.10295545080546498,0.07932019801645812,0.028931192234095182,0.261658737922706
2070,0.92,0.22832773227890338,0.29880668874237226,0.10295545080546498,0.07932019801645812,0.028931192234095182,0.261658737922706
2070,0.93,0.22832773227890338,0.29880668874237226,0.10295545080546498,0.07932019801645812,0.028931192234095182,0.261658737922706
2070,0.9400000000000001,0.22832773227890338,0.29880668874237226,0.10295545080546498,0.07932019801645812,0.028931192234095182,0.261658737922706
2070,0.9500000000000001,0.22832773227890338,0.29880668874237226,0.10295545080546498,0.07932019801645812,0.028931192234095182,0.261658737922706
2070,0.9600000000000001,0.22832773227890338,0.29880668874237226,0.10295545080546498,0.07932019801645812,0.028931192234095182,0.261658737922706
2070,0.97,0.22832773227890338,0.29880668874237226,0.10295545080546498,0.07932019801645812,0.028931192234095182,0.261658737922706
2070,0.98,0.22832773227890338,0.29880668874237226,0.10295545080546498,0.07932019801645812,0.028931192234095182,0.261658737922706
2070,0.99,0.22832773227890338,0.29880668874237226,0.10295545080546498,0.07932019801645812,0.028931192234095182,0.261658737922706
2070,1.0,0.22832773227890338,0.29880668874237226,0.10295545080546498,0.07932019801645812,0.028931192234095182,0.261658737922706
2071,0.01,0.10594204375993162,0.25288503532168227,0.17051035806856665,0.22722188248313321,0.2218799937681448,0.02156068659854136
2071,0.02,0.10594204375993162,0.25288503532168227,0.17051035806856665,0.22722188248313321,0.2218799937681448,0.02156068659854136
2071,0.03,0.10594204375993162,0.25288503532168227,0.17051035806856665,0.22722188248313321,0.2218799937681448,0.02156068659854136
2071,0.04,0.10594204375993162,0.25288503532168227,0.17051035806856665,0.22722188248313321,0.2218799937681448,0.02156068659854136
2071,0.05,0.10594204375993162,0.25288503532168227,0.17051035806856665,0.22722188248313321,0.2218799937681448,0.02156068659854136
2071,0.060000000000000005,0.10594204375993162,0.25288503532168227,0.17051035806856665,0.22722188248313321,0.2218799937681448,0.02156068659854136
2071,0.06999999999999999,0.10594204375993162,0.25288503532168227,0.17051035806856665,0.22722188248313321,0.2218799937681448,0.02156068659854136
2071,0.08,0.10594204375993162,0.25288503532168227,0.17051035806856665,0.22722188248313321,0.2218799937681448,0.02156068659854136
2071,0.09,0.10594204375993162,0.25288503532168227,0.17051035806856665,0.22722188248313321,0.2218799937681448,0.02156068659854136
2071,0.09999999999999999,0.10594204375993162,0.25288503532168227,0.17051035806856665,0.22722188248313321,0.2218799937681448,0.02156068659854136
2071,0.11,0.10594204375993162,0.25288503532168227,0.17051035806856665,0.22722188248313321,0.2218799937681448,0.02156068659854136
2071,0.12,0.10594204375993162,0.25288503532168227,0.17051035806856665,0.22722188248313321,0.2218799937681448,0.02156068659854136
2071,0.13,0.10594204375993162,0.25288503532168227,0.17051035806856665,0.22722188248313321,0.2218799937681448,0.02156068659854136
2071,0.14,0.10594204375993162,0.25288503532168227,0.17051035806856665,0.22722188248313321,0.2218799937681448,0.02156068659854136
2071,0.15000000000000002,0.10594204375993162,0.25288503532168227,0.17051035806856665,0.22722188248313321,0.2218799937681448,0.02156068659854136
2071,0.16,0.10594204375993162,0.25288503532168227,0.17051035806856665,0.22722188248313321,0.2218799937681448,0.02156068659854136
2071,0.17,0.10594204375993162,0.25288503532168227,0.17051035806856665,0.22722188248313321,0.2218799937681448,0.02156068659854136
2071,0.18000000000000002,0.10594204375993162,0.25288503532168227,0.17051035806856665,0.22722188248313321,0.2218799937681448,0.02156068659854136
2071,0.19,0.10594204375993162,0.25288503532168227,0.17051035806856665,0.22722188248313321,0.2218799937681448,0.02156068659854136
2071,0.2,0.10594204375993162,0.25288503532168227,0.17051035806856665,0.22722188248313321,0.2218799937681448,0.02156068659854136
2071,0.21000000000000002,0.10594204375993162,0.25288503532168227,0.17051035806856665,0.22722188248313321,0.2218799937681448,0.02156068659854136
2071,0.22,0.10594204375993162,0.25288503532168227,0.17051035806856665,0.22722188248313321,0.2218799937681448,0.02156068659854136
2071,0.23,0.10594204375993162,0.25288503532168227,0.17051035806856665,0.22722188248313321,0.2218799937681448,0.02156068659854136
2071,0.24000000000000002,0.10594204375993162,0.25288503532168227,0.17051035806856665,0.22722188248313321,0.2218799937681448,0.02156068659854136
2071,0.25,0.10594204375993162,0.25288503532168227,0.17051035806856665,0.22722188248313321,0.2218799937681448,0.02156068659854136
2071,0.26,0.10594204375993162,0.25288503532168227,0.17051035806856665,0.22722188248313321,0.2218799937681448,0.02156068659854136
2071,0.27,0.10594204375993162,0.25288503532168227,0.17051035806856665,0.22722188248313321,0.2218799937681448,0.02156068659854136
2071,0.28,0.10594204375993162,0.25288503532168227,0.17051035806856665,0.22722188248313321,0.2218799937681448,0.02156068659854136
2071,0.29000000000000004,0.10594204375993162,0.25288503532168227,0.17051035806856665,0.22722188248313321,0.2218799937681448,0.02156068659854136
2071,0.3,0.10594204375993162,0.25288503532168227,0.17051035806856665,0.22722188248313321,0.2218799937681448,0.02156068659854136
2071,0.31,0.10594204375993162,0.25288503532168227,0.17051035806856665,0.22722188248313321,0.2218799937681448,0.02156068659854136
2071,0.32,0.10594204375993162,0.25288503532168227,0.17051035806856665,0.22722188248313321,0.2218799937681448,0.02156068659854136
2071,0.33,0.10594204375993162,0.25288503532168227,0.17051035806856665,0.22722188248313321,0.2218799937681448,0.02156068659854136
2071,0.34,0.10594204375993162,0.25288503532168227,0.17051035806856665,0.22722188248313321,0.2218799937681448,0.02156068659854136
2071,0.35000000000000003,0.10594204375993162,0.25288503532168227,0.17051035806856665,0.22722188248313321,0.2218799937681448,0.02156068659854136
2071,0.36000000000000004,0.10594204375993162,0.25288503532168227,0.17051035806856665,0.22722188248313321,0.2218799937681448,0.02156068659854136
2071,0.37,0.10594204375993162,0.25288503532168227,0.17051035806856665,0.22722188248313321,0.2218799937681448,0.02156068659854136
2071,0.38,0.10594204375993162,0.25288503532168227,0.17051035806856665,0.22722188248313321,0.2218799937681448,0.02156068659854136
2071,0.39,0.10594204375993162,0.25288503532168227,0.17051035806856665,0.22722188248313321,0.2218799937681448,0.02156068659854136
2071,0.4,0.10594204375993162,0.25288503532168227,0.17051035806856665,0.22722188248313321,0.2218799937681448,0.02156068659854136
2071,0.41000000000000003,0.10594204375993162,0.25288503532168227,0.17051035806856665,0.22722188248313321,0.2218799937681448,0.02156068659854136
2071,0.42000000000000004,0.10594204375993162,0.25288503532168227,0.17051035806856665,0.22722188248313321,0.2218799937681448,0.02156068659854136
2071,0.43,0.10594204375993162,0.25288503532168227,0.17051035806856665,0.22722188248313321,0.2218799937681448,0.02156068659854136
2071,0.44,0.10594204375993162,0.25288503532168227,0.17051035806856665,0.22722188248313321,0.2218799937681448,0.02156068659854136
2071,0.45,0.10594204375993162,0.25288503532168227,0.17051035806856665,0.22722188248313321,0.2218799937681448,0.02156068659854136
2071,0.46,0.10594204375993162,0.25288503532168227,0.17051035806856665,0.22722188248313321,0.2218799937681448,0.02156068659854136
2071,0.47000000000000003,0.10594204375993162,0.25288503532168227,0.17051035806856665,0.22722188248313321,0.2218799937681448,0.02156068659854136
2071,0.48000000000000004,0.10594204375993162,0.25288503532168227,0.17051035806856665,0.22722188248313321,0.2218799937681448,0.02156068659854136
2071,0.49,0.10594204375993162,0.25288503532168227,0.17051035806856665,0.22722188248313321,0.2218799937681448,0.02156068659854136
2071,0.5,0.10594204375993162,0.25288503532168227,0.17051035806856665,0.22722188248313321,0.2218799937681448,0.02156068659854136
2071,0.51,0.10594204375993162,0.25288503532168227,0.17051035806856665,0.22722188248313321,0.2218799937681448,0.02156068659854136
2071,0.52,0.10594204375993162,0.25288503532168227,0.17051035806856665,0.22722188248313321,0.2218799937681448,0.02156068659854136
2071,0.53,0.10594204375993162,0.25288503532168227,0.17051035806856665,0.22722188248313321,0.2218799937681448,0.02156068659854136
2071,0.54,0.10594204375993162,0.25288503532168227,0.17051035806856665,0.22722188248313321,0.2218799937681448,0.02156068659854136
2071,0.55,0.10594204375993162,0.25288503532168227,0.17051035806856665,0.22722188248313321,0.2218799937681448,0.02156068659854136
2071,0.56,0.10594204375993162,0.25288503532168227,0.17051035806856665,0.22722188248313321,0.2218799937681448,0.02156068659854136
2071,0.5700000000000001,0.10594204375993162,0.25288503532168227,0.17051035806856665,0.22722188248313321,0.2218799937681448,0.02156068659854136
2071,0.5800000000000001,0.10594204375993162,0.25288503532168227,0.17051035806856665,0.22722188248313321,0.2218799937681448,0.02156068659854136
2071,0.59,0.10594204375993162,0.25288503532168227,0.17051035806856665,0.22722188248313321,0.2218799937681448,0.02156068659854136
2071,0.6,0.10594204375993162,0.25288503532168227,0.17051035806856665,0.22722188248313321,0.2218799937681448,0.02156068659854136
2071,0.61,0.10594204375993162,0.25288503532168227,0.17051035806856665,0.22722188248313321,0.2218799937681448,0.02156068659854136
2071,0.62,0.10594204375993162,0.25288503532168227,0.17051035806856665,0.22722188248313321,0.2218799937681448,0.02156068659854136
2071,0.63,0.10594204375993162,0.25288503532168227,0.17051035806856665,0.22722188248313321,0.2218799937681448,0.02156068659854136
2071,0.64,0.10594204375993162,0.25288503532168227,0.17051035806856665,0.22722188248313321,0.2218799937681448,0.02156068659854136
2071,0.65,0.10594204375993162,0.25288503532168227,0.17051035806856665,0.22722188248313321,0.2218799937681448,0.02156068659854136
2071,0.66,0.10594204375993162,0.25288503532168227,0.17051035806856665,0.22722188248313321,0.2218799937681448,0.02156068659854136
2071,0.67,0.10594204375993162,0.25288503532168227,0.17051035806856665,0.22722188248313321,0.2218799937681448,0.02156068659854136
2071,0.68,0.10594204375993162,0.25288503532168227,0.17051035806856665,0.22722188248313321,0.2218799937681448,0.02156068659854136
2071,0.6900000000000001,0.10594204375993162,0.25288503532168227,0.17051035806856665,0.22722188248313321,0.2218799937681448,0.02156068659854136
2071,0.7000000000000001,0.10594204375993162,0.25288503532168227,0.17051035806856665,0.22722188248313321,0.2218799937681448,0.02156068659854136
2071,0.7100000000000001,0.10594204375993162,0.25288503532168227,0.17051035806856665,0.22722188248313321,0.2218799937681448,0.02156068659854136
2071,0.72,0.10594204375993162,0.25288503532168227,0.17051035806856665,0.22722188248313321,0.2218799937681448,0.02156068659854136
2071,0.73,0.10594204375993162,0.25288503532168227,0.17051035806856665,0.22722188248313321,0.2218799937681448,0.02156068659854136
2071,0.74,0.10594204375993162,0.25288503532168227,0.17051035806856665,0.22722188248313321,0.2218799937681448,0.02156068659854136
2071,0.75,0.10594204375993162,0.25288503532168227,0.17051035806856665,0.22722188248313321,0.2218799937681448,0.02156068659854136
2071,0.76,0.10594204375993162,0.25288503532168227,0.17051035806856665,0.22722188248313321,0.2218799937681448,0.02156068659854136
2071,0.77,0.10594204375993162,0.25288503532168227,0.17051035806856665,0.22722188248313321,0.2218799937681448,0.02156068659854136
2071,0.78,0.10594204375993162,0.25288503532168227,0.17051035806856665,0.22722188248313321,0.2218799937681448,0.02156068659854136
2071,0.79,0.10594204375993162,0.25288503532168227,0.17051035806856665,0.22722188248313321,0.2218799937681448,0.02156068659854136
2071,0.8,0.10594204375993162,0.25288503532168227,0.17051035806856665,0.22722188248313321,0.2218799937681448,0.02156068659854136
2071,0.81,0.10594204375993162,0.25288503532168227,0.17051035806856665,0.22722188248313321,0.2218799937681448,0.02156068659854136
2071,0.8200000000000001,0.10594204375993162,0.25288503532168227,0.17051035806856665,0.22722188248313321,0.2218799937681448,0.02156068659854136
2071,0.8300000000000001,0.10594204375993162,0.25288503532168227,0.17051035806856665,0.22722188248313321,0.2218799937681448,0.02156068659854136
2071,0.8400000000000001,0.10594204375993162,0.25288503532168227,0.17051035806856665,0.22722188248313321,0.2218799937681448,0.02156068659854136
2071,0.85,0.10594204375993162,0.25288503532168227,0.17051035806856665,0.22722188248313321,0.2218799937681448,0.02156068659854136
2071,0.86,0.10594204375993162,0.25288503532168227,0.17051035806856665,0.22722188248313321,0.2218799937681448,0.02156068659854136
2071,0.87,0.10594204375993162,0.25288503532168227,0.17051035806856665,0.22722188248313321,0.2218799937681448,0.02156068659854136
2071,0.88,0.10594204375993162,0.25288503532168227,0.17051035806856665,0.22722188248313321,0.2218799937681448,0.02156068659854136
2071,0.89,0.10594204375993162,0.25288503532168227,0.17051035806856665,0.22722188248313321,0.2218799937681448,0.02156068659854136
2071,0.9,0.10594204375993162,0.25288503532168227,0.17051035806856665,0.22722188248313321,0.2218799937681448,0.02156068659854136
2071,0.91,0.10594204375993162,0.25288503532168227,0.17051035806856665,0.22722188248313321,0.2218799937681448,0.02156068659854136
2071,0.92,0.10594204375993162,0.25288503532168227,0.17051035806856665,0.22722188248313321,0.2218799937681448,0.02156068659854136
2071,0.93,0.10594204375993162,0.25288503532168227,0.17051035806856665,0.22722188248313321,0.2218799937681448,0.02156068659854136
2071,0.9400000000000001,0.10594204375993162,0.25288503532168227,0.17051035806856665,0.22722188248313321,0.2218799937681448,0.02156068659854136
2071,0.9500000000000001,0.10594204375993162,0.25288503532168227,0.17051035806856665,0.22722188248313321,0.2218799937681448,0.02156068659854136
2071,0.9600000000000001,0.10594204375993162,0.25288503532168227,0.17051035806856665,0.22722188248313321,0.2218799937681448,0.02156068659854136
2071,0.97,0.10594204375993162,0.25288503532168227,0.17051035806856665,0.22722188248313321,0.2218799937681448,0.02156068659854136
2071,0.98,0.10594204375993162,0.25288503532168227,0.17051035806856665,0.22722188248313321,0.2218799937681448,0.02156068659854136
2071,0.99,0.10594204375993162,0.25288503532168227,0.17051035806856665,0.22722188248313321,0.2218799937681448,0.02156068659854136
2071,1.0,0.10594204375993162,0.25288503532168227,0.17051035806856665,0.22722188248313321,0.2218799937681448,0.02156068659854136
2072,0.01,0.01678017814427202,0.12198701386030746,0.1600867567083538,0.029685378248864646,0.2855653027709561,0.3858953702672459
2072,0.02,0.01678017814427202,0.12198701386030746,0.1600867567083538,0.029685378248864646,0.2855653027709561,0.3858953702672459
2072,0.03,0.01678017814427202,0.12198701386030746,0.1600867567083538,0.029685378248864646,0.2855653027709561,0.3858953702672459
2072,0.04,0.01678017814427202,0.12198701386030746,0.1600867567083538,0.029685378248864646,0.2855653027709561,0.3858953702672459
2072,0.05,0.01678017814427202,0.12198701386030746,0.1600867567083538,0.029685378248864646,0.2855653027709561,0.3858953702672459
2072,0.060000000000000005,0.01678017814427202,0.12198701386030746,0.1600867567083538,0.029685378248864646,0.2855653027709561,0.3858953702672459
2072,0.06999999999999999,0.01678017814427202,0.12198701386030746,0.1600867567083538,0.029685378248864646,0.2855653027709561,0.3858953702672459
2072,0.08,0.01678017814427202,0.12198701386030746,0.1600867567083538,0.029685378248864646,0.2855653027709561,0.3858953702672459
2072,0.09,0.01678017814427202,0.12198701386030746,0.1600867567083538,0.029685378248864646,0.2855653027709561,0.3858953702672459
2072,0.09999999999999999,0.01678017814427202,0.12198701386030746,0.1600867567083538,0.029685378248864646,0.2855653027709561,0.3858953702672459
2072,0.11,0.01678017814427202,0.12198701386030746,0.1600867567083538,0.029685378248864646,0.2855653027709561,0.3858953702672459
2072,0.12,0.01678017814427202,0.12198701386030746,0.1600867567083538,0.029685378248864646,0.2855653027709561,0.3858953702672459
2072,0.13,0.01678017814427202,0.12198701386030746,0.1600867567083538,0.029685378248864646,0.2855653027709561,0.3858953702672459
2072,0.14,0.01678017814427202,0.12198701386030746,0.1600867567083538,0.029685378248864646,0.2855653027709561,0.3858953702672459
2072,0.15000000000000002,0.01678017814427202,0.12198701386030746,0.1600867567083538,0.029685378248864646,0.2855653027709561,0.3858953702672459
2072,0.16,0.01678017814427202,0.12198701386030746,0.1600867567083538,0.029685378248864646,0.2855653027709561,0.3858953702672459
2072,0.17,0.01678017814427202,0.12198701386030746,0.1600867567083538,0.029685378248864646,0.2855653027709561,0.3858953702672459
2072,0.18000000000000002,0.01678017814427202,0.12198701386030746,0.1600867567083538,0.029685378248864646,0.2855653027709561,0.3858953702672459
2072,0.19,0.01678017814427202,0.12198701386030746,0.1600867567083538,0.029685378248864646,0.2855653027709561,0.3858953702672459
2072,0.2,0.01678017814427202,0.12198701386030746,0.1600867567083538,0.029685378248864646,0.2855653027709561,0.3858953702672459
2072,0.21000000000000002,0.01678017814427202,0.12198701386030746,0.1600867567083538,0.029685378248864646,0.2855653027709561,0.3858953702672459
2072,0.22,0.01678017814427202,0.12198701386030746,0.1600867567083538,0.029685378248864646,0.2855653027709561,0.3858953702672459
2072,0.23,0.01678017814427202,0.12198701386030746,0.1600867567083538,0.029685378248864646,0.2855653027709561,0.3858953702672459
2072,0.24000000000000002,0.01678017814427202,0.12198701386030746,0.1600867567083538,0.029685378248864646,0.2855653027709561,0.3858953702672459
2072,0.25,0.01678017814427202,0.12198701386030746,0.1600867567083538,0.029685378248864646,0.2855653027709561,0.3858953702672459
2072,0.26,0.01678017814427202,0.12198701386030746,0.1600867567083538,0.029685378248864646,0.2855653027709561,0.3858953702672459
2072,0.27,0.01678017814427202,0.12198701386030746,0.1600867567083538,0.029685378248864646,0.2855653027709561,0.3858953702672459
2072,0.28,0.01678017814427202,0.12198701386030746,0.1600867567083538,0.029685378248864646,0.2855653027709561,0.3858953702672459
2072,0.29000000000000004,0.01678017814427202,0.12198701386030746,0.1600867567083538,0.029685378248864646,0.2855653027709561,0.3858953702672459
2072,0.3,0.01678017814427202,0.12198701386030746,0.1600867567083538,0.029685378248864646,0.2855653027709561,0.3858953702672459
2072,0.31,0.01678017814427202,0.12198701386030746,0.1600867567083538,0.029685378248864646,0.2855653027709561,0.3858953702672459
2072,0.32,0.01678017814427202,0.12198701386030746,0.1600867567083538,0.029685378248864646,0.2855653027709561,0.3858953702672459
2072,0.33,0.01678017814427202,0.12198701386030746,0.1600867567083538,0.029685378248864646,0.2855653027709561,0.3858953702672459
2072,0.34,0.01678017814427202,0.12198701386030746,0.1600867567083538,0.029685378248864646,0.2855653027709561,0.3858953702672459
2072,0.35000000000000003,0.01678017814427202,0.12198701386030746,0.1600867567083538,0.029685378248864646,0.2855653027709561,0.3858953702672459
2072,0.36000000000000004,0.01678017814427202,0.12198701386030746,0.1600867567083538,0.029685378248864646,0.2855653027709561,0.3858953702672459
2072,0.37,0.01678017814427202,0.12198701386030746,0.1600867567083538,0.029685378248864646,0.2855653027709561,0.3858953702672459
2072,0.38,0.01678017814427202,0.12198701386030746,0.1600867567083538,0.029685378248864646,0.2855653027709561,0.3858953702672459
2072,0.39,0.01678017814427202,0.12198701386030746,0.1600867567083538,0.029685378248864646,0.2855653027709561,0.3858953702672459
2072,0.4,0.01678017814427202,0.12198701386030746,0.1600867567083538,0.029685378248864646,0.2855653027709561,0.3858953702672459
2072,0.41000000000000003,0.01678017814427202,0.12198701386030746,0.1600867567083538,0.029685378248864646,0.2855653027709561,0.3858953702672459
2072,0.42000000000000004,0.01678017814427202,0.12198701386030746,0.1600867567083538,0.029685378248864646,0.2855653027709561,0.3858953702672459
2072,0.43,0.01678017814427202,0.12198701386030746,0.1600867567083538,0.029685378248864646,0.2855653027709561,0.3858953702672459
2072,0.44,0.01678017814427202,0.12198701386030746,0.1600867567083538,0.029685378248864646,0.2855653027709561,0.3858953702672459
2072,0.45,0.01678017814427202,0.12198701386030746,0.1600867567083538,0.029685378248864646,0.2855653027709561,0.3858953702672459
2072,0.46,0.01678017814427202,0.12198701386030746,0.1600867567083538,0.029685378248864646,0.2855653027709561,0.3858953702672459
2072,0.47000000000000003,0.01678017814427202,0.12198701386030746,0.1600867567083538,0.029685378248864646,0.2855653027709561,0.3858953702672459
2072,0.48000000000000004,0.01678017814427202,0.12198701386030746,0.1600867567083538,0.029685378248864646,0.2855653027709561,0.3858953702672459
2072,0.49,0.01678017814427202,0.12198701386030746,0.1600867567083538,0.029685378248864646,0.2855653027709561,0.3858953702672459
2072,0.5,0.01678017814427202,0.12198701386030746,0.1600867567083538,0.029685378248864646,0.2855653027709561,0.3858953702672459
2072,0.51,0.01678017814427202,0.12198701386030746,0.1600867567083538,0.029685378248864646,0.2855653027709561,0.3858953702672459
2072,0.52,0.01678017814427202,0.12198701386030746,0.1600867567083538,0.029685378248864646,0.2855653027709561,0.3858953702672459
2072,0.53,0.01678017814427202,0.12198701386030746,0.1600867567083538,0.029685378248864646,0.2855653027709561,0.3858953702672459
2072,0.54,0.01678017814427202,0.12198701386030746,0.1600867567083538,0.029685378248864646,0.2855653027709561,0.3858953702672459
2072,0.55,0.01678017814427202,0.12198701386030746,0.1600867567083538,0.029685378248864646,0.2855653027709561,0.3858953702672459
2072,0.56,0.01678017814427202,0.12198701386030746,0.1600867567083538,0.029685378248864646,0.2855653027709561,0.3858953702672459
2072,0.5700000000000001,0.01678017814427202,0.12198701386030746,0.1600867567083538,0.029685378248864646,0.2855653027709561,0.3858953702672459
2072,0.5800000000000001,0.01678017814427202,0.12198701386030746,0.1600867567083538,0.029685378248864646,0.2855653027709561,0.3858953702672459
2072,0.59,0.01678017814427202,0.12198701386030746,0.1600867567083538,0.029685378248864646,0.2855653027709561,0.3858953702672459
2072,0.6,0.01678017814427202,0.12198701386030746,0.1600867567083538,0.029685378248864646,0.2855653027709561,0.3858953702672459
2072,0.61,0.01678017814427202,0.12198701386030746,0.1600867567083538,0.029685378248864646,0.2855653027709561,0.3858953702672459
2072,0.62,0.01678017814427202,0.12198701386030746,0.1600867567083538,0.029685378248864646,0.2855653027709561,0.3858953702672459
2072,0.63,0.01678017814427202,0.12198701386030746,0.1600867567083538,0.029685378248864646,0.2855653027709561,0.3858953702672459
2072,0.64,0.01678017814427202,0.12198701386030746,0.1600867567083538,0.029685378248864646,0.2855653027709561,0.3858953702672459
2072,0.65,0.01678017814427202,0.12198701386030746,0.1600867567083538,0.029685378248864646,0.2855653027709561,0.3858953702672459
2072,0.66,0.01678017814427202,0.12198701386030746,0.1600867567083538,0.029685378248864646,0.2855653027709561,0.3858953702672459
2072,0.67,0.01678017814427202,0.12198701386030746,0.1600867567083538,0.029685378248864646,0.2855653027709561,0.3858953702672459
2072,0.68,0.01678017814427202,0.12198701386030746,0.1600867567083538,0.029685378248864646,0.2855653027709561,0.3858953702672459
2072,0.6900000000000001,0.01678017814427202,0.12198701386030746,0.1600867567083538,0.029685378248864646,0.2855653027709561,0.3858953702672459
2072,0.7000000000000001,0.01678017814427202,0.12198701386030746,0.1600867567083538,0.029685378248864646,0.2855653027709561,0.3858953702672459
2072,0.7100000000000001,0.01678017814427202,0.12198701386030746,0.1600867567083538,0.029685378248864646,0.2855653027709561,0.3858953702672459
2072,0.72,0.01678017814427202,0.12198701386030746,0.1600867567083538,0.029685378248864646,0.2855653027709561,0.3858953702672459
2072,0.73,0.01678017814427202,0.12198701386030746,0.1600867567083538,0.029685378248864646,0.2855653027709561,0.3858953702672459
2072,0.74,0.01678017814427202,0.12198701386030746,0.1600867567083538,0.029685378248864646,0.2855653027709561,0.3858953702672459
2072,0.75,0.01678017814427202,0.12198701386030746,0.1600867567083538,0.029685378248864646,0.2855653027709561,0.3858953702672459
2072,0.76,0.01678017814427202,0.12198701386030746,0.1600867567083538,0.029685378248864646,0.2855653027709561,0.3858953702672459
2072,0.77,0.01678017814427202,0.12198701386030746,0.1600867567083538,0.029685378248864646,0.2855653027709561,0.3858953702672459
2072,0.78,0.01678017814427202,0.12198701386030746,0.1600867567083538,0.029685378248864646,0.2855653027709561,0.3858953702672459
2072,0.79,0.01678017814427202,0.12198701386030746,0.1600867567083538,0.029685378248864646,0.2855653027709561,0.3858953702672459
2072,0.8,0.01678017814427202,0.12198701386030746,0.1600867567083538,0.029685378248864646,0.2855653027709561,0.3858953702672459
2072,0.81,0.01678017814427202,0.12198701386030746,0.1600867567083538,0.029685378248864646,0.2855653027709561,0.3858953702672459
2072,0.8200000000000001,0.01678017814427202,0.12198701386030746,0.1600867567083538,0.029685378248864646,0.2855653027709561,0.3858953702672459
2072,0.8300000000000001,0.01678017814427202,0.12198701386030746,0.1600867567083538,0.029685378248864646,0.2855653027709561,0.3858953702672459
2072,0.8400000000000001,0.01678017814427202,0.12198701386030746,0.1600867567083538,0.029685378248864646,0.2855653027709561,0.3858953702672459
2072,0.85,0.01678017814427202,0.12198701386030746,0.1600867567083538,0.029685378248864646,0.2855653027709561,0.3858953702672459
2072,0.86,0.01678017814427202,0.12198701386030746,0.1600867567083538,0.029685378248864646,0.2855653027709561,0.3858953702672459
2072,0.87,0.01678017814427202,0.12198701386030746,0.1600867567083538,0.029685378248864646,0.2855653027709561,0.3858953702672459
2072,0.88,0.01678017814427202,0.12198701386030746,0.1600867567083538,0.029685378248864646,0.2855653027709561,0.3858953702672459
2072,0.89,0.01678017814427202,0.12198701386030746,0.1600867567083538,0.029685378248864646,0.2855653027709561,0.3858953702672459
2072,0.9,0.01678017814427202,0.12198701386030746,0.1600867567083538,0.029685378248864646,0.2855653027709561,0.3858953702672459
2072,0.91,0.01678017814427202,0.12198701386030746,0.1600867567083538,0.029685378248864646,0.2855653027709561,0.3858953702672459
2072,0.92,0.01678017814427202,0.12198701386030746,0.1600867567083538,0.029685378248864646,0.2855653027709561,0.3858953702672459
2072,0.93,0.01678017814427202,0.12198701386030746,0.1600867567083538,0.029685378248864646,0.2855653027709561,0.3858953702672459
2072,0.9400000000000001,0.01678017814427202,0.12198701386030746,0.1600867567083538,0.029685378248864646,0.2855653027709561,0.3858953702672459
2072,0.9500000000000001,0.01678017814427202,0.12198701386030746,0.1600867567083538,0.029685378248864646,0.2855653027709561,0.3858953702672459
2072,0.9600000000000001,0.01678017814427202,0.12198701386030746,0.1600867567083538,0.029685378248864646,0.2855653027709561,0.3858953702672459
2072,0.97,0.01678017814427202,0.12198701386030746,0.1600867567083538,0.029685378248864646,0.2855653027709561,0.3858953702672459
2072,0.98,0.01678017814427202,0.12198701386030746,0.1600867567083538,0.029685378248864646,0.2855653027709561,0.3858953702672459
2072,0.99,0.01678017814427202,0.12198701386030746,0.1600867567083538,0.029685378248864646,0.2855653027709561,0.3858953702672459
2072,1.0,0.01678017814427202,0.12198701386030746,0.1600867567083538,0.029685378248864646,0.2855653027709561,0.3858953702672459
2073,0.01,0.22070964915776392,0.01418312570907172,0.2269692881107294,0.14242071819360352,0.20367591349492978,0.1920413053339017
2073,0.02,0.22070964915776392,0.01418312570907172,0.2269692881107294,0.14242071819360352,0.20367591349492978,0.1920413053339017
2073,0.03,0.22070964915776392,0.01418312570907172,0.2269692881107294,0.14242071819360352,0.20367591349492978,0.1920413053339017
2073,0.04,0.22070964915776392,0.01418312570907172,0.2269692881107294,0.14242071819360352,0.20367591349492978,0.1920413053339017
2073,0.05,0.22070964915776392,0.01418312570907172,0.2269692881107294,0.14242071819360352,0.20367591349492978,0.1920413053339017
2073,0.060000000000000005,0.22070964915776392,0.01418312570907172,0.2269692881107294,0.14242071819360352,0.20367591349492978,0.1920413053339017
2073,0.06999999999999999,0.22070964915776392,0.01418312570907172,0.2269692881107294,0.14242071819360352,0.20367591349492978,0.1920413053339017
2073,0.08,0.22070964915776392,0.01418312570907172,0.2269692881107294,0.14242071819360352,0.20367591349492978,0.1920413053339017
2073,0.09,0.22070964915776392,0.01418312570907172,0.2269692881107294,0.14242071819360352,0.20367591349492978,0.1920413053339017
2073,0.09999999999999999,0.22070964915776392,0.01418312570907172,0.2269692881107294,0.14242071819360352,0.20367591349492978,0.1920413053339017
2073,0.11,0.22070964915776392,0.01418312570907172,0.2269692881107294,0.14242071819360352,0.20367591349492978,0.1920413053339017
2073,0.12,0.22070964915776392,0.01418312570907172,0.2269692881107294,0.14242071819360352,0.20367591349492978,0.1920413053339017
2073,0.13,0.22070964915776392,0.01418312570907172,0.2269692881107294,0.14242071819360352,0.20367591349492978,0.1920413053339017
2073,0.14,0.22070964915776392,0.01418312570907172,0.2269692881107294,0.14242071819360352,0.20367591349492978,0.1920413053339017
2073,0.15000000000000002,0.22070964915776392,0.01418312570907172,0.2269692881107294,0.14242071819360352,0.20367591349492978,0.1920413053339017
2073,0.16,0.22070964915776392,0.01418312570907172,0.2269692881107294,0.14242071819360352,0.20367591349492978,0.1920413053339017
2073,0.17,0.22070964915776392,0.01418312570907172,0.2269692881107294,0.14242071819360352,0.20367591349492978,0.1920413053339017
2073,0.18000000000000002,0.22070964915776392,0.01418312570907172,0.2269692881107294,0.14242071819360352,0.20367591349492978,0.1920413053339017
2073,0.19,0.22070964915776392,0.01418312570907172,0.2269692881107294,0.14242071819360352,0.20367591349492978,0.1920413053339017
2073,0.2,0.22070964915776392,0.01418312570907172,0.2269692881107294,0.14242071819360352,0.20367591349492978,0.1920413053339017
2073,0.21000000000000002,0.22070964915776392,0.01418312570907172,0.2269692881107294,0.14242071819360352,0.20367591349492978,0.1920413053339017
2073,0.22,0.22070964915776392,0.01418312570907172,0.2269692881107294,0.14242071819360352,0.20367591349492978,0.1920413053339017
2073,0.23,0.22070964915776392,0.01418312570907172,0.2269692881107294,0.14242071819360352,0.20367591349492978,0.1920413053339017
2073,0.24000000000000002,0.22070964915776392,0.01418312570907172,0.2269692881107294,0.14242071819360352,0.20367591349492978,0.1920413053339017
2073,0.25,0.22070964915776392,0.01418312570907172,0.2269692881107294,0.14242071819360352,0.20367591349492978,0.1920413053339017
2073,0.26,0.22070964915776392,0.01418312570907172,0.2269692881107294,0.14242071819360352,0.20367591349492978,0.1920413053339017
2073,0.27,0.22070964915776392,0.01418312570907172,0.2269692881107294,0.14242071819360352,0.20367591349492978,0.1920413053339017
2073,0.28,0.22070964915776392,0.01418312570907172,0.2269692881107294,0.14242071819360352,0.20367591349492978,0.1920413053339017
2073,0.29000000000000004,0.22070964915776392,0.01418312570907172,0.2269692881107294,0.14242071819360352,0.20367591349492978,0.1920413053339017
2073,0.3,0.22070964915776392,0.01418312570907172,0.2269692881107294,0.14242071819360352,0.20367591349492978,0.1920413053339017
2073,0.31,0.22070964915776392,0.01418312570907172,0.2269692881107294,0.14242071819360352,0.20367591349492978,0.1920413053339017
2073,0.32,0.22070964915776392,0.01418312570907172,0.2269692881107294,0.14242071819360352,0.20367591349492978,0.1920413053339017
2073,0.33,0.22070964915776392,0.01418312570907172,0.2269692881107294,0.14242071819360352,0.20367591349492978,0.1920413053339017
2073,0.34,0.22070964915776392,0.01418312570907172,0.2269692881107294,0.14242071819360352,0.20367591349492978,0.1920413053339017
2073,0.35000000000000003,0.22070964915776392,0.01418312570907172,0.2269692881107294,0.14242071819360352,0.20367591349492978,0.1920413053339017
2073,0.36000000000000004,0.22070964915776392,0.01418312570907172,0.2269692881107294,0.14242071819360352,0.20367591349492978,0.1920413053339017
2073,0.37,0.22070964915776392,0.01418312570907172,0.2269692881107294,0.14242071819360352,0.20367591349492978,0.1920413053339017
2073,0.38,0.22070964915776392,0.01418312570907172,0.2269692881107294,0.14242071819360352,0.20367591349492978,0.1920413053339017
2073,0.39,0.22070964915776392,0.01418312570907172,0.2269692881107294,0.14242071819360352,0.20367591349492978,0.1920413053339017
2073,0.4,0.22070964915776392,0.01418312570907172,0.2269692881107294,0.14242071819360352,0.20367591349492978,0.1920413053339017
2073,0.41000000000000003,0.22070964915776392,0.01418312570907172,0.2269692881107294,0.14242071819360352,0.20367591349492978,0.1920413053339017
2073,0.42000000000000004,0.22070964915776392,0.01418312570907172,0.2269692881107294,0.14242071819360352,0.20367591349492978,0.1920413053339017
2073,0.43,0.22070964915776392,0.01418312570907172,0.2269692881107294,0.14242071819360352,0.20367591349492978,0.1920413053339017
2073,0.44,0.22070964915776392,0.01418312570907172,0.2269692881107294,0.14242071819360352,0.20367591349492978,0.1920413053339017
2073,0.45,0.22070964915776392,0.01418312570907172,0.2269692881107294,0.14242071819360352,0.20367591349492978,0.1920413053339017
2073,0.46,0.22070964915776392,0.01418312570907172,0.2269692881107294,0.14242071819360352,0.20367591349492978,0.1920413053339017
2073,0.47000000000000003,0.22070964915776392,0.01418312570907172,0.2269692881107294,0.14242071819360352,0.20367591349492978,0.1920413053339017
2073,0.48000000000000004,0.22070964915776392,0.01418312570907172,0.2269692881107294,0.14242071819360352,0.20367591349492978,0.1920413053339017
2073,0.49,0.22070964915776392,0.01418312570907172,0.2269692881107294,0.14242071819360352,0.20367591349492978,0.1920413053339017
2073,0.5,0.22070964915776392,0.01418312570907172,0.2269692881107294,0.14242071819360352,0.20367591349492978,0.1920413053339017
2073,0.51,0.22070964915776392,0.01418312570907172,0.2269692881107294,0.14242071819360352,0.20367591349492978,0.1920413053339017
2073,0.52,0.22070964915776392,0.01418312570907172,0.2269692881107294,0.14242071819360352,0.20367591349492978,0.1920413053339017
2073,0.53,0.22070964915776392,0.01418312570907172,0.2269692881107294,0.14242071819360352,0.20367591349492978,0.1920413053339017
2073,0.54,0.22070964915776392,0.01418312570907172,0.2269692881107294,0.14242071819360352,0.20367591349492978,0.1920413053339017
2073,0.55,0.22070964915776392,0.01418312570907172,0.2269692881107294,0.14242071819360352,0.20367591349492978,0.1920413053339017
2073,0.56,0.22070964915776392,0.01418312570907172,0.2269692881107294,0.14242071819360352,0.20367591349492978,0.1920413053339017
2073,0.5700000000000001,0.22070964915776392,0.01418312570907172,0.2269692881107294,0.14242071819360352,0.20367591349492978,0.1920413053339017
2073,0.5800000000000001,0.22070964915776392,0.01418312570907172,0.2269692881107294,0.14242071819360352,0.20367591349492978,0.1920413053339017
2073,0.59,0.22070964915776392,0.01418312570907172,0.2269692881107294,0.14242071819360352,0.20367591349492978,0.1920413053339017
2073,0.6,0.22070964915776392,0.01418312570907172,0.2269692881107294,0.14242071819360352,0.20367591349492978,0.1920413053339017
2073,0.61,0.22070964915776392,0.01418312570907172,0.2269692881107294,0.14242071819360352,0.20367591349492978,0.1920413053339017
2073,0.62,0.22070964915776392,0.01418312570907172,0.2269692881107294,0.14242071819360352,0.20367591349492978,0.1920413053339017
2073,0.63,0.22070964915776392,0.01418312570907172,0.2269692881107294,0.14242071819360352,0.20367591349492978,0.1920413053339017
2073,0.64,0.22070964915776392,0.01418312570907172,0.2269692881107294,0.14242071819360352,0.20367591349492978,0.1920413053339017
2073,0.65,0.22070964915776392,0.01418312570907172,0.2269692881107294,0.14242071819360352,0.20367591349492978,0.1920413053339017
2073,0.66,0.22070964915776392,0.01418312570907172,0.2269692881107294,0.14242071819360352,0.20367591349492978,0.1920413053339017
2073,0.67,0.22070964915776392,0.01418312570907172,0.2269692881107294,0.14242071819360352,0.20367591349492978,0.1920413053339017
2073,0.68,0.22070964915776392,0.01418312570907172,0.2269692881107294,0.14242071819360352,0.20367591349492978,0.1920413053339017
2073,0.6900000000000001,0.22070964915776392,0.01418312570907172,0.2269692881107294,0.14242071819360352,0.20367591349492978,0.1920413053339017
2073,0.7000000000000001,0.22070964915776392,0.01418312570907172,0.2269692881107294,0.14242071819360352,0.20367591349492978,0.1920413053339017
2073,0.7100000000000001,0.22070964915776392,0.01418312570907172,0.2269692881107294,0.14242071819360352,0.20367591349492978,0.1920413053339017
2073,0.72,0.22070964915776392,0.01418312570907172,0.2269692881107294,0.14242071819360352,0.20367591349492978,0.1920413053339017
2073,0.73,0.22070964915776392,0.01418312570907172,0.2269692881107294,0.14242071819360352,0.20367591349492978,0.1920413053339017
2073,0.74,0.22070964915776392,0.01418312570907172,0.2269692881107294,0.14242071819360352,0.20367591349492978,0.1920413053339017
2073,0.75,0.22070964915776392,0.01418312570907172,0.2269692881107294,0.14242071819360352,0.20367591349492978,0.1920413053339017
2073,0.76,0.22070964915776392,0.01418312570907172,0.2269692881107294,0.14242071819360352,0.20367591349492978,0.1920413053339017
2073,0.77,0.22070964915776392,0.01418312570907172,0.2269692881107294,0.14242071819360352,0.20367591349492978,0.1920413053339017
2073,0.78,0.22070964915776392,0.01418312570907172,0.2269692881107294,0.14242071819360352,0.20367591349492978,0.1920413053339017
2073,0.79,0.22070964915776392,0.01418312570907172,0.2269692881107294,0.14242071819360352,0.20367591349492978,0.1920413053339017
2073,0.8,0.22070964915776392,0.01418312570907172,0.2269692881107294,0.14242071819360352,0.20367591349492978,0.1920413053339017
2073,0.81,0.22070964915776392,0.01418312570907172,0.2269692881107294,0.14242071819360352,0.20367591349492978,0.1920413053339017
2073,0.8200000000000001,0.22070964915776392,0.01418312570907172,0.2269692881107294,0.14242071819360352,0.20367591349492978,0.1920413053339017
2073,0.8300000000000001,0.22070964915776392,0.01418312570907172,0.2269692881107294,0.14242071819360352,0.20367591349492978,0.1920413053339017
2073,0.8400000000000001,0.22070964915776392,0.01418312570907172,0.2269692881107294,0.14242071819360352,0.20367591349492978,0.1920413053339017
2073,0.85,0.22070964915776392,0.01418312570907172,0.2269692881107294,0.14242071819360352,0.20367591349492978,0.1920413053339017
2073,0.86,0.22070964915776392,0.01418312570907172,0.2269692881107294,0.14242071819360352,0.20367591349492978,0.1920413053339017
2073,0.87,0.22070964915776392,0.01418312570907172,0.2269692881107294,0.14242071819360352,0.20367591349492978,0.1920413053339017
2073,0.88,0.22070964915776392,0.01418312570907172,0.2269692881107294,0.14242071819360352,0.20367591349492978,0.1920413053339017
2073,0.89,0.22070964915776392,0.01418312570907172,0.2269692881107294,0.14242071819360352,0.20367591349492978,0.1920413053339017
2073,0.9,0.22070964915776392,0.01418312570907172,0.2269692881107294,0.14242071819360352,0.20367591349492978,0.1920413053339017
2073,0.91,0.22070964915776392,0.01418312570907172,0.2269692881107294,0.14242071819360352,0.20367591349492978,0.1920413053339017
2073,0.92,0.22070964915776392,0.01418312570907172,0.2269692881107294,0.14242071819360352,0.20367591349492978,0.1920413053339017
2073,0.93,0.22070964915776392,0.01418312570907172,0.2269692881107294,0.14242071819360352,0.20367591349492978,0.1920413053339017
2073,0.9400000000000001,0.22070964915776392,0.01418312570907172,0.2269692881107294,0.14242071819360352,0.20367591349492978,0.1920413053339017
2073,0.9500000000000001,0.22070964915776392,0.01418312570907172,0.2269692881107294,0.14242071819360352,0.20367591349492978,0.1920413053339017
2073,0.9600000000000001,0.22070964915776392,0.01418312570907172,0.2269692881107294,0.14242071819360352,0.20367591349492978,0.1920413053339017
2073,0.97,0.22070964915776392,0.01418312570907172,0.2269692881107294,0.14242071819360352,0.20367591349492978,0.1920413053339017
2073,0.98,0.22070964915776392,0.01418312570907172,0.2269692881107294,0.14242071819360352,0.20367591349492978,0.1920413053339017
2073,0.99,0.22070964915776392,0.01418312570907172,0.2269692881107294,0.14242071819360352,0.20367591349492978,0.1920413053339017
2073,1.0,0.22070964915776392,0.01418312570907172,0.2269692881107294,0.14242071819360352,0.20367591349492978,0.1920413053339017
2074,0.01,0.18916001756888265,0.07137129868110989,0.31185170138066115,0.010913442163653671,0.0719454373754974,0.34475810283019537
2074,0.02,0.18916001756888265,0.07137129868110989,0.31185170138066115,0.010913442163653671,0.0719454373754974,0.34475810283019537
2074,0.03,0.18916001756888265,0.07137129868110989,0.31185170138066115,0.010913442163653671,0.0719454373754974,0.34475810283019537
2074,0.04,0.18916001756888265,0.07137129868110989,0.31185170138066115,0.010913442163653671,0.0719454373754974,0.34475810283019537
2074,0.05,0.18916001756888265,0.07137129868110989,0.31185170138066115,0.010913442163653671,0.0719454373754974,0.34475810283019537
2074,0.060000000000000005,0.18916001756888265,0.07137129868110989,0.31185170138066115,0.010913442163653671,0.0719454373754974,0.34475810283019537
2074,0.06999999999999999,0.18916001756888265,0.07137129868110989,0.31185170138066115,0.010913442163653671,0.0719454373754974,0.34475810283019537
2074,0.08,0.18916001756888265,0.07137129868110989,0.31185170138066115,0.010913442163653671,0.0719454373754974,0.34475810283019537
2074,0.09,0.18916001756888265,0.07137129868110989,0.31185170138066115,0.010913442163653671,0.0719454373754974,0.34475810283019537
2074,0.09999999999999999,0.18916001756888265,0.07137129868110989,0.31185170138066115,0.010913442163653671,0.0719454373754974,0.34475810283019537
2074,0.11,0.18916001756888265,0.07137129868110989,0.31185170138066115,0.010913442163653671,0.0719454373754974,0.34475810283019537
2074,0.12,0.18916001756888265,0.07137129868110989,0.31185170138066115,0.010913442163653671,0.0719454373754974,0.34475810283019537
2074,0.13,0.18916001756888265,0.07137129868110989,0.31185170138066115,0.010913442163653671,0.0719454373754974,0.34475810283019537
2074,0.14,0.18916001756888265,0.07137129868110989,0.31185170138066115,0.010913442163653671,0.0719454373754974,0.34475810283019537
2074,0.15000000000000002,0.18916001756888265,0.07137129868110989,0.31185170138066115,0.010913442163653671,0.0719454373754974,0.34475810283019537
2074,0.16,0.18916001756888265,0.07137129868110989,0.31185170138066115,0.010913442163653671,0.0719454373754974,0.34475810283019537
2074,0.17,0.18916001756888265,0.07137129868110989,0.31185170138066115,0.010913442163653671,0.0719454373754974,0.34475810283019537
2074,0.18000000000000002,0.18916001756888265,0.07137129868110989,0.31185170138066115,0.010913442163653671,0.0719454373754974,0.34475810283019537
2074,0.19,0.18916001756888265,0.07137129868110989,0.31185170138066115,0.010913442163653671,0.0719454373754974,0.34475810283019537
2074,0.2,0.18916001756888265,0.07137129868110989,0.31185170138066115,0.010913442163653671,0.0719454373754974,0.34475810283019537
2074,0.21000000000000002,0.18916001756888265,0.07137129868110989,0.31185170138066115,0.010913442163653671,0.0719454373754974,0.34475810283019537
2074,0.22,0.18916001756888265,0.07137129868110989,0.31185170138066115,0.010913442163653671,0.0719454373754974,0.34475810283019537
2074,0.23,0.18916001756888265,0.07137129868110989,0.31185170138066115,0.010913442163653671,0.0719454373754974,0.34475810283019537
2074,0.24000000000000002,0.18916001756888265,0.07137129868110989,0.31185170138066115,0.010913442163653671,0.0719454373754974,0.34475810283019537
2074,0.25,0.18916001756888265,0.07137129868110989,0.31185170138066115,0.010913442163653671,0.0719454373754974,0.34475810283019537
2074,0.26,0.18916001756888265,0.07137129868110989,0.31185170138066115,0.010913442163653671,0.0719454373754974,0.34475810283019537
2074,0.27,0.18916001756888265,0.07137129868110989,0.31185170138066115,0.010913442163653671,0.0719454373754974,0.34475810283019537
2074,0.28,0.18916001756888265,0.07137129868110989,0.31185170138066115,0.010913442163653671,0.0719454373754974,0.34475810283019537
2074,0.29000000000000004,0.18916001756888265,0.07137129868110989,0.31185170138066115,0.010913442163653671,0.0719454373754974,0.34475810283019537
2074,0.3,0.18916001756888265,0.07137129868110989,0.31185170138066115,0.010913442163653671,0.0719454373754974,0.34475810283019537
2074,0.31,0.18916001756888265,0.07137129868110989,0.31185170138066115,0.010913442163653671,0.0719454373754974,0.34475810283019537
2074,0.32,0.18916001756888265,0.07137129868110989,0.31185170138066115,0.010913442163653671,0.0719454373754974,0.34475810283019537
2074,0.33,0.18916001756888265,0.07137129868110989,0.31185170138066115,0.010913442163653671,0.0719454373754974,0.34475810283019537
2074,0.34,0.18916001756888265,0.07137129868110989,0.31185170138066115,0.010913442163653671,0.0719454373754974,0.34475810283019537
2074,0.35000000000000003,0.18916001756888265,0.07137129868110989,0.31185170138066115,0.010913442163653671,0.0719454373754974,0.34475810283019537
2074,0.36000000000000004,0.18916001756888265,0.07137129868110989,0.31185170138066115,0.010913442163653671,0.0719454373754974,0.34475810283019537
2074,0.37,0.18916001756888265,0.07137129868110989,0.31185170138066115,0.010913442163653671,0.0719454373754974,0.34475810283019537
2074,0.38,0.18916001756888265,0.07137129868110989,0.31185170138066115,0.010913442163653671,0.0719454373754974,0.34475810283019537
2074,0.39,0.18916001756888265,0.07137129868110989,0.31185170138066115,0.010913442163653671,0.0719454373754974,0.34475810283019537
2074,0.4,0.18916001756888265,0.07137129868110989,0.31185170138066115,0.010913442163653671,0.0719454373754974,0.34475810283019537
2074,0.41000000000000003,0.18916001756888265,0.07137129868110989,0.31185170138066115,0.010913442163653671,0.0719454373754974,0.34475810283019537
2074,0.42000000000000004,0.18916001756888265,0.07137129868110989,0.31185170138066115,0.010913442163653671,0.0719454373754974,0.34475810283019537
2074,0.43,0.18916001756888265,0.07137129868110989,0.31185170138066115,0.010913442163653671,0.0719454373754974,0.34475810283019537
2074,0.44,0.18916001756888265,0.07137129868110989,0.31185170138066115,0.010913442163653671,0.0719454373754974,0.34475810283019537
2074,0.45,0.18916001756888265,0.07137129868110989,0.31185170138066115,0.010913442163653671,0.0719454373754974,0.34475810283019537
2074,0.46,0.18916001756888265,0.07137129868110989,0.31185170138066115,0.010913442163653671,0.0719454373754974,0.34475810283019537
2074,0.47000000000000003,0.18916001756888265,0.07137129868110989,0.31185170138066115,0.010913442163653671,0.0719454373754974,0.34475810283019537
2074,0.48000000000000004,0.18916001756888265,0.07137129868110989,0.31185170138066115,0.010913442163653671,0.0719454373754974,0.34475810283019537
2074,0.49,0.18916001756888265,0.07137129868110989,0.31185170138066115,0.010913442163653671,0.0719454373754974,0.34475810283019537
2074,0.5,0.18916001756888265,0.07137129868110989,0.31185170138066115,0.010913442163653671,0.0719454373754974,0.34475810283019537
2074,0.51,0.18916001756888265,0.07137129868110989,0.31185170138066115,0.010913442163653671,0.0719454373754974,0.34475810283019537
2074,0.52,0.18916001756888265,0.07137129868110989,0.31185170138066115,0.010913442163653671,0.0719454373754974,0.34475810283019537
2074,0.53,0.18916001756888265,0.07137129868110989,0.31185170138066115,0.010913442163653671,0.0719454373754974,0.34475810283019537
2074,0.54,0.18916001756888265,0.07137129868110989,0.31185170138066115,0.010913442163653671,0.0719454373754974,0.34475810283019537
2074,0.55,0.18916001756888265,0.07137129868110989,0.31185170138066115,0.010913442163653671,0.0719454373754974,0.34475810283019537
2074,0.56,0.18916001756888265,0.07137129868110989,0.31185170138066115,0.010913442163653671,0.0719454373754974,0.34475810283019537
2074,0.5700000000000001,0.18916001756888265,0.07137129868110989,0.31185170138066115,0.010913442163653671,0.0719454373754974,0.34475810283019537
2074,0.5800000000000001,0.18916001756888265,0.07137129868110989,0.31185170138066115,0.010913442163653671,0.0719454373754974,0.34475810283019537
2074,0.59,0.18916001756888265,0.07137129868110989,0.31185170138066115,0.010913442163653671,0.0719454373754974,0.34475810283019537
2074,0.6,0.18916001756888265,0.07137129868110989,0.31185170138066115,0.010913442163653671,0.0719454373754974,0.34475810283019537
2074,0.61,0.18916001756888265,0.07137129868110989,0.31185170138066115,0.010913442163653671,0.0719454373754974,0.34475810283019537
2074,0.62,0.18916001756888265,0.07137129868110989,0.31185170138066115,0.010913442163653671,0.0719454373754974,0.34475810283019537
2074,0.63,0.18916001756888265,0.07137129868110989,0.31185170138066115,0.010913442163653671,0.0719454373754974,0.34475810283019537
2074,0.64,0.18916001756888265,0.07137129868110989,0.31185170138066115,0.010913442163653671,0.0719454373754974,0.34475810283019537
2074,0.65,0.18916001756888265,0.07137129868110989,0.31185170138066115,0.010913442163653671,0.0719454373754974,0.34475810283019537
2074,0.66,0.18916001756888265,0.07137129868110989,0.31185170138066115,0.010913442163653671,0.0719454373754974,0.34475810283019537
2074,0.67,0.18916001756888265,0.07137129868110989,0.31185170138066115,0.010913442163653671,0.0719454373754974,0.34475810283019537
2074,0.68,0.18916001756888265,0.07137129868110989,0.31185170138066115,0.010913442163653671,0.0719454373754974,0.34475810283019537
2074,0.6900000000000001,0.18916001756888265,0.07137129868110989,0.31185170138066115,0.010913442163653671,0.0719454373754974,0.34475810283019537
2074,0.7000000000000001,0.18916001756888265,0.07137129868110989,0.31185170138066115,0.010913442163653671,0.0719454373754974,0.34475810283019537
2074,0.7100000000000001,0.18916001756888265,0.07137129868110989,0.31185170138066115,0.010913442163653671,0.0719454373754974,0.34475810283019537
2074,0.72,0.18916001756888265,0.07137129868110989,0.31185170138066115,0.010913442163653671,0.0719454373754974,0.34475810283019537
2074,0.73,0.18916001756888265,0.07137129868110989,0.31185170138066115,0.010913442163653671,0.0719454373754974,0.34475810283019537
2074,0.74,0.18916001756888265,0.07137129868110989,0.31185170138066115,0.010913442163653671,0.0719454373754974,0.34475810283019537
2074,0.75,0.18916001756888265,0.07137129868110989,0.31185170138066115,0.010913442163653671,0.0719454373754974,0.34475810283019537
2074,0.76,0.18916001756888265,0.07137129868110989,0.31185170138066115,0.010913442163653671,0.0719454373754974,0.34475810283019537
2074,0.77,0.18916001756888265,0.07137129868110989,0.31185170138066115,0.010913442163653671,0.0719454373754974,0.34475810283019537
2074,0.78,0.18916001756888265,0.07137129868110989,0.31185170138066115,0.010913442163653671,0.0719454373754974,0.34475810283019537
2074,0.79,0.18916001756888265,0.07137129868110989,0.31185170138066115,0.010913442163653671,0.0719454373754974,0.34475810283019537
2074,0.8,0.18916001756888265,0.07137129868110989,0.31185170138066115,0.010913442163653671,0.0719454373754974,0.34475810283019537
2074,0.81,0.18916001756888265,0.07137129868110989,0.31185170138066115,0.010913442163653671,0.0719454373754974,0.34475810283019537
2074,0.8200000000000001,0.18916001756888265,0.07137129868110989,0.31185170138066115,0.010913442163653671,0.0719454373754974,0.34475810283019537
2074,0.8300000000000001,0.18916001756888265,0.07137129868110989,0.31185170138066115,0.010913442163653671,0.0719454373754974,0.34475810283019537
2074,0.8400000000000001,0.18916001756888265,0.07137129868110989,0.31185170138066115,0.010913442163653671,0.0719454373754974,0.34475810283019537
2074,0.85,0.18916001756888265,0.07137129868110989,0.31185170138066115,0.010913442163653671,0.0719454373754974,0.34475810283019537
2074,0.86,0.18916001756888265,0.07137129868110989,0.31185170138066115,0.010913442163653671,0.0719454373754974,0.34475810283019537
2074,0.87,0.18916001756888265,0.07137129868110989,0.31185170138066115,0.010913442163653671,0.0719454373754974,0.34475810283019537
2074,0.88,0.18916001756888265,0.07137129868110989,0.31185170138066115,0.010913442163653671,0.0719454373754974,0.34475810283019537
2074,0.89,0.18916001756888265,0.07137129868110989,0.31185170138066115,0.010913442163653671,0.0719454373754974,0.34475810283019537
2074,0.9,0.18916001756888265,0.07137129868110989,0.31185170138066115,0.010913442163653671,0.0719454373754974,0.34475810283019537
2074,0.91,0.18916001756888265,0.07137129868110989,0.31185170138066115,0.010913442163653671,0.0719454373754974,0.34475810283019537
2074,0.92,0.18916001756888265,0.07137129868110989,0.31185170138066115,0.010913442163653671,0.0719454373754974,0.34475810283019537
2074,0.93,0.18916001756888265,0.07137129868110989,0.31185170138066115,0.010913442163653671,0.0719454373754974,0.34475810283019537
2074,0.9400000000000001,0.18916001756888265,0.07137129868110989,0.31185170138066115,0.010913442163653671,0.0719454373754974,0.34475810283019537
2074,0.9500000000000001,0.18916001756888265,0.07137129868110989,0.31185170138066115,0.010913442163653671,0.0719454373754974,0.34475810283019537
2074,0.9600000000000001,0.18916001756888265,0.07137129868110989,0.31185170138066115,0.010913442163653671,0.0719454373754974,0.34475810283019537
2074,0.97,0.18916001756888265,0.07137129868110989,0.31185170138066115,0.010913442163653671,0.0719454373754974,0.34475810283019537
2074,0.98,0.18916001756888265,0.07137129868110989,0.31185170138066115,0.010913442163653671,0.0719454373754974,0.34475810283019537
2074,0.99,0.18916001756888265,0.07137129868110989,0.31185170138066115,0.010913442163653671,0.0719454373754974,0.34475810283019537
2074,1.0,0.18916001756888265,0.07137129868110989,0.31185170138066115,0.010913442163653671,0.0719454373754974,0.34475810283019537
2075,0.01,0.17744510987971057,0.021664467386878817,0.2764182679604371,0.1410439240677323,0.010487110594086978,0.3729411201111542
2075,0.02,0.17744510987971057,0.021664467386878817,0.2764182679604371,0.1410439240677323,0.010487110594086978,0.3729411201111542
2075,0.03,0.17744510987971057,0.021664467386878817,0.2764182679604371,0.1410439240677323,0.010487110594086978,0.3729411201111542
2075,0.04,0.17744510987971057,0.021664467386878817,0.2764182679604371,0.1410439240677323,0.010487110594086978,0.3729411201111542
2075,0.05,0.17744510987971057,0.021664467386878817,0.2764182679604371,0.1410439240677323,0.010487110594086978,0.3729411201111542
2075,0.060000000000000005,0.17744510987971057,0.021664467386878817,0.2764182679604371,0.1410439240677323,0.010487110594086978,0.3729411201111542
2075,0.06999999999999999,0.17744510987971057,0.021664467386878817,0.2764182679604371,0.1410439240677323,0.010487110594086978,0.3729411201111542
2075,0.08,0.17744510987971057,0.021664467386878817,0.2764182679604371,0.1410439240677323,0.010487110594086978,0.3729411201111542
2075,0.09,0.17744510987971057,0.021664467386878817,0.2764182679604371,0.1410439240677323,0.010487110594086978,0.3729411201111542
2075,0.09999999999999999,0.17744510987971057,0.021664467386878817,0.2764182679604371,0.1410439240677323,0.010487110594086978,0.3729411201111542
2075,0.11,0.17744510987971057,0.021664467386878817,0.2764182679604371,0.1410439240677323,0.010487110594086978,0.3729411201111542
2075,0.12,0.17744510987971057,0.021664467386878817,0.2764182679604371,0.1410439240677323,0.010487110594086978,0.3729411201111542
2075,0.13,0.17744510987971057,0.021664467386878817,0.2764182679604371,0.1410439240677323,0.010487110594086978,0.3729411201111542
2075,0.14,0.17744510987971057,0.021664467386878817,0.2764182679604371,0.1410439240677323,0.010487110594086978,0.3729411201111542
2075,0.15000000000000002,0.17744510987971057,0.021664467386878817,0.2764182679604371,0.1410439240677323,0.010487110594086978,0.3729411201111542
2075,0.16,0.17744510987971057,0.021664467386878817,0.2764182679604371,0.1410439240677323,0.010487110594086978,0.3729411201111542
2075,0.17,0.17744510987971057,0.021664467386878817,0.2764182679604371,0.1410439240677323,0.010487110594086978,0.3729411201111542
2075,0.18000000000000002,0.17744510987971057,0.021664467386878817,0.2764182679604371,0.1410439240677323,0.010487110594086978,0.3729411201111542
2075,0.19,0.17744510987971057,0.021664467386878817,0.2764182679604371,0.1410439240677323,0.010487110594086978,0.3729411201111542
2075,0.2,0.17744510987971057,0.021664467386878817,0.2764182679604371,0.1410439240677323,0.010487110594086978,0.3729411201111542
2075,0.21000000000000002,0.17744510987971057,0.021664467386878817,0.2764182679604371,0.1410439240677323,0.010487110594086978,0.3729411201111542
2075,0.22,0.17744510987971057,0.021664467386878817,0.2764182679604371,0.1410439240677323,0.010487110594086978,0.3729411201111542
2075,0.23,0.17744510987971057,0.021664467386878817,0.2764182679604371,0.1410439240677323,0.010487110594086978,0.3729411201111542
2075,0.24000000000000002,0.17744510987971057,0.021664467386878817,0.2764182679604371,0.1410439240677323,0.010487110594086978,0.3729411201111542
2075,0.25,0.17744510987971057,0.021664467386878817,0.2764182679604371,0.1410439240677323,0.010487110594086978,0.3729411201111542
2075,0.26,0.17744510987971057,0.021664467386878817,0.2764182679604371,0.1410439240677323,0.010487110594086978,0.3729411201111542
2075,0.27,0.17744510987971057,0.021664467386878817,0.2764182679604371,0.1410439240677323,0.010487110594086978,0.3729411201111542
2075,0.28,0.17744510987971057,0.021664467386878817,0.2764182679604371,0.1410439240677323,0.010487110594086978,0.3729411201111542
2075,0.29000000000000004,0.17744510987971057,0.021664467386878817,0.2764182679604371,0.1410439240677323,0.010487110594086978,0.3729411201111542
2075,0.3,0.17744510987971057,0.021664467386878817,0.2764182679604371,0.1410439240677323,0.010487110594086978,0.3729411201111542
2075,0.31,0.17744510987971057,0.021664467386878817,0.2764182679604371,0.1410439240677323,0.010487110594086978,0.3729411201111542
2075,0.32,0.17744510987971057,0.021664467386878817,0.2764182679604371,0.1410439240677323,0.010487110594086978,0.3729411201111542
2075,0.33,0.17744510987971057,0.021664467386878817,0.2764182679604371,0.1410439240677323,0.010487110594086978,0.3729411201111542
2075,0.34,0.17744510987971057,0.021664467386878817,0.2764182679604371,0.1410439240677323,0.010487110594086978,0.3729411201111542
2075,0.35000000000000003,0.17744510987971057,0.021664467386878817,0.2764182679604371,0.1410439240677323,0.010487110594086978,0.3729411201111542
2075,0.36000000000000004,0.17744510987971057,0.021664467386878817,0.2764182679604371,0.1410439240677323,0.010487110594086978,0.3729411201111542
2075,0.37,0.17744510987971057,0.021664467386878817,0.2764182679604371,0.1410439240677323,0.010487110594086978,0.3729411201111542
2075,0.38,0.17744510987971057,0.021664467386878817,0.2764182679604371,0.1410439240677323,0.010487110594086978,0.3729411201111542
2075,0.39,0.17744510987971057,0.021664467386878817,0.2764182679604371,0.1410439240677323,0.010487110594086978,0.3729411201111542
2075,0.4,0.17744510987971057,0.021664467386878817,0.2764182679604371,0.1410439240677323,0.010487110594086978,0.3729411201111542
2075,0.41000000000000003,0.17744510987971057,0.021664467386878817,0.2764182679604371,0.1410439240677323,0.010487110594086978,0.3729411201111542
2075,0.42000000000000004,0.17744510987971057,0.021664467386878817,0.2764182679604371,0.1410439240677323,0.010487110594086978,0.3729411201111542
2075,0.43,0.17744510987971057,0.021664467386878817,0.2764182679604371,0.1410439240677323,0.010487110594086978,0.3729411201111542
2075,0.44,0.17744510987971057,0.021664467386878817,0.2764182679604371,0.1410439240677323,0.010487110594086978,0.3729411201111542
2075,0.45,0.17744510987971057,0.021664467386878817,0.2764182679604371,0.1410439240677323,0.010487110594086978,0.3729411201111542
2075,0.46,0.17744510987971057,0.021664467386878817,0.2764182679604371,0.1410439240677323,0.010487110594086978,0.3729411201111542
2075,0.47000000000000003,0.17744510987971057,0.021664467386878817,0.2764182679604371,0.1410439240677323,0.010487110594086978,0.3729411201111542
2075,0.48000000000000004,0.17744510987971057,0.021664467386878817,0.2764182679604371,0.1410439240677323,0.010487110594086978,0.3729411201111542
2075,0.49,0.17744510987971057,0.021664467386878817,0.2764182679604371,0.1410439240677323,0.010487110594086978,0.3729411201111542
2075,0.5,0.17744510987971057,0.021664467386878817,0.2764182679604371,0.1410439240677323,0.010487110594086978,0.3729411201111542
2075,0.51,0.17744510987971057,0.021664467386878817,0.2764182679604371,0.1410439240677323,0.010487110594086978,0.3729411201111542
2075,0.52,0.17744510987971057,0.021664467386878817,0.2764182679604371,0.1410439240677323,0.010487110594086978,0.3729411201111542
2075,0.53,0.17744510987971057,0.021664467386878817,0.2764182679604371,0.1410439240677323,0.010487110594086978,0.3729411201111542
2075,0.54,0.17744510987971057,0.021664467386878817,0.2764182679604371,0.1410439240677323,0.010487110594086978,0.3729411201111542
2075,0.55,0.17744510987971057,0.021664467386878817,0.2764182679604371,0.1410439240677323,0.010487110594086978,0.3729411201111542
2075,0.56,0.17744510987971057,0.021664467386878817,0.2764182679604371,0.1410439240677323,0.010487110594086978,0.3729411201111542
2075,0.5700000000000001,0.17744510987971057,0.021664467386878817,0.2764182679604371,0.1410439240677323,0.010487110594086978,0.3729411201111542
2075,0.5800000000000001,0.17744510987971057,0.021664467386878817,0.2764182679604371,0.1410439240677323,0.010487110594086978,0.3729411201111542
2075,0.59,0.17744510987971057,0.021664467386878817,0.2764182679604371,0.1410439240677323,0.010487110594086978,0.3729411201111542
2075,0.6,0.17744510987971057,0.021664467386878817,0.2764182679604371,0.1410439240677323,0.010487110594086978,0.3729411201111542
2075,0.61,0.17744510987971057,0.021664467386878817,0.2764182679604371,0.1410439240677323,0.010487110594086978,0.3729411201111542
2075,0.62,0.17744510987971057,0.021664467386878817,0.2764182679604371,0.1410439240677323,0.010487110594086978,0.3729411201111542
2075,0.63,0.17744510987971057,0.021664467386878817,0.2764182679604371,0.1410439240677323,0.010487110594086978,0.3729411201111542
2075,0.64,0.17744510987971057,0.021664467386878817,0.2764182679604371,0.1410439240677323,0.010487110594086978,0.3729411201111542
2075,0.65,0.17744510987971057,0.021664467386878817,0.2764182679604371,0.1410439240677323,0.010487110594086978,0.3729411201111542
2075,0.66,0.17744510987971057,0.021664467386878817,0.2764182679604371,0.1410439240677323,0.010487110594086978,0.3729411201111542
2075,0.67,0.17744510987971057,0.021664467386878817,0.2764182679604371,0.1410439240677323,0.010487110594086978,0.3729411201111542
2075,0.68,0.17744510987971057,0.021664467386878817,0.2764182679604371,0.1410439240677323,0.010487110594086978,0.3729411201111542
2075,0.6900000000000001,0.17744510987971057,0.021664467386878817,0.2764182679604371,0.1410439240677323,0.010487110594086978,0.3729411201111542
2075,0.7000000000000001,0.17744510987971057,0.021664467386878817,0.2764182679604371,0.1410439240677323,0.010487110594086978,0.3729411201111542
2075,0.7100000000000001,0.17744510987971057,0.021664467386878817,0.2764182679604371,0.1410439240677323,0.010487110594086978,0.3729411201111542
2075,0.72,0.17744510987971057,0.021664467386878817,0.2764182679604371,0.1410439240677323,0.010487110594086978,0.3729411201111542
2075,0.73,0.17744510987971057,0.021664467386878817,0.2764182679604371,0.1410439240677323,0.010487110594086978,0.3729411201111542
2075,0.74,0.17744510987971057,0.021664467386878817,0.2764182679604371,0.1410439240677323,0.010487110594086978,0.3729411201111542
2075,0.75,0.17744510987971057,0.021664467386878817,0.2764182679604371,0.1410439240677323,0.010487110594086978,0.3729411201111542
2075,0.76,0.17744510987971057,0.021664467386878817,0.2764182679604371,0.1410439240677323,0.010487110594086978,0.3729411201111542
2075,0.77,0.17744510987971057,0.021664467386878817,0.2764182679604371,0.1410439240677323,0.010487110594086978,0.3729411201111542
2075,0.78,0.17744510987971057,0.021664467386878817,0.2764182679604371,0.1410439240677323,0.010487110594086978,0.3729411201111542
2075,0.79,0.17744510987971057,0.021664467386878817,0.2764182679604371,0.1410439240677323,0.010487110594086978,0.3729411201111542
2075,0.8,0.17744510987971057,0.021664467386878817,0.2764182679604371,0.1410439240677323,0.010487110594086978,0.3729411201111542
2075,0.81,0.17744510987971057,0.021664467386878817,0.2764182679604371,0.1410439240677323,0.010487110594086978,0.3729411201111542
2075,0.8200000000000001,0.17744510987971057,0.021664467386878817,0.2764182679604371,0.1410439240677323,0.010487110594086978,0.3729411201111542
2075,0.8300000000000001,0.17744510987971057,0.021664467386878817,0.2764182679604371,0.1410439240677323,0.010487110594086978,0.3729411201111542
2075,0.8400000000000001,0.17744510987971057,0.021664467386878817,0.2764182679604371,0.1410439240677323,0.010487110594086978,0.3729411201111542
2075,0.85,0.17744510987971057,0.021664467386878817,0.2764182679604371,0.1410439240677323,0.010487110594086978,0.3729411201111542
2075,0.86,0.17744510987971057,0.021664467386878817,0.2764182679604371,0.1410439240677323,0.010487110594086978,0.3729411201111542
2075,0.87,0.17744510987971057,0.021664467386878817,0.2764182679604371,0.1410439240677323,0.010487110594086978,0.3729411201111542
2075,0.88,0.17744510987971057,0.021664467386878817,0.2764182679604371,0.1410439240677323,0.010487110594086978,0.3729411201111542
2075,0.89,0.17744510987971057,0.021664467386878817,0.2764182679604371,0.1410439240677323,0.010487110594086978,0.3729411201111542
2075,0.9,0.17744510987971057,0.021664467386878817,0.2764182679604371,0.1410439240677323,0.010487110594086978,0.3729411201111542
2075,0.91,0.17744510987971057,0.021664467386878817,0.2764182679604371,0.1410439240677323,0.010487110594086978,0.3729411201111542
2075,0.92,0.17744510987971057,0.021664467386878817,0.2764182679604371,0.1410439240677323,0.010487110594086978,0.3729411201111542
2075,0.93,0.17744510987971057,0.021664467386878817,0.2764182679604371,0.1410439240677323,0.010487110594086978,0.3729411201111542
2075,0.9400000000000001,0.17744510987971057,0.021664467386878817,0.2764182679604371,0.1410439240677323,0.010487110594086978,0.3729411201111542
2075,0.9500000000000001,0.17744510987971057,0.021664467386878817,0.2764182679604371,0.1410439240677323,0.010487110594086978,0.3729411201111542
2075,0.9600000000000001,0.17744510987971057,0.021664467386878817,0.2764182679604371,0.1410439240677323,0.010487110594086978,0.3729411201111542
2075,0.97,0.17744510987971057,0.021664467386878817,0.2764182679604371,0.1410439240677323,0.010487110594086978,0.3729411201111542
2075,0.98,0.17744510987971057,0.021664467386878817,0.2764182679604371,0.1410439240677323,0.010487110594086978,0.3729411201111542
2075,0.99,0.17744510987971057,0.021664467386878817,0.2764182679604371,0.1410439240677323,0.010487110594086978,0.3729411201111542
2075,1.0,0.17744510987971057,0.021664467386878817,0.2764182679604371,0.1410439240677323,0.010487110594086978,0.3729411201111542
