Year,Final Wealth,Path_ID,source_folder
2025,0.0,0,P1_outputs_path_0_to_50
2026,36881.864456281626,0,P1_outputs_path_0_to_50
2027,100033.92630221456,0,P1_outputs_path_0_to_50
2028,163012.93557294793,0,P1_outputs_path_0_to_50
2029,220058.81163891117,0,P1_outputs_path_0_to_50
2030,291468.6244890694,0,P1_outputs_path_0_to_50
2031,446014.584670909,0,P1_outputs_path_0_to_50
2032,467170.3499290324,0,P1_outputs_path_0_to_50
2033,524798.1547608415,0,P1_outputs_path_0_to_50
2034,659330.7158067474,0,P1_outputs_path_0_to_50
2035,820078.7006872529,0,P1_outputs_path_0_to_50
2036,911463.4938169027,0,P1_outputs_path_0_to_50
2037,1065515.2029554893,0,P1_outputs_path_0_to_50
2038,1327188.4951101658,0,P1_outputs_path_0_to_50
2039,1295008.0920308211,0,P1_outputs_path_0_to_50
2040,1181849.038024517,0,P1_outputs_path_0_to_50
2041,1100456.3608084568,0,P1_outputs_path_0_to_50
2042,1268436.7520128118,0,P1_outputs_path_0_to_50
2043,1145146.182212066,0,P1_outputs_path_0_to_50
2044,1275069.6495580836,0,P1_outputs_path_0_to_50
2045,1376148.1076692676,0,P1_outputs_path_0_to_50
2046,1672788.3504855968,0,P1_outputs_path_0_to_50
2047,1651235.656251392,0,P1_outputs_path_0_to_50
2048,1858251.6096139671,0,P1_outputs_path_0_to_50
2049,2035448.7190640897,0,P1_outputs_path_0_to_50
2050,2161829.722005711,0,P1_outputs_path_0_to_50
2051,2299634.16857069,0,P1_outputs_path_0_to_50
2052,2221899.0252932166,0,P1_outputs_path_0_to_50
2053,2345493.087818145,0,P1_outputs_path_0_to_50
2054,2397804.28318045,0,P1_outputs_path_0_to_50
2055,2528763.493711,0,P1_outputs_path_0_to_50
2056,2524891.806899205,0,P1_outputs_path_0_to_50
2057,2560862.0881661503,0,P1_outputs_path_0_to_50
2058,2510334.232106274,0,P1_outputs_path_0_to_50
2059,2843781.737400832,0,P1_outputs_path_0_to_50
2060,2808309.296906659,0,P1_outputs_path_0_to_50
2061,2949355.8909443924,0,P1_outputs_path_0_to_50
2062,2921094.4057705053,0,P1_outputs_path_0_to_50
2063,3034406.319519781,0,P1_outputs_path_0_to_50
2064,2979395.51466224,0,P1_outputs_path_0_to_50
2065,2902586.1532236724,0,P1_outputs_path_0_to_50
2066,3107023.407131234,0,P1_outputs_path_0_to_50
2067,2900142.6615114203,0,P1_outputs_path_0_to_50
2068,2617920.774499965,0,P1_outputs_path_0_to_50
2069,2820621.4600462546,0,P1_outputs_path_0_to_50
2070,2965978.6058810754,0,P1_outputs_path_0_to_50
2071,3129546.550511576,0,P1_outputs_path_0_to_50
2072,3032412.373674208,0,P1_outputs_path_0_to_50
2073,3098274.3390781344,0,P1_outputs_path_0_to_50
2074,1314887.0680509734,0,P1_outputs_path_0_to_50
2075,,0,P1_outputs_path_0_to_50
2025,0.0,1,P1_outputs_path_0_to_50
2026,64567.84142842231,1,P1_outputs_path_0_to_50
2027,122494.30353124609,1,P1_outputs_path_0_to_50
2028,177651.17010096804,1,P1_outputs_path_0_to_50
2029,226202.10796417328,1,P1_outputs_path_0_to_50
2030,292469.7744603805,1,P1_outputs_path_0_to_50
2031,369182.6403136613,1,P1_outputs_path_0_to_50
2032,412366.79203660734,1,P1_outputs_path_0_to_50
2033,467024.3985259638,1,P1_outputs_path_0_to_50
2034,535007.7642238028,1,P1_outputs_path_0_to_50
2035,568353.1372850277,1,P1_outputs_path_0_to_50
2036,786994.6012965121,1,P1_outputs_path_0_to_50
2037,955189.9442449588,1,P1_outputs_path_0_to_50
2038,778446.757566951,1,P1_outputs_path_0_to_50
2039,983643.7532581992,1,P1_outputs_path_0_to_50
2040,1180689.893242674,1,P1_outputs_path_0_to_50
2041,1077507.7015848402,1,P1_outputs_path_0_to_50
2042,1268917.3703521583,1,P1_outputs_path_0_to_50
2043,1297544.3478239574,1,P1_outputs_path_0_to_50
2044,1473325.0720899224,1,P1_outputs_path_0_to_50
2045,1958778.1464130809,1,P1_outputs_path_0_to_50
2046,2053646.1352305557,1,P1_outputs_path_0_to_50
2047,2166058.3525334583,1,P1_outputs_path_0_to_50
2048,2241089.6072312025,1,P1_outputs_path_0_to_50
2049,2378986.832329729,1,P1_outputs_path_0_to_50
2050,2338912.6187297823,1,P1_outputs_path_0_to_50
2051,2343887.5486316504,1,P1_outputs_path_0_to_50
2052,2428687.827329236,1,P1_outputs_path_0_to_50
2053,2581030.7290353053,1,P1_outputs_path_0_to_50
2054,2580474.729293402,1,P1_outputs_path_0_to_50
2055,2642156.11068021,1,P1_outputs_path_0_to_50
2056,2854757.020251124,1,P1_outputs_path_0_to_50
2057,2843713.0873620263,1,P1_outputs_path_0_to_50
2058,2901098.0631956696,1,P1_outputs_path_0_to_50
2059,2766752.203013145,1,P1_outputs_path_0_to_50
2060,2905982.3601812106,1,P1_outputs_path_0_to_50
2061,2900293.713570341,1,P1_outputs_path_0_to_50
2062,2996017.51361941,1,P1_outputs_path_0_to_50
2063,3105625.121926756,1,P1_outputs_path_0_to_50
2064,3218922.0814303337,1,P1_outputs_path_0_to_50
2065,3125707.408264927,1,P1_outputs_path_0_to_50
2066,3321949.959967393,1,P1_outputs_path_0_to_50
2067,3681414.0686932025,1,P1_outputs_path_0_to_50
2068,3641001.084095182,1,P1_outputs_path_0_to_50
2069,3636300.850029076,1,P1_outputs_path_0_to_50
2070,3223657.348119824,1,P1_outputs_path_0_to_50
2071,3451038.839605066,1,P1_outputs_path_0_to_50
2072,3633488.459498568,1,P1_outputs_path_0_to_50
2073,3497232.7568749096,1,P1_outputs_path_0_to_50
2074,1531562.3932576666,1,P1_outputs_path_0_to_50
2075,,1,P1_outputs_path_0_to_50
2025,0.0,2,P1_outputs_path_0_to_50
2026,50564.94157226098,2,P1_outputs_path_0_to_50
2027,109701.2857574777,2,P1_outputs_path_0_to_50
2028,182339.485523386,2,P1_outputs_path_0_to_50
2029,215895.8966231229,2,P1_outputs_path_0_to_50
2030,258940.5886877144,2,P1_outputs_path_0_to_50
2031,266738.8562122369,2,P1_outputs_path_0_to_50
2032,299231.30078533635,2,P1_outputs_path_0_to_50
2033,295396.2338289829,2,P1_outputs_path_0_to_50
2034,366132.0022631425,2,P1_outputs_path_0_to_50
2035,396561.5803175643,2,P1_outputs_path_0_to_50
2036,476241.5881120864,2,P1_outputs_path_0_to_50
2037,483393.0435246922,2,P1_outputs_path_0_to_50
2038,515393.1227835865,2,P1_outputs_path_0_to_50
2039,675672.9344239437,2,P1_outputs_path_0_to_50
2040,615398.3738901133,2,P1_outputs_path_0_to_50
2041,626999.2308816953,2,P1_outputs_path_0_to_50
2042,826320.4913608878,2,P1_outputs_path_0_to_50
2043,935273.3800500586,2,P1_outputs_path_0_to_50
2044,1118138.228093478,2,P1_outputs_path_0_to_50
2045,1341353.9643702146,2,P1_outputs_path_0_to_50
2046,1454452.5911943633,2,P1_outputs_path_0_to_50
2047,1308486.8098523978,2,P1_outputs_path_0_to_50
2048,1624510.469790859,2,P1_outputs_path_0_to_50
2049,1784963.5506286882,2,P1_outputs_path_0_to_50
2050,1930001.1442491056,2,P1_outputs_path_0_to_50
2051,2066923.709319282,2,P1_outputs_path_0_to_50
2052,2014300.1165751603,2,P1_outputs_path_0_to_50
2053,1986319.3515801255,2,P1_outputs_path_0_to_50
2054,2001124.375532663,2,P1_outputs_path_0_to_50
2055,2093336.395975439,2,P1_outputs_path_0_to_50
2056,2035549.1486711963,2,P1_outputs_path_0_to_50
2057,1983754.6089432328,2,P1_outputs_path_0_to_50
2058,2051119.8090514927,2,P1_outputs_path_0_to_50
2059,2143167.271856087,2,P1_outputs_path_0_to_50
2060,2116789.90628581,2,P1_outputs_path_0_to_50
2061,2273864.446379739,2,P1_outputs_path_0_to_50
2062,2358832.518062186,2,P1_outputs_path_0_to_50
2063,2544810.1298347246,2,P1_outputs_path_0_to_50
2064,2634776.5891713584,2,P1_outputs_path_0_to_50
2065,2825572.8380770944,2,P1_outputs_path_0_to_50
2066,2949871.2735036723,2,P1_outputs_path_0_to_50
2067,3081404.237357934,2,P1_outputs_path_0_to_50
2068,3141499.0950761074,2,P1_outputs_path_0_to_50
2069,3006023.9382314505,2,P1_outputs_path_0_to_50
2070,2803773.729820055,2,P1_outputs_path_0_to_50
2071,2948431.530570321,2,P1_outputs_path_0_to_50
2072,3132194.100316892,2,P1_outputs_path_0_to_50
2073,3009999.215543777,2,P1_outputs_path_0_to_50
2074,1219716.667712394,2,P1_outputs_path_0_to_50
2075,,2,P1_outputs_path_0_to_50
2025,0.0,3,P1_outputs_path_0_to_50
2026,50245.31859763028,3,P1_outputs_path_0_to_50
2027,116221.77956621294,3,P1_outputs_path_0_to_50
2028,200646.30604205772,3,P1_outputs_path_0_to_50
2029,328922.8017697885,3,P1_outputs_path_0_to_50
2030,297351.7839907796,3,P1_outputs_path_0_to_50
2031,382772.355258281,3,P1_outputs_path_0_to_50
2032,526671.8464019509,3,P1_outputs_path_0_to_50
2033,511551.0184036477,3,P1_outputs_path_0_to_50
2034,707777.6918014727,3,P1_outputs_path_0_to_50
2035,717586.6418605192,3,P1_outputs_path_0_to_50
2036,806939.4014479893,3,P1_outputs_path_0_to_50
2037,907846.2356139038,3,P1_outputs_path_0_to_50
2038,1010027.5346021818,3,P1_outputs_path_0_to_50
2039,1299997.400209892,3,P1_outputs_path_0_to_50
2040,1515433.519164289,3,P1_outputs_path_0_to_50
2041,1722173.5354564264,3,P1_outputs_path_0_to_50
2042,1774954.065302474,3,P1_outputs_path_0_to_50
2043,1893686.391922853,3,P1_outputs_path_0_to_50
2044,2032265.0499933783,3,P1_outputs_path_0_to_50
2045,2068523.7875433837,3,P1_outputs_path_0_to_50
2046,2024119.0925184027,3,P1_outputs_path_0_to_50
2047,2120098.665963511,3,P1_outputs_path_0_to_50
2048,2088924.8308862925,3,P1_outputs_path_0_to_50
2049,2045902.379156278,3,P1_outputs_path_0_to_50
2050,2131634.8712959327,3,P1_outputs_path_0_to_50
2051,2022220.3433872105,3,P1_outputs_path_0_to_50
2052,2059773.92786114,3,P1_outputs_path_0_to_50
2053,2101161.022724929,3,P1_outputs_path_0_to_50
2054,2085142.7162526597,3,P1_outputs_path_0_to_50
2055,2013304.5169270015,3,P1_outputs_path_0_to_50
2056,2175879.8588829744,3,P1_outputs_path_0_to_50
2057,2279001.7230255315,3,P1_outputs_path_0_to_50
2058,2427236.6035430245,3,P1_outputs_path_0_to_50
2059,2452108.0924153,3,P1_outputs_path_0_to_50
2060,2417883.784451608,3,P1_outputs_path_0_to_50
2061,2391776.1956081768,3,P1_outputs_path_0_to_50
2062,2556989.070930693,3,P1_outputs_path_0_to_50
2063,2455190.4652563464,3,P1_outputs_path_0_to_50
2064,2720944.8733272525,3,P1_outputs_path_0_to_50
2065,2762263.54787468,3,P1_outputs_path_0_to_50
2066,2773249.602212369,3,P1_outputs_path_0_to_50
2067,2856447.2279666206,3,P1_outputs_path_0_to_50
2068,2949613.630546245,3,P1_outputs_path_0_to_50
2069,2870131.233444488,3,P1_outputs_path_0_to_50
2070,2881297.020928971,3,P1_outputs_path_0_to_50
2071,2970852.485774376,3,P1_outputs_path_0_to_50
2072,3116019.9453600054,3,P1_outputs_path_0_to_50
2073,3233098.1222423115,3,P1_outputs_path_0_to_50
2074,1653791.9602552552,3,P1_outputs_path_0_to_50
2075,,3,P1_outputs_path_0_to_50
2025,0.0,4,P1_outputs_path_0_to_50
2026,49965.99128972564,4,P1_outputs_path_0_to_50
2027,103408.83497300808,4,P1_outputs_path_0_to_50
2028,200143.7679269778,4,P1_outputs_path_0_to_50
2029,237918.20963606317,4,P1_outputs_path_0_to_50
2030,289772.7858088626,4,P1_outputs_path_0_to_50
2031,433660.1546549564,4,P1_outputs_path_0_to_50
2032,415331.3533915506,4,P1_outputs_path_0_to_50
2033,451741.35938940337,4,P1_outputs_path_0_to_50
2034,576666.0546170193,4,P1_outputs_path_0_to_50
2035,679841.2499336501,4,P1_outputs_path_0_to_50
2036,667034.0026396312,4,P1_outputs_path_0_to_50
2037,762558.8005627093,4,P1_outputs_path_0_to_50
2038,740014.8575070756,4,P1_outputs_path_0_to_50
2039,819622.8308745304,4,P1_outputs_path_0_to_50
2040,899069.4619958664,4,P1_outputs_path_0_to_50
2041,1046205.9258537936,4,P1_outputs_path_0_to_50
2042,1391592.9394261504,4,P1_outputs_path_0_to_50
2043,1747086.0200198556,4,P1_outputs_path_0_to_50
2044,1745473.547595648,4,P1_outputs_path_0_to_50
2045,1958623.856281743,4,P1_outputs_path_0_to_50
2046,1810600.2342300336,4,P1_outputs_path_0_to_50
2047,1954474.438907158,4,P1_outputs_path_0_to_50
2048,1913535.7071858523,4,P1_outputs_path_0_to_50
2049,1787366.697493032,4,P1_outputs_path_0_to_50
2050,1891384.7505952723,4,P1_outputs_path_0_to_50
2051,2026315.397328072,4,P1_outputs_path_0_to_50
2052,1909470.9180714693,4,P1_outputs_path_0_to_50
2053,1958712.9542490249,4,P1_outputs_path_0_to_50
2054,2086203.2841646497,4,P1_outputs_path_0_to_50
2055,2086635.892046372,4,P1_outputs_path_0_to_50
2056,1981835.629176892,4,P1_outputs_path_0_to_50
2057,2156776.8436857704,4,P1_outputs_path_0_to_50
2058,2098730.4430710096,4,P1_outputs_path_0_to_50
2059,2171568.0911481814,4,P1_outputs_path_0_to_50
2060,2341648.794449267,4,P1_outputs_path_0_to_50
2061,2352539.557406082,4,P1_outputs_path_0_to_50
2062,2585377.2363865143,4,P1_outputs_path_0_to_50
2063,2781416.377128541,4,P1_outputs_path_0_to_50
2064,2820428.422680281,4,P1_outputs_path_0_to_50
2065,2716079.8150330423,4,P1_outputs_path_0_to_50
2066,2908750.715347586,4,P1_outputs_path_0_to_50
2067,2935548.514193193,4,P1_outputs_path_0_to_50
2068,3063499.315500909,4,P1_outputs_path_0_to_50
2069,3197406.403917565,4,P1_outputs_path_0_to_50
2070,3320326.335927667,4,P1_outputs_path_0_to_50
2071,3018800.3443408567,4,P1_outputs_path_0_to_50
2072,2888262.490921955,4,P1_outputs_path_0_to_50
2073,2941000.075751129,4,P1_outputs_path_0_to_50
2074,946353.9280213749,4,P1_outputs_path_0_to_50
2075,,4,P1_outputs_path_0_to_50
2025,0.0,5,P1_outputs_path_0_to_50
2026,52575.88137140167,5,P1_outputs_path_0_to_50
2027,103472.3405844964,5,P1_outputs_path_0_to_50
2028,166501.51040269888,5,P1_outputs_path_0_to_50
2029,226116.03806975333,5,P1_outputs_path_0_to_50
2030,300651.94030186685,5,P1_outputs_path_0_to_50
2031,355828.417304254,5,P1_outputs_path_0_to_50
2032,386425.6256702609,5,P1_outputs_path_0_to_50
2033,532908.4717689276,5,P1_outputs_path_0_to_50
2034,634792.201485006,5,P1_outputs_path_0_to_50
2035,754156.5266587462,5,P1_outputs_path_0_to_50
2036,882651.7520461346,5,P1_outputs_path_0_to_50
2037,1170428.8425730695,5,P1_outputs_path_0_to_50
2038,1360586.3075693916,5,P1_outputs_path_0_to_50
2039,1584393.5777506328,5,P1_outputs_path_0_to_50
2040,1732664.6571932873,5,P1_outputs_path_0_to_50
2041,1839776.750239208,5,P1_outputs_path_0_to_50
2042,2025167.01209738,5,P1_outputs_path_0_to_50
2043,2139526.0427027447,5,P1_outputs_path_0_to_50
2044,2157188.6078565936,5,P1_outputs_path_0_to_50
2045,2096873.7754742068,5,P1_outputs_path_0_to_50
2046,2147705.2533543366,5,P1_outputs_path_0_to_50
2047,2112348.605288931,5,P1_outputs_path_0_to_50
2048,2265120.358429454,5,P1_outputs_path_0_to_50
2049,2322169.445168234,5,P1_outputs_path_0_to_50
2050,2447783.8030087766,5,P1_outputs_path_0_to_50
2051,2539611.558033092,5,P1_outputs_path_0_to_50
2052,2578108.164000208,5,P1_outputs_path_0_to_50
2053,2637332.2023521108,5,P1_outputs_path_0_to_50
2054,2735895.032740253,5,P1_outputs_path_0_to_50
2055,2746853.911489606,5,P1_outputs_path_0_to_50
2056,2660307.7126590856,5,P1_outputs_path_0_to_50
2057,2835016.488876929,5,P1_outputs_path_0_to_50
2058,2965810.6420511752,5,P1_outputs_path_0_to_50
2059,3006791.355482852,5,P1_outputs_path_0_to_50
2060,3285886.590369067,5,P1_outputs_path_0_to_50
2061,3228806.867862556,5,P1_outputs_path_0_to_50
2062,3296887.851752152,5,P1_outputs_path_0_to_50
2063,3390042.738442239,5,P1_outputs_path_0_to_50
2064,3641073.123758619,5,P1_outputs_path_0_to_50
2065,3653454.2770304554,5,P1_outputs_path_0_to_50
2066,3495819.1163612995,5,P1_outputs_path_0_to_50
2067,3573362.679323124,5,P1_outputs_path_0_to_50
2068,3763018.1329577896,5,P1_outputs_path_0_to_50
2069,3760475.385404842,5,P1_outputs_path_0_to_50
2070,3783050.082692791,5,P1_outputs_path_0_to_50
2071,3622900.0594017073,5,P1_outputs_path_0_to_50
2072,3564313.1156024765,5,P1_outputs_path_0_to_50
2073,3595009.1393710887,5,P1_outputs_path_0_to_50
2074,1935385.2713548432,5,P1_outputs_path_0_to_50
2075,,5,P1_outputs_path_0_to_50
2025,0.0,6,P1_outputs_path_0_to_50
2026,55004.33936604746,6,P1_outputs_path_0_to_50
2027,117691.51276887915,6,P1_outputs_path_0_to_50
2028,171260.2856055434,6,P1_outputs_path_0_to_50
2029,207778.28882823972,6,P1_outputs_path_0_to_50
2030,253119.06769037747,6,P1_outputs_path_0_to_50
2031,344955.5511883424,6,P1_outputs_path_0_to_50
2032,408528.3369298405,6,P1_outputs_path_0_to_50
2033,458644.54070759285,6,P1_outputs_path_0_to_50
2034,528576.870116002,6,P1_outputs_path_0_to_50
2035,582098.6709783421,6,P1_outputs_path_0_to_50
2036,822551.0117266751,6,P1_outputs_path_0_to_50
2037,872122.9152900986,6,P1_outputs_path_0_to_50
2038,1052767.4285332563,6,P1_outputs_path_0_to_50
2039,1054351.475375611,6,P1_outputs_path_0_to_50
2040,1259696.2402116852,6,P1_outputs_path_0_to_50
2041,1453014.6622257426,6,P1_outputs_path_0_to_50
2042,1311844.8995685205,6,P1_outputs_path_0_to_50
2043,1418786.4415796706,6,P1_outputs_path_0_to_50
2044,1560948.9965776308,6,P1_outputs_path_0_to_50
2045,1858902.621978144,6,P1_outputs_path_0_to_50
2046,2025837.1714215272,6,P1_outputs_path_0_to_50
2047,2143832.112686028,6,P1_outputs_path_0_to_50
2048,2213897.8092725067,6,P1_outputs_path_0_to_50
2049,2352742.002861812,6,P1_outputs_path_0_to_50
2050,2539521.2267614794,6,P1_outputs_path_0_to_50
2051,2758407.756800078,6,P1_outputs_path_0_to_50
2052,2777243.409225883,6,P1_outputs_path_0_to_50
2053,2902651.7183257234,6,P1_outputs_path_0_to_50
2054,2830101.663710862,6,P1_outputs_path_0_to_50
2055,2755545.0698461207,6,P1_outputs_path_0_to_50
2056,2894083.536137631,6,P1_outputs_path_0_to_50
2057,2775058.7203457616,6,P1_outputs_path_0_to_50
2058,2913238.462150497,6,P1_outputs_path_0_to_50
2059,2842934.9990380043,6,P1_outputs_path_0_to_50
2060,2869476.8252645466,6,P1_outputs_path_0_to_50
2061,2807986.299281986,6,P1_outputs_path_0_to_50
2062,3025953.2797704856,6,P1_outputs_path_0_to_50
2063,3146831.113859616,6,P1_outputs_path_0_to_50
2064,3141812.9956120346,6,P1_outputs_path_0_to_50
2065,3450533.794241295,6,P1_outputs_path_0_to_50
2066,3532652.334367712,6,P1_outputs_path_0_to_50
2067,3644246.669932461,6,P1_outputs_path_0_to_50
2068,3713613.160724661,6,P1_outputs_path_0_to_50
2069,3715218.308010732,6,P1_outputs_path_0_to_50
2070,3871776.3435898055,6,P1_outputs_path_0_to_50
2071,4045986.681467097,6,P1_outputs_path_0_to_50
2072,4118492.899137114,6,P1_outputs_path_0_to_50
2073,3875865.917560713,6,P1_outputs_path_0_to_50
2074,2137367.676173685,6,P1_outputs_path_0_to_50
2075,,6,P1_outputs_path_0_to_50
2025,0.0,7,P1_outputs_path_0_to_50
2026,95676.03650342076,7,P1_outputs_path_0_to_50
2027,176031.41249127095,7,P1_outputs_path_0_to_50
2028,230639.6542027621,7,P1_outputs_path_0_to_50
2029,259192.8050499724,7,P1_outputs_path_0_to_50
2030,327324.3716322471,7,P1_outputs_path_0_to_50
2031,401136.4430403915,7,P1_outputs_path_0_to_50
2032,475810.160227895,7,P1_outputs_path_0_to_50
2033,650372.7064276767,7,P1_outputs_path_0_to_50
2034,767986.9989792433,7,P1_outputs_path_0_to_50
2035,981113.7100889912,7,P1_outputs_path_0_to_50
2036,1145686.7205858368,7,P1_outputs_path_0_to_50
2037,1334953.9586192465,7,P1_outputs_path_0_to_50
2038,1133103.0927113025,7,P1_outputs_path_0_to_50
2039,1412128.6204386803,7,P1_outputs_path_0_to_50
2040,1551825.81286673,7,P1_outputs_path_0_to_50
2041,1662693.802789935,7,P1_outputs_path_0_to_50
2042,1507578.424331564,7,P1_outputs_path_0_to_50
2043,1733512.582758373,7,P1_outputs_path_0_to_50
2044,1791295.873129825,7,P1_outputs_path_0_to_50
2045,1808437.725368491,7,P1_outputs_path_0_to_50
2046,1875624.7056065083,7,P1_outputs_path_0_to_50
2047,2205988.1140788323,7,P1_outputs_path_0_to_50
2048,2103685.83420902,7,P1_outputs_path_0_to_50
2049,2144149.760474861,7,P1_outputs_path_0_to_50
2050,2144241.531407716,7,P1_outputs_path_0_to_50
2051,2196434.237767664,7,P1_outputs_path_0_to_50
2052,2256881.709043548,7,P1_outputs_path_0_to_50
2053,2213677.570896877,7,P1_outputs_path_0_to_50
2054,2391241.7326530265,7,P1_outputs_path_0_to_50
2055,2414267.7679749383,7,P1_outputs_path_0_to_50
2056,2541218.0301939566,7,P1_outputs_path_0_to_50
2057,2695572.1975948154,7,P1_outputs_path_0_to_50
2058,2641657.503592204,7,P1_outputs_path_0_to_50
2059,2667211.2024078714,7,P1_outputs_path_0_to_50
2060,2864393.673376112,7,P1_outputs_path_0_to_50
2061,2868533.419602335,7,P1_outputs_path_0_to_50
2062,2731126.4696774096,7,P1_outputs_path_0_to_50
2063,2692050.373390819,7,P1_outputs_path_0_to_50
2064,2559447.109478761,7,P1_outputs_path_0_to_50
2065,2774827.683462738,7,P1_outputs_path_0_to_50
2066,2931058.5697062323,7,P1_outputs_path_0_to_50
2067,2965434.62529417,7,P1_outputs_path_0_to_50
2068,3143989.8432672545,7,P1_outputs_path_0_to_50
2069,3012566.609920118,7,P1_outputs_path_0_to_50
2070,3121837.5736031625,7,P1_outputs_path_0_to_50
2071,3059715.12230207,7,P1_outputs_path_0_to_50
2072,3251221.446449812,7,P1_outputs_path_0_to_50
2073,3228923.758541696,7,P1_outputs_path_0_to_50
2074,1428031.6866675604,7,P1_outputs_path_0_to_50
2075,,7,P1_outputs_path_0_to_50
2025,0.0,8,P1_outputs_path_0_to_50
2026,79894.80181719552,8,P1_outputs_path_0_to_50
2027,121275.28937497438,8,P1_outputs_path_0_to_50
2028,195725.88320497583,8,P1_outputs_path_0_to_50
2029,304327.5722877499,8,P1_outputs_path_0_to_50
2030,392818.12846065866,8,P1_outputs_path_0_to_50
2031,505144.8352097035,8,P1_outputs_path_0_to_50
2032,514217.5953197962,8,P1_outputs_path_0_to_50
2033,621559.2495279093,8,P1_outputs_path_0_to_50
2034,746383.9650862014,8,P1_outputs_path_0_to_50
2035,907664.5091920544,8,P1_outputs_path_0_to_50
2036,1061970.2170425956,8,P1_outputs_path_0_to_50
2037,1112056.9998807984,8,P1_outputs_path_0_to_50
2038,1333317.4686174546,8,P1_outputs_path_0_to_50
2039,1538721.0158528658,8,P1_outputs_path_0_to_50
2040,1507990.1528061894,8,P1_outputs_path_0_to_50
2041,1655459.9770448357,8,P1_outputs_path_0_to_50
2042,1474720.559771431,8,P1_outputs_path_0_to_50
2043,1669066.7671149925,8,P1_outputs_path_0_to_50
2044,1639741.9152434426,8,P1_outputs_path_0_to_50
2045,1682401.499304289,8,P1_outputs_path_0_to_50
2046,1864813.4206858624,8,P1_outputs_path_0_to_50
2047,1866240.990962842,8,P1_outputs_path_0_to_50
2048,1944804.219443516,8,P1_outputs_path_0_to_50
2049,2015866.282062896,8,P1_outputs_path_0_to_50
2050,2113276.1618220806,8,P1_outputs_path_0_to_50
2051,2202521.468385409,8,P1_outputs_path_0_to_50
2052,2219228.703356058,8,P1_outputs_path_0_to_50
2053,2121651.1485851947,8,P1_outputs_path_0_to_50
2054,2286405.8108721776,8,P1_outputs_path_0_to_50
2055,2357558.3080030074,8,P1_outputs_path_0_to_50
2056,2596560.778657628,8,P1_outputs_path_0_to_50
2057,2672658.5097818966,8,P1_outputs_path_0_to_50
2058,2702190.3322106577,8,P1_outputs_path_0_to_50
2059,2580823.432151921,8,P1_outputs_path_0_to_50
2060,2485467.770178388,8,P1_outputs_path_0_to_50
2061,2568109.312761364,8,P1_outputs_path_0_to_50
2062,2524694.989781666,8,P1_outputs_path_0_to_50
2063,2579098.6440058947,8,P1_outputs_path_0_to_50
2064,2738836.20499808,8,P1_outputs_path_0_to_50
2065,2937421.8721651537,8,P1_outputs_path_0_to_50
2066,3154805.42651009,8,P1_outputs_path_0_to_50
2067,3319849.445535305,8,P1_outputs_path_0_to_50
2068,3359183.655567804,8,P1_outputs_path_0_to_50
2069,3503932.49349864,8,P1_outputs_path_0_to_50
2070,3675061.7147721136,8,P1_outputs_path_0_to_50
2071,3705521.2402330968,8,P1_outputs_path_0_to_50
2072,3909640.832161079,8,P1_outputs_path_0_to_50
2073,3894703.37193002,8,P1_outputs_path_0_to_50
2074,2229531.712293773,8,P1_outputs_path_0_to_50
2075,,8,P1_outputs_path_0_to_50
2025,0.0,9,P1_outputs_path_0_to_50
2026,60625.60443096771,9,P1_outputs_path_0_to_50
2027,111878.74138663623,9,P1_outputs_path_0_to_50
2028,155636.76612737897,9,P1_outputs_path_0_to_50
2029,184055.1502475744,9,P1_outputs_path_0_to_50
2030,235812.22731304407,9,P1_outputs_path_0_to_50
2031,241904.43597552285,9,P1_outputs_path_0_to_50
2032,298298.54464578896,9,P1_outputs_path_0_to_50
2033,428118.5540992664,9,P1_outputs_path_0_to_50
2034,571703.3202108813,9,P1_outputs_path_0_to_50
2035,690542.5933040526,9,P1_outputs_path_0_to_50
2036,809721.9814962421,9,P1_outputs_path_0_to_50
2037,904746.7219630136,9,P1_outputs_path_0_to_50
2038,1380393.9467539685,9,P1_outputs_path_0_to_50
2039,1536008.086610766,9,P1_outputs_path_0_to_50
2040,1391206.553857593,9,P1_outputs_path_0_to_50
2041,1800719.729178813,9,P1_outputs_path_0_to_50
2042,2021440.654759284,9,P1_outputs_path_0_to_50
2043,2066722.2135795848,9,P1_outputs_path_0_to_50
2044,2070156.8008387303,9,P1_outputs_path_0_to_50
2045,2065119.565115802,9,P1_outputs_path_0_to_50
2046,2189463.4014842785,9,P1_outputs_path_0_to_50
2047,2340395.5973145748,9,P1_outputs_path_0_to_50
2048,2227645.974138454,9,P1_outputs_path_0_to_50
2049,2306365.018066914,9,P1_outputs_path_0_to_50
2050,2377379.583767014,9,P1_outputs_path_0_to_50
2051,2584750.432973459,9,P1_outputs_path_0_to_50
2052,2507654.840154247,9,P1_outputs_path_0_to_50
2053,2610737.544994836,9,P1_outputs_path_0_to_50
2054,2573188.0434792014,9,P1_outputs_path_0_to_50
2055,2675382.960399566,9,P1_outputs_path_0_to_50
2056,2836667.8927379707,9,P1_outputs_path_0_to_50
2057,2931214.964198004,9,P1_outputs_path_0_to_50
2058,3008114.914281524,9,P1_outputs_path_0_to_50
2059,3314587.3923773384,9,P1_outputs_path_0_to_50
2060,3255289.3064921447,9,P1_outputs_path_0_to_50
2061,3242441.2207463924,9,P1_outputs_path_0_to_50
2062,3444037.473683264,9,P1_outputs_path_0_to_50
2063,3397514.566531636,9,P1_outputs_path_0_to_50
2064,3438570.2724870443,9,P1_outputs_path_0_to_50
2065,3525977.155002133,9,P1_outputs_path_0_to_50
2066,3419623.016950792,9,P1_outputs_path_0_to_50
2067,3422663.6351247462,9,P1_outputs_path_0_to_50
2068,3657793.138111559,9,P1_outputs_path_0_to_50
2069,3830141.6989948414,9,P1_outputs_path_0_to_50
2070,3866387.9593700273,9,P1_outputs_path_0_to_50
2071,3934487.113869235,9,P1_outputs_path_0_to_50
2072,4177279.017822423,9,P1_outputs_path_0_to_50
2073,4134103.012171436,9,P1_outputs_path_0_to_50
2074,2538326.302100453,9,P1_outputs_path_0_to_50
2075,,9,P1_outputs_path_0_to_50
2025,0.0,10,P1_outputs_path_0_to_50
2026,58362.34566127223,10,P1_outputs_path_0_to_50
2027,114749.08149646853,10,P1_outputs_path_0_to_50
2028,183270.78765008645,10,P1_outputs_path_0_to_50
2029,329647.0480722226,10,P1_outputs_path_0_to_50
2030,319915.7627119239,10,P1_outputs_path_0_to_50
2031,355971.8331895193,10,P1_outputs_path_0_to_50
2032,445543.1513783807,10,P1_outputs_path_0_to_50
2033,443011.6415810273,10,P1_outputs_path_0_to_50
2034,534204.16645429,10,P1_outputs_path_0_to_50
2035,641505.3393495444,10,P1_outputs_path_0_to_50
2036,523566.0687333371,10,P1_outputs_path_0_to_50
2037,491096.0857420903,10,P1_outputs_path_0_to_50
2038,584891.2486332345,10,P1_outputs_path_0_to_50
2039,707047.3089930095,10,P1_outputs_path_0_to_50
2040,707494.5572281157,10,P1_outputs_path_0_to_50
2041,700292.42648869,10,P1_outputs_path_0_to_50
2042,637021.7119200614,10,P1_outputs_path_0_to_50
2043,740797.6817806768,10,P1_outputs_path_0_to_50
2044,820961.0047104729,10,P1_outputs_path_0_to_50
2045,775213.2319361124,10,P1_outputs_path_0_to_50
2046,1146193.3408160578,10,P1_outputs_path_0_to_50
2047,1277226.9325348376,10,P1_outputs_path_0_to_50
2048,1617189.4712524454,10,P1_outputs_path_0_to_50
2049,1826455.5921676736,10,P1_outputs_path_0_to_50
2050,1999201.15385968,10,P1_outputs_path_0_to_50
2051,2174058.711282809,10,P1_outputs_path_0_to_50
2052,2282666.940528504,10,P1_outputs_path_0_to_50
2053,2386769.569451853,10,P1_outputs_path_0_to_50
2054,2522046.574527798,10,P1_outputs_path_0_to_50
2055,2536765.707129681,10,P1_outputs_path_0_to_50
2056,2580668.574935135,10,P1_outputs_path_0_to_50
2057,2460856.5394518794,10,P1_outputs_path_0_to_50
2058,2423720.2494219444,10,P1_outputs_path_0_to_50
2059,2560113.938426594,10,P1_outputs_path_0_to_50
2060,2696347.8598845555,10,P1_outputs_path_0_to_50
2061,2860071.781367216,10,P1_outputs_path_0_to_50
2062,2927389.3321946417,10,P1_outputs_path_0_to_50
2063,2947165.974206538,10,P1_outputs_path_0_to_50
2064,2893593.1406148854,10,P1_outputs_path_0_to_50
2065,2676343.962115305,10,P1_outputs_path_0_to_50
2066,2666002.270378001,10,P1_outputs_path_0_to_50
2067,2557326.184623173,10,P1_outputs_path_0_to_50
2068,2733801.342711868,10,P1_outputs_path_0_to_50
2069,2659681.830715454,10,P1_outputs_path_0_to_50
2070,2636271.804767861,10,P1_outputs_path_0_to_50
2071,2751887.32275941,10,P1_outputs_path_0_to_50
2072,2793103.021558818,10,P1_outputs_path_0_to_50
2073,2943435.6682810066,10,P1_outputs_path_0_to_50
2074,1355115.407416118,10,P1_outputs_path_0_to_50
2075,,10,P1_outputs_path_0_to_50
2025,0.0,11,P1_outputs_path_0_to_50
2026,59650.05314372257,11,P1_outputs_path_0_to_50
2027,123056.78783469729,11,P1_outputs_path_0_to_50
2028,205477.54546193616,11,P1_outputs_path_0_to_50
2029,210093.42313763296,11,P1_outputs_path_0_to_50
2030,258035.02102719215,11,P1_outputs_path_0_to_50
2031,326519.64989509346,11,P1_outputs_path_0_to_50
2032,401443.6486741679,11,P1_outputs_path_0_to_50
2033,389331.0569519865,11,P1_outputs_path_0_to_50
2034,440649.0495953709,11,P1_outputs_path_0_to_50
2035,488164.3258760537,11,P1_outputs_path_0_to_50
2036,562876.2778033812,11,P1_outputs_path_0_to_50
2037,687852.4240037486,11,P1_outputs_path_0_to_50
2038,651703.4248526844,11,P1_outputs_path_0_to_50
2039,725257.8837355739,11,P1_outputs_path_0_to_50
2040,838735.2309994167,11,P1_outputs_path_0_to_50
2041,1002130.0629578056,11,P1_outputs_path_0_to_50
2042,1170356.0829064206,11,P1_outputs_path_0_to_50
2043,1169938.8689898213,11,P1_outputs_path_0_to_50
2044,1038984.0039141376,11,P1_outputs_path_0_to_50
2045,1152217.7530649477,11,P1_outputs_path_0_to_50
2046,1298121.195453843,11,P1_outputs_path_0_to_50
2047,1549051.8322918352,11,P1_outputs_path_0_to_50
2048,1678500.4753944068,11,P1_outputs_path_0_to_50
2049,1721408.4051382956,11,P1_outputs_path_0_to_50
2050,1541318.1525498058,11,P1_outputs_path_0_to_50
2051,1778638.2415035772,11,P1_outputs_path_0_to_50
2052,1896220.333917707,11,P1_outputs_path_0_to_50
2053,1903823.1000621088,11,P1_outputs_path_0_to_50
2054,1924655.3581936292,11,P1_outputs_path_0_to_50
2055,2029160.29607796,11,P1_outputs_path_0_to_50
2056,2032256.1885688163,11,P1_outputs_path_0_to_50
2057,2118076.315086148,11,P1_outputs_path_0_to_50
2058,2338570.769946614,11,P1_outputs_path_0_to_50
2059,2456166.480438345,11,P1_outputs_path_0_to_50
2060,2480727.9428104386,11,P1_outputs_path_0_to_50
2061,2405036.950618718,11,P1_outputs_path_0_to_50
2062,2581397.222875363,11,P1_outputs_path_0_to_50
2063,2705125.479794937,11,P1_outputs_path_0_to_50
2064,2859485.3599209622,11,P1_outputs_path_0_to_50
2065,2987609.501553507,11,P1_outputs_path_0_to_50
2066,3104608.4819388418,11,P1_outputs_path_0_to_50
2067,2921882.0889840643,11,P1_outputs_path_0_to_50
2068,3197301.612405261,11,P1_outputs_path_0_to_50
2069,3230282.760580539,11,P1_outputs_path_0_to_50
2070,3427286.475456319,11,P1_outputs_path_0_to_50
2071,3535145.102624473,11,P1_outputs_path_0_to_50
2072,3268224.113117905,11,P1_outputs_path_0_to_50
2073,3454116.879997711,11,P1_outputs_path_0_to_50
2074,1708976.694202678,11,P1_outputs_path_0_to_50
2075,,11,P1_outputs_path_0_to_50
2025,0.0,12,P1_outputs_path_0_to_50
2026,75320.44138801636,12,P1_outputs_path_0_to_50
2027,122957.75470577272,12,P1_outputs_path_0_to_50
2028,177871.16400851106,12,P1_outputs_path_0_to_50
2029,262489.10115349863,12,P1_outputs_path_0_to_50
2030,325518.0833019229,12,P1_outputs_path_0_to_50
2031,395773.66144487855,12,P1_outputs_path_0_to_50
2032,470929.804644268,12,P1_outputs_path_0_to_50
2033,471672.2799623558,12,P1_outputs_path_0_to_50
2034,644082.3281894816,12,P1_outputs_path_0_to_50
2035,789762.3813626152,12,P1_outputs_path_0_to_50
2036,766873.6625012668,12,P1_outputs_path_0_to_50
2037,919731.0507968066,12,P1_outputs_path_0_to_50
2038,953088.9755687992,12,P1_outputs_path_0_to_50
2039,1140023.490882162,12,P1_outputs_path_0_to_50
2040,1273261.7626654778,12,P1_outputs_path_0_to_50
2041,1156833.6928336285,12,P1_outputs_path_0_to_50
2042,1214102.46165771,12,P1_outputs_path_0_to_50
2043,1139740.7595244814,12,P1_outputs_path_0_to_50
2044,922363.2405677356,12,P1_outputs_path_0_to_50
2045,926707.8840760968,12,P1_outputs_path_0_to_50
2046,1215668.4012860202,12,P1_outputs_path_0_to_50
2047,1414661.5756180112,12,P1_outputs_path_0_to_50
2048,1357373.3045400889,12,P1_outputs_path_0_to_50
2049,1566851.9107218422,12,P1_outputs_path_0_to_50
2050,1623317.1892191905,12,P1_outputs_path_0_to_50
2051,1674232.1266431457,12,P1_outputs_path_0_to_50
2052,1814797.4091571292,12,P1_outputs_path_0_to_50
2053,1908520.865901989,12,P1_outputs_path_0_to_50
2054,2013740.186161384,12,P1_outputs_path_0_to_50
2055,2257719.8547541224,12,P1_outputs_path_0_to_50
2056,2338815.3953988315,12,P1_outputs_path_0_to_50
2057,2437351.2282955595,12,P1_outputs_path_0_to_50
2058,2471923.7244129693,12,P1_outputs_path_0_to_50
2059,2482308.784105286,12,P1_outputs_path_0_to_50
2060,2479877.771848336,12,P1_outputs_path_0_to_50
2061,2676875.692568698,12,P1_outputs_path_0_to_50
2062,2662002.731566294,12,P1_outputs_path_0_to_50
2063,2960725.4431495517,12,P1_outputs_path_0_to_50
2064,2972740.845194136,12,P1_outputs_path_0_to_50
2065,3048740.5017113974,12,P1_outputs_path_0_to_50
2066,3297179.104933049,12,P1_outputs_path_0_to_50
2067,3206414.4230304896,12,P1_outputs_path_0_to_50
2068,3385732.7286122446,12,P1_outputs_path_0_to_50
2069,3212183.5879219724,12,P1_outputs_path_0_to_50
2070,3088443.092953019,12,P1_outputs_path_0_to_50
2071,3171954.6412880723,12,P1_outputs_path_0_to_50
2072,3321675.7840184234,12,P1_outputs_path_0_to_50
2073,3275852.3188017327,12,P1_outputs_path_0_to_50
2074,1614025.844922051,12,P1_outputs_path_0_to_50
2075,,12,P1_outputs_path_0_to_50
2025,0.0,13,P1_outputs_path_0_to_50
2026,69267.48125385944,13,P1_outputs_path_0_to_50
2027,133897.2958460851,13,P1_outputs_path_0_to_50
2028,213138.24685532335,13,P1_outputs_path_0_to_50
2029,306757.1135809128,13,P1_outputs_path_0_to_50
2030,364727.8455032337,13,P1_outputs_path_0_to_50
2031,444505.0826387074,13,P1_outputs_path_0_to_50
2032,490861.7598399004,13,P1_outputs_path_0_to_50
2033,539524.7051766589,13,P1_outputs_path_0_to_50
2034,520548.3065052675,13,P1_outputs_path_0_to_50
2035,614253.9291975801,13,P1_outputs_path_0_to_50
2036,646116.116256943,13,P1_outputs_path_0_to_50
2037,805356.9350565036,13,P1_outputs_path_0_to_50
2038,769748.7321526351,13,P1_outputs_path_0_to_50
2039,745414.723458478,13,P1_outputs_path_0_to_50
2040,836458.5427208163,13,P1_outputs_path_0_to_50
2041,927179.2520031052,13,P1_outputs_path_0_to_50
2042,907521.8870440996,13,P1_outputs_path_0_to_50
2043,925546.9284817156,13,P1_outputs_path_0_to_50
2044,774568.1218613732,13,P1_outputs_path_0_to_50
2045,935391.5350987284,13,P1_outputs_path_0_to_50
2046,1047820.7046433844,13,P1_outputs_path_0_to_50
2047,1057794.9610036502,13,P1_outputs_path_0_to_50
2048,1181925.4722066852,13,P1_outputs_path_0_to_50
2049,1310422.4546355742,13,P1_outputs_path_0_to_50
2050,1587446.0196135845,13,P1_outputs_path_0_to_50
2051,1766695.6692133455,13,P1_outputs_path_0_to_50
2052,1647677.8256562725,13,P1_outputs_path_0_to_50
2053,1894192.347134216,13,P1_outputs_path_0_to_50
2054,1888405.3796550792,13,P1_outputs_path_0_to_50
2055,1928293.2482064024,13,P1_outputs_path_0_to_50
2056,1926388.1474692705,13,P1_outputs_path_0_to_50
2057,2031918.0680785691,13,P1_outputs_path_0_to_50
2058,2166225.520039843,13,P1_outputs_path_0_to_50
2059,2307717.665230254,13,P1_outputs_path_0_to_50
2060,2338401.703172353,13,P1_outputs_path_0_to_50
2061,2339170.6181150805,13,P1_outputs_path_0_to_50
2062,2331529.041876111,13,P1_outputs_path_0_to_50
2063,2432683.1945331823,13,P1_outputs_path_0_to_50
2064,2339428.46251326,13,P1_outputs_path_0_to_50
2065,2370768.085132107,13,P1_outputs_path_0_to_50
2066,2463286.9667131705,13,P1_outputs_path_0_to_50
2067,2362694.20333979,13,P1_outputs_path_0_to_50
2068,2366511.183474399,13,P1_outputs_path_0_to_50
2069,2484852.1471743025,13,P1_outputs_path_0_to_50
2070,2562958.059546425,13,P1_outputs_path_0_to_50
2071,2747740.4632004965,13,P1_outputs_path_0_to_50
2072,2931736.523672639,13,P1_outputs_path_0_to_50
2073,2857868.860046681,13,P1_outputs_path_0_to_50
2074,1185748.2370380026,13,P1_outputs_path_0_to_50
2075,,13,P1_outputs_path_0_to_50
2025,0.0,14,P1_outputs_path_0_to_50
2026,56118.896349693896,14,P1_outputs_path_0_to_50
2027,120312.98947417505,14,P1_outputs_path_0_to_50
2028,186737.396768825,14,P1_outputs_path_0_to_50
2029,207915.2135227809,14,P1_outputs_path_0_to_50
2030,257324.07185963396,14,P1_outputs_path_0_to_50
2031,372982.1835915453,14,P1_outputs_path_0_to_50
2032,490327.6913011485,14,P1_outputs_path_0_to_50
2033,721644.6355954004,14,P1_outputs_path_0_to_50
2034,83898.16015470226,14,P1_outputs_path_0_to_50
2035,151653.80313247425,14,P1_outputs_path_0_to_50
2036,249741.2022635181,14,P1_outputs_path_0_to_50
2037,410916.1772006392,14,P1_outputs_path_0_to_50
2038,485736.7247568183,14,P1_outputs_path_0_to_50
2039,633839.7218930781,14,P1_outputs_path_0_to_50
2040,754693.1565691298,14,P1_outputs_path_0_to_50
2041,889369.9608339705,14,P1_outputs_path_0_to_50
2042,1088052.020082952,14,P1_outputs_path_0_to_50
2043,1080292.841053472,14,P1_outputs_path_0_to_50
2044,1289564.5993456056,14,P1_outputs_path_0_to_50
2045,1513511.14531468,14,P1_outputs_path_0_to_50
2046,1783832.493992202,14,P1_outputs_path_0_to_50
2047,2007411.072977951,14,P1_outputs_path_0_to_50
2048,2100666.9854171444,14,P1_outputs_path_0_to_50
2049,2195503.3552614013,14,P1_outputs_path_0_to_50
2050,2323703.89467624,14,P1_outputs_path_0_to_50
2051,2428669.3160539167,14,P1_outputs_path_0_to_50
2052,2757887.547019622,14,P1_outputs_path_0_to_50
2053,2905095.8840675363,14,P1_outputs_path_0_to_50
2054,2837950.826909983,14,P1_outputs_path_0_to_50
2055,2930434.888120263,14,P1_outputs_path_0_to_50
2056,3096590.768419386,14,P1_outputs_path_0_to_50
2057,3193734.524256523,14,P1_outputs_path_0_to_50
2058,3392194.80757392,14,P1_outputs_path_0_to_50
2059,3520752.4250463704,14,P1_outputs_path_0_to_50
2060,3613470.0687364256,14,P1_outputs_path_0_to_50
2061,3609636.467348923,14,P1_outputs_path_0_to_50
2062,3772262.3724274063,14,P1_outputs_path_0_to_50
2063,3728607.653575275,14,P1_outputs_path_0_to_50
2064,3847972.015927583,14,P1_outputs_path_0_to_50
2065,4044277.517118586,14,P1_outputs_path_0_to_50
2066,3737358.3656370416,14,P1_outputs_path_0_to_50
2067,3859440.393640576,14,P1_outputs_path_0_to_50
2068,3962116.215823195,14,P1_outputs_path_0_to_50
2069,3957320.778370101,14,P1_outputs_path_0_to_50
2070,4113492.1111589554,14,P1_outputs_path_0_to_50
2071,4080958.06239482,14,P1_outputs_path_0_to_50
2072,3966862.7644506255,14,P1_outputs_path_0_to_50
2073,3938117.0170367,14,P1_outputs_path_0_to_50
2074,1991175.4804005888,14,P1_outputs_path_0_to_50
2075,,14,P1_outputs_path_0_to_50
2025,0.0,15,P1_outputs_path_0_to_50
2026,65042.69732729118,15,P1_outputs_path_0_to_50
2027,113486.46099535932,15,P1_outputs_path_0_to_50
2028,160426.28071665636,15,P1_outputs_path_0_to_50
2029,196189.73060254805,15,P1_outputs_path_0_to_50
2030,285499.1113392417,15,P1_outputs_path_0_to_50
2031,331523.0142334856,15,P1_outputs_path_0_to_50
2032,405086.7257846497,15,P1_outputs_path_0_to_50
2033,552957.9670062826,15,P1_outputs_path_0_to_50
2034,702459.1495626301,15,P1_outputs_path_0_to_50
2035,768534.901270699,15,P1_outputs_path_0_to_50
2036,836139.2502589017,15,P1_outputs_path_0_to_50
2037,848184.1568802124,15,P1_outputs_path_0_to_50
2038,1098300.6277254345,15,P1_outputs_path_0_to_50
2039,1543509.9890572052,15,P1_outputs_path_0_to_50
2040,1502212.9107553074,15,P1_outputs_path_0_to_50
2041,1804292.1036784416,15,P1_outputs_path_0_to_50
2042,1653866.4054542882,15,P1_outputs_path_0_to_50
2043,1873590.495806377,15,P1_outputs_path_0_to_50
2044,1937687.0813081611,15,P1_outputs_path_0_to_50
2045,2027836.5094774992,15,P1_outputs_path_0_to_50
2046,1996208.627507328,15,P1_outputs_path_0_to_50
2047,2031985.230749566,15,P1_outputs_path_0_to_50
2048,1998155.9872957007,15,P1_outputs_path_0_to_50
2049,2011600.4141226832,15,P1_outputs_path_0_to_50
2050,2115444.7632460445,15,P1_outputs_path_0_to_50
2051,2175574.6307447087,15,P1_outputs_path_0_to_50
2052,2201128.183117025,15,P1_outputs_path_0_to_50
2053,2349706.852382885,15,P1_outputs_path_0_to_50
2054,2293987.491698153,15,P1_outputs_path_0_to_50
2055,2443321.926655599,15,P1_outputs_path_0_to_50
2056,2366818.499840008,15,P1_outputs_path_0_to_50
2057,2433840.4759486183,15,P1_outputs_path_0_to_50
2058,2568285.815092395,15,P1_outputs_path_0_to_50
2059,2611635.0634298576,15,P1_outputs_path_0_to_50
2060,2666032.671619708,15,P1_outputs_path_0_to_50
2061,2830923.703749848,15,P1_outputs_path_0_to_50
2062,2830503.889927053,15,P1_outputs_path_0_to_50
2063,2944819.900746073,15,P1_outputs_path_0_to_50
2064,3095366.762286949,15,P1_outputs_path_0_to_50
2065,3157075.3948660786,15,P1_outputs_path_0_to_50
2066,3332646.5672297277,15,P1_outputs_path_0_to_50
2067,3442987.435002563,15,P1_outputs_path_0_to_50
2068,3571119.2378284666,15,P1_outputs_path_0_to_50
2069,3587513.4869096903,15,P1_outputs_path_0_to_50
2070,3602141.378162223,15,P1_outputs_path_0_to_50
2071,3628566.714766131,15,P1_outputs_path_0_to_50
2072,3642451.9284767937,15,P1_outputs_path_0_to_50
2073,3779893.1259208894,15,P1_outputs_path_0_to_50
2074,1871456.6848713688,15,P1_outputs_path_0_to_50
2075,,15,P1_outputs_path_0_to_50
2025,0.0,16,P1_outputs_path_0_to_50
2026,45493.61164034709,16,P1_outputs_path_0_to_50
2027,104331.13067696142,16,P1_outputs_path_0_to_50
2028,172657.92793842626,16,P1_outputs_path_0_to_50
2029,241129.68477652737,16,P1_outputs_path_0_to_50
2030,299267.9724501652,16,P1_outputs_path_0_to_50
2031,373314.82510153,16,P1_outputs_path_0_to_50
2032,495561.9078833123,16,P1_outputs_path_0_to_50
2033,549247.5152077031,16,P1_outputs_path_0_to_50
2034,555380.7986681493,16,P1_outputs_path_0_to_50
2035,617539.274256841,16,P1_outputs_path_0_to_50
2036,692878.4789207485,16,P1_outputs_path_0_to_50
2037,918796.5336098284,16,P1_outputs_path_0_to_50
2038,772881.959190732,16,P1_outputs_path_0_to_50
2039,927776.1429065549,16,P1_outputs_path_0_to_50
2040,927912.9933517468,16,P1_outputs_path_0_to_50
2041,1061838.3828885271,16,P1_outputs_path_0_to_50
2042,1216999.5054178878,16,P1_outputs_path_0_to_50
2043,1288632.7419756702,16,P1_outputs_path_0_to_50
2044,1502512.0508753932,16,P1_outputs_path_0_to_50
2045,1884688.936034808,16,P1_outputs_path_0_to_50
2046,1980464.65826449,16,P1_outputs_path_0_to_50
2047,1975847.9890482824,16,P1_outputs_path_0_to_50
2048,1984009.742406439,16,P1_outputs_path_0_to_50
2049,2134393.773135553,16,P1_outputs_path_0_to_50
2050,2243982.641063874,16,P1_outputs_path_0_to_50
2051,2322073.728407585,16,P1_outputs_path_0_to_50
2052,2482560.4889807515,16,P1_outputs_path_0_to_50
2053,2512422.85089378,16,P1_outputs_path_0_to_50
2054,2625868.0098565044,16,P1_outputs_path_0_to_50
2055,2575134.485045413,16,P1_outputs_path_0_to_50
2056,2577562.4506468694,16,P1_outputs_path_0_to_50
2057,2494511.2701665685,16,P1_outputs_path_0_to_50
2058,2474314.3977289265,16,P1_outputs_path_0_to_50
2059,2455987.942994904,16,P1_outputs_path_0_to_50
2060,2562120.7624334125,16,P1_outputs_path_0_to_50
2061,2584217.856799231,16,P1_outputs_path_0_to_50
2062,2753386.041411196,16,P1_outputs_path_0_to_50
2063,2986721.5182791715,16,P1_outputs_path_0_to_50
2064,3142803.2135716937,16,P1_outputs_path_0_to_50
2065,3002937.9756150106,16,P1_outputs_path_0_to_50
2066,3134336.021858204,16,P1_outputs_path_0_to_50
2067,3228603.951486851,16,P1_outputs_path_0_to_50
2068,3356893.961561266,16,P1_outputs_path_0_to_50
2069,3269125.5349706644,16,P1_outputs_path_0_to_50
2070,3268577.2056395607,16,P1_outputs_path_0_to_50
2071,3449115.100067674,16,P1_outputs_path_0_to_50
2072,3546449.8368867906,16,P1_outputs_path_0_to_50
2073,3468020.095283011,16,P1_outputs_path_0_to_50
2074,1784523.8585237872,16,P1_outputs_path_0_to_50
2075,,16,P1_outputs_path_0_to_50
2025,0.0,17,P1_outputs_path_0_to_50
2026,56844.56271976364,17,P1_outputs_path_0_to_50
2027,123434.88338189696,17,P1_outputs_path_0_to_50
2028,164852.0198282051,17,P1_outputs_path_0_to_50
2029,215070.03472323687,17,P1_outputs_path_0_to_50
2030,260455.34758473345,17,P1_outputs_path_0_to_50
2031,354212.9912615264,17,P1_outputs_path_0_to_50
2032,446513.83203539817,17,P1_outputs_path_0_to_50
2033,615009.7283857564,17,P1_outputs_path_0_to_50
2034,504607.1595883312,17,P1_outputs_path_0_to_50
2035,520650.0735032096,17,P1_outputs_path_0_to_50
2036,615659.0826253488,17,P1_outputs_path_0_to_50
2037,584120.8925040048,17,P1_outputs_path_0_to_50
2038,642362.269481451,17,P1_outputs_path_0_to_50
2039,772463.5219735123,17,P1_outputs_path_0_to_50
2040,899615.1828756332,17,P1_outputs_path_0_to_50
2041,990994.2460551888,17,P1_outputs_path_0_to_50
2042,1116922.9019193426,17,P1_outputs_path_0_to_50
2043,1117486.5313514883,17,P1_outputs_path_0_to_50
2044,1001593.2326900888,17,P1_outputs_path_0_to_50
2045,895083.7433744988,17,P1_outputs_path_0_to_50
2046,766636.5813795353,17,P1_outputs_path_0_to_50
2047,896929.1074194538,17,P1_outputs_path_0_to_50
2048,1067276.524001913,17,P1_outputs_path_0_to_50
2049,1078626.8348758328,17,P1_outputs_path_0_to_50
2050,1309465.381325137,17,P1_outputs_path_0_to_50
2051,1530379.0363388143,17,P1_outputs_path_0_to_50
2052,1585917.7315271886,17,P1_outputs_path_0_to_50
2053,1729222.352071406,17,P1_outputs_path_0_to_50
2054,1846240.4861674,17,P1_outputs_path_0_to_50
2055,1914644.635135208,17,P1_outputs_path_0_to_50
2056,1988756.77180853,17,P1_outputs_path_0_to_50
2057,1977371.9568558112,17,P1_outputs_path_0_to_50
2058,2095588.4678309571,17,P1_outputs_path_0_to_50
2059,2157981.926253613,17,P1_outputs_path_0_to_50
2060,2294792.162041457,17,P1_outputs_path_0_to_50
2061,2351560.8873876897,17,P1_outputs_path_0_to_50
2062,2491466.015472422,17,P1_outputs_path_0_to_50
2063,2508071.0419459147,17,P1_outputs_path_0_to_50
2064,2622177.2847744427,17,P1_outputs_path_0_to_50
2065,2788541.86044693,17,P1_outputs_path_0_to_50
2066,2858908.218211006,17,P1_outputs_path_0_to_50
2067,2897972.0097986856,17,P1_outputs_path_0_to_50
2068,2850663.7573311124,17,P1_outputs_path_0_to_50
2069,2962460.4044142263,17,P1_outputs_path_0_to_50
2070,3078853.7807078767,17,P1_outputs_path_0_to_50
2071,3304678.855504658,17,P1_outputs_path_0_to_50
2072,3410192.389968431,17,P1_outputs_path_0_to_50
2073,3459636.1275922046,17,P1_outputs_path_0_to_50
2074,1589996.4613243288,17,P1_outputs_path_0_to_50
2075,,17,P1_outputs_path_0_to_50
2025,0.0,18,P1_outputs_path_0_to_50
2026,72102.82876179783,18,P1_outputs_path_0_to_50
2027,128235.82947426802,18,P1_outputs_path_0_to_50
2028,208618.9129258572,18,P1_outputs_path_0_to_50
2029,298642.74682038993,18,P1_outputs_path_0_to_50
2030,359448.0852984716,18,P1_outputs_path_0_to_50
2031,477540.69719733007,18,P1_outputs_path_0_to_50
2032,563826.0359528679,18,P1_outputs_path_0_to_50
2033,758227.0096722418,18,P1_outputs_path_0_to_50
2034,162214.5360686822,18,P1_outputs_path_0_to_50
2035,220254.70675027743,18,P1_outputs_path_0_to_50
2036,331844.9748724993,18,P1_outputs_path_0_to_50
2037,391356.6538909823,18,P1_outputs_path_0_to_50
2038,392618.82499826513,18,P1_outputs_path_0_to_50
2039,507367.4384183471,18,P1_outputs_path_0_to_50
2040,803200.5076058432,18,P1_outputs_path_0_to_50
2041,884530.0463574269,18,P1_outputs_path_0_to_50
2042,1014438.4394602664,18,P1_outputs_path_0_to_50
2043,963912.313480536,18,P1_outputs_path_0_to_50
2044,1012690.1081496216,18,P1_outputs_path_0_to_50
2045,942582.8309281388,18,P1_outputs_path_0_to_50
2046,1134427.17115573,18,P1_outputs_path_0_to_50
2047,1021180.1300232414,18,P1_outputs_path_0_to_50
2048,1116240.6807164005,18,P1_outputs_path_0_to_50
2049,1404675.1545862353,18,P1_outputs_path_0_to_50
2050,1262938.362409364,18,P1_outputs_path_0_to_50
2051,1769211.4707301331,18,P1_outputs_path_0_to_50
2052,1706707.996086014,18,P1_outputs_path_0_to_50
2053,1584260.1389808787,18,P1_outputs_path_0_to_50
2054,1714112.6623859198,18,P1_outputs_path_0_to_50
2055,1921575.6688635405,18,P1_outputs_path_0_to_50
2056,2052420.4708089116,18,P1_outputs_path_0_to_50
2057,2080410.939746793,18,P1_outputs_path_0_to_50
2058,1994413.009378784,18,P1_outputs_path_0_to_50
2059,2028157.7883597815,18,P1_outputs_path_0_to_50
2060,2168262.907520368,18,P1_outputs_path_0_to_50
2061,2304794.891237549,18,P1_outputs_path_0_to_50
2062,2279774.381098648,18,P1_outputs_path_0_to_50
2063,2279859.8232986275,18,P1_outputs_path_0_to_50
2064,2342471.860457833,18,P1_outputs_path_0_to_50
2065,2440514.690451412,18,P1_outputs_path_0_to_50
2066,2458010.524073468,18,P1_outputs_path_0_to_50
2067,2548965.450668235,18,P1_outputs_path_0_to_50
2068,2649194.5724609927,18,P1_outputs_path_0_to_50
2069,2758810.853247341,18,P1_outputs_path_0_to_50
2070,2930785.432135684,18,P1_outputs_path_0_to_50
2071,3041470.729165741,18,P1_outputs_path_0_to_50
2072,2865594.2845171317,18,P1_outputs_path_0_to_50
2073,2958411.1415105253,18,P1_outputs_path_0_to_50
2074,1093160.7457159157,18,P1_outputs_path_0_to_50
2075,,18,P1_outputs_path_0_to_50
2025,0.0,19,P1_outputs_path_0_to_50
2026,55224.13047680109,19,P1_outputs_path_0_to_50
2027,117567.16875190678,19,P1_outputs_path_0_to_50
2028,209579.9591758417,19,P1_outputs_path_0_to_50
2029,321541.06772759266,19,P1_outputs_path_0_to_50
2030,492842.61046631954,19,P1_outputs_path_0_to_50
2031,425378.4912585293,19,P1_outputs_path_0_to_50
2032,536684.667017889,19,P1_outputs_path_0_to_50
2033,610470.5998069168,19,P1_outputs_path_0_to_50
2034,687125.6358016534,19,P1_outputs_path_0_to_50
2035,720933.5767133682,19,P1_outputs_path_0_to_50
2036,781701.6398125758,19,P1_outputs_path_0_to_50
2037,827811.4733868153,19,P1_outputs_path_0_to_50
2038,998812.4629921851,19,P1_outputs_path_0_to_50
2039,1335312.4636872243,19,P1_outputs_path_0_to_50
2040,1483450.9823058452,19,P1_outputs_path_0_to_50
2041,1660157.4955377956,19,P1_outputs_path_0_to_50
2042,1883378.3648684844,19,P1_outputs_path_0_to_50
2043,1846722.0914936184,19,P1_outputs_path_0_to_50
2044,2089707.035125288,19,P1_outputs_path_0_to_50
2045,2237406.0574780325,19,P1_outputs_path_0_to_50
2046,2245780.0261550434,19,P1_outputs_path_0_to_50
2047,2251392.388913492,19,P1_outputs_path_0_to_50
2048,2296535.0856305463,19,P1_outputs_path_0_to_50
2049,2250393.361916204,19,P1_outputs_path_0_to_50
2050,2088778.092886452,19,P1_outputs_path_0_to_50
2051,2163400.870365952,19,P1_outputs_path_0_to_50
2052,2206464.1722311783,19,P1_outputs_path_0_to_50
2053,2176344.431927141,19,P1_outputs_path_0_to_50
2054,2189397.232187277,19,P1_outputs_path_0_to_50
2055,2105186.1476431107,19,P1_outputs_path_0_to_50
2056,1974480.7183232775,19,P1_outputs_path_0_to_50
2057,2085005.485081633,19,P1_outputs_path_0_to_50
2058,2182572.2765182583,19,P1_outputs_path_0_to_50
2059,2307408.38695684,19,P1_outputs_path_0_to_50
2060,2485376.848766512,19,P1_outputs_path_0_to_50
2061,2688212.5497842734,19,P1_outputs_path_0_to_50
2062,2852461.6481809816,19,P1_outputs_path_0_to_50
2063,2951536.276689555,19,P1_outputs_path_0_to_50
2064,2870665.247530407,19,P1_outputs_path_0_to_50
2065,2951460.1827393128,19,P1_outputs_path_0_to_50
2066,2883286.221499199,19,P1_outputs_path_0_to_50
2067,3167389.681308783,19,P1_outputs_path_0_to_50
2068,3213506.439109857,19,P1_outputs_path_0_to_50
2069,3133666.529681518,19,P1_outputs_path_0_to_50
2070,3316047.684756909,19,P1_outputs_path_0_to_50
2071,3321990.989870851,19,P1_outputs_path_0_to_50
2072,3462218.569280824,19,P1_outputs_path_0_to_50
2073,3331045.626394681,19,P1_outputs_path_0_to_50
2074,1633357.7762043655,19,P1_outputs_path_0_to_50
2075,,19,P1_outputs_path_0_to_50
2025,0.0,20,P1_outputs_path_0_to_50
2026,52899.06479391142,20,P1_outputs_path_0_to_50
2027,108189.78349088236,20,P1_outputs_path_0_to_50
2028,198524.98873503064,20,P1_outputs_path_0_to_50
2029,226291.94040117905,20,P1_outputs_path_0_to_50
2030,351791.5359719555,20,P1_outputs_path_0_to_50
2031,508195.11829558574,20,P1_outputs_path_0_to_50
2032,672083.2338448515,20,P1_outputs_path_0_to_50
2033,892587.7665834454,20,P1_outputs_path_0_to_50
2034,265193.27081115777,20,P1_outputs_path_0_to_50
2035,400526.2073715621,20,P1_outputs_path_0_to_50
2036,493066.67703402607,20,P1_outputs_path_0_to_50
2037,618902.4365039581,20,P1_outputs_path_0_to_50
2038,584579.585179015,20,P1_outputs_path_0_to_50
2039,674313.3840692827,20,P1_outputs_path_0_to_50
2040,842941.8784730134,20,P1_outputs_path_0_to_50
2041,1180287.0233741482,20,P1_outputs_path_0_to_50
2042,1292917.7979051236,20,P1_outputs_path_0_to_50
2043,1277303.1407204303,20,P1_outputs_path_0_to_50
2044,1123128.2411964072,20,P1_outputs_path_0_to_50
2045,1294460.1485057797,20,P1_outputs_path_0_to_50
2046,2035335.4134298088,20,P1_outputs_path_0_to_50
2047,2074369.221113857,20,P1_outputs_path_0_to_50
2048,2127765.3222908443,20,P1_outputs_path_0_to_50
2049,2093406.2463558533,20,P1_outputs_path_0_to_50
2050,2173790.623212538,20,P1_outputs_path_0_to_50
2051,2364058.1013035537,20,P1_outputs_path_0_to_50
2052,2552983.7136211013,20,P1_outputs_path_0_to_50
2053,2471814.539196647,20,P1_outputs_path_0_to_50
2054,2487732.0962284594,20,P1_outputs_path_0_to_50
2055,2619578.321077332,20,P1_outputs_path_0_to_50
2056,2735955.1728450013,20,P1_outputs_path_0_to_50
2057,3099941.24190089,20,P1_outputs_path_0_to_50
2058,3195487.6119662547,20,P1_outputs_path_0_to_50
2059,3008203.3196119806,20,P1_outputs_path_0_to_50
2060,3259889.13151451,20,P1_outputs_path_0_to_50
2061,3153205.8819152303,20,P1_outputs_path_0_to_50
2062,3335367.743064102,20,P1_outputs_path_0_to_50
2063,3279226.313830655,20,P1_outputs_path_0_to_50
2064,3542460.6846075943,20,P1_outputs_path_0_to_50
2065,3710602.833969605,20,P1_outputs_path_0_to_50
2066,3625919.339364183,20,P1_outputs_path_0_to_50
2067,3401484.002572112,20,P1_outputs_path_0_to_50
2068,3183156.5878732745,20,P1_outputs_path_0_to_50
2069,3235847.7137326407,20,P1_outputs_path_0_to_50
2070,3159507.807578839,20,P1_outputs_path_0_to_50
2071,3363829.316325091,20,P1_outputs_path_0_to_50
2072,3331481.948613963,20,P1_outputs_path_0_to_50
2073,3447351.586398291,20,P1_outputs_path_0_to_50
2074,1557108.3318814004,20,P1_outputs_path_0_to_50
2075,,20,P1_outputs_path_0_to_50
2025,0.0,21,P1_outputs_path_0_to_50
2026,50011.95967211456,21,P1_outputs_path_0_to_50
2027,102050.68893635536,21,P1_outputs_path_0_to_50
2028,168188.7055556425,21,P1_outputs_path_0_to_50
2029,230163.38649246944,21,P1_outputs_path_0_to_50
2030,328004.9120647891,21,P1_outputs_path_0_to_50
2031,453659.83001866087,21,P1_outputs_path_0_to_50
2032,571762.2275638815,21,P1_outputs_path_0_to_50
2033,686887.0853433494,21,P1_outputs_path_0_to_50
2034,61720.550167925656,21,P1_outputs_path_0_to_50
2035,131597.4458429849,21,P1_outputs_path_0_to_50
2036,203437.8524498037,21,P1_outputs_path_0_to_50
2037,301248.3141999381,21,P1_outputs_path_0_to_50
2038,475066.74848297326,21,P1_outputs_path_0_to_50
2039,590990.879728825,21,P1_outputs_path_0_to_50
2040,621492.3270676676,21,P1_outputs_path_0_to_50
2041,776045.1820696638,21,P1_outputs_path_0_to_50
2042,876956.7749648046,21,P1_outputs_path_0_to_50
2043,995491.8454114962,21,P1_outputs_path_0_to_50
2044,1065752.0328161237,21,P1_outputs_path_0_to_50
2045,1160578.9212074194,21,P1_outputs_path_0_to_50
2046,1150558.554687065,21,P1_outputs_path_0_to_50
2047,1194272.0457461234,21,P1_outputs_path_0_to_50
2048,1165178.1371375064,21,P1_outputs_path_0_to_50
2049,1326535.5966615097,21,P1_outputs_path_0_to_50
2050,1422134.576873579,21,P1_outputs_path_0_to_50
2051,1620162.062314803,21,P1_outputs_path_0_to_50
2052,1812127.441564936,21,P1_outputs_path_0_to_50
2053,2023504.4880466133,21,P1_outputs_path_0_to_50
2054,1950039.92853598,21,P1_outputs_path_0_to_50
2055,2067935.419164092,21,P1_outputs_path_0_to_50
2056,2104828.770322204,21,P1_outputs_path_0_to_50
2057,2098384.6459424444,21,P1_outputs_path_0_to_50
2058,2111746.9787009656,21,P1_outputs_path_0_to_50
2059,2321593.2860590816,21,P1_outputs_path_0_to_50
2060,2472071.197866641,21,P1_outputs_path_0_to_50
2061,2656865.746219828,21,P1_outputs_path_0_to_50
2062,2632912.931670421,21,P1_outputs_path_0_to_50
2063,2645528.0538760684,21,P1_outputs_path_0_to_50
2064,2842515.9188351184,21,P1_outputs_path_0_to_50
2065,3084122.2699929387,21,P1_outputs_path_0_to_50
2066,3171483.397266912,21,P1_outputs_path_0_to_50
2067,3157506.614663648,21,P1_outputs_path_0_to_50
2068,3094389.4501308515,21,P1_outputs_path_0_to_50
2069,2863076.199729928,21,P1_outputs_path_0_to_50
2070,2941402.6012729327,21,P1_outputs_path_0_to_50
2071,3141166.0641856026,21,P1_outputs_path_0_to_50
2072,3406746.5484260214,21,P1_outputs_path_0_to_50
2073,3533303.8116048235,21,P1_outputs_path_0_to_50
2074,1852077.7503492988,21,P1_outputs_path_0_to_50
2075,,21,P1_outputs_path_0_to_50
2025,0.0,22,P1_outputs_path_0_to_50
2026,64803.56814977682,22,P1_outputs_path_0_to_50
2027,132742.3038950363,22,P1_outputs_path_0_to_50
2028,190284.5807061168,22,P1_outputs_path_0_to_50
2029,272567.602945462,22,P1_outputs_path_0_to_50
2030,344969.7856653321,22,P1_outputs_path_0_to_50
2031,394044.6657965417,22,P1_outputs_path_0_to_50
2032,432548.6632835989,22,P1_outputs_path_0_to_50
2033,397942.603097281,22,P1_outputs_path_0_to_50
2034,564341.5142245544,22,P1_outputs_path_0_to_50
2035,716584.3252428418,22,P1_outputs_path_0_to_50
2036,879335.1378002983,22,P1_outputs_path_0_to_50
2037,1107330.6451674532,22,P1_outputs_path_0_to_50
2038,1258293.5459727636,22,P1_outputs_path_0_to_50
2039,1246269.6261230155,22,P1_outputs_path_0_to_50
2040,1081708.3490401688,22,P1_outputs_path_0_to_50
2041,1215973.9790930834,22,P1_outputs_path_0_to_50
2042,1030292.7078758534,22,P1_outputs_path_0_to_50
2043,1156193.8917025146,22,P1_outputs_path_0_to_50
2044,923836.5354240524,22,P1_outputs_path_0_to_50
2045,1035468.5533816714,22,P1_outputs_path_0_to_50
2046,1191635.965907839,22,P1_outputs_path_0_to_50
2047,1370837.2322727272,22,P1_outputs_path_0_to_50
2048,1553689.8748660649,22,P1_outputs_path_0_to_50
2049,1547733.6837585364,22,P1_outputs_path_0_to_50
2050,1647494.8393512073,22,P1_outputs_path_0_to_50
2051,1626640.976530159,22,P1_outputs_path_0_to_50
2052,1826232.5893418929,22,P1_outputs_path_0_to_50
2053,1910125.619195816,22,P1_outputs_path_0_to_50
2054,1971458.490688267,22,P1_outputs_path_0_to_50
2055,1948123.1705184488,22,P1_outputs_path_0_to_50
2056,2063166.599448789,22,P1_outputs_path_0_to_50
2057,1980942.3059153403,22,P1_outputs_path_0_to_50
2058,2148962.187820955,22,P1_outputs_path_0_to_50
2059,2272277.743827816,22,P1_outputs_path_0_to_50
2060,2438752.245932093,22,P1_outputs_path_0_to_50
2061,2624723.284740021,22,P1_outputs_path_0_to_50
2062,2757117.903959071,22,P1_outputs_path_0_to_50
2063,2846807.8603620166,22,P1_outputs_path_0_to_50
2064,2839373.8550115754,22,P1_outputs_path_0_to_50
2065,2653150.3092854745,22,P1_outputs_path_0_to_50
2066,2716525.2569758445,22,P1_outputs_path_0_to_50
2067,2756193.904309189,22,P1_outputs_path_0_to_50
2068,3042907.5375858946,22,P1_outputs_path_0_to_50
2069,3248896.896130574,22,P1_outputs_path_0_to_50
2070,3017842.610438946,22,P1_outputs_path_0_to_50
2071,3142166.372840524,22,P1_outputs_path_0_to_50
2072,3235517.8770911093,22,P1_outputs_path_0_to_50
2073,3383945.0659460784,22,P1_outputs_path_0_to_50
2074,1631066.038329136,22,P1_outputs_path_0_to_50
2075,,22,P1_outputs_path_0_to_50
2025,0.0,23,P1_outputs_path_0_to_50
2026,50733.972940553,23,P1_outputs_path_0_to_50
2027,114413.9239248608,23,P1_outputs_path_0_to_50
2028,163701.66767634786,23,P1_outputs_path_0_to_50
2029,236690.9714639831,23,P1_outputs_path_0_to_50
2030,344134.7845231565,23,P1_outputs_path_0_to_50
2031,404485.18108642,23,P1_outputs_path_0_to_50
2032,398244.7411654609,23,P1_outputs_path_0_to_50
2033,517925.9973115983,23,P1_outputs_path_0_to_50
2034,620716.2597345379,23,P1_outputs_path_0_to_50
2035,741366.2231738932,23,P1_outputs_path_0_to_50
2036,899970.1157450196,23,P1_outputs_path_0_to_50
2037,1008025.920524984,23,P1_outputs_path_0_to_50
2038,881010.2094982265,23,P1_outputs_path_0_to_50
2039,874756.0636686385,23,P1_outputs_path_0_to_50
2040,939607.7100746812,23,P1_outputs_path_0_to_50
2041,1130950.5338092805,23,P1_outputs_path_0_to_50
2042,1223012.1175546525,23,P1_outputs_path_0_to_50
2043,993959.2797206424,23,P1_outputs_path_0_to_50
2044,1004378.6602720656,23,P1_outputs_path_0_to_50
2045,1066059.1804224483,23,P1_outputs_path_0_to_50
2046,1078614.3711398148,23,P1_outputs_path_0_to_50
2047,1352720.2200492907,23,P1_outputs_path_0_to_50
2048,1391477.5360958572,23,P1_outputs_path_0_to_50
2049,1517298.8398836942,23,P1_outputs_path_0_to_50
2050,1971873.3515204664,23,P1_outputs_path_0_to_50
2051,2123907.0719941496,23,P1_outputs_path_0_to_50
2052,2141263.8608381217,23,P1_outputs_path_0_to_50
2053,2261215.8577765385,23,P1_outputs_path_0_to_50
2054,2164655.0937375915,23,P1_outputs_path_0_to_50
2055,2191169.2464839043,23,P1_outputs_path_0_to_50
2056,2222045.3560760594,23,P1_outputs_path_0_to_50
2057,2227593.7414364014,23,P1_outputs_path_0_to_50
2058,2254031.7664335025,23,P1_outputs_path_0_to_50
2059,2408027.6664288198,23,P1_outputs_path_0_to_50
2060,2451085.743813788,23,P1_outputs_path_0_to_50
2061,2522306.4160901024,23,P1_outputs_path_0_to_50
2062,2723358.0903682625,23,P1_outputs_path_0_to_50
2063,2647062.2117149835,23,P1_outputs_path_0_to_50
2064,2644865.918506171,23,P1_outputs_path_0_to_50
2065,2765371.102365003,23,P1_outputs_path_0_to_50
2066,3004764.1118688523,23,P1_outputs_path_0_to_50
2067,2721396.530011783,23,P1_outputs_path_0_to_50
2068,2803718.0250493926,23,P1_outputs_path_0_to_50
2069,2710957.914660237,23,P1_outputs_path_0_to_50
2070,2901818.330393937,23,P1_outputs_path_0_to_50
2071,2978190.755363262,23,P1_outputs_path_0_to_50
2072,2936007.6334559605,23,P1_outputs_path_0_to_50
2073,3188814.8066181624,23,P1_outputs_path_0_to_50
2074,1534140.9541812923,23,P1_outputs_path_0_to_50
2075,,23,P1_outputs_path_0_to_50
2025,0.0,24,P1_outputs_path_0_to_50
2026,72676.2904387455,24,P1_outputs_path_0_to_50
2027,117507.94339394712,24,P1_outputs_path_0_to_50
2028,187118.39335062623,24,P1_outputs_path_0_to_50
2029,282315.4869139483,24,P1_outputs_path_0_to_50
2030,506086.4431988887,24,P1_outputs_path_0_to_50
2031,601125.3206269081,24,P1_outputs_path_0_to_50
2032,546789.3722815707,24,P1_outputs_path_0_to_50
2033,732245.9085008617,24,P1_outputs_path_0_to_50
2034,103181.87117924704,24,P1_outputs_path_0_to_50
2035,161438.68553252745,24,P1_outputs_path_0_to_50
2036,229210.5709702148,24,P1_outputs_path_0_to_50
2037,308768.9351478681,24,P1_outputs_path_0_to_50
2038,502698.96554801735,24,P1_outputs_path_0_to_50
2039,569913.5496946644,24,P1_outputs_path_0_to_50
2040,653552.442119919,24,P1_outputs_path_0_to_50
2041,641038.908053124,24,P1_outputs_path_0_to_50
2042,791818.727494749,24,P1_outputs_path_0_to_50
2043,845736.7565864685,24,P1_outputs_path_0_to_50
2044,926932.6840611008,24,P1_outputs_path_0_to_50
2045,901596.6560932008,24,P1_outputs_path_0_to_50
2046,1130202.3244663316,24,P1_outputs_path_0_to_50
2047,1609959.913822359,24,P1_outputs_path_0_to_50
2048,1706961.602367333,24,P1_outputs_path_0_to_50
2049,1901623.410082016,24,P1_outputs_path_0_to_50
2050,1971505.2144332237,24,P1_outputs_path_0_to_50
2051,1933553.7903111784,24,P1_outputs_path_0_to_50
2052,2001642.5670333323,24,P1_outputs_path_0_to_50
2053,2122394.7746914933,24,P1_outputs_path_0_to_50
2054,1961555.3983561995,24,P1_outputs_path_0_to_50
2055,1980156.2158595745,24,P1_outputs_path_0_to_50
2056,2126539.632880187,24,P1_outputs_path_0_to_50
2057,1914965.9587463075,24,P1_outputs_path_0_to_50
2058,2021454.1862649792,24,P1_outputs_path_0_to_50
2059,1992899.887111436,24,P1_outputs_path_0_to_50
2060,1979050.5330655808,24,P1_outputs_path_0_to_50
2061,2015170.637177503,24,P1_outputs_path_0_to_50
2062,2089603.21443236,24,P1_outputs_path_0_to_50
2063,2293477.718191927,24,P1_outputs_path_0_to_50
2064,2412563.9203424198,24,P1_outputs_path_0_to_50
2065,2206509.5183860883,24,P1_outputs_path_0_to_50
2066,2297140.8416239712,24,P1_outputs_path_0_to_50
2067,2555964.521043823,24,P1_outputs_path_0_to_50
2068,2741625.612708539,24,P1_outputs_path_0_to_50
2069,2841010.395559538,24,P1_outputs_path_0_to_50
2070,3072633.779434439,24,P1_outputs_path_0_to_50
2071,3185277.968214142,24,P1_outputs_path_0_to_50
2072,3563186.948383442,24,P1_outputs_path_0_to_50
2073,3538276.5064223474,24,P1_outputs_path_0_to_50
2074,1829990.4100977704,24,P1_outputs_path_0_to_50
2075,,24,P1_outputs_path_0_to_50
2025,0.0,25,P1_outputs_path_0_to_50
2026,65247.94051480063,25,P1_outputs_path_0_to_50
2027,130201.0050948992,25,P1_outputs_path_0_to_50
2028,197042.92517700917,25,P1_outputs_path_0_to_50
2029,229630.4119791248,25,P1_outputs_path_0_to_50
2030,316149.20291268127,25,P1_outputs_path_0_to_50
2031,315925.76320602454,25,P1_outputs_path_0_to_50
2032,412992.49772189057,25,P1_outputs_path_0_to_50
2033,508228.9575608951,25,P1_outputs_path_0_to_50
2034,589620.6871757371,25,P1_outputs_path_0_to_50
2035,576929.9291989756,25,P1_outputs_path_0_to_50
2036,603016.4390637188,25,P1_outputs_path_0_to_50
2037,704139.4994237655,25,P1_outputs_path_0_to_50
2038,784262.7136252212,25,P1_outputs_path_0_to_50
2039,883776.8276787542,25,P1_outputs_path_0_to_50
2040,1110358.9574916838,25,P1_outputs_path_0_to_50
2041,1225334.2794342458,25,P1_outputs_path_0_to_50
2042,1470844.3493496974,25,P1_outputs_path_0_to_50
2043,1752936.942582016,25,P1_outputs_path_0_to_50
2044,1747526.105588606,25,P1_outputs_path_0_to_50
2045,1711036.7645444323,25,P1_outputs_path_0_to_50
2046,1729204.3026547336,25,P1_outputs_path_0_to_50
2047,1949416.0810101256,25,P1_outputs_path_0_to_50
2048,2031425.207696129,25,P1_outputs_path_0_to_50
2049,2010119.1713857907,25,P1_outputs_path_0_to_50
2050,2033713.0231925447,25,P1_outputs_path_0_to_50
2051,2095561.724356474,25,P1_outputs_path_0_to_50
2052,2145240.011619114,25,P1_outputs_path_0_to_50
2053,2130749.895575626,25,P1_outputs_path_0_to_50
2054,2245162.4815788227,25,P1_outputs_path_0_to_50
2055,2216155.086233701,25,P1_outputs_path_0_to_50
2056,2392884.9609653954,25,P1_outputs_path_0_to_50
2057,2582488.508875343,25,P1_outputs_path_0_to_50
2058,2737112.669435242,25,P1_outputs_path_0_to_50
2059,2684686.513948767,25,P1_outputs_path_0_to_50
2060,2725791.8043783107,25,P1_outputs_path_0_to_50
2061,2774665.770063375,25,P1_outputs_path_0_to_50
2062,2751515.031958285,25,P1_outputs_path_0_to_50
2063,2747709.519635525,25,P1_outputs_path_0_to_50
2064,2752528.1056264346,25,P1_outputs_path_0_to_50
2065,2688719.325598443,25,P1_outputs_path_0_to_50
2066,2686915.918393373,25,P1_outputs_path_0_to_50
2067,2721861.8797140783,25,P1_outputs_path_0_to_50
2068,2710086.863522762,25,P1_outputs_path_0_to_50
2069,2694374.298160085,25,P1_outputs_path_0_to_50
2070,2774855.397230077,25,P1_outputs_path_0_to_50
2071,2898713.797074784,25,P1_outputs_path_0_to_50
2072,2985287.597020956,25,P1_outputs_path_0_to_50
2073,3128958.207649651,25,P1_outputs_path_0_to_50
2074,1474370.39336158,25,P1_outputs_path_0_to_50
2075,,25,P1_outputs_path_0_to_50
2025,0.0,26,P1_outputs_path_0_to_50
2026,66993.27645822239,26,P1_outputs_path_0_to_50
2027,126210.7438804822,26,P1_outputs_path_0_to_50
2028,180349.89355908963,26,P1_outputs_path_0_to_50
2029,238400.55003491903,26,P1_outputs_path_0_to_50
2030,319528.3384997031,26,P1_outputs_path_0_to_50
2031,399762.2292763572,26,P1_outputs_path_0_to_50
2032,511199.6797843599,26,P1_outputs_path_0_to_50
2033,573051.2759616654,26,P1_outputs_path_0_to_50
2034,727023.249267986,26,P1_outputs_path_0_to_50
2035,878076.7179366847,26,P1_outputs_path_0_to_50
2036,751052.8243175299,26,P1_outputs_path_0_to_50
2037,900737.5597128844,26,P1_outputs_path_0_to_50
2038,1052700.9849067382,26,P1_outputs_path_0_to_50
2039,896168.5030916717,26,P1_outputs_path_0_to_50
2040,1063980.572703719,26,P1_outputs_path_0_to_50
2041,903479.1555903114,26,P1_outputs_path_0_to_50
2042,1072474.405181418,26,P1_outputs_path_0_to_50
2043,1079719.1208981134,26,P1_outputs_path_0_to_50
2044,1128654.325064371,26,P1_outputs_path_0_to_50
2045,1526030.4204400503,26,P1_outputs_path_0_to_50
2046,1570496.5153537523,26,P1_outputs_path_0_to_50
2047,1446561.1008615338,26,P1_outputs_path_0_to_50
2048,1676994.4714296963,26,P1_outputs_path_0_to_50
2049,1755167.0029569152,26,P1_outputs_path_0_to_50
2050,1753130.811482217,26,P1_outputs_path_0_to_50
2051,1795836.9016679474,26,P1_outputs_path_0_to_50
2052,2019159.8782916504,26,P1_outputs_path_0_to_50
2053,2055481.6152454428,26,P1_outputs_path_0_to_50
2054,2143368.8976379246,26,P1_outputs_path_0_to_50
2055,2307940.05972087,26,P1_outputs_path_0_to_50
2056,2373219.2545334743,26,P1_outputs_path_0_to_50
2057,2537928.2218839237,26,P1_outputs_path_0_to_50
2058,2721003.636873833,26,P1_outputs_path_0_to_50
2059,2727088.552433188,26,P1_outputs_path_0_to_50
2060,2783739.378264944,26,P1_outputs_path_0_to_50
2061,2967828.943755817,26,P1_outputs_path_0_to_50
2062,2778135.498588276,26,P1_outputs_path_0_to_50
2063,2974286.935149624,26,P1_outputs_path_0_to_50
2064,3085962.549002098,26,P1_outputs_path_0_to_50
2065,3212726.1501877164,26,P1_outputs_path_0_to_50
2066,3325958.2950993045,26,P1_outputs_path_0_to_50
2067,3498122.633023172,26,P1_outputs_path_0_to_50
2068,3657817.203726728,26,P1_outputs_path_0_to_50
2069,3603268.943469071,26,P1_outputs_path_0_to_50
2070,3656105.711988557,26,P1_outputs_path_0_to_50
2071,3648318.547988317,26,P1_outputs_path_0_to_50
2072,3857130.6443463727,26,P1_outputs_path_0_to_50
2073,3682995.0597390495,26,P1_outputs_path_0_to_50
2074,1752064.5391118235,26,P1_outputs_path_0_to_50
2075,,26,P1_outputs_path_0_to_50
2025,0.0,27,P1_outputs_path_0_to_50
2026,53411.87243127092,27,P1_outputs_path_0_to_50
2027,121575.5369656642,27,P1_outputs_path_0_to_50
2028,211421.4313496991,27,P1_outputs_path_0_to_50
2029,301623.1823440308,27,P1_outputs_path_0_to_50
2030,284328.78173052915,27,P1_outputs_path_0_to_50
2031,346415.01137929707,27,P1_outputs_path_0_to_50
2032,500379.51045202144,27,P1_outputs_path_0_to_50
2033,622223.7950517315,27,P1_outputs_path_0_to_50
2034,731882.2937492442,27,P1_outputs_path_0_to_50
2035,663541.0423324335,27,P1_outputs_path_0_to_50
2036,712626.7724062051,27,P1_outputs_path_0_to_50
2037,813576.525782449,27,P1_outputs_path_0_to_50
2038,949920.5962004892,27,P1_outputs_path_0_to_50
2039,1181915.1820694718,27,P1_outputs_path_0_to_50
2040,1167899.7927729974,27,P1_outputs_path_0_to_50
2041,1527437.602173973,27,P1_outputs_path_0_to_50
2042,1744677.8992113525,27,P1_outputs_path_0_to_50
2043,1823939.7266222625,27,P1_outputs_path_0_to_50
2044,2025064.440711961,27,P1_outputs_path_0_to_50
2045,2194946.1202353225,27,P1_outputs_path_0_to_50
2046,2239219.8349315454,27,P1_outputs_path_0_to_50
2047,2279972.902292602,27,P1_outputs_path_0_to_50
2048,2144898.4690388204,27,P1_outputs_path_0_to_50
2049,2207619.501409595,27,P1_outputs_path_0_to_50
2050,2410127.7133731665,27,P1_outputs_path_0_to_50
2051,2749810.305035802,27,P1_outputs_path_0_to_50
2052,2677902.1885585333,27,P1_outputs_path_0_to_50
2053,2877179.083638241,27,P1_outputs_path_0_to_50
2054,2977957.7342815725,27,P1_outputs_path_0_to_50
2055,2965914.807918761,27,P1_outputs_path_0_to_50
2056,3050680.946559709,27,P1_outputs_path_0_to_50
2057,3028656.4340136256,27,P1_outputs_path_0_to_50
2058,3156195.838332948,27,P1_outputs_path_0_to_50
2059,3035591.9240683545,27,P1_outputs_path_0_to_50
2060,3068589.2913434138,27,P1_outputs_path_0_to_50
2061,2796956.597093621,27,P1_outputs_path_0_to_50
2062,2908959.181722834,27,P1_outputs_path_0_to_50
2063,2931134.2338625835,27,P1_outputs_path_0_to_50
2064,3036675.6411311603,27,P1_outputs_path_0_to_50
2065,3050652.071076382,27,P1_outputs_path_0_to_50
2066,2908476.8772663088,27,P1_outputs_path_0_to_50
2067,3074281.3327013967,27,P1_outputs_path_0_to_50
2068,3068570.4603357264,27,P1_outputs_path_0_to_50
2069,2943259.031694869,27,P1_outputs_path_0_to_50
2070,2902305.900255664,27,P1_outputs_path_0_to_50
2071,2807517.0294075347,27,P1_outputs_path_0_to_50
2072,2963441.8989174487,27,P1_outputs_path_0_to_50
2073,3263329.790143473,27,P1_outputs_path_0_to_50
2074,1644438.7325183938,27,P1_outputs_path_0_to_50
2075,,27,P1_outputs_path_0_to_50
2025,0.0,28,P1_outputs_path_0_to_50
2026,63954.98301325394,28,P1_outputs_path_0_to_50
2027,132148.9209331725,28,P1_outputs_path_0_to_50
2028,238062.73148201848,28,P1_outputs_path_0_to_50
2029,295652.9391187204,28,P1_outputs_path_0_to_50
2030,499177.770687141,28,P1_outputs_path_0_to_50
2031,483482.99823446514,28,P1_outputs_path_0_to_50
2032,508105.90852610907,28,P1_outputs_path_0_to_50
2033,579075.670049993,28,P1_outputs_path_0_to_50
2034,605842.9453189097,28,P1_outputs_path_0_to_50
2035,627010.6871045454,28,P1_outputs_path_0_to_50
2036,765066.665518357,28,P1_outputs_path_0_to_50
2037,799425.6013235328,28,P1_outputs_path_0_to_50
2038,900885.6617545484,28,P1_outputs_path_0_to_50
2039,1053662.0141894869,28,P1_outputs_path_0_to_50
2040,1167498.9036720204,28,P1_outputs_path_0_to_50
2041,1186885.5631435025,28,P1_outputs_path_0_to_50
2042,1369631.293920329,28,P1_outputs_path_0_to_50
2043,1749646.736539543,28,P1_outputs_path_0_to_50
2044,1782187.7233163577,28,P1_outputs_path_0_to_50
2045,1915575.0741437415,28,P1_outputs_path_0_to_50
2046,1778097.9158358723,28,P1_outputs_path_0_to_50
2047,1812047.5253722472,28,P1_outputs_path_0_to_50
2048,1944756.1446793135,28,P1_outputs_path_0_to_50
2049,1917723.71728184,28,P1_outputs_path_0_to_50
2050,2152203.0951212016,28,P1_outputs_path_0_to_50
2051,2136015.977568582,28,P1_outputs_path_0_to_50
2052,2155803.7576030805,28,P1_outputs_path_0_to_50
2053,2164845.5099812155,28,P1_outputs_path_0_to_50
2054,2202712.0963041945,28,P1_outputs_path_0_to_50
2055,2402091.2315685707,28,P1_outputs_path_0_to_50
2056,2378979.042864602,28,P1_outputs_path_0_to_50
2057,2512920.2024045694,28,P1_outputs_path_0_to_50
2058,2684522.149654021,28,P1_outputs_path_0_to_50
2059,2855901.160281048,28,P1_outputs_path_0_to_50
2060,2836478.0098140184,28,P1_outputs_path_0_to_50
2061,2732260.2938437853,28,P1_outputs_path_0_to_50
2062,2937347.3895291653,28,P1_outputs_path_0_to_50
2063,2950210.636406592,28,P1_outputs_path_0_to_50
2064,2677697.274073948,28,P1_outputs_path_0_to_50
2065,2649019.193334235,28,P1_outputs_path_0_to_50
2066,2811269.8696688903,28,P1_outputs_path_0_to_50
2067,2988097.302288084,28,P1_outputs_path_0_to_50
2068,2972063.859983788,28,P1_outputs_path_0_to_50
2069,2971816.0529759782,28,P1_outputs_path_0_to_50
2070,2797029.733747049,28,P1_outputs_path_0_to_50
2071,2918806.1065089987,28,P1_outputs_path_0_to_50
2072,2972178.6980506782,28,P1_outputs_path_0_to_50
2073,3020955.595393944,28,P1_outputs_path_0_to_50
2074,1232648.551713714,28,P1_outputs_path_0_to_50
2075,,28,P1_outputs_path_0_to_50
2025,0.0,29,P1_outputs_path_0_to_50
2026,52969.33992153988,29,P1_outputs_path_0_to_50
2027,111272.65841590942,29,P1_outputs_path_0_to_50
2028,199592.92612257943,29,P1_outputs_path_0_to_50
2029,303892.167098767,29,P1_outputs_path_0_to_50
2030,325435.59659018187,29,P1_outputs_path_0_to_50
2031,277651.3573718257,29,P1_outputs_path_0_to_50
2032,337644.2777830466,29,P1_outputs_path_0_to_50
2033,410187.3578107765,29,P1_outputs_path_0_to_50
2034,474344.258743601,29,P1_outputs_path_0_to_50
2035,580487.595562611,29,P1_outputs_path_0_to_50
2036,714002.4143246444,29,P1_outputs_path_0_to_50
2037,680044.6078172842,29,P1_outputs_path_0_to_50
2038,816696.1744455978,29,P1_outputs_path_0_to_50
2039,1083393.1826358803,29,P1_outputs_path_0_to_50
2040,1229053.0595704725,29,P1_outputs_path_0_to_50
2041,1196096.3183016358,29,P1_outputs_path_0_to_50
2042,1384681.342432044,29,P1_outputs_path_0_to_50
2043,1573102.1694379188,29,P1_outputs_path_0_to_50
2044,1517975.4429181952,29,P1_outputs_path_0_to_50
2045,1603626.4076443955,29,P1_outputs_path_0_to_50
2046,1870843.5742543105,29,P1_outputs_path_0_to_50
2047,1981550.8356645156,29,P1_outputs_path_0_to_50
2048,2048318.6482495663,29,P1_outputs_path_0_to_50
2049,2186310.096558514,29,P1_outputs_path_0_to_50
2050,2256356.844445927,29,P1_outputs_path_0_to_50
2051,2360212.8787024044,29,P1_outputs_path_0_to_50
2052,2683694.463952097,29,P1_outputs_path_0_to_50
2053,2542248.9294902803,29,P1_outputs_path_0_to_50
2054,2697600.430243043,29,P1_outputs_path_0_to_50
2055,2698216.344324407,29,P1_outputs_path_0_to_50
2056,2628621.7683376977,29,P1_outputs_path_0_to_50
2057,2596767.349566543,29,P1_outputs_path_0_to_50
2058,2579605.930271515,29,P1_outputs_path_0_to_50
2059,2656791.355111037,29,P1_outputs_path_0_to_50
2060,2552062.3830335247,29,P1_outputs_path_0_to_50
2061,2569103.675483758,29,P1_outputs_path_0_to_50
2062,2640739.5001913165,29,P1_outputs_path_0_to_50
2063,2599233.451601752,29,P1_outputs_path_0_to_50
2064,2574990.331390936,29,P1_outputs_path_0_to_50
2065,2475182.0379194235,29,P1_outputs_path_0_to_50
2066,2567210.907342122,29,P1_outputs_path_0_to_50
2067,2747178.2550330786,29,P1_outputs_path_0_to_50
2068,2750419.9686386124,29,P1_outputs_path_0_to_50
2069,2660776.270676093,29,P1_outputs_path_0_to_50
2070,2745984.572284383,29,P1_outputs_path_0_to_50
2071,2855129.7932548453,29,P1_outputs_path_0_to_50
2072,2985066.985303489,29,P1_outputs_path_0_to_50
2073,3260698.2557629803,29,P1_outputs_path_0_to_50
2074,1336866.052722803,29,P1_outputs_path_0_to_50
2075,,29,P1_outputs_path_0_to_50
2025,0.0,30,P1_outputs_path_0_to_50
2026,74883.05831827979,30,P1_outputs_path_0_to_50
2027,129146.62310543814,30,P1_outputs_path_0_to_50
2028,172037.60264138778,30,P1_outputs_path_0_to_50
2029,244974.6006352891,30,P1_outputs_path_0_to_50
2030,241139.3655331172,30,P1_outputs_path_0_to_50
2031,274000.29876096285,30,P1_outputs_path_0_to_50
2032,370229.7544664903,30,P1_outputs_path_0_to_50
2033,433962.5486986091,30,P1_outputs_path_0_to_50
2034,621072.4831491817,30,P1_outputs_path_0_to_50
2035,711421.0187694198,30,P1_outputs_path_0_to_50
2036,671868.2523832273,30,P1_outputs_path_0_to_50
2037,639802.0853280902,30,P1_outputs_path_0_to_50
2038,713711.9910746801,30,P1_outputs_path_0_to_50
2039,908682.815941172,30,P1_outputs_path_0_to_50
2040,778640.759255608,30,P1_outputs_path_0_to_50
2041,828230.5118735561,30,P1_outputs_path_0_to_50
2042,945511.5694913096,30,P1_outputs_path_0_to_50
2043,1080907.27690475,30,P1_outputs_path_0_to_50
2044,954828.7016499998,30,P1_outputs_path_0_to_50
2045,1145364.4935546254,30,P1_outputs_path_0_to_50
2046,1572996.5990604686,30,P1_outputs_path_0_to_50
2047,1696036.413584564,30,P1_outputs_path_0_to_50
2048,1821703.679501847,30,P1_outputs_path_0_to_50
2049,1864655.089788746,30,P1_outputs_path_0_to_50
2050,2028808.030029565,30,P1_outputs_path_0_to_50
2051,2039973.780331133,30,P1_outputs_path_0_to_50
2052,2039848.9854169243,30,P1_outputs_path_0_to_50
2053,2210047.410194135,30,P1_outputs_path_0_to_50
2054,2166673.9105964256,30,P1_outputs_path_0_to_50
2055,2232598.832680813,30,P1_outputs_path_0_to_50
2056,2162548.185545984,30,P1_outputs_path_0_to_50
2057,2166064.788405288,30,P1_outputs_path_0_to_50
2058,2286175.065153169,30,P1_outputs_path_0_to_50
2059,2202446.3173391824,30,P1_outputs_path_0_to_50
2060,2341432.723242866,30,P1_outputs_path_0_to_50
2061,2277468.734882054,30,P1_outputs_path_0_to_50
2062,2337694.55150118,30,P1_outputs_path_0_to_50
2063,2527095.2382376064,30,P1_outputs_path_0_to_50
2064,2564519.7531147306,30,P1_outputs_path_0_to_50
2065,2642007.0446109963,30,P1_outputs_path_0_to_50
2066,2673353.9296904798,30,P1_outputs_path_0_to_50
2067,2835219.5350214075,30,P1_outputs_path_0_to_50
2068,2996419.5969322827,30,P1_outputs_path_0_to_50
2069,3017491.7720553013,30,P1_outputs_path_0_to_50
2070,3121252.1106863003,30,P1_outputs_path_0_to_50
2071,3121376.9156187875,30,P1_outputs_path_0_to_50
2072,3265379.055700048,30,P1_outputs_path_0_to_50
2073,3206072.66283506,30,P1_outputs_path_0_to_50
2074,1401198.910001719,30,P1_outputs_path_0_to_50
2075,,30,P1_outputs_path_0_to_50
2025,0.0,31,P1_outputs_path_0_to_50
2026,53057.58501820952,31,P1_outputs_path_0_to_50
2027,143400.57739104002,31,P1_outputs_path_0_to_50
2028,224811.69370608468,31,P1_outputs_path_0_to_50
2029,334652.58569797454,31,P1_outputs_path_0_to_50
2030,404507.0480854868,31,P1_outputs_path_0_to_50
2031,462403.620751608,31,P1_outputs_path_0_to_50
2032,538512.4281932351,31,P1_outputs_path_0_to_50
2033,559761.9514803659,31,P1_outputs_path_0_to_50
2034,600253.9875600418,31,P1_outputs_path_0_to_50
2035,655027.1808284728,31,P1_outputs_path_0_to_50
2036,578531.1326681023,31,P1_outputs_path_0_to_50
2037,734387.0764739501,31,P1_outputs_path_0_to_50
2038,805343.949887901,31,P1_outputs_path_0_to_50
2039,920473.1692058352,31,P1_outputs_path_0_to_50
2040,858016.9166014204,31,P1_outputs_path_0_to_50
2041,905323.2603384634,31,P1_outputs_path_0_to_50
2042,862793.5422007065,31,P1_outputs_path_0_to_50
2043,799451.804353581,31,P1_outputs_path_0_to_50
2044,788315.9871518149,31,P1_outputs_path_0_to_50
2045,1034215.1078318116,31,P1_outputs_path_0_to_50
2046,1231084.30967388,31,P1_outputs_path_0_to_50
2047,1306013.5627733418,31,P1_outputs_path_0_to_50
2048,1341916.956706033,31,P1_outputs_path_0_to_50
2049,1356501.598851042,31,P1_outputs_path_0_to_50
2050,1589428.4940741812,31,P1_outputs_path_0_to_50
2051,1606971.9388102733,31,P1_outputs_path_0_to_50
2052,1654343.356525977,31,P1_outputs_path_0_to_50
2053,1761169.8241671512,31,P1_outputs_path_0_to_50
2054,1780944.0050982535,31,P1_outputs_path_0_to_50
2055,1708727.389930199,31,P1_outputs_path_0_to_50
2056,2019820.2576938549,31,P1_outputs_path_0_to_50
2057,2147705.449211386,31,P1_outputs_path_0_to_50
2058,2207987.6830562004,31,P1_outputs_path_0_to_50
2059,2337900.102056516,31,P1_outputs_path_0_to_50
2060,2327284.274547064,31,P1_outputs_path_0_to_50
2061,2527977.8868990773,31,P1_outputs_path_0_to_50
2062,2625100.2370586204,31,P1_outputs_path_0_to_50
2063,2648369.957235676,31,P1_outputs_path_0_to_50
2064,2716255.998178782,31,P1_outputs_path_0_to_50
2065,3004115.785150952,31,P1_outputs_path_0_to_50
2066,3325025.684633659,31,P1_outputs_path_0_to_50
2067,3448275.358758342,31,P1_outputs_path_0_to_50
2068,3513121.7309545567,31,P1_outputs_path_0_to_50
2069,3358849.8672115644,31,P1_outputs_path_0_to_50
2070,3135253.7091622134,31,P1_outputs_path_0_to_50
2071,3353170.6824635384,31,P1_outputs_path_0_to_50
2072,3256850.95673876,31,P1_outputs_path_0_to_50
2073,3455036.126777964,31,P1_outputs_path_0_to_50
2074,1472016.4898342977,31,P1_outputs_path_0_to_50
2075,,31,P1_outputs_path_0_to_50
2025,0.0,32,P1_outputs_path_0_to_50
2026,56685.23053463251,32,P1_outputs_path_0_to_50
2027,112289.94960776449,32,P1_outputs_path_0_to_50
2028,135694.2682565985,32,P1_outputs_path_0_to_50
2029,211236.65539678547,32,P1_outputs_path_0_to_50
2030,300806.00966019207,32,P1_outputs_path_0_to_50
2031,354129.26618403103,32,P1_outputs_path_0_to_50
2032,370238.1633753024,32,P1_outputs_path_0_to_50
2033,605110.1869971408,32,P1_outputs_path_0_to_50
2034,701059.0093936836,32,P1_outputs_path_0_to_50
2035,666309.887293425,32,P1_outputs_path_0_to_50
2036,740377.3724387205,32,P1_outputs_path_0_to_50
2037,838022.91572865,32,P1_outputs_path_0_to_50
2038,847774.3696655842,32,P1_outputs_path_0_to_50
2039,1112255.32249492,32,P1_outputs_path_0_to_50
2040,1004186.692403472,32,P1_outputs_path_0_to_50
2041,1145485.2393166814,32,P1_outputs_path_0_to_50
2042,1275030.6431199934,32,P1_outputs_path_0_to_50
2043,1265569.2588671618,32,P1_outputs_path_0_to_50
2044,1297384.3203549616,32,P1_outputs_path_0_to_50
2045,1093408.6237123825,32,P1_outputs_path_0_to_50
2046,1412106.7985608403,32,P1_outputs_path_0_to_50
2047,1574167.3467253482,32,P1_outputs_path_0_to_50
2048,1696803.467969799,32,P1_outputs_path_0_to_50
2049,2014832.354799612,32,P1_outputs_path_0_to_50
2050,1951101.0808594285,32,P1_outputs_path_0_to_50
2051,2005426.7213360448,32,P1_outputs_path_0_to_50
2052,2161119.0864894777,32,P1_outputs_path_0_to_50
2053,2255716.5561481733,32,P1_outputs_path_0_to_50
2054,2375929.012091132,32,P1_outputs_path_0_to_50
2055,2536004.053781175,32,P1_outputs_path_0_to_50
2056,2642923.8828538805,32,P1_outputs_path_0_to_50
2057,2929548.289025763,32,P1_outputs_path_0_to_50
2058,3107188.6970021594,32,P1_outputs_path_0_to_50
2059,3209480.163578865,32,P1_outputs_path_0_to_50
2060,3104993.1352096526,32,P1_outputs_path_0_to_50
2061,2974970.594534964,32,P1_outputs_path_0_to_50
2062,3142997.35758147,32,P1_outputs_path_0_to_50
2063,3010942.554041876,32,P1_outputs_path_0_to_50
2064,2805803.936882378,32,P1_outputs_path_0_to_50
2065,2807912.976088398,32,P1_outputs_path_0_to_50
2066,2914674.7921112147,32,P1_outputs_path_0_to_50
2067,2987174.099296665,32,P1_outputs_path_0_to_50
2068,2881387.163147196,32,P1_outputs_path_0_to_50
2069,2900539.7610715725,32,P1_outputs_path_0_to_50
2070,2955954.237269284,32,P1_outputs_path_0_to_50
2071,2840053.410452955,32,P1_outputs_path_0_to_50
2072,2810608.517200619,32,P1_outputs_path_0_to_50
2073,3065179.324531067,32,P1_outputs_path_0_to_50
2074,1296630.5293899102,32,P1_outputs_path_0_to_50
2075,,32,P1_outputs_path_0_to_50
2025,0.0,33,P1_outputs_path_0_to_50
2026,65742.13331080812,33,P1_outputs_path_0_to_50
2027,127413.002239667,33,P1_outputs_path_0_to_50
2028,240105.3815280298,33,P1_outputs_path_0_to_50
2029,334015.584357316,33,P1_outputs_path_0_to_50
2030,373966.7535737683,33,P1_outputs_path_0_to_50
2031,408374.604038417,33,P1_outputs_path_0_to_50
2032,758548.4614230515,33,P1_outputs_path_0_to_50
2033,814353.0466546202,33,P1_outputs_path_0_to_50
2034,184223.8377620047,33,P1_outputs_path_0_to_50
2035,216377.09408985043,33,P1_outputs_path_0_to_50
2036,414324.1951083716,33,P1_outputs_path_0_to_50
2037,455334.5520746672,33,P1_outputs_path_0_to_50
2038,498457.5516444615,33,P1_outputs_path_0_to_50
2039,533258.941546414,33,P1_outputs_path_0_to_50
2040,587293.8818569581,33,P1_outputs_path_0_to_50
2041,650655.2906927514,33,P1_outputs_path_0_to_50
2042,724500.0041338447,33,P1_outputs_path_0_to_50
2043,894182.5351450102,33,P1_outputs_path_0_to_50
2044,938385.1500778336,33,P1_outputs_path_0_to_50
2045,992450.3166790026,33,P1_outputs_path_0_to_50
2046,1236323.5418452758,33,P1_outputs_path_0_to_50
2047,1105207.5280798122,33,P1_outputs_path_0_to_50
2048,1267403.6536869034,33,P1_outputs_path_0_to_50
2049,1400198.966604828,33,P1_outputs_path_0_to_50
2050,1425729.8945588076,33,P1_outputs_path_0_to_50
2051,1298915.96881328,33,P1_outputs_path_0_to_50
2052,1466984.911201048,33,P1_outputs_path_0_to_50
2053,1588051.5722675791,33,P1_outputs_path_0_to_50
2054,1764196.6484830128,33,P1_outputs_path_0_to_50
2055,1937166.3393424763,33,P1_outputs_path_0_to_50
2056,1916913.3950707077,33,P1_outputs_path_0_to_50
2057,2026378.6207849544,33,P1_outputs_path_0_to_50
2058,1962585.5392990948,33,P1_outputs_path_0_to_50
2059,2031674.8631293732,33,P1_outputs_path_0_to_50
2060,2203233.8008718044,33,P1_outputs_path_0_to_50
2061,2221144.225869961,33,P1_outputs_path_0_to_50
2062,2348582.511105372,33,P1_outputs_path_0_to_50
2063,2483688.7208311856,33,P1_outputs_path_0_to_50
2064,2546523.8837072,33,P1_outputs_path_0_to_50
2065,2583840.6408283864,33,P1_outputs_path_0_to_50
2066,2715464.317972356,33,P1_outputs_path_0_to_50
2067,2707881.613075308,33,P1_outputs_path_0_to_50
2068,2708029.461328946,33,P1_outputs_path_0_to_50
2069,2533869.620162541,33,P1_outputs_path_0_to_50
2070,2554827.180395872,33,P1_outputs_path_0_to_50
2071,2688122.60772383,33,P1_outputs_path_0_to_50
2072,2843369.7816064795,33,P1_outputs_path_0_to_50
2073,2868308.233416866,33,P1_outputs_path_0_to_50
2074,930403.009045555,33,P1_outputs_path_0_to_50
2075,,33,P1_outputs_path_0_to_50
2025,0.0,34,P1_outputs_path_0_to_50
2026,44846.00163470709,34,P1_outputs_path_0_to_50
2027,94528.35247692504,34,P1_outputs_path_0_to_50
2028,152179.40032226907,34,P1_outputs_path_0_to_50
2029,182319.2533031411,34,P1_outputs_path_0_to_50
2030,220517.9125194293,34,P1_outputs_path_0_to_50
2031,320234.808364536,34,P1_outputs_path_0_to_50
2032,391276.83663324313,34,P1_outputs_path_0_to_50
2033,462601.8642743491,34,P1_outputs_path_0_to_50
2034,602834.2887572523,34,P1_outputs_path_0_to_50
2035,528703.3416409501,34,P1_outputs_path_0_to_50
2036,671215.9296715002,34,P1_outputs_path_0_to_50
2037,842240.7764053565,34,P1_outputs_path_0_to_50
2038,1117117.9592427155,34,P1_outputs_path_0_to_50
2039,1336184.3314402068,34,P1_outputs_path_0_to_50
2040,1301334.449503607,34,P1_outputs_path_0_to_50
2041,1625089.0300051193,34,P1_outputs_path_0_to_50
2042,1861810.8081794612,34,P1_outputs_path_0_to_50
2043,1900385.1002513133,34,P1_outputs_path_0_to_50
2044,2039477.728822857,34,P1_outputs_path_0_to_50
2045,2183459.555290173,34,P1_outputs_path_0_to_50
2046,2370103.252763932,34,P1_outputs_path_0_to_50
2047,2657416.390141189,34,P1_outputs_path_0_to_50
2048,2718454.199524545,34,P1_outputs_path_0_to_50
2049,2575244.37918544,34,P1_outputs_path_0_to_50
2050,2705800.1967268605,34,P1_outputs_path_0_to_50
2051,2549387.585441513,34,P1_outputs_path_0_to_50
2052,2419929.229042371,34,P1_outputs_path_0_to_50
2053,2462279.823586891,34,P1_outputs_path_0_to_50
2054,2660099.2030986515,34,P1_outputs_path_0_to_50
2055,2842815.8424972,34,P1_outputs_path_0_to_50
2056,2746861.6434997665,34,P1_outputs_path_0_to_50
2057,2613960.578006504,34,P1_outputs_path_0_to_50
2058,2586324.3134859074,34,P1_outputs_path_0_to_50
2059,2873225.5741497804,34,P1_outputs_path_0_to_50
2060,2955266.6125403363,34,P1_outputs_path_0_to_50
2061,3218452.7342760954,34,P1_outputs_path_0_to_50
2062,3124528.810362119,34,P1_outputs_path_0_to_50
2063,2919059.165136985,34,P1_outputs_path_0_to_50
2064,3048005.583642844,34,P1_outputs_path_0_to_50
2065,3179697.269621571,34,P1_outputs_path_0_to_50
2066,2966040.9979917537,34,P1_outputs_path_0_to_50
2067,3046612.280268112,34,P1_outputs_path_0_to_50
2068,3136762.720722032,34,P1_outputs_path_0_to_50
2069,3013359.6362825334,34,P1_outputs_path_0_to_50
2070,3123722.6265028077,34,P1_outputs_path_0_to_50
2071,2987434.503573058,34,P1_outputs_path_0_to_50
2072,3146972.5881076995,34,P1_outputs_path_0_to_50
2073,3182834.302309368,34,P1_outputs_path_0_to_50
2074,1455559.6370640805,34,P1_outputs_path_0_to_50
2075,,34,P1_outputs_path_0_to_50
2025,0.0,35,P1_outputs_path_0_to_50
2026,61276.250920156126,35,P1_outputs_path_0_to_50
2027,115946.45997658714,35,P1_outputs_path_0_to_50
2028,169188.8762564559,35,P1_outputs_path_0_to_50
2029,232091.11706114688,35,P1_outputs_path_0_to_50
2030,292805.99466761574,35,P1_outputs_path_0_to_50
2031,381296.13422518095,35,P1_outputs_path_0_to_50
2032,404421.3303437773,35,P1_outputs_path_0_to_50
2033,519263.7448809469,35,P1_outputs_path_0_to_50
2034,500611.68880422914,35,P1_outputs_path_0_to_50
2035,518231.4254871188,35,P1_outputs_path_0_to_50
2036,593802.8402964333,35,P1_outputs_path_0_to_50
2037,824504.7959977521,35,P1_outputs_path_0_to_50
2038,886822.5297570284,35,P1_outputs_path_0_to_50
2039,887205.1449634462,35,P1_outputs_path_0_to_50
2040,819317.2793898955,35,P1_outputs_path_0_to_50
2041,920390.2954704404,35,P1_outputs_path_0_to_50
2042,929158.8135818804,35,P1_outputs_path_0_to_50
2043,1037924.8047089876,35,P1_outputs_path_0_to_50
2044,936071.0317140586,35,P1_outputs_path_0_to_50
2045,992616.801547751,35,P1_outputs_path_0_to_50
2046,1176017.0152292636,35,P1_outputs_path_0_to_50
2047,1655425.4171164162,35,P1_outputs_path_0_to_50
2048,1787056.7532918102,35,P1_outputs_path_0_to_50
2049,1972448.912536636,35,P1_outputs_path_0_to_50
2050,1890900.186552131,35,P1_outputs_path_0_to_50
2051,2084382.552639072,35,P1_outputs_path_0_to_50
2052,2108279.8952910863,35,P1_outputs_path_0_to_50
2053,2283283.9691855656,35,P1_outputs_path_0_to_50
2054,2202673.151498364,35,P1_outputs_path_0_to_50
2055,2285910.333324088,35,P1_outputs_path_0_to_50
2056,2290978.0060841325,35,P1_outputs_path_0_to_50
2057,2298707.1180320554,35,P1_outputs_path_0_to_50
2058,2472873.5485487543,35,P1_outputs_path_0_to_50
2059,2511571.1501069646,35,P1_outputs_path_0_to_50
2060,2378792.241962408,35,P1_outputs_path_0_to_50
2061,2537119.2714070017,35,P1_outputs_path_0_to_50
2062,2492976.6651258017,35,P1_outputs_path_0_to_50
2063,2474567.824612865,35,P1_outputs_path_0_to_50
2064,2549949.339018642,35,P1_outputs_path_0_to_50
2065,2606551.0175425704,35,P1_outputs_path_0_to_50
2066,2673274.8624823936,35,P1_outputs_path_0_to_50
2067,2814651.4072217187,35,P1_outputs_path_0_to_50
2068,2956745.861326374,35,P1_outputs_path_0_to_50
2069,2934899.474411234,35,P1_outputs_path_0_to_50
2070,2883755.615681767,35,P1_outputs_path_0_to_50
2071,2868334.937233804,35,P1_outputs_path_0_to_50
2072,2809384.9491424123,35,P1_outputs_path_0_to_50
2073,2967360.087518364,35,P1_outputs_path_0_to_50
2074,1089991.7569857135,35,P1_outputs_path_0_to_50
2075,,35,P1_outputs_path_0_to_50
2025,0.0,36,P1_outputs_path_0_to_50
2026,47259.30319286935,36,P1_outputs_path_0_to_50
2027,106045.9111850398,36,P1_outputs_path_0_to_50
2028,165075.2093006253,36,P1_outputs_path_0_to_50
2029,291067.1778578077,36,P1_outputs_path_0_to_50
2030,337331.1464881258,36,P1_outputs_path_0_to_50
2031,366078.9042713269,36,P1_outputs_path_0_to_50
2032,532054.4787021445,36,P1_outputs_path_0_to_50
2033,659840.54867693,36,P1_outputs_path_0_to_50
2034,848338.6226944258,36,P1_outputs_path_0_to_50
2035,1040672.830518739,36,P1_outputs_path_0_to_50
2036,1104750.5499975202,36,P1_outputs_path_0_to_50
2037,1225914.6984763993,36,P1_outputs_path_0_to_50
2038,1369478.6058619658,36,P1_outputs_path_0_to_50
2039,1555968.4221877,36,P1_outputs_path_0_to_50
2040,1391882.7221717928,36,P1_outputs_path_0_to_50
2041,1226536.2229801589,36,P1_outputs_path_0_to_50
2042,1075009.11670963,36,P1_outputs_path_0_to_50
2043,1230592.972027552,36,P1_outputs_path_0_to_50
2044,1417032.247824545,36,P1_outputs_path_0_to_50
2045,1409121.190417847,36,P1_outputs_path_0_to_50
2046,1543509.3739753985,36,P1_outputs_path_0_to_50
2047,1584979.9514233638,36,P1_outputs_path_0_to_50
2048,1720702.551739875,36,P1_outputs_path_0_to_50
2049,1867620.442654373,36,P1_outputs_path_0_to_50
2050,1841215.8787853871,36,P1_outputs_path_0_to_50
2051,2016103.5511191676,36,P1_outputs_path_0_to_50
2052,2021914.1166305223,36,P1_outputs_path_0_to_50
2053,1961405.397974706,36,P1_outputs_path_0_to_50
2054,1968516.9601896857,36,P1_outputs_path_0_to_50
2055,2011890.203770328,36,P1_outputs_path_0_to_50
2056,1999566.775490124,36,P1_outputs_path_0_to_50
2057,2081573.5282977044,36,P1_outputs_path_0_to_50
2058,2326388.8665312016,36,P1_outputs_path_0_to_50
2059,2363043.245385353,36,P1_outputs_path_0_to_50
2060,2211643.122571226,36,P1_outputs_path_0_to_50
2061,2302888.796869396,36,P1_outputs_path_0_to_50
2062,2456656.628074015,36,P1_outputs_path_0_to_50
2063,2598401.589769716,36,P1_outputs_path_0_to_50
2064,2597782.1329654614,36,P1_outputs_path_0_to_50
2065,2797008.8550166846,36,P1_outputs_path_0_to_50
2066,2960439.5040995474,36,P1_outputs_path_0_to_50
2067,3224332.667173143,36,P1_outputs_path_0_to_50
2068,3402812.4604131584,36,P1_outputs_path_0_to_50
2069,3465306.6841455614,36,P1_outputs_path_0_to_50
2070,3252408.6278653974,36,P1_outputs_path_0_to_50
2071,3149760.649212994,36,P1_outputs_path_0_to_50
2072,3251547.97890877,36,P1_outputs_path_0_to_50
2073,3558449.8951719706,36,P1_outputs_path_0_to_50
2074,1736392.1874413777,36,P1_outputs_path_0_to_50
2075,,36,P1_outputs_path_0_to_50
2025,0.0,37,P1_outputs_path_0_to_50
2026,65350.59948485996,37,P1_outputs_path_0_to_50
2027,121492.7647674807,37,P1_outputs_path_0_to_50
2028,191485.33506934263,37,P1_outputs_path_0_to_50
2029,262292.8268516203,37,P1_outputs_path_0_to_50
2030,303891.908615688,37,P1_outputs_path_0_to_50
2031,374639.38929481857,37,P1_outputs_path_0_to_50
2032,412492.7700691995,37,P1_outputs_path_0_to_50
2033,544088.6656370353,37,P1_outputs_path_0_to_50
2034,744500.0035477334,37,P1_outputs_path_0_to_50
2035,987829.692946314,37,P1_outputs_path_0_to_50
2036,1171850.3067838722,37,P1_outputs_path_0_to_50
2037,1238063.829037868,37,P1_outputs_path_0_to_50
2038,1463401.8261133686,37,P1_outputs_path_0_to_50
2039,1727927.3813722413,37,P1_outputs_path_0_to_50
2040,1676762.3088241438,37,P1_outputs_path_0_to_50
2041,2117010.5327519486,37,P1_outputs_path_0_to_50
2042,2185722.884157704,37,P1_outputs_path_0_to_50
2043,2281607.6104354626,37,P1_outputs_path_0_to_50
2044,2263368.8062912417,37,P1_outputs_path_0_to_50
2045,2261948.435522114,37,P1_outputs_path_0_to_50
2046,2092200.0782748123,37,P1_outputs_path_0_to_50
2047,2236144.5536620663,37,P1_outputs_path_0_to_50
2048,2326705.5871717045,37,P1_outputs_path_0_to_50
2049,2455641.7384411525,37,P1_outputs_path_0_to_50
2050,2590544.398914001,37,P1_outputs_path_0_to_50
2051,2755400.402402061,37,P1_outputs_path_0_to_50
2052,2757987.73027904,37,P1_outputs_path_0_to_50
2053,2780009.035335407,37,P1_outputs_path_0_to_50
2054,2818053.9668691265,37,P1_outputs_path_0_to_50
2055,2735564.268192488,37,P1_outputs_path_0_to_50
2056,2984161.8350220127,37,P1_outputs_path_0_to_50
2057,3046144.428218116,37,P1_outputs_path_0_to_50
2058,2889544.2160084145,37,P1_outputs_path_0_to_50
2059,3037198.428883399,37,P1_outputs_path_0_to_50
2060,3032397.325841337,37,P1_outputs_path_0_to_50
2061,3238157.815732411,37,P1_outputs_path_0_to_50
2062,3061391.803650181,37,P1_outputs_path_0_to_50
2063,3059450.1855693203,37,P1_outputs_path_0_to_50
2064,3180246.5765547017,37,P1_outputs_path_0_to_50
2065,3297541.266329841,37,P1_outputs_path_0_to_50
2066,3129914.090605774,37,P1_outputs_path_0_to_50
2067,2868482.167392847,37,P1_outputs_path_0_to_50
2068,2973509.467186312,37,P1_outputs_path_0_to_50
2069,3125127.76285338,37,P1_outputs_path_0_to_50
2070,2986822.3590791537,37,P1_outputs_path_0_to_50
2071,3198331.273153657,37,P1_outputs_path_0_to_50
2072,3363173.7343102824,37,P1_outputs_path_0_to_50
2073,3379516.130524405,37,P1_outputs_path_0_to_50
2074,1566379.1753350452,37,P1_outputs_path_0_to_50
2075,,37,P1_outputs_path_0_to_50
2025,0.0,38,P1_outputs_path_0_to_50
2026,70078.10967529094,38,P1_outputs_path_0_to_50
2027,114560.08625766636,38,P1_outputs_path_0_to_50
2028,202503.4113381345,38,P1_outputs_path_0_to_50
2029,311787.99893448444,38,P1_outputs_path_0_to_50
2030,272745.9686912209,38,P1_outputs_path_0_to_50
2031,452463.8512098776,38,P1_outputs_path_0_to_50
2032,517487.49517438986,38,P1_outputs_path_0_to_50
2033,604961.8854176688,38,P1_outputs_path_0_to_50
2034,653138.289266541,38,P1_outputs_path_0_to_50
2035,641585.8207919851,38,P1_outputs_path_0_to_50
2036,674110.7102446888,38,P1_outputs_path_0_to_50
2037,807192.7366317259,38,P1_outputs_path_0_to_50
2038,1018753.1131189364,38,P1_outputs_path_0_to_50
2039,1205216.1051580657,38,P1_outputs_path_0_to_50
2040,1119273.14945155,38,P1_outputs_path_0_to_50
2041,1075810.3209069718,38,P1_outputs_path_0_to_50
2042,1302376.1827264614,38,P1_outputs_path_0_to_50
2043,1629670.3109425018,38,P1_outputs_path_0_to_50
2044,1661869.7525652049,38,P1_outputs_path_0_to_50
2045,1768423.308767505,38,P1_outputs_path_0_to_50
2046,2047209.3074768432,38,P1_outputs_path_0_to_50
2047,2054389.745972055,38,P1_outputs_path_0_to_50
2048,2093092.0305949373,38,P1_outputs_path_0_to_50
2049,2235948.5065522743,38,P1_outputs_path_0_to_50
2050,2281829.23600222,38,P1_outputs_path_0_to_50
2051,2272705.4914432243,38,P1_outputs_path_0_to_50
2052,2328141.0341162253,38,P1_outputs_path_0_to_50
2053,2449436.0543575427,38,P1_outputs_path_0_to_50
2054,2387915.63668342,38,P1_outputs_path_0_to_50
2055,2360383.9290890354,38,P1_outputs_path_0_to_50
2056,2479240.0768008004,38,P1_outputs_path_0_to_50
2057,2571302.099025532,38,P1_outputs_path_0_to_50
2058,2596532.254766501,38,P1_outputs_path_0_to_50
2059,2491130.3325079377,38,P1_outputs_path_0_to_50
2060,2443643.1600501626,38,P1_outputs_path_0_to_50
2061,2527973.7936885613,38,P1_outputs_path_0_to_50
2062,2649221.532151656,38,P1_outputs_path_0_to_50
2063,2697317.1903927973,38,P1_outputs_path_0_to_50
2064,2749682.976402066,38,P1_outputs_path_0_to_50
2065,2855187.4434293183,38,P1_outputs_path_0_to_50
2066,3026793.996443655,38,P1_outputs_path_0_to_50
2067,3035772.8630959066,38,P1_outputs_path_0_to_50
2068,3086788.2446979485,38,P1_outputs_path_0_to_50
2069,3029330.407303244,38,P1_outputs_path_0_to_50
2070,3215171.584499903,38,P1_outputs_path_0_to_50
2071,3184960.0258358894,38,P1_outputs_path_0_to_50
2072,3149551.347190099,38,P1_outputs_path_0_to_50
2073,2951867.6284110267,38,P1_outputs_path_0_to_50
2074,1167972.3924022687,38,P1_outputs_path_0_to_50
2075,,38,P1_outputs_path_0_to_50
2025,0.0,39,P1_outputs_path_0_to_50
2026,42969.89464609421,39,P1_outputs_path_0_to_50
2027,99580.46970666414,39,P1_outputs_path_0_to_50
2028,167062.51705450015,39,P1_outputs_path_0_to_50
2029,221371.4687512417,39,P1_outputs_path_0_to_50
2030,264494.1651730464,39,P1_outputs_path_0_to_50
2031,256575.17027489524,39,P1_outputs_path_0_to_50
2032,326569.5597174594,39,P1_outputs_path_0_to_50
2033,340413.6122472083,39,P1_outputs_path_0_to_50
2034,390031.4666076268,39,P1_outputs_path_0_to_50
2035,470411.5304049416,39,P1_outputs_path_0_to_50
2036,572836.763132442,39,P1_outputs_path_0_to_50
2037,716547.1509332107,39,P1_outputs_path_0_to_50
2038,896040.9884451593,39,P1_outputs_path_0_to_50
2039,1067880.6597718955,39,P1_outputs_path_0_to_50
2040,1276677.8280518048,39,P1_outputs_path_0_to_50
2041,1315711.0580719444,39,P1_outputs_path_0_to_50
2042,1514104.0579928851,39,P1_outputs_path_0_to_50
2043,1789982.704207927,39,P1_outputs_path_0_to_50
2044,1612861.1077575835,39,P1_outputs_path_0_to_50
2045,1634426.510653043,39,P1_outputs_path_0_to_50
2046,1626960.38344057,39,P1_outputs_path_0_to_50
2047,1725884.2362669837,39,P1_outputs_path_0_to_50
2048,1840529.5271531504,39,P1_outputs_path_0_to_50
2049,1860466.7443053543,39,P1_outputs_path_0_to_50
2050,1916695.8286853605,39,P1_outputs_path_0_to_50
2051,2163406.562062786,39,P1_outputs_path_0_to_50
2052,2346687.453188551,39,P1_outputs_path_0_to_50
2053,2455091.07793028,39,P1_outputs_path_0_to_50
2054,2527252.9939343007,39,P1_outputs_path_0_to_50
2055,2719421.4221212314,39,P1_outputs_path_0_to_50
2056,2797209.6307571623,39,P1_outputs_path_0_to_50
2057,3007428.1871110243,39,P1_outputs_path_0_to_50
2058,2954116.440712741,39,P1_outputs_path_0_to_50
2059,2898185.215313231,39,P1_outputs_path_0_to_50
2060,3045421.0690842746,39,P1_outputs_path_0_to_50
2061,2916992.250073384,39,P1_outputs_path_0_to_50
2062,2866935.0550026284,39,P1_outputs_path_0_to_50
2063,2960982.239139472,39,P1_outputs_path_0_to_50
2064,2850999.7757024067,39,P1_outputs_path_0_to_50
2065,2873789.31094586,39,P1_outputs_path_0_to_50
2066,2881154.942245198,39,P1_outputs_path_0_to_50
2067,2825623.6002431414,39,P1_outputs_path_0_to_50
2068,2900382.734892401,39,P1_outputs_path_0_to_50
2069,2875166.786307608,39,P1_outputs_path_0_to_50
2070,2791480.8872405984,39,P1_outputs_path_0_to_50
2071,2872995.8160113995,39,P1_outputs_path_0_to_50
2072,2997926.17278469,39,P1_outputs_path_0_to_50
2073,2677565.5444378,39,P1_outputs_path_0_to_50
2074,808888.214343494,39,P1_outputs_path_0_to_50
2075,,39,P1_outputs_path_0_to_50
2025,0.0,40,P1_outputs_path_0_to_50
2026,53094.80550772856,40,P1_outputs_path_0_to_50
2027,102773.13709945226,40,P1_outputs_path_0_to_50
2028,187257.90545092197,40,P1_outputs_path_0_to_50
2029,296507.88364144467,40,P1_outputs_path_0_to_50
2030,418149.75445040746,40,P1_outputs_path_0_to_50
2031,538341.28735091,40,P1_outputs_path_0_to_50
2032,605956.3454740391,40,P1_outputs_path_0_to_50
2033,695558.9269787563,40,P1_outputs_path_0_to_50
2034,57418.85391695786,40,P1_outputs_path_0_to_50
2035,140654.60669918434,40,P1_outputs_path_0_to_50
2036,245084.94519170164,40,P1_outputs_path_0_to_50
2037,286663.11731620115,40,P1_outputs_path_0_to_50
2038,367179.7571162668,40,P1_outputs_path_0_to_50
2039,471384.0443737771,40,P1_outputs_path_0_to_50
2040,514194.7787043024,40,P1_outputs_path_0_to_50
2041,648351.8718655333,40,P1_outputs_path_0_to_50
2042,802946.5035943368,40,P1_outputs_path_0_to_50
2043,923780.3736820857,40,P1_outputs_path_0_to_50
2044,995412.2588159214,40,P1_outputs_path_0_to_50
2045,1241961.3232638843,40,P1_outputs_path_0_to_50
2046,1479455.3594046035,40,P1_outputs_path_0_to_50
2047,1429735.4892183533,40,P1_outputs_path_0_to_50
2048,1782367.5715992472,40,P1_outputs_path_0_to_50
2049,1765629.0705151863,40,P1_outputs_path_0_to_50
2050,1723619.5531859912,40,P1_outputs_path_0_to_50
2051,1822577.212996412,40,P1_outputs_path_0_to_50
2052,1941470.0307967688,40,P1_outputs_path_0_to_50
2053,2108470.157324888,40,P1_outputs_path_0_to_50
2054,2213538.5093504474,40,P1_outputs_path_0_to_50
2055,2277098.1455329144,40,P1_outputs_path_0_to_50
2056,2274386.930267442,40,P1_outputs_path_0_to_50
2057,2324420.3501196527,40,P1_outputs_path_0_to_50
2058,2330548.031580879,40,P1_outputs_path_0_to_50
2059,2355602.8060892182,40,P1_outputs_path_0_to_50
2060,2305864.9464556114,40,P1_outputs_path_0_to_50
2061,2401206.4705978986,40,P1_outputs_path_0_to_50
2062,2384892.191429944,40,P1_outputs_path_0_to_50
2063,2481020.5598048284,40,P1_outputs_path_0_to_50
2064,2342213.917296688,40,P1_outputs_path_0_to_50
2065,2432032.8965509622,40,P1_outputs_path_0_to_50
2066,2501360.4030776173,40,P1_outputs_path_0_to_50
2067,2730369.946679728,40,P1_outputs_path_0_to_50
2068,2778114.1899033105,40,P1_outputs_path_0_to_50
2069,2924627.1704958016,40,P1_outputs_path_0_to_50
2070,2887468.50668142,40,P1_outputs_path_0_to_50
2071,2775101.883231928,40,P1_outputs_path_0_to_50
2072,2801761.188106497,40,P1_outputs_path_0_to_50
2073,2988554.945017324,40,P1_outputs_path_0_to_50
2074,1343313.2624168133,40,P1_outputs_path_0_to_50
2075,,40,P1_outputs_path_0_to_50
2025,0.0,41,P1_outputs_path_0_to_50
2026,67967.67611315419,41,P1_outputs_path_0_to_50
2027,120299.63750485118,41,P1_outputs_path_0_to_50
2028,183798.89018147308,41,P1_outputs_path_0_to_50
2029,250741.24607909724,41,P1_outputs_path_0_to_50
2030,308343.188843622,41,P1_outputs_path_0_to_50
2031,376456.8880242461,41,P1_outputs_path_0_to_50
2032,464730.1379527412,41,P1_outputs_path_0_to_50
2033,456858.43399971246,41,P1_outputs_path_0_to_50
2034,526175.4567984348,41,P1_outputs_path_0_to_50
2035,671937.0316345165,41,P1_outputs_path_0_to_50
2036,768607.193487459,41,P1_outputs_path_0_to_50
2037,896473.5100301327,41,P1_outputs_path_0_to_50
2038,1026001.5822962834,41,P1_outputs_path_0_to_50
2039,891606.0895881519,41,P1_outputs_path_0_to_50
2040,1089837.488754684,41,P1_outputs_path_0_to_50
2041,1303012.1313923253,41,P1_outputs_path_0_to_50
2042,1585062.1951110398,41,P1_outputs_path_0_to_50
2043,1665599.4178145388,41,P1_outputs_path_0_to_50
2044,1675807.2057187883,41,P1_outputs_path_0_to_50
2045,1685482.6160083031,41,P1_outputs_path_0_to_50
2046,1727665.650943613,41,P1_outputs_path_0_to_50
2047,1709081.014357905,41,P1_outputs_path_0_to_50
2048,1779464.773339977,41,P1_outputs_path_0_to_50
2049,1669963.2843998866,41,P1_outputs_path_0_to_50
2050,1825045.851578356,41,P1_outputs_path_0_to_50
2051,1823117.478470096,41,P1_outputs_path_0_to_50
2052,1895983.802702728,41,P1_outputs_path_0_to_50
2053,1851782.6879417729,41,P1_outputs_path_0_to_50
2054,2010481.0833687503,41,P1_outputs_path_0_to_50
2055,2065111.783468104,41,P1_outputs_path_0_to_50
2056,2257713.0826864974,41,P1_outputs_path_0_to_50
2057,2396598.4686663747,41,P1_outputs_path_0_to_50
2058,2593256.462629276,41,P1_outputs_path_0_to_50
2059,2582077.400688349,41,P1_outputs_path_0_to_50
2060,2750997.940828348,41,P1_outputs_path_0_to_50
2061,2651674.3202655856,41,P1_outputs_path_0_to_50
2062,2684805.292409544,41,P1_outputs_path_0_to_50
2063,2814808.134321004,41,P1_outputs_path_0_to_50
2064,2770692.723718303,41,P1_outputs_path_0_to_50
2065,2614122.4518052475,41,P1_outputs_path_0_to_50
2066,2674121.9674166795,41,P1_outputs_path_0_to_50
2067,2616089.648454457,41,P1_outputs_path_0_to_50
2068,2781831.524223338,41,P1_outputs_path_0_to_50
2069,3040071.572880615,41,P1_outputs_path_0_to_50
2070,3115618.054347696,41,P1_outputs_path_0_to_50
2071,3183853.2100967104,41,P1_outputs_path_0_to_50
2072,3025432.883925249,41,P1_outputs_path_0_to_50
2073,3283631.5176373604,41,P1_outputs_path_0_to_50
2074,1368609.053741,41,P1_outputs_path_0_to_50
2075,,41,P1_outputs_path_0_to_50
2025,0.0,42,P1_outputs_path_0_to_50
2026,55822.19457032972,42,P1_outputs_path_0_to_50
2027,105161.5299879298,42,P1_outputs_path_0_to_50
2028,168864.71297835588,42,P1_outputs_path_0_to_50
2029,252621.29515319224,42,P1_outputs_path_0_to_50
2030,358906.3225859688,42,P1_outputs_path_0_to_50
2031,424288.7692999263,42,P1_outputs_path_0_to_50
2032,475184.72475673386,42,P1_outputs_path_0_to_50
2033,427991.2390190617,42,P1_outputs_path_0_to_50
2034,604624.2820228403,42,P1_outputs_path_0_to_50
2035,796250.351181434,42,P1_outputs_path_0_to_50
2036,828115.9726711022,42,P1_outputs_path_0_to_50
2037,897747.5776098896,42,P1_outputs_path_0_to_50
2038,1166503.0515630632,42,P1_outputs_path_0_to_50
2039,1275688.4569358462,42,P1_outputs_path_0_to_50
2040,1507111.407612068,42,P1_outputs_path_0_to_50
2041,1430028.601373884,42,P1_outputs_path_0_to_50
2042,1692701.6851125036,42,P1_outputs_path_0_to_50
2043,1752459.5048587504,42,P1_outputs_path_0_to_50
2044,1705289.3665585774,42,P1_outputs_path_0_to_50
2045,1829877.861400287,42,P1_outputs_path_0_to_50
2046,1961256.680354566,42,P1_outputs_path_0_to_50
2047,2063619.7959450984,42,P1_outputs_path_0_to_50
2048,2021826.719013104,42,P1_outputs_path_0_to_50
2049,1950112.6917617924,42,P1_outputs_path_0_to_50
2050,1950435.3007194332,42,P1_outputs_path_0_to_50
2051,1931752.343952225,42,P1_outputs_path_0_to_50
2052,2033459.7844519347,42,P1_outputs_path_0_to_50
2053,2149284.844849005,42,P1_outputs_path_0_to_50
2054,2167001.031172052,42,P1_outputs_path_0_to_50
2055,2311749.176669431,42,P1_outputs_path_0_to_50
2056,2389182.747435393,42,P1_outputs_path_0_to_50
2057,2355269.819388035,42,P1_outputs_path_0_to_50
2058,2256173.957162585,42,P1_outputs_path_0_to_50
2059,2312887.270570231,42,P1_outputs_path_0_to_50
2060,2181571.8859803,42,P1_outputs_path_0_to_50
2061,2382464.7884753817,42,P1_outputs_path_0_to_50
2062,2339051.3866676185,42,P1_outputs_path_0_to_50
2063,2474954.922047392,42,P1_outputs_path_0_to_50
2064,2664156.735203528,42,P1_outputs_path_0_to_50
2065,2756939.696030913,42,P1_outputs_path_0_to_50
2066,2876407.161792934,42,P1_outputs_path_0_to_50
2067,2832201.472756599,42,P1_outputs_path_0_to_50
2068,2876101.094338516,42,P1_outputs_path_0_to_50
2069,2898598.231693589,42,P1_outputs_path_0_to_50
2070,2965641.1149198823,42,P1_outputs_path_0_to_50
2071,2954201.157401103,42,P1_outputs_path_0_to_50
2072,3003622.8307293444,42,P1_outputs_path_0_to_50
2073,3027565.27444496,42,P1_outputs_path_0_to_50
2074,1205189.8748150778,42,P1_outputs_path_0_to_50
2075,,42,P1_outputs_path_0_to_50
2025,0.0,43,P1_outputs_path_0_to_50
2026,54987.96270374986,43,P1_outputs_path_0_to_50
2027,98163.65175831829,43,P1_outputs_path_0_to_50
2028,156278.38184227765,43,P1_outputs_path_0_to_50
2029,257673.7508115268,43,P1_outputs_path_0_to_50
2030,331199.9551286164,43,P1_outputs_path_0_to_50
2031,435529.9176881473,43,P1_outputs_path_0_to_50
2032,452889.4807947177,43,P1_outputs_path_0_to_50
2033,657816.0833674594,43,P1_outputs_path_0_to_50
2034,648774.2410869608,43,P1_outputs_path_0_to_50
2035,903477.9146609931,43,P1_outputs_path_0_to_50
2036,1182885.2151642093,43,P1_outputs_path_0_to_50
2037,1229303.2758565156,43,P1_outputs_path_0_to_50
2038,1347529.0999580005,43,P1_outputs_path_0_to_50
2039,1358001.5405665757,43,P1_outputs_path_0_to_50
2040,1504146.1507021233,43,P1_outputs_path_0_to_50
2041,1615887.715390549,43,P1_outputs_path_0_to_50
2042,1875685.870508802,43,P1_outputs_path_0_to_50
2043,2090089.8580016023,43,P1_outputs_path_0_to_50
2044,1947807.7261899265,43,P1_outputs_path_0_to_50
2045,2086585.718455791,43,P1_outputs_path_0_to_50
2046,2071502.3629662364,43,P1_outputs_path_0_to_50
2047,2259773.202154193,43,P1_outputs_path_0_to_50
2048,2504488.987946248,43,P1_outputs_path_0_to_50
2049,2526609.7394872764,43,P1_outputs_path_0_to_50
2050,2539454.906260894,43,P1_outputs_path_0_to_50
2051,2544129.0375860003,43,P1_outputs_path_0_to_50
2052,2538790.845037957,43,P1_outputs_path_0_to_50
2053,2565767.070729516,43,P1_outputs_path_0_to_50
2054,2534656.610817672,43,P1_outputs_path_0_to_50
2055,2409706.531734106,43,P1_outputs_path_0_to_50
2056,2604807.835370217,43,P1_outputs_path_0_to_50
2057,2667113.264208625,43,P1_outputs_path_0_to_50
2058,2789696.5222106865,43,P1_outputs_path_0_to_50
2059,2727636.187716516,43,P1_outputs_path_0_to_50
2060,2614468.014759455,43,P1_outputs_path_0_to_50
2061,2779924.134173587,43,P1_outputs_path_0_to_50
2062,2914838.425049184,43,P1_outputs_path_0_to_50
2063,2975455.352157777,43,P1_outputs_path_0_to_50
2064,2968598.9552819123,43,P1_outputs_path_0_to_50
2065,2920880.401296132,43,P1_outputs_path_0_to_50
2066,3084526.4035439435,43,P1_outputs_path_0_to_50
2067,3133573.9588334635,43,P1_outputs_path_0_to_50
2068,3377331.553933501,43,P1_outputs_path_0_to_50
2069,3392549.601310568,43,P1_outputs_path_0_to_50
2070,3591618.4105668254,43,P1_outputs_path_0_to_50
2071,3673375.965601098,43,P1_outputs_path_0_to_50
2072,3828242.624816117,43,P1_outputs_path_0_to_50
2073,4045992.29166838,43,P1_outputs_path_0_to_50
2074,2288399.695237061,43,P1_outputs_path_0_to_50
2075,,43,P1_outputs_path_0_to_50
2025,0.0,44,P1_outputs_path_0_to_50
2026,72110.84511745011,44,P1_outputs_path_0_to_50
2027,132472.30942123546,44,P1_outputs_path_0_to_50
2028,168863.99243435875,44,P1_outputs_path_0_to_50
2029,226833.47002116425,44,P1_outputs_path_0_to_50
2030,286058.7138881386,44,P1_outputs_path_0_to_50
2031,370914.2680856694,44,P1_outputs_path_0_to_50
2032,401763.9742427133,44,P1_outputs_path_0_to_50
2033,564939.2272873274,44,P1_outputs_path_0_to_50
2034,534898.5902850365,44,P1_outputs_path_0_to_50
2035,624138.8860438637,44,P1_outputs_path_0_to_50
2036,596336.2842477108,44,P1_outputs_path_0_to_50
2037,568175.9814382937,44,P1_outputs_path_0_to_50
2038,629539.4042294932,44,P1_outputs_path_0_to_50
2039,680393.3732841196,44,P1_outputs_path_0_to_50
2040,690146.9893396986,44,P1_outputs_path_0_to_50
2041,777136.9478975602,44,P1_outputs_path_0_to_50
2042,714456.650164809,44,P1_outputs_path_0_to_50
2043,866514.3912642823,44,P1_outputs_path_0_to_50
2044,967482.0305993082,44,P1_outputs_path_0_to_50
2045,942457.3487892882,44,P1_outputs_path_0_to_50
2046,966821.8261175737,44,P1_outputs_path_0_to_50
2047,990569.6707032798,44,P1_outputs_path_0_to_50
2048,834415.8584486705,44,P1_outputs_path_0_to_50
2049,913457.3653323348,44,P1_outputs_path_0_to_50
2050,833323.1367257412,44,P1_outputs_path_0_to_50
2051,904949.0981732043,44,P1_outputs_path_0_to_50
2052,925937.095423553,44,P1_outputs_path_0_to_50
2053,1168461.4687543537,44,P1_outputs_path_0_to_50
2054,1345789.679162995,44,P1_outputs_path_0_to_50
2055,1423926.8343969567,44,P1_outputs_path_0_to_50
2056,1580121.8106224004,44,P1_outputs_path_0_to_50
2057,1529422.618059844,44,P1_outputs_path_0_to_50
2058,1807693.661149519,44,P1_outputs_path_0_to_50
2059,1818862.0320608672,44,P1_outputs_path_0_to_50
2060,1927058.2171530912,44,P1_outputs_path_0_to_50
2061,1984271.843217339,44,P1_outputs_path_0_to_50
2062,2081798.4508384035,44,P1_outputs_path_0_to_50
2063,2152593.7710575643,44,P1_outputs_path_0_to_50
2064,2094095.0963572827,44,P1_outputs_path_0_to_50
2065,2182723.2599150296,44,P1_outputs_path_0_to_50
2066,2110467.633775006,44,P1_outputs_path_0_to_50
2067,2201697.8640149077,44,P1_outputs_path_0_to_50
2068,2178532.1111839577,44,P1_outputs_path_0_to_50
2069,2339890.1581314914,44,P1_outputs_path_0_to_50
2070,2291241.7979661585,44,P1_outputs_path_0_to_50
2071,2253523.4336034576,44,P1_outputs_path_0_to_50
2072,2216336.3560581408,44,P1_outputs_path_0_to_50
2073,2154518.5425733025,44,P1_outputs_path_0_to_50
2074,399112.0181301066,44,P1_outputs_path_0_to_50
2075,,44,P1_outputs_path_0_to_50
2025,0.0,45,P1_outputs_path_0_to_50
2026,63301.21062736693,45,P1_outputs_path_0_to_50
2027,108043.29239409303,45,P1_outputs_path_0_to_50
2028,170306.81063038507,45,P1_outputs_path_0_to_50
2029,282375.50192494696,45,P1_outputs_path_0_to_50
2030,296103.3750118802,45,P1_outputs_path_0_to_50
2031,329114.03049186926,45,P1_outputs_path_0_to_50
2032,317809.6937842881,45,P1_outputs_path_0_to_50
2033,345191.5973278955,45,P1_outputs_path_0_to_50
2034,452440.73165765207,45,P1_outputs_path_0_to_50
2035,549472.6682400098,45,P1_outputs_path_0_to_50
2036,607385.4750194758,45,P1_outputs_path_0_to_50
2037,668550.9713656693,45,P1_outputs_path_0_to_50
2038,708039.7683312458,45,P1_outputs_path_0_to_50
2039,842783.307454114,45,P1_outputs_path_0_to_50
2040,873904.285711863,45,P1_outputs_path_0_to_50
2041,1050388.223440852,45,P1_outputs_path_0_to_50
2042,1086853.1957425007,45,P1_outputs_path_0_to_50
2043,1098808.3997132613,45,P1_outputs_path_0_to_50
2044,1242226.3468723572,45,P1_outputs_path_0_to_50
2045,1193276.6890957248,45,P1_outputs_path_0_to_50
2046,1299519.4615220232,45,P1_outputs_path_0_to_50
2047,1604599.9901571705,45,P1_outputs_path_0_to_50
2048,1701243.972812774,45,P1_outputs_path_0_to_50
2049,1945655.6435981316,45,P1_outputs_path_0_to_50
2050,1916653.2731279293,45,P1_outputs_path_0_to_50
2051,2104961.573394271,45,P1_outputs_path_0_to_50
2052,2261588.229340051,45,P1_outputs_path_0_to_50
2053,2338305.2766942643,45,P1_outputs_path_0_to_50
2054,2362070.0866850684,45,P1_outputs_path_0_to_50
2055,2463799.236117945,45,P1_outputs_path_0_to_50
2056,2550161.051483614,45,P1_outputs_path_0_to_50
2057,2681822.112637134,45,P1_outputs_path_0_to_50
2058,2450319.523397724,45,P1_outputs_path_0_to_50
2059,2385711.3370309463,45,P1_outputs_path_0_to_50
2060,2399629.390073252,45,P1_outputs_path_0_to_50
2061,2572016.174350804,45,P1_outputs_path_0_to_50
2062,2713218.3335208846,45,P1_outputs_path_0_to_50
2063,2678909.972998081,45,P1_outputs_path_0_to_50
2064,2825821.96601208,45,P1_outputs_path_0_to_50
2065,2840490.041875372,45,P1_outputs_path_0_to_50
2066,2744762.4042504192,45,P1_outputs_path_0_to_50
2067,2811503.608873583,45,P1_outputs_path_0_to_50
2068,2805384.2009859285,45,P1_outputs_path_0_to_50
2069,2859378.323851635,45,P1_outputs_path_0_to_50
2070,3035514.6199066183,45,P1_outputs_path_0_to_50
2071,3220050.5082451,45,P1_outputs_path_0_to_50
2072,3030878.3635644345,45,P1_outputs_path_0_to_50
2073,3179871.912451694,45,P1_outputs_path_0_to_50
2074,1186369.7415372927,45,P1_outputs_path_0_to_50
2075,,45,P1_outputs_path_0_to_50
2025,0.0,46,P1_outputs_path_0_to_50
2026,62275.7126012517,46,P1_outputs_path_0_to_50
2027,117286.86927706022,46,P1_outputs_path_0_to_50
2028,186505.97493406472,46,P1_outputs_path_0_to_50
2029,221954.7170340298,46,P1_outputs_path_0_to_50
2030,337513.2661513681,46,P1_outputs_path_0_to_50
2031,490897.960606448,46,P1_outputs_path_0_to_50
2032,693729.0927363568,46,P1_outputs_path_0_to_50
2033,602807.4685902302,46,P1_outputs_path_0_to_50
2034,580910.1716196497,46,P1_outputs_path_0_to_50
2035,630861.4653938306,46,P1_outputs_path_0_to_50
2036,598749.2756486048,46,P1_outputs_path_0_to_50
2037,736409.8589990342,46,P1_outputs_path_0_to_50
2038,673642.8615026515,46,P1_outputs_path_0_to_50
2039,685868.706773642,46,P1_outputs_path_0_to_50
2040,847727.9148004742,46,P1_outputs_path_0_to_50
2041,877622.8618617449,46,P1_outputs_path_0_to_50
2042,913557.7603971652,46,P1_outputs_path_0_to_50
2043,944767.1110962792,46,P1_outputs_path_0_to_50
2044,981907.109825915,46,P1_outputs_path_0_to_50
2045,952206.9192600432,46,P1_outputs_path_0_to_50
2046,948281.6030650951,46,P1_outputs_path_0_to_50
2047,1042645.2544587936,46,P1_outputs_path_0_to_50
2048,1311558.606547891,46,P1_outputs_path_0_to_50
2049,1135675.8997219212,46,P1_outputs_path_0_to_50
2050,1201218.736333517,46,P1_outputs_path_0_to_50
2051,1354049.7117284788,46,P1_outputs_path_0_to_50
2052,1491800.7986266927,46,P1_outputs_path_0_to_50
2053,1470352.8995312068,46,P1_outputs_path_0_to_50
2054,1541173.619813305,46,P1_outputs_path_0_to_50
2055,1735270.513213261,46,P1_outputs_path_0_to_50
2056,1785258.5811809748,46,P1_outputs_path_0_to_50
2057,1711950.041143204,46,P1_outputs_path_0_to_50
2058,1812338.8408695704,46,P1_outputs_path_0_to_50
2059,1816971.622517225,46,P1_outputs_path_0_to_50
2060,1975400.5788363223,46,P1_outputs_path_0_to_50
2061,2140013.19663217,46,P1_outputs_path_0_to_50
2062,2145981.5990328984,46,P1_outputs_path_0_to_50
2063,2354850.79014072,46,P1_outputs_path_0_to_50
2064,2450360.5498006893,46,P1_outputs_path_0_to_50
2065,2519988.2089781207,46,P1_outputs_path_0_to_50
2066,2437953.8120849184,46,P1_outputs_path_0_to_50
2067,2594763.5854956703,46,P1_outputs_path_0_to_50
2068,2784103.6535015763,46,P1_outputs_path_0_to_50
2069,2722450.7906471137,46,P1_outputs_path_0_to_50
2070,2868201.753266387,46,P1_outputs_path_0_to_50
2071,2823192.0527749127,46,P1_outputs_path_0_to_50
2072,2754209.9199949177,46,P1_outputs_path_0_to_50
2073,2615007.271871304,46,P1_outputs_path_0_to_50
2074,755976.3443188274,46,P1_outputs_path_0_to_50
2075,,46,P1_outputs_path_0_to_50
2025,0.0,47,P1_outputs_path_0_to_50
2026,55695.02301698106,47,P1_outputs_path_0_to_50
2027,103891.63869188972,47,P1_outputs_path_0_to_50
2028,149418.7938668168,47,P1_outputs_path_0_to_50
2029,221860.12788067156,47,P1_outputs_path_0_to_50
2030,286050.7880691482,47,P1_outputs_path_0_to_50
2031,358113.3056855919,47,P1_outputs_path_0_to_50
2032,472215.5955243236,47,P1_outputs_path_0_to_50
2033,551903.0833828556,47,P1_outputs_path_0_to_50
2034,530682.9577458339,47,P1_outputs_path_0_to_50
2035,636367.296777429,47,P1_outputs_path_0_to_50
2036,547583.1913205158,47,P1_outputs_path_0_to_50
2037,602136.9656895391,47,P1_outputs_path_0_to_50
2038,610212.6572813843,47,P1_outputs_path_0_to_50
2039,798523.9823817061,47,P1_outputs_path_0_to_50
2040,863640.5663437869,47,P1_outputs_path_0_to_50
2041,1041748.0405763412,47,P1_outputs_path_0_to_50
2042,1235042.82841871,47,P1_outputs_path_0_to_50
2043,1307952.808883655,47,P1_outputs_path_0_to_50
2044,1472374.1303554217,47,P1_outputs_path_0_to_50
2045,1729198.3441267237,47,P1_outputs_path_0_to_50
2046,1767723.5692369267,47,P1_outputs_path_0_to_50
2047,1797942.9131147112,47,P1_outputs_path_0_to_50
2048,1977641.7302971024,47,P1_outputs_path_0_to_50
2049,1989511.559218961,47,P1_outputs_path_0_to_50
2050,2042828.3034298976,47,P1_outputs_path_0_to_50
2051,2061844.448163483,47,P1_outputs_path_0_to_50
2052,1976321.7594592576,47,P1_outputs_path_0_to_50
2053,2089102.2609770296,47,P1_outputs_path_0_to_50
2054,2006784.847031121,47,P1_outputs_path_0_to_50
2055,2119357.8310133466,47,P1_outputs_path_0_to_50
2056,2102901.9211927364,47,P1_outputs_path_0_to_50
2057,2077033.5125223012,47,P1_outputs_path_0_to_50
2058,2073185.1857786996,47,P1_outputs_path_0_to_50
2059,2320595.2193388063,47,P1_outputs_path_0_to_50
2060,2342088.3332186337,47,P1_outputs_path_0_to_50
2061,2350039.4158459306,47,P1_outputs_path_0_to_50
2062,2394749.6341659506,47,P1_outputs_path_0_to_50
2063,2515723.667030995,47,P1_outputs_path_0_to_50
2064,2464641.95616326,47,P1_outputs_path_0_to_50
2065,2540194.412029451,47,P1_outputs_path_0_to_50
2066,2553908.0804823567,47,P1_outputs_path_0_to_50
2067,2500131.137985885,47,P1_outputs_path_0_to_50
2068,2587100.4586180267,47,P1_outputs_path_0_to_50
2069,2850139.257856341,47,P1_outputs_path_0_to_50
2070,2769136.546656587,47,P1_outputs_path_0_to_50
2071,2940762.518956319,47,P1_outputs_path_0_to_50
2072,3015341.725809393,47,P1_outputs_path_0_to_50
2073,2722430.715087752,47,P1_outputs_path_0_to_50
2074,941884.074514666,47,P1_outputs_path_0_to_50
2075,,47,P1_outputs_path_0_to_50
2025,0.0,48,P1_outputs_path_0_to_50
2026,63660.25585870095,48,P1_outputs_path_0_to_50
2027,129288.17039466211,48,P1_outputs_path_0_to_50
2028,143331.56425868993,48,P1_outputs_path_0_to_50
2029,240495.764471322,48,P1_outputs_path_0_to_50
2030,277614.8011771023,48,P1_outputs_path_0_to_50
2031,323384.89190362295,48,P1_outputs_path_0_to_50
2032,375704.3087613842,48,P1_outputs_path_0_to_50
2033,414636.70153415774,48,P1_outputs_path_0_to_50
2034,445464.93742379657,48,P1_outputs_path_0_to_50
2035,516245.4857714262,48,P1_outputs_path_0_to_50
2036,605877.0594309117,48,P1_outputs_path_0_to_50
2037,739074.3332022936,48,P1_outputs_path_0_to_50
2038,882307.0007892767,48,P1_outputs_path_0_to_50
2039,729941.0407597459,48,P1_outputs_path_0_to_50
2040,711323.464253817,48,P1_outputs_path_0_to_50
2041,853317.5426515812,48,P1_outputs_path_0_to_50
2042,900614.044644002,48,P1_outputs_path_0_to_50
2043,987755.48158252,48,P1_outputs_path_0_to_50
2044,1010880.5079979092,48,P1_outputs_path_0_to_50
2045,1067918.6678196115,48,P1_outputs_path_0_to_50
2046,1142707.5681441417,48,P1_outputs_path_0_to_50
2047,1458919.9128102171,48,P1_outputs_path_0_to_50
2048,1797964.2258384326,48,P1_outputs_path_0_to_50
2049,1924403.9009975223,48,P1_outputs_path_0_to_50
2050,2041352.852796205,48,P1_outputs_path_0_to_50
2051,2084103.0565311608,48,P1_outputs_path_0_to_50
2052,2016464.2622154087,48,P1_outputs_path_0_to_50
2053,2069250.86769424,48,P1_outputs_path_0_to_50
2054,2061500.437226407,48,P1_outputs_path_0_to_50
2055,2131480.8477738374,48,P1_outputs_path_0_to_50
2056,2198840.2832135167,48,P1_outputs_path_0_to_50
2057,2351759.586889535,48,P1_outputs_path_0_to_50
2058,2449275.026137178,48,P1_outputs_path_0_to_50
2059,2748800.6949657355,48,P1_outputs_path_0_to_50
2060,2782274.693335725,48,P1_outputs_path_0_to_50
2061,2827425.427768316,48,P1_outputs_path_0_to_50
2062,2837283.6677633766,48,P1_outputs_path_0_to_50
2063,2969676.7437816733,48,P1_outputs_path_0_to_50
2064,3056937.755030772,48,P1_outputs_path_0_to_50
2065,3396158.0173561457,48,P1_outputs_path_0_to_50
2066,3260111.668146631,48,P1_outputs_path_0_to_50
2067,3432089.332056771,48,P1_outputs_path_0_to_50
2068,3655054.9438621,48,P1_outputs_path_0_to_50
2069,3926408.718931284,48,P1_outputs_path_0_to_50
2070,3655009.582440996,48,P1_outputs_path_0_to_50
2071,3314059.7948776186,48,P1_outputs_path_0_to_50
2072,3481229.375326659,48,P1_outputs_path_0_to_50
2073,3524107.7108434606,48,P1_outputs_path_0_to_50
2074,1748348.0473927122,48,P1_outputs_path_0_to_50
2075,,48,P1_outputs_path_0_to_50
2025,0.0,49,P1_outputs_path_0_to_50
2026,78173.03311756051,49,P1_outputs_path_0_to_50
2027,144454.20608952286,49,P1_outputs_path_0_to_50
2028,209692.61134122315,49,P1_outputs_path_0_to_50
2029,253306.30573634064,49,P1_outputs_path_0_to_50
2030,299254.03619887,49,P1_outputs_path_0_to_50
2031,400536.7113617001,49,P1_outputs_path_0_to_50
2032,489517.0770439124,49,P1_outputs_path_0_to_50
2033,673960.491793442,49,P1_outputs_path_0_to_50
2034,813331.6472400746,49,P1_outputs_path_0_to_50
2035,958655.136211922,49,P1_outputs_path_0_to_50
2036,973097.8941392408,49,P1_outputs_path_0_to_50
2037,1183047.5251717411,49,P1_outputs_path_0_to_50
2038,1518313.9481976076,49,P1_outputs_path_0_to_50
2039,1940732.7814453149,49,P1_outputs_path_0_to_50
2040,2009340.4602347896,49,P1_outputs_path_0_to_50
2041,2148758.500321652,49,P1_outputs_path_0_to_50
2042,2215964.4904844584,49,P1_outputs_path_0_to_50
2043,2335903.342509877,49,P1_outputs_path_0_to_50
2044,2411527.8097449206,49,P1_outputs_path_0_to_50
2045,2520886.089260266,49,P1_outputs_path_0_to_50
2046,2522341.3865855117,49,P1_outputs_path_0_to_50
2047,2562175.4396286607,49,P1_outputs_path_0_to_50
2048,2712984.442921376,49,P1_outputs_path_0_to_50
2049,2704082.97800724,49,P1_outputs_path_0_to_50
2050,2821119.0401795898,49,P1_outputs_path_0_to_50
2051,2762732.043456009,49,P1_outputs_path_0_to_50
2052,2678728.672276024,49,P1_outputs_path_0_to_50
2053,2813234.4374581696,49,P1_outputs_path_0_to_50
2054,2804636.851846653,49,P1_outputs_path_0_to_50
2055,2975714.7428506645,49,P1_outputs_path_0_to_50
2056,2924258.057438223,49,P1_outputs_path_0_to_50
2057,2821777.839612171,49,P1_outputs_path_0_to_50
2058,2993594.031107399,49,P1_outputs_path_0_to_50
2059,2945755.160660932,49,P1_outputs_path_0_to_50
2060,2919775.4680006816,49,P1_outputs_path_0_to_50
2061,2921504.2527271654,49,P1_outputs_path_0_to_50
2062,3054821.1661420986,49,P1_outputs_path_0_to_50
2063,2999808.0817059823,49,P1_outputs_path_0_to_50
2064,2898622.039491665,49,P1_outputs_path_0_to_50
2065,2957649.901432324,49,P1_outputs_path_0_to_50
2066,2833814.923639468,49,P1_outputs_path_0_to_50
2067,2992815.130976117,49,P1_outputs_path_0_to_50
2068,2908297.767106399,49,P1_outputs_path_0_to_50
2069,3037503.1450603693,49,P1_outputs_path_0_to_50
2070,2986938.037742049,49,P1_outputs_path_0_to_50
2071,3064880.4686502577,49,P1_outputs_path_0_to_50
2072,3101433.023110531,49,P1_outputs_path_0_to_50
2073,3257188.8939929693,49,P1_outputs_path_0_to_50
2074,1371361.7157621204,49,P1_outputs_path_0_to_50
2075,,49,P1_outputs_path_0_to_50
2025,0.0,50,P1_outputs_path_50_to_100
2026,69714.61950438358,50,P1_outputs_path_50_to_100
2027,122989.58391411389,50,P1_outputs_path_50_to_100
2028,200204.07252894595,50,P1_outputs_path_50_to_100
2029,233611.9174114807,50,P1_outputs_path_50_to_100
2030,370638.6252015547,50,P1_outputs_path_50_to_100
2031,494241.3743863642,50,P1_outputs_path_50_to_100
2032,477733.8294212623,50,P1_outputs_path_50_to_100
2033,537207.8706669654,50,P1_outputs_path_50_to_100
2034,608880.5628493961,50,P1_outputs_path_50_to_100
2035,711460.2779758157,50,P1_outputs_path_50_to_100
2036,712393.6430239473,50,P1_outputs_path_50_to_100
2037,765244.9800700207,50,P1_outputs_path_50_to_100
2038,761893.3207172854,50,P1_outputs_path_50_to_100
2039,723198.4317608936,50,P1_outputs_path_50_to_100
2040,693734.8666876582,50,P1_outputs_path_50_to_100
2041,708981.388751057,50,P1_outputs_path_50_to_100
2042,826895.7727509747,50,P1_outputs_path_50_to_100
2043,871592.5905523137,50,P1_outputs_path_50_to_100
2044,802031.5483841664,50,P1_outputs_path_50_to_100
2045,750463.3535183743,50,P1_outputs_path_50_to_100
2046,787798.4493938246,50,P1_outputs_path_50_to_100
2047,1002733.77513758,50,P1_outputs_path_50_to_100
2048,950870.1998174612,50,P1_outputs_path_50_to_100
2049,883343.1894511222,50,P1_outputs_path_50_to_100
2050,857800.4189170384,50,P1_outputs_path_50_to_100
2051,939106.8538879688,50,P1_outputs_path_50_to_100
2052,948460.1796962168,50,P1_outputs_path_50_to_100
2053,1009460.8458509312,50,P1_outputs_path_50_to_100
2054,1116584.2227489934,50,P1_outputs_path_50_to_100
2055,1323796.175550528,50,P1_outputs_path_50_to_100
2056,1184975.4618711309,50,P1_outputs_path_50_to_100
2057,1512701.0273673248,50,P1_outputs_path_50_to_100
2058,1731162.27964582,50,P1_outputs_path_50_to_100
2059,2008528.226804793,50,P1_outputs_path_50_to_100
2060,2171654.9204871613,50,P1_outputs_path_50_to_100
2061,2215385.014312141,50,P1_outputs_path_50_to_100
2062,2329742.439569657,50,P1_outputs_path_50_to_100
2063,2358970.5781563157,50,P1_outputs_path_50_to_100
2064,2472955.2776128966,50,P1_outputs_path_50_to_100
2065,2481204.173151504,50,P1_outputs_path_50_to_100
2066,2624689.26889635,50,P1_outputs_path_50_to_100
2067,2601436.417567517,50,P1_outputs_path_50_to_100
2068,2637512.063450077,50,P1_outputs_path_50_to_100
2069,2742367.650607031,50,P1_outputs_path_50_to_100
2070,2787844.292010115,50,P1_outputs_path_50_to_100
2071,2930549.30237044,50,P1_outputs_path_50_to_100
2072,2880700.7043810203,50,P1_outputs_path_50_to_100
2073,2901282.9930067267,50,P1_outputs_path_50_to_100
2074,1349193.3406346056,50,P1_outputs_path_50_to_100
2075,,50,P1_outputs_path_50_to_100
2025,0.0,51,P1_outputs_path_50_to_100
2026,48952.54028813345,51,P1_outputs_path_50_to_100
2027,110182.13367610898,51,P1_outputs_path_50_to_100
2028,184946.33121640724,51,P1_outputs_path_50_to_100
2029,255575.6960144849,51,P1_outputs_path_50_to_100
2030,291605.3714696176,51,P1_outputs_path_50_to_100
2031,309610.6944850533,51,P1_outputs_path_50_to_100
2032,416668.2952980899,51,P1_outputs_path_50_to_100
2033,497412.4360511845,51,P1_outputs_path_50_to_100
2034,616915.067853363,51,P1_outputs_path_50_to_100
2035,703874.3253751154,51,P1_outputs_path_50_to_100
2036,848880.7286912226,51,P1_outputs_path_50_to_100
2037,884867.6966632489,51,P1_outputs_path_50_to_100
2038,821630.2822569446,51,P1_outputs_path_50_to_100
2039,893265.5658951564,51,P1_outputs_path_50_to_100
2040,992062.5527556282,51,P1_outputs_path_50_to_100
2041,1028356.6331120344,51,P1_outputs_path_50_to_100
2042,1113126.4429728754,51,P1_outputs_path_50_to_100
2043,1315542.9459181947,51,P1_outputs_path_50_to_100
2044,1426122.804221551,51,P1_outputs_path_50_to_100
2045,1570762.319330221,51,P1_outputs_path_50_to_100
2046,1629976.8117032545,51,P1_outputs_path_50_to_100
2047,1953934.8578253635,51,P1_outputs_path_50_to_100
2048,2132634.6528355936,51,P1_outputs_path_50_to_100
2049,2323169.6823004307,51,P1_outputs_path_50_to_100
2050,2507166.5949659343,51,P1_outputs_path_50_to_100
2051,2708603.1133842943,51,P1_outputs_path_50_to_100
2052,2539845.5179821253,51,P1_outputs_path_50_to_100
2053,2448703.466918471,51,P1_outputs_path_50_to_100
2054,2419203.805104697,51,P1_outputs_path_50_to_100
2055,2580272.651460329,51,P1_outputs_path_50_to_100
2056,2455318.6855826043,51,P1_outputs_path_50_to_100
2057,2478264.51373638,51,P1_outputs_path_50_to_100
2058,2694660.0794070438,51,P1_outputs_path_50_to_100
2059,2728414.710946331,51,P1_outputs_path_50_to_100
2060,2573621.45191971,51,P1_outputs_path_50_to_100
2061,2629721.921149233,51,P1_outputs_path_50_to_100
2062,2757183.4768416653,51,P1_outputs_path_50_to_100
2063,2878370.1651624874,51,P1_outputs_path_50_to_100
2064,3075397.337625153,51,P1_outputs_path_50_to_100
2065,3182678.5031187115,51,P1_outputs_path_50_to_100
2066,3253487.593282473,51,P1_outputs_path_50_to_100
2067,3260854.541255747,51,P1_outputs_path_50_to_100
2068,3031036.163752609,51,P1_outputs_path_50_to_100
2069,2991235.7557112384,51,P1_outputs_path_50_to_100
2070,3107303.656850884,51,P1_outputs_path_50_to_100
2071,3293151.8705017846,51,P1_outputs_path_50_to_100
2072,3452862.1818247926,51,P1_outputs_path_50_to_100
2073,3585049.931444715,51,P1_outputs_path_50_to_100
2074,1864641.929438756,51,P1_outputs_path_50_to_100
2075,,51,P1_outputs_path_50_to_100
2025,0.0,52,P1_outputs_path_50_to_100
2026,68599.50151171316,52,P1_outputs_path_50_to_100
2027,134000.89050666365,52,P1_outputs_path_50_to_100
2028,215125.30864877708,52,P1_outputs_path_50_to_100
2029,229628.32427496987,52,P1_outputs_path_50_to_100
2030,349063.6410854567,52,P1_outputs_path_50_to_100
2031,423104.81475169735,52,P1_outputs_path_50_to_100
2032,500361.6405025239,52,P1_outputs_path_50_to_100
2033,525136.0423068408,52,P1_outputs_path_50_to_100
2034,524435.9143954609,52,P1_outputs_path_50_to_100
2035,633621.0540354192,52,P1_outputs_path_50_to_100
2036,795665.7686992083,52,P1_outputs_path_50_to_100
2037,826679.1712953772,52,P1_outputs_path_50_to_100
2038,791225.8674516364,52,P1_outputs_path_50_to_100
2039,839977.1103364327,52,P1_outputs_path_50_to_100
2040,878048.1217271449,52,P1_outputs_path_50_to_100
2041,919506.4182185048,52,P1_outputs_path_50_to_100
2042,1181991.56473167,52,P1_outputs_path_50_to_100
2043,1294166.18710705,52,P1_outputs_path_50_to_100
2044,1111545.213393584,52,P1_outputs_path_50_to_100
2045,1243627.196048231,52,P1_outputs_path_50_to_100
2046,1079679.4443242217,52,P1_outputs_path_50_to_100
2047,1301019.1236604364,52,P1_outputs_path_50_to_100
2048,1290365.1623023937,52,P1_outputs_path_50_to_100
2049,1280706.1460051236,52,P1_outputs_path_50_to_100
2050,1465459.2470169882,52,P1_outputs_path_50_to_100
2051,1715109.455592756,52,P1_outputs_path_50_to_100
2052,1819826.6683098804,52,P1_outputs_path_50_to_100
2053,1862069.3765254428,52,P1_outputs_path_50_to_100
2054,2053223.822170124,52,P1_outputs_path_50_to_100
2055,2104470.275027513,52,P1_outputs_path_50_to_100
2056,2100004.2274707607,52,P1_outputs_path_50_to_100
2057,2118783.10531114,52,P1_outputs_path_50_to_100
2058,2119924.5055912994,52,P1_outputs_path_50_to_100
2059,2184411.787629887,52,P1_outputs_path_50_to_100
2060,2334228.810093882,52,P1_outputs_path_50_to_100
2061,2511824.41842026,52,P1_outputs_path_50_to_100
2062,2568095.9903098624,52,P1_outputs_path_50_to_100
2063,2709288.109450296,52,P1_outputs_path_50_to_100
2064,2689176.45757852,52,P1_outputs_path_50_to_100
2065,2765023.4841439323,52,P1_outputs_path_50_to_100
2066,2940875.669138013,52,P1_outputs_path_50_to_100
2067,3252811.837965584,52,P1_outputs_path_50_to_100
2068,3335081.5712322053,52,P1_outputs_path_50_to_100
2069,3277888.018271449,52,P1_outputs_path_50_to_100
2070,3383043.365545112,52,P1_outputs_path_50_to_100
2071,3523982.323522156,52,P1_outputs_path_50_to_100
2072,3555371.1323721083,52,P1_outputs_path_50_to_100
2073,3503252.651207782,52,P1_outputs_path_50_to_100
2074,1683058.3146825626,52,P1_outputs_path_50_to_100
2075,,52,P1_outputs_path_50_to_100
2025,0.0,53,P1_outputs_path_50_to_100
2026,71896.52689275466,53,P1_outputs_path_50_to_100
2027,139192.63399930298,53,P1_outputs_path_50_to_100
2028,220249.1659779453,53,P1_outputs_path_50_to_100
2029,303540.9545465411,53,P1_outputs_path_50_to_100
2030,424910.6846524923,53,P1_outputs_path_50_to_100
2031,480634.0125952526,53,P1_outputs_path_50_to_100
2032,419915.4289284456,53,P1_outputs_path_50_to_100
2033,529466.3374966877,53,P1_outputs_path_50_to_100
2034,562822.1335077091,53,P1_outputs_path_50_to_100
2035,665155.4946246967,53,P1_outputs_path_50_to_100
2036,570075.7636717788,53,P1_outputs_path_50_to_100
2037,766886.441239245,53,P1_outputs_path_50_to_100
2038,980524.9402987328,53,P1_outputs_path_50_to_100
2039,1112078.4532282315,53,P1_outputs_path_50_to_100
2040,1327106.4625413124,53,P1_outputs_path_50_to_100
2041,1692477.9337548006,53,P1_outputs_path_50_to_100
2042,1813993.4141400885,53,P1_outputs_path_50_to_100
2043,1900410.5322115223,53,P1_outputs_path_50_to_100
2044,1996623.1427542889,53,P1_outputs_path_50_to_100
2045,2039884.938403156,53,P1_outputs_path_50_to_100
2046,1969761.3433051768,53,P1_outputs_path_50_to_100
2047,2122233.463729459,53,P1_outputs_path_50_to_100
2048,2081297.3542459332,53,P1_outputs_path_50_to_100
2049,2153878.2568017207,53,P1_outputs_path_50_to_100
2050,2144236.473356992,53,P1_outputs_path_50_to_100
2051,2204593.366141896,53,P1_outputs_path_50_to_100
2052,2313724.478221696,53,P1_outputs_path_50_to_100
2053,2457072.0079796463,53,P1_outputs_path_50_to_100
2054,2339795.6668003164,53,P1_outputs_path_50_to_100
2055,2390805.0175489746,53,P1_outputs_path_50_to_100
2056,2503273.8800349385,53,P1_outputs_path_50_to_100
2057,2558678.933323986,53,P1_outputs_path_50_to_100
2058,2514115.318531039,53,P1_outputs_path_50_to_100
2059,2552652.3949767654,53,P1_outputs_path_50_to_100
2060,2345878.006720961,53,P1_outputs_path_50_to_100
2061,2315911.2634577844,53,P1_outputs_path_50_to_100
2062,2452682.0940522654,53,P1_outputs_path_50_to_100
2063,2582925.5877965065,53,P1_outputs_path_50_to_100
2064,2733226.7385716573,53,P1_outputs_path_50_to_100
2065,2939230.595686744,53,P1_outputs_path_50_to_100
2066,2786028.6446886435,53,P1_outputs_path_50_to_100
2067,2663807.571973888,53,P1_outputs_path_50_to_100
2068,2888293.4467568826,53,P1_outputs_path_50_to_100
2069,2870722.566807463,53,P1_outputs_path_50_to_100
2070,3021016.7108243727,53,P1_outputs_path_50_to_100
2071,3089786.30003134,53,P1_outputs_path_50_to_100
2072,3261372.1816104734,53,P1_outputs_path_50_to_100
2073,3428727.167046388,53,P1_outputs_path_50_to_100
2074,1399274.5586358171,53,P1_outputs_path_50_to_100
2075,,53,P1_outputs_path_50_to_100
2025,0.0,54,P1_outputs_path_50_to_100
2026,41082.76083867272,54,P1_outputs_path_50_to_100
2027,89335.21329554195,54,P1_outputs_path_50_to_100
2028,148919.443021545,54,P1_outputs_path_50_to_100
2029,257088.50857104588,54,P1_outputs_path_50_to_100
2030,305671.23074648617,54,P1_outputs_path_50_to_100
2031,447676.1103627102,54,P1_outputs_path_50_to_100
2032,542824.4760021569,54,P1_outputs_path_50_to_100
2033,490100.0965670898,54,P1_outputs_path_50_to_100
2034,688075.0001644734,54,P1_outputs_path_50_to_100
2035,930968.1698746023,54,P1_outputs_path_50_to_100
2036,1150053.6555540033,54,P1_outputs_path_50_to_100
2037,1303691.723184307,54,P1_outputs_path_50_to_100
2038,1254986.5684564456,54,P1_outputs_path_50_to_100
2039,1510149.0657464953,54,P1_outputs_path_50_to_100
2040,1706412.4164085223,54,P1_outputs_path_50_to_100
2041,1885640.736236549,54,P1_outputs_path_50_to_100
2042,1768092.4573688344,54,P1_outputs_path_50_to_100
2043,2013890.8374712255,54,P1_outputs_path_50_to_100
2044,1896111.6295581032,54,P1_outputs_path_50_to_100
2045,2024683.95820056,54,P1_outputs_path_50_to_100
2046,2084628.864302124,54,P1_outputs_path_50_to_100
2047,2204181.839308258,54,P1_outputs_path_50_to_100
2048,2152118.746652031,54,P1_outputs_path_50_to_100
2049,2300051.856613981,54,P1_outputs_path_50_to_100
2050,2276313.747045089,54,P1_outputs_path_50_to_100
2051,2362940.488842263,54,P1_outputs_path_50_to_100
2052,2575298.8883358752,54,P1_outputs_path_50_to_100
2053,2774363.9978102297,54,P1_outputs_path_50_to_100
2054,2949809.7363142446,54,P1_outputs_path_50_to_100
2055,3106931.8933681035,54,P1_outputs_path_50_to_100
2056,3346529.7046682904,54,P1_outputs_path_50_to_100
2057,3671415.020882766,54,P1_outputs_path_50_to_100
2058,3813612.326812311,54,P1_outputs_path_50_to_100
2059,3666448.0457291394,54,P1_outputs_path_50_to_100
2060,3676488.305763445,54,P1_outputs_path_50_to_100
2061,3722600.130954506,54,P1_outputs_path_50_to_100
2062,3487160.387724755,54,P1_outputs_path_50_to_100
2063,3728550.261510104,54,P1_outputs_path_50_to_100
2064,3626856.33985144,54,P1_outputs_path_50_to_100
2065,3769144.413338858,54,P1_outputs_path_50_to_100
2066,3629430.226112682,54,P1_outputs_path_50_to_100
2067,3930034.652820347,54,P1_outputs_path_50_to_100
2068,4050651.808952477,54,P1_outputs_path_50_to_100
2069,4106354.756160691,54,P1_outputs_path_50_to_100
2070,4518981.382967749,54,P1_outputs_path_50_to_100
2071,4395636.126180068,54,P1_outputs_path_50_to_100
2072,4338615.954325991,54,P1_outputs_path_50_to_100
2073,4093466.815583394,54,P1_outputs_path_50_to_100
2074,2285661.2638216773,54,P1_outputs_path_50_to_100
2075,,54,P1_outputs_path_50_to_100
2025,0.0,55,P1_outputs_path_50_to_100
2026,38066.68932827104,55,P1_outputs_path_50_to_100
2027,95356.1711642012,55,P1_outputs_path_50_to_100
2028,163971.9047481781,55,P1_outputs_path_50_to_100
2029,211487.1164141231,55,P1_outputs_path_50_to_100
2030,321232.58698251646,55,P1_outputs_path_50_to_100
2031,487274.8324630829,55,P1_outputs_path_50_to_100
2032,523484.1381125358,55,P1_outputs_path_50_to_100
2033,852310.064903683,55,P1_outputs_path_50_to_100
2034,292748.0123161026,55,P1_outputs_path_50_to_100
2035,363702.3501315593,55,P1_outputs_path_50_to_100
2036,522531.270929787,55,P1_outputs_path_50_to_100
2037,570128.3981786659,55,P1_outputs_path_50_to_100
2038,540546.2431608962,55,P1_outputs_path_50_to_100
2039,661334.7604345527,55,P1_outputs_path_50_to_100
2040,936493.2913108808,55,P1_outputs_path_50_to_100
2041,802085.2477414565,55,P1_outputs_path_50_to_100
2042,787860.7227427994,55,P1_outputs_path_50_to_100
2043,882989.1684680271,55,P1_outputs_path_50_to_100
2044,792014.8955322542,55,P1_outputs_path_50_to_100
2045,681577.763708927,55,P1_outputs_path_50_to_100
2046,737093.1283878654,55,P1_outputs_path_50_to_100
2047,960706.6508538888,55,P1_outputs_path_50_to_100
2048,1192513.353570458,55,P1_outputs_path_50_to_100
2049,1413731.2000809116,55,P1_outputs_path_50_to_100
2050,1472673.515618029,55,P1_outputs_path_50_to_100
2051,1530485.4936673588,55,P1_outputs_path_50_to_100
2052,1604207.2620637382,55,P1_outputs_path_50_to_100
2053,1542717.824821599,55,P1_outputs_path_50_to_100
2054,1885019.897685379,55,P1_outputs_path_50_to_100
2055,2147439.5177151323,55,P1_outputs_path_50_to_100
2056,2272433.367532728,55,P1_outputs_path_50_to_100
2057,2496329.024204363,55,P1_outputs_path_50_to_100
2058,2497026.388619895,55,P1_outputs_path_50_to_100
2059,2705395.45208132,55,P1_outputs_path_50_to_100
2060,2971144.974036455,55,P1_outputs_path_50_to_100
2061,2972622.6145887407,55,P1_outputs_path_50_to_100
2062,3078325.297625265,55,P1_outputs_path_50_to_100
2063,3029182.2307536406,55,P1_outputs_path_50_to_100
2064,3007586.163955547,55,P1_outputs_path_50_to_100
2065,3128545.7320804223,55,P1_outputs_path_50_to_100
2066,3283776.122948955,55,P1_outputs_path_50_to_100
2067,3187441.5631136075,55,P1_outputs_path_50_to_100
2068,3346328.6294655665,55,P1_outputs_path_50_to_100
2069,3447036.6701740106,55,P1_outputs_path_50_to_100
2070,3193028.297875446,55,P1_outputs_path_50_to_100
2071,3281554.8172445423,55,P1_outputs_path_50_to_100
2072,3415137.972054018,55,P1_outputs_path_50_to_100
2073,3406175.826438728,55,P1_outputs_path_50_to_100
2074,1385998.649086911,55,P1_outputs_path_50_to_100
2075,,55,P1_outputs_path_50_to_100
2025,0.0,56,P1_outputs_path_50_to_100
2026,57677.317869632905,56,P1_outputs_path_50_to_100
2027,112811.62421495403,56,P1_outputs_path_50_to_100
2028,203023.08904891257,56,P1_outputs_path_50_to_100
2029,378223.464144676,56,P1_outputs_path_50_to_100
2030,477555.098091245,56,P1_outputs_path_50_to_100
2031,554641.6049344869,56,P1_outputs_path_50_to_100
2032,540466.2183312149,56,P1_outputs_path_50_to_100
2033,716706.3859943371,56,P1_outputs_path_50_to_100
2034,92453.13354471792,56,P1_outputs_path_50_to_100
2035,163465.9243212298,56,P1_outputs_path_50_to_100
2036,265177.1486660653,56,P1_outputs_path_50_to_100
2037,284872.04889868514,56,P1_outputs_path_50_to_100
2038,319434.3764309591,56,P1_outputs_path_50_to_100
2039,346798.16275205,56,P1_outputs_path_50_to_100
2040,439354.8934524395,56,P1_outputs_path_50_to_100
2041,586561.197233807,56,P1_outputs_path_50_to_100
2042,711964.1428736395,56,P1_outputs_path_50_to_100
2043,891617.5274580558,56,P1_outputs_path_50_to_100
2044,742100.3091423997,56,P1_outputs_path_50_to_100
2045,816680.9215859941,56,P1_outputs_path_50_to_100
2046,830973.2258254467,56,P1_outputs_path_50_to_100
2047,825787.2065058062,56,P1_outputs_path_50_to_100
2048,978071.3294177448,56,P1_outputs_path_50_to_100
2049,1322215.96138359,56,P1_outputs_path_50_to_100
2050,1275185.2519959586,56,P1_outputs_path_50_to_100
2051,1358318.5895164786,56,P1_outputs_path_50_to_100
2052,1509359.069843255,56,P1_outputs_path_50_to_100
2053,1769599.3388665426,56,P1_outputs_path_50_to_100
2054,1899822.2529969744,56,P1_outputs_path_50_to_100
2055,2045265.4858894127,56,P1_outputs_path_50_to_100
2056,2117529.3581243064,56,P1_outputs_path_50_to_100
2057,2120618.11709554,56,P1_outputs_path_50_to_100
2058,2103943.266286441,56,P1_outputs_path_50_to_100
2059,2075789.904306087,56,P1_outputs_path_50_to_100
2060,2294516.3113831514,56,P1_outputs_path_50_to_100
2061,2263326.916800273,56,P1_outputs_path_50_to_100
2062,2329011.610879592,56,P1_outputs_path_50_to_100
2063,2388233.5322346343,56,P1_outputs_path_50_to_100
2064,2499956.610676432,56,P1_outputs_path_50_to_100
2065,2591817.130579307,56,P1_outputs_path_50_to_100
2066,2777913.854382589,56,P1_outputs_path_50_to_100
2067,2870538.913502997,56,P1_outputs_path_50_to_100
2068,2834472.467149892,56,P1_outputs_path_50_to_100
2069,2962475.8789305985,56,P1_outputs_path_50_to_100
2070,2980432.69095651,56,P1_outputs_path_50_to_100
2071,2865381.8302338314,56,P1_outputs_path_50_to_100
2072,2958820.144794048,56,P1_outputs_path_50_to_100
2073,3065857.4090399165,56,P1_outputs_path_50_to_100
2074,1126564.8657557413,56,P1_outputs_path_50_to_100
2075,,56,P1_outputs_path_50_to_100
2025,0.0,57,P1_outputs_path_50_to_100
2026,44377.83303898258,57,P1_outputs_path_50_to_100
2027,99012.83830410344,57,P1_outputs_path_50_to_100
2028,171274.51567123836,57,P1_outputs_path_50_to_100
2029,234653.725823962,57,P1_outputs_path_50_to_100
2030,281416.47911670746,57,P1_outputs_path_50_to_100
2031,420611.86966550426,57,P1_outputs_path_50_to_100
2032,512268.4439663614,57,P1_outputs_path_50_to_100
2033,614393.4580827923,57,P1_outputs_path_50_to_100
2034,660475.1742281767,57,P1_outputs_path_50_to_100
2035,724776.7648952905,57,P1_outputs_path_50_to_100
2036,962885.3663864796,57,P1_outputs_path_50_to_100
2037,1060657.901975372,57,P1_outputs_path_50_to_100
2038,1200642.511505919,57,P1_outputs_path_50_to_100
2039,1299652.9424573258,57,P1_outputs_path_50_to_100
2040,1155343.2809454969,57,P1_outputs_path_50_to_100
2041,1228510.5623178934,57,P1_outputs_path_50_to_100
2042,1502268.2549694795,57,P1_outputs_path_50_to_100
2043,1434738.6512600768,57,P1_outputs_path_50_to_100
2044,1703767.7305837492,57,P1_outputs_path_50_to_100
2045,1954368.3238313145,57,P1_outputs_path_50_to_100
2046,2043431.7653804172,57,P1_outputs_path_50_to_100
2047,2035528.2907222349,57,P1_outputs_path_50_to_100
2048,2155563.5665009576,57,P1_outputs_path_50_to_100
2049,2236766.285873143,57,P1_outputs_path_50_to_100
2050,2388410.988281137,57,P1_outputs_path_50_to_100
2051,2302941.747098528,57,P1_outputs_path_50_to_100
2052,2211520.819349425,57,P1_outputs_path_50_to_100
2053,2301011.9970015576,57,P1_outputs_path_50_to_100
2054,2338787.0638839984,57,P1_outputs_path_50_to_100
2055,2282536.0589804538,57,P1_outputs_path_50_to_100
2056,2321525.648327984,57,P1_outputs_path_50_to_100
2057,2444313.093884545,57,P1_outputs_path_50_to_100
2058,2632837.953430375,57,P1_outputs_path_50_to_100
2059,2783558.159800354,57,P1_outputs_path_50_to_100
2060,2894850.3169569303,57,P1_outputs_path_50_to_100
2061,3077235.6444300218,57,P1_outputs_path_50_to_100
2062,3223106.0370333698,57,P1_outputs_path_50_to_100
2063,3398950.038184938,57,P1_outputs_path_50_to_100
2064,3318360.8528692205,57,P1_outputs_path_50_to_100
2065,3432489.5838428475,57,P1_outputs_path_50_to_100
2066,3203795.3098141965,57,P1_outputs_path_50_to_100
2067,3262265.816513846,57,P1_outputs_path_50_to_100
2068,3228717.376435849,57,P1_outputs_path_50_to_100
2069,3376475.3698979327,57,P1_outputs_path_50_to_100
2070,3234539.258414808,57,P1_outputs_path_50_to_100
2071,3403441.054547856,57,P1_outputs_path_50_to_100
2072,3272420.511794339,57,P1_outputs_path_50_to_100
2073,3354100.621642509,57,P1_outputs_path_50_to_100
2074,1349828.4853894736,57,P1_outputs_path_50_to_100
2075,,57,P1_outputs_path_50_to_100
2025,0.0,58,P1_outputs_path_50_to_100
2026,58909.0938539306,58,P1_outputs_path_50_to_100
2027,108119.61547702747,58,P1_outputs_path_50_to_100
2028,187871.64283583284,58,P1_outputs_path_50_to_100
2029,304593.6295582501,58,P1_outputs_path_50_to_100
2030,403292.4646091461,58,P1_outputs_path_50_to_100
2031,409500.5882738745,58,P1_outputs_path_50_to_100
2032,489350.0278543024,58,P1_outputs_path_50_to_100
2033,525738.0765510474,58,P1_outputs_path_50_to_100
2034,652552.8734523635,58,P1_outputs_path_50_to_100
2035,720538.5649806181,58,P1_outputs_path_50_to_100
2036,707769.0425564814,58,P1_outputs_path_50_to_100
2037,907771.1998433968,58,P1_outputs_path_50_to_100
2038,1036697.98639977,58,P1_outputs_path_50_to_100
2039,1183288.2891983737,58,P1_outputs_path_50_to_100
2040,1372549.4898038462,58,P1_outputs_path_50_to_100
2041,1521363.5778796943,58,P1_outputs_path_50_to_100
2042,1558543.1867762264,58,P1_outputs_path_50_to_100
2043,1535847.2295079243,58,P1_outputs_path_50_to_100
2044,1539171.4787758817,58,P1_outputs_path_50_to_100
2045,1642953.5914633758,58,P1_outputs_path_50_to_100
2046,1850579.70422456,58,P1_outputs_path_50_to_100
2047,2101035.803916124,58,P1_outputs_path_50_to_100
2048,2251655.70999892,58,P1_outputs_path_50_to_100
2049,2292461.841915109,58,P1_outputs_path_50_to_100
2050,2407514.1545878598,58,P1_outputs_path_50_to_100
2051,2436742.0800715038,58,P1_outputs_path_50_to_100
2052,2490435.897166849,58,P1_outputs_path_50_to_100
2053,2714387.730467934,58,P1_outputs_path_50_to_100
2054,2877962.11189215,58,P1_outputs_path_50_to_100
2055,2868564.671644924,58,P1_outputs_path_50_to_100
2056,2894972.279243441,58,P1_outputs_path_50_to_100
2057,2991018.824797305,58,P1_outputs_path_50_to_100
2058,2861467.349721308,58,P1_outputs_path_50_to_100
2059,2896009.207626396,58,P1_outputs_path_50_to_100
2060,2956770.390966957,58,P1_outputs_path_50_to_100
2061,3047089.4349927343,58,P1_outputs_path_50_to_100
2062,3019102.2997466675,58,P1_outputs_path_50_to_100
2063,2786626.778029993,58,P1_outputs_path_50_to_100
2064,2858732.1660268195,58,P1_outputs_path_50_to_100
2065,3018060.172050553,58,P1_outputs_path_50_to_100
2066,3170786.338323416,58,P1_outputs_path_50_to_100
2067,3158011.46820296,58,P1_outputs_path_50_to_100
2068,2991739.6679725097,58,P1_outputs_path_50_to_100
2069,3115041.2134532216,58,P1_outputs_path_50_to_100
2070,3246931.3816378303,58,P1_outputs_path_50_to_100
2071,3206600.301077837,58,P1_outputs_path_50_to_100
2072,3090596.4988536024,58,P1_outputs_path_50_to_100
2073,2964731.5829988867,58,P1_outputs_path_50_to_100
2074,1155296.5390427583,58,P1_outputs_path_50_to_100
2075,,58,P1_outputs_path_50_to_100
2025,0.0,59,P1_outputs_path_50_to_100
2026,65645.97379887215,59,P1_outputs_path_50_to_100
2027,123573.91880228926,59,P1_outputs_path_50_to_100
2028,173965.9998145596,59,P1_outputs_path_50_to_100
2029,200638.16048219663,59,P1_outputs_path_50_to_100
2030,261344.52299869148,59,P1_outputs_path_50_to_100
2031,394770.4561270493,59,P1_outputs_path_50_to_100
2032,408257.3841396869,59,P1_outputs_path_50_to_100
2033,469522.9715993044,59,P1_outputs_path_50_to_100
2034,571728.2263261697,59,P1_outputs_path_50_to_100
2035,673665.296296084,59,P1_outputs_path_50_to_100
2036,711289.0539765062,59,P1_outputs_path_50_to_100
2037,747957.797729118,59,P1_outputs_path_50_to_100
2038,884171.6252491805,59,P1_outputs_path_50_to_100
2039,820575.8893696354,59,P1_outputs_path_50_to_100
2040,958809.188644458,59,P1_outputs_path_50_to_100
2041,1089585.2460132723,59,P1_outputs_path_50_to_100
2042,983375.882250474,59,P1_outputs_path_50_to_100
2043,1209300.962383808,59,P1_outputs_path_50_to_100
2044,1234665.9752363723,59,P1_outputs_path_50_to_100
2045,1345999.5513422892,59,P1_outputs_path_50_to_100
2046,1429860.193101094,59,P1_outputs_path_50_to_100
2047,1460242.2740666354,59,P1_outputs_path_50_to_100
2048,1646817.8215911214,59,P1_outputs_path_50_to_100
2049,1680679.310094115,59,P1_outputs_path_50_to_100
2050,1678274.086964375,59,P1_outputs_path_50_to_100
2051,1714835.4600849713,59,P1_outputs_path_50_to_100
2052,1795565.00995009,59,P1_outputs_path_50_to_100
2053,1942473.5110232185,59,P1_outputs_path_50_to_100
2054,1977289.7415788907,59,P1_outputs_path_50_to_100
2055,1936248.7238314487,59,P1_outputs_path_50_to_100
2056,1916687.157104011,59,P1_outputs_path_50_to_100
2057,1773676.938944743,59,P1_outputs_path_50_to_100
2058,2022902.2774980548,59,P1_outputs_path_50_to_100
2059,2289985.81377266,59,P1_outputs_path_50_to_100
2060,2360272.2250918737,59,P1_outputs_path_50_to_100
2061,2526850.7519569425,59,P1_outputs_path_50_to_100
2062,2446585.78603328,59,P1_outputs_path_50_to_100
2063,2592166.5132934097,59,P1_outputs_path_50_to_100
2064,2561276.094384224,59,P1_outputs_path_50_to_100
2065,2556783.644526586,59,P1_outputs_path_50_to_100
2066,2486336.8006929765,59,P1_outputs_path_50_to_100
2067,2375577.268347637,59,P1_outputs_path_50_to_100
2068,2437979.8236292023,59,P1_outputs_path_50_to_100
2069,2556411.992244868,59,P1_outputs_path_50_to_100
2070,2709051.157822181,59,P1_outputs_path_50_to_100
2071,2807407.030698613,59,P1_outputs_path_50_to_100
2072,2890231.5975521943,59,P1_outputs_path_50_to_100
2073,2994685.227237852,59,P1_outputs_path_50_to_100
2074,1224351.04917844,59,P1_outputs_path_50_to_100
2075,,59,P1_outputs_path_50_to_100
2025,0.0,60,P1_outputs_path_50_to_100
2026,47052.11802224585,60,P1_outputs_path_50_to_100
2027,112992.33278109836,60,P1_outputs_path_50_to_100
2028,176858.59233250975,60,P1_outputs_path_50_to_100
2029,218953.5806913212,60,P1_outputs_path_50_to_100
2030,293643.9097793387,60,P1_outputs_path_50_to_100
2031,338115.8379716972,60,P1_outputs_path_50_to_100
2032,445615.23916746816,60,P1_outputs_path_50_to_100
2033,600691.3169682286,60,P1_outputs_path_50_to_100
2034,702082.7488374421,60,P1_outputs_path_50_to_100
2035,843023.4358814508,60,P1_outputs_path_50_to_100
2036,880672.8261633205,60,P1_outputs_path_50_to_100
2037,857230.3119871725,60,P1_outputs_path_50_to_100
2038,1084628.7876644095,60,P1_outputs_path_50_to_100
2039,983476.9103352728,60,P1_outputs_path_50_to_100
2040,983840.2978420588,60,P1_outputs_path_50_to_100
2041,1054771.6218822578,60,P1_outputs_path_50_to_100
2042,1393876.1632624676,60,P1_outputs_path_50_to_100
2043,1725694.3432866556,60,P1_outputs_path_50_to_100
2044,1731573.5975914928,60,P1_outputs_path_50_to_100
2045,1762452.6288516305,60,P1_outputs_path_50_to_100
2046,1956103.462466216,60,P1_outputs_path_50_to_100
2047,1963607.012217604,60,P1_outputs_path_50_to_100
2048,2013474.2280106572,60,P1_outputs_path_50_to_100
2049,1908189.4670710603,60,P1_outputs_path_50_to_100
2050,1947361.6220237887,60,P1_outputs_path_50_to_100
2051,1902841.886210636,60,P1_outputs_path_50_to_100
2052,1917289.4098475971,60,P1_outputs_path_50_to_100
2053,1928309.171301484,60,P1_outputs_path_50_to_100
2054,2094578.9906050896,60,P1_outputs_path_50_to_100
2055,2312350.581361724,60,P1_outputs_path_50_to_100
2056,2468894.2639650702,60,P1_outputs_path_50_to_100
2057,2463249.6839743955,60,P1_outputs_path_50_to_100
2058,2344300.2315827576,60,P1_outputs_path_50_to_100
2059,2425580.003058284,60,P1_outputs_path_50_to_100
2060,2655324.10289105,60,P1_outputs_path_50_to_100
2061,2637646.81076636,60,P1_outputs_path_50_to_100
2062,2749291.186474588,60,P1_outputs_path_50_to_100
2063,2924863.5757820383,60,P1_outputs_path_50_to_100
2064,2842827.9899109155,60,P1_outputs_path_50_to_100
2065,2851556.3880331907,60,P1_outputs_path_50_to_100
2066,2971710.7828043117,60,P1_outputs_path_50_to_100
2067,2987062.950533967,60,P1_outputs_path_50_to_100
2068,2861356.0417628437,60,P1_outputs_path_50_to_100
2069,2869867.266960227,60,P1_outputs_path_50_to_100
2070,2983039.531241054,60,P1_outputs_path_50_to_100
2071,2954499.789773889,60,P1_outputs_path_50_to_100
2072,2946676.480252021,60,P1_outputs_path_50_to_100
2073,3098946.594159079,60,P1_outputs_path_50_to_100
2074,1386534.6338569184,60,P1_outputs_path_50_to_100
2075,,60,P1_outputs_path_50_to_100
2025,0.0,61,P1_outputs_path_50_to_100
2026,61248.73616328173,61,P1_outputs_path_50_to_100
2027,115998.8352578511,61,P1_outputs_path_50_to_100
2028,183744.026773156,61,P1_outputs_path_50_to_100
2029,206327.92660512764,61,P1_outputs_path_50_to_100
2030,265543.1964791835,61,P1_outputs_path_50_to_100
2031,337015.49848728563,61,P1_outputs_path_50_to_100
2032,380383.58656875696,61,P1_outputs_path_50_to_100
2033,425985.2361524313,61,P1_outputs_path_50_to_100
2034,616050.6619359811,61,P1_outputs_path_50_to_100
2035,864928.6523032592,61,P1_outputs_path_50_to_100
2036,968502.7486901744,61,P1_outputs_path_50_to_100
2037,920201.075519574,61,P1_outputs_path_50_to_100
2038,1118264.4533674903,61,P1_outputs_path_50_to_100
2039,1251372.98428706,61,P1_outputs_path_50_to_100
2040,1377438.6384880987,61,P1_outputs_path_50_to_100
2041,1410470.5026667237,61,P1_outputs_path_50_to_100
2042,1550937.3214661183,61,P1_outputs_path_50_to_100
2043,1750446.5162610018,61,P1_outputs_path_50_to_100
2044,1759285.3389031617,61,P1_outputs_path_50_to_100
2045,1871516.0205348008,61,P1_outputs_path_50_to_100
2046,1822598.9619515068,61,P1_outputs_path_50_to_100
2047,1940102.348554321,61,P1_outputs_path_50_to_100
2048,1975637.34673212,61,P1_outputs_path_50_to_100
2049,2022262.9108783584,61,P1_outputs_path_50_to_100
2050,2142609.3332029213,61,P1_outputs_path_50_to_100
2051,2087450.9965625072,61,P1_outputs_path_50_to_100
2052,2060670.6284232475,61,P1_outputs_path_50_to_100
2053,2164149.209748988,61,P1_outputs_path_50_to_100
2054,2309432.267143436,61,P1_outputs_path_50_to_100
2055,2394427.8727473314,61,P1_outputs_path_50_to_100
2056,2389544.799082109,61,P1_outputs_path_50_to_100
2057,2341739.987206685,61,P1_outputs_path_50_to_100
2058,2559834.29933178,61,P1_outputs_path_50_to_100
2059,2731766.0532606943,61,P1_outputs_path_50_to_100
2060,2674801.096001792,61,P1_outputs_path_50_to_100
2061,2776065.8566556624,61,P1_outputs_path_50_to_100
2062,2883068.915160216,61,P1_outputs_path_50_to_100
2063,2952724.5876168907,61,P1_outputs_path_50_to_100
2064,2747514.3302438757,61,P1_outputs_path_50_to_100
2065,2967936.412012076,61,P1_outputs_path_50_to_100
2066,2923668.101127948,61,P1_outputs_path_50_to_100
2067,2874301.229635687,61,P1_outputs_path_50_to_100
2068,2819013.6534608603,61,P1_outputs_path_50_to_100
2069,2990353.037160316,61,P1_outputs_path_50_to_100
2070,2985012.3389101783,61,P1_outputs_path_50_to_100
2071,3408585.778201757,61,P1_outputs_path_50_to_100
2072,3555570.2670118874,61,P1_outputs_path_50_to_100
2073,3701431.108571628,61,P1_outputs_path_50_to_100
2074,1701120.6428379274,61,P1_outputs_path_50_to_100
2075,,61,P1_outputs_path_50_to_100
2025,0.0,62,P1_outputs_path_50_to_100
2026,60992.84673174162,62,P1_outputs_path_50_to_100
2027,133308.17094059856,62,P1_outputs_path_50_to_100
2028,212174.3389667111,62,P1_outputs_path_50_to_100
2029,273257.3652567252,62,P1_outputs_path_50_to_100
2030,339882.10465897195,62,P1_outputs_path_50_to_100
2031,451188.504351276,62,P1_outputs_path_50_to_100
2032,503032.6788738207,62,P1_outputs_path_50_to_100
2033,615326.7769958652,62,P1_outputs_path_50_to_100
2034,691319.5357539197,62,P1_outputs_path_50_to_100
2035,963230.6391948572,62,P1_outputs_path_50_to_100
2036,778916.2211415508,62,P1_outputs_path_50_to_100
2037,855292.7283217203,62,P1_outputs_path_50_to_100
2038,944067.1383772373,62,P1_outputs_path_50_to_100
2039,1051733.8104135916,62,P1_outputs_path_50_to_100
2040,971101.3114260862,62,P1_outputs_path_50_to_100
2041,1108220.8967667702,62,P1_outputs_path_50_to_100
2042,1093686.311544289,62,P1_outputs_path_50_to_100
2043,1047248.5170988812,62,P1_outputs_path_50_to_100
2044,916629.9176325074,62,P1_outputs_path_50_to_100
2045,1035404.2762637038,62,P1_outputs_path_50_to_100
2046,1209195.143881951,62,P1_outputs_path_50_to_100
2047,1271590.072869401,62,P1_outputs_path_50_to_100
2048,1483801.2618905324,62,P1_outputs_path_50_to_100
2049,1508918.9202740449,62,P1_outputs_path_50_to_100
2050,1612602.3659839977,62,P1_outputs_path_50_to_100
2051,1586325.994352948,62,P1_outputs_path_50_to_100
2052,1545626.2516315086,62,P1_outputs_path_50_to_100
2053,1662108.0020740218,62,P1_outputs_path_50_to_100
2054,1868187.2980495207,62,P1_outputs_path_50_to_100
2055,2027611.8828222416,62,P1_outputs_path_50_to_100
2056,2122163.445541105,62,P1_outputs_path_50_to_100
2057,2194655.853394309,62,P1_outputs_path_50_to_100
2058,2299160.489549294,62,P1_outputs_path_50_to_100
2059,2277323.8642349048,62,P1_outputs_path_50_to_100
2060,2302079.906508457,62,P1_outputs_path_50_to_100
2061,2483054.2847845377,62,P1_outputs_path_50_to_100
2062,2494369.144638936,62,P1_outputs_path_50_to_100
2063,2531668.354745928,62,P1_outputs_path_50_to_100
2064,2483595.692484595,62,P1_outputs_path_50_to_100
2065,2575006.853744192,62,P1_outputs_path_50_to_100
2066,2682225.814216534,62,P1_outputs_path_50_to_100
2067,2685656.617309392,62,P1_outputs_path_50_to_100
2068,2823216.713420285,62,P1_outputs_path_50_to_100
2069,3015665.158707928,62,P1_outputs_path_50_to_100
2070,3100128.365207766,62,P1_outputs_path_50_to_100
2071,3273513.116358428,62,P1_outputs_path_50_to_100
2072,3378038.3647771277,62,P1_outputs_path_50_to_100
2073,3659920.936841195,62,P1_outputs_path_50_to_100
2074,1943819.395238417,62,P1_outputs_path_50_to_100
2075,,62,P1_outputs_path_50_to_100
2025,0.0,63,P1_outputs_path_50_to_100
2026,69581.79879773699,63,P1_outputs_path_50_to_100
2027,115735.39642057444,63,P1_outputs_path_50_to_100
2028,194448.4035662858,63,P1_outputs_path_50_to_100
2029,285046.4181531525,63,P1_outputs_path_50_to_100
2030,408385.0035273524,63,P1_outputs_path_50_to_100
2031,427636.13770782994,63,P1_outputs_path_50_to_100
2032,441460.56902788265,63,P1_outputs_path_50_to_100
2033,679367.1454610652,63,P1_outputs_path_50_to_100
2034,39083.297171274666,63,P1_outputs_path_50_to_100
2035,92599.61747812628,63,P1_outputs_path_50_to_100
2036,149525.19563194265,63,P1_outputs_path_50_to_100
2037,190800.9220828217,63,P1_outputs_path_50_to_100
2038,293012.90488081204,63,P1_outputs_path_50_to_100
2039,393092.4253267276,63,P1_outputs_path_50_to_100
2040,385332.9110403957,63,P1_outputs_path_50_to_100
2041,408326.7633898547,63,P1_outputs_path_50_to_100
2042,528459.6800749094,63,P1_outputs_path_50_to_100
2043,711624.6691821101,63,P1_outputs_path_50_to_100
2044,794603.532196751,63,P1_outputs_path_50_to_100
2045,883079.7613520385,63,P1_outputs_path_50_to_100
2046,924280.1318163336,63,P1_outputs_path_50_to_100
2047,1092308.3567842396,63,P1_outputs_path_50_to_100
2048,1332419.1885919203,63,P1_outputs_path_50_to_100
2049,1271498.4521219474,63,P1_outputs_path_50_to_100
2050,1384630.7848841357,63,P1_outputs_path_50_to_100
2051,1245530.577277406,63,P1_outputs_path_50_to_100
2052,1428660.764489022,63,P1_outputs_path_50_to_100
2053,1532785.7560856892,63,P1_outputs_path_50_to_100
2054,1632384.5420758612,63,P1_outputs_path_50_to_100
2055,1798624.262935354,63,P1_outputs_path_50_to_100
2056,2060556.2907896712,63,P1_outputs_path_50_to_100
2057,2080366.6474484643,63,P1_outputs_path_50_to_100
2058,2165847.949275272,63,P1_outputs_path_50_to_100
2059,2220767.8326652893,63,P1_outputs_path_50_to_100
2060,2232310.214381581,63,P1_outputs_path_50_to_100
2061,2539272.823049792,63,P1_outputs_path_50_to_100
2062,2747048.8880694997,63,P1_outputs_path_50_to_100
2063,2914066.172408061,63,P1_outputs_path_50_to_100
2064,3096989.93091591,63,P1_outputs_path_50_to_100
2065,2987435.009854781,63,P1_outputs_path_50_to_100
2066,2861784.6806564494,63,P1_outputs_path_50_to_100
2067,3108516.431606369,63,P1_outputs_path_50_to_100
2068,3166014.037162532,63,P1_outputs_path_50_to_100
2069,3211930.113592121,63,P1_outputs_path_50_to_100
2070,3128449.606079938,63,P1_outputs_path_50_to_100
2071,3218283.367386881,63,P1_outputs_path_50_to_100
2072,3094236.6254259506,63,P1_outputs_path_50_to_100
2073,3066512.763943748,63,P1_outputs_path_50_to_100
2074,1345609.273612376,63,P1_outputs_path_50_to_100
2075,,63,P1_outputs_path_50_to_100
2025,0.0,64,P1_outputs_path_50_to_100
2026,49559.91345354341,64,P1_outputs_path_50_to_100
2027,105665.82381547318,64,P1_outputs_path_50_to_100
2028,164919.2401699954,64,P1_outputs_path_50_to_100
2029,224895.00110918368,64,P1_outputs_path_50_to_100
2030,294423.42456691794,64,P1_outputs_path_50_to_100
2031,345933.5905496437,64,P1_outputs_path_50_to_100
2032,463443.75894960953,64,P1_outputs_path_50_to_100
2033,539603.9512086866,64,P1_outputs_path_50_to_100
2034,613006.1865677478,64,P1_outputs_path_50_to_100
2035,682699.5102494898,64,P1_outputs_path_50_to_100
2036,920731.1852046512,64,P1_outputs_path_50_to_100
2037,1033733.079692418,64,P1_outputs_path_50_to_100
2038,1279599.1019231929,64,P1_outputs_path_50_to_100
2039,1164254.7787663606,64,P1_outputs_path_50_to_100
2040,1232290.619773921,64,P1_outputs_path_50_to_100
2041,1249201.8918344085,64,P1_outputs_path_50_to_100
2042,1521015.787721729,64,P1_outputs_path_50_to_100
2043,1438129.2736032524,64,P1_outputs_path_50_to_100
2044,1529764.7836784804,64,P1_outputs_path_50_to_100
2045,1581774.7007609163,64,P1_outputs_path_50_to_100
2046,1343638.485449782,64,P1_outputs_path_50_to_100
2047,1415645.6779924645,64,P1_outputs_path_50_to_100
2048,1376275.001407193,64,P1_outputs_path_50_to_100
2049,1521723.871261054,64,P1_outputs_path_50_to_100
2050,1347122.2256461866,64,P1_outputs_path_50_to_100
2051,1145495.2024478524,64,P1_outputs_path_50_to_100
2052,959137.2647776745,64,P1_outputs_path_50_to_100
2053,862574.5593269573,64,P1_outputs_path_50_to_100
2054,1139531.6870602672,64,P1_outputs_path_50_to_100
2055,1370648.5579913468,64,P1_outputs_path_50_to_100
2056,1311371.1051485052,64,P1_outputs_path_50_to_100
2057,1502561.8958872913,64,P1_outputs_path_50_to_100
2058,1553646.368445678,64,P1_outputs_path_50_to_100
2059,1738283.3676745023,64,P1_outputs_path_50_to_100
2060,1724066.6430125425,64,P1_outputs_path_50_to_100
2061,2046127.198220187,64,P1_outputs_path_50_to_100
2062,2002471.0100523315,64,P1_outputs_path_50_to_100
2063,2062515.392418144,64,P1_outputs_path_50_to_100
2064,1931152.8359047128,64,P1_outputs_path_50_to_100
2065,2020782.8656458028,64,P1_outputs_path_50_to_100
2066,2130185.31422742,64,P1_outputs_path_50_to_100
2067,2195302.617503718,64,P1_outputs_path_50_to_100
2068,2304247.6731571625,64,P1_outputs_path_50_to_100
2069,2347456.701326766,64,P1_outputs_path_50_to_100
2070,2492617.073637361,64,P1_outputs_path_50_to_100
2071,2514026.5772479144,64,P1_outputs_path_50_to_100
2072,2415873.100216874,64,P1_outputs_path_50_to_100
2073,2342754.75132847,64,P1_outputs_path_50_to_100
2074,690190.0795736734,64,P1_outputs_path_50_to_100
2075,,64,P1_outputs_path_50_to_100
2025,0.0,65,P1_outputs_path_50_to_100
2026,55507.89893521463,65,P1_outputs_path_50_to_100
2027,107029.9719733022,65,P1_outputs_path_50_to_100
2028,201126.7494963139,65,P1_outputs_path_50_to_100
2029,263247.259257681,65,P1_outputs_path_50_to_100
2030,338648.7798475492,65,P1_outputs_path_50_to_100
2031,355165.1001274301,65,P1_outputs_path_50_to_100
2032,400805.4960403453,65,P1_outputs_path_50_to_100
2033,393550.5182228264,65,P1_outputs_path_50_to_100
2034,470908.134219161,65,P1_outputs_path_50_to_100
2035,652752.1523399893,65,P1_outputs_path_50_to_100
2036,681497.6226328982,65,P1_outputs_path_50_to_100
2037,755573.8295869784,65,P1_outputs_path_50_to_100
2038,707586.1756925725,65,P1_outputs_path_50_to_100
2039,845995.8110242252,65,P1_outputs_path_50_to_100
2040,910137.508954353,65,P1_outputs_path_50_to_100
2041,1183744.1774702768,65,P1_outputs_path_50_to_100
2042,1563967.8590936232,65,P1_outputs_path_50_to_100
2043,1617596.3728542055,65,P1_outputs_path_50_to_100
2044,1590411.852037305,65,P1_outputs_path_50_to_100
2045,1614187.1937492616,65,P1_outputs_path_50_to_100
2046,1690488.7119343684,65,P1_outputs_path_50_to_100
2047,1888449.9652100357,65,P1_outputs_path_50_to_100
2048,1707699.0431005177,65,P1_outputs_path_50_to_100
2049,1705108.2353975552,65,P1_outputs_path_50_to_100
2050,1915251.103842243,65,P1_outputs_path_50_to_100
2051,1857995.242617356,65,P1_outputs_path_50_to_100
2052,1919092.9948589,65,P1_outputs_path_50_to_100
2053,2051690.330379134,65,P1_outputs_path_50_to_100
2054,2020640.2166866737,65,P1_outputs_path_50_to_100
2055,1937960.2815222084,65,P1_outputs_path_50_to_100
2056,1942627.456372666,65,P1_outputs_path_50_to_100
2057,2026449.1785354929,65,P1_outputs_path_50_to_100
2058,2123818.9301575646,65,P1_outputs_path_50_to_100
2059,2196395.537364102,65,P1_outputs_path_50_to_100
2060,2310940.09012032,65,P1_outputs_path_50_to_100
2061,2276615.2584335944,65,P1_outputs_path_50_to_100
2062,2308988.194350865,65,P1_outputs_path_50_to_100
2063,2279442.9797872435,65,P1_outputs_path_50_to_100
2064,2312920.28897566,65,P1_outputs_path_50_to_100
2065,2364727.770273932,65,P1_outputs_path_50_to_100
2066,2529967.0235889503,65,P1_outputs_path_50_to_100
2067,2672119.189778333,65,P1_outputs_path_50_to_100
2068,2779540.8207896343,65,P1_outputs_path_50_to_100
2069,3014330.786179793,65,P1_outputs_path_50_to_100
2070,3165061.7495769965,65,P1_outputs_path_50_to_100
2071,3446242.9899960603,65,P1_outputs_path_50_to_100
2072,3647129.975073627,65,P1_outputs_path_50_to_100
2073,3784494.921844112,65,P1_outputs_path_50_to_100
2074,2133429.759017417,65,P1_outputs_path_50_to_100
2075,,65,P1_outputs_path_50_to_100
2025,0.0,66,P1_outputs_path_50_to_100
2026,93856.95370671531,66,P1_outputs_path_50_to_100
2027,174501.98271010118,66,P1_outputs_path_50_to_100
2028,258692.51955066613,66,P1_outputs_path_50_to_100
2029,384290.5202794937,66,P1_outputs_path_50_to_100
2030,393266.3615117095,66,P1_outputs_path_50_to_100
2031,382914.7039109244,66,P1_outputs_path_50_to_100
2032,476360.9076316773,66,P1_outputs_path_50_to_100
2033,522737.9307756681,66,P1_outputs_path_50_to_100
2034,557500.7888957434,66,P1_outputs_path_50_to_100
2035,603512.6671409488,66,P1_outputs_path_50_to_100
2036,820550.941928309,66,P1_outputs_path_50_to_100
2037,940838.8930926034,66,P1_outputs_path_50_to_100
2038,1180193.906121636,66,P1_outputs_path_50_to_100
2039,1105639.6708702776,66,P1_outputs_path_50_to_100
2040,1254356.4677581876,66,P1_outputs_path_50_to_100
2041,1438265.5847585143,66,P1_outputs_path_50_to_100
2042,1528196.8011056455,66,P1_outputs_path_50_to_100
2043,1315925.3836890012,66,P1_outputs_path_50_to_100
2044,1357794.6778979353,66,P1_outputs_path_50_to_100
2045,1371536.1782625725,66,P1_outputs_path_50_to_100
2046,1578004.7641533574,66,P1_outputs_path_50_to_100
2047,1768397.8844545155,66,P1_outputs_path_50_to_100
2048,1794359.890104751,66,P1_outputs_path_50_to_100
2049,1839085.5021670377,66,P1_outputs_path_50_to_100
2050,1905915.8580228444,66,P1_outputs_path_50_to_100
2051,1929277.3395677817,66,P1_outputs_path_50_to_100
2052,2098791.1513996217,66,P1_outputs_path_50_to_100
2053,1974471.8538085804,66,P1_outputs_path_50_to_100
2054,1911149.2714048785,66,P1_outputs_path_50_to_100
2055,1892513.4915419165,66,P1_outputs_path_50_to_100
2056,1911162.0233315013,66,P1_outputs_path_50_to_100
2057,1951018.3898593504,66,P1_outputs_path_50_to_100
2058,2045913.872746653,66,P1_outputs_path_50_to_100
2059,2064585.8568490732,66,P1_outputs_path_50_to_100
2060,2062167.3378139827,66,P1_outputs_path_50_to_100
2061,2165551.651204633,66,P1_outputs_path_50_to_100
2062,2271603.769036584,66,P1_outputs_path_50_to_100
2063,2257249.194531205,66,P1_outputs_path_50_to_100
2064,2333545.6991092926,66,P1_outputs_path_50_to_100
2065,2495007.5606062543,66,P1_outputs_path_50_to_100
2066,2616251.57811271,66,P1_outputs_path_50_to_100
2067,2751026.8319198005,66,P1_outputs_path_50_to_100
2068,2652311.290294182,66,P1_outputs_path_50_to_100
2069,2720351.8219889714,66,P1_outputs_path_50_to_100
2070,2750379.986771758,66,P1_outputs_path_50_to_100
2071,2626614.945925007,66,P1_outputs_path_50_to_100
2072,2683760.206144326,66,P1_outputs_path_50_to_100
2073,2803429.901435696,66,P1_outputs_path_50_to_100
2074,888003.9969965636,66,P1_outputs_path_50_to_100
2075,,66,P1_outputs_path_50_to_100
2025,0.0,67,P1_outputs_path_50_to_100
2026,64728.48345130957,67,P1_outputs_path_50_to_100
2027,123798.15632689049,67,P1_outputs_path_50_to_100
2028,199091.96693578665,67,P1_outputs_path_50_to_100
2029,258100.0918805397,67,P1_outputs_path_50_to_100
2030,306506.4932838202,67,P1_outputs_path_50_to_100
2031,384483.5398218603,67,P1_outputs_path_50_to_100
2032,429603.4646118709,67,P1_outputs_path_50_to_100
2033,457402.6220236868,67,P1_outputs_path_50_to_100
2034,440581.5386569091,67,P1_outputs_path_50_to_100
2035,546613.1628641842,67,P1_outputs_path_50_to_100
2036,583922.9681610188,67,P1_outputs_path_50_to_100
2037,649097.8797893901,67,P1_outputs_path_50_to_100
2038,624687.730791191,67,P1_outputs_path_50_to_100
2039,621343.7554524747,67,P1_outputs_path_50_to_100
2040,710817.3594085335,67,P1_outputs_path_50_to_100
2041,862507.8750468442,67,P1_outputs_path_50_to_100
2042,923623.586290184,67,P1_outputs_path_50_to_100
2043,807740.1436306926,67,P1_outputs_path_50_to_100
2044,867465.5469300525,67,P1_outputs_path_50_to_100
2045,984801.5538636738,67,P1_outputs_path_50_to_100
2046,1092971.4948430054,67,P1_outputs_path_50_to_100
2047,1439322.5036108282,67,P1_outputs_path_50_to_100
2048,1567622.0070462353,67,P1_outputs_path_50_to_100
2049,1833345.595455528,67,P1_outputs_path_50_to_100
2050,2117417.6983976862,67,P1_outputs_path_50_to_100
2051,2329558.9195665284,67,P1_outputs_path_50_to_100
2052,2220605.4575433466,67,P1_outputs_path_50_to_100
2053,2388129.2917589266,67,P1_outputs_path_50_to_100
2054,2569684.858721055,67,P1_outputs_path_50_to_100
2055,2651330.888435732,67,P1_outputs_path_50_to_100
2056,2636523.7337824805,67,P1_outputs_path_50_to_100
2057,2705458.8083133576,67,P1_outputs_path_50_to_100
2058,2837467.051644386,67,P1_outputs_path_50_to_100
2059,2736910.011345968,67,P1_outputs_path_50_to_100
2060,2908316.1618276173,67,P1_outputs_path_50_to_100
2061,2837935.2285858574,67,P1_outputs_path_50_to_100
2062,2931387.929344112,67,P1_outputs_path_50_to_100
2063,3081567.2141492222,67,P1_outputs_path_50_to_100
2064,2995221.176875394,67,P1_outputs_path_50_to_100
2065,3198539.1352402177,67,P1_outputs_path_50_to_100
2066,3205647.263620488,67,P1_outputs_path_50_to_100
2067,3250353.365676875,67,P1_outputs_path_50_to_100
2068,3328273.492134004,67,P1_outputs_path_50_to_100
2069,3546060.7861602246,67,P1_outputs_path_50_to_100
2070,3388271.280129619,67,P1_outputs_path_50_to_100
2071,3587145.9604814523,67,P1_outputs_path_50_to_100
2072,3769287.587506816,67,P1_outputs_path_50_to_100
2073,3914818.393578805,67,P1_outputs_path_50_to_100
2074,1783387.9360523897,67,P1_outputs_path_50_to_100
2075,,67,P1_outputs_path_50_to_100
2025,0.0,68,P1_outputs_path_50_to_100
2026,53456.663282945694,68,P1_outputs_path_50_to_100
2027,114576.70498762702,68,P1_outputs_path_50_to_100
2028,179731.28760306563,68,P1_outputs_path_50_to_100
2029,256929.62962558377,68,P1_outputs_path_50_to_100
2030,301025.91417801194,68,P1_outputs_path_50_to_100
2031,286842.2538742933,68,P1_outputs_path_50_to_100
2032,392741.6404548262,68,P1_outputs_path_50_to_100
2033,387391.5132965199,68,P1_outputs_path_50_to_100
2034,513336.6695651504,68,P1_outputs_path_50_to_100
2035,590269.4291686098,68,P1_outputs_path_50_to_100
2036,711904.0973471922,68,P1_outputs_path_50_to_100
2037,760117.7648806638,68,P1_outputs_path_50_to_100
2038,866367.0506859877,68,P1_outputs_path_50_to_100
2039,973098.7344952736,68,P1_outputs_path_50_to_100
2040,1061450.22714325,68,P1_outputs_path_50_to_100
2041,1151467.885499238,68,P1_outputs_path_50_to_100
2042,1398015.4515833715,68,P1_outputs_path_50_to_100
2043,1545858.227732122,68,P1_outputs_path_50_to_100
2044,1657570.5473809903,68,P1_outputs_path_50_to_100
2045,1816798.111082808,68,P1_outputs_path_50_to_100
2046,1742027.9892952326,68,P1_outputs_path_50_to_100
2047,1953968.6122380055,68,P1_outputs_path_50_to_100
2048,2032822.1578440485,68,P1_outputs_path_50_to_100
2049,2121508.100508497,68,P1_outputs_path_50_to_100
2050,2244204.864653571,68,P1_outputs_path_50_to_100
2051,2242049.984363981,68,P1_outputs_path_50_to_100
2052,2450800.68972814,68,P1_outputs_path_50_to_100
2053,2598490.171075128,68,P1_outputs_path_50_to_100
2054,2910882.7643951946,68,P1_outputs_path_50_to_100
2055,3026600.745048972,68,P1_outputs_path_50_to_100
2056,3229671.830065723,68,P1_outputs_path_50_to_100
2057,3241967.4365323395,68,P1_outputs_path_50_to_100
2058,3031967.793806143,68,P1_outputs_path_50_to_100
2059,2996016.1391411903,68,P1_outputs_path_50_to_100
2060,3041609.22865294,68,P1_outputs_path_50_to_100
2061,2970953.4311660635,68,P1_outputs_path_50_to_100
2062,3150291.426757273,68,P1_outputs_path_50_to_100
2063,3158685.8200771324,68,P1_outputs_path_50_to_100
2064,2819610.0027464763,68,P1_outputs_path_50_to_100
2065,2787794.739211957,68,P1_outputs_path_50_to_100
2066,2825884.5151940444,68,P1_outputs_path_50_to_100
2067,2966428.270850376,68,P1_outputs_path_50_to_100
2068,3153448.062007048,68,P1_outputs_path_50_to_100
2069,3220859.172141717,68,P1_outputs_path_50_to_100
2070,3020617.6856259936,68,P1_outputs_path_50_to_100
2071,3205268.700691211,68,P1_outputs_path_50_to_100
2072,3199243.235739392,68,P1_outputs_path_50_to_100
2073,3001861.558212968,68,P1_outputs_path_50_to_100
2074,1144011.5667221511,68,P1_outputs_path_50_to_100
2075,,68,P1_outputs_path_50_to_100
2025,0.0,69,P1_outputs_path_50_to_100
2026,57530.02613183333,69,P1_outputs_path_50_to_100
2027,112965.33601265246,69,P1_outputs_path_50_to_100
2028,171875.45447225415,69,P1_outputs_path_50_to_100
2029,286969.0057198271,69,P1_outputs_path_50_to_100
2030,351572.9432585919,69,P1_outputs_path_50_to_100
2031,446510.3974824927,69,P1_outputs_path_50_to_100
2032,522642.92707747297,69,P1_outputs_path_50_to_100
2033,543111.9135612375,69,P1_outputs_path_50_to_100
2034,663593.6983226012,69,P1_outputs_path_50_to_100
2035,838285.470217814,69,P1_outputs_path_50_to_100
2036,911971.9897107764,69,P1_outputs_path_50_to_100
2037,900036.1183829375,69,P1_outputs_path_50_to_100
2038,1086849.9163563035,69,P1_outputs_path_50_to_100
2039,1467420.4606994158,69,P1_outputs_path_50_to_100
2040,1282342.1724704462,69,P1_outputs_path_50_to_100
2041,1432072.088095091,69,P1_outputs_path_50_to_100
2042,1469709.923885501,69,P1_outputs_path_50_to_100
2043,1574639.5457221323,69,P1_outputs_path_50_to_100
2044,1648747.0743706352,69,P1_outputs_path_50_to_100
2045,1752963.8345360295,69,P1_outputs_path_50_to_100
2046,1846926.389397039,69,P1_outputs_path_50_to_100
2047,2047747.484218048,69,P1_outputs_path_50_to_100
2048,1859420.9191138104,69,P1_outputs_path_50_to_100
2049,1922303.36768638,69,P1_outputs_path_50_to_100
2050,1802117.4501137272,69,P1_outputs_path_50_to_100
2051,2135875.147118368,69,P1_outputs_path_50_to_100
2052,2100539.092943805,69,P1_outputs_path_50_to_100
2053,2192345.104842616,69,P1_outputs_path_50_to_100
2054,2270906.260222176,69,P1_outputs_path_50_to_100
2055,2477875.5466601206,69,P1_outputs_path_50_to_100
2056,2496423.447176667,69,P1_outputs_path_50_to_100
2057,2488446.7979468643,69,P1_outputs_path_50_to_100
2058,2612201.608962516,69,P1_outputs_path_50_to_100
2059,2485730.852488487,69,P1_outputs_path_50_to_100
2060,2648239.49639682,69,P1_outputs_path_50_to_100
2061,2607269.342899171,69,P1_outputs_path_50_to_100
2062,2721665.088819639,69,P1_outputs_path_50_to_100
2063,2845665.950219196,69,P1_outputs_path_50_to_100
2064,2824712.560894144,69,P1_outputs_path_50_to_100
2065,2933977.6749475845,69,P1_outputs_path_50_to_100
2066,2957416.222205823,69,P1_outputs_path_50_to_100
2067,3005415.338227057,69,P1_outputs_path_50_to_100
2068,3191178.3757508467,69,P1_outputs_path_50_to_100
2069,3403481.180128925,69,P1_outputs_path_50_to_100
2070,3697863.2943221633,69,P1_outputs_path_50_to_100
2071,3674771.009832773,69,P1_outputs_path_50_to_100
2072,3717748.555258987,69,P1_outputs_path_50_to_100
2073,3624954.078190533,69,P1_outputs_path_50_to_100
2074,1754690.8087012733,69,P1_outputs_path_50_to_100
2075,,69,P1_outputs_path_50_to_100
2025,0.0,70,P1_outputs_path_50_to_100
2026,53490.498825023045,70,P1_outputs_path_50_to_100
2027,114826.1007777396,70,P1_outputs_path_50_to_100
2028,188223.88510951027,70,P1_outputs_path_50_to_100
2029,220231.55561310105,70,P1_outputs_path_50_to_100
2030,296490.13332684344,70,P1_outputs_path_50_to_100
2031,398229.9311212306,70,P1_outputs_path_50_to_100
2032,554461.5587056556,70,P1_outputs_path_50_to_100
2033,532480.0799678867,70,P1_outputs_path_50_to_100
2034,598002.4206600488,70,P1_outputs_path_50_to_100
2035,709474.2262654769,70,P1_outputs_path_50_to_100
2036,830934.3728978023,70,P1_outputs_path_50_to_100
2037,916974.0847314056,70,P1_outputs_path_50_to_100
2038,1249211.746808969,70,P1_outputs_path_50_to_100
2039,1332924.604408022,70,P1_outputs_path_50_to_100
2040,1494870.5277825752,70,P1_outputs_path_50_to_100
2041,1514758.7197195347,70,P1_outputs_path_50_to_100
2042,1603204.3280731796,70,P1_outputs_path_50_to_100
2043,1753953.327620953,70,P1_outputs_path_50_to_100
2044,1800174.866244306,70,P1_outputs_path_50_to_100
2045,1954909.2012274745,70,P1_outputs_path_50_to_100
2046,2103699.113515785,70,P1_outputs_path_50_to_100
2047,2210426.170367593,70,P1_outputs_path_50_to_100
2048,2372234.631460687,70,P1_outputs_path_50_to_100
2049,2568478.413574959,70,P1_outputs_path_50_to_100
2050,2425801.859158109,70,P1_outputs_path_50_to_100
2051,2441648.122772797,70,P1_outputs_path_50_to_100
2052,2705115.1295783054,70,P1_outputs_path_50_to_100
2053,2599585.538039773,70,P1_outputs_path_50_to_100
2054,2760519.420936973,70,P1_outputs_path_50_to_100
2055,2604035.50006855,70,P1_outputs_path_50_to_100
2056,2659488.36207015,70,P1_outputs_path_50_to_100
2057,2725657.513128159,70,P1_outputs_path_50_to_100
2058,2744670.630804589,70,P1_outputs_path_50_to_100
2059,2910642.612507535,70,P1_outputs_path_50_to_100
2060,3011767.506011856,70,P1_outputs_path_50_to_100
2061,2929656.9470182154,70,P1_outputs_path_50_to_100
2062,2984596.5096504185,70,P1_outputs_path_50_to_100
2063,2939138.7600668296,70,P1_outputs_path_50_to_100
2064,3015178.5129611148,70,P1_outputs_path_50_to_100
2065,3111167.2557472214,70,P1_outputs_path_50_to_100
2066,3295333.5166703844,70,P1_outputs_path_50_to_100
2067,3545481.9436046025,70,P1_outputs_path_50_to_100
2068,3529164.4967918126,70,P1_outputs_path_50_to_100
2069,3724617.053204052,70,P1_outputs_path_50_to_100
2070,3933110.070480277,70,P1_outputs_path_50_to_100
2071,3876790.2514049807,70,P1_outputs_path_50_to_100
2072,3642329.664254726,70,P1_outputs_path_50_to_100
2073,3689636.11041273,70,P1_outputs_path_50_to_100
2074,1888161.8525969896,70,P1_outputs_path_50_to_100
2075,,70,P1_outputs_path_50_to_100
2025,0.0,71,P1_outputs_path_50_to_100
2026,54329.464152742825,71,P1_outputs_path_50_to_100
2027,120946.53230562588,71,P1_outputs_path_50_to_100
2028,164471.06570584164,71,P1_outputs_path_50_to_100
2029,265804.68501895893,71,P1_outputs_path_50_to_100
2030,337897.8796404288,71,P1_outputs_path_50_to_100
2031,335003.0662136766,71,P1_outputs_path_50_to_100
2032,497868.09192127787,71,P1_outputs_path_50_to_100
2033,674740.9857733125,71,P1_outputs_path_50_to_100
2034,932485.2572811368,71,P1_outputs_path_50_to_100
2035,1193935.9113979824,71,P1_outputs_path_50_to_100
2036,1444391.7436593173,71,P1_outputs_path_50_to_100
2037,1586513.0884682694,71,P1_outputs_path_50_to_100
2038,1626385.1315657226,71,P1_outputs_path_50_to_100
2039,1749932.0729021186,71,P1_outputs_path_50_to_100
2040,1776022.138221556,71,P1_outputs_path_50_to_100
2041,1895667.933016536,71,P1_outputs_path_50_to_100
2042,1905921.304533637,71,P1_outputs_path_50_to_100
2043,2305961.743137012,71,P1_outputs_path_50_to_100
2044,2354144.6590673644,71,P1_outputs_path_50_to_100
2045,2440459.954715792,71,P1_outputs_path_50_to_100
2046,2640014.366216528,71,P1_outputs_path_50_to_100
2047,2673378.354936781,71,P1_outputs_path_50_to_100
2048,2906115.2793374974,71,P1_outputs_path_50_to_100
2049,2884247.9774560244,71,P1_outputs_path_50_to_100
2050,2844590.866648462,71,P1_outputs_path_50_to_100
2051,2820405.8052519066,71,P1_outputs_path_50_to_100
2052,2966496.256063358,71,P1_outputs_path_50_to_100
2053,2981565.807786261,71,P1_outputs_path_50_to_100
2054,3045408.991102257,71,P1_outputs_path_50_to_100
2055,3146887.463638738,71,P1_outputs_path_50_to_100
2056,3388216.056973098,71,P1_outputs_path_50_to_100
2057,3571728.087469147,71,P1_outputs_path_50_to_100
2058,3640297.294482392,71,P1_outputs_path_50_to_100
2059,3510667.252705274,71,P1_outputs_path_50_to_100
2060,3360097.4914141083,71,P1_outputs_path_50_to_100
2061,3352194.428889002,71,P1_outputs_path_50_to_100
2062,3345375.0278675323,71,P1_outputs_path_50_to_100
2063,3238497.325015402,71,P1_outputs_path_50_to_100
2064,3210419.792213926,71,P1_outputs_path_50_to_100
2065,3161994.401650177,71,P1_outputs_path_50_to_100
2066,3418001.469611078,71,P1_outputs_path_50_to_100
2067,3466595.262093613,71,P1_outputs_path_50_to_100
2068,3591206.0682145297,71,P1_outputs_path_50_to_100
2069,3578533.901374297,71,P1_outputs_path_50_to_100
2070,3473374.8486760566,71,P1_outputs_path_50_to_100
2071,3578186.4647479416,71,P1_outputs_path_50_to_100
2072,3516177.910035471,71,P1_outputs_path_50_to_100
2073,3739458.701419477,71,P1_outputs_path_50_to_100
2074,1880718.583988235,71,P1_outputs_path_50_to_100
2075,,71,P1_outputs_path_50_to_100
2025,0.0,72,P1_outputs_path_50_to_100
2026,64440.42185647046,72,P1_outputs_path_50_to_100
2027,110785.49248460354,72,P1_outputs_path_50_to_100
2028,172571.46741298528,72,P1_outputs_path_50_to_100
2029,238178.6652616732,72,P1_outputs_path_50_to_100
2030,255739.4249288312,72,P1_outputs_path_50_to_100
2031,349181.5007090166,72,P1_outputs_path_50_to_100
2032,482917.2042580041,72,P1_outputs_path_50_to_100
2033,427105.1148370288,72,P1_outputs_path_50_to_100
2034,516456.1626745452,72,P1_outputs_path_50_to_100
2035,658851.325795881,72,P1_outputs_path_50_to_100
2036,671351.5684067978,72,P1_outputs_path_50_to_100
2037,697390.8032618602,72,P1_outputs_path_50_to_100
2038,878255.5186818995,72,P1_outputs_path_50_to_100
2039,740667.4849581597,72,P1_outputs_path_50_to_100
2040,782894.5884492266,72,P1_outputs_path_50_to_100
2041,934680.0078472364,72,P1_outputs_path_50_to_100
2042,1091719.6939015994,72,P1_outputs_path_50_to_100
2043,929932.9069486468,72,P1_outputs_path_50_to_100
2044,885867.0116465887,72,P1_outputs_path_50_to_100
2045,932664.457707748,72,P1_outputs_path_50_to_100
2046,1168986.643624363,72,P1_outputs_path_50_to_100
2047,1288542.1455264546,72,P1_outputs_path_50_to_100
2048,1551785.0171331477,72,P1_outputs_path_50_to_100
2049,1706537.41860468,72,P1_outputs_path_50_to_100
2050,1866491.8905062687,72,P1_outputs_path_50_to_100
2051,1925848.2779955151,72,P1_outputs_path_50_to_100
2052,1968832.517550569,72,P1_outputs_path_50_to_100
2053,1886937.5935680836,72,P1_outputs_path_50_to_100
2054,1775930.9317077769,72,P1_outputs_path_50_to_100
2055,1787992.3555514282,72,P1_outputs_path_50_to_100
2056,2056853.712250518,72,P1_outputs_path_50_to_100
2057,2201906.9708175403,72,P1_outputs_path_50_to_100
2058,2264209.668924628,72,P1_outputs_path_50_to_100
2059,2286305.595288235,72,P1_outputs_path_50_to_100
2060,2431573.32254367,72,P1_outputs_path_50_to_100
2061,2515613.808985146,72,P1_outputs_path_50_to_100
2062,2648600.730811323,72,P1_outputs_path_50_to_100
2063,2732677.28440637,72,P1_outputs_path_50_to_100
2064,2854751.648875955,72,P1_outputs_path_50_to_100
2065,2675834.8667642274,72,P1_outputs_path_50_to_100
2066,2661292.662035113,72,P1_outputs_path_50_to_100
2067,2788037.711484676,72,P1_outputs_path_50_to_100
2068,2696621.6828003805,72,P1_outputs_path_50_to_100
2069,2774226.9737414755,72,P1_outputs_path_50_to_100
2070,2969257.044704264,72,P1_outputs_path_50_to_100
2071,3056309.4515877618,72,P1_outputs_path_50_to_100
2072,2802425.8234155346,72,P1_outputs_path_50_to_100
2073,2917376.074723449,72,P1_outputs_path_50_to_100
2074,1312461.7762705626,72,P1_outputs_path_50_to_100
2075,,72,P1_outputs_path_50_to_100
2025,0.0,73,P1_outputs_path_50_to_100
2026,82374.04553299591,73,P1_outputs_path_50_to_100
2027,143370.35811237866,73,P1_outputs_path_50_to_100
2028,227380.2666719301,73,P1_outputs_path_50_to_100
2029,288883.095172538,73,P1_outputs_path_50_to_100
2030,275206.83874100866,73,P1_outputs_path_50_to_100
2031,323187.75149268773,73,P1_outputs_path_50_to_100
2032,316971.5224364095,73,P1_outputs_path_50_to_100
2033,417720.8984510498,73,P1_outputs_path_50_to_100
2034,461821.3021740839,73,P1_outputs_path_50_to_100
2035,562014.0438796832,73,P1_outputs_path_50_to_100
2036,700734.0169335196,73,P1_outputs_path_50_to_100
2037,783880.6754079551,73,P1_outputs_path_50_to_100
2038,931402.1841962164,73,P1_outputs_path_50_to_100
2039,1117027.1275183482,73,P1_outputs_path_50_to_100
2040,1292263.5980271073,73,P1_outputs_path_50_to_100
2041,1522623.9753001728,73,P1_outputs_path_50_to_100
2042,1533314.6885990298,73,P1_outputs_path_50_to_100
2043,1614116.2260440905,73,P1_outputs_path_50_to_100
2044,1708289.468239135,73,P1_outputs_path_50_to_100
2045,1717009.5210052826,73,P1_outputs_path_50_to_100
2046,1832341.4223751333,73,P1_outputs_path_50_to_100
2047,1949348.3481087177,73,P1_outputs_path_50_to_100
2048,2074518.9797029884,73,P1_outputs_path_50_to_100
2049,2207333.512277769,73,P1_outputs_path_50_to_100
2050,2010475.437731588,73,P1_outputs_path_50_to_100
2051,1996553.8389994523,73,P1_outputs_path_50_to_100
2052,2225059.398933282,73,P1_outputs_path_50_to_100
2053,2212457.650275789,73,P1_outputs_path_50_to_100
2054,2378926.2592994,73,P1_outputs_path_50_to_100
2055,2399089.00922025,73,P1_outputs_path_50_to_100
2056,2600411.756061994,73,P1_outputs_path_50_to_100
2057,2597020.030329258,73,P1_outputs_path_50_to_100
2058,2511481.4365397003,73,P1_outputs_path_50_to_100
2059,2617700.38547439,73,P1_outputs_path_50_to_100
2060,2662958.810610671,73,P1_outputs_path_50_to_100
2061,2482036.800629654,73,P1_outputs_path_50_to_100
2062,2451143.5618180027,73,P1_outputs_path_50_to_100
2063,2561033.679396527,73,P1_outputs_path_50_to_100
2064,2604308.5781147173,73,P1_outputs_path_50_to_100
2065,2672688.081650031,73,P1_outputs_path_50_to_100
2066,2827149.8001030115,73,P1_outputs_path_50_to_100
2067,2969358.4078616886,73,P1_outputs_path_50_to_100
2068,2878210.1896587303,73,P1_outputs_path_50_to_100
2069,3057277.25447259,73,P1_outputs_path_50_to_100
2070,3194552.104288404,73,P1_outputs_path_50_to_100
2071,3490374.055206992,73,P1_outputs_path_50_to_100
2072,3692207.695221262,73,P1_outputs_path_50_to_100
2073,3653174.473294503,73,P1_outputs_path_50_to_100
2074,1750745.7533764637,73,P1_outputs_path_50_to_100
2075,,73,P1_outputs_path_50_to_100
2025,0.0,74,P1_outputs_path_50_to_100
2026,64913.03155342591,74,P1_outputs_path_50_to_100
2027,114156.97536583513,74,P1_outputs_path_50_to_100
2028,187820.57757666323,74,P1_outputs_path_50_to_100
2029,267921.09233552386,74,P1_outputs_path_50_to_100
2030,368977.0951632083,74,P1_outputs_path_50_to_100
2031,390407.2210959724,74,P1_outputs_path_50_to_100
2032,459524.1125116093,74,P1_outputs_path_50_to_100
2033,496864.3693743647,74,P1_outputs_path_50_to_100
2034,568354.8148175131,74,P1_outputs_path_50_to_100
2035,524009.0125824051,74,P1_outputs_path_50_to_100
2036,564060.9386842115,74,P1_outputs_path_50_to_100
2037,742509.9725441533,74,P1_outputs_path_50_to_100
2038,984268.0208449096,74,P1_outputs_path_50_to_100
2039,1037581.0726212314,74,P1_outputs_path_50_to_100
2040,1111648.9393146802,74,P1_outputs_path_50_to_100
2041,1026359.9365037855,74,P1_outputs_path_50_to_100
2042,1097811.4688997972,74,P1_outputs_path_50_to_100
2043,1366789.5040660992,74,P1_outputs_path_50_to_100
2044,1280640.5086108637,74,P1_outputs_path_50_to_100
2045,1463356.9875954438,74,P1_outputs_path_50_to_100
2046,1547589.4088005137,74,P1_outputs_path_50_to_100
2047,1577691.519402994,74,P1_outputs_path_50_to_100
2048,1591133.862425835,74,P1_outputs_path_50_to_100
2049,1819715.2006576585,74,P1_outputs_path_50_to_100
2050,2004888.2491117865,74,P1_outputs_path_50_to_100
2051,2007446.3139113616,74,P1_outputs_path_50_to_100
2052,1979412.6843368744,74,P1_outputs_path_50_to_100
2053,1845256.7949616075,74,P1_outputs_path_50_to_100
2054,1885089.1722094656,74,P1_outputs_path_50_to_100
2055,1998449.9585599257,74,P1_outputs_path_50_to_100
2056,2117833.5670325058,74,P1_outputs_path_50_to_100
2057,2164440.3113807747,74,P1_outputs_path_50_to_100
2058,2338108.8334829174,74,P1_outputs_path_50_to_100
2059,2309792.408102157,74,P1_outputs_path_50_to_100
2060,2414658.550613957,74,P1_outputs_path_50_to_100
2061,2653728.850454009,74,P1_outputs_path_50_to_100
2062,2666754.3824864626,74,P1_outputs_path_50_to_100
2063,2740502.445215743,74,P1_outputs_path_50_to_100
2064,2659856.6051053023,74,P1_outputs_path_50_to_100
2065,2809617.4170603105,74,P1_outputs_path_50_to_100
2066,2756406.239777842,74,P1_outputs_path_50_to_100
2067,2962183.815514579,74,P1_outputs_path_50_to_100
2068,2840688.237118733,74,P1_outputs_path_50_to_100
2069,2905824.8694397383,74,P1_outputs_path_50_to_100
2070,3048255.649712797,74,P1_outputs_path_50_to_100
2071,3177754.6487485208,74,P1_outputs_path_50_to_100
2072,3427835.908733579,74,P1_outputs_path_50_to_100
2073,3592807.5630556694,74,P1_outputs_path_50_to_100
2074,1520135.2254169786,74,P1_outputs_path_50_to_100
2075,,74,P1_outputs_path_50_to_100
2025,0.0,75,P1_outputs_path_50_to_100
2026,45658.958017097386,75,P1_outputs_path_50_to_100
2027,97109.80011247448,75,P1_outputs_path_50_to_100
2028,174536.11774373072,75,P1_outputs_path_50_to_100
2029,239500.8936288945,75,P1_outputs_path_50_to_100
2030,323633.7174817045,75,P1_outputs_path_50_to_100
2031,305344.18779473373,75,P1_outputs_path_50_to_100
2032,356595.2982967688,75,P1_outputs_path_50_to_100
2033,450063.7798456342,75,P1_outputs_path_50_to_100
2034,389489.35727053473,75,P1_outputs_path_50_to_100
2035,481481.3575030039,75,P1_outputs_path_50_to_100
2036,619642.5007360135,75,P1_outputs_path_50_to_100
2037,689313.9582967508,75,P1_outputs_path_50_to_100
2038,783961.1408788582,75,P1_outputs_path_50_to_100
2039,823383.6798345122,75,P1_outputs_path_50_to_100
2040,961680.3608130591,75,P1_outputs_path_50_to_100
2041,1277106.235374055,75,P1_outputs_path_50_to_100
2042,971415.784200847,75,P1_outputs_path_50_to_100
2043,1052414.4747319657,75,P1_outputs_path_50_to_100
2044,1001143.317608124,75,P1_outputs_path_50_to_100
2045,1285692.8327525628,75,P1_outputs_path_50_to_100
2046,1215254.380314689,75,P1_outputs_path_50_to_100
2047,1533641.554813154,75,P1_outputs_path_50_to_100
2048,1509409.7679689426,75,P1_outputs_path_50_to_100
2049,1646815.1564419912,75,P1_outputs_path_50_to_100
2050,1927632.8327724747,75,P1_outputs_path_50_to_100
2051,1920440.8632900007,75,P1_outputs_path_50_to_100
2052,2063085.8235671315,75,P1_outputs_path_50_to_100
2053,2019978.0464122249,75,P1_outputs_path_50_to_100
2054,2122391.985181146,75,P1_outputs_path_50_to_100
2055,2236707.032017494,75,P1_outputs_path_50_to_100
2056,2198553.3981067524,75,P1_outputs_path_50_to_100
2057,2218011.767341239,75,P1_outputs_path_50_to_100
2058,2107807.484972486,75,P1_outputs_path_50_to_100
2059,2269760.849993995,75,P1_outputs_path_50_to_100
2060,2448009.1790714557,75,P1_outputs_path_50_to_100
2061,2208197.7601542845,75,P1_outputs_path_50_to_100
2062,2137610.8048694306,75,P1_outputs_path_50_to_100
2063,2273421.2718606526,75,P1_outputs_path_50_to_100
2064,2411130.588620447,75,P1_outputs_path_50_to_100
2065,2443172.570885647,75,P1_outputs_path_50_to_100
2066,2531327.8807900315,75,P1_outputs_path_50_to_100
2067,2503183.813078175,75,P1_outputs_path_50_to_100
2068,2478032.8455679026,75,P1_outputs_path_50_to_100
2069,2704640.691291193,75,P1_outputs_path_50_to_100
2070,2795372.414672968,75,P1_outputs_path_50_to_100
2071,2652017.3872655714,75,P1_outputs_path_50_to_100
2072,2758862.101662692,75,P1_outputs_path_50_to_100
2073,2999349.505521825,75,P1_outputs_path_50_to_100
2074,1129087.8486011897,75,P1_outputs_path_50_to_100
2075,,75,P1_outputs_path_50_to_100
2025,0.0,76,P1_outputs_path_50_to_100
2026,62970.134590590256,76,P1_outputs_path_50_to_100
2027,107759.27408112668,76,P1_outputs_path_50_to_100
2028,140957.34965569316,76,P1_outputs_path_50_to_100
2029,187277.1056372135,76,P1_outputs_path_50_to_100
2030,201221.83317192591,76,P1_outputs_path_50_to_100
2031,285280.60937815194,76,P1_outputs_path_50_to_100
2032,352679.5762697485,76,P1_outputs_path_50_to_100
2033,454590.20848004846,76,P1_outputs_path_50_to_100
2034,473701.8919532352,76,P1_outputs_path_50_to_100
2035,615349.5223326464,76,P1_outputs_path_50_to_100
2036,673786.8671115999,76,P1_outputs_path_50_to_100
2037,680318.4313733719,76,P1_outputs_path_50_to_100
2038,748050.111343969,76,P1_outputs_path_50_to_100
2039,814927.1167937501,76,P1_outputs_path_50_to_100
2040,862762.0514372146,76,P1_outputs_path_50_to_100
2041,1041530.2014850536,76,P1_outputs_path_50_to_100
2042,1024523.6773630764,76,P1_outputs_path_50_to_100
2043,878089.4214734568,76,P1_outputs_path_50_to_100
2044,827425.7813957849,76,P1_outputs_path_50_to_100
2045,1071103.7326719104,76,P1_outputs_path_50_to_100
2046,1366909.9006655803,76,P1_outputs_path_50_to_100
2047,1634903.794404197,76,P1_outputs_path_50_to_100
2048,1791094.8861800556,76,P1_outputs_path_50_to_100
2049,1811534.295793816,76,P1_outputs_path_50_to_100
2050,1873339.73922657,76,P1_outputs_path_50_to_100
2051,2087569.6742522477,76,P1_outputs_path_50_to_100
2052,2245167.7373134536,76,P1_outputs_path_50_to_100
2053,2294737.1475623646,76,P1_outputs_path_50_to_100
2054,2425331.903751737,76,P1_outputs_path_50_to_100
2055,2564354.3355901814,76,P1_outputs_path_50_to_100
2056,2737117.4993462767,76,P1_outputs_path_50_to_100
2057,2770300.464882877,76,P1_outputs_path_50_to_100
2058,2873318.640103339,76,P1_outputs_path_50_to_100
2059,2919816.142043337,76,P1_outputs_path_50_to_100
2060,3029366.693723973,76,P1_outputs_path_50_to_100
2061,3056342.350503328,76,P1_outputs_path_50_to_100
2062,3266056.471538809,76,P1_outputs_path_50_to_100
2063,3428378.804210731,76,P1_outputs_path_50_to_100
2064,3430650.623824908,76,P1_outputs_path_50_to_100
2065,3313805.051323252,76,P1_outputs_path_50_to_100
2066,3476238.098255766,76,P1_outputs_path_50_to_100
2067,3651155.000416373,76,P1_outputs_path_50_to_100
2068,3398672.527703989,76,P1_outputs_path_50_to_100
2069,3599983.424613536,76,P1_outputs_path_50_to_100
2070,3762578.5039375713,76,P1_outputs_path_50_to_100
2071,3599234.59240978,76,P1_outputs_path_50_to_100
2072,3569623.5501210466,76,P1_outputs_path_50_to_100
2073,3665280.573664117,76,P1_outputs_path_50_to_100
2074,1747237.6271262115,76,P1_outputs_path_50_to_100
2075,,76,P1_outputs_path_50_to_100
2025,0.0,77,P1_outputs_path_50_to_100
2026,59755.7320988137,77,P1_outputs_path_50_to_100
2027,126097.2044460854,77,P1_outputs_path_50_to_100
2028,179949.82939979923,77,P1_outputs_path_50_to_100
2029,261762.70460192667,77,P1_outputs_path_50_to_100
2030,350870.89520279743,77,P1_outputs_path_50_to_100
2031,455915.6420418236,77,P1_outputs_path_50_to_100
2032,571176.6580680374,77,P1_outputs_path_50_to_100
2033,645295.8529494295,77,P1_outputs_path_50_to_100
2034,664693.2384214209,77,P1_outputs_path_50_to_100
2035,726664.2430817056,77,P1_outputs_path_50_to_100
2036,786484.4596421728,77,P1_outputs_path_50_to_100
2037,1056587.2007071786,77,P1_outputs_path_50_to_100
2038,1045393.6146961022,77,P1_outputs_path_50_to_100
2039,1195510.9707343394,77,P1_outputs_path_50_to_100
2040,1530251.6027663534,77,P1_outputs_path_50_to_100
2041,1323246.031385524,77,P1_outputs_path_50_to_100
2042,1605512.2807834907,77,P1_outputs_path_50_to_100
2043,1665054.7196242064,77,P1_outputs_path_50_to_100
2044,1630846.631367759,77,P1_outputs_path_50_to_100
2045,1763302.847431276,77,P1_outputs_path_50_to_100
2046,1738655.3781991412,77,P1_outputs_path_50_to_100
2047,1828537.4043569595,77,P1_outputs_path_50_to_100
2048,1929897.5551038487,77,P1_outputs_path_50_to_100
2049,1905592.022055151,77,P1_outputs_path_50_to_100
2050,1849105.7055010612,77,P1_outputs_path_50_to_100
2051,2042411.095133656,77,P1_outputs_path_50_to_100
2052,2183935.2812351706,77,P1_outputs_path_50_to_100
2053,2216370.1224331874,77,P1_outputs_path_50_to_100
2054,2347442.9912304576,77,P1_outputs_path_50_to_100
2055,2518346.285988002,77,P1_outputs_path_50_to_100
2056,2696093.702350657,77,P1_outputs_path_50_to_100
2057,2646734.987323321,77,P1_outputs_path_50_to_100
2058,2821983.1640471,77,P1_outputs_path_50_to_100
2059,2798325.513562784,77,P1_outputs_path_50_to_100
2060,2689856.597743271,77,P1_outputs_path_50_to_100
2061,2508801.834516381,77,P1_outputs_path_50_to_100
2062,2421223.963989454,77,P1_outputs_path_50_to_100
2063,2509681.3526564613,77,P1_outputs_path_50_to_100
2064,2490081.48760968,77,P1_outputs_path_50_to_100
2065,2427388.774565597,77,P1_outputs_path_50_to_100
2066,2481243.947743501,77,P1_outputs_path_50_to_100
2067,2407862.303009091,77,P1_outputs_path_50_to_100
2068,2355309.2150985366,77,P1_outputs_path_50_to_100
2069,2542555.3676868044,77,P1_outputs_path_50_to_100
2070,2504390.751510723,77,P1_outputs_path_50_to_100
2071,2606745.62903942,77,P1_outputs_path_50_to_100
2072,2898377.346145328,77,P1_outputs_path_50_to_100
2073,3085138.2019191063,77,P1_outputs_path_50_to_100
2074,1398588.4533620116,77,P1_outputs_path_50_to_100
2075,,77,P1_outputs_path_50_to_100
2025,0.0,78,P1_outputs_path_50_to_100
2026,48606.21067673983,78,P1_outputs_path_50_to_100
2027,108515.93599946432,78,P1_outputs_path_50_to_100
2028,154093.29993699223,78,P1_outputs_path_50_to_100
2029,214457.0687079759,78,P1_outputs_path_50_to_100
2030,278605.6741274371,78,P1_outputs_path_50_to_100
2031,329392.173186718,78,P1_outputs_path_50_to_100
2032,308156.28763151,78,P1_outputs_path_50_to_100
2033,327426.37982921576,78,P1_outputs_path_50_to_100
2034,488033.8861595577,78,P1_outputs_path_50_to_100
2035,540082.117627182,78,P1_outputs_path_50_to_100
2036,601857.9511712017,78,P1_outputs_path_50_to_100
2037,714042.6909264731,78,P1_outputs_path_50_to_100
2038,831786.7831906823,78,P1_outputs_path_50_to_100
2039,852721.6229472857,78,P1_outputs_path_50_to_100
2040,1019603.8453780456,78,P1_outputs_path_50_to_100
2041,973069.1748334268,78,P1_outputs_path_50_to_100
2042,989009.8822639224,78,P1_outputs_path_50_to_100
2043,1150650.189346086,78,P1_outputs_path_50_to_100
2044,1337169.9162484533,78,P1_outputs_path_50_to_100
2045,1455231.5211012766,78,P1_outputs_path_50_to_100
2046,1497791.6838009537,78,P1_outputs_path_50_to_100
2047,1671643.2894114438,78,P1_outputs_path_50_to_100
2048,1704645.3622192922,78,P1_outputs_path_50_to_100
2049,1829236.197021535,78,P1_outputs_path_50_to_100
2050,2088975.9519769305,78,P1_outputs_path_50_to_100
2051,2198682.475147092,78,P1_outputs_path_50_to_100
2052,2273861.511802324,78,P1_outputs_path_50_to_100
2053,2467386.8332815142,78,P1_outputs_path_50_to_100
2054,2349985.5972594344,78,P1_outputs_path_50_to_100
2055,2222461.031971184,78,P1_outputs_path_50_to_100
2056,2308800.882549214,78,P1_outputs_path_50_to_100
2057,2330816.1455940157,78,P1_outputs_path_50_to_100
2058,2537589.4450806035,78,P1_outputs_path_50_to_100
2059,2655360.084788264,78,P1_outputs_path_50_to_100
2060,2837455.607211947,78,P1_outputs_path_50_to_100
2061,2974184.897728464,78,P1_outputs_path_50_to_100
2062,2807375.158616092,78,P1_outputs_path_50_to_100
2063,3042257.000372891,78,P1_outputs_path_50_to_100
2064,2861851.044551285,78,P1_outputs_path_50_to_100
2065,2969042.801548775,78,P1_outputs_path_50_to_100
2066,3100758.7490612767,78,P1_outputs_path_50_to_100
2067,3172350.182485181,78,P1_outputs_path_50_to_100
2068,3007543.001970125,78,P1_outputs_path_50_to_100
2069,3113193.1947973017,78,P1_outputs_path_50_to_100
2070,3259590.88648918,78,P1_outputs_path_50_to_100
2071,3469771.042111104,78,P1_outputs_path_50_to_100
2072,3320216.302609851,78,P1_outputs_path_50_to_100
2073,3334315.0353021864,78,P1_outputs_path_50_to_100
2074,1788657.7809124982,78,P1_outputs_path_50_to_100
2075,,78,P1_outputs_path_50_to_100
2025,0.0,79,P1_outputs_path_50_to_100
2026,54769.10654890651,79,P1_outputs_path_50_to_100
2027,111608.88972204656,79,P1_outputs_path_50_to_100
2028,164082.55025825882,79,P1_outputs_path_50_to_100
2029,183511.82918327345,79,P1_outputs_path_50_to_100
2030,219944.9226792715,79,P1_outputs_path_50_to_100
2031,336304.2934615206,79,P1_outputs_path_50_to_100
2032,425613.9925250404,79,P1_outputs_path_50_to_100
2033,503782.3757389957,79,P1_outputs_path_50_to_100
2034,446925.40110035054,79,P1_outputs_path_50_to_100
2035,570667.766049691,79,P1_outputs_path_50_to_100
2036,616446.570795502,79,P1_outputs_path_50_to_100
2037,639074.5107919391,79,P1_outputs_path_50_to_100
2038,769464.0336245775,79,P1_outputs_path_50_to_100
2039,691010.4772060699,79,P1_outputs_path_50_to_100
2040,818584.9213355021,79,P1_outputs_path_50_to_100
2041,806741.2703517528,79,P1_outputs_path_50_to_100
2042,716072.223081614,79,P1_outputs_path_50_to_100
2043,814384.5994287735,79,P1_outputs_path_50_to_100
2044,730523.3324790621,79,P1_outputs_path_50_to_100
2045,683667.014219639,79,P1_outputs_path_50_to_100
2046,736175.9871855519,79,P1_outputs_path_50_to_100
2047,894175.0672625419,79,P1_outputs_path_50_to_100
2048,1051782.7478993367,79,P1_outputs_path_50_to_100
2049,1139064.3234529088,79,P1_outputs_path_50_to_100
2050,1216514.9489156788,79,P1_outputs_path_50_to_100
2051,1371302.4639829714,79,P1_outputs_path_50_to_100
2052,1520885.7876764552,79,P1_outputs_path_50_to_100
2053,1644562.191683747,79,P1_outputs_path_50_to_100
2054,1902572.468856078,79,P1_outputs_path_50_to_100
2055,1894223.8261417265,79,P1_outputs_path_50_to_100
2056,1915202.0438875123,79,P1_outputs_path_50_to_100
2057,1865199.461018877,79,P1_outputs_path_50_to_100
2058,1898237.548624776,79,P1_outputs_path_50_to_100
2059,2021637.541905752,79,P1_outputs_path_50_to_100
2060,2113307.7760278457,79,P1_outputs_path_50_to_100
2061,2231093.57229875,79,P1_outputs_path_50_to_100
2062,2510211.3089767387,79,P1_outputs_path_50_to_100
2063,2531020.479888221,79,P1_outputs_path_50_to_100
2064,2607221.867772023,79,P1_outputs_path_50_to_100
2065,2642943.9635777827,79,P1_outputs_path_50_to_100
2066,2519438.1386811766,79,P1_outputs_path_50_to_100
2067,2504570.3930555163,79,P1_outputs_path_50_to_100
2068,2557014.6040802016,79,P1_outputs_path_50_to_100
2069,2266444.5469610826,79,P1_outputs_path_50_to_100
2070,2430079.963148348,79,P1_outputs_path_50_to_100
2071,2553651.916283877,79,P1_outputs_path_50_to_100
2072,2813874.6439104965,79,P1_outputs_path_50_to_100
2073,2793796.990606585,79,P1_outputs_path_50_to_100
2074,890607.8212659482,79,P1_outputs_path_50_to_100
2075,,79,P1_outputs_path_50_to_100
2025,0.0,80,P1_outputs_path_50_to_100
2026,67189.37137417147,80,P1_outputs_path_50_to_100
2027,125101.99207701876,80,P1_outputs_path_50_to_100
2028,209486.5691065037,80,P1_outputs_path_50_to_100
2029,242648.9495041698,80,P1_outputs_path_50_to_100
2030,322545.79211232497,80,P1_outputs_path_50_to_100
2031,325231.3459116473,80,P1_outputs_path_50_to_100
2032,449201.20336044754,80,P1_outputs_path_50_to_100
2033,566536.6515463511,80,P1_outputs_path_50_to_100
2034,583677.86656065,80,P1_outputs_path_50_to_100
2035,678507.5045127962,80,P1_outputs_path_50_to_100
2036,790765.0777180842,80,P1_outputs_path_50_to_100
2037,940667.5069750767,80,P1_outputs_path_50_to_100
2038,806254.0783213963,80,P1_outputs_path_50_to_100
2039,905398.9771343996,80,P1_outputs_path_50_to_100
2040,1066194.1839965198,80,P1_outputs_path_50_to_100
2041,1194579.208680843,80,P1_outputs_path_50_to_100
2042,1074760.8655618285,80,P1_outputs_path_50_to_100
2043,1304383.3836349908,80,P1_outputs_path_50_to_100
2044,1448197.5549856983,80,P1_outputs_path_50_to_100
2045,1332170.692648045,80,P1_outputs_path_50_to_100
2046,1610850.6148279184,80,P1_outputs_path_50_to_100
2047,1562098.764736686,80,P1_outputs_path_50_to_100
2048,1678598.0731109132,80,P1_outputs_path_50_to_100
2049,1776125.1953295756,80,P1_outputs_path_50_to_100
2050,1661723.4598091613,80,P1_outputs_path_50_to_100
2051,1717497.2594984823,80,P1_outputs_path_50_to_100
2052,1874011.738655297,80,P1_outputs_path_50_to_100
2053,1998114.471089172,80,P1_outputs_path_50_to_100
2054,2078447.119793824,80,P1_outputs_path_50_to_100
2055,2158285.253943838,80,P1_outputs_path_50_to_100
2056,2222964.609029325,80,P1_outputs_path_50_to_100
2057,2210473.954355092,80,P1_outputs_path_50_to_100
2058,2224286.3058457994,80,P1_outputs_path_50_to_100
2059,2184120.6034620195,80,P1_outputs_path_50_to_100
2060,2262373.8654878237,80,P1_outputs_path_50_to_100
2061,2423096.610989008,80,P1_outputs_path_50_to_100
2062,2338026.812203082,80,P1_outputs_path_50_to_100
2063,2481876.9299271526,80,P1_outputs_path_50_to_100
2064,2678095.963517166,80,P1_outputs_path_50_to_100
2065,2432508.707790591,80,P1_outputs_path_50_to_100
2066,2579493.031186917,80,P1_outputs_path_50_to_100
2067,2411293.5587348724,80,P1_outputs_path_50_to_100
2068,2555636.6462865346,80,P1_outputs_path_50_to_100
2069,2673870.4472375894,80,P1_outputs_path_50_to_100
2070,2735253.49878096,80,P1_outputs_path_50_to_100
2071,2812567.0197099946,80,P1_outputs_path_50_to_100
2072,3031217.209459531,80,P1_outputs_path_50_to_100
2073,3169256.2951197573,80,P1_outputs_path_50_to_100
2074,1327949.955104537,80,P1_outputs_path_50_to_100
2075,,80,P1_outputs_path_50_to_100
2025,0.0,81,P1_outputs_path_50_to_100
2026,53312.58344992784,81,P1_outputs_path_50_to_100
2027,115655.8150987427,81,P1_outputs_path_50_to_100
2028,167834.13003185758,81,P1_outputs_path_50_to_100
2029,238432.7665739372,81,P1_outputs_path_50_to_100
2030,269771.6645110141,81,P1_outputs_path_50_to_100
2031,271775.29397621506,81,P1_outputs_path_50_to_100
2032,291925.5673367492,81,P1_outputs_path_50_to_100
2033,393713.26696393697,81,P1_outputs_path_50_to_100
2034,518297.4440449776,81,P1_outputs_path_50_to_100
2035,622852.6143903341,81,P1_outputs_path_50_to_100
2036,710568.2819034646,81,P1_outputs_path_50_to_100
2037,845987.6596281824,81,P1_outputs_path_50_to_100
2038,830351.4884972109,81,P1_outputs_path_50_to_100
2039,853957.2692420231,81,P1_outputs_path_50_to_100
2040,1009591.3192390446,81,P1_outputs_path_50_to_100
2041,962137.7547629672,81,P1_outputs_path_50_to_100
2042,1200394.7758390787,81,P1_outputs_path_50_to_100
2043,1220871.0904271188,81,P1_outputs_path_50_to_100
2044,1365959.4125054234,81,P1_outputs_path_50_to_100
2045,1162228.087663013,81,P1_outputs_path_50_to_100
2046,1329759.0392771815,81,P1_outputs_path_50_to_100
2047,1326712.9755115237,81,P1_outputs_path_50_to_100
2048,1397631.8989627927,81,P1_outputs_path_50_to_100
2049,1291426.0005140216,81,P1_outputs_path_50_to_100
2050,1347942.510737,81,P1_outputs_path_50_to_100
2051,1396739.245889193,81,P1_outputs_path_50_to_100
2052,1774258.424773851,81,P1_outputs_path_50_to_100
2053,1848273.7708979184,81,P1_outputs_path_50_to_100
2054,1907537.803675271,81,P1_outputs_path_50_to_100
2055,1890121.9851811095,81,P1_outputs_path_50_to_100
2056,2047193.9040102167,81,P1_outputs_path_50_to_100
2057,2158604.6523357206,81,P1_outputs_path_50_to_100
2058,2050873.4742271528,81,P1_outputs_path_50_to_100
2059,2117000.980364569,81,P1_outputs_path_50_to_100
2060,2223857.514761816,81,P1_outputs_path_50_to_100
2061,2252903.191415264,81,P1_outputs_path_50_to_100
2062,2364695.3189959885,81,P1_outputs_path_50_to_100
2063,2419628.522628191,81,P1_outputs_path_50_to_100
2064,2504804.341755309,81,P1_outputs_path_50_to_100
2065,2442766.80804979,81,P1_outputs_path_50_to_100
2066,2370079.905894312,81,P1_outputs_path_50_to_100
2067,2539903.3723028176,81,P1_outputs_path_50_to_100
2068,2628473.226664894,81,P1_outputs_path_50_to_100
2069,2589094.058242092,81,P1_outputs_path_50_to_100
2070,2602715.527731532,81,P1_outputs_path_50_to_100
2071,2604584.7396893734,81,P1_outputs_path_50_to_100
2072,2641292.4570542364,81,P1_outputs_path_50_to_100
2073,2663910.347638379,81,P1_outputs_path_50_to_100
2074,775928.6458015142,81,P1_outputs_path_50_to_100
2075,,81,P1_outputs_path_50_to_100
2025,0.0,82,P1_outputs_path_50_to_100
2026,52964.70677069031,82,P1_outputs_path_50_to_100
2027,113393.3142053571,82,P1_outputs_path_50_to_100
2028,198883.2266180854,82,P1_outputs_path_50_to_100
2029,254864.5200854925,82,P1_outputs_path_50_to_100
2030,284055.13531133824,82,P1_outputs_path_50_to_100
2031,279330.3491959566,82,P1_outputs_path_50_to_100
2032,352250.5062255694,82,P1_outputs_path_50_to_100
2033,479761.7430316477,82,P1_outputs_path_50_to_100
2034,610155.6923985619,82,P1_outputs_path_50_to_100
2035,709750.255118944,82,P1_outputs_path_50_to_100
2036,863005.820932306,82,P1_outputs_path_50_to_100
2037,963276.1490088603,82,P1_outputs_path_50_to_100
2038,1001228.2385442868,82,P1_outputs_path_50_to_100
2039,1225312.473972095,82,P1_outputs_path_50_to_100
2040,1420043.594673243,82,P1_outputs_path_50_to_100
2041,1557901.256994009,82,P1_outputs_path_50_to_100
2042,1945775.8580394315,82,P1_outputs_path_50_to_100
2043,2153692.9942390174,82,P1_outputs_path_50_to_100
2044,2063904.815423392,82,P1_outputs_path_50_to_100
2045,2060887.661095672,82,P1_outputs_path_50_to_100
2046,1884290.181325902,82,P1_outputs_path_50_to_100
2047,1793746.3522198922,82,P1_outputs_path_50_to_100
2048,1846626.6575564025,82,P1_outputs_path_50_to_100
2049,1832759.1728695936,82,P1_outputs_path_50_to_100
2050,1885236.902462912,82,P1_outputs_path_50_to_100
2051,1886521.820482163,82,P1_outputs_path_50_to_100
2052,1947248.253103988,82,P1_outputs_path_50_to_100
2053,2121098.4686019686,82,P1_outputs_path_50_to_100
2054,2124465.116932521,82,P1_outputs_path_50_to_100
2055,2363348.8310737857,82,P1_outputs_path_50_to_100
2056,2517360.2565056,82,P1_outputs_path_50_to_100
2057,2610708.192812679,82,P1_outputs_path_50_to_100
2058,2826953.765161655,82,P1_outputs_path_50_to_100
2059,2827191.7440228206,82,P1_outputs_path_50_to_100
2060,2856436.2492207903,82,P1_outputs_path_50_to_100
2061,2838151.8162200693,82,P1_outputs_path_50_to_100
2062,3002630.452886197,82,P1_outputs_path_50_to_100
2063,2876355.0011763955,82,P1_outputs_path_50_to_100
2064,3051435.45231596,82,P1_outputs_path_50_to_100
2065,2982137.0998031646,82,P1_outputs_path_50_to_100
2066,3030230.15678617,82,P1_outputs_path_50_to_100
2067,3066428.8645614823,82,P1_outputs_path_50_to_100
2068,3118732.464429521,82,P1_outputs_path_50_to_100
2069,3026172.426720679,82,P1_outputs_path_50_to_100
2070,3158677.62372271,82,P1_outputs_path_50_to_100
2071,2910888.394545864,82,P1_outputs_path_50_to_100
2072,3041458.5858293194,82,P1_outputs_path_50_to_100
2073,3042782.9445347106,82,P1_outputs_path_50_to_100
2074,1386155.2568441953,82,P1_outputs_path_50_to_100
2075,,82,P1_outputs_path_50_to_100
2025,0.0,83,P1_outputs_path_50_to_100
2026,57624.261416483096,83,P1_outputs_path_50_to_100
2027,117124.98630035568,83,P1_outputs_path_50_to_100
2028,170098.29192348753,83,P1_outputs_path_50_to_100
2029,227406.50795270616,83,P1_outputs_path_50_to_100
2030,317210.9115142361,83,P1_outputs_path_50_to_100
2031,413938.9744015289,83,P1_outputs_path_50_to_100
2032,520539.302718888,83,P1_outputs_path_50_to_100
2033,651629.724267297,83,P1_outputs_path_50_to_100
2034,770941.8652190188,83,P1_outputs_path_50_to_100
2035,885888.7375319805,83,P1_outputs_path_50_to_100
2036,812600.7949635725,83,P1_outputs_path_50_to_100
2037,901017.4377811692,83,P1_outputs_path_50_to_100
2038,1041440.6239485096,83,P1_outputs_path_50_to_100
2039,1011837.8081317344,83,P1_outputs_path_50_to_100
2040,1169255.8871963867,83,P1_outputs_path_50_to_100
2041,1190690.7767132025,83,P1_outputs_path_50_to_100
2042,1353753.929008411,83,P1_outputs_path_50_to_100
2043,1602577.076599261,83,P1_outputs_path_50_to_100
2044,1588356.8645478317,83,P1_outputs_path_50_to_100
2045,1797828.645697218,83,P1_outputs_path_50_to_100
2046,2024494.1660783305,83,P1_outputs_path_50_to_100
2047,1966080.142653236,83,P1_outputs_path_50_to_100
2048,2042169.9132606771,83,P1_outputs_path_50_to_100
2049,2191229.5158855403,83,P1_outputs_path_50_to_100
2050,2085508.229265166,83,P1_outputs_path_50_to_100
2051,2195647.234259098,83,P1_outputs_path_50_to_100
2052,2305310.119022004,83,P1_outputs_path_50_to_100
2053,2442623.6886345474,83,P1_outputs_path_50_to_100
2054,2485550.5177268595,83,P1_outputs_path_50_to_100
2055,2553830.6068264423,83,P1_outputs_path_50_to_100
2056,2768093.0873602685,83,P1_outputs_path_50_to_100
2057,2876822.311570772,83,P1_outputs_path_50_to_100
2058,2839645.645639821,83,P1_outputs_path_50_to_100
2059,3006424.925568196,83,P1_outputs_path_50_to_100
2060,2982735.589116916,83,P1_outputs_path_50_to_100
2061,3032830.163925413,83,P1_outputs_path_50_to_100
2062,2836097.3715170035,83,P1_outputs_path_50_to_100
2063,2809709.058801529,83,P1_outputs_path_50_to_100
2064,2898402.957128469,83,P1_outputs_path_50_to_100
2065,3004090.982992293,83,P1_outputs_path_50_to_100
2066,3079478.2362106917,83,P1_outputs_path_50_to_100
2067,3256666.039753712,83,P1_outputs_path_50_to_100
2068,3490121.571346291,83,P1_outputs_path_50_to_100
2069,3714360.7138293767,83,P1_outputs_path_50_to_100
2070,3662007.547956624,83,P1_outputs_path_50_to_100
2071,3777778.3963114046,83,P1_outputs_path_50_to_100
2072,3467620.143808895,83,P1_outputs_path_50_to_100
2073,3706242.364496287,83,P1_outputs_path_50_to_100
2074,1655876.1127344358,83,P1_outputs_path_50_to_100
2075,,83,P1_outputs_path_50_to_100
2025,0.0,84,P1_outputs_path_50_to_100
2026,56213.54904665906,84,P1_outputs_path_50_to_100
2027,119690.42925319634,84,P1_outputs_path_50_to_100
2028,186875.43359058403,84,P1_outputs_path_50_to_100
2029,282394.7068344011,84,P1_outputs_path_50_to_100
2030,326498.3241667327,84,P1_outputs_path_50_to_100
2031,492570.1940125901,84,P1_outputs_path_50_to_100
2032,502225.1592646075,84,P1_outputs_path_50_to_100
2033,489710.03878428426,84,P1_outputs_path_50_to_100
2034,494888.0606037126,84,P1_outputs_path_50_to_100
2035,606339.3732844285,84,P1_outputs_path_50_to_100
2036,675651.9519723383,84,P1_outputs_path_50_to_100
2037,808938.3532860697,84,P1_outputs_path_50_to_100
2038,1015042.538307356,84,P1_outputs_path_50_to_100
2039,1342743.555254608,84,P1_outputs_path_50_to_100
2040,1436517.5310339483,84,P1_outputs_path_50_to_100
2041,1645263.726662207,84,P1_outputs_path_50_to_100
2042,1653133.2636602656,84,P1_outputs_path_50_to_100
2043,1696298.49794848,84,P1_outputs_path_50_to_100
2044,1801844.010224583,84,P1_outputs_path_50_to_100
2045,1801135.284875874,84,P1_outputs_path_50_to_100
2046,2006299.0594193928,84,P1_outputs_path_50_to_100
2047,1932681.8057413087,84,P1_outputs_path_50_to_100
2048,1878271.7238979863,84,P1_outputs_path_50_to_100
2049,2013953.351173673,84,P1_outputs_path_50_to_100
2050,1971309.1418868967,84,P1_outputs_path_50_to_100
2051,2061449.3769505587,84,P1_outputs_path_50_to_100
2052,2159128.638056946,84,P1_outputs_path_50_to_100
2053,2396715.1234560627,84,P1_outputs_path_50_to_100
2054,2687645.8499789555,84,P1_outputs_path_50_to_100
2055,2646710.08428176,84,P1_outputs_path_50_to_100
2056,2595555.5733977454,84,P1_outputs_path_50_to_100
2057,2826686.309711917,84,P1_outputs_path_50_to_100
2058,2951326.2605249905,84,P1_outputs_path_50_to_100
2059,3082973.92583715,84,P1_outputs_path_50_to_100
2060,3023747.60916559,84,P1_outputs_path_50_to_100
2061,3257972.956064588,84,P1_outputs_path_50_to_100
2062,3399537.878191742,84,P1_outputs_path_50_to_100
2063,3322426.7020615325,84,P1_outputs_path_50_to_100
2064,3311703.479464393,84,P1_outputs_path_50_to_100
2065,3156091.238615295,84,P1_outputs_path_50_to_100
2066,3385870.5018259734,84,P1_outputs_path_50_to_100
2067,3511117.3613466667,84,P1_outputs_path_50_to_100
2068,3148238.711527363,84,P1_outputs_path_50_to_100
2069,2894376.537840602,84,P1_outputs_path_50_to_100
2070,2990040.819799948,84,P1_outputs_path_50_to_100
2071,3114278.30551216,84,P1_outputs_path_50_to_100
2072,3241621.3944346216,84,P1_outputs_path_50_to_100
2073,3300656.479556037,84,P1_outputs_path_50_to_100
2074,1760681.861933505,84,P1_outputs_path_50_to_100
2075,,84,P1_outputs_path_50_to_100
2025,0.0,85,P1_outputs_path_50_to_100
2026,57896.61916313349,85,P1_outputs_path_50_to_100
2027,112895.79324577816,85,P1_outputs_path_50_to_100
2028,168584.3875671766,85,P1_outputs_path_50_to_100
2029,233626.46881291337,85,P1_outputs_path_50_to_100
2030,292211.96429359657,85,P1_outputs_path_50_to_100
2031,334244.02529284847,85,P1_outputs_path_50_to_100
2032,459628.2531035397,85,P1_outputs_path_50_to_100
2033,678640.4113740375,85,P1_outputs_path_50_to_100
2034,40901.43293088232,85,P1_outputs_path_50_to_100
2035,103991.06654133293,85,P1_outputs_path_50_to_100
2036,215790.55003775845,85,P1_outputs_path_50_to_100
2037,278469.55049327004,85,P1_outputs_path_50_to_100
2038,395793.6840375083,85,P1_outputs_path_50_to_100
2039,647545.295779454,85,P1_outputs_path_50_to_100
2040,802293.1519492109,85,P1_outputs_path_50_to_100
2041,820352.5937801301,85,P1_outputs_path_50_to_100
2042,875750.6248959667,85,P1_outputs_path_50_to_100
2043,1032361.671780328,85,P1_outputs_path_50_to_100
2044,838592.2631762502,85,P1_outputs_path_50_to_100
2045,906130.0347167234,85,P1_outputs_path_50_to_100
2046,1023945.5639479604,85,P1_outputs_path_50_to_100
2047,1160052.5716534748,85,P1_outputs_path_50_to_100
2048,1435194.9372673177,85,P1_outputs_path_50_to_100
2049,1445567.5927634118,85,P1_outputs_path_50_to_100
2050,1640010.9174825172,85,P1_outputs_path_50_to_100
2051,1687245.6201707143,85,P1_outputs_path_50_to_100
2052,1813796.3926144536,85,P1_outputs_path_50_to_100
2053,1763789.0974549926,85,P1_outputs_path_50_to_100
2054,2022565.604611344,85,P1_outputs_path_50_to_100
2055,1972943.2577434268,85,P1_outputs_path_50_to_100
2056,1974530.1940126568,85,P1_outputs_path_50_to_100
2057,1983286.1098915364,85,P1_outputs_path_50_to_100
2058,2050092.2800256829,85,P1_outputs_path_50_to_100
2059,2211583.2991223484,85,P1_outputs_path_50_to_100
2060,2346875.1394187263,85,P1_outputs_path_50_to_100
2061,2434564.9608640303,85,P1_outputs_path_50_to_100
2062,2487780.737962873,85,P1_outputs_path_50_to_100
2063,2693583.1053476986,85,P1_outputs_path_50_to_100
2064,2782599.033133902,85,P1_outputs_path_50_to_100
2065,2939205.1038046507,85,P1_outputs_path_50_to_100
2066,3084512.7282588147,85,P1_outputs_path_50_to_100
2067,2834515.048153451,85,P1_outputs_path_50_to_100
2068,3121555.126873215,85,P1_outputs_path_50_to_100
2069,2976768.002318907,85,P1_outputs_path_50_to_100
2070,2830245.4546319093,85,P1_outputs_path_50_to_100
2071,2896443.228789652,85,P1_outputs_path_50_to_100
2072,2992605.517804289,85,P1_outputs_path_50_to_100
2073,3114487.28091753,85,P1_outputs_path_50_to_100
2074,907543.297753174,85,P1_outputs_path_50_to_100
2075,,85,P1_outputs_path_50_to_100
2025,0.0,86,P1_outputs_path_50_to_100
2026,71222.98340698806,86,P1_outputs_path_50_to_100
2027,126624.63937618694,86,P1_outputs_path_50_to_100
2028,173474.6445451553,86,P1_outputs_path_50_to_100
2029,243286.0977743527,86,P1_outputs_path_50_to_100
2030,326572.35553627624,86,P1_outputs_path_50_to_100
2031,483957.7138445,86,P1_outputs_path_50_to_100
2032,716623.1086755809,86,P1_outputs_path_50_to_100
2033,737781.1508991077,86,P1_outputs_path_50_to_100
2034,144939.54520776146,86,P1_outputs_path_50_to_100
2035,197788.4363285672,86,P1_outputs_path_50_to_100
2036,265449.16654931504,86,P1_outputs_path_50_to_100
2037,386408.594576163,86,P1_outputs_path_50_to_100
2038,446994.2591609808,86,P1_outputs_path_50_to_100
2039,592105.1815676881,86,P1_outputs_path_50_to_100
2040,717695.3651760764,86,P1_outputs_path_50_to_100
2041,907643.6328745784,86,P1_outputs_path_50_to_100
2042,1144886.8396563784,86,P1_outputs_path_50_to_100
2043,1272915.165482851,86,P1_outputs_path_50_to_100
2044,1327626.578676224,86,P1_outputs_path_50_to_100
2045,1282876.0957013178,86,P1_outputs_path_50_to_100
2046,1267472.4760903255,86,P1_outputs_path_50_to_100
2047,1489378.5070721835,86,P1_outputs_path_50_to_100
2048,1557621.9022690053,86,P1_outputs_path_50_to_100
2049,1704403.5729575744,86,P1_outputs_path_50_to_100
2050,1584792.3929347696,86,P1_outputs_path_50_to_100
2051,1537467.965347497,86,P1_outputs_path_50_to_100
2052,1396586.08687985,86,P1_outputs_path_50_to_100
2053,1652171.799901035,86,P1_outputs_path_50_to_100
2054,1760384.450696661,86,P1_outputs_path_50_to_100
2055,1807306.163110341,86,P1_outputs_path_50_to_100
2056,1787872.6458210142,86,P1_outputs_path_50_to_100
2057,1952324.2240109264,86,P1_outputs_path_50_to_100
2058,2115275.281929967,86,P1_outputs_path_50_to_100
2059,2088028.655461304,86,P1_outputs_path_50_to_100
2060,2105311.752095323,86,P1_outputs_path_50_to_100
2061,2258003.669863488,86,P1_outputs_path_50_to_100
2062,2420631.7143926267,86,P1_outputs_path_50_to_100
2063,2572742.0739036915,86,P1_outputs_path_50_to_100
2064,2642986.27876213,86,P1_outputs_path_50_to_100
2065,2617733.3856032738,86,P1_outputs_path_50_to_100
2066,2738539.0529045886,86,P1_outputs_path_50_to_100
2067,2682026.114598764,86,P1_outputs_path_50_to_100
2068,2560604.391951167,86,P1_outputs_path_50_to_100
2069,2413237.4194347444,86,P1_outputs_path_50_to_100
2070,2353530.922747718,86,P1_outputs_path_50_to_100
2071,2504865.1105458997,86,P1_outputs_path_50_to_100
2072,2556685.461136663,86,P1_outputs_path_50_to_100
2073,2599037.2064191257,86,P1_outputs_path_50_to_100
2074,789281.9274061017,86,P1_outputs_path_50_to_100
2075,,86,P1_outputs_path_50_to_100
2025,0.0,87,P1_outputs_path_50_to_100
2026,52272.11151961812,87,P1_outputs_path_50_to_100
2027,102492.52578525832,87,P1_outputs_path_50_to_100
2028,177045.46071755985,87,P1_outputs_path_50_to_100
2029,235947.1914301036,87,P1_outputs_path_50_to_100
2030,252200.42218568508,87,P1_outputs_path_50_to_100
2031,276372.96665295906,87,P1_outputs_path_50_to_100
2032,317699.871673114,87,P1_outputs_path_50_to_100
2033,405070.2915921044,87,P1_outputs_path_50_to_100
2034,487684.12599384703,87,P1_outputs_path_50_to_100
2035,597453.3863903955,87,P1_outputs_path_50_to_100
2036,596141.5701281722,87,P1_outputs_path_50_to_100
2037,824752.1845985181,87,P1_outputs_path_50_to_100
2038,1114519.8993285466,87,P1_outputs_path_50_to_100
2039,1178437.1150733638,87,P1_outputs_path_50_to_100
2040,1412424.2514836406,87,P1_outputs_path_50_to_100
2041,1576577.0524997576,87,P1_outputs_path_50_to_100
2042,1781294.987528792,87,P1_outputs_path_50_to_100
2043,1826490.9492844325,87,P1_outputs_path_50_to_100
2044,1692392.4045325352,87,P1_outputs_path_50_to_100
2045,1725797.1033253549,87,P1_outputs_path_50_to_100
2046,1952784.5195405192,87,P1_outputs_path_50_to_100
2047,1942065.8433626955,87,P1_outputs_path_50_to_100
2048,1994947.3944215365,87,P1_outputs_path_50_to_100
2049,2024856.1472688024,87,P1_outputs_path_50_to_100
2050,2160569.779825999,87,P1_outputs_path_50_to_100
2051,2323062.622434356,87,P1_outputs_path_50_to_100
2052,2519008.974986092,87,P1_outputs_path_50_to_100
2053,2617751.577400804,87,P1_outputs_path_50_to_100
2054,2802425.2534355293,87,P1_outputs_path_50_to_100
2055,2890547.902430483,87,P1_outputs_path_50_to_100
2056,2874855.7739179637,87,P1_outputs_path_50_to_100
2057,2814559.8608923466,87,P1_outputs_path_50_to_100
2058,3030445.8842811477,87,P1_outputs_path_50_to_100
2059,2844351.52320902,87,P1_outputs_path_50_to_100
2060,3017350.32071365,87,P1_outputs_path_50_to_100
2061,2905298.3345377776,87,P1_outputs_path_50_to_100
2062,2881159.8018781445,87,P1_outputs_path_50_to_100
2063,3084183.893207136,87,P1_outputs_path_50_to_100
2064,2993243.2250993056,87,P1_outputs_path_50_to_100
2065,3167651.854627766,87,P1_outputs_path_50_to_100
2066,3275977.6591195506,87,P1_outputs_path_50_to_100
2067,3433297.9834561404,87,P1_outputs_path_50_to_100
2068,3408791.4707451104,87,P1_outputs_path_50_to_100
2069,3627272.006474807,87,P1_outputs_path_50_to_100
2070,3878032.454020155,87,P1_outputs_path_50_to_100
2071,3798346.487245087,87,P1_outputs_path_50_to_100
2072,3741687.38501303,87,P1_outputs_path_50_to_100
2073,3799575.154029449,87,P1_outputs_path_50_to_100
2074,2134047.292888346,87,P1_outputs_path_50_to_100
2075,,87,P1_outputs_path_50_to_100
2025,0.0,88,P1_outputs_path_50_to_100
2026,64495.84906906229,88,P1_outputs_path_50_to_100
2027,126350.99420269902,88,P1_outputs_path_50_to_100
2028,205799.93866091355,88,P1_outputs_path_50_to_100
2029,289751.7906254231,88,P1_outputs_path_50_to_100
2030,322322.59720361256,88,P1_outputs_path_50_to_100
2031,414605.0791232801,88,P1_outputs_path_50_to_100
2032,549680.9023321127,88,P1_outputs_path_50_to_100
2033,668275.0762492409,88,P1_outputs_path_50_to_100
2034,711494.0476261069,88,P1_outputs_path_50_to_100
2035,926384.1404579576,88,P1_outputs_path_50_to_100
2036,1040935.2252833238,88,P1_outputs_path_50_to_100
2037,1143028.942474797,88,P1_outputs_path_50_to_100
2038,1280601.5408082318,88,P1_outputs_path_50_to_100
2039,1134810.1588286092,88,P1_outputs_path_50_to_100
2040,1313129.793289735,88,P1_outputs_path_50_to_100
2041,1478029.703280219,88,P1_outputs_path_50_to_100
2042,1645064.4785448213,88,P1_outputs_path_50_to_100
2043,1803151.7695258688,88,P1_outputs_path_50_to_100
2044,1803730.8314414136,88,P1_outputs_path_50_to_100
2045,1877243.945184918,88,P1_outputs_path_50_to_100
2046,2176917.4214486666,88,P1_outputs_path_50_to_100
2047,2199148.59953468,88,P1_outputs_path_50_to_100
2048,2263126.8448542627,88,P1_outputs_path_50_to_100
2049,2343615.738775094,88,P1_outputs_path_50_to_100
2050,2430674.1046643164,88,P1_outputs_path_50_to_100
2051,2291920.630328359,88,P1_outputs_path_50_to_100
2052,2171997.351133966,88,P1_outputs_path_50_to_100
2053,2282914.353180593,88,P1_outputs_path_50_to_100
2054,2190422.5332778245,88,P1_outputs_path_50_to_100
2055,2387817.863816387,88,P1_outputs_path_50_to_100
2056,2473638.812561896,88,P1_outputs_path_50_to_100
2057,2539021.9435917824,88,P1_outputs_path_50_to_100
2058,2680614.8447602144,88,P1_outputs_path_50_to_100
2059,2556989.259155576,88,P1_outputs_path_50_to_100
2060,2737350.61864056,88,P1_outputs_path_50_to_100
2061,2807229.5190880992,88,P1_outputs_path_50_to_100
2062,2843220.261620174,88,P1_outputs_path_50_to_100
2063,2921394.6457227413,88,P1_outputs_path_50_to_100
2064,3002632.5518863527,88,P1_outputs_path_50_to_100
2065,2792036.521977091,88,P1_outputs_path_50_to_100
2066,2765141.7065615114,88,P1_outputs_path_50_to_100
2067,2793923.821170876,88,P1_outputs_path_50_to_100
2068,2765369.317085089,88,P1_outputs_path_50_to_100
2069,3023674.4838740905,88,P1_outputs_path_50_to_100
2070,2815833.22820184,88,P1_outputs_path_50_to_100
2071,3006766.406440963,88,P1_outputs_path_50_to_100
2072,2967655.0405497174,88,P1_outputs_path_50_to_100
2073,2940021.4166794824,88,P1_outputs_path_50_to_100
2074,1201757.408618943,88,P1_outputs_path_50_to_100
2075,,88,P1_outputs_path_50_to_100
2025,0.0,89,P1_outputs_path_50_to_100
2026,46600.76997600295,89,P1_outputs_path_50_to_100
2027,107784.39241500598,89,P1_outputs_path_50_to_100
2028,165226.24469067162,89,P1_outputs_path_50_to_100
2029,239825.44108948304,89,P1_outputs_path_50_to_100
2030,326759.5966648384,89,P1_outputs_path_50_to_100
2031,410891.652440206,89,P1_outputs_path_50_to_100
2032,618460.1191517987,89,P1_outputs_path_50_to_100
2033,637729.7386711317,89,P1_outputs_path_50_to_100
2034,829651.0293804061,89,P1_outputs_path_50_to_100
2035,1053764.119958329,89,P1_outputs_path_50_to_100
2036,1139984.3702705204,89,P1_outputs_path_50_to_100
2037,1053447.645565686,89,P1_outputs_path_50_to_100
2038,1093025.3257039173,89,P1_outputs_path_50_to_100
2039,1062872.2867854792,89,P1_outputs_path_50_to_100
2040,1198081.088673242,89,P1_outputs_path_50_to_100
2041,1333671.7902088496,89,P1_outputs_path_50_to_100
2042,1538864.336210474,89,P1_outputs_path_50_to_100
2043,1779677.231875523,89,P1_outputs_path_50_to_100
2044,1871601.6560131,89,P1_outputs_path_50_to_100
2045,2023809.729571416,89,P1_outputs_path_50_to_100
2046,2049944.5545633545,89,P1_outputs_path_50_to_100
2047,2033118.583174405,89,P1_outputs_path_50_to_100
2048,2107676.670901779,89,P1_outputs_path_50_to_100
2049,2144755.6933083446,89,P1_outputs_path_50_to_100
2050,2264658.8009915976,89,P1_outputs_path_50_to_100
2051,2495850.538851276,89,P1_outputs_path_50_to_100
2052,2447743.092194502,89,P1_outputs_path_50_to_100
2053,2451017.0714294566,89,P1_outputs_path_50_to_100
2054,2430160.0439263107,89,P1_outputs_path_50_to_100
2055,2573348.0836156867,89,P1_outputs_path_50_to_100
2056,2613722.0019531767,89,P1_outputs_path_50_to_100
2057,2692876.373546292,89,P1_outputs_path_50_to_100
2058,2844993.121390881,89,P1_outputs_path_50_to_100
2059,2761812.961952011,89,P1_outputs_path_50_to_100
2060,2708364.6376056545,89,P1_outputs_path_50_to_100
2061,2584268.1346520013,89,P1_outputs_path_50_to_100
2062,2706956.412557492,89,P1_outputs_path_50_to_100
2063,2632224.7454240727,89,P1_outputs_path_50_to_100
2064,2651648.314895916,89,P1_outputs_path_50_to_100
2065,2836808.8067727312,89,P1_outputs_path_50_to_100
2066,2972942.888518358,89,P1_outputs_path_50_to_100
2067,2892272.056431564,89,P1_outputs_path_50_to_100
2068,2945368.197300616,89,P1_outputs_path_50_to_100
2069,3017341.367463638,89,P1_outputs_path_50_to_100
2070,3157530.9586080657,89,P1_outputs_path_50_to_100
2071,3117517.217483072,89,P1_outputs_path_50_to_100
2072,3307684.805934337,89,P1_outputs_path_50_to_100
2073,3494739.080296972,89,P1_outputs_path_50_to_100
2074,1623765.541574063,89,P1_outputs_path_50_to_100
2075,,89,P1_outputs_path_50_to_100
2025,0.0,90,P1_outputs_path_50_to_100
2026,51645.76752506148,90,P1_outputs_path_50_to_100
2027,103682.45068509434,90,P1_outputs_path_50_to_100
2028,164391.6245682103,90,P1_outputs_path_50_to_100
2029,196971.64856067303,90,P1_outputs_path_50_to_100
2030,260542.45366107207,90,P1_outputs_path_50_to_100
2031,344386.4387328304,90,P1_outputs_path_50_to_100
2032,476445.09644565417,90,P1_outputs_path_50_to_100
2033,599323.3430578125,90,P1_outputs_path_50_to_100
2034,506277.1429637991,90,P1_outputs_path_50_to_100
2035,610688.6227456826,90,P1_outputs_path_50_to_100
2036,682012.469218961,90,P1_outputs_path_50_to_100
2037,598251.3486058668,90,P1_outputs_path_50_to_100
2038,667996.7265333022,90,P1_outputs_path_50_to_100
2039,986463.305363182,90,P1_outputs_path_50_to_100
2040,1132683.057267266,90,P1_outputs_path_50_to_100
2041,1032626.1680739252,90,P1_outputs_path_50_to_100
2042,1057784.4674324342,90,P1_outputs_path_50_to_100
2043,1223777.115788574,90,P1_outputs_path_50_to_100
2044,1146914.2787677783,90,P1_outputs_path_50_to_100
2045,1489196.1317502577,90,P1_outputs_path_50_to_100
2046,1490289.5169563433,90,P1_outputs_path_50_to_100
2047,1803764.7270370717,90,P1_outputs_path_50_to_100
2048,1802554.6875541543,90,P1_outputs_path_50_to_100
2049,1860227.960286992,90,P1_outputs_path_50_to_100
2050,1841956.051972769,90,P1_outputs_path_50_to_100
2051,1841055.1948417705,90,P1_outputs_path_50_to_100
2052,2079117.7680794927,90,P1_outputs_path_50_to_100
2053,2066461.4624394649,90,P1_outputs_path_50_to_100
2054,2238913.691670703,90,P1_outputs_path_50_to_100
2055,2239069.579749339,90,P1_outputs_path_50_to_100
2056,2362611.9576561768,90,P1_outputs_path_50_to_100
2057,2429940.575191453,90,P1_outputs_path_50_to_100
2058,2605464.8982879617,90,P1_outputs_path_50_to_100
2059,2735002.7912584203,90,P1_outputs_path_50_to_100
2060,2851826.447312911,90,P1_outputs_path_50_to_100
2061,3035718.714166432,90,P1_outputs_path_50_to_100
2062,3101570.2014558623,90,P1_outputs_path_50_to_100
2063,3320970.0772932926,90,P1_outputs_path_50_to_100
2064,3094950.735686971,90,P1_outputs_path_50_to_100
2065,2869892.0999655,90,P1_outputs_path_50_to_100
2066,2743503.8244819483,90,P1_outputs_path_50_to_100
2067,2858555.715118012,90,P1_outputs_path_50_to_100
2068,3114491.19606614,90,P1_outputs_path_50_to_100
2069,3239295.117886048,90,P1_outputs_path_50_to_100
2070,3262320.284971244,90,P1_outputs_path_50_to_100
2071,3400414.780561587,90,P1_outputs_path_50_to_100
2072,3132300.530757657,90,P1_outputs_path_50_to_100
2073,3278285.4901184705,90,P1_outputs_path_50_to_100
2074,1690277.629044127,90,P1_outputs_path_50_to_100
2075,,90,P1_outputs_path_50_to_100
2025,0.0,91,P1_outputs_path_50_to_100
2026,54649.530129627936,91,P1_outputs_path_50_to_100
2027,127788.2359449888,91,P1_outputs_path_50_to_100
2028,176494.23365386552,91,P1_outputs_path_50_to_100
2029,203552.0829373429,91,P1_outputs_path_50_to_100
2030,250139.09773453692,91,P1_outputs_path_50_to_100
2031,318899.4098209744,91,P1_outputs_path_50_to_100
2032,408472.2632813747,91,P1_outputs_path_50_to_100
2033,453719.6014294797,91,P1_outputs_path_50_to_100
2034,627015.8654711233,91,P1_outputs_path_50_to_100
2035,621156.6835293586,91,P1_outputs_path_50_to_100
2036,731934.9292748432,91,P1_outputs_path_50_to_100
2037,901361.3020176477,91,P1_outputs_path_50_to_100
2038,976380.9697640402,91,P1_outputs_path_50_to_100
2039,1019394.29822536,91,P1_outputs_path_50_to_100
2040,1281805.4504036102,91,P1_outputs_path_50_to_100
2041,1503032.6888182904,91,P1_outputs_path_50_to_100
2042,1726767.2314045902,91,P1_outputs_path_50_to_100
2043,1838217.3702600696,91,P1_outputs_path_50_to_100
2044,1884533.8583130352,91,P1_outputs_path_50_to_100
2045,1947489.9105339216,91,P1_outputs_path_50_to_100
2046,2084824.6490782204,91,P1_outputs_path_50_to_100
2047,2141161.919454161,91,P1_outputs_path_50_to_100
2048,2421503.0806026915,91,P1_outputs_path_50_to_100
2049,2438961.7456565863,91,P1_outputs_path_50_to_100
2050,2498370.4216409847,91,P1_outputs_path_50_to_100
2051,2405552.6304693986,91,P1_outputs_path_50_to_100
2052,2600544.1830212576,91,P1_outputs_path_50_to_100
2053,2708691.2303937706,91,P1_outputs_path_50_to_100
2054,2578257.0122620184,91,P1_outputs_path_50_to_100
2055,2517324.1587469084,91,P1_outputs_path_50_to_100
2056,2428231.77637008,91,P1_outputs_path_50_to_100
2057,2292410.261072109,91,P1_outputs_path_50_to_100
2058,2314103.331127376,91,P1_outputs_path_50_to_100
2059,2322586.8444124227,91,P1_outputs_path_50_to_100
2060,2427263.111648761,91,P1_outputs_path_50_to_100
2061,2581309.285243888,91,P1_outputs_path_50_to_100
2062,2679891.1148801586,91,P1_outputs_path_50_to_100
2063,2802243.680984326,91,P1_outputs_path_50_to_100
2064,2884157.52375303,91,P1_outputs_path_50_to_100
2065,2858845.2822548198,91,P1_outputs_path_50_to_100
2066,3051931.9169029444,91,P1_outputs_path_50_to_100
2067,3156726.512776392,91,P1_outputs_path_50_to_100
2068,3344164.0012094816,91,P1_outputs_path_50_to_100
2069,3336362.451100117,91,P1_outputs_path_50_to_100
2070,3313685.635817431,91,P1_outputs_path_50_to_100
2071,3094966.469033444,91,P1_outputs_path_50_to_100
2072,3064770.274385863,91,P1_outputs_path_50_to_100
2073,3048157.927978189,91,P1_outputs_path_50_to_100
2074,1379499.7909000234,91,P1_outputs_path_50_to_100
2075,,91,P1_outputs_path_50_to_100
2025,0.0,92,P1_outputs_path_50_to_100
2026,51505.35435627952,92,P1_outputs_path_50_to_100
2027,107841.32803569382,92,P1_outputs_path_50_to_100
2028,160774.94322736835,92,P1_outputs_path_50_to_100
2029,252255.69222471595,92,P1_outputs_path_50_to_100
2030,314829.3987416622,92,P1_outputs_path_50_to_100
2031,403640.28515558125,92,P1_outputs_path_50_to_100
2032,469153.46513818944,92,P1_outputs_path_50_to_100
2033,547934.6521359936,92,P1_outputs_path_50_to_100
2034,547824.5702037951,92,P1_outputs_path_50_to_100
2035,599636.5570783213,92,P1_outputs_path_50_to_100
2036,687671.542857783,92,P1_outputs_path_50_to_100
2037,595756.9395548245,92,P1_outputs_path_50_to_100
2038,636091.2858458917,92,P1_outputs_path_50_to_100
2039,607118.4575644658,92,P1_outputs_path_50_to_100
2040,646934.0175760315,92,P1_outputs_path_50_to_100
2041,515568.5907810351,92,P1_outputs_path_50_to_100
2042,522096.4502884635,92,P1_outputs_path_50_to_100
2043,638888.3580240438,92,P1_outputs_path_50_to_100
2044,734913.8771323751,92,P1_outputs_path_50_to_100
2045,851995.5669919603,92,P1_outputs_path_50_to_100
2046,1016331.501768421,92,P1_outputs_path_50_to_100
2047,1151699.474165442,92,P1_outputs_path_50_to_100
2048,1190124.9217695878,92,P1_outputs_path_50_to_100
2049,1206275.1449325578,92,P1_outputs_path_50_to_100
2050,1442438.0263837888,92,P1_outputs_path_50_to_100
2051,1487448.6063894215,92,P1_outputs_path_50_to_100
2052,1633926.086779937,92,P1_outputs_path_50_to_100
2053,1803512.4834068944,92,P1_outputs_path_50_to_100
2054,1978540.298549932,92,P1_outputs_path_50_to_100
2055,2049269.904736428,92,P1_outputs_path_50_to_100
2056,2046261.772704577,92,P1_outputs_path_50_to_100
2057,2008400.2954348412,92,P1_outputs_path_50_to_100
2058,2215617.555145353,92,P1_outputs_path_50_to_100
2059,2266689.0950301425,92,P1_outputs_path_50_to_100
2060,2382636.3450607928,92,P1_outputs_path_50_to_100
2061,2428326.7828636845,92,P1_outputs_path_50_to_100
2062,2349460.2459519105,92,P1_outputs_path_50_to_100
2063,2402622.377411131,92,P1_outputs_path_50_to_100
2064,2700742.493878904,92,P1_outputs_path_50_to_100
2065,2729408.1083063018,92,P1_outputs_path_50_to_100
2066,2877523.1244655075,92,P1_outputs_path_50_to_100
2067,2859948.3647518726,92,P1_outputs_path_50_to_100
2068,2981547.9613284804,92,P1_outputs_path_50_to_100
2069,3155056.067963695,92,P1_outputs_path_50_to_100
2070,3270754.0334712905,92,P1_outputs_path_50_to_100
2071,3092436.0489589013,92,P1_outputs_path_50_to_100
2072,3257315.8799773874,92,P1_outputs_path_50_to_100
2073,3435624.758189988,92,P1_outputs_path_50_to_100
2074,1632637.6814358698,92,P1_outputs_path_50_to_100
2075,,92,P1_outputs_path_50_to_100
2025,0.0,93,P1_outputs_path_50_to_100
2026,54904.89740547104,93,P1_outputs_path_50_to_100
2027,111498.25850016096,93,P1_outputs_path_50_to_100
2028,170066.00118686957,93,P1_outputs_path_50_to_100
2029,246917.6697200014,93,P1_outputs_path_50_to_100
2030,347714.7672129617,93,P1_outputs_path_50_to_100
2031,351948.5328167835,93,P1_outputs_path_50_to_100
2032,511652.38256805605,93,P1_outputs_path_50_to_100
2033,526838.2838595945,93,P1_outputs_path_50_to_100
2034,540081.6291503196,93,P1_outputs_path_50_to_100
2035,575628.102237048,93,P1_outputs_path_50_to_100
2036,689327.0028433108,93,P1_outputs_path_50_to_100
2037,774914.9358974033,93,P1_outputs_path_50_to_100
2038,906085.5855060768,93,P1_outputs_path_50_to_100
2039,1031400.3466504696,93,P1_outputs_path_50_to_100
2040,1135495.5311188395,93,P1_outputs_path_50_to_100
2041,1256376.104785712,93,P1_outputs_path_50_to_100
2042,1521840.0161476834,93,P1_outputs_path_50_to_100
2043,1778609.5923855798,93,P1_outputs_path_50_to_100
2044,1928453.6840566187,93,P1_outputs_path_50_to_100
2045,1975053.174832631,93,P1_outputs_path_50_to_100
2046,2179636.691181624,93,P1_outputs_path_50_to_100
2047,2289075.5713598165,93,P1_outputs_path_50_to_100
2048,2329634.9955470976,93,P1_outputs_path_50_to_100
2049,2363906.0552779594,93,P1_outputs_path_50_to_100
2050,2564043.362965021,93,P1_outputs_path_50_to_100
2051,2704377.038226821,93,P1_outputs_path_50_to_100
2052,2837749.658269653,93,P1_outputs_path_50_to_100
2053,2978984.8269644813,93,P1_outputs_path_50_to_100
2054,3162691.724556211,93,P1_outputs_path_50_to_100
2055,3163390.9797970783,93,P1_outputs_path_50_to_100
2056,3257035.5758599984,93,P1_outputs_path_50_to_100
2057,3295825.280944166,93,P1_outputs_path_50_to_100
2058,3133689.71102121,93,P1_outputs_path_50_to_100
2059,3173838.151862236,93,P1_outputs_path_50_to_100
2060,3112169.044520893,93,P1_outputs_path_50_to_100
2061,2911280.7650662083,93,P1_outputs_path_50_to_100
2062,2941440.077601972,93,P1_outputs_path_50_to_100
2063,3144761.0928193224,93,P1_outputs_path_50_to_100
2064,3048200.5620334195,93,P1_outputs_path_50_to_100
2065,3159757.6912282207,93,P1_outputs_path_50_to_100
2066,3374193.039742094,93,P1_outputs_path_50_to_100
2067,3374441.192789057,93,P1_outputs_path_50_to_100
2068,3646341.4411787977,93,P1_outputs_path_50_to_100
2069,3773072.7938824818,93,P1_outputs_path_50_to_100
2070,3584082.1384316725,93,P1_outputs_path_50_to_100
2071,3741403.3269967567,93,P1_outputs_path_50_to_100
2072,3669727.641362717,93,P1_outputs_path_50_to_100
2073,3766073.069005509,93,P1_outputs_path_50_to_100
2074,1953147.2787716864,93,P1_outputs_path_50_to_100
2075,,93,P1_outputs_path_50_to_100
2025,0.0,94,P1_outputs_path_50_to_100
2026,50260.08135187059,94,P1_outputs_path_50_to_100
2027,99637.59131761263,94,P1_outputs_path_50_to_100
2028,187582.0760916753,94,P1_outputs_path_50_to_100
2029,241558.03022606237,94,P1_outputs_path_50_to_100
2030,313378.85265594977,94,P1_outputs_path_50_to_100
2031,382797.4312310713,94,P1_outputs_path_50_to_100
2032,535211.4200048092,94,P1_outputs_path_50_to_100
2033,728596.6471915983,94,P1_outputs_path_50_to_100
2034,90847.19039287756,94,P1_outputs_path_50_to_100
2035,159261.8270765071,94,P1_outputs_path_50_to_100
2036,229027.5440903278,94,P1_outputs_path_50_to_100
2037,341533.64191318664,94,P1_outputs_path_50_to_100
2038,375830.9150011148,94,P1_outputs_path_50_to_100
2039,490524.9954772008,94,P1_outputs_path_50_to_100
2040,569784.5269960552,94,P1_outputs_path_50_to_100
2041,598894.615275595,94,P1_outputs_path_50_to_100
2042,713420.3344811944,94,P1_outputs_path_50_to_100
2043,832920.6124552634,94,P1_outputs_path_50_to_100
2044,904400.660332263,94,P1_outputs_path_50_to_100
2045,961257.410011144,94,P1_outputs_path_50_to_100
2046,1138509.8010116653,94,P1_outputs_path_50_to_100
2047,1263229.4037878232,94,P1_outputs_path_50_to_100
2048,1380011.363685894,94,P1_outputs_path_50_to_100
2049,1614548.233523499,94,P1_outputs_path_50_to_100
2050,1526222.514464111,94,P1_outputs_path_50_to_100
2051,1900220.212691477,94,P1_outputs_path_50_to_100
2052,1938186.350295683,94,P1_outputs_path_50_to_100
2053,1993354.3062733344,94,P1_outputs_path_50_to_100
2054,1994958.692671641,94,P1_outputs_path_50_to_100
2055,2034273.201306896,94,P1_outputs_path_50_to_100
2056,2216258.552188918,94,P1_outputs_path_50_to_100
2057,2188559.4298796365,94,P1_outputs_path_50_to_100
2058,1989110.2608921416,94,P1_outputs_path_50_to_100
2059,1968470.6845411975,94,P1_outputs_path_50_to_100
2060,2164703.24554341,94,P1_outputs_path_50_to_100
2061,2200598.5177223994,94,P1_outputs_path_50_to_100
2062,2389805.049155232,94,P1_outputs_path_50_to_100
2063,2410970.8453611443,94,P1_outputs_path_50_to_100
2064,2609747.8990998,94,P1_outputs_path_50_to_100
2065,2835485.872133323,94,P1_outputs_path_50_to_100
2066,3036362.321479586,94,P1_outputs_path_50_to_100
2067,3121778.2956169853,94,P1_outputs_path_50_to_100
2068,3287406.248524125,94,P1_outputs_path_50_to_100
2069,3453963.580828148,94,P1_outputs_path_50_to_100
2070,3416572.797073889,94,P1_outputs_path_50_to_100
2071,3431773.505284624,94,P1_outputs_path_50_to_100
2072,3563314.478357804,94,P1_outputs_path_50_to_100
2073,3771414.0957545,94,P1_outputs_path_50_to_100
2074,1878896.7451802928,94,P1_outputs_path_50_to_100
2075,,94,P1_outputs_path_50_to_100
2025,0.0,95,P1_outputs_path_50_to_100
2026,67821.39289332212,95,P1_outputs_path_50_to_100
2027,132637.85375174828,95,P1_outputs_path_50_to_100
2028,205894.8842630336,95,P1_outputs_path_50_to_100
2029,362573.96727864025,95,P1_outputs_path_50_to_100
2030,542021.563797291,95,P1_outputs_path_50_to_100
2031,738093.5050712193,95,P1_outputs_path_50_to_100
2032,805332.4873685339,95,P1_outputs_path_50_to_100
2033,884883.3323876144,95,P1_outputs_path_50_to_100
2034,214142.8053364985,95,P1_outputs_path_50_to_100
2035,301342.9502984239,95,P1_outputs_path_50_to_100
2036,409341.40682336537,95,P1_outputs_path_50_to_100
2037,514057.2172662845,95,P1_outputs_path_50_to_100
2038,524399.111365849,95,P1_outputs_path_50_to_100
2039,632500.0280918167,95,P1_outputs_path_50_to_100
2040,703491.0951200197,95,P1_outputs_path_50_to_100
2041,791607.3682091533,95,P1_outputs_path_50_to_100
2042,780607.270346239,95,P1_outputs_path_50_to_100
2043,614719.842701341,95,P1_outputs_path_50_to_100
2044,517557.1384905518,95,P1_outputs_path_50_to_100
2045,628506.7792222906,95,P1_outputs_path_50_to_100
2046,673106.1059356832,95,P1_outputs_path_50_to_100
2047,794462.5074855727,95,P1_outputs_path_50_to_100
2048,947445.7510869864,95,P1_outputs_path_50_to_100
2049,1122539.2798975487,95,P1_outputs_path_50_to_100
2050,1358662.1801288982,95,P1_outputs_path_50_to_100
2051,1583380.7706320395,95,P1_outputs_path_50_to_100
2052,1850630.1463375892,95,P1_outputs_path_50_to_100
2053,2018828.484514816,95,P1_outputs_path_50_to_100
2054,2066779.987240146,95,P1_outputs_path_50_to_100
2055,2185156.8691034704,95,P1_outputs_path_50_to_100
2056,2028689.9995829149,95,P1_outputs_path_50_to_100
2057,2196248.655673176,95,P1_outputs_path_50_to_100
2058,2119807.4958537444,95,P1_outputs_path_50_to_100
2059,2230045.876045653,95,P1_outputs_path_50_to_100
2060,2228453.122400608,95,P1_outputs_path_50_to_100
2061,2165821.7717530816,95,P1_outputs_path_50_to_100
2062,2241436.17809558,95,P1_outputs_path_50_to_100
2063,2223090.323231112,95,P1_outputs_path_50_to_100
2064,2210350.567478057,95,P1_outputs_path_50_to_100
2065,2346142.663501202,95,P1_outputs_path_50_to_100
2066,2432971.701130072,95,P1_outputs_path_50_to_100
2067,2558519.138412493,95,P1_outputs_path_50_to_100
2068,2562254.100760781,95,P1_outputs_path_50_to_100
2069,2609768.496516441,95,P1_outputs_path_50_to_100
2070,2809260.686347127,95,P1_outputs_path_50_to_100
2071,2904193.270887988,95,P1_outputs_path_50_to_100
2072,3027300.0416467846,95,P1_outputs_path_50_to_100
2073,3034478.001367189,95,P1_outputs_path_50_to_100
2074,1132867.8118199052,95,P1_outputs_path_50_to_100
2075,,95,P1_outputs_path_50_to_100
2025,0.0,96,P1_outputs_path_50_to_100
2026,68150.00654011423,96,P1_outputs_path_50_to_100
2027,137970.5302972765,96,P1_outputs_path_50_to_100
2028,270523.9143171878,96,P1_outputs_path_50_to_100
2029,298512.00778572843,96,P1_outputs_path_50_to_100
2030,313978.8773083565,96,P1_outputs_path_50_to_100
2031,364000.383319245,96,P1_outputs_path_50_to_100
2032,403175.39653850935,96,P1_outputs_path_50_to_100
2033,620207.7777959458,96,P1_outputs_path_50_to_100
2034,685130.2289049418,96,P1_outputs_path_50_to_100
2035,759303.2684242396,96,P1_outputs_path_50_to_100
2036,873296.1182125561,96,P1_outputs_path_50_to_100
2037,1167380.8287302365,96,P1_outputs_path_50_to_100
2038,1469699.0059065374,96,P1_outputs_path_50_to_100
2039,1857375.8343606745,96,P1_outputs_path_50_to_100
2040,1939062.1605171496,96,P1_outputs_path_50_to_100
2041,1885800.5825729345,96,P1_outputs_path_50_to_100
2042,2013149.9754797264,96,P1_outputs_path_50_to_100
2043,2205919.422514336,96,P1_outputs_path_50_to_100
2044,2050292.236735309,96,P1_outputs_path_50_to_100
2045,2213113.647990328,96,P1_outputs_path_50_to_100
2046,2131004.128545102,96,P1_outputs_path_50_to_100
2047,2176991.6127673746,96,P1_outputs_path_50_to_100
2048,2159148.0313305464,96,P1_outputs_path_50_to_100
2049,2209366.510708914,96,P1_outputs_path_50_to_100
2050,2134080.3874789146,96,P1_outputs_path_50_to_100
2051,2097250.3265186227,96,P1_outputs_path_50_to_100
2052,2343832.948591926,96,P1_outputs_path_50_to_100
2053,2463890.4853825853,96,P1_outputs_path_50_to_100
2054,2636534.101512885,96,P1_outputs_path_50_to_100
2055,2747569.1011735443,96,P1_outputs_path_50_to_100
2056,2838237.827260069,96,P1_outputs_path_50_to_100
2057,2760245.175549584,96,P1_outputs_path_50_to_100
2058,2670425.1507527297,96,P1_outputs_path_50_to_100
2059,2663420.117469827,96,P1_outputs_path_50_to_100
2060,2707631.432233701,96,P1_outputs_path_50_to_100
2061,2638966.5607860656,96,P1_outputs_path_50_to_100
2062,2797116.780046858,96,P1_outputs_path_50_to_100
2063,2639807.6045440915,96,P1_outputs_path_50_to_100
2064,2659978.186050429,96,P1_outputs_path_50_to_100
2065,2788321.267564113,96,P1_outputs_path_50_to_100
2066,2971545.739363479,96,P1_outputs_path_50_to_100
2067,3187665.135268578,96,P1_outputs_path_50_to_100
2068,3255845.318739076,96,P1_outputs_path_50_to_100
2069,3374343.148079382,96,P1_outputs_path_50_to_100
2070,3384247.329387446,96,P1_outputs_path_50_to_100
2071,3214090.8979908507,96,P1_outputs_path_50_to_100
2072,3235715.058922421,96,P1_outputs_path_50_to_100
2073,3376921.3834685497,96,P1_outputs_path_50_to_100
2074,1493230.5518490097,96,P1_outputs_path_50_to_100
2075,,96,P1_outputs_path_50_to_100
2025,0.0,97,P1_outputs_path_50_to_100
2026,69884.28335468083,97,P1_outputs_path_50_to_100
2027,131382.4161483133,97,P1_outputs_path_50_to_100
2028,195305.6149007858,97,P1_outputs_path_50_to_100
2029,395670.4130013138,97,P1_outputs_path_50_to_100
2030,543106.594921622,97,P1_outputs_path_50_to_100
2031,806166.7692921213,97,P1_outputs_path_50_to_100
2032,870474.8632923007,97,P1_outputs_path_50_to_100
2033,929886.4410267164,97,P1_outputs_path_50_to_100
2034,271388.8157620084,97,P1_outputs_path_50_to_100
2035,375204.4291428649,97,P1_outputs_path_50_to_100
2036,387287.21493039257,97,P1_outputs_path_50_to_100
2037,457849.73034516745,97,P1_outputs_path_50_to_100
2038,581668.323442021,97,P1_outputs_path_50_to_100
2039,597299.4719526238,97,P1_outputs_path_50_to_100
2040,786775.7810064686,97,P1_outputs_path_50_to_100
2041,905067.2962033944,97,P1_outputs_path_50_to_100
2042,989875.548081824,97,P1_outputs_path_50_to_100
2043,1260588.7536691732,97,P1_outputs_path_50_to_100
2044,1414965.5303678846,97,P1_outputs_path_50_to_100
2045,1653324.258472453,97,P1_outputs_path_50_to_100
2046,1878893.8637310488,97,P1_outputs_path_50_to_100
2047,1712797.1784058132,97,P1_outputs_path_50_to_100
2048,1859842.532925794,97,P1_outputs_path_50_to_100
2049,1833069.576209247,97,P1_outputs_path_50_to_100
2050,2203577.064131425,97,P1_outputs_path_50_to_100
2051,2294122.539595479,97,P1_outputs_path_50_to_100
2052,2279105.194743782,97,P1_outputs_path_50_to_100
2053,2202471.797748661,97,P1_outputs_path_50_to_100
2054,2335872.022074549,97,P1_outputs_path_50_to_100
2055,2533696.8292196197,97,P1_outputs_path_50_to_100
2056,2581595.4639385752,97,P1_outputs_path_50_to_100
2057,2418430.8618711927,97,P1_outputs_path_50_to_100
2058,2505978.422661484,97,P1_outputs_path_50_to_100
2059,2624716.2023334485,97,P1_outputs_path_50_to_100
2060,2799920.3908233917,97,P1_outputs_path_50_to_100
2061,2778157.0698664,97,P1_outputs_path_50_to_100
2062,2640523.907938745,97,P1_outputs_path_50_to_100
2063,2682539.394714704,97,P1_outputs_path_50_to_100
2064,2921120.57934793,97,P1_outputs_path_50_to_100
2065,3037935.873202725,97,P1_outputs_path_50_to_100
2066,2975073.518059368,97,P1_outputs_path_50_to_100
2067,3138015.1425114176,97,P1_outputs_path_50_to_100
2068,3206688.1559590106,97,P1_outputs_path_50_to_100
2069,3335050.657603397,97,P1_outputs_path_50_to_100
2070,3434454.5046909465,97,P1_outputs_path_50_to_100
2071,3577667.2554195486,97,P1_outputs_path_50_to_100
2072,3501090.0665475526,97,P1_outputs_path_50_to_100
2073,3884753.752452029,97,P1_outputs_path_50_to_100
2074,2007019.3012893936,97,P1_outputs_path_50_to_100
2075,,97,P1_outputs_path_50_to_100
2025,0.0,98,P1_outputs_path_50_to_100
2026,70155.54955648788,98,P1_outputs_path_50_to_100
2027,127708.11962987694,98,P1_outputs_path_50_to_100
2028,202178.17710378824,98,P1_outputs_path_50_to_100
2029,282801.4212974271,98,P1_outputs_path_50_to_100
2030,380756.29177810566,98,P1_outputs_path_50_to_100
2031,523025.1204034304,98,P1_outputs_path_50_to_100
2032,569792.1299112594,98,P1_outputs_path_50_to_100
2033,699656.2900540405,98,P1_outputs_path_50_to_100
2034,69335.62373005867,98,P1_outputs_path_50_to_100
2035,149078.66368823382,98,P1_outputs_path_50_to_100
2036,255060.15077605587,98,P1_outputs_path_50_to_100
2037,361121.56379154086,98,P1_outputs_path_50_to_100
2038,488662.9169951807,98,P1_outputs_path_50_to_100
2039,666896.1525944014,98,P1_outputs_path_50_to_100
2040,898741.416243052,98,P1_outputs_path_50_to_100
2041,984366.1439506236,98,P1_outputs_path_50_to_100
2042,1132206.5984348566,98,P1_outputs_path_50_to_100
2043,1370029.602754739,98,P1_outputs_path_50_to_100
2044,1299252.11699329,98,P1_outputs_path_50_to_100
2045,1471057.3576044147,98,P1_outputs_path_50_to_100
2046,1395151.765918661,98,P1_outputs_path_50_to_100
2047,1496994.7966153964,98,P1_outputs_path_50_to_100
2048,1514832.2876026304,98,P1_outputs_path_50_to_100
2049,1684403.1251644562,98,P1_outputs_path_50_to_100
2050,1934777.5303868984,98,P1_outputs_path_50_to_100
2051,1852106.987422054,98,P1_outputs_path_50_to_100
2052,2055080.3658968636,98,P1_outputs_path_50_to_100
2053,2105317.124336373,98,P1_outputs_path_50_to_100
2054,2106719.588880354,98,P1_outputs_path_50_to_100
2055,2237091.498228586,98,P1_outputs_path_50_to_100
2056,2397682.6571856467,98,P1_outputs_path_50_to_100
2057,2493767.405981367,98,P1_outputs_path_50_to_100
2058,2568459.222335118,98,P1_outputs_path_50_to_100
2059,2622571.947750092,98,P1_outputs_path_50_to_100
2060,2743391.5864693257,98,P1_outputs_path_50_to_100
2061,2651361.534307164,98,P1_outputs_path_50_to_100
2062,2638246.707170533,98,P1_outputs_path_50_to_100
2063,2632261.0248157107,98,P1_outputs_path_50_to_100
2064,2752133.2671365533,98,P1_outputs_path_50_to_100
2065,2747004.072538806,98,P1_outputs_path_50_to_100
2066,2919357.281577266,98,P1_outputs_path_50_to_100
2067,3074426.278561102,98,P1_outputs_path_50_to_100
2068,3148629.987944743,98,P1_outputs_path_50_to_100
2069,3124510.577310603,98,P1_outputs_path_50_to_100
2070,3242830.87466868,98,P1_outputs_path_50_to_100
2071,3442596.3794262866,98,P1_outputs_path_50_to_100
2072,3476106.694005916,98,P1_outputs_path_50_to_100
2073,3617834.919586146,98,P1_outputs_path_50_to_100
2074,1978388.13592224,98,P1_outputs_path_50_to_100
2075,,98,P1_outputs_path_50_to_100
2025,0.0,99,P1_outputs_path_50_to_100
2026,67703.14537316907,99,P1_outputs_path_50_to_100
2027,118122.99114971777,99,P1_outputs_path_50_to_100
2028,189628.4225863025,99,P1_outputs_path_50_to_100
2029,230060.6155889826,99,P1_outputs_path_50_to_100
2030,279517.1999539652,99,P1_outputs_path_50_to_100
2031,310172.1344762102,99,P1_outputs_path_50_to_100
2032,351295.0834731525,99,P1_outputs_path_50_to_100
2033,462164.2564612865,99,P1_outputs_path_50_to_100
2034,511340.4797143149,99,P1_outputs_path_50_to_100
2035,720814.6729014602,99,P1_outputs_path_50_to_100
2036,868636.1851125478,99,P1_outputs_path_50_to_100
2037,910843.2431047002,99,P1_outputs_path_50_to_100
2038,1280581.8351517543,99,P1_outputs_path_50_to_100
2039,1444685.0387874388,99,P1_outputs_path_50_to_100
2040,1381134.706286525,99,P1_outputs_path_50_to_100
2041,1323852.743178884,99,P1_outputs_path_50_to_100
2042,1361596.3592435808,99,P1_outputs_path_50_to_100
2043,1438374.944968396,99,P1_outputs_path_50_to_100
2044,1497167.2470929744,99,P1_outputs_path_50_to_100
2045,1437168.3967940258,99,P1_outputs_path_50_to_100
2046,1646478.6802124458,99,P1_outputs_path_50_to_100
2047,1635273.6066612452,99,P1_outputs_path_50_to_100
2048,1760541.762972752,99,P1_outputs_path_50_to_100
2049,1759703.6839373778,99,P1_outputs_path_50_to_100
2050,1599265.6431158374,99,P1_outputs_path_50_to_100
2051,1898908.753063512,99,P1_outputs_path_50_to_100
2052,1976207.876497912,99,P1_outputs_path_50_to_100
2053,2048432.853352736,99,P1_outputs_path_50_to_100
2054,2182680.2462507966,99,P1_outputs_path_50_to_100
2055,2204359.096806545,99,P1_outputs_path_50_to_100
2056,2248129.1283449084,99,P1_outputs_path_50_to_100
2057,2085389.487167256,99,P1_outputs_path_50_to_100
2058,2146313.393996753,99,P1_outputs_path_50_to_100
2059,2193661.0917573976,99,P1_outputs_path_50_to_100
2060,2346003.610190534,99,P1_outputs_path_50_to_100
2061,2215742.7997243144,99,P1_outputs_path_50_to_100
2062,2437761.4310880573,99,P1_outputs_path_50_to_100
2063,2603888.955923038,99,P1_outputs_path_50_to_100
2064,2709352.5085872435,99,P1_outputs_path_50_to_100
2065,2857539.882565012,99,P1_outputs_path_50_to_100
2066,3002718.231512234,99,P1_outputs_path_50_to_100
2067,3146354.168620364,99,P1_outputs_path_50_to_100
2068,3213617.0181260323,99,P1_outputs_path_50_to_100
2069,3421916.948795837,99,P1_outputs_path_50_to_100
2070,3320124.6565786167,99,P1_outputs_path_50_to_100
2071,3105443.7538679126,99,P1_outputs_path_50_to_100
2072,3093706.658539836,99,P1_outputs_path_50_to_100
2073,3167079.064843951,99,P1_outputs_path_50_to_100
2074,1369334.8223053257,99,P1_outputs_path_50_to_100
2075,,99,P1_outputs_path_50_to_100
2025,0.0,100,P1_outputs_path_100_to_300
2026,72031.58243680328,100,P1_outputs_path_100_to_300
2027,134547.10499327167,100,P1_outputs_path_100_to_300
2028,201976.53516533977,100,P1_outputs_path_100_to_300
2029,301158.5810439379,100,P1_outputs_path_100_to_300
2030,282355.6135919234,100,P1_outputs_path_100_to_300
2031,533932.1620347523,100,P1_outputs_path_100_to_300
2032,718334.713041502,100,P1_outputs_path_100_to_300
2033,775588.642201381,100,P1_outputs_path_100_to_300
2034,135259.12806779612,100,P1_outputs_path_100_to_300
2035,219986.02998992783,100,P1_outputs_path_100_to_300
2036,283870.9844860042,100,P1_outputs_path_100_to_300
2037,323871.16111272445,100,P1_outputs_path_100_to_300
2038,399498.0168948709,100,P1_outputs_path_100_to_300
2039,569497.055516631,100,P1_outputs_path_100_to_300
2040,644445.0202122509,100,P1_outputs_path_100_to_300
2041,968229.2165761506,100,P1_outputs_path_100_to_300
2042,1121172.6593024477,100,P1_outputs_path_100_to_300
2043,1411880.9565585633,100,P1_outputs_path_100_to_300
2044,1405809.6265263483,100,P1_outputs_path_100_to_300
2045,1425302.5780403938,100,P1_outputs_path_100_to_300
2046,1372508.583096954,100,P1_outputs_path_100_to_300
2047,1545178.8792448908,100,P1_outputs_path_100_to_300
2048,1585403.837761767,100,P1_outputs_path_100_to_300
2049,1585452.2202133643,100,P1_outputs_path_100_to_300
2050,1585763.5230291083,100,P1_outputs_path_100_to_300
2051,1705348.6443638045,100,P1_outputs_path_100_to_300
2052,1812873.450766024,100,P1_outputs_path_100_to_300
2053,1695650.2665316623,100,P1_outputs_path_100_to_300
2054,1926157.4839568087,100,P1_outputs_path_100_to_300
2055,2058695.4618373327,100,P1_outputs_path_100_to_300
2056,2151949.8564278823,100,P1_outputs_path_100_to_300
2057,2427621.3208536464,100,P1_outputs_path_100_to_300
2058,2420373.6886209133,100,P1_outputs_path_100_to_300
2059,2511366.342223149,100,P1_outputs_path_100_to_300
2060,2402861.84568891,100,P1_outputs_path_100_to_300
2061,2363210.3534148047,100,P1_outputs_path_100_to_300
2062,2360928.9050298533,100,P1_outputs_path_100_to_300
2063,2349024.538623806,100,P1_outputs_path_100_to_300
2064,2188978.870250657,100,P1_outputs_path_100_to_300
2065,2250947.2617571857,100,P1_outputs_path_100_to_300
2066,2394734.54803166,100,P1_outputs_path_100_to_300
2067,2563462.0385856377,100,P1_outputs_path_100_to_300
2068,2747075.7085013757,100,P1_outputs_path_100_to_300
2069,2894024.197947704,100,P1_outputs_path_100_to_300
2070,2811893.817576932,100,P1_outputs_path_100_to_300
2071,2665049.8263861025,100,P1_outputs_path_100_to_300
2072,2508882.644078697,100,P1_outputs_path_100_to_300
2073,2560356.518920552,100,P1_outputs_path_100_to_300
2074,635005.6204307403,100,P1_outputs_path_100_to_300
2075,,100,P1_outputs_path_100_to_300
2025,0.0,101,P1_outputs_path_100_to_300
2026,51243.38159178699,101,P1_outputs_path_100_to_300
2027,107763.11987911406,101,P1_outputs_path_100_to_300
2028,159039.12647786306,101,P1_outputs_path_100_to_300
2029,342545.6699350222,101,P1_outputs_path_100_to_300
2030,414598.0950959466,101,P1_outputs_path_100_to_300
2031,594520.0350006658,101,P1_outputs_path_100_to_300
2032,750185.3419028153,101,P1_outputs_path_100_to_300
2033,759530.7953398107,101,P1_outputs_path_100_to_300
2034,124396.07238187618,101,P1_outputs_path_100_to_300
2035,221788.85194441356,101,P1_outputs_path_100_to_300
2036,324266.3752097188,101,P1_outputs_path_100_to_300
2037,427136.6331286267,101,P1_outputs_path_100_to_300
2038,485858.37636339455,101,P1_outputs_path_100_to_300
2039,677048.6750807178,101,P1_outputs_path_100_to_300
2040,688650.526766489,101,P1_outputs_path_100_to_300
2041,760147.5903508828,101,P1_outputs_path_100_to_300
2042,859368.5697677422,101,P1_outputs_path_100_to_300
2043,1036217.8660071432,101,P1_outputs_path_100_to_300
2044,1030578.9945668236,101,P1_outputs_path_100_to_300
2045,1010467.1676248632,101,P1_outputs_path_100_to_300
2046,1111301.9698522682,101,P1_outputs_path_100_to_300
2047,1403801.236345967,101,P1_outputs_path_100_to_300
2048,1640963.634050918,101,P1_outputs_path_100_to_300
2049,1731719.209601799,101,P1_outputs_path_100_to_300
2050,1976842.1210039672,101,P1_outputs_path_100_to_300
2051,1931630.0389018413,101,P1_outputs_path_100_to_300
2052,1976818.478122328,101,P1_outputs_path_100_to_300
2053,2096148.300044669,101,P1_outputs_path_100_to_300
2054,2217531.8608658826,101,P1_outputs_path_100_to_300
2055,2144967.0187383853,101,P1_outputs_path_100_to_300
2056,2118877.766064663,101,P1_outputs_path_100_to_300
2057,2120920.321720994,101,P1_outputs_path_100_to_300
2058,2274371.190662824,101,P1_outputs_path_100_to_300
2059,2406964.6981905717,101,P1_outputs_path_100_to_300
2060,2509686.159349311,101,P1_outputs_path_100_to_300
2061,2512168.404955744,101,P1_outputs_path_100_to_300
2062,2520312.7958505726,101,P1_outputs_path_100_to_300
2063,2659146.105487437,101,P1_outputs_path_100_to_300
2064,2805038.1781179123,101,P1_outputs_path_100_to_300
2065,2964883.721502052,101,P1_outputs_path_100_to_300
2066,3053686.19974739,101,P1_outputs_path_100_to_300
2067,2994279.900147643,101,P1_outputs_path_100_to_300
2068,3175709.3870556285,101,P1_outputs_path_100_to_300
2069,3368395.62193836,101,P1_outputs_path_100_to_300
2070,3205198.140961192,101,P1_outputs_path_100_to_300
2071,3348471.9380190293,101,P1_outputs_path_100_to_300
2072,3498712.8641725555,101,P1_outputs_path_100_to_300
2073,3287632.747690364,101,P1_outputs_path_100_to_300
2074,1646886.5213151856,101,P1_outputs_path_100_to_300
2075,,101,P1_outputs_path_100_to_300
2025,0.0,102,P1_outputs_path_100_to_300
2026,68939.32298434307,102,P1_outputs_path_100_to_300
2027,131617.20132682973,102,P1_outputs_path_100_to_300
2028,204090.5612042155,102,P1_outputs_path_100_to_300
2029,230934.54747223065,102,P1_outputs_path_100_to_300
2030,292011.8055422825,102,P1_outputs_path_100_to_300
2031,278964.1319686383,102,P1_outputs_path_100_to_300
2032,485588.4603382093,102,P1_outputs_path_100_to_300
2033,506725.7746352445,102,P1_outputs_path_100_to_300
2034,607712.07088516,102,P1_outputs_path_100_to_300
2035,578726.6774552388,102,P1_outputs_path_100_to_300
2036,619514.4921363472,102,P1_outputs_path_100_to_300
2037,720865.9341526849,102,P1_outputs_path_100_to_300
2038,898854.4161250278,102,P1_outputs_path_100_to_300
2039,910842.3541516872,102,P1_outputs_path_100_to_300
2040,993845.7507650696,102,P1_outputs_path_100_to_300
2041,996773.5548453828,102,P1_outputs_path_100_to_300
2042,1070179.8568445744,102,P1_outputs_path_100_to_300
2043,1367229.2524860566,102,P1_outputs_path_100_to_300
2044,1352823.3963032602,102,P1_outputs_path_100_to_300
2045,1438779.59120387,102,P1_outputs_path_100_to_300
2046,1794211.9995726957,102,P1_outputs_path_100_to_300
2047,1891321.8208450335,102,P1_outputs_path_100_to_300
2048,2041431.3467272772,102,P1_outputs_path_100_to_300
2049,2049377.9401160832,102,P1_outputs_path_100_to_300
2050,1942707.8298116296,102,P1_outputs_path_100_to_300
2051,2133473.021641505,102,P1_outputs_path_100_to_300
2052,2251796.2324254108,102,P1_outputs_path_100_to_300
2053,2385148.264904258,102,P1_outputs_path_100_to_300
2054,2441944.1831905684,102,P1_outputs_path_100_to_300
2055,2400560.2647856125,102,P1_outputs_path_100_to_300
2056,2544013.0856868485,102,P1_outputs_path_100_to_300
2057,2518441.4030579547,102,P1_outputs_path_100_to_300
2058,2509354.984164601,102,P1_outputs_path_100_to_300
2059,2575926.601549481,102,P1_outputs_path_100_to_300
2060,2565097.3983704243,102,P1_outputs_path_100_to_300
2061,2642340.4411794487,102,P1_outputs_path_100_to_300
2062,2561957.144228837,102,P1_outputs_path_100_to_300
2063,2444611.968458915,102,P1_outputs_path_100_to_300
2064,2647324.687121554,102,P1_outputs_path_100_to_300
2065,2693343.28203752,102,P1_outputs_path_100_to_300
2066,2785575.85035875,102,P1_outputs_path_100_to_300
2067,2848069.3571631755,102,P1_outputs_path_100_to_300
2068,3059073.58667717,102,P1_outputs_path_100_to_300
2069,3009471.2383707277,102,P1_outputs_path_100_to_300
2070,3156038.726634552,102,P1_outputs_path_100_to_300
2071,3108289.468531572,102,P1_outputs_path_100_to_300
2072,3097146.728185937,102,P1_outputs_path_100_to_300
2073,3223071.816726696,102,P1_outputs_path_100_to_300
2074,1283507.8384140583,102,P1_outputs_path_100_to_300
2075,,102,P1_outputs_path_100_to_300
2025,0.0,103,P1_outputs_path_100_to_300
2026,60043.07625140502,103,P1_outputs_path_100_to_300
2027,117762.52183667196,103,P1_outputs_path_100_to_300
2028,194966.9640045945,103,P1_outputs_path_100_to_300
2029,264198.5840517166,103,P1_outputs_path_100_to_300
2030,335865.60098685307,103,P1_outputs_path_100_to_300
2031,319055.93577901216,103,P1_outputs_path_100_to_300
2032,434253.7509957263,103,P1_outputs_path_100_to_300
2033,542114.0803618677,103,P1_outputs_path_100_to_300
2034,552386.1878067906,103,P1_outputs_path_100_to_300
2035,728556.422368843,103,P1_outputs_path_100_to_300
2036,789450.730972403,103,P1_outputs_path_100_to_300
2037,838113.3227831102,103,P1_outputs_path_100_to_300
2038,907011.8762851804,103,P1_outputs_path_100_to_300
2039,1035425.7762392288,103,P1_outputs_path_100_to_300
2040,1250390.0274133328,103,P1_outputs_path_100_to_300
2041,1478922.7837472772,103,P1_outputs_path_100_to_300
2042,1420841.5387303045,103,P1_outputs_path_100_to_300
2043,1548795.5258057788,103,P1_outputs_path_100_to_300
2044,1725883.4725301869,103,P1_outputs_path_100_to_300
2045,1928573.7616987147,103,P1_outputs_path_100_to_300
2046,1786692.4366248818,103,P1_outputs_path_100_to_300
2047,1944084.3402146883,103,P1_outputs_path_100_to_300
2048,2120298.3697752906,103,P1_outputs_path_100_to_300
2049,2211239.751073988,103,P1_outputs_path_100_to_300
2050,2400816.364728705,103,P1_outputs_path_100_to_300
2051,2376291.5583115118,103,P1_outputs_path_100_to_300
2052,2523538.7535274094,103,P1_outputs_path_100_to_300
2053,2741556.049862275,103,P1_outputs_path_100_to_300
2054,2854334.910391466,103,P1_outputs_path_100_to_300
2055,2717608.592673303,103,P1_outputs_path_100_to_300
2056,2740378.864915896,103,P1_outputs_path_100_to_300
2057,2875423.2910763896,103,P1_outputs_path_100_to_300
2058,2942284.4727503792,103,P1_outputs_path_100_to_300
2059,3149738.204068265,103,P1_outputs_path_100_to_300
2060,3121902.532724751,103,P1_outputs_path_100_to_300
2061,3405749.8498433847,103,P1_outputs_path_100_to_300
2062,3502262.294568614,103,P1_outputs_path_100_to_300
2063,3469856.306455569,103,P1_outputs_path_100_to_300
2064,3245931.6041257265,103,P1_outputs_path_100_to_300
2065,3372830.084599345,103,P1_outputs_path_100_to_300
2066,3409299.6671242416,103,P1_outputs_path_100_to_300
2067,3305647.896868239,103,P1_outputs_path_100_to_300
2068,3568187.221883701,103,P1_outputs_path_100_to_300
2069,3452551.178728352,103,P1_outputs_path_100_to_300
2070,3560937.433187509,103,P1_outputs_path_100_to_300
2071,3823346.348178378,103,P1_outputs_path_100_to_300
2072,3903606.77871654,103,P1_outputs_path_100_to_300
2073,3865320.443500539,103,P1_outputs_path_100_to_300
2074,2025111.4697168528,103,P1_outputs_path_100_to_300
2075,,103,P1_outputs_path_100_to_300
2025,0.0,104,P1_outputs_path_100_to_300
2026,62730.25735927311,104,P1_outputs_path_100_to_300
2027,116188.22937629488,104,P1_outputs_path_100_to_300
2028,186448.85700221983,104,P1_outputs_path_100_to_300
2029,303962.46260931226,104,P1_outputs_path_100_to_300
2030,425839.13624082087,104,P1_outputs_path_100_to_300
2031,491413.0031433597,104,P1_outputs_path_100_to_300
2032,615053.9336732284,104,P1_outputs_path_100_to_300
2033,759077.8801278125,104,P1_outputs_path_100_to_300
2034,114644.91919694562,104,P1_outputs_path_100_to_300
2035,184140.6830728999,104,P1_outputs_path_100_to_300
2036,197810.7565405116,104,P1_outputs_path_100_to_300
2037,207194.40897737764,104,P1_outputs_path_100_to_300
2038,313672.5099363134,104,P1_outputs_path_100_to_300
2039,391612.4235591084,104,P1_outputs_path_100_to_300
2040,472571.1790193751,104,P1_outputs_path_100_to_300
2041,552349.8010597056,104,P1_outputs_path_100_to_300
2042,472276.4886613301,104,P1_outputs_path_100_to_300
2043,743306.98516393,104,P1_outputs_path_100_to_300
2044,982560.7114480328,104,P1_outputs_path_100_to_300
2045,1123632.964666227,104,P1_outputs_path_100_to_300
2046,1134204.8018718888,104,P1_outputs_path_100_to_300
2047,1235355.0592309244,104,P1_outputs_path_100_to_300
2048,1612487.5484281431,104,P1_outputs_path_100_to_300
2049,1599352.0567551383,104,P1_outputs_path_100_to_300
2050,1737803.6695009058,104,P1_outputs_path_100_to_300
2051,1808714.98194006,104,P1_outputs_path_100_to_300
2052,1908091.1066113105,104,P1_outputs_path_100_to_300
2053,2030264.66588943,104,P1_outputs_path_100_to_300
2054,2146924.846242786,104,P1_outputs_path_100_to_300
2055,2109234.1255414486,104,P1_outputs_path_100_to_300
2056,2271917.319296129,104,P1_outputs_path_100_to_300
2057,2334544.63539752,104,P1_outputs_path_100_to_300
2058,2360186.7440334414,104,P1_outputs_path_100_to_300
2059,2521681.544660333,104,P1_outputs_path_100_to_300
2060,2708313.6580052045,104,P1_outputs_path_100_to_300
2061,2627986.9048856213,104,P1_outputs_path_100_to_300
2062,2630003.364262721,104,P1_outputs_path_100_to_300
2063,2607374.2697554366,104,P1_outputs_path_100_to_300
2064,2587578.4254366257,104,P1_outputs_path_100_to_300
2065,2816001.8544140286,104,P1_outputs_path_100_to_300
2066,3046256.3092711456,104,P1_outputs_path_100_to_300
2067,3150866.0225975784,104,P1_outputs_path_100_to_300
2068,3106091.702840788,104,P1_outputs_path_100_to_300
2069,2997800.2821665728,104,P1_outputs_path_100_to_300
2070,2899892.4813879845,104,P1_outputs_path_100_to_300
2071,3075648.428012958,104,P1_outputs_path_100_to_300
2072,3210955.891611,104,P1_outputs_path_100_to_300
2073,3478400.460838207,104,P1_outputs_path_100_to_300
2074,1784350.9722250004,104,P1_outputs_path_100_to_300
2075,,104,P1_outputs_path_100_to_300
2025,0.0,105,P1_outputs_path_100_to_300
2026,46949.619804071015,105,P1_outputs_path_100_to_300
2027,104092.12821235822,105,P1_outputs_path_100_to_300
2028,173599.67754421942,105,P1_outputs_path_100_to_300
2029,230523.57248741665,105,P1_outputs_path_100_to_300
2030,221262.91289883712,105,P1_outputs_path_100_to_300
2031,359715.68967905047,105,P1_outputs_path_100_to_300
2032,474343.1622813889,105,P1_outputs_path_100_to_300
2033,568035.2507495991,105,P1_outputs_path_100_to_300
2034,670091.8264760437,105,P1_outputs_path_100_to_300
2035,658670.8881256834,105,P1_outputs_path_100_to_300
2036,775560.4390892863,105,P1_outputs_path_100_to_300
2037,763600.2820002506,105,P1_outputs_path_100_to_300
2038,696607.2014538905,105,P1_outputs_path_100_to_300
2039,851561.4575354577,105,P1_outputs_path_100_to_300
2040,938383.5670502628,105,P1_outputs_path_100_to_300
2041,977420.44789914,105,P1_outputs_path_100_to_300
2042,962332.0590907754,105,P1_outputs_path_100_to_300
2043,1124229.860735706,105,P1_outputs_path_100_to_300
2044,1006723.2467101716,105,P1_outputs_path_100_to_300
2045,1094735.1628420944,105,P1_outputs_path_100_to_300
2046,1095515.7491893158,105,P1_outputs_path_100_to_300
2047,1233704.1903527714,105,P1_outputs_path_100_to_300
2048,1523325.2432753032,105,P1_outputs_path_100_to_300
2049,1691511.5298239705,105,P1_outputs_path_100_to_300
2050,1876599.78110973,105,P1_outputs_path_100_to_300
2051,1851045.9527689076,105,P1_outputs_path_100_to_300
2052,1853149.1216258884,105,P1_outputs_path_100_to_300
2053,1967710.9119412447,105,P1_outputs_path_100_to_300
2054,1937989.806548833,105,P1_outputs_path_100_to_300
2055,1980881.8468769984,105,P1_outputs_path_100_to_300
2056,2066544.9580847365,105,P1_outputs_path_100_to_300
2057,2101642.03978282,105,P1_outputs_path_100_to_300
2058,2256881.247363413,105,P1_outputs_path_100_to_300
2059,2398968.872393255,105,P1_outputs_path_100_to_300
2060,2291945.9072606275,105,P1_outputs_path_100_to_300
2061,2351620.168751923,105,P1_outputs_path_100_to_300
2062,2502579.45872888,105,P1_outputs_path_100_to_300
2063,2609076.110618294,105,P1_outputs_path_100_to_300
2064,2552899.4890970816,105,P1_outputs_path_100_to_300
2065,2471952.654398298,105,P1_outputs_path_100_to_300
2066,2668319.550413069,105,P1_outputs_path_100_to_300
2067,2566047.71646295,105,P1_outputs_path_100_to_300
2068,2595534.664404797,105,P1_outputs_path_100_to_300
2069,2603788.615931385,105,P1_outputs_path_100_to_300
2070,2722146.686096395,105,P1_outputs_path_100_to_300
2071,3020976.203021762,105,P1_outputs_path_100_to_300
2072,3155577.847055189,105,P1_outputs_path_100_to_300
2073,3071156.4669394074,105,P1_outputs_path_100_to_300
2074,1131940.1444526252,105,P1_outputs_path_100_to_300
2075,,105,P1_outputs_path_100_to_300
2025,0.0,106,P1_outputs_path_100_to_300
2026,52132.24712550559,106,P1_outputs_path_100_to_300
2027,111104.22404240258,106,P1_outputs_path_100_to_300
2028,176403.37822531088,106,P1_outputs_path_100_to_300
2029,311631.658773292,106,P1_outputs_path_100_to_300
2030,407346.9417740625,106,P1_outputs_path_100_to_300
2031,479279.8381328954,106,P1_outputs_path_100_to_300
2032,560001.7128621412,106,P1_outputs_path_100_to_300
2033,528936.7832691475,106,P1_outputs_path_100_to_300
2034,708689.7919226605,106,P1_outputs_path_100_to_300
2035,703514.71414173,106,P1_outputs_path_100_to_300
2036,634441.0466616984,106,P1_outputs_path_100_to_300
2037,714899.0836855475,106,P1_outputs_path_100_to_300
2038,788204.2219738691,106,P1_outputs_path_100_to_300
2039,787092.933921223,106,P1_outputs_path_100_to_300
2040,906637.6976845992,106,P1_outputs_path_100_to_300
2041,1042336.3888013734,106,P1_outputs_path_100_to_300
2042,1367739.0652260936,106,P1_outputs_path_100_to_300
2043,1522282.8827413814,106,P1_outputs_path_100_to_300
2044,1693134.6227480073,106,P1_outputs_path_100_to_300
2045,1739342.1716534472,106,P1_outputs_path_100_to_300
2046,1937401.3447510216,106,P1_outputs_path_100_to_300
2047,2014601.59992222,106,P1_outputs_path_100_to_300
2048,1975256.539177244,106,P1_outputs_path_100_to_300
2049,2001094.6480279064,106,P1_outputs_path_100_to_300
2050,1999967.5474397691,106,P1_outputs_path_100_to_300
2051,1984106.46131412,106,P1_outputs_path_100_to_300
2052,1967592.0739251168,106,P1_outputs_path_100_to_300
2053,1917754.215049442,106,P1_outputs_path_100_to_300
2054,2083224.6989770976,106,P1_outputs_path_100_to_300
2055,2236272.1212679264,106,P1_outputs_path_100_to_300
2056,2311831.9691404733,106,P1_outputs_path_100_to_300
2057,2395117.6752904374,106,P1_outputs_path_100_to_300
2058,2384700.302598926,106,P1_outputs_path_100_to_300
2059,2344017.683121609,106,P1_outputs_path_100_to_300
2060,2384369.2805704297,106,P1_outputs_path_100_to_300
2061,2509593.1688051657,106,P1_outputs_path_100_to_300
2062,2656814.621082777,106,P1_outputs_path_100_to_300
2063,2727762.681087863,106,P1_outputs_path_100_to_300
2064,2838883.3340643025,106,P1_outputs_path_100_to_300
2065,2874717.544101407,106,P1_outputs_path_100_to_300
2066,3061828.6942801983,106,P1_outputs_path_100_to_300
2067,3360822.7300433647,106,P1_outputs_path_100_to_300
2068,3241655.669672384,106,P1_outputs_path_100_to_300
2069,3247507.305142335,106,P1_outputs_path_100_to_300
2070,3105204.6825166456,106,P1_outputs_path_100_to_300
2071,3005167.9787823614,106,P1_outputs_path_100_to_300
2072,2830404.1401227657,106,P1_outputs_path_100_to_300
2073,2892178.6970310323,106,P1_outputs_path_100_to_300
2074,1304280.208652781,106,P1_outputs_path_100_to_300
2075,,106,P1_outputs_path_100_to_300
2025,0.0,107,P1_outputs_path_100_to_300
2026,50255.72403162111,107,P1_outputs_path_100_to_300
2027,104776.10273566304,107,P1_outputs_path_100_to_300
2028,167001.86782512313,107,P1_outputs_path_100_to_300
2029,230638.1269507468,107,P1_outputs_path_100_to_300
2030,297217.0953213412,107,P1_outputs_path_100_to_300
2031,278703.8456565719,107,P1_outputs_path_100_to_300
2032,339722.6023102924,107,P1_outputs_path_100_to_300
2033,351473.8220735406,107,P1_outputs_path_100_to_300
2034,496277.1765976938,107,P1_outputs_path_100_to_300
2035,541017.7236004502,107,P1_outputs_path_100_to_300
2036,693525.0972089306,107,P1_outputs_path_100_to_300
2037,853569.9451111796,107,P1_outputs_path_100_to_300
2038,1087193.1187859538,107,P1_outputs_path_100_to_300
2039,1009600.8771009976,107,P1_outputs_path_100_to_300
2040,1285114.9389521042,107,P1_outputs_path_100_to_300
2041,1496895.0053281826,107,P1_outputs_path_100_to_300
2042,1681791.4587680409,107,P1_outputs_path_100_to_300
2043,1900994.3768133416,107,P1_outputs_path_100_to_300
2044,1823167.346641263,107,P1_outputs_path_100_to_300
2045,1884803.406676577,107,P1_outputs_path_100_to_300
2046,1979877.2613541796,107,P1_outputs_path_100_to_300
2047,1870571.96257258,107,P1_outputs_path_100_to_300
2048,2091847.380769854,107,P1_outputs_path_100_to_300
2049,2148337.439625284,107,P1_outputs_path_100_to_300
2050,2283962.250588806,107,P1_outputs_path_100_to_300
2051,2134364.97502672,107,P1_outputs_path_100_to_300
2052,2115187.0502296053,107,P1_outputs_path_100_to_300
2053,2195251.42996748,107,P1_outputs_path_100_to_300
2054,2168713.5622402155,107,P1_outputs_path_100_to_300
2055,2113063.474646022,107,P1_outputs_path_100_to_300
2056,2095033.5961150904,107,P1_outputs_path_100_to_300
2057,2223621.1383085563,107,P1_outputs_path_100_to_300
2058,2335574.089195512,107,P1_outputs_path_100_to_300
2059,2368168.067008587,107,P1_outputs_path_100_to_300
2060,2217162.8738506,107,P1_outputs_path_100_to_300
2061,2316888.3792456,107,P1_outputs_path_100_to_300
2062,2562898.487075177,107,P1_outputs_path_100_to_300
2063,2693657.4757347605,107,P1_outputs_path_100_to_300
2064,2809576.7280030977,107,P1_outputs_path_100_to_300
2065,2944374.957346407,107,P1_outputs_path_100_to_300
2066,2908193.502821072,107,P1_outputs_path_100_to_300
2067,3091295.337721899,107,P1_outputs_path_100_to_300
2068,3603074.844879272,107,P1_outputs_path_100_to_300
2069,3329881.7107972438,107,P1_outputs_path_100_to_300
2070,3452534.39358012,107,P1_outputs_path_100_to_300
2071,3339322.263944616,107,P1_outputs_path_100_to_300
2072,3293172.9475803,107,P1_outputs_path_100_to_300
2073,3522998.7024449874,107,P1_outputs_path_100_to_300
2074,1852579.6987747056,107,P1_outputs_path_100_to_300
2075,,107,P1_outputs_path_100_to_300
2025,0.0,108,P1_outputs_path_100_to_300
2026,71800.63298973299,108,P1_outputs_path_100_to_300
2027,126361.34493853152,108,P1_outputs_path_100_to_300
2028,195037.19933376156,108,P1_outputs_path_100_to_300
2029,281313.2625625617,108,P1_outputs_path_100_to_300
2030,377293.68149979337,108,P1_outputs_path_100_to_300
2031,362930.9306094259,108,P1_outputs_path_100_to_300
2032,633382.2746679778,108,P1_outputs_path_100_to_300
2033,812700.1158492536,108,P1_outputs_path_100_to_300
2034,210368.2269015985,108,P1_outputs_path_100_to_300
2035,304886.87979823793,108,P1_outputs_path_100_to_300
2036,470580.706619396,108,P1_outputs_path_100_to_300
2037,567250.0584754824,108,P1_outputs_path_100_to_300
2038,644988.2212171907,108,P1_outputs_path_100_to_300
2039,797483.7053120264,108,P1_outputs_path_100_to_300
2040,892168.4928203088,108,P1_outputs_path_100_to_300
2041,984240.7667288772,108,P1_outputs_path_100_to_300
2042,1087083.0250927529,108,P1_outputs_path_100_to_300
2043,1181689.2579919056,108,P1_outputs_path_100_to_300
2044,1101457.306455547,108,P1_outputs_path_100_to_300
2045,1160498.459463311,108,P1_outputs_path_100_to_300
2046,1636319.941333454,108,P1_outputs_path_100_to_300
2047,1765342.418299598,108,P1_outputs_path_100_to_300
2048,1893317.8965970492,108,P1_outputs_path_100_to_300
2049,2049514.902182624,108,P1_outputs_path_100_to_300
2050,2191898.435073289,108,P1_outputs_path_100_to_300
2051,2172721.8326163846,108,P1_outputs_path_100_to_300
2052,2135660.486791988,108,P1_outputs_path_100_to_300
2053,2102119.462232271,108,P1_outputs_path_100_to_300
2054,2274994.641955974,108,P1_outputs_path_100_to_300
2055,2425253.4844223857,108,P1_outputs_path_100_to_300
2056,2502056.422789514,108,P1_outputs_path_100_to_300
2057,2507603.831649877,108,P1_outputs_path_100_to_300
2058,2443837.540868477,108,P1_outputs_path_100_to_300
2059,2652983.4216065384,108,P1_outputs_path_100_to_300
2060,2528431.311561575,108,P1_outputs_path_100_to_300
2061,2519082.548114509,108,P1_outputs_path_100_to_300
2062,2581382.6254131645,108,P1_outputs_path_100_to_300
2063,2540411.027567936,108,P1_outputs_path_100_to_300
2064,2672469.6458048024,108,P1_outputs_path_100_to_300
2065,2935243.914750865,108,P1_outputs_path_100_to_300
2066,3003153.7795388005,108,P1_outputs_path_100_to_300
2067,2980375.6021837774,108,P1_outputs_path_100_to_300
2068,2996457.731573812,108,P1_outputs_path_100_to_300
2069,3247061.9106914145,108,P1_outputs_path_100_to_300
2070,3400849.2313847085,108,P1_outputs_path_100_to_300
2071,3421769.1464202525,108,P1_outputs_path_100_to_300
2072,3579254.4860506337,108,P1_outputs_path_100_to_300
2073,3722836.252790941,108,P1_outputs_path_100_to_300
2074,1412819.89335983,108,P1_outputs_path_100_to_300
2075,,108,P1_outputs_path_100_to_300
2025,0.0,109,P1_outputs_path_100_to_300
2026,56783.53546717508,109,P1_outputs_path_100_to_300
2027,117489.2169714608,109,P1_outputs_path_100_to_300
2028,186091.23961407816,109,P1_outputs_path_100_to_300
2029,208616.72717085097,109,P1_outputs_path_100_to_300
2030,309400.742462497,109,P1_outputs_path_100_to_300
2031,364168.9930350277,109,P1_outputs_path_100_to_300
2032,457785.6444879692,109,P1_outputs_path_100_to_300
2033,464315.76569564873,109,P1_outputs_path_100_to_300
2034,546026.0338830139,109,P1_outputs_path_100_to_300
2035,521124.2637494592,109,P1_outputs_path_100_to_300
2036,619973.7747837492,109,P1_outputs_path_100_to_300
2037,649745.0132795484,109,P1_outputs_path_100_to_300
2038,772850.0459614376,109,P1_outputs_path_100_to_300
2039,862502.0353099033,109,P1_outputs_path_100_to_300
2040,1024158.8696498736,109,P1_outputs_path_100_to_300
2041,1068233.4157874694,109,P1_outputs_path_100_to_300
2042,1218309.75017644,109,P1_outputs_path_100_to_300
2043,1330185.756815013,109,P1_outputs_path_100_to_300
2044,1211990.1618950337,109,P1_outputs_path_100_to_300
2045,1347791.8237963947,109,P1_outputs_path_100_to_300
2046,1302614.779351435,109,P1_outputs_path_100_to_300
2047,1411501.8526286078,109,P1_outputs_path_100_to_300
2048,1326703.467195647,109,P1_outputs_path_100_to_300
2049,1477682.2231472952,109,P1_outputs_path_100_to_300
2050,1641532.8119268594,109,P1_outputs_path_100_to_300
2051,1933407.967078338,109,P1_outputs_path_100_to_300
2052,1920960.398164224,109,P1_outputs_path_100_to_300
2053,2055591.0459422732,109,P1_outputs_path_100_to_300
2054,2030501.5987018745,109,P1_outputs_path_100_to_300
2055,1891616.981191616,109,P1_outputs_path_100_to_300
2056,1953429.297647813,109,P1_outputs_path_100_to_300
2057,2033296.6049903575,109,P1_outputs_path_100_to_300
2058,2124480.476500596,109,P1_outputs_path_100_to_300
2059,2268924.597014732,109,P1_outputs_path_100_to_300
2060,2395602.539096909,109,P1_outputs_path_100_to_300
2061,2484645.0475712824,109,P1_outputs_path_100_to_300
2062,2385739.230817835,109,P1_outputs_path_100_to_300
2063,2552359.7497081105,109,P1_outputs_path_100_to_300
2064,2490976.7820173665,109,P1_outputs_path_100_to_300
2065,2589372.206644133,109,P1_outputs_path_100_to_300
2066,2825302.2237416776,109,P1_outputs_path_100_to_300
2067,3045438.327085889,109,P1_outputs_path_100_to_300
2068,3142609.306117934,109,P1_outputs_path_100_to_300
2069,3332093.4883569297,109,P1_outputs_path_100_to_300
2070,3447376.197135159,109,P1_outputs_path_100_to_300
2071,3297727.464773152,109,P1_outputs_path_100_to_300
2072,3225421.3086747904,109,P1_outputs_path_100_to_300
2073,3223627.753836201,109,P1_outputs_path_100_to_300
2074,1172576.3449936842,109,P1_outputs_path_100_to_300
2075,,109,P1_outputs_path_100_to_300
2025,0.0,110,P1_outputs_path_100_to_300
2026,49721.63588192468,110,P1_outputs_path_100_to_300
2027,111321.3049965007,110,P1_outputs_path_100_to_300
2028,161372.5144253365,110,P1_outputs_path_100_to_300
2029,288616.64345296944,110,P1_outputs_path_100_to_300
2030,409134.3981168097,110,P1_outputs_path_100_to_300
2031,545782.747750947,110,P1_outputs_path_100_to_300
2032,689806.3567130646,110,P1_outputs_path_100_to_300
2033,693599.7018932421,110,P1_outputs_path_100_to_300
2034,49945.16785891005,110,P1_outputs_path_100_to_300
2035,115441.82406586442,110,P1_outputs_path_100_to_300
2036,157235.113701417,110,P1_outputs_path_100_to_300
2037,211620.1173485405,110,P1_outputs_path_100_to_300
2038,331035.4176879353,110,P1_outputs_path_100_to_300
2039,593113.134237984,110,P1_outputs_path_100_to_300
2040,765288.2885946272,110,P1_outputs_path_100_to_300
2041,768990.1657082841,110,P1_outputs_path_100_to_300
2042,955408.512283602,110,P1_outputs_path_100_to_300
2043,923960.044356541,110,P1_outputs_path_100_to_300
2044,1040750.3090826544,110,P1_outputs_path_100_to_300
2045,1087134.5341683924,110,P1_outputs_path_100_to_300
2046,1019303.00265302,110,P1_outputs_path_100_to_300
2047,1003879.2105953252,110,P1_outputs_path_100_to_300
2048,1119384.7835006793,110,P1_outputs_path_100_to_300
2049,1305796.765528119,110,P1_outputs_path_100_to_300
2050,1484920.1033042802,110,P1_outputs_path_100_to_300
2051,1709157.23574581,110,P1_outputs_path_100_to_300
2052,1962670.8419323135,110,P1_outputs_path_100_to_300
2053,2009810.777578156,110,P1_outputs_path_100_to_300
2054,2113912.0460049706,110,P1_outputs_path_100_to_300
2055,2151640.252338371,110,P1_outputs_path_100_to_300
2056,2306982.655256249,110,P1_outputs_path_100_to_300
2057,2267397.678840665,110,P1_outputs_path_100_to_300
2058,2241351.1187963365,110,P1_outputs_path_100_to_300
2059,2386676.354342674,110,P1_outputs_path_100_to_300
2060,2552333.079835781,110,P1_outputs_path_100_to_300
2061,2376357.128221889,110,P1_outputs_path_100_to_300
2062,2604532.024386397,110,P1_outputs_path_100_to_300
2063,2782757.9748638486,110,P1_outputs_path_100_to_300
2064,2745760.103504068,110,P1_outputs_path_100_to_300
2065,2808282.6886178507,110,P1_outputs_path_100_to_300
2066,3097399.097657703,110,P1_outputs_path_100_to_300
2067,2932920.578282912,110,P1_outputs_path_100_to_300
2068,3158036.5845996626,110,P1_outputs_path_100_to_300
2069,3179870.0716145383,110,P1_outputs_path_100_to_300
2070,3292776.734465274,110,P1_outputs_path_100_to_300
2071,3523627.954222748,110,P1_outputs_path_100_to_300
2072,3774820.153981406,110,P1_outputs_path_100_to_300
2073,3566050.951070661,110,P1_outputs_path_100_to_300
2074,1730480.614304419,110,P1_outputs_path_100_to_300
2075,,110,P1_outputs_path_100_to_300
2025,0.0,111,P1_outputs_path_100_to_300
2026,78047.79186850345,111,P1_outputs_path_100_to_300
2027,132627.50026243832,111,P1_outputs_path_100_to_300
2028,213781.0022996796,111,P1_outputs_path_100_to_300
2029,277238.23481678823,111,P1_outputs_path_100_to_300
2030,322034.45136030787,111,P1_outputs_path_100_to_300
2031,455919.0309650809,111,P1_outputs_path_100_to_300
2032,451730.10150119977,111,P1_outputs_path_100_to_300
2033,499368.7993745868,111,P1_outputs_path_100_to_300
2034,535739.591223395,111,P1_outputs_path_100_to_300
2035,579487.0750105855,111,P1_outputs_path_100_to_300
2036,687748.6530263366,111,P1_outputs_path_100_to_300
2037,817613.8007731397,111,P1_outputs_path_100_to_300
2038,1031195.5176801285,111,P1_outputs_path_100_to_300
2039,909815.3634237896,111,P1_outputs_path_100_to_300
2040,976348.943445044,111,P1_outputs_path_100_to_300
2041,1197172.4906243167,111,P1_outputs_path_100_to_300
2042,1319811.3414526049,111,P1_outputs_path_100_to_300
2043,1400617.3229212805,111,P1_outputs_path_100_to_300
2044,1534295.5683106985,111,P1_outputs_path_100_to_300
2045,1698814.3345398123,111,P1_outputs_path_100_to_300
2046,2023008.308767629,111,P1_outputs_path_100_to_300
2047,1881841.663935171,111,P1_outputs_path_100_to_300
2048,2008758.8542128832,111,P1_outputs_path_100_to_300
2049,1861692.5745689224,111,P1_outputs_path_100_to_300
2050,2058599.7465424892,111,P1_outputs_path_100_to_300
2051,2227901.5908345627,111,P1_outputs_path_100_to_300
2052,2332681.359253496,111,P1_outputs_path_100_to_300
2053,2541037.807445367,111,P1_outputs_path_100_to_300
2054,2520432.3863139823,111,P1_outputs_path_100_to_300
2055,2743329.4081215,111,P1_outputs_path_100_to_300
2056,2579740.492815099,111,P1_outputs_path_100_to_300
2057,2450919.5691653546,111,P1_outputs_path_100_to_300
2058,2375047.691594285,111,P1_outputs_path_100_to_300
2059,2594170.136189962,111,P1_outputs_path_100_to_300
2060,2699957.800766909,111,P1_outputs_path_100_to_300
2061,2695519.278876335,111,P1_outputs_path_100_to_300
2062,2840980.615721529,111,P1_outputs_path_100_to_300
2063,2918385.271047288,111,P1_outputs_path_100_to_300
2064,3061975.7556619914,111,P1_outputs_path_100_to_300
2065,2829820.7248441256,111,P1_outputs_path_100_to_300
2066,3068293.2260311837,111,P1_outputs_path_100_to_300
2067,2849776.5121229733,111,P1_outputs_path_100_to_300
2068,2844817.425142941,111,P1_outputs_path_100_to_300
2069,2752528.928799086,111,P1_outputs_path_100_to_300
2070,2788396.1862002807,111,P1_outputs_path_100_to_300
2071,2845711.9671583027,111,P1_outputs_path_100_to_300
2072,2728681.761545994,111,P1_outputs_path_100_to_300
2073,2661204.8523088214,111,P1_outputs_path_100_to_300
2074,941622.33122637,111,P1_outputs_path_100_to_300
2075,,111,P1_outputs_path_100_to_300
2025,0.0,112,P1_outputs_path_100_to_300
2026,63008.862829981925,112,P1_outputs_path_100_to_300
2027,115361.47101890422,112,P1_outputs_path_100_to_300
2028,156646.67018706107,112,P1_outputs_path_100_to_300
2029,192871.74094397025,112,P1_outputs_path_100_to_300
2030,279892.1103042964,112,P1_outputs_path_100_to_300
2031,407458.3539174384,112,P1_outputs_path_100_to_300
2032,422415.2557095629,112,P1_outputs_path_100_to_300
2033,471694.9457705883,112,P1_outputs_path_100_to_300
2034,438555.2849775413,112,P1_outputs_path_100_to_300
2035,529800.0949393054,112,P1_outputs_path_100_to_300
2036,605860.9094836942,112,P1_outputs_path_100_to_300
2037,729387.7282352258,112,P1_outputs_path_100_to_300
2038,804992.7965936738,112,P1_outputs_path_100_to_300
2039,835813.2796409803,112,P1_outputs_path_100_to_300
2040,1032414.6493808172,112,P1_outputs_path_100_to_300
2041,1155478.086358326,112,P1_outputs_path_100_to_300
2042,1494769.2056267238,112,P1_outputs_path_100_to_300
2043,1897732.081627793,112,P1_outputs_path_100_to_300
2044,2211456.2926933486,112,P1_outputs_path_100_to_300
2045,2245221.123734939,112,P1_outputs_path_100_to_300
2046,2554015.63317166,112,P1_outputs_path_100_to_300
2047,2540213.2534064013,112,P1_outputs_path_100_to_300
2048,2534970.2056097738,112,P1_outputs_path_100_to_300
2049,2859090.676953458,112,P1_outputs_path_100_to_300
2050,2846462.9530594647,112,P1_outputs_path_100_to_300
2051,2886706.50029896,112,P1_outputs_path_100_to_300
2052,2847204.055902447,112,P1_outputs_path_100_to_300
2053,2909867.4793613586,112,P1_outputs_path_100_to_300
2054,3085350.2401903304,112,P1_outputs_path_100_to_300
2055,3186359.6846519453,112,P1_outputs_path_100_to_300
2056,3380767.179594246,112,P1_outputs_path_100_to_300
2057,3495758.263789692,112,P1_outputs_path_100_to_300
2058,3747062.5391787584,112,P1_outputs_path_100_to_300
2059,3713140.681504332,112,P1_outputs_path_100_to_300
2060,3786656.329283688,112,P1_outputs_path_100_to_300
2061,3734508.294659928,112,P1_outputs_path_100_to_300
2062,3677468.925971849,112,P1_outputs_path_100_to_300
2063,3722041.997441868,112,P1_outputs_path_100_to_300
2064,3843226.480488383,112,P1_outputs_path_100_to_300
2065,4072566.480517813,112,P1_outputs_path_100_to_300
2066,4043300.1191108543,112,P1_outputs_path_100_to_300
2067,3968643.063111517,112,P1_outputs_path_100_to_300
2068,3924028.0573466015,112,P1_outputs_path_100_to_300
2069,4272483.628182115,112,P1_outputs_path_100_to_300
2070,4455392.506699006,112,P1_outputs_path_100_to_300
2071,4242787.720096272,112,P1_outputs_path_100_to_300
2072,4205847.710941035,112,P1_outputs_path_100_to_300
2073,3960723.7366666975,112,P1_outputs_path_100_to_300
2074,1719404.311403074,112,P1_outputs_path_100_to_300
2075,,112,P1_outputs_path_100_to_300
2025,0.0,113,P1_outputs_path_100_to_300
2026,37956.88609874512,113,P1_outputs_path_100_to_300
2027,100716.26292426333,113,P1_outputs_path_100_to_300
2028,195197.4678861875,113,P1_outputs_path_100_to_300
2029,278266.85092010465,113,P1_outputs_path_100_to_300
2030,420905.74100104906,113,P1_outputs_path_100_to_300
2031,599519.2243863618,113,P1_outputs_path_100_to_300
2032,823915.2393945757,113,P1_outputs_path_100_to_300
2033,932009.219048856,113,P1_outputs_path_100_to_300
2034,278006.6024855975,113,P1_outputs_path_100_to_300
2035,269253.40686100425,113,P1_outputs_path_100_to_300
2036,383463.0018626677,113,P1_outputs_path_100_to_300
2037,778963.5096767343,113,P1_outputs_path_100_to_300
2038,915432.7646105248,113,P1_outputs_path_100_to_300
2039,1271033.4078936735,113,P1_outputs_path_100_to_300
2040,1212235.2145327644,113,P1_outputs_path_100_to_300
2041,1177078.074049241,113,P1_outputs_path_100_to_300
2042,1163351.3436678243,113,P1_outputs_path_100_to_300
2043,1336535.49175433,113,P1_outputs_path_100_to_300
2044,1204715.5785353405,113,P1_outputs_path_100_to_300
2045,1138588.7630129554,113,P1_outputs_path_100_to_300
2046,1085158.9124395603,113,P1_outputs_path_100_to_300
2047,1290393.9494531455,113,P1_outputs_path_100_to_300
2048,1293024.7036363562,113,P1_outputs_path_100_to_300
2049,1177230.7683838608,113,P1_outputs_path_100_to_300
2050,1199195.975535455,113,P1_outputs_path_100_to_300
2051,1002596.5496648132,113,P1_outputs_path_100_to_300
2052,1369083.224502036,113,P1_outputs_path_100_to_300
2053,1191276.1681319952,113,P1_outputs_path_100_to_300
2054,1221874.3515870818,113,P1_outputs_path_100_to_300
2055,924299.4823462254,113,P1_outputs_path_100_to_300
2056,1060579.070613385,113,P1_outputs_path_100_to_300
2057,1231131.178527847,113,P1_outputs_path_100_to_300
2058,1428690.124125691,113,P1_outputs_path_100_to_300
2059,1715201.0130183825,113,P1_outputs_path_100_to_300
2060,1924144.4948722995,113,P1_outputs_path_100_to_300
2061,2034526.5925883292,113,P1_outputs_path_100_to_300
2062,2199120.009087773,113,P1_outputs_path_100_to_300
2063,2290086.278094964,113,P1_outputs_path_100_to_300
2064,2365703.86176345,113,P1_outputs_path_100_to_300
2065,2240797.3137228326,113,P1_outputs_path_100_to_300
2066,2328100.934845039,113,P1_outputs_path_100_to_300
2067,2248586.0478592403,113,P1_outputs_path_100_to_300
2068,2353682.380675746,113,P1_outputs_path_100_to_300
2069,2415685.630965921,113,P1_outputs_path_100_to_300
2070,2388700.2401082944,113,P1_outputs_path_100_to_300
2071,2436197.972163722,113,P1_outputs_path_100_to_300
2072,2361120.531263932,113,P1_outputs_path_100_to_300
2073,2445847.826355806,113,P1_outputs_path_100_to_300
2074,538027.1308450627,113,P1_outputs_path_100_to_300
2075,,113,P1_outputs_path_100_to_300
2025,0.0,114,P1_outputs_path_100_to_300
2026,61040.54198465545,114,P1_outputs_path_100_to_300
2027,128147.25049259842,114,P1_outputs_path_100_to_300
2028,165276.8559868206,114,P1_outputs_path_100_to_300
2029,241383.1686856984,114,P1_outputs_path_100_to_300
2030,383503.56438268593,114,P1_outputs_path_100_to_300
2031,390455.4091588014,114,P1_outputs_path_100_to_300
2032,412009.5270162876,114,P1_outputs_path_100_to_300
2033,656300.6811883093,114,P1_outputs_path_100_to_300
2034,771929.1687547019,114,P1_outputs_path_100_to_300
2035,940437.3593456858,114,P1_outputs_path_100_to_300
2036,1035293.8736639216,114,P1_outputs_path_100_to_300
2037,1165671.8107738064,114,P1_outputs_path_100_to_300
2038,1241239.023241107,114,P1_outputs_path_100_to_300
2039,1661278.701422945,114,P1_outputs_path_100_to_300
2040,1806961.3237042555,114,P1_outputs_path_100_to_300
2041,2027842.5490331715,114,P1_outputs_path_100_to_300
2042,1917248.983093661,114,P1_outputs_path_100_to_300
2043,1780046.4577384023,114,P1_outputs_path_100_to_300
2044,1850560.1372776227,114,P1_outputs_path_100_to_300
2045,1960852.993251824,114,P1_outputs_path_100_to_300
2046,1880479.1574267824,114,P1_outputs_path_100_to_300
2047,1978717.635133443,114,P1_outputs_path_100_to_300
2048,2008433.2398909624,114,P1_outputs_path_100_to_300
2049,2184001.716814652,114,P1_outputs_path_100_to_300
2050,2304452.801285149,114,P1_outputs_path_100_to_300
2051,2504285.80188084,114,P1_outputs_path_100_to_300
2052,2441093.3002595343,114,P1_outputs_path_100_to_300
2053,2531597.359398736,114,P1_outputs_path_100_to_300
2054,2869941.7396339043,114,P1_outputs_path_100_to_300
2055,3059930.7513798336,114,P1_outputs_path_100_to_300
2056,2745923.256532001,114,P1_outputs_path_100_to_300
2057,2905522.025292416,114,P1_outputs_path_100_to_300
2058,2964834.4519523885,114,P1_outputs_path_100_to_300
2059,3184233.093740984,114,P1_outputs_path_100_to_300
2060,2981080.3649296653,114,P1_outputs_path_100_to_300
2061,3037859.900942704,114,P1_outputs_path_100_to_300
2062,3148719.5430407804,114,P1_outputs_path_100_to_300
2063,3147447.3697258183,114,P1_outputs_path_100_to_300
2064,3261563.957037732,114,P1_outputs_path_100_to_300
2065,3207261.575794564,114,P1_outputs_path_100_to_300
2066,3140580.001957993,114,P1_outputs_path_100_to_300
2067,3109464.231258556,114,P1_outputs_path_100_to_300
2068,3273258.647673163,114,P1_outputs_path_100_to_300
2069,3403647.46009604,114,P1_outputs_path_100_to_300
2070,3347862.9550947696,114,P1_outputs_path_100_to_300
2071,3399753.9108816325,114,P1_outputs_path_100_to_300
2072,3366489.799355064,114,P1_outputs_path_100_to_300
2073,3206486.690778113,114,P1_outputs_path_100_to_300
2074,1476450.7604099747,114,P1_outputs_path_100_to_300
2075,,114,P1_outputs_path_100_to_300
2025,0.0,115,P1_outputs_path_100_to_300
2026,65614.05291253091,115,P1_outputs_path_100_to_300
2027,140365.28951635963,115,P1_outputs_path_100_to_300
2028,188497.752510334,115,P1_outputs_path_100_to_300
2029,312452.654176077,115,P1_outputs_path_100_to_300
2030,404143.66052197554,115,P1_outputs_path_100_to_300
2031,585544.9485874588,115,P1_outputs_path_100_to_300
2032,516421.1858217361,115,P1_outputs_path_100_to_300
2033,460971.5763113381,115,P1_outputs_path_100_to_300
2034,599418.5817123887,115,P1_outputs_path_100_to_300
2035,699205.3353010955,115,P1_outputs_path_100_to_300
2036,907270.8717340725,115,P1_outputs_path_100_to_300
2037,1014808.1436287772,115,P1_outputs_path_100_to_300
2038,1271198.408527159,115,P1_outputs_path_100_to_300
2039,1437678.2400527198,115,P1_outputs_path_100_to_300
2040,1576121.0111468604,115,P1_outputs_path_100_to_300
2041,1716689.7495863792,115,P1_outputs_path_100_to_300
2042,1782926.3939868193,115,P1_outputs_path_100_to_300
2043,1755268.0689203076,115,P1_outputs_path_100_to_300
2044,1778013.753451449,115,P1_outputs_path_100_to_300
2045,2015973.0591436385,115,P1_outputs_path_100_to_300
2046,1987346.7054947868,115,P1_outputs_path_100_to_300
2047,2094867.7004760236,115,P1_outputs_path_100_to_300
2048,2062110.555194118,115,P1_outputs_path_100_to_300
2049,2073199.4636638493,115,P1_outputs_path_100_to_300
2050,1992220.691856005,115,P1_outputs_path_100_to_300
2051,2095094.0650756664,115,P1_outputs_path_100_to_300
2052,2045940.6629745397,115,P1_outputs_path_100_to_300
2053,2182094.059364091,115,P1_outputs_path_100_to_300
2054,2180234.237492061,115,P1_outputs_path_100_to_300
2055,2299100.4192941496,115,P1_outputs_path_100_to_300
2056,2235040.3553258707,115,P1_outputs_path_100_to_300
2057,2045605.7780759444,115,P1_outputs_path_100_to_300
2058,2233668.466523495,115,P1_outputs_path_100_to_300
2059,2442191.17091384,115,P1_outputs_path_100_to_300
2060,2528010.118025562,115,P1_outputs_path_100_to_300
2061,2688352.1305234693,115,P1_outputs_path_100_to_300
2062,2806752.194110519,115,P1_outputs_path_100_to_300
2063,2864907.056894468,115,P1_outputs_path_100_to_300
2064,2588363.1725708167,115,P1_outputs_path_100_to_300
2065,2680513.301962472,115,P1_outputs_path_100_to_300
2066,2885877.4805651666,115,P1_outputs_path_100_to_300
2067,2851881.9741527466,115,P1_outputs_path_100_to_300
2068,2993443.232947309,115,P1_outputs_path_100_to_300
2069,3044206.107994941,115,P1_outputs_path_100_to_300
2070,3238974.668364923,115,P1_outputs_path_100_to_300
2071,3222901.8775961683,115,P1_outputs_path_100_to_300
2072,3562436.0994710224,115,P1_outputs_path_100_to_300
2073,3324964.908879891,115,P1_outputs_path_100_to_300
2074,1541767.4629397814,115,P1_outputs_path_100_to_300
2075,,115,P1_outputs_path_100_to_300
2025,0.0,116,P1_outputs_path_100_to_300
2026,61911.39526881304,116,P1_outputs_path_100_to_300
2027,113507.43805634831,116,P1_outputs_path_100_to_300
2028,170394.4620495211,116,P1_outputs_path_100_to_300
2029,182421.1127240711,116,P1_outputs_path_100_to_300
2030,282202.2307986164,116,P1_outputs_path_100_to_300
2031,356605.73984206974,116,P1_outputs_path_100_to_300
2032,578798.5312937938,116,P1_outputs_path_100_to_300
2033,630592.4724516224,116,P1_outputs_path_100_to_300
2034,642870.3268831762,116,P1_outputs_path_100_to_300
2035,777207.676038855,116,P1_outputs_path_100_to_300
2036,949657.8953791847,116,P1_outputs_path_100_to_300
2037,998448.0464769612,116,P1_outputs_path_100_to_300
2038,946359.6381561228,116,P1_outputs_path_100_to_300
2039,969553.6176412776,116,P1_outputs_path_100_to_300
2040,1058908.1296191756,116,P1_outputs_path_100_to_300
2041,1394058.7835993858,116,P1_outputs_path_100_to_300
2042,1419304.0213795751,116,P1_outputs_path_100_to_300
2043,1573173.0133795708,116,P1_outputs_path_100_to_300
2044,1473617.4180157585,116,P1_outputs_path_100_to_300
2045,1650156.0609484871,116,P1_outputs_path_100_to_300
2046,1527509.4797794395,116,P1_outputs_path_100_to_300
2047,1487475.156439538,116,P1_outputs_path_100_to_300
2048,1623850.6423790243,116,P1_outputs_path_100_to_300
2049,1794856.161125285,116,P1_outputs_path_100_to_300
2050,1860133.186436351,116,P1_outputs_path_100_to_300
2051,1892965.9515489088,116,P1_outputs_path_100_to_300
2052,2000389.3177319656,116,P1_outputs_path_100_to_300
2053,1910093.4993811531,116,P1_outputs_path_100_to_300
2054,2070918.2657149327,116,P1_outputs_path_100_to_300
2055,2014806.6814835735,116,P1_outputs_path_100_to_300
2056,2073208.5499265585,116,P1_outputs_path_100_to_300
2057,1919598.2442279265,116,P1_outputs_path_100_to_300
2058,1963740.4401167128,116,P1_outputs_path_100_to_300
2059,1943784.0610294212,116,P1_outputs_path_100_to_300
2060,2151199.666689899,116,P1_outputs_path_100_to_300
2061,2325029.9351781528,116,P1_outputs_path_100_to_300
2062,2471243.5357828727,116,P1_outputs_path_100_to_300
2063,2696986.624513444,116,P1_outputs_path_100_to_300
2064,2538389.0273943758,116,P1_outputs_path_100_to_300
2065,2567314.661851448,116,P1_outputs_path_100_to_300
2066,2539604.2248282502,116,P1_outputs_path_100_to_300
2067,2616087.5131844645,116,P1_outputs_path_100_to_300
2068,2646855.7311406373,116,P1_outputs_path_100_to_300
2069,2720069.921424107,116,P1_outputs_path_100_to_300
2070,2610688.29645306,116,P1_outputs_path_100_to_300
2071,2798819.242028884,116,P1_outputs_path_100_to_300
2072,2968179.527564817,116,P1_outputs_path_100_to_300
2073,3054135.760848819,116,P1_outputs_path_100_to_300
2074,1240922.2662769218,116,P1_outputs_path_100_to_300
2075,,116,P1_outputs_path_100_to_300
2025,0.0,117,P1_outputs_path_100_to_300
2026,69478.55141557676,117,P1_outputs_path_100_to_300
2027,117473.76228458772,117,P1_outputs_path_100_to_300
2028,187130.8004376894,117,P1_outputs_path_100_to_300
2029,269623.5841686892,117,P1_outputs_path_100_to_300
2030,337951.23942062363,117,P1_outputs_path_100_to_300
2031,426651.29280088673,117,P1_outputs_path_100_to_300
2032,558434.5948953385,117,P1_outputs_path_100_to_300
2033,696110.8539320488,117,P1_outputs_path_100_to_300
2034,97671.18423172728,117,P1_outputs_path_100_to_300
2035,170895.98317068198,117,P1_outputs_path_100_to_300
2036,234962.59233020723,117,P1_outputs_path_100_to_300
2037,341460.3463384227,117,P1_outputs_path_100_to_300
2038,422923.66036136064,117,P1_outputs_path_100_to_300
2039,592774.2360784218,117,P1_outputs_path_100_to_300
2040,725109.1397232567,117,P1_outputs_path_100_to_300
2041,937210.5712910062,117,P1_outputs_path_100_to_300
2042,1025510.0388799008,117,P1_outputs_path_100_to_300
2043,1059275.786400224,117,P1_outputs_path_100_to_300
2044,1089537.6255570436,117,P1_outputs_path_100_to_300
2045,1108793.6913914897,117,P1_outputs_path_100_to_300
2046,1249904.1116351902,117,P1_outputs_path_100_to_300
2047,1302708.9186807424,117,P1_outputs_path_100_to_300
2048,1599621.116642093,117,P1_outputs_path_100_to_300
2049,1667736.1424548894,117,P1_outputs_path_100_to_300
2050,1770007.9733343637,117,P1_outputs_path_100_to_300
2051,1680691.5077356123,117,P1_outputs_path_100_to_300
2052,1735620.2259297762,117,P1_outputs_path_100_to_300
2053,1874074.868643673,117,P1_outputs_path_100_to_300
2054,2040848.482631918,117,P1_outputs_path_100_to_300
2055,2226661.146268192,117,P1_outputs_path_100_to_300
2056,2163164.146684697,117,P1_outputs_path_100_to_300
2057,2244254.1264021834,117,P1_outputs_path_100_to_300
2058,2251657.239749804,117,P1_outputs_path_100_to_300
2059,2166728.3092142213,117,P1_outputs_path_100_to_300
2060,2277547.923852152,117,P1_outputs_path_100_to_300
2061,2286914.718650623,117,P1_outputs_path_100_to_300
2062,2517838.824183221,117,P1_outputs_path_100_to_300
2063,2512031.253108192,117,P1_outputs_path_100_to_300
2064,2535993.745627028,117,P1_outputs_path_100_to_300
2065,2730370.621325045,117,P1_outputs_path_100_to_300
2066,2888213.6263875766,117,P1_outputs_path_100_to_300
2067,3174016.6423264192,117,P1_outputs_path_100_to_300
2068,3140402.4280900354,117,P1_outputs_path_100_to_300
2069,3245464.2519107983,117,P1_outputs_path_100_to_300
2070,3289017.174693172,117,P1_outputs_path_100_to_300
2071,3344343.1852764827,117,P1_outputs_path_100_to_300
2072,3515662.9972238685,117,P1_outputs_path_100_to_300
2073,3404527.4348685807,117,P1_outputs_path_100_to_300
2074,1396334.8123206955,117,P1_outputs_path_100_to_300
2075,,117,P1_outputs_path_100_to_300
2025,0.0,118,P1_outputs_path_100_to_300
2026,60218.41098785398,118,P1_outputs_path_100_to_300
2027,119747.8557705752,118,P1_outputs_path_100_to_300
2028,179241.47134228973,118,P1_outputs_path_100_to_300
2029,218770.46697709023,118,P1_outputs_path_100_to_300
2030,349165.4284406324,118,P1_outputs_path_100_to_300
2031,379851.126382486,118,P1_outputs_path_100_to_300
2032,469105.7079953398,118,P1_outputs_path_100_to_300
2033,582302.3256392115,118,P1_outputs_path_100_to_300
2034,578195.4104498537,118,P1_outputs_path_100_to_300
2035,666886.0743214978,118,P1_outputs_path_100_to_300
2036,727209.3077351598,118,P1_outputs_path_100_to_300
2037,676026.7243310732,118,P1_outputs_path_100_to_300
2038,883085.9552716671,118,P1_outputs_path_100_to_300
2039,1000805.5096410622,118,P1_outputs_path_100_to_300
2040,1083042.7095808445,118,P1_outputs_path_100_to_300
2041,1042150.8361577688,118,P1_outputs_path_100_to_300
2042,1478059.8839393498,118,P1_outputs_path_100_to_300
2043,1499441.7702080077,118,P1_outputs_path_100_to_300
2044,1243942.8328449486,118,P1_outputs_path_100_to_300
2045,1395336.3168083187,118,P1_outputs_path_100_to_300
2046,1632658.576572704,118,P1_outputs_path_100_to_300
2047,1699331.757138716,118,P1_outputs_path_100_to_300
2048,1767294.5219701896,118,P1_outputs_path_100_to_300
2049,1928487.3269441,118,P1_outputs_path_100_to_300
2050,1967095.3071078465,118,P1_outputs_path_100_to_300
2051,1971949.370191461,118,P1_outputs_path_100_to_300
2052,2075415.6992935368,118,P1_outputs_path_100_to_300
2053,2070278.4460728168,118,P1_outputs_path_100_to_300
2054,2070990.6741887175,118,P1_outputs_path_100_to_300
2055,2089607.6574595624,118,P1_outputs_path_100_to_300
2056,2244002.5055472227,118,P1_outputs_path_100_to_300
2057,2285424.431439622,118,P1_outputs_path_100_to_300
2058,2564505.3291918267,118,P1_outputs_path_100_to_300
2059,2701768.5602804744,118,P1_outputs_path_100_to_300
2060,2687444.6483839964,118,P1_outputs_path_100_to_300
2061,2885474.4961394663,118,P1_outputs_path_100_to_300
2062,2939155.968088197,118,P1_outputs_path_100_to_300
2063,3082730.7584112496,118,P1_outputs_path_100_to_300
2064,3163020.579674668,118,P1_outputs_path_100_to_300
2065,3401872.3757726364,118,P1_outputs_path_100_to_300
2066,3535669.6703529544,118,P1_outputs_path_100_to_300
2067,3490022.012346103,118,P1_outputs_path_100_to_300
2068,3594851.2829707027,118,P1_outputs_path_100_to_300
2069,3521425.602991076,118,P1_outputs_path_100_to_300
2070,3620399.936850412,118,P1_outputs_path_100_to_300
2071,3770556.7078093137,118,P1_outputs_path_100_to_300
2072,3949235.289152521,118,P1_outputs_path_100_to_300
2073,4030701.6300365184,118,P1_outputs_path_100_to_300
2074,1878776.16093816,118,P1_outputs_path_100_to_300
2075,,118,P1_outputs_path_100_to_300
2025,0.0,119,P1_outputs_path_100_to_300
2026,58775.98863090911,119,P1_outputs_path_100_to_300
2027,112400.4091124039,119,P1_outputs_path_100_to_300
2028,169320.49854963413,119,P1_outputs_path_100_to_300
2029,261034.22729489335,119,P1_outputs_path_100_to_300
2030,391048.2488366397,119,P1_outputs_path_100_to_300
2031,407589.59576203534,119,P1_outputs_path_100_to_300
2032,466827.2463132427,119,P1_outputs_path_100_to_300
2033,584309.7537349359,119,P1_outputs_path_100_to_300
2034,576305.1937449803,119,P1_outputs_path_100_to_300
2035,569575.9992142213,119,P1_outputs_path_100_to_300
2036,700540.8236082285,119,P1_outputs_path_100_to_300
2037,828538.2832329121,119,P1_outputs_path_100_to_300
2038,750553.6583479696,119,P1_outputs_path_100_to_300
2039,864267.8799230674,119,P1_outputs_path_100_to_300
2040,1094223.981013072,119,P1_outputs_path_100_to_300
2041,1263171.601318096,119,P1_outputs_path_100_to_300
2042,1370165.6767878332,119,P1_outputs_path_100_to_300
2043,1599459.2921085504,119,P1_outputs_path_100_to_300
2044,1591478.5651854444,119,P1_outputs_path_100_to_300
2045,1701106.0428489037,119,P1_outputs_path_100_to_300
2046,1805031.059742824,119,P1_outputs_path_100_to_300
2047,1906361.4618885312,119,P1_outputs_path_100_to_300
2048,2061756.4385199165,119,P1_outputs_path_100_to_300
2049,2010289.2014219973,119,P1_outputs_path_100_to_300
2050,2180480.1879368667,119,P1_outputs_path_100_to_300
2051,2126284.606557973,119,P1_outputs_path_100_to_300
2052,2292888.434373302,119,P1_outputs_path_100_to_300
2053,2327372.026965539,119,P1_outputs_path_100_to_300
2054,2443896.5495519955,119,P1_outputs_path_100_to_300
2055,2450332.9678978752,119,P1_outputs_path_100_to_300
2056,2344157.60835338,119,P1_outputs_path_100_to_300
2057,2494914.342310397,119,P1_outputs_path_100_to_300
2058,2554087.502594502,119,P1_outputs_path_100_to_300
2059,2452373.5575941964,119,P1_outputs_path_100_to_300
2060,2460627.835316459,119,P1_outputs_path_100_to_300
2061,2661017.920993251,119,P1_outputs_path_100_to_300
2062,2640376.375142346,119,P1_outputs_path_100_to_300
2063,2762682.10924508,119,P1_outputs_path_100_to_300
2064,2652201.5857823067,119,P1_outputs_path_100_to_300
2065,2912867.1828020345,119,P1_outputs_path_100_to_300
2066,3136365.1869704635,119,P1_outputs_path_100_to_300
2067,3386979.212454486,119,P1_outputs_path_100_to_300
2068,3519637.507572029,119,P1_outputs_path_100_to_300
2069,3444481.9288856164,119,P1_outputs_path_100_to_300
2070,2996378.693007579,119,P1_outputs_path_100_to_300
2071,3104331.543946186,119,P1_outputs_path_100_to_300
2072,3206804.788937616,119,P1_outputs_path_100_to_300
2073,3410640.302056674,119,P1_outputs_path_100_to_300
2074,1308163.9456855066,119,P1_outputs_path_100_to_300
2075,,119,P1_outputs_path_100_to_300
2025,0.0,120,P1_outputs_path_100_to_300
2026,62823.317950966906,120,P1_outputs_path_100_to_300
2027,125552.86758364896,120,P1_outputs_path_100_to_300
2028,173823.69418375846,120,P1_outputs_path_100_to_300
2029,238095.0388020819,120,P1_outputs_path_100_to_300
2030,325879.728076036,120,P1_outputs_path_100_to_300
2031,388261.5958064573,120,P1_outputs_path_100_to_300
2032,571988.1894461497,120,P1_outputs_path_100_to_300
2033,549349.597733865,120,P1_outputs_path_100_to_300
2034,655971.2311999279,120,P1_outputs_path_100_to_300
2035,822730.3002957416,120,P1_outputs_path_100_to_300
2036,822481.2417161759,120,P1_outputs_path_100_to_300
2037,879414.4837067544,120,P1_outputs_path_100_to_300
2038,960184.6346958329,120,P1_outputs_path_100_to_300
2039,1079471.0414800502,120,P1_outputs_path_100_to_300
2040,1307198.181674223,120,P1_outputs_path_100_to_300
2041,1488046.032356942,120,P1_outputs_path_100_to_300
2042,1819191.993246154,120,P1_outputs_path_100_to_300
2043,1774173.982981063,120,P1_outputs_path_100_to_300
2044,1966744.172661888,120,P1_outputs_path_100_to_300
2045,2063080.4311893848,120,P1_outputs_path_100_to_300
2046,2059101.5001246647,120,P1_outputs_path_100_to_300
2047,2064081.7275407976,120,P1_outputs_path_100_to_300
2048,2181079.844465551,120,P1_outputs_path_100_to_300
2049,2275924.5063572046,120,P1_outputs_path_100_to_300
2050,2294086.388935928,120,P1_outputs_path_100_to_300
2051,2439406.430552189,120,P1_outputs_path_100_to_300
2052,2638642.756587957,120,P1_outputs_path_100_to_300
2053,2746724.037101389,120,P1_outputs_path_100_to_300
2054,2807347.322025352,120,P1_outputs_path_100_to_300
2055,2777493.0519193374,120,P1_outputs_path_100_to_300
2056,2820705.0205739504,120,P1_outputs_path_100_to_300
2057,2829973.177326932,120,P1_outputs_path_100_to_300
2058,2768566.5163489776,120,P1_outputs_path_100_to_300
2059,2859671.2628841405,120,P1_outputs_path_100_to_300
2060,2943505.4311469933,120,P1_outputs_path_100_to_300
2061,3007587.309474437,120,P1_outputs_path_100_to_300
2062,3154007.7414599136,120,P1_outputs_path_100_to_300
2063,3220925.8931281148,120,P1_outputs_path_100_to_300
2064,3156570.5583691066,120,P1_outputs_path_100_to_300
2065,3257419.2942689536,120,P1_outputs_path_100_to_300
2066,3371266.024647536,120,P1_outputs_path_100_to_300
2067,3274866.8056165734,120,P1_outputs_path_100_to_300
2068,3212129.2922948664,120,P1_outputs_path_100_to_300
2069,3330070.087174521,120,P1_outputs_path_100_to_300
2070,3549332.698250294,120,P1_outputs_path_100_to_300
2071,3548718.5162080945,120,P1_outputs_path_100_to_300
2072,3425715.53416262,120,P1_outputs_path_100_to_300
2073,3521223.714444901,120,P1_outputs_path_100_to_300
2074,1779633.9179399435,120,P1_outputs_path_100_to_300
2075,,120,P1_outputs_path_100_to_300
2025,0.0,121,P1_outputs_path_100_to_300
2026,48128.74504094536,121,P1_outputs_path_100_to_300
2027,107334.06497440208,121,P1_outputs_path_100_to_300
2028,145170.97786222544,121,P1_outputs_path_100_to_300
2029,171059.4005019026,121,P1_outputs_path_100_to_300
2030,216530.88215182157,121,P1_outputs_path_100_to_300
2031,267176.7331705695,121,P1_outputs_path_100_to_300
2032,401044.5585352751,121,P1_outputs_path_100_to_300
2033,497201.8340018334,121,P1_outputs_path_100_to_300
2034,542947.5300797224,121,P1_outputs_path_100_to_300
2035,503313.4411330716,121,P1_outputs_path_100_to_300
2036,592284.9044680999,121,P1_outputs_path_100_to_300
2037,678176.0882244691,121,P1_outputs_path_100_to_300
2038,855443.8718465109,121,P1_outputs_path_100_to_300
2039,1008686.793100536,121,P1_outputs_path_100_to_300
2040,1185783.3558633805,121,P1_outputs_path_100_to_300
2041,1271373.7173359632,121,P1_outputs_path_100_to_300
2042,1705987.6859560765,121,P1_outputs_path_100_to_300
2043,2200559.828352026,121,P1_outputs_path_100_to_300
2044,2068288.441580486,121,P1_outputs_path_100_to_300
2045,2044378.584077894,121,P1_outputs_path_100_to_300
2046,1994316.7586692704,121,P1_outputs_path_100_to_300
2047,2217746.573801876,121,P1_outputs_path_100_to_300
2048,2260779.9032235947,121,P1_outputs_path_100_to_300
2049,2274713.102200589,121,P1_outputs_path_100_to_300
2050,2249256.381616469,121,P1_outputs_path_100_to_300
2051,2268458.1820379,121,P1_outputs_path_100_to_300
2052,2289070.17607486,121,P1_outputs_path_100_to_300
2053,2419203.094896745,121,P1_outputs_path_100_to_300
2054,2475818.630198092,121,P1_outputs_path_100_to_300
2055,2428606.369557317,121,P1_outputs_path_100_to_300
2056,2508132.489050369,121,P1_outputs_path_100_to_300
2057,2645826.7166498923,121,P1_outputs_path_100_to_300
2058,2628704.5721619725,121,P1_outputs_path_100_to_300
2059,2343466.8398904367,121,P1_outputs_path_100_to_300
2060,2454309.455623799,121,P1_outputs_path_100_to_300
2061,2562666.545412526,121,P1_outputs_path_100_to_300
2062,2860528.2248454704,121,P1_outputs_path_100_to_300
2063,3062977.674872244,121,P1_outputs_path_100_to_300
2064,3216834.8736700146,121,P1_outputs_path_100_to_300
2065,3139144.0549523574,121,P1_outputs_path_100_to_300
2066,3128202.895506737,121,P1_outputs_path_100_to_300
2067,3374546.7112458586,121,P1_outputs_path_100_to_300
2068,3307926.170718255,121,P1_outputs_path_100_to_300
2069,3278439.959186925,121,P1_outputs_path_100_to_300
2070,2979019.555940918,121,P1_outputs_path_100_to_300
2071,3105277.69468622,121,P1_outputs_path_100_to_300
2072,3196205.1349705067,121,P1_outputs_path_100_to_300
2073,3281440.4840349862,121,P1_outputs_path_100_to_300
2074,1641197.603535088,121,P1_outputs_path_100_to_300
2075,,121,P1_outputs_path_100_to_300
2025,0.0,122,P1_outputs_path_100_to_300
2026,66764.4431834924,122,P1_outputs_path_100_to_300
2027,132667.38246802305,122,P1_outputs_path_100_to_300
2028,215848.25390624552,122,P1_outputs_path_100_to_300
2029,265138.1689839034,122,P1_outputs_path_100_to_300
2030,400485.12771643576,122,P1_outputs_path_100_to_300
2031,524807.9012953156,122,P1_outputs_path_100_to_300
2032,636061.969230964,122,P1_outputs_path_100_to_300
2033,751698.6287406503,122,P1_outputs_path_100_to_300
2034,121528.22117180994,122,P1_outputs_path_100_to_300
2035,197475.95626830403,122,P1_outputs_path_100_to_300
2036,351145.3539739758,122,P1_outputs_path_100_to_300
2037,414071.9582631735,122,P1_outputs_path_100_to_300
2038,539642.0853793999,122,P1_outputs_path_100_to_300
2039,649756.2911329835,122,P1_outputs_path_100_to_300
2040,848624.9361905184,122,P1_outputs_path_100_to_300
2041,1044156.6587834576,122,P1_outputs_path_100_to_300
2042,1106359.8153527214,122,P1_outputs_path_100_to_300
2043,1096324.5562498912,122,P1_outputs_path_100_to_300
2044,1230924.8582137795,122,P1_outputs_path_100_to_300
2045,1422064.8372726222,122,P1_outputs_path_100_to_300
2046,1556810.0545227018,122,P1_outputs_path_100_to_300
2047,1628725.5077198232,122,P1_outputs_path_100_to_300
2048,1827251.8361799032,122,P1_outputs_path_100_to_300
2049,1912373.0298477253,122,P1_outputs_path_100_to_300
2050,1888458.8880946536,122,P1_outputs_path_100_to_300
2051,1929027.7485286936,122,P1_outputs_path_100_to_300
2052,1977540.0802491372,122,P1_outputs_path_100_to_300
2053,2087243.707936623,122,P1_outputs_path_100_to_300
2054,2197483.9383893297,122,P1_outputs_path_100_to_300
2055,2318738.63910914,122,P1_outputs_path_100_to_300
2056,2357940.3913727584,122,P1_outputs_path_100_to_300
2057,2407968.3949620407,122,P1_outputs_path_100_to_300
2058,2327268.4327290696,122,P1_outputs_path_100_to_300
2059,2446846.385490304,122,P1_outputs_path_100_to_300
2060,2428328.3594036414,122,P1_outputs_path_100_to_300
2061,2380748.394497415,122,P1_outputs_path_100_to_300
2062,2388839.691906889,122,P1_outputs_path_100_to_300
2063,2312167.01613786,122,P1_outputs_path_100_to_300
2064,2464086.64973953,122,P1_outputs_path_100_to_300
2065,2563729.1509402147,122,P1_outputs_path_100_to_300
2066,2432941.51128866,122,P1_outputs_path_100_to_300
2067,2379024.877787802,122,P1_outputs_path_100_to_300
2068,2571330.571749366,122,P1_outputs_path_100_to_300
2069,2443567.6185347345,122,P1_outputs_path_100_to_300
2070,2528900.568328625,122,P1_outputs_path_100_to_300
2071,2524843.427649028,122,P1_outputs_path_100_to_300
2072,2585352.1953497417,122,P1_outputs_path_100_to_300
2073,2724429.860673021,122,P1_outputs_path_100_to_300
2074,1114734.0137362287,122,P1_outputs_path_100_to_300
2075,,122,P1_outputs_path_100_to_300
2025,0.0,123,P1_outputs_path_100_to_300
2026,54832.82873702486,123,P1_outputs_path_100_to_300
2027,115927.94850836611,123,P1_outputs_path_100_to_300
2028,198669.63141616105,123,P1_outputs_path_100_to_300
2029,300217.7213749669,123,P1_outputs_path_100_to_300
2030,417378.5453699094,123,P1_outputs_path_100_to_300
2031,529149.4887140382,123,P1_outputs_path_100_to_300
2032,576987.2143093538,123,P1_outputs_path_100_to_300
2033,825077.6167679817,123,P1_outputs_path_100_to_300
2034,182547.39813700572,123,P1_outputs_path_100_to_300
2035,273440.4101323574,123,P1_outputs_path_100_to_300
2036,435170.7538620144,123,P1_outputs_path_100_to_300
2037,597052.1437852808,123,P1_outputs_path_100_to_300
2038,634817.9570450734,123,P1_outputs_path_100_to_300
2039,693009.1113564313,123,P1_outputs_path_100_to_300
2040,721218.4205945771,123,P1_outputs_path_100_to_300
2041,834865.6705651028,123,P1_outputs_path_100_to_300
2042,1021909.380656623,123,P1_outputs_path_100_to_300
2043,1113481.188863024,123,P1_outputs_path_100_to_300
2044,1069066.232899104,123,P1_outputs_path_100_to_300
2045,1062941.939429027,123,P1_outputs_path_100_to_300
2046,1352472.3455294005,123,P1_outputs_path_100_to_300
2047,1559681.6118123755,123,P1_outputs_path_100_to_300
2048,1571090.7541147158,123,P1_outputs_path_100_to_300
2049,1922251.4801654683,123,P1_outputs_path_100_to_300
2050,1921044.8836625516,123,P1_outputs_path_100_to_300
2051,2060146.50751582,123,P1_outputs_path_100_to_300
2052,2229031.415494124,123,P1_outputs_path_100_to_300
2053,2090612.961261506,123,P1_outputs_path_100_to_300
2054,2132668.294358629,123,P1_outputs_path_100_to_300
2055,2134301.2650314905,123,P1_outputs_path_100_to_300
2056,2304558.8721630275,123,P1_outputs_path_100_to_300
2057,2082319.806975,123,P1_outputs_path_100_to_300
2058,2140848.3398951744,123,P1_outputs_path_100_to_300
2059,2138385.2853901,123,P1_outputs_path_100_to_300
2060,2256375.3471814026,123,P1_outputs_path_100_to_300
2061,2151790.404016627,123,P1_outputs_path_100_to_300
2062,2130499.9925693357,123,P1_outputs_path_100_to_300
2063,2156458.738450461,123,P1_outputs_path_100_to_300
2064,2064956.4106694455,123,P1_outputs_path_100_to_300
2065,2032191.90186979,123,P1_outputs_path_100_to_300
2066,2194074.2239645906,123,P1_outputs_path_100_to_300
2067,2084537.784849533,123,P1_outputs_path_100_to_300
2068,2154965.8507867227,123,P1_outputs_path_100_to_300
2069,2247851.546376876,123,P1_outputs_path_100_to_300
2070,2326987.44829532,123,P1_outputs_path_100_to_300
2071,2396700.959765575,123,P1_outputs_path_100_to_300
2072,2587261.374345131,123,P1_outputs_path_100_to_300
2073,2573516.7071266063,123,P1_outputs_path_100_to_300
2074,710490.1885951024,123,P1_outputs_path_100_to_300
2075,,123,P1_outputs_path_100_to_300
2025,0.0,124,P1_outputs_path_100_to_300
2026,52468.20087273073,124,P1_outputs_path_100_to_300
2027,108763.95679526548,124,P1_outputs_path_100_to_300
2028,158825.18901179166,124,P1_outputs_path_100_to_300
2029,191974.1764323292,124,P1_outputs_path_100_to_300
2030,228717.85090302496,124,P1_outputs_path_100_to_300
2031,313157.7933943424,124,P1_outputs_path_100_to_300
2032,444072.3977493911,124,P1_outputs_path_100_to_300
2033,535991.5533687447,124,P1_outputs_path_100_to_300
2034,578894.2844900658,124,P1_outputs_path_100_to_300
2035,827088.2865358584,124,P1_outputs_path_100_to_300
2036,1047637.413244634,124,P1_outputs_path_100_to_300
2037,1174409.2944761117,124,P1_outputs_path_100_to_300
2038,1273025.6304207433,124,P1_outputs_path_100_to_300
2039,1427394.1966634071,124,P1_outputs_path_100_to_300
2040,1666180.5320003682,124,P1_outputs_path_100_to_300
2041,1764648.1774609163,124,P1_outputs_path_100_to_300
2042,1867977.3735660887,124,P1_outputs_path_100_to_300
2043,1904609.6094141863,124,P1_outputs_path_100_to_300
2044,2128689.5660254364,124,P1_outputs_path_100_to_300
2045,2078038.1963005627,124,P1_outputs_path_100_to_300
2046,2020322.899704041,124,P1_outputs_path_100_to_300
2047,2130254.5874438845,124,P1_outputs_path_100_to_300
2048,2247721.3520432394,124,P1_outputs_path_100_to_300
2049,2242870.427469822,124,P1_outputs_path_100_to_300
2050,2465148.970740878,124,P1_outputs_path_100_to_300
2051,2670653.512313337,124,P1_outputs_path_100_to_300
2052,2682809.791062542,124,P1_outputs_path_100_to_300
2053,2646230.246053324,124,P1_outputs_path_100_to_300
2054,2611998.204724084,124,P1_outputs_path_100_to_300
2055,2882356.4365737354,124,P1_outputs_path_100_to_300
2056,3030340.881136236,124,P1_outputs_path_100_to_300
2057,3049792.666566666,124,P1_outputs_path_100_to_300
2058,3158406.584785219,124,P1_outputs_path_100_to_300
2059,3084433.135777426,124,P1_outputs_path_100_to_300
2060,3147060.4301155703,124,P1_outputs_path_100_to_300
2061,3395890.139651115,124,P1_outputs_path_100_to_300
2062,3649529.0101728607,124,P1_outputs_path_100_to_300
2063,3620161.278809502,124,P1_outputs_path_100_to_300
2064,3497063.785809164,124,P1_outputs_path_100_to_300
2065,3690109.419700969,124,P1_outputs_path_100_to_300
2066,3861902.956166265,124,P1_outputs_path_100_to_300
2067,3876658.028077722,124,P1_outputs_path_100_to_300
2068,4030295.3759333496,124,P1_outputs_path_100_to_300
2069,4236592.2795892935,124,P1_outputs_path_100_to_300
2070,4013078.855277351,124,P1_outputs_path_100_to_300
2071,4178052.99656919,124,P1_outputs_path_100_to_300
2072,4097822.058820004,124,P1_outputs_path_100_to_300
2073,3932680.923567537,124,P1_outputs_path_100_to_300
2074,2314875.776129009,124,P1_outputs_path_100_to_300
2075,,124,P1_outputs_path_100_to_300
2025,0.0,125,P1_outputs_path_100_to_300
2026,65492.26293033273,125,P1_outputs_path_100_to_300
2027,129840.72618843314,125,P1_outputs_path_100_to_300
2028,212529.0232637522,125,P1_outputs_path_100_to_300
2029,329875.31447729835,125,P1_outputs_path_100_to_300
2030,354496.0260078713,125,P1_outputs_path_100_to_300
2031,355609.52890644426,125,P1_outputs_path_100_to_300
2032,403482.9749003759,125,P1_outputs_path_100_to_300
2033,477905.4801289897,125,P1_outputs_path_100_to_300
2034,510921.7449488622,125,P1_outputs_path_100_to_300
2035,541274.346753221,125,P1_outputs_path_100_to_300
2036,628782.6829889949,125,P1_outputs_path_100_to_300
2037,829714.2882570947,125,P1_outputs_path_100_to_300
2038,866676.4853610087,125,P1_outputs_path_100_to_300
2039,1077807.4137512248,125,P1_outputs_path_100_to_300
2040,1117874.543363189,125,P1_outputs_path_100_to_300
2041,1291430.376846233,125,P1_outputs_path_100_to_300
2042,1173124.4891072293,125,P1_outputs_path_100_to_300
2043,1315976.901298329,125,P1_outputs_path_100_to_300
2044,1346912.5830513071,125,P1_outputs_path_100_to_300
2045,1509684.4413521597,125,P1_outputs_path_100_to_300
2046,1716075.1861263926,125,P1_outputs_path_100_to_300
2047,1840398.9832982272,125,P1_outputs_path_100_to_300
2048,1917131.5217787728,125,P1_outputs_path_100_to_300
2049,2268191.312814697,125,P1_outputs_path_100_to_300
2050,2201878.8756620856,125,P1_outputs_path_100_to_300
2051,2406575.125259124,125,P1_outputs_path_100_to_300
2052,2600636.28763434,125,P1_outputs_path_100_to_300
2053,2736335.2879291186,125,P1_outputs_path_100_to_300
2054,2704786.173427693,125,P1_outputs_path_100_to_300
2055,2658897.979219952,125,P1_outputs_path_100_to_300
2056,2542906.2790869665,125,P1_outputs_path_100_to_300
2057,2599668.951862877,125,P1_outputs_path_100_to_300
2058,2618100.697690044,125,P1_outputs_path_100_to_300
2059,2799186.1583925867,125,P1_outputs_path_100_to_300
2060,2850087.7048942773,125,P1_outputs_path_100_to_300
2061,2741789.730846074,125,P1_outputs_path_100_to_300
2062,2916738.279428959,125,P1_outputs_path_100_to_300
2063,3168576.3501095586,125,P1_outputs_path_100_to_300
2064,3380058.370854585,125,P1_outputs_path_100_to_300
2065,3294045.954718281,125,P1_outputs_path_100_to_300
2066,3127814.075467565,125,P1_outputs_path_100_to_300
2067,3246786.43688818,125,P1_outputs_path_100_to_300
2068,3572222.382406083,125,P1_outputs_path_100_to_300
2069,3460298.913346459,125,P1_outputs_path_100_to_300
2070,3581461.276737096,125,P1_outputs_path_100_to_300
2071,3502429.6371795554,125,P1_outputs_path_100_to_300
2072,3366169.0016109515,125,P1_outputs_path_100_to_300
2073,3433484.4111071345,125,P1_outputs_path_100_to_300
2074,1816664.135519991,125,P1_outputs_path_100_to_300
2075,,125,P1_outputs_path_100_to_300
2025,0.0,126,P1_outputs_path_100_to_300
2026,56122.38172291727,126,P1_outputs_path_100_to_300
2027,103317.4662085452,126,P1_outputs_path_100_to_300
2028,159553.06907460507,126,P1_outputs_path_100_to_300
2029,238384.0923281125,126,P1_outputs_path_100_to_300
2030,253594.8954422782,126,P1_outputs_path_100_to_300
2031,416807.76318544894,126,P1_outputs_path_100_to_300
2032,437091.30978519307,126,P1_outputs_path_100_to_300
2033,449246.29683635314,126,P1_outputs_path_100_to_300
2034,489014.6406667303,126,P1_outputs_path_100_to_300
2035,549911.4794082448,126,P1_outputs_path_100_to_300
2036,629405.5568431803,126,P1_outputs_path_100_to_300
2037,803399.7207642875,126,P1_outputs_path_100_to_300
2038,957060.0768105086,126,P1_outputs_path_100_to_300
2039,945774.3394492408,126,P1_outputs_path_100_to_300
2040,1078188.307474611,126,P1_outputs_path_100_to_300
2041,1059459.1786866738,126,P1_outputs_path_100_to_300
2042,1322395.9571942177,126,P1_outputs_path_100_to_300
2043,1185977.3765691903,126,P1_outputs_path_100_to_300
2044,1216637.9941648631,126,P1_outputs_path_100_to_300
2045,1374553.882911475,126,P1_outputs_path_100_to_300
2046,1557807.9012622852,126,P1_outputs_path_100_to_300
2047,1669551.2896635171,126,P1_outputs_path_100_to_300
2048,1738279.290698527,126,P1_outputs_path_100_to_300
2049,1983103.48807278,126,P1_outputs_path_100_to_300
2050,2124887.8010576265,126,P1_outputs_path_100_to_300
2051,2173027.891383256,126,P1_outputs_path_100_to_300
2052,2137769.2855403884,126,P1_outputs_path_100_to_300
2053,2336028.3446953604,126,P1_outputs_path_100_to_300
2054,2370197.7826102027,126,P1_outputs_path_100_to_300
2055,2512796.580861707,126,P1_outputs_path_100_to_300
2056,2567585.567401225,126,P1_outputs_path_100_to_300
2057,2587802.4046732346,126,P1_outputs_path_100_to_300
2058,2788452.755492927,126,P1_outputs_path_100_to_300
2059,2681000.427645206,126,P1_outputs_path_100_to_300
2060,2755574.036081421,126,P1_outputs_path_100_to_300
2061,2698952.8839205294,126,P1_outputs_path_100_to_300
2062,2666799.784751252,126,P1_outputs_path_100_to_300
2063,2800751.205968349,126,P1_outputs_path_100_to_300
2064,2791362.418795445,126,P1_outputs_path_100_to_300
2065,2886032.267511308,126,P1_outputs_path_100_to_300
2066,2809924.201286517,126,P1_outputs_path_100_to_300
2067,2853461.590738332,126,P1_outputs_path_100_to_300
2068,2957274.9501904547,126,P1_outputs_path_100_to_300
2069,3160077.3159623,126,P1_outputs_path_100_to_300
2070,3421001.811767928,126,P1_outputs_path_100_to_300
2071,3346458.2738277903,126,P1_outputs_path_100_to_300
2072,3549245.2164845048,126,P1_outputs_path_100_to_300
2073,3705239.018018821,126,P1_outputs_path_100_to_300
2074,1633041.8699890112,126,P1_outputs_path_100_to_300
2075,,126,P1_outputs_path_100_to_300
2025,0.0,127,P1_outputs_path_100_to_300
2026,41348.46365315827,127,P1_outputs_path_100_to_300
2027,107948.3317914509,127,P1_outputs_path_100_to_300
2028,149962.53462539593,127,P1_outputs_path_100_to_300
2029,192379.04636582,127,P1_outputs_path_100_to_300
2030,271703.24202459096,127,P1_outputs_path_100_to_300
2031,331044.1325328367,127,P1_outputs_path_100_to_300
2032,439510.6084746573,127,P1_outputs_path_100_to_300
2033,548414.4557206387,127,P1_outputs_path_100_to_300
2034,790065.8948987628,127,P1_outputs_path_100_to_300
2035,851775.745027632,127,P1_outputs_path_100_to_300
2036,958008.8328271576,127,P1_outputs_path_100_to_300
2037,1088915.5496960704,127,P1_outputs_path_100_to_300
2038,1169951.000788115,127,P1_outputs_path_100_to_300
2039,1498587.3133764763,127,P1_outputs_path_100_to_300
2040,1528019.7058547086,127,P1_outputs_path_100_to_300
2041,1799154.6787223574,127,P1_outputs_path_100_to_300
2042,1977318.4094824928,127,P1_outputs_path_100_to_300
2043,2135448.547285796,127,P1_outputs_path_100_to_300
2044,2034103.2130364173,127,P1_outputs_path_100_to_300
2045,2108167.221318121,127,P1_outputs_path_100_to_300
2046,2006610.095491686,127,P1_outputs_path_100_to_300
2047,2082148.899445497,127,P1_outputs_path_100_to_300
2048,2187886.807103528,127,P1_outputs_path_100_to_300
2049,2230594.317561744,127,P1_outputs_path_100_to_300
2050,2368557.4144783528,127,P1_outputs_path_100_to_300
2051,2367433.757599366,127,P1_outputs_path_100_to_300
2052,2413409.107441805,127,P1_outputs_path_100_to_300
2053,2773789.727534664,127,P1_outputs_path_100_to_300
2054,2874906.5638931,127,P1_outputs_path_100_to_300
2055,2679796.843909724,127,P1_outputs_path_100_to_300
2056,2919277.9297382724,127,P1_outputs_path_100_to_300
2057,2897741.854536404,127,P1_outputs_path_100_to_300
2058,3041662.5005294927,127,P1_outputs_path_100_to_300
2059,2983558.64258632,127,P1_outputs_path_100_to_300
2060,3125466.1732064644,127,P1_outputs_path_100_to_300
2061,3131126.258141484,127,P1_outputs_path_100_to_300
2062,3243054.203363784,127,P1_outputs_path_100_to_300
2063,3358906.2652739347,127,P1_outputs_path_100_to_300
2064,3323541.101270724,127,P1_outputs_path_100_to_300
2065,3267015.8367029703,127,P1_outputs_path_100_to_300
2066,3305470.7258423306,127,P1_outputs_path_100_to_300
2067,3474259.0756841344,127,P1_outputs_path_100_to_300
2068,3442472.5311772446,127,P1_outputs_path_100_to_300
2069,3487193.029556828,127,P1_outputs_path_100_to_300
2070,3604947.84056126,127,P1_outputs_path_100_to_300
2071,3663199.6861062106,127,P1_outputs_path_100_to_300
2072,3847901.648404936,127,P1_outputs_path_100_to_300
2073,3880368.686417892,127,P1_outputs_path_100_to_300
2074,2133504.975388328,127,P1_outputs_path_100_to_300
2075,,127,P1_outputs_path_100_to_300
2025,0.0,128,P1_outputs_path_100_to_300
2026,51089.748827825104,128,P1_outputs_path_100_to_300
2027,107597.9826293791,128,P1_outputs_path_100_to_300
2028,154219.21893589955,128,P1_outputs_path_100_to_300
2029,264386.1942083861,128,P1_outputs_path_100_to_300
2030,300862.1780507816,128,P1_outputs_path_100_to_300
2031,380949.52044331335,128,P1_outputs_path_100_to_300
2032,460057.9452911471,128,P1_outputs_path_100_to_300
2033,565471.3202912994,128,P1_outputs_path_100_to_300
2034,591823.0712917229,128,P1_outputs_path_100_to_300
2035,775002.7323523215,128,P1_outputs_path_100_to_300
2036,998087.6593577972,128,P1_outputs_path_100_to_300
2037,1227469.3927217268,128,P1_outputs_path_100_to_300
2038,1552733.1849170297,128,P1_outputs_path_100_to_300
2039,1698134.1081209602,128,P1_outputs_path_100_to_300
2040,1645788.8953404832,128,P1_outputs_path_100_to_300
2041,1769663.106194423,128,P1_outputs_path_100_to_300
2042,1899566.346596361,128,P1_outputs_path_100_to_300
2043,2019699.759570944,128,P1_outputs_path_100_to_300
2044,2080761.9309041656,128,P1_outputs_path_100_to_300
2045,2372159.560331332,128,P1_outputs_path_100_to_300
2046,2201583.761602355,128,P1_outputs_path_100_to_300
2047,2368753.188137107,128,P1_outputs_path_100_to_300
2048,2519309.98399591,128,P1_outputs_path_100_to_300
2049,2630043.794639295,128,P1_outputs_path_100_to_300
2050,2765003.8659692365,128,P1_outputs_path_100_to_300
2051,2688531.742902705,128,P1_outputs_path_100_to_300
2052,2340163.857322381,128,P1_outputs_path_100_to_300
2053,2198901.8666770724,128,P1_outputs_path_100_to_300
2054,2076331.059266625,128,P1_outputs_path_100_to_300
2055,2091278.5620072272,128,P1_outputs_path_100_to_300
2056,2221622.0206323294,128,P1_outputs_path_100_to_300
2057,2259396.519698742,128,P1_outputs_path_100_to_300
2058,2429028.768367107,128,P1_outputs_path_100_to_300
2059,2405751.994508836,128,P1_outputs_path_100_to_300
2060,2460117.755578261,128,P1_outputs_path_100_to_300
2061,2645747.9115376463,128,P1_outputs_path_100_to_300
2062,2606579.795974201,128,P1_outputs_path_100_to_300
2063,2550587.145914018,128,P1_outputs_path_100_to_300
2064,2599858.437664787,128,P1_outputs_path_100_to_300
2065,2541228.2863196856,128,P1_outputs_path_100_to_300
2066,2713351.9626898435,128,P1_outputs_path_100_to_300
2067,2649902.500965786,128,P1_outputs_path_100_to_300
2068,2683505.323796972,128,P1_outputs_path_100_to_300
2069,2892106.775721188,128,P1_outputs_path_100_to_300
2070,2924043.329633248,128,P1_outputs_path_100_to_300
2071,2947544.790945107,128,P1_outputs_path_100_to_300
2072,3065955.8125808006,128,P1_outputs_path_100_to_300
2073,3111301.248632409,128,P1_outputs_path_100_to_300
2074,1460656.3533844778,128,P1_outputs_path_100_to_300
2075,,128,P1_outputs_path_100_to_300
2025,0.0,129,P1_outputs_path_100_to_300
2026,47521.41362683355,129,P1_outputs_path_100_to_300
2027,97145.58965799764,129,P1_outputs_path_100_to_300
2028,134730.08457913587,129,P1_outputs_path_100_to_300
2029,185816.27592743796,129,P1_outputs_path_100_to_300
2030,217444.7999457776,129,P1_outputs_path_100_to_300
2031,292566.28718668944,129,P1_outputs_path_100_to_300
2032,369209.995281443,129,P1_outputs_path_100_to_300
2033,452465.41806047177,129,P1_outputs_path_100_to_300
2034,463946.105343533,129,P1_outputs_path_100_to_300
2035,509281.3364220917,129,P1_outputs_path_100_to_300
2036,543162.1822781404,129,P1_outputs_path_100_to_300
2037,610265.5007530437,129,P1_outputs_path_100_to_300
2038,677255.6015766693,129,P1_outputs_path_100_to_300
2039,758285.2905464297,129,P1_outputs_path_100_to_300
2040,854072.260407941,129,P1_outputs_path_100_to_300
2041,972126.5870451224,129,P1_outputs_path_100_to_300
2042,922016.1297454014,129,P1_outputs_path_100_to_300
2043,1150706.7607107991,129,P1_outputs_path_100_to_300
2044,1125329.929375215,129,P1_outputs_path_100_to_300
2045,1310956.561014875,129,P1_outputs_path_100_to_300
2046,1472168.2684308528,129,P1_outputs_path_100_to_300
2047,1248947.1995288234,129,P1_outputs_path_100_to_300
2048,1475295.3960564814,129,P1_outputs_path_100_to_300
2049,1507980.2095137392,129,P1_outputs_path_100_to_300
2050,1863875.986944424,129,P1_outputs_path_100_to_300
2051,2015389.7157643836,129,P1_outputs_path_100_to_300
2052,2152844.9805891723,129,P1_outputs_path_100_to_300
2053,2077700.4105105083,129,P1_outputs_path_100_to_300
2054,2021785.481185176,129,P1_outputs_path_100_to_300
2055,2105823.553998893,129,P1_outputs_path_100_to_300
2056,2261265.427634942,129,P1_outputs_path_100_to_300
2057,2251990.211897012,129,P1_outputs_path_100_to_300
2058,2281425.015608605,129,P1_outputs_path_100_to_300
2059,2145905.9440757087,129,P1_outputs_path_100_to_300
2060,2343943.42064592,129,P1_outputs_path_100_to_300
2061,2473782.930406719,129,P1_outputs_path_100_to_300
2062,2660338.229437653,129,P1_outputs_path_100_to_300
2063,2829592.138450247,129,P1_outputs_path_100_to_300
2064,3007943.680433288,129,P1_outputs_path_100_to_300
2065,2834082.835990798,129,P1_outputs_path_100_to_300
2066,3139491.473789905,129,P1_outputs_path_100_to_300
2067,3103411.3165947306,129,P1_outputs_path_100_to_300
2068,3274561.108443523,129,P1_outputs_path_100_to_300
2069,3382597.619133459,129,P1_outputs_path_100_to_300
2070,3578845.093035162,129,P1_outputs_path_100_to_300
2071,3702091.338317108,129,P1_outputs_path_100_to_300
2072,4006166.338359842,129,P1_outputs_path_100_to_300
2073,3674392.353790298,129,P1_outputs_path_100_to_300
2074,1873052.2234974531,129,P1_outputs_path_100_to_300
2075,,129,P1_outputs_path_100_to_300
2025,0.0,130,P1_outputs_path_100_to_300
2026,61691.44875751844,130,P1_outputs_path_100_to_300
2027,115656.63027767916,130,P1_outputs_path_100_to_300
2028,171885.67589150305,130,P1_outputs_path_100_to_300
2029,207326.3229824676,130,P1_outputs_path_100_to_300
2030,346454.79359898414,130,P1_outputs_path_100_to_300
2031,425916.137421809,130,P1_outputs_path_100_to_300
2032,481585.61504098016,130,P1_outputs_path_100_to_300
2033,611444.2552654374,130,P1_outputs_path_100_to_300
2034,543267.6160356915,130,P1_outputs_path_100_to_300
2035,619646.8424838696,130,P1_outputs_path_100_to_300
2036,774350.753068386,130,P1_outputs_path_100_to_300
2037,877859.8482376181,130,P1_outputs_path_100_to_300
2038,890007.0221288619,130,P1_outputs_path_100_to_300
2039,989131.8012171618,130,P1_outputs_path_100_to_300
2040,1141816.2161428,130,P1_outputs_path_100_to_300
2041,1604330.4816705985,130,P1_outputs_path_100_to_300
2042,1600566.007939946,130,P1_outputs_path_100_to_300
2043,1885256.5559059735,130,P1_outputs_path_100_to_300
2044,1928139.375711562,130,P1_outputs_path_100_to_300
2045,2002222.2488781165,130,P1_outputs_path_100_to_300
2046,1969519.698138046,130,P1_outputs_path_100_to_300
2047,1816860.8640759925,130,P1_outputs_path_100_to_300
2048,1856412.192002411,130,P1_outputs_path_100_to_300
2049,1763539.3783593324,130,P1_outputs_path_100_to_300
2050,2012792.070179195,130,P1_outputs_path_100_to_300
2051,1932426.8227883088,130,P1_outputs_path_100_to_300
2052,1892052.4350675996,130,P1_outputs_path_100_to_300
2053,2048935.3896642376,130,P1_outputs_path_100_to_300
2054,2202730.6971462527,130,P1_outputs_path_100_to_300
2055,2201303.354356528,130,P1_outputs_path_100_to_300
2056,2333134.900865279,130,P1_outputs_path_100_to_300
2057,2406356.3128530425,130,P1_outputs_path_100_to_300
2058,2360754.976816788,130,P1_outputs_path_100_to_300
2059,2487127.1628220645,130,P1_outputs_path_100_to_300
2060,2488154.1621058024,130,P1_outputs_path_100_to_300
2061,2575536.3304043505,130,P1_outputs_path_100_to_300
2062,2656862.491790726,130,P1_outputs_path_100_to_300
2063,2753878.0842477656,130,P1_outputs_path_100_to_300
2064,2916515.982205016,130,P1_outputs_path_100_to_300
2065,2936334.665197709,130,P1_outputs_path_100_to_300
2066,3084723.044126766,130,P1_outputs_path_100_to_300
2067,3179373.7566156685,130,P1_outputs_path_100_to_300
2068,3230101.3919999795,130,P1_outputs_path_100_to_300
2069,3111776.4648389663,130,P1_outputs_path_100_to_300
2070,3007046.184408752,130,P1_outputs_path_100_to_300
2071,3032884.4232667154,130,P1_outputs_path_100_to_300
2072,3184702.0867155096,130,P1_outputs_path_100_to_300
2073,3275900.9130975707,130,P1_outputs_path_100_to_300
2074,1168239.2660686092,130,P1_outputs_path_100_to_300
2075,,130,P1_outputs_path_100_to_300
2025,0.0,131,P1_outputs_path_100_to_300
2026,55159.99747450401,131,P1_outputs_path_100_to_300
2027,112389.0845454557,131,P1_outputs_path_100_to_300
2028,183261.7358373604,131,P1_outputs_path_100_to_300
2029,228650.06281757003,131,P1_outputs_path_100_to_300
2030,272201.7200840552,131,P1_outputs_path_100_to_300
2031,411908.4023755746,131,P1_outputs_path_100_to_300
2032,529842.7020068493,131,P1_outputs_path_100_to_300
2033,590323.085042486,131,P1_outputs_path_100_to_300
2034,751622.1337768643,131,P1_outputs_path_100_to_300
2035,916947.3896130136,131,P1_outputs_path_100_to_300
2036,1206501.2396776022,131,P1_outputs_path_100_to_300
2037,1549046.24810367,131,P1_outputs_path_100_to_300
2038,1789027.6565893006,131,P1_outputs_path_100_to_300
2039,1972165.974184957,131,P1_outputs_path_100_to_300
2040,1800405.546953909,131,P1_outputs_path_100_to_300
2041,1832621.87734881,131,P1_outputs_path_100_to_300
2042,1821611.699017412,131,P1_outputs_path_100_to_300
2043,2115681.451816395,131,P1_outputs_path_100_to_300
2044,1971152.6091007555,131,P1_outputs_path_100_to_300
2045,1988555.196333658,131,P1_outputs_path_100_to_300
2046,2140275.8907418186,131,P1_outputs_path_100_to_300
2047,2290756.892697863,131,P1_outputs_path_100_to_300
2048,2268001.6877425136,131,P1_outputs_path_100_to_300
2049,2103625.3687076382,131,P1_outputs_path_100_to_300
2050,2118651.0906587173,131,P1_outputs_path_100_to_300
2051,2208772.106822856,131,P1_outputs_path_100_to_300
2052,2280346.4275321565,131,P1_outputs_path_100_to_300
2053,2286093.9539529444,131,P1_outputs_path_100_to_300
2054,2269439.6904215845,131,P1_outputs_path_100_to_300
2055,2354373.402500709,131,P1_outputs_path_100_to_300
2056,2430364.0945137087,131,P1_outputs_path_100_to_300
2057,2270240.0520881847,131,P1_outputs_path_100_to_300
2058,2353370.125486032,131,P1_outputs_path_100_to_300
2059,2415983.022526884,131,P1_outputs_path_100_to_300
2060,2416792.735378234,131,P1_outputs_path_100_to_300
2061,2470284.088497372,131,P1_outputs_path_100_to_300
2062,2685911.465971243,131,P1_outputs_path_100_to_300
2063,2837265.3153833835,131,P1_outputs_path_100_to_300
2064,3106206.6800918505,131,P1_outputs_path_100_to_300
2065,3128648.228615884,131,P1_outputs_path_100_to_300
2066,3016924.6452984014,131,P1_outputs_path_100_to_300
2067,3040715.1775408946,131,P1_outputs_path_100_to_300
2068,2984105.115330369,131,P1_outputs_path_100_to_300
2069,3009967.91457402,131,P1_outputs_path_100_to_300
2070,3217522.967824783,131,P1_outputs_path_100_to_300
2071,3051041.797137605,131,P1_outputs_path_100_to_300
2072,2782786.2187807616,131,P1_outputs_path_100_to_300
2073,2678759.280015555,131,P1_outputs_path_100_to_300
2074,818489.6363868893,131,P1_outputs_path_100_to_300
2075,,131,P1_outputs_path_100_to_300
2025,0.0,132,P1_outputs_path_100_to_300
2026,57695.86631470859,132,P1_outputs_path_100_to_300
2027,100142.74539281294,132,P1_outputs_path_100_to_300
2028,169434.32398194264,132,P1_outputs_path_100_to_300
2029,249927.53673415064,132,P1_outputs_path_100_to_300
2030,360518.7648003713,132,P1_outputs_path_100_to_300
2031,417216.4994311826,132,P1_outputs_path_100_to_300
2032,511214.71203328855,132,P1_outputs_path_100_to_300
2033,624215.7744608767,132,P1_outputs_path_100_to_300
2034,630397.9798194186,132,P1_outputs_path_100_to_300
2035,753557.3386606546,132,P1_outputs_path_100_to_300
2036,821692.9515886931,132,P1_outputs_path_100_to_300
2037,1032260.09374177,132,P1_outputs_path_100_to_300
2038,1231108.7559763568,132,P1_outputs_path_100_to_300
2039,1348057.6037779008,132,P1_outputs_path_100_to_300
2040,1043381.8727838192,132,P1_outputs_path_100_to_300
2041,1020523.1071448592,132,P1_outputs_path_100_to_300
2042,1184743.216551158,132,P1_outputs_path_100_to_300
2043,1376790.5665524546,132,P1_outputs_path_100_to_300
2044,1273492.2835145933,132,P1_outputs_path_100_to_300
2045,1266753.9364801685,132,P1_outputs_path_100_to_300
2046,1429277.991906888,132,P1_outputs_path_100_to_300
2047,1533409.839167015,132,P1_outputs_path_100_to_300
2048,1668269.8759457886,132,P1_outputs_path_100_to_300
2049,1745843.8596795727,132,P1_outputs_path_100_to_300
2050,1988019.56962881,132,P1_outputs_path_100_to_300
2051,2010364.212652769,132,P1_outputs_path_100_to_300
2052,1934820.4674834,132,P1_outputs_path_100_to_300
2053,2168836.0362784243,132,P1_outputs_path_100_to_300
2054,2212541.9772701864,132,P1_outputs_path_100_to_300
2055,2044581.278480612,132,P1_outputs_path_100_to_300
2056,2108552.8793451022,132,P1_outputs_path_100_to_300
2057,2209943.597315956,132,P1_outputs_path_100_to_300
2058,2167609.715350125,132,P1_outputs_path_100_to_300
2059,2243197.217676455,132,P1_outputs_path_100_to_300
2060,2132219.171084469,132,P1_outputs_path_100_to_300
2061,2337190.1022640863,132,P1_outputs_path_100_to_300
2062,2400970.9118266134,132,P1_outputs_path_100_to_300
2063,2386239.598144543,132,P1_outputs_path_100_to_300
2064,2260061.586450644,132,P1_outputs_path_100_to_300
2065,2435177.9841051674,132,P1_outputs_path_100_to_300
2066,2679592.128980757,132,P1_outputs_path_100_to_300
2067,2819340.658172586,132,P1_outputs_path_100_to_300
2068,3008922.796042548,132,P1_outputs_path_100_to_300
2069,3053653.737616574,132,P1_outputs_path_100_to_300
2070,3152682.8433697307,132,P1_outputs_path_100_to_300
2071,3285741.374082846,132,P1_outputs_path_100_to_300
2072,3132582.590048124,132,P1_outputs_path_100_to_300
2073,3107790.417103286,132,P1_outputs_path_100_to_300
2074,1195192.789641464,132,P1_outputs_path_100_to_300
2075,,132,P1_outputs_path_100_to_300
2025,0.0,133,P1_outputs_path_100_to_300
2026,68998.4170620998,133,P1_outputs_path_100_to_300
2027,110965.17998579305,133,P1_outputs_path_100_to_300
2028,204335.28510322064,133,P1_outputs_path_100_to_300
2029,219795.8710268664,133,P1_outputs_path_100_to_300
2030,257315.93414136308,133,P1_outputs_path_100_to_300
2031,321356.71879068244,133,P1_outputs_path_100_to_300
2032,332452.1852073537,133,P1_outputs_path_100_to_300
2033,409861.3244123586,133,P1_outputs_path_100_to_300
2034,554712.2746239,133,P1_outputs_path_100_to_300
2035,579622.9212813256,133,P1_outputs_path_100_to_300
2036,628884.0947219841,133,P1_outputs_path_100_to_300
2037,652008.0656155497,133,P1_outputs_path_100_to_300
2038,702606.595159291,133,P1_outputs_path_100_to_300
2039,739914.3293240332,133,P1_outputs_path_100_to_300
2040,1057696.222361521,133,P1_outputs_path_100_to_300
2041,1139656.089839546,133,P1_outputs_path_100_to_300
2042,1461061.240305463,133,P1_outputs_path_100_to_300
2043,1416899.6285848392,133,P1_outputs_path_100_to_300
2044,1666214.696170441,133,P1_outputs_path_100_to_300
2045,1799572.7122968212,133,P1_outputs_path_100_to_300
2046,1886571.0928361292,133,P1_outputs_path_100_to_300
2047,1693375.867801374,133,P1_outputs_path_100_to_300
2048,1611558.9693297443,133,P1_outputs_path_100_to_300
2049,1804307.983954696,133,P1_outputs_path_100_to_300
2050,2031517.182317281,133,P1_outputs_path_100_to_300
2051,2087905.563111392,133,P1_outputs_path_100_to_300
2052,2105409.5162263475,133,P1_outputs_path_100_to_300
2053,2193865.436256512,133,P1_outputs_path_100_to_300
2054,2198456.88685584,133,P1_outputs_path_100_to_300
2055,2113765.619093762,133,P1_outputs_path_100_to_300
2056,2153116.948317263,133,P1_outputs_path_100_to_300
2057,2226658.884397758,133,P1_outputs_path_100_to_300
2058,2354493.107112215,133,P1_outputs_path_100_to_300
2059,2333970.434124195,133,P1_outputs_path_100_to_300
2060,2289086.944655704,133,P1_outputs_path_100_to_300
2061,2328518.7694279226,133,P1_outputs_path_100_to_300
2062,2279176.610038846,133,P1_outputs_path_100_to_300
2063,2487052.61668773,133,P1_outputs_path_100_to_300
2064,2607713.9173506526,133,P1_outputs_path_100_to_300
2065,2793824.367369374,133,P1_outputs_path_100_to_300
2066,2821965.667523582,133,P1_outputs_path_100_to_300
2067,2796139.4514071937,133,P1_outputs_path_100_to_300
2068,2750913.594419729,133,P1_outputs_path_100_to_300
2069,2907235.023460135,133,P1_outputs_path_100_to_300
2070,3007931.0260085016,133,P1_outputs_path_100_to_300
2071,3060293.534192588,133,P1_outputs_path_100_to_300
2072,3186291.570789376,133,P1_outputs_path_100_to_300
2073,3308590.1924586417,133,P1_outputs_path_100_to_300
2074,1398394.436441017,133,P1_outputs_path_100_to_300
2075,,133,P1_outputs_path_100_to_300
2025,0.0,134,P1_outputs_path_100_to_300
2026,52293.018562329686,134,P1_outputs_path_100_to_300
2027,101696.9004445838,134,P1_outputs_path_100_to_300
2028,165465.65227953874,134,P1_outputs_path_100_to_300
2029,206623.30967027548,134,P1_outputs_path_100_to_300
2030,291866.6208960327,134,P1_outputs_path_100_to_300
2031,392301.30171650526,134,P1_outputs_path_100_to_300
2032,485916.14517474384,134,P1_outputs_path_100_to_300
2033,601752.321565939,134,P1_outputs_path_100_to_300
2034,790484.2075608071,134,P1_outputs_path_100_to_300
2035,859974.8922564387,134,P1_outputs_path_100_to_300
2036,837167.972133613,134,P1_outputs_path_100_to_300
2037,876834.3056177155,134,P1_outputs_path_100_to_300
2038,787764.0004090411,134,P1_outputs_path_100_to_300
2039,859644.4886068059,134,P1_outputs_path_100_to_300
2040,826323.2688930426,134,P1_outputs_path_100_to_300
2041,776012.4107069653,134,P1_outputs_path_100_to_300
2042,828940.5409672561,134,P1_outputs_path_100_to_300
2043,832672.9966651789,134,P1_outputs_path_100_to_300
2044,816550.7553405428,134,P1_outputs_path_100_to_300
2045,954728.45049593,134,P1_outputs_path_100_to_300
2046,1061519.2779072034,134,P1_outputs_path_100_to_300
2047,1186313.6744293736,134,P1_outputs_path_100_to_300
2048,1453589.7480569617,134,P1_outputs_path_100_to_300
2049,1436167.360083006,134,P1_outputs_path_100_to_300
2050,1717534.0769773875,134,P1_outputs_path_100_to_300
2051,1829228.015541308,134,P1_outputs_path_100_to_300
2052,1756362.412599388,134,P1_outputs_path_100_to_300
2053,1930224.1413237744,134,P1_outputs_path_100_to_300
2054,2019221.2917406848,134,P1_outputs_path_100_to_300
2055,2190492.3020508727,134,P1_outputs_path_100_to_300
2056,2252480.138872249,134,P1_outputs_path_100_to_300
2057,2275358.282627396,134,P1_outputs_path_100_to_300
2058,2456529.782945598,134,P1_outputs_path_100_to_300
2059,2528142.678505342,134,P1_outputs_path_100_to_300
2060,2691719.331691205,134,P1_outputs_path_100_to_300
2061,2648459.36254509,134,P1_outputs_path_100_to_300
2062,2786880.247313247,134,P1_outputs_path_100_to_300
2063,2676369.6950118206,134,P1_outputs_path_100_to_300
2064,2727453.348419093,134,P1_outputs_path_100_to_300
2065,2658770.58248562,134,P1_outputs_path_100_to_300
2066,2631015.476260282,134,P1_outputs_path_100_to_300
2067,2789254.745597018,134,P1_outputs_path_100_to_300
2068,2732880.039906775,134,P1_outputs_path_100_to_300
2069,3032740.3825644976,134,P1_outputs_path_100_to_300
2070,2930754.323775395,134,P1_outputs_path_100_to_300
2071,3129513.192335314,134,P1_outputs_path_100_to_300
2072,3081490.9791733176,134,P1_outputs_path_100_to_300
2073,3054027.410553211,134,P1_outputs_path_100_to_300
2074,1192917.8356456107,134,P1_outputs_path_100_to_300
2075,,134,P1_outputs_path_100_to_300
2025,0.0,135,P1_outputs_path_100_to_300
2026,56784.16467154818,135,P1_outputs_path_100_to_300
2027,121536.53500960518,135,P1_outputs_path_100_to_300
2028,155694.84149482628,135,P1_outputs_path_100_to_300
2029,214063.3930305136,135,P1_outputs_path_100_to_300
2030,296196.4381612695,135,P1_outputs_path_100_to_300
2031,346616.7737810874,135,P1_outputs_path_100_to_300
2032,350100.47842459485,135,P1_outputs_path_100_to_300
2033,425049.4518933168,135,P1_outputs_path_100_to_300
2034,485619.7775841416,135,P1_outputs_path_100_to_300
2035,635702.0214517923,135,P1_outputs_path_100_to_300
2036,551574.6070303123,135,P1_outputs_path_100_to_300
2037,612219.4755536254,135,P1_outputs_path_100_to_300
2038,792767.8360576646,135,P1_outputs_path_100_to_300
2039,797224.4187257988,135,P1_outputs_path_100_to_300
2040,935620.696967046,135,P1_outputs_path_100_to_300
2041,1176564.473045652,135,P1_outputs_path_100_to_300
2042,1409138.794375442,135,P1_outputs_path_100_to_300
2043,1558202.333457416,135,P1_outputs_path_100_to_300
2044,1404405.772559608,135,P1_outputs_path_100_to_300
2045,1735221.0021745455,135,P1_outputs_path_100_to_300
2046,1963764.480479966,135,P1_outputs_path_100_to_300
2047,2058531.9425333107,135,P1_outputs_path_100_to_300
2048,2116438.728707127,135,P1_outputs_path_100_to_300
2049,2012484.4595666395,135,P1_outputs_path_100_to_300
2050,2133268.486843002,135,P1_outputs_path_100_to_300
2051,2313015.6371698035,135,P1_outputs_path_100_to_300
2052,2373172.575552975,135,P1_outputs_path_100_to_300
2053,2340828.3060001167,135,P1_outputs_path_100_to_300
2054,2493433.026357992,135,P1_outputs_path_100_to_300
2055,2520225.2997477567,135,P1_outputs_path_100_to_300
2056,2572261.771488678,135,P1_outputs_path_100_to_300
2057,2517022.42614287,135,P1_outputs_path_100_to_300
2058,2616493.3129060045,135,P1_outputs_path_100_to_300
2059,2735952.0181312254,135,P1_outputs_path_100_to_300
2060,2852835.165854671,135,P1_outputs_path_100_to_300
2061,2986527.1753314137,135,P1_outputs_path_100_to_300
2062,3129527.140690822,135,P1_outputs_path_100_to_300
2063,2888666.351470107,135,P1_outputs_path_100_to_300
2064,2961305.0898054927,135,P1_outputs_path_100_to_300
2065,2945738.9128979472,135,P1_outputs_path_100_to_300
2066,2996599.316264667,135,P1_outputs_path_100_to_300
2067,3260899.44973698,135,P1_outputs_path_100_to_300
2068,3336979.3323759413,135,P1_outputs_path_100_to_300
2069,3161512.417761061,135,P1_outputs_path_100_to_300
2070,3216462.284547429,135,P1_outputs_path_100_to_300
2071,3168018.8183198515,135,P1_outputs_path_100_to_300
2072,3359170.081268606,135,P1_outputs_path_100_to_300
2073,3606737.64169641,135,P1_outputs_path_100_to_300
2074,1937319.6766744824,135,P1_outputs_path_100_to_300
2075,,135,P1_outputs_path_100_to_300
2025,0.0,136,P1_outputs_path_100_to_300
2026,56375.32799433116,136,P1_outputs_path_100_to_300
2027,139715.97182102688,136,P1_outputs_path_100_to_300
2028,231038.67045600148,136,P1_outputs_path_100_to_300
2029,226391.3722708533,136,P1_outputs_path_100_to_300
2030,284140.7046481941,136,P1_outputs_path_100_to_300
2031,327351.26169525617,136,P1_outputs_path_100_to_300
2032,427509.06667737785,136,P1_outputs_path_100_to_300
2033,384659.9736455483,136,P1_outputs_path_100_to_300
2034,437538.7215275023,136,P1_outputs_path_100_to_300
2035,584332.47980525,136,P1_outputs_path_100_to_300
2036,697713.4064825085,136,P1_outputs_path_100_to_300
2037,940673.462344766,136,P1_outputs_path_100_to_300
2038,1133157.9006632797,136,P1_outputs_path_100_to_300
2039,1273767.8254711137,136,P1_outputs_path_100_to_300
2040,1484394.3054314144,136,P1_outputs_path_100_to_300
2041,1700322.3700275212,136,P1_outputs_path_100_to_300
2042,1825925.058911074,136,P1_outputs_path_100_to_300
2043,1876990.5326194167,136,P1_outputs_path_100_to_300
2044,1873927.906877114,136,P1_outputs_path_100_to_300
2045,1857931.8876816945,136,P1_outputs_path_100_to_300
2046,2117562.19205741,136,P1_outputs_path_100_to_300
2047,2154408.199446625,136,P1_outputs_path_100_to_300
2048,2149328.3736215048,136,P1_outputs_path_100_to_300
2049,2314696.5778715247,136,P1_outputs_path_100_to_300
2050,2393887.633395374,136,P1_outputs_path_100_to_300
2051,2394156.271452183,136,P1_outputs_path_100_to_300
2052,2594236.1540781776,136,P1_outputs_path_100_to_300
2053,2458811.781222552,136,P1_outputs_path_100_to_300
2054,2444708.994879134,136,P1_outputs_path_100_to_300
2055,2292230.910046798,136,P1_outputs_path_100_to_300
2056,2449637.1225463813,136,P1_outputs_path_100_to_300
2057,2593662.766962691,136,P1_outputs_path_100_to_300
2058,2648622.1347568724,136,P1_outputs_path_100_to_300
2059,2586497.9333950896,136,P1_outputs_path_100_to_300
2060,2524964.8688904755,136,P1_outputs_path_100_to_300
2061,2590053.2115459284,136,P1_outputs_path_100_to_300
2062,2478620.6785019576,136,P1_outputs_path_100_to_300
2063,2387049.601651407,136,P1_outputs_path_100_to_300
2064,2385211.572890196,136,P1_outputs_path_100_to_300
2065,2457837.7641675808,136,P1_outputs_path_100_to_300
2066,2421792.793323883,136,P1_outputs_path_100_to_300
2067,2487892.510235881,136,P1_outputs_path_100_to_300
2068,2557052.071845192,136,P1_outputs_path_100_to_300
2069,2702164.586337355,136,P1_outputs_path_100_to_300
2070,2864437.364175608,136,P1_outputs_path_100_to_300
2071,3013375.980002533,136,P1_outputs_path_100_to_300
2072,3150157.772405666,136,P1_outputs_path_100_to_300
2073,3244926.5216264096,136,P1_outputs_path_100_to_300
2074,1431801.8598913888,136,P1_outputs_path_100_to_300
2075,,136,P1_outputs_path_100_to_300
2025,0.0,137,P1_outputs_path_100_to_300
2026,58934.49803939807,137,P1_outputs_path_100_to_300
2027,113153.87238266785,137,P1_outputs_path_100_to_300
2028,208421.50522094424,137,P1_outputs_path_100_to_300
2029,276603.7172805418,137,P1_outputs_path_100_to_300
2030,360753.02399353846,137,P1_outputs_path_100_to_300
2031,511825.1867797524,137,P1_outputs_path_100_to_300
2032,622884.4931359286,137,P1_outputs_path_100_to_300
2033,735707.6637031862,137,P1_outputs_path_100_to_300
2034,102721.99719339714,137,P1_outputs_path_100_to_300
2035,163705.3015124467,137,P1_outputs_path_100_to_300
2036,237255.1156756277,137,P1_outputs_path_100_to_300
2037,349839.7779528608,137,P1_outputs_path_100_to_300
2038,386575.4621650576,137,P1_outputs_path_100_to_300
2039,391392.9130811369,137,P1_outputs_path_100_to_300
2040,503003.7836006701,137,P1_outputs_path_100_to_300
2041,590904.3859488659,137,P1_outputs_path_100_to_300
2042,710273.8642437813,137,P1_outputs_path_100_to_300
2043,832926.4758038975,137,P1_outputs_path_100_to_300
2044,903147.7926672244,137,P1_outputs_path_100_to_300
2045,1101486.755132622,137,P1_outputs_path_100_to_300
2046,1245527.8369038524,137,P1_outputs_path_100_to_300
2047,1228117.1174332823,137,P1_outputs_path_100_to_300
2048,1414293.0131666197,137,P1_outputs_path_100_to_300
2049,1379575.6293027652,137,P1_outputs_path_100_to_300
2050,1290400.5033801626,137,P1_outputs_path_100_to_300
2051,1506461.9745021665,137,P1_outputs_path_100_to_300
2052,1724202.9851759176,137,P1_outputs_path_100_to_300
2053,1580438.619686742,137,P1_outputs_path_100_to_300
2054,1658658.0710629793,137,P1_outputs_path_100_to_300
2055,1902132.7518575944,137,P1_outputs_path_100_to_300
2056,2022754.50032478,137,P1_outputs_path_100_to_300
2057,1932876.074974155,137,P1_outputs_path_100_to_300
2058,2007599.703284904,137,P1_outputs_path_100_to_300
2059,2053729.7335323263,137,P1_outputs_path_100_to_300
2060,1925410.14038481,137,P1_outputs_path_100_to_300
2061,2035889.520118676,137,P1_outputs_path_100_to_300
2062,1947665.0732474744,137,P1_outputs_path_100_to_300
2063,1966942.2499915664,137,P1_outputs_path_100_to_300
2064,2171796.121575043,137,P1_outputs_path_100_to_300
2065,2278844.874230075,137,P1_outputs_path_100_to_300
2066,2451015.571305452,137,P1_outputs_path_100_to_300
2067,2657536.8359754323,137,P1_outputs_path_100_to_300
2068,2791693.265872089,137,P1_outputs_path_100_to_300
2069,2771618.966438303,137,P1_outputs_path_100_to_300
2070,2896221.68244096,137,P1_outputs_path_100_to_300
2071,2923264.1874319757,137,P1_outputs_path_100_to_300
2072,3007097.449450229,137,P1_outputs_path_100_to_300
2073,3172591.029422648,137,P1_outputs_path_100_to_300
2074,1352386.047021332,137,P1_outputs_path_100_to_300
2075,,137,P1_outputs_path_100_to_300
2025,0.0,138,P1_outputs_path_100_to_300
2026,64931.73256479181,138,P1_outputs_path_100_to_300
2027,114388.86863714164,138,P1_outputs_path_100_to_300
2028,172635.42248590142,138,P1_outputs_path_100_to_300
2029,228187.5241534921,138,P1_outputs_path_100_to_300
2030,257170.2809778553,138,P1_outputs_path_100_to_300
2031,290166.3815162469,138,P1_outputs_path_100_to_300
2032,414526.50537242246,138,P1_outputs_path_100_to_300
2033,443212.8897283835,138,P1_outputs_path_100_to_300
2034,502809.2118246033,138,P1_outputs_path_100_to_300
2035,619040.8377687532,138,P1_outputs_path_100_to_300
2036,776853.6123387865,138,P1_outputs_path_100_to_300
2037,726096.0022113412,138,P1_outputs_path_100_to_300
2038,1001442.3151943658,138,P1_outputs_path_100_to_300
2039,1078788.399139353,138,P1_outputs_path_100_to_300
2040,1437909.7937540316,138,P1_outputs_path_100_to_300
2041,1566512.5660335084,138,P1_outputs_path_100_to_300
2042,1721570.6043223594,138,P1_outputs_path_100_to_300
2043,1468713.495338642,138,P1_outputs_path_100_to_300
2044,1512141.1859768757,138,P1_outputs_path_100_to_300
2045,1638223.6530484064,138,P1_outputs_path_100_to_300
2046,1763678.785101654,138,P1_outputs_path_100_to_300
2047,1958635.1679276528,138,P1_outputs_path_100_to_300
2048,2106095.3625519173,138,P1_outputs_path_100_to_300
2049,2297894.557120639,138,P1_outputs_path_100_to_300
2050,2460782.0653641857,138,P1_outputs_path_100_to_300
2051,2408574.3633206,138,P1_outputs_path_100_to_300
2052,2364975.1808302524,138,P1_outputs_path_100_to_300
2053,2438219.952604764,138,P1_outputs_path_100_to_300
2054,2596876.1834777514,138,P1_outputs_path_100_to_300
2055,2686389.80863945,138,P1_outputs_path_100_to_300
2056,2694217.06860932,138,P1_outputs_path_100_to_300
2057,2614275.1162791126,138,P1_outputs_path_100_to_300
2058,2650968.8543332694,138,P1_outputs_path_100_to_300
2059,2905120.422163217,138,P1_outputs_path_100_to_300
2060,2943082.4901473443,138,P1_outputs_path_100_to_300
2061,2846159.452154987,138,P1_outputs_path_100_to_300
2062,2824798.2018411467,138,P1_outputs_path_100_to_300
2063,2754509.370396475,138,P1_outputs_path_100_to_300
2064,2714220.085499208,138,P1_outputs_path_100_to_300
2065,2648704.7253684094,138,P1_outputs_path_100_to_300
2066,2647143.1865812964,138,P1_outputs_path_100_to_300
2067,2539888.6767478865,138,P1_outputs_path_100_to_300
2068,2542858.0116567863,138,P1_outputs_path_100_to_300
2069,2592845.6914740223,138,P1_outputs_path_100_to_300
2070,2598300.3545433427,138,P1_outputs_path_100_to_300
2071,2796680.481365896,138,P1_outputs_path_100_to_300
2072,2949616.877136711,138,P1_outputs_path_100_to_300
2073,2781753.6969768624,138,P1_outputs_path_100_to_300
2074,1056717.684841324,138,P1_outputs_path_100_to_300
2075,,138,P1_outputs_path_100_to_300
2025,0.0,139,P1_outputs_path_100_to_300
2026,60703.19759056557,139,P1_outputs_path_100_to_300
2027,111117.61493119056,139,P1_outputs_path_100_to_300
2028,156843.92416109634,139,P1_outputs_path_100_to_300
2029,212810.4726220808,139,P1_outputs_path_100_to_300
2030,306598.8998448507,139,P1_outputs_path_100_to_300
2031,342046.79713733087,139,P1_outputs_path_100_to_300
2032,387054.7854218119,139,P1_outputs_path_100_to_300
2033,345376.664254855,139,P1_outputs_path_100_to_300
2034,479599.4286075913,139,P1_outputs_path_100_to_300
2035,583464.743832151,139,P1_outputs_path_100_to_300
2036,644915.4933494292,139,P1_outputs_path_100_to_300
2037,692766.5447746251,139,P1_outputs_path_100_to_300
2038,807718.3765021231,139,P1_outputs_path_100_to_300
2039,1129931.155476996,139,P1_outputs_path_100_to_300
2040,1197449.3013539545,139,P1_outputs_path_100_to_300
2041,1560157.3013084326,139,P1_outputs_path_100_to_300
2042,1517394.121186172,139,P1_outputs_path_100_to_300
2043,1373126.2319074762,139,P1_outputs_path_100_to_300
2044,1288939.1460886016,139,P1_outputs_path_100_to_300
2045,1490294.1175635727,139,P1_outputs_path_100_to_300
2046,1673911.6930284265,139,P1_outputs_path_100_to_300
2047,1688213.5331127602,139,P1_outputs_path_100_to_300
2048,1926770.5247436983,139,P1_outputs_path_100_to_300
2049,1951067.1969636152,139,P1_outputs_path_100_to_300
2050,2001840.8702948152,139,P1_outputs_path_100_to_300
2051,2108634.5303360303,139,P1_outputs_path_100_to_300
2052,2288177.9227726064,139,P1_outputs_path_100_to_300
2053,2426954.256324568,139,P1_outputs_path_100_to_300
2054,2534169.9101858125,139,P1_outputs_path_100_to_300
2055,2511610.881585114,139,P1_outputs_path_100_to_300
2056,2476600.7007949143,139,P1_outputs_path_100_to_300
2057,2577345.319272183,139,P1_outputs_path_100_to_300
2058,2495910.064983984,139,P1_outputs_path_100_to_300
2059,2541711.8944329806,139,P1_outputs_path_100_to_300
2060,2540799.3790013883,139,P1_outputs_path_100_to_300
2061,2713671.6330119115,139,P1_outputs_path_100_to_300
2062,2735744.06702172,139,P1_outputs_path_100_to_300
2063,2720915.1059954013,139,P1_outputs_path_100_to_300
2064,2839612.856080807,139,P1_outputs_path_100_to_300
2065,3038510.651817007,139,P1_outputs_path_100_to_300
2066,2987818.598585353,139,P1_outputs_path_100_to_300
2067,2850742.1176988403,139,P1_outputs_path_100_to_300
2068,2892453.0373015315,139,P1_outputs_path_100_to_300
2069,2961224.658252115,139,P1_outputs_path_100_to_300
2070,3095550.046233138,139,P1_outputs_path_100_to_300
2071,3319232.35177018,139,P1_outputs_path_100_to_300
2072,3214377.8212581,139,P1_outputs_path_100_to_300
2073,3328562.382922604,139,P1_outputs_path_100_to_300
2074,1373134.3716085434,139,P1_outputs_path_100_to_300
2075,,139,P1_outputs_path_100_to_300
2025,0.0,140,P1_outputs_path_100_to_300
2026,48374.980458127946,140,P1_outputs_path_100_to_300
2027,111294.85941655356,140,P1_outputs_path_100_to_300
2028,176237.86560686887,140,P1_outputs_path_100_to_300
2029,230947.8303931333,140,P1_outputs_path_100_to_300
2030,352828.18290109246,140,P1_outputs_path_100_to_300
2031,517095.7842585303,140,P1_outputs_path_100_to_300
2032,539796.4841181838,140,P1_outputs_path_100_to_300
2033,724544.1893682901,140,P1_outputs_path_100_to_300
2034,108919.70196209116,140,P1_outputs_path_100_to_300
2035,168204.59908024385,140,P1_outputs_path_100_to_300
2036,232298.2969603739,140,P1_outputs_path_100_to_300
2037,306813.6328421817,140,P1_outputs_path_100_to_300
2038,311065.8645573209,140,P1_outputs_path_100_to_300
2039,413710.0896194423,140,P1_outputs_path_100_to_300
2040,505363.8977010899,140,P1_outputs_path_100_to_300
2041,594402.0100494392,140,P1_outputs_path_100_to_300
2042,641932.8542096347,140,P1_outputs_path_100_to_300
2043,774912.3292090701,140,P1_outputs_path_100_to_300
2044,969901.4383776912,140,P1_outputs_path_100_to_300
2045,1123172.0473555264,140,P1_outputs_path_100_to_300
2046,1158285.3386493996,140,P1_outputs_path_100_to_300
2047,1180188.3988190517,140,P1_outputs_path_100_to_300
2048,1497571.5100525017,140,P1_outputs_path_100_to_300
2049,1567548.2592587664,140,P1_outputs_path_100_to_300
2050,1659778.655518765,140,P1_outputs_path_100_to_300
2051,1811343.793993177,140,P1_outputs_path_100_to_300
2052,1822406.154383436,140,P1_outputs_path_100_to_300
2053,1651100.914989038,140,P1_outputs_path_100_to_300
2054,1815207.9996176704,140,P1_outputs_path_100_to_300
2055,1973478.6225107005,140,P1_outputs_path_100_to_300
2056,1971916.4145790776,140,P1_outputs_path_100_to_300
2057,2086270.5418816349,140,P1_outputs_path_100_to_300
2058,2129287.765286606,140,P1_outputs_path_100_to_300
2059,1902882.142808243,140,P1_outputs_path_100_to_300
2060,2041949.439387,140,P1_outputs_path_100_to_300
2061,2291360.0316776563,140,P1_outputs_path_100_to_300
2062,2319567.1625546925,140,P1_outputs_path_100_to_300
2063,2428933.692159349,140,P1_outputs_path_100_to_300
2064,2557247.798957902,140,P1_outputs_path_100_to_300
2065,2652061.9714764054,140,P1_outputs_path_100_to_300
2066,2670185.237517038,140,P1_outputs_path_100_to_300
2067,2772972.632281588,140,P1_outputs_path_100_to_300
2068,2912619.222786764,140,P1_outputs_path_100_to_300
2069,3104875.1063735336,140,P1_outputs_path_100_to_300
2070,3116114.1036251243,140,P1_outputs_path_100_to_300
2071,2990044.767003959,140,P1_outputs_path_100_to_300
2072,3139541.4639481786,140,P1_outputs_path_100_to_300
2073,3210526.7269254844,140,P1_outputs_path_100_to_300
2074,1488445.5922262,140,P1_outputs_path_100_to_300
2075,,140,P1_outputs_path_100_to_300
2025,0.0,141,P1_outputs_path_100_to_300
2026,57242.85013059684,141,P1_outputs_path_100_to_300
2027,111785.73860346765,141,P1_outputs_path_100_to_300
2028,168265.09221001115,141,P1_outputs_path_100_to_300
2029,203405.9049973936,141,P1_outputs_path_100_to_300
2030,248643.22464879343,141,P1_outputs_path_100_to_300
2031,379005.7718937041,141,P1_outputs_path_100_to_300
2032,484569.7054723102,141,P1_outputs_path_100_to_300
2033,533563.7186867371,141,P1_outputs_path_100_to_300
2034,775774.8616182364,141,P1_outputs_path_100_to_300
2035,756466.8237861992,141,P1_outputs_path_100_to_300
2036,917591.3488591145,141,P1_outputs_path_100_to_300
2037,1180259.090826447,141,P1_outputs_path_100_to_300
2038,1547795.2652948743,141,P1_outputs_path_100_to_300
2039,1677276.8819583484,141,P1_outputs_path_100_to_300
2040,1978961.0302287568,141,P1_outputs_path_100_to_300
2041,2110169.409267223,141,P1_outputs_path_100_to_300
2042,2251886.647481749,141,P1_outputs_path_100_to_300
2043,2276053.442745985,141,P1_outputs_path_100_to_300
2044,2305434.605698329,141,P1_outputs_path_100_to_300
2045,2279554.6041234587,141,P1_outputs_path_100_to_300
2046,2176119.799931259,141,P1_outputs_path_100_to_300
2047,2200815.874413613,141,P1_outputs_path_100_to_300
2048,2481517.2823160216,141,P1_outputs_path_100_to_300
2049,2541478.256812584,141,P1_outputs_path_100_to_300
2050,2584385.019399623,141,P1_outputs_path_100_to_300
2051,2581358.490276689,141,P1_outputs_path_100_to_300
2052,2820044.310253565,141,P1_outputs_path_100_to_300
2053,2609362.555463586,141,P1_outputs_path_100_to_300
2054,2919460.926397016,141,P1_outputs_path_100_to_300
2055,2919134.9561530915,141,P1_outputs_path_100_to_300
2056,3046802.3803373687,141,P1_outputs_path_100_to_300
2057,3154052.4509191,141,P1_outputs_path_100_to_300
2058,3284963.511932542,141,P1_outputs_path_100_to_300
2059,3189156.183997352,141,P1_outputs_path_100_to_300
2060,3061955.747864452,141,P1_outputs_path_100_to_300
2061,3123790.437100568,141,P1_outputs_path_100_to_300
2062,2916528.679502599,141,P1_outputs_path_100_to_300
2063,2774428.540048657,141,P1_outputs_path_100_to_300
2064,2987894.718705314,141,P1_outputs_path_100_to_300
2065,3243003.78680841,141,P1_outputs_path_100_to_300
2066,3393648.9768260303,141,P1_outputs_path_100_to_300
2067,3500745.032808907,141,P1_outputs_path_100_to_300
2068,3320664.5786075974,141,P1_outputs_path_100_to_300
2069,3548845.949413245,141,P1_outputs_path_100_to_300
2070,3548661.622999425,141,P1_outputs_path_100_to_300
2071,3658993.8337664446,141,P1_outputs_path_100_to_300
2072,3584846.768770098,141,P1_outputs_path_100_to_300
2073,3476429.550016629,141,P1_outputs_path_100_to_300
2074,1586040.969078121,141,P1_outputs_path_100_to_300
2075,,141,P1_outputs_path_100_to_300
2025,0.0,142,P1_outputs_path_100_to_300
2026,45241.668883463295,142,P1_outputs_path_100_to_300
2027,101296.48531117685,142,P1_outputs_path_100_to_300
2028,167432.63428339327,142,P1_outputs_path_100_to_300
2029,197784.1227057297,142,P1_outputs_path_100_to_300
2030,265248.601301056,142,P1_outputs_path_100_to_300
2031,383262.86080617306,142,P1_outputs_path_100_to_300
2032,393574.4568092768,142,P1_outputs_path_100_to_300
2033,459197.4895668283,142,P1_outputs_path_100_to_300
2034,560180.9778998516,142,P1_outputs_path_100_to_300
2035,490678.8497209599,142,P1_outputs_path_100_to_300
2036,559513.0175114099,142,P1_outputs_path_100_to_300
2037,586967.8980094588,142,P1_outputs_path_100_to_300
2038,680242.0567477882,142,P1_outputs_path_100_to_300
2039,685972.65144434,142,P1_outputs_path_100_to_300
2040,892145.442378985,142,P1_outputs_path_100_to_300
2041,943605.0952315704,142,P1_outputs_path_100_to_300
2042,984122.7821437244,142,P1_outputs_path_100_to_300
2043,899221.7795435386,142,P1_outputs_path_100_to_300
2044,1001699.6224186756,142,P1_outputs_path_100_to_300
2045,1149003.6854926993,142,P1_outputs_path_100_to_300
2046,1236165.187538786,142,P1_outputs_path_100_to_300
2047,1212208.013630175,142,P1_outputs_path_100_to_300
2048,1412194.2616560964,142,P1_outputs_path_100_to_300
2049,1498537.2608688374,142,P1_outputs_path_100_to_300
2050,1517287.83717102,142,P1_outputs_path_100_to_300
2051,1453633.8841692507,142,P1_outputs_path_100_to_300
2052,1201663.732952042,142,P1_outputs_path_100_to_300
2053,1440662.5541107217,142,P1_outputs_path_100_to_300
2054,1782075.3374654625,142,P1_outputs_path_100_to_300
2055,1805010.5381856975,142,P1_outputs_path_100_to_300
2056,1858752.2153750807,142,P1_outputs_path_100_to_300
2057,1947837.871863876,142,P1_outputs_path_100_to_300
2058,1810954.9954728663,142,P1_outputs_path_100_to_300
2059,1861669.3292468763,142,P1_outputs_path_100_to_300
2060,2082301.1498011807,142,P1_outputs_path_100_to_300
2061,2164011.037599321,142,P1_outputs_path_100_to_300
2062,2236560.907115526,142,P1_outputs_path_100_to_300
2063,2449011.216562429,142,P1_outputs_path_100_to_300
2064,2599284.114804116,142,P1_outputs_path_100_to_300
2065,2537153.002081487,142,P1_outputs_path_100_to_300
2066,2697193.9420803217,142,P1_outputs_path_100_to_300
2067,2653979.8537072656,142,P1_outputs_path_100_to_300
2068,2778682.096008833,142,P1_outputs_path_100_to_300
2069,2890740.018811215,142,P1_outputs_path_100_to_300
2070,2795287.2546337303,142,P1_outputs_path_100_to_300
2071,2783276.57228598,142,P1_outputs_path_100_to_300
2072,2944689.2653629687,142,P1_outputs_path_100_to_300
2073,2884786.7365723667,142,P1_outputs_path_100_to_300
2074,1136679.17899813,142,P1_outputs_path_100_to_300
2075,,142,P1_outputs_path_100_to_300
2025,0.0,143,P1_outputs_path_100_to_300
2026,49720.29969567384,143,P1_outputs_path_100_to_300
2027,117071.24581088628,143,P1_outputs_path_100_to_300
2028,178931.67668975383,143,P1_outputs_path_100_to_300
2029,262937.45088818524,143,P1_outputs_path_100_to_300
2030,396687.6379321311,143,P1_outputs_path_100_to_300
2031,416311.9067660314,143,P1_outputs_path_100_to_300
2032,413996.4949825312,143,P1_outputs_path_100_to_300
2033,485180.9128666513,143,P1_outputs_path_100_to_300
2034,588660.1309253906,143,P1_outputs_path_100_to_300
2035,674914.0842212437,143,P1_outputs_path_100_to_300
2036,732038.1346596151,143,P1_outputs_path_100_to_300
2037,814080.2221913692,143,P1_outputs_path_100_to_300
2038,967222.4105159496,143,P1_outputs_path_100_to_300
2039,823261.7540293834,143,P1_outputs_path_100_to_300
2040,1002171.610141024,143,P1_outputs_path_100_to_300
2041,1073004.338244854,143,P1_outputs_path_100_to_300
2042,1074264.9143817113,143,P1_outputs_path_100_to_300
2043,1051003.7945459406,143,P1_outputs_path_100_to_300
2044,996636.7017112152,143,P1_outputs_path_100_to_300
2045,1068209.8990589846,143,P1_outputs_path_100_to_300
2046,1221392.2981439885,143,P1_outputs_path_100_to_300
2047,1356879.4762493933,143,P1_outputs_path_100_to_300
2048,1812631.3942525047,143,P1_outputs_path_100_to_300
2049,1812137.9039045507,143,P1_outputs_path_100_to_300
2050,2079053.816824408,143,P1_outputs_path_100_to_300
2051,2210194.6014489336,143,P1_outputs_path_100_to_300
2052,2299148.007109687,143,P1_outputs_path_100_to_300
2053,2433637.141260635,143,P1_outputs_path_100_to_300
2054,2594157.75373581,143,P1_outputs_path_100_to_300
2055,2693643.0978893954,143,P1_outputs_path_100_to_300
2056,2847333.719469663,143,P1_outputs_path_100_to_300
2057,2896557.2652582023,143,P1_outputs_path_100_to_300
2058,3164140.0330320955,143,P1_outputs_path_100_to_300
2059,3243916.994807479,143,P1_outputs_path_100_to_300
2060,3501432.3559348998,143,P1_outputs_path_100_to_300
2061,3369192.933503875,143,P1_outputs_path_100_to_300
2062,3386865.8173889453,143,P1_outputs_path_100_to_300
2063,3350525.578022253,143,P1_outputs_path_100_to_300
2064,3269022.186035429,143,P1_outputs_path_100_to_300
2065,3262090.30667277,143,P1_outputs_path_100_to_300
2066,3386394.427537416,143,P1_outputs_path_100_to_300
2067,3294162.264735129,143,P1_outputs_path_100_to_300
2068,3462405.7138384134,143,P1_outputs_path_100_to_300
2069,3505891.3348494004,143,P1_outputs_path_100_to_300
2070,3681973.648066814,143,P1_outputs_path_100_to_300
2071,3652811.517447825,143,P1_outputs_path_100_to_300
2072,3661767.708609411,143,P1_outputs_path_100_to_300
2073,3816151.670498448,143,P1_outputs_path_100_to_300
2074,2316380.46602342,143,P1_outputs_path_100_to_300
2075,,143,P1_outputs_path_100_to_300
2025,0.0,144,P1_outputs_path_100_to_300
2026,67973.94049721639,144,P1_outputs_path_100_to_300
2027,120122.6405855884,144,P1_outputs_path_100_to_300
2028,205201.7894351525,144,P1_outputs_path_100_to_300
2029,283299.44679367787,144,P1_outputs_path_100_to_300
2030,310413.27007463743,144,P1_outputs_path_100_to_300
2031,460358.18735532416,144,P1_outputs_path_100_to_300
2032,487327.6884703109,144,P1_outputs_path_100_to_300
2033,506384.62693398347,144,P1_outputs_path_100_to_300
2034,498677.3218451481,144,P1_outputs_path_100_to_300
2035,690958.6732168515,144,P1_outputs_path_100_to_300
2036,760768.0928614845,144,P1_outputs_path_100_to_300
2037,795657.1317496347,144,P1_outputs_path_100_to_300
2038,800743.0660122454,144,P1_outputs_path_100_to_300
2039,943532.2836058984,144,P1_outputs_path_100_to_300
2040,1069533.322259166,144,P1_outputs_path_100_to_300
2041,1133715.5621855643,144,P1_outputs_path_100_to_300
2042,1255969.7168441904,144,P1_outputs_path_100_to_300
2043,1493640.4095501592,144,P1_outputs_path_100_to_300
2044,1490286.0955440735,144,P1_outputs_path_100_to_300
2045,1622794.5728381495,144,P1_outputs_path_100_to_300
2046,1691425.8845407935,144,P1_outputs_path_100_to_300
2047,1701849.3222439992,144,P1_outputs_path_100_to_300
2048,1878169.6584227036,144,P1_outputs_path_100_to_300
2049,1890489.0639676691,144,P1_outputs_path_100_to_300
2050,2100329.729499471,144,P1_outputs_path_100_to_300
2051,2164547.257032401,144,P1_outputs_path_100_to_300
2052,2307487.0935375234,144,P1_outputs_path_100_to_300
2053,2225063.6107434733,144,P1_outputs_path_100_to_300
2054,2407678.4168325863,144,P1_outputs_path_100_to_300
2055,2481084.5969583853,144,P1_outputs_path_100_to_300
2056,2605117.5914005814,144,P1_outputs_path_100_to_300
2057,2579979.274531312,144,P1_outputs_path_100_to_300
2058,2697840.74141707,144,P1_outputs_path_100_to_300
2059,2690908.4658765653,144,P1_outputs_path_100_to_300
2060,2724912.8257716545,144,P1_outputs_path_100_to_300
2061,2537189.82827816,144,P1_outputs_path_100_to_300
2062,2595771.583090429,144,P1_outputs_path_100_to_300
2063,2616098.2071030177,144,P1_outputs_path_100_to_300
2064,2834363.3891022746,144,P1_outputs_path_100_to_300
2065,2995652.3472433984,144,P1_outputs_path_100_to_300
2066,2799621.8568779496,144,P1_outputs_path_100_to_300
2067,2875571.441504108,144,P1_outputs_path_100_to_300
2068,3026963.5174134085,144,P1_outputs_path_100_to_300
2069,2958067.70216881,144,P1_outputs_path_100_to_300
2070,3110604.0393640045,144,P1_outputs_path_100_to_300
2071,2978699.935911495,144,P1_outputs_path_100_to_300
2072,3092591.229518976,144,P1_outputs_path_100_to_300
2073,3236925.211419604,144,P1_outputs_path_100_to_300
2074,1203783.3837609177,144,P1_outputs_path_100_to_300
2075,,144,P1_outputs_path_100_to_300
2025,0.0,145,P1_outputs_path_100_to_300
2026,53932.56735281326,145,P1_outputs_path_100_to_300
2027,114483.49416353344,145,P1_outputs_path_100_to_300
2028,165207.5194121351,145,P1_outputs_path_100_to_300
2029,241861.15144381888,145,P1_outputs_path_100_to_300
2030,346439.4173744263,145,P1_outputs_path_100_to_300
2031,435159.9629301731,145,P1_outputs_path_100_to_300
2032,472253.07562814665,145,P1_outputs_path_100_to_300
2033,471188.3942292159,145,P1_outputs_path_100_to_300
2034,566827.5409551004,145,P1_outputs_path_100_to_300
2035,727445.5062871559,145,P1_outputs_path_100_to_300
2036,789124.740000105,145,P1_outputs_path_100_to_300
2037,907777.3017262492,145,P1_outputs_path_100_to_300
2038,1091755.85499955,145,P1_outputs_path_100_to_300
2039,1195947.851326321,145,P1_outputs_path_100_to_300
2040,1219818.8199133163,145,P1_outputs_path_100_to_300
2041,1362765.207176138,145,P1_outputs_path_100_to_300
2042,1520933.5012706188,145,P1_outputs_path_100_to_300
2043,1368904.2636928791,145,P1_outputs_path_100_to_300
2044,1312185.6730426408,145,P1_outputs_path_100_to_300
2045,1051812.659205146,145,P1_outputs_path_100_to_300
2046,1040090.0987505454,145,P1_outputs_path_100_to_300
2047,1159193.6900844176,145,P1_outputs_path_100_to_300
2048,1291294.2199250371,145,P1_outputs_path_100_to_300
2049,1121200.0941813197,145,P1_outputs_path_100_to_300
2050,941223.4195644634,145,P1_outputs_path_100_to_300
2051,1011815.758052959,145,P1_outputs_path_100_to_300
2052,1078327.3715344432,145,P1_outputs_path_100_to_300
2053,1251867.0495303753,145,P1_outputs_path_100_to_300
2054,1100057.5675197733,145,P1_outputs_path_100_to_300
2055,1341851.699208988,145,P1_outputs_path_100_to_300
2056,1480111.5745073226,145,P1_outputs_path_100_to_300
2057,1569347.3361334295,145,P1_outputs_path_100_to_300
2058,1846420.904302867,145,P1_outputs_path_100_to_300
2059,1976282.643955498,145,P1_outputs_path_100_to_300
2060,2084870.451277473,145,P1_outputs_path_100_to_300
2061,2019770.4398406532,145,P1_outputs_path_100_to_300
2062,2128676.3045225632,145,P1_outputs_path_100_to_300
2063,2292604.8510871525,145,P1_outputs_path_100_to_300
2064,2429996.747514304,145,P1_outputs_path_100_to_300
2065,2382310.162318065,145,P1_outputs_path_100_to_300
2066,2552464.0114121367,145,P1_outputs_path_100_to_300
2067,2583958.176940703,145,P1_outputs_path_100_to_300
2068,2662248.2581298426,145,P1_outputs_path_100_to_300
2069,2674445.5251642363,145,P1_outputs_path_100_to_300
2070,2827597.8720940226,145,P1_outputs_path_100_to_300
2071,3138604.9753448856,145,P1_outputs_path_100_to_300
2072,3243504.129093701,145,P1_outputs_path_100_to_300
2073,3286505.476995938,145,P1_outputs_path_100_to_300
2074,1535419.702923226,145,P1_outputs_path_100_to_300
2075,,145,P1_outputs_path_100_to_300
2025,0.0,146,P1_outputs_path_100_to_300
2026,67960.92457677235,146,P1_outputs_path_100_to_300
2027,127350.47441201204,146,P1_outputs_path_100_to_300
2028,174168.43212982584,146,P1_outputs_path_100_to_300
2029,268685.82898871927,146,P1_outputs_path_100_to_300
2030,431579.1176392527,146,P1_outputs_path_100_to_300
2031,447239.7713512745,146,P1_outputs_path_100_to_300
2032,563290.2135374274,146,P1_outputs_path_100_to_300
2033,613550.0065507371,146,P1_outputs_path_100_to_300
2034,573532.5926955938,146,P1_outputs_path_100_to_300
2035,561792.1353957735,146,P1_outputs_path_100_to_300
2036,693570.0126502747,146,P1_outputs_path_100_to_300
2037,674635.8304823982,146,P1_outputs_path_100_to_300
2038,753429.4239658343,146,P1_outputs_path_100_to_300
2039,722445.5794523702,146,P1_outputs_path_100_to_300
2040,832033.8266302303,146,P1_outputs_path_100_to_300
2041,697356.7972843733,146,P1_outputs_path_100_to_300
2042,735377.609276371,146,P1_outputs_path_100_to_300
2043,1035667.0046147676,146,P1_outputs_path_100_to_300
2044,1095069.9090918202,146,P1_outputs_path_100_to_300
2045,1143459.8590597152,146,P1_outputs_path_100_to_300
2046,1314835.0798060845,146,P1_outputs_path_100_to_300
2047,1347647.2479973885,146,P1_outputs_path_100_to_300
2048,1390551.5517562074,146,P1_outputs_path_100_to_300
2049,1637642.4873972544,146,P1_outputs_path_100_to_300
2050,1584045.354839922,146,P1_outputs_path_100_to_300
2051,1611970.8125981374,146,P1_outputs_path_100_to_300
2052,1604617.7292175556,146,P1_outputs_path_100_to_300
2053,1768058.2877639742,146,P1_outputs_path_100_to_300
2054,1734076.2378156306,146,P1_outputs_path_100_to_300
2055,1764165.1301408117,146,P1_outputs_path_100_to_300
2056,2077307.5291406447,146,P1_outputs_path_100_to_300
2057,2220951.670162701,146,P1_outputs_path_100_to_300
2058,2251480.119364152,146,P1_outputs_path_100_to_300
2059,2235355.5142857865,146,P1_outputs_path_100_to_300
2060,2391263.098032109,146,P1_outputs_path_100_to_300
2061,2485908.4993330413,146,P1_outputs_path_100_to_300
2062,2697846.9322947827,146,P1_outputs_path_100_to_300
2063,2876825.471680396,146,P1_outputs_path_100_to_300
2064,2971797.078234043,146,P1_outputs_path_100_to_300
2065,3011486.628197188,146,P1_outputs_path_100_to_300
2066,3174262.5443579163,146,P1_outputs_path_100_to_300
2067,3132616.834456532,146,P1_outputs_path_100_to_300
2068,3302428.2817708966,146,P1_outputs_path_100_to_300
2069,3583486.4847001717,146,P1_outputs_path_100_to_300
2070,3476241.5633420995,146,P1_outputs_path_100_to_300
2071,3536014.374513449,146,P1_outputs_path_100_to_300
2072,3357829.1796364104,146,P1_outputs_path_100_to_300
2073,3380423.5772683937,146,P1_outputs_path_100_to_300
2074,1514459.1576629905,146,P1_outputs_path_100_to_300
2075,,146,P1_outputs_path_100_to_300
2025,0.0,147,P1_outputs_path_100_to_300
2026,51257.04269689514,147,P1_outputs_path_100_to_300
2027,105424.8014474201,147,P1_outputs_path_100_to_300
2028,175605.27314846026,147,P1_outputs_path_100_to_300
2029,236535.12801411588,147,P1_outputs_path_100_to_300
2030,294156.30423716665,147,P1_outputs_path_100_to_300
2031,398359.97944751807,147,P1_outputs_path_100_to_300
2032,517663.6018230958,147,P1_outputs_path_100_to_300
2033,684578.5982433384,147,P1_outputs_path_100_to_300
2034,829851.7546722796,147,P1_outputs_path_100_to_300
2035,876553.2598900056,147,P1_outputs_path_100_to_300
2036,1091373.4048775055,147,P1_outputs_path_100_to_300
2037,1320603.7494107452,147,P1_outputs_path_100_to_300
2038,1454634.8283492082,147,P1_outputs_path_100_to_300
2039,1471565.108354979,147,P1_outputs_path_100_to_300
2040,1622839.328390485,147,P1_outputs_path_100_to_300
2041,1625286.6081578578,147,P1_outputs_path_100_to_300
2042,1763889.5925548617,147,P1_outputs_path_100_to_300
2043,1546355.0514605565,147,P1_outputs_path_100_to_300
2044,1632642.7099915475,147,P1_outputs_path_100_to_300
2045,1738602.2403431116,147,P1_outputs_path_100_to_300
2046,1714669.5805010605,147,P1_outputs_path_100_to_300
2047,1858404.8927942568,147,P1_outputs_path_100_to_300
2048,1818988.6600338223,147,P1_outputs_path_100_to_300
2049,1793719.5067925514,147,P1_outputs_path_100_to_300
2050,1960795.969841577,147,P1_outputs_path_100_to_300
2051,1948195.584983639,147,P1_outputs_path_100_to_300
2052,2101944.278757052,147,P1_outputs_path_100_to_300
2053,2145761.406421754,147,P1_outputs_path_100_to_300
2054,2201995.647781363,147,P1_outputs_path_100_to_300
2055,2422477.535936434,147,P1_outputs_path_100_to_300
2056,2421771.6676839944,147,P1_outputs_path_100_to_300
2057,2508758.7197096385,147,P1_outputs_path_100_to_300
2058,2637013.5511542084,147,P1_outputs_path_100_to_300
2059,2677969.5006536986,147,P1_outputs_path_100_to_300
2060,2631628.6094268607,147,P1_outputs_path_100_to_300
2061,2700975.796889953,147,P1_outputs_path_100_to_300
2062,2770568.080333182,147,P1_outputs_path_100_to_300
2063,2782042.7892310526,147,P1_outputs_path_100_to_300
2064,2886291.9130932307,147,P1_outputs_path_100_to_300
2065,2988689.166298845,147,P1_outputs_path_100_to_300
2066,2929622.396589063,147,P1_outputs_path_100_to_300
2067,2964764.844780101,147,P1_outputs_path_100_to_300
2068,3072663.5119529665,147,P1_outputs_path_100_to_300
2069,2658757.214314525,147,P1_outputs_path_100_to_300
2070,2757144.405935586,147,P1_outputs_path_100_to_300
2071,2570934.446178564,147,P1_outputs_path_100_to_300
2072,2569377.3209628444,147,P1_outputs_path_100_to_300
2073,2746811.3853777256,147,P1_outputs_path_100_to_300
2074,905890.0592214336,147,P1_outputs_path_100_to_300
2075,,147,P1_outputs_path_100_to_300
2025,0.0,148,P1_outputs_path_100_to_300
2026,52852.75208365444,148,P1_outputs_path_100_to_300
2027,100482.74242281073,148,P1_outputs_path_100_to_300
2028,152788.7985715269,148,P1_outputs_path_100_to_300
2029,195423.92177146132,148,P1_outputs_path_100_to_300
2030,204328.20120052996,148,P1_outputs_path_100_to_300
2031,277511.7258042882,148,P1_outputs_path_100_to_300
2032,302959.30662538984,148,P1_outputs_path_100_to_300
2033,402588.9989878699,148,P1_outputs_path_100_to_300
2034,485102.6754936747,148,P1_outputs_path_100_to_300
2035,646027.4002612398,148,P1_outputs_path_100_to_300
2036,733142.9473402819,148,P1_outputs_path_100_to_300
2037,732255.0805723683,148,P1_outputs_path_100_to_300
2038,858393.7415330451,148,P1_outputs_path_100_to_300
2039,814228.9920708081,148,P1_outputs_path_100_to_300
2040,997342.1406610569,148,P1_outputs_path_100_to_300
2041,1384325.390464484,148,P1_outputs_path_100_to_300
2042,1295770.6633858304,148,P1_outputs_path_100_to_300
2043,1617397.0808770503,148,P1_outputs_path_100_to_300
2044,1370231.9900021972,148,P1_outputs_path_100_to_300
2045,1237145.763841858,148,P1_outputs_path_100_to_300
2046,1215521.372851543,148,P1_outputs_path_100_to_300
2047,1262479.6237167355,148,P1_outputs_path_100_to_300
2048,1421081.670401996,148,P1_outputs_path_100_to_300
2049,1510526.2042507231,148,P1_outputs_path_100_to_300
2050,1546101.2703850833,148,P1_outputs_path_100_to_300
2051,1712464.2810262656,148,P1_outputs_path_100_to_300
2052,1787802.6368394997,148,P1_outputs_path_100_to_300
2053,1745086.7182028792,148,P1_outputs_path_100_to_300
2054,2115742.3299984946,148,P1_outputs_path_100_to_300
2055,1919403.0766438115,148,P1_outputs_path_100_to_300
2056,2084357.9181962132,148,P1_outputs_path_100_to_300
2057,2034147.2423068057,148,P1_outputs_path_100_to_300
2058,2298021.783006414,148,P1_outputs_path_100_to_300
2059,2356274.7630274203,148,P1_outputs_path_100_to_300
2060,2347519.8004063293,148,P1_outputs_path_100_to_300
2061,2455039.280857806,148,P1_outputs_path_100_to_300
2062,2516907.1631475147,148,P1_outputs_path_100_to_300
2063,2682736.1468905825,148,P1_outputs_path_100_to_300
2064,2516505.3836974204,148,P1_outputs_path_100_to_300
2065,2642978.0666660294,148,P1_outputs_path_100_to_300
2066,2818465.4043529127,148,P1_outputs_path_100_to_300
2067,2779177.384362248,148,P1_outputs_path_100_to_300
2068,2828882.1730302093,148,P1_outputs_path_100_to_300
2069,2895325.635540646,148,P1_outputs_path_100_to_300
2070,2723557.755565836,148,P1_outputs_path_100_to_300
2071,2739316.0799618256,148,P1_outputs_path_100_to_300
2072,2804848.7702758,148,P1_outputs_path_100_to_300
2073,2748111.810730724,148,P1_outputs_path_100_to_300
2074,1002360.7581928528,148,P1_outputs_path_100_to_300
2075,,148,P1_outputs_path_100_to_300
2025,0.0,149,P1_outputs_path_100_to_300
2026,63128.64548438491,149,P1_outputs_path_100_to_300
2027,138955.70220997103,149,P1_outputs_path_100_to_300
2028,221151.1670347073,149,P1_outputs_path_100_to_300
2029,328774.5492358038,149,P1_outputs_path_100_to_300
2030,413515.2993351671,149,P1_outputs_path_100_to_300
2031,534527.3987544902,149,P1_outputs_path_100_to_300
2032,636160.784702942,149,P1_outputs_path_100_to_300
2033,609182.9277119562,149,P1_outputs_path_100_to_300
2034,732378.4718975414,149,P1_outputs_path_100_to_300
2035,880958.5855196405,149,P1_outputs_path_100_to_300
2036,951661.1015713146,149,P1_outputs_path_100_to_300
2037,822618.5680649452,149,P1_outputs_path_100_to_300
2038,897538.4219451051,149,P1_outputs_path_100_to_300
2039,916070.3021066936,149,P1_outputs_path_100_to_300
2040,937816.9565956532,149,P1_outputs_path_100_to_300
2041,987399.4622981742,149,P1_outputs_path_100_to_300
2042,1106613.746549551,149,P1_outputs_path_100_to_300
2043,1374017.012707905,149,P1_outputs_path_100_to_300
2044,1407103.2039907896,149,P1_outputs_path_100_to_300
2045,1352627.104445918,149,P1_outputs_path_100_to_300
2046,1588000.7926675507,149,P1_outputs_path_100_to_300
2047,1921497.0857750531,149,P1_outputs_path_100_to_300
2048,1970452.098377446,149,P1_outputs_path_100_to_300
2049,2047322.602568928,149,P1_outputs_path_100_to_300
2050,2120603.9478231347,149,P1_outputs_path_100_to_300
2051,2152246.616594633,149,P1_outputs_path_100_to_300
2052,2090230.5490178291,149,P1_outputs_path_100_to_300
2053,2059753.7735552764,149,P1_outputs_path_100_to_300
2054,2164883.875336121,149,P1_outputs_path_100_to_300
2055,2189148.169887865,149,P1_outputs_path_100_to_300
2056,2118130.58711907,149,P1_outputs_path_100_to_300
2057,2210775.542491714,149,P1_outputs_path_100_to_300
2058,2343709.3904150943,149,P1_outputs_path_100_to_300
2059,2250599.167396604,149,P1_outputs_path_100_to_300
2060,2414128.3945513545,149,P1_outputs_path_100_to_300
2061,2528474.3984543607,149,P1_outputs_path_100_to_300
2062,2324484.055754668,149,P1_outputs_path_100_to_300
2063,2449013.003886703,149,P1_outputs_path_100_to_300
2064,2626647.5338225625,149,P1_outputs_path_100_to_300
2065,2530039.872362038,149,P1_outputs_path_100_to_300
2066,2559229.715430479,149,P1_outputs_path_100_to_300
2067,2610433.202235508,149,P1_outputs_path_100_to_300
2068,2581801.9209631355,149,P1_outputs_path_100_to_300
2069,2442350.9324185625,149,P1_outputs_path_100_to_300
2070,2627994.735121933,149,P1_outputs_path_100_to_300
2071,2816069.165636998,149,P1_outputs_path_100_to_300
2072,2959807.074198705,149,P1_outputs_path_100_to_300
2073,3018326.471234993,149,P1_outputs_path_100_to_300
2074,1076284.8515477462,149,P1_outputs_path_100_to_300
2075,,149,P1_outputs_path_100_to_300
2025,0.0,150,P1_outputs_path_100_to_300
2026,61337.83706333229,150,P1_outputs_path_100_to_300
2027,114293.99384247905,150,P1_outputs_path_100_to_300
2028,178363.3747408939,150,P1_outputs_path_100_to_300
2029,271070.3807065776,150,P1_outputs_path_100_to_300
2030,319260.184576979,150,P1_outputs_path_100_to_300
2031,306484.7500089562,150,P1_outputs_path_100_to_300
2032,458073.7501488432,150,P1_outputs_path_100_to_300
2033,515194.1198739894,150,P1_outputs_path_100_to_300
2034,636991.2636039365,150,P1_outputs_path_100_to_300
2035,805095.1375201211,150,P1_outputs_path_100_to_300
2036,996242.1186527684,150,P1_outputs_path_100_to_300
2037,1141031.6300782475,150,P1_outputs_path_100_to_300
2038,1145843.2612279882,150,P1_outputs_path_100_to_300
2039,1473290.7856897153,150,P1_outputs_path_100_to_300
2040,1772292.9647258122,150,P1_outputs_path_100_to_300
2041,1884461.863577708,150,P1_outputs_path_100_to_300
2042,1958111.311949987,150,P1_outputs_path_100_to_300
2043,1841190.0627989848,150,P1_outputs_path_100_to_300
2044,2000017.4156291515,150,P1_outputs_path_100_to_300
2045,1979964.0701659312,150,P1_outputs_path_100_to_300
2046,1976769.0345966828,150,P1_outputs_path_100_to_300
2047,1990336.9753751208,150,P1_outputs_path_100_to_300
2048,1900384.5734444268,150,P1_outputs_path_100_to_300
2049,1864891.1613418877,150,P1_outputs_path_100_to_300
2050,2121633.8331125816,150,P1_outputs_path_100_to_300
2051,2192114.705668837,150,P1_outputs_path_100_to_300
2052,2151655.4514430147,150,P1_outputs_path_100_to_300
2053,2300479.6508786776,150,P1_outputs_path_100_to_300
2054,2242467.2499855706,150,P1_outputs_path_100_to_300
2055,2313751.421286805,150,P1_outputs_path_100_to_300
2056,2418883.587298057,150,P1_outputs_path_100_to_300
2057,2544314.3594587785,150,P1_outputs_path_100_to_300
2058,2582033.7087679543,150,P1_outputs_path_100_to_300
2059,2586363.957078717,150,P1_outputs_path_100_to_300
2060,2824863.008877944,150,P1_outputs_path_100_to_300
2061,2824279.1989532216,150,P1_outputs_path_100_to_300
2062,2858880.335409903,150,P1_outputs_path_100_to_300
2063,2867069.374629047,150,P1_outputs_path_100_to_300
2064,2881120.6997569394,150,P1_outputs_path_100_to_300
2065,2913780.497911389,150,P1_outputs_path_100_to_300
2066,3034228.5884013614,150,P1_outputs_path_100_to_300
2067,3224545.4682372445,150,P1_outputs_path_100_to_300
2068,3200504.763638488,150,P1_outputs_path_100_to_300
2069,3420478.0738268844,150,P1_outputs_path_100_to_300
2070,3328071.636843257,150,P1_outputs_path_100_to_300
2071,3522895.0972227496,150,P1_outputs_path_100_to_300
2072,3481573.016752643,150,P1_outputs_path_100_to_300
2073,3626423.83546442,150,P1_outputs_path_100_to_300
2074,1972546.7714541007,150,P1_outputs_path_100_to_300
2075,,150,P1_outputs_path_100_to_300
2025,0.0,151,P1_outputs_path_100_to_300
2026,48487.01874368631,151,P1_outputs_path_100_to_300
2027,97543.86567646074,151,P1_outputs_path_100_to_300
2028,149504.1639096464,151,P1_outputs_path_100_to_300
2029,188339.869167532,151,P1_outputs_path_100_to_300
2030,236276.12556229788,151,P1_outputs_path_100_to_300
2031,264690.8079796885,151,P1_outputs_path_100_to_300
2032,352265.8879434397,151,P1_outputs_path_100_to_300
2033,466039.6400798076,151,P1_outputs_path_100_to_300
2034,512974.68582226086,151,P1_outputs_path_100_to_300
2035,492190.636416903,151,P1_outputs_path_100_to_300
2036,580184.9764192826,151,P1_outputs_path_100_to_300
2037,593440.1690037849,151,P1_outputs_path_100_to_300
2038,750600.2842782335,151,P1_outputs_path_100_to_300
2039,1041653.492678556,151,P1_outputs_path_100_to_300
2040,1175204.0039302276,151,P1_outputs_path_100_to_300
2041,1304267.7703975665,151,P1_outputs_path_100_to_300
2042,1576519.139690477,151,P1_outputs_path_100_to_300
2043,1683704.7262250432,151,P1_outputs_path_100_to_300
2044,1898169.009368677,151,P1_outputs_path_100_to_300
2045,2020896.6752803,151,P1_outputs_path_100_to_300
2046,1955652.2500785668,151,P1_outputs_path_100_to_300
2047,2043234.2753714423,151,P1_outputs_path_100_to_300
2048,2219422.168374972,151,P1_outputs_path_100_to_300
2049,2384919.243084636,151,P1_outputs_path_100_to_300
2050,2417672.2736893315,151,P1_outputs_path_100_to_300
2051,2414564.7830652283,151,P1_outputs_path_100_to_300
2052,2498388.6563205533,151,P1_outputs_path_100_to_300
2053,2511513.117846586,151,P1_outputs_path_100_to_300
2054,2597906.9111228064,151,P1_outputs_path_100_to_300
2055,2634463.4355965764,151,P1_outputs_path_100_to_300
2056,2767653.4057285017,151,P1_outputs_path_100_to_300
2057,2481366.4839372174,151,P1_outputs_path_100_to_300
2058,2554863.00238014,151,P1_outputs_path_100_to_300
2059,2473488.737215169,151,P1_outputs_path_100_to_300
2060,2605913.4332829244,151,P1_outputs_path_100_to_300
2061,2809262.635636505,151,P1_outputs_path_100_to_300
2062,2858515.620128085,151,P1_outputs_path_100_to_300
2063,2843284.919170575,151,P1_outputs_path_100_to_300
2064,2863973.7709676325,151,P1_outputs_path_100_to_300
2065,2946126.1096042856,151,P1_outputs_path_100_to_300
2066,3032428.0762776504,151,P1_outputs_path_100_to_300
2067,3226271.852426106,151,P1_outputs_path_100_to_300
2068,3343304.4266991736,151,P1_outputs_path_100_to_300
2069,3356381.0211574,151,P1_outputs_path_100_to_300
2070,3501743.356206823,151,P1_outputs_path_100_to_300
2071,3550306.764900918,151,P1_outputs_path_100_to_300
2072,3726491.8560665296,151,P1_outputs_path_100_to_300
2073,3814826.0442473833,151,P1_outputs_path_100_to_300
2074,1806547.266802488,151,P1_outputs_path_100_to_300
2075,,151,P1_outputs_path_100_to_300
2025,0.0,152,P1_outputs_path_100_to_300
2026,54662.76891125197,152,P1_outputs_path_100_to_300
2027,111634.84863754816,152,P1_outputs_path_100_to_300
2028,164560.39999001904,152,P1_outputs_path_100_to_300
2029,257166.64534858053,152,P1_outputs_path_100_to_300
2030,305254.9465612182,152,P1_outputs_path_100_to_300
2031,360143.27830639994,152,P1_outputs_path_100_to_300
2032,489967.2160817192,152,P1_outputs_path_100_to_300
2033,572526.78374852,152,P1_outputs_path_100_to_300
2034,701696.5978351559,152,P1_outputs_path_100_to_300
2035,830431.729862124,152,P1_outputs_path_100_to_300
2036,797052.6663371681,152,P1_outputs_path_100_to_300
2037,1001805.023109966,152,P1_outputs_path_100_to_300
2038,1065938.375981842,152,P1_outputs_path_100_to_300
2039,1157948.2078511438,152,P1_outputs_path_100_to_300
2040,1231959.6349742727,152,P1_outputs_path_100_to_300
2041,1239057.5532146525,152,P1_outputs_path_100_to_300
2042,1157282.0050119143,152,P1_outputs_path_100_to_300
2043,1167169.1452697506,152,P1_outputs_path_100_to_300
2044,1105652.6329200468,152,P1_outputs_path_100_to_300
2045,1262649.1011462412,152,P1_outputs_path_100_to_300
2046,1312371.2445509855,152,P1_outputs_path_100_to_300
2047,1298874.084395853,152,P1_outputs_path_100_to_300
2048,984906.5499508268,152,P1_outputs_path_100_to_300
2049,1148032.8723498376,152,P1_outputs_path_100_to_300
2050,1425888.6311984593,152,P1_outputs_path_100_to_300
2051,1325395.1520891772,152,P1_outputs_path_100_to_300
2052,1227992.085420794,152,P1_outputs_path_100_to_300
2053,1271365.2810645478,152,P1_outputs_path_100_to_300
2054,1602736.1314882587,152,P1_outputs_path_100_to_300
2055,1765048.1917859465,152,P1_outputs_path_100_to_300
2056,1798385.8171347375,152,P1_outputs_path_100_to_300
2057,1944353.902977785,152,P1_outputs_path_100_to_300
2058,2049505.307166597,152,P1_outputs_path_100_to_300
2059,1902579.586605318,152,P1_outputs_path_100_to_300
2060,1888269.133567242,152,P1_outputs_path_100_to_300
2061,1972989.763875387,152,P1_outputs_path_100_to_300
2062,2048368.2687369431,152,P1_outputs_path_100_to_300
2063,2198128.4472955074,152,P1_outputs_path_100_to_300
2064,2411105.0614869194,152,P1_outputs_path_100_to_300
2065,2573909.549519543,152,P1_outputs_path_100_to_300
2066,2776092.5675679347,152,P1_outputs_path_100_to_300
2067,2890495.0415130127,152,P1_outputs_path_100_to_300
2068,3079564.3522199444,152,P1_outputs_path_100_to_300
2069,2966419.43585846,152,P1_outputs_path_100_to_300
2070,3010197.034104574,152,P1_outputs_path_100_to_300
2071,2916042.916396311,152,P1_outputs_path_100_to_300
2072,3034449.120328921,152,P1_outputs_path_100_to_300
2073,3100271.4687666195,152,P1_outputs_path_100_to_300
2074,1196587.5938534124,152,P1_outputs_path_100_to_300
2075,,152,P1_outputs_path_100_to_300
2025,0.0,153,P1_outputs_path_100_to_300
2026,51984.66847059936,153,P1_outputs_path_100_to_300
2027,106731.74961246396,153,P1_outputs_path_100_to_300
2028,138721.44983985616,153,P1_outputs_path_100_to_300
2029,182166.78789081352,153,P1_outputs_path_100_to_300
2030,259070.0418859956,153,P1_outputs_path_100_to_300
2031,400994.39330695657,153,P1_outputs_path_100_to_300
2032,412837.1349995228,153,P1_outputs_path_100_to_300
2033,480789.13811211335,153,P1_outputs_path_100_to_300
2034,538462.7383883796,153,P1_outputs_path_100_to_300
2035,687301.7253741074,153,P1_outputs_path_100_to_300
2036,720258.9917186853,153,P1_outputs_path_100_to_300
2037,744438.2657839138,153,P1_outputs_path_100_to_300
2038,676557.8767431538,153,P1_outputs_path_100_to_300
2039,673665.9224153099,153,P1_outputs_path_100_to_300
2040,878687.2157158331,153,P1_outputs_path_100_to_300
2041,1007558.9410686528,153,P1_outputs_path_100_to_300
2042,1022002.0785155044,153,P1_outputs_path_100_to_300
2043,1137548.644845849,153,P1_outputs_path_100_to_300
2044,1366281.6967284705,153,P1_outputs_path_100_to_300
2045,1409497.878555249,153,P1_outputs_path_100_to_300
2046,1513547.6205909236,153,P1_outputs_path_100_to_300
2047,1670357.262795568,153,P1_outputs_path_100_to_300
2048,1723939.6869502296,153,P1_outputs_path_100_to_300
2049,1896544.2597797248,153,P1_outputs_path_100_to_300
2050,2104983.355059876,153,P1_outputs_path_100_to_300
2051,2194495.4602216305,153,P1_outputs_path_100_to_300
2052,2301228.6994606103,153,P1_outputs_path_100_to_300
2053,2324771.7450713105,153,P1_outputs_path_100_to_300
2054,2293951.2712396947,153,P1_outputs_path_100_to_300
2055,2455721.7300732,153,P1_outputs_path_100_to_300
2056,2445848.886487528,153,P1_outputs_path_100_to_300
2057,2420696.2992506805,153,P1_outputs_path_100_to_300
2058,2611842.353672988,153,P1_outputs_path_100_to_300
2059,2733662.058280171,153,P1_outputs_path_100_to_300
2060,2654662.9541482846,153,P1_outputs_path_100_to_300
2061,2818226.001245444,153,P1_outputs_path_100_to_300
2062,2879761.290406783,153,P1_outputs_path_100_to_300
2063,3062850.8702745214,153,P1_outputs_path_100_to_300
2064,2923794.896600465,153,P1_outputs_path_100_to_300
2065,2976561.9920783085,153,P1_outputs_path_100_to_300
2066,3036592.1901746285,153,P1_outputs_path_100_to_300
2067,3003851.548323799,153,P1_outputs_path_100_to_300
2068,3005970.069087306,153,P1_outputs_path_100_to_300
2069,3158055.897270531,153,P1_outputs_path_100_to_300
2070,3312118.798416287,153,P1_outputs_path_100_to_300
2071,3681887.792521836,153,P1_outputs_path_100_to_300
2072,3818951.7179036,153,P1_outputs_path_100_to_300
2073,3798908.1577954814,153,P1_outputs_path_100_to_300
2074,1950501.763848304,153,P1_outputs_path_100_to_300
2075,,153,P1_outputs_path_100_to_300
2025,0.0,154,P1_outputs_path_100_to_300
2026,90500.8562014182,154,P1_outputs_path_100_to_300
2027,167846.81538522546,154,P1_outputs_path_100_to_300
2028,230175.29211000245,154,P1_outputs_path_100_to_300
2029,226163.58862355235,154,P1_outputs_path_100_to_300
2030,294202.2221777262,154,P1_outputs_path_100_to_300
2031,504613.1034522724,154,P1_outputs_path_100_to_300
2032,602530.3692012518,154,P1_outputs_path_100_to_300
2033,634193.3113965392,154,P1_outputs_path_100_to_300
2034,615283.667369773,154,P1_outputs_path_100_to_300
2035,665907.820399241,154,P1_outputs_path_100_to_300
2036,758044.2166624902,154,P1_outputs_path_100_to_300
2037,728922.3849278179,154,P1_outputs_path_100_to_300
2038,848118.2693468214,154,P1_outputs_path_100_to_300
2039,1037757.1161752302,154,P1_outputs_path_100_to_300
2040,1307003.9556473969,154,P1_outputs_path_100_to_300
2041,1150478.6264373898,154,P1_outputs_path_100_to_300
2042,1259865.920826792,154,P1_outputs_path_100_to_300
2043,1361734.2977841017,154,P1_outputs_path_100_to_300
2044,1251024.051951909,154,P1_outputs_path_100_to_300
2045,1285125.539742763,154,P1_outputs_path_100_to_300
2046,1463659.2648648948,154,P1_outputs_path_100_to_300
2047,1592038.9373824538,154,P1_outputs_path_100_to_300
2048,1746547.7512638555,154,P1_outputs_path_100_to_300
2049,2005126.65898494,154,P1_outputs_path_100_to_300
2050,1948021.518086417,154,P1_outputs_path_100_to_300
2051,2115895.8907176345,154,P1_outputs_path_100_to_300
2052,2216194.128362094,154,P1_outputs_path_100_to_300
2053,2214893.424600724,154,P1_outputs_path_100_to_300
2054,2335969.3719565794,154,P1_outputs_path_100_to_300
2055,2438735.907670156,154,P1_outputs_path_100_to_300
2056,2228386.636741788,154,P1_outputs_path_100_to_300
2057,2408733.021306646,154,P1_outputs_path_100_to_300
2058,2558885.3354624053,154,P1_outputs_path_100_to_300
2059,2588671.6540449946,154,P1_outputs_path_100_to_300
2060,2718390.6971973456,154,P1_outputs_path_100_to_300
2061,2503255.846091455,154,P1_outputs_path_100_to_300
2062,2468095.196726773,154,P1_outputs_path_100_to_300
2063,2425890.383223687,154,P1_outputs_path_100_to_300
2064,2473467.384565491,154,P1_outputs_path_100_to_300
2065,2465367.126789462,154,P1_outputs_path_100_to_300
2066,2754885.4568591435,154,P1_outputs_path_100_to_300
2067,2920337.472260968,154,P1_outputs_path_100_to_300
2068,2975222.9335304755,154,P1_outputs_path_100_to_300
2069,2844178.318747019,154,P1_outputs_path_100_to_300
2070,2977934.236844347,154,P1_outputs_path_100_to_300
2071,3116643.879719793,154,P1_outputs_path_100_to_300
2072,3360340.416839108,154,P1_outputs_path_100_to_300
2073,3399237.6062031034,154,P1_outputs_path_100_to_300
2074,1515727.384677204,154,P1_outputs_path_100_to_300
2075,,154,P1_outputs_path_100_to_300
2025,0.0,155,P1_outputs_path_100_to_300
2026,48036.24319876938,155,P1_outputs_path_100_to_300
2027,108496.28212697686,155,P1_outputs_path_100_to_300
2028,176512.06471608143,155,P1_outputs_path_100_to_300
2029,237995.90742960208,155,P1_outputs_path_100_to_300
2030,395426.6974507527,155,P1_outputs_path_100_to_300
2031,438257.4586793413,155,P1_outputs_path_100_to_300
2032,628651.8894658661,155,P1_outputs_path_100_to_300
2033,797539.0610956587,155,P1_outputs_path_100_to_300
2034,149991.68996925745,155,P1_outputs_path_100_to_300
2035,207477.5710411819,155,P1_outputs_path_100_to_300
2036,274147.65262997954,155,P1_outputs_path_100_to_300
2037,345847.718178322,155,P1_outputs_path_100_to_300
2038,436470.0174087388,155,P1_outputs_path_100_to_300
2039,462973.6127683268,155,P1_outputs_path_100_to_300
2040,495737.40121398034,155,P1_outputs_path_100_to_300
2041,797766.0359159214,155,P1_outputs_path_100_to_300
2042,747480.1427291253,155,P1_outputs_path_100_to_300
2043,754978.6723885657,155,P1_outputs_path_100_to_300
2044,914604.0706332752,155,P1_outputs_path_100_to_300
2045,1011638.5125317924,155,P1_outputs_path_100_to_300
2046,1112514.9325363084,155,P1_outputs_path_100_to_300
2047,1121126.9287562156,155,P1_outputs_path_100_to_300
2048,1325367.1400616856,155,P1_outputs_path_100_to_300
2049,1625951.3516767828,155,P1_outputs_path_100_to_300
2050,1910060.6678762715,155,P1_outputs_path_100_to_300
2051,2251075.572677108,155,P1_outputs_path_100_to_300
2052,2443473.7129353704,155,P1_outputs_path_100_to_300
2053,2695852.6825566143,155,P1_outputs_path_100_to_300
2054,2680924.81524271,155,P1_outputs_path_100_to_300
2055,2675118.2814019485,155,P1_outputs_path_100_to_300
2056,2805768.870768016,155,P1_outputs_path_100_to_300
2057,2683448.489327793,155,P1_outputs_path_100_to_300
2058,2605094.1209973507,155,P1_outputs_path_100_to_300
2059,2640771.2039008453,155,P1_outputs_path_100_to_300
2060,2583750.0190006616,155,P1_outputs_path_100_to_300
2061,2709684.3173817485,155,P1_outputs_path_100_to_300
2062,2724018.143364321,155,P1_outputs_path_100_to_300
2063,2827460.4067894747,155,P1_outputs_path_100_to_300
2064,2808485.32262128,155,P1_outputs_path_100_to_300
2065,2946985.955596148,155,P1_outputs_path_100_to_300
2066,3104886.5504266946,155,P1_outputs_path_100_to_300
2067,3212038.094888958,155,P1_outputs_path_100_to_300
2068,3238420.362893333,155,P1_outputs_path_100_to_300
2069,3448470.334968829,155,P1_outputs_path_100_to_300
2070,3712032.1565949554,155,P1_outputs_path_100_to_300
2071,3513085.2347804205,155,P1_outputs_path_100_to_300
2072,3472790.6973321917,155,P1_outputs_path_100_to_300
2073,3734230.596419139,155,P1_outputs_path_100_to_300
2074,2002311.4063049196,155,P1_outputs_path_100_to_300
2075,,155,P1_outputs_path_100_to_300
2025,0.0,156,P1_outputs_path_100_to_300
2026,51381.75946641898,156,P1_outputs_path_100_to_300
2027,99600.31159402728,156,P1_outputs_path_100_to_300
2028,133602.23174638557,156,P1_outputs_path_100_to_300
2029,201887.93031503915,156,P1_outputs_path_100_to_300
2030,273106.16129103163,156,P1_outputs_path_100_to_300
2031,365856.0381971197,156,P1_outputs_path_100_to_300
2032,473241.9654340393,156,P1_outputs_path_100_to_300
2033,638754.5165234421,156,P1_outputs_path_100_to_300
2034,779148.8679769649,156,P1_outputs_path_100_to_300
2035,759728.0958697075,156,P1_outputs_path_100_to_300
2036,919337.4313540562,156,P1_outputs_path_100_to_300
2037,1063515.601961139,156,P1_outputs_path_100_to_300
2038,1099886.9580837167,156,P1_outputs_path_100_to_300
2039,1226889.7446696197,156,P1_outputs_path_100_to_300
2040,1394633.4783331207,156,P1_outputs_path_100_to_300
2041,1750602.7184099015,156,P1_outputs_path_100_to_300
2042,1788498.74965291,156,P1_outputs_path_100_to_300
2043,1671995.4210395098,156,P1_outputs_path_100_to_300
2044,1742342.555541119,156,P1_outputs_path_100_to_300
2045,1729918.267943219,156,P1_outputs_path_100_to_300
2046,1948154.8815658009,156,P1_outputs_path_100_to_300
2047,1950041.865708977,156,P1_outputs_path_100_to_300
2048,1962123.048262933,156,P1_outputs_path_100_to_300
2049,1923032.439933166,156,P1_outputs_path_100_to_300
2050,1901841.4112421535,156,P1_outputs_path_100_to_300
2051,1848197.159752624,156,P1_outputs_path_100_to_300
2052,1808950.9408492628,156,P1_outputs_path_100_to_300
2053,1985999.9743890625,156,P1_outputs_path_100_to_300
2054,2054641.483772472,156,P1_outputs_path_100_to_300
2055,2252349.791844927,156,P1_outputs_path_100_to_300
2056,2457905.591218222,156,P1_outputs_path_100_to_300
2057,2451979.7572125834,156,P1_outputs_path_100_to_300
2058,2439261.8362670885,156,P1_outputs_path_100_to_300
2059,2719707.059640493,156,P1_outputs_path_100_to_300
2060,2868811.712418624,156,P1_outputs_path_100_to_300
2061,2843564.8700988563,156,P1_outputs_path_100_to_300
2062,2874595.084565212,156,P1_outputs_path_100_to_300
2063,3095268.4387355456,156,P1_outputs_path_100_to_300
2064,3322525.094994552,156,P1_outputs_path_100_to_300
2065,3296315.335519107,156,P1_outputs_path_100_to_300
2066,3009486.5826595924,156,P1_outputs_path_100_to_300
2067,2961457.292696692,156,P1_outputs_path_100_to_300
2068,2995902.0871594907,156,P1_outputs_path_100_to_300
2069,2936755.082055608,156,P1_outputs_path_100_to_300
2070,3079352.393184606,156,P1_outputs_path_100_to_300
2071,3265118.885970577,156,P1_outputs_path_100_to_300
2072,3449900.242763414,156,P1_outputs_path_100_to_300
2073,3407263.339695893,156,P1_outputs_path_100_to_300
2074,1646585.2150503292,156,P1_outputs_path_100_to_300
2075,,156,P1_outputs_path_100_to_300
2025,0.0,157,P1_outputs_path_100_to_300
2026,69564.94180603378,157,P1_outputs_path_100_to_300
2027,123752.51366045402,157,P1_outputs_path_100_to_300
2028,183393.9509542929,157,P1_outputs_path_100_to_300
2029,295177.8651800066,157,P1_outputs_path_100_to_300
2030,475782.0973965913,157,P1_outputs_path_100_to_300
2031,518965.1750572772,157,P1_outputs_path_100_to_300
2032,529080.3608493735,157,P1_outputs_path_100_to_300
2033,602617.9398160919,157,P1_outputs_path_100_to_300
2034,627691.3845474508,157,P1_outputs_path_100_to_300
2035,685617.6426780004,157,P1_outputs_path_100_to_300
2036,636114.6290997186,157,P1_outputs_path_100_to_300
2037,708125.3388674435,157,P1_outputs_path_100_to_300
2038,875573.8539271873,157,P1_outputs_path_100_to_300
2039,916012.495688508,157,P1_outputs_path_100_to_300
2040,1071522.8205789898,157,P1_outputs_path_100_to_300
2041,1174489.0484408503,157,P1_outputs_path_100_to_300
2042,1229185.6359220098,157,P1_outputs_path_100_to_300
2043,1239440.9434145011,157,P1_outputs_path_100_to_300
2044,1176693.6275776322,157,P1_outputs_path_100_to_300
2045,1304192.859355098,157,P1_outputs_path_100_to_300
2046,1337496.8282814631,157,P1_outputs_path_100_to_300
2047,1722457.529503467,157,P1_outputs_path_100_to_300
2048,1777182.4652652105,157,P1_outputs_path_100_to_300
2049,1916327.404118739,157,P1_outputs_path_100_to_300
2050,1973183.9883149285,157,P1_outputs_path_100_to_300
2051,2132722.7779279705,157,P1_outputs_path_100_to_300
2052,2176499.8047636067,157,P1_outputs_path_100_to_300
2053,2454422.0623859777,157,P1_outputs_path_100_to_300
2054,2643033.894007984,157,P1_outputs_path_100_to_300
2055,2572111.1481898683,157,P1_outputs_path_100_to_300
2056,2643461.7415412115,157,P1_outputs_path_100_to_300
2057,2872631.0249073445,157,P1_outputs_path_100_to_300
2058,2874563.7091107257,157,P1_outputs_path_100_to_300
2059,2829245.505011196,157,P1_outputs_path_100_to_300
2060,2994948.279290053,157,P1_outputs_path_100_to_300
2061,3043646.945019867,157,P1_outputs_path_100_to_300
2062,3163393.552239641,157,P1_outputs_path_100_to_300
2063,3289311.5349828983,157,P1_outputs_path_100_to_300
2064,3262687.160106352,157,P1_outputs_path_100_to_300
2065,3481597.092123971,157,P1_outputs_path_100_to_300
2066,3612476.2190216063,157,P1_outputs_path_100_to_300
2067,3548859.3311893763,157,P1_outputs_path_100_to_300
2068,3576146.190525569,157,P1_outputs_path_100_to_300
2069,3428097.699147294,157,P1_outputs_path_100_to_300
2070,3178146.5224510743,157,P1_outputs_path_100_to_300
2071,3112724.946549958,157,P1_outputs_path_100_to_300
2072,2918853.950859064,157,P1_outputs_path_100_to_300
2073,2872576.2355247564,157,P1_outputs_path_100_to_300
2074,1046928.336245422,157,P1_outputs_path_100_to_300
2075,,157,P1_outputs_path_100_to_300
2025,0.0,158,P1_outputs_path_100_to_300
2026,72583.71837126443,158,P1_outputs_path_100_to_300
2027,138386.27384374637,158,P1_outputs_path_100_to_300
2028,193407.37494258664,158,P1_outputs_path_100_to_300
2029,225455.2881279736,158,P1_outputs_path_100_to_300
2030,374034.457216232,158,P1_outputs_path_100_to_300
2031,544244.2175936083,158,P1_outputs_path_100_to_300
2032,684335.1201415897,158,P1_outputs_path_100_to_300
2033,915273.8357002236,158,P1_outputs_path_100_to_300
2034,342623.66928889044,158,P1_outputs_path_100_to_300
2035,470649.2002731832,158,P1_outputs_path_100_to_300
2036,483298.10172750906,158,P1_outputs_path_100_to_300
2037,588370.2102758912,158,P1_outputs_path_100_to_300
2038,704075.5134723701,158,P1_outputs_path_100_to_300
2039,634720.8359289232,158,P1_outputs_path_100_to_300
2040,617332.7594010074,158,P1_outputs_path_100_to_300
2041,673558.7967043091,158,P1_outputs_path_100_to_300
2042,796857.9441403751,158,P1_outputs_path_100_to_300
2043,959956.4209727918,158,P1_outputs_path_100_to_300
2044,1135685.801948923,158,P1_outputs_path_100_to_300
2045,1406801.1773562974,158,P1_outputs_path_100_to_300
2046,1778176.0545962327,158,P1_outputs_path_100_to_300
2047,1772515.008795024,158,P1_outputs_path_100_to_300
2048,1937063.4676854908,158,P1_outputs_path_100_to_300
2049,1837209.3109912127,158,P1_outputs_path_100_to_300
2050,1956855.204394354,158,P1_outputs_path_100_to_300
2051,2056384.387005932,158,P1_outputs_path_100_to_300
2052,2127896.160144366,158,P1_outputs_path_100_to_300
2053,2215027.8063065675,158,P1_outputs_path_100_to_300
2054,2124598.962629168,158,P1_outputs_path_100_to_300
2055,2169915.6169142737,158,P1_outputs_path_100_to_300
2056,2354235.4000825863,158,P1_outputs_path_100_to_300
2057,2411121.5858893087,158,P1_outputs_path_100_to_300
2058,2268682.5905469046,158,P1_outputs_path_100_to_300
2059,2370915.607430815,158,P1_outputs_path_100_to_300
2060,2388940.4374932013,158,P1_outputs_path_100_to_300
2061,2567649.145532809,158,P1_outputs_path_100_to_300
2062,2692489.719902697,158,P1_outputs_path_100_to_300
2063,2698393.052196504,158,P1_outputs_path_100_to_300
2064,2692509.746106021,158,P1_outputs_path_100_to_300
2065,2712669.6758523784,158,P1_outputs_path_100_to_300
2066,2759512.185839532,158,P1_outputs_path_100_to_300
2067,2912229.284630728,158,P1_outputs_path_100_to_300
2068,3007478.7754670093,158,P1_outputs_path_100_to_300
2069,2738575.8118427573,158,P1_outputs_path_100_to_300
2070,2850810.736847846,158,P1_outputs_path_100_to_300
2071,2933221.278313884,158,P1_outputs_path_100_to_300
2072,3197840.077571371,158,P1_outputs_path_100_to_300
2073,3135045.062837879,158,P1_outputs_path_100_to_300
2074,1377727.1681393518,158,P1_outputs_path_100_to_300
2075,,158,P1_outputs_path_100_to_300
2025,0.0,159,P1_outputs_path_100_to_300
2026,63449.6162019383,159,P1_outputs_path_100_to_300
2027,123564.81553676276,159,P1_outputs_path_100_to_300
2028,158944.74783223186,159,P1_outputs_path_100_to_300
2029,249542.03923928252,159,P1_outputs_path_100_to_300
2030,323191.0252640002,159,P1_outputs_path_100_to_300
2031,398874.5007851609,159,P1_outputs_path_100_to_300
2032,403455.500243086,159,P1_outputs_path_100_to_300
2033,449386.36111583526,159,P1_outputs_path_100_to_300
2034,569438.3913000687,159,P1_outputs_path_100_to_300
2035,655097.7418123434,159,P1_outputs_path_100_to_300
2036,593218.968648352,159,P1_outputs_path_100_to_300
2037,505275.9708566909,159,P1_outputs_path_100_to_300
2038,481338.95128724986,159,P1_outputs_path_100_to_300
2039,624466.7767133273,159,P1_outputs_path_100_to_300
2040,620749.1722173074,159,P1_outputs_path_100_to_300
2041,725319.5033707005,159,P1_outputs_path_100_to_300
2042,758277.403889674,159,P1_outputs_path_100_to_300
2043,613189.8933450184,159,P1_outputs_path_100_to_300
2044,661148.6852586814,159,P1_outputs_path_100_to_300
2045,781405.6754650259,159,P1_outputs_path_100_to_300
2046,993878.4355395416,159,P1_outputs_path_100_to_300
2047,979720.0239507258,159,P1_outputs_path_100_to_300
2048,995633.9495413428,159,P1_outputs_path_100_to_300
2049,1067600.4842495555,159,P1_outputs_path_100_to_300
2050,1071231.9799797828,159,P1_outputs_path_100_to_300
2051,972097.5353035376,159,P1_outputs_path_100_to_300
2052,1025996.2309177818,159,P1_outputs_path_100_to_300
2053,1286931.899114054,159,P1_outputs_path_100_to_300
2054,1655071.8650128678,159,P1_outputs_path_100_to_300
2055,1782751.0264938362,159,P1_outputs_path_100_to_300
2056,2001721.544239777,159,P1_outputs_path_100_to_300
2057,2181369.722337291,159,P1_outputs_path_100_to_300
2058,2252057.6215847977,159,P1_outputs_path_100_to_300
2059,2451494.661975179,159,P1_outputs_path_100_to_300
2060,2488658.5543475235,159,P1_outputs_path_100_to_300
2061,2577912.525053924,159,P1_outputs_path_100_to_300
2062,2690429.849549792,159,P1_outputs_path_100_to_300
2063,2661193.999172679,159,P1_outputs_path_100_to_300
2064,2613977.652825242,159,P1_outputs_path_100_to_300
2065,2602616.721597171,159,P1_outputs_path_100_to_300
2066,2439879.137195766,159,P1_outputs_path_100_to_300
2067,2578899.018793804,159,P1_outputs_path_100_to_300
2068,2702535.5352488747,159,P1_outputs_path_100_to_300
2069,2654483.818179842,159,P1_outputs_path_100_to_300
2070,2808772.7395773567,159,P1_outputs_path_100_to_300
2071,3009427.6255266746,159,P1_outputs_path_100_to_300
2072,3291672.324440569,159,P1_outputs_path_100_to_300
2073,3264291.959831198,159,P1_outputs_path_100_to_300
2074,1643709.8547606345,159,P1_outputs_path_100_to_300
2075,,159,P1_outputs_path_100_to_300
2025,0.0,160,P1_outputs_path_100_to_300
2026,60532.16456980408,160,P1_outputs_path_100_to_300
2027,109781.49627036856,160,P1_outputs_path_100_to_300
2028,165363.09534082282,160,P1_outputs_path_100_to_300
2029,226051.3763937532,160,P1_outputs_path_100_to_300
2030,296604.143969497,160,P1_outputs_path_100_to_300
2031,334148.92035064125,160,P1_outputs_path_100_to_300
2032,355426.42288872617,160,P1_outputs_path_100_to_300
2033,437411.54655401513,160,P1_outputs_path_100_to_300
2034,549291.2665068198,160,P1_outputs_path_100_to_300
2035,623875.1272232484,160,P1_outputs_path_100_to_300
2036,677237.2406113539,160,P1_outputs_path_100_to_300
2037,762665.580858382,160,P1_outputs_path_100_to_300
2038,1007313.1007454188,160,P1_outputs_path_100_to_300
2039,1252329.4500597543,160,P1_outputs_path_100_to_300
2040,1445696.2342912678,160,P1_outputs_path_100_to_300
2041,1416011.4243748798,160,P1_outputs_path_100_to_300
2042,1610137.1818488338,160,P1_outputs_path_100_to_300
2043,1616668.4953548913,160,P1_outputs_path_100_to_300
2044,1668749.191444784,160,P1_outputs_path_100_to_300
2045,1820083.589208386,160,P1_outputs_path_100_to_300
2046,1857277.524504867,160,P1_outputs_path_100_to_300
2047,1880279.271400906,160,P1_outputs_path_100_to_300
2048,2037146.021418307,160,P1_outputs_path_100_to_300
2049,2174031.836692346,160,P1_outputs_path_100_to_300
2050,2368758.8229555166,160,P1_outputs_path_100_to_300
2051,2373085.0122766523,160,P1_outputs_path_100_to_300
2052,2435630.058930395,160,P1_outputs_path_100_to_300
2053,2694984.282627292,160,P1_outputs_path_100_to_300
2054,2854590.017106696,160,P1_outputs_path_100_to_300
2055,2788919.031225373,160,P1_outputs_path_100_to_300
2056,2962452.1802225043,160,P1_outputs_path_100_to_300
2057,3112153.0125573818,160,P1_outputs_path_100_to_300
2058,3196687.737889666,160,P1_outputs_path_100_to_300
2059,3142209.372552824,160,P1_outputs_path_100_to_300
2060,3020460.906081795,160,P1_outputs_path_100_to_300
2061,3204161.9852031483,160,P1_outputs_path_100_to_300
2062,3499728.8253724244,160,P1_outputs_path_100_to_300
2063,3297585.548335676,160,P1_outputs_path_100_to_300
2064,3268046.097786684,160,P1_outputs_path_100_to_300
2065,3363047.3110740166,160,P1_outputs_path_100_to_300
2066,3356922.7572036567,160,P1_outputs_path_100_to_300
2067,3558114.483206263,160,P1_outputs_path_100_to_300
2068,3640068.02975612,160,P1_outputs_path_100_to_300
2069,3848919.7169961575,160,P1_outputs_path_100_to_300
2070,3614102.559946701,160,P1_outputs_path_100_to_300
2071,3811039.0820128266,160,P1_outputs_path_100_to_300
2072,4015471.886886448,160,P1_outputs_path_100_to_300
2073,4159098.394866354,160,P1_outputs_path_100_to_300
2074,2402873.41530801,160,P1_outputs_path_100_to_300
2075,,160,P1_outputs_path_100_to_300
2025,0.0,161,P1_outputs_path_100_to_300
2026,56467.29326575609,161,P1_outputs_path_100_to_300
2027,116227.05881073613,161,P1_outputs_path_100_to_300
2028,158171.7138104753,161,P1_outputs_path_100_to_300
2029,223701.9854518189,161,P1_outputs_path_100_to_300
2030,255576.3129665138,161,P1_outputs_path_100_to_300
2031,338514.8826661506,161,P1_outputs_path_100_to_300
2032,312316.398235741,161,P1_outputs_path_100_to_300
2033,516803.83344015456,161,P1_outputs_path_100_to_300
2034,560924.550605645,161,P1_outputs_path_100_to_300
2035,589492.7839800682,161,P1_outputs_path_100_to_300
2036,685634.4496154374,161,P1_outputs_path_100_to_300
2037,779123.1139594133,161,P1_outputs_path_100_to_300
2038,1162878.6666965534,161,P1_outputs_path_100_to_300
2039,1293438.928685454,161,P1_outputs_path_100_to_300
2040,1491957.7209772218,161,P1_outputs_path_100_to_300
2041,1709785.9540809465,161,P1_outputs_path_100_to_300
2042,1837787.422429224,161,P1_outputs_path_100_to_300
2043,1883663.141027481,161,P1_outputs_path_100_to_300
2044,1893556.7584722224,161,P1_outputs_path_100_to_300
2045,1949472.675731061,161,P1_outputs_path_100_to_300
2046,2064207.3200599167,161,P1_outputs_path_100_to_300
2047,2237352.223786937,161,P1_outputs_path_100_to_300
2048,2298944.1019251365,161,P1_outputs_path_100_to_300
2049,2134158.0479813647,161,P1_outputs_path_100_to_300
2050,2199640.2939795963,161,P1_outputs_path_100_to_300
2051,2109532.963493247,161,P1_outputs_path_100_to_300
2052,1969098.1886021616,161,P1_outputs_path_100_to_300
2053,1987935.334853794,161,P1_outputs_path_100_to_300
2054,2114221.6331105046,161,P1_outputs_path_100_to_300
2055,2149314.4223873527,161,P1_outputs_path_100_to_300
2056,2128910.0465082587,161,P1_outputs_path_100_to_300
2057,2244201.1785217486,161,P1_outputs_path_100_to_300
2058,2472287.358025876,161,P1_outputs_path_100_to_300
2059,2690925.6375968168,161,P1_outputs_path_100_to_300
2060,2772508.212500473,161,P1_outputs_path_100_to_300
2061,2856962.121400317,161,P1_outputs_path_100_to_300
2062,3035678.940285363,161,P1_outputs_path_100_to_300
2063,3170606.035777447,161,P1_outputs_path_100_to_300
2064,3208355.162814176,161,P1_outputs_path_100_to_300
2065,3070833.1479762685,161,P1_outputs_path_100_to_300
2066,3037977.951422696,161,P1_outputs_path_100_to_300
2067,3131133.824250809,161,P1_outputs_path_100_to_300
2068,3170623.9178061634,161,P1_outputs_path_100_to_300
2069,3318519.074401674,161,P1_outputs_path_100_to_300
2070,3183760.778435129,161,P1_outputs_path_100_to_300
2071,3291603.954264748,161,P1_outputs_path_100_to_300
2072,3393227.2643154347,161,P1_outputs_path_100_to_300
2073,3381648.7648025835,161,P1_outputs_path_100_to_300
2074,1274040.2664393869,161,P1_outputs_path_100_to_300
2075,,161,P1_outputs_path_100_to_300
2025,0.0,162,P1_outputs_path_100_to_300
2026,60955.60566211408,162,P1_outputs_path_100_to_300
2027,127399.30335500746,162,P1_outputs_path_100_to_300
2028,182029.0611134342,162,P1_outputs_path_100_to_300
2029,306897.99728424056,162,P1_outputs_path_100_to_300
2030,344381.7126871861,162,P1_outputs_path_100_to_300
2031,483412.7005736517,162,P1_outputs_path_100_to_300
2032,477938.3809882165,162,P1_outputs_path_100_to_300
2033,627330.0934615398,162,P1_outputs_path_100_to_300
2034,669026.0835061193,162,P1_outputs_path_100_to_300
2035,755806.591300992,162,P1_outputs_path_100_to_300
2036,1004674.65259413,162,P1_outputs_path_100_to_300
2037,747873.5034016895,162,P1_outputs_path_100_to_300
2038,803519.4831688902,162,P1_outputs_path_100_to_300
2039,991643.569798723,162,P1_outputs_path_100_to_300
2040,941521.3413677464,162,P1_outputs_path_100_to_300
2041,854291.8266073781,162,P1_outputs_path_100_to_300
2042,782295.1832902766,162,P1_outputs_path_100_to_300
2043,807957.593232369,162,P1_outputs_path_100_to_300
2044,831460.6488400961,162,P1_outputs_path_100_to_300
2045,947298.2288181732,162,P1_outputs_path_100_to_300
2046,764071.3676585238,162,P1_outputs_path_100_to_300
2047,961466.6498005271,162,P1_outputs_path_100_to_300
2048,878876.8801491447,162,P1_outputs_path_100_to_300
2049,1115820.638375669,162,P1_outputs_path_100_to_300
2050,1319111.7095299526,162,P1_outputs_path_100_to_300
2051,1351365.7502321317,162,P1_outputs_path_100_to_300
2052,1293055.979216384,162,P1_outputs_path_100_to_300
2053,1536980.4183456996,162,P1_outputs_path_100_to_300
2054,1708839.1113739675,162,P1_outputs_path_100_to_300
2055,1724450.635867978,162,P1_outputs_path_100_to_300
2056,1859296.5385757308,162,P1_outputs_path_100_to_300
2057,1964066.440433686,162,P1_outputs_path_100_to_300
2058,2150153.7073747166,162,P1_outputs_path_100_to_300
2059,2220999.9971917854,162,P1_outputs_path_100_to_300
2060,2206378.3001984814,162,P1_outputs_path_100_to_300
2061,2225788.0575057734,162,P1_outputs_path_100_to_300
2062,2397945.86081967,162,P1_outputs_path_100_to_300
2063,2409674.3728299206,162,P1_outputs_path_100_to_300
2064,2409132.3040853795,162,P1_outputs_path_100_to_300
2065,2407787.466816314,162,P1_outputs_path_100_to_300
2066,2333339.385624132,162,P1_outputs_path_100_to_300
2067,2325945.582843793,162,P1_outputs_path_100_to_300
2068,2355251.081857518,162,P1_outputs_path_100_to_300
2069,2577876.824476529,162,P1_outputs_path_100_to_300
2070,2746375.4417319708,162,P1_outputs_path_100_to_300
2071,2919750.49759205,162,P1_outputs_path_100_to_300
2072,2768378.0967058493,162,P1_outputs_path_100_to_300
2073,2877597.433151385,162,P1_outputs_path_100_to_300
2074,1014651.5680907032,162,P1_outputs_path_100_to_300
2075,,162,P1_outputs_path_100_to_300
2025,0.0,163,P1_outputs_path_100_to_300
2026,51558.276296857606,163,P1_outputs_path_100_to_300
2027,110458.04768307287,163,P1_outputs_path_100_to_300
2028,183110.11509758988,163,P1_outputs_path_100_to_300
2029,207088.1745378452,163,P1_outputs_path_100_to_300
2030,313795.9543819083,163,P1_outputs_path_100_to_300
2031,359193.62886942347,163,P1_outputs_path_100_to_300
2032,462610.6915582948,163,P1_outputs_path_100_to_300
2033,607118.0178682463,163,P1_outputs_path_100_to_300
2034,675588.1883647818,163,P1_outputs_path_100_to_300
2035,807963.5283722914,163,P1_outputs_path_100_to_300
2036,952697.6623151992,163,P1_outputs_path_100_to_300
2037,1187983.079552709,163,P1_outputs_path_100_to_300
2038,1222381.57616911,163,P1_outputs_path_100_to_300
2039,1454532.5522791308,163,P1_outputs_path_100_to_300
2040,1652507.544464245,163,P1_outputs_path_100_to_300
2041,1699612.6241438023,163,P1_outputs_path_100_to_300
2042,1891727.8682800992,163,P1_outputs_path_100_to_300
2043,2116769.0230114693,163,P1_outputs_path_100_to_300
2044,2102825.3972326894,163,P1_outputs_path_100_to_300
2045,2193104.101070046,163,P1_outputs_path_100_to_300
2046,2229544.5834045224,163,P1_outputs_path_100_to_300
2047,2379749.0830760677,163,P1_outputs_path_100_to_300
2048,2194117.6411258336,163,P1_outputs_path_100_to_300
2049,2307857.5775937974,163,P1_outputs_path_100_to_300
2050,2312271.4309721924,163,P1_outputs_path_100_to_300
2051,2600805.043890571,163,P1_outputs_path_100_to_300
2052,2523262.27308108,163,P1_outputs_path_100_to_300
2053,2797198.417328404,163,P1_outputs_path_100_to_300
2054,2888907.5599055625,163,P1_outputs_path_100_to_300
2055,2977661.3238405664,163,P1_outputs_path_100_to_300
2056,2636963.8120194413,163,P1_outputs_path_100_to_300
2057,2730044.751146028,163,P1_outputs_path_100_to_300
2058,2716037.5361849032,163,P1_outputs_path_100_to_300
2059,2720721.494677976,163,P1_outputs_path_100_to_300
2060,2669825.3391248886,163,P1_outputs_path_100_to_300
2061,2755720.990733804,163,P1_outputs_path_100_to_300
2062,2966339.5232507177,163,P1_outputs_path_100_to_300
2063,3200510.116998101,163,P1_outputs_path_100_to_300
2064,3319996.6552172164,163,P1_outputs_path_100_to_300
2065,3346296.862184733,163,P1_outputs_path_100_to_300
2066,3623762.291532576,163,P1_outputs_path_100_to_300
2067,3719651.358731442,163,P1_outputs_path_100_to_300
2068,3741964.1109868665,163,P1_outputs_path_100_to_300
2069,3943181.5102164345,163,P1_outputs_path_100_to_300
2070,3855061.882828762,163,P1_outputs_path_100_to_300
2071,3657494.427888945,163,P1_outputs_path_100_to_300
2072,3711236.098738162,163,P1_outputs_path_100_to_300
2073,3668008.48197212,163,P1_outputs_path_100_to_300
2074,2012180.2338433005,163,P1_outputs_path_100_to_300
2075,,163,P1_outputs_path_100_to_300
2025,0.0,164,P1_outputs_path_100_to_300
2026,65163.11328742569,164,P1_outputs_path_100_to_300
2027,121014.41630414737,164,P1_outputs_path_100_to_300
2028,186374.9380799986,164,P1_outputs_path_100_to_300
2029,260607.31434763197,164,P1_outputs_path_100_to_300
2030,366315.23417692457,164,P1_outputs_path_100_to_300
2031,507364.635559496,164,P1_outputs_path_100_to_300
2032,502256.2877531932,164,P1_outputs_path_100_to_300
2033,548936.326623444,164,P1_outputs_path_100_to_300
2034,570588.5480939611,164,P1_outputs_path_100_to_300
2035,627014.6393172366,164,P1_outputs_path_100_to_300
2036,608181.849655201,164,P1_outputs_path_100_to_300
2037,669530.3793404389,164,P1_outputs_path_100_to_300
2038,643168.9493077172,164,P1_outputs_path_100_to_300
2039,737663.1107061529,164,P1_outputs_path_100_to_300
2040,916075.762334686,164,P1_outputs_path_100_to_300
2041,1047110.9482692766,164,P1_outputs_path_100_to_300
2042,1155448.4310600678,164,P1_outputs_path_100_to_300
2043,1018027.8682831528,164,P1_outputs_path_100_to_300
2044,980208.4615032848,164,P1_outputs_path_100_to_300
2045,1184900.841825677,164,P1_outputs_path_100_to_300
2046,1404399.7468949205,164,P1_outputs_path_100_to_300
2047,1330974.0641008508,164,P1_outputs_path_100_to_300
2048,1321062.366855217,164,P1_outputs_path_100_to_300
2049,1636426.1178619915,164,P1_outputs_path_100_to_300
2050,1741092.8144333332,164,P1_outputs_path_100_to_300
2051,1887645.2470165105,164,P1_outputs_path_100_to_300
2052,1867452.878751348,164,P1_outputs_path_100_to_300
2053,1901204.868024116,164,P1_outputs_path_100_to_300
2054,1866788.4825297368,164,P1_outputs_path_100_to_300
2055,2039827.9559264728,164,P1_outputs_path_100_to_300
2056,2242366.2881927225,164,P1_outputs_path_100_to_300
2057,2402657.5730620576,164,P1_outputs_path_100_to_300
2058,2565015.6613903875,164,P1_outputs_path_100_to_300
2059,2620029.7186127794,164,P1_outputs_path_100_to_300
2060,2718180.048962542,164,P1_outputs_path_100_to_300
2061,2778100.8350213883,164,P1_outputs_path_100_to_300
2062,2787673.041162041,164,P1_outputs_path_100_to_300
2063,2860456.134702956,164,P1_outputs_path_100_to_300
2064,2853601.71222653,164,P1_outputs_path_100_to_300
2065,3064272.0224438678,164,P1_outputs_path_100_to_300
2066,2984716.228350052,164,P1_outputs_path_100_to_300
2067,3183943.052359368,164,P1_outputs_path_100_to_300
2068,3250720.2929326603,164,P1_outputs_path_100_to_300
2069,3174441.0176548343,164,P1_outputs_path_100_to_300
2070,3289790.6230513006,164,P1_outputs_path_100_to_300
2071,3498414.4423132865,164,P1_outputs_path_100_to_300
2072,3555990.8997195303,164,P1_outputs_path_100_to_300
2073,3605772.5435547456,164,P1_outputs_path_100_to_300
2074,1715171.1355151886,164,P1_outputs_path_100_to_300
2075,,164,P1_outputs_path_100_to_300
2025,0.0,165,P1_outputs_path_100_to_300
2026,69390.36164319918,165,P1_outputs_path_100_to_300
2027,142568.24527912884,165,P1_outputs_path_100_to_300
2028,199152.15657470707,165,P1_outputs_path_100_to_300
2029,269818.41156937607,165,P1_outputs_path_100_to_300
2030,321060.5218544531,165,P1_outputs_path_100_to_300
2031,393619.6640783344,165,P1_outputs_path_100_to_300
2032,435380.7615268881,165,P1_outputs_path_100_to_300
2033,610525.1623311908,165,P1_outputs_path_100_to_300
2034,653092.5877670977,165,P1_outputs_path_100_to_300
2035,814085.1782505626,165,P1_outputs_path_100_to_300
2036,940496.4014633178,165,P1_outputs_path_100_to_300
2037,988014.4076484804,165,P1_outputs_path_100_to_300
2038,876856.6070845906,165,P1_outputs_path_100_to_300
2039,974725.4049181814,165,P1_outputs_path_100_to_300
2040,1151416.9533922456,165,P1_outputs_path_100_to_300
2041,1309518.3885956572,165,P1_outputs_path_100_to_300
2042,1189015.1835503688,165,P1_outputs_path_100_to_300
2043,1278745.4086568712,165,P1_outputs_path_100_to_300
2044,1616477.995946742,165,P1_outputs_path_100_to_300
2045,1791826.464848944,165,P1_outputs_path_100_to_300
2046,2191135.2815647908,165,P1_outputs_path_100_to_300
2047,2353282.4378209733,165,P1_outputs_path_100_to_300
2048,2443737.148736948,165,P1_outputs_path_100_to_300
2049,2534640.0240935427,165,P1_outputs_path_100_to_300
2050,2552640.725180307,165,P1_outputs_path_100_to_300
2051,2750828.27760661,165,P1_outputs_path_100_to_300
2052,2853783.3016350097,165,P1_outputs_path_100_to_300
2053,2800243.115771852,165,P1_outputs_path_100_to_300
2054,2873992.584517604,165,P1_outputs_path_100_to_300
2055,2996286.6852276875,165,P1_outputs_path_100_to_300
2056,3440393.0750574805,165,P1_outputs_path_100_to_300
2057,3672969.841770498,165,P1_outputs_path_100_to_300
2058,3542701.282741192,165,P1_outputs_path_100_to_300
2059,3568154.57372894,165,P1_outputs_path_100_to_300
2060,3924410.5594263338,165,P1_outputs_path_100_to_300
2061,3885638.815576636,165,P1_outputs_path_100_to_300
2062,3595020.7902784045,165,P1_outputs_path_100_to_300
2063,3736865.0623076153,165,P1_outputs_path_100_to_300
2064,3901539.3900192506,165,P1_outputs_path_100_to_300
2065,3564958.530339908,165,P1_outputs_path_100_to_300
2066,3831990.386020592,165,P1_outputs_path_100_to_300
2067,4024539.5390591673,165,P1_outputs_path_100_to_300
2068,4126397.390874845,165,P1_outputs_path_100_to_300
2069,4080766.43043942,165,P1_outputs_path_100_to_300
2070,4057817.279692796,165,P1_outputs_path_100_to_300
2071,4180095.5799120106,165,P1_outputs_path_100_to_300
2072,4390108.06131937,165,P1_outputs_path_100_to_300
2073,4517623.958650585,165,P1_outputs_path_100_to_300
2074,2784029.000135254,165,P1_outputs_path_100_to_300
2075,,165,P1_outputs_path_100_to_300
2025,0.0,166,P1_outputs_path_100_to_300
2026,65333.94085611593,166,P1_outputs_path_100_to_300
2027,129602.82064311818,166,P1_outputs_path_100_to_300
2028,191922.3273857097,166,P1_outputs_path_100_to_300
2029,284993.5963916866,166,P1_outputs_path_100_to_300
2030,350985.28822889854,166,P1_outputs_path_100_to_300
2031,511994.2413127956,166,P1_outputs_path_100_to_300
2032,469777.36211820296,166,P1_outputs_path_100_to_300
2033,588282.1624114052,166,P1_outputs_path_100_to_300
2034,658401.8532681172,166,P1_outputs_path_100_to_300
2035,879080.5121568771,166,P1_outputs_path_100_to_300
2036,1148220.2740779065,166,P1_outputs_path_100_to_300
2037,1188845.2086308128,166,P1_outputs_path_100_to_300
2038,1304997.2053893688,166,P1_outputs_path_100_to_300
2039,1405896.685035945,166,P1_outputs_path_100_to_300
2040,1782511.0908153,166,P1_outputs_path_100_to_300
2041,1797678.984226712,166,P1_outputs_path_100_to_300
2042,1710515.9835003188,166,P1_outputs_path_100_to_300
2043,1778827.5400967672,166,P1_outputs_path_100_to_300
2044,1804022.2526798856,166,P1_outputs_path_100_to_300
2045,1860216.7324635456,166,P1_outputs_path_100_to_300
2046,2039066.0055044224,166,P1_outputs_path_100_to_300
2047,2020586.3133539532,166,P1_outputs_path_100_to_300
2048,2097114.5441968024,166,P1_outputs_path_100_to_300
2049,2223165.202647372,166,P1_outputs_path_100_to_300
2050,2233886.6986147123,166,P1_outputs_path_100_to_300
2051,2312420.9247901724,166,P1_outputs_path_100_to_300
2052,2340059.675332141,166,P1_outputs_path_100_to_300
2053,2568485.3933790307,166,P1_outputs_path_100_to_300
2054,2420591.654255636,166,P1_outputs_path_100_to_300
2055,2379726.282326747,166,P1_outputs_path_100_to_300
2056,2457571.8610749827,166,P1_outputs_path_100_to_300
2057,2536189.629341797,166,P1_outputs_path_100_to_300
2058,2766569.617365806,166,P1_outputs_path_100_to_300
2059,2742972.3228654973,166,P1_outputs_path_100_to_300
2060,2743699.0352445897,166,P1_outputs_path_100_to_300
2061,2741129.168433447,166,P1_outputs_path_100_to_300
2062,2452125.031140572,166,P1_outputs_path_100_to_300
2063,2691523.4387535537,166,P1_outputs_path_100_to_300
2064,2812443.779003144,166,P1_outputs_path_100_to_300
2065,2894644.015434025,166,P1_outputs_path_100_to_300
2066,2858744.615740966,166,P1_outputs_path_100_to_300
2067,2925008.7144128163,166,P1_outputs_path_100_to_300
2068,3019945.325699288,166,P1_outputs_path_100_to_300
2069,3193670.291923171,166,P1_outputs_path_100_to_300
2070,3346752.171226571,166,P1_outputs_path_100_to_300
2071,3217600.973006372,166,P1_outputs_path_100_to_300
2072,3337267.725123008,166,P1_outputs_path_100_to_300
2073,3368594.740598644,166,P1_outputs_path_100_to_300
2074,1357131.65008292,166,P1_outputs_path_100_to_300
2075,,166,P1_outputs_path_100_to_300
2025,0.0,167,P1_outputs_path_100_to_300
2026,49713.43931796003,167,P1_outputs_path_100_to_300
2027,101618.49838897596,167,P1_outputs_path_100_to_300
2028,171774.35799620952,167,P1_outputs_path_100_to_300
2029,230004.5918090621,167,P1_outputs_path_100_to_300
2030,359308.7055586782,167,P1_outputs_path_100_to_300
2031,361777.4558795702,167,P1_outputs_path_100_to_300
2032,445231.7853894656,167,P1_outputs_path_100_to_300
2033,389471.3925722588,167,P1_outputs_path_100_to_300
2034,421425.1660038981,167,P1_outputs_path_100_to_300
2035,446195.0402164741,167,P1_outputs_path_100_to_300
2036,504107.80152565707,167,P1_outputs_path_100_to_300
2037,604611.8493435716,167,P1_outputs_path_100_to_300
2038,768177.5286665232,167,P1_outputs_path_100_to_300
2039,844597.3769007274,167,P1_outputs_path_100_to_300
2040,1000039.7068848088,167,P1_outputs_path_100_to_300
2041,1078744.4538036108,167,P1_outputs_path_100_to_300
2042,917262.7963188224,167,P1_outputs_path_100_to_300
2043,751022.0823655708,167,P1_outputs_path_100_to_300
2044,650212.6379482003,167,P1_outputs_path_100_to_300
2045,676518.7139012003,167,P1_outputs_path_100_to_300
2046,745463.3551929421,167,P1_outputs_path_100_to_300
2047,1010756.9359408532,167,P1_outputs_path_100_to_300
2048,1227164.8122792486,167,P1_outputs_path_100_to_300
2049,1281883.3719610353,167,P1_outputs_path_100_to_300
2050,1669202.331637052,167,P1_outputs_path_100_to_300
2051,1634045.4006146395,167,P1_outputs_path_100_to_300
2052,1674668.050742581,167,P1_outputs_path_100_to_300
2053,1743518.017590243,167,P1_outputs_path_100_to_300
2054,1674634.6429631542,167,P1_outputs_path_100_to_300
2055,1905541.8959880047,167,P1_outputs_path_100_to_300
2056,1959437.0059431295,167,P1_outputs_path_100_to_300
2057,2067844.8144958736,167,P1_outputs_path_100_to_300
2058,1914503.6144633384,167,P1_outputs_path_100_to_300
2059,1928826.972529216,167,P1_outputs_path_100_to_300
2060,1929731.4659891035,167,P1_outputs_path_100_to_300
2061,2063066.7096570728,167,P1_outputs_path_100_to_300
2062,2002645.837795712,167,P1_outputs_path_100_to_300
2063,2055588.315707265,167,P1_outputs_path_100_to_300
2064,2300879.771749072,167,P1_outputs_path_100_to_300
2065,2311317.131454168,167,P1_outputs_path_100_to_300
2066,2486121.585945244,167,P1_outputs_path_100_to_300
2067,2649142.8619372463,167,P1_outputs_path_100_to_300
2068,2619432.0342344595,167,P1_outputs_path_100_to_300
2069,2913358.336905145,167,P1_outputs_path_100_to_300
2070,2984486.7947343164,167,P1_outputs_path_100_to_300
2071,2892141.073231902,167,P1_outputs_path_100_to_300
2072,2877104.449635569,167,P1_outputs_path_100_to_300
2073,2925715.12896746,167,P1_outputs_path_100_to_300
2074,1089781.5307987405,167,P1_outputs_path_100_to_300
2075,,167,P1_outputs_path_100_to_300
2025,0.0,168,P1_outputs_path_100_to_300
2026,54931.808504254215,168,P1_outputs_path_100_to_300
2027,119787.56967622144,168,P1_outputs_path_100_to_300
2028,163122.98140896906,168,P1_outputs_path_100_to_300
2029,253546.81332651136,168,P1_outputs_path_100_to_300
2030,325121.7969266097,168,P1_outputs_path_100_to_300
2031,429894.2912032504,168,P1_outputs_path_100_to_300
2032,502215.9427678423,168,P1_outputs_path_100_to_300
2033,419293.277126886,168,P1_outputs_path_100_to_300
2034,504962.5150322903,168,P1_outputs_path_100_to_300
2035,515334.7076324096,168,P1_outputs_path_100_to_300
2036,627381.8002321271,168,P1_outputs_path_100_to_300
2037,732273.782485508,168,P1_outputs_path_100_to_300
2038,848321.745261782,168,P1_outputs_path_100_to_300
2039,1010234.2383678012,168,P1_outputs_path_100_to_300
2040,1132556.8946413698,168,P1_outputs_path_100_to_300
2041,1232465.9042879215,168,P1_outputs_path_100_to_300
2042,1330186.828198518,168,P1_outputs_path_100_to_300
2043,1431899.654106151,168,P1_outputs_path_100_to_300
2044,1558176.5056772316,168,P1_outputs_path_100_to_300
2045,1757863.4836580148,168,P1_outputs_path_100_to_300
2046,1647335.7705634134,168,P1_outputs_path_100_to_300
2047,1764801.9471091558,168,P1_outputs_path_100_to_300
2048,1773409.7882586364,168,P1_outputs_path_100_to_300
2049,1678017.6211397569,168,P1_outputs_path_100_to_300
2050,1939130.2943995493,168,P1_outputs_path_100_to_300
2051,1889863.041902644,168,P1_outputs_path_100_to_300
2052,2010520.299887993,168,P1_outputs_path_100_to_300
2053,2134597.75673598,168,P1_outputs_path_100_to_300
2054,2246718.681440404,168,P1_outputs_path_100_to_300
2055,2408593.0297770407,168,P1_outputs_path_100_to_300
2056,2306406.653075102,168,P1_outputs_path_100_to_300
2057,2473380.9584183814,168,P1_outputs_path_100_to_300
2058,2545972.496825068,168,P1_outputs_path_100_to_300
2059,2544004.396065392,168,P1_outputs_path_100_to_300
2060,2637450.845711343,168,P1_outputs_path_100_to_300
2061,2843865.661169481,168,P1_outputs_path_100_to_300
2062,2964006.725788775,168,P1_outputs_path_100_to_300
2063,2864915.9861278827,168,P1_outputs_path_100_to_300
2064,2897543.332214039,168,P1_outputs_path_100_to_300
2065,2918240.2694294043,168,P1_outputs_path_100_to_300
2066,3000753.339552947,168,P1_outputs_path_100_to_300
2067,3123694.173214568,168,P1_outputs_path_100_to_300
2068,3248707.8861372,168,P1_outputs_path_100_to_300
2069,3437504.685816008,168,P1_outputs_path_100_to_300
2070,3462943.9089371427,168,P1_outputs_path_100_to_300
2071,3349016.764462493,168,P1_outputs_path_100_to_300
2072,3437069.8419980737,168,P1_outputs_path_100_to_300
2073,3743881.3231809298,168,P1_outputs_path_100_to_300
2074,1893985.3122955968,168,P1_outputs_path_100_to_300
2075,,168,P1_outputs_path_100_to_300
2025,0.0,169,P1_outputs_path_100_to_300
2026,67288.20350034279,169,P1_outputs_path_100_to_300
2027,114432.49629251628,169,P1_outputs_path_100_to_300
2028,147141.55733507485,169,P1_outputs_path_100_to_300
2029,194332.75627460057,169,P1_outputs_path_100_to_300
2030,231131.5873803069,169,P1_outputs_path_100_to_300
2031,326108.79256481107,169,P1_outputs_path_100_to_300
2032,373829.072704087,169,P1_outputs_path_100_to_300
2033,351239.1527231257,169,P1_outputs_path_100_to_300
2034,515710.4211778156,169,P1_outputs_path_100_to_300
2035,554162.0435192744,169,P1_outputs_path_100_to_300
2036,614781.1299769565,169,P1_outputs_path_100_to_300
2037,762710.2157627331,169,P1_outputs_path_100_to_300
2038,697548.6428347417,169,P1_outputs_path_100_to_300
2039,763596.0747077495,169,P1_outputs_path_100_to_300
2040,1016242.1480407568,169,P1_outputs_path_100_to_300
2041,1112980.2618455675,169,P1_outputs_path_100_to_300
2042,1119445.7232499167,169,P1_outputs_path_100_to_300
2043,1147768.5834527863,169,P1_outputs_path_100_to_300
2044,1053503.3865796998,169,P1_outputs_path_100_to_300
2045,1267498.8881551265,169,P1_outputs_path_100_to_300
2046,1488701.727599559,169,P1_outputs_path_100_to_300
2047,1503166.5908957114,169,P1_outputs_path_100_to_300
2048,1655991.6671053425,169,P1_outputs_path_100_to_300
2049,1761088.499248789,169,P1_outputs_path_100_to_300
2050,1927253.661168513,169,P1_outputs_path_100_to_300
2051,2085918.7231248864,169,P1_outputs_path_100_to_300
2052,2022384.736621413,169,P1_outputs_path_100_to_300
2053,2023766.214841484,169,P1_outputs_path_100_to_300
2054,1885605.3906373412,169,P1_outputs_path_100_to_300
2055,2018748.869290484,169,P1_outputs_path_100_to_300
2056,2079395.4728714568,169,P1_outputs_path_100_to_300
2057,2229766.378626145,169,P1_outputs_path_100_to_300
2058,2332094.2543645054,169,P1_outputs_path_100_to_300
2059,2492432.8779194853,169,P1_outputs_path_100_to_300
2060,2731386.6720973942,169,P1_outputs_path_100_to_300
2061,2936323.202693505,169,P1_outputs_path_100_to_300
2062,3018836.4091090662,169,P1_outputs_path_100_to_300
2063,3103216.4465727536,169,P1_outputs_path_100_to_300
2064,3166617.812257959,169,P1_outputs_path_100_to_300
2065,3343864.842382008,169,P1_outputs_path_100_to_300
2066,3299593.0415766304,169,P1_outputs_path_100_to_300
2067,3231184.6524270466,169,P1_outputs_path_100_to_300
2068,3351876.956786126,169,P1_outputs_path_100_to_300
2069,3257256.7086222544,169,P1_outputs_path_100_to_300
2070,3334227.6682591,169,P1_outputs_path_100_to_300
2071,3406903.089930421,169,P1_outputs_path_100_to_300
2072,3684725.619358815,169,P1_outputs_path_100_to_300
2073,3514142.1158252587,169,P1_outputs_path_100_to_300
2074,1762795.5564454093,169,P1_outputs_path_100_to_300
2075,,169,P1_outputs_path_100_to_300
2025,0.0,170,P1_outputs_path_100_to_300
2026,66078.78179087103,170,P1_outputs_path_100_to_300
2027,126834.1787529467,170,P1_outputs_path_100_to_300
2028,199960.1869770086,170,P1_outputs_path_100_to_300
2029,285989.1344426186,170,P1_outputs_path_100_to_300
2030,333558.67585848994,170,P1_outputs_path_100_to_300
2031,340280.9247273504,170,P1_outputs_path_100_to_300
2032,363802.94186299655,170,P1_outputs_path_100_to_300
2033,394439.6606550037,170,P1_outputs_path_100_to_300
2034,518530.0042488368,170,P1_outputs_path_100_to_300
2035,531086.1584811092,170,P1_outputs_path_100_to_300
2036,633829.4392335608,170,P1_outputs_path_100_to_300
2037,733483.2679194652,170,P1_outputs_path_100_to_300
2038,805299.9693582547,170,P1_outputs_path_100_to_300
2039,780279.92859619,170,P1_outputs_path_100_to_300
2040,968579.9958208712,170,P1_outputs_path_100_to_300
2041,951292.8052510688,170,P1_outputs_path_100_to_300
2042,1107193.3098278467,170,P1_outputs_path_100_to_300
2043,1020722.9978900888,170,P1_outputs_path_100_to_300
2044,1154665.1149881673,170,P1_outputs_path_100_to_300
2045,1302712.036788181,170,P1_outputs_path_100_to_300
2046,1348216.7662381637,170,P1_outputs_path_100_to_300
2047,1623200.979162877,170,P1_outputs_path_100_to_300
2048,1636485.9871889886,170,P1_outputs_path_100_to_300
2049,1693559.378318571,170,P1_outputs_path_100_to_300
2050,1838230.166404018,170,P1_outputs_path_100_to_300
2051,1922264.7693676683,170,P1_outputs_path_100_to_300
2052,2033834.0872871045,170,P1_outputs_path_100_to_300
2053,2031242.8196994103,170,P1_outputs_path_100_to_300
2054,1965945.5867268608,170,P1_outputs_path_100_to_300
2055,1885003.9477645296,170,P1_outputs_path_100_to_300
2056,1922557.8239805128,170,P1_outputs_path_100_to_300
2057,2033417.0728289648,170,P1_outputs_path_100_to_300
2058,2151145.8457726697,170,P1_outputs_path_100_to_300
2059,2190116.5383529128,170,P1_outputs_path_100_to_300
2060,2377771.045248088,170,P1_outputs_path_100_to_300
2061,2613011.0582257328,170,P1_outputs_path_100_to_300
2062,2756193.046292927,170,P1_outputs_path_100_to_300
2063,2962228.3152263206,170,P1_outputs_path_100_to_300
2064,3130001.5779355066,170,P1_outputs_path_100_to_300
2065,3298424.596710129,170,P1_outputs_path_100_to_300
2066,3393165.254219094,170,P1_outputs_path_100_to_300
2067,3238368.599226327,170,P1_outputs_path_100_to_300
2068,3025980.259906874,170,P1_outputs_path_100_to_300
2069,3137288.212167017,170,P1_outputs_path_100_to_300
2070,3367183.435832953,170,P1_outputs_path_100_to_300
2071,3426087.1710047736,170,P1_outputs_path_100_to_300
2072,3589394.42682994,170,P1_outputs_path_100_to_300
2073,3501599.675847504,170,P1_outputs_path_100_to_300
2074,1621089.9912349374,170,P1_outputs_path_100_to_300
2075,,170,P1_outputs_path_100_to_300
2025,0.0,171,P1_outputs_path_100_to_300
2026,52113.3933236585,171,P1_outputs_path_100_to_300
2027,99961.82720739309,171,P1_outputs_path_100_to_300
2028,171580.5607291027,171,P1_outputs_path_100_to_300
2029,245484.802079099,171,P1_outputs_path_100_to_300
2030,327854.6126929477,171,P1_outputs_path_100_to_300
2031,326366.8786835327,171,P1_outputs_path_100_to_300
2032,434407.0513249465,171,P1_outputs_path_100_to_300
2033,555211.265085075,171,P1_outputs_path_100_to_300
2034,443189.0998574015,171,P1_outputs_path_100_to_300
2035,588813.3220801868,171,P1_outputs_path_100_to_300
2036,662183.4598189882,171,P1_outputs_path_100_to_300
2037,812625.1709935444,171,P1_outputs_path_100_to_300
2038,830674.2280283518,171,P1_outputs_path_100_to_300
2039,1031673.9551371636,171,P1_outputs_path_100_to_300
2040,1188917.3597561,171,P1_outputs_path_100_to_300
2041,1584778.33572461,171,P1_outputs_path_100_to_300
2042,1798255.3446842732,171,P1_outputs_path_100_to_300
2043,1715204.1010936724,171,P1_outputs_path_100_to_300
2044,1760931.0382744423,171,P1_outputs_path_100_to_300
2045,1797734.3391708727,171,P1_outputs_path_100_to_300
2046,1877140.110242526,171,P1_outputs_path_100_to_300
2047,1942586.0422342357,171,P1_outputs_path_100_to_300
2048,1849864.4916903572,171,P1_outputs_path_100_to_300
2049,1937367.0644632487,171,P1_outputs_path_100_to_300
2050,2070714.6912036848,171,P1_outputs_path_100_to_300
2051,1929037.520059785,171,P1_outputs_path_100_to_300
2052,2070711.367699992,171,P1_outputs_path_100_to_300
2053,2047058.882475936,171,P1_outputs_path_100_to_300
2054,1904159.6295705056,171,P1_outputs_path_100_to_300
2055,1909785.2136756813,171,P1_outputs_path_100_to_300
2056,1903513.807982765,171,P1_outputs_path_100_to_300
2057,1924212.4923503892,171,P1_outputs_path_100_to_300
2058,2023941.867916136,171,P1_outputs_path_100_to_300
2059,2025337.7591563205,171,P1_outputs_path_100_to_300
2060,2049373.533710052,171,P1_outputs_path_100_to_300
2061,2218530.524989644,171,P1_outputs_path_100_to_300
2062,2341280.2268909914,171,P1_outputs_path_100_to_300
2063,2541127.458768339,171,P1_outputs_path_100_to_300
2064,2515584.2934634853,171,P1_outputs_path_100_to_300
2065,2683313.9587548133,171,P1_outputs_path_100_to_300
2066,2718503.4928065683,171,P1_outputs_path_100_to_300
2067,2796201.8843601546,171,P1_outputs_path_100_to_300
2068,2731028.2629777724,171,P1_outputs_path_100_to_300
2069,2506087.410483241,171,P1_outputs_path_100_to_300
2070,2567112.843442303,171,P1_outputs_path_100_to_300
2071,2668266.8352846354,171,P1_outputs_path_100_to_300
2072,2859392.044557946,171,P1_outputs_path_100_to_300
2073,2877489.597538151,171,P1_outputs_path_100_to_300
2074,1187801.8802265048,171,P1_outputs_path_100_to_300
2075,,171,P1_outputs_path_100_to_300
2025,0.0,172,P1_outputs_path_100_to_300
2026,53025.59486118051,172,P1_outputs_path_100_to_300
2027,115169.10967565692,172,P1_outputs_path_100_to_300
2028,212115.3524628627,172,P1_outputs_path_100_to_300
2029,240618.75169171696,172,P1_outputs_path_100_to_300
2030,278138.8823734069,172,P1_outputs_path_100_to_300
2031,363932.0389012273,172,P1_outputs_path_100_to_300
2032,450196.16864510434,172,P1_outputs_path_100_to_300
2033,534252.0959150447,172,P1_outputs_path_100_to_300
2034,576669.9654639026,172,P1_outputs_path_100_to_300
2035,741547.4482709242,172,P1_outputs_path_100_to_300
2036,862688.9210588812,172,P1_outputs_path_100_to_300
2037,985802.6316558028,172,P1_outputs_path_100_to_300
2038,1072057.4410649645,172,P1_outputs_path_100_to_300
2039,1183647.2510918293,172,P1_outputs_path_100_to_300
2040,1334582.2189789314,172,P1_outputs_path_100_to_300
2041,1539110.619970151,172,P1_outputs_path_100_to_300
2042,1705332.1503776305,172,P1_outputs_path_100_to_300
2043,1783667.91393629,172,P1_outputs_path_100_to_300
2044,1925409.507728352,172,P1_outputs_path_100_to_300
2045,1988501.0232532376,172,P1_outputs_path_100_to_300
2046,1837182.33532276,172,P1_outputs_path_100_to_300
2047,2175345.403737104,172,P1_outputs_path_100_to_300
2048,2037903.4522525547,172,P1_outputs_path_100_to_300
2049,2142743.4955156287,172,P1_outputs_path_100_to_300
2050,2072013.7545128237,172,P1_outputs_path_100_to_300
2051,2246992.4119460727,172,P1_outputs_path_100_to_300
2052,2348290.9789875667,172,P1_outputs_path_100_to_300
2053,2532617.615311733,172,P1_outputs_path_100_to_300
2054,2475121.3795898585,172,P1_outputs_path_100_to_300
2055,2524643.722836059,172,P1_outputs_path_100_to_300
2056,2721965.0437084427,172,P1_outputs_path_100_to_300
2057,2601068.2569239545,172,P1_outputs_path_100_to_300
2058,2712728.472447172,172,P1_outputs_path_100_to_300
2059,2847728.1484021298,172,P1_outputs_path_100_to_300
2060,3103784.881444409,172,P1_outputs_path_100_to_300
2061,3178497.8932531923,172,P1_outputs_path_100_to_300
2062,3198200.096124337,172,P1_outputs_path_100_to_300
2063,3115039.8787300694,172,P1_outputs_path_100_to_300
2064,3349530.193152982,172,P1_outputs_path_100_to_300
2065,3536103.1490649106,172,P1_outputs_path_100_to_300
2066,3403958.239519812,172,P1_outputs_path_100_to_300
2067,3548353.5129878405,172,P1_outputs_path_100_to_300
2068,3582388.025005244,172,P1_outputs_path_100_to_300
2069,3429028.992608244,172,P1_outputs_path_100_to_300
2070,3515919.633109788,172,P1_outputs_path_100_to_300
2071,3635192.026205759,172,P1_outputs_path_100_to_300
2072,3701994.9099482703,172,P1_outputs_path_100_to_300
2073,3708433.463717535,172,P1_outputs_path_100_to_300
2074,2151214.9054521667,172,P1_outputs_path_100_to_300
2075,,172,P1_outputs_path_100_to_300
2025,0.0,173,P1_outputs_path_100_to_300
2026,56148.76560249497,173,P1_outputs_path_100_to_300
2027,116358.39908388109,173,P1_outputs_path_100_to_300
2028,215250.18131846876,173,P1_outputs_path_100_to_300
2029,251670.08613515596,173,P1_outputs_path_100_to_300
2030,383375.3625680705,173,P1_outputs_path_100_to_300
2031,406452.2379601138,173,P1_outputs_path_100_to_300
2032,547801.5778029275,173,P1_outputs_path_100_to_300
2033,681531.7170256184,173,P1_outputs_path_100_to_300
2034,587427.2221210744,173,P1_outputs_path_100_to_300
2035,678094.7487844272,173,P1_outputs_path_100_to_300
2036,812456.1679357206,173,P1_outputs_path_100_to_300
2037,940975.576735638,173,P1_outputs_path_100_to_300
2038,1132196.0774578657,173,P1_outputs_path_100_to_300
2039,1234060.0868237654,173,P1_outputs_path_100_to_300
2040,1269276.708540158,173,P1_outputs_path_100_to_300
2041,1403910.5163990615,173,P1_outputs_path_100_to_300
2042,1337907.6729179174,173,P1_outputs_path_100_to_300
2043,1672280.0692489643,173,P1_outputs_path_100_to_300
2044,1639670.217992301,173,P1_outputs_path_100_to_300
2045,1976280.943936204,173,P1_outputs_path_100_to_300
2046,2142272.985969768,173,P1_outputs_path_100_to_300
2047,2423379.88454453,173,P1_outputs_path_100_to_300
2048,2527537.0326695554,173,P1_outputs_path_100_to_300
2049,2488815.914138971,173,P1_outputs_path_100_to_300
2050,2414892.521087856,173,P1_outputs_path_100_to_300
2051,2134434.1505323984,173,P1_outputs_path_100_to_300
2052,1985251.9868986127,173,P1_outputs_path_100_to_300
2053,1991548.8232486409,173,P1_outputs_path_100_to_300
2054,2184865.589203042,173,P1_outputs_path_100_to_300
2055,2166063.783161071,173,P1_outputs_path_100_to_300
2056,2119733.2848787,173,P1_outputs_path_100_to_300
2057,2164518.526927672,173,P1_outputs_path_100_to_300
2058,2080468.5428674065,173,P1_outputs_path_100_to_300
2059,2213353.062741743,173,P1_outputs_path_100_to_300
2060,2171666.123819584,173,P1_outputs_path_100_to_300
2061,2202965.1617506817,173,P1_outputs_path_100_to_300
2062,2401346.1591433594,173,P1_outputs_path_100_to_300
2063,2539374.602050079,173,P1_outputs_path_100_to_300
2064,2735613.022191553,173,P1_outputs_path_100_to_300
2065,2784638.2411971395,173,P1_outputs_path_100_to_300
2066,2802223.915459343,173,P1_outputs_path_100_to_300
2067,2995239.9685170213,173,P1_outputs_path_100_to_300
2068,2814456.706146191,173,P1_outputs_path_100_to_300
2069,2719133.170513595,173,P1_outputs_path_100_to_300
2070,3070351.737067877,173,P1_outputs_path_100_to_300
2071,3162913.0095829987,173,P1_outputs_path_100_to_300
2072,3347293.714122143,173,P1_outputs_path_100_to_300
2073,3185801.9447720023,173,P1_outputs_path_100_to_300
2074,1381103.393050728,173,P1_outputs_path_100_to_300
2075,,173,P1_outputs_path_100_to_300
2025,0.0,174,P1_outputs_path_100_to_300
2026,66350.34176109574,174,P1_outputs_path_100_to_300
2027,126297.24415000192,174,P1_outputs_path_100_to_300
2028,176990.22742120794,174,P1_outputs_path_100_to_300
2029,223510.552394698,174,P1_outputs_path_100_to_300
2030,343264.7240812988,174,P1_outputs_path_100_to_300
2031,426160.3760470109,174,P1_outputs_path_100_to_300
2032,519146.50459866814,174,P1_outputs_path_100_to_300
2033,660906.8990833904,174,P1_outputs_path_100_to_300
2034,837389.8357763309,174,P1_outputs_path_100_to_300
2035,964914.8533966216,174,P1_outputs_path_100_to_300
2036,988163.3277694988,174,P1_outputs_path_100_to_300
2037,1286864.3712556,174,P1_outputs_path_100_to_300
2038,1589071.897070337,174,P1_outputs_path_100_to_300
2039,1761474.103235864,174,P1_outputs_path_100_to_300
2040,1612417.2866617874,174,P1_outputs_path_100_to_300
2041,1699191.887647796,174,P1_outputs_path_100_to_300
2042,1886873.941500388,174,P1_outputs_path_100_to_300
2043,1962055.03166056,174,P1_outputs_path_100_to_300
2044,1799287.28989623,174,P1_outputs_path_100_to_300
2045,1918070.3122389223,174,P1_outputs_path_100_to_300
2046,1894888.8400742155,174,P1_outputs_path_100_to_300
2047,1924851.8249910104,174,P1_outputs_path_100_to_300
2048,2049751.6744561803,174,P1_outputs_path_100_to_300
2049,2025189.6606843653,174,P1_outputs_path_100_to_300
2050,1977618.7148234467,174,P1_outputs_path_100_to_300
2051,2012669.450596795,174,P1_outputs_path_100_to_300
2052,2002672.7162250527,174,P1_outputs_path_100_to_300
2053,2197756.832530952,174,P1_outputs_path_100_to_300
2054,2321873.716056687,174,P1_outputs_path_100_to_300
2055,2506922.6317485883,174,P1_outputs_path_100_to_300
2056,2588894.366590713,174,P1_outputs_path_100_to_300
2057,2780136.866156248,174,P1_outputs_path_100_to_300
2058,2811281.603677175,174,P1_outputs_path_100_to_300
2059,2780916.4082325776,174,P1_outputs_path_100_to_300
2060,2812065.5343707283,174,P1_outputs_path_100_to_300
2061,2953800.504344265,174,P1_outputs_path_100_to_300
2062,2894127.8946898505,174,P1_outputs_path_100_to_300
2063,3045746.53861578,174,P1_outputs_path_100_to_300
2064,2987174.829285096,174,P1_outputs_path_100_to_300
2065,3117577.8783415435,174,P1_outputs_path_100_to_300
2066,3277304.001686125,174,P1_outputs_path_100_to_300
2067,3295548.639645869,174,P1_outputs_path_100_to_300
2068,3466707.354730322,174,P1_outputs_path_100_to_300
2069,3530499.685037727,174,P1_outputs_path_100_to_300
2070,3507979.61338264,174,P1_outputs_path_100_to_300
2071,3695454.499316063,174,P1_outputs_path_100_to_300
2072,3753708.126409455,174,P1_outputs_path_100_to_300
2073,3912427.1545589166,174,P1_outputs_path_100_to_300
2074,2023018.4757153704,174,P1_outputs_path_100_to_300
2075,,174,P1_outputs_path_100_to_300
2025,0.0,175,P1_outputs_path_100_to_300
2026,46062.28096919898,175,P1_outputs_path_100_to_300
2027,108520.7476315122,175,P1_outputs_path_100_to_300
2028,164052.190635395,175,P1_outputs_path_100_to_300
2029,288038.34860076307,175,P1_outputs_path_100_to_300
2030,281358.08023420133,175,P1_outputs_path_100_to_300
2031,457324.5549787916,175,P1_outputs_path_100_to_300
2032,590560.508207344,175,P1_outputs_path_100_to_300
2033,611434.9976483928,175,P1_outputs_path_100_to_300
2034,719758.0689792405,175,P1_outputs_path_100_to_300
2035,841219.0286983283,175,P1_outputs_path_100_to_300
2036,999234.994680726,175,P1_outputs_path_100_to_300
2037,1154298.3588139429,175,P1_outputs_path_100_to_300
2038,1294859.1834642342,175,P1_outputs_path_100_to_300
2039,1085702.0861126196,175,P1_outputs_path_100_to_300
2040,1249656.749181563,175,P1_outputs_path_100_to_300
2041,1505538.396068921,175,P1_outputs_path_100_to_300
2042,1514160.7920877538,175,P1_outputs_path_100_to_300
2043,1530099.3211055086,175,P1_outputs_path_100_to_300
2044,1371526.9792258688,175,P1_outputs_path_100_to_300
2045,1459581.4221500535,175,P1_outputs_path_100_to_300
2046,1353711.010983979,175,P1_outputs_path_100_to_300
2047,1494193.4484660646,175,P1_outputs_path_100_to_300
2048,1719552.9478155766,175,P1_outputs_path_100_to_300
2049,1846758.6253909497,175,P1_outputs_path_100_to_300
2050,1765369.3065384226,175,P1_outputs_path_100_to_300
2051,1792958.15870508,175,P1_outputs_path_100_to_300
2052,2178319.3005942227,175,P1_outputs_path_100_to_300
2053,2036444.0303498104,175,P1_outputs_path_100_to_300
2054,2063868.8871893748,175,P1_outputs_path_100_to_300
2055,2184983.75978996,175,P1_outputs_path_100_to_300
2056,2257807.787050834,175,P1_outputs_path_100_to_300
2057,2249861.7806374934,175,P1_outputs_path_100_to_300
2058,2214189.074096821,175,P1_outputs_path_100_to_300
2059,2362619.576986317,175,P1_outputs_path_100_to_300
2060,2412143.9005078133,175,P1_outputs_path_100_to_300
2061,2410572.658658632,175,P1_outputs_path_100_to_300
2062,2498558.9361179685,175,P1_outputs_path_100_to_300
2063,2697291.242345432,175,P1_outputs_path_100_to_300
2064,2610495.7910756264,175,P1_outputs_path_100_to_300
2065,2765350.962645922,175,P1_outputs_path_100_to_300
2066,2899953.565661735,175,P1_outputs_path_100_to_300
2067,3113168.1210550764,175,P1_outputs_path_100_to_300
2068,3029976.925740584,175,P1_outputs_path_100_to_300
2069,3085469.7203334994,175,P1_outputs_path_100_to_300
2070,3431859.5583843235,175,P1_outputs_path_100_to_300
2071,3332709.5199257024,175,P1_outputs_path_100_to_300
2072,3230358.5270287865,175,P1_outputs_path_100_to_300
2073,3122292.913034193,175,P1_outputs_path_100_to_300
2074,1551606.314722516,175,P1_outputs_path_100_to_300
2075,,175,P1_outputs_path_100_to_300
2025,0.0,176,P1_outputs_path_100_to_300
2026,61766.860541366696,176,P1_outputs_path_100_to_300
2027,114527.36054170477,176,P1_outputs_path_100_to_300
2028,173414.39100439852,176,P1_outputs_path_100_to_300
2029,223965.25697027432,176,P1_outputs_path_100_to_300
2030,276113.96866290027,176,P1_outputs_path_100_to_300
2031,396484.2100099299,176,P1_outputs_path_100_to_300
2032,477179.8848750072,176,P1_outputs_path_100_to_300
2033,528568.9994109843,176,P1_outputs_path_100_to_300
2034,478519.6074566002,176,P1_outputs_path_100_to_300
2035,554662.6796584732,176,P1_outputs_path_100_to_300
2036,742005.0041145147,176,P1_outputs_path_100_to_300
2037,902413.2211503164,176,P1_outputs_path_100_to_300
2038,975785.8045163524,176,P1_outputs_path_100_to_300
2039,994301.921231108,176,P1_outputs_path_100_to_300
2040,951032.5170624228,176,P1_outputs_path_100_to_300
2041,1067335.999826609,176,P1_outputs_path_100_to_300
2042,1117867.3114793077,176,P1_outputs_path_100_to_300
2043,1031558.421191447,176,P1_outputs_path_100_to_300
2044,1066470.9278998578,176,P1_outputs_path_100_to_300
2045,1186927.9887481842,176,P1_outputs_path_100_to_300
2046,1529387.7085766783,176,P1_outputs_path_100_to_300
2047,1589816.6757587723,176,P1_outputs_path_100_to_300
2048,1661945.7023764555,176,P1_outputs_path_100_to_300
2049,1668409.2623611735,176,P1_outputs_path_100_to_300
2050,1773866.8252438423,176,P1_outputs_path_100_to_300
2051,1869814.627514104,176,P1_outputs_path_100_to_300
2052,1889176.4947804755,176,P1_outputs_path_100_to_300
2053,2005451.863055239,176,P1_outputs_path_100_to_300
2054,2209158.915147422,176,P1_outputs_path_100_to_300
2055,2242473.5762758763,176,P1_outputs_path_100_to_300
2056,2454872.697007398,176,P1_outputs_path_100_to_300
2057,2500966.663782864,176,P1_outputs_path_100_to_300
2058,2559147.749073965,176,P1_outputs_path_100_to_300
2059,2537866.6526406887,176,P1_outputs_path_100_to_300
2060,2700393.154063436,176,P1_outputs_path_100_to_300
2061,2841644.838561177,176,P1_outputs_path_100_to_300
2062,3010009.9398773937,176,P1_outputs_path_100_to_300
2063,3012349.6534245275,176,P1_outputs_path_100_to_300
2064,3149452.340855024,176,P1_outputs_path_100_to_300
2065,3241858.462820632,176,P1_outputs_path_100_to_300
2066,3302531.3043757034,176,P1_outputs_path_100_to_300
2067,3193934.587108587,176,P1_outputs_path_100_to_300
2068,3376682.1480731927,176,P1_outputs_path_100_to_300
2069,3402236.5560996467,176,P1_outputs_path_100_to_300
2070,3568445.324811201,176,P1_outputs_path_100_to_300
2071,3391186.482782478,176,P1_outputs_path_100_to_300
2072,3314468.3212344707,176,P1_outputs_path_100_to_300
2073,3242939.3822598783,176,P1_outputs_path_100_to_300
2074,1361723.726639909,176,P1_outputs_path_100_to_300
2075,,176,P1_outputs_path_100_to_300
2025,0.0,177,P1_outputs_path_100_to_300
2026,64102.550954181206,177,P1_outputs_path_100_to_300
2027,114494.45275962703,177,P1_outputs_path_100_to_300
2028,147395.35550206227,177,P1_outputs_path_100_to_300
2029,226389.1802154944,177,P1_outputs_path_100_to_300
2030,295204.4663877216,177,P1_outputs_path_100_to_300
2031,390023.8621780733,177,P1_outputs_path_100_to_300
2032,418112.5460255271,177,P1_outputs_path_100_to_300
2033,474844.9854117547,177,P1_outputs_path_100_to_300
2034,493045.05772225145,177,P1_outputs_path_100_to_300
2035,530224.0189590706,177,P1_outputs_path_100_to_300
2036,479629.3554201804,177,P1_outputs_path_100_to_300
2037,503075.1442564336,177,P1_outputs_path_100_to_300
2038,658621.8067441091,177,P1_outputs_path_100_to_300
2039,624083.2868733988,177,P1_outputs_path_100_to_300
2040,659184.5859316121,177,P1_outputs_path_100_to_300
2041,731636.0228167962,177,P1_outputs_path_100_to_300
2042,828190.5878458616,177,P1_outputs_path_100_to_300
2043,945161.0001277956,177,P1_outputs_path_100_to_300
2044,907729.9251994134,177,P1_outputs_path_100_to_300
2045,905464.1681264456,177,P1_outputs_path_100_to_300
2046,905266.114822371,177,P1_outputs_path_100_to_300
2047,951405.1189638,177,P1_outputs_path_100_to_300
2048,953208.8178671316,177,P1_outputs_path_100_to_300
2049,1056959.1751834769,177,P1_outputs_path_100_to_300
2050,1238107.3299380802,177,P1_outputs_path_100_to_300
2051,1276247.6741464834,177,P1_outputs_path_100_to_300
2052,1248231.9501717926,177,P1_outputs_path_100_to_300
2053,1268170.26441655,177,P1_outputs_path_100_to_300
2054,1099447.0200220307,177,P1_outputs_path_100_to_300
2055,1289960.089248858,177,P1_outputs_path_100_to_300
2056,1484080.674507099,177,P1_outputs_path_100_to_300
2057,1738317.335110824,177,P1_outputs_path_100_to_300
2058,1612600.6862486058,177,P1_outputs_path_100_to_300
2059,1664895.8222447466,177,P1_outputs_path_100_to_300
2060,1826336.8620738564,177,P1_outputs_path_100_to_300
2061,2075247.1180204065,177,P1_outputs_path_100_to_300
2062,2229539.265252099,177,P1_outputs_path_100_to_300
2063,2407225.058653384,177,P1_outputs_path_100_to_300
2064,2384356.4721518112,177,P1_outputs_path_100_to_300
2065,2464533.169474534,177,P1_outputs_path_100_to_300
2066,2498835.0659805154,177,P1_outputs_path_100_to_300
2067,2552371.66699595,177,P1_outputs_path_100_to_300
2068,2517588.7542043384,177,P1_outputs_path_100_to_300
2069,2457089.095358236,177,P1_outputs_path_100_to_300
2070,2569927.239478696,177,P1_outputs_path_100_to_300
2071,2791285.0364550925,177,P1_outputs_path_100_to_300
2072,2892732.2012024703,177,P1_outputs_path_100_to_300
2073,2826040.726754406,177,P1_outputs_path_100_to_300
2074,748596.225416126,177,P1_outputs_path_100_to_300
2075,,177,P1_outputs_path_100_to_300
2025,0.0,178,P1_outputs_path_100_to_300
2026,53533.367630038425,178,P1_outputs_path_100_to_300
2027,113278.75922501476,178,P1_outputs_path_100_to_300
2028,197797.798827412,178,P1_outputs_path_100_to_300
2029,271122.7458341436,178,P1_outputs_path_100_to_300
2030,351522.54998708697,178,P1_outputs_path_100_to_300
2031,508807.620303505,178,P1_outputs_path_100_to_300
2032,621678.141271703,178,P1_outputs_path_100_to_300
2033,694020.0546955953,178,P1_outputs_path_100_to_300
2034,799065.2316440869,178,P1_outputs_path_100_to_300
2035,908075.9880305936,178,P1_outputs_path_100_to_300
2036,1003288.0757336764,178,P1_outputs_path_100_to_300
2037,1235112.2731496275,178,P1_outputs_path_100_to_300
2038,1353840.105995478,178,P1_outputs_path_100_to_300
2039,1884837.600271098,178,P1_outputs_path_100_to_300
2040,2137544.598334029,178,P1_outputs_path_100_to_300
2041,2210195.6970600598,178,P1_outputs_path_100_to_300
2042,2176461.6690344284,178,P1_outputs_path_100_to_300
2043,2025545.7727664644,178,P1_outputs_path_100_to_300
2044,2091662.7769474671,178,P1_outputs_path_100_to_300
2045,2133936.880585726,178,P1_outputs_path_100_to_300
2046,1980387.546223692,178,P1_outputs_path_100_to_300
2047,2082443.8081322864,178,P1_outputs_path_100_to_300
2048,2133788.288331584,178,P1_outputs_path_100_to_300
2049,2313203.3145547463,178,P1_outputs_path_100_to_300
2050,2459802.207037783,178,P1_outputs_path_100_to_300
2051,2631115.472017019,178,P1_outputs_path_100_to_300
2052,2698257.284135824,178,P1_outputs_path_100_to_300
2053,2634053.6076782783,178,P1_outputs_path_100_to_300
2054,2663996.065280849,178,P1_outputs_path_100_to_300
2055,2796980.207842824,178,P1_outputs_path_100_to_300
2056,2774595.223123986,178,P1_outputs_path_100_to_300
2057,2796777.704254779,178,P1_outputs_path_100_to_300
2058,2744089.408240654,178,P1_outputs_path_100_to_300
2059,2623013.7956409897,178,P1_outputs_path_100_to_300
2060,2638510.704817606,178,P1_outputs_path_100_to_300
2061,2781645.208975089,178,P1_outputs_path_100_to_300
2062,2935478.0080608623,178,P1_outputs_path_100_to_300
2063,2988211.001289672,178,P1_outputs_path_100_to_300
2064,3074044.3660481223,178,P1_outputs_path_100_to_300
2065,3111789.161811569,178,P1_outputs_path_100_to_300
2066,3239042.13102325,178,P1_outputs_path_100_to_300
2067,3167196.633941793,178,P1_outputs_path_100_to_300
2068,3093795.2381124333,178,P1_outputs_path_100_to_300
2069,3148545.5069118533,178,P1_outputs_path_100_to_300
2070,3119294.7111152387,178,P1_outputs_path_100_to_300
2071,3418219.721503111,178,P1_outputs_path_100_to_300
2072,3382659.724556512,178,P1_outputs_path_100_to_300
2073,3740563.843489976,178,P1_outputs_path_100_to_300
2074,1726013.7961906374,178,P1_outputs_path_100_to_300
2075,,178,P1_outputs_path_100_to_300
2025,0.0,179,P1_outputs_path_100_to_300
2026,67294.87674108335,179,P1_outputs_path_100_to_300
2027,111284.62366050042,179,P1_outputs_path_100_to_300
2028,168183.67464069038,179,P1_outputs_path_100_to_300
2029,259913.67962863017,179,P1_outputs_path_100_to_300
2030,348339.9067344862,179,P1_outputs_path_100_to_300
2031,549044.8389615804,179,P1_outputs_path_100_to_300
2032,693189.946950079,179,P1_outputs_path_100_to_300
2033,768460.7870495184,179,P1_outputs_path_100_to_300
2034,120272.4939838068,179,P1_outputs_path_100_to_300
2035,188038.63180308405,179,P1_outputs_path_100_to_300
2036,269930.133766545,179,P1_outputs_path_100_to_300
2037,305284.65546378953,179,P1_outputs_path_100_to_300
2038,403456.0237725173,179,P1_outputs_path_100_to_300
2039,401414.081927079,179,P1_outputs_path_100_to_300
2040,499828.2722534041,179,P1_outputs_path_100_to_300
2041,481177.4787579224,179,P1_outputs_path_100_to_300
2042,532231.2277672755,179,P1_outputs_path_100_to_300
2043,554847.4294108874,179,P1_outputs_path_100_to_300
2044,556649.0589986863,179,P1_outputs_path_100_to_300
2045,589861.3981539903,179,P1_outputs_path_100_to_300
2046,629267.9323868385,179,P1_outputs_path_100_to_300
2047,660761.0905705937,179,P1_outputs_path_100_to_300
2048,791054.9901314869,179,P1_outputs_path_100_to_300
2049,980006.796699921,179,P1_outputs_path_100_to_300
2050,1233995.971127469,179,P1_outputs_path_100_to_300
2051,1501202.3472930754,179,P1_outputs_path_100_to_300
2052,1315053.9044057203,179,P1_outputs_path_100_to_300
2053,1219352.225692599,179,P1_outputs_path_100_to_300
2054,1221755.9247303167,179,P1_outputs_path_100_to_300
2055,1319025.4576109082,179,P1_outputs_path_100_to_300
2056,1208703.883114281,179,P1_outputs_path_100_to_300
2057,1516106.4081059147,179,P1_outputs_path_100_to_300
2058,1927781.4242437056,179,P1_outputs_path_100_to_300
2059,1976939.0623391387,179,P1_outputs_path_100_to_300
2060,2016589.5309648216,179,P1_outputs_path_100_to_300
2061,2127605.475937617,179,P1_outputs_path_100_to_300
2062,2173034.611824558,179,P1_outputs_path_100_to_300
2063,2244067.121161776,179,P1_outputs_path_100_to_300
2064,2169501.460062595,179,P1_outputs_path_100_to_300
2065,2358424.378432852,179,P1_outputs_path_100_to_300
2066,2228604.2221258893,179,P1_outputs_path_100_to_300
2067,2301820.8583921683,179,P1_outputs_path_100_to_300
2068,2517932.362428687,179,P1_outputs_path_100_to_300
2069,2669957.119688333,179,P1_outputs_path_100_to_300
2070,2698920.119974545,179,P1_outputs_path_100_to_300
2071,2840356.1895459425,179,P1_outputs_path_100_to_300
2072,2994721.38141226,179,P1_outputs_path_100_to_300
2073,3349611.6718200794,179,P1_outputs_path_100_to_300
2074,1392671.8065776716,179,P1_outputs_path_100_to_300
2075,,179,P1_outputs_path_100_to_300
2025,0.0,180,P1_outputs_path_100_to_300
2026,64287.33324098245,180,P1_outputs_path_100_to_300
2027,110357.69679917308,180,P1_outputs_path_100_to_300
2028,167481.80177896534,180,P1_outputs_path_100_to_300
2029,223415.89160167973,180,P1_outputs_path_100_to_300
2030,415049.7806885785,180,P1_outputs_path_100_to_300
2031,424929.5256540105,180,P1_outputs_path_100_to_300
2032,431241.1204196685,180,P1_outputs_path_100_to_300
2033,508756.8656477485,180,P1_outputs_path_100_to_300
2034,612143.3112306107,180,P1_outputs_path_100_to_300
2035,514415.1556739765,180,P1_outputs_path_100_to_300
2036,603857.5712193459,180,P1_outputs_path_100_to_300
2037,767227.2341570741,180,P1_outputs_path_100_to_300
2038,933529.7771604632,180,P1_outputs_path_100_to_300
2039,1088689.4527836996,180,P1_outputs_path_100_to_300
2040,1172564.6362002546,180,P1_outputs_path_100_to_300
2041,1007447.1370471268,180,P1_outputs_path_100_to_300
2042,1199352.171219848,180,P1_outputs_path_100_to_300
2043,1351936.105050672,180,P1_outputs_path_100_to_300
2044,1502516.8327652735,180,P1_outputs_path_100_to_300
2045,1614060.162166071,180,P1_outputs_path_100_to_300
2046,1872217.052655242,180,P1_outputs_path_100_to_300
2047,2074273.862267964,180,P1_outputs_path_100_to_300
2048,2063155.4680078276,180,P1_outputs_path_100_to_300
2049,1995915.880630895,180,P1_outputs_path_100_to_300
2050,1991972.1685066556,180,P1_outputs_path_100_to_300
2051,2029544.0956834632,180,P1_outputs_path_100_to_300
2052,2007477.670176763,180,P1_outputs_path_100_to_300
2053,2115136.7379279598,180,P1_outputs_path_100_to_300
2054,2054779.627518168,180,P1_outputs_path_100_to_300
2055,2048067.0420854527,180,P1_outputs_path_100_to_300
2056,2178855.539237775,180,P1_outputs_path_100_to_300
2057,2155983.682060995,180,P1_outputs_path_100_to_300
2058,2226286.967402772,180,P1_outputs_path_100_to_300
2059,2227433.3069764976,180,P1_outputs_path_100_to_300
2060,2327116.902485615,180,P1_outputs_path_100_to_300
2061,2436259.470365975,180,P1_outputs_path_100_to_300
2062,2543689.872921984,180,P1_outputs_path_100_to_300
2063,2797540.6920521227,180,P1_outputs_path_100_to_300
2064,2952073.488703934,180,P1_outputs_path_100_to_300
2065,3059666.9267751053,180,P1_outputs_path_100_to_300
2066,3071637.608296367,180,P1_outputs_path_100_to_300
2067,3213046.2892582463,180,P1_outputs_path_100_to_300
2068,3224977.2717211028,180,P1_outputs_path_100_to_300
2069,3332091.447877816,180,P1_outputs_path_100_to_300
2070,3361160.0379655794,180,P1_outputs_path_100_to_300
2071,3220006.5931120315,180,P1_outputs_path_100_to_300
2072,3367267.024487248,180,P1_outputs_path_100_to_300
2073,3201438.32651208,180,P1_outputs_path_100_to_300
2074,1444097.020220894,180,P1_outputs_path_100_to_300
2075,,180,P1_outputs_path_100_to_300
2025,0.0,181,P1_outputs_path_100_to_300
2026,65750.809509792,181,P1_outputs_path_100_to_300
2027,123690.22373371504,181,P1_outputs_path_100_to_300
2028,201687.6561978702,181,P1_outputs_path_100_to_300
2029,235942.42378564447,181,P1_outputs_path_100_to_300
2030,318464.4230036844,181,P1_outputs_path_100_to_300
2031,327785.99291488656,181,P1_outputs_path_100_to_300
2032,402246.4541892534,181,P1_outputs_path_100_to_300
2033,562280.013708199,181,P1_outputs_path_100_to_300
2034,577101.4327268027,181,P1_outputs_path_100_to_300
2035,587224.4525845138,181,P1_outputs_path_100_to_300
2036,685828.4466720595,181,P1_outputs_path_100_to_300
2037,810472.7834728304,181,P1_outputs_path_100_to_300
2038,1008812.2149283604,181,P1_outputs_path_100_to_300
2039,1063262.841025545,181,P1_outputs_path_100_to_300
2040,1224832.0931134063,181,P1_outputs_path_100_to_300
2041,1336735.2159785146,181,P1_outputs_path_100_to_300
2042,1344275.224016528,181,P1_outputs_path_100_to_300
2043,1558749.090185885,181,P1_outputs_path_100_to_300
2044,1770026.17641644,181,P1_outputs_path_100_to_300
2045,1846952.396952183,181,P1_outputs_path_100_to_300
2046,1774999.7770395356,181,P1_outputs_path_100_to_300
2047,1791500.91304866,181,P1_outputs_path_100_to_300
2048,2079192.7084755823,181,P1_outputs_path_100_to_300
2049,2072556.227716929,181,P1_outputs_path_100_to_300
2050,1977082.2879512885,181,P1_outputs_path_100_to_300
2051,2129287.1104809446,181,P1_outputs_path_100_to_300
2052,2258470.337972517,181,P1_outputs_path_100_to_300
2053,2201375.3328984957,181,P1_outputs_path_100_to_300
2054,2038653.0748118025,181,P1_outputs_path_100_to_300
2055,2083423.769009312,181,P1_outputs_path_100_to_300
2056,2231853.684637763,181,P1_outputs_path_100_to_300
2057,2206478.9162661848,181,P1_outputs_path_100_to_300
2058,2383117.343264052,181,P1_outputs_path_100_to_300
2059,2506100.296636803,181,P1_outputs_path_100_to_300
2060,2447505.896905486,181,P1_outputs_path_100_to_300
2061,2507123.392624423,181,P1_outputs_path_100_to_300
2062,2452817.090518737,181,P1_outputs_path_100_to_300
2063,2587618.4710284206,181,P1_outputs_path_100_to_300
2064,2675405.5018463945,181,P1_outputs_path_100_to_300
2065,2839268.833676781,181,P1_outputs_path_100_to_300
2066,2683298.8649346493,181,P1_outputs_path_100_to_300
2067,2657786.5982137043,181,P1_outputs_path_100_to_300
2068,2768882.482825678,181,P1_outputs_path_100_to_300
2069,2908499.808276447,181,P1_outputs_path_100_to_300
2070,3069373.119419196,181,P1_outputs_path_100_to_300
2071,3009419.518152781,181,P1_outputs_path_100_to_300
2072,3135455.7914683903,181,P1_outputs_path_100_to_300
2073,3353133.301436262,181,P1_outputs_path_100_to_300
2074,1433097.9804785552,181,P1_outputs_path_100_to_300
2075,,181,P1_outputs_path_100_to_300
2025,0.0,182,P1_outputs_path_100_to_300
2026,57775.63352059326,182,P1_outputs_path_100_to_300
2027,111989.39592270336,182,P1_outputs_path_100_to_300
2028,203586.93818779505,182,P1_outputs_path_100_to_300
2029,266825.06934307533,182,P1_outputs_path_100_to_300
2030,385668.9320301351,182,P1_outputs_path_100_to_300
2031,447487.4830677054,182,P1_outputs_path_100_to_300
2032,548579.7154029772,182,P1_outputs_path_100_to_300
2033,651790.2049555371,182,P1_outputs_path_100_to_300
2034,724402.6662312975,182,P1_outputs_path_100_to_300
2035,845550.3328373629,182,P1_outputs_path_100_to_300
2036,1005639.8416156912,182,P1_outputs_path_100_to_300
2037,1217233.3075134414,182,P1_outputs_path_100_to_300
2038,1457337.9970221182,182,P1_outputs_path_100_to_300
2039,1494346.9868899975,182,P1_outputs_path_100_to_300
2040,1469168.7856959684,182,P1_outputs_path_100_to_300
2041,1542883.188382403,182,P1_outputs_path_100_to_300
2042,1764628.082740168,182,P1_outputs_path_100_to_300
2043,1979517.3823335103,182,P1_outputs_path_100_to_300
2044,1706022.1286416051,182,P1_outputs_path_100_to_300
2045,1756603.1069670634,182,P1_outputs_path_100_to_300
2046,1902412.015085923,182,P1_outputs_path_100_to_300
2047,1936527.0617632736,182,P1_outputs_path_100_to_300
2048,1941675.829928444,182,P1_outputs_path_100_to_300
2049,2062781.453090806,182,P1_outputs_path_100_to_300
2050,2237918.067091685,182,P1_outputs_path_100_to_300
2051,2322570.398982705,182,P1_outputs_path_100_to_300
2052,2246689.120890588,182,P1_outputs_path_100_to_300
2053,2191004.4828568506,182,P1_outputs_path_100_to_300
2054,2185648.783319443,182,P1_outputs_path_100_to_300
2055,2208760.731171217,182,P1_outputs_path_100_to_300
2056,2365523.118350752,182,P1_outputs_path_100_to_300
2057,2608596.3417744003,182,P1_outputs_path_100_to_300
2058,2512632.0174243804,182,P1_outputs_path_100_to_300
2059,2411299.384335661,182,P1_outputs_path_100_to_300
2060,2434680.872525518,182,P1_outputs_path_100_to_300
2061,2635614.540406992,182,P1_outputs_path_100_to_300
2062,2616004.845939082,182,P1_outputs_path_100_to_300
2063,2611020.4717378486,182,P1_outputs_path_100_to_300
2064,2441025.2046848,182,P1_outputs_path_100_to_300
2065,2443185.721595793,182,P1_outputs_path_100_to_300
2066,2593285.330384566,182,P1_outputs_path_100_to_300
2067,2600252.712392731,182,P1_outputs_path_100_to_300
2068,2508704.287684698,182,P1_outputs_path_100_to_300
2069,2584211.038057412,182,P1_outputs_path_100_to_300
2070,2641362.4256178434,182,P1_outputs_path_100_to_300
2071,2829660.877733443,182,P1_outputs_path_100_to_300
2072,2988907.6419119863,182,P1_outputs_path_100_to_300
2073,3039237.3735064343,182,P1_outputs_path_100_to_300
2074,1341905.4200467684,182,P1_outputs_path_100_to_300
2075,,182,P1_outputs_path_100_to_300
2025,0.0,183,P1_outputs_path_100_to_300
2026,60006.98893844739,183,P1_outputs_path_100_to_300
2027,111826.62150527508,183,P1_outputs_path_100_to_300
2028,162182.9814537841,183,P1_outputs_path_100_to_300
2029,259812.21987527533,183,P1_outputs_path_100_to_300
2030,351922.6428196279,183,P1_outputs_path_100_to_300
2031,460352.0628377674,183,P1_outputs_path_100_to_300
2032,573425.177303851,183,P1_outputs_path_100_to_300
2033,766735.530735217,183,P1_outputs_path_100_to_300
2034,116722.56019350246,183,P1_outputs_path_100_to_300
2035,204005.63489126292,183,P1_outputs_path_100_to_300
2036,266291.6892398902,183,P1_outputs_path_100_to_300
2037,316940.0286762411,183,P1_outputs_path_100_to_300
2038,432594.9598088093,183,P1_outputs_path_100_to_300
2039,599431.7913145791,183,P1_outputs_path_100_to_300
2040,770368.0129325711,183,P1_outputs_path_100_to_300
2041,921563.433692458,183,P1_outputs_path_100_to_300
2042,1094910.1711797332,183,P1_outputs_path_100_to_300
2043,1037657.6731386308,183,P1_outputs_path_100_to_300
2044,952703.670036464,183,P1_outputs_path_100_to_300
2045,951310.0508735428,183,P1_outputs_path_100_to_300
2046,1288601.68863254,183,P1_outputs_path_100_to_300
2047,1523781.923842152,183,P1_outputs_path_100_to_300
2048,1626221.0983957371,183,P1_outputs_path_100_to_300
2049,1710907.1043158006,183,P1_outputs_path_100_to_300
2050,1665859.3824312366,183,P1_outputs_path_100_to_300
2051,1898943.0097315805,183,P1_outputs_path_100_to_300
2052,2005513.821767024,183,P1_outputs_path_100_to_300
2053,2081960.1320599671,183,P1_outputs_path_100_to_300
2054,2231163.3416929566,183,P1_outputs_path_100_to_300
2055,2341133.8801615643,183,P1_outputs_path_100_to_300
2056,2441329.1925439434,183,P1_outputs_path_100_to_300
2057,2427379.086503173,183,P1_outputs_path_100_to_300
2058,2499124.944771606,183,P1_outputs_path_100_to_300
2059,2599399.7795771207,183,P1_outputs_path_100_to_300
2060,2354501.203274366,183,P1_outputs_path_100_to_300
2061,2238714.7598847607,183,P1_outputs_path_100_to_300
2062,2250475.1759478087,183,P1_outputs_path_100_to_300
2063,2390861.4371814067,183,P1_outputs_path_100_to_300
2064,2596966.625929783,183,P1_outputs_path_100_to_300
2065,2797809.050406656,183,P1_outputs_path_100_to_300
2066,2890704.977375641,183,P1_outputs_path_100_to_300
2067,2938691.653595168,183,P1_outputs_path_100_to_300
2068,2969852.079001354,183,P1_outputs_path_100_to_300
2069,3186541.4831533446,183,P1_outputs_path_100_to_300
2070,3212844.721028118,183,P1_outputs_path_100_to_300
2071,3385142.9834869043,183,P1_outputs_path_100_to_300
2072,3393862.125359764,183,P1_outputs_path_100_to_300
2073,3328452.539793946,183,P1_outputs_path_100_to_300
2074,1476846.6652006914,183,P1_outputs_path_100_to_300
2075,,183,P1_outputs_path_100_to_300
2025,0.0,184,P1_outputs_path_100_to_300
2026,84004.69233723098,184,P1_outputs_path_100_to_300
2027,156959.5877688136,184,P1_outputs_path_100_to_300
2028,223625.26405689583,184,P1_outputs_path_100_to_300
2029,345103.37068888586,184,P1_outputs_path_100_to_300
2030,449657.9004343806,184,P1_outputs_path_100_to_300
2031,601886.742414624,184,P1_outputs_path_100_to_300
2032,746495.0379984459,184,P1_outputs_path_100_to_300
2033,812565.4727079084,184,P1_outputs_path_100_to_300
2034,164261.9210553344,184,P1_outputs_path_100_to_300
2035,209056.38895261093,184,P1_outputs_path_100_to_300
2036,260801.732667246,184,P1_outputs_path_100_to_300
2037,393765.78384631366,184,P1_outputs_path_100_to_300
2038,503994.9351708167,184,P1_outputs_path_100_to_300
2039,628449.4960055011,184,P1_outputs_path_100_to_300
2040,895762.9131674218,184,P1_outputs_path_100_to_300
2041,1118715.6020828865,184,P1_outputs_path_100_to_300
2042,1156409.5164184566,184,P1_outputs_path_100_to_300
2043,1083247.0094437504,184,P1_outputs_path_100_to_300
2044,968072.5941036524,184,P1_outputs_path_100_to_300
2045,1003576.550181126,184,P1_outputs_path_100_to_300
2046,1273007.4849863693,184,P1_outputs_path_100_to_300
2047,1401659.6419951986,184,P1_outputs_path_100_to_300
2048,1359597.8621529774,184,P1_outputs_path_100_to_300
2049,1836196.7273499616,184,P1_outputs_path_100_to_300
2050,2092604.9365188477,184,P1_outputs_path_100_to_300
2051,2206318.355348546,184,P1_outputs_path_100_to_300
2052,2299382.54830648,184,P1_outputs_path_100_to_300
2053,2435573.7013094947,184,P1_outputs_path_100_to_300
2054,2391782.3042410943,184,P1_outputs_path_100_to_300
2055,2532924.786114678,184,P1_outputs_path_100_to_300
2056,2530981.555058137,184,P1_outputs_path_100_to_300
2057,2644906.301463745,184,P1_outputs_path_100_to_300
2058,2732504.8620517445,184,P1_outputs_path_100_to_300
2059,2918207.219528565,184,P1_outputs_path_100_to_300
2060,3209163.506316344,184,P1_outputs_path_100_to_300
2061,3391829.300280394,184,P1_outputs_path_100_to_300
2062,3512579.2223100746,184,P1_outputs_path_100_to_300
2063,3623742.512887591,184,P1_outputs_path_100_to_300
2064,3447116.602233723,184,P1_outputs_path_100_to_300
2065,3366047.337052983,184,P1_outputs_path_100_to_300
2066,3243498.3379862355,184,P1_outputs_path_100_to_300
2067,3303590.8158771764,184,P1_outputs_path_100_to_300
2068,3239597.9063833994,184,P1_outputs_path_100_to_300
2069,2979273.434664483,184,P1_outputs_path_100_to_300
2070,2942253.5809479635,184,P1_outputs_path_100_to_300
2071,2938918.31204984,184,P1_outputs_path_100_to_300
2072,2911184.243684473,184,P1_outputs_path_100_to_300
2073,2852582.1664931867,184,P1_outputs_path_100_to_300
2074,927247.8731504356,184,P1_outputs_path_100_to_300
2075,,184,P1_outputs_path_100_to_300
2025,0.0,185,P1_outputs_path_100_to_300
2026,72012.55733539736,185,P1_outputs_path_100_to_300
2027,131607.6159672618,185,P1_outputs_path_100_to_300
2028,202050.5348503378,185,P1_outputs_path_100_to_300
2029,315694.56829374924,185,P1_outputs_path_100_to_300
2030,410704.7783173848,185,P1_outputs_path_100_to_300
2031,453696.6974014204,185,P1_outputs_path_100_to_300
2032,615326.1119086588,185,P1_outputs_path_100_to_300
2033,685483.5844276033,185,P1_outputs_path_100_to_300
2034,51299.418232168886,185,P1_outputs_path_100_to_300
2035,104984.26928917792,185,P1_outputs_path_100_to_300
2036,182675.4553205854,185,P1_outputs_path_100_to_300
2037,286371.59040736774,185,P1_outputs_path_100_to_300
2038,338883.78356153524,185,P1_outputs_path_100_to_300
2039,470917.0322203421,185,P1_outputs_path_100_to_300
2040,593143.9053757736,185,P1_outputs_path_100_to_300
2041,696318.7563580209,185,P1_outputs_path_100_to_300
2042,824894.9939065825,185,P1_outputs_path_100_to_300
2043,852645.0267375394,185,P1_outputs_path_100_to_300
2044,892038.5681045492,185,P1_outputs_path_100_to_300
2045,1010400.4669593116,185,P1_outputs_path_100_to_300
2046,1089333.6021919271,185,P1_outputs_path_100_to_300
2047,1369796.0065211707,185,P1_outputs_path_100_to_300
2048,1582861.6358944215,185,P1_outputs_path_100_to_300
2049,1784902.3545952549,185,P1_outputs_path_100_to_300
2050,1866465.202410096,185,P1_outputs_path_100_to_300
2051,2085579.4714817984,185,P1_outputs_path_100_to_300
2052,2245145.515263559,185,P1_outputs_path_100_to_300
2053,2262007.577361922,185,P1_outputs_path_100_to_300
2054,2391702.7722812616,185,P1_outputs_path_100_to_300
2055,2533755.7162361047,185,P1_outputs_path_100_to_300
2056,2600840.060023197,185,P1_outputs_path_100_to_300
2057,2711101.861868996,185,P1_outputs_path_100_to_300
2058,2659813.710742146,185,P1_outputs_path_100_to_300
2059,2703656.86937812,185,P1_outputs_path_100_to_300
2060,2871101.2167168707,185,P1_outputs_path_100_to_300
2061,2796931.220726193,185,P1_outputs_path_100_to_300
2062,2975956.096027159,185,P1_outputs_path_100_to_300
2063,3160881.449213619,185,P1_outputs_path_100_to_300
2064,3090509.17607852,185,P1_outputs_path_100_to_300
2065,3227289.540136393,185,P1_outputs_path_100_to_300
2066,2948581.9127409887,185,P1_outputs_path_100_to_300
2067,3030547.8274268005,185,P1_outputs_path_100_to_300
2068,3193482.702464713,185,P1_outputs_path_100_to_300
2069,3274975.556192385,185,P1_outputs_path_100_to_300
2070,3338642.620775489,185,P1_outputs_path_100_to_300
2071,3367907.486026399,185,P1_outputs_path_100_to_300
2072,3502944.8903703904,185,P1_outputs_path_100_to_300
2073,3617531.477973418,185,P1_outputs_path_100_to_300
2074,1615350.9743447213,185,P1_outputs_path_100_to_300
2075,,185,P1_outputs_path_100_to_300
2025,0.0,186,P1_outputs_path_100_to_300
2026,66933.7282326023,186,P1_outputs_path_100_to_300
2027,111109.61832641,186,P1_outputs_path_100_to_300
2028,193797.54965641556,186,P1_outputs_path_100_to_300
2029,251258.4413610063,186,P1_outputs_path_100_to_300
2030,385514.63391608605,186,P1_outputs_path_100_to_300
2031,418080.22441747104,186,P1_outputs_path_100_to_300
2032,395833.3923089155,186,P1_outputs_path_100_to_300
2033,335652.72760386585,186,P1_outputs_path_100_to_300
2034,382992.4672997538,186,P1_outputs_path_100_to_300
2035,446687.74728578015,186,P1_outputs_path_100_to_300
2036,420014.8769879065,186,P1_outputs_path_100_to_300
2037,454743.7557697395,186,P1_outputs_path_100_to_300
2038,605716.9937609205,186,P1_outputs_path_100_to_300
2039,760668.2740888568,186,P1_outputs_path_100_to_300
2040,944248.7754532844,186,P1_outputs_path_100_to_300
2041,894396.4267225111,186,P1_outputs_path_100_to_300
2042,822257.5735170317,186,P1_outputs_path_100_to_300
2043,919259.2206693278,186,P1_outputs_path_100_to_300
2044,926843.2980215407,186,P1_outputs_path_100_to_300
2045,1258837.5831115232,186,P1_outputs_path_100_to_300
2046,1472058.2619325933,186,P1_outputs_path_100_to_300
2047,1823779.320487683,186,P1_outputs_path_100_to_300
2048,2061784.089198836,186,P1_outputs_path_100_to_300
2049,2178219.7332951827,186,P1_outputs_path_100_to_300
2050,2316601.044261642,186,P1_outputs_path_100_to_300
2051,2417388.886063424,186,P1_outputs_path_100_to_300
2052,2454462.2868593577,186,P1_outputs_path_100_to_300
2053,2607834.812291244,186,P1_outputs_path_100_to_300
2054,2815232.320133926,186,P1_outputs_path_100_to_300
2055,2684259.0764527526,186,P1_outputs_path_100_to_300
2056,2854723.230118268,186,P1_outputs_path_100_to_300
2057,2862304.219137105,186,P1_outputs_path_100_to_300
2058,2791407.3588551823,186,P1_outputs_path_100_to_300
2059,2939241.680109428,186,P1_outputs_path_100_to_300
2060,2997020.487786663,186,P1_outputs_path_100_to_300
2061,3029282.484716524,186,P1_outputs_path_100_to_300
2062,3165257.1580003765,186,P1_outputs_path_100_to_300
2063,3237674.8641104484,186,P1_outputs_path_100_to_300
2064,3273699.8026434723,186,P1_outputs_path_100_to_300
2065,3434173.401581546,186,P1_outputs_path_100_to_300
2066,3511971.38363997,186,P1_outputs_path_100_to_300
2067,3322458.2948114583,186,P1_outputs_path_100_to_300
2068,3251768.571826337,186,P1_outputs_path_100_to_300
2069,3172718.637141101,186,P1_outputs_path_100_to_300
2070,3272262.335410714,186,P1_outputs_path_100_to_300
2071,3344183.741960144,186,P1_outputs_path_100_to_300
2072,3337496.647065585,186,P1_outputs_path_100_to_300
2073,3398903.2111613853,186,P1_outputs_path_100_to_300
2074,1703401.9411205978,186,P1_outputs_path_100_to_300
2075,,186,P1_outputs_path_100_to_300
2025,0.0,187,P1_outputs_path_100_to_300
2026,77619.9022368216,187,P1_outputs_path_100_to_300
2027,159038.69225368515,187,P1_outputs_path_100_to_300
2028,230034.19416469903,187,P1_outputs_path_100_to_300
2029,269448.7902192657,187,P1_outputs_path_100_to_300
2030,331688.0051195967,187,P1_outputs_path_100_to_300
2031,457076.3214556253,187,P1_outputs_path_100_to_300
2032,436034.4402862761,187,P1_outputs_path_100_to_300
2033,444116.1218450389,187,P1_outputs_path_100_to_300
2034,517078.308879179,187,P1_outputs_path_100_to_300
2035,629362.6149703843,187,P1_outputs_path_100_to_300
2036,707835.0908776412,187,P1_outputs_path_100_to_300
2037,746812.8939616726,187,P1_outputs_path_100_to_300
2038,860203.0877274831,187,P1_outputs_path_100_to_300
2039,976938.5251418628,187,P1_outputs_path_100_to_300
2040,1065683.0772798036,187,P1_outputs_path_100_to_300
2041,1328543.012086613,187,P1_outputs_path_100_to_300
2042,1516968.829005115,187,P1_outputs_path_100_to_300
2043,1741849.699149056,187,P1_outputs_path_100_to_300
2044,1834825.8853506588,187,P1_outputs_path_100_to_300
2045,1946386.404508165,187,P1_outputs_path_100_to_300
2046,1927728.8417851184,187,P1_outputs_path_100_to_300
2047,2025956.7893006408,187,P1_outputs_path_100_to_300
2048,2160330.6633326965,187,P1_outputs_path_100_to_300
2049,2258405.031949277,187,P1_outputs_path_100_to_300
2050,2410874.000648182,187,P1_outputs_path_100_to_300
2051,2674744.718865928,187,P1_outputs_path_100_to_300
2052,2611263.6320330515,187,P1_outputs_path_100_to_300
2053,2598932.471928109,187,P1_outputs_path_100_to_300
2054,2582192.0193514866,187,P1_outputs_path_100_to_300
2055,2708910.55330487,187,P1_outputs_path_100_to_300
2056,2590667.4661210235,187,P1_outputs_path_100_to_300
2057,2833183.5250633475,187,P1_outputs_path_100_to_300
2058,2990967.703788888,187,P1_outputs_path_100_to_300
2059,2801342.32825006,187,P1_outputs_path_100_to_300
2060,2962970.3189997138,187,P1_outputs_path_100_to_300
2061,3026350.085032588,187,P1_outputs_path_100_to_300
2062,3247961.6833745465,187,P1_outputs_path_100_to_300
2063,3422169.61992644,187,P1_outputs_path_100_to_300
2064,3089890.209677978,187,P1_outputs_path_100_to_300
2065,3177105.752327008,187,P1_outputs_path_100_to_300
2066,3290017.799875286,187,P1_outputs_path_100_to_300
2067,3352371.8018331146,187,P1_outputs_path_100_to_300
2068,3210765.200604292,187,P1_outputs_path_100_to_300
2069,3326517.6395487366,187,P1_outputs_path_100_to_300
2070,3549236.1861341274,187,P1_outputs_path_100_to_300
2071,3564240.6774786026,187,P1_outputs_path_100_to_300
2072,3800023.408492167,187,P1_outputs_path_100_to_300
2073,3950203.9005173543,187,P1_outputs_path_100_to_300
2074,2330916.7999227643,187,P1_outputs_path_100_to_300
2075,,187,P1_outputs_path_100_to_300
2025,0.0,188,P1_outputs_path_100_to_300
2026,67998.87638852287,188,P1_outputs_path_100_to_300
2027,125173.88193861514,188,P1_outputs_path_100_to_300
2028,183849.10048092785,188,P1_outputs_path_100_to_300
2029,216282.29941346525,188,P1_outputs_path_100_to_300
2030,234556.5106366193,188,P1_outputs_path_100_to_300
2031,298454.9194825323,188,P1_outputs_path_100_to_300
2032,315938.3898422932,188,P1_outputs_path_100_to_300
2033,356622.2281906421,188,P1_outputs_path_100_to_300
2034,550148.7636313043,188,P1_outputs_path_100_to_300
2035,613758.9522681799,188,P1_outputs_path_100_to_300
2036,615095.9801816326,188,P1_outputs_path_100_to_300
2037,638467.296172333,188,P1_outputs_path_100_to_300
2038,919434.7009899034,188,P1_outputs_path_100_to_300
2039,1015318.4069762576,188,P1_outputs_path_100_to_300
2040,1032814.5671510237,188,P1_outputs_path_100_to_300
2041,954947.1963967253,188,P1_outputs_path_100_to_300
2042,1117655.2509566147,188,P1_outputs_path_100_to_300
2043,1264182.7933707268,188,P1_outputs_path_100_to_300
2044,1299007.2056618915,188,P1_outputs_path_100_to_300
2045,1342125.9075227652,188,P1_outputs_path_100_to_300
2046,1292862.5022677854,188,P1_outputs_path_100_to_300
2047,1575529.136097995,188,P1_outputs_path_100_to_300
2048,1743374.542086761,188,P1_outputs_path_100_to_300
2049,1910937.5492036869,188,P1_outputs_path_100_to_300
2050,1996358.5691674207,188,P1_outputs_path_100_to_300
2051,2035788.327404004,188,P1_outputs_path_100_to_300
2052,1926001.5496062136,188,P1_outputs_path_100_to_300
2053,1936322.810440245,188,P1_outputs_path_100_to_300
2054,1988372.6385780512,188,P1_outputs_path_100_to_300
2055,2102750.2817845265,188,P1_outputs_path_100_to_300
2056,2207616.7458558814,188,P1_outputs_path_100_to_300
2057,2282601.28849159,188,P1_outputs_path_100_to_300
2058,2313351.0593879703,188,P1_outputs_path_100_to_300
2059,2322760.1391849294,188,P1_outputs_path_100_to_300
2060,2144151.004385568,188,P1_outputs_path_100_to_300
2061,2305729.3562951684,188,P1_outputs_path_100_to_300
2062,2442855.822807125,188,P1_outputs_path_100_to_300
2063,2513225.8353199577,188,P1_outputs_path_100_to_300
2064,2502030.8027903326,188,P1_outputs_path_100_to_300
2065,2774523.291016215,188,P1_outputs_path_100_to_300
2066,2781528.554568159,188,P1_outputs_path_100_to_300
2067,2940870.6516444464,188,P1_outputs_path_100_to_300
2068,2983836.415960137,188,P1_outputs_path_100_to_300
2069,3043745.337392719,188,P1_outputs_path_100_to_300
2070,3065719.198477033,188,P1_outputs_path_100_to_300
2071,3247879.6987717124,188,P1_outputs_path_100_to_300
2072,3477998.828682466,188,P1_outputs_path_100_to_300
2073,3325340.510766982,188,P1_outputs_path_100_to_300
2074,1645357.006558956,188,P1_outputs_path_100_to_300
2075,,188,P1_outputs_path_100_to_300
2025,0.0,189,P1_outputs_path_100_to_300
2026,74265.70309672687,189,P1_outputs_path_100_to_300
2027,137687.16170809913,189,P1_outputs_path_100_to_300
2028,160904.60146971006,189,P1_outputs_path_100_to_300
2029,201649.4468108722,189,P1_outputs_path_100_to_300
2030,256100.0499825398,189,P1_outputs_path_100_to_300
2031,301111.955023843,189,P1_outputs_path_100_to_300
2032,308560.15027675126,189,P1_outputs_path_100_to_300
2033,382774.0877266824,189,P1_outputs_path_100_to_300
2034,462717.2405684758,189,P1_outputs_path_100_to_300
2035,606683.686402617,189,P1_outputs_path_100_to_300
2036,638905.7215344905,189,P1_outputs_path_100_to_300
2037,751646.9677068738,189,P1_outputs_path_100_to_300
2038,878847.961000112,189,P1_outputs_path_100_to_300
2039,852281.911453403,189,P1_outputs_path_100_to_300
2040,1062256.981162249,189,P1_outputs_path_100_to_300
2041,1377172.7998663045,189,P1_outputs_path_100_to_300
2042,1593208.9513318674,189,P1_outputs_path_100_to_300
2043,1675643.8255818998,189,P1_outputs_path_100_to_300
2044,1690694.30114321,189,P1_outputs_path_100_to_300
2045,1695411.8397929023,189,P1_outputs_path_100_to_300
2046,1901799.1241424545,189,P1_outputs_path_100_to_300
2047,1865982.0140043488,189,P1_outputs_path_100_to_300
2048,1865042.411345529,189,P1_outputs_path_100_to_300
2049,2006077.1976520792,189,P1_outputs_path_100_to_300
2050,2006483.7451112468,189,P1_outputs_path_100_to_300
2051,1877335.6584046737,189,P1_outputs_path_100_to_300
2052,2041452.4899754175,189,P1_outputs_path_100_to_300
2053,2105183.8024999304,189,P1_outputs_path_100_to_300
2054,2283426.515232768,189,P1_outputs_path_100_to_300
2055,2100365.768717616,189,P1_outputs_path_100_to_300
2056,2087350.357587412,189,P1_outputs_path_100_to_300
2057,2330445.170970533,189,P1_outputs_path_100_to_300
2058,2445444.794433711,189,P1_outputs_path_100_to_300
2059,2361415.97569282,189,P1_outputs_path_100_to_300
2060,2492557.7754221675,189,P1_outputs_path_100_to_300
2061,2632748.584874525,189,P1_outputs_path_100_to_300
2062,2729890.642256718,189,P1_outputs_path_100_to_300
2063,2639269.3145223814,189,P1_outputs_path_100_to_300
2064,2696071.5473730573,189,P1_outputs_path_100_to_300
2065,2807710.544975076,189,P1_outputs_path_100_to_300
2066,2821763.5918908184,189,P1_outputs_path_100_to_300
2067,2887221.3123487183,189,P1_outputs_path_100_to_300
2068,2855051.363142668,189,P1_outputs_path_100_to_300
2069,2897659.477700504,189,P1_outputs_path_100_to_300
2070,2932432.6702220016,189,P1_outputs_path_100_to_300
2071,2970591.236589604,189,P1_outputs_path_100_to_300
2072,2956985.9739272664,189,P1_outputs_path_100_to_300
2073,3035620.162190196,189,P1_outputs_path_100_to_300
2074,1138672.9954160608,189,P1_outputs_path_100_to_300
2075,,189,P1_outputs_path_100_to_300
2025,0.0,190,P1_outputs_path_100_to_300
2026,73150.11313295228,190,P1_outputs_path_100_to_300
2027,122571.58250436586,190,P1_outputs_path_100_to_300
2028,178067.4350365947,190,P1_outputs_path_100_to_300
2029,247867.1014784484,190,P1_outputs_path_100_to_300
2030,330479.7282548017,190,P1_outputs_path_100_to_300
2031,398130.8885578309,190,P1_outputs_path_100_to_300
2032,441461.21913627465,190,P1_outputs_path_100_to_300
2033,526509.2660137829,190,P1_outputs_path_100_to_300
2034,655947.787254211,190,P1_outputs_path_100_to_300
2035,704688.1445329427,190,P1_outputs_path_100_to_300
2036,845839.3935009427,190,P1_outputs_path_100_to_300
2037,868087.4535357405,190,P1_outputs_path_100_to_300
2038,864199.1987453231,190,P1_outputs_path_100_to_300
2039,798906.5078578211,190,P1_outputs_path_100_to_300
2040,997219.7579609916,190,P1_outputs_path_100_to_300
2041,962717.866994116,190,P1_outputs_path_100_to_300
2042,1144509.48125133,190,P1_outputs_path_100_to_300
2043,1137853.2316614669,190,P1_outputs_path_100_to_300
2044,1081705.9508744888,190,P1_outputs_path_100_to_300
2045,1024478.7214150688,190,P1_outputs_path_100_to_300
2046,1088227.3760954654,190,P1_outputs_path_100_to_300
2047,1396085.140485006,190,P1_outputs_path_100_to_300
2048,1526578.6624525338,190,P1_outputs_path_100_to_300
2049,1244653.797010726,190,P1_outputs_path_100_to_300
2050,1107950.5069135174,190,P1_outputs_path_100_to_300
2051,1087465.5722396644,190,P1_outputs_path_100_to_300
2052,1177348.8114080457,190,P1_outputs_path_100_to_300
2053,1246257.520349688,190,P1_outputs_path_100_to_300
2054,1319270.3520151302,190,P1_outputs_path_100_to_300
2055,1479573.838992212,190,P1_outputs_path_100_to_300
2056,1342251.9855525657,190,P1_outputs_path_100_to_300
2057,1541403.9224987358,190,P1_outputs_path_100_to_300
2058,1522408.2421092738,190,P1_outputs_path_100_to_300
2059,1420778.22353572,190,P1_outputs_path_100_to_300
2060,1659178.4996683232,190,P1_outputs_path_100_to_300
2061,1809217.5900674656,190,P1_outputs_path_100_to_300
2062,1940018.7415490327,190,P1_outputs_path_100_to_300
2063,2035182.8540163352,190,P1_outputs_path_100_to_300
2064,2063546.0117535624,190,P1_outputs_path_100_to_300
2065,2168097.9168048,190,P1_outputs_path_100_to_300
2066,2179430.4285045816,190,P1_outputs_path_100_to_300
2067,2164936.230926648,190,P1_outputs_path_100_to_300
2068,2212128.8914403296,190,P1_outputs_path_100_to_300
2069,2265116.835300015,190,P1_outputs_path_100_to_300
2070,2352914.4943111627,190,P1_outputs_path_100_to_300
2071,2384366.504747318,190,P1_outputs_path_100_to_300
2072,2557889.776330532,190,P1_outputs_path_100_to_300
2073,2587793.915079371,190,P1_outputs_path_100_to_300
2074,533049.6312318395,190,P1_outputs_path_100_to_300
2075,,190,P1_outputs_path_100_to_300
2025,0.0,191,P1_outputs_path_100_to_300
2026,72946.33652620827,191,P1_outputs_path_100_to_300
2027,130260.778685824,191,P1_outputs_path_100_to_300
2028,192505.49704107185,191,P1_outputs_path_100_to_300
2029,267280.81963899697,191,P1_outputs_path_100_to_300
2030,320763.57039651624,191,P1_outputs_path_100_to_300
2031,346257.4598010638,191,P1_outputs_path_100_to_300
2032,569846.8059201716,191,P1_outputs_path_100_to_300
2033,591710.3816449343,191,P1_outputs_path_100_to_300
2034,667143.956442768,191,P1_outputs_path_100_to_300
2035,775582.5637833064,191,P1_outputs_path_100_to_300
2036,818973.8025829007,191,P1_outputs_path_100_to_300
2037,999981.459227016,191,P1_outputs_path_100_to_300
2038,1117801.9426726908,191,P1_outputs_path_100_to_300
2039,1432527.2600140723,191,P1_outputs_path_100_to_300
2040,1608735.6204014693,191,P1_outputs_path_100_to_300
2041,1646796.250752844,191,P1_outputs_path_100_to_300
2042,1685584.885482259,191,P1_outputs_path_100_to_300
2043,1669178.372871249,191,P1_outputs_path_100_to_300
2044,1837672.692019676,191,P1_outputs_path_100_to_300
2045,1780589.3854359104,191,P1_outputs_path_100_to_300
2046,1865148.0522429869,191,P1_outputs_path_100_to_300
2047,2174336.92291234,191,P1_outputs_path_100_to_300
2048,2169220.3649207675,191,P1_outputs_path_100_to_300
2049,2113670.0005270317,191,P1_outputs_path_100_to_300
2050,2329220.9947296144,191,P1_outputs_path_100_to_300
2051,2229939.0943764583,191,P1_outputs_path_100_to_300
2052,2352980.7335169557,191,P1_outputs_path_100_to_300
2053,2269884.4188364926,191,P1_outputs_path_100_to_300
2054,2261301.8746114764,191,P1_outputs_path_100_to_300
2055,2259534.4828624595,191,P1_outputs_path_100_to_300
2056,2116002.7527141483,191,P1_outputs_path_100_to_300
2057,2218570.755725224,191,P1_outputs_path_100_to_300
2058,2278760.110485501,191,P1_outputs_path_100_to_300
2059,2237602.952086956,191,P1_outputs_path_100_to_300
2060,2344297.737738436,191,P1_outputs_path_100_to_300
2061,2440283.910312352,191,P1_outputs_path_100_to_300
2062,2680739.598920045,191,P1_outputs_path_100_to_300
2063,2739635.566304956,191,P1_outputs_path_100_to_300
2064,2713235.9012873946,191,P1_outputs_path_100_to_300
2065,2702166.007583577,191,P1_outputs_path_100_to_300
2066,2841244.446693189,191,P1_outputs_path_100_to_300
2067,2801062.1404506816,191,P1_outputs_path_100_to_300
2068,2952653.23182721,191,P1_outputs_path_100_to_300
2069,3106189.6370566427,191,P1_outputs_path_100_to_300
2070,3244179.120114316,191,P1_outputs_path_100_to_300
2071,3592181.050320207,191,P1_outputs_path_100_to_300
2072,3581299.3782926747,191,P1_outputs_path_100_to_300
2073,3707545.899049589,191,P1_outputs_path_100_to_300
2074,1712669.5607231318,191,P1_outputs_path_100_to_300
2075,,191,P1_outputs_path_100_to_300
2025,0.0,192,P1_outputs_path_100_to_300
2026,76764.33206862467,192,P1_outputs_path_100_to_300
2027,130560.32795154925,192,P1_outputs_path_100_to_300
2028,226173.51919857587,192,P1_outputs_path_100_to_300
2029,293019.82274834206,192,P1_outputs_path_100_to_300
2030,336858.3403353564,192,P1_outputs_path_100_to_300
2031,403437.5783997072,192,P1_outputs_path_100_to_300
2032,443660.3014111286,192,P1_outputs_path_100_to_300
2033,578870.6531760029,192,P1_outputs_path_100_to_300
2034,866303.4126671106,192,P1_outputs_path_100_to_300
2035,903711.5330476617,192,P1_outputs_path_100_to_300
2036,809480.363109009,192,P1_outputs_path_100_to_300
2037,929879.1702383162,192,P1_outputs_path_100_to_300
2038,1172912.9664633032,192,P1_outputs_path_100_to_300
2039,1180625.9285137362,192,P1_outputs_path_100_to_300
2040,1476382.4823249094,192,P1_outputs_path_100_to_300
2041,1766209.380117601,192,P1_outputs_path_100_to_300
2042,1768667.4440512173,192,P1_outputs_path_100_to_300
2043,1868744.684669291,192,P1_outputs_path_100_to_300
2044,2172037.457437667,192,P1_outputs_path_100_to_300
2045,2232985.415463857,192,P1_outputs_path_100_to_300
2046,2262811.09778184,192,P1_outputs_path_100_to_300
2047,2277083.4530021967,192,P1_outputs_path_100_to_300
2048,2289163.756733009,192,P1_outputs_path_100_to_300
2049,2363440.960653764,192,P1_outputs_path_100_to_300
2050,2438437.215530161,192,P1_outputs_path_100_to_300
2051,2451729.8261381746,192,P1_outputs_path_100_to_300
2052,2592122.442210919,192,P1_outputs_path_100_to_300
2053,2453280.303184203,192,P1_outputs_path_100_to_300
2054,2431138.3473503487,192,P1_outputs_path_100_to_300
2055,2571471.705889932,192,P1_outputs_path_100_to_300
2056,2380009.468582057,192,P1_outputs_path_100_to_300
2057,2371346.2429287094,192,P1_outputs_path_100_to_300
2058,2524845.2961792294,192,P1_outputs_path_100_to_300
2059,2539957.3031500764,192,P1_outputs_path_100_to_300
2060,2526773.146667783,192,P1_outputs_path_100_to_300
2061,2658411.1566907954,192,P1_outputs_path_100_to_300
2062,2690928.0643445565,192,P1_outputs_path_100_to_300
2063,2822563.5333755063,192,P1_outputs_path_100_to_300
2064,2722166.446410624,192,P1_outputs_path_100_to_300
2065,2932293.4549527923,192,P1_outputs_path_100_to_300
2066,3066369.186230697,192,P1_outputs_path_100_to_300
2067,3203482.875566433,192,P1_outputs_path_100_to_300
2068,2990877.676035472,192,P1_outputs_path_100_to_300
2069,3263925.674362273,192,P1_outputs_path_100_to_300
2070,3365133.6909286147,192,P1_outputs_path_100_to_300
2071,3025861.715266933,192,P1_outputs_path_100_to_300
2072,3119855.316937009,192,P1_outputs_path_100_to_300
2073,3269752.5787655106,192,P1_outputs_path_100_to_300
2074,1301601.5679092116,192,P1_outputs_path_100_to_300
2075,,192,P1_outputs_path_100_to_300
2025,0.0,193,P1_outputs_path_100_to_300
2026,56986.21534779488,193,P1_outputs_path_100_to_300
2027,115390.2212767372,193,P1_outputs_path_100_to_300
2028,188136.9538990786,193,P1_outputs_path_100_to_300
2029,279734.34816745383,193,P1_outputs_path_100_to_300
2030,391657.0798020003,193,P1_outputs_path_100_to_300
2031,394952.1260834879,193,P1_outputs_path_100_to_300
2032,534263.8278686274,193,P1_outputs_path_100_to_300
2033,608414.1894604563,193,P1_outputs_path_100_to_300
2034,945427.9081030895,193,P1_outputs_path_100_to_300
2035,1139273.5230921763,193,P1_outputs_path_100_to_300
2036,1313334.9225979724,193,P1_outputs_path_100_to_300
2037,1378662.4023504192,193,P1_outputs_path_100_to_300
2038,1405122.345927521,193,P1_outputs_path_100_to_300
2039,1472703.7031281325,193,P1_outputs_path_100_to_300
2040,1409167.6320741298,193,P1_outputs_path_100_to_300
2041,1549469.1792515968,193,P1_outputs_path_100_to_300
2042,1865948.8185498875,193,P1_outputs_path_100_to_300
2043,1823711.7132598304,193,P1_outputs_path_100_to_300
2044,1806089.8286494303,193,P1_outputs_path_100_to_300
2045,1665293.025416735,193,P1_outputs_path_100_to_300
2046,1639232.542233612,193,P1_outputs_path_100_to_300
2047,1478960.4142848302,193,P1_outputs_path_100_to_300
2048,1592236.7421193067,193,P1_outputs_path_100_to_300
2049,1784471.560698818,193,P1_outputs_path_100_to_300
2050,1894511.2648413936,193,P1_outputs_path_100_to_300
2051,2017456.7336492464,193,P1_outputs_path_100_to_300
2052,2153632.294622464,193,P1_outputs_path_100_to_300
2053,2203254.7631646395,193,P1_outputs_path_100_to_300
2054,2282563.279139557,193,P1_outputs_path_100_to_300
2055,2404734.5212287595,193,P1_outputs_path_100_to_300
2056,2445093.6044674665,193,P1_outputs_path_100_to_300
2057,2486464.5470116166,193,P1_outputs_path_100_to_300
2058,2744933.548504088,193,P1_outputs_path_100_to_300
2059,2611747.944687724,193,P1_outputs_path_100_to_300
2060,2715744.8280747463,193,P1_outputs_path_100_to_300
2061,2760953.7925852034,193,P1_outputs_path_100_to_300
2062,2974316.6312375776,193,P1_outputs_path_100_to_300
2063,2908479.172652165,193,P1_outputs_path_100_to_300
2064,3046914.308947108,193,P1_outputs_path_100_to_300
2065,3431573.2862121314,193,P1_outputs_path_100_to_300
2066,3461659.684447417,193,P1_outputs_path_100_to_300
2067,3564972.9817776578,193,P1_outputs_path_100_to_300
2068,3634745.472177716,193,P1_outputs_path_100_to_300
2069,3568389.038211471,193,P1_outputs_path_100_to_300
2070,3701216.0012211446,193,P1_outputs_path_100_to_300
2071,3558946.11790219,193,P1_outputs_path_100_to_300
2072,3640770.5309940022,193,P1_outputs_path_100_to_300
2073,3692486.0038029626,193,P1_outputs_path_100_to_300
2074,2263829.829109621,193,P1_outputs_path_100_to_300
2075,,193,P1_outputs_path_100_to_300
2025,0.0,194,P1_outputs_path_100_to_300
2026,60047.08151211881,194,P1_outputs_path_100_to_300
2027,117407.62413098569,194,P1_outputs_path_100_to_300
2028,157254.41865407495,194,P1_outputs_path_100_to_300
2029,213133.32964314392,194,P1_outputs_path_100_to_300
2030,289503.3826860406,194,P1_outputs_path_100_to_300
2031,333873.9793982526,194,P1_outputs_path_100_to_300
2032,339099.5891944627,194,P1_outputs_path_100_to_300
2033,392945.8628341783,194,P1_outputs_path_100_to_300
2034,426620.7381197119,194,P1_outputs_path_100_to_300
2035,544823.9221186814,194,P1_outputs_path_100_to_300
2036,626550.7857715145,194,P1_outputs_path_100_to_300
2037,806864.3223446631,194,P1_outputs_path_100_to_300
2038,773150.8508874169,194,P1_outputs_path_100_to_300
2039,753055.6107913228,194,P1_outputs_path_100_to_300
2040,909992.9828143062,194,P1_outputs_path_100_to_300
2041,876608.7882816744,194,P1_outputs_path_100_to_300
2042,702104.9336080025,194,P1_outputs_path_100_to_300
2043,928415.689740471,194,P1_outputs_path_100_to_300
2044,1011446.4422300725,194,P1_outputs_path_100_to_300
2045,910680.4843625458,194,P1_outputs_path_100_to_300
2046,1238914.125152433,194,P1_outputs_path_100_to_300
2047,1145816.61373815,194,P1_outputs_path_100_to_300
2048,1285874.8071880036,194,P1_outputs_path_100_to_300
2049,1644369.0228046272,194,P1_outputs_path_100_to_300
2050,1775821.1598580244,194,P1_outputs_path_100_to_300
2051,1992649.4671843187,194,P1_outputs_path_100_to_300
2052,2078243.028803986,194,P1_outputs_path_100_to_300
2053,2041073.8037436444,194,P1_outputs_path_100_to_300
2054,1941516.200095849,194,P1_outputs_path_100_to_300
2055,2009623.3808748173,194,P1_outputs_path_100_to_300
2056,2084743.5498359357,194,P1_outputs_path_100_to_300
2057,2160944.762334284,194,P1_outputs_path_100_to_300
2058,2338796.2942937203,194,P1_outputs_path_100_to_300
2059,2271456.9247486126,194,P1_outputs_path_100_to_300
2060,2260111.276945767,194,P1_outputs_path_100_to_300
2061,2226340.670852792,194,P1_outputs_path_100_to_300
2062,2459182.4236303484,194,P1_outputs_path_100_to_300
2063,2530947.7580403183,194,P1_outputs_path_100_to_300
2064,2507654.502562076,194,P1_outputs_path_100_to_300
2065,2612174.5499587697,194,P1_outputs_path_100_to_300
2066,2695802.7675317274,194,P1_outputs_path_100_to_300
2067,2849066.311593837,194,P1_outputs_path_100_to_300
2068,2991916.1166968737,194,P1_outputs_path_100_to_300
2069,2939796.931947006,194,P1_outputs_path_100_to_300
2070,3081963.4885990256,194,P1_outputs_path_100_to_300
2071,3027460.399824339,194,P1_outputs_path_100_to_300
2072,3115038.384668851,194,P1_outputs_path_100_to_300
2073,3452023.8674247386,194,P1_outputs_path_100_to_300
2074,1773308.8197843896,194,P1_outputs_path_100_to_300
2075,,194,P1_outputs_path_100_to_300
2025,0.0,195,P1_outputs_path_100_to_300
2026,51350.22693148997,195,P1_outputs_path_100_to_300
2027,108815.29851743164,195,P1_outputs_path_100_to_300
2028,177677.48187460244,195,P1_outputs_path_100_to_300
2029,203842.85079362112,195,P1_outputs_path_100_to_300
2030,295117.7149565919,195,P1_outputs_path_100_to_300
2031,412294.6030166378,195,P1_outputs_path_100_to_300
2032,524889.0114148429,195,P1_outputs_path_100_to_300
2033,603903.9331249926,195,P1_outputs_path_100_to_300
2034,503515.5993070064,195,P1_outputs_path_100_to_300
2035,534974.9451224105,195,P1_outputs_path_100_to_300
2036,716442.8730054428,195,P1_outputs_path_100_to_300
2037,879633.5203000125,195,P1_outputs_path_100_to_300
2038,1028010.4256373908,195,P1_outputs_path_100_to_300
2039,975339.8606191204,195,P1_outputs_path_100_to_300
2040,1025062.9983826288,195,P1_outputs_path_100_to_300
2041,1084833.7445286545,195,P1_outputs_path_100_to_300
2042,1388590.4931933288,195,P1_outputs_path_100_to_300
2043,1702310.3363973373,195,P1_outputs_path_100_to_300
2044,1747588.3630348064,195,P1_outputs_path_100_to_300
2045,1670786.4039125224,195,P1_outputs_path_100_to_300
2046,1662305.8749713737,195,P1_outputs_path_100_to_300
2047,1637739.1370090358,195,P1_outputs_path_100_to_300
2048,1751729.5205179255,195,P1_outputs_path_100_to_300
2049,1969593.8952064903,195,P1_outputs_path_100_to_300
2050,2075384.8230330327,195,P1_outputs_path_100_to_300
2051,2088009.2807958173,195,P1_outputs_path_100_to_300
2052,2183447.2189994645,195,P1_outputs_path_100_to_300
2053,2258260.743165938,195,P1_outputs_path_100_to_300
2054,2173778.662601627,195,P1_outputs_path_100_to_300
2055,2243479.905172984,195,P1_outputs_path_100_to_300
2056,2113929.4303765143,195,P1_outputs_path_100_to_300
2057,2121528.0049658557,195,P1_outputs_path_100_to_300
2058,2243445.4939506766,195,P1_outputs_path_100_to_300
2059,2493657.452450156,195,P1_outputs_path_100_to_300
2060,2462775.2311428008,195,P1_outputs_path_100_to_300
2061,2380795.9711975334,195,P1_outputs_path_100_to_300
2062,2547164.429960095,195,P1_outputs_path_100_to_300
2063,2557545.916066244,195,P1_outputs_path_100_to_300
2064,2395007.650666374,195,P1_outputs_path_100_to_300
2065,2478663.8778026127,195,P1_outputs_path_100_to_300
2066,2420136.215250445,195,P1_outputs_path_100_to_300
2067,2503020.0865184823,195,P1_outputs_path_100_to_300
2068,2543970.450862145,195,P1_outputs_path_100_to_300
2069,2356607.575639941,195,P1_outputs_path_100_to_300
2070,2463087.088064348,195,P1_outputs_path_100_to_300
2071,2667486.7509423634,195,P1_outputs_path_100_to_300
2072,2864204.28219272,195,P1_outputs_path_100_to_300
2073,2877889.495584697,195,P1_outputs_path_100_to_300
2074,1253225.275595343,195,P1_outputs_path_100_to_300
2075,,195,P1_outputs_path_100_to_300
2025,0.0,196,P1_outputs_path_100_to_300
2026,59428.16919127069,196,P1_outputs_path_100_to_300
2027,113706.09898736476,196,P1_outputs_path_100_to_300
2028,183550.28388035,196,P1_outputs_path_100_to_300
2029,251448.6809123696,196,P1_outputs_path_100_to_300
2030,347879.53228726005,196,P1_outputs_path_100_to_300
2031,335478.3699201916,196,P1_outputs_path_100_to_300
2032,291708.853990775,196,P1_outputs_path_100_to_300
2033,295135.7420398411,196,P1_outputs_path_100_to_300
2034,423848.56223008793,196,P1_outputs_path_100_to_300
2035,517765.6624871598,196,P1_outputs_path_100_to_300
2036,627384.1281858259,196,P1_outputs_path_100_to_300
2037,662452.7017107019,196,P1_outputs_path_100_to_300
2038,823588.7582120759,196,P1_outputs_path_100_to_300
2039,902614.6445495636,196,P1_outputs_path_100_to_300
2040,1077232.3566649074,196,P1_outputs_path_100_to_300
2041,1276460.125131009,196,P1_outputs_path_100_to_300
2042,1425700.110463065,196,P1_outputs_path_100_to_300
2043,1647451.234067083,196,P1_outputs_path_100_to_300
2044,1740105.2087731962,196,P1_outputs_path_100_to_300
2045,1886985.950553818,196,P1_outputs_path_100_to_300
2046,1882576.5985402355,196,P1_outputs_path_100_to_300
2047,1991190.9253902363,196,P1_outputs_path_100_to_300
2048,2013361.250764353,196,P1_outputs_path_100_to_300
2049,1930522.9935612285,196,P1_outputs_path_100_to_300
2050,1960981.2314906449,196,P1_outputs_path_100_to_300
2051,2115222.475028018,196,P1_outputs_path_100_to_300
2052,2246931.304771627,196,P1_outputs_path_100_to_300
2053,2367587.919799861,196,P1_outputs_path_100_to_300
2054,2553566.0849120906,196,P1_outputs_path_100_to_300
2055,2555257.910436521,196,P1_outputs_path_100_to_300
2056,2524570.993899541,196,P1_outputs_path_100_to_300
2057,2510452.924967019,196,P1_outputs_path_100_to_300
2058,2462078.5773609784,196,P1_outputs_path_100_to_300
2059,2513944.484776138,196,P1_outputs_path_100_to_300
2060,2694550.18576816,196,P1_outputs_path_100_to_300
2061,2666878.249674459,196,P1_outputs_path_100_to_300
2062,2732835.4658444333,196,P1_outputs_path_100_to_300
2063,2882068.333625514,196,P1_outputs_path_100_to_300
2064,2841719.868563352,196,P1_outputs_path_100_to_300
2065,2987083.3047890253,196,P1_outputs_path_100_to_300
2066,2967851.234853793,196,P1_outputs_path_100_to_300
2067,2950273.217821965,196,P1_outputs_path_100_to_300
2068,2790724.691430591,196,P1_outputs_path_100_to_300
2069,2710998.395697039,196,P1_outputs_path_100_to_300
2070,2794360.5411243723,196,P1_outputs_path_100_to_300
2071,2676707.809383112,196,P1_outputs_path_100_to_300
2072,2729736.9840935688,196,P1_outputs_path_100_to_300
2073,2914695.7849279004,196,P1_outputs_path_100_to_300
2074,1168149.6771904824,196,P1_outputs_path_100_to_300
2075,,196,P1_outputs_path_100_to_300
2025,0.0,197,P1_outputs_path_100_to_300
2026,72324.6582998305,197,P1_outputs_path_100_to_300
2027,116495.91727964664,197,P1_outputs_path_100_to_300
2028,157092.50372091302,197,P1_outputs_path_100_to_300
2029,231046.57757902093,197,P1_outputs_path_100_to_300
2030,315383.5656114581,197,P1_outputs_path_100_to_300
2031,365355.3701774974,197,P1_outputs_path_100_to_300
2032,463761.39521364646,197,P1_outputs_path_100_to_300
2033,610170.3542118813,197,P1_outputs_path_100_to_300
2034,651551.3181431321,197,P1_outputs_path_100_to_300
2035,782649.6959149948,197,P1_outputs_path_100_to_300
2036,919551.4538089924,197,P1_outputs_path_100_to_300
2037,1031941.4105270082,197,P1_outputs_path_100_to_300
2038,1264198.8960369164,197,P1_outputs_path_100_to_300
2039,1137987.160322768,197,P1_outputs_path_100_to_300
2040,997428.956413164,197,P1_outputs_path_100_to_300
2041,1001852.2007657737,197,P1_outputs_path_100_to_300
2042,1156442.3013882388,197,P1_outputs_path_100_to_300
2043,1427284.733895345,197,P1_outputs_path_100_to_300
2044,1151707.0193763808,197,P1_outputs_path_100_to_300
2045,1382007.244511805,197,P1_outputs_path_100_to_300
2046,1279858.4368799592,197,P1_outputs_path_100_to_300
2047,1447796.6496975014,197,P1_outputs_path_100_to_300
2048,1566510.167848715,197,P1_outputs_path_100_to_300
2049,1606489.7499455856,197,P1_outputs_path_100_to_300
2050,1669173.3783565343,197,P1_outputs_path_100_to_300
2051,1717251.0766047316,197,P1_outputs_path_100_to_300
2052,1778487.9996518907,197,P1_outputs_path_100_to_300
2053,2001160.6522868136,197,P1_outputs_path_100_to_300
2054,1984969.180670597,197,P1_outputs_path_100_to_300
2055,2133572.3663808024,197,P1_outputs_path_100_to_300
2056,2035829.137603444,197,P1_outputs_path_100_to_300
2057,2011868.582187888,197,P1_outputs_path_100_to_300
2058,2126183.757561073,197,P1_outputs_path_100_to_300
2059,2185039.454558697,197,P1_outputs_path_100_to_300
2060,2259702.6015756493,197,P1_outputs_path_100_to_300
2061,2358670.899003969,197,P1_outputs_path_100_to_300
2062,2482803.439508426,197,P1_outputs_path_100_to_300
2063,2376284.387808817,197,P1_outputs_path_100_to_300
2064,2516499.3277311875,197,P1_outputs_path_100_to_300
2065,2687489.922442397,197,P1_outputs_path_100_to_300
2066,2757165.30637454,197,P1_outputs_path_100_to_300
2067,3041798.30349556,197,P1_outputs_path_100_to_300
2068,3118781.2085647974,197,P1_outputs_path_100_to_300
2069,3065447.470861913,197,P1_outputs_path_100_to_300
2070,3144925.7838631333,197,P1_outputs_path_100_to_300
2071,3217439.281992792,197,P1_outputs_path_100_to_300
2072,3311990.1740500946,197,P1_outputs_path_100_to_300
2073,3651174.3854221534,197,P1_outputs_path_100_to_300
2074,1476571.889006242,197,P1_outputs_path_100_to_300
2075,,197,P1_outputs_path_100_to_300
2025,0.0,198,P1_outputs_path_100_to_300
2026,52378.49171061575,198,P1_outputs_path_100_to_300
2027,112252.4327983231,198,P1_outputs_path_100_to_300
2028,163207.57975772905,198,P1_outputs_path_100_to_300
2029,219441.70475329243,198,P1_outputs_path_100_to_300
2030,274230.89490772097,198,P1_outputs_path_100_to_300
2031,296668.43657456763,198,P1_outputs_path_100_to_300
2032,426543.9509530856,198,P1_outputs_path_100_to_300
2033,426632.8641556815,198,P1_outputs_path_100_to_300
2034,512905.62849373935,198,P1_outputs_path_100_to_300
2035,602011.9619866955,198,P1_outputs_path_100_to_300
2036,722298.514785515,198,P1_outputs_path_100_to_300
2037,965676.808765826,198,P1_outputs_path_100_to_300
2038,931266.815971492,198,P1_outputs_path_100_to_300
2039,1016930.4138538586,198,P1_outputs_path_100_to_300
2040,1128161.058172004,198,P1_outputs_path_100_to_300
2041,1371722.6048781888,198,P1_outputs_path_100_to_300
2042,1636564.6286942323,198,P1_outputs_path_100_to_300
2043,1711907.1191855366,198,P1_outputs_path_100_to_300
2044,1872005.8213171544,198,P1_outputs_path_100_to_300
2045,1990052.0083221977,198,P1_outputs_path_100_to_300
2046,1876672.5491039415,198,P1_outputs_path_100_to_300
2047,1996327.4907836365,198,P1_outputs_path_100_to_300
2048,2024070.4444582604,198,P1_outputs_path_100_to_300
2049,2163969.645408028,198,P1_outputs_path_100_to_300
2050,2150353.0864354647,198,P1_outputs_path_100_to_300
2051,2100525.341151298,198,P1_outputs_path_100_to_300
2052,2292913.269815964,198,P1_outputs_path_100_to_300
2053,2485960.3462919826,198,P1_outputs_path_100_to_300
2054,2627636.9317278108,198,P1_outputs_path_100_to_300
2055,2730566.602634008,198,P1_outputs_path_100_to_300
2056,2780813.8777314723,198,P1_outputs_path_100_to_300
2057,2956981.3427042915,198,P1_outputs_path_100_to_300
2058,3098503.05446627,198,P1_outputs_path_100_to_300
2059,3319363.602222367,198,P1_outputs_path_100_to_300
2060,3491696.795072038,198,P1_outputs_path_100_to_300
2061,3484581.6685143085,198,P1_outputs_path_100_to_300
2062,3565766.7970700758,198,P1_outputs_path_100_to_300
2063,3655088.398809096,198,P1_outputs_path_100_to_300
2064,3683284.3399528046,198,P1_outputs_path_100_to_300
2065,3825015.836073682,198,P1_outputs_path_100_to_300
2066,3517587.7429012693,198,P1_outputs_path_100_to_300
2067,3463986.3714359663,198,P1_outputs_path_100_to_300
2068,3391647.37440925,198,P1_outputs_path_100_to_300
2069,3376205.61994227,198,P1_outputs_path_100_to_300
2070,3608159.253999725,198,P1_outputs_path_100_to_300
2071,3649150.466417886,198,P1_outputs_path_100_to_300
2072,3366546.166561245,198,P1_outputs_path_100_to_300
2073,3569630.33634314,198,P1_outputs_path_100_to_300
2074,1747867.7304214935,198,P1_outputs_path_100_to_300
2075,,198,P1_outputs_path_100_to_300
2025,0.0,199,P1_outputs_path_100_to_300
2026,69083.0627248197,199,P1_outputs_path_100_to_300
2027,126069.10215783012,199,P1_outputs_path_100_to_300
2028,183103.7446771455,199,P1_outputs_path_100_to_300
2029,239813.0851588315,199,P1_outputs_path_100_to_300
2030,370114.4047246519,199,P1_outputs_path_100_to_300
2031,446866.8100211472,199,P1_outputs_path_100_to_300
2032,525136.5515785287,199,P1_outputs_path_100_to_300
2033,607071.6114937293,199,P1_outputs_path_100_to_300
2034,694455.6838491217,199,P1_outputs_path_100_to_300
2035,825742.5259098446,199,P1_outputs_path_100_to_300
2036,808852.0636276063,199,P1_outputs_path_100_to_300
2037,997167.147382514,199,P1_outputs_path_100_to_300
2038,1265940.4236492026,199,P1_outputs_path_100_to_300
2039,1379730.7448678508,199,P1_outputs_path_100_to_300
2040,1389774.8818479883,199,P1_outputs_path_100_to_300
2041,1521766.2677593548,199,P1_outputs_path_100_to_300
2042,1824226.116432826,199,P1_outputs_path_100_to_300
2043,1988623.7850750703,199,P1_outputs_path_100_to_300
2044,2129454.089861058,199,P1_outputs_path_100_to_300
2045,2131575.6373742903,199,P1_outputs_path_100_to_300
2046,1965261.5027009048,199,P1_outputs_path_100_to_300
2047,1999442.4638245956,199,P1_outputs_path_100_to_300
2048,2152888.5720282886,199,P1_outputs_path_100_to_300
2049,2247982.104743858,199,P1_outputs_path_100_to_300
2050,2335634.5085495333,199,P1_outputs_path_100_to_300
2051,2316894.43787056,199,P1_outputs_path_100_to_300
2052,2375997.0249414826,199,P1_outputs_path_100_to_300
2053,2414074.2494201874,199,P1_outputs_path_100_to_300
2054,2508049.9420719235,199,P1_outputs_path_100_to_300
2055,2717740.760828806,199,P1_outputs_path_100_to_300
2056,2780031.8203673456,199,P1_outputs_path_100_to_300
2057,3019651.554942612,199,P1_outputs_path_100_to_300
2058,3198707.706260584,199,P1_outputs_path_100_to_300
2059,3343552.168424282,199,P1_outputs_path_100_to_300
2060,3404080.407834433,199,P1_outputs_path_100_to_300
2061,3418860.238142094,199,P1_outputs_path_100_to_300
2062,3489081.107687584,199,P1_outputs_path_100_to_300
2063,3486425.8916017814,199,P1_outputs_path_100_to_300
2064,3695666.403093517,199,P1_outputs_path_100_to_300
2065,3740251.452793685,199,P1_outputs_path_100_to_300
2066,3889618.540679733,199,P1_outputs_path_100_to_300
2067,3735681.242310369,199,P1_outputs_path_100_to_300
2068,3892677.2822067537,199,P1_outputs_path_100_to_300
2069,3583989.354455309,199,P1_outputs_path_100_to_300
2070,3362948.743627101,199,P1_outputs_path_100_to_300
2071,3530959.25796471,199,P1_outputs_path_100_to_300
2072,3569193.705419816,199,P1_outputs_path_100_to_300
2073,3932389.802210864,199,P1_outputs_path_100_to_300
2074,1839295.9106632925,199,P1_outputs_path_100_to_300
2075,,199,P1_outputs_path_100_to_300
2025,0.0,200,P1_outputs_path_100_to_300
2026,42398.9705704438,200,P1_outputs_path_100_to_300
2027,93540.6944057556,200,P1_outputs_path_100_to_300
2028,153822.93091102503,200,P1_outputs_path_100_to_300
2029,202550.46792408728,200,P1_outputs_path_100_to_300
2030,241646.3580557129,200,P1_outputs_path_100_to_300
2031,294025.1165524532,200,P1_outputs_path_100_to_300
2032,361208.9659377746,200,P1_outputs_path_100_to_300
2033,323221.59635587607,200,P1_outputs_path_100_to_300
2034,361125.7058260252,200,P1_outputs_path_100_to_300
2035,466078.5199792997,200,P1_outputs_path_100_to_300
2036,531963.3393823814,200,P1_outputs_path_100_to_300
2037,583926.669494388,200,P1_outputs_path_100_to_300
2038,715080.4161399313,200,P1_outputs_path_100_to_300
2039,821839.8466560227,200,P1_outputs_path_100_to_300
2040,956638.2017144446,200,P1_outputs_path_100_to_300
2041,841660.6860834697,200,P1_outputs_path_100_to_300
2042,920097.009274185,200,P1_outputs_path_100_to_300
2043,1125074.8943047244,200,P1_outputs_path_100_to_300
2044,1318328.0944656162,200,P1_outputs_path_100_to_300
2045,1511396.3214342792,200,P1_outputs_path_100_to_300
2046,1870562.275518105,200,P1_outputs_path_100_to_300
2047,2142859.9754705387,200,P1_outputs_path_100_to_300
2048,2244107.9137214758,200,P1_outputs_path_100_to_300
2049,2550579.880240159,200,P1_outputs_path_100_to_300
2050,2533118.82772504,200,P1_outputs_path_100_to_300
2051,2546158.780766678,200,P1_outputs_path_100_to_300
2052,2675459.5987447286,200,P1_outputs_path_100_to_300
2053,2821276.0930958497,200,P1_outputs_path_100_to_300
2054,2584959.627047469,200,P1_outputs_path_100_to_300
2055,2578661.611275399,200,P1_outputs_path_100_to_300
2056,2570059.540629964,200,P1_outputs_path_100_to_300
2057,2578351.59897537,200,P1_outputs_path_100_to_300
2058,2867114.179870271,200,P1_outputs_path_100_to_300
2059,2931428.346596678,200,P1_outputs_path_100_to_300
2060,3010317.7838382623,200,P1_outputs_path_100_to_300
2061,2935766.996652111,200,P1_outputs_path_100_to_300
2062,3092120.614813268,200,P1_outputs_path_100_to_300
2063,3108153.2979427963,200,P1_outputs_path_100_to_300
2064,3278818.8890087693,200,P1_outputs_path_100_to_300
2065,3370764.8192996825,200,P1_outputs_path_100_to_300
2066,3567173.44516974,200,P1_outputs_path_100_to_300
2067,3673765.466740436,200,P1_outputs_path_100_to_300
2068,3863944.68427896,200,P1_outputs_path_100_to_300
2069,4008886.858699821,200,P1_outputs_path_100_to_300
2070,4068572.723170952,200,P1_outputs_path_100_to_300
2071,3993093.593334377,200,P1_outputs_path_100_to_300
2072,4113488.4959462346,200,P1_outputs_path_100_to_300
2073,4125887.42285318,200,P1_outputs_path_100_to_300
2074,2100399.6829684936,200,P1_outputs_path_100_to_300
2075,,200,P1_outputs_path_100_to_300
2025,0.0,201,P1_outputs_path_100_to_300
2026,53317.277828343205,201,P1_outputs_path_100_to_300
2027,115779.90779121834,201,P1_outputs_path_100_to_300
2028,203408.6348825952,201,P1_outputs_path_100_to_300
2029,258388.6143270552,201,P1_outputs_path_100_to_300
2030,390820.093999587,201,P1_outputs_path_100_to_300
2031,446522.92551226827,201,P1_outputs_path_100_to_300
2032,536608.2996368232,201,P1_outputs_path_100_to_300
2033,566910.0620613777,201,P1_outputs_path_100_to_300
2034,528749.7416309004,201,P1_outputs_path_100_to_300
2035,638765.5542431145,201,P1_outputs_path_100_to_300
2036,718368.4206902692,201,P1_outputs_path_100_to_300
2037,791838.4837321496,201,P1_outputs_path_100_to_300
2038,983405.5133113147,201,P1_outputs_path_100_to_300
2039,933173.62473124,201,P1_outputs_path_100_to_300
2040,992612.8288389338,201,P1_outputs_path_100_to_300
2041,1193175.6057872386,201,P1_outputs_path_100_to_300
2042,1297467.2250896546,201,P1_outputs_path_100_to_300
2043,1393571.1396722652,201,P1_outputs_path_100_to_300
2044,1528094.2998461092,201,P1_outputs_path_100_to_300
2045,1653156.13359712,201,P1_outputs_path_100_to_300
2046,1872567.5778897232,201,P1_outputs_path_100_to_300
2047,1827352.80442078,201,P1_outputs_path_100_to_300
2048,1834202.2164353644,201,P1_outputs_path_100_to_300
2049,1977618.1428519555,201,P1_outputs_path_100_to_300
2050,1956564.0467556731,201,P1_outputs_path_100_to_300
2051,2032911.238270315,201,P1_outputs_path_100_to_300
2052,2053058.0905195663,201,P1_outputs_path_100_to_300
2053,2023921.131129072,201,P1_outputs_path_100_to_300
2054,1945094.399236928,201,P1_outputs_path_100_to_300
2055,2094964.993895294,201,P1_outputs_path_100_to_300
2056,2239436.4343878618,201,P1_outputs_path_100_to_300
2057,2250168.565201998,201,P1_outputs_path_100_to_300
2058,2517515.151495544,201,P1_outputs_path_100_to_300
2059,2646171.643658821,201,P1_outputs_path_100_to_300
2060,2681228.7066587973,201,P1_outputs_path_100_to_300
2061,2720228.7936846623,201,P1_outputs_path_100_to_300
2062,2752673.6798119657,201,P1_outputs_path_100_to_300
2063,2939436.8672644943,201,P1_outputs_path_100_to_300
2064,3047268.197804783,201,P1_outputs_path_100_to_300
2065,2974081.547675727,201,P1_outputs_path_100_to_300
2066,3220377.8746391083,201,P1_outputs_path_100_to_300
2067,3180964.1045471146,201,P1_outputs_path_100_to_300
2068,3415678.519564706,201,P1_outputs_path_100_to_300
2069,3644191.166073386,201,P1_outputs_path_100_to_300
2070,3505402.3394616954,201,P1_outputs_path_100_to_300
2071,3627121.867103995,201,P1_outputs_path_100_to_300
2072,3612261.702492395,201,P1_outputs_path_100_to_300
2073,3556008.310895008,201,P1_outputs_path_100_to_300
2074,1905152.1984329007,201,P1_outputs_path_100_to_300
2075,,201,P1_outputs_path_100_to_300
2025,0.0,202,P1_outputs_path_100_to_300
2026,66706.42030372993,202,P1_outputs_path_100_to_300
2027,128874.36803089928,202,P1_outputs_path_100_to_300
2028,174650.26706090255,202,P1_outputs_path_100_to_300
2029,244339.2286184276,202,P1_outputs_path_100_to_300
2030,300847.1247383347,202,P1_outputs_path_100_to_300
2031,384483.8540932114,202,P1_outputs_path_100_to_300
2032,429751.8937565414,202,P1_outputs_path_100_to_300
2033,463604.81731697056,202,P1_outputs_path_100_to_300
2034,469322.94139290473,202,P1_outputs_path_100_to_300
2035,628470.191794489,202,P1_outputs_path_100_to_300
2036,526798.5440944803,202,P1_outputs_path_100_to_300
2037,763562.2511088769,202,P1_outputs_path_100_to_300
2038,881044.909192826,202,P1_outputs_path_100_to_300
2039,974582.6939933144,202,P1_outputs_path_100_to_300
2040,1177392.0900062888,202,P1_outputs_path_100_to_300
2041,1081425.7189532632,202,P1_outputs_path_100_to_300
2042,1053994.1881070451,202,P1_outputs_path_100_to_300
2043,1218100.3757911809,202,P1_outputs_path_100_to_300
2044,1218547.9031487238,202,P1_outputs_path_100_to_300
2045,1415677.954226388,202,P1_outputs_path_100_to_300
2046,1292619.9936128254,202,P1_outputs_path_100_to_300
2047,1633714.190477358,202,P1_outputs_path_100_to_300
2048,1736358.983534763,202,P1_outputs_path_100_to_300
2049,1963482.1820907348,202,P1_outputs_path_100_to_300
2050,2077252.573623469,202,P1_outputs_path_100_to_300
2051,2169177.5657261577,202,P1_outputs_path_100_to_300
2052,2286780.3439517105,202,P1_outputs_path_100_to_300
2053,2442128.097637013,202,P1_outputs_path_100_to_300
2054,2637068.636811016,202,P1_outputs_path_100_to_300
2055,2562893.530438143,202,P1_outputs_path_100_to_300
2056,2777935.796690897,202,P1_outputs_path_100_to_300
2057,2689379.107949472,202,P1_outputs_path_100_to_300
2058,2757301.622800554,202,P1_outputs_path_100_to_300
2059,2858471.29759378,202,P1_outputs_path_100_to_300
2060,2857646.851900839,202,P1_outputs_path_100_to_300
2061,2913984.910693476,202,P1_outputs_path_100_to_300
2062,2796129.071309156,202,P1_outputs_path_100_to_300
2063,2931084.5012320345,202,P1_outputs_path_100_to_300
2064,2971150.557066968,202,P1_outputs_path_100_to_300
2065,3093538.292485862,202,P1_outputs_path_100_to_300
2066,3084883.030645198,202,P1_outputs_path_100_to_300
2067,3241176.7986985096,202,P1_outputs_path_100_to_300
2068,3371273.875809073,202,P1_outputs_path_100_to_300
2069,3467105.734868268,202,P1_outputs_path_100_to_300
2070,3404975.8398432387,202,P1_outputs_path_100_to_300
2071,3622532.149826048,202,P1_outputs_path_100_to_300
2072,3731319.101883437,202,P1_outputs_path_100_to_300
2073,3520900.95222047,202,P1_outputs_path_100_to_300
2074,1684413.6203770165,202,P1_outputs_path_100_to_300
2075,,202,P1_outputs_path_100_to_300
2025,0.0,203,P1_outputs_path_100_to_300
2026,53997.32796165613,203,P1_outputs_path_100_to_300
2027,118871.12331240597,203,P1_outputs_path_100_to_300
2028,177417.93775190198,203,P1_outputs_path_100_to_300
2029,231155.90465670696,203,P1_outputs_path_100_to_300
2030,276341.78796633886,203,P1_outputs_path_100_to_300
2031,361894.9995995327,203,P1_outputs_path_100_to_300
2032,397008.1803166248,203,P1_outputs_path_100_to_300
2033,404937.54142226645,203,P1_outputs_path_100_to_300
2034,472580.33972705936,203,P1_outputs_path_100_to_300
2035,588585.4326946547,203,P1_outputs_path_100_to_300
2036,792136.9579114877,203,P1_outputs_path_100_to_300
2037,911941.277785306,203,P1_outputs_path_100_to_300
2038,1179064.9759634575,203,P1_outputs_path_100_to_300
2039,1256321.0272974437,203,P1_outputs_path_100_to_300
2040,1429838.5157632718,203,P1_outputs_path_100_to_300
2041,1523485.7729247992,203,P1_outputs_path_100_to_300
2042,1623740.8608730244,203,P1_outputs_path_100_to_300
2043,1808692.5699419065,203,P1_outputs_path_100_to_300
2044,1836863.152302384,203,P1_outputs_path_100_to_300
2045,2142338.2355118394,203,P1_outputs_path_100_to_300
2046,2301866.96746382,203,P1_outputs_path_100_to_300
2047,2216115.6624192325,203,P1_outputs_path_100_to_300
2048,2098691.6706345635,203,P1_outputs_path_100_to_300
2049,2038626.447464537,203,P1_outputs_path_100_to_300
2050,2085532.784341059,203,P1_outputs_path_100_to_300
2051,2041451.295077553,203,P1_outputs_path_100_to_300
2052,2136425.0059567546,203,P1_outputs_path_100_to_300
2053,2069443.154867116,203,P1_outputs_path_100_to_300
2054,2262850.3638243764,203,P1_outputs_path_100_to_300
2055,2305933.1363833984,203,P1_outputs_path_100_to_300
2056,2527931.497968261,203,P1_outputs_path_100_to_300
2057,2451972.1795997,203,P1_outputs_path_100_to_300
2058,2521422.3762357924,203,P1_outputs_path_100_to_300
2059,2510011.215969546,203,P1_outputs_path_100_to_300
2060,2558898.244024908,203,P1_outputs_path_100_to_300
2061,2787217.3296936746,203,P1_outputs_path_100_to_300
2062,2757979.433655287,203,P1_outputs_path_100_to_300
2063,2809545.575563425,203,P1_outputs_path_100_to_300
2064,2910229.1099906527,203,P1_outputs_path_100_to_300
2065,2940306.8275238704,203,P1_outputs_path_100_to_300
2066,3080864.6155718043,203,P1_outputs_path_100_to_300
2067,3249837.051539254,203,P1_outputs_path_100_to_300
2068,3077010.9377242997,203,P1_outputs_path_100_to_300
2069,3285317.034402189,203,P1_outputs_path_100_to_300
2070,3005345.177208227,203,P1_outputs_path_100_to_300
2071,2899626.3236039174,203,P1_outputs_path_100_to_300
2072,2817354.255715094,203,P1_outputs_path_100_to_300
2073,3011682.5725252954,203,P1_outputs_path_100_to_300
2074,994543.6883824168,203,P1_outputs_path_100_to_300
2075,,203,P1_outputs_path_100_to_300
2025,0.0,204,P1_outputs_path_100_to_300
2026,49599.915154063,204,P1_outputs_path_100_to_300
2027,110581.5115791095,204,P1_outputs_path_100_to_300
2028,177609.9254074581,204,P1_outputs_path_100_to_300
2029,222241.16413462168,204,P1_outputs_path_100_to_300
2030,269865.2807525311,204,P1_outputs_path_100_to_300
2031,436405.6739592176,204,P1_outputs_path_100_to_300
2032,439508.8168939753,204,P1_outputs_path_100_to_300
2033,583106.2615393682,204,P1_outputs_path_100_to_300
2034,815610.0878769004,204,P1_outputs_path_100_to_300
2035,923019.2811876416,204,P1_outputs_path_100_to_300
2036,1185726.011500504,204,P1_outputs_path_100_to_300
2037,1113319.0956417562,204,P1_outputs_path_100_to_300
2038,719115.616473139,204,P1_outputs_path_100_to_300
2039,892116.2536725288,204,P1_outputs_path_100_to_300
2040,949448.6214924826,204,P1_outputs_path_100_to_300
2041,1066436.2291471346,204,P1_outputs_path_100_to_300
2042,1151340.8019533958,204,P1_outputs_path_100_to_300
2043,1311287.8746050678,204,P1_outputs_path_100_to_300
2044,1453319.5657294078,204,P1_outputs_path_100_to_300
2045,1497785.7904043663,204,P1_outputs_path_100_to_300
2046,1413492.509129224,204,P1_outputs_path_100_to_300
2047,1400045.6658405762,204,P1_outputs_path_100_to_300
2048,1610669.4288631154,204,P1_outputs_path_100_to_300
2049,1908470.571370741,204,P1_outputs_path_100_to_300
2050,1959306.243841932,204,P1_outputs_path_100_to_300
2051,2107381.613635102,204,P1_outputs_path_100_to_300
2052,2180575.759049609,204,P1_outputs_path_100_to_300
2053,2101359.2901751613,204,P1_outputs_path_100_to_300
2054,2229776.772607968,204,P1_outputs_path_100_to_300
2055,2384322.081545176,204,P1_outputs_path_100_to_300
2056,2445461.920108796,204,P1_outputs_path_100_to_300
2057,2370947.441141149,204,P1_outputs_path_100_to_300
2058,2505172.622130423,204,P1_outputs_path_100_to_300
2059,2414157.6358024296,204,P1_outputs_path_100_to_300
2060,2581747.3250626936,204,P1_outputs_path_100_to_300
2061,2780860.815673717,204,P1_outputs_path_100_to_300
2062,2703240.80768408,204,P1_outputs_path_100_to_300
2063,2737704.2483132584,204,P1_outputs_path_100_to_300
2064,2966149.08947887,204,P1_outputs_path_100_to_300
2065,3130900.774202442,204,P1_outputs_path_100_to_300
2066,3245086.6510796025,204,P1_outputs_path_100_to_300
2067,3462511.376727026,204,P1_outputs_path_100_to_300
2068,3639331.093166625,204,P1_outputs_path_100_to_300
2069,3543388.574678321,204,P1_outputs_path_100_to_300
2070,3314213.694371349,204,P1_outputs_path_100_to_300
2071,3414093.0454487302,204,P1_outputs_path_100_to_300
2072,3553661.336415719,204,P1_outputs_path_100_to_300
2073,3712389.775272591,204,P1_outputs_path_100_to_300
2074,2018355.706258389,204,P1_outputs_path_100_to_300
2075,,204,P1_outputs_path_100_to_300
2025,0.0,205,P1_outputs_path_100_to_300
2026,55993.51232880298,205,P1_outputs_path_100_to_300
2027,114779.63808832946,205,P1_outputs_path_100_to_300
2028,193262.54550436093,205,P1_outputs_path_100_to_300
2029,238117.09420634608,205,P1_outputs_path_100_to_300
2030,295402.6751747844,205,P1_outputs_path_100_to_300
2031,443314.7860924437,205,P1_outputs_path_100_to_300
2032,619595.7891468606,205,P1_outputs_path_100_to_300
2033,622531.8707421809,205,P1_outputs_path_100_to_300
2034,771957.5303703586,205,P1_outputs_path_100_to_300
2035,731960.000203803,205,P1_outputs_path_100_to_300
2036,877112.1127754995,205,P1_outputs_path_100_to_300
2037,945738.6229120664,205,P1_outputs_path_100_to_300
2038,938050.1070579436,205,P1_outputs_path_100_to_300
2039,1125126.4263474024,205,P1_outputs_path_100_to_300
2040,1324449.3381521185,205,P1_outputs_path_100_to_300
2041,1486752.2628995364,205,P1_outputs_path_100_to_300
2042,1634460.544181714,205,P1_outputs_path_100_to_300
2043,1795342.461053681,205,P1_outputs_path_100_to_300
2044,1912423.9524507583,205,P1_outputs_path_100_to_300
2045,1990883.9576751457,205,P1_outputs_path_100_to_300
2046,1918606.3098883824,205,P1_outputs_path_100_to_300
2047,2206333.809024804,205,P1_outputs_path_100_to_300
2048,2416313.739408129,205,P1_outputs_path_100_to_300
2049,2507208.854506542,205,P1_outputs_path_100_to_300
2050,2562412.892098411,205,P1_outputs_path_100_to_300
2051,2556501.6943109096,205,P1_outputs_path_100_to_300
2052,2673142.9348610705,205,P1_outputs_path_100_to_300
2053,2786534.293641508,205,P1_outputs_path_100_to_300
2054,2891862.8771677986,205,P1_outputs_path_100_to_300
2055,2876527.0846660323,205,P1_outputs_path_100_to_300
2056,2783961.354328613,205,P1_outputs_path_100_to_300
2057,2785085.490411512,205,P1_outputs_path_100_to_300
2058,2777657.836280034,205,P1_outputs_path_100_to_300
2059,2899292.828453665,205,P1_outputs_path_100_to_300
2060,3064981.279703617,205,P1_outputs_path_100_to_300
2061,3091272.374972691,205,P1_outputs_path_100_to_300
2062,3088236.2698077937,205,P1_outputs_path_100_to_300
2063,3218967.865858047,205,P1_outputs_path_100_to_300
2064,3157279.220508113,205,P1_outputs_path_100_to_300
2065,3118362.733029784,205,P1_outputs_path_100_to_300
2066,3115373.1393697844,205,P1_outputs_path_100_to_300
2067,3062086.946960842,205,P1_outputs_path_100_to_300
2068,3081314.215488768,205,P1_outputs_path_100_to_300
2069,3279785.571152676,205,P1_outputs_path_100_to_300
2070,3375177.8045657543,205,P1_outputs_path_100_to_300
2071,3374787.958134596,205,P1_outputs_path_100_to_300
2072,3544213.0445144065,205,P1_outputs_path_100_to_300
2073,3541465.5250408165,205,P1_outputs_path_100_to_300
2074,1425945.8863875002,205,P1_outputs_path_100_to_300
2075,,205,P1_outputs_path_100_to_300
2025,0.0,206,P1_outputs_path_100_to_300
2026,71539.70344877189,206,P1_outputs_path_100_to_300
2027,136560.06788804836,206,P1_outputs_path_100_to_300
2028,212279.7260643828,206,P1_outputs_path_100_to_300
2029,264365.7216102664,206,P1_outputs_path_100_to_300
2030,418872.2701499933,206,P1_outputs_path_100_to_300
2031,522345.3415006805,206,P1_outputs_path_100_to_300
2032,632477.6994390808,206,P1_outputs_path_100_to_300
2033,692890.8643093656,206,P1_outputs_path_100_to_300
2034,49562.61750125722,206,P1_outputs_path_100_to_300
2035,109002.65963295316,206,P1_outputs_path_100_to_300
2036,205260.96017800545,206,P1_outputs_path_100_to_300
2037,303108.15750531433,206,P1_outputs_path_100_to_300
2038,353532.2974674845,206,P1_outputs_path_100_to_300
2039,456177.3686986743,206,P1_outputs_path_100_to_300
2040,465790.57472616463,206,P1_outputs_path_100_to_300
2041,528456.1856065067,206,P1_outputs_path_100_to_300
2042,618115.4176971408,206,P1_outputs_path_100_to_300
2043,706548.5415211923,206,P1_outputs_path_100_to_300
2044,741508.64354408,206,P1_outputs_path_100_to_300
2045,813311.5750179779,206,P1_outputs_path_100_to_300
2046,965802.1184355976,206,P1_outputs_path_100_to_300
2047,990043.010793759,206,P1_outputs_path_100_to_300
2048,1143520.86561844,206,P1_outputs_path_100_to_300
2049,1050747.6210115554,206,P1_outputs_path_100_to_300
2050,1214037.5001532808,206,P1_outputs_path_100_to_300
2051,1568690.355811817,206,P1_outputs_path_100_to_300
2052,1785299.2465409243,206,P1_outputs_path_100_to_300
2053,1952456.7572872888,206,P1_outputs_path_100_to_300
2054,2054845.1753760253,206,P1_outputs_path_100_to_300
2055,2071730.3174615935,206,P1_outputs_path_100_to_300
2056,2015653.7620801951,206,P1_outputs_path_100_to_300
2057,1999866.223668024,206,P1_outputs_path_100_to_300
2058,2002773.2944316235,206,P1_outputs_path_100_to_300
2059,2131507.1492289053,206,P1_outputs_path_100_to_300
2060,2120395.9410254173,206,P1_outputs_path_100_to_300
2061,2158259.7798725115,206,P1_outputs_path_100_to_300
2062,2152038.787497522,206,P1_outputs_path_100_to_300
2063,2299845.3587049693,206,P1_outputs_path_100_to_300
2064,2311178.8653516043,206,P1_outputs_path_100_to_300
2065,2339187.767713781,206,P1_outputs_path_100_to_300
2066,2351570.447631862,206,P1_outputs_path_100_to_300
2067,2592621.638149904,206,P1_outputs_path_100_to_300
2068,2594573.936781566,206,P1_outputs_path_100_to_300
2069,2587324.561960583,206,P1_outputs_path_100_to_300
2070,2644975.3313217377,206,P1_outputs_path_100_to_300
2071,2659888.606191583,206,P1_outputs_path_100_to_300
2072,2705160.156223616,206,P1_outputs_path_100_to_300
2073,2792491.439458379,206,P1_outputs_path_100_to_300
2074,951095.5833348858,206,P1_outputs_path_100_to_300
2075,,206,P1_outputs_path_100_to_300
2025,0.0,207,P1_outputs_path_100_to_300
2026,56783.68863514688,207,P1_outputs_path_100_to_300
2027,110046.17031532068,207,P1_outputs_path_100_to_300
2028,170858.6365985881,207,P1_outputs_path_100_to_300
2029,252569.3837414012,207,P1_outputs_path_100_to_300
2030,383583.9363701287,207,P1_outputs_path_100_to_300
2031,438399.556400282,207,P1_outputs_path_100_to_300
2032,541153.0779397415,207,P1_outputs_path_100_to_300
2033,577017.426015276,207,P1_outputs_path_100_to_300
2034,621637.2160410775,207,P1_outputs_path_100_to_300
2035,711440.8176516655,207,P1_outputs_path_100_to_300
2036,690657.6888689144,207,P1_outputs_path_100_to_300
2037,841461.324350085,207,P1_outputs_path_100_to_300
2038,1054593.367708179,207,P1_outputs_path_100_to_300
2039,1198420.027582466,207,P1_outputs_path_100_to_300
2040,1143329.2221111816,207,P1_outputs_path_100_to_300
2041,1404141.510933773,207,P1_outputs_path_100_to_300
2042,1642506.3648879274,207,P1_outputs_path_100_to_300
2043,1702294.8215898369,207,P1_outputs_path_100_to_300
2044,1781343.19937459,207,P1_outputs_path_100_to_300
2045,1860241.5349028823,207,P1_outputs_path_100_to_300
2046,1868208.9772421208,207,P1_outputs_path_100_to_300
2047,2226543.0657922644,207,P1_outputs_path_100_to_300
2048,2269711.6282626623,207,P1_outputs_path_100_to_300
2049,2268578.421889348,207,P1_outputs_path_100_to_300
2050,2520275.9090662207,207,P1_outputs_path_100_to_300
2051,2619176.211880272,207,P1_outputs_path_100_to_300
2052,2531089.297529722,207,P1_outputs_path_100_to_300
2053,2624239.508726977,207,P1_outputs_path_100_to_300
2054,2777026.255487517,207,P1_outputs_path_100_to_300
2055,2740272.0418230826,207,P1_outputs_path_100_to_300
2056,2874600.119660658,207,P1_outputs_path_100_to_300
2057,2853573.9335285285,207,P1_outputs_path_100_to_300
2058,2954003.319812399,207,P1_outputs_path_100_to_300
2059,2997913.536222782,207,P1_outputs_path_100_to_300
2060,2959934.7568990053,207,P1_outputs_path_100_to_300
2061,3080468.6772910818,207,P1_outputs_path_100_to_300
2062,3147411.212013164,207,P1_outputs_path_100_to_300
2063,3206917.235226572,207,P1_outputs_path_100_to_300
2064,3248687.999958592,207,P1_outputs_path_100_to_300
2065,3410630.11544355,207,P1_outputs_path_100_to_300
2066,3396053.6551106144,207,P1_outputs_path_100_to_300
2067,3127556.3851986155,207,P1_outputs_path_100_to_300
2068,3305536.6963892304,207,P1_outputs_path_100_to_300
2069,3210971.869886072,207,P1_outputs_path_100_to_300
2070,3169288.445381147,207,P1_outputs_path_100_to_300
2071,3240302.155831809,207,P1_outputs_path_100_to_300
2072,3293964.355508959,207,P1_outputs_path_100_to_300
2073,3450061.8530729483,207,P1_outputs_path_100_to_300
2074,1855287.9727358771,207,P1_outputs_path_100_to_300
2075,,207,P1_outputs_path_100_to_300
2025,0.0,208,P1_outputs_path_100_to_300
2026,56952.059854290375,208,P1_outputs_path_100_to_300
2027,136366.0555736731,208,P1_outputs_path_100_to_300
2028,185723.69895560568,208,P1_outputs_path_100_to_300
2029,269482.5794239979,208,P1_outputs_path_100_to_300
2030,328579.40065172006,208,P1_outputs_path_100_to_300
2031,388191.7503569512,208,P1_outputs_path_100_to_300
2032,378871.0276023827,208,P1_outputs_path_100_to_300
2033,454235.7162071174,208,P1_outputs_path_100_to_300
2034,627550.1092212927,208,P1_outputs_path_100_to_300
2035,681207.8295775249,208,P1_outputs_path_100_to_300
2036,851183.1861994262,208,P1_outputs_path_100_to_300
2037,909439.2785626792,208,P1_outputs_path_100_to_300
2038,1044695.132078332,208,P1_outputs_path_100_to_300
2039,1153519.883090977,208,P1_outputs_path_100_to_300
2040,1302289.597468133,208,P1_outputs_path_100_to_300
2041,1608627.7116479718,208,P1_outputs_path_100_to_300
2042,1672072.6581826708,208,P1_outputs_path_100_to_300
2043,1610484.0670930953,208,P1_outputs_path_100_to_300
2044,1528059.4206631216,208,P1_outputs_path_100_to_300
2045,1627787.1916523746,208,P1_outputs_path_100_to_300
2046,1653999.3824315711,208,P1_outputs_path_100_to_300
2047,1496718.0881603148,208,P1_outputs_path_100_to_300
2048,1752395.907604023,208,P1_outputs_path_100_to_300
2049,1817979.5013060856,208,P1_outputs_path_100_to_300
2050,1915111.3122430155,208,P1_outputs_path_100_to_300
2051,1819550.3918360383,208,P1_outputs_path_100_to_300
2052,1898230.483195353,208,P1_outputs_path_100_to_300
2053,1866997.160421841,208,P1_outputs_path_100_to_300
2054,1903321.1936235973,208,P1_outputs_path_100_to_300
2055,1897837.145701151,208,P1_outputs_path_100_to_300
2056,1977624.439886497,208,P1_outputs_path_100_to_300
2057,1931517.6791048937,208,P1_outputs_path_100_to_300
2058,2090671.057306565,208,P1_outputs_path_100_to_300
2059,2028512.05341547,208,P1_outputs_path_100_to_300
2060,2088595.2068381528,208,P1_outputs_path_100_to_300
2061,2031209.783147849,208,P1_outputs_path_100_to_300
2062,2116678.679455148,208,P1_outputs_path_100_to_300
2063,2267597.089284109,208,P1_outputs_path_100_to_300
2064,2427020.3248701687,208,P1_outputs_path_100_to_300
2065,2499553.243155521,208,P1_outputs_path_100_to_300
2066,2728816.680741746,208,P1_outputs_path_100_to_300
2067,2843998.6374904416,208,P1_outputs_path_100_to_300
2068,2929823.2851484227,208,P1_outputs_path_100_to_300
2069,3125535.3861735133,208,P1_outputs_path_100_to_300
2070,3278217.326089577,208,P1_outputs_path_100_to_300
2071,3290064.579960633,208,P1_outputs_path_100_to_300
2072,3309482.2480832343,208,P1_outputs_path_100_to_300
2073,3571297.4393489608,208,P1_outputs_path_100_to_300
2074,1754715.7051080589,208,P1_outputs_path_100_to_300
2075,,208,P1_outputs_path_100_to_300
2025,0.0,209,P1_outputs_path_100_to_300
2026,45054.5717886194,209,P1_outputs_path_100_to_300
2027,106035.47399054088,209,P1_outputs_path_100_to_300
2028,169273.43180473908,209,P1_outputs_path_100_to_300
2029,244135.0688591451,209,P1_outputs_path_100_to_300
2030,360415.4060348553,209,P1_outputs_path_100_to_300
2031,411624.7728695142,209,P1_outputs_path_100_to_300
2032,558717.455970705,209,P1_outputs_path_100_to_300
2033,523824.7650201324,209,P1_outputs_path_100_to_300
2034,766604.8453094542,209,P1_outputs_path_100_to_300
2035,1038733.2401029172,209,P1_outputs_path_100_to_300
2036,974544.6917587556,209,P1_outputs_path_100_to_300
2037,1178087.0909194436,209,P1_outputs_path_100_to_300
2038,1458544.1842524596,209,P1_outputs_path_100_to_300
2039,1575947.1832712968,209,P1_outputs_path_100_to_300
2040,1598802.6556762983,209,P1_outputs_path_100_to_300
2041,1465968.9720199625,209,P1_outputs_path_100_to_300
2042,1151824.7678208535,209,P1_outputs_path_100_to_300
2043,1123863.69932704,209,P1_outputs_path_100_to_300
2044,814977.3057936714,209,P1_outputs_path_100_to_300
2045,977476.8168503444,209,P1_outputs_path_100_to_300
2046,1106979.902386138,209,P1_outputs_path_100_to_300
2047,1318767.9351105527,209,P1_outputs_path_100_to_300
2048,1272600.586841409,209,P1_outputs_path_100_to_300
2049,1458990.6575378198,209,P1_outputs_path_100_to_300
2050,1666431.8159790512,209,P1_outputs_path_100_to_300
2051,1764480.3013956563,209,P1_outputs_path_100_to_300
2052,1833824.0446612923,209,P1_outputs_path_100_to_300
2053,2028966.3749313685,209,P1_outputs_path_100_to_300
2054,2043701.5941816692,209,P1_outputs_path_100_to_300
2055,2178491.7555470658,209,P1_outputs_path_100_to_300
2056,2275744.5167908296,209,P1_outputs_path_100_to_300
2057,2287580.5989482966,209,P1_outputs_path_100_to_300
2058,2326440.136519519,209,P1_outputs_path_100_to_300
2059,2437797.1716768662,209,P1_outputs_path_100_to_300
2060,2582664.934498173,209,P1_outputs_path_100_to_300
2061,2601909.524643942,209,P1_outputs_path_100_to_300
2062,2807306.5200530305,209,P1_outputs_path_100_to_300
2063,2693915.8742035045,209,P1_outputs_path_100_to_300
2064,2878280.9527619258,209,P1_outputs_path_100_to_300
2065,2938181.328457013,209,P1_outputs_path_100_to_300
2066,3047325.230253052,209,P1_outputs_path_100_to_300
2067,3209679.2296893084,209,P1_outputs_path_100_to_300
2068,3352360.553799538,209,P1_outputs_path_100_to_300
2069,3434476.8005227805,209,P1_outputs_path_100_to_300
2070,3613667.003449226,209,P1_outputs_path_100_to_300
2071,3819487.4140211255,209,P1_outputs_path_100_to_300
2072,3931322.763723388,209,P1_outputs_path_100_to_300
2073,3959229.6150043,209,P1_outputs_path_100_to_300
2074,1738179.595942421,209,P1_outputs_path_100_to_300
2075,,209,P1_outputs_path_100_to_300
2025,0.0,210,P1_outputs_path_100_to_300
2026,56365.50853214082,210,P1_outputs_path_100_to_300
2027,103480.81419265077,210,P1_outputs_path_100_to_300
2028,135170.9660931002,210,P1_outputs_path_100_to_300
2029,189270.4747701959,210,P1_outputs_path_100_to_300
2030,200574.8007383081,210,P1_outputs_path_100_to_300
2031,281606.81696412736,210,P1_outputs_path_100_to_300
2032,343401.8114327528,210,P1_outputs_path_100_to_300
2033,451601.2842575602,210,P1_outputs_path_100_to_300
2034,684140.5802062035,210,P1_outputs_path_100_to_300
2035,764572.3097579044,210,P1_outputs_path_100_to_300
2036,1070364.2216015672,210,P1_outputs_path_100_to_300
2037,1238059.7648876214,210,P1_outputs_path_100_to_300
2038,1366503.8406563115,210,P1_outputs_path_100_to_300
2039,1675258.2631355566,210,P1_outputs_path_100_to_300
2040,1875110.1132328887,210,P1_outputs_path_100_to_300
2041,1749230.7651288006,210,P1_outputs_path_100_to_300
2042,1958020.775072429,210,P1_outputs_path_100_to_300
2043,2130717.4320009667,210,P1_outputs_path_100_to_300
2044,2004306.5154281924,210,P1_outputs_path_100_to_300
2045,2111137.072111242,210,P1_outputs_path_100_to_300
2046,2174287.105051785,210,P1_outputs_path_100_to_300
2047,2257720.0484205605,210,P1_outputs_path_100_to_300
2048,2261573.386222929,210,P1_outputs_path_100_to_300
2049,2396574.359201465,210,P1_outputs_path_100_to_300
2050,2609245.7152909576,210,P1_outputs_path_100_to_300
2051,2412479.606341793,210,P1_outputs_path_100_to_300
2052,2396053.617363764,210,P1_outputs_path_100_to_300
2053,2524906.573272534,210,P1_outputs_path_100_to_300
2054,2660292.916832928,210,P1_outputs_path_100_to_300
2055,2849799.3991411226,210,P1_outputs_path_100_to_300
2056,3058575.3253262024,210,P1_outputs_path_100_to_300
2057,3167700.533296709,210,P1_outputs_path_100_to_300
2058,3167684.081074752,210,P1_outputs_path_100_to_300
2059,3222538.0464690328,210,P1_outputs_path_100_to_300
2060,3203530.877915196,210,P1_outputs_path_100_to_300
2061,3377890.3941842746,210,P1_outputs_path_100_to_300
2062,3200775.659936906,210,P1_outputs_path_100_to_300
2063,3262602.5726822726,210,P1_outputs_path_100_to_300
2064,3239866.5573093453,210,P1_outputs_path_100_to_300
2065,3127727.736100201,210,P1_outputs_path_100_to_300
2066,3161076.069362552,210,P1_outputs_path_100_to_300
2067,3080477.048957511,210,P1_outputs_path_100_to_300
2068,3189117.4681534227,210,P1_outputs_path_100_to_300
2069,3212827.2642657277,210,P1_outputs_path_100_to_300
2070,3190813.821135302,210,P1_outputs_path_100_to_300
2071,3367324.4908860046,210,P1_outputs_path_100_to_300
2072,3557374.149054704,210,P1_outputs_path_100_to_300
2073,3700929.313329874,210,P1_outputs_path_100_to_300
2074,2055573.861777135,210,P1_outputs_path_100_to_300
2075,,210,P1_outputs_path_100_to_300
2025,0.0,211,P1_outputs_path_100_to_300
2026,61894.11142452489,211,P1_outputs_path_100_to_300
2027,111268.21611525828,211,P1_outputs_path_100_to_300
2028,174544.03937859263,211,P1_outputs_path_100_to_300
2029,227948.6486885564,211,P1_outputs_path_100_to_300
2030,336351.4963680439,211,P1_outputs_path_100_to_300
2031,381292.37066586665,211,P1_outputs_path_100_to_300
2032,452064.7564942214,211,P1_outputs_path_100_to_300
2033,547132.7353895446,211,P1_outputs_path_100_to_300
2034,497012.321387664,211,P1_outputs_path_100_to_300
2035,561680.8268187175,211,P1_outputs_path_100_to_300
2036,678094.0483914507,211,P1_outputs_path_100_to_300
2037,666829.3722632257,211,P1_outputs_path_100_to_300
2038,851985.1852382694,211,P1_outputs_path_100_to_300
2039,938641.6370937462,211,P1_outputs_path_100_to_300
2040,986239.4524678106,211,P1_outputs_path_100_to_300
2041,1218775.043287705,211,P1_outputs_path_100_to_300
2042,1362438.3247515557,211,P1_outputs_path_100_to_300
2043,1416648.3086578443,211,P1_outputs_path_100_to_300
2044,1205926.6043714006,211,P1_outputs_path_100_to_300
2045,1521118.2353429394,211,P1_outputs_path_100_to_300
2046,1657961.184578919,211,P1_outputs_path_100_to_300
2047,1834991.6818370856,211,P1_outputs_path_100_to_300
2048,1796233.7468548852,211,P1_outputs_path_100_to_300
2049,1722918.0339427907,211,P1_outputs_path_100_to_300
2050,1917683.653012856,211,P1_outputs_path_100_to_300
2051,2190103.893035339,211,P1_outputs_path_100_to_300
2052,2265536.7841589814,211,P1_outputs_path_100_to_300
2053,2272621.651589347,211,P1_outputs_path_100_to_300
2054,2331151.203825077,211,P1_outputs_path_100_to_300
2055,2375885.42581305,211,P1_outputs_path_100_to_300
2056,2393984.9701652504,211,P1_outputs_path_100_to_300
2057,2515002.4013737845,211,P1_outputs_path_100_to_300
2058,2426970.2628676197,211,P1_outputs_path_100_to_300
2059,2582342.332723833,211,P1_outputs_path_100_to_300
2060,2600590.092649595,211,P1_outputs_path_100_to_300
2061,2845491.502082754,211,P1_outputs_path_100_to_300
2062,2779713.6144038434,211,P1_outputs_path_100_to_300
2063,2866445.698437797,211,P1_outputs_path_100_to_300
2064,3080970.122508549,211,P1_outputs_path_100_to_300
2065,3114429.9271739307,211,P1_outputs_path_100_to_300
2066,3301314.776458892,211,P1_outputs_path_100_to_300
2067,3215191.9665699103,211,P1_outputs_path_100_to_300
2068,3255340.8922934025,211,P1_outputs_path_100_to_300
2069,3355539.6179193286,211,P1_outputs_path_100_to_300
2070,3409813.0102642104,211,P1_outputs_path_100_to_300
2071,3423197.102332869,211,P1_outputs_path_100_to_300
2072,3491086.3137541683,211,P1_outputs_path_100_to_300
2073,3474738.1269686096,211,P1_outputs_path_100_to_300
2074,1791143.703059262,211,P1_outputs_path_100_to_300
2075,,211,P1_outputs_path_100_to_300
2025,0.0,212,P1_outputs_path_100_to_300
2026,62281.38850718945,212,P1_outputs_path_100_to_300
2027,122541.5441947874,212,P1_outputs_path_100_to_300
2028,187432.7866833611,212,P1_outputs_path_100_to_300
2029,227341.3933007503,212,P1_outputs_path_100_to_300
2030,344960.83187695534,212,P1_outputs_path_100_to_300
2031,553293.1213715891,212,P1_outputs_path_100_to_300
2032,718874.9316587102,212,P1_outputs_path_100_to_300
2033,803240.2556923135,212,P1_outputs_path_100_to_300
2034,206253.2986537842,212,P1_outputs_path_100_to_300
2035,223896.73879174795,212,P1_outputs_path_100_to_300
2036,294399.6531952284,212,P1_outputs_path_100_to_300
2037,350726.77774102835,212,P1_outputs_path_100_to_300
2038,417556.4141600189,212,P1_outputs_path_100_to_300
2039,587313.2131708083,212,P1_outputs_path_100_to_300
2040,685191.13384911,212,P1_outputs_path_100_to_300
2041,784389.0155945086,212,P1_outputs_path_100_to_300
2042,748145.7610487475,212,P1_outputs_path_100_to_300
2043,676845.4452913138,212,P1_outputs_path_100_to_300
2044,608149.6751532954,212,P1_outputs_path_100_to_300
2045,746514.1446420696,212,P1_outputs_path_100_to_300
2046,705358.234711961,212,P1_outputs_path_100_to_300
2047,835246.1414204213,212,P1_outputs_path_100_to_300
2048,831188.0391109968,212,P1_outputs_path_100_to_300
2049,883386.1218836667,212,P1_outputs_path_100_to_300
2050,950732.1748094384,212,P1_outputs_path_100_to_300
2051,1201229.8260203495,212,P1_outputs_path_100_to_300
2052,1205890.620445254,212,P1_outputs_path_100_to_300
2053,1264732.7420565863,212,P1_outputs_path_100_to_300
2054,1315615.5216620383,212,P1_outputs_path_100_to_300
2055,1490627.3932356848,212,P1_outputs_path_100_to_300
2056,1866383.7317030132,212,P1_outputs_path_100_to_300
2057,2062106.1149587524,212,P1_outputs_path_100_to_300
2058,2041085.3085280417,212,P1_outputs_path_100_to_300
2059,2227903.8865293427,212,P1_outputs_path_100_to_300
2060,2440040.975546887,212,P1_outputs_path_100_to_300
2061,2462639.478213813,212,P1_outputs_path_100_to_300
2062,2401409.546232772,212,P1_outputs_path_100_to_300
2063,2117405.0080596907,212,P1_outputs_path_100_to_300
2064,2180119.7967824964,212,P1_outputs_path_100_to_300
2065,2102768.6846482903,212,P1_outputs_path_100_to_300
2066,2155478.529410209,212,P1_outputs_path_100_to_300
2067,2154223.383474563,212,P1_outputs_path_100_to_300
2068,2187255.4912426905,212,P1_outputs_path_100_to_300
2069,2246987.8878020514,212,P1_outputs_path_100_to_300
2070,2338724.8198287976,212,P1_outputs_path_100_to_300
2071,2444876.5018795454,212,P1_outputs_path_100_to_300
2072,2417389.160349943,212,P1_outputs_path_100_to_300
2073,2622302.5065226485,212,P1_outputs_path_100_to_300
2074,697983.9796826558,212,P1_outputs_path_100_to_300
2075,,212,P1_outputs_path_100_to_300
2025,0.0,213,P1_outputs_path_100_to_300
2026,82258.1120770554,213,P1_outputs_path_100_to_300
2027,142674.99627495545,213,P1_outputs_path_100_to_300
2028,224815.60167601675,213,P1_outputs_path_100_to_300
2029,306331.3894622794,213,P1_outputs_path_100_to_300
2030,297283.8100788033,213,P1_outputs_path_100_to_300
2031,308812.32536649273,213,P1_outputs_path_100_to_300
2032,307288.09577331203,213,P1_outputs_path_100_to_300
2033,369352.07991968817,213,P1_outputs_path_100_to_300
2034,529880.5701054097,213,P1_outputs_path_100_to_300
2035,502428.4721180992,213,P1_outputs_path_100_to_300
2036,593339.9799808599,213,P1_outputs_path_100_to_300
2037,669715.84668079,213,P1_outputs_path_100_to_300
2038,883108.5788402187,213,P1_outputs_path_100_to_300
2039,1015570.7332881832,213,P1_outputs_path_100_to_300
2040,1248501.619147275,213,P1_outputs_path_100_to_300
2041,1636423.4298930091,213,P1_outputs_path_100_to_300
2042,1552153.4522571412,213,P1_outputs_path_100_to_300
2043,1296410.8827910451,213,P1_outputs_path_100_to_300
2044,1457596.975742454,213,P1_outputs_path_100_to_300
2045,1589111.1947353168,213,P1_outputs_path_100_to_300
2046,1898878.890548908,213,P1_outputs_path_100_to_300
2047,1905612.2949796692,213,P1_outputs_path_100_to_300
2048,1899449.970209577,213,P1_outputs_path_100_to_300
2049,1996357.6920503825,213,P1_outputs_path_100_to_300
2050,2139687.645074038,213,P1_outputs_path_100_to_300
2051,2184406.83313581,213,P1_outputs_path_100_to_300
2052,2082429.7605155392,213,P1_outputs_path_100_to_300
2053,2189423.883868784,213,P1_outputs_path_100_to_300
2054,2174016.925867117,213,P1_outputs_path_100_to_300
2055,2290677.504098545,213,P1_outputs_path_100_to_300
2056,2314311.786274051,213,P1_outputs_path_100_to_300
2057,2363124.5493913684,213,P1_outputs_path_100_to_300
2058,2348211.2231527283,213,P1_outputs_path_100_to_300
2059,2388702.845289391,213,P1_outputs_path_100_to_300
2060,2407737.599571252,213,P1_outputs_path_100_to_300
2061,2350557.9684551656,213,P1_outputs_path_100_to_300
2062,2517869.6358501487,213,P1_outputs_path_100_to_300
2063,2668945.599689436,213,P1_outputs_path_100_to_300
2064,2654090.5323311286,213,P1_outputs_path_100_to_300
2065,2967351.7742757024,213,P1_outputs_path_100_to_300
2066,3156272.254110311,213,P1_outputs_path_100_to_300
2067,3319469.983391148,213,P1_outputs_path_100_to_300
2068,3166565.0755502754,213,P1_outputs_path_100_to_300
2069,3045992.546865822,213,P1_outputs_path_100_to_300
2070,2972576.6307026497,213,P1_outputs_path_100_to_300
2071,2959712.859490525,213,P1_outputs_path_100_to_300
2072,3266803.053898153,213,P1_outputs_path_100_to_300
2073,3280817.4727183823,213,P1_outputs_path_100_to_300
2074,1326890.960100636,213,P1_outputs_path_100_to_300
2075,,213,P1_outputs_path_100_to_300
2025,0.0,214,P1_outputs_path_100_to_300
2026,60936.01305154306,214,P1_outputs_path_100_to_300
2027,124303.67210960855,214,P1_outputs_path_100_to_300
2028,176283.9564983769,214,P1_outputs_path_100_to_300
2029,260923.29835373297,214,P1_outputs_path_100_to_300
2030,362135.4908574606,214,P1_outputs_path_100_to_300
2031,444273.2749557009,214,P1_outputs_path_100_to_300
2032,724760.3378477904,214,P1_outputs_path_100_to_300
2033,799241.7695585538,214,P1_outputs_path_100_to_300
2034,181274.19519926573,214,P1_outputs_path_100_to_300
2035,229831.79227852685,214,P1_outputs_path_100_to_300
2036,309533.5795974268,214,P1_outputs_path_100_to_300
2037,367266.3385383339,214,P1_outputs_path_100_to_300
2038,440785.8603330764,214,P1_outputs_path_100_to_300
2039,510132.1744326868,214,P1_outputs_path_100_to_300
2040,540657.0208592523,214,P1_outputs_path_100_to_300
2041,614712.8628803057,214,P1_outputs_path_100_to_300
2042,663409.8477492746,214,P1_outputs_path_100_to_300
2043,733571.7124715177,214,P1_outputs_path_100_to_300
2044,837954.3521994872,214,P1_outputs_path_100_to_300
2045,872076.4101793125,214,P1_outputs_path_100_to_300
2046,1077216.6404952295,214,P1_outputs_path_100_to_300
2047,1190924.4014140018,214,P1_outputs_path_100_to_300
2048,1385532.2930175457,214,P1_outputs_path_100_to_300
2049,1625939.2190787904,214,P1_outputs_path_100_to_300
2050,1551002.045888158,214,P1_outputs_path_100_to_300
2051,1814651.9669773155,214,P1_outputs_path_100_to_300
2052,2029812.725856276,214,P1_outputs_path_100_to_300
2053,2142550.929064311,214,P1_outputs_path_100_to_300
2054,2312943.3582379124,214,P1_outputs_path_100_to_300
2055,2317959.238423405,214,P1_outputs_path_100_to_300
2056,2306662.7948087105,214,P1_outputs_path_100_to_300
2057,2378370.742274619,214,P1_outputs_path_100_to_300
2058,2466128.0321844984,214,P1_outputs_path_100_to_300
2059,2420585.3964963416,214,P1_outputs_path_100_to_300
2060,2553330.395321765,214,P1_outputs_path_100_to_300
2061,2803586.964521055,214,P1_outputs_path_100_to_300
2062,2957391.734315657,214,P1_outputs_path_100_to_300
2063,3055248.3141093366,214,P1_outputs_path_100_to_300
2064,2877896.575606919,214,P1_outputs_path_100_to_300
2065,2879241.2840406555,214,P1_outputs_path_100_to_300
2066,3075852.684912903,214,P1_outputs_path_100_to_300
2067,3124695.7727315463,214,P1_outputs_path_100_to_300
2068,3255322.715262507,214,P1_outputs_path_100_to_300
2069,3501550.288173053,214,P1_outputs_path_100_to_300
2070,3662049.861125991,214,P1_outputs_path_100_to_300
2071,3754176.301671792,214,P1_outputs_path_100_to_300
2072,3611823.964935647,214,P1_outputs_path_100_to_300
2073,3800038.534838875,214,P1_outputs_path_100_to_300
2074,1691691.573475321,214,P1_outputs_path_100_to_300
2075,,214,P1_outputs_path_100_to_300
2025,0.0,215,P1_outputs_path_100_to_300
2026,49768.87827180785,215,P1_outputs_path_100_to_300
2027,103489.9221541892,215,P1_outputs_path_100_to_300
2028,206633.37686985667,215,P1_outputs_path_100_to_300
2029,248516.0406916805,215,P1_outputs_path_100_to_300
2030,290299.17658481863,215,P1_outputs_path_100_to_300
2031,277246.7349539408,215,P1_outputs_path_100_to_300
2032,324910.3965543057,215,P1_outputs_path_100_to_300
2033,396627.4789428703,215,P1_outputs_path_100_to_300
2034,446683.4991544887,215,P1_outputs_path_100_to_300
2035,488183.4037716216,215,P1_outputs_path_100_to_300
2036,604827.684634019,215,P1_outputs_path_100_to_300
2037,814321.146300466,215,P1_outputs_path_100_to_300
2038,903005.7690415672,215,P1_outputs_path_100_to_300
2039,861735.4319389848,215,P1_outputs_path_100_to_300
2040,970695.47590458,215,P1_outputs_path_100_to_300
2041,1171377.3790681905,215,P1_outputs_path_100_to_300
2042,1515636.327613405,215,P1_outputs_path_100_to_300
2043,1444430.8177471138,215,P1_outputs_path_100_to_300
2044,1225285.6732798102,215,P1_outputs_path_100_to_300
2045,1246507.4987537826,215,P1_outputs_path_100_to_300
2046,1585113.3298215033,215,P1_outputs_path_100_to_300
2047,1748705.546989043,215,P1_outputs_path_100_to_300
2048,1662793.4442773846,215,P1_outputs_path_100_to_300
2049,1845032.4886824768,215,P1_outputs_path_100_to_300
2050,1940033.862636215,215,P1_outputs_path_100_to_300
2051,2048083.1400906653,215,P1_outputs_path_100_to_300
2052,2048957.889722827,215,P1_outputs_path_100_to_300
2053,2155104.395056657,215,P1_outputs_path_100_to_300
2054,2315821.500093671,215,P1_outputs_path_100_to_300
2055,2445107.780014112,215,P1_outputs_path_100_to_300
2056,2548029.67859006,215,P1_outputs_path_100_to_300
2057,2495654.5374430385,215,P1_outputs_path_100_to_300
2058,2564665.177522356,215,P1_outputs_path_100_to_300
2059,2583593.5302228644,215,P1_outputs_path_100_to_300
2060,2531483.8993271394,215,P1_outputs_path_100_to_300
2061,2520256.223831368,215,P1_outputs_path_100_to_300
2062,2704617.427778669,215,P1_outputs_path_100_to_300
2063,2850501.259111141,215,P1_outputs_path_100_to_300
2064,3020956.685580145,215,P1_outputs_path_100_to_300
2065,2991326.379400486,215,P1_outputs_path_100_to_300
2066,3038250.020694684,215,P1_outputs_path_100_to_300
2067,2980057.4112006025,215,P1_outputs_path_100_to_300
2068,2916520.280747385,215,P1_outputs_path_100_to_300
2069,3082696.916162583,215,P1_outputs_path_100_to_300
2070,3323310.4603654905,215,P1_outputs_path_100_to_300
2071,3373039.8042452736,215,P1_outputs_path_100_to_300
2072,3439411.8397176,215,P1_outputs_path_100_to_300
2073,3389833.957141136,215,P1_outputs_path_100_to_300
2074,1372643.5783647674,215,P1_outputs_path_100_to_300
2075,,215,P1_outputs_path_100_to_300
2025,0.0,216,P1_outputs_path_100_to_300
2026,73795.26500958158,216,P1_outputs_path_100_to_300
2027,121229.71566775344,216,P1_outputs_path_100_to_300
2028,211109.02068562544,216,P1_outputs_path_100_to_300
2029,243541.96885257223,216,P1_outputs_path_100_to_300
2030,301209.594426969,216,P1_outputs_path_100_to_300
2031,318629.58531653776,216,P1_outputs_path_100_to_300
2032,426249.9471425552,216,P1_outputs_path_100_to_300
2033,543056.1621898678,216,P1_outputs_path_100_to_300
2034,459433.2632471812,216,P1_outputs_path_100_to_300
2035,572883.8083637141,216,P1_outputs_path_100_to_300
2036,636768.1323263103,216,P1_outputs_path_100_to_300
2037,879001.1123320512,216,P1_outputs_path_100_to_300
2038,1030088.5226373096,216,P1_outputs_path_100_to_300
2039,1090147.103361881,216,P1_outputs_path_100_to_300
2040,1322347.089068581,216,P1_outputs_path_100_to_300
2041,1353900.9878099822,216,P1_outputs_path_100_to_300
2042,1483862.9636076454,216,P1_outputs_path_100_to_300
2043,1577287.6551924855,216,P1_outputs_path_100_to_300
2044,1636051.634101765,216,P1_outputs_path_100_to_300
2045,1895954.1905112893,216,P1_outputs_path_100_to_300
2046,1911250.5806333923,216,P1_outputs_path_100_to_300
2047,2123783.194373572,216,P1_outputs_path_100_to_300
2048,2111629.766329633,216,P1_outputs_path_100_to_300
2049,2205961.3906223555,216,P1_outputs_path_100_to_300
2050,2219818.23284335,216,P1_outputs_path_100_to_300
2051,2349453.6504476247,216,P1_outputs_path_100_to_300
2052,2341000.307572488,216,P1_outputs_path_100_to_300
2053,2486854.637801534,216,P1_outputs_path_100_to_300
2054,2589341.119637484,216,P1_outputs_path_100_to_300
2055,2670839.28961786,216,P1_outputs_path_100_to_300
2056,2783822.582996484,216,P1_outputs_path_100_to_300
2057,2812114.9134041555,216,P1_outputs_path_100_to_300
2058,3007138.22395782,216,P1_outputs_path_100_to_300
2059,3150624.0153345778,216,P1_outputs_path_100_to_300
2060,3128998.08279834,216,P1_outputs_path_100_to_300
2061,2985951.565013604,216,P1_outputs_path_100_to_300
2062,3172065.019681636,216,P1_outputs_path_100_to_300
2063,3197006.0703790174,216,P1_outputs_path_100_to_300
2064,3093245.5894342563,216,P1_outputs_path_100_to_300
2065,3144471.8735922286,216,P1_outputs_path_100_to_300
2066,3208964.960057024,216,P1_outputs_path_100_to_300
2067,3219885.0219816496,216,P1_outputs_path_100_to_300
2068,3420173.966041089,216,P1_outputs_path_100_to_300
2069,3442628.490257099,216,P1_outputs_path_100_to_300
2070,3626458.2994721215,216,P1_outputs_path_100_to_300
2071,3393328.4067048514,216,P1_outputs_path_100_to_300
2072,3316152.990237083,216,P1_outputs_path_100_to_300
2073,3514560.1242459808,216,P1_outputs_path_100_to_300
2074,1703155.1107018844,216,P1_outputs_path_100_to_300
2075,,216,P1_outputs_path_100_to_300
2025,0.0,217,P1_outputs_path_100_to_300
2026,57637.8707954353,217,P1_outputs_path_100_to_300
2027,111284.68398614918,217,P1_outputs_path_100_to_300
2028,157629.68368301663,217,P1_outputs_path_100_to_300
2029,231110.43660958557,217,P1_outputs_path_100_to_300
2030,265602.33473847026,217,P1_outputs_path_100_to_300
2031,320620.7934370417,217,P1_outputs_path_100_to_300
2032,392663.5058606837,217,P1_outputs_path_100_to_300
2033,385590.61730242526,217,P1_outputs_path_100_to_300
2034,738089.50296183,217,P1_outputs_path_100_to_300
2035,791895.0422109172,217,P1_outputs_path_100_to_300
2036,1062521.9997230994,217,P1_outputs_path_100_to_300
2037,1160987.5448033889,217,P1_outputs_path_100_to_300
2038,1426168.798448266,217,P1_outputs_path_100_to_300
2039,1712381.473251152,217,P1_outputs_path_100_to_300
2040,1740403.6726203044,217,P1_outputs_path_100_to_300
2041,1666649.5759026147,217,P1_outputs_path_100_to_300
2042,2022703.697237596,217,P1_outputs_path_100_to_300
2043,1952155.5396064855,217,P1_outputs_path_100_to_300
2044,1958328.2922555453,217,P1_outputs_path_100_to_300
2045,2004906.529426429,217,P1_outputs_path_100_to_300
2046,2130124.643240541,217,P1_outputs_path_100_to_300
2047,2213506.1271047564,217,P1_outputs_path_100_to_300
2048,2219008.6183891627,217,P1_outputs_path_100_to_300
2049,2199128.944119498,217,P1_outputs_path_100_to_300
2050,2466573.380873615,217,P1_outputs_path_100_to_300
2051,2628031.852689445,217,P1_outputs_path_100_to_300
2052,2554872.3314948333,217,P1_outputs_path_100_to_300
2053,2462799.2829872654,217,P1_outputs_path_100_to_300
2054,2453709.574894893,217,P1_outputs_path_100_to_300
2055,2590949.3435393884,217,P1_outputs_path_100_to_300
2056,2683022.807069892,217,P1_outputs_path_100_to_300
2057,2827483.192089612,217,P1_outputs_path_100_to_300
2058,2696945.7235997226,217,P1_outputs_path_100_to_300
2059,2807809.890236392,217,P1_outputs_path_100_to_300
2060,2801712.412184869,217,P1_outputs_path_100_to_300
2061,2963445.5050139227,217,P1_outputs_path_100_to_300
2062,2980152.052708104,217,P1_outputs_path_100_to_300
2063,2790395.728397069,217,P1_outputs_path_100_to_300
2064,3015909.237609493,217,P1_outputs_path_100_to_300
2065,3163270.7455222565,217,P1_outputs_path_100_to_300
2066,3155785.5387299424,217,P1_outputs_path_100_to_300
2067,3203082.022223325,217,P1_outputs_path_100_to_300
2068,3185907.3152259705,217,P1_outputs_path_100_to_300
2069,3502031.9960111,217,P1_outputs_path_100_to_300
2070,3474157.887124293,217,P1_outputs_path_100_to_300
2071,3379604.7206677613,217,P1_outputs_path_100_to_300
2072,3440441.4404894696,217,P1_outputs_path_100_to_300
2073,3289458.7252414334,217,P1_outputs_path_100_to_300
2074,1349306.8647556726,217,P1_outputs_path_100_to_300
2075,,217,P1_outputs_path_100_to_300
2025,0.0,218,P1_outputs_path_100_to_300
2026,46895.72453117443,218,P1_outputs_path_100_to_300
2027,100568.9500304956,218,P1_outputs_path_100_to_300
2028,164524.49366313597,218,P1_outputs_path_100_to_300
2029,211051.79849628708,218,P1_outputs_path_100_to_300
2030,309557.9957072383,218,P1_outputs_path_100_to_300
2031,402220.7064953118,218,P1_outputs_path_100_to_300
2032,471232.66082509496,218,P1_outputs_path_100_to_300
2033,455869.5094218114,218,P1_outputs_path_100_to_300
2034,507146.0597140904,218,P1_outputs_path_100_to_300
2035,547912.9061705547,218,P1_outputs_path_100_to_300
2036,683623.2963847246,218,P1_outputs_path_100_to_300
2037,766661.8650335157,218,P1_outputs_path_100_to_300
2038,879429.168560627,218,P1_outputs_path_100_to_300
2039,1074209.1479667227,218,P1_outputs_path_100_to_300
2040,1171829.740048134,218,P1_outputs_path_100_to_300
2041,1414967.2279066597,218,P1_outputs_path_100_to_300
2042,1560414.0327659938,218,P1_outputs_path_100_to_300
2043,1642959.7794624304,218,P1_outputs_path_100_to_300
2044,1432371.7407901958,218,P1_outputs_path_100_to_300
2045,1602531.356781281,218,P1_outputs_path_100_to_300
2046,1724271.6509666706,218,P1_outputs_path_100_to_300
2047,1706677.4849763424,218,P1_outputs_path_100_to_300
2048,1596092.3805338826,218,P1_outputs_path_100_to_300
2049,1718655.0695520907,218,P1_outputs_path_100_to_300
2050,1777595.5673436625,218,P1_outputs_path_100_to_300
2051,1882304.0472089923,218,P1_outputs_path_100_to_300
2052,2127037.8079640847,218,P1_outputs_path_100_to_300
2053,2169579.4950513183,218,P1_outputs_path_100_to_300
2054,2296095.1466211528,218,P1_outputs_path_100_to_300
2055,2375789.6989058307,218,P1_outputs_path_100_to_300
2056,2524426.118928933,218,P1_outputs_path_100_to_300
2057,2588011.20688478,218,P1_outputs_path_100_to_300
2058,2623699.4622761835,218,P1_outputs_path_100_to_300
2059,2608184.60256828,218,P1_outputs_path_100_to_300
2060,2723024.754903805,218,P1_outputs_path_100_to_300
2061,2810505.6714684824,218,P1_outputs_path_100_to_300
2062,2876493.000657048,218,P1_outputs_path_100_to_300
2063,2954073.388667432,218,P1_outputs_path_100_to_300
2064,2817027.96970288,218,P1_outputs_path_100_to_300
2065,2854339.0412185225,218,P1_outputs_path_100_to_300
2066,2916255.4832717218,218,P1_outputs_path_100_to_300
2067,2957089.769288639,218,P1_outputs_path_100_to_300
2068,3047387.3071012665,218,P1_outputs_path_100_to_300
2069,3114196.8275794084,218,P1_outputs_path_100_to_300
2070,3126322.1566402884,218,P1_outputs_path_100_to_300
2071,3213001.075317089,218,P1_outputs_path_100_to_300
2072,3205820.8292552037,218,P1_outputs_path_100_to_300
2073,3321483.027188468,218,P1_outputs_path_100_to_300
2074,1607161.1073821771,218,P1_outputs_path_100_to_300
2075,,218,P1_outputs_path_100_to_300
2025,0.0,219,P1_outputs_path_100_to_300
2026,57064.22438423573,219,P1_outputs_path_100_to_300
2027,116046.9058472744,219,P1_outputs_path_100_to_300
2028,159714.4273819811,219,P1_outputs_path_100_to_300
2029,178929.7163335528,219,P1_outputs_path_100_to_300
2030,234174.36386321957,219,P1_outputs_path_100_to_300
2031,315402.58435085486,219,P1_outputs_path_100_to_300
2032,305158.5292393473,219,P1_outputs_path_100_to_300
2033,440460.6923154952,219,P1_outputs_path_100_to_300
2034,510927.38089958834,219,P1_outputs_path_100_to_300
2035,564046.2605085794,219,P1_outputs_path_100_to_300
2036,686909.3544339909,219,P1_outputs_path_100_to_300
2037,782269.0168274757,219,P1_outputs_path_100_to_300
2038,993504.0975550064,219,P1_outputs_path_100_to_300
2039,1019973.6290539502,219,P1_outputs_path_100_to_300
2040,1164285.3968218225,219,P1_outputs_path_100_to_300
2041,1022951.842281172,219,P1_outputs_path_100_to_300
2042,1154492.6486940896,219,P1_outputs_path_100_to_300
2043,1142939.1233622902,219,P1_outputs_path_100_to_300
2044,1117539.4394639505,219,P1_outputs_path_100_to_300
2045,1214198.064969496,219,P1_outputs_path_100_to_300
2046,1017350.5889136178,219,P1_outputs_path_100_to_300
2047,1257632.9697737535,219,P1_outputs_path_100_to_300
2048,1478643.4170003915,219,P1_outputs_path_100_to_300
2049,1555178.9111802136,219,P1_outputs_path_100_to_300
2050,1755460.1436213874,219,P1_outputs_path_100_to_300
2051,1811661.7098133909,219,P1_outputs_path_100_to_300
2052,1897478.2890794573,219,P1_outputs_path_100_to_300
2053,2059930.3654947996,219,P1_outputs_path_100_to_300
2054,2230257.524806453,219,P1_outputs_path_100_to_300
2055,2261183.337469432,219,P1_outputs_path_100_to_300
2056,2440878.0531921973,219,P1_outputs_path_100_to_300
2057,2479500.100982046,219,P1_outputs_path_100_to_300
2058,2455610.287298998,219,P1_outputs_path_100_to_300
2059,2516576.4586631767,219,P1_outputs_path_100_to_300
2060,2546157.9060694296,219,P1_outputs_path_100_to_300
2061,2342286.1141390614,219,P1_outputs_path_100_to_300
2062,2412402.781790484,219,P1_outputs_path_100_to_300
2063,2518766.408282476,219,P1_outputs_path_100_to_300
2064,2407112.705344529,219,P1_outputs_path_100_to_300
2065,2632992.818983267,219,P1_outputs_path_100_to_300
2066,2620135.7449118737,219,P1_outputs_path_100_to_300
2067,2855032.940665185,219,P1_outputs_path_100_to_300
2068,2999545.741719993,219,P1_outputs_path_100_to_300
2069,3147501.4524882725,219,P1_outputs_path_100_to_300
2070,3426889.764212477,219,P1_outputs_path_100_to_300
2071,3602305.431497514,219,P1_outputs_path_100_to_300
2072,3594916.792105604,219,P1_outputs_path_100_to_300
2073,3427011.737560902,219,P1_outputs_path_100_to_300
2074,1604761.7609427,219,P1_outputs_path_100_to_300
2075,,219,P1_outputs_path_100_to_300
2025,0.0,220,P1_outputs_path_100_to_300
2026,43997.93299689292,220,P1_outputs_path_100_to_300
2027,106862.29763875576,220,P1_outputs_path_100_to_300
2028,169440.4660028952,220,P1_outputs_path_100_to_300
2029,260579.6562217932,220,P1_outputs_path_100_to_300
2030,324641.4888949519,220,P1_outputs_path_100_to_300
2031,344298.84380257287,220,P1_outputs_path_100_to_300
2032,405542.4328012274,220,P1_outputs_path_100_to_300
2033,545304.5969192189,220,P1_outputs_path_100_to_300
2034,666503.6288220518,220,P1_outputs_path_100_to_300
2035,593985.4422851048,220,P1_outputs_path_100_to_300
2036,681584.3124682587,220,P1_outputs_path_100_to_300
2037,753410.1083731448,220,P1_outputs_path_100_to_300
2038,844636.958020558,220,P1_outputs_path_100_to_300
2039,985567.0077485132,220,P1_outputs_path_100_to_300
2040,1123474.6856567813,220,P1_outputs_path_100_to_300
2041,1231565.5464254958,220,P1_outputs_path_100_to_300
2042,1256072.612056563,220,P1_outputs_path_100_to_300
2043,1422836.950508359,220,P1_outputs_path_100_to_300
2044,1088845.1384135492,220,P1_outputs_path_100_to_300
2045,1184449.6686500572,220,P1_outputs_path_100_to_300
2046,1437269.994087088,220,P1_outputs_path_100_to_300
2047,1446437.822005366,220,P1_outputs_path_100_to_300
2048,1305149.6231718222,220,P1_outputs_path_100_to_300
2049,1533749.373933253,220,P1_outputs_path_100_to_300
2050,1579225.7164696164,220,P1_outputs_path_100_to_300
2051,1523506.9090536623,220,P1_outputs_path_100_to_300
2052,1851690.768512032,220,P1_outputs_path_100_to_300
2053,1732503.7693019283,220,P1_outputs_path_100_to_300
2054,1720756.5496364029,220,P1_outputs_path_100_to_300
2055,2031034.1371767125,220,P1_outputs_path_100_to_300
2056,2067852.09813872,220,P1_outputs_path_100_to_300
2057,2058325.764203366,220,P1_outputs_path_100_to_300
2058,2013856.4390512093,220,P1_outputs_path_100_to_300
2059,2097587.8100717627,220,P1_outputs_path_100_to_300
2060,2096935.8385585565,220,P1_outputs_path_100_to_300
2061,2165700.976645004,220,P1_outputs_path_100_to_300
2062,2259370.051154691,220,P1_outputs_path_100_to_300
2063,2366926.2803057344,220,P1_outputs_path_100_to_300
2064,2507164.14637495,220,P1_outputs_path_100_to_300
2065,2529023.012042644,220,P1_outputs_path_100_to_300
2066,2515379.0909116496,220,P1_outputs_path_100_to_300
2067,2736322.7332955133,220,P1_outputs_path_100_to_300
2068,2732594.274748278,220,P1_outputs_path_100_to_300
2069,2794045.2705752254,220,P1_outputs_path_100_to_300
2070,2888861.6324525867,220,P1_outputs_path_100_to_300
2071,2775741.7521567307,220,P1_outputs_path_100_to_300
2072,2787551.497872732,220,P1_outputs_path_100_to_300
2073,2790153.933013109,220,P1_outputs_path_100_to_300
2074,1058925.2488949571,220,P1_outputs_path_100_to_300
2075,,220,P1_outputs_path_100_to_300
2025,0.0,221,P1_outputs_path_100_to_300
2026,65965.73572864992,221,P1_outputs_path_100_to_300
2027,135008.96143084322,221,P1_outputs_path_100_to_300
2028,189568.14055875107,221,P1_outputs_path_100_to_300
2029,223827.29470981803,221,P1_outputs_path_100_to_300
2030,300094.1328673148,221,P1_outputs_path_100_to_300
2031,353983.2564527397,221,P1_outputs_path_100_to_300
2032,389026.9413883832,221,P1_outputs_path_100_to_300
2033,476839.6711957011,221,P1_outputs_path_100_to_300
2034,675925.9020687322,221,P1_outputs_path_100_to_300
2035,802883.4745003495,221,P1_outputs_path_100_to_300
2036,790844.2514906354,221,P1_outputs_path_100_to_300
2037,1018609.0424311026,221,P1_outputs_path_100_to_300
2038,1111616.9356369274,221,P1_outputs_path_100_to_300
2039,1216197.231746636,221,P1_outputs_path_100_to_300
2040,1284826.0665890838,221,P1_outputs_path_100_to_300
2041,1462778.273956861,221,P1_outputs_path_100_to_300
2042,1672636.753050034,221,P1_outputs_path_100_to_300
2043,1893923.797442464,221,P1_outputs_path_100_to_300
2044,1946770.097677796,221,P1_outputs_path_100_to_300
2045,2098325.4542934303,221,P1_outputs_path_100_to_300
2046,2084566.831586112,221,P1_outputs_path_100_to_300
2047,2095582.1063361424,221,P1_outputs_path_100_to_300
2048,2214254.8166380883,221,P1_outputs_path_100_to_300
2049,2176531.9473047582,221,P1_outputs_path_100_to_300
2050,2139491.469085099,221,P1_outputs_path_100_to_300
2051,2261148.9022111096,221,P1_outputs_path_100_to_300
2052,2278692.8471950325,221,P1_outputs_path_100_to_300
2053,2381727.843499828,221,P1_outputs_path_100_to_300
2054,2488814.246938278,221,P1_outputs_path_100_to_300
2055,2590177.1101083844,221,P1_outputs_path_100_to_300
2056,2639762.3781832345,221,P1_outputs_path_100_to_300
2057,2680189.2590284147,221,P1_outputs_path_100_to_300
2058,2764714.1577549754,221,P1_outputs_path_100_to_300
2059,2762154.2616027133,221,P1_outputs_path_100_to_300
2060,2726298.4803264644,221,P1_outputs_path_100_to_300
2061,2765425.2992192013,221,P1_outputs_path_100_to_300
2062,2921512.937208119,221,P1_outputs_path_100_to_300
2063,2992583.3684234074,221,P1_outputs_path_100_to_300
2064,3125988.185402459,221,P1_outputs_path_100_to_300
2065,3326384.7859158814,221,P1_outputs_path_100_to_300
2066,3272919.846992661,221,P1_outputs_path_100_to_300
2067,3337153.4051931305,221,P1_outputs_path_100_to_300
2068,3527766.643007949,221,P1_outputs_path_100_to_300
2069,3366459.1982791936,221,P1_outputs_path_100_to_300
2070,3420513.628644286,221,P1_outputs_path_100_to_300
2071,3380574.282724782,221,P1_outputs_path_100_to_300
2072,3548258.8544694483,221,P1_outputs_path_100_to_300
2073,3378349.0168949664,221,P1_outputs_path_100_to_300
2074,1628495.2082557029,221,P1_outputs_path_100_to_300
2075,,221,P1_outputs_path_100_to_300
2025,0.0,222,P1_outputs_path_100_to_300
2026,58650.75840512182,222,P1_outputs_path_100_to_300
2027,113261.81713561136,222,P1_outputs_path_100_to_300
2028,172645.47289670442,222,P1_outputs_path_100_to_300
2029,244533.890845214,222,P1_outputs_path_100_to_300
2030,355365.68349857663,222,P1_outputs_path_100_to_300
2031,424115.519133306,222,P1_outputs_path_100_to_300
2032,526924.2414054271,222,P1_outputs_path_100_to_300
2033,654563.2174071085,222,P1_outputs_path_100_to_300
2034,867249.8496761983,222,P1_outputs_path_100_to_300
2035,869905.2471208841,222,P1_outputs_path_100_to_300
2036,889306.1372925405,222,P1_outputs_path_100_to_300
2037,930130.8767657272,222,P1_outputs_path_100_to_300
2038,979543.3294563356,222,P1_outputs_path_100_to_300
2039,1102270.356372119,222,P1_outputs_path_100_to_300
2040,1210479.9252395125,222,P1_outputs_path_100_to_300
2041,1426776.2898089986,222,P1_outputs_path_100_to_300
2042,1186373.179065172,222,P1_outputs_path_100_to_300
2043,1381318.6113395444,222,P1_outputs_path_100_to_300
2044,1373740.0675433371,222,P1_outputs_path_100_to_300
2045,1431667.3264547642,222,P1_outputs_path_100_to_300
2046,1381825.9859914202,222,P1_outputs_path_100_to_300
2047,1233939.3076116557,222,P1_outputs_path_100_to_300
2048,1466719.1125448889,222,P1_outputs_path_100_to_300
2049,1376427.688944056,222,P1_outputs_path_100_to_300
2050,1539532.8032047672,222,P1_outputs_path_100_to_300
2051,1631437.633868772,222,P1_outputs_path_100_to_300
2052,2012276.4299055496,222,P1_outputs_path_100_to_300
2053,2015725.3222980108,222,P1_outputs_path_100_to_300
2054,1945344.8367523437,222,P1_outputs_path_100_to_300
2055,1915684.1119983224,222,P1_outputs_path_100_to_300
2056,2057223.595995063,222,P1_outputs_path_100_to_300
2057,2189780.1929697483,222,P1_outputs_path_100_to_300
2058,2233093.1236998145,222,P1_outputs_path_100_to_300
2059,2321538.4630751964,222,P1_outputs_path_100_to_300
2060,2428405.7929814183,222,P1_outputs_path_100_to_300
2061,2479142.5905726897,222,P1_outputs_path_100_to_300
2062,2617546.465829275,222,P1_outputs_path_100_to_300
2063,2520505.495588414,222,P1_outputs_path_100_to_300
2064,2418989.9090855643,222,P1_outputs_path_100_to_300
2065,2378778.809771657,222,P1_outputs_path_100_to_300
2066,2360068.799419994,222,P1_outputs_path_100_to_300
2067,2518704.662756703,222,P1_outputs_path_100_to_300
2068,2578542.40598236,222,P1_outputs_path_100_to_300
2069,2400179.072302721,222,P1_outputs_path_100_to_300
2070,2515382.2744025057,222,P1_outputs_path_100_to_300
2071,2499097.314769395,222,P1_outputs_path_100_to_300
2072,2739455.1317848405,222,P1_outputs_path_100_to_300
2073,3006895.6817197404,222,P1_outputs_path_100_to_300
2074,1161555.1313320824,222,P1_outputs_path_100_to_300
2075,,222,P1_outputs_path_100_to_300
2025,0.0,223,P1_outputs_path_100_to_300
2026,66397.50342179295,223,P1_outputs_path_100_to_300
2027,116514.76628572532,223,P1_outputs_path_100_to_300
2028,196727.41553446604,223,P1_outputs_path_100_to_300
2029,265080.9218078697,223,P1_outputs_path_100_to_300
2030,313732.3842006678,223,P1_outputs_path_100_to_300
2031,443910.9825890827,223,P1_outputs_path_100_to_300
2032,514767.1856213479,223,P1_outputs_path_100_to_300
2033,567330.6443035488,223,P1_outputs_path_100_to_300
2034,596227.1384697125,223,P1_outputs_path_100_to_300
2035,685021.0671281406,223,P1_outputs_path_100_to_300
2036,836433.7192848688,223,P1_outputs_path_100_to_300
2037,1023080.390485813,223,P1_outputs_path_100_to_300
2038,1378881.140956631,223,P1_outputs_path_100_to_300
2039,1067206.992737016,223,P1_outputs_path_100_to_300
2040,1125517.5089511827,223,P1_outputs_path_100_to_300
2041,1293636.6160366177,223,P1_outputs_path_100_to_300
2042,1462846.7094929488,223,P1_outputs_path_100_to_300
2043,1398003.348131996,223,P1_outputs_path_100_to_300
2044,1473127.1489956975,223,P1_outputs_path_100_to_300
2045,1634795.1795776042,223,P1_outputs_path_100_to_300
2046,1676249.481101442,223,P1_outputs_path_100_to_300
2047,1975000.475675632,223,P1_outputs_path_100_to_300
2048,2069712.6430884928,223,P1_outputs_path_100_to_300
2049,2040151.414260072,223,P1_outputs_path_100_to_300
2050,2119452.490561258,223,P1_outputs_path_100_to_300
2051,2249070.148149101,223,P1_outputs_path_100_to_300
2052,2278349.504695606,223,P1_outputs_path_100_to_300
2053,2371372.767459267,223,P1_outputs_path_100_to_300
2054,2326135.5921353567,223,P1_outputs_path_100_to_300
2055,2409395.858570454,223,P1_outputs_path_100_to_300
2056,2306712.525395837,223,P1_outputs_path_100_to_300
2057,2386281.347790044,223,P1_outputs_path_100_to_300
2058,2249832.9495579246,223,P1_outputs_path_100_to_300
2059,2334231.439128753,223,P1_outputs_path_100_to_300
2060,2458712.5992020997,223,P1_outputs_path_100_to_300
2061,2635305.68626015,223,P1_outputs_path_100_to_300
2062,2932936.859493899,223,P1_outputs_path_100_to_300
2063,3073048.358196712,223,P1_outputs_path_100_to_300
2064,3076172.4055846194,223,P1_outputs_path_100_to_300
2065,2935970.152226381,223,P1_outputs_path_100_to_300
2066,2982379.4728310625,223,P1_outputs_path_100_to_300
2067,3024758.6989578805,223,P1_outputs_path_100_to_300
2068,2798894.998423669,223,P1_outputs_path_100_to_300
2069,2816547.1461229767,223,P1_outputs_path_100_to_300
2070,2615792.8526462,223,P1_outputs_path_100_to_300
2071,2548391.0414489023,223,P1_outputs_path_100_to_300
2072,2401386.5866313586,223,P1_outputs_path_100_to_300
2073,2595488.495533554,223,P1_outputs_path_100_to_300
2074,861066.6653698718,223,P1_outputs_path_100_to_300
2075,,223,P1_outputs_path_100_to_300
2025,0.0,224,P1_outputs_path_100_to_300
2026,61169.8628852716,224,P1_outputs_path_100_to_300
2027,129413.31238612192,224,P1_outputs_path_100_to_300
2028,191573.2216467265,224,P1_outputs_path_100_to_300
2029,265529.99020756123,224,P1_outputs_path_100_to_300
2030,346686.6138582056,224,P1_outputs_path_100_to_300
2031,411070.2006772431,224,P1_outputs_path_100_to_300
2032,490484.1082387832,224,P1_outputs_path_100_to_300
2033,445566.3409824303,224,P1_outputs_path_100_to_300
2034,540147.685752755,224,P1_outputs_path_100_to_300
2035,618368.6559807824,224,P1_outputs_path_100_to_300
2036,693158.341516113,224,P1_outputs_path_100_to_300
2037,786297.4258066221,224,P1_outputs_path_100_to_300
2038,873133.1852811053,224,P1_outputs_path_100_to_300
2039,939911.581095573,224,P1_outputs_path_100_to_300
2040,960115.5529546564,224,P1_outputs_path_100_to_300
2041,984045.556564666,224,P1_outputs_path_100_to_300
2042,924182.4303129902,224,P1_outputs_path_100_to_300
2043,886142.8550831067,224,P1_outputs_path_100_to_300
2044,888367.90207959,224,P1_outputs_path_100_to_300
2045,1178641.9139603025,224,P1_outputs_path_100_to_300
2046,1354192.2272767848,224,P1_outputs_path_100_to_300
2047,1679858.9723103964,224,P1_outputs_path_100_to_300
2048,1868662.2423192104,224,P1_outputs_path_100_to_300
2049,1987177.9876305088,224,P1_outputs_path_100_to_300
2050,2227624.922072777,224,P1_outputs_path_100_to_300
2051,2420037.4997633505,224,P1_outputs_path_100_to_300
2052,2477829.8097138936,224,P1_outputs_path_100_to_300
2053,2738680.7330029868,224,P1_outputs_path_100_to_300
2054,2883425.22431779,224,P1_outputs_path_100_to_300
2055,2943035.176927331,224,P1_outputs_path_100_to_300
2056,3072880.2479510074,224,P1_outputs_path_100_to_300
2057,3062263.9722448387,224,P1_outputs_path_100_to_300
2058,2975316.745172852,224,P1_outputs_path_100_to_300
2059,2921260.708009385,224,P1_outputs_path_100_to_300
2060,3107699.822738651,224,P1_outputs_path_100_to_300
2061,3250835.8097601924,224,P1_outputs_path_100_to_300
2062,3152678.055757908,224,P1_outputs_path_100_to_300
2063,3384221.494394985,224,P1_outputs_path_100_to_300
2064,3159873.931290172,224,P1_outputs_path_100_to_300
2065,3199204.3965788265,224,P1_outputs_path_100_to_300
2066,2828255.172522475,224,P1_outputs_path_100_to_300
2067,2989196.871850508,224,P1_outputs_path_100_to_300
2068,3114698.883643904,224,P1_outputs_path_100_to_300
2069,3232145.495328705,224,P1_outputs_path_100_to_300
2070,3492118.233454516,224,P1_outputs_path_100_to_300
2071,3726555.7243309775,224,P1_outputs_path_100_to_300
2072,3514836.615215351,224,P1_outputs_path_100_to_300
2073,3696393.134080352,224,P1_outputs_path_100_to_300
2074,1786013.5408853877,224,P1_outputs_path_100_to_300
2075,,224,P1_outputs_path_100_to_300
2025,0.0,225,P1_outputs_path_100_to_300
2026,46267.38806780531,225,P1_outputs_path_100_to_300
2027,103747.78758181012,225,P1_outputs_path_100_to_300
2028,155000.26165828411,225,P1_outputs_path_100_to_300
2029,237479.52405931707,225,P1_outputs_path_100_to_300
2030,360728.0719841312,225,P1_outputs_path_100_to_300
2031,389415.8665122937,225,P1_outputs_path_100_to_300
2032,727755.8850590617,225,P1_outputs_path_100_to_300
2033,753604.408313105,225,P1_outputs_path_100_to_300
2034,125227.91625142226,225,P1_outputs_path_100_to_300
2035,175942.44515512994,225,P1_outputs_path_100_to_300
2036,237724.26987879217,225,P1_outputs_path_100_to_300
2037,320324.09041192126,225,P1_outputs_path_100_to_300
2038,425840.0204073507,225,P1_outputs_path_100_to_300
2039,543177.3981092684,225,P1_outputs_path_100_to_300
2040,612652.8995911494,225,P1_outputs_path_100_to_300
2041,737256.1418284397,225,P1_outputs_path_100_to_300
2042,826113.0538269134,225,P1_outputs_path_100_to_300
2043,862792.6507853398,225,P1_outputs_path_100_to_300
2044,935407.7404301832,225,P1_outputs_path_100_to_300
2045,1022905.290508994,225,P1_outputs_path_100_to_300
2046,1271305.017344284,225,P1_outputs_path_100_to_300
2047,1450561.988626123,225,P1_outputs_path_100_to_300
2048,1424810.333788667,225,P1_outputs_path_100_to_300
2049,1576872.937082068,225,P1_outputs_path_100_to_300
2050,1692655.4400975932,225,P1_outputs_path_100_to_300
2051,1733038.103505171,225,P1_outputs_path_100_to_300
2052,1811270.3995360627,225,P1_outputs_path_100_to_300
2053,1631290.5933875677,225,P1_outputs_path_100_to_300
2054,1907711.8847830596,225,P1_outputs_path_100_to_300
2055,1868656.0583996745,225,P1_outputs_path_100_to_300
2056,1952714.9755418776,225,P1_outputs_path_100_to_300
2057,2104851.773083354,225,P1_outputs_path_100_to_300
2058,2167460.8534877216,225,P1_outputs_path_100_to_300
2059,2233356.604651455,225,P1_outputs_path_100_to_300
2060,2385743.0973085137,225,P1_outputs_path_100_to_300
2061,2427767.1697614617,225,P1_outputs_path_100_to_300
2062,2344155.811859199,225,P1_outputs_path_100_to_300
2063,2417352.506462749,225,P1_outputs_path_100_to_300
2064,2553643.844362376,225,P1_outputs_path_100_to_300
2065,2537327.923963528,225,P1_outputs_path_100_to_300
2066,2666660.026346755,225,P1_outputs_path_100_to_300
2067,2916219.966782826,225,P1_outputs_path_100_to_300
2068,3026963.55929256,225,P1_outputs_path_100_to_300
2069,3010461.107967905,225,P1_outputs_path_100_to_300
2070,2645508.45267305,225,P1_outputs_path_100_to_300
2071,2540258.7791880504,225,P1_outputs_path_100_to_300
2072,2702619.965311355,225,P1_outputs_path_100_to_300
2073,2782959.8432952343,225,P1_outputs_path_100_to_300
2074,1024232.9414750192,225,P1_outputs_path_100_to_300
2075,,225,P1_outputs_path_100_to_300
2025,0.0,226,P1_outputs_path_100_to_300
2026,50016.20905528592,226,P1_outputs_path_100_to_300
2027,108945.63172760783,226,P1_outputs_path_100_to_300
2028,147143.1257320721,226,P1_outputs_path_100_to_300
2029,208592.36958054625,226,P1_outputs_path_100_to_300
2030,324673.6063193311,226,P1_outputs_path_100_to_300
2031,403910.8095975332,226,P1_outputs_path_100_to_300
2032,507592.9087334483,226,P1_outputs_path_100_to_300
2033,616456.2172554948,226,P1_outputs_path_100_to_300
2034,741763.6010231534,226,P1_outputs_path_100_to_300
2035,844184.6554141326,226,P1_outputs_path_100_to_300
2036,901972.7123153752,226,P1_outputs_path_100_to_300
2037,1071601.8041526824,226,P1_outputs_path_100_to_300
2038,1102488.90709138,226,P1_outputs_path_100_to_300
2039,1265110.141521013,226,P1_outputs_path_100_to_300
2040,1372287.70193832,226,P1_outputs_path_100_to_300
2041,1264417.765657864,226,P1_outputs_path_100_to_300
2042,1421943.7182473654,226,P1_outputs_path_100_to_300
2043,1662873.457780138,226,P1_outputs_path_100_to_300
2044,1512071.1959850409,226,P1_outputs_path_100_to_300
2045,1647668.8290017182,226,P1_outputs_path_100_to_300
2046,1693781.073842838,226,P1_outputs_path_100_to_300
2047,1784218.9774226695,226,P1_outputs_path_100_to_300
2048,1862360.0865038435,226,P1_outputs_path_100_to_300
2049,1750749.0351930996,226,P1_outputs_path_100_to_300
2050,1765965.1088300883,226,P1_outputs_path_100_to_300
2051,1967010.8448453688,226,P1_outputs_path_100_to_300
2052,1909696.9491152384,226,P1_outputs_path_100_to_300
2053,1951658.3119416877,226,P1_outputs_path_100_to_300
2054,1818505.9845742788,226,P1_outputs_path_100_to_300
2055,1878904.6317300175,226,P1_outputs_path_100_to_300
2056,2069003.6206360452,226,P1_outputs_path_100_to_300
2057,1984092.2829767624,226,P1_outputs_path_100_to_300
2058,2041581.3832217052,226,P1_outputs_path_100_to_300
2059,2072690.74055056,226,P1_outputs_path_100_to_300
2060,2251364.4049646133,226,P1_outputs_path_100_to_300
2061,2287731.062135944,226,P1_outputs_path_100_to_300
2062,2519343.774293532,226,P1_outputs_path_100_to_300
2063,2587000.4374495787,226,P1_outputs_path_100_to_300
2064,2555756.556487313,226,P1_outputs_path_100_to_300
2065,2586427.530840024,226,P1_outputs_path_100_to_300
2066,2592364.396318125,226,P1_outputs_path_100_to_300
2067,2595327.211269129,226,P1_outputs_path_100_to_300
2068,2601610.471297956,226,P1_outputs_path_100_to_300
2069,2730223.862187077,226,P1_outputs_path_100_to_300
2070,2722044.6553178984,226,P1_outputs_path_100_to_300
2071,2817301.6370315365,226,P1_outputs_path_100_to_300
2072,2763968.704128094,226,P1_outputs_path_100_to_300
2073,2838197.7747918125,226,P1_outputs_path_100_to_300
2074,911107.2749538388,226,P1_outputs_path_100_to_300
2075,,226,P1_outputs_path_100_to_300
2025,0.0,227,P1_outputs_path_100_to_300
2026,52338.27283867284,227,P1_outputs_path_100_to_300
2027,99435.59283879682,227,P1_outputs_path_100_to_300
2028,188301.6935604346,227,P1_outputs_path_100_to_300
2029,226338.55964386047,227,P1_outputs_path_100_to_300
2030,259497.5136092337,227,P1_outputs_path_100_to_300
2031,381791.4116454957,227,P1_outputs_path_100_to_300
2032,415047.01843946095,227,P1_outputs_path_100_to_300
2033,563957.378318507,227,P1_outputs_path_100_to_300
2034,534029.9111557734,227,P1_outputs_path_100_to_300
2035,695781.8363668928,227,P1_outputs_path_100_to_300
2036,959702.8581231296,227,P1_outputs_path_100_to_300
2037,849322.035597915,227,P1_outputs_path_100_to_300
2038,851498.6615002439,227,P1_outputs_path_100_to_300
2039,827661.6820123589,227,P1_outputs_path_100_to_300
2040,874992.1458791904,227,P1_outputs_path_100_to_300
2041,1188167.9759944952,227,P1_outputs_path_100_to_300
2042,1109927.502853884,227,P1_outputs_path_100_to_300
2043,1271011.650886373,227,P1_outputs_path_100_to_300
2044,1354727.9497779976,227,P1_outputs_path_100_to_300
2045,1673923.2389013371,227,P1_outputs_path_100_to_300
2046,1750277.4811130716,227,P1_outputs_path_100_to_300
2047,1904743.3019466167,227,P1_outputs_path_100_to_300
2048,2028245.414476016,227,P1_outputs_path_100_to_300
2049,2058469.3986814555,227,P1_outputs_path_100_to_300
2050,2133427.7424002136,227,P1_outputs_path_100_to_300
2051,2249496.553153065,227,P1_outputs_path_100_to_300
2052,2292359.048516098,227,P1_outputs_path_100_to_300
2053,2322038.870572664,227,P1_outputs_path_100_to_300
2054,2479497.4883007747,227,P1_outputs_path_100_to_300
2055,2354943.9168525566,227,P1_outputs_path_100_to_300
2056,2390424.992005396,227,P1_outputs_path_100_to_300
2057,2496310.7755768164,227,P1_outputs_path_100_to_300
2058,2607431.8276087027,227,P1_outputs_path_100_to_300
2059,2766637.0668860995,227,P1_outputs_path_100_to_300
2060,2838069.5264399205,227,P1_outputs_path_100_to_300
2061,2710696.7494456046,227,P1_outputs_path_100_to_300
2062,2904673.1249535223,227,P1_outputs_path_100_to_300
2063,3002028.174503071,227,P1_outputs_path_100_to_300
2064,3023408.7971705003,227,P1_outputs_path_100_to_300
2065,3175570.2672724808,227,P1_outputs_path_100_to_300
2066,3281839.7936606915,227,P1_outputs_path_100_to_300
2067,3291619.5838717152,227,P1_outputs_path_100_to_300
2068,3443217.417265623,227,P1_outputs_path_100_to_300
2069,3478032.643559594,227,P1_outputs_path_100_to_300
2070,3429849.106344553,227,P1_outputs_path_100_to_300
2071,3494679.7045460693,227,P1_outputs_path_100_to_300
2072,3448533.002705527,227,P1_outputs_path_100_to_300
2073,3639619.71496451,227,P1_outputs_path_100_to_300
2074,1838305.0734826936,227,P1_outputs_path_100_to_300
2075,,227,P1_outputs_path_100_to_300
2025,0.0,228,P1_outputs_path_100_to_300
2026,56765.38310458153,228,P1_outputs_path_100_to_300
2027,127061.19089605693,228,P1_outputs_path_100_to_300
2028,206709.51019732756,228,P1_outputs_path_100_to_300
2029,292788.8399929992,228,P1_outputs_path_100_to_300
2030,307657.9648716552,228,P1_outputs_path_100_to_300
2031,381606.1187584617,228,P1_outputs_path_100_to_300
2032,429982.5577686705,228,P1_outputs_path_100_to_300
2033,515923.1410088508,228,P1_outputs_path_100_to_300
2034,537695.0564425791,228,P1_outputs_path_100_to_300
2035,564126.7047873507,228,P1_outputs_path_100_to_300
2036,680283.1928042745,228,P1_outputs_path_100_to_300
2037,1030040.7948322598,228,P1_outputs_path_100_to_300
2038,1224798.6479410636,228,P1_outputs_path_100_to_300
2039,1381575.0575555111,228,P1_outputs_path_100_to_300
2040,1548799.9921140838,228,P1_outputs_path_100_to_300
2041,1277453.3087395546,228,P1_outputs_path_100_to_300
2042,1405484.1815800874,228,P1_outputs_path_100_to_300
2043,1527624.4715570812,228,P1_outputs_path_100_to_300
2044,1622852.6971392226,228,P1_outputs_path_100_to_300
2045,1701694.520072742,228,P1_outputs_path_100_to_300
2046,1885290.302648736,228,P1_outputs_path_100_to_300
2047,1947224.4655992133,228,P1_outputs_path_100_to_300
2048,2033725.6535449435,228,P1_outputs_path_100_to_300
2049,2104906.706541572,228,P1_outputs_path_100_to_300
2050,2265583.626091461,228,P1_outputs_path_100_to_300
2051,2291147.6294074934,228,P1_outputs_path_100_to_300
2052,2288211.484250598,228,P1_outputs_path_100_to_300
2053,2403302.135362508,228,P1_outputs_path_100_to_300
2054,2448564.153317661,228,P1_outputs_path_100_to_300
2055,2597879.5629614056,228,P1_outputs_path_100_to_300
2056,2429886.143829792,228,P1_outputs_path_100_to_300
2057,2522567.340356157,228,P1_outputs_path_100_to_300
2058,2614464.7029117346,228,P1_outputs_path_100_to_300
2059,2698794.764694857,228,P1_outputs_path_100_to_300
2060,2804948.223799103,228,P1_outputs_path_100_to_300
2061,2895800.793581628,228,P1_outputs_path_100_to_300
2062,2783929.020943182,228,P1_outputs_path_100_to_300
2063,2995230.133857449,228,P1_outputs_path_100_to_300
2064,3135272.301676822,228,P1_outputs_path_100_to_300
2065,3315885.7465185844,228,P1_outputs_path_100_to_300
2066,3477707.23990999,228,P1_outputs_path_100_to_300
2067,3726417.193648693,228,P1_outputs_path_100_to_300
2068,3919103.557747268,228,P1_outputs_path_100_to_300
2069,3903496.964336785,228,P1_outputs_path_100_to_300
2070,3666510.913056301,228,P1_outputs_path_100_to_300
2071,3852838.901206804,228,P1_outputs_path_100_to_300
2072,3957496.870122872,228,P1_outputs_path_100_to_300
2073,4080315.316421784,228,P1_outputs_path_100_to_300
2074,2306536.48495162,228,P1_outputs_path_100_to_300
2075,,228,P1_outputs_path_100_to_300
2025,0.0,229,P1_outputs_path_100_to_300
2026,57194.83562155634,229,P1_outputs_path_100_to_300
2027,117088.29710555478,229,P1_outputs_path_100_to_300
2028,164639.17819456293,229,P1_outputs_path_100_to_300
2029,199131.68156894637,229,P1_outputs_path_100_to_300
2030,251276.42723032687,229,P1_outputs_path_100_to_300
2031,309525.5326375134,229,P1_outputs_path_100_to_300
2032,331389.9029072584,229,P1_outputs_path_100_to_300
2033,475917.7483506503,229,P1_outputs_path_100_to_300
2034,535941.707361501,229,P1_outputs_path_100_to_300
2035,740658.308211949,229,P1_outputs_path_100_to_300
2036,826380.0451556373,229,P1_outputs_path_100_to_300
2037,963598.4470979326,229,P1_outputs_path_100_to_300
2038,1194159.3286665387,229,P1_outputs_path_100_to_300
2039,1327170.1706723392,229,P1_outputs_path_100_to_300
2040,1756635.8464384072,229,P1_outputs_path_100_to_300
2041,1765927.199273209,229,P1_outputs_path_100_to_300
2042,1791917.983048967,229,P1_outputs_path_100_to_300
2043,1787064.7289021595,229,P1_outputs_path_100_to_300
2044,1825727.956850557,229,P1_outputs_path_100_to_300
2045,1816555.2773881685,229,P1_outputs_path_100_to_300
2046,2041183.790763447,229,P1_outputs_path_100_to_300
2047,2212935.9684577994,229,P1_outputs_path_100_to_300
2048,2243481.2504044063,229,P1_outputs_path_100_to_300
2049,2340528.6380440574,229,P1_outputs_path_100_to_300
2050,2431814.015443068,229,P1_outputs_path_100_to_300
2051,2696488.8151296265,229,P1_outputs_path_100_to_300
2052,2676755.1774245105,229,P1_outputs_path_100_to_300
2053,2661973.3547716374,229,P1_outputs_path_100_to_300
2054,2580005.437313281,229,P1_outputs_path_100_to_300
2055,2564007.313378276,229,P1_outputs_path_100_to_300
2056,2721865.7841546903,229,P1_outputs_path_100_to_300
2057,2772927.5405728063,229,P1_outputs_path_100_to_300
2058,2672572.31335777,229,P1_outputs_path_100_to_300
2059,2818141.839526386,229,P1_outputs_path_100_to_300
2060,2677273.219872478,229,P1_outputs_path_100_to_300
2061,2717254.4715311816,229,P1_outputs_path_100_to_300
2062,2869855.4287266466,229,P1_outputs_path_100_to_300
2063,3113621.2480573542,229,P1_outputs_path_100_to_300
2064,3132539.794826394,229,P1_outputs_path_100_to_300
2065,3249330.0381842447,229,P1_outputs_path_100_to_300
2066,3280930.0355303544,229,P1_outputs_path_100_to_300
2067,3569853.461348387,229,P1_outputs_path_100_to_300
2068,3720015.184448304,229,P1_outputs_path_100_to_300
2069,3868322.47431412,229,P1_outputs_path_100_to_300
2070,3727272.5488660815,229,P1_outputs_path_100_to_300
2071,4024897.561777589,229,P1_outputs_path_100_to_300
2072,4097341.7615411305,229,P1_outputs_path_100_to_300
2073,3976573.106996519,229,P1_outputs_path_100_to_300
2074,1804165.277239227,229,P1_outputs_path_100_to_300
2075,,229,P1_outputs_path_100_to_300
2025,0.0,230,P1_outputs_path_100_to_300
2026,45433.63738674242,230,P1_outputs_path_100_to_300
2027,94917.27864643886,230,P1_outputs_path_100_to_300
2028,182483.1388098051,230,P1_outputs_path_100_to_300
2029,224476.2426209157,230,P1_outputs_path_100_to_300
2030,312126.3716106974,230,P1_outputs_path_100_to_300
2031,376412.9465583378,230,P1_outputs_path_100_to_300
2032,436566.7933529432,230,P1_outputs_path_100_to_300
2033,546637.2010365375,230,P1_outputs_path_100_to_300
2034,411445.9282302743,230,P1_outputs_path_100_to_300
2035,495086.61488330056,230,P1_outputs_path_100_to_300
2036,654601.6725269334,230,P1_outputs_path_100_to_300
2037,724207.1802519045,230,P1_outputs_path_100_to_300
2038,830771.1832208609,230,P1_outputs_path_100_to_300
2039,892408.8229824266,230,P1_outputs_path_100_to_300
2040,940968.6369162227,230,P1_outputs_path_100_to_300
2041,938679.477651909,230,P1_outputs_path_100_to_300
2042,1097122.4861226275,230,P1_outputs_path_100_to_300
2043,1079168.535142163,230,P1_outputs_path_100_to_300
2044,1179201.5970126316,230,P1_outputs_path_100_to_300
2045,1354244.5635940372,230,P1_outputs_path_100_to_300
2046,1447516.5382146633,230,P1_outputs_path_100_to_300
2047,1430920.6995992127,230,P1_outputs_path_100_to_300
2048,1683415.6885331762,230,P1_outputs_path_100_to_300
2049,1910094.922878808,230,P1_outputs_path_100_to_300
2050,1787562.7438669382,230,P1_outputs_path_100_to_300
2051,1811203.4186278156,230,P1_outputs_path_100_to_300
2052,1979344.007902109,230,P1_outputs_path_100_to_300
2053,2038799.9429988724,230,P1_outputs_path_100_to_300
2054,2035205.9214211516,230,P1_outputs_path_100_to_300
2055,2088980.949093969,230,P1_outputs_path_100_to_300
2056,2175310.176645713,230,P1_outputs_path_100_to_300
2057,2238450.111010854,230,P1_outputs_path_100_to_300
2058,2327908.3880160763,230,P1_outputs_path_100_to_300
2059,2448006.021553284,230,P1_outputs_path_100_to_300
2060,2588774.88972172,230,P1_outputs_path_100_to_300
2061,2575289.7041867627,230,P1_outputs_path_100_to_300
2062,2754840.669675641,230,P1_outputs_path_100_to_300
2063,2872378.272288664,230,P1_outputs_path_100_to_300
2064,2773217.99871881,230,P1_outputs_path_100_to_300
2065,2949140.456684487,230,P1_outputs_path_100_to_300
2066,3042113.78503022,230,P1_outputs_path_100_to_300
2067,3207300.477507263,230,P1_outputs_path_100_to_300
2068,3359123.267519208,230,P1_outputs_path_100_to_300
2069,3554112.075361405,230,P1_outputs_path_100_to_300
2070,3713863.341733595,230,P1_outputs_path_100_to_300
2071,3661014.2361978106,230,P1_outputs_path_100_to_300
2072,3989667.438044277,230,P1_outputs_path_100_to_300
2073,3947323.749606385,230,P1_outputs_path_100_to_300
2074,2172990.0149808573,230,P1_outputs_path_100_to_300
2075,,230,P1_outputs_path_100_to_300
2025,0.0,231,P1_outputs_path_100_to_300
2026,67537.71433357887,231,P1_outputs_path_100_to_300
2027,115918.51415694995,231,P1_outputs_path_100_to_300
2028,182142.8053202601,231,P1_outputs_path_100_to_300
2029,236838.98381007917,231,P1_outputs_path_100_to_300
2030,333622.1213189183,231,P1_outputs_path_100_to_300
2031,376479.1944622873,231,P1_outputs_path_100_to_300
2032,503439.75336852384,231,P1_outputs_path_100_to_300
2033,715743.4172233925,231,P1_outputs_path_100_to_300
2034,75655.86184829904,231,P1_outputs_path_100_to_300
2035,125049.08732998362,231,P1_outputs_path_100_to_300
2036,197343.9481279029,231,P1_outputs_path_100_to_300
2037,316819.2083729115,231,P1_outputs_path_100_to_300
2038,426021.0671230537,231,P1_outputs_path_100_to_300
2039,478241.28659290064,231,P1_outputs_path_100_to_300
2040,491869.7238666565,231,P1_outputs_path_100_to_300
2041,525658.0711324391,231,P1_outputs_path_100_to_300
2042,536926.0441874701,231,P1_outputs_path_100_to_300
2043,610770.1322848025,231,P1_outputs_path_100_to_300
2044,594865.7243416308,231,P1_outputs_path_100_to_300
2045,825759.5662378,231,P1_outputs_path_100_to_300
2046,889705.5369501997,231,P1_outputs_path_100_to_300
2047,1153352.1514767583,231,P1_outputs_path_100_to_300
2048,1436544.4412635828,231,P1_outputs_path_100_to_300
2049,1681551.1637390628,231,P1_outputs_path_100_to_300
2050,1787934.1059885654,231,P1_outputs_path_100_to_300
2051,2019789.7902820548,231,P1_outputs_path_100_to_300
2052,1998170.5057532613,231,P1_outputs_path_100_to_300
2053,2153443.834085007,231,P1_outputs_path_100_to_300
2054,2097401.9428173946,231,P1_outputs_path_100_to_300
2055,2167209.116606388,231,P1_outputs_path_100_to_300
2056,2292041.247843864,231,P1_outputs_path_100_to_300
2057,2364251.5975692114,231,P1_outputs_path_100_to_300
2058,2216729.4667093675,231,P1_outputs_path_100_to_300
2059,2251138.602393812,231,P1_outputs_path_100_to_300
2060,2467896.263101045,231,P1_outputs_path_100_to_300
2061,2643731.450570253,231,P1_outputs_path_100_to_300
2062,2584117.759727793,231,P1_outputs_path_100_to_300
2063,2701701.1606232123,231,P1_outputs_path_100_to_300
2064,2840716.679124604,231,P1_outputs_path_100_to_300
2065,2884924.1214474267,231,P1_outputs_path_100_to_300
2066,3168244.280205394,231,P1_outputs_path_100_to_300
2067,3128578.872406342,231,P1_outputs_path_100_to_300
2068,3146372.29387976,231,P1_outputs_path_100_to_300
2069,2925536.043459786,231,P1_outputs_path_100_to_300
2070,3057811.5620745365,231,P1_outputs_path_100_to_300
2071,2931296.008826945,231,P1_outputs_path_100_to_300
2072,3092568.760058831,231,P1_outputs_path_100_to_300
2073,3317453.9759203456,231,P1_outputs_path_100_to_300
2074,1590905.0832104736,231,P1_outputs_path_100_to_300
2075,,231,P1_outputs_path_100_to_300
2025,0.0,232,P1_outputs_path_100_to_300
2026,53668.09102409964,232,P1_outputs_path_100_to_300
2027,122725.22824253608,232,P1_outputs_path_100_to_300
2028,199923.42168739383,232,P1_outputs_path_100_to_300
2029,293824.363214992,232,P1_outputs_path_100_to_300
2030,367995.1620072156,232,P1_outputs_path_100_to_300
2031,397451.1269288058,232,P1_outputs_path_100_to_300
2032,440679.82118399255,232,P1_outputs_path_100_to_300
2033,401845.93405974354,232,P1_outputs_path_100_to_300
2034,456659.00936611625,232,P1_outputs_path_100_to_300
2035,514283.8067028524,232,P1_outputs_path_100_to_300
2036,568945.0165430256,232,P1_outputs_path_100_to_300
2037,698855.9190013467,232,P1_outputs_path_100_to_300
2038,775948.5636387484,232,P1_outputs_path_100_to_300
2039,926089.5035419052,232,P1_outputs_path_100_to_300
2040,947535.281477032,232,P1_outputs_path_100_to_300
2041,888164.5104000549,232,P1_outputs_path_100_to_300
2042,936442.746601284,232,P1_outputs_path_100_to_300
2043,906580.2658276188,232,P1_outputs_path_100_to_300
2044,821796.2596965432,232,P1_outputs_path_100_to_300
2045,970153.9734557956,232,P1_outputs_path_100_to_300
2046,1116849.15644357,232,P1_outputs_path_100_to_300
2047,1424046.0194036926,232,P1_outputs_path_100_to_300
2048,1440230.155723045,232,P1_outputs_path_100_to_300
2049,1732027.1662993697,232,P1_outputs_path_100_to_300
2050,2079714.091446837,232,P1_outputs_path_100_to_300
2051,2013806.520195772,232,P1_outputs_path_100_to_300
2052,2011221.3482991955,232,P1_outputs_path_100_to_300
2053,2001328.8225328275,232,P1_outputs_path_100_to_300
2054,2043845.1853927425,232,P1_outputs_path_100_to_300
2055,2009846.108860739,232,P1_outputs_path_100_to_300
2056,2006610.7466880304,232,P1_outputs_path_100_to_300
2057,2171712.2302795663,232,P1_outputs_path_100_to_300
2058,2266232.571428386,232,P1_outputs_path_100_to_300
2059,2398579.646296423,232,P1_outputs_path_100_to_300
2060,2578007.065367629,232,P1_outputs_path_100_to_300
2061,2461531.154406617,232,P1_outputs_path_100_to_300
2062,2450614.284659374,232,P1_outputs_path_100_to_300
2063,2378778.191816441,232,P1_outputs_path_100_to_300
2064,2533972.985130352,232,P1_outputs_path_100_to_300
2065,2774965.6642701053,232,P1_outputs_path_100_to_300
2066,2856335.0594806345,232,P1_outputs_path_100_to_300
2067,2895206.8543409705,232,P1_outputs_path_100_to_300
2068,3091198.004105548,232,P1_outputs_path_100_to_300
2069,3131543.8095396142,232,P1_outputs_path_100_to_300
2070,2961830.1651551207,232,P1_outputs_path_100_to_300
2071,3138621.802245233,232,P1_outputs_path_100_to_300
2072,2987393.857233938,232,P1_outputs_path_100_to_300
2073,2844088.767616487,232,P1_outputs_path_100_to_300
2074,1007315.6620287003,232,P1_outputs_path_100_to_300
2075,,232,P1_outputs_path_100_to_300
2025,0.0,233,P1_outputs_path_100_to_300
2026,58985.05049242848,233,P1_outputs_path_100_to_300
2027,115585.54696325654,233,P1_outputs_path_100_to_300
2028,203259.43469916325,233,P1_outputs_path_100_to_300
2029,264287.8201870662,233,P1_outputs_path_100_to_300
2030,341826.9125062913,233,P1_outputs_path_100_to_300
2031,338897.9837812035,233,P1_outputs_path_100_to_300
2032,402547.2831698829,233,P1_outputs_path_100_to_300
2033,472729.4333613303,233,P1_outputs_path_100_to_300
2034,640632.6438396589,233,P1_outputs_path_100_to_300
2035,701387.805755862,233,P1_outputs_path_100_to_300
2036,738916.7759094008,233,P1_outputs_path_100_to_300
2037,983803.0353010148,233,P1_outputs_path_100_to_300
2038,1092586.1704606367,233,P1_outputs_path_100_to_300
2039,1108139.9351139285,233,P1_outputs_path_100_to_300
2040,1124198.4191917812,233,P1_outputs_path_100_to_300
2041,1258155.6869600583,233,P1_outputs_path_100_to_300
2042,1226024.0122814712,233,P1_outputs_path_100_to_300
2043,1435481.538691389,233,P1_outputs_path_100_to_300
2044,1471073.3036493591,233,P1_outputs_path_100_to_300
2045,1507682.2519865031,233,P1_outputs_path_100_to_300
2046,1757065.391555984,233,P1_outputs_path_100_to_300
2047,1696197.8828003015,233,P1_outputs_path_100_to_300
2048,2083110.5277067448,233,P1_outputs_path_100_to_300
2049,2292380.395635507,233,P1_outputs_path_100_to_300
2050,2300487.972032274,233,P1_outputs_path_100_to_300
2051,2296909.29465718,233,P1_outputs_path_100_to_300
2052,2236760.6480492866,233,P1_outputs_path_100_to_300
2053,2241450.1748001445,233,P1_outputs_path_100_to_300
2054,2208727.1460225293,233,P1_outputs_path_100_to_300
2055,2212716.1498427307,233,P1_outputs_path_100_to_300
2056,2205075.31346583,233,P1_outputs_path_100_to_300
2057,2376679.701673383,233,P1_outputs_path_100_to_300
2058,2469182.659156293,233,P1_outputs_path_100_to_300
2059,2394057.0546753597,233,P1_outputs_path_100_to_300
2060,2352475.4984554206,233,P1_outputs_path_100_to_300
2061,2453449.284505143,233,P1_outputs_path_100_to_300
2062,2436767.929725612,233,P1_outputs_path_100_to_300
2063,2557849.9587861523,233,P1_outputs_path_100_to_300
2064,2395388.884634719,233,P1_outputs_path_100_to_300
2065,2273824.6045074314,233,P1_outputs_path_100_to_300
2066,2465668.006053667,233,P1_outputs_path_100_to_300
2067,2574091.685826408,233,P1_outputs_path_100_to_300
2068,2667729.958261037,233,P1_outputs_path_100_to_300
2069,2770183.2706786306,233,P1_outputs_path_100_to_300
2070,2801260.985984052,233,P1_outputs_path_100_to_300
2071,2714992.230313001,233,P1_outputs_path_100_to_300
2072,2577462.3285111417,233,P1_outputs_path_100_to_300
2073,2820375.743364591,233,P1_outputs_path_100_to_300
2074,1149829.6214169937,233,P1_outputs_path_100_to_300
2075,,233,P1_outputs_path_100_to_300
2025,0.0,234,P1_outputs_path_100_to_300
2026,73598.11535416964,234,P1_outputs_path_100_to_300
2027,143563.7429719884,234,P1_outputs_path_100_to_300
2028,209192.58361044351,234,P1_outputs_path_100_to_300
2029,346121.7940246537,234,P1_outputs_path_100_to_300
2030,471927.1096892818,234,P1_outputs_path_100_to_300
2031,507089.1702872088,234,P1_outputs_path_100_to_300
2032,597393.1177530106,234,P1_outputs_path_100_to_300
2033,562690.2304100329,234,P1_outputs_path_100_to_300
2034,542033.6442135725,234,P1_outputs_path_100_to_300
2035,588817.4026342967,234,P1_outputs_path_100_to_300
2036,610050.7573249104,234,P1_outputs_path_100_to_300
2037,715083.8623294316,234,P1_outputs_path_100_to_300
2038,802045.788560817,234,P1_outputs_path_100_to_300
2039,977866.360170351,234,P1_outputs_path_100_to_300
2040,1063519.1740882995,234,P1_outputs_path_100_to_300
2041,1267305.1870847447,234,P1_outputs_path_100_to_300
2042,1091845.9533495363,234,P1_outputs_path_100_to_300
2043,1369006.923709351,234,P1_outputs_path_100_to_300
2044,1471588.3531849708,234,P1_outputs_path_100_to_300
2045,1695407.6517265558,234,P1_outputs_path_100_to_300
2046,1857490.3096289544,234,P1_outputs_path_100_to_300
2047,1966882.0023090576,234,P1_outputs_path_100_to_300
2048,1874553.4894516936,234,P1_outputs_path_100_to_300
2049,1824758.0090523155,234,P1_outputs_path_100_to_300
2050,2104746.966716582,234,P1_outputs_path_100_to_300
2051,2171308.8230523057,234,P1_outputs_path_100_to_300
2052,2088163.272223865,234,P1_outputs_path_100_to_300
2053,2111675.6446477417,234,P1_outputs_path_100_to_300
2054,2238247.22378512,234,P1_outputs_path_100_to_300
2055,2196852.264070562,234,P1_outputs_path_100_to_300
2056,2260776.37048726,234,P1_outputs_path_100_to_300
2057,2469965.3571273545,234,P1_outputs_path_100_to_300
2058,2620859.7653989657,234,P1_outputs_path_100_to_300
2059,2775502.4470557217,234,P1_outputs_path_100_to_300
2060,2781704.87590156,234,P1_outputs_path_100_to_300
2061,2832181.907660925,234,P1_outputs_path_100_to_300
2062,3024085.229383327,234,P1_outputs_path_100_to_300
2063,3232618.301317425,234,P1_outputs_path_100_to_300
2064,3038671.022804341,234,P1_outputs_path_100_to_300
2065,3167828.3938049586,234,P1_outputs_path_100_to_300
2066,3402583.2551681483,234,P1_outputs_path_100_to_300
2067,3647966.4298030143,234,P1_outputs_path_100_to_300
2068,3627041.767160991,234,P1_outputs_path_100_to_300
2069,3809934.942530302,234,P1_outputs_path_100_to_300
2070,3903468.878275128,234,P1_outputs_path_100_to_300
2071,4042443.6925632553,234,P1_outputs_path_100_to_300
2072,4264589.064672064,234,P1_outputs_path_100_to_300
2073,4328234.780905888,234,P1_outputs_path_100_to_300
2074,2346001.459178107,234,P1_outputs_path_100_to_300
2075,,234,P1_outputs_path_100_to_300
2025,0.0,235,P1_outputs_path_100_to_300
2026,68966.15551240028,235,P1_outputs_path_100_to_300
2027,130719.73312969077,235,P1_outputs_path_100_to_300
2028,183807.1274131446,235,P1_outputs_path_100_to_300
2029,228831.89073811303,235,P1_outputs_path_100_to_300
2030,282956.2638877039,235,P1_outputs_path_100_to_300
2031,406222.20428904326,235,P1_outputs_path_100_to_300
2032,503052.3697430447,235,P1_outputs_path_100_to_300
2033,518231.7352691005,235,P1_outputs_path_100_to_300
2034,650130.2149693319,235,P1_outputs_path_100_to_300
2035,720900.3043549666,235,P1_outputs_path_100_to_300
2036,897189.1495793863,235,P1_outputs_path_100_to_300
2037,1072885.2639194704,235,P1_outputs_path_100_to_300
2038,1267866.8541040812,235,P1_outputs_path_100_to_300
2039,1140380.1564282102,235,P1_outputs_path_100_to_300
2040,1368096.7185275182,235,P1_outputs_path_100_to_300
2041,1743200.104331392,235,P1_outputs_path_100_to_300
2042,1843091.9041487589,235,P1_outputs_path_100_to_300
2043,1871996.897290464,235,P1_outputs_path_100_to_300
2044,1732135.3975580125,235,P1_outputs_path_100_to_300
2045,1706928.5981709436,235,P1_outputs_path_100_to_300
2046,1685587.562159856,235,P1_outputs_path_100_to_300
2047,1643947.283465838,235,P1_outputs_path_100_to_300
2048,1888049.1640987936,235,P1_outputs_path_100_to_300
2049,1944952.9432769944,235,P1_outputs_path_100_to_300
2050,1946803.7421319005,235,P1_outputs_path_100_to_300
2051,2116007.76750804,235,P1_outputs_path_100_to_300
2052,2197834.99415638,235,P1_outputs_path_100_to_300
2053,2256666.7835581466,235,P1_outputs_path_100_to_300
2054,2266434.641775377,235,P1_outputs_path_100_to_300
2055,2449633.5163784847,235,P1_outputs_path_100_to_300
2056,2515415.2253792603,235,P1_outputs_path_100_to_300
2057,2626539.3401158666,235,P1_outputs_path_100_to_300
2058,2567941.5310562155,235,P1_outputs_path_100_to_300
2059,2856499.8864372657,235,P1_outputs_path_100_to_300
2060,2953997.13549401,235,P1_outputs_path_100_to_300
2061,3163336.049157928,235,P1_outputs_path_100_to_300
2062,3110370.822825848,235,P1_outputs_path_100_to_300
2063,3133627.462125298,235,P1_outputs_path_100_to_300
2064,3258674.4246242465,235,P1_outputs_path_100_to_300
2065,3056774.69653817,235,P1_outputs_path_100_to_300
2066,3121090.7817360605,235,P1_outputs_path_100_to_300
2067,3252521.5486868266,235,P1_outputs_path_100_to_300
2068,3065611.784938526,235,P1_outputs_path_100_to_300
2069,2848525.338201034,235,P1_outputs_path_100_to_300
2070,3006985.392210551,235,P1_outputs_path_100_to_300
2071,2976372.361914648,235,P1_outputs_path_100_to_300
2072,3327548.9982993244,235,P1_outputs_path_100_to_300
2073,3532768.651964941,235,P1_outputs_path_100_to_300
2074,1539015.8760078766,235,P1_outputs_path_100_to_300
2075,,235,P1_outputs_path_100_to_300
2025,0.0,236,P1_outputs_path_100_to_300
2026,72701.81884474105,236,P1_outputs_path_100_to_300
2027,145587.71742934102,236,P1_outputs_path_100_to_300
2028,233289.15319159263,236,P1_outputs_path_100_to_300
2029,307885.1325559356,236,P1_outputs_path_100_to_300
2030,304240.88233078114,236,P1_outputs_path_100_to_300
2031,369130.6294105722,236,P1_outputs_path_100_to_300
2032,505236.4283272668,236,P1_outputs_path_100_to_300
2033,630327.5346194288,236,P1_outputs_path_100_to_300
2034,689078.5431663815,236,P1_outputs_path_100_to_300
2035,654923.6098369833,236,P1_outputs_path_100_to_300
2036,868951.1966015288,236,P1_outputs_path_100_to_300
2037,849430.3528989323,236,P1_outputs_path_100_to_300
2038,885197.6968826526,236,P1_outputs_path_100_to_300
2039,1042664.2318058528,236,P1_outputs_path_100_to_300
2040,1193647.9301419044,236,P1_outputs_path_100_to_300
2041,1392140.2623896976,236,P1_outputs_path_100_to_300
2042,1429292.6101877803,236,P1_outputs_path_100_to_300
2043,1672700.273448462,236,P1_outputs_path_100_to_300
2044,1712068.8920919157,236,P1_outputs_path_100_to_300
2045,1983013.77219428,236,P1_outputs_path_100_to_300
2046,2113419.5036489256,236,P1_outputs_path_100_to_300
2047,2147081.727394422,236,P1_outputs_path_100_to_300
2048,2024475.9649224072,236,P1_outputs_path_100_to_300
2049,2202977.320306907,236,P1_outputs_path_100_to_300
2050,2181526.5607163664,236,P1_outputs_path_100_to_300
2051,2300884.185520683,236,P1_outputs_path_100_to_300
2052,2527711.974594472,236,P1_outputs_path_100_to_300
2053,2391446.391577192,236,P1_outputs_path_100_to_300
2054,2407616.2895153216,236,P1_outputs_path_100_to_300
2055,2588946.241381566,236,P1_outputs_path_100_to_300
2056,2690269.445075024,236,P1_outputs_path_100_to_300
2057,2848101.7965280507,236,P1_outputs_path_100_to_300
2058,2671309.444252985,236,P1_outputs_path_100_to_300
2059,2655652.048625542,236,P1_outputs_path_100_to_300
2060,2590351.152585593,236,P1_outputs_path_100_to_300
2061,2657018.6288417527,236,P1_outputs_path_100_to_300
2062,2709387.9480858035,236,P1_outputs_path_100_to_300
2063,2647009.9467795063,236,P1_outputs_path_100_to_300
2064,2750904.5826950846,236,P1_outputs_path_100_to_300
2065,2890776.098071868,236,P1_outputs_path_100_to_300
2066,3010992.0645010914,236,P1_outputs_path_100_to_300
2067,3244570.8068517707,236,P1_outputs_path_100_to_300
2068,3215461.054261067,236,P1_outputs_path_100_to_300
2069,3395542.818266168,236,P1_outputs_path_100_to_300
2070,3586713.226803995,236,P1_outputs_path_100_to_300
2071,3712732.45039164,236,P1_outputs_path_100_to_300
2072,3701172.950105176,236,P1_outputs_path_100_to_300
2073,3521631.78232785,236,P1_outputs_path_100_to_300
2074,1769959.4465285328,236,P1_outputs_path_100_to_300
2075,,236,P1_outputs_path_100_to_300
2025,0.0,237,P1_outputs_path_100_to_300
2026,69412.51054271127,237,P1_outputs_path_100_to_300
2027,127168.01282391384,237,P1_outputs_path_100_to_300
2028,162652.25874150294,237,P1_outputs_path_100_to_300
2029,238897.41723413824,237,P1_outputs_path_100_to_300
2030,381727.6069833523,237,P1_outputs_path_100_to_300
2031,493063.4848508778,237,P1_outputs_path_100_to_300
2032,697158.3481844601,237,P1_outputs_path_100_to_300
2033,673164.2814121589,237,P1_outputs_path_100_to_300
2034,578337.9964841341,237,P1_outputs_path_100_to_300
2035,671211.5137014798,237,P1_outputs_path_100_to_300
2036,795446.7054850565,237,P1_outputs_path_100_to_300
2037,905850.8365913834,237,P1_outputs_path_100_to_300
2038,1189563.3485235164,237,P1_outputs_path_100_to_300
2039,1150759.6009671486,237,P1_outputs_path_100_to_300
2040,1249023.729926266,237,P1_outputs_path_100_to_300
2041,1289560.9229674132,237,P1_outputs_path_100_to_300
2042,1344656.297785341,237,P1_outputs_path_100_to_300
2043,1286892.5519794435,237,P1_outputs_path_100_to_300
2044,1463269.3073682482,237,P1_outputs_path_100_to_300
2045,1795528.83498578,237,P1_outputs_path_100_to_300
2046,1947019.066219996,237,P1_outputs_path_100_to_300
2047,1939496.1987547816,237,P1_outputs_path_100_to_300
2048,2039536.5904820396,237,P1_outputs_path_100_to_300
2049,2080908.711888059,237,P1_outputs_path_100_to_300
2050,2104889.115757597,237,P1_outputs_path_100_to_300
2051,2028254.7517743288,237,P1_outputs_path_100_to_300
2052,2061706.60275255,237,P1_outputs_path_100_to_300
2053,2069222.806459437,237,P1_outputs_path_100_to_300
2054,2240314.473334697,237,P1_outputs_path_100_to_300
2055,2248811.5614761985,237,P1_outputs_path_100_to_300
2056,2297937.441254823,237,P1_outputs_path_100_to_300
2057,2359998.059069725,237,P1_outputs_path_100_to_300
2058,2376713.07533384,237,P1_outputs_path_100_to_300
2059,2372135.670742961,237,P1_outputs_path_100_to_300
2060,2433757.1826691,237,P1_outputs_path_100_to_300
2061,2408501.0796597465,237,P1_outputs_path_100_to_300
2062,2549941.6769839856,237,P1_outputs_path_100_to_300
2063,2568917.7686834787,237,P1_outputs_path_100_to_300
2064,2650272.15716591,237,P1_outputs_path_100_to_300
2065,2731611.13639973,237,P1_outputs_path_100_to_300
2066,2919223.279969583,237,P1_outputs_path_100_to_300
2067,2948101.4718951765,237,P1_outputs_path_100_to_300
2068,2945860.79485826,237,P1_outputs_path_100_to_300
2069,3138909.164803584,237,P1_outputs_path_100_to_300
2070,3329134.5052186856,237,P1_outputs_path_100_to_300
2071,3278271.250336897,237,P1_outputs_path_100_to_300
2072,3245019.871074617,237,P1_outputs_path_100_to_300
2073,3260559.309672969,237,P1_outputs_path_100_to_300
2074,1364621.072507236,237,P1_outputs_path_100_to_300
2075,,237,P1_outputs_path_100_to_300
2025,0.0,238,P1_outputs_path_100_to_300
2026,67777.02174314893,238,P1_outputs_path_100_to_300
2027,119964.06608586403,238,P1_outputs_path_100_to_300
2028,160526.5845296223,238,P1_outputs_path_100_to_300
2029,251915.8542014676,238,P1_outputs_path_100_to_300
2030,349468.184248517,238,P1_outputs_path_100_to_300
2031,412072.9535340009,238,P1_outputs_path_100_to_300
2032,436999.45617489296,238,P1_outputs_path_100_to_300
2033,539332.1781949365,238,P1_outputs_path_100_to_300
2034,652712.7102940183,238,P1_outputs_path_100_to_300
2035,829851.1082473975,238,P1_outputs_path_100_to_300
2036,876902.4308873999,238,P1_outputs_path_100_to_300
2037,912442.70579893,238,P1_outputs_path_100_to_300
2038,892743.3085305673,238,P1_outputs_path_100_to_300
2039,1159338.8946210477,238,P1_outputs_path_100_to_300
2040,1528685.0642576248,238,P1_outputs_path_100_to_300
2041,2004380.1954611044,238,P1_outputs_path_100_to_300
2042,2008982.280893925,238,P1_outputs_path_100_to_300
2043,2263115.0879571936,238,P1_outputs_path_100_to_300
2044,2362513.8644526587,238,P1_outputs_path_100_to_300
2045,2304922.7475670064,238,P1_outputs_path_100_to_300
2046,2409372.305834106,238,P1_outputs_path_100_to_300
2047,2393774.8891060003,238,P1_outputs_path_100_to_300
2048,2390116.672536702,238,P1_outputs_path_100_to_300
2049,2502725.83429476,238,P1_outputs_path_100_to_300
2050,2647344.7722914717,238,P1_outputs_path_100_to_300
2051,2619913.895784176,238,P1_outputs_path_100_to_300
2052,2521627.7159640254,238,P1_outputs_path_100_to_300
2053,2516657.2395873885,238,P1_outputs_path_100_to_300
2054,2548831.8685995536,238,P1_outputs_path_100_to_300
2055,2625975.3062995085,238,P1_outputs_path_100_to_300
2056,2578542.850197385,238,P1_outputs_path_100_to_300
2057,2481562.301014467,238,P1_outputs_path_100_to_300
2058,2568073.029387205,238,P1_outputs_path_100_to_300
2059,2488151.3196458686,238,P1_outputs_path_100_to_300
2060,2509625.039330451,238,P1_outputs_path_100_to_300
2061,2529614.8150883703,238,P1_outputs_path_100_to_300
2062,2628110.727137191,238,P1_outputs_path_100_to_300
2063,2809324.5898868283,238,P1_outputs_path_100_to_300
2064,2861572.7372891456,238,P1_outputs_path_100_to_300
2065,2975598.5476535964,238,P1_outputs_path_100_to_300
2066,3141022.640421146,238,P1_outputs_path_100_to_300
2067,3355694.001199711,238,P1_outputs_path_100_to_300
2068,3359672.5601909105,238,P1_outputs_path_100_to_300
2069,3306382.6723305937,238,P1_outputs_path_100_to_300
2070,3506407.5518510286,238,P1_outputs_path_100_to_300
2071,3582106.78177584,238,P1_outputs_path_100_to_300
2072,3694266.425831938,238,P1_outputs_path_100_to_300
2073,3507262.61521966,238,P1_outputs_path_100_to_300
2074,1835499.0847884133,238,P1_outputs_path_100_to_300
2075,,238,P1_outputs_path_100_to_300
2025,0.0,239,P1_outputs_path_100_to_300
2026,53794.36336094543,239,P1_outputs_path_100_to_300
2027,112098.02617386248,239,P1_outputs_path_100_to_300
2028,165655.16449133735,239,P1_outputs_path_100_to_300
2029,228682.28449996145,239,P1_outputs_path_100_to_300
2030,318111.6985592431,239,P1_outputs_path_100_to_300
2031,385073.2752456015,239,P1_outputs_path_100_to_300
2032,404075.9284170874,239,P1_outputs_path_100_to_300
2033,425515.9648771933,239,P1_outputs_path_100_to_300
2034,428963.1323657987,239,P1_outputs_path_100_to_300
2035,541036.6871301363,239,P1_outputs_path_100_to_300
2036,581165.2475028357,239,P1_outputs_path_100_to_300
2037,680658.9086857503,239,P1_outputs_path_100_to_300
2038,826792.8923661336,239,P1_outputs_path_100_to_300
2039,898154.3918441096,239,P1_outputs_path_100_to_300
2040,917065.370822867,239,P1_outputs_path_100_to_300
2041,1045222.2613213328,239,P1_outputs_path_100_to_300
2042,1293934.4468413603,239,P1_outputs_path_100_to_300
2043,1042958.6002155028,239,P1_outputs_path_100_to_300
2044,1248480.436247618,239,P1_outputs_path_100_to_300
2045,1440951.153732858,239,P1_outputs_path_100_to_300
2046,1445614.0218929911,239,P1_outputs_path_100_to_300
2047,1650442.6750290114,239,P1_outputs_path_100_to_300
2048,1747978.0900204168,239,P1_outputs_path_100_to_300
2049,1849670.6701095707,239,P1_outputs_path_100_to_300
2050,2018121.804489435,239,P1_outputs_path_100_to_300
2051,1964986.3241570503,239,P1_outputs_path_100_to_300
2052,2135610.698831964,239,P1_outputs_path_100_to_300
2053,2331628.4073509,239,P1_outputs_path_100_to_300
2054,2288131.5537420525,239,P1_outputs_path_100_to_300
2055,2405055.6011603693,239,P1_outputs_path_100_to_300
2056,2589024.091411677,239,P1_outputs_path_100_to_300
2057,2630178.62006047,239,P1_outputs_path_100_to_300
2058,2762494.758126104,239,P1_outputs_path_100_to_300
2059,2847364.179484031,239,P1_outputs_path_100_to_300
2060,3034151.6673843144,239,P1_outputs_path_100_to_300
2061,3151580.130194374,239,P1_outputs_path_100_to_300
2062,3136760.889303517,239,P1_outputs_path_100_to_300
2063,3047061.084779755,239,P1_outputs_path_100_to_300
2064,3014286.217750504,239,P1_outputs_path_100_to_300
2065,3077635.869248883,239,P1_outputs_path_100_to_300
2066,3192823.9985379297,239,P1_outputs_path_100_to_300
2067,3091626.046191575,239,P1_outputs_path_100_to_300
2068,3307944.8577852924,239,P1_outputs_path_100_to_300
2069,3335169.761686032,239,P1_outputs_path_100_to_300
2070,3353836.688703114,239,P1_outputs_path_100_to_300
2071,3516130.588178634,239,P1_outputs_path_100_to_300
2072,3347855.4064975395,239,P1_outputs_path_100_to_300
2073,3596282.884119868,239,P1_outputs_path_100_to_300
2074,1622183.6377152123,239,P1_outputs_path_100_to_300
2075,,239,P1_outputs_path_100_to_300
2025,0.0,240,P1_outputs_path_100_to_300
2026,69891.60125745698,240,P1_outputs_path_100_to_300
2027,136928.22146208154,240,P1_outputs_path_100_to_300
2028,175171.7458232339,240,P1_outputs_path_100_to_300
2029,234342.77053040065,240,P1_outputs_path_100_to_300
2030,295594.6380465939,240,P1_outputs_path_100_to_300
2031,302822.3330129101,240,P1_outputs_path_100_to_300
2032,381766.7173577773,240,P1_outputs_path_100_to_300
2033,552609.0445788748,240,P1_outputs_path_100_to_300
2034,502751.92931044416,240,P1_outputs_path_100_to_300
2035,671142.5663223125,240,P1_outputs_path_100_to_300
2036,710043.275385509,240,P1_outputs_path_100_to_300
2037,906081.60822548,240,P1_outputs_path_100_to_300
2038,1195172.5260454156,240,P1_outputs_path_100_to_300
2039,1154983.250223833,240,P1_outputs_path_100_to_300
2040,1302152.0584652266,240,P1_outputs_path_100_to_300
2041,1417873.0896349808,240,P1_outputs_path_100_to_300
2042,1729265.7120133687,240,P1_outputs_path_100_to_300
2043,1812884.8247537704,240,P1_outputs_path_100_to_300
2044,1740969.65288457,240,P1_outputs_path_100_to_300
2045,1958326.8789271507,240,P1_outputs_path_100_to_300
2046,2012204.3929389173,240,P1_outputs_path_100_to_300
2047,1991862.7646597528,240,P1_outputs_path_100_to_300
2048,1870839.6430416163,240,P1_outputs_path_100_to_300
2049,2052258.6736352383,240,P1_outputs_path_100_to_300
2050,2116524.00200182,240,P1_outputs_path_100_to_300
2051,2131465.6219977345,240,P1_outputs_path_100_to_300
2052,2128823.9059414035,240,P1_outputs_path_100_to_300
2053,2167231.9229650665,240,P1_outputs_path_100_to_300
2054,2305660.627844692,240,P1_outputs_path_100_to_300
2055,2274322.34407796,240,P1_outputs_path_100_to_300
2056,2506116.107798544,240,P1_outputs_path_100_to_300
2057,2432221.5962976525,240,P1_outputs_path_100_to_300
2058,2674530.037487829,240,P1_outputs_path_100_to_300
2059,2825320.3158504814,240,P1_outputs_path_100_to_300
2060,2741781.7315216856,240,P1_outputs_path_100_to_300
2061,2925274.6236506538,240,P1_outputs_path_100_to_300
2062,3105634.085615934,240,P1_outputs_path_100_to_300
2063,2902550.92309839,240,P1_outputs_path_100_to_300
2064,2758626.783017038,240,P1_outputs_path_100_to_300
2065,2872166.978258694,240,P1_outputs_path_100_to_300
2066,2958267.435365373,240,P1_outputs_path_100_to_300
2067,3094534.585518752,240,P1_outputs_path_100_to_300
2068,3059289.7736217403,240,P1_outputs_path_100_to_300
2069,3184184.222667423,240,P1_outputs_path_100_to_300
2070,3419875.1901363824,240,P1_outputs_path_100_to_300
2071,3332444.243259436,240,P1_outputs_path_100_to_300
2072,3475510.776740085,240,P1_outputs_path_100_to_300
2073,3464706.438404304,240,P1_outputs_path_100_to_300
2074,1688225.4543065615,240,P1_outputs_path_100_to_300
2075,,240,P1_outputs_path_100_to_300
2025,0.0,241,P1_outputs_path_100_to_300
2026,60460.85627947862,241,P1_outputs_path_100_to_300
2027,123767.93393293112,241,P1_outputs_path_100_to_300
2028,178355.22465517244,241,P1_outputs_path_100_to_300
2029,214896.89933234415,241,P1_outputs_path_100_to_300
2030,295022.8189439285,241,P1_outputs_path_100_to_300
2031,445779.1379180292,241,P1_outputs_path_100_to_300
2032,434819.7414908943,241,P1_outputs_path_100_to_300
2033,544585.0878085466,241,P1_outputs_path_100_to_300
2034,622657.0416963516,241,P1_outputs_path_100_to_300
2035,796129.7660289953,241,P1_outputs_path_100_to_300
2036,879929.1414944829,241,P1_outputs_path_100_to_300
2037,790861.702055574,241,P1_outputs_path_100_to_300
2038,843007.6540084506,241,P1_outputs_path_100_to_300
2039,1001154.4041887824,241,P1_outputs_path_100_to_300
2040,1178841.5839764725,241,P1_outputs_path_100_to_300
2041,1409528.368692915,241,P1_outputs_path_100_to_300
2042,1291137.1780778868,241,P1_outputs_path_100_to_300
2043,1268940.5588744904,241,P1_outputs_path_100_to_300
2044,1599093.9104556935,241,P1_outputs_path_100_to_300
2045,1618853.3672197848,241,P1_outputs_path_100_to_300
2046,1583295.0003036535,241,P1_outputs_path_100_to_300
2047,1551912.860300238,241,P1_outputs_path_100_to_300
2048,1577200.0045262896,241,P1_outputs_path_100_to_300
2049,1448653.1156309373,241,P1_outputs_path_100_to_300
2050,1583226.1141527889,241,P1_outputs_path_100_to_300
2051,1757402.67002876,241,P1_outputs_path_100_to_300
2052,1879611.0387584968,241,P1_outputs_path_100_to_300
2053,1807536.3240070308,241,P1_outputs_path_100_to_300
2054,1969224.356087215,241,P1_outputs_path_100_to_300
2055,1952604.248025011,241,P1_outputs_path_100_to_300
2056,1889556.5032998223,241,P1_outputs_path_100_to_300
2057,1979668.3869708253,241,P1_outputs_path_100_to_300
2058,2180855.5339412005,241,P1_outputs_path_100_to_300
2059,2235671.0067674424,241,P1_outputs_path_100_to_300
2060,2377562.5934751253,241,P1_outputs_path_100_to_300
2061,2172177.62213078,241,P1_outputs_path_100_to_300
2062,2123907.9771947167,241,P1_outputs_path_100_to_300
2063,2001909.572232508,241,P1_outputs_path_100_to_300
2064,1988149.308411217,241,P1_outputs_path_100_to_300
2065,1923151.6051500533,241,P1_outputs_path_100_to_300
2066,2007503.7548767256,241,P1_outputs_path_100_to_300
2067,2169758.398231001,241,P1_outputs_path_100_to_300
2068,2115124.080752173,241,P1_outputs_path_100_to_300
2069,2066332.510954612,241,P1_outputs_path_100_to_300
2070,2210758.5869423044,241,P1_outputs_path_100_to_300
2071,2172931.313713897,241,P1_outputs_path_100_to_300
2072,2126769.550003188,241,P1_outputs_path_100_to_300
2073,2195966.8039378417,241,P1_outputs_path_100_to_300
2074,523468.2977750956,241,P1_outputs_path_100_to_300
2075,,241,P1_outputs_path_100_to_300
2025,0.0,242,P1_outputs_path_100_to_300
2026,64213.997264373225,242,P1_outputs_path_100_to_300
2027,113647.75262496012,242,P1_outputs_path_100_to_300
2028,175192.41573605512,242,P1_outputs_path_100_to_300
2029,212800.62086456004,242,P1_outputs_path_100_to_300
2030,285241.0179669528,242,P1_outputs_path_100_to_300
2031,420590.48241614713,242,P1_outputs_path_100_to_300
2032,523534.7949077507,242,P1_outputs_path_100_to_300
2033,614484.4003533111,242,P1_outputs_path_100_to_300
2034,833560.6855019839,242,P1_outputs_path_100_to_300
2035,1021690.7598411372,242,P1_outputs_path_100_to_300
2036,1203006.0553324032,242,P1_outputs_path_100_to_300
2037,1453920.6934657644,242,P1_outputs_path_100_to_300
2038,1392282.8232241329,242,P1_outputs_path_100_to_300
2039,1623834.7841818156,242,P1_outputs_path_100_to_300
2040,1820485.5163295555,242,P1_outputs_path_100_to_300
2041,1721084.255111097,242,P1_outputs_path_100_to_300
2042,1676868.0515152735,242,P1_outputs_path_100_to_300
2043,1728190.7180148363,242,P1_outputs_path_100_to_300
2044,1802224.8034632,242,P1_outputs_path_100_to_300
2045,1664864.5426525553,242,P1_outputs_path_100_to_300
2046,2020849.140383831,242,P1_outputs_path_100_to_300
2047,2051631.6507232627,242,P1_outputs_path_100_to_300
2048,2126700.2200663057,242,P1_outputs_path_100_to_300
2049,2161738.476692223,242,P1_outputs_path_100_to_300
2050,2043542.4072236249,242,P1_outputs_path_100_to_300
2051,2031601.2837458097,242,P1_outputs_path_100_to_300
2052,2120786.6185002574,242,P1_outputs_path_100_to_300
2053,2199407.9461686905,242,P1_outputs_path_100_to_300
2054,2254156.380992634,242,P1_outputs_path_100_to_300
2055,2402133.533201483,242,P1_outputs_path_100_to_300
2056,2499585.0932998243,242,P1_outputs_path_100_to_300
2057,2613925.6927377023,242,P1_outputs_path_100_to_300
2058,2657899.4844973003,242,P1_outputs_path_100_to_300
2059,2827750.433880798,242,P1_outputs_path_100_to_300
2060,2733650.685491796,242,P1_outputs_path_100_to_300
2061,2749493.908518175,242,P1_outputs_path_100_to_300
2062,2889057.8104857784,242,P1_outputs_path_100_to_300
2063,3149850.263947913,242,P1_outputs_path_100_to_300
2064,3314600.290285356,242,P1_outputs_path_100_to_300
2065,3589255.233386552,242,P1_outputs_path_100_to_300
2066,3738806.6003102898,242,P1_outputs_path_100_to_300
2067,3445437.7914034016,242,P1_outputs_path_100_to_300
2068,3460647.8916908065,242,P1_outputs_path_100_to_300
2069,3412473.737061527,242,P1_outputs_path_100_to_300
2070,3439780.0240190183,242,P1_outputs_path_100_to_300
2071,3723611.705905812,242,P1_outputs_path_100_to_300
2072,3574687.0992515897,242,P1_outputs_path_100_to_300
2073,3867501.667429429,242,P1_outputs_path_100_to_300
2074,2062538.4654406088,242,P1_outputs_path_100_to_300
2075,,242,P1_outputs_path_100_to_300
2025,0.0,243,P1_outputs_path_100_to_300
2026,46059.96320551389,243,P1_outputs_path_100_to_300
2027,102875.48286624612,243,P1_outputs_path_100_to_300
2028,171670.92689173348,243,P1_outputs_path_100_to_300
2029,206241.07375881867,243,P1_outputs_path_100_to_300
2030,237072.83572365405,243,P1_outputs_path_100_to_300
2031,346703.4645175885,243,P1_outputs_path_100_to_300
2032,459125.572616826,243,P1_outputs_path_100_to_300
2033,497471.3126092832,243,P1_outputs_path_100_to_300
2034,567738.980973131,243,P1_outputs_path_100_to_300
2035,782535.7390993667,243,P1_outputs_path_100_to_300
2036,888433.4733674695,243,P1_outputs_path_100_to_300
2037,1157779.2238566629,243,P1_outputs_path_100_to_300
2038,1364665.9671793112,243,P1_outputs_path_100_to_300
2039,1282970.3358499955,243,P1_outputs_path_100_to_300
2040,1443127.6543966047,243,P1_outputs_path_100_to_300
2041,1395810.6045070204,243,P1_outputs_path_100_to_300
2042,1299672.001851086,243,P1_outputs_path_100_to_300
2043,1349465.278902399,243,P1_outputs_path_100_to_300
2044,1400682.986436288,243,P1_outputs_path_100_to_300
2045,1562358.2795402333,243,P1_outputs_path_100_to_300
2046,1665295.8300192857,243,P1_outputs_path_100_to_300
2047,1601191.1021487492,243,P1_outputs_path_100_to_300
2048,1539331.177663046,243,P1_outputs_path_100_to_300
2049,1797914.1836381922,243,P1_outputs_path_100_to_300
2050,1872733.5552728656,243,P1_outputs_path_100_to_300
2051,1970138.4444081387,243,P1_outputs_path_100_to_300
2052,1987687.7843938745,243,P1_outputs_path_100_to_300
2053,2108774.2114070444,243,P1_outputs_path_100_to_300
2054,2238260.2366830665,243,P1_outputs_path_100_to_300
2055,2330660.5951162563,243,P1_outputs_path_100_to_300
2056,2439429.207107208,243,P1_outputs_path_100_to_300
2057,2591849.990118675,243,P1_outputs_path_100_to_300
2058,2749508.7372718467,243,P1_outputs_path_100_to_300
2059,2693201.4379271297,243,P1_outputs_path_100_to_300
2060,2614643.095678652,243,P1_outputs_path_100_to_300
2061,2699840.5610974105,243,P1_outputs_path_100_to_300
2062,2690797.172227271,243,P1_outputs_path_100_to_300
2063,2835436.328113197,243,P1_outputs_path_100_to_300
2064,2812587.530740958,243,P1_outputs_path_100_to_300
2065,2876212.506034302,243,P1_outputs_path_100_to_300
2066,2999597.2454736573,243,P1_outputs_path_100_to_300
2067,3204117.325520322,243,P1_outputs_path_100_to_300
2068,3205222.337027475,243,P1_outputs_path_100_to_300
2069,3063702.7736680075,243,P1_outputs_path_100_to_300
2070,3280036.647564092,243,P1_outputs_path_100_to_300
2071,3379864.394706741,243,P1_outputs_path_100_to_300
2072,3509390.460441657,243,P1_outputs_path_100_to_300
2073,3731258.6686819177,243,P1_outputs_path_100_to_300
2074,2077360.3724143964,243,P1_outputs_path_100_to_300
2075,,243,P1_outputs_path_100_to_300
2025,0.0,244,P1_outputs_path_100_to_300
2026,63472.472779878,244,P1_outputs_path_100_to_300
2027,118068.99807985337,244,P1_outputs_path_100_to_300
2028,195085.8562046625,244,P1_outputs_path_100_to_300
2029,216335.43165359937,244,P1_outputs_path_100_to_300
2030,322781.84707973024,244,P1_outputs_path_100_to_300
2031,315841.64531096537,244,P1_outputs_path_100_to_300
2032,454467.7257753387,244,P1_outputs_path_100_to_300
2033,619650.0107499771,244,P1_outputs_path_100_to_300
2034,630217.6816615257,244,P1_outputs_path_100_to_300
2035,657238.237027869,244,P1_outputs_path_100_to_300
2036,760211.3037729976,244,P1_outputs_path_100_to_300
2037,923124.6114099164,244,P1_outputs_path_100_to_300
2038,965965.2978909132,244,P1_outputs_path_100_to_300
2039,1247004.3981334444,244,P1_outputs_path_100_to_300
2040,1291678.1922702063,244,P1_outputs_path_100_to_300
2041,1529467.1578613955,244,P1_outputs_path_100_to_300
2042,1683997.283024482,244,P1_outputs_path_100_to_300
2043,1831812.5457135283,244,P1_outputs_path_100_to_300
2044,1927860.7346385105,244,P1_outputs_path_100_to_300
2045,1919228.2157483385,244,P1_outputs_path_100_to_300
2046,1963365.487480951,244,P1_outputs_path_100_to_300
2047,2028609.457826465,244,P1_outputs_path_100_to_300
2048,2001125.1302206751,244,P1_outputs_path_100_to_300
2049,2114274.835651464,244,P1_outputs_path_100_to_300
2050,2274857.356059985,244,P1_outputs_path_100_to_300
2051,2303267.160462264,244,P1_outputs_path_100_to_300
2052,2348842.81030322,244,P1_outputs_path_100_to_300
2053,2262448.012703349,244,P1_outputs_path_100_to_300
2054,2472171.10070674,244,P1_outputs_path_100_to_300
2055,2489492.2215355523,244,P1_outputs_path_100_to_300
2056,2305160.4720998155,244,P1_outputs_path_100_to_300
2057,2238679.005481058,244,P1_outputs_path_100_to_300
2058,2443881.0484882584,244,P1_outputs_path_100_to_300
2059,2515119.9452041425,244,P1_outputs_path_100_to_300
2060,2599067.736993432,244,P1_outputs_path_100_to_300
2061,2818199.7414780827,244,P1_outputs_path_100_to_300
2062,2793332.3623868427,244,P1_outputs_path_100_to_300
2063,2944854.2209847188,244,P1_outputs_path_100_to_300
2064,3074306.2619544705,244,P1_outputs_path_100_to_300
2065,3079049.75953979,244,P1_outputs_path_100_to_300
2066,3206690.2346630613,244,P1_outputs_path_100_to_300
2067,3258075.803072724,244,P1_outputs_path_100_to_300
2068,3458967.525530968,244,P1_outputs_path_100_to_300
2069,3568241.176110458,244,P1_outputs_path_100_to_300
2070,3900532.294436487,244,P1_outputs_path_100_to_300
2071,3998470.75593338,244,P1_outputs_path_100_to_300
2072,4088848.289700101,244,P1_outputs_path_100_to_300
2073,3800382.76321112,244,P1_outputs_path_100_to_300
2074,1661517.3818832145,244,P1_outputs_path_100_to_300
2075,,244,P1_outputs_path_100_to_300
2025,0.0,245,P1_outputs_path_100_to_300
2026,53302.96966746056,245,P1_outputs_path_100_to_300
2027,94742.69344431028,245,P1_outputs_path_100_to_300
2028,160190.15732804962,245,P1_outputs_path_100_to_300
2029,242120.01235279956,245,P1_outputs_path_100_to_300
2030,290815.8145962915,245,P1_outputs_path_100_to_300
2031,344326.6037043058,245,P1_outputs_path_100_to_300
2032,416735.7424026982,245,P1_outputs_path_100_to_300
2033,475464.11616662645,245,P1_outputs_path_100_to_300
2034,486701.18752307777,245,P1_outputs_path_100_to_300
2035,652819.3337973554,245,P1_outputs_path_100_to_300
2036,787266.2275332528,245,P1_outputs_path_100_to_300
2037,835542.4672124105,245,P1_outputs_path_100_to_300
2038,920363.7869474046,245,P1_outputs_path_100_to_300
2039,930273.2991886736,245,P1_outputs_path_100_to_300
2040,1038661.5889717564,245,P1_outputs_path_100_to_300
2041,1122656.3983013828,245,P1_outputs_path_100_to_300
2042,1088275.3341664996,245,P1_outputs_path_100_to_300
2043,1273970.7081975031,245,P1_outputs_path_100_to_300
2044,1168220.6606186798,245,P1_outputs_path_100_to_300
2045,1335537.241365172,245,P1_outputs_path_100_to_300
2046,1656869.1365154877,245,P1_outputs_path_100_to_300
2047,1771782.2187483392,245,P1_outputs_path_100_to_300
2048,1887551.6297739907,245,P1_outputs_path_100_to_300
2049,2022484.602237423,245,P1_outputs_path_100_to_300
2050,2117110.3091258463,245,P1_outputs_path_100_to_300
2051,2201339.656580758,245,P1_outputs_path_100_to_300
2052,2333118.2809127,245,P1_outputs_path_100_to_300
2053,2148002.4669631263,245,P1_outputs_path_100_to_300
2054,2146866.1972380364,245,P1_outputs_path_100_to_300
2055,2337034.0153122926,245,P1_outputs_path_100_to_300
2056,2318712.4923286466,245,P1_outputs_path_100_to_300
2057,2317318.3443674743,245,P1_outputs_path_100_to_300
2058,2399490.818488884,245,P1_outputs_path_100_to_300
2059,2518879.746689696,245,P1_outputs_path_100_to_300
2060,2613451.0988554987,245,P1_outputs_path_100_to_300
2061,2699493.400437806,245,P1_outputs_path_100_to_300
2062,2833365.208621036,245,P1_outputs_path_100_to_300
2063,2758796.3791659274,245,P1_outputs_path_100_to_300
2064,2896570.731736581,245,P1_outputs_path_100_to_300
2065,2908791.1736723185,245,P1_outputs_path_100_to_300
2066,2923804.447709081,245,P1_outputs_path_100_to_300
2067,2846732.931035245,245,P1_outputs_path_100_to_300
2068,2990483.6488107266,245,P1_outputs_path_100_to_300
2069,3222054.035205949,245,P1_outputs_path_100_to_300
2070,3377044.4805198987,245,P1_outputs_path_100_to_300
2071,3605531.2914305786,245,P1_outputs_path_100_to_300
2072,3701570.840308924,245,P1_outputs_path_100_to_300
2073,3675161.23076752,245,P1_outputs_path_100_to_300
2074,2023147.4433009797,245,P1_outputs_path_100_to_300
2075,,245,P1_outputs_path_100_to_300
2025,0.0,246,P1_outputs_path_100_to_300
2026,53076.709942813606,246,P1_outputs_path_100_to_300
2027,119726.14127527032,246,P1_outputs_path_100_to_300
2028,187920.19220775572,246,P1_outputs_path_100_to_300
2029,218521.74321621825,246,P1_outputs_path_100_to_300
2030,271272.71379308,246,P1_outputs_path_100_to_300
2031,266246.0690334608,246,P1_outputs_path_100_to_300
2032,319590.6103576835,246,P1_outputs_path_100_to_300
2033,410919.733572176,246,P1_outputs_path_100_to_300
2034,425781.1671560827,246,P1_outputs_path_100_to_300
2035,526437.515179039,246,P1_outputs_path_100_to_300
2036,606641.8233079899,246,P1_outputs_path_100_to_300
2037,658571.0957066456,246,P1_outputs_path_100_to_300
2038,629527.1505911172,246,P1_outputs_path_100_to_300
2039,689729.4213934635,246,P1_outputs_path_100_to_300
2040,767911.1751147639,246,P1_outputs_path_100_to_300
2041,874671.1440026615,246,P1_outputs_path_100_to_300
2042,1044098.9423376824,246,P1_outputs_path_100_to_300
2043,1137320.1157111302,246,P1_outputs_path_100_to_300
2044,1258638.4450170142,246,P1_outputs_path_100_to_300
2045,1533631.4613265109,246,P1_outputs_path_100_to_300
2046,1634382.104186901,246,P1_outputs_path_100_to_300
2047,1598334.6467985734,246,P1_outputs_path_100_to_300
2048,1827582.430004235,246,P1_outputs_path_100_to_300
2049,1755352.5695813964,246,P1_outputs_path_100_to_300
2050,1760856.5659292634,246,P1_outputs_path_100_to_300
2051,1787903.796738909,246,P1_outputs_path_100_to_300
2052,1952028.3826732305,246,P1_outputs_path_100_to_300
2053,1929858.857629424,246,P1_outputs_path_100_to_300
2054,1767040.5175350225,246,P1_outputs_path_100_to_300
2055,1929914.613514965,246,P1_outputs_path_100_to_300
2056,2143775.963846952,246,P1_outputs_path_100_to_300
2057,2214989.646115154,246,P1_outputs_path_100_to_300
2058,2222395.9642006727,246,P1_outputs_path_100_to_300
2059,2215253.7552307863,246,P1_outputs_path_100_to_300
2060,2111928.13827517,246,P1_outputs_path_100_to_300
2061,2251983.774145757,246,P1_outputs_path_100_to_300
2062,2269034.167700982,246,P1_outputs_path_100_to_300
2063,2317268.46167289,246,P1_outputs_path_100_to_300
2064,2437200.2540703644,246,P1_outputs_path_100_to_300
2065,2664326.3065499025,246,P1_outputs_path_100_to_300
2066,2551289.7693452,246,P1_outputs_path_100_to_300
2067,2673327.174670602,246,P1_outputs_path_100_to_300
2068,2895598.639872306,246,P1_outputs_path_100_to_300
2069,3103317.384428608,246,P1_outputs_path_100_to_300
2070,3198014.4642003523,246,P1_outputs_path_100_to_300
2071,3230086.255665701,246,P1_outputs_path_100_to_300
2072,3111263.4826199114,246,P1_outputs_path_100_to_300
2073,3151194.273147826,246,P1_outputs_path_100_to_300
2074,1207281.2955355565,246,P1_outputs_path_100_to_300
2075,,246,P1_outputs_path_100_to_300
2025,0.0,247,P1_outputs_path_100_to_300
2026,65254.39249432773,247,P1_outputs_path_100_to_300
2027,133544.01040856104,247,P1_outputs_path_100_to_300
2028,196448.3847957559,247,P1_outputs_path_100_to_300
2029,242108.27672660787,247,P1_outputs_path_100_to_300
2030,330209.45838226017,247,P1_outputs_path_100_to_300
2031,434832.6920244858,247,P1_outputs_path_100_to_300
2032,461785.9784816461,247,P1_outputs_path_100_to_300
2033,547349.6349483182,247,P1_outputs_path_100_to_300
2034,656641.7111985745,247,P1_outputs_path_100_to_300
2035,837174.4789539538,247,P1_outputs_path_100_to_300
2036,909941.9669197402,247,P1_outputs_path_100_to_300
2037,1013741.1793288912,247,P1_outputs_path_100_to_300
2038,1150483.783964747,247,P1_outputs_path_100_to_300
2039,1416126.231353923,247,P1_outputs_path_100_to_300
2040,1661352.734707224,247,P1_outputs_path_100_to_300
2041,1930103.6493832956,247,P1_outputs_path_100_to_300
2042,1979904.991613912,247,P1_outputs_path_100_to_300
2043,2123422.9958772077,247,P1_outputs_path_100_to_300
2044,2193105.3765051225,247,P1_outputs_path_100_to_300
2045,2200618.5442127064,247,P1_outputs_path_100_to_300
2046,2213937.5158121847,247,P1_outputs_path_100_to_300
2047,2062270.830551362,247,P1_outputs_path_100_to_300
2048,2064100.229619715,247,P1_outputs_path_100_to_300
2049,2174696.462703564,247,P1_outputs_path_100_to_300
2050,2182239.291436794,247,P1_outputs_path_100_to_300
2051,2189508.4009173955,247,P1_outputs_path_100_to_300
2052,2279312.230404781,247,P1_outputs_path_100_to_300
2053,2463501.584572108,247,P1_outputs_path_100_to_300
2054,2385424.0951638822,247,P1_outputs_path_100_to_300
2055,2406264.539468809,247,P1_outputs_path_100_to_300
2056,2273321.472099175,247,P1_outputs_path_100_to_300
2057,2304344.54510199,247,P1_outputs_path_100_to_300
2058,2454704.8311396623,247,P1_outputs_path_100_to_300
2059,2578290.2987286374,247,P1_outputs_path_100_to_300
2060,2731454.9261499904,247,P1_outputs_path_100_to_300
2061,2771881.12808348,247,P1_outputs_path_100_to_300
2062,2826945.3862133957,247,P1_outputs_path_100_to_300
2063,2809334.3901897334,247,P1_outputs_path_100_to_300
2064,2715020.702037804,247,P1_outputs_path_100_to_300
2065,2989333.802600636,247,P1_outputs_path_100_to_300
2066,3139299.981856649,247,P1_outputs_path_100_to_300
2067,3386096.433272929,247,P1_outputs_path_100_to_300
2068,3389417.404035908,247,P1_outputs_path_100_to_300
2069,3442321.6422147118,247,P1_outputs_path_100_to_300
2070,3671708.030801076,247,P1_outputs_path_100_to_300
2071,3795098.997575632,247,P1_outputs_path_100_to_300
2072,3882533.754990414,247,P1_outputs_path_100_to_300
2073,3989744.359501532,247,P1_outputs_path_100_to_300
2074,2393623.611513811,247,P1_outputs_path_100_to_300
2075,,247,P1_outputs_path_100_to_300
2025,0.0,248,P1_outputs_path_100_to_300
2026,56129.19064414116,248,P1_outputs_path_100_to_300
2027,114985.5917639554,248,P1_outputs_path_100_to_300
2028,214718.6474923532,248,P1_outputs_path_100_to_300
2029,266426.3361933171,248,P1_outputs_path_100_to_300
2030,313357.4520172639,248,P1_outputs_path_100_to_300
2031,376688.1857305196,248,P1_outputs_path_100_to_300
2032,400522.2082480904,248,P1_outputs_path_100_to_300
2033,495302.1143354371,248,P1_outputs_path_100_to_300
2034,477099.266050614,248,P1_outputs_path_100_to_300
2035,632517.8631707537,248,P1_outputs_path_100_to_300
2036,701807.430664341,248,P1_outputs_path_100_to_300
2037,871422.3040507766,248,P1_outputs_path_100_to_300
2038,848056.3465136073,248,P1_outputs_path_100_to_300
2039,894264.7837949758,248,P1_outputs_path_100_to_300
2040,881618.8386269468,248,P1_outputs_path_100_to_300
2041,1002232.3569611808,248,P1_outputs_path_100_to_300
2042,934396.1347163138,248,P1_outputs_path_100_to_300
2043,1067594.792022894,248,P1_outputs_path_100_to_300
2044,1137065.5654525808,248,P1_outputs_path_100_to_300
2045,1350359.9395865246,248,P1_outputs_path_100_to_300
2046,1492856.125214376,248,P1_outputs_path_100_to_300
2047,1582758.3024791824,248,P1_outputs_path_100_to_300
2048,1976393.1688340188,248,P1_outputs_path_100_to_300
2049,1971478.030222446,248,P1_outputs_path_100_to_300
2050,1948762.5691558784,248,P1_outputs_path_100_to_300
2051,1999885.4772344104,248,P1_outputs_path_100_to_300
2052,2086379.1317749743,248,P1_outputs_path_100_to_300
2053,2102628.2231343,248,P1_outputs_path_100_to_300
2054,2221572.5810195394,248,P1_outputs_path_100_to_300
2055,2170503.884919302,248,P1_outputs_path_100_to_300
2056,2362813.867893183,248,P1_outputs_path_100_to_300
2057,2298372.2470185976,248,P1_outputs_path_100_to_300
2058,2337908.8755409457,248,P1_outputs_path_100_to_300
2059,2451921.005068687,248,P1_outputs_path_100_to_300
2060,2565186.4323255294,248,P1_outputs_path_100_to_300
2061,2789625.1696865307,248,P1_outputs_path_100_to_300
2062,2950214.5702128974,248,P1_outputs_path_100_to_300
2063,3121426.817910445,248,P1_outputs_path_100_to_300
2064,3200490.929699277,248,P1_outputs_path_100_to_300
2065,3339600.0774376146,248,P1_outputs_path_100_to_300
2066,3544731.541175388,248,P1_outputs_path_100_to_300
2067,3825576.163798224,248,P1_outputs_path_100_to_300
2068,3715320.3860195633,248,P1_outputs_path_100_to_300
2069,3740843.601457934,248,P1_outputs_path_100_to_300
2070,3528791.8222836074,248,P1_outputs_path_100_to_300
2071,3443413.9953289945,248,P1_outputs_path_100_to_300
2072,3436091.233370064,248,P1_outputs_path_100_to_300
2073,3517691.591375079,248,P1_outputs_path_100_to_300
2074,1349776.9997640576,248,P1_outputs_path_100_to_300
2075,,248,P1_outputs_path_100_to_300
2025,0.0,249,P1_outputs_path_100_to_300
2026,61495.153372368346,249,P1_outputs_path_100_to_300
2027,118553.67682281457,249,P1_outputs_path_100_to_300
2028,226305.938661739,249,P1_outputs_path_100_to_300
2029,317629.6689087631,249,P1_outputs_path_100_to_300
2030,397502.7897421077,249,P1_outputs_path_100_to_300
2031,512299.1453081227,249,P1_outputs_path_100_to_300
2032,709116.6762959276,249,P1_outputs_path_100_to_300
2033,847156.7205209713,249,P1_outputs_path_100_to_300
2034,269423.6140994696,249,P1_outputs_path_100_to_300
2035,339435.650127111,249,P1_outputs_path_100_to_300
2036,368252.5969749703,249,P1_outputs_path_100_to_300
2037,404617.5080432365,249,P1_outputs_path_100_to_300
2038,578987.6999340545,249,P1_outputs_path_100_to_300
2039,673230.2786370683,249,P1_outputs_path_100_to_300
2040,832611.8213354612,249,P1_outputs_path_100_to_300
2041,942521.7249953394,249,P1_outputs_path_100_to_300
2042,1119501.6917165434,249,P1_outputs_path_100_to_300
2043,1340043.9903361772,249,P1_outputs_path_100_to_300
2044,1410132.9915979472,249,P1_outputs_path_100_to_300
2045,1545045.1264661883,249,P1_outputs_path_100_to_300
2046,1421318.2856680118,249,P1_outputs_path_100_to_300
2047,1419419.9849856016,249,P1_outputs_path_100_to_300
2048,1699400.392398377,249,P1_outputs_path_100_to_300
2049,1825788.8747232468,249,P1_outputs_path_100_to_300
2050,2112368.6321316296,249,P1_outputs_path_100_to_300
2051,2241165.98945148,249,P1_outputs_path_100_to_300
2052,2551876.283283371,249,P1_outputs_path_100_to_300
2053,2473055.62193877,249,P1_outputs_path_100_to_300
2054,2759330.162755534,249,P1_outputs_path_100_to_300
2055,2930643.668914532,249,P1_outputs_path_100_to_300
2056,2953868.305530357,249,P1_outputs_path_100_to_300
2057,2901005.875157465,249,P1_outputs_path_100_to_300
2058,2929044.3887828705,249,P1_outputs_path_100_to_300
2059,2812112.2063827734,249,P1_outputs_path_100_to_300
2060,2963605.142052072,249,P1_outputs_path_100_to_300
2061,2962420.4085660726,249,P1_outputs_path_100_to_300
2062,2941965.9813351426,249,P1_outputs_path_100_to_300
2063,3049572.1551857144,249,P1_outputs_path_100_to_300
2064,3107361.748145981,249,P1_outputs_path_100_to_300
2065,3073360.5839560665,249,P1_outputs_path_100_to_300
2066,3339233.2392957923,249,P1_outputs_path_100_to_300
2067,3410956.543156524,249,P1_outputs_path_100_to_300
2068,3314770.4616891807,249,P1_outputs_path_100_to_300
2069,3181866.561422116,249,P1_outputs_path_100_to_300
2070,3057433.7752670045,249,P1_outputs_path_100_to_300
2071,3002453.023843077,249,P1_outputs_path_100_to_300
2072,3028954.13242509,249,P1_outputs_path_100_to_300
2073,3090230.607520423,249,P1_outputs_path_100_to_300
2074,1300552.0593979724,249,P1_outputs_path_100_to_300
2075,,249,P1_outputs_path_100_to_300
2025,0.0,250,P1_outputs_path_100_to_300
2026,55205.51179075712,250,P1_outputs_path_100_to_300
2027,105276.33042721706,250,P1_outputs_path_100_to_300
2028,156801.7900566226,250,P1_outputs_path_100_to_300
2029,245478.3634187416,250,P1_outputs_path_100_to_300
2030,321582.17119474045,250,P1_outputs_path_100_to_300
2031,349491.0956174959,250,P1_outputs_path_100_to_300
2032,396163.7912350143,250,P1_outputs_path_100_to_300
2033,469685.8658727009,250,P1_outputs_path_100_to_300
2034,555906.9830403083,250,P1_outputs_path_100_to_300
2035,539082.4593409144,250,P1_outputs_path_100_to_300
2036,673418.0767575729,250,P1_outputs_path_100_to_300
2037,769820.9029636488,250,P1_outputs_path_100_to_300
2038,858612.379021874,250,P1_outputs_path_100_to_300
2039,770923.5135098677,250,P1_outputs_path_100_to_300
2040,883646.3803552244,250,P1_outputs_path_100_to_300
2041,862680.0426824957,250,P1_outputs_path_100_to_300
2042,913032.7609545432,250,P1_outputs_path_100_to_300
2043,1072588.4358368802,250,P1_outputs_path_100_to_300
2044,1401404.0462353942,250,P1_outputs_path_100_to_300
2045,1551330.202692724,250,P1_outputs_path_100_to_300
2046,1594292.9762094405,250,P1_outputs_path_100_to_300
2047,1820401.9284738784,250,P1_outputs_path_100_to_300
2048,2009872.8845323413,250,P1_outputs_path_100_to_300
2049,2085550.1626472056,250,P1_outputs_path_100_to_300
2050,2059000.88121014,250,P1_outputs_path_100_to_300
2051,1927322.678928414,250,P1_outputs_path_100_to_300
2052,2120186.9286372806,250,P1_outputs_path_100_to_300
2053,2209176.114672465,250,P1_outputs_path_100_to_300
2054,2288860.688490708,250,P1_outputs_path_100_to_300
2055,2399882.359251908,250,P1_outputs_path_100_to_300
2056,2404946.3548686216,250,P1_outputs_path_100_to_300
2057,2273708.343141232,250,P1_outputs_path_100_to_300
2058,2394995.684020734,250,P1_outputs_path_100_to_300
2059,2269102.7484109243,250,P1_outputs_path_100_to_300
2060,2179525.610234714,250,P1_outputs_path_100_to_300
2061,2334350.422927472,250,P1_outputs_path_100_to_300
2062,2488786.8316528136,250,P1_outputs_path_100_to_300
2063,2684128.599498257,250,P1_outputs_path_100_to_300
2064,2760796.718891709,250,P1_outputs_path_100_to_300
2065,2774897.5747236647,250,P1_outputs_path_100_to_300
2066,2882808.638321351,250,P1_outputs_path_100_to_300
2067,2954914.257143588,250,P1_outputs_path_100_to_300
2068,3096049.39831109,250,P1_outputs_path_100_to_300
2069,3063958.6420061914,250,P1_outputs_path_100_to_300
2070,2806763.2878447264,250,P1_outputs_path_100_to_300
2071,2913984.2272175066,250,P1_outputs_path_100_to_300
2072,2881777.272581391,250,P1_outputs_path_100_to_300
2073,2967497.9133530576,250,P1_outputs_path_100_to_300
2074,1318787.9143082758,250,P1_outputs_path_100_to_300
2075,,250,P1_outputs_path_100_to_300
2025,0.0,251,P1_outputs_path_100_to_300
2026,54562.700285568615,251,P1_outputs_path_100_to_300
2027,121270.23114198084,251,P1_outputs_path_100_to_300
2028,192077.6269036701,251,P1_outputs_path_100_to_300
2029,320924.61376519664,251,P1_outputs_path_100_to_300
2030,404020.9140283136,251,P1_outputs_path_100_to_300
2031,430292.72366017743,251,P1_outputs_path_100_to_300
2032,496224.2149396183,251,P1_outputs_path_100_to_300
2033,703800.7573230523,251,P1_outputs_path_100_to_300
2034,66199.0775568881,251,P1_outputs_path_100_to_300
2035,132917.4951076796,251,P1_outputs_path_100_to_300
2036,237059.42844813157,251,P1_outputs_path_100_to_300
2037,338233.33807626046,251,P1_outputs_path_100_to_300
2038,573484.0525167428,251,P1_outputs_path_100_to_300
2039,624686.7108876364,251,P1_outputs_path_100_to_300
2040,626427.0575342601,251,P1_outputs_path_100_to_300
2041,794802.1403632751,251,P1_outputs_path_100_to_300
2042,819046.8450138399,251,P1_outputs_path_100_to_300
2043,869722.4717708309,251,P1_outputs_path_100_to_300
2044,958565.870970294,251,P1_outputs_path_100_to_300
2045,1322197.4053164874,251,P1_outputs_path_100_to_300
2046,1301900.0233492672,251,P1_outputs_path_100_to_300
2047,1224143.5433825476,251,P1_outputs_path_100_to_300
2048,1443660.4302098283,251,P1_outputs_path_100_to_300
2049,1706299.0087594197,251,P1_outputs_path_100_to_300
2050,1869481.94749966,251,P1_outputs_path_100_to_300
2051,1987287.921132855,251,P1_outputs_path_100_to_300
2052,2177427.129228784,251,P1_outputs_path_100_to_300
2053,2256815.9609055105,251,P1_outputs_path_100_to_300
2054,2419077.407563206,251,P1_outputs_path_100_to_300
2055,2445974.872215929,251,P1_outputs_path_100_to_300
2056,2525056.2125793304,251,P1_outputs_path_100_to_300
2057,2514812.6711374824,251,P1_outputs_path_100_to_300
2058,2641803.7924815137,251,P1_outputs_path_100_to_300
2059,2787586.569310657,251,P1_outputs_path_100_to_300
2060,2693510.0943437163,251,P1_outputs_path_100_to_300
2061,2509789.8607850745,251,P1_outputs_path_100_to_300
2062,2594220.9377943445,251,P1_outputs_path_100_to_300
2063,2313896.99679198,251,P1_outputs_path_100_to_300
2064,2426059.5551714688,251,P1_outputs_path_100_to_300
2065,2636174.8540437496,251,P1_outputs_path_100_to_300
2066,2756872.441579115,251,P1_outputs_path_100_to_300
2067,2922818.409363684,251,P1_outputs_path_100_to_300
2068,2774377.8960218206,251,P1_outputs_path_100_to_300
2069,2853879.674546874,251,P1_outputs_path_100_to_300
2070,2811943.850724687,251,P1_outputs_path_100_to_300
2071,2776285.216065822,251,P1_outputs_path_100_to_300
2072,2761545.573878775,251,P1_outputs_path_100_to_300
2073,2848104.631170968,251,P1_outputs_path_100_to_300
2074,1114799.6459957988,251,P1_outputs_path_100_to_300
2075,,251,P1_outputs_path_100_to_300
2025,0.0,252,P1_outputs_path_100_to_300
2026,51112.11088542183,252,P1_outputs_path_100_to_300
2027,115189.01105492232,252,P1_outputs_path_100_to_300
2028,167996.55599103362,252,P1_outputs_path_100_to_300
2029,279826.8250230481,252,P1_outputs_path_100_to_300
2030,330329.4546488029,252,P1_outputs_path_100_to_300
2031,337743.304484593,252,P1_outputs_path_100_to_300
2032,369471.6887563698,252,P1_outputs_path_100_to_300
2033,545064.7481162081,252,P1_outputs_path_100_to_300
2034,894713.3155144645,252,P1_outputs_path_100_to_300
2035,929605.7699908264,252,P1_outputs_path_100_to_300
2036,1237285.823699843,252,P1_outputs_path_100_to_300
2037,1373276.4919375614,252,P1_outputs_path_100_to_300
2038,1501671.0609406796,252,P1_outputs_path_100_to_300
2039,1595922.5729285858,252,P1_outputs_path_100_to_300
2040,1734015.3542564078,252,P1_outputs_path_100_to_300
2041,1909827.6337866143,252,P1_outputs_path_100_to_300
2042,2044533.5356309635,252,P1_outputs_path_100_to_300
2043,2154873.8280221536,252,P1_outputs_path_100_to_300
2044,2122110.5543718818,252,P1_outputs_path_100_to_300
2045,2044610.8936238373,252,P1_outputs_path_100_to_300
2046,2195526.7026282754,252,P1_outputs_path_100_to_300
2047,2333013.4969408438,252,P1_outputs_path_100_to_300
2048,2246455.8583337665,252,P1_outputs_path_100_to_300
2049,2387005.880434928,252,P1_outputs_path_100_to_300
2050,2601428.2502967278,252,P1_outputs_path_100_to_300
2051,2607663.319707948,252,P1_outputs_path_100_to_300
2052,2546153.3607055894,252,P1_outputs_path_100_to_300
2053,2627706.049449039,252,P1_outputs_path_100_to_300
2054,2873279.87873397,252,P1_outputs_path_100_to_300
2055,2860204.8139859536,252,P1_outputs_path_100_to_300
2056,2895755.854595554,252,P1_outputs_path_100_to_300
2057,2922439.555723314,252,P1_outputs_path_100_to_300
2058,2912351.4706646134,252,P1_outputs_path_100_to_300
2059,2990263.5139090465,252,P1_outputs_path_100_to_300
2060,2920314.2017326,252,P1_outputs_path_100_to_300
2061,3071712.0964258807,252,P1_outputs_path_100_to_300
2062,3129332.350082741,252,P1_outputs_path_100_to_300
2063,3371188.2349020764,252,P1_outputs_path_100_to_300
2064,3578510.3866762044,252,P1_outputs_path_100_to_300
2065,3730159.2439957834,252,P1_outputs_path_100_to_300
2066,3799325.623387545,252,P1_outputs_path_100_to_300
2067,3658796.844110189,252,P1_outputs_path_100_to_300
2068,3594037.959206146,252,P1_outputs_path_100_to_300
2069,3444099.3020680347,252,P1_outputs_path_100_to_300
2070,3388963.799971101,252,P1_outputs_path_100_to_300
2071,3617882.769361035,252,P1_outputs_path_100_to_300
2072,3748227.387032164,252,P1_outputs_path_100_to_300
2073,3812454.873143243,252,P1_outputs_path_100_to_300
2074,1993845.241151889,252,P1_outputs_path_100_to_300
2075,,252,P1_outputs_path_100_to_300
2025,0.0,253,P1_outputs_path_100_to_300
2026,64429.15701680856,253,P1_outputs_path_100_to_300
2027,127060.9820221741,253,P1_outputs_path_100_to_300
2028,186097.71090754465,253,P1_outputs_path_100_to_300
2029,241477.3328717972,253,P1_outputs_path_100_to_300
2030,299538.73256661685,253,P1_outputs_path_100_to_300
2031,318297.8340288845,253,P1_outputs_path_100_to_300
2032,319698.00311554904,253,P1_outputs_path_100_to_300
2033,416935.054776888,253,P1_outputs_path_100_to_300
2034,482590.31156616274,253,P1_outputs_path_100_to_300
2035,614773.2404637141,253,P1_outputs_path_100_to_300
2036,767779.1480669993,253,P1_outputs_path_100_to_300
2037,792109.7458094564,253,P1_outputs_path_100_to_300
2038,836347.7473917807,253,P1_outputs_path_100_to_300
2039,809520.6673838772,253,P1_outputs_path_100_to_300
2040,778815.9738160205,253,P1_outputs_path_100_to_300
2041,1062277.78683565,253,P1_outputs_path_100_to_300
2042,1058070.212157422,253,P1_outputs_path_100_to_300
2043,1213029.200641555,253,P1_outputs_path_100_to_300
2044,1260882.7136037152,253,P1_outputs_path_100_to_300
2045,1369813.758780094,253,P1_outputs_path_100_to_300
2046,1888208.7839874008,253,P1_outputs_path_100_to_300
2047,1828712.7132786587,253,P1_outputs_path_100_to_300
2048,1872484.9435996204,253,P1_outputs_path_100_to_300
2049,2084036.9754850653,253,P1_outputs_path_100_to_300
2050,2200591.2012453987,253,P1_outputs_path_100_to_300
2051,2234638.225490147,253,P1_outputs_path_100_to_300
2052,2338306.9507190874,253,P1_outputs_path_100_to_300
2053,2436304.69064592,253,P1_outputs_path_100_to_300
2054,2478935.8686449165,253,P1_outputs_path_100_to_300
2055,2639183.0710447864,253,P1_outputs_path_100_to_300
2056,2619542.3624340403,253,P1_outputs_path_100_to_300
2057,2704539.746086022,253,P1_outputs_path_100_to_300
2058,2694409.747033354,253,P1_outputs_path_100_to_300
2059,2676339.8500109767,253,P1_outputs_path_100_to_300
2060,2546694.548492946,253,P1_outputs_path_100_to_300
2061,2731358.453252528,253,P1_outputs_path_100_to_300
2062,2919952.014841976,253,P1_outputs_path_100_to_300
2063,2971773.203738048,253,P1_outputs_path_100_to_300
2064,3132535.1735877963,253,P1_outputs_path_100_to_300
2065,2963684.1595697203,253,P1_outputs_path_100_to_300
2066,3086880.004988261,253,P1_outputs_path_100_to_300
2067,2980779.1254877816,253,P1_outputs_path_100_to_300
2068,3097806.907569255,253,P1_outputs_path_100_to_300
2069,3148221.954063535,253,P1_outputs_path_100_to_300
2070,3136902.3874575896,253,P1_outputs_path_100_to_300
2071,3036190.750022239,253,P1_outputs_path_100_to_300
2072,3053088.0760993105,253,P1_outputs_path_100_to_300
2073,3141074.04716732,253,P1_outputs_path_100_to_300
2074,1349815.948767605,253,P1_outputs_path_100_to_300
2075,,253,P1_outputs_path_100_to_300
2025,0.0,254,P1_outputs_path_100_to_300
2026,69112.88995001624,254,P1_outputs_path_100_to_300
2027,119321.15863934616,254,P1_outputs_path_100_to_300
2028,148188.55788371386,254,P1_outputs_path_100_to_300
2029,201118.31620270663,254,P1_outputs_path_100_to_300
2030,299485.0619681277,254,P1_outputs_path_100_to_300
2031,324778.25231578475,254,P1_outputs_path_100_to_300
2032,451790.4146916813,254,P1_outputs_path_100_to_300
2033,570017.2207340382,254,P1_outputs_path_100_to_300
2034,537369.813564644,254,P1_outputs_path_100_to_300
2035,496996.58208316326,254,P1_outputs_path_100_to_300
2036,515305.7248826011,254,P1_outputs_path_100_to_300
2037,603760.856153026,254,P1_outputs_path_100_to_300
2038,665572.3306617143,254,P1_outputs_path_100_to_300
2039,700130.2593531568,254,P1_outputs_path_100_to_300
2040,767485.8904572476,254,P1_outputs_path_100_to_300
2041,818499.684910734,254,P1_outputs_path_100_to_300
2042,977974.7045067408,254,P1_outputs_path_100_to_300
2043,970687.8859976328,254,P1_outputs_path_100_to_300
2044,948622.410513832,254,P1_outputs_path_100_to_300
2045,867076.3375690845,254,P1_outputs_path_100_to_300
2046,1027887.7488583828,254,P1_outputs_path_100_to_300
2047,929248.4040991822,254,P1_outputs_path_100_to_300
2048,833354.8566502316,254,P1_outputs_path_100_to_300
2049,968968.7242652964,254,P1_outputs_path_100_to_300
2050,1118788.8718529462,254,P1_outputs_path_100_to_300
2051,1001650.357503962,254,P1_outputs_path_100_to_300
2052,1173355.8867065718,254,P1_outputs_path_100_to_300
2053,1240598.410931309,254,P1_outputs_path_100_to_300
2054,1295385.4496521212,254,P1_outputs_path_100_to_300
2055,1297402.6898909498,254,P1_outputs_path_100_to_300
2056,1385074.6775202083,254,P1_outputs_path_100_to_300
2057,1568843.1114856582,254,P1_outputs_path_100_to_300
2058,1770697.9163886136,254,P1_outputs_path_100_to_300
2059,2117134.127628843,254,P1_outputs_path_100_to_300
2060,2181413.872558791,254,P1_outputs_path_100_to_300
2061,2300469.1385827707,254,P1_outputs_path_100_to_300
2062,2330827.988556413,254,P1_outputs_path_100_to_300
2063,2426201.187011336,254,P1_outputs_path_100_to_300
2064,2373620.832622888,254,P1_outputs_path_100_to_300
2065,2432626.3415692337,254,P1_outputs_path_100_to_300
2066,2445289.324278076,254,P1_outputs_path_100_to_300
2067,2579026.1644742894,254,P1_outputs_path_100_to_300
2068,2625862.2429598845,254,P1_outputs_path_100_to_300
2069,2653541.4382576738,254,P1_outputs_path_100_to_300
2070,2701665.303504813,254,P1_outputs_path_100_to_300
2071,2645429.775354006,254,P1_outputs_path_100_to_300
2072,2769501.236013462,254,P1_outputs_path_100_to_300
2073,2750318.325503093,254,P1_outputs_path_100_to_300
2074,1035754.321502826,254,P1_outputs_path_100_to_300
2075,,254,P1_outputs_path_100_to_300
2025,0.0,255,P1_outputs_path_100_to_300
2026,59348.4190565418,255,P1_outputs_path_100_to_300
2027,114052.499354913,255,P1_outputs_path_100_to_300
2028,199216.7925342008,255,P1_outputs_path_100_to_300
2029,234116.66485477344,255,P1_outputs_path_100_to_300
2030,279376.49839929666,255,P1_outputs_path_100_to_300
2031,345181.9553749544,255,P1_outputs_path_100_to_300
2032,417488.6253130039,255,P1_outputs_path_100_to_300
2033,529552.1575883324,255,P1_outputs_path_100_to_300
2034,575235.8088593873,255,P1_outputs_path_100_to_300
2035,656586.3272463114,255,P1_outputs_path_100_to_300
2036,727215.6908762644,255,P1_outputs_path_100_to_300
2037,816057.1348042643,255,P1_outputs_path_100_to_300
2038,836921.0517658108,255,P1_outputs_path_100_to_300
2039,1084466.6344394211,255,P1_outputs_path_100_to_300
2040,1125072.119450542,255,P1_outputs_path_100_to_300
2041,1276943.2682431266,255,P1_outputs_path_100_to_300
2042,1185991.650684936,255,P1_outputs_path_100_to_300
2043,1473231.6652225847,255,P1_outputs_path_100_to_300
2044,1612441.3509869147,255,P1_outputs_path_100_to_300
2045,1603824.923233497,255,P1_outputs_path_100_to_300
2046,1854202.122531053,255,P1_outputs_path_100_to_300
2047,1831901.3561029823,255,P1_outputs_path_100_to_300
2048,1822817.6594179247,255,P1_outputs_path_100_to_300
2049,1873124.9065999668,255,P1_outputs_path_100_to_300
2050,1999638.597004447,255,P1_outputs_path_100_to_300
2051,1916269.576339788,255,P1_outputs_path_100_to_300
2052,1893756.825816941,255,P1_outputs_path_100_to_300
2053,1997042.9183028068,255,P1_outputs_path_100_to_300
2054,2126021.5892909933,255,P1_outputs_path_100_to_300
2055,2221587.2997473218,255,P1_outputs_path_100_to_300
2056,2241062.601883875,255,P1_outputs_path_100_to_300
2057,2211746.934667163,255,P1_outputs_path_100_to_300
2058,2170261.5258966577,255,P1_outputs_path_100_to_300
2059,2168460.414889418,255,P1_outputs_path_100_to_300
2060,2136578.5067396844,255,P1_outputs_path_100_to_300
2061,2185870.467709612,255,P1_outputs_path_100_to_300
2062,2156173.727523336,255,P1_outputs_path_100_to_300
2063,2302467.14982842,255,P1_outputs_path_100_to_300
2064,2190931.2655775924,255,P1_outputs_path_100_to_300
2065,2387830.5318266293,255,P1_outputs_path_100_to_300
2066,2470989.515669232,255,P1_outputs_path_100_to_300
2067,2426095.220818136,255,P1_outputs_path_100_to_300
2068,2450326.2867455464,255,P1_outputs_path_100_to_300
2069,2414050.9769393266,255,P1_outputs_path_100_to_300
2070,2624731.019981469,255,P1_outputs_path_100_to_300
2071,2804108.673175064,255,P1_outputs_path_100_to_300
2072,2839412.5863185665,255,P1_outputs_path_100_to_300
2073,2781701.8773392546,255,P1_outputs_path_100_to_300
2074,942618.4322037126,255,P1_outputs_path_100_to_300
2075,,255,P1_outputs_path_100_to_300
2025,0.0,256,P1_outputs_path_100_to_300
2026,45304.9711992608,256,P1_outputs_path_100_to_300
2027,103645.36996402282,256,P1_outputs_path_100_to_300
2028,156474.2660888171,256,P1_outputs_path_100_to_300
2029,234324.245981856,256,P1_outputs_path_100_to_300
2030,265335.3763970164,256,P1_outputs_path_100_to_300
2031,345977.8707540759,256,P1_outputs_path_100_to_300
2032,470072.4202537483,256,P1_outputs_path_100_to_300
2033,609384.4444827366,256,P1_outputs_path_100_to_300
2034,636383.2010538634,256,P1_outputs_path_100_to_300
2035,702451.935213044,256,P1_outputs_path_100_to_300
2036,834314.5811461366,256,P1_outputs_path_100_to_300
2037,1095624.4622990726,256,P1_outputs_path_100_to_300
2038,936133.4282336328,256,P1_outputs_path_100_to_300
2039,1111020.0614826789,256,P1_outputs_path_100_to_300
2040,1232754.6078270974,256,P1_outputs_path_100_to_300
2041,1360213.6523716,256,P1_outputs_path_100_to_300
2042,1656767.1527790995,256,P1_outputs_path_100_to_300
2043,1617111.5329408357,256,P1_outputs_path_100_to_300
2044,1855873.1717021333,256,P1_outputs_path_100_to_300
2045,1898725.725388873,256,P1_outputs_path_100_to_300
2046,1824336.7170184955,256,P1_outputs_path_100_to_300
2047,1914508.5254714133,256,P1_outputs_path_100_to_300
2048,1981637.8017672189,256,P1_outputs_path_100_to_300
2049,1888426.501317293,256,P1_outputs_path_100_to_300
2050,1947190.6294151228,256,P1_outputs_path_100_to_300
2051,1957939.750824527,256,P1_outputs_path_100_to_300
2052,2102489.032604799,256,P1_outputs_path_100_to_300
2053,2225945.0753520103,256,P1_outputs_path_100_to_300
2054,2168653.865910744,256,P1_outputs_path_100_to_300
2055,2353756.740294253,256,P1_outputs_path_100_to_300
2056,2349586.092070073,256,P1_outputs_path_100_to_300
2057,2190838.9655007664,256,P1_outputs_path_100_to_300
2058,2217177.5878332867,256,P1_outputs_path_100_to_300
2059,2425657.569613103,256,P1_outputs_path_100_to_300
2060,2418303.0854273704,256,P1_outputs_path_100_to_300
2061,2459923.486927025,256,P1_outputs_path_100_to_300
2062,2746123.24689514,256,P1_outputs_path_100_to_300
2063,2714392.0658840938,256,P1_outputs_path_100_to_300
2064,2825448.527930077,256,P1_outputs_path_100_to_300
2065,2865481.7726660934,256,P1_outputs_path_100_to_300
2066,2926099.547864396,256,P1_outputs_path_100_to_300
2067,2874056.6838565767,256,P1_outputs_path_100_to_300
2068,2971271.0856361226,256,P1_outputs_path_100_to_300
2069,3016718.3535421733,256,P1_outputs_path_100_to_300
2070,3184588.110876254,256,P1_outputs_path_100_to_300
2071,3188629.264984599,256,P1_outputs_path_100_to_300
2072,3325688.627296958,256,P1_outputs_path_100_to_300
2073,3414508.219882073,256,P1_outputs_path_100_to_300
2074,1596055.2020633726,256,P1_outputs_path_100_to_300
2075,,256,P1_outputs_path_100_to_300
2025,0.0,257,P1_outputs_path_100_to_300
2026,43115.59136645704,257,P1_outputs_path_100_to_300
2027,107860.02693058024,257,P1_outputs_path_100_to_300
2028,175090.86489165755,257,P1_outputs_path_100_to_300
2029,257204.9330416108,257,P1_outputs_path_100_to_300
2030,354993.6564065083,257,P1_outputs_path_100_to_300
2031,478314.4488289271,257,P1_outputs_path_100_to_300
2032,671043.5251566306,257,P1_outputs_path_100_to_300
2033,758759.810545397,257,P1_outputs_path_100_to_300
2034,126765.53877866536,257,P1_outputs_path_100_to_300
2035,199757.74372557385,257,P1_outputs_path_100_to_300
2036,223914.6212942886,257,P1_outputs_path_100_to_300
2037,287147.1016787938,257,P1_outputs_path_100_to_300
2038,352036.60119136085,257,P1_outputs_path_100_to_300
2039,505401.37368605327,257,P1_outputs_path_100_to_300
2040,700962.3878804679,257,P1_outputs_path_100_to_300
2041,893853.1050121832,257,P1_outputs_path_100_to_300
2042,954771.622512468,257,P1_outputs_path_100_to_300
2043,1291187.9386964054,257,P1_outputs_path_100_to_300
2044,1284554.1074123,257,P1_outputs_path_100_to_300
2045,1275731.2101921488,257,P1_outputs_path_100_to_300
2046,1505158.412984681,257,P1_outputs_path_100_to_300
2047,1622990.1294574484,257,P1_outputs_path_100_to_300
2048,1775396.0187240196,257,P1_outputs_path_100_to_300
2049,1839111.0905261424,257,P1_outputs_path_100_to_300
2050,1834552.807968265,257,P1_outputs_path_100_to_300
2051,1992834.3508326623,257,P1_outputs_path_100_to_300
2052,1987764.9921659443,257,P1_outputs_path_100_to_300
2053,2064766.1677931333,257,P1_outputs_path_100_to_300
2054,1939552.1175441595,257,P1_outputs_path_100_to_300
2055,1934405.097305457,257,P1_outputs_path_100_to_300
2056,2089389.946342657,257,P1_outputs_path_100_to_300
2057,2019963.0569690275,257,P1_outputs_path_100_to_300
2058,2046527.7199071336,257,P1_outputs_path_100_to_300
2059,2070169.753502949,257,P1_outputs_path_100_to_300
2060,2185250.1007585856,257,P1_outputs_path_100_to_300
2061,2335666.6231778148,257,P1_outputs_path_100_to_300
2062,2419852.922370615,257,P1_outputs_path_100_to_300
2063,2376918.775926749,257,P1_outputs_path_100_to_300
2064,2398999.2438990613,257,P1_outputs_path_100_to_300
2065,2595881.103928418,257,P1_outputs_path_100_to_300
2066,2811948.349278503,257,P1_outputs_path_100_to_300
2067,2843336.264013894,257,P1_outputs_path_100_to_300
2068,3028752.5469003976,257,P1_outputs_path_100_to_300
2069,2992408.6046985043,257,P1_outputs_path_100_to_300
2070,2919805.0764703704,257,P1_outputs_path_100_to_300
2071,3110069.114199669,257,P1_outputs_path_100_to_300
2072,3093570.731003161,257,P1_outputs_path_100_to_300
2073,3207007.7861487838,257,P1_outputs_path_100_to_300
2074,1302962.7666239112,257,P1_outputs_path_100_to_300
2075,,257,P1_outputs_path_100_to_300
2025,0.0,258,P1_outputs_path_100_to_300
2026,54738.89547100823,258,P1_outputs_path_100_to_300
2027,115166.8085013588,258,P1_outputs_path_100_to_300
2028,180772.20581022243,258,P1_outputs_path_100_to_300
2029,236800.9303669012,258,P1_outputs_path_100_to_300
2030,228396.04783420672,258,P1_outputs_path_100_to_300
2031,288811.22635967506,258,P1_outputs_path_100_to_300
2032,314818.828513122,258,P1_outputs_path_100_to_300
2033,477109.5528055437,258,P1_outputs_path_100_to_300
2034,649240.7035521743,258,P1_outputs_path_100_to_300
2035,822678.783537351,258,P1_outputs_path_100_to_300
2036,1077189.7935478494,258,P1_outputs_path_100_to_300
2037,1256005.2073064332,258,P1_outputs_path_100_to_300
2038,1354250.6977215344,258,P1_outputs_path_100_to_300
2039,1583397.5891227971,258,P1_outputs_path_100_to_300
2040,1614034.3202234416,258,P1_outputs_path_100_to_300
2041,1815633.535756354,258,P1_outputs_path_100_to_300
2042,1604214.2066103984,258,P1_outputs_path_100_to_300
2043,1500655.0540269134,258,P1_outputs_path_100_to_300
2044,1185350.82723391,258,P1_outputs_path_100_to_300
2045,1368650.2430992294,258,P1_outputs_path_100_to_300
2046,1282844.1493858618,258,P1_outputs_path_100_to_300
2047,1224226.6970526,258,P1_outputs_path_100_to_300
2048,1429816.238754938,258,P1_outputs_path_100_to_300
2049,1447399.5513848383,258,P1_outputs_path_100_to_300
2050,1509708.318910822,258,P1_outputs_path_100_to_300
2051,1938087.4993612785,258,P1_outputs_path_100_to_300
2052,2035649.9857278625,258,P1_outputs_path_100_to_300
2053,2063646.7005683165,258,P1_outputs_path_100_to_300
2054,2055482.177317204,258,P1_outputs_path_100_to_300
2055,2018528.8721460544,258,P1_outputs_path_100_to_300
2056,2252757.038517552,258,P1_outputs_path_100_to_300
2057,2398283.6490650107,258,P1_outputs_path_100_to_300
2058,2545131.7713814164,258,P1_outputs_path_100_to_300
2059,2613810.801421453,258,P1_outputs_path_100_to_300
2060,2623351.50732656,258,P1_outputs_path_100_to_300
2061,2701600.945255002,258,P1_outputs_path_100_to_300
2062,2854160.8797598006,258,P1_outputs_path_100_to_300
2063,2773222.3925579926,258,P1_outputs_path_100_to_300
2064,2783288.5362599795,258,P1_outputs_path_100_to_300
2065,2894266.45714184,258,P1_outputs_path_100_to_300
2066,2834471.683334428,258,P1_outputs_path_100_to_300
2067,2730696.004800322,258,P1_outputs_path_100_to_300
2068,2853421.215954841,258,P1_outputs_path_100_to_300
2069,2858172.274784354,258,P1_outputs_path_100_to_300
2070,2796172.4093755195,258,P1_outputs_path_100_to_300
2071,2765445.2284144727,258,P1_outputs_path_100_to_300
2072,2806494.691904774,258,P1_outputs_path_100_to_300
2073,2988203.81308926,258,P1_outputs_path_100_to_300
2074,1120096.6605943528,258,P1_outputs_path_100_to_300
2075,,258,P1_outputs_path_100_to_300
2025,0.0,259,P1_outputs_path_100_to_300
2026,60099.518535236704,259,P1_outputs_path_100_to_300
2027,119068.66007848484,259,P1_outputs_path_100_to_300
2028,188301.60367601676,259,P1_outputs_path_100_to_300
2029,278150.20441605535,259,P1_outputs_path_100_to_300
2030,401142.6575977812,259,P1_outputs_path_100_to_300
2031,475524.4956968208,259,P1_outputs_path_100_to_300
2032,564892.155514318,259,P1_outputs_path_100_to_300
2033,647958.9393901648,259,P1_outputs_path_100_to_300
2034,837226.5857697797,259,P1_outputs_path_100_to_300
2035,793765.0477754396,259,P1_outputs_path_100_to_300
2036,740440.4063300658,259,P1_outputs_path_100_to_300
2037,1094520.4444078305,259,P1_outputs_path_100_to_300
2038,1143626.6455944935,259,P1_outputs_path_100_to_300
2039,1294959.498261894,259,P1_outputs_path_100_to_300
2040,1402288.8443751277,259,P1_outputs_path_100_to_300
2041,1721621.9962479535,259,P1_outputs_path_100_to_300
2042,1920109.44162408,259,P1_outputs_path_100_to_300
2043,1869656.910733529,259,P1_outputs_path_100_to_300
2044,1604206.4667833275,259,P1_outputs_path_100_to_300
2045,1616182.033980819,259,P1_outputs_path_100_to_300
2046,1708447.1973477644,259,P1_outputs_path_100_to_300
2047,1602271.3467360483,259,P1_outputs_path_100_to_300
2048,1568338.3872016326,259,P1_outputs_path_100_to_300
2049,1685871.6717449613,259,P1_outputs_path_100_to_300
2050,1760176.1833650975,259,P1_outputs_path_100_to_300
2051,1684400.4484065524,259,P1_outputs_path_100_to_300
2052,1735320.4779449492,259,P1_outputs_path_100_to_300
2053,2098507.4512274805,259,P1_outputs_path_100_to_300
2054,1988583.61975768,259,P1_outputs_path_100_to_300
2055,2052614.375699628,259,P1_outputs_path_100_to_300
2056,2110815.9042546046,259,P1_outputs_path_100_to_300
2057,2327441.4210228957,259,P1_outputs_path_100_to_300
2058,2355152.507633364,259,P1_outputs_path_100_to_300
2059,2303392.999585991,259,P1_outputs_path_100_to_300
2060,2268755.570943257,259,P1_outputs_path_100_to_300
2061,2447619.892151552,259,P1_outputs_path_100_to_300
2062,2371697.132551199,259,P1_outputs_path_100_to_300
2063,2501889.109900116,259,P1_outputs_path_100_to_300
2064,2501095.482370152,259,P1_outputs_path_100_to_300
2065,2394381.287350807,259,P1_outputs_path_100_to_300
2066,2573114.9503840865,259,P1_outputs_path_100_to_300
2067,2571488.641254838,259,P1_outputs_path_100_to_300
2068,2668624.24328677,259,P1_outputs_path_100_to_300
2069,2809315.3401014023,259,P1_outputs_path_100_to_300
2070,2824971.089878184,259,P1_outputs_path_100_to_300
2071,2735911.3729915028,259,P1_outputs_path_100_to_300
2072,2798560.1299629738,259,P1_outputs_path_100_to_300
2073,2865426.0997796264,259,P1_outputs_path_100_to_300
2074,1148310.779796886,259,P1_outputs_path_100_to_300
2075,,259,P1_outputs_path_100_to_300
2025,0.0,260,P1_outputs_path_100_to_300
2026,54603.14409455791,260,P1_outputs_path_100_to_300
2027,100209.49391382308,260,P1_outputs_path_100_to_300
2028,159635.17226617748,260,P1_outputs_path_100_to_300
2029,234584.17822135825,260,P1_outputs_path_100_to_300
2030,267385.7296437196,260,P1_outputs_path_100_to_300
2031,448133.9342739954,260,P1_outputs_path_100_to_300
2032,504082.0080734219,260,P1_outputs_path_100_to_300
2033,578395.1455000514,260,P1_outputs_path_100_to_300
2034,650421.8619481454,260,P1_outputs_path_100_to_300
2035,749193.0478998825,260,P1_outputs_path_100_to_300
2036,801818.5842033058,260,P1_outputs_path_100_to_300
2037,752223.7638777684,260,P1_outputs_path_100_to_300
2038,778745.1840594701,260,P1_outputs_path_100_to_300
2039,642124.6867096642,260,P1_outputs_path_100_to_300
2040,639220.2515737875,260,P1_outputs_path_100_to_300
2041,628967.9131052668,260,P1_outputs_path_100_to_300
2042,837259.6822908624,260,P1_outputs_path_100_to_300
2043,821646.4345262565,260,P1_outputs_path_100_to_300
2044,811764.4170737196,260,P1_outputs_path_100_to_300
2045,943157.9776095398,260,P1_outputs_path_100_to_300
2046,1012350.0408131076,260,P1_outputs_path_100_to_300
2047,1071260.1196788782,260,P1_outputs_path_100_to_300
2048,1077954.449172813,260,P1_outputs_path_100_to_300
2049,1302482.6502613674,260,P1_outputs_path_100_to_300
2050,1611685.588479665,260,P1_outputs_path_100_to_300
2051,1664331.7589604324,260,P1_outputs_path_100_to_300
2052,1942866.753559808,260,P1_outputs_path_100_to_300
2053,1871058.8469746308,260,P1_outputs_path_100_to_300
2054,1931427.386218748,260,P1_outputs_path_100_to_300
2055,1997895.2166966707,260,P1_outputs_path_100_to_300
2056,2210093.099176419,260,P1_outputs_path_100_to_300
2057,2359044.8990705386,260,P1_outputs_path_100_to_300
2058,2453077.619134932,260,P1_outputs_path_100_to_300
2059,2526925.6085704374,260,P1_outputs_path_100_to_300
2060,2442423.0545797152,260,P1_outputs_path_100_to_300
2061,2536638.886918288,260,P1_outputs_path_100_to_300
2062,2563010.7746852827,260,P1_outputs_path_100_to_300
2063,2596547.8153932528,260,P1_outputs_path_100_to_300
2064,2589431.321296908,260,P1_outputs_path_100_to_300
2065,2662343.1388388686,260,P1_outputs_path_100_to_300
2066,2828480.565021647,260,P1_outputs_path_100_to_300
2067,2978664.7678410406,260,P1_outputs_path_100_to_300
2068,3025324.412285208,260,P1_outputs_path_100_to_300
2069,3230063.9417448933,260,P1_outputs_path_100_to_300
2070,3182530.6952543585,260,P1_outputs_path_100_to_300
2071,3278634.181851737,260,P1_outputs_path_100_to_300
2072,3506238.398014089,260,P1_outputs_path_100_to_300
2073,3765394.367519044,260,P1_outputs_path_100_to_300
2074,2158275.129140403,260,P1_outputs_path_100_to_300
2075,,260,P1_outputs_path_100_to_300
2025,0.0,261,P1_outputs_path_100_to_300
2026,51146.107543202736,261,P1_outputs_path_100_to_300
2027,96828.31925628896,261,P1_outputs_path_100_to_300
2028,172047.81934293458,261,P1_outputs_path_100_to_300
2029,225542.5731975266,261,P1_outputs_path_100_to_300
2030,364141.1177597418,261,P1_outputs_path_100_to_300
2031,493357.0349957919,261,P1_outputs_path_100_to_300
2032,600397.5912278653,261,P1_outputs_path_100_to_300
2033,647394.7932796741,261,P1_outputs_path_100_to_300
2034,829571.3165682406,261,P1_outputs_path_100_to_300
2035,879866.9976296554,261,P1_outputs_path_100_to_300
2036,1033456.204976259,261,P1_outputs_path_100_to_300
2037,1220572.6750174123,261,P1_outputs_path_100_to_300
2038,1443493.3728236116,261,P1_outputs_path_100_to_300
2039,1349116.803728618,261,P1_outputs_path_100_to_300
2040,1650477.0012067202,261,P1_outputs_path_100_to_300
2041,1830678.710096207,261,P1_outputs_path_100_to_300
2042,1891346.3749379923,261,P1_outputs_path_100_to_300
2043,1994908.004949063,261,P1_outputs_path_100_to_300
2044,2045026.9768462828,261,P1_outputs_path_100_to_300
2045,2167390.7850189167,261,P1_outputs_path_100_to_300
2046,2218858.4160051867,261,P1_outputs_path_100_to_300
2047,2403700.0529469727,261,P1_outputs_path_100_to_300
2048,2557307.948596109,261,P1_outputs_path_100_to_300
2049,2528447.564933564,261,P1_outputs_path_100_to_300
2050,2832202.8446822846,261,P1_outputs_path_100_to_300
2051,2856777.0739239627,261,P1_outputs_path_100_to_300
2052,2990718.429571254,261,P1_outputs_path_100_to_300
2053,2801523.9632539963,261,P1_outputs_path_100_to_300
2054,2755321.902299407,261,P1_outputs_path_100_to_300
2055,2671051.1263357867,261,P1_outputs_path_100_to_300
2056,2808416.2992344154,261,P1_outputs_path_100_to_300
2057,2792238.2986528077,261,P1_outputs_path_100_to_300
2058,2755461.015657348,261,P1_outputs_path_100_to_300
2059,2799701.238649949,261,P1_outputs_path_100_to_300
2060,2674404.355206572,261,P1_outputs_path_100_to_300
2061,2645748.0303399493,261,P1_outputs_path_100_to_300
2062,2770278.399149435,261,P1_outputs_path_100_to_300
2063,2930126.0542466734,261,P1_outputs_path_100_to_300
2064,3059166.795711893,261,P1_outputs_path_100_to_300
2065,3184325.6392737506,261,P1_outputs_path_100_to_300
2066,3198136.838020064,261,P1_outputs_path_100_to_300
2067,3148214.459183941,261,P1_outputs_path_100_to_300
2068,2987211.602492394,261,P1_outputs_path_100_to_300
2069,3241522.472536396,261,P1_outputs_path_100_to_300
2070,3332470.7528520324,261,P1_outputs_path_100_to_300
2071,3498071.139269689,261,P1_outputs_path_100_to_300
2072,3121960.0433985805,261,P1_outputs_path_100_to_300
2073,3098516.8929148074,261,P1_outputs_path_100_to_300
2074,1433773.470635238,261,P1_outputs_path_100_to_300
2075,,261,P1_outputs_path_100_to_300
2025,0.0,262,P1_outputs_path_100_to_300
2026,57671.84080898473,262,P1_outputs_path_100_to_300
2027,113409.24182012564,262,P1_outputs_path_100_to_300
2028,199662.62693120755,262,P1_outputs_path_100_to_300
2029,234001.13024729263,262,P1_outputs_path_100_to_300
2030,353372.6727675153,262,P1_outputs_path_100_to_300
2031,455370.3264110397,262,P1_outputs_path_100_to_300
2032,522741.3230772202,262,P1_outputs_path_100_to_300
2033,794750.0404174121,262,P1_outputs_path_100_to_300
2034,189396.73664959197,262,P1_outputs_path_100_to_300
2035,268204.17492869485,262,P1_outputs_path_100_to_300
2036,376828.2239805954,262,P1_outputs_path_100_to_300
2037,532133.3966178752,262,P1_outputs_path_100_to_300
2038,681943.7654730391,262,P1_outputs_path_100_to_300
2039,926011.8066749386,262,P1_outputs_path_100_to_300
2040,1089865.8121265208,262,P1_outputs_path_100_to_300
2041,1266775.2596457396,262,P1_outputs_path_100_to_300
2042,1350443.6471429009,262,P1_outputs_path_100_to_300
2043,1320099.508393431,262,P1_outputs_path_100_to_300
2044,1392265.0314181624,262,P1_outputs_path_100_to_300
2045,1587192.6252235093,262,P1_outputs_path_100_to_300
2046,1502990.5768420962,262,P1_outputs_path_100_to_300
2047,1536843.0300240768,262,P1_outputs_path_100_to_300
2048,1510995.0167151212,262,P1_outputs_path_100_to_300
2049,1481658.2121090847,262,P1_outputs_path_100_to_300
2050,1644196.793944893,262,P1_outputs_path_100_to_300
2051,1729233.0303417167,262,P1_outputs_path_100_to_300
2052,1982102.7602059504,262,P1_outputs_path_100_to_300
2053,2086803.650861149,262,P1_outputs_path_100_to_300
2054,2195089.913376529,262,P1_outputs_path_100_to_300
2055,2230420.533197057,262,P1_outputs_path_100_to_300
2056,2126055.9225812247,262,P1_outputs_path_100_to_300
2057,2344607.743223687,262,P1_outputs_path_100_to_300
2058,2460991.023930366,262,P1_outputs_path_100_to_300
2059,2569665.7219854603,262,P1_outputs_path_100_to_300
2060,2605093.455455338,262,P1_outputs_path_100_to_300
2061,2508011.338097597,262,P1_outputs_path_100_to_300
2062,2690209.124852812,262,P1_outputs_path_100_to_300
2063,2822065.190736521,262,P1_outputs_path_100_to_300
2064,2804183.8398423963,262,P1_outputs_path_100_to_300
2065,2938595.7269821167,262,P1_outputs_path_100_to_300
2066,3094919.955720154,262,P1_outputs_path_100_to_300
2067,3252633.0715415594,262,P1_outputs_path_100_to_300
2068,3318605.310390673,262,P1_outputs_path_100_to_300
2069,3454965.9675175413,262,P1_outputs_path_100_to_300
2070,3245196.8681394663,262,P1_outputs_path_100_to_300
2071,3284194.1559690023,262,P1_outputs_path_100_to_300
2072,3176790.355777749,262,P1_outputs_path_100_to_300
2073,3334210.3792474773,262,P1_outputs_path_100_to_300
2074,1561478.2141560374,262,P1_outputs_path_100_to_300
2075,,262,P1_outputs_path_100_to_300
2025,0.0,263,P1_outputs_path_100_to_300
2026,58183.60191884308,263,P1_outputs_path_100_to_300
2027,108679.18501525474,263,P1_outputs_path_100_to_300
2028,184605.11334418884,263,P1_outputs_path_100_to_300
2029,302768.181727592,263,P1_outputs_path_100_to_300
2030,381578.2167470068,263,P1_outputs_path_100_to_300
2031,520439.8743685863,263,P1_outputs_path_100_to_300
2032,699012.4501053959,263,P1_outputs_path_100_to_300
2033,788165.3670636897,263,P1_outputs_path_100_to_300
2034,147540.3709279918,263,P1_outputs_path_100_to_300
2035,200949.5783105322,263,P1_outputs_path_100_to_300
2036,298295.6157502372,263,P1_outputs_path_100_to_300
2037,363460.1034382942,263,P1_outputs_path_100_to_300
2038,449001.4674016151,263,P1_outputs_path_100_to_300
2039,591816.5101654398,263,P1_outputs_path_100_to_300
2040,742906.0482319989,263,P1_outputs_path_100_to_300
2041,767864.163301892,263,P1_outputs_path_100_to_300
2042,928849.1454169418,263,P1_outputs_path_100_to_300
2043,1022353.0470195736,263,P1_outputs_path_100_to_300
2044,984835.870952117,263,P1_outputs_path_100_to_300
2045,1129608.9848363544,263,P1_outputs_path_100_to_300
2046,1265605.2512908988,263,P1_outputs_path_100_to_300
2047,1641300.4297359444,263,P1_outputs_path_100_to_300
2048,1755900.3140867022,263,P1_outputs_path_100_to_300
2049,2012462.4644030724,263,P1_outputs_path_100_to_300
2050,2005038.3579595052,263,P1_outputs_path_100_to_300
2051,2125552.101474985,263,P1_outputs_path_100_to_300
2052,2176651.8142594947,263,P1_outputs_path_100_to_300
2053,2252357.1579831783,263,P1_outputs_path_100_to_300
2054,2363590.8743026303,263,P1_outputs_path_100_to_300
2055,2382554.0067247557,263,P1_outputs_path_100_to_300
2056,2430849.510472585,263,P1_outputs_path_100_to_300
2057,2457005.982187793,263,P1_outputs_path_100_to_300
2058,2583319.9941435494,263,P1_outputs_path_100_to_300
2059,2724312.9709042115,263,P1_outputs_path_100_to_300
2060,2848631.436032703,263,P1_outputs_path_100_to_300
2061,2852818.0478007607,263,P1_outputs_path_100_to_300
2062,3021783.065485896,263,P1_outputs_path_100_to_300
2063,3066803.09337828,263,P1_outputs_path_100_to_300
2064,3415774.723833006,263,P1_outputs_path_100_to_300
2065,3153351.9313110127,263,P1_outputs_path_100_to_300
2066,3148226.943392696,263,P1_outputs_path_100_to_300
2067,3344336.413760252,263,P1_outputs_path_100_to_300
2068,3572006.625710396,263,P1_outputs_path_100_to_300
2069,3427869.433206256,263,P1_outputs_path_100_to_300
2070,3462869.121913792,263,P1_outputs_path_100_to_300
2071,3290973.308990204,263,P1_outputs_path_100_to_300
2072,3194180.8514327016,263,P1_outputs_path_100_to_300
2073,3020335.681954653,263,P1_outputs_path_100_to_300
2074,1075674.8645160922,263,P1_outputs_path_100_to_300
2075,,263,P1_outputs_path_100_to_300
2025,0.0,264,P1_outputs_path_100_to_300
2026,110016.5875092024,264,P1_outputs_path_100_to_300
2027,168666.73519469908,264,P1_outputs_path_100_to_300
2028,233357.25723295927,264,P1_outputs_path_100_to_300
2029,350742.74284802633,264,P1_outputs_path_100_to_300
2030,414930.9298885684,264,P1_outputs_path_100_to_300
2031,515519.3902246058,264,P1_outputs_path_100_to_300
2032,639790.2244976758,264,P1_outputs_path_100_to_300
2033,745841.1079440699,264,P1_outputs_path_100_to_300
2034,102883.89201667313,264,P1_outputs_path_100_to_300
2035,155772.4811332923,264,P1_outputs_path_100_to_300
2036,289265.71855316416,264,P1_outputs_path_100_to_300
2037,426976.5531209026,264,P1_outputs_path_100_to_300
2038,518141.7975967836,264,P1_outputs_path_100_to_300
2039,520104.9779687058,264,P1_outputs_path_100_to_300
2040,702781.4787512671,264,P1_outputs_path_100_to_300
2041,678005.3444460386,264,P1_outputs_path_100_to_300
2042,816446.3971898714,264,P1_outputs_path_100_to_300
2043,839470.872194991,264,P1_outputs_path_100_to_300
2044,1060650.1527052626,264,P1_outputs_path_100_to_300
2045,1130213.0029227538,264,P1_outputs_path_100_to_300
2046,1326133.158609449,264,P1_outputs_path_100_to_300
2047,1268741.5945159956,264,P1_outputs_path_100_to_300
2048,1504407.177898158,264,P1_outputs_path_100_to_300
2049,1600633.7515847543,264,P1_outputs_path_100_to_300
2050,1609380.3828681242,264,P1_outputs_path_100_to_300
2051,1627355.8974812962,264,P1_outputs_path_100_to_300
2052,1876060.3485728705,264,P1_outputs_path_100_to_300
2053,2064212.9212968824,264,P1_outputs_path_100_to_300
2054,2121252.299584049,264,P1_outputs_path_100_to_300
2055,2286299.901783746,264,P1_outputs_path_100_to_300
2056,2405214.2184065664,264,P1_outputs_path_100_to_300
2057,2538151.3687745323,264,P1_outputs_path_100_to_300
2058,2766902.33553002,264,P1_outputs_path_100_to_300
2059,2744343.555220883,264,P1_outputs_path_100_to_300
2060,2858589.6375093786,264,P1_outputs_path_100_to_300
2061,2783923.8842328,264,P1_outputs_path_100_to_300
2062,2675654.016093375,264,P1_outputs_path_100_to_300
2063,2803260.806433178,264,P1_outputs_path_100_to_300
2064,2894127.163193844,264,P1_outputs_path_100_to_300
2065,2869345.623359858,264,P1_outputs_path_100_to_300
2066,2932639.195301711,264,P1_outputs_path_100_to_300
2067,2960496.711608918,264,P1_outputs_path_100_to_300
2068,2976712.479696645,264,P1_outputs_path_100_to_300
2069,2933177.5695429314,264,P1_outputs_path_100_to_300
2070,3100837.891066144,264,P1_outputs_path_100_to_300
2071,3129759.977443685,264,P1_outputs_path_100_to_300
2072,3036130.1963227466,264,P1_outputs_path_100_to_300
2073,2988032.9390946715,264,P1_outputs_path_100_to_300
2074,1157591.9172751189,264,P1_outputs_path_100_to_300
2075,,264,P1_outputs_path_100_to_300
2025,0.0,265,P1_outputs_path_100_to_300
2026,67955.28756556826,265,P1_outputs_path_100_to_300
2027,143086.21925333625,265,P1_outputs_path_100_to_300
2028,224288.61109489348,265,P1_outputs_path_100_to_300
2029,267216.8990026606,265,P1_outputs_path_100_to_300
2030,261388.02926905488,265,P1_outputs_path_100_to_300
2031,311184.7640204447,265,P1_outputs_path_100_to_300
2032,322600.0562635538,265,P1_outputs_path_100_to_300
2033,389688.0087448421,265,P1_outputs_path_100_to_300
2034,391262.7335705736,265,P1_outputs_path_100_to_300
2035,449628.0666116457,265,P1_outputs_path_100_to_300
2036,502661.3750465225,265,P1_outputs_path_100_to_300
2037,624604.6175928902,265,P1_outputs_path_100_to_300
2038,741099.5585349584,265,P1_outputs_path_100_to_300
2039,934420.189810443,265,P1_outputs_path_100_to_300
2040,955761.9975278464,265,P1_outputs_path_100_to_300
2041,1104941.9066238652,265,P1_outputs_path_100_to_300
2042,1070649.6880397005,265,P1_outputs_path_100_to_300
2043,1166554.587790664,265,P1_outputs_path_100_to_300
2044,1274509.574391999,265,P1_outputs_path_100_to_300
2045,1415181.845561418,265,P1_outputs_path_100_to_300
2046,1294292.308358567,265,P1_outputs_path_100_to_300
2047,1546656.0722935405,265,P1_outputs_path_100_to_300
2048,1650658.5650520565,265,P1_outputs_path_100_to_300
2049,1822966.3255918105,265,P1_outputs_path_100_to_300
2050,1871478.676451402,265,P1_outputs_path_100_to_300
2051,1855849.215166463,265,P1_outputs_path_100_to_300
2052,1764039.1710136677,265,P1_outputs_path_100_to_300
2053,1898410.9707546972,265,P1_outputs_path_100_to_300
2054,1803331.9550435825,265,P1_outputs_path_100_to_300
2055,1834182.20100067,265,P1_outputs_path_100_to_300
2056,1853593.7988742867,265,P1_outputs_path_100_to_300
2057,1967925.0059337728,265,P1_outputs_path_100_to_300
2058,2062105.4762073415,265,P1_outputs_path_100_to_300
2059,2026345.966062847,265,P1_outputs_path_100_to_300
2060,2109192.886783032,265,P1_outputs_path_100_to_300
2061,2268293.175348756,265,P1_outputs_path_100_to_300
2062,2297009.402983365,265,P1_outputs_path_100_to_300
2063,2431163.989360176,265,P1_outputs_path_100_to_300
2064,2474225.1757488567,265,P1_outputs_path_100_to_300
2065,2577277.7476794817,265,P1_outputs_path_100_to_300
2066,2636371.6499418784,265,P1_outputs_path_100_to_300
2067,2617062.9194870694,265,P1_outputs_path_100_to_300
2068,2590579.156188132,265,P1_outputs_path_100_to_300
2069,2706586.142343906,265,P1_outputs_path_100_to_300
2070,2709801.09593618,265,P1_outputs_path_100_to_300
2071,2666829.212362348,265,P1_outputs_path_100_to_300
2072,2886645.777816845,265,P1_outputs_path_100_to_300
2073,2973970.90240216,265,P1_outputs_path_100_to_300
2074,1189361.869422876,265,P1_outputs_path_100_to_300
2075,,265,P1_outputs_path_100_to_300
2025,0.0,266,P1_outputs_path_100_to_300
2026,54783.77774231495,266,P1_outputs_path_100_to_300
2027,131247.65347198717,266,P1_outputs_path_100_to_300
2028,173880.17990228767,266,P1_outputs_path_100_to_300
2029,238049.84805523447,266,P1_outputs_path_100_to_300
2030,303275.4662778162,266,P1_outputs_path_100_to_300
2031,341829.3544522533,266,P1_outputs_path_100_to_300
2032,420532.9155438777,266,P1_outputs_path_100_to_300
2033,511411.0431124642,266,P1_outputs_path_100_to_300
2034,552850.5289325295,266,P1_outputs_path_100_to_300
2035,580710.2787722291,266,P1_outputs_path_100_to_300
2036,683945.9572309059,266,P1_outputs_path_100_to_300
2037,859772.8073535236,266,P1_outputs_path_100_to_300
2038,985040.6729995018,266,P1_outputs_path_100_to_300
2039,891107.2343733493,266,P1_outputs_path_100_to_300
2040,969415.9386131634,266,P1_outputs_path_100_to_300
2041,1146314.5446298912,266,P1_outputs_path_100_to_300
2042,1210439.2871962625,266,P1_outputs_path_100_to_300
2043,1368510.5578066562,266,P1_outputs_path_100_to_300
2044,1398898.666890334,266,P1_outputs_path_100_to_300
2045,1478880.2387704863,266,P1_outputs_path_100_to_300
2046,1578731.9417955417,266,P1_outputs_path_100_to_300
2047,1642162.1754893204,266,P1_outputs_path_100_to_300
2048,1632976.1930836276,266,P1_outputs_path_100_to_300
2049,1703590.443870226,266,P1_outputs_path_100_to_300
2050,1702441.811214163,266,P1_outputs_path_100_to_300
2051,1862620.8489146496,266,P1_outputs_path_100_to_300
2052,2125723.395457996,266,P1_outputs_path_100_to_300
2053,2084281.200046735,266,P1_outputs_path_100_to_300
2054,2025273.4356700971,266,P1_outputs_path_100_to_300
2055,2015998.2860923973,266,P1_outputs_path_100_to_300
2056,2073523.911703661,266,P1_outputs_path_100_to_300
2057,2272820.0456511457,266,P1_outputs_path_100_to_300
2058,2240637.6071074265,266,P1_outputs_path_100_to_300
2059,2263851.170810506,266,P1_outputs_path_100_to_300
2060,2354084.422012688,266,P1_outputs_path_100_to_300
2061,2501888.818168028,266,P1_outputs_path_100_to_300
2062,2601472.788685622,266,P1_outputs_path_100_to_300
2063,2606245.1757069407,266,P1_outputs_path_100_to_300
2064,2653277.3857331807,266,P1_outputs_path_100_to_300
2065,2681976.956618212,266,P1_outputs_path_100_to_300
2066,2664708.399874829,266,P1_outputs_path_100_to_300
2067,2781029.0210837447,266,P1_outputs_path_100_to_300
2068,2889842.0803928985,266,P1_outputs_path_100_to_300
2069,2687967.457342292,266,P1_outputs_path_100_to_300
2070,2706530.8155633765,266,P1_outputs_path_100_to_300
2071,2828242.318873116,266,P1_outputs_path_100_to_300
2072,2797667.4172788654,266,P1_outputs_path_100_to_300
2073,2898771.2240213514,266,P1_outputs_path_100_to_300
2074,1121691.5560880117,266,P1_outputs_path_100_to_300
2075,,266,P1_outputs_path_100_to_300
2025,0.0,267,P1_outputs_path_100_to_300
2026,50572.650604365,267,P1_outputs_path_100_to_300
2027,110919.97960399408,267,P1_outputs_path_100_to_300
2028,165701.27514715027,267,P1_outputs_path_100_to_300
2029,227851.51439995965,267,P1_outputs_path_100_to_300
2030,312029.783268831,267,P1_outputs_path_100_to_300
2031,393439.14435835247,267,P1_outputs_path_100_to_300
2032,455970.5141562386,267,P1_outputs_path_100_to_300
2033,467401.311044366,267,P1_outputs_path_100_to_300
2034,512297.5486282631,267,P1_outputs_path_100_to_300
2035,588583.0693316252,267,P1_outputs_path_100_to_300
2036,667839.312473572,267,P1_outputs_path_100_to_300
2037,902080.762989268,267,P1_outputs_path_100_to_300
2038,853457.07488604,267,P1_outputs_path_100_to_300
2039,1019565.0291725028,267,P1_outputs_path_100_to_300
2040,1062652.0346985164,267,P1_outputs_path_100_to_300
2041,1413389.8648406346,267,P1_outputs_path_100_to_300
2042,1114885.3351012024,267,P1_outputs_path_100_to_300
2043,1160383.9483346655,267,P1_outputs_path_100_to_300
2044,1302864.9836574246,267,P1_outputs_path_100_to_300
2045,1445737.6991599358,267,P1_outputs_path_100_to_300
2046,1578899.295534528,267,P1_outputs_path_100_to_300
2047,1683541.1362214186,267,P1_outputs_path_100_to_300
2048,1782207.4261693042,267,P1_outputs_path_100_to_300
2049,1859151.7325475845,267,P1_outputs_path_100_to_300
2050,1848174.8006798292,267,P1_outputs_path_100_to_300
2051,1972374.3870998065,267,P1_outputs_path_100_to_300
2052,2004976.9441985087,267,P1_outputs_path_100_to_300
2053,2206712.1640321,267,P1_outputs_path_100_to_300
2054,2411364.006397093,267,P1_outputs_path_100_to_300
2055,2463335.860003787,267,P1_outputs_path_100_to_300
2056,2588506.173265851,267,P1_outputs_path_100_to_300
2057,2634036.8442879226,267,P1_outputs_path_100_to_300
2058,2529260.342194763,267,P1_outputs_path_100_to_300
2059,2434852.960144338,267,P1_outputs_path_100_to_300
2060,2574149.849914159,267,P1_outputs_path_100_to_300
2061,2772576.5771064176,267,P1_outputs_path_100_to_300
2062,2900877.20545048,267,P1_outputs_path_100_to_300
2063,2911118.411044034,267,P1_outputs_path_100_to_300
2064,3037665.3623395152,267,P1_outputs_path_100_to_300
2065,3139839.263075685,267,P1_outputs_path_100_to_300
2066,3368449.035666681,267,P1_outputs_path_100_to_300
2067,3540589.34475219,267,P1_outputs_path_100_to_300
2068,3839020.6357797855,267,P1_outputs_path_100_to_300
2069,4053766.539878906,267,P1_outputs_path_100_to_300
2070,4056526.533048243,267,P1_outputs_path_100_to_300
2071,4171582.691103241,267,P1_outputs_path_100_to_300
2072,3991458.8092745086,267,P1_outputs_path_100_to_300
2073,3766707.36472055,267,P1_outputs_path_100_to_300
2074,2050580.7273055864,267,P1_outputs_path_100_to_300
2075,,267,P1_outputs_path_100_to_300
2025,0.0,268,P1_outputs_path_100_to_300
2026,48479.61089793742,268,P1_outputs_path_100_to_300
2027,100829.16217168412,268,P1_outputs_path_100_to_300
2028,179592.39226967513,268,P1_outputs_path_100_to_300
2029,211957.46865131432,268,P1_outputs_path_100_to_300
2030,283901.7636468341,268,P1_outputs_path_100_to_300
2031,368916.6478873375,268,P1_outputs_path_100_to_300
2032,522591.9658711825,268,P1_outputs_path_100_to_300
2033,629594.3595540462,268,P1_outputs_path_100_to_300
2034,680242.0974441769,268,P1_outputs_path_100_to_300
2035,723247.5785816377,268,P1_outputs_path_100_to_300
2036,720925.915839806,268,P1_outputs_path_100_to_300
2037,746990.9722626975,268,P1_outputs_path_100_to_300
2038,954784.2291378864,268,P1_outputs_path_100_to_300
2039,848013.7959402894,268,P1_outputs_path_100_to_300
2040,892099.1328843893,268,P1_outputs_path_100_to_300
2041,967969.704015931,268,P1_outputs_path_100_to_300
2042,1173996.231942236,268,P1_outputs_path_100_to_300
2043,1455579.4157381528,268,P1_outputs_path_100_to_300
2044,1433666.8817760122,268,P1_outputs_path_100_to_300
2045,1541463.9372483394,268,P1_outputs_path_100_to_300
2046,1597298.1941392736,268,P1_outputs_path_100_to_300
2047,1731503.645475048,268,P1_outputs_path_100_to_300
2048,1831420.401052468,268,P1_outputs_path_100_to_300
2049,1911613.0088790937,268,P1_outputs_path_100_to_300
2050,1908139.3836055612,268,P1_outputs_path_100_to_300
2051,1821951.1560085905,268,P1_outputs_path_100_to_300
2052,2000490.279293214,268,P1_outputs_path_100_to_300
2053,2152164.480845073,268,P1_outputs_path_100_to_300
2054,2008160.561020243,268,P1_outputs_path_100_to_300
2055,1941367.9936768296,268,P1_outputs_path_100_to_300
2056,2006225.3081219087,268,P1_outputs_path_100_to_300
2057,2014598.703011772,268,P1_outputs_path_100_to_300
2058,1950128.5674033295,268,P1_outputs_path_100_to_300
2059,2019491.1145391332,268,P1_outputs_path_100_to_300
2060,1984981.662599792,268,P1_outputs_path_100_to_300
2061,2060048.200765651,268,P1_outputs_path_100_to_300
2062,2103941.562419575,268,P1_outputs_path_100_to_300
2063,2258764.7652686434,268,P1_outputs_path_100_to_300
2064,2385179.5384482,268,P1_outputs_path_100_to_300
2065,2528159.2475238275,268,P1_outputs_path_100_to_300
2066,2582999.3051094087,268,P1_outputs_path_100_to_300
2067,2665602.767251328,268,P1_outputs_path_100_to_300
2068,2692584.84440055,268,P1_outputs_path_100_to_300
2069,2758142.5678640376,268,P1_outputs_path_100_to_300
2070,2722246.3551976983,268,P1_outputs_path_100_to_300
2071,2940862.785338877,268,P1_outputs_path_100_to_300
2072,2824260.220948447,268,P1_outputs_path_100_to_300
2073,2890038.184972244,268,P1_outputs_path_100_to_300
2074,1158556.4004848285,268,P1_outputs_path_100_to_300
2075,,268,P1_outputs_path_100_to_300
2025,0.0,269,P1_outputs_path_100_to_300
2026,75008.57274738848,269,P1_outputs_path_100_to_300
2027,135712.88023952598,269,P1_outputs_path_100_to_300
2028,196650.8872282931,269,P1_outputs_path_100_to_300
2029,280412.8763067515,269,P1_outputs_path_100_to_300
2030,376980.2954533591,269,P1_outputs_path_100_to_300
2031,391774.64903652354,269,P1_outputs_path_100_to_300
2032,509141.0048928538,269,P1_outputs_path_100_to_300
2033,462799.486164651,269,P1_outputs_path_100_to_300
2034,414431.27271383547,269,P1_outputs_path_100_to_300
2035,534059.6636775224,269,P1_outputs_path_100_to_300
2036,603545.4225229939,269,P1_outputs_path_100_to_300
2037,715224.3709430881,269,P1_outputs_path_100_to_300
2038,684480.927821738,269,P1_outputs_path_100_to_300
2039,855708.6226223976,269,P1_outputs_path_100_to_300
2040,872254.0083299021,269,P1_outputs_path_100_to_300
2041,1154418.7975483865,269,P1_outputs_path_100_to_300
2042,1349431.259477893,269,P1_outputs_path_100_to_300
2043,1577932.719225879,269,P1_outputs_path_100_to_300
2044,1507643.8522845453,269,P1_outputs_path_100_to_300
2045,1605038.233789302,269,P1_outputs_path_100_to_300
2046,1703611.4690715207,269,P1_outputs_path_100_to_300
2047,1934558.760547142,269,P1_outputs_path_100_to_300
2048,1909350.7068109943,269,P1_outputs_path_100_to_300
2049,1993180.9073192407,269,P1_outputs_path_100_to_300
2050,2155103.653741412,269,P1_outputs_path_100_to_300
2051,2203206.5524535547,269,P1_outputs_path_100_to_300
2052,2269138.987093211,269,P1_outputs_path_100_to_300
2053,2323757.673123116,269,P1_outputs_path_100_to_300
2054,2399912.43206348,269,P1_outputs_path_100_to_300
2055,2285578.322731731,269,P1_outputs_path_100_to_300
2056,2468068.7529322747,269,P1_outputs_path_100_to_300
2057,2609359.364588316,269,P1_outputs_path_100_to_300
2058,2548368.452451996,269,P1_outputs_path_100_to_300
2059,2421675.96398961,269,P1_outputs_path_100_to_300
2060,2524992.8140086317,269,P1_outputs_path_100_to_300
2061,2541997.732035467,269,P1_outputs_path_100_to_300
2062,2800249.5645889286,269,P1_outputs_path_100_to_300
2063,2698262.805922371,269,P1_outputs_path_100_to_300
2064,2940098.447504311,269,P1_outputs_path_100_to_300
2065,3059469.8513674554,269,P1_outputs_path_100_to_300
2066,3141572.413844514,269,P1_outputs_path_100_to_300
2067,3293379.6230338565,269,P1_outputs_path_100_to_300
2068,3401717.1780406926,269,P1_outputs_path_100_to_300
2069,3499792.133944414,269,P1_outputs_path_100_to_300
2070,3702489.435619063,269,P1_outputs_path_100_to_300
2071,3861448.105426807,269,P1_outputs_path_100_to_300
2072,3975039.534221481,269,P1_outputs_path_100_to_300
2073,3754822.668226542,269,P1_outputs_path_100_to_300
2074,1919988.3320527489,269,P1_outputs_path_100_to_300
2075,,269,P1_outputs_path_100_to_300
2025,0.0,270,P1_outputs_path_100_to_300
2026,64403.88905496233,270,P1_outputs_path_100_to_300
2027,119153.13534798948,270,P1_outputs_path_100_to_300
2028,175733.93340186923,270,P1_outputs_path_100_to_300
2029,225779.41014421044,270,P1_outputs_path_100_to_300
2030,311448.8966714025,270,P1_outputs_path_100_to_300
2031,392250.76235307695,270,P1_outputs_path_100_to_300
2032,435046.9199176545,270,P1_outputs_path_100_to_300
2033,395711.34590594494,270,P1_outputs_path_100_to_300
2034,419112.5168646142,270,P1_outputs_path_100_to_300
2035,475704.2667869142,270,P1_outputs_path_100_to_300
2036,565027.7128237798,270,P1_outputs_path_100_to_300
2037,654609.1973114143,270,P1_outputs_path_100_to_300
2038,712064.2231328199,270,P1_outputs_path_100_to_300
2039,863175.217450177,270,P1_outputs_path_100_to_300
2040,1105359.5128239263,270,P1_outputs_path_100_to_300
2041,1188436.384892038,270,P1_outputs_path_100_to_300
2042,1324020.551618035,270,P1_outputs_path_100_to_300
2043,1478754.2954884046,270,P1_outputs_path_100_to_300
2044,1603712.189294241,270,P1_outputs_path_100_to_300
2045,1612509.266487831,270,P1_outputs_path_100_to_300
2046,1797758.22078018,270,P1_outputs_path_100_to_300
2047,2106902.2561080046,270,P1_outputs_path_100_to_300
2048,2018047.9599369075,270,P1_outputs_path_100_to_300
2049,2019015.227350554,270,P1_outputs_path_100_to_300
2050,2124638.470885766,270,P1_outputs_path_100_to_300
2051,2243644.5214156574,270,P1_outputs_path_100_to_300
2052,2304594.48682064,270,P1_outputs_path_100_to_300
2053,2431668.934274109,270,P1_outputs_path_100_to_300
2054,2523014.523838697,270,P1_outputs_path_100_to_300
2055,2633089.141643651,270,P1_outputs_path_100_to_300
2056,2726466.06575907,270,P1_outputs_path_100_to_300
2057,2835649.771316627,270,P1_outputs_path_100_to_300
2058,3024104.284783143,270,P1_outputs_path_100_to_300
2059,3082224.5904817344,270,P1_outputs_path_100_to_300
2060,2895634.424824059,270,P1_outputs_path_100_to_300
2061,2744717.4554479904,270,P1_outputs_path_100_to_300
2062,2736331.9936868763,270,P1_outputs_path_100_to_300
2063,2582205.678873852,270,P1_outputs_path_100_to_300
2064,2712552.0549350586,270,P1_outputs_path_100_to_300
2065,2906797.188236394,270,P1_outputs_path_100_to_300
2066,2881450.3704533023,270,P1_outputs_path_100_to_300
2067,3065622.327672143,270,P1_outputs_path_100_to_300
2068,3114162.452391005,270,P1_outputs_path_100_to_300
2069,3265943.113167012,270,P1_outputs_path_100_to_300
2070,3549937.332894078,270,P1_outputs_path_100_to_300
2071,3716486.677832652,270,P1_outputs_path_100_to_300
2072,3645344.8639088,270,P1_outputs_path_100_to_300
2073,3517707.077863538,270,P1_outputs_path_100_to_300
2074,1929495.0500391007,270,P1_outputs_path_100_to_300
2075,,270,P1_outputs_path_100_to_300
2025,0.0,271,P1_outputs_path_100_to_300
2026,73554.93745198876,271,P1_outputs_path_100_to_300
2027,144322.42126164294,271,P1_outputs_path_100_to_300
2028,229060.3416551481,271,P1_outputs_path_100_to_300
2029,261525.6851345072,271,P1_outputs_path_100_to_300
2030,342448.2683245852,271,P1_outputs_path_100_to_300
2031,413423.0880003122,271,P1_outputs_path_100_to_300
2032,433022.2344539308,271,P1_outputs_path_100_to_300
2033,463266.6201487239,271,P1_outputs_path_100_to_300
2034,707620.2796708529,271,P1_outputs_path_100_to_300
2035,798137.8376398435,271,P1_outputs_path_100_to_300
2036,904026.1028439052,271,P1_outputs_path_100_to_300
2037,1013324.5738976932,271,P1_outputs_path_100_to_300
2038,1180632.8522088935,271,P1_outputs_path_100_to_300
2039,1462274.6136657372,271,P1_outputs_path_100_to_300
2040,1582104.787126191,271,P1_outputs_path_100_to_300
2041,1516418.5450573538,271,P1_outputs_path_100_to_300
2042,1643222.0470285974,271,P1_outputs_path_100_to_300
2043,1650458.791183575,271,P1_outputs_path_100_to_300
2044,1731450.2824165665,271,P1_outputs_path_100_to_300
2045,1864839.0873741847,271,P1_outputs_path_100_to_300
2046,1822809.8304666013,271,P1_outputs_path_100_to_300
2047,1824074.439507326,271,P1_outputs_path_100_to_300
2048,1779171.8858106723,271,P1_outputs_path_100_to_300
2049,1898420.7775440167,271,P1_outputs_path_100_to_300
2050,1850027.4566832455,271,P1_outputs_path_100_to_300
2051,1843248.3765590757,271,P1_outputs_path_100_to_300
2052,1969128.659858648,271,P1_outputs_path_100_to_300
2053,1914142.5007079665,271,P1_outputs_path_100_to_300
2054,2051001.603397408,271,P1_outputs_path_100_to_300
2055,2104864.835755341,271,P1_outputs_path_100_to_300
2056,2209865.6500843945,271,P1_outputs_path_100_to_300
2057,2226585.197540072,271,P1_outputs_path_100_to_300
2058,2265696.2514334577,271,P1_outputs_path_100_to_300
2059,2271641.3622591197,271,P1_outputs_path_100_to_300
2060,2521997.444584585,271,P1_outputs_path_100_to_300
2061,2550031.6105503947,271,P1_outputs_path_100_to_300
2062,2720513.5244899937,271,P1_outputs_path_100_to_300
2063,2928869.810318029,271,P1_outputs_path_100_to_300
2064,2945046.8152930364,271,P1_outputs_path_100_to_300
2065,3103664.0489976434,271,P1_outputs_path_100_to_300
2066,3267647.325234742,271,P1_outputs_path_100_to_300
2067,3428316.351977916,271,P1_outputs_path_100_to_300
2068,3296083.012502301,271,P1_outputs_path_100_to_300
2069,3373826.8914314928,271,P1_outputs_path_100_to_300
2070,3533393.4225918874,271,P1_outputs_path_100_to_300
2071,3542418.245531994,271,P1_outputs_path_100_to_300
2072,3536141.827784919,271,P1_outputs_path_100_to_300
2073,3403466.454407283,271,P1_outputs_path_100_to_300
2074,1694383.9679661405,271,P1_outputs_path_100_to_300
2075,,271,P1_outputs_path_100_to_300
2025,0.0,272,P1_outputs_path_100_to_300
2026,75015.48807896754,272,P1_outputs_path_100_to_300
2027,125134.10942623696,272,P1_outputs_path_100_to_300
2028,178652.98452858432,272,P1_outputs_path_100_to_300
2029,230156.67219820092,272,P1_outputs_path_100_to_300
2030,262218.3142009624,272,P1_outputs_path_100_to_300
2031,334528.40920980833,272,P1_outputs_path_100_to_300
2032,413273.55735252507,272,P1_outputs_path_100_to_300
2033,661061.1665916666,272,P1_outputs_path_100_to_300
2034,772073.9661640521,272,P1_outputs_path_100_to_300
2035,764064.7972648179,272,P1_outputs_path_100_to_300
2036,940325.172313489,272,P1_outputs_path_100_to_300
2037,919836.1527558186,272,P1_outputs_path_100_to_300
2038,1236343.890714104,272,P1_outputs_path_100_to_300
2039,1447871.095464869,272,P1_outputs_path_100_to_300
2040,1773880.397837173,272,P1_outputs_path_100_to_300
2041,1950463.188268141,272,P1_outputs_path_100_to_300
2042,2081533.836882448,272,P1_outputs_path_100_to_300
2043,2199980.773453432,272,P1_outputs_path_100_to_300
2044,2318708.853861344,272,P1_outputs_path_100_to_300
2045,2266313.1975908484,272,P1_outputs_path_100_to_300
2046,2359428.6907787826,272,P1_outputs_path_100_to_300
2047,2336078.5670126546,272,P1_outputs_path_100_to_300
2048,2491457.190869644,272,P1_outputs_path_100_to_300
2049,2492224.152932228,272,P1_outputs_path_100_to_300
2050,2498359.18700414,272,P1_outputs_path_100_to_300
2051,2598327.243063588,272,P1_outputs_path_100_to_300
2052,2844587.2349870694,272,P1_outputs_path_100_to_300
2053,2818550.394479364,272,P1_outputs_path_100_to_300
2054,2618782.7238601157,272,P1_outputs_path_100_to_300
2055,2517257.172782568,272,P1_outputs_path_100_to_300
2056,2724662.1296442803,272,P1_outputs_path_100_to_300
2057,2854302.929976776,272,P1_outputs_path_100_to_300
2058,3005865.753768575,272,P1_outputs_path_100_to_300
2059,3008385.5729899807,272,P1_outputs_path_100_to_300
2060,2861286.126131586,272,P1_outputs_path_100_to_300
2061,3006826.204948617,272,P1_outputs_path_100_to_300
2062,3127424.1499078707,272,P1_outputs_path_100_to_300
2063,2972852.535822297,272,P1_outputs_path_100_to_300
2064,3070791.9260579464,272,P1_outputs_path_100_to_300
2065,3256406.6498313225,272,P1_outputs_path_100_to_300
2066,3312923.9544765903,272,P1_outputs_path_100_to_300
2067,3566964.211939185,272,P1_outputs_path_100_to_300
2068,3164625.472016121,272,P1_outputs_path_100_to_300
2069,3237769.427579291,272,P1_outputs_path_100_to_300
2070,3489372.8606734574,272,P1_outputs_path_100_to_300
2071,3659901.023334545,272,P1_outputs_path_100_to_300
2072,3780743.556617603,272,P1_outputs_path_100_to_300
2073,3726647.190236133,272,P1_outputs_path_100_to_300
2074,2175139.910933163,272,P1_outputs_path_100_to_300
2075,,272,P1_outputs_path_100_to_300
2025,0.0,273,P1_outputs_path_100_to_300
2026,59743.39626173768,273,P1_outputs_path_100_to_300
2027,126414.5672396745,273,P1_outputs_path_100_to_300
2028,159249.7208658649,273,P1_outputs_path_100_to_300
2029,247729.5302506783,273,P1_outputs_path_100_to_300
2030,283719.8159799549,273,P1_outputs_path_100_to_300
2031,315621.87972202967,273,P1_outputs_path_100_to_300
2032,317517.62664271216,273,P1_outputs_path_100_to_300
2033,401406.1100406885,273,P1_outputs_path_100_to_300
2034,550357.2492301264,273,P1_outputs_path_100_to_300
2035,591936.1174406807,273,P1_outputs_path_100_to_300
2036,555834.5112162752,273,P1_outputs_path_100_to_300
2037,671390.9758207957,273,P1_outputs_path_100_to_300
2038,860418.270107725,273,P1_outputs_path_100_to_300
2039,1028749.5887592896,273,P1_outputs_path_100_to_300
2040,1040674.1839578104,273,P1_outputs_path_100_to_300
2041,980808.6021481676,273,P1_outputs_path_100_to_300
2042,1182434.046173311,273,P1_outputs_path_100_to_300
2043,1328762.998348701,273,P1_outputs_path_100_to_300
2044,1256358.5054787372,273,P1_outputs_path_100_to_300
2045,1359398.0695374603,273,P1_outputs_path_100_to_300
2046,1453607.4836035145,273,P1_outputs_path_100_to_300
2047,1709767.001778351,273,P1_outputs_path_100_to_300
2048,1609755.2486316268,273,P1_outputs_path_100_to_300
2049,1918624.5227067936,273,P1_outputs_path_100_to_300
2050,1996423.1099551176,273,P1_outputs_path_100_to_300
2051,2057581.0520091995,273,P1_outputs_path_100_to_300
2052,2237556.021229155,273,P1_outputs_path_100_to_300
2053,2307270.442715676,273,P1_outputs_path_100_to_300
2054,2226579.4842959624,273,P1_outputs_path_100_to_300
2055,2318977.2324621263,273,P1_outputs_path_100_to_300
2056,2491298.2602123283,273,P1_outputs_path_100_to_300
2057,2583536.95442446,273,P1_outputs_path_100_to_300
2058,2521974.476811,273,P1_outputs_path_100_to_300
2059,2694686.9727273546,273,P1_outputs_path_100_to_300
2060,2755890.4862935515,273,P1_outputs_path_100_to_300
2061,2873323.5024992265,273,P1_outputs_path_100_to_300
2062,3008821.494107952,273,P1_outputs_path_100_to_300
2063,3253838.337139568,273,P1_outputs_path_100_to_300
2064,3187181.542529816,273,P1_outputs_path_100_to_300
2065,3355232.549487153,273,P1_outputs_path_100_to_300
2066,3273682.7048648987,273,P1_outputs_path_100_to_300
2067,3368510.0023798533,273,P1_outputs_path_100_to_300
2068,3502904.5332848364,273,P1_outputs_path_100_to_300
2069,3475024.960693158,273,P1_outputs_path_100_to_300
2070,3393279.213674474,273,P1_outputs_path_100_to_300
2071,3310886.641686717,273,P1_outputs_path_100_to_300
2072,3404128.642044511,273,P1_outputs_path_100_to_300
2073,3571035.328246597,273,P1_outputs_path_100_to_300
2074,1816627.770029479,273,P1_outputs_path_100_to_300
2075,,273,P1_outputs_path_100_to_300
2025,0.0,274,P1_outputs_path_100_to_300
2026,50460.92753593344,274,P1_outputs_path_100_to_300
2027,112009.86457531502,274,P1_outputs_path_100_to_300
2028,194576.6778075227,274,P1_outputs_path_100_to_300
2029,239373.91472485696,274,P1_outputs_path_100_to_300
2030,367770.0772128794,274,P1_outputs_path_100_to_300
2031,412190.3381364626,274,P1_outputs_path_100_to_300
2032,449182.2082918392,274,P1_outputs_path_100_to_300
2033,554965.3047441172,274,P1_outputs_path_100_to_300
2034,710604.1672291039,274,P1_outputs_path_100_to_300
2035,715460.9713236871,274,P1_outputs_path_100_to_300
2036,840374.8308854216,274,P1_outputs_path_100_to_300
2037,1054816.2348837808,274,P1_outputs_path_100_to_300
2038,1342286.4903893534,274,P1_outputs_path_100_to_300
2039,1548011.470102019,274,P1_outputs_path_100_to_300
2040,1595354.8428981665,274,P1_outputs_path_100_to_300
2041,1795339.4342331633,274,P1_outputs_path_100_to_300
2042,1951266.843389879,274,P1_outputs_path_100_to_300
2043,1991181.9354026224,274,P1_outputs_path_100_to_300
2044,1990969.3560747744,274,P1_outputs_path_100_to_300
2045,2016846.0942621168,274,P1_outputs_path_100_to_300
2046,2109438.015034767,274,P1_outputs_path_100_to_300
2047,2261621.7354133776,274,P1_outputs_path_100_to_300
2048,2408022.563529932,274,P1_outputs_path_100_to_300
2049,2665654.671673431,274,P1_outputs_path_100_to_300
2050,2440241.915672977,274,P1_outputs_path_100_to_300
2051,2524086.3023090474,274,P1_outputs_path_100_to_300
2052,2559637.406034209,274,P1_outputs_path_100_to_300
2053,2353299.866477345,274,P1_outputs_path_100_to_300
2054,2339867.912084282,274,P1_outputs_path_100_to_300
2055,2382070.9930603616,274,P1_outputs_path_100_to_300
2056,2474972.121515897,274,P1_outputs_path_100_to_300
2057,2639829.372487888,274,P1_outputs_path_100_to_300
2058,2453733.674728373,274,P1_outputs_path_100_to_300
2059,2502112.971114864,274,P1_outputs_path_100_to_300
2060,2505018.937359216,274,P1_outputs_path_100_to_300
2061,2545113.784356419,274,P1_outputs_path_100_to_300
2062,2470914.629937467,274,P1_outputs_path_100_to_300
2063,2383320.176975564,274,P1_outputs_path_100_to_300
2064,2455159.539607481,274,P1_outputs_path_100_to_300
2065,2655180.695266536,274,P1_outputs_path_100_to_300
2066,2705891.618273666,274,P1_outputs_path_100_to_300
2067,2796342.8468678286,274,P1_outputs_path_100_to_300
2068,2977214.729486267,274,P1_outputs_path_100_to_300
2069,3125264.315550288,274,P1_outputs_path_100_to_300
2070,3236797.332830097,274,P1_outputs_path_100_to_300
2071,3206002.862225829,274,P1_outputs_path_100_to_300
2072,3137575.13930772,274,P1_outputs_path_100_to_300
2073,3034826.668581784,274,P1_outputs_path_100_to_300
2074,1249287.8170689472,274,P1_outputs_path_100_to_300
2075,,274,P1_outputs_path_100_to_300
2025,0.0,275,P1_outputs_path_100_to_300
2026,57083.94560166481,275,P1_outputs_path_100_to_300
2027,105377.11326834382,275,P1_outputs_path_100_to_300
2028,159572.51132164203,275,P1_outputs_path_100_to_300
2029,218405.5509387009,275,P1_outputs_path_100_to_300
2030,275517.9784864158,275,P1_outputs_path_100_to_300
2031,365263.17559928447,275,P1_outputs_path_100_to_300
2032,509796.8927996834,275,P1_outputs_path_100_to_300
2033,552295.239738524,275,P1_outputs_path_100_to_300
2034,798916.1022059994,275,P1_outputs_path_100_to_300
2035,956463.4576560436,275,P1_outputs_path_100_to_300
2036,961556.2166683932,275,P1_outputs_path_100_to_300
2037,1023975.5550495366,275,P1_outputs_path_100_to_300
2038,1202088.1128727822,275,P1_outputs_path_100_to_300
2039,1422002.7690933596,275,P1_outputs_path_100_to_300
2040,1637751.5023448342,275,P1_outputs_path_100_to_300
2041,1750700.1899912695,275,P1_outputs_path_100_to_300
2042,1871165.1427562549,275,P1_outputs_path_100_to_300
2043,1907239.275937072,275,P1_outputs_path_100_to_300
2044,1799662.1815903392,275,P1_outputs_path_100_to_300
2045,1886739.046887838,275,P1_outputs_path_100_to_300
2046,2011334.6413186104,275,P1_outputs_path_100_to_300
2047,2172513.9058687715,275,P1_outputs_path_100_to_300
2048,2236594.4472608306,275,P1_outputs_path_100_to_300
2049,2363866.598090089,275,P1_outputs_path_100_to_300
2050,2270505.7567462176,275,P1_outputs_path_100_to_300
2051,2207270.928727269,275,P1_outputs_path_100_to_300
2052,2346660.015184193,275,P1_outputs_path_100_to_300
2053,2375734.4577204604,275,P1_outputs_path_100_to_300
2054,2446257.8017075546,275,P1_outputs_path_100_to_300
2055,2510727.049997652,275,P1_outputs_path_100_to_300
2056,2475856.105805738,275,P1_outputs_path_100_to_300
2057,2703189.07394736,275,P1_outputs_path_100_to_300
2058,2719796.595008582,275,P1_outputs_path_100_to_300
2059,2888686.9431962203,275,P1_outputs_path_100_to_300
2060,2829401.783260836,275,P1_outputs_path_100_to_300
2061,2957773.475661102,275,P1_outputs_path_100_to_300
2062,2895668.270777656,275,P1_outputs_path_100_to_300
2063,2877887.1327771167,275,P1_outputs_path_100_to_300
2064,3011745.264856838,275,P1_outputs_path_100_to_300
2065,2936640.0566297257,275,P1_outputs_path_100_to_300
2066,3092108.6871893667,275,P1_outputs_path_100_to_300
2067,3133825.810785325,275,P1_outputs_path_100_to_300
2068,3322784.5096667567,275,P1_outputs_path_100_to_300
2069,3602470.2188510187,275,P1_outputs_path_100_to_300
2070,3481094.7507561045,275,P1_outputs_path_100_to_300
2071,3129192.357236641,275,P1_outputs_path_100_to_300
2072,3150773.3715420724,275,P1_outputs_path_100_to_300
2073,3148062.2589896405,275,P1_outputs_path_100_to_300
2074,1363333.5576756054,275,P1_outputs_path_100_to_300
2075,,275,P1_outputs_path_100_to_300
2025,0.0,276,P1_outputs_path_100_to_300
2026,63511.9798262261,276,P1_outputs_path_100_to_300
2027,137972.29157705128,276,P1_outputs_path_100_to_300
2028,218358.12998903316,276,P1_outputs_path_100_to_300
2029,345438.7741377408,276,P1_outputs_path_100_to_300
2030,423030.3516372141,276,P1_outputs_path_100_to_300
2031,481571.5265270048,276,P1_outputs_path_100_to_300
2032,552809.6235994182,276,P1_outputs_path_100_to_300
2033,601982.0339553454,276,P1_outputs_path_100_to_300
2034,742024.81457125,276,P1_outputs_path_100_to_300
2035,797134.6336019734,276,P1_outputs_path_100_to_300
2036,789100.3736465673,276,P1_outputs_path_100_to_300
2037,778517.7657858073,276,P1_outputs_path_100_to_300
2038,896555.323374199,276,P1_outputs_path_100_to_300
2039,1002529.0019894468,276,P1_outputs_path_100_to_300
2040,1208179.2300885054,276,P1_outputs_path_100_to_300
2041,1287354.7665408484,276,P1_outputs_path_100_to_300
2042,1358532.22261131,276,P1_outputs_path_100_to_300
2043,1446100.2357351056,276,P1_outputs_path_100_to_300
2044,1304829.0130947044,276,P1_outputs_path_100_to_300
2045,1394622.569174994,276,P1_outputs_path_100_to_300
2046,1595616.6056125409,276,P1_outputs_path_100_to_300
2047,1505730.8390113015,276,P1_outputs_path_100_to_300
2048,1580269.048490925,276,P1_outputs_path_100_to_300
2049,1807006.9508272733,276,P1_outputs_path_100_to_300
2050,2068936.322462467,276,P1_outputs_path_100_to_300
2051,2126652.377844247,276,P1_outputs_path_100_to_300
2052,2144352.017185801,276,P1_outputs_path_100_to_300
2053,2228953.232185059,276,P1_outputs_path_100_to_300
2054,2278640.6865674667,276,P1_outputs_path_100_to_300
2055,2349820.5512740947,276,P1_outputs_path_100_to_300
2056,2135552.0499252863,276,P1_outputs_path_100_to_300
2057,2130067.1017952897,276,P1_outputs_path_100_to_300
2058,2243225.1023656297,276,P1_outputs_path_100_to_300
2059,2270568.150053327,276,P1_outputs_path_100_to_300
2060,2240756.0907442104,276,P1_outputs_path_100_to_300
2061,2022299.3468599096,276,P1_outputs_path_100_to_300
2062,2108458.774460003,276,P1_outputs_path_100_to_300
2063,2190073.6659072083,276,P1_outputs_path_100_to_300
2064,2287680.561148912,276,P1_outputs_path_100_to_300
2065,2443963.2818622547,276,P1_outputs_path_100_to_300
2066,2692064.205794324,276,P1_outputs_path_100_to_300
2067,2706575.123902837,276,P1_outputs_path_100_to_300
2068,2859555.3386217454,276,P1_outputs_path_100_to_300
2069,2882348.5425519524,276,P1_outputs_path_100_to_300
2070,2933131.6190529126,276,P1_outputs_path_100_to_300
2071,2953789.1176682427,276,P1_outputs_path_100_to_300
2072,2908568.709666325,276,P1_outputs_path_100_to_300
2073,3002332.4791353988,276,P1_outputs_path_100_to_300
2074,1275155.370623469,276,P1_outputs_path_100_to_300
2075,,276,P1_outputs_path_100_to_300
2025,0.0,277,P1_outputs_path_100_to_300
2026,70076.83069405804,277,P1_outputs_path_100_to_300
2027,133343.68179088365,277,P1_outputs_path_100_to_300
2028,194651.79645733425,277,P1_outputs_path_100_to_300
2029,281228.93662747607,277,P1_outputs_path_100_to_300
2030,417630.44992448273,277,P1_outputs_path_100_to_300
2031,440684.16878822254,277,P1_outputs_path_100_to_300
2032,625858.3979426282,277,P1_outputs_path_100_to_300
2033,811324.9728206269,277,P1_outputs_path_100_to_300
2034,242709.14482198376,277,P1_outputs_path_100_to_300
2035,319063.18147785,277,P1_outputs_path_100_to_300
2036,396380.4984719282,277,P1_outputs_path_100_to_300
2037,511122.577135083,277,P1_outputs_path_100_to_300
2038,778966.0037147722,277,P1_outputs_path_100_to_300
2039,931371.0670307188,277,P1_outputs_path_100_to_300
2040,1055401.0778077997,277,P1_outputs_path_100_to_300
2041,887168.6028431866,277,P1_outputs_path_100_to_300
2042,1035761.4770702786,277,P1_outputs_path_100_to_300
2043,1175220.6080878072,277,P1_outputs_path_100_to_300
2044,961459.4578662048,277,P1_outputs_path_100_to_300
2045,1083292.6190983884,277,P1_outputs_path_100_to_300
2046,1395253.5719041105,277,P1_outputs_path_100_to_300
2047,1575364.2120407536,277,P1_outputs_path_100_to_300
2048,1827129.2694285028,277,P1_outputs_path_100_to_300
2049,1839015.930810952,277,P1_outputs_path_100_to_300
2050,1773939.9747519025,277,P1_outputs_path_100_to_300
2051,1788493.7405237737,277,P1_outputs_path_100_to_300
2052,1836348.4763932289,277,P1_outputs_path_100_to_300
2053,1932589.5063654317,277,P1_outputs_path_100_to_300
2054,1887767.005685864,277,P1_outputs_path_100_to_300
2055,1970012.655414741,277,P1_outputs_path_100_to_300
2056,1921566.559876466,277,P1_outputs_path_100_to_300
2057,1921874.1424870028,277,P1_outputs_path_100_to_300
2058,2019287.3501058137,277,P1_outputs_path_100_to_300
2059,2114035.5059189005,277,P1_outputs_path_100_to_300
2060,2268105.3698623152,277,P1_outputs_path_100_to_300
2061,2357477.9667602694,277,P1_outputs_path_100_to_300
2062,2492031.5184181985,277,P1_outputs_path_100_to_300
2063,2554700.4710202366,277,P1_outputs_path_100_to_300
2064,2555151.127794496,277,P1_outputs_path_100_to_300
2065,2748153.8437446803,277,P1_outputs_path_100_to_300
2066,2824579.5371801145,277,P1_outputs_path_100_to_300
2067,3114440.310042506,277,P1_outputs_path_100_to_300
2068,3168621.464078422,277,P1_outputs_path_100_to_300
2069,3112340.856004904,277,P1_outputs_path_100_to_300
2070,2978160.0455667744,277,P1_outputs_path_100_to_300
2071,3090709.1716756206,277,P1_outputs_path_100_to_300
2072,3143964.5868897857,277,P1_outputs_path_100_to_300
2073,3448245.7541137943,277,P1_outputs_path_100_to_300
2074,1687050.568036928,277,P1_outputs_path_100_to_300
2075,,277,P1_outputs_path_100_to_300
2025,0.0,278,P1_outputs_path_100_to_300
2026,51624.8871799171,278,P1_outputs_path_100_to_300
2027,113283.6257985565,278,P1_outputs_path_100_to_300
2028,182017.7301021659,278,P1_outputs_path_100_to_300
2029,237387.8229740064,278,P1_outputs_path_100_to_300
2030,295782.08077664586,278,P1_outputs_path_100_to_300
2031,328815.4772692008,278,P1_outputs_path_100_to_300
2032,403899.9444509617,278,P1_outputs_path_100_to_300
2033,405227.2442289311,278,P1_outputs_path_100_to_300
2034,483123.0907773048,278,P1_outputs_path_100_to_300
2035,658478.1545024299,278,P1_outputs_path_100_to_300
2036,705907.9109851024,278,P1_outputs_path_100_to_300
2037,892585.8471590927,278,P1_outputs_path_100_to_300
2038,942143.7780136472,278,P1_outputs_path_100_to_300
2039,1001342.279432498,278,P1_outputs_path_100_to_300
2040,928182.6898889504,278,P1_outputs_path_100_to_300
2041,947538.6017665712,278,P1_outputs_path_100_to_300
2042,1022133.1495164076,278,P1_outputs_path_100_to_300
2043,1449643.4414850306,278,P1_outputs_path_100_to_300
2044,1445549.1402696553,278,P1_outputs_path_100_to_300
2045,1399493.9965131348,278,P1_outputs_path_100_to_300
2046,1713596.1175648062,278,P1_outputs_path_100_to_300
2047,1666814.2691687206,278,P1_outputs_path_100_to_300
2048,1829049.50046536,278,P1_outputs_path_100_to_300
2049,1924680.439932164,278,P1_outputs_path_100_to_300
2050,2028385.7162522185,278,P1_outputs_path_100_to_300
2051,1944878.517372808,278,P1_outputs_path_100_to_300
2052,2118889.519144953,278,P1_outputs_path_100_to_300
2053,2257415.2174325506,278,P1_outputs_path_100_to_300
2054,2132205.6994420164,278,P1_outputs_path_100_to_300
2055,2132840.9189402955,278,P1_outputs_path_100_to_300
2056,2004464.3669231152,278,P1_outputs_path_100_to_300
2057,1963197.8521901504,278,P1_outputs_path_100_to_300
2058,2179243.024135536,278,P1_outputs_path_100_to_300
2059,2307508.158053374,278,P1_outputs_path_100_to_300
2060,2469153.006030476,278,P1_outputs_path_100_to_300
2061,2387400.1857318585,278,P1_outputs_path_100_to_300
2062,2556227.2597945565,278,P1_outputs_path_100_to_300
2063,2796858.5236260826,278,P1_outputs_path_100_to_300
2064,2991272.304338664,278,P1_outputs_path_100_to_300
2065,3175578.8338231067,278,P1_outputs_path_100_to_300
2066,3341600.960514664,278,P1_outputs_path_100_to_300
2067,3255687.7431122707,278,P1_outputs_path_100_to_300
2068,3469474.0756524806,278,P1_outputs_path_100_to_300
2069,3586695.5697849165,278,P1_outputs_path_100_to_300
2070,3596943.974984493,278,P1_outputs_path_100_to_300
2071,3733066.960624656,278,P1_outputs_path_100_to_300
2072,3541087.894431908,278,P1_outputs_path_100_to_300
2073,3346869.785386292,278,P1_outputs_path_100_to_300
2074,1591174.2312848538,278,P1_outputs_path_100_to_300
2075,,278,P1_outputs_path_100_to_300
2025,0.0,279,P1_outputs_path_100_to_300
2026,52223.141230713234,279,P1_outputs_path_100_to_300
2027,107669.37499458398,279,P1_outputs_path_100_to_300
2028,190607.46694763275,279,P1_outputs_path_100_to_300
2029,292301.7602300961,279,P1_outputs_path_100_to_300
2030,393713.5196576524,279,P1_outputs_path_100_to_300
2031,359100.7891420964,279,P1_outputs_path_100_to_300
2032,476966.88921170926,279,P1_outputs_path_100_to_300
2033,575827.9731209188,279,P1_outputs_path_100_to_300
2034,652782.6364840524,279,P1_outputs_path_100_to_300
2035,755080.935523148,279,P1_outputs_path_100_to_300
2036,879136.6349881702,279,P1_outputs_path_100_to_300
2037,938498.778753952,279,P1_outputs_path_100_to_300
2038,1090173.0533318964,279,P1_outputs_path_100_to_300
2039,1351453.9409511462,279,P1_outputs_path_100_to_300
2040,1423715.5893536662,279,P1_outputs_path_100_to_300
2041,1705248.1782873927,279,P1_outputs_path_100_to_300
2042,1812821.411377597,279,P1_outputs_path_100_to_300
2043,1954219.3507566284,279,P1_outputs_path_100_to_300
2044,1842859.6528952536,279,P1_outputs_path_100_to_300
2045,1836453.8329052515,279,P1_outputs_path_100_to_300
2046,1725226.477400978,279,P1_outputs_path_100_to_300
2047,1924552.8912904672,279,P1_outputs_path_100_to_300
2048,1835192.0118365043,279,P1_outputs_path_100_to_300
2049,1996412.2822511569,279,P1_outputs_path_100_to_300
2050,1897765.086082488,279,P1_outputs_path_100_to_300
2051,1877189.8283258008,279,P1_outputs_path_100_to_300
2052,1985456.4062999296,279,P1_outputs_path_100_to_300
2053,1952828.073053848,279,P1_outputs_path_100_to_300
2054,2006850.5129732497,279,P1_outputs_path_100_to_300
2055,2026750.470974584,279,P1_outputs_path_100_to_300
2056,2149329.434742837,279,P1_outputs_path_100_to_300
2057,2301460.3071626485,279,P1_outputs_path_100_to_300
2058,2352572.7635545484,279,P1_outputs_path_100_to_300
2059,2392145.094961565,279,P1_outputs_path_100_to_300
2060,2522240.646787957,279,P1_outputs_path_100_to_300
2061,2669693.094703134,279,P1_outputs_path_100_to_300
2062,2594075.704151701,279,P1_outputs_path_100_to_300
2063,2786351.009082215,279,P1_outputs_path_100_to_300
2064,2950540.520208701,279,P1_outputs_path_100_to_300
2065,3076791.917361943,279,P1_outputs_path_100_to_300
2066,3214431.050184244,279,P1_outputs_path_100_to_300
2067,3320650.5390352854,279,P1_outputs_path_100_to_300
2068,3616641.167852329,279,P1_outputs_path_100_to_300
2069,3633898.498605313,279,P1_outputs_path_100_to_300
2070,3562846.750018196,279,P1_outputs_path_100_to_300
2071,3492907.2418427626,279,P1_outputs_path_100_to_300
2072,3591425.206447922,279,P1_outputs_path_100_to_300
2073,3283421.363784085,279,P1_outputs_path_100_to_300
2074,1379399.1492893875,279,P1_outputs_path_100_to_300
2075,,279,P1_outputs_path_100_to_300
2025,0.0,280,P1_outputs_path_100_to_300
2026,48509.811726030144,280,P1_outputs_path_100_to_300
2027,102085.47722661466,280,P1_outputs_path_100_to_300
2028,176372.88294721916,280,P1_outputs_path_100_to_300
2029,221956.15645022385,280,P1_outputs_path_100_to_300
2030,257075.82959232223,280,P1_outputs_path_100_to_300
2031,313429.1471862679,280,P1_outputs_path_100_to_300
2032,428118.1814716191,280,P1_outputs_path_100_to_300
2033,524899.1125699932,280,P1_outputs_path_100_to_300
2034,750136.0130164879,280,P1_outputs_path_100_to_300
2035,861649.8631474245,280,P1_outputs_path_100_to_300
2036,901839.6444946934,280,P1_outputs_path_100_to_300
2037,961539.2555893024,280,P1_outputs_path_100_to_300
2038,920342.395529856,280,P1_outputs_path_100_to_300
2039,1095807.6760510476,280,P1_outputs_path_100_to_300
2040,1139105.0283330458,280,P1_outputs_path_100_to_300
2041,1290794.5981753052,280,P1_outputs_path_100_to_300
2042,1665511.028928978,280,P1_outputs_path_100_to_300
2043,1468729.33812497,280,P1_outputs_path_100_to_300
2044,1251793.4488433972,280,P1_outputs_path_100_to_300
2045,1318855.7711100965,280,P1_outputs_path_100_to_300
2046,1421680.6290919862,280,P1_outputs_path_100_to_300
2047,1367241.2706780904,280,P1_outputs_path_100_to_300
2048,1426313.0741436162,280,P1_outputs_path_100_to_300
2049,1603682.8093609505,280,P1_outputs_path_100_to_300
2050,1559089.670954121,280,P1_outputs_path_100_to_300
2051,1416532.506512818,280,P1_outputs_path_100_to_300
2052,1675155.0138976218,280,P1_outputs_path_100_to_300
2053,1793566.6203042355,280,P1_outputs_path_100_to_300
2054,1978302.163600069,280,P1_outputs_path_100_to_300
2055,1998920.8464133344,280,P1_outputs_path_100_to_300
2056,2097036.9186391092,280,P1_outputs_path_100_to_300
2057,2073374.0534898608,280,P1_outputs_path_100_to_300
2058,2069593.4984441844,280,P1_outputs_path_100_to_300
2059,2156309.18281558,280,P1_outputs_path_100_to_300
2060,2191445.701551507,280,P1_outputs_path_100_to_300
2061,2395965.9501684364,280,P1_outputs_path_100_to_300
2062,2407181.998979197,280,P1_outputs_path_100_to_300
2063,2539750.923867947,280,P1_outputs_path_100_to_300
2064,2581528.78744234,280,P1_outputs_path_100_to_300
2065,2707385.7943192963,280,P1_outputs_path_100_to_300
2066,2653502.449064086,280,P1_outputs_path_100_to_300
2067,2791533.211393786,280,P1_outputs_path_100_to_300
2068,2983053.1798625863,280,P1_outputs_path_100_to_300
2069,3176752.7750125835,280,P1_outputs_path_100_to_300
2070,3349320.5953227147,280,P1_outputs_path_100_to_300
2071,3440721.328859413,280,P1_outputs_path_100_to_300
2072,3222003.397773653,280,P1_outputs_path_100_to_300
2073,3115307.552302765,280,P1_outputs_path_100_to_300
2074,1314171.87080351,280,P1_outputs_path_100_to_300
2075,,280,P1_outputs_path_100_to_300
2025,0.0,281,P1_outputs_path_100_to_300
2026,49598.47520187937,281,P1_outputs_path_100_to_300
2027,115271.37677804884,281,P1_outputs_path_100_to_300
2028,179316.263946319,281,P1_outputs_path_100_to_300
2029,232151.8680002188,281,P1_outputs_path_100_to_300
2030,288597.34924233524,281,P1_outputs_path_100_to_300
2031,364990.3755133025,281,P1_outputs_path_100_to_300
2032,512983.6909872662,281,P1_outputs_path_100_to_300
2033,618200.9284166951,281,P1_outputs_path_100_to_300
2034,733514.2871295162,281,P1_outputs_path_100_to_300
2035,908327.254627808,281,P1_outputs_path_100_to_300
2036,1075903.6362937188,281,P1_outputs_path_100_to_300
2037,1363289.5899687964,281,P1_outputs_path_100_to_300
2038,1193311.3447413698,281,P1_outputs_path_100_to_300
2039,1142253.12051357,281,P1_outputs_path_100_to_300
2040,1303117.4431541006,281,P1_outputs_path_100_to_300
2041,1537899.9327533853,281,P1_outputs_path_100_to_300
2042,1698401.380843976,281,P1_outputs_path_100_to_300
2043,1742060.4272664506,281,P1_outputs_path_100_to_300
2044,1755381.3502029064,281,P1_outputs_path_100_to_300
2045,1798037.444922879,281,P1_outputs_path_100_to_300
2046,1766955.9519537007,281,P1_outputs_path_100_to_300
2047,1912167.6285663156,281,P1_outputs_path_100_to_300
2048,2050035.4977928752,281,P1_outputs_path_100_to_300
2049,2030345.7816972155,281,P1_outputs_path_100_to_300
2050,2154044.345072596,281,P1_outputs_path_100_to_300
2051,2173150.3258687705,281,P1_outputs_path_100_to_300
2052,2298263.0151165253,281,P1_outputs_path_100_to_300
2053,2335691.829421065,281,P1_outputs_path_100_to_300
2054,2322876.4300086163,281,P1_outputs_path_100_to_300
2055,2476492.0121037923,281,P1_outputs_path_100_to_300
2056,2489564.6767341704,281,P1_outputs_path_100_to_300
2057,2447703.7582820826,281,P1_outputs_path_100_to_300
2058,2697230.4376939936,281,P1_outputs_path_100_to_300
2059,2864848.642637592,281,P1_outputs_path_100_to_300
2060,2706463.1312504737,281,P1_outputs_path_100_to_300
2061,2764001.156837937,281,P1_outputs_path_100_to_300
2062,2873496.284673348,281,P1_outputs_path_100_to_300
2063,2912143.2757587777,281,P1_outputs_path_100_to_300
2064,2978445.3604469444,281,P1_outputs_path_100_to_300
2065,2854356.710291208,281,P1_outputs_path_100_to_300
2066,2901112.076684991,281,P1_outputs_path_100_to_300
2067,2784348.229192512,281,P1_outputs_path_100_to_300
2068,2753035.0643715854,281,P1_outputs_path_100_to_300
2069,2858843.987256375,281,P1_outputs_path_100_to_300
2070,2857983.029794481,281,P1_outputs_path_100_to_300
2071,2829040.1710748603,281,P1_outputs_path_100_to_300
2072,2846954.688129099,281,P1_outputs_path_100_to_300
2073,2895315.66712576,281,P1_outputs_path_100_to_300
2074,1127803.3163490433,281,P1_outputs_path_100_to_300
2075,,281,P1_outputs_path_100_to_300
2025,0.0,282,P1_outputs_path_100_to_300
2026,60869.25652651032,282,P1_outputs_path_100_to_300
2027,118859.29483435016,282,P1_outputs_path_100_to_300
2028,184868.5241725628,282,P1_outputs_path_100_to_300
2029,286527.1920297074,282,P1_outputs_path_100_to_300
2030,336104.4000352729,282,P1_outputs_path_100_to_300
2031,340285.2137311776,282,P1_outputs_path_100_to_300
2032,361324.7294653257,282,P1_outputs_path_100_to_300
2033,447306.53244591353,282,P1_outputs_path_100_to_300
2034,597244.3075442335,282,P1_outputs_path_100_to_300
2035,662194.9794095212,282,P1_outputs_path_100_to_300
2036,852584.4193442448,282,P1_outputs_path_100_to_300
2037,866511.6217331832,282,P1_outputs_path_100_to_300
2038,958052.7900989252,282,P1_outputs_path_100_to_300
2039,912030.242596664,282,P1_outputs_path_100_to_300
2040,1245438.688746939,282,P1_outputs_path_100_to_300
2041,1539291.2896040152,282,P1_outputs_path_100_to_300
2042,1681819.7273164424,282,P1_outputs_path_100_to_300
2043,1675626.3310207687,282,P1_outputs_path_100_to_300
2044,1764798.588195046,282,P1_outputs_path_100_to_300
2045,1748828.4167294214,282,P1_outputs_path_100_to_300
2046,1979275.4514311352,282,P1_outputs_path_100_to_300
2047,2067693.143917067,282,P1_outputs_path_100_to_300
2048,2021768.1134143188,282,P1_outputs_path_100_to_300
2049,2276366.302819806,282,P1_outputs_path_100_to_300
2050,2225837.910671435,282,P1_outputs_path_100_to_300
2051,2181743.955906084,282,P1_outputs_path_100_to_300
2052,2230427.848645907,282,P1_outputs_path_100_to_300
2053,2318096.2601019177,282,P1_outputs_path_100_to_300
2054,2301724.947543289,282,P1_outputs_path_100_to_300
2055,2450703.500572368,282,P1_outputs_path_100_to_300
2056,2613726.413098959,282,P1_outputs_path_100_to_300
2057,2658524.898657728,282,P1_outputs_path_100_to_300
2058,2728396.4133337326,282,P1_outputs_path_100_to_300
2059,2867602.3726739986,282,P1_outputs_path_100_to_300
2060,2683232.534571514,282,P1_outputs_path_100_to_300
2061,2710492.994088729,282,P1_outputs_path_100_to_300
2062,2819710.7791611543,282,P1_outputs_path_100_to_300
2063,2879912.7047775374,282,P1_outputs_path_100_to_300
2064,2905879.8537384253,282,P1_outputs_path_100_to_300
2065,2850014.547085457,282,P1_outputs_path_100_to_300
2066,3009071.356400972,282,P1_outputs_path_100_to_300
2067,3193659.522359072,282,P1_outputs_path_100_to_300
2068,3340266.305300755,282,P1_outputs_path_100_to_300
2069,3596595.906065373,282,P1_outputs_path_100_to_300
2070,3451670.9214703767,282,P1_outputs_path_100_to_300
2071,3323396.9211875186,282,P1_outputs_path_100_to_300
2072,3546755.206051061,282,P1_outputs_path_100_to_300
2073,3630204.2878280864,282,P1_outputs_path_100_to_300
2074,1708292.6056282462,282,P1_outputs_path_100_to_300
2075,,282,P1_outputs_path_100_to_300
2025,0.0,283,P1_outputs_path_100_to_300
2026,72598.4869699756,283,P1_outputs_path_100_to_300
2027,133818.5286685873,283,P1_outputs_path_100_to_300
2028,205923.00814254733,283,P1_outputs_path_100_to_300
2029,283762.1394039126,283,P1_outputs_path_100_to_300
2030,352554.78741546173,283,P1_outputs_path_100_to_300
2031,360374.9773264516,283,P1_outputs_path_100_to_300
2032,423542.5117552789,283,P1_outputs_path_100_to_300
2033,525619.1144102281,283,P1_outputs_path_100_to_300
2034,678895.5374355208,283,P1_outputs_path_100_to_300
2035,629714.6933951217,283,P1_outputs_path_100_to_300
2036,695338.1424621523,283,P1_outputs_path_100_to_300
2037,815620.6600576096,283,P1_outputs_path_100_to_300
2038,920497.4660441894,283,P1_outputs_path_100_to_300
2039,1073107.586857735,283,P1_outputs_path_100_to_300
2040,1103677.852185113,283,P1_outputs_path_100_to_300
2041,1269634.1482861915,283,P1_outputs_path_100_to_300
2042,1449613.2298190347,283,P1_outputs_path_100_to_300
2043,1755781.6668795184,283,P1_outputs_path_100_to_300
2044,1696676.4178093823,283,P1_outputs_path_100_to_300
2045,1788581.465728354,283,P1_outputs_path_100_to_300
2046,2115643.773493402,283,P1_outputs_path_100_to_300
2047,2209508.450185797,283,P1_outputs_path_100_to_300
2048,2287988.335010025,283,P1_outputs_path_100_to_300
2049,2472692.950279821,283,P1_outputs_path_100_to_300
2050,2289590.9134883625,283,P1_outputs_path_100_to_300
2051,2177528.7214095616,283,P1_outputs_path_100_to_300
2052,2082567.5994040165,283,P1_outputs_path_100_to_300
2053,2321400.828841137,283,P1_outputs_path_100_to_300
2054,2389329.385376594,283,P1_outputs_path_100_to_300
2055,2560634.0141491364,283,P1_outputs_path_100_to_300
2056,2555301.1778427856,283,P1_outputs_path_100_to_300
2057,2770500.109890784,283,P1_outputs_path_100_to_300
2058,2773704.2300029006,283,P1_outputs_path_100_to_300
2059,2836010.1760058096,283,P1_outputs_path_100_to_300
2060,2928909.6545155453,283,P1_outputs_path_100_to_300
2061,2838371.2344478187,283,P1_outputs_path_100_to_300
2062,2849004.5510175778,283,P1_outputs_path_100_to_300
2063,2913380.598835992,283,P1_outputs_path_100_to_300
2064,2787849.8613913343,283,P1_outputs_path_100_to_300
2065,2918236.449316577,283,P1_outputs_path_100_to_300
2066,3099093.0387101592,283,P1_outputs_path_100_to_300
2067,3232241.7857400086,283,P1_outputs_path_100_to_300
2068,3128506.7648826647,283,P1_outputs_path_100_to_300
2069,3217036.586190472,283,P1_outputs_path_100_to_300
2070,3365623.0418827133,283,P1_outputs_path_100_to_300
2071,3481836.1673425143,283,P1_outputs_path_100_to_300
2072,3510919.9552782374,283,P1_outputs_path_100_to_300
2073,3681004.328153315,283,P1_outputs_path_100_to_300
2074,2023856.613929733,283,P1_outputs_path_100_to_300
2075,,283,P1_outputs_path_100_to_300
2025,0.0,284,P1_outputs_path_100_to_300
2026,56601.99015047134,284,P1_outputs_path_100_to_300
2027,118865.11066925664,284,P1_outputs_path_100_to_300
2028,235682.94214809232,284,P1_outputs_path_100_to_300
2029,334372.5002296088,284,P1_outputs_path_100_to_300
2030,410868.3678256717,284,P1_outputs_path_100_to_300
2031,452746.1540638488,284,P1_outputs_path_100_to_300
2032,506453.858260824,284,P1_outputs_path_100_to_300
2033,599766.424576178,284,P1_outputs_path_100_to_300
2034,672354.282791011,284,P1_outputs_path_100_to_300
2035,715510.4514404716,284,P1_outputs_path_100_to_300
2036,747916.0660799274,284,P1_outputs_path_100_to_300
2037,1097537.9187155303,284,P1_outputs_path_100_to_300
2038,1115695.098909336,284,P1_outputs_path_100_to_300
2039,1168193.8428458895,284,P1_outputs_path_100_to_300
2040,1271374.9264433323,284,P1_outputs_path_100_to_300
2041,1356359.917356819,284,P1_outputs_path_100_to_300
2042,1446272.5504940322,284,P1_outputs_path_100_to_300
2043,1727866.6585870434,284,P1_outputs_path_100_to_300
2044,1788849.9347255477,284,P1_outputs_path_100_to_300
2045,1725129.499393025,284,P1_outputs_path_100_to_300
2046,1882361.047319023,284,P1_outputs_path_100_to_300
2047,2119724.8422753853,284,P1_outputs_path_100_to_300
2048,2257156.5544759743,284,P1_outputs_path_100_to_300
2049,2264779.913821324,284,P1_outputs_path_100_to_300
2050,2139684.30189567,284,P1_outputs_path_100_to_300
2051,2298808.8015611963,284,P1_outputs_path_100_to_300
2052,2291567.1358456765,284,P1_outputs_path_100_to_300
2053,2399384.829009857,284,P1_outputs_path_100_to_300
2054,2493403.8482729127,284,P1_outputs_path_100_to_300
2055,2459739.487181617,284,P1_outputs_path_100_to_300
2056,2425342.061996443,284,P1_outputs_path_100_to_300
2057,2469964.959821762,284,P1_outputs_path_100_to_300
2058,2366420.8629141715,284,P1_outputs_path_100_to_300
2059,2419865.4564139624,284,P1_outputs_path_100_to_300
2060,2535635.7668999853,284,P1_outputs_path_100_to_300
2061,2739239.320349995,284,P1_outputs_path_100_to_300
2062,2973713.4682720564,284,P1_outputs_path_100_to_300
2063,2990736.157860812,284,P1_outputs_path_100_to_300
2064,3031865.6804104736,284,P1_outputs_path_100_to_300
2065,3300874.23702332,284,P1_outputs_path_100_to_300
2066,3259576.8066902845,284,P1_outputs_path_100_to_300
2067,3114939.187417429,284,P1_outputs_path_100_to_300
2068,3229141.8386598774,284,P1_outputs_path_100_to_300
2069,3375833.50196372,284,P1_outputs_path_100_to_300
2070,3441790.6221123296,284,P1_outputs_path_100_to_300
2071,3372942.281157848,284,P1_outputs_path_100_to_300
2072,3397979.00876192,284,P1_outputs_path_100_to_300
2073,3295076.952403781,284,P1_outputs_path_100_to_300
2074,1348546.1537715646,284,P1_outputs_path_100_to_300
2075,,284,P1_outputs_path_100_to_300
2025,0.0,285,P1_outputs_path_100_to_300
2026,61355.28347321277,285,P1_outputs_path_100_to_300
2027,112273.19374939546,285,P1_outputs_path_100_to_300
2028,184748.438721466,285,P1_outputs_path_100_to_300
2029,213506.32239901728,285,P1_outputs_path_100_to_300
2030,236754.99277843576,285,P1_outputs_path_100_to_300
2031,280402.5948500895,285,P1_outputs_path_100_to_300
2032,300113.7017661969,285,P1_outputs_path_100_to_300
2033,402897.8149702104,285,P1_outputs_path_100_to_300
2034,486629.9947449,285,P1_outputs_path_100_to_300
2035,617774.2022267287,285,P1_outputs_path_100_to_300
2036,728650.5895187786,285,P1_outputs_path_100_to_300
2037,913838.823766845,285,P1_outputs_path_100_to_300
2038,954027.028030172,285,P1_outputs_path_100_to_300
2039,1284436.1951452128,285,P1_outputs_path_100_to_300
2040,1631217.191950064,285,P1_outputs_path_100_to_300
2041,1637440.3548930804,285,P1_outputs_path_100_to_300
2042,1804555.666646701,285,P1_outputs_path_100_to_300
2043,1728412.2727701133,285,P1_outputs_path_100_to_300
2044,1510457.355238052,285,P1_outputs_path_100_to_300
2045,1543772.4383936697,285,P1_outputs_path_100_to_300
2046,1484888.7571218917,285,P1_outputs_path_100_to_300
2047,1643590.1460138522,285,P1_outputs_path_100_to_300
2048,1670720.8563166184,285,P1_outputs_path_100_to_300
2049,1866493.5389665817,285,P1_outputs_path_100_to_300
2050,2115586.569006107,285,P1_outputs_path_100_to_300
2051,2155396.499940819,285,P1_outputs_path_100_to_300
2052,2178557.651690893,285,P1_outputs_path_100_to_300
2053,2345505.223569826,285,P1_outputs_path_100_to_300
2054,2550488.194784108,285,P1_outputs_path_100_to_300
2055,2635501.3216615915,285,P1_outputs_path_100_to_300
2056,2675494.405670217,285,P1_outputs_path_100_to_300
2057,2691062.6001767446,285,P1_outputs_path_100_to_300
2058,2690926.632315004,285,P1_outputs_path_100_to_300
2059,2769325.185222697,285,P1_outputs_path_100_to_300
2060,2836057.57284565,285,P1_outputs_path_100_to_300
2061,2814812.717343506,285,P1_outputs_path_100_to_300
2062,2936540.952959164,285,P1_outputs_path_100_to_300
2063,3134573.05432258,285,P1_outputs_path_100_to_300
2064,3298423.465810534,285,P1_outputs_path_100_to_300
2065,3141576.879811,285,P1_outputs_path_100_to_300
2066,3128928.7541051204,285,P1_outputs_path_100_to_300
2067,3269873.780846101,285,P1_outputs_path_100_to_300
2068,3254223.925226156,285,P1_outputs_path_100_to_300
2069,3144757.4466508967,285,P1_outputs_path_100_to_300
2070,3290786.683576748,285,P1_outputs_path_100_to_300
2071,3561394.822514148,285,P1_outputs_path_100_to_300
2072,3784136.191666091,285,P1_outputs_path_100_to_300
2073,3709029.124184025,285,P1_outputs_path_100_to_300
2074,1719195.1844973622,285,P1_outputs_path_100_to_300
2075,,285,P1_outputs_path_100_to_300
2025,0.0,286,P1_outputs_path_100_to_300
2026,67696.82515366861,286,P1_outputs_path_100_to_300
2027,113528.7494548256,286,P1_outputs_path_100_to_300
2028,182902.0268893984,286,P1_outputs_path_100_to_300
2029,343761.2968474592,286,P1_outputs_path_100_to_300
2030,301327.44933788496,286,P1_outputs_path_100_to_300
2031,287071.4271063036,286,P1_outputs_path_100_to_300
2032,486025.4970595325,286,P1_outputs_path_100_to_300
2033,699073.6875938369,286,P1_outputs_path_100_to_300
2034,42507.893668587785,286,P1_outputs_path_100_to_300
2035,120534.31533431874,286,P1_outputs_path_100_to_300
2036,225340.0920530288,286,P1_outputs_path_100_to_300
2037,284736.0478041172,286,P1_outputs_path_100_to_300
2038,323533.62743171025,286,P1_outputs_path_100_to_300
2039,434309.0222387936,286,P1_outputs_path_100_to_300
2040,495232.7893148054,286,P1_outputs_path_100_to_300
2041,540690.8627123829,286,P1_outputs_path_100_to_300
2042,519566.845570176,286,P1_outputs_path_100_to_300
2043,560611.4924667311,286,P1_outputs_path_100_to_300
2044,417698.0498172975,286,P1_outputs_path_100_to_300
2045,482240.62635336095,286,P1_outputs_path_100_to_300
2046,578965.1200189833,286,P1_outputs_path_100_to_300
2047,873974.2443185463,286,P1_outputs_path_100_to_300
2048,877255.9388717336,286,P1_outputs_path_100_to_300
2049,1084526.209515764,286,P1_outputs_path_100_to_300
2050,1356982.4780377578,286,P1_outputs_path_100_to_300
2051,1664781.6119215402,286,P1_outputs_path_100_to_300
2052,2042518.7922366809,286,P1_outputs_path_100_to_300
2053,2082271.0393398171,286,P1_outputs_path_100_to_300
2054,2244228.867135974,286,P1_outputs_path_100_to_300
2055,2253723.542714127,286,P1_outputs_path_100_to_300
2056,2238649.4316044333,286,P1_outputs_path_100_to_300
2057,2173913.413642592,286,P1_outputs_path_100_to_300
2058,2322965.87642049,286,P1_outputs_path_100_to_300
2059,2285779.9142581383,286,P1_outputs_path_100_to_300
2060,2411945.879810881,286,P1_outputs_path_100_to_300
2061,2527339.7006024644,286,P1_outputs_path_100_to_300
2062,2319019.9587528096,286,P1_outputs_path_100_to_300
2063,2364377.7293483973,286,P1_outputs_path_100_to_300
2064,2486923.764580449,286,P1_outputs_path_100_to_300
2065,2514031.5390849314,286,P1_outputs_path_100_to_300
2066,2664409.967250238,286,P1_outputs_path_100_to_300
2067,2632285.061286292,286,P1_outputs_path_100_to_300
2068,2578134.0501275137,286,P1_outputs_path_100_to_300
2069,2686200.249346474,286,P1_outputs_path_100_to_300
2070,2831221.5950069027,286,P1_outputs_path_100_to_300
2071,2863378.5992647847,286,P1_outputs_path_100_to_300
2072,2977397.2447515544,286,P1_outputs_path_100_to_300
2073,2905804.45805807,286,P1_outputs_path_100_to_300
2074,953969.3959797022,286,P1_outputs_path_100_to_300
2075,,286,P1_outputs_path_100_to_300
2025,0.0,287,P1_outputs_path_100_to_300
2026,82490.822867226,287,P1_outputs_path_100_to_300
2027,131940.61413257295,287,P1_outputs_path_100_to_300
2028,191906.46288876148,287,P1_outputs_path_100_to_300
2029,306824.5008386026,287,P1_outputs_path_100_to_300
2030,381305.3678813076,287,P1_outputs_path_100_to_300
2031,469315.1625201969,287,P1_outputs_path_100_to_300
2032,716867.0326469311,287,P1_outputs_path_100_to_300
2033,789137.018187969,287,P1_outputs_path_100_to_300
2034,161072.14293887443,287,P1_outputs_path_100_to_300
2035,231571.4030997996,287,P1_outputs_path_100_to_300
2036,261545.36624019896,287,P1_outputs_path_100_to_300
2037,375096.4965358375,287,P1_outputs_path_100_to_300
2038,451842.6577228413,287,P1_outputs_path_100_to_300
2039,463376.0239160232,287,P1_outputs_path_100_to_300
2040,527731.876391149,287,P1_outputs_path_100_to_300
2041,562275.808240031,287,P1_outputs_path_100_to_300
2042,637168.72814412,287,P1_outputs_path_100_to_300
2043,890746.3027377287,287,P1_outputs_path_100_to_300
2044,768634.2892939327,287,P1_outputs_path_100_to_300
2045,934331.5385431052,287,P1_outputs_path_100_to_300
2046,959534.0794200728,287,P1_outputs_path_100_to_300
2047,1212492.6530059488,287,P1_outputs_path_100_to_300
2048,1169948.314763187,287,P1_outputs_path_100_to_300
2049,1190844.4691808831,287,P1_outputs_path_100_to_300
2050,1173805.6162304336,287,P1_outputs_path_100_to_300
2051,1279088.790513847,287,P1_outputs_path_100_to_300
2052,1242990.7252526216,287,P1_outputs_path_100_to_300
2053,1328645.6638915718,287,P1_outputs_path_100_to_300
2054,1223581.4271964475,287,P1_outputs_path_100_to_300
2055,1571322.5548173254,287,P1_outputs_path_100_to_300
2056,1585095.0067237006,287,P1_outputs_path_100_to_300
2057,1583140.7912713485,287,P1_outputs_path_100_to_300
2058,1666024.2779710456,287,P1_outputs_path_100_to_300
2059,1672727.980924053,287,P1_outputs_path_100_to_300
2060,1850821.4193583268,287,P1_outputs_path_100_to_300
2061,2019140.7344391092,287,P1_outputs_path_100_to_300
2062,2103348.8272282444,287,P1_outputs_path_100_to_300
2063,2011700.687313897,287,P1_outputs_path_100_to_300
2064,2068712.6276429668,287,P1_outputs_path_100_to_300
2065,2069620.4179212216,287,P1_outputs_path_100_to_300
2066,2233726.455217628,287,P1_outputs_path_100_to_300
2067,2439525.0929763187,287,P1_outputs_path_100_to_300
2068,2466379.4666846283,287,P1_outputs_path_100_to_300
2069,2428306.526989435,287,P1_outputs_path_100_to_300
2070,2532515.968568639,287,P1_outputs_path_100_to_300
2071,2708124.3431179435,287,P1_outputs_path_100_to_300
2072,2859862.924990984,287,P1_outputs_path_100_to_300
2073,3018631.323220374,287,P1_outputs_path_100_to_300
2074,1109588.0384411628,287,P1_outputs_path_100_to_300
2075,,287,P1_outputs_path_100_to_300
2025,0.0,288,P1_outputs_path_100_to_300
2026,66862.66839861289,288,P1_outputs_path_100_to_300
2027,136514.08321720042,288,P1_outputs_path_100_to_300
2028,247166.05042441076,288,P1_outputs_path_100_to_300
2029,325458.12578728184,288,P1_outputs_path_100_to_300
2030,400881.8861024112,288,P1_outputs_path_100_to_300
2031,504860.2714309373,288,P1_outputs_path_100_to_300
2032,714860.992279207,288,P1_outputs_path_100_to_300
2033,738475.6708973767,288,P1_outputs_path_100_to_300
2034,79965.52503419784,288,P1_outputs_path_100_to_300
2035,144347.38688889603,288,P1_outputs_path_100_to_300
2036,225470.78057651455,288,P1_outputs_path_100_to_300
2037,338378.6611622744,288,P1_outputs_path_100_to_300
2038,452362.6844296659,288,P1_outputs_path_100_to_300
2039,532841.3468636982,288,P1_outputs_path_100_to_300
2040,542913.2520162521,288,P1_outputs_path_100_to_300
2041,592487.7900849376,288,P1_outputs_path_100_to_300
2042,680172.9803052223,288,P1_outputs_path_100_to_300
2043,779171.2712099354,288,P1_outputs_path_100_to_300
2044,735945.7568287877,288,P1_outputs_path_100_to_300
2045,668177.1634960511,288,P1_outputs_path_100_to_300
2046,810208.3239641805,288,P1_outputs_path_100_to_300
2047,1090563.3870935896,288,P1_outputs_path_100_to_300
2048,1177625.1332882044,288,P1_outputs_path_100_to_300
2049,1231233.8525555667,288,P1_outputs_path_100_to_300
2050,1456059.3247566829,288,P1_outputs_path_100_to_300
2051,1364941.4598486533,288,P1_outputs_path_100_to_300
2052,1293583.513226976,288,P1_outputs_path_100_to_300
2053,1432272.4087736325,288,P1_outputs_path_100_to_300
2054,1471455.547781437,288,P1_outputs_path_100_to_300
2055,1710255.8148048555,288,P1_outputs_path_100_to_300
2056,2038469.0286721329,288,P1_outputs_path_100_to_300
2057,2004453.7508273844,288,P1_outputs_path_100_to_300
2058,1968011.656242376,288,P1_outputs_path_100_to_300
2059,2130791.367151735,288,P1_outputs_path_100_to_300
2060,2149479.8032025555,288,P1_outputs_path_100_to_300
2061,2293769.734313865,288,P1_outputs_path_100_to_300
2062,2438857.025784492,288,P1_outputs_path_100_to_300
2063,2541760.8400530065,288,P1_outputs_path_100_to_300
2064,2445832.0801052647,288,P1_outputs_path_100_to_300
2065,2512566.839707008,288,P1_outputs_path_100_to_300
2066,2632197.560888433,288,P1_outputs_path_100_to_300
2067,2654855.061642257,288,P1_outputs_path_100_to_300
2068,2705891.1625976786,288,P1_outputs_path_100_to_300
2069,2944877.679409066,288,P1_outputs_path_100_to_300
2070,3185944.364905142,288,P1_outputs_path_100_to_300
2071,3069722.8637317363,288,P1_outputs_path_100_to_300
2072,3027699.4062761967,288,P1_outputs_path_100_to_300
2073,2953568.346109892,288,P1_outputs_path_100_to_300
2074,1264296.5461984223,288,P1_outputs_path_100_to_300
2075,,288,P1_outputs_path_100_to_300
2025,0.0,289,P1_outputs_path_100_to_300
2026,56026.46437449491,289,P1_outputs_path_100_to_300
2027,130021.968844816,289,P1_outputs_path_100_to_300
2028,192824.38106936347,289,P1_outputs_path_100_to_300
2029,241189.1058665427,289,P1_outputs_path_100_to_300
2030,390784.5053631824,289,P1_outputs_path_100_to_300
2031,571122.3847025041,289,P1_outputs_path_100_to_300
2032,481260.62886573735,289,P1_outputs_path_100_to_300
2033,512587.1477006563,289,P1_outputs_path_100_to_300
2034,509077.20381146914,289,P1_outputs_path_100_to_300
2035,638279.6120805219,289,P1_outputs_path_100_to_300
2036,601905.1192379177,289,P1_outputs_path_100_to_300
2037,525530.1489742334,289,P1_outputs_path_100_to_300
2038,573067.1897233002,289,P1_outputs_path_100_to_300
2039,766577.9964630338,289,P1_outputs_path_100_to_300
2040,882983.2087243124,289,P1_outputs_path_100_to_300
2041,1134388.3540522624,289,P1_outputs_path_100_to_300
2042,1208612.536599378,289,P1_outputs_path_100_to_300
2043,1310063.2103242166,289,P1_outputs_path_100_to_300
2044,1314495.7338770323,289,P1_outputs_path_100_to_300
2045,1500011.3801804942,289,P1_outputs_path_100_to_300
2046,1459890.3685426167,289,P1_outputs_path_100_to_300
2047,1734307.128233336,289,P1_outputs_path_100_to_300
2048,1785848.6750214086,289,P1_outputs_path_100_to_300
2049,1963963.1147553783,289,P1_outputs_path_100_to_300
2050,1848825.344243677,289,P1_outputs_path_100_to_300
2051,2043750.1724626955,289,P1_outputs_path_100_to_300
2052,2117085.2291252096,289,P1_outputs_path_100_to_300
2053,2141494.020061359,289,P1_outputs_path_100_to_300
2054,2083169.996460404,289,P1_outputs_path_100_to_300
2055,1997770.1491989128,289,P1_outputs_path_100_to_300
2056,2012939.2739178287,289,P1_outputs_path_100_to_300
2057,2102398.466057936,289,P1_outputs_path_100_to_300
2058,2036194.7121314672,289,P1_outputs_path_100_to_300
2059,2120142.5521644726,289,P1_outputs_path_100_to_300
2060,2056984.007591408,289,P1_outputs_path_100_to_300
2061,2063810.9709189883,289,P1_outputs_path_100_to_300
2062,2285896.8245589044,289,P1_outputs_path_100_to_300
2063,2401286.373604146,289,P1_outputs_path_100_to_300
2064,2368279.69818559,289,P1_outputs_path_100_to_300
2065,2479584.610307497,289,P1_outputs_path_100_to_300
2066,2502260.1024412066,289,P1_outputs_path_100_to_300
2067,2534709.045815824,289,P1_outputs_path_100_to_300
2068,2803888.574909784,289,P1_outputs_path_100_to_300
2069,2887940.44855319,289,P1_outputs_path_100_to_300
2070,2841723.7203658647,289,P1_outputs_path_100_to_300
2071,2750134.356800791,289,P1_outputs_path_100_to_300
2072,2728941.967548162,289,P1_outputs_path_100_to_300
2073,2887489.22824214,289,P1_outputs_path_100_to_300
2074,999230.4550665,289,P1_outputs_path_100_to_300
2075,,289,P1_outputs_path_100_to_300
2025,0.0,290,P1_outputs_path_100_to_300
2026,64581.61303611566,290,P1_outputs_path_100_to_300
2027,125756.4069762304,290,P1_outputs_path_100_to_300
2028,174930.33036682956,290,P1_outputs_path_100_to_300
2029,219767.12855047488,290,P1_outputs_path_100_to_300
2030,279959.69833792123,290,P1_outputs_path_100_to_300
2031,288463.51846244023,290,P1_outputs_path_100_to_300
2032,333250.0832750217,290,P1_outputs_path_100_to_300
2033,505179.3622622001,290,P1_outputs_path_100_to_300
2034,580259.8868645176,290,P1_outputs_path_100_to_300
2035,569729.7830602876,290,P1_outputs_path_100_to_300
2036,705579.9726294762,290,P1_outputs_path_100_to_300
2037,911749.462731384,290,P1_outputs_path_100_to_300
2038,966015.634722961,290,P1_outputs_path_100_to_300
2039,1279716.3550621737,290,P1_outputs_path_100_to_300
2040,1400494.345146935,290,P1_outputs_path_100_to_300
2041,1723292.5164790512,290,P1_outputs_path_100_to_300
2042,1947093.0332916037,290,P1_outputs_path_100_to_300
2043,1962241.6433490536,290,P1_outputs_path_100_to_300
2044,1939717.6514177483,290,P1_outputs_path_100_to_300
2045,1987985.246381034,290,P1_outputs_path_100_to_300
2046,2117971.2367591746,290,P1_outputs_path_100_to_300
2047,2187592.641879096,290,P1_outputs_path_100_to_300
2048,2387170.110072112,290,P1_outputs_path_100_to_300
2049,2478618.680461536,290,P1_outputs_path_100_to_300
2050,2609573.0961994524,290,P1_outputs_path_100_to_300
2051,2547850.6874593287,290,P1_outputs_path_100_to_300
2052,2563869.641375907,290,P1_outputs_path_100_to_300
2053,2750010.840588554,290,P1_outputs_path_100_to_300
2054,2924831.8605237263,290,P1_outputs_path_100_to_300
2055,3044999.120548825,290,P1_outputs_path_100_to_300
2056,3147592.6601025597,290,P1_outputs_path_100_to_300
2057,3152933.143736732,290,P1_outputs_path_100_to_300
2058,3042309.1138689835,290,P1_outputs_path_100_to_300
2059,2962249.013335984,290,P1_outputs_path_100_to_300
2060,3383205.738664536,290,P1_outputs_path_100_to_300
2061,3320420.03635576,290,P1_outputs_path_100_to_300
2062,3215674.1267329548,290,P1_outputs_path_100_to_300
2063,3241443.1719837333,290,P1_outputs_path_100_to_300
2064,3461432.072546086,290,P1_outputs_path_100_to_300
2065,3562954.607267321,290,P1_outputs_path_100_to_300
2066,3485097.166887624,290,P1_outputs_path_100_to_300
2067,3763746.150211512,290,P1_outputs_path_100_to_300
2068,3594612.8007846875,290,P1_outputs_path_100_to_300
2069,3608674.351738442,290,P1_outputs_path_100_to_300
2070,3815098.333896799,290,P1_outputs_path_100_to_300
2071,3991902.554073409,290,P1_outputs_path_100_to_300
2072,4068348.491397997,290,P1_outputs_path_100_to_300
2073,4047741.194024816,290,P1_outputs_path_100_to_300
2074,1833683.0966838496,290,P1_outputs_path_100_to_300
2075,,290,P1_outputs_path_100_to_300
2025,0.0,291,P1_outputs_path_100_to_300
2026,54104.4908770639,291,P1_outputs_path_100_to_300
2027,107567.17875672667,291,P1_outputs_path_100_to_300
2028,180014.2230927234,291,P1_outputs_path_100_to_300
2029,223778.3525755272,291,P1_outputs_path_100_to_300
2030,327964.40426479746,291,P1_outputs_path_100_to_300
2031,338596.0687054079,291,P1_outputs_path_100_to_300
2032,450468.13686898525,291,P1_outputs_path_100_to_300
2033,519850.2083526122,291,P1_outputs_path_100_to_300
2034,627092.1382417433,291,P1_outputs_path_100_to_300
2035,741422.3801416226,291,P1_outputs_path_100_to_300
2036,760803.2353177512,291,P1_outputs_path_100_to_300
2037,977485.8275115158,291,P1_outputs_path_100_to_300
2038,1143827.2349222368,291,P1_outputs_path_100_to_300
2039,1604851.7781101044,291,P1_outputs_path_100_to_300
2040,1752561.6886071311,291,P1_outputs_path_100_to_300
2041,1680939.091121777,291,P1_outputs_path_100_to_300
2042,1670084.731576441,291,P1_outputs_path_100_to_300
2043,1837891.8091583035,291,P1_outputs_path_100_to_300
2044,1797585.3880326934,291,P1_outputs_path_100_to_300
2045,1811754.3089776128,291,P1_outputs_path_100_to_300
2046,1660360.5196915064,291,P1_outputs_path_100_to_300
2047,1773225.9292320972,291,P1_outputs_path_100_to_300
2048,1835913.8226083687,291,P1_outputs_path_100_to_300
2049,1939104.812792868,291,P1_outputs_path_100_to_300
2050,2026488.205610472,291,P1_outputs_path_100_to_300
2051,2217356.2103037857,291,P1_outputs_path_100_to_300
2052,2334599.653746679,291,P1_outputs_path_100_to_300
2053,2156858.415011883,291,P1_outputs_path_100_to_300
2054,2405393.720875604,291,P1_outputs_path_100_to_300
2055,2386053.5867331102,291,P1_outputs_path_100_to_300
2056,2431477.2787259645,291,P1_outputs_path_100_to_300
2057,2424983.93601078,291,P1_outputs_path_100_to_300
2058,2607262.948702819,291,P1_outputs_path_100_to_300
2059,2809919.4982842496,291,P1_outputs_path_100_to_300
2060,2668891.5321533284,291,P1_outputs_path_100_to_300
2061,2824858.1954216124,291,P1_outputs_path_100_to_300
2062,2943567.515921788,291,P1_outputs_path_100_to_300
2063,3108550.4390836013,291,P1_outputs_path_100_to_300
2064,3106208.6135089,291,P1_outputs_path_100_to_300
2065,3136527.355935663,291,P1_outputs_path_100_to_300
2066,3292895.386660324,291,P1_outputs_path_100_to_300
2067,3404264.928386462,291,P1_outputs_path_100_to_300
2068,3692216.577163445,291,P1_outputs_path_100_to_300
2069,3713529.047336112,291,P1_outputs_path_100_to_300
2070,3983764.24350837,291,P1_outputs_path_100_to_300
2071,4131763.300675991,291,P1_outputs_path_100_to_300
2072,4266263.850637849,291,P1_outputs_path_100_to_300
2073,4283244.47493729,291,P1_outputs_path_100_to_300
2074,2169034.026644532,291,P1_outputs_path_100_to_300
2075,,291,P1_outputs_path_100_to_300
2025,0.0,292,P1_outputs_path_100_to_300
2026,45764.18749117851,292,P1_outputs_path_100_to_300
2027,106312.89704008662,292,P1_outputs_path_100_to_300
2028,158233.0356945733,292,P1_outputs_path_100_to_300
2029,186010.5314409173,292,P1_outputs_path_100_to_300
2030,276214.89592621074,292,P1_outputs_path_100_to_300
2031,341950.159929592,292,P1_outputs_path_100_to_300
2032,423106.8731267973,292,P1_outputs_path_100_to_300
2033,499318.3452631234,292,P1_outputs_path_100_to_300
2034,494764.5717633521,292,P1_outputs_path_100_to_300
2035,559478.4656920243,292,P1_outputs_path_100_to_300
2036,663987.5031677007,292,P1_outputs_path_100_to_300
2037,824943.2730668379,292,P1_outputs_path_100_to_300
2038,966049.9383969312,292,P1_outputs_path_100_to_300
2039,1248794.7624262888,292,P1_outputs_path_100_to_300
2040,1414395.122462636,292,P1_outputs_path_100_to_300
2041,1190183.618237333,292,P1_outputs_path_100_to_300
2042,1673756.0976298244,292,P1_outputs_path_100_to_300
2043,1629627.025064031,292,P1_outputs_path_100_to_300
2044,1855319.3079905247,292,P1_outputs_path_100_to_300
2045,1833669.488414228,292,P1_outputs_path_100_to_300
2046,1842921.1203189583,292,P1_outputs_path_100_to_300
2047,1887227.152832368,292,P1_outputs_path_100_to_300
2048,1839780.785600805,292,P1_outputs_path_100_to_300
2049,1986166.1365283648,292,P1_outputs_path_100_to_300
2050,2009630.2973372336,292,P1_outputs_path_100_to_300
2051,2055982.6394594645,292,P1_outputs_path_100_to_300
2052,2142317.766979671,292,P1_outputs_path_100_to_300
2053,2295609.3527898835,292,P1_outputs_path_100_to_300
2054,2368505.3917447925,292,P1_outputs_path_100_to_300
2055,2496579.7773527754,292,P1_outputs_path_100_to_300
2056,2406967.8066302543,292,P1_outputs_path_100_to_300
2057,2308748.973481339,292,P1_outputs_path_100_to_300
2058,2553717.088076799,292,P1_outputs_path_100_to_300
2059,2604720.9086720957,292,P1_outputs_path_100_to_300
2060,2807237.645531784,292,P1_outputs_path_100_to_300
2061,2824397.398853564,292,P1_outputs_path_100_to_300
2062,2799000.5232367865,292,P1_outputs_path_100_to_300
2063,2698932.352765725,292,P1_outputs_path_100_to_300
2064,2626834.545403055,292,P1_outputs_path_100_to_300
2065,2832937.927015898,292,P1_outputs_path_100_to_300
2066,2935267.4306728067,292,P1_outputs_path_100_to_300
2067,2960091.459158751,292,P1_outputs_path_100_to_300
2068,2979680.9479505327,292,P1_outputs_path_100_to_300
2069,3166544.769313835,292,P1_outputs_path_100_to_300
2070,3316972.1090792315,292,P1_outputs_path_100_to_300
2071,3252265.515011668,292,P1_outputs_path_100_to_300
2072,3346418.053428688,292,P1_outputs_path_100_to_300
2073,3227565.3723382754,292,P1_outputs_path_100_to_300
2074,1479456.9863403148,292,P1_outputs_path_100_to_300
2075,,292,P1_outputs_path_100_to_300
2025,0.0,293,P1_outputs_path_100_to_300
2026,59839.84636993874,293,P1_outputs_path_100_to_300
2027,109243.6929619594,293,P1_outputs_path_100_to_300
2028,164458.752276263,293,P1_outputs_path_100_to_300
2029,200231.5441750391,293,P1_outputs_path_100_to_300
2030,232552.971301468,293,P1_outputs_path_100_to_300
2031,286521.08575696393,293,P1_outputs_path_100_to_300
2032,351385.60512139,293,P1_outputs_path_100_to_300
2033,379103.2758882841,293,P1_outputs_path_100_to_300
2034,452900.6784137179,293,P1_outputs_path_100_to_300
2035,467345.2388976074,293,P1_outputs_path_100_to_300
2036,524728.6793095929,293,P1_outputs_path_100_to_300
2037,546657.050063806,293,P1_outputs_path_100_to_300
2038,656642.9526109688,293,P1_outputs_path_100_to_300
2039,838862.4259782771,293,P1_outputs_path_100_to_300
2040,1073435.0922031756,293,P1_outputs_path_100_to_300
2041,1128759.166905644,293,P1_outputs_path_100_to_300
2042,969905.6976323818,293,P1_outputs_path_100_to_300
2043,993643.8959748278,293,P1_outputs_path_100_to_300
2044,1164486.303697778,293,P1_outputs_path_100_to_300
2045,1384851.4802814785,293,P1_outputs_path_100_to_300
2046,1653549.979006291,293,P1_outputs_path_100_to_300
2047,1728017.4209914005,293,P1_outputs_path_100_to_300
2048,1812635.4301879224,293,P1_outputs_path_100_to_300
2049,1823771.315741288,293,P1_outputs_path_100_to_300
2050,1813453.395689646,293,P1_outputs_path_100_to_300
2051,1945935.6899526045,293,P1_outputs_path_100_to_300
2052,2111546.446455394,293,P1_outputs_path_100_to_300
2053,2180624.6562561,293,P1_outputs_path_100_to_300
2054,2098622.0782845845,293,P1_outputs_path_100_to_300
2055,1943787.5051392948,293,P1_outputs_path_100_to_300
2056,2075947.8108082437,293,P1_outputs_path_100_to_300
2057,2091435.742015276,293,P1_outputs_path_100_to_300
2058,2129566.0286381664,293,P1_outputs_path_100_to_300
2059,2184847.7378774555,293,P1_outputs_path_100_to_300
2060,2336084.055546863,293,P1_outputs_path_100_to_300
2061,2268273.873788219,293,P1_outputs_path_100_to_300
2062,2307527.292668673,293,P1_outputs_path_100_to_300
2063,2352327.7485278635,293,P1_outputs_path_100_to_300
2064,2420260.630340323,293,P1_outputs_path_100_to_300
2065,2550160.669587269,293,P1_outputs_path_100_to_300
2066,2759290.083227102,293,P1_outputs_path_100_to_300
2067,2729703.470247188,293,P1_outputs_path_100_to_300
2068,2778993.3291332573,293,P1_outputs_path_100_to_300
2069,2830624.1402993286,293,P1_outputs_path_100_to_300
2070,2926577.9792781714,293,P1_outputs_path_100_to_300
2071,2949803.837972348,293,P1_outputs_path_100_to_300
2072,3116574.901313464,293,P1_outputs_path_100_to_300
2073,3285707.757993465,293,P1_outputs_path_100_to_300
2074,1343131.7007847067,293,P1_outputs_path_100_to_300
2075,,293,P1_outputs_path_100_to_300
2025,0.0,294,P1_outputs_path_100_to_300
2026,56931.08470793219,294,P1_outputs_path_100_to_300
2027,128918.43262531263,294,P1_outputs_path_100_to_300
2028,175997.18743409304,294,P1_outputs_path_100_to_300
2029,205696.86485212325,294,P1_outputs_path_100_to_300
2030,267896.49453374255,294,P1_outputs_path_100_to_300
2031,449107.5398492193,294,P1_outputs_path_100_to_300
2032,526828.6347024734,294,P1_outputs_path_100_to_300
2033,514930.5845729432,294,P1_outputs_path_100_to_300
2034,510014.7292104777,294,P1_outputs_path_100_to_300
2035,556064.0969853792,294,P1_outputs_path_100_to_300
2036,710119.1224567133,294,P1_outputs_path_100_to_300
2037,902446.3529334908,294,P1_outputs_path_100_to_300
2038,1015010.3847072256,294,P1_outputs_path_100_to_300
2039,1268660.8621053265,294,P1_outputs_path_100_to_300
2040,1226160.433358192,294,P1_outputs_path_100_to_300
2041,1236471.0149527767,294,P1_outputs_path_100_to_300
2042,1266754.0564826163,294,P1_outputs_path_100_to_300
2043,1587534.2293684934,294,P1_outputs_path_100_to_300
2044,1565546.490638632,294,P1_outputs_path_100_to_300
2045,1832644.300555193,294,P1_outputs_path_100_to_300
2046,2051506.1251347875,294,P1_outputs_path_100_to_300
2047,1912094.57606738,294,P1_outputs_path_100_to_300
2048,1978350.5036022845,294,P1_outputs_path_100_to_300
2049,2094856.9658112533,294,P1_outputs_path_100_to_300
2050,2189634.3825594354,294,P1_outputs_path_100_to_300
2051,2400817.643400411,294,P1_outputs_path_100_to_300
2052,2606526.839441171,294,P1_outputs_path_100_to_300
2053,2681786.777758396,294,P1_outputs_path_100_to_300
2054,2778518.096685335,294,P1_outputs_path_100_to_300
2055,2746433.5423794063,294,P1_outputs_path_100_to_300
2056,2868677.049814911,294,P1_outputs_path_100_to_300
2057,2924303.9463047404,294,P1_outputs_path_100_to_300
2058,3217287.491902372,294,P1_outputs_path_100_to_300
2059,3210832.9215204665,294,P1_outputs_path_100_to_300
2060,3171942.8409594432,294,P1_outputs_path_100_to_300
2061,3287157.1768629206,294,P1_outputs_path_100_to_300
2062,3277270.6025596093,294,P1_outputs_path_100_to_300
2063,3330523.482843969,294,P1_outputs_path_100_to_300
2064,3455857.425088365,294,P1_outputs_path_100_to_300
2065,3312580.937780496,294,P1_outputs_path_100_to_300
2066,3326264.644458921,294,P1_outputs_path_100_to_300
2067,3307254.641118246,294,P1_outputs_path_100_to_300
2068,3326029.175063186,294,P1_outputs_path_100_to_300
2069,3301114.00712111,294,P1_outputs_path_100_to_300
2070,3462616.433967578,294,P1_outputs_path_100_to_300
2071,3529532.412440948,294,P1_outputs_path_100_to_300
2072,3630770.39160428,294,P1_outputs_path_100_to_300
2073,3388394.6539122285,294,P1_outputs_path_100_to_300
2074,1652920.6432302336,294,P1_outputs_path_100_to_300
2075,,294,P1_outputs_path_100_to_300
2025,0.0,295,P1_outputs_path_100_to_300
2026,50080.690794013,295,P1_outputs_path_100_to_300
2027,115093.26801591922,295,P1_outputs_path_100_to_300
2028,190067.7460950509,295,P1_outputs_path_100_to_300
2029,346926.6151615095,295,P1_outputs_path_100_to_300
2030,472927.529537174,295,P1_outputs_path_100_to_300
2031,538334.6558290466,295,P1_outputs_path_100_to_300
2032,556419.8712692452,295,P1_outputs_path_100_to_300
2033,627547.7253013304,295,P1_outputs_path_100_to_300
2034,817109.4389806123,295,P1_outputs_path_100_to_300
2035,914143.3473770552,295,P1_outputs_path_100_to_300
2036,1041543.3401025909,295,P1_outputs_path_100_to_300
2037,1289850.9923797585,295,P1_outputs_path_100_to_300
2038,1307381.0880077668,295,P1_outputs_path_100_to_300
2039,1556586.8867619834,295,P1_outputs_path_100_to_300
2040,1645061.216167747,295,P1_outputs_path_100_to_300
2041,1598070.895787646,295,P1_outputs_path_100_to_300
2042,1536808.1402817145,295,P1_outputs_path_100_to_300
2043,1923524.2413683983,295,P1_outputs_path_100_to_300
2044,1934168.566889991,295,P1_outputs_path_100_to_300
2045,2015008.5989284068,295,P1_outputs_path_100_to_300
2046,1922263.4346818053,295,P1_outputs_path_100_to_300
2047,2013850.4473830324,295,P1_outputs_path_100_to_300
2048,2050259.4293230865,295,P1_outputs_path_100_to_300
2049,2182228.261816254,295,P1_outputs_path_100_to_300
2050,2322650.6667838385,295,P1_outputs_path_100_to_300
2051,2612393.913513872,295,P1_outputs_path_100_to_300
2052,2568813.4057576125,295,P1_outputs_path_100_to_300
2053,2681697.210345537,295,P1_outputs_path_100_to_300
2054,2651038.954490073,295,P1_outputs_path_100_to_300
2055,2745769.0574701475,295,P1_outputs_path_100_to_300
2056,2740077.334748583,295,P1_outputs_path_100_to_300
2057,2860856.389790844,295,P1_outputs_path_100_to_300
2058,2972565.800386625,295,P1_outputs_path_100_to_300
2059,2901529.6229036925,295,P1_outputs_path_100_to_300
2060,3021949.194858754,295,P1_outputs_path_100_to_300
2061,2934633.6324998317,295,P1_outputs_path_100_to_300
2062,2735185.207302495,295,P1_outputs_path_100_to_300
2063,2779635.829178377,295,P1_outputs_path_100_to_300
2064,2752557.388496228,295,P1_outputs_path_100_to_300
2065,2925470.358416211,295,P1_outputs_path_100_to_300
2066,3006328.2299209265,295,P1_outputs_path_100_to_300
2067,3291213.3355303407,295,P1_outputs_path_100_to_300
2068,3426617.37544048,295,P1_outputs_path_100_to_300
2069,3596981.0515071903,295,P1_outputs_path_100_to_300
2070,3606996.921147001,295,P1_outputs_path_100_to_300
2071,3681224.931370183,295,P1_outputs_path_100_to_300
2072,3535758.2264691293,295,P1_outputs_path_100_to_300
2073,3722721.56009417,295,P1_outputs_path_100_to_300
2074,1958464.0331243048,295,P1_outputs_path_100_to_300
2075,,295,P1_outputs_path_100_to_300
2025,0.0,296,P1_outputs_path_100_to_300
2026,57547.8151694846,296,P1_outputs_path_100_to_300
2027,130416.96122791548,296,P1_outputs_path_100_to_300
2028,172225.34202442272,296,P1_outputs_path_100_to_300
2029,181599.7245948185,296,P1_outputs_path_100_to_300
2030,222839.31773795423,296,P1_outputs_path_100_to_300
2031,316837.6927746722,296,P1_outputs_path_100_to_300
2032,495343.9290421524,296,P1_outputs_path_100_to_300
2033,802968.6354330787,296,P1_outputs_path_100_to_300
2034,134125.59546803264,296,P1_outputs_path_100_to_300
2035,195525.71737521864,296,P1_outputs_path_100_to_300
2036,297282.047472949,296,P1_outputs_path_100_to_300
2037,400284.3368559317,296,P1_outputs_path_100_to_300
2038,487445.12518456776,296,P1_outputs_path_100_to_300
2039,513555.6081131731,296,P1_outputs_path_100_to_300
2040,643449.7578508076,296,P1_outputs_path_100_to_300
2041,787978.3765762114,296,P1_outputs_path_100_to_300
2042,805986.5607575431,296,P1_outputs_path_100_to_300
2043,774080.0212382491,296,P1_outputs_path_100_to_300
2044,797056.007628954,296,P1_outputs_path_100_to_300
2045,831515.1182630757,296,P1_outputs_path_100_to_300
2046,771222.7522507481,296,P1_outputs_path_100_to_300
2047,752705.0792004035,296,P1_outputs_path_100_to_300
2048,711669.3685645523,296,P1_outputs_path_100_to_300
2049,817739.400170074,296,P1_outputs_path_100_to_300
2050,1007097.8311320184,296,P1_outputs_path_100_to_300
2051,1110334.479497284,296,P1_outputs_path_100_to_300
2052,1090839.145976358,296,P1_outputs_path_100_to_300
2053,1220241.174678855,296,P1_outputs_path_100_to_300
2054,1717008.8986550628,296,P1_outputs_path_100_to_300
2055,2025409.452853652,296,P1_outputs_path_100_to_300
2056,2058173.178848836,296,P1_outputs_path_100_to_300
2057,2163537.441915088,296,P1_outputs_path_100_to_300
2058,2233063.240638961,296,P1_outputs_path_100_to_300
2059,2143591.7854648973,296,P1_outputs_path_100_to_300
2060,2254105.2126408285,296,P1_outputs_path_100_to_300
2061,2455075.5816467474,296,P1_outputs_path_100_to_300
2062,2399281.960962649,296,P1_outputs_path_100_to_300
2063,2468165.521817639,296,P1_outputs_path_100_to_300
2064,2420912.58318018,296,P1_outputs_path_100_to_300
2065,2420130.109366148,296,P1_outputs_path_100_to_300
2066,2441987.1092506056,296,P1_outputs_path_100_to_300
2067,2679060.316885624,296,P1_outputs_path_100_to_300
2068,2681627.138311848,296,P1_outputs_path_100_to_300
2069,2721772.7610973543,296,P1_outputs_path_100_to_300
2070,2745186.80921946,296,P1_outputs_path_100_to_300
2071,2930964.217327399,296,P1_outputs_path_100_to_300
2072,3079530.154111361,296,P1_outputs_path_100_to_300
2073,3263010.246106632,296,P1_outputs_path_100_to_300
2074,1567074.2875502843,296,P1_outputs_path_100_to_300
2075,,296,P1_outputs_path_100_to_300
2025,0.0,297,P1_outputs_path_100_to_300
2026,62065.293225235735,297,P1_outputs_path_100_to_300
2027,122792.3836780766,297,P1_outputs_path_100_to_300
2028,180955.4666335933,297,P1_outputs_path_100_to_300
2029,222333.55503112983,297,P1_outputs_path_100_to_300
2030,275205.76453957445,297,P1_outputs_path_100_to_300
2031,504576.5303221191,297,P1_outputs_path_100_to_300
2032,475482.8839151161,297,P1_outputs_path_100_to_300
2033,468919.04650401353,297,P1_outputs_path_100_to_300
2034,686188.8169065239,297,P1_outputs_path_100_to_300
2035,835716.369364352,297,P1_outputs_path_100_to_300
2036,1006098.460313804,297,P1_outputs_path_100_to_300
2037,1162489.575265728,297,P1_outputs_path_100_to_300
2038,1085599.1395977954,297,P1_outputs_path_100_to_300
2039,1000695.0831355664,297,P1_outputs_path_100_to_300
2040,1080524.169926029,297,P1_outputs_path_100_to_300
2041,1177528.5365385143,297,P1_outputs_path_100_to_300
2042,1000767.8500385222,297,P1_outputs_path_100_to_300
2043,1077256.635722523,297,P1_outputs_path_100_to_300
2044,1092817.0656445234,297,P1_outputs_path_100_to_300
2045,1111999.6056325254,297,P1_outputs_path_100_to_300
2046,1016598.98156689,297,P1_outputs_path_100_to_300
2047,1151656.7820257426,297,P1_outputs_path_100_to_300
2048,1233742.1943555863,297,P1_outputs_path_100_to_300
2049,1289947.10164146,297,P1_outputs_path_100_to_300
2050,1399984.191697262,297,P1_outputs_path_100_to_300
2051,1518880.4012365132,297,P1_outputs_path_100_to_300
2052,1780002.23638413,297,P1_outputs_path_100_to_300
2053,1666625.266079878,297,P1_outputs_path_100_to_300
2054,1709324.3521596547,297,P1_outputs_path_100_to_300
2055,1888581.965497402,297,P1_outputs_path_100_to_300
2056,1952819.365968578,297,P1_outputs_path_100_to_300
2057,1994540.3227030984,297,P1_outputs_path_100_to_300
2058,2025949.1394965544,297,P1_outputs_path_100_to_300
2059,2161683.9789897297,297,P1_outputs_path_100_to_300
2060,2282352.896007648,297,P1_outputs_path_100_to_300
2061,2259937.553053858,297,P1_outputs_path_100_to_300
2062,2179309.6775340466,297,P1_outputs_path_100_to_300
2063,2151284.077699773,297,P1_outputs_path_100_to_300
2064,2102394.962765056,297,P1_outputs_path_100_to_300
2065,2252165.223089356,297,P1_outputs_path_100_to_300
2066,2282678.482404596,297,P1_outputs_path_100_to_300
2067,2307078.320585422,297,P1_outputs_path_100_to_300
2068,2310679.748991434,297,P1_outputs_path_100_to_300
2069,2332364.158140106,297,P1_outputs_path_100_to_300
2070,2422661.323194356,297,P1_outputs_path_100_to_300
2071,2445080.1185143604,297,P1_outputs_path_100_to_300
2072,2570354.685135311,297,P1_outputs_path_100_to_300
2073,2705658.817344458,297,P1_outputs_path_100_to_300
2074,797719.4367700235,297,P1_outputs_path_100_to_300
2075,,297,P1_outputs_path_100_to_300
2025,0.0,298,P1_outputs_path_100_to_300
2026,70503.74974945285,298,P1_outputs_path_100_to_300
2027,128405.68945352903,298,P1_outputs_path_100_to_300
2028,183078.1608051359,298,P1_outputs_path_100_to_300
2029,221553.81581654644,298,P1_outputs_path_100_to_300
2030,282464.84504470386,298,P1_outputs_path_100_to_300
2031,380835.4558227579,298,P1_outputs_path_100_to_300
2032,430447.6779706712,298,P1_outputs_path_100_to_300
2033,370345.293201018,298,P1_outputs_path_100_to_300
2034,468540.8780742488,298,P1_outputs_path_100_to_300
2035,576516.3162133986,298,P1_outputs_path_100_to_300
2036,657057.7576509037,298,P1_outputs_path_100_to_300
2037,711676.9173520502,298,P1_outputs_path_100_to_300
2038,697738.7937612965,298,P1_outputs_path_100_to_300
2039,894279.9778724099,298,P1_outputs_path_100_to_300
2040,1132330.5592162262,298,P1_outputs_path_100_to_300
2041,1170768.9861358942,298,P1_outputs_path_100_to_300
2042,935960.9524509332,298,P1_outputs_path_100_to_300
2043,966613.8460906192,298,P1_outputs_path_100_to_300
2044,1103544.800997919,298,P1_outputs_path_100_to_300
2045,1380825.095349318,298,P1_outputs_path_100_to_300
2046,1406219.7502889112,298,P1_outputs_path_100_to_300
2047,1550782.958411906,298,P1_outputs_path_100_to_300
2048,1835608.9159702263,298,P1_outputs_path_100_to_300
2049,1835760.6349402757,298,P1_outputs_path_100_to_300
2050,1824914.2752955945,298,P1_outputs_path_100_to_300
2051,1782945.971909273,298,P1_outputs_path_100_to_300
2052,2031542.6700262115,298,P1_outputs_path_100_to_300
2053,2134678.665067224,298,P1_outputs_path_100_to_300
2054,2272354.970954062,298,P1_outputs_path_100_to_300
2055,2390652.461605271,298,P1_outputs_path_100_to_300
2056,2491704.8712206814,298,P1_outputs_path_100_to_300
2057,2542297.337887912,298,P1_outputs_path_100_to_300
2058,2576359.1338261864,298,P1_outputs_path_100_to_300
2059,2600240.976025654,298,P1_outputs_path_100_to_300
2060,2778105.389433314,298,P1_outputs_path_100_to_300
2061,2974629.7934203604,298,P1_outputs_path_100_to_300
2062,2836628.1736924225,298,P1_outputs_path_100_to_300
2063,2931472.911944419,298,P1_outputs_path_100_to_300
2064,2742512.414061741,298,P1_outputs_path_100_to_300
2065,2669842.409661643,298,P1_outputs_path_100_to_300
2066,2651985.40706426,298,P1_outputs_path_100_to_300
2067,2864816.326278055,298,P1_outputs_path_100_to_300
2068,2821806.9110365305,298,P1_outputs_path_100_to_300
2069,2962312.132246523,298,P1_outputs_path_100_to_300
2070,3244953.5273387874,298,P1_outputs_path_100_to_300
2071,3383442.923698122,298,P1_outputs_path_100_to_300
2072,3488005.301958498,298,P1_outputs_path_100_to_300
2073,3453836.9213117226,298,P1_outputs_path_100_to_300
2074,1624447.1810273312,298,P1_outputs_path_100_to_300
2075,,298,P1_outputs_path_100_to_300
2025,0.0,299,P1_outputs_path_100_to_300
2026,47472.66652818488,299,P1_outputs_path_100_to_300
2027,117844.73987680832,299,P1_outputs_path_100_to_300
2028,172304.02714931936,299,P1_outputs_path_100_to_300
2029,255515.2117596449,299,P1_outputs_path_100_to_300
2030,303674.65332262043,299,P1_outputs_path_100_to_300
2031,418534.4734550513,299,P1_outputs_path_100_to_300
2032,464834.3913475429,299,P1_outputs_path_100_to_300
2033,556808.1000394586,299,P1_outputs_path_100_to_300
2034,719717.1947758929,299,P1_outputs_path_100_to_300
2035,891731.5589997055,299,P1_outputs_path_100_to_300
2036,1033593.809152882,299,P1_outputs_path_100_to_300
2037,1130403.124268776,299,P1_outputs_path_100_to_300
2038,1417393.5593275349,299,P1_outputs_path_100_to_300
2039,1519992.8179681776,299,P1_outputs_path_100_to_300
2040,1828899.31819012,299,P1_outputs_path_100_to_300
2041,1897612.870889148,299,P1_outputs_path_100_to_300
2042,1754205.4548875457,299,P1_outputs_path_100_to_300
2043,1940821.47474402,299,P1_outputs_path_100_to_300
2044,2010985.941299656,299,P1_outputs_path_100_to_300
2045,1993897.0453574376,299,P1_outputs_path_100_to_300
2046,2010497.5097933896,299,P1_outputs_path_100_to_300
2047,2098317.7062459425,299,P1_outputs_path_100_to_300
2048,2028539.451060788,299,P1_outputs_path_100_to_300
2049,2040561.0106527912,299,P1_outputs_path_100_to_300
2050,2172356.6192707373,299,P1_outputs_path_100_to_300
2051,2231229.68445029,299,P1_outputs_path_100_to_300
2052,2259779.4719327725,299,P1_outputs_path_100_to_300
2053,2249121.3989519705,299,P1_outputs_path_100_to_300
2054,2468102.2529503843,299,P1_outputs_path_100_to_300
2055,2572141.867398472,299,P1_outputs_path_100_to_300
2056,2601005.557787429,299,P1_outputs_path_100_to_300
2057,2727619.9193422496,299,P1_outputs_path_100_to_300
2058,2829574.871458553,299,P1_outputs_path_100_to_300
2059,2956766.611902497,299,P1_outputs_path_100_to_300
2060,2947171.683213203,299,P1_outputs_path_100_to_300
2061,2810019.6587877334,299,P1_outputs_path_100_to_300
2062,2911965.7303628745,299,P1_outputs_path_100_to_300
2063,2903956.817219735,299,P1_outputs_path_100_to_300
2064,2901837.5407845024,299,P1_outputs_path_100_to_300
2065,3108953.5759610934,299,P1_outputs_path_100_to_300
2066,3036671.5227256506,299,P1_outputs_path_100_to_300
2067,3222976.7471611965,299,P1_outputs_path_100_to_300
2068,3307079.165393804,299,P1_outputs_path_100_to_300
2069,3493200.7073923904,299,P1_outputs_path_100_to_300
2070,3400423.9879349805,299,P1_outputs_path_100_to_300
2071,3451673.619261562,299,P1_outputs_path_100_to_300
2072,3348992.6651810333,299,P1_outputs_path_100_to_300
2073,3329351.991622169,299,P1_outputs_path_100_to_300
2074,1518108.142351093,299,P1_outputs_path_100_to_300
2075,,299,P1_outputs_path_100_to_300
