Year,Final Wealth,Path_ID,source_folder
2025,185694.9788240331,0,P2_outputs_path_0_to_50
2026,211700.66522566276,0,P2_outputs_path_0_to_50
2027,375544.85556230845,0,P2_outputs_path_0_to_50
2028,486965.1879172069,0,P2_outputs_path_0_to_50
2029,517271.748873608,0,P2_outputs_path_0_to_50
2030,646641.7364695991,0,P2_outputs_path_0_to_50
2031,710767.9059519036,0,P2_outputs_path_0_to_50
2032,800935.3509882424,0,P2_outputs_path_0_to_50
2033,886756.6236324357,0,P2_outputs_path_0_to_50
2034,325333.0863551067,0,P2_outputs_path_0_to_50
2035,476587.1961081813,0,P2_outputs_path_0_to_50
2036,502623.10288188106,0,P2_outputs_path_0_to_50
2037,689411.6469387801,0,P2_outputs_path_0_to_50
2038,1007487.98738549,0,P2_outputs_path_0_to_50
2039,1034663.1275243944,0,P2_outputs_path_0_to_50
2040,882826.1645698836,0,P2_outputs_path_0_to_50
2041,968269.8236769006,0,P2_outputs_path_0_to_50
2042,1104261.641412601,0,P2_outputs_path_0_to_50
2043,1042961.5317968338,0,P2_outputs_path_0_to_50
2044,1248093.649034228,0,P2_outputs_path_0_to_50
2045,1402323.0633440532,0,P2_outputs_path_0_to_50
2046,1865278.2309897577,0,P2_outputs_path_0_to_50
2047,1782858.123780673,0,P2_outputs_path_0_to_50
2048,2211668.369108564,0,P2_outputs_path_0_to_50
2049,2601823.842199487,0,P2_outputs_path_0_to_50
2050,2617221.814816126,0,P2_outputs_path_0_to_50
2051,2703344.842319885,0,P2_outputs_path_0_to_50
2052,2899181.456995604,0,P2_outputs_path_0_to_50
2053,3516128.230901802,0,P2_outputs_path_0_to_50
2054,3336432.627494219,0,P2_outputs_path_0_to_50
2055,3551798.7421607487,0,P2_outputs_path_0_to_50
2056,2858810.3441675035,0,P2_outputs_path_0_to_50
2057,3012477.4352591736,0,P2_outputs_path_0_to_50
2058,3320110.581936207,0,P2_outputs_path_0_to_50
2059,0.0,0,P2_outputs_path_0_to_50
2060,142499.32174493332,0,P2_outputs_path_0_to_50
2061,152453.80363054332,0,P2_outputs_path_0_to_50
2062,156805.45639082,0,P2_outputs_path_0_to_50
2063,166488.77442280317,0,P2_outputs_path_0_to_50
2064,154881.3239067228,0,P2_outputs_path_0_to_50
2065,150073.42957379113,0,P2_outputs_path_0_to_50
2066,145774.3551419711,0,P2_outputs_path_0_to_50
2067,151848.1099196994,0,P2_outputs_path_0_to_50
2068,141039.77154325086,0,P2_outputs_path_0_to_50
2069,141675.59936866065,0,P2_outputs_path_0_to_50
2070,175602.32876109148,0,P2_outputs_path_0_to_50
2071,177838.414867758,0,P2_outputs_path_0_to_50
2072,183203.9031255108,0,P2_outputs_path_0_to_50
2073,172263.79023908835,0,P2_outputs_path_0_to_50
2074,179504.50873393257,0,P2_outputs_path_0_to_50
2075,,0,P2_outputs_path_0_to_50
2025,220953.22702550012,1,P2_outputs_path_0_to_50
2026,343200.37032927765,1,P2_outputs_path_0_to_50
2027,449483.9212184151,1,P2_outputs_path_0_to_50
2028,527016.6155766224,1,P2_outputs_path_0_to_50
2029,517325.5755279582,1,P2_outputs_path_0_to_50
2030,633310.845280216,1,P2_outputs_path_0_to_50
2031,769651.3457990326,1,P2_outputs_path_0_to_50
2032,876425.3761444375,1,P2_outputs_path_0_to_50
2033,975899.7188359122,1,P2_outputs_path_0_to_50
2034,400255.8160660919,1,P2_outputs_path_0_to_50
2035,499512.68104292726,1,P2_outputs_path_0_to_50
2036,727657.0213109399,1,P2_outputs_path_0_to_50
2037,939481.542990363,1,P2_outputs_path_0_to_50
2038,750467.4345981336,1,P2_outputs_path_0_to_50
2039,1090375.418259925,1,P2_outputs_path_0_to_50
2040,1299225.5624338037,1,P2_outputs_path_0_to_50
2041,1081394.6053916204,1,P2_outputs_path_0_to_50
2042,1413370.2832500604,1,P2_outputs_path_0_to_50
2043,1356505.021135922,1,P2_outputs_path_0_to_50
2044,1709876.2031599556,1,P2_outputs_path_0_to_50
2045,2533454.005946577,1,P2_outputs_path_0_to_50
2046,3137602.601545955,1,P2_outputs_path_0_to_50
2047,2923033.9388166484,1,P2_outputs_path_0_to_50
2048,3110634.9033337818,1,P2_outputs_path_0_to_50
2049,3447546.9900525548,1,P2_outputs_path_0_to_50
2050,3624096.5443241103,1,P2_outputs_path_0_to_50
2051,3540460.195696892,1,P2_outputs_path_0_to_50
2052,3769387.268095808,1,P2_outputs_path_0_to_50
2053,4059111.484635207,1,P2_outputs_path_0_to_50
2054,3682191.653756202,1,P2_outputs_path_0_to_50
2055,3852838.0758342864,1,P2_outputs_path_0_to_50
2056,4443916.046729326,1,P2_outputs_path_0_to_50
2057,4419645.310267958,1,P2_outputs_path_0_to_50
2058,4476955.730416606,1,P2_outputs_path_0_to_50
2059,45144.90985207632,1,P2_outputs_path_0_to_50
2060,213978.2703221787,1,P2_outputs_path_0_to_50
2061,232647.21562452943,1,P2_outputs_path_0_to_50
2062,231191.72794659247,1,P2_outputs_path_0_to_50
2063,238700.2144650624,1,P2_outputs_path_0_to_50
2064,210261.81477372945,1,P2_outputs_path_0_to_50
2065,224144.27830494425,1,P2_outputs_path_0_to_50
2066,231427.71796903457,1,P2_outputs_path_0_to_50
2067,247880.85465420305,1,P2_outputs_path_0_to_50
2068,237878.67937645785,1,P2_outputs_path_0_to_50
2069,243506.44148622523,1,P2_outputs_path_0_to_50
2070,234321.4435042236,1,P2_outputs_path_0_to_50
2071,243741.31135538573,1,P2_outputs_path_0_to_50
2072,255044.82860118916,1,P2_outputs_path_0_to_50
2073,216558.18223219347,1,P2_outputs_path_0_to_50
2074,230478.09094546677,1,P2_outputs_path_0_to_50
2075,,1,P2_outputs_path_0_to_50
2025,188732.96593954173,2,P2_outputs_path_0_to_50
2026,264298.99279955577,2,P2_outputs_path_0_to_50
2027,393193.04123498,2,P2_outputs_path_0_to_50
2028,562846.0953627483,2,P2_outputs_path_0_to_50
2029,481629.760022308,2,P2_outputs_path_0_to_50
2030,531438.3422790179,2,P2_outputs_path_0_to_50
2031,499557.12908593327,2,P2_outputs_path_0_to_50
2032,519275.0435600126,2,P2_outputs_path_0_to_50
2033,483150.5074503846,2,P2_outputs_path_0_to_50
2034,594559.4832179605,2,P2_outputs_path_0_to_50
2035,474859.1589784883,2,P2_outputs_path_0_to_50
2036,596950.9137179949,2,P2_outputs_path_0_to_50
2037,581519.3206710238,2,P2_outputs_path_0_to_50
2038,662253.4673964794,2,P2_outputs_path_0_to_50
2039,959016.9600526672,2,P2_outputs_path_0_to_50
2040,996035.4210101864,2,P2_outputs_path_0_to_50
2041,932292.499554098,2,P2_outputs_path_0_to_50
2042,1103035.998549655,2,P2_outputs_path_0_to_50
2043,1345714.2183539637,2,P2_outputs_path_0_to_50
2044,1663798.8851183625,2,P2_outputs_path_0_to_50
2045,2084217.052020738,2,P2_outputs_path_0_to_50
2046,2462432.7378284866,2,P2_outputs_path_0_to_50
2047,2105693.7298583607,2,P2_outputs_path_0_to_50
2048,2508663.288051991,2,P2_outputs_path_0_to_50
2049,2791565.433418396,2,P2_outputs_path_0_to_50
2050,2892593.277779727,2,P2_outputs_path_0_to_50
2051,3421444.1136078024,2,P2_outputs_path_0_to_50
2052,3196583.218991569,2,P2_outputs_path_0_to_50
2053,3899462.548468486,2,P2_outputs_path_0_to_50
2054,4175503.610510419,2,P2_outputs_path_0_to_50
2055,3867358.0282310247,2,P2_outputs_path_0_to_50
2056,4849923.344944006,2,P2_outputs_path_0_to_50
2057,4643542.029765016,2,P2_outputs_path_0_to_50
2058,4765089.201177976,2,P2_outputs_path_0_to_50
2059,731894.6965146037,2,P2_outputs_path_0_to_50
2060,850843.2567287342,2,P2_outputs_path_0_to_50
2061,870111.18683199,2,P2_outputs_path_0_to_50
2062,904264.3187330216,2,P2_outputs_path_0_to_50
2063,924154.3420441648,2,P2_outputs_path_0_to_50
2064,934740.7848742708,2,P2_outputs_path_0_to_50
2065,949048.691946411,2,P2_outputs_path_0_to_50
2066,987677.2602745956,2,P2_outputs_path_0_to_50
2067,988231.1025851418,2,P2_outputs_path_0_to_50
2068,987354.501553352,2,P2_outputs_path_0_to_50
2069,916064.310332562,2,P2_outputs_path_0_to_50
2070,782800.1828271121,2,P2_outputs_path_0_to_50
2071,789836.8704948502,2,P2_outputs_path_0_to_50
2072,750246.3931923801,2,P2_outputs_path_0_to_50
2073,754787.3153823474,2,P2_outputs_path_0_to_50
2074,715132.4563545659,2,P2_outputs_path_0_to_50
2075,,2,P2_outputs_path_0_to_50
2025,203931.77436462103,3,P2_outputs_path_0_to_50
2026,265404.71749020065,3,P2_outputs_path_0_to_50
2027,468968.5950213905,3,P2_outputs_path_0_to_50
2028,683379.0804281698,3,P2_outputs_path_0_to_50
2029,910503.155366313,3,P2_outputs_path_0_to_50
2030,906254.581651571,3,P2_outputs_path_0_to_50
2031,988131.2008448446,3,P2_outputs_path_0_to_50
2032,1141255.205099539,3,P2_outputs_path_0_to_50
2033,1211102.157730273,3,P2_outputs_path_0_to_50
2034,753234.8238824322,3,P2_outputs_path_0_to_50
2035,786575.1581160652,3,P2_outputs_path_0_to_50
2036,1008077.6556134257,3,P2_outputs_path_0_to_50
2037,1209899.933468166,3,P2_outputs_path_0_to_50
2038,1468202.0628196162,3,P2_outputs_path_0_to_50
2039,1833211.822367329,3,P2_outputs_path_0_to_50
2040,2143497.517439852,3,P2_outputs_path_0_to_50
2041,2612754.7827847786,3,P2_outputs_path_0_to_50
2042,2843376.566453619,3,P2_outputs_path_0_to_50
2043,2924406.6602647523,3,P2_outputs_path_0_to_50
2044,3420439.0964156664,3,P2_outputs_path_0_to_50
2045,4001573.149019533,3,P2_outputs_path_0_to_50
2046,4291159.793233815,3,P2_outputs_path_0_to_50
2047,4227217.355942842,3,P2_outputs_path_0_to_50
2048,4212804.255149624,3,P2_outputs_path_0_to_50
2049,4332388.103310945,3,P2_outputs_path_0_to_50
2050,4450999.662624352,3,P2_outputs_path_0_to_50
2051,4174179.569406633,3,P2_outputs_path_0_to_50
2052,3976572.268106271,3,P2_outputs_path_0_to_50
2053,3554978.470461621,3,P2_outputs_path_0_to_50
2054,3438745.6171329767,3,P2_outputs_path_0_to_50
2055,3283709.8088194355,3,P2_outputs_path_0_to_50
2056,3473394.3174510715,3,P2_outputs_path_0_to_50
2057,4019139.015881512,3,P2_outputs_path_0_to_50
2058,3834694.733252408,3,P2_outputs_path_0_to_50
2059,0.0,3,P2_outputs_path_0_to_50
2060,140340.30196759908,3,P2_outputs_path_0_to_50
2061,129469.31353078582,3,P2_outputs_path_0_to_50
2062,135053.62934019486,3,P2_outputs_path_0_to_50
2063,129095.60737442011,3,P2_outputs_path_0_to_50
2064,147303.56162102445,3,P2_outputs_path_0_to_50
2065,139125.55900130168,3,P2_outputs_path_0_to_50
2066,141316.33217032556,3,P2_outputs_path_0_to_50
2067,142447.82822525615,3,P2_outputs_path_0_to_50
2068,141913.94151575275,3,P2_outputs_path_0_to_50
2069,149358.44428647473,3,P2_outputs_path_0_to_50
2070,154242.52455115676,3,P2_outputs_path_0_to_50
2071,157983.6024183277,3,P2_outputs_path_0_to_50
2072,161379.98431859026,3,P2_outputs_path_0_to_50
2073,194726.90015755643,3,P2_outputs_path_0_to_50
2074,194021.95095742217,3,P2_outputs_path_0_to_50
2075,,3,P2_outputs_path_0_to_50
2025,180357.5313797131,4,P2_outputs_path_0_to_50
2026,247231.98584348007,4,P2_outputs_path_0_to_50
2027,322238.1444627389,4,P2_outputs_path_0_to_50
2028,532644.2990529941,4,P2_outputs_path_0_to_50
2029,500097.3079181347,4,P2_outputs_path_0_to_50
2030,566132.5707037597,4,P2_outputs_path_0_to_50
2031,841864.2072798356,4,P2_outputs_path_0_to_50
2032,920511.3238764482,4,P2_outputs_path_0_to_50
2033,942618.9786531124,4,P2_outputs_path_0_to_50
2034,417988.46991781937,4,P2_outputs_path_0_to_50
2035,601296.9678163691,4,P2_outputs_path_0_to_50
2036,604480.5335111088,4,P2_outputs_path_0_to_50
2037,805068.1418640234,4,P2_outputs_path_0_to_50
2038,767965.6378468793,4,P2_outputs_path_0_to_50
2039,906375.9284890874,4,P2_outputs_path_0_to_50
2040,746528.3163942802,4,P2_outputs_path_0_to_50
2041,881221.2938081404,4,P2_outputs_path_0_to_50
2042,1174724.5008222298,4,P2_outputs_path_0_to_50
2043,1593166.3665560484,4,P2_outputs_path_0_to_50
2044,1784758.763542486,4,P2_outputs_path_0_to_50
2045,2153551.6479038843,4,P2_outputs_path_0_to_50
2046,2156367.677729584,4,P2_outputs_path_0_to_50
2047,2445344.579407459,4,P2_outputs_path_0_to_50
2048,2088796.7172478477,4,P2_outputs_path_0_to_50
2049,2427020.370503868,4,P2_outputs_path_0_to_50
2050,2653941.3424450248,4,P2_outputs_path_0_to_50
2051,2209428.4469459667,4,P2_outputs_path_0_to_50
2052,2342637.689863387,4,P2_outputs_path_0_to_50
2053,2092830.2582227665,4,P2_outputs_path_0_to_50
2054,2418336.1481360206,4,P2_outputs_path_0_to_50
2055,2749653.2500484,4,P2_outputs_path_0_to_50
2056,2185521.835162437,4,P2_outputs_path_0_to_50
2057,2610201.667617608,4,P2_outputs_path_0_to_50
2058,2637797.5257925875,4,P2_outputs_path_0_to_50
2059,0.0,4,P2_outputs_path_0_to_50
2060,150182.96870406278,4,P2_outputs_path_0_to_50
2061,162299.9168752759,4,P2_outputs_path_0_to_50
2062,178168.0318149027,4,P2_outputs_path_0_to_50
2063,191745.9973449869,4,P2_outputs_path_0_to_50
2064,179589.59939003122,4,P2_outputs_path_0_to_50
2065,180203.20959048253,4,P2_outputs_path_0_to_50
2066,186454.240350546,4,P2_outputs_path_0_to_50
2067,189764.24243463544,4,P2_outputs_path_0_to_50
2068,216585.1140613362,4,P2_outputs_path_0_to_50
2069,222858.9879114888,4,P2_outputs_path_0_to_50
2070,215956.0709636421,4,P2_outputs_path_0_to_50
2071,205560.10205914857,4,P2_outputs_path_0_to_50
2072,189155.94755972573,4,P2_outputs_path_0_to_50
2073,183712.9641463926,4,P2_outputs_path_0_to_50
2074,174635.1861271277,4,P2_outputs_path_0_to_50
2075,,4,P2_outputs_path_0_to_50
2025,186245.8252786334,5,P2_outputs_path_0_to_50
2026,259262.55040216263,5,P2_outputs_path_0_to_50
2027,356005.7385921304,5,P2_outputs_path_0_to_50
2028,465617.8992972439,5,P2_outputs_path_0_to_50
2029,482261.4605267471,5,P2_outputs_path_0_to_50
2030,594875.7159031613,5,P2_outputs_path_0_to_50
2031,671169.9313702392,5,P2_outputs_path_0_to_50
2032,824874.8578933901,5,P2_outputs_path_0_to_50
2033,962472.259258592,5,P2_outputs_path_0_to_50
2034,338441.48159455275,5,P2_outputs_path_0_to_50
2035,552476.8604705406,5,P2_outputs_path_0_to_50
2036,689723.13158384,5,P2_outputs_path_0_to_50
2037,898225.6218330478,5,P2_outputs_path_0_to_50
2038,1124461.4365903295,5,P2_outputs_path_0_to_50
2039,1321724.7925404846,5,P2_outputs_path_0_to_50
2040,1541285.0995555578,5,P2_outputs_path_0_to_50
2041,1623659.0432405856,5,P2_outputs_path_0_to_50
2042,1902946.2132284136,5,P2_outputs_path_0_to_50
2043,1922639.2190682653,5,P2_outputs_path_0_to_50
2044,2161004.1853933693,5,P2_outputs_path_0_to_50
2045,2391358.447967497,5,P2_outputs_path_0_to_50
2046,2575802.064328579,5,P2_outputs_path_0_to_50
2047,2428461.454533427,5,P2_outputs_path_0_to_50
2048,2438188.875884017,5,P2_outputs_path_0_to_50
2049,2895708.3984465376,5,P2_outputs_path_0_to_50
2050,3287120.2487214766,5,P2_outputs_path_0_to_50
2051,3358205.7202886096,5,P2_outputs_path_0_to_50
2052,3586064.7135806344,5,P2_outputs_path_0_to_50
2053,3788026.059155894,5,P2_outputs_path_0_to_50
2054,4540958.449126681,5,P2_outputs_path_0_to_50
2055,4606432.4042481845,5,P2_outputs_path_0_to_50
2056,4474335.897011749,5,P2_outputs_path_0_to_50
2057,4676091.250012159,5,P2_outputs_path_0_to_50
2058,4915917.691637475,5,P2_outputs_path_0_to_50
2059,754074.9454388218,5,P2_outputs_path_0_to_50
2060,958164.861758061,5,P2_outputs_path_0_to_50
2061,962145.936183422,5,P2_outputs_path_0_to_50
2062,970008.1202184536,5,P2_outputs_path_0_to_50
2063,983635.5119643856,5,P2_outputs_path_0_to_50
2064,1094419.1063877898,5,P2_outputs_path_0_to_50
2065,1161950.4231846104,5,P2_outputs_path_0_to_50
2066,1177354.2736064906,5,P2_outputs_path_0_to_50
2067,1205762.254573665,5,P2_outputs_path_0_to_50
2068,1219619.6740197518,5,P2_outputs_path_0_to_50
2069,1180348.650321342,5,P2_outputs_path_0_to_50
2070,1239246.026683504,5,P2_outputs_path_0_to_50
2071,1395571.6170737024,5,P2_outputs_path_0_to_50
2072,1327054.9146612608,5,P2_outputs_path_0_to_50
2073,1214043.6831515774,5,P2_outputs_path_0_to_50
2074,1147088.8154755414,5,P2_outputs_path_0_to_50
2075,,5,P2_outputs_path_0_to_50
2025,199846.9031134008,6,P2_outputs_path_0_to_50
2026,282525.1637918774,6,P2_outputs_path_0_to_50
2027,413448.6470538857,6,P2_outputs_path_0_to_50
2028,480425.9038804146,6,P2_outputs_path_0_to_50
2029,430065.2288419103,6,P2_outputs_path_0_to_50
2030,486752.39336295245,6,P2_outputs_path_0_to_50
2031,646804.5129140603,6,P2_outputs_path_0_to_50
2032,769944.7192286389,6,P2_outputs_path_0_to_50
2033,880889.5538933806,6,P2_outputs_path_0_to_50
2034,276014.51820846123,6,P2_outputs_path_0_to_50
2035,377088.5042755994,6,P2_outputs_path_0_to_50
2036,650985.1620700628,6,P2_outputs_path_0_to_50
2037,699239.615852763,6,P2_outputs_path_0_to_50
2038,991073.6407830062,6,P2_outputs_path_0_to_50
2039,930178.9859871377,6,P2_outputs_path_0_to_50
2040,1138433.932582511,6,P2_outputs_path_0_to_50
2041,1397363.5862049337,6,P2_outputs_path_0_to_50
2042,1033940.8453066336,6,P2_outputs_path_0_to_50
2043,1133111.1772148677,6,P2_outputs_path_0_to_50
2044,1348587.5618816142,6,P2_outputs_path_0_to_50
2045,1861290.880466516,6,P2_outputs_path_0_to_50
2046,2057748.8558418085,6,P2_outputs_path_0_to_50
2047,2601453.7530383854,6,P2_outputs_path_0_to_50
2048,2403576.519768654,6,P2_outputs_path_0_to_50
2049,3053627.326915928,6,P2_outputs_path_0_to_50
2050,3852660.4272167888,6,P2_outputs_path_0_to_50
2051,4811781.58685624,6,P2_outputs_path_0_to_50
2052,4829572.711033453,6,P2_outputs_path_0_to_50
2053,5000840.302306101,6,P2_outputs_path_0_to_50
2054,4871672.735535215,6,P2_outputs_path_0_to_50
2055,4482690.83391078,6,P2_outputs_path_0_to_50
2056,4677790.328857786,6,P2_outputs_path_0_to_50
2057,4370905.565347929,6,P2_outputs_path_0_to_50
2058,4576577.265270127,6,P2_outputs_path_0_to_50
2059,219269.9216287434,6,P2_outputs_path_0_to_50
2060,357585.3201844042,6,P2_outputs_path_0_to_50
2061,327184.9291361328,6,P2_outputs_path_0_to_50
2062,348173.28960983065,6,P2_outputs_path_0_to_50
2063,361295.3226371385,6,P2_outputs_path_0_to_50
2064,344726.2686712956,6,P2_outputs_path_0_to_50
2065,385990.7090934666,6,P2_outputs_path_0_to_50
2066,387270.2208044202,6,P2_outputs_path_0_to_50
2067,406389.7604051666,6,P2_outputs_path_0_to_50
2068,407578.4606121795,6,P2_outputs_path_0_to_50
2069,442604.541217113,6,P2_outputs_path_0_to_50
2070,464930.03447521455,6,P2_outputs_path_0_to_50
2071,488215.9259793449,6,P2_outputs_path_0_to_50
2072,486349.7377700004,6,P2_outputs_path_0_to_50
2073,464764.7793335512,6,P2_outputs_path_0_to_50
2074,486222.96332774207,6,P2_outputs_path_0_to_50
2075,,6,P2_outputs_path_0_to_50
2025,196058.5163824152,7,P2_outputs_path_0_to_50
2026,425076.7889878549,7,P2_outputs_path_0_to_50
2027,648440.5962358983,7,P2_outputs_path_0_to_50
2028,728989.817937293,7,P2_outputs_path_0_to_50
2029,748126.4802274351,7,P2_outputs_path_0_to_50
2030,806537.6233922679,7,P2_outputs_path_0_to_50
2031,892518.0508385187,7,P2_outputs_path_0_to_50
2032,996064.4116310632,7,P2_outputs_path_0_to_50
2033,1191460.8873710916,7,P2_outputs_path_0_to_50
2034,619397.0256494167,7,P2_outputs_path_0_to_50
2035,899727.4629859466,7,P2_outputs_path_0_to_50
2036,1140656.8084589024,7,P2_outputs_path_0_to_50
2037,1464236.6539843648,7,P2_outputs_path_0_to_50
2038,1117121.095117253,7,P2_outputs_path_0_to_50
2039,1390511.498284873,7,P2_outputs_path_0_to_50
2040,1489686.4569885875,7,P2_outputs_path_0_to_50
2041,1805647.4860948916,7,P2_outputs_path_0_to_50
2042,1391008.244300878,7,P2_outputs_path_0_to_50
2043,1682275.1347323458,7,P2_outputs_path_0_to_50
2044,1896479.4870065933,7,P2_outputs_path_0_to_50
2045,2020567.659961841,7,P2_outputs_path_0_to_50
2046,1834520.4718251333,7,P2_outputs_path_0_to_50
2047,2542396.7445494374,7,P2_outputs_path_0_to_50
2048,2458030.709008127,7,P2_outputs_path_0_to_50
2049,2172673.9397898978,7,P2_outputs_path_0_to_50
2050,2245681.159566178,7,P2_outputs_path_0_to_50
2051,2904455.059437605,7,P2_outputs_path_0_to_50
2052,3565819.6829884807,7,P2_outputs_path_0_to_50
2053,3944107.8628383246,7,P2_outputs_path_0_to_50
2054,4629559.49062198,7,P2_outputs_path_0_to_50
2055,4727575.842495438,7,P2_outputs_path_0_to_50
2056,4849595.168675169,7,P2_outputs_path_0_to_50
2057,5097809.596709525,7,P2_outputs_path_0_to_50
2058,4809220.034508247,7,P2_outputs_path_0_to_50
2059,475956.9701406937,7,P2_outputs_path_0_to_50
2060,690066.7097984906,7,P2_outputs_path_0_to_50
2061,694827.2161519451,7,P2_outputs_path_0_to_50
2062,623701.3209199435,7,P2_outputs_path_0_to_50
2063,640286.2518254232,7,P2_outputs_path_0_to_50
2064,640129.9013036534,7,P2_outputs_path_0_to_50
2065,706420.795176197,7,P2_outputs_path_0_to_50
2066,711260.5114273883,7,P2_outputs_path_0_to_50
2067,701575.0319478447,7,P2_outputs_path_0_to_50
2068,754698.8130841418,7,P2_outputs_path_0_to_50
2069,729893.0912640595,7,P2_outputs_path_0_to_50
2070,722509.4403599014,7,P2_outputs_path_0_to_50
2071,708792.1883420761,7,P2_outputs_path_0_to_50
2072,784148.8391875196,7,P2_outputs_path_0_to_50
2073,784667.0973629551,7,P2_outputs_path_0_to_50
2074,853173.060786567,7,P2_outputs_path_0_to_50
2075,,7,P2_outputs_path_0_to_50
2025,185527.99975235105,8,P2_outputs_path_0_to_50
2026,355629.3305503081,8,P2_outputs_path_0_to_50
2027,362023.1773999533,8,P2_outputs_path_0_to_50
2028,503223.6546607793,8,P2_outputs_path_0_to_50
2029,662999.5223469851,8,P2_outputs_path_0_to_50
2030,772061.3507245552,8,P2_outputs_path_0_to_50
2031,828633.9708761021,8,P2_outputs_path_0_to_50
2032,939891.4640577112,8,P2_outputs_path_0_to_50
2033,1117356.3684679407,8,P2_outputs_path_0_to_50
2034,564346.8799819797,8,P2_outputs_path_0_to_50
2035,725104.8210743052,8,P2_outputs_path_0_to_50
2036,1013433.9769286176,8,P2_outputs_path_0_to_50
2037,1132657.6523834353,8,P2_outputs_path_0_to_50
2038,1459660.8460041622,8,P2_outputs_path_0_to_50
2039,1916492.82698407,8,P2_outputs_path_0_to_50
2040,1858551.3883266964,8,P2_outputs_path_0_to_50
2041,2063168.2909632488,8,P2_outputs_path_0_to_50
2042,1441495.416873975,8,P2_outputs_path_0_to_50
2043,1875483.371421316,8,P2_outputs_path_0_to_50
2044,1873867.8087620544,8,P2_outputs_path_0_to_50
2045,1888201.334463664,8,P2_outputs_path_0_to_50
2046,2421900.8738016654,8,P2_outputs_path_0_to_50
2047,2170731.015366873,8,P2_outputs_path_0_to_50
2048,2446108.140774293,8,P2_outputs_path_0_to_50
2049,2880395.859774696,8,P2_outputs_path_0_to_50
2050,3085690.315989512,8,P2_outputs_path_0_to_50
2051,3486022.977909746,8,P2_outputs_path_0_to_50
2052,3843193.797394822,8,P2_outputs_path_0_to_50
2053,3238844.664679876,8,P2_outputs_path_0_to_50
2054,2954753.823200593,8,P2_outputs_path_0_to_50
2055,3597767.144398598,8,P2_outputs_path_0_to_50
2056,3693808.2592148497,8,P2_outputs_path_0_to_50
2057,4599697.036416826,8,P2_outputs_path_0_to_50
2058,4676326.04981254,8,P2_outputs_path_0_to_50
2059,197570.51905107684,8,P2_outputs_path_0_to_50
2060,342718.7230304798,8,P2_outputs_path_0_to_50
2061,359207.6337392066,8,P2_outputs_path_0_to_50
2062,379055.7987110991,8,P2_outputs_path_0_to_50
2063,366949.35503141815,8,P2_outputs_path_0_to_50
2064,366672.23107241024,8,P2_outputs_path_0_to_50
2065,365247.30339207145,8,P2_outputs_path_0_to_50
2066,397355.6932290335,8,P2_outputs_path_0_to_50
2067,415561.7797367191,8,P2_outputs_path_0_to_50
2068,439817.3500105256,8,P2_outputs_path_0_to_50
2069,456179.47089437663,8,P2_outputs_path_0_to_50
2070,488967.42151722335,8,P2_outputs_path_0_to_50
2071,483838.20657285966,8,P2_outputs_path_0_to_50
2072,480832.8510518238,8,P2_outputs_path_0_to_50
2073,472328.65670432645,8,P2_outputs_path_0_to_50
2074,495773.8428783094,8,P2_outputs_path_0_to_50
2075,,8,P2_outputs_path_0_to_50
2025,232843.1394311863,9,P2_outputs_path_0_to_50
2026,341423.8963372301,9,P2_outputs_path_0_to_50
2027,413677.1717249992,9,P2_outputs_path_0_to_50
2028,436835.08642303874,9,P2_outputs_path_0_to_50
2029,368459.74711170496,9,P2_outputs_path_0_to_50
2030,432853.22468604014,9,P2_outputs_path_0_to_50
2031,406421.74708119605,9,P2_outputs_path_0_to_50
2032,488606.3806835984,9,P2_outputs_path_0_to_50
2033,708241.1466912684,9,P2_outputs_path_0_to_50
2034,136528.9712310346,9,P2_outputs_path_0_to_50
2035,258555.38345097128,9,P2_outputs_path_0_to_50
2036,384674.8586422262,9,P2_outputs_path_0_to_50
2037,503200.6140948844,9,P2_outputs_path_0_to_50
2038,1005385.1938862832,9,P2_outputs_path_0_to_50
2039,1309878.30331497,9,P2_outputs_path_0_to_50
2040,1150897.9937625478,9,P2_outputs_path_0_to_50
2041,1772550.2033740832,9,P2_outputs_path_0_to_50
2042,2259800.1996044083,9,P2_outputs_path_0_to_50
2043,2632504.2142718774,9,P2_outputs_path_0_to_50
2044,2495124.992933768,9,P2_outputs_path_0_to_50
2045,2638046.7749175355,9,P2_outputs_path_0_to_50
2046,2800407.028071292,9,P2_outputs_path_0_to_50
2047,2723411.423621089,9,P2_outputs_path_0_to_50
2048,2060449.361182124,9,P2_outputs_path_0_to_50
2049,1944884.025576991,9,P2_outputs_path_0_to_50
2050,2180252.4375922605,9,P2_outputs_path_0_to_50
2051,2720526.073439392,9,P2_outputs_path_0_to_50
2052,2905752.2149064955,9,P2_outputs_path_0_to_50
2053,3301906.86075238,9,P2_outputs_path_0_to_50
2054,3080738.5581094846,9,P2_outputs_path_0_to_50
2055,2887379.055831169,9,P2_outputs_path_0_to_50
2056,3544254.598859716,9,P2_outputs_path_0_to_50
2057,4548657.057353906,9,P2_outputs_path_0_to_50
2058,4639805.644590369,9,P2_outputs_path_0_to_50
2059,855453.432647882,9,P2_outputs_path_0_to_50
2060,959078.096278521,9,P2_outputs_path_0_to_50
2061,894248.7768959681,9,P2_outputs_path_0_to_50
2062,993681.9314137576,9,P2_outputs_path_0_to_50
2063,964465.3929350744,9,P2_outputs_path_0_to_50
2064,921848.13078203,9,P2_outputs_path_0_to_50
2065,907937.0312187294,9,P2_outputs_path_0_to_50
2066,849421.1678899637,9,P2_outputs_path_0_to_50
2067,824524.0150492524,9,P2_outputs_path_0_to_50
2068,832380.4210244224,9,P2_outputs_path_0_to_50
2069,891512.3703836176,9,P2_outputs_path_0_to_50
2070,935717.13641105,9,P2_outputs_path_0_to_50
2071,929504.4417355465,9,P2_outputs_path_0_to_50
2072,1139161.6257446893,9,P2_outputs_path_0_to_50
2073,1142202.0068605598,9,P2_outputs_path_0_to_50
2074,1224357.9128355335,9,P2_outputs_path_0_to_50
2075,,9,P2_outputs_path_0_to_50
2025,233520.01554983755,10,P2_outputs_path_0_to_50
2026,336099.1770266146,10,P2_outputs_path_0_to_50
2027,415572.8803769212,10,P2_outputs_path_0_to_50
2028,544346.2295907808,10,P2_outputs_path_0_to_50
2029,803114.6433518757,10,P2_outputs_path_0_to_50
2030,836130.638712903,10,P2_outputs_path_0_to_50
2031,821774.042226146,10,P2_outputs_path_0_to_50
2032,944337.3003564358,10,P2_outputs_path_0_to_50
2033,959415.9597702404,10,P2_outputs_path_0_to_50
2034,382756.4585441752,10,P2_outputs_path_0_to_50
2035,571554.4545067874,10,P2_outputs_path_0_to_50
2036,480441.490334628,10,P2_outputs_path_0_to_50
2037,498533.1285023048,10,P2_outputs_path_0_to_50
2038,622388.7106367896,10,P2_outputs_path_0_to_50
2039,853079.453987152,10,P2_outputs_path_0_to_50
2040,902307.40478053,10,P2_outputs_path_0_to_50
2041,809481.1356484873,10,P2_outputs_path_0_to_50
2042,644011.1956069497,10,P2_outputs_path_0_to_50
2043,840710.5154847079,10,P2_outputs_path_0_to_50
2044,1047012.2072050872,10,P2_outputs_path_0_to_50
2045,887557.2800758692,10,P2_outputs_path_0_to_50
2046,1310569.0365436047,10,P2_outputs_path_0_to_50
2047,1738190.4486456902,10,P2_outputs_path_0_to_50
2048,2407839.875194529,10,P2_outputs_path_0_to_50
2049,2976057.9149434757,10,P2_outputs_path_0_to_50
2050,3345254.029537433,10,P2_outputs_path_0_to_50
2051,3320265.618816758,10,P2_outputs_path_0_to_50
2052,3671319.9060699674,10,P2_outputs_path_0_to_50
2053,4210111.910418819,10,P2_outputs_path_0_to_50
2054,4592528.494766524,10,P2_outputs_path_0_to_50
2055,4537673.694354845,10,P2_outputs_path_0_to_50
2056,4654133.401872961,10,P2_outputs_path_0_to_50
2057,4411770.330095013,10,P2_outputs_path_0_to_50
2058,4478351.415777756,10,P2_outputs_path_0_to_50
2059,458108.2413917985,10,P2_outputs_path_0_to_50
2060,565024.0836893144,10,P2_outputs_path_0_to_50
2061,575590.1721695786,10,P2_outputs_path_0_to_50
2062,570345.8361666783,10,P2_outputs_path_0_to_50
2063,611359.2059461216,10,P2_outputs_path_0_to_50
2064,569567.0488285724,10,P2_outputs_path_0_to_50
2065,536302.1234037392,10,P2_outputs_path_0_to_50
2066,559356.243697773,10,P2_outputs_path_0_to_50
2067,507792.4579230337,10,P2_outputs_path_0_to_50
2068,556790.8971443444,10,P2_outputs_path_0_to_50
2069,533630.041191046,10,P2_outputs_path_0_to_50
2070,535970.9288983133,10,P2_outputs_path_0_to_50
2071,578107.6149756593,10,P2_outputs_path_0_to_50
2072,635111.0197088346,10,P2_outputs_path_0_to_50
2073,735147.6792255224,10,P2_outputs_path_0_to_50
2074,756335.113285317,10,P2_outputs_path_0_to_50
2075,,10,P2_outputs_path_0_to_50
2025,227564.2468696184,11,P2_outputs_path_0_to_50
2026,332190.060638509,11,P2_outputs_path_0_to_50
2027,484496.9146923591,11,P2_outputs_path_0_to_50
2028,713567.7135205666,11,P2_outputs_path_0_to_50
2029,501788.702048841,11,P2_outputs_path_0_to_50
2030,553374.6894634413,11,P2_outputs_path_0_to_50
2031,666573.2852467321,11,P2_outputs_path_0_to_50
2032,752789.3550212281,11,P2_outputs_path_0_to_50
2033,826399.4361608797,11,P2_outputs_path_0_to_50
2034,179272.54841438797,11,P2_outputs_path_0_to_50
2035,298402.10838207323,11,P2_outputs_path_0_to_50
2036,432156.186576924,11,P2_outputs_path_0_to_50
2037,560814.6752909087,11,P2_outputs_path_0_to_50
2038,491532.1537885692,11,P2_outputs_path_0_to_50
2039,590142.9201784064,11,P2_outputs_path_0_to_50
2040,761711.8478173172,11,P2_outputs_path_0_to_50
2041,981303.6565864136,11,P2_outputs_path_0_to_50
2042,1278748.992843871,11,P2_outputs_path_0_to_50
2043,1296305.6283192115,11,P2_outputs_path_0_to_50
2044,1008663.2477191827,11,P2_outputs_path_0_to_50
2045,1119442.453932971,11,P2_outputs_path_0_to_50
2046,1270719.8284298873,11,P2_outputs_path_0_to_50
2047,1599129.7338172272,11,P2_outputs_path_0_to_50
2048,1821334.82546838,11,P2_outputs_path_0_to_50
2049,2141225.978385175,11,P2_outputs_path_0_to_50
2050,1534300.61159855,11,P2_outputs_path_0_to_50
2051,1846437.7358557556,11,P2_outputs_path_0_to_50
2052,1982806.46878534,11,P2_outputs_path_0_to_50
2053,2410237.238937028,11,P2_outputs_path_0_to_50
2054,2494044.6566325445,11,P2_outputs_path_0_to_50
2055,2722224.4509619474,11,P2_outputs_path_0_to_50
2056,2262107.0570217734,11,P2_outputs_path_0_to_50
2057,2314028.6519287243,11,P2_outputs_path_0_to_50
2058,2721257.980559856,11,P2_outputs_path_0_to_50
2059,0.0,11,P2_outputs_path_0_to_50
2060,141545.20831182617,11,P2_outputs_path_0_to_50
2061,129527.6510226426,11,P2_outputs_path_0_to_50
2062,143644.36787314137,11,P2_outputs_path_0_to_50
2063,150610.9721054217,11,P2_outputs_path_0_to_50
2064,141522.24795201415,11,P2_outputs_path_0_to_50
2065,138596.28426126952,11,P2_outputs_path_0_to_50
2066,144624.14673423886,11,P2_outputs_path_0_to_50
2067,139735.2081039678,11,P2_outputs_path_0_to_50
2068,145053.28405283616,11,P2_outputs_path_0_to_50
2069,141099.30211241404,11,P2_outputs_path_0_to_50
2070,134129.1490208481,11,P2_outputs_path_0_to_50
2071,152123.57943056562,11,P2_outputs_path_0_to_50
2072,160409.08806569304,11,P2_outputs_path_0_to_50
2073,167572.9619394505,11,P2_outputs_path_0_to_50
2074,178946.39498355347,11,P2_outputs_path_0_to_50
2075,,11,P2_outputs_path_0_to_50
2025,229135.5463328709,12,P2_outputs_path_0_to_50
2026,394036.8465910548,12,P2_outputs_path_0_to_50
2027,454896.72381163086,12,P2_outputs_path_0_to_50
2028,522996.25113816553,12,P2_outputs_path_0_to_50
2029,619586.0458599657,12,P2_outputs_path_0_to_50
2030,737853.9155947653,12,P2_outputs_path_0_to_50
2031,865226.7072920363,12,P2_outputs_path_0_to_50
2032,1006131.8589777194,12,P2_outputs_path_0_to_50
2033,1094615.2163069146,12,P2_outputs_path_0_to_50
2034,580254.7141094131,12,P2_outputs_path_0_to_50
2035,710209.3044286084,12,P2_outputs_path_0_to_50
2036,778444.7750248734,12,P2_outputs_path_0_to_50
2037,1145426.3165248246,12,P2_outputs_path_0_to_50
2038,1140071.694852208,12,P2_outputs_path_0_to_50
2039,1500814.5122709644,12,P2_outputs_path_0_to_50
2040,1788256.2385722047,12,P2_outputs_path_0_to_50
2041,1690729.6479675325,12,P2_outputs_path_0_to_50
2042,1877718.0539656647,12,P2_outputs_path_0_to_50
2043,1969605.9142653863,12,P2_outputs_path_0_to_50
2044,1710787.5380475994,12,P2_outputs_path_0_to_50
2045,1577861.043432744,12,P2_outputs_path_0_to_50
2046,2006905.6202383584,12,P2_outputs_path_0_to_50
2047,2036881.3246829724,12,P2_outputs_path_0_to_50
2048,1930265.9005875192,12,P2_outputs_path_0_to_50
2049,2117356.228311864,12,P2_outputs_path_0_to_50
2050,2254238.3733190247,12,P2_outputs_path_0_to_50
2051,2366468.346380972,12,P2_outputs_path_0_to_50
2052,2079016.887035564,12,P2_outputs_path_0_to_50
2053,2676437.001152068,12,P2_outputs_path_0_to_50
2054,2828252.868630261,12,P2_outputs_path_0_to_50
2055,2711637.8368487083,12,P2_outputs_path_0_to_50
2056,2258881.9363859296,12,P2_outputs_path_0_to_50
2057,2155801.667319976,12,P2_outputs_path_0_to_50
2058,2482719.8072394496,12,P2_outputs_path_0_to_50
2059,0.0,12,P2_outputs_path_0_to_50
2060,145132.64537818293,12,P2_outputs_path_0_to_50
2061,176825.531978118,12,P2_outputs_path_0_to_50
2062,179419.66653659768,12,P2_outputs_path_0_to_50
2063,210432.44625291575,12,P2_outputs_path_0_to_50
2064,203948.25070792655,12,P2_outputs_path_0_to_50
2065,197068.34946936672,12,P2_outputs_path_0_to_50
2066,216287.60555132115,12,P2_outputs_path_0_to_50
2067,202972.4044296774,12,P2_outputs_path_0_to_50
2068,209768.8481251828,12,P2_outputs_path_0_to_50
2069,214524.4269865876,12,P2_outputs_path_0_to_50
2070,219878.33389472408,12,P2_outputs_path_0_to_50
2071,233036.55800797456,12,P2_outputs_path_0_to_50
2072,217116.51470101532,12,P2_outputs_path_0_to_50
2073,205388.2591855717,12,P2_outputs_path_0_to_50
2074,206860.37666851436,12,P2_outputs_path_0_to_50
2075,,12,P2_outputs_path_0_to_50
2025,230962.02765549807,13,P2_outputs_path_0_to_50
2026,376296.16497660015,13,P2_outputs_path_0_to_50
2027,536207.491712681,13,P2_outputs_path_0_to_50
2028,725727.7363317198,13,P2_outputs_path_0_to_50
2029,832310.7460962564,13,P2_outputs_path_0_to_50
2030,947945.2195282418,13,P2_outputs_path_0_to_50
2031,1055905.456425985,13,P2_outputs_path_0_to_50
2032,1164120.5001671035,13,P2_outputs_path_0_to_50
2033,1194726.5582431532,13,P2_outputs_path_0_to_50
2034,531333.7050530775,13,P2_outputs_path_0_to_50
2035,652529.1939938504,13,P2_outputs_path_0_to_50
2036,765623.2450216718,13,P2_outputs_path_0_to_50
2037,938632.7629933172,13,P2_outputs_path_0_to_50
2038,956012.2928054772,13,P2_outputs_path_0_to_50
2039,982547.6840285796,13,P2_outputs_path_0_to_50
2040,1222666.3340654075,13,P2_outputs_path_0_to_50
2041,1335207.520652117,13,P2_outputs_path_0_to_50
2042,1232737.0054163532,13,P2_outputs_path_0_to_50
2043,1121271.5729921202,13,P2_outputs_path_0_to_50
2044,1031566.5197702716,13,P2_outputs_path_0_to_50
2045,1295834.2013953212,13,P2_outputs_path_0_to_50
2046,1541621.323666787,13,P2_outputs_path_0_to_50
2047,1644929.0161784848,13,P2_outputs_path_0_to_50
2048,1823897.9178310751,13,P2_outputs_path_0_to_50
2049,2086013.0287827745,13,P2_outputs_path_0_to_50
2050,2552982.568396575,13,P2_outputs_path_0_to_50
2051,2809503.282594831,13,P2_outputs_path_0_to_50
2052,2262870.211479734,13,P2_outputs_path_0_to_50
2053,2837990.692879511,13,P2_outputs_path_0_to_50
2054,2906038.509136968,13,P2_outputs_path_0_to_50
2055,2992844.5864536497,13,P2_outputs_path_0_to_50
2056,2737771.847519194,13,P2_outputs_path_0_to_50
2057,2342431.8950893795,13,P2_outputs_path_0_to_50
2058,2623775.7696669903,13,P2_outputs_path_0_to_50
2059,0.0,13,P2_outputs_path_0_to_50
2060,150182.85461086145,13,P2_outputs_path_0_to_50
2061,149172.81349101788,13,P2_outputs_path_0_to_50
2062,150117.7046184604,13,P2_outputs_path_0_to_50
2063,143203.79318916317,13,P2_outputs_path_0_to_50
2064,130217.10134515456,13,P2_outputs_path_0_to_50
2065,125053.46865391253,13,P2_outputs_path_0_to_50
2066,128924.61886469436,13,P2_outputs_path_0_to_50
2067,135015.39694615276,13,P2_outputs_path_0_to_50
2068,136346.3920596661,13,P2_outputs_path_0_to_50
2069,148339.04412937094,13,P2_outputs_path_0_to_50
2070,156465.99619840324,13,P2_outputs_path_0_to_50
2071,163663.15734395955,13,P2_outputs_path_0_to_50
2072,156150.47549801518,13,P2_outputs_path_0_to_50
2073,164851.2621965257,13,P2_outputs_path_0_to_50
2074,154717.61838057073,13,P2_outputs_path_0_to_50
2075,,13,P2_outputs_path_0_to_50
2025,237958.781718296,14,P2_outputs_path_0_to_50
2026,326994.86169801257,14,P2_outputs_path_0_to_50
2027,460010.9207478962,14,P2_outputs_path_0_to_50
2028,577051.9688204178,14,P2_outputs_path_0_to_50
2029,467401.4329923478,14,P2_outputs_path_0_to_50
2030,534846.6336079248,14,P2_outputs_path_0_to_50
2031,764768.1542933304,14,P2_outputs_path_0_to_50
2032,890517.4401371079,14,P2_outputs_path_0_to_50
2033,1081994.7678347188,14,P2_outputs_path_0_to_50
2034,632204.6209598032,14,P2_outputs_path_0_to_50
2035,747292.2214872497,14,P2_outputs_path_0_to_50
2036,988967.1851216817,14,P2_outputs_path_0_to_50
2037,1435517.2336912032,14,P2_outputs_path_0_to_50
2038,1543582.7008363246,14,P2_outputs_path_0_to_50
2039,1927174.089720938,14,P2_outputs_path_0_to_50
2040,2169466.218667494,14,P2_outputs_path_0_to_50
2041,2443835.883201248,14,P2_outputs_path_0_to_50
2042,2873179.672077538,14,P2_outputs_path_0_to_50
2043,2772303.19718659,14,P2_outputs_path_0_to_50
2044,3385777.741691921,14,P2_outputs_path_0_to_50
2045,3826810.52832749,14,P2_outputs_path_0_to_50
2046,4392929.696393976,14,P2_outputs_path_0_to_50
2047,4798380.541081859,14,P2_outputs_path_0_to_50
2048,4961964.867509062,14,P2_outputs_path_0_to_50
2049,4998610.560699206,14,P2_outputs_path_0_to_50
2050,5200786.957170696,14,P2_outputs_path_0_to_50
2051,5196483.749299516,14,P2_outputs_path_0_to_50
2052,5365427.5030070525,14,P2_outputs_path_0_to_50
2053,5606474.3018097,14,P2_outputs_path_0_to_50
2054,5444578.42260876,14,P2_outputs_path_0_to_50
2055,5606951.123387766,14,P2_outputs_path_0_to_50
2056,5852128.021190869,14,P2_outputs_path_0_to_50
2057,5983785.553416449,14,P2_outputs_path_0_to_50
2058,6388330.399001162,14,P2_outputs_path_0_to_50
2059,2189095.3477887865,14,P2_outputs_path_0_to_50
2060,2300998.1270681904,14,P2_outputs_path_0_to_50
2061,2280848.2446919186,14,P2_outputs_path_0_to_50
2062,2322661.6442782967,14,P2_outputs_path_0_to_50
2063,2251241.995811823,14,P2_outputs_path_0_to_50
2064,2275480.5424561696,14,P2_outputs_path_0_to_50
2065,2314935.8056520727,14,P2_outputs_path_0_to_50
2066,2099969.355041112,14,P2_outputs_path_0_to_50
2067,2169724.6197937685,14,P2_outputs_path_0_to_50
2068,2189765.11446985,14,P2_outputs_path_0_to_50
2069,2064251.5672076787,14,P2_outputs_path_0_to_50
2070,2085431.1936533395,14,P2_outputs_path_0_to_50
2071,2169918.89959016,14,P2_outputs_path_0_to_50
2072,2053153.991759409,14,P2_outputs_path_0_to_50
2073,2059559.5673088063,14,P2_outputs_path_0_to_50
2074,2065208.003428004,14,P2_outputs_path_0_to_50
2075,,14,P2_outputs_path_0_to_50
2025,178134.29162556812,15,P2_outputs_path_0_to_50
2026,296549.64782833995,15,P2_outputs_path_0_to_50
2027,338174.9411759762,15,P2_outputs_path_0_to_50
2028,374980.7430593051,15,P2_outputs_path_0_to_50
2029,333816.85399760935,15,P2_outputs_path_0_to_50
2030,496691.528840972,15,P2_outputs_path_0_to_50
2031,560814.3598093076,15,P2_outputs_path_0_to_50
2032,685778.1259655925,15,P2_outputs_path_0_to_50
2033,794352.0439740615,15,P2_outputs_path_0_to_50
2034,245545.2278643784,15,P2_outputs_path_0_to_50
2035,322882.1699248336,15,P2_outputs_path_0_to_50
2036,452635.6577825566,15,P2_outputs_path_0_to_50
2037,571649.9919168822,15,P2_outputs_path_0_to_50
2038,937553.2609715458,15,P2_outputs_path_0_to_50
2039,1514171.6598074478,15,P2_outputs_path_0_to_50
2040,1514690.2460381526,15,P2_outputs_path_0_to_50
2041,2195010.4209978045,15,P2_outputs_path_0_to_50
2042,1971895.6329070816,15,P2_outputs_path_0_to_50
2043,2251068.375548538,15,P2_outputs_path_0_to_50
2044,2572107.44440016,15,P2_outputs_path_0_to_50
2045,2932028.345982411,15,P2_outputs_path_0_to_50
2046,3959603.8279754505,15,P2_outputs_path_0_to_50
2047,4231169.81788872,15,P2_outputs_path_0_to_50
2048,3813087.584856783,15,P2_outputs_path_0_to_50
2049,3406256.869846401,15,P2_outputs_path_0_to_50
2050,3385028.960175162,15,P2_outputs_path_0_to_50
2051,4072371.6216357434,15,P2_outputs_path_0_to_50
2052,4150954.257152263,15,P2_outputs_path_0_to_50
2053,4128242.6315339017,15,P2_outputs_path_0_to_50
2054,5081434.205542189,15,P2_outputs_path_0_to_50
2055,5360011.622607565,15,P2_outputs_path_0_to_50
2056,5149626.415247227,15,P2_outputs_path_0_to_50
2057,5248961.348391475,15,P2_outputs_path_0_to_50
2058,5401545.956115368,15,P2_outputs_path_0_to_50
2059,1154761.1519655874,15,P2_outputs_path_0_to_50
2060,1339850.3885679813,15,P2_outputs_path_0_to_50
2061,1406108.2868552022,15,P2_outputs_path_0_to_50
2062,1314324.8040020624,15,P2_outputs_path_0_to_50
2063,1295667.7447202017,15,P2_outputs_path_0_to_50
2064,1293310.599585801,15,P2_outputs_path_0_to_50
2065,1229987.5937237137,15,P2_outputs_path_0_to_50
2066,1235512.727019526,15,P2_outputs_path_0_to_50
2067,1147982.115832661,15,P2_outputs_path_0_to_50
2068,1134610.303809069,15,P2_outputs_path_0_to_50
2069,1143249.2415617912,15,P2_outputs_path_0_to_50
2070,1172235.6781153895,15,P2_outputs_path_0_to_50
2071,1202587.1960576018,15,P2_outputs_path_0_to_50
2072,1227128.9173785606,15,P2_outputs_path_0_to_50
2073,1182104.4885127132,15,P2_outputs_path_0_to_50
2074,1130810.666721984,15,P2_outputs_path_0_to_50
2075,,15,P2_outputs_path_0_to_50
2025,235962.6102700914,16,P2_outputs_path_0_to_50
2026,274522.1598236601,16,P2_outputs_path_0_to_50
2027,426694.7318254659,16,P2_outputs_path_0_to_50
2028,583557.0669008926,16,P2_outputs_path_0_to_50
2029,623437.5493105912,16,P2_outputs_path_0_to_50
2030,705453.6119272186,16,P2_outputs_path_0_to_50
2031,760445.7256311578,16,P2_outputs_path_0_to_50
2032,868629.9893340066,16,P2_outputs_path_0_to_50
2033,972225.4847138398,16,P2_outputs_path_0_to_50
2034,341316.97075507406,16,P2_outputs_path_0_to_50
2035,394734.7367444506,16,P2_outputs_path_0_to_50
2036,444794.5510290959,16,P2_outputs_path_0_to_50
2037,669171.7930944657,16,P2_outputs_path_0_to_50
2038,627889.92739766,16,P2_outputs_path_0_to_50
2039,772681.3775066657,16,P2_outputs_path_0_to_50
2040,804896.7842702063,16,P2_outputs_path_0_to_50
2041,1012063.3697373004,16,P2_outputs_path_0_to_50
2042,1224871.2070480485,16,P2_outputs_path_0_to_50
2043,1382674.9853845246,16,P2_outputs_path_0_to_50
2044,1914280.5793268243,16,P2_outputs_path_0_to_50
2045,2612879.105955414,16,P2_outputs_path_0_to_50
2046,2303733.1502511795,16,P2_outputs_path_0_to_50
2047,2138561.5149101703,16,P2_outputs_path_0_to_50
2048,2803380.246475814,16,P2_outputs_path_0_to_50
2049,3731237.640990033,16,P2_outputs_path_0_to_50
2050,3935992.1076891753,16,P2_outputs_path_0_to_50
2051,4543799.028240883,16,P2_outputs_path_0_to_50
2052,4763224.211275135,16,P2_outputs_path_0_to_50
2053,4900793.6359667545,16,P2_outputs_path_0_to_50
2054,5001894.0805144645,16,P2_outputs_path_0_to_50
2055,4851211.838612772,16,P2_outputs_path_0_to_50
2056,4833298.906739923,16,P2_outputs_path_0_to_50
2057,4564460.761409496,16,P2_outputs_path_0_to_50
2058,4576607.003982288,16,P2_outputs_path_0_to_50
2059,338393.3397983946,16,P2_outputs_path_0_to_50
2060,492238.0727890592,16,P2_outputs_path_0_to_50
2061,501902.9478663693,16,P2_outputs_path_0_to_50
2062,511808.0804926759,16,P2_outputs_path_0_to_50
2063,530135.9272409902,16,P2_outputs_path_0_to_50
2064,534118.279378419,16,P2_outputs_path_0_to_50
2065,467324.18232461135,16,P2_outputs_path_0_to_50
2066,474442.95613238576,16,P2_outputs_path_0_to_50
2067,472692.0126758002,16,P2_outputs_path_0_to_50
2068,444731.04600886826,16,P2_outputs_path_0_to_50
2069,417898.52860803646,16,P2_outputs_path_0_to_50
2070,401137.97613974655,16,P2_outputs_path_0_to_50
2071,422278.5460917484,16,P2_outputs_path_0_to_50
2072,418888.6968442085,16,P2_outputs_path_0_to_50
2073,404921.6339704351,16,P2_outputs_path_0_to_50
2074,397506.6877943779,16,P2_outputs_path_0_to_50
2075,,16,P2_outputs_path_0_to_50
2025,192879.6595057053,17,P2_outputs_path_0_to_50
2026,286417.32514916523,17,P2_outputs_path_0_to_50
2027,452465.1436171774,17,P2_outputs_path_0_to_50
2028,466850.6790620903,17,P2_outputs_path_0_to_50
2029,451976.2436160521,17,P2_outputs_path_0_to_50
2030,520815.94841737306,17,P2_outputs_path_0_to_50
2031,706039.5278892579,17,P2_outputs_path_0_to_50
2032,800204.947528863,17,P2_outputs_path_0_to_50
2033,933526.9157216948,17,P2_outputs_path_0_to_50
2034,297223.66241820226,17,P2_outputs_path_0_to_50
2035,391219.4797606893,17,P2_outputs_path_0_to_50
2036,531748.1100063085,17,P2_outputs_path_0_to_50
2037,471441.3497071656,17,P2_outputs_path_0_to_50
2038,620861.8813334479,17,P2_outputs_path_0_to_50
2039,875877.3723541973,17,P2_outputs_path_0_to_50
2040,908385.4503089908,17,P2_outputs_path_0_to_50
2041,1149746.7166398438,17,P2_outputs_path_0_to_50
2042,1370986.0840810456,17,P2_outputs_path_0_to_50
2043,1466999.6484321533,17,P2_outputs_path_0_to_50
2044,1538945.9554993762,17,P2_outputs_path_0_to_50
2045,1173533.7389247578,17,P2_outputs_path_0_to_50
2046,877909.9707827313,17,P2_outputs_path_0_to_50
2047,1064305.5941662404,17,P2_outputs_path_0_to_50
2048,1218098.2546702842,17,P2_outputs_path_0_to_50
2049,1131957.610726091,17,P2_outputs_path_0_to_50
2050,1384910.00675431,17,P2_outputs_path_0_to_50
2051,1749501.4046606296,17,P2_outputs_path_0_to_50
2052,1635060.9807657576,17,P2_outputs_path_0_to_50
2053,1912052.45302367,17,P2_outputs_path_0_to_50
2054,2228546.8951396733,17,P2_outputs_path_0_to_50
2055,2293037.5447255336,17,P2_outputs_path_0_to_50
2056,2591540.851356365,17,P2_outputs_path_0_to_50
2057,2886868.5360760563,17,P2_outputs_path_0_to_50
2058,3331090.876497169,17,P2_outputs_path_0_to_50
2059,0.0,17,P2_outputs_path_0_to_50
2060,183342.9772833825,17,P2_outputs_path_0_to_50
2061,192905.42323099467,17,P2_outputs_path_0_to_50
2062,198260.54883730228,17,P2_outputs_path_0_to_50
2063,213961.09119904923,17,P2_outputs_path_0_to_50
2064,229423.1298635085,17,P2_outputs_path_0_to_50
2065,234966.79325383625,17,P2_outputs_path_0_to_50
2066,231957.31771719083,17,P2_outputs_path_0_to_50
2067,228319.6819558583,17,P2_outputs_path_0_to_50
2068,254694.0081147049,17,P2_outputs_path_0_to_50
2069,246885.4988380604,17,P2_outputs_path_0_to_50
2070,310534.9801331861,17,P2_outputs_path_0_to_50
2071,322676.204506512,17,P2_outputs_path_0_to_50
2072,334406.2913332066,17,P2_outputs_path_0_to_50
2073,352523.97968181904,17,P2_outputs_path_0_to_50
2074,335857.08462120336,17,P2_outputs_path_0_to_50
2075,,17,P2_outputs_path_0_to_50
2025,219073.79311952484,18,P2_outputs_path_0_to_50
2026,372051.3464902342,18,P2_outputs_path_0_to_50
2027,457690.8492812623,18,P2_outputs_path_0_to_50
2028,635296.7591793751,18,P2_outputs_path_0_to_50
2029,744129.2178253295,18,P2_outputs_path_0_to_50
2030,847631.9380850755,18,P2_outputs_path_0_to_50
2031,961296.2150931978,18,P2_outputs_path_0_to_50
2032,1117665.3598347036,18,P2_outputs_path_0_to_50
2033,1293540.364653408,18,P2_outputs_path_0_to_50
2034,751590.6721692753,18,P2_outputs_path_0_to_50
2035,788475.0820187723,18,P2_outputs_path_0_to_50
2036,1054230.5132662344,18,P2_outputs_path_0_to_50
2037,1138597.6878336412,18,P2_outputs_path_0_to_50
2038,1007566.6901128852,18,P2_outputs_path_0_to_50
2039,1228003.6248683096,18,P2_outputs_path_0_to_50
2040,2264450.773453961,18,P2_outputs_path_0_to_50
2041,2395102.710429668,18,P2_outputs_path_0_to_50
2042,2644165.210696532,18,P2_outputs_path_0_to_50
2043,2404290.9391190563,18,P2_outputs_path_0_to_50
2044,2621343.95404553,18,P2_outputs_path_0_to_50
2045,2388370.8563749758,18,P2_outputs_path_0_to_50
2046,2755729.251458479,18,P2_outputs_path_0_to_50
2047,2413458.570796475,18,P2_outputs_path_0_to_50
2048,2558015.213869717,18,P2_outputs_path_0_to_50
2049,3046433.927082643,18,P2_outputs_path_0_to_50
2050,2657225.1408792366,18,P2_outputs_path_0_to_50
2051,3516315.971254695,18,P2_outputs_path_0_to_50
2052,3399490.5475694,18,P2_outputs_path_0_to_50
2053,2675214.7347110645,18,P2_outputs_path_0_to_50
2054,2834074.992939369,18,P2_outputs_path_0_to_50
2055,2759584.5190885924,18,P2_outputs_path_0_to_50
2056,2775612.7047096645,18,P2_outputs_path_0_to_50
2057,3157673.96332492,18,P2_outputs_path_0_to_50
2058,3559895.050923063,18,P2_outputs_path_0_to_50
2059,0.0,18,P2_outputs_path_0_to_50
2060,151624.1233526502,18,P2_outputs_path_0_to_50
2061,154492.74681496448,18,P2_outputs_path_0_to_50
2062,141606.28296461244,18,P2_outputs_path_0_to_50
2063,149665.85466165782,18,P2_outputs_path_0_to_50
2064,154064.04136383013,18,P2_outputs_path_0_to_50
2065,176301.8718615684,18,P2_outputs_path_0_to_50
2066,162044.61565095637,18,P2_outputs_path_0_to_50
2067,157800.3581858791,18,P2_outputs_path_0_to_50
2068,152312.18820377789,18,P2_outputs_path_0_to_50
2069,167782.59571668596,18,P2_outputs_path_0_to_50
2070,168915.42006497915,18,P2_outputs_path_0_to_50
2071,162868.92623770982,18,P2_outputs_path_0_to_50
2072,158307.83625342976,18,P2_outputs_path_0_to_50
2073,177721.4637146518,18,P2_outputs_path_0_to_50
2074,158506.59812489254,18,P2_outputs_path_0_to_50
2075,,18,P2_outputs_path_0_to_50
2025,181321.35957608747,19,P2_outputs_path_0_to_50
2026,273925.5066169327,19,P2_outputs_path_0_to_50
2027,398679.080115568,19,P2_outputs_path_0_to_50
2028,609381.9297575492,19,P2_outputs_path_0_to_50
2029,774627.231251235,19,P2_outputs_path_0_to_50
2030,879249.1833326133,19,P2_outputs_path_0_to_50
2031,876903.4474273495,19,P2_outputs_path_0_to_50
2032,946980.8936618532,19,P2_outputs_path_0_to_50
2033,1043315.3089500244,19,P2_outputs_path_0_to_50
2034,424467.9237739211,19,P2_outputs_path_0_to_50
2035,472321.9856548416,19,P2_outputs_path_0_to_50
2036,558999.0729289012,19,P2_outputs_path_0_to_50
2037,627986.036776885,19,P2_outputs_path_0_to_50
2038,838052.9134904017,19,P2_outputs_path_0_to_50
2039,1173698.5577315856,19,P2_outputs_path_0_to_50
2040,1307938.3408234848,19,P2_outputs_path_0_to_50
2041,1635400.3958136342,19,P2_outputs_path_0_to_50
2042,2232689.4241257906,19,P2_outputs_path_0_to_50
2043,2111377.47942244,19,P2_outputs_path_0_to_50
2044,2888341.5700546424,19,P2_outputs_path_0_to_50
2045,3176873.3653019937,19,P2_outputs_path_0_to_50
2046,3425451.7091946173,19,P2_outputs_path_0_to_50
2047,3500246.2093914524,19,P2_outputs_path_0_to_50
2048,3821728.232054768,19,P2_outputs_path_0_to_50
2049,4074918.7088911,19,P2_outputs_path_0_to_50
2050,3852036.9204754513,19,P2_outputs_path_0_to_50
2051,3506250.7989277965,19,P2_outputs_path_0_to_50
2052,3371837.7851587306,19,P2_outputs_path_0_to_50
2053,3969690.9985457896,19,P2_outputs_path_0_to_50
2054,3784552.592029466,19,P2_outputs_path_0_to_50
2055,3239155.481688172,19,P2_outputs_path_0_to_50
2056,3739453.4486171934,19,P2_outputs_path_0_to_50
2057,3943925.958794431,19,P2_outputs_path_0_to_50
2058,3671377.018814313,19,P2_outputs_path_0_to_50
2059,0.0,19,P2_outputs_path_0_to_50
2060,134180.1720377857,19,P2_outputs_path_0_to_50
2061,136298.79406644386,19,P2_outputs_path_0_to_50
2062,136406.4093203631,19,P2_outputs_path_0_to_50
2063,138975.5103597707,19,P2_outputs_path_0_to_50
2064,125809.81948597328,19,P2_outputs_path_0_to_50
2065,126043.58136739464,19,P2_outputs_path_0_to_50
2066,117179.24580943912,19,P2_outputs_path_0_to_50
2067,149566.48993604188,19,P2_outputs_path_0_to_50
2068,156888.17902603632,19,P2_outputs_path_0_to_50
2069,138920.935784826,19,P2_outputs_path_0_to_50
2070,144384.08014517787,19,P2_outputs_path_0_to_50
2071,140482.74579159162,19,P2_outputs_path_0_to_50
2072,155351.14400676824,19,P2_outputs_path_0_to_50
2073,159584.15446682423,19,P2_outputs_path_0_to_50
2074,172284.32168180036,19,P2_outputs_path_0_to_50
2075,,19,P2_outputs_path_0_to_50
2025,235466.0612038214,20,P2_outputs_path_0_to_50
2026,309052.78667883744,20,P2_outputs_path_0_to_50
2027,416536.2945486335,20,P2_outputs_path_0_to_50
2028,638015.3952464818,20,P2_outputs_path_0_to_50
2029,551176.2895969168,20,P2_outputs_path_0_to_50
2030,818560.8114399597,20,P2_outputs_path_0_to_50
2031,937347.77752784,20,P2_outputs_path_0_to_50
2032,1109884.3005246422,20,P2_outputs_path_0_to_50
2033,1308094.5213064807,20,P2_outputs_path_0_to_50
2034,813098.6392181343,20,P2_outputs_path_0_to_50
2035,1111769.4025763136,20,P2_outputs_path_0_to_50
2036,1290660.4360429558,20,P2_outputs_path_0_to_50
2037,1608874.8735718848,20,P2_outputs_path_0_to_50
2038,1420154.0037480486,20,P2_outputs_path_0_to_50
2039,1482171.9508864677,20,P2_outputs_path_0_to_50
2040,2067108.4868266252,20,P2_outputs_path_0_to_50
2041,2806015.764218329,20,P2_outputs_path_0_to_50
2042,3007332.360050465,20,P2_outputs_path_0_to_50
2043,2906996.046737876,20,P2_outputs_path_0_to_50
2044,2657547.170420131,20,P2_outputs_path_0_to_50
2045,2964547.0603104657,20,P2_outputs_path_0_to_50
2046,4480283.886657527,20,P2_outputs_path_0_to_50
2047,4564473.367203572,20,P2_outputs_path_0_to_50
2048,4611263.857840755,20,P2_outputs_path_0_to_50
2049,4481530.629586727,20,P2_outputs_path_0_to_50
2050,4598804.084952952,20,P2_outputs_path_0_to_50
2051,4899639.8391029695,20,P2_outputs_path_0_to_50
2052,4955527.186271689,20,P2_outputs_path_0_to_50
2053,4604370.563746475,20,P2_outputs_path_0_to_50
2054,4604863.927983549,20,P2_outputs_path_0_to_50
2055,4751661.158137491,20,P2_outputs_path_0_to_50
2056,4934060.564187046,20,P2_outputs_path_0_to_50
2057,5424215.610591905,20,P2_outputs_path_0_to_50
2058,5445287.148032883,20,P2_outputs_path_0_to_50
2059,960315.7761511196,20,P2_outputs_path_0_to_50
2060,1185624.1415755958,20,P2_outputs_path_0_to_50
2061,1257340.495092325,20,P2_outputs_path_0_to_50
2062,1213605.9427836088,20,P2_outputs_path_0_to_50
2063,1100222.003783795,20,P2_outputs_path_0_to_50
2064,1236041.074587819,20,P2_outputs_path_0_to_50
2065,1236054.619640244,20,P2_outputs_path_0_to_50
2066,1166108.343728759,20,P2_outputs_path_0_to_50
2067,1153836.970451889,20,P2_outputs_path_0_to_50
2068,1152463.444811674,20,P2_outputs_path_0_to_50
2069,1122044.889809439,20,P2_outputs_path_0_to_50
2070,1135661.6187821603,20,P2_outputs_path_0_to_50
2071,1106123.7202981175,20,P2_outputs_path_0_to_50
2072,1162561.8301897403,20,P2_outputs_path_0_to_50
2073,1213698.7559590703,20,P2_outputs_path_0_to_50
2074,1184445.1807851065,20,P2_outputs_path_0_to_50
2075,,20,P2_outputs_path_0_to_50
2025,241775.2802431106,21,P2_outputs_path_0_to_50
2026,301616.5147771111,21,P2_outputs_path_0_to_50
2027,375400.3821271885,21,P2_outputs_path_0_to_50
2028,492371.2719915313,21,P2_outputs_path_0_to_50
2029,523321.09140661336,21,P2_outputs_path_0_to_50
2030,705950.0353898545,21,P2_outputs_path_0_to_50
2031,836497.5631932542,21,P2_outputs_path_0_to_50
2032,934247.686370449,21,P2_outputs_path_0_to_50
2033,1063249.7382740898,21,P2_outputs_path_0_to_50
2034,513153.3582335911,21,P2_outputs_path_0_to_50
2035,684194.5029428161,21,P2_outputs_path_0_to_50
2036,845959.2217504121,21,P2_outputs_path_0_to_50
2037,1068794.1015154372,21,P2_outputs_path_0_to_50
2038,1501263.5487627124,21,P2_outputs_path_0_to_50
2039,1714148.4877155144,21,P2_outputs_path_0_to_50
2040,1639805.6161220646,21,P2_outputs_path_0_to_50
2041,1896203.631466972,21,P2_outputs_path_0_to_50
2042,2105464.7772753406,21,P2_outputs_path_0_to_50
2043,2335830.3117745,21,P2_outputs_path_0_to_50
2044,2594367.4457974746,21,P2_outputs_path_0_to_50
2045,2746217.7354504485,21,P2_outputs_path_0_to_50
2046,2657219.634026095,21,P2_outputs_path_0_to_50
2047,2686462.1908634314,21,P2_outputs_path_0_to_50
2048,2559652.37789342,21,P2_outputs_path_0_to_50
2049,2823327.5950755323,21,P2_outputs_path_0_to_50
2050,2976087.375126537,21,P2_outputs_path_0_to_50
2051,3322458.676513867,21,P2_outputs_path_0_to_50
2052,3693923.193576553,21,P2_outputs_path_0_to_50
2053,4414866.406422384,21,P2_outputs_path_0_to_50
2054,4776830.058222148,21,P2_outputs_path_0_to_50
2055,4968046.593083797,21,P2_outputs_path_0_to_50
2056,4986806.468861245,21,P2_outputs_path_0_to_50
2057,4869762.677491057,21,P2_outputs_path_0_to_50
2058,4754274.001076394,21,P2_outputs_path_0_to_50
2059,939234.5287682096,21,P2_outputs_path_0_to_50
2060,1084562.0244609802,21,P2_outputs_path_0_to_50
2061,1136603.8110724853,21,P2_outputs_path_0_to_50
2062,1308933.2963578794,21,P2_outputs_path_0_to_50
2063,1319556.039889091,21,P2_outputs_path_0_to_50
2064,1512572.1743994989,21,P2_outputs_path_0_to_50
2065,1630598.496655919,21,P2_outputs_path_0_to_50
2066,1714359.9639632683,21,P2_outputs_path_0_to_50
2067,1586940.0325447745,21,P2_outputs_path_0_to_50
2068,1531247.6174207458,21,P2_outputs_path_0_to_50
2069,1464329.2369483626,21,P2_outputs_path_0_to_50
2070,1542650.4821387832,21,P2_outputs_path_0_to_50
2071,1653038.6572305462,21,P2_outputs_path_0_to_50
2072,1520011.7622911455,21,P2_outputs_path_0_to_50
2073,1665166.0994706969,21,P2_outputs_path_0_to_50
2074,1701955.1303798447,21,P2_outputs_path_0_to_50
2075,,21,P2_outputs_path_0_to_50
2025,224179.90353238047,22,P2_outputs_path_0_to_50
2026,347365.2370995519,22,P2_outputs_path_0_to_50
2027,507258.3185052959,22,P2_outputs_path_0_to_50
2028,595281.8937297126,22,P2_outputs_path_0_to_50
2029,695376.2497291641,22,P2_outputs_path_0_to_50
2030,774756.2286988333,22,P2_outputs_path_0_to_50
2031,826011.9014793199,22,P2_outputs_path_0_to_50
2032,924901.8063501816,22,P2_outputs_path_0_to_50
2033,955295.418066839,22,P2_outputs_path_0_to_50
2034,496034.4769858492,22,P2_outputs_path_0_to_50
2035,722700.3309842815,22,P2_outputs_path_0_to_50
2036,999768.6362417056,22,P2_outputs_path_0_to_50
2037,1428815.338598963,22,P2_outputs_path_0_to_50
2038,1725001.665474727,22,P2_outputs_path_0_to_50
2039,1750008.1763555268,22,P2_outputs_path_0_to_50
2040,1645385.9840006286,22,P2_outputs_path_0_to_50
2041,1982589.126728828,22,P2_outputs_path_0_to_50
2042,1522242.7352918736,22,P2_outputs_path_0_to_50
2043,1799510.455567562,22,P2_outputs_path_0_to_50
2044,1485757.2944355889,22,P2_outputs_path_0_to_50
2045,1648218.8029309588,22,P2_outputs_path_0_to_50
2046,1927917.0907952315,22,P2_outputs_path_0_to_50
2047,1944209.6847305037,22,P2_outputs_path_0_to_50
2048,2480167.4138560854,22,P2_outputs_path_0_to_50
2049,2373609.0428728326,22,P2_outputs_path_0_to_50
2050,2693182.4547480736,22,P2_outputs_path_0_to_50
2051,2264014.990244594,22,P2_outputs_path_0_to_50
2052,2514688.2195774927,22,P2_outputs_path_0_to_50
2053,2517161.8175371536,22,P2_outputs_path_0_to_50
2054,2689696.1143266424,22,P2_outputs_path_0_to_50
2055,3378170.175998237,22,P2_outputs_path_0_to_50
2056,4118844.563584413,22,P2_outputs_path_0_to_50
2057,4500926.727890032,22,P2_outputs_path_0_to_50
2058,4733779.739224087,22,P2_outputs_path_0_to_50
2059,750918.6793499487,22,P2_outputs_path_0_to_50
2060,931591.9567020148,22,P2_outputs_path_0_to_50
2061,988769.4026208748,22,P2_outputs_path_0_to_50
2062,1035114.4146948536,22,P2_outputs_path_0_to_50
2063,1039016.320334191,22,P2_outputs_path_0_to_50
2064,1090606.5620876348,22,P2_outputs_path_0_to_50
2065,1088974.043596571,22,P2_outputs_path_0_to_50
2066,1148245.9688973436,22,P2_outputs_path_0_to_50
2067,1164299.9023989108,22,P2_outputs_path_0_to_50
2068,1377177.1260714005,22,P2_outputs_path_0_to_50
2069,1490010.9941578638,22,P2_outputs_path_0_to_50
2070,1299061.804475244,22,P2_outputs_path_0_to_50
2071,1250341.2788718184,22,P2_outputs_path_0_to_50
2072,1149818.9869573629,22,P2_outputs_path_0_to_50
2073,1182598.5993875142,22,P2_outputs_path_0_to_50
2074,1198254.652349284,22,P2_outputs_path_0_to_50
2075,,22,P2_outputs_path_0_to_50
2025,209141.5172974629,23,P2_outputs_path_0_to_50
2026,274193.26784257195,23,P2_outputs_path_0_to_50
2027,426425.83991395496,23,P2_outputs_path_0_to_50
2028,490334.28628529137,23,P2_outputs_path_0_to_50
2029,556812.8836896206,23,P2_outputs_path_0_to_50
2030,775071.8002786046,23,P2_outputs_path_0_to_50
2031,860475.7767523876,23,P2_outputs_path_0_to_50
2032,854648.8458182546,23,P2_outputs_path_0_to_50
2033,964640.0002308702,23,P2_outputs_path_0_to_50
2034,360052.87554011215,23,P2_outputs_path_0_to_50
2035,451596.2524891699,23,P2_outputs_path_0_to_50
2036,668465.9740482765,23,P2_outputs_path_0_to_50
2037,796818.4255268382,23,P2_outputs_path_0_to_50
2038,745547.140258545,23,P2_outputs_path_0_to_50
2039,723558.3655795191,23,P2_outputs_path_0_to_50
2040,883037.4983628432,23,P2_outputs_path_0_to_50
2041,1096287.2473406966,23,P2_outputs_path_0_to_50
2042,1354974.349355552,23,P2_outputs_path_0_to_50
2043,1101901.8676745973,23,P2_outputs_path_0_to_50
2044,1172817.7922951449,23,P2_outputs_path_0_to_50
2045,1124372.236753937,23,P2_outputs_path_0_to_50
2046,1282665.3879851317,23,P2_outputs_path_0_to_50
2047,1549117.613658453,23,P2_outputs_path_0_to_50
2048,1754695.202759751,23,P2_outputs_path_0_to_50
2049,1892804.0082992297,23,P2_outputs_path_0_to_50
2050,2494813.1958161523,23,P2_outputs_path_0_to_50
2051,2623393.5365864453,23,P2_outputs_path_0_to_50
2052,2407511.0121372803,23,P2_outputs_path_0_to_50
2053,2033741.393330236,23,P2_outputs_path_0_to_50
2054,2127250.466706037,23,P2_outputs_path_0_to_50
2055,2081008.8125958203,23,P2_outputs_path_0_to_50
2056,2664080.44105072,23,P2_outputs_path_0_to_50
2057,2823497.333720944,23,P2_outputs_path_0_to_50
2058,2970576.593491951,23,P2_outputs_path_0_to_50
2059,0.0,23,P2_outputs_path_0_to_50
2060,146877.66583001846,23,P2_outputs_path_0_to_50
2061,155193.6302983678,23,P2_outputs_path_0_to_50
2062,168191.67814785175,23,P2_outputs_path_0_to_50
2063,146365.77606699904,23,P2_outputs_path_0_to_50
2064,137320.3797122666,23,P2_outputs_path_0_to_50
2065,156622.98147366234,23,P2_outputs_path_0_to_50
2066,159381.97429934065,23,P2_outputs_path_0_to_50
2067,155571.81391825082,23,P2_outputs_path_0_to_50
2068,163721.11705695954,23,P2_outputs_path_0_to_50
2069,155763.4206593307,23,P2_outputs_path_0_to_50
2070,163569.00813378656,23,P2_outputs_path_0_to_50
2071,167204.57090858003,23,P2_outputs_path_0_to_50
2072,158554.00471226586,23,P2_outputs_path_0_to_50
2073,171252.2824935997,23,P2_outputs_path_0_to_50
2074,184555.74767466792,23,P2_outputs_path_0_to_50
2075,,23,P2_outputs_path_0_to_50
2025,262463.7353049813,24,P2_outputs_path_0_to_50
2026,434567.1243734375,24,P2_outputs_path_0_to_50
2027,465769.7081895464,24,P2_outputs_path_0_to_50
2028,595883.3295630751,24,P2_outputs_path_0_to_50
2029,739387.8520489354,24,P2_outputs_path_0_to_50
2030,938915.0799336884,24,P2_outputs_path_0_to_50
2031,963809.5603648868,24,P2_outputs_path_0_to_50
2032,979762.126078754,24,P2_outputs_path_0_to_50
2033,1163127.2844382771,24,P2_outputs_path_0_to_50
2034,533060.4775490066,24,P2_outputs_path_0_to_50
2035,587590.5528505835,24,P2_outputs_path_0_to_50
2036,653494.6523861684,24,P2_outputs_path_0_to_50
2037,784685.9628799679,24,P2_outputs_path_0_to_50
2038,1191076.8718803525,24,P2_outputs_path_0_to_50
2039,1409783.4165742646,24,P2_outputs_path_0_to_50
2040,1619513.4324972655,24,P2_outputs_path_0_to_50
2041,1353794.9937407929,24,P2_outputs_path_0_to_50
2042,1756530.6945668291,24,P2_outputs_path_0_to_50
2043,1786466.2244891485,24,P2_outputs_path_0_to_50
2044,1851623.374956348,24,P2_outputs_path_0_to_50
2045,1596701.0626881265,24,P2_outputs_path_0_to_50
2046,1991583.307245376,24,P2_outputs_path_0_to_50
2047,2875850.028465029,24,P2_outputs_path_0_to_50
2048,3052541.5891780453,24,P2_outputs_path_0_to_50
2049,3507038.1638815776,24,P2_outputs_path_0_to_50
2050,3865055.3426412097,24,P2_outputs_path_0_to_50
2051,4164580.684292136,24,P2_outputs_path_0_to_50
2052,4347118.776202764,24,P2_outputs_path_0_to_50
2053,4339630.793970156,24,P2_outputs_path_0_to_50
2054,3939634.033315465,24,P2_outputs_path_0_to_50
2055,4153422.55198335,24,P2_outputs_path_0_to_50
2056,4391390.738457313,24,P2_outputs_path_0_to_50
2057,3854396.911384234,24,P2_outputs_path_0_to_50
2058,5874002.981642507,24,P2_outputs_path_0_to_50
2059,1455701.3515921906,24,P2_outputs_path_0_to_50
2060,1506868.2944483317,24,P2_outputs_path_0_to_50
2061,1507763.3357011203,24,P2_outputs_path_0_to_50
2062,1489450.6705858286,24,P2_outputs_path_0_to_50
2063,1580932.070585018,24,P2_outputs_path_0_to_50
2064,1582420.0246182692,24,P2_outputs_path_0_to_50
2065,1604164.7989645638,24,P2_outputs_path_0_to_50
2066,1572687.8558069626,24,P2_outputs_path_0_to_50
2067,1722391.530400788,24,P2_outputs_path_0_to_50
2068,1753232.2520489553,24,P2_outputs_path_0_to_50
2069,1734974.8352872464,24,P2_outputs_path_0_to_50
2070,1892128.148285773,24,P2_outputs_path_0_to_50
2071,1895971.3191529857,24,P2_outputs_path_0_to_50
2072,2067331.528328734,24,P2_outputs_path_0_to_50
2073,2058173.662495301,24,P2_outputs_path_0_to_50
2074,2106993.642451791,24,P2_outputs_path_0_to_50
2075,,24,P2_outputs_path_0_to_50
2025,226054.94238644317,25,P2_outputs_path_0_to_50
2026,352979.5708450653,25,P2_outputs_path_0_to_50
2027,527235.9268142174,25,P2_outputs_path_0_to_50
2028,664105.8727291834,25,P2_outputs_path_0_to_50
2029,604217.1319397382,25,P2_outputs_path_0_to_50
2030,778741.2241877078,25,P2_outputs_path_0_to_50
2031,854926.1016948236,25,P2_outputs_path_0_to_50
2032,981129.6349773604,25,P2_outputs_path_0_to_50
2033,1139388.1537095632,25,P2_outputs_path_0_to_50
2034,553761.0870013623,25,P2_outputs_path_0_to_50
2035,585616.7950906856,25,P2_outputs_path_0_to_50
2036,692413.4857240843,25,P2_outputs_path_0_to_50
2037,847415.5790050903,25,P2_outputs_path_0_to_50
2038,842681.1655824879,25,P2_outputs_path_0_to_50
2039,902942.4476195272,25,P2_outputs_path_0_to_50
2040,1261573.853024071,25,P2_outputs_path_0_to_50
2041,1422259.3226145918,25,P2_outputs_path_0_to_50
2042,1654445.676026801,25,P2_outputs_path_0_to_50
2043,2154630.812021824,25,P2_outputs_path_0_to_50
2044,2255636.7911132886,25,P2_outputs_path_0_to_50
2045,2000732.1326546515,25,P2_outputs_path_0_to_50
2046,2103867.9567677137,25,P2_outputs_path_0_to_50
2047,2562554.3661362985,25,P2_outputs_path_0_to_50
2048,2481832.175063891,25,P2_outputs_path_0_to_50
2049,2750844.750333804,25,P2_outputs_path_0_to_50
2050,2820074.158820408,25,P2_outputs_path_0_to_50
2051,2472628.001306972,25,P2_outputs_path_0_to_50
2052,3023998.850634375,25,P2_outputs_path_0_to_50
2053,2254593.745907459,25,P2_outputs_path_0_to_50
2054,2353086.29234947,25,P2_outputs_path_0_to_50
2055,2075980.957962226,25,P2_outputs_path_0_to_50
2056,1734284.9493881864,25,P2_outputs_path_0_to_50
2057,1751137.4025531658,25,P2_outputs_path_0_to_50
2058,1908702.2329289843,25,P2_outputs_path_0_to_50
2059,0.0,25,P2_outputs_path_0_to_50
2060,144501.0679755705,25,P2_outputs_path_0_to_50
2061,152766.9801651657,25,P2_outputs_path_0_to_50
2062,146312.10653581156,25,P2_outputs_path_0_to_50
2063,174047.42933485523,25,P2_outputs_path_0_to_50
2064,169741.65136936333,25,P2_outputs_path_0_to_50
2065,170723.4347233465,25,P2_outputs_path_0_to_50
2066,167692.87575938448,25,P2_outputs_path_0_to_50
2067,178091.57481972463,25,P2_outputs_path_0_to_50
2068,172255.52277583207,25,P2_outputs_path_0_to_50
2069,174635.5868945059,25,P2_outputs_path_0_to_50
2070,183867.11795444525,25,P2_outputs_path_0_to_50
2071,195663.49375129887,25,P2_outputs_path_0_to_50
2072,190747.19188110405,25,P2_outputs_path_0_to_50
2073,189039.85138192552,25,P2_outputs_path_0_to_50
2074,199087.7528379199,25,P2_outputs_path_0_to_50
2075,,25,P2_outputs_path_0_to_50
2025,197107.90589081927,26,P2_outputs_path_0_to_50
2026,327432.0342972736,26,P2_outputs_path_0_to_50
2027,444452.5767480712,26,P2_outputs_path_0_to_50
2028,523038.7834320141,26,P2_outputs_path_0_to_50
2029,540166.2670105458,26,P2_outputs_path_0_to_50
2030,691015.7095105241,26,P2_outputs_path_0_to_50
2031,762950.8069169308,26,P2_outputs_path_0_to_50
2032,881459.7670605207,26,P2_outputs_path_0_to_50
2033,929818.273443804,26,P2_outputs_path_0_to_50
2034,369856.2715566652,26,P2_outputs_path_0_to_50
2035,588821.3170174272,26,P2_outputs_path_0_to_50
2036,537332.4797499907,26,P2_outputs_path_0_to_50
2037,757686.41768024,26,P2_outputs_path_0_to_50
2038,1055070.831857518,26,P2_outputs_path_0_to_50
2039,815590.1994092109,26,P2_outputs_path_0_to_50
2040,986677.8329385152,26,P2_outputs_path_0_to_50
2041,894441.7570279327,26,P2_outputs_path_0_to_50
2042,1031509.733430572,26,P2_outputs_path_0_to_50
2043,935290.6880988204,26,P2_outputs_path_0_to_50
2044,1124528.0987643688,26,P2_outputs_path_0_to_50
2045,1558650.3830409043,26,P2_outputs_path_0_to_50
2046,1672542.3179276306,26,P2_outputs_path_0_to_50
2047,1306659.0872514788,26,P2_outputs_path_0_to_50
2048,1707295.669702671,26,P2_outputs_path_0_to_50
2049,1717952.877926115,26,P2_outputs_path_0_to_50
2050,1795691.9559033578,26,P2_outputs_path_0_to_50
2051,2025099.0511906769,26,P2_outputs_path_0_to_50
2052,2615253.99452567,26,P2_outputs_path_0_to_50
2053,3244469.820718868,26,P2_outputs_path_0_to_50
2054,3998389.555190441,26,P2_outputs_path_0_to_50
2055,4517399.737731601,26,P2_outputs_path_0_to_50
2056,4558875.028380738,26,P2_outputs_path_0_to_50
2057,4795073.207867373,26,P2_outputs_path_0_to_50
2058,5100257.03191695,26,P2_outputs_path_0_to_50
2059,803754.0974072907,26,P2_outputs_path_0_to_50
2060,985450.825852734,26,P2_outputs_path_0_to_50
2061,1019514.555643314,26,P2_outputs_path_0_to_50
2062,994443.7740986604,26,P2_outputs_path_0_to_50
2063,1034974.0696190308,26,P2_outputs_path_0_to_50
2064,1060045.9827136812,26,P2_outputs_path_0_to_50
2065,1081295.3120620016,26,P2_outputs_path_0_to_50
2066,1057834.356886828,26,P2_outputs_path_0_to_50
2067,1113306.780637954,26,P2_outputs_path_0_to_50
2068,1130173.5194639207,26,P2_outputs_path_0_to_50
2069,1029439.9990682326,26,P2_outputs_path_0_to_50
2070,1073670.317343349,26,P2_outputs_path_0_to_50
2071,1101230.8690537168,26,P2_outputs_path_0_to_50
2072,1112523.9735851046,26,P2_outputs_path_0_to_50
2073,1051323.3691757992,26,P2_outputs_path_0_to_50
2074,1097576.8427357748,26,P2_outputs_path_0_to_50
2075,,26,P2_outputs_path_0_to_50
2025,226719.410345158,27,P2_outputs_path_0_to_50
2026,303815.0422025901,27,P2_outputs_path_0_to_50
2027,500508.683528072,27,P2_outputs_path_0_to_50
2028,726399.748199677,27,P2_outputs_path_0_to_50
2029,813208.7904437574,27,P2_outputs_path_0_to_50
2030,822236.5472224626,27,P2_outputs_path_0_to_50
2031,900300.0671308356,27,P2_outputs_path_0_to_50
2032,1064132.207230324,27,P2_outputs_path_0_to_50
2033,1233795.8009746126,27,P2_outputs_path_0_to_50
2034,687371.6631335204,27,P2_outputs_path_0_to_50
2035,553875.3564859007,27,P2_outputs_path_0_to_50
2036,633719.0722405055,27,P2_outputs_path_0_to_50
2037,872643.7008251183,27,P2_outputs_path_0_to_50
2038,1046396.5108954246,27,P2_outputs_path_0_to_50
2039,1421474.2918153158,27,P2_outputs_path_0_to_50
2040,1335887.6529814024,27,P2_outputs_path_0_to_50
2041,1754499.5459745086,27,P2_outputs_path_0_to_50
2042,2183432.7298950804,27,P2_outputs_path_0_to_50
2043,2369862.363727132,27,P2_outputs_path_0_to_50
2044,3186252.8998135054,27,P2_outputs_path_0_to_50
2045,2904534.9009645074,27,P2_outputs_path_0_to_50
2046,2589679.0607768083,27,P2_outputs_path_0_to_50
2047,2800478.049112832,27,P2_outputs_path_0_to_50
2048,2847440.0567223337,27,P2_outputs_path_0_to_50
2049,2886270.9583315584,27,P2_outputs_path_0_to_50
2050,3141704.0868407986,27,P2_outputs_path_0_to_50
2051,4128972.3576808274,27,P2_outputs_path_0_to_50
2052,3939742.760836239,27,P2_outputs_path_0_to_50
2053,4198594.7927245125,27,P2_outputs_path_0_to_50
2054,4450614.92500174,27,P2_outputs_path_0_to_50
2055,4383152.707364535,27,P2_outputs_path_0_to_50
2056,4523046.989430099,27,P2_outputs_path_0_to_50
2057,4493861.408063769,27,P2_outputs_path_0_to_50
2058,4688794.449481759,27,P2_outputs_path_0_to_50
2059,314831.01634542085,27,P2_outputs_path_0_to_50
2060,473603.8963782679,27,P2_outputs_path_0_to_50
2061,413002.9463664007,27,P2_outputs_path_0_to_50
2062,440405.0926183347,27,P2_outputs_path_0_to_50
2063,459384.7764638099,27,P2_outputs_path_0_to_50
2064,456684.91967961285,27,P2_outputs_path_0_to_50
2065,445067.4303963054,27,P2_outputs_path_0_to_50
2066,472574.14980073867,27,P2_outputs_path_0_to_50
2067,483054.1570360891,27,P2_outputs_path_0_to_50
2068,458153.5751506836,27,P2_outputs_path_0_to_50
2069,517880.105825575,27,P2_outputs_path_0_to_50
2070,522620.2541242088,27,P2_outputs_path_0_to_50
2071,522966.9286309603,27,P2_outputs_path_0_to_50
2072,558406.8161116135,27,P2_outputs_path_0_to_50
2073,579694.4696635528,27,P2_outputs_path_0_to_50
2074,600026.515320824,27,P2_outputs_path_0_to_50
2075,,27,P2_outputs_path_0_to_50
2025,188969.3235410812,28,P2_outputs_path_0_to_50
2026,306797.1980016383,28,P2_outputs_path_0_to_50
2027,466168.7571337992,28,P2_outputs_path_0_to_50
2028,730373.8221631405,28,P2_outputs_path_0_to_50
2029,757479.8226512057,28,P2_outputs_path_0_to_50
2030,911426.4334457052,28,P2_outputs_path_0_to_50
2031,910618.0913680282,28,P2_outputs_path_0_to_50
2032,910784.4161037592,28,P2_outputs_path_0_to_50
2033,1028747.6608516088,28,P2_outputs_path_0_to_50
2034,411116.2886708696,28,P2_outputs_path_0_to_50
2035,514591.3529324562,28,P2_outputs_path_0_to_50
2036,588160.6275938194,28,P2_outputs_path_0_to_50
2037,679209.2927456256,28,P2_outputs_path_0_to_50
2038,849756.3386936928,28,P2_outputs_path_0_to_50
2039,1029583.2093938591,28,P2_outputs_path_0_to_50
2040,1148558.0920348088,28,P2_outputs_path_0_to_50
2041,1195104.2504440958,28,P2_outputs_path_0_to_50
2042,1199801.7382726213,28,P2_outputs_path_0_to_50
2043,1637990.8822756135,28,P2_outputs_path_0_to_50
2044,1736556.1626784508,28,P2_outputs_path_0_to_50
2045,1952604.1370679568,28,P2_outputs_path_0_to_50
2046,2192834.3691231417,28,P2_outputs_path_0_to_50
2047,2404352.895621924,28,P2_outputs_path_0_to_50
2048,2651014.402170599,28,P2_outputs_path_0_to_50
2049,2795580.8839698043,28,P2_outputs_path_0_to_50
2050,3052735.910382795,28,P2_outputs_path_0_to_50
2051,3519519.1029651533,28,P2_outputs_path_0_to_50
2052,3695031.042942161,28,P2_outputs_path_0_to_50
2053,3280975.25184151,28,P2_outputs_path_0_to_50
2054,3493549.623187881,28,P2_outputs_path_0_to_50
2055,4178967.373762339,28,P2_outputs_path_0_to_50
2056,4125414.536382027,28,P2_outputs_path_0_to_50
2057,4263114.612379269,28,P2_outputs_path_0_to_50
2058,4560053.917446524,28,P2_outputs_path_0_to_50
2059,587079.09501715,28,P2_outputs_path_0_to_50
2060,738986.7826290414,28,P2_outputs_path_0_to_50
2061,669979.3941428224,28,P2_outputs_path_0_to_50
2062,706276.6029411359,28,P2_outputs_path_0_to_50
2063,685737.5506087434,28,P2_outputs_path_0_to_50
2064,613387.0863935879,28,P2_outputs_path_0_to_50
2065,583504.425505254,28,P2_outputs_path_0_to_50
2066,651424.0412390995,28,P2_outputs_path_0_to_50
2067,665072.951950829,28,P2_outputs_path_0_to_50
2068,647259.386517224,28,P2_outputs_path_0_to_50
2069,590987.461094951,28,P2_outputs_path_0_to_50
2070,573478.9422278784,28,P2_outputs_path_0_to_50
2071,560373.2901614325,28,P2_outputs_path_0_to_50
2072,558213.1248605708,28,P2_outputs_path_0_to_50
2073,573146.768854114,28,P2_outputs_path_0_to_50
2074,573492.9881932547,28,P2_outputs_path_0_to_50
2075,,28,P2_outputs_path_0_to_50
2025,210934.8444987832,29,P2_outputs_path_0_to_50
2026,288683.38497713674,29,P2_outputs_path_0_to_50
2027,378548.70329221326,29,P2_outputs_path_0_to_50
2028,583219.8279989713,29,P2_outputs_path_0_to_50
2029,731119.2893074669,29,P2_outputs_path_0_to_50
2030,829469.3082321646,29,P2_outputs_path_0_to_50
2031,788945.5110654554,29,P2_outputs_path_0_to_50
2032,834349.9071395199,29,P2_outputs_path_0_to_50
2033,924633.6470037485,29,P2_outputs_path_0_to_50
2034,323211.96402866265,29,P2_outputs_path_0_to_50
2035,451307.2080949744,29,P2_outputs_path_0_to_50
2036,627800.477084233,29,P2_outputs_path_0_to_50
2037,655444.8427982051,29,P2_outputs_path_0_to_50
2038,849926.3360767327,29,P2_outputs_path_0_to_50
2039,1250473.4666199638,29,P2_outputs_path_0_to_50
2040,1514783.706272687,29,P2_outputs_path_0_to_50
2041,1467918.065282641,29,P2_outputs_path_0_to_50
2042,1667248.297878856,29,P2_outputs_path_0_to_50
2043,1707191.930569538,29,P2_outputs_path_0_to_50
2044,1780986.2874174074,29,P2_outputs_path_0_to_50
2045,2018179.526822288,29,P2_outputs_path_0_to_50
2046,2801175.849525776,29,P2_outputs_path_0_to_50
2047,3018380.3475395315,29,P2_outputs_path_0_to_50
2048,3322890.9842916927,29,P2_outputs_path_0_to_50
2049,3596389.989627407,29,P2_outputs_path_0_to_50
2050,3493540.115430537,29,P2_outputs_path_0_to_50
2051,3953417.994049496,29,P2_outputs_path_0_to_50
2052,5191357.369039631,29,P2_outputs_path_0_to_50
2053,4998789.353988735,29,P2_outputs_path_0_to_50
2054,5191366.804239302,29,P2_outputs_path_0_to_50
2055,5155553.512499211,29,P2_outputs_path_0_to_50
2056,5011240.982551003,29,P2_outputs_path_0_to_50
2057,4929853.033568026,29,P2_outputs_path_0_to_50
2058,4894250.007107418,29,P2_outputs_path_0_to_50
2059,735699.11602013,29,P2_outputs_path_0_to_50
2060,880297.7592997239,29,P2_outputs_path_0_to_50
2061,860246.9439288203,29,P2_outputs_path_0_to_50
2062,893931.01354698,29,P2_outputs_path_0_to_50
2063,879770.8581485364,29,P2_outputs_path_0_to_50
2064,849122.3010361725,29,P2_outputs_path_0_to_50
2065,799865.8997594976,29,P2_outputs_path_0_to_50
2066,772499.5638845963,29,P2_outputs_path_0_to_50
2067,796112.4180741914,29,P2_outputs_path_0_to_50
2068,812901.6446188961,29,P2_outputs_path_0_to_50
2069,702552.129189814,29,P2_outputs_path_0_to_50
2070,686121.3380158532,29,P2_outputs_path_0_to_50
2071,714618.1760254751,29,P2_outputs_path_0_to_50
2072,761021.2390419656,29,P2_outputs_path_0_to_50
2073,807629.3356907181,29,P2_outputs_path_0_to_50
2074,853337.9785433696,29,P2_outputs_path_0_to_50
2075,,29,P2_outputs_path_0_to_50
2025,191444.117558893,30,P2_outputs_path_0_to_50
2026,351034.07643414,30,P2_outputs_path_0_to_50
2027,458465.5503161513,30,P2_outputs_path_0_to_50
2028,472253.82116840384,30,P2_outputs_path_0_to_50
2029,539394.4747307061,30,P2_outputs_path_0_to_50
2030,452686.84576387145,30,P2_outputs_path_0_to_50
2031,485897.36514920014,30,P2_outputs_path_0_to_50
2032,657452.9560481523,30,P2_outputs_path_0_to_50
2033,721833.9667001915,30,P2_outputs_path_0_to_50
2034,168680.7210394838,30,P2_outputs_path_0_to_50
2035,294580.99702599185,30,P2_outputs_path_0_to_50
2036,352435.33189929393,30,P2_outputs_path_0_to_50
2037,394804.7749614532,30,P2_outputs_path_0_to_50
2038,519737.5097129797,30,P2_outputs_path_0_to_50
2039,757450.7993475251,30,P2_outputs_path_0_to_50
2040,646180.0903819287,30,P2_outputs_path_0_to_50
2041,701633.3391487263,30,P2_outputs_path_0_to_50
2042,885146.2046777544,30,P2_outputs_path_0_to_50
2043,1121481.37521384,30,P2_outputs_path_0_to_50
2044,1192492.2708562997,30,P2_outputs_path_0_to_50
2045,1403224.1580501632,30,P2_outputs_path_0_to_50
2046,2096429.9549547208,30,P2_outputs_path_0_to_50
2047,2413773.4047725457,30,P2_outputs_path_0_to_50
2048,2687821.158804927,30,P2_outputs_path_0_to_50
2049,2823684.164354468,30,P2_outputs_path_0_to_50
2050,3283938.980244037,30,P2_outputs_path_0_to_50
2051,2840264.3934768834,30,P2_outputs_path_0_to_50
2052,2638273.55641422,30,P2_outputs_path_0_to_50
2053,2274550.073496423,30,P2_outputs_path_0_to_50
2054,2365562.731616296,30,P2_outputs_path_0_to_50
2055,2641967.7695941576,30,P2_outputs_path_0_to_50
2056,2590159.5638521668,30,P2_outputs_path_0_to_50
2057,2790775.952551913,30,P2_outputs_path_0_to_50
2058,3037498.887342044,30,P2_outputs_path_0_to_50
2059,0.0,30,P2_outputs_path_0_to_50
2060,145650.34908140666,30,P2_outputs_path_0_to_50
2061,133754.24388529843,30,P2_outputs_path_0_to_50
2062,135245.18975259562,30,P2_outputs_path_0_to_50
2063,127432.2907065222,30,P2_outputs_path_0_to_50
2064,132603.42399816043,30,P2_outputs_path_0_to_50
2065,130566.764040213,30,P2_outputs_path_0_to_50
2066,123957.39253717707,30,P2_outputs_path_0_to_50
2067,135691.75152770075,30,P2_outputs_path_0_to_50
2068,143399.45691943754,30,P2_outputs_path_0_to_50
2069,138997.32497299227,30,P2_outputs_path_0_to_50
2070,131377.10456400109,30,P2_outputs_path_0_to_50
2071,138208.6776279128,30,P2_outputs_path_0_to_50
2072,133081.40855906947,30,P2_outputs_path_0_to_50
2073,126951.20692421534,30,P2_outputs_path_0_to_50
2074,130160.09462987947,30,P2_outputs_path_0_to_50
2075,,30,P2_outputs_path_0_to_50
2025,200574.489906772,31,P2_outputs_path_0_to_50
2026,281843.6626784612,31,P2_outputs_path_0_to_50
2027,589974.879277807,31,P2_outputs_path_0_to_50
2028,773944.244966613,31,P2_outputs_path_0_to_50
2029,892683.7364217208,31,P2_outputs_path_0_to_50
2030,993751.0180224276,31,P2_outputs_path_0_to_50
2031,1046087.9519393352,31,P2_outputs_path_0_to_50
2032,1114476.2819863348,31,P2_outputs_path_0_to_50
2033,1189855.5371548345,31,P2_outputs_path_0_to_50
2034,568159.2046990102,31,P2_outputs_path_0_to_50
2035,688432.0014493618,31,P2_outputs_path_0_to_50
2036,700113.4101673934,31,P2_outputs_path_0_to_50
2037,896594.4075865006,31,P2_outputs_path_0_to_50
2038,1079677.8034955547,31,P2_outputs_path_0_to_50
2039,1291596.4182060575,31,P2_outputs_path_0_to_50
2040,1153833.8138375476,31,P2_outputs_path_0_to_50
2041,1158180.3509235256,31,P2_outputs_path_0_to_50
2042,1302347.7695756778,31,P2_outputs_path_0_to_50
2043,1080073.8161132338,31,P2_outputs_path_0_to_50
2044,982023.8973162998,31,P2_outputs_path_0_to_50
2045,1314284.55326806,31,P2_outputs_path_0_to_50
2046,1539750.9497196702,31,P2_outputs_path_0_to_50
2047,1566378.8659409075,31,P2_outputs_path_0_to_50
2048,1415319.1487034445,31,P2_outputs_path_0_to_50
2049,1439571.9081197437,31,P2_outputs_path_0_to_50
2050,1505783.5785718723,31,P2_outputs_path_0_to_50
2051,1474917.1635579614,31,P2_outputs_path_0_to_50
2052,1623349.7468672467,31,P2_outputs_path_0_to_50
2053,1591228.3018088252,31,P2_outputs_path_0_to_50
2054,1700609.1093368938,31,P2_outputs_path_0_to_50
2055,1777258.06023143,31,P2_outputs_path_0_to_50
2056,2157496.135923866,31,P2_outputs_path_0_to_50
2057,2611686.473906996,31,P2_outputs_path_0_to_50
2058,2737400.1953560584,31,P2_outputs_path_0_to_50
2059,0.0,31,P2_outputs_path_0_to_50
2060,146741.84052549565,31,P2_outputs_path_0_to_50
2061,150766.8926882223,31,P2_outputs_path_0_to_50
2062,162791.6028460772,31,P2_outputs_path_0_to_50
2063,151213.33316130188,31,P2_outputs_path_0_to_50
2064,149663.25337978496,31,P2_outputs_path_0_to_50
2065,161710.47378102934,31,P2_outputs_path_0_to_50
2066,197675.43847584148,31,P2_outputs_path_0_to_50
2067,220422.15171587936,31,P2_outputs_path_0_to_50
2068,218072.79356840928,31,P2_outputs_path_0_to_50
2069,203785.70203387635,31,P2_outputs_path_0_to_50
2070,198060.5795940516,31,P2_outputs_path_0_to_50
2071,196821.9554464891,31,P2_outputs_path_0_to_50
2072,208941.336584498,31,P2_outputs_path_0_to_50
2073,216450.8995512591,31,P2_outputs_path_0_to_50
2074,202830.93528963535,31,P2_outputs_path_0_to_50
2075,,31,P2_outputs_path_0_to_50
2025,231357.7068770151,32,P2_outputs_path_0_to_50
2026,318307.96865367703,32,P2_outputs_path_0_to_50
2027,415702.7497502124,32,P2_outputs_path_0_to_50
2028,357118.7919254849,32,P2_outputs_path_0_to_50
2029,434148.42285092105,32,P2_outputs_path_0_to_50
2030,611207.8334718033,32,P2_outputs_path_0_to_50
2031,683919.1618189684,32,P2_outputs_path_0_to_50
2032,806377.0230774195,32,P2_outputs_path_0_to_50
2033,976577.8842629868,32,P2_outputs_path_0_to_50
2034,384541.8204770121,32,P2_outputs_path_0_to_50
2035,407638.7598869663,32,P2_outputs_path_0_to_50
2036,540657.0276896425,32,P2_outputs_path_0_to_50
2037,594205.4669738404,32,P2_outputs_path_0_to_50
2038,559514.103969217,32,P2_outputs_path_0_to_50
2039,893608.060543453,32,P2_outputs_path_0_to_50
2040,843082.4043370509,32,P2_outputs_path_0_to_50
2041,994368.06281942,32,P2_outputs_path_0_to_50
2042,1167972.1847093608,32,P2_outputs_path_0_to_50
2043,1301877.267909003,32,P2_outputs_path_0_to_50
2044,1331818.732169818,32,P2_outputs_path_0_to_50
2045,954801.9859673952,32,P2_outputs_path_0_to_50
2046,1351926.6998028643,32,P2_outputs_path_0_to_50
2047,1688250.349116595,32,P2_outputs_path_0_to_50
2048,1977965.9100562031,32,P2_outputs_path_0_to_50
2049,2814303.1635946,32,P2_outputs_path_0_to_50
2050,2525850.1874349117,32,P2_outputs_path_0_to_50
2051,3525731.228186127,32,P2_outputs_path_0_to_50
2052,3983310.779532631,32,P2_outputs_path_0_to_50
2053,4140932.2992786914,32,P2_outputs_path_0_to_50
2054,4611540.816224609,32,P2_outputs_path_0_to_50
2055,4834147.858695455,32,P2_outputs_path_0_to_50
2056,4943469.250285698,32,P2_outputs_path_0_to_50
2057,5291862.176632957,32,P2_outputs_path_0_to_50
2058,5524404.26083063,32,P2_outputs_path_0_to_50
2059,1431895.3371163728,32,P2_outputs_path_0_to_50
2060,1465274.8473188782,32,P2_outputs_path_0_to_50
2061,1411093.4271479717,32,P2_outputs_path_0_to_50
2062,1444775.224560793,32,P2_outputs_path_0_to_50
2063,1322256.2838770004,32,P2_outputs_path_0_to_50
2064,1327416.172713007,32,P2_outputs_path_0_to_50
2065,1336280.5951607288,32,P2_outputs_path_0_to_50
2066,1536339.3826231747,32,P2_outputs_path_0_to_50
2067,1379235.9745544926,32,P2_outputs_path_0_to_50
2068,1371369.767474025,32,P2_outputs_path_0_to_50
2069,1350947.023855843,32,P2_outputs_path_0_to_50
2070,1219658.157598112,32,P2_outputs_path_0_to_50
2071,1240769.211995998,32,P2_outputs_path_0_to_50
2072,1149768.30374853,32,P2_outputs_path_0_to_50
2073,1234599.0359000384,32,P2_outputs_path_0_to_50
2074,1213531.4923422402,32,P2_outputs_path_0_to_50
2075,,32,P2_outputs_path_0_to_50
2025,197314.68713091224,33,P2_outputs_path_0_to_50
2026,322751.147449093,33,P2_outputs_path_0_to_50
2027,465539.7198521071,33,P2_outputs_path_0_to_50
2028,769476.387524598,33,P2_outputs_path_0_to_50
2029,872813.9357865149,33,P2_outputs_path_0_to_50
2030,960559.5015796066,33,P2_outputs_path_0_to_50
2031,1066830.7559797815,33,P2_outputs_path_0_to_50
2032,1469111.4135698765,33,P2_outputs_path_0_to_50
2033,1641089.952752177,33,P2_outputs_path_0_to_50
2034,1132251.7507592265,33,P2_outputs_path_0_to_50
2035,967615.5988271588,33,P2_outputs_path_0_to_50
2036,1617661.2253874268,33,P2_outputs_path_0_to_50
2037,1578332.3111981037,33,P2_outputs_path_0_to_50
2038,1648346.8137576876,33,P2_outputs_path_0_to_50
2039,1742331.360673188,33,P2_outputs_path_0_to_50
2040,1704464.785855952,33,P2_outputs_path_0_to_50
2041,2074745.5216219376,33,P2_outputs_path_0_to_50
2042,2196506.0875616907,33,P2_outputs_path_0_to_50
2043,2559246.5071971244,33,P2_outputs_path_0_to_50
2044,2774931.392948514,33,P2_outputs_path_0_to_50
2045,2810788.0094040427,33,P2_outputs_path_0_to_50
2046,3327807.4974777526,33,P2_outputs_path_0_to_50
2047,2872685.834181743,33,P2_outputs_path_0_to_50
2048,3171281.835596648,33,P2_outputs_path_0_to_50
2049,3407135.30633244,33,P2_outputs_path_0_to_50
2050,3389254.4969497784,33,P2_outputs_path_0_to_50
2051,3004477.501359818,33,P2_outputs_path_0_to_50
2052,3273915.3833980784,33,P2_outputs_path_0_to_50
2053,3476231.318734512,33,P2_outputs_path_0_to_50
2054,3882120.839043494,33,P2_outputs_path_0_to_50
2055,4195646.899973553,33,P2_outputs_path_0_to_50
2056,3959956.8180202185,33,P2_outputs_path_0_to_50
2057,4381331.097649995,33,P2_outputs_path_0_to_50
2058,4099605.879306978,33,P2_outputs_path_0_to_50
2059,192464.47047822457,33,P2_outputs_path_0_to_50
2060,389944.6584532581,33,P2_outputs_path_0_to_50
2061,379938.85840379295,33,P2_outputs_path_0_to_50
2062,374469.495154697,33,P2_outputs_path_0_to_50
2063,387447.882476483,33,P2_outputs_path_0_to_50
2064,359140.5888284146,33,P2_outputs_path_0_to_50
2065,342170.9059812644,33,P2_outputs_path_0_to_50
2066,359199.5327612673,33,P2_outputs_path_0_to_50
2067,343792.9542770806,33,P2_outputs_path_0_to_50
2068,350612.1105370179,33,P2_outputs_path_0_to_50
2069,340131.3666095874,33,P2_outputs_path_0_to_50
2070,332331.3948340274,33,P2_outputs_path_0_to_50
2071,334432.1269638966,33,P2_outputs_path_0_to_50
2072,335749.0056841181,33,P2_outputs_path_0_to_50
2073,340147.14884422533,33,P2_outputs_path_0_to_50
2074,345906.48331739835,33,P2_outputs_path_0_to_50
2075,,33,P2_outputs_path_0_to_50
2025,203040.60454925505,34,P2_outputs_path_0_to_50
2026,247115.52964920708,34,P2_outputs_path_0_to_50
2027,289887.41229611053,34,P2_outputs_path_0_to_50
2028,363548.4811297228,34,P2_outputs_path_0_to_50
2029,307448.5673942775,34,P2_outputs_path_0_to_50
2030,366790.9107098035,34,P2_outputs_path_0_to_50
2031,545526.4924875264,34,P2_outputs_path_0_to_50
2032,658409.8187455684,34,P2_outputs_path_0_to_50
2033,769685.4698534431,34,P2_outputs_path_0_to_50
2034,235511.8467352197,34,P2_outputs_path_0_to_50
2035,268392.27734339103,34,P2_outputs_path_0_to_50
2036,450315.6855499668,34,P2_outputs_path_0_to_50
2037,614388.7984410024,34,P2_outputs_path_0_to_50
2038,944070.4415321142,34,P2_outputs_path_0_to_50
2039,1180698.9256794977,34,P2_outputs_path_0_to_50
2040,1208951.607299221,34,P2_outputs_path_0_to_50
2041,1518573.582768052,34,P2_outputs_path_0_to_50
2042,1817091.929176856,34,P2_outputs_path_0_to_50
2043,2097121.0321106743,34,P2_outputs_path_0_to_50
2044,2326934.241908016,34,P2_outputs_path_0_to_50
2045,2350895.22277169,34,P2_outputs_path_0_to_50
2046,2742397.168742288,34,P2_outputs_path_0_to_50
2047,3663492.1227025343,34,P2_outputs_path_0_to_50
2048,4114547.040417085,34,P2_outputs_path_0_to_50
2049,4248479.608085845,34,P2_outputs_path_0_to_50
2050,4610877.347872997,34,P2_outputs_path_0_to_50
2051,4337726.898619452,34,P2_outputs_path_0_to_50
2052,4034818.6159946406,34,P2_outputs_path_0_to_50
2053,3952214.5473849447,34,P2_outputs_path_0_to_50
2054,4662407.06319226,34,P2_outputs_path_0_to_50
2055,5051579.855630074,34,P2_outputs_path_0_to_50
2056,4902185.922389273,34,P2_outputs_path_0_to_50
2057,4524493.38772024,34,P2_outputs_path_0_to_50
2058,4463522.241951147,34,P2_outputs_path_0_to_50
2059,759258.5868049636,34,P2_outputs_path_0_to_50
2060,899464.016992458,34,P2_outputs_path_0_to_50
2061,972764.713909616,34,P2_outputs_path_0_to_50
2062,938336.3552062575,34,P2_outputs_path_0_to_50
2063,921501.8047612004,34,P2_outputs_path_0_to_50
2064,900116.8749140175,34,P2_outputs_path_0_to_50
2065,907342.7344160303,34,P2_outputs_path_0_to_50
2066,903112.9441110136,34,P2_outputs_path_0_to_50
2067,893570.4512137679,34,P2_outputs_path_0_to_50
2068,872024.782134221,34,P2_outputs_path_0_to_50
2069,791887.5329816659,34,P2_outputs_path_0_to_50
2070,788170.7753270103,34,P2_outputs_path_0_to_50
2071,770509.0694185714,34,P2_outputs_path_0_to_50
2072,795621.8763554224,34,P2_outputs_path_0_to_50
2073,838776.0387221706,34,P2_outputs_path_0_to_50
2074,863317.767649856,34,P2_outputs_path_0_to_50
2075,,34,P2_outputs_path_0_to_50
2025,252477.74174722665,35,P2_outputs_path_0_to_50
2026,368391.6657138476,35,P2_outputs_path_0_to_50
2027,462839.1713090644,35,P2_outputs_path_0_to_50
2028,528343.1076237771,35,P2_outputs_path_0_to_50
2029,557188.7634460621,35,P2_outputs_path_0_to_50
2030,654139.5688545913,35,P2_outputs_path_0_to_50
2031,784783.3266093661,35,P2_outputs_path_0_to_50
2032,883178.7782024763,35,P2_outputs_path_0_to_50
2033,1004318.3630362708,35,P2_outputs_path_0_to_50
2034,357387.4033170439,35,P2_outputs_path_0_to_50
2035,416670.0166071209,35,P2_outputs_path_0_to_50
2036,567652.9889006212,35,P2_outputs_path_0_to_50
2037,1029836.4307484413,35,P2_outputs_path_0_to_50
2038,1110255.9470652996,35,P2_outputs_path_0_to_50
2039,1101653.8946907446,35,P2_outputs_path_0_to_50
2040,1061254.3716952277,35,P2_outputs_path_0_to_50
2041,1203441.9900634126,35,P2_outputs_path_0_to_50
2042,1116789.7642311929,35,P2_outputs_path_0_to_50
2043,1281811.5762714508,35,P2_outputs_path_0_to_50
2044,1135523.7930009477,35,P2_outputs_path_0_to_50
2045,1286057.8574431206,35,P2_outputs_path_0_to_50
2046,1642477.3071275805,35,P2_outputs_path_0_to_50
2047,2252513.512190864,35,P2_outputs_path_0_to_50
2048,2544758.583615657,35,P2_outputs_path_0_to_50
2049,2833908.9114284143,35,P2_outputs_path_0_to_50
2050,3302462.8431531927,35,P2_outputs_path_0_to_50
2051,3801954.753319561,35,P2_outputs_path_0_to_50
2052,5080955.62797233,35,P2_outputs_path_0_to_50
2053,5378576.432851483,35,P2_outputs_path_0_to_50
2054,5199456.320299634,35,P2_outputs_path_0_to_50
2055,5266049.744438267,35,P2_outputs_path_0_to_50
2056,5075902.177551417,35,P2_outputs_path_0_to_50
2057,5024444.287792961,35,P2_outputs_path_0_to_50
2058,5281251.022612672,35,P2_outputs_path_0_to_50
2059,1066600.7500249837,35,P2_outputs_path_0_to_50
2060,1130926.1842766246,35,P2_outputs_path_0_to_50
2061,1095989.0609904365,35,P2_outputs_path_0_to_50
2062,1061093.420932509,35,P2_outputs_path_0_to_50
2063,1016470.9558800182,35,P2_outputs_path_0_to_50
2064,1016899.2586277586,35,P2_outputs_path_0_to_50
2065,945505.5008287864,35,P2_outputs_path_0_to_50
2066,1045896.068459725,35,P2_outputs_path_0_to_50
2067,1097104.2054445548,35,P2_outputs_path_0_to_50
2068,1105201.3999995915,35,P2_outputs_path_0_to_50
2069,1122802.5049297907,35,P2_outputs_path_0_to_50
2070,1077506.672972925,35,P2_outputs_path_0_to_50
2071,1014168.39503658,35,P2_outputs_path_0_to_50
2072,964828.089822951,35,P2_outputs_path_0_to_50
2073,992093.036547248,35,P2_outputs_path_0_to_50
2074,975226.2741592922,35,P2_outputs_path_0_to_50
2075,,35,P2_outputs_path_0_to_50
2025,181521.372979196,36,P2_outputs_path_0_to_50
2026,246122.9515606449,36,P2_outputs_path_0_to_50
2027,370076.94055355777,36,P2_outputs_path_0_to_50
2028,473231.2537513583,36,P2_outputs_path_0_to_50
2029,676956.0573833369,36,P2_outputs_path_0_to_50
2030,770591.8342294861,36,P2_outputs_path_0_to_50
2031,810280.1955997121,36,P2_outputs_path_0_to_50
2032,953402.3777153709,36,P2_outputs_path_0_to_50
2033,1064987.8508638376,36,P2_outputs_path_0_to_50
2034,579930.6396956244,36,P2_outputs_path_0_to_50
2035,813845.1624976728,36,P2_outputs_path_0_to_50
2036,988026.5196900256,36,P2_outputs_path_0_to_50
2037,1201022.21980856,36,P2_outputs_path_0_to_50
2038,1521185.7882951293,36,P2_outputs_path_0_to_50
2039,2003455.8156173767,36,P2_outputs_path_0_to_50
2040,1504920.1694602785,36,P2_outputs_path_0_to_50
2041,1303724.0418392532,36,P2_outputs_path_0_to_50
2042,997429.0660653532,36,P2_outputs_path_0_to_50
2043,1258479.3412987776,36,P2_outputs_path_0_to_50
2044,1718521.862937278,36,P2_outputs_path_0_to_50
2045,1790986.1438398615,36,P2_outputs_path_0_to_50
2046,2008605.400414845,36,P2_outputs_path_0_to_50
2047,1716549.6292124402,36,P2_outputs_path_0_to_50
2048,2070032.487988304,36,P2_outputs_path_0_to_50
2049,2456964.695199409,36,P2_outputs_path_0_to_50
2050,2367267.9436129946,36,P2_outputs_path_0_to_50
2051,2766698.8806790463,36,P2_outputs_path_0_to_50
2052,3576554.327962773,36,P2_outputs_path_0_to_50
2053,3951897.2615887984,36,P2_outputs_path_0_to_50
2054,5008993.666336343,36,P2_outputs_path_0_to_50
2055,5022103.826597107,36,P2_outputs_path_0_to_50
2056,4872823.137516098,36,P2_outputs_path_0_to_50
2057,5001118.450613695,36,P2_outputs_path_0_to_50
2058,5481245.32991608,36,P2_outputs_path_0_to_50
2059,1279096.1391205173,36,P2_outputs_path_0_to_50
2060,1376129.8395925923,36,P2_outputs_path_0_to_50
2061,1374459.725858011,36,P2_outputs_path_0_to_50
2062,1413424.4158459855,36,P2_outputs_path_0_to_50
2063,1504809.4323199857,36,P2_outputs_path_0_to_50
2064,1445164.8525118695,36,P2_outputs_path_0_to_50
2065,1581326.3339745346,36,P2_outputs_path_0_to_50
2066,1715268.3194407476,36,P2_outputs_path_0_to_50
2067,1691796.4647194152,36,P2_outputs_path_0_to_50
2068,1644179.1473590364,36,P2_outputs_path_0_to_50
2069,1612504.7788832784,36,P2_outputs_path_0_to_50
2070,1479224.223570804,36,P2_outputs_path_0_to_50
2071,1396684.1956355216,36,P2_outputs_path_0_to_50
2072,1408485.1241906993,36,P2_outputs_path_0_to_50
2073,1546891.006543093,36,P2_outputs_path_0_to_50
2074,1697364.6134798685,36,P2_outputs_path_0_to_50
2075,,36,P2_outputs_path_0_to_50
2025,223406.9080850982,37,P2_outputs_path_0_to_50
2026,354019.87838460424,37,P2_outputs_path_0_to_50
2027,437439.1118806262,37,P2_outputs_path_0_to_50
2028,567511.8975130748,37,P2_outputs_path_0_to_50
2029,619389.4951849127,37,P2_outputs_path_0_to_50
2030,671122.672463964,37,P2_outputs_path_0_to_50
2031,729322.1614372551,37,P2_outputs_path_0_to_50
2032,787206.8509088093,37,P2_outputs_path_0_to_50
2033,915862.9418817458,37,P2_outputs_path_0_to_50
2034,420486.1610044024,37,P2_outputs_path_0_to_50
2035,670627.0933613344,37,P2_outputs_path_0_to_50
2036,813925.1863300137,37,P2_outputs_path_0_to_50
2037,889640.0866405674,37,P2_outputs_path_0_to_50
2038,1120084.170527388,37,P2_outputs_path_0_to_50
2039,1647958.5321171223,37,P2_outputs_path_0_to_50
2040,1650505.7179478132,37,P2_outputs_path_0_to_50
2041,2089483.950305484,37,P2_outputs_path_0_to_50
2042,2622764.1093922607,37,P2_outputs_path_0_to_50
2043,2841116.504968561,37,P2_outputs_path_0_to_50
2044,3254597.559422202,37,P2_outputs_path_0_to_50
2045,3301453.056254521,37,P2_outputs_path_0_to_50
2046,2593162.7404061607,37,P2_outputs_path_0_to_50
2047,3022577.859841855,37,P2_outputs_path_0_to_50
2048,3622532.8349557114,37,P2_outputs_path_0_to_50
2049,3397716.804350933,37,P2_outputs_path_0_to_50
2050,3634875.267425299,37,P2_outputs_path_0_to_50
2051,3031547.21368486,37,P2_outputs_path_0_to_50
2052,2428389.773885908,37,P2_outputs_path_0_to_50
2053,2902257.263824946,37,P2_outputs_path_0_to_50
2054,4018614.684701617,37,P2_outputs_path_0_to_50
2055,3878887.075862251,37,P2_outputs_path_0_to_50
2056,4377213.364642987,37,P2_outputs_path_0_to_50
2057,4264460.944692883,37,P2_outputs_path_0_to_50
2058,3887344.548636661,37,P2_outputs_path_0_to_50
2059,0.0,37,P2_outputs_path_0_to_50
2060,151703.0334100768,37,P2_outputs_path_0_to_50
2061,160332.73732511324,37,P2_outputs_path_0_to_50
2062,137054.39905318758,37,P2_outputs_path_0_to_50
2063,136891.10161190783,37,P2_outputs_path_0_to_50
2064,152165.45447361702,37,P2_outputs_path_0_to_50
2065,123958.7634088598,37,P2_outputs_path_0_to_50
2066,136228.712240351,37,P2_outputs_path_0_to_50
2067,145064.1849836571,37,P2_outputs_path_0_to_50
2068,140849.74962672716,37,P2_outputs_path_0_to_50
2069,153362.64911861348,37,P2_outputs_path_0_to_50
2070,139051.10796870338,37,P2_outputs_path_0_to_50
2071,159749.3007858419,37,P2_outputs_path_0_to_50
2072,159638.8787231109,37,P2_outputs_path_0_to_50
2073,182134.8059513948,37,P2_outputs_path_0_to_50
2074,183498.35444056205,37,P2_outputs_path_0_to_50
2075,,37,P2_outputs_path_0_to_50
2025,236626.69035453344,38,P2_outputs_path_0_to_50
2026,393773.0155996957,38,P2_outputs_path_0_to_50
2027,433930.3979699211,38,P2_outputs_path_0_to_50
2028,639172.0902946998,38,P2_outputs_path_0_to_50
2029,798829.1601316246,38,P2_outputs_path_0_to_50
2030,858333.4870523082,38,P2_outputs_path_0_to_50
2031,1036785.467254115,38,P2_outputs_path_0_to_50
2032,1122175.441517456,38,P2_outputs_path_0_to_50
2033,1195212.8622153932,38,P2_outputs_path_0_to_50
2034,566725.0915821319,38,P2_outputs_path_0_to_50
2035,638706.8339703097,38,P2_outputs_path_0_to_50
2036,680957.9653363323,38,P2_outputs_path_0_to_50
2037,898455.2670836895,38,P2_outputs_path_0_to_50
2038,1174914.7452848807,38,P2_outputs_path_0_to_50
2039,1431317.9106034606,38,P2_outputs_path_0_to_50
2040,1304523.016612059,38,P2_outputs_path_0_to_50
2041,1212395.2659433987,38,P2_outputs_path_0_to_50
2042,1440615.311015529,38,P2_outputs_path_0_to_50
2043,1783075.9198536642,38,P2_outputs_path_0_to_50
2044,2163872.293699567,38,P2_outputs_path_0_to_50
2045,2262049.2819693265,38,P2_outputs_path_0_to_50
2046,2617338.5424180166,38,P2_outputs_path_0_to_50
2047,2880788.8105177865,38,P2_outputs_path_0_to_50
2048,3767238.452824844,38,P2_outputs_path_0_to_50
2049,3570633.618741346,38,P2_outputs_path_0_to_50
2050,3717828.6197529607,38,P2_outputs_path_0_to_50
2051,4144654.428333255,38,P2_outputs_path_0_to_50
2052,4502984.421595532,38,P2_outputs_path_0_to_50
2053,4690222.520618297,38,P2_outputs_path_0_to_50
2054,4520069.421106217,38,P2_outputs_path_0_to_50
2055,4435925.462716475,38,P2_outputs_path_0_to_50
2056,4608665.674592432,38,P2_outputs_path_0_to_50
2057,4579339.908103352,38,P2_outputs_path_0_to_50
2058,4543822.802143511,38,P2_outputs_path_0_to_50
2059,91150.23521931376,38,P2_outputs_path_0_to_50
2060,232562.6155966712,38,P2_outputs_path_0_to_50
2061,251250.44796611505,38,P2_outputs_path_0_to_50
2062,287499.93704774586,38,P2_outputs_path_0_to_50
2063,277294.5459953539,38,P2_outputs_path_0_to_50
2064,276483.98437519814,38,P2_outputs_path_0_to_50
2065,255954.96348826168,38,P2_outputs_path_0_to_50
2066,265175.21608982864,38,P2_outputs_path_0_to_50
2067,284699.96263302345,38,P2_outputs_path_0_to_50
2068,286784.94451141224,38,P2_outputs_path_0_to_50
2069,290289.03781629534,38,P2_outputs_path_0_to_50
2070,316538.98750661704,38,P2_outputs_path_0_to_50
2071,303407.229669121,38,P2_outputs_path_0_to_50
2072,293660.1914064228,38,P2_outputs_path_0_to_50
2073,281085.5663265075,38,P2_outputs_path_0_to_50
2074,281478.0849991917,38,P2_outputs_path_0_to_50
2075,,38,P2_outputs_path_0_to_50
2025,216647.76054641663,39,P2_outputs_path_0_to_50
2026,250196.85365609248,39,P2_outputs_path_0_to_50
2027,307450.075224181,39,P2_outputs_path_0_to_50
2028,442639.6162927117,39,P2_outputs_path_0_to_50
2029,449191.1934646613,39,P2_outputs_path_0_to_50
2030,510840.7838723064,39,P2_outputs_path_0_to_50
2031,442220.1898971133,39,P2_outputs_path_0_to_50
2032,560131.8295740024,39,P2_outputs_path_0_to_50
2033,566440.1938030799,39,P2_outputs_path_0_to_50
2034,631198.4777749528,39,P2_outputs_path_0_to_50
2035,754542.2206170668,39,P2_outputs_path_0_to_50
2036,884617.4587004926,39,P2_outputs_path_0_to_50
2037,1145758.2322887564,39,P2_outputs_path_0_to_50
2038,1529869.69420013,39,P2_outputs_path_0_to_50
2039,1832642.56531818,39,P2_outputs_path_0_to_50
2040,2182027.316361936,39,P2_outputs_path_0_to_50
2041,2241708.177767438,39,P2_outputs_path_0_to_50
2042,2542239.581926617,39,P2_outputs_path_0_to_50
2043,3177038.217486303,39,P2_outputs_path_0_to_50
2044,2695743.872744884,39,P2_outputs_path_0_to_50
2045,2597722.98369876,39,P2_outputs_path_0_to_50
2046,2530658.4782523164,39,P2_outputs_path_0_to_50
2047,2759946.794027244,39,P2_outputs_path_0_to_50
2048,2735402.221497174,39,P2_outputs_path_0_to_50
2049,2738919.038038711,39,P2_outputs_path_0_to_50
2050,2809022.3505844986,39,P2_outputs_path_0_to_50
2051,2928692.4045982906,39,P2_outputs_path_0_to_50
2052,4765637.9680048525,39,P2_outputs_path_0_to_50
2053,4932661.650156315,39,P2_outputs_path_0_to_50
2054,5017356.803201308,39,P2_outputs_path_0_to_50
2055,5370401.611816127,39,P2_outputs_path_0_to_50
2056,5533881.098299284,39,P2_outputs_path_0_to_50
2057,5894865.692163516,39,P2_outputs_path_0_to_50
2058,5653332.196833062,39,P2_outputs_path_0_to_50
2059,1317021.018236925,39,P2_outputs_path_0_to_50
2060,1420802.3185697764,39,P2_outputs_path_0_to_50
2061,1458916.8611197493,39,P2_outputs_path_0_to_50
2062,1472693.5287403706,39,P2_outputs_path_0_to_50
2063,1496192.7457891563,39,P2_outputs_path_0_to_50
2064,1600778.794031425,39,P2_outputs_path_0_to_50
2065,1605547.0882603885,39,P2_outputs_path_0_to_50
2066,1680918.5820473428,39,P2_outputs_path_0_to_50
2067,1593419.5080068987,39,P2_outputs_path_0_to_50
2068,1521674.105465495,39,P2_outputs_path_0_to_50
2069,1513297.3546966692,39,P2_outputs_path_0_to_50
2070,1378240.8490224052,39,P2_outputs_path_0_to_50
2071,1498130.5838821155,39,P2_outputs_path_0_to_50
2072,1540122.8238045191,39,P2_outputs_path_0_to_50
2073,1575343.6474951503,39,P2_outputs_path_0_to_50
2074,1799687.7595664088,39,P2_outputs_path_0_to_50
2075,,39,P2_outputs_path_0_to_50
2025,222609.403128744,40,P2_outputs_path_0_to_50
2026,306867.35787051136,40,P2_outputs_path_0_to_50
2027,383098.3355902599,40,P2_outputs_path_0_to_50
2028,577721.6835584469,40,P2_outputs_path_0_to_50
2029,742268.7378956778,40,P2_outputs_path_0_to_50
2030,840235.8459892251,40,P2_outputs_path_0_to_50
2031,962391.1957594252,40,P2_outputs_path_0_to_50
2032,1047819.7506382496,40,P2_outputs_path_0_to_50
2033,1100079.7839279731,40,P2_outputs_path_0_to_50
2034,453436.4505293934,40,P2_outputs_path_0_to_50
2035,685520.8031840855,40,P2_outputs_path_0_to_50
2036,976036.1811180528,40,P2_outputs_path_0_to_50
2037,951680.5124285278,40,P2_outputs_path_0_to_50
2038,1099389.3178763406,40,P2_outputs_path_0_to_50
2039,1311235.3619583552,40,P2_outputs_path_0_to_50
2040,1333228.6391841352,40,P2_outputs_path_0_to_50
2041,1557183.337175829,40,P2_outputs_path_0_to_50
2042,1899819.876214932,40,P2_outputs_path_0_to_50
2043,2210310.3594866632,40,P2_outputs_path_0_to_50
2044,2470255.5682102977,40,P2_outputs_path_0_to_50
2045,2957451.4099687515,40,P2_outputs_path_0_to_50
2046,3426741.715791085,40,P2_outputs_path_0_to_50
2047,3119986.3762013204,40,P2_outputs_path_0_to_50
2048,3854270.186121615,40,P2_outputs_path_0_to_50
2049,3675876.509729033,40,P2_outputs_path_0_to_50
2050,3435536.245013844,40,P2_outputs_path_0_to_50
2051,3450521.79149234,40,P2_outputs_path_0_to_50
2052,3781520.41979098,40,P2_outputs_path_0_to_50
2053,4084140.566548785,40,P2_outputs_path_0_to_50
2054,4311639.73647727,40,P2_outputs_path_0_to_50
2055,4397670.641893923,40,P2_outputs_path_0_to_50
2056,4267935.336552446,40,P2_outputs_path_0_to_50
2057,4319422.023480076,40,P2_outputs_path_0_to_50
2058,4271783.141074468,40,P2_outputs_path_0_to_50
2059,463509.1687505404,40,P2_outputs_path_0_to_50
2060,620766.9820439869,40,P2_outputs_path_0_to_50
2061,643565.3878543194,40,P2_outputs_path_0_to_50
2062,625295.2347792794,40,P2_outputs_path_0_to_50
2063,575635.5163179678,40,P2_outputs_path_0_to_50
2064,542641.3208151037,40,P2_outputs_path_0_to_50
2065,532230.2386006465,40,P2_outputs_path_0_to_50
2066,597701.491202214,40,P2_outputs_path_0_to_50
2067,611154.7900832136,40,P2_outputs_path_0_to_50
2068,601928.632452806,40,P2_outputs_path_0_to_50
2069,640289.2078080825,40,P2_outputs_path_0_to_50
2070,598720.1826845594,40,P2_outputs_path_0_to_50
2071,559914.9640655247,40,P2_outputs_path_0_to_50
2072,541702.2996632716,40,P2_outputs_path_0_to_50
2073,566950.731418152,40,P2_outputs_path_0_to_50
2074,584618.5991081418,40,P2_outputs_path_0_to_50
2075,,40,P2_outputs_path_0_to_50
2025,190340.4137379175,41,P2_outputs_path_0_to_50
2026,319121.64523364435,41,P2_outputs_path_0_to_50
2027,420028.8681242054,41,P2_outputs_path_0_to_50
2028,527777.1055159747,41,P2_outputs_path_0_to_50
2029,560162.0198658518,41,P2_outputs_path_0_to_50
2030,643644.8724496007,41,P2_outputs_path_0_to_50
2031,749049.6528026044,41,P2_outputs_path_0_to_50
2032,822520.1660623436,41,P2_outputs_path_0_to_50
2033,935658.4156470684,41,P2_outputs_path_0_to_50
2034,306556.7373451509,41,P2_outputs_path_0_to_50
2035,479977.4420018513,41,P2_outputs_path_0_to_50
2036,681291.6010717481,41,P2_outputs_path_0_to_50
2037,944877.2403185592,41,P2_outputs_path_0_to_50
2038,1113140.194901712,41,P2_outputs_path_0_to_50
2039,1071529.1009353749,41,P2_outputs_path_0_to_50
2040,1113676.8113796834,41,P2_outputs_path_0_to_50
2041,1396542.7497647863,41,P2_outputs_path_0_to_50
2042,1663319.8224681234,41,P2_outputs_path_0_to_50
2043,1414451.287484778,41,P2_outputs_path_0_to_50
2044,1624111.7292515566,41,P2_outputs_path_0_to_50
2045,1219144.891695036,41,P2_outputs_path_0_to_50
2046,1438091.7407355187,41,P2_outputs_path_0_to_50
2047,1562396.5853971315,41,P2_outputs_path_0_to_50
2048,1341834.6316211347,41,P2_outputs_path_0_to_50
2049,966233.7095887056,41,P2_outputs_path_0_to_50
2050,1193037.6320883704,41,P2_outputs_path_0_to_50
2051,1139754.992618968,41,P2_outputs_path_0_to_50
2052,1230788.9070204897,41,P2_outputs_path_0_to_50
2053,1408599.5416532697,41,P2_outputs_path_0_to_50
2054,1928482.651478619,41,P2_outputs_path_0_to_50
2055,1467419.6676099745,41,P2_outputs_path_0_to_50
2056,1581581.066483336,41,P2_outputs_path_0_to_50
2057,1699591.0203667197,41,P2_outputs_path_0_to_50
2058,1911937.1234549345,41,P2_outputs_path_0_to_50
2059,0.0,41,P2_outputs_path_0_to_50
2060,157423.03713139292,41,P2_outputs_path_0_to_50
2061,135680.20161631535,41,P2_outputs_path_0_to_50
2062,140670.06512405025,41,P2_outputs_path_0_to_50
2063,139095.35277641102,41,P2_outputs_path_0_to_50
2064,148263.72757240452,41,P2_outputs_path_0_to_50
2065,140678.7875531867,41,P2_outputs_path_0_to_50
2066,137765.39165062923,41,P2_outputs_path_0_to_50
2067,137327.34168235617,41,P2_outputs_path_0_to_50
2068,120501.36320797888,41,P2_outputs_path_0_to_50
2069,144151.94163361317,41,P2_outputs_path_0_to_50
2070,148231.8664413856,41,P2_outputs_path_0_to_50
2071,150849.33120315085,41,P2_outputs_path_0_to_50
2072,146624.1074851439,41,P2_outputs_path_0_to_50
2073,178320.95833956942,41,P2_outputs_path_0_to_50
2074,196195.41660541223,41,P2_outputs_path_0_to_50
2075,,41,P2_outputs_path_0_to_50
2025,231000.56007837705,42,P2_outputs_path_0_to_50
2026,324250.7367565094,42,P2_outputs_path_0_to_50
2027,398007.6625050934,42,P2_outputs_path_0_to_50
2028,522407.75957936456,42,P2_outputs_path_0_to_50
2029,619982.6596657917,42,P2_outputs_path_0_to_50
2030,842449.9106332624,42,P2_outputs_path_0_to_50
2031,955701.1589066528,42,P2_outputs_path_0_to_50
2032,1023747.1927588048,42,P2_outputs_path_0_to_50
2033,1001473.8328674596,42,P2_outputs_path_0_to_50
2034,503830.6511231903,42,P2_outputs_path_0_to_50
2035,737869.2164490321,42,P2_outputs_path_0_to_50
2036,858627.6192485188,42,P2_outputs_path_0_to_50
2037,1059483.414753524,42,P2_outputs_path_0_to_50
2038,1494335.3244138795,42,P2_outputs_path_0_to_50
2039,1590340.71257341,42,P2_outputs_path_0_to_50
2040,1991281.664171751,42,P2_outputs_path_0_to_50
2041,1916918.7486787776,42,P2_outputs_path_0_to_50
2042,2223963.193850961,42,P2_outputs_path_0_to_50
2043,2359441.396137542,42,P2_outputs_path_0_to_50
2044,2363770.828192947,42,P2_outputs_path_0_to_50
2045,2508720.5237353924,42,P2_outputs_path_0_to_50
2046,2649641.554764099,42,P2_outputs_path_0_to_50
2047,2589687.241449033,42,P2_outputs_path_0_to_50
2048,2004576.1538113656,42,P2_outputs_path_0_to_50
2049,1968845.0970222144,42,P2_outputs_path_0_to_50
2050,2498484.053018254,42,P2_outputs_path_0_to_50
2051,2561130.385338836,42,P2_outputs_path_0_to_50
2052,2831965.2541550663,42,P2_outputs_path_0_to_50
2053,3241110.752652924,42,P2_outputs_path_0_to_50
2054,3655743.6006181897,42,P2_outputs_path_0_to_50
2055,4134306.8813773775,42,P2_outputs_path_0_to_50
2056,4500189.110512824,42,P2_outputs_path_0_to_50
2057,4371451.780845859,42,P2_outputs_path_0_to_50
2058,4212283.089756244,42,P2_outputs_path_0_to_50
2059,0.0,42,P2_outputs_path_0_to_50
2060,138613.37526665293,42,P2_outputs_path_0_to_50
2061,162172.141555798,42,P2_outputs_path_0_to_50
2062,177354.07255162625,42,P2_outputs_path_0_to_50
2063,174250.04311668998,42,P2_outputs_path_0_to_50
2064,184319.1981960946,42,P2_outputs_path_0_to_50
2065,193594.06353266005,42,P2_outputs_path_0_to_50
2066,197674.2067240265,42,P2_outputs_path_0_to_50
2067,184724.45836175568,42,P2_outputs_path_0_to_50
2068,199697.9823258947,42,P2_outputs_path_0_to_50
2069,203842.82358660348,42,P2_outputs_path_0_to_50
2070,201851.17326495543,42,P2_outputs_path_0_to_50
2071,194743.520966811,42,P2_outputs_path_0_to_50
2072,209441.066966026,42,P2_outputs_path_0_to_50
2073,204788.03072151952,42,P2_outputs_path_0_to_50
2074,215324.54121735189,42,P2_outputs_path_0_to_50
2075,,42,P2_outputs_path_0_to_50
2025,201222.0878524062,43,P2_outputs_path_0_to_50
2026,292511.93878191593,43,P2_outputs_path_0_to_50
2027,288835.3909622079,43,P2_outputs_path_0_to_50
2028,391558.0657265221,43,P2_outputs_path_0_to_50
2029,529996.0419183208,43,P2_outputs_path_0_to_50
2030,683143.1472815925,43,P2_outputs_path_0_to_50
2031,749908.4910837739,43,P2_outputs_path_0_to_50
2032,784005.5853950777,43,P2_outputs_path_0_to_50
2033,952616.5153598696,43,P2_outputs_path_0_to_50
2034,302540.4861262621,43,P2_outputs_path_0_to_50
2035,546806.8050353964,43,P2_outputs_path_0_to_50
2036,805579.572291286,43,P2_outputs_path_0_to_50
2037,906801.7751949222,43,P2_outputs_path_0_to_50
2038,1152302.3885961554,43,P2_outputs_path_0_to_50
2039,1438982.7126908405,43,P2_outputs_path_0_to_50
2040,1650094.5622328722,43,P2_outputs_path_0_to_50
2041,1934952.2872427255,43,P2_outputs_path_0_to_50
2042,2716235.551728124,43,P2_outputs_path_0_to_50
2043,3082870.1877943603,43,P2_outputs_path_0_to_50
2044,2962448.90010637,43,P2_outputs_path_0_to_50
2045,3212526.250103772,43,P2_outputs_path_0_to_50
2046,3504520.8316621887,43,P2_outputs_path_0_to_50
2047,3518511.3928667,43,P2_outputs_path_0_to_50
2048,3438692.730748755,43,P2_outputs_path_0_to_50
2049,3855697.224326295,43,P2_outputs_path_0_to_50
2050,3595241.417002292,43,P2_outputs_path_0_to_50
2051,4201405.254268209,43,P2_outputs_path_0_to_50
2052,4252116.605993866,43,P2_outputs_path_0_to_50
2053,4458041.268835969,43,P2_outputs_path_0_to_50
2054,4250916.6051473385,43,P2_outputs_path_0_to_50
2055,3742474.550688084,43,P2_outputs_path_0_to_50
2056,4715146.455872305,43,P2_outputs_path_0_to_50
2057,4776937.959803782,43,P2_outputs_path_0_to_50
2058,4972734.870104948,43,P2_outputs_path_0_to_50
2059,476008.18086787965,43,P2_outputs_path_0_to_50
2060,571813.5696555092,43,P2_outputs_path_0_to_50
2061,591779.3371064513,43,P2_outputs_path_0_to_50
2062,618941.4870323706,43,P2_outputs_path_0_to_50
2063,613549.3616804607,43,P2_outputs_path_0_to_50
2064,605209.8038824806,43,P2_outputs_path_0_to_50
2065,617075.0938968188,43,P2_outputs_path_0_to_50
2066,662672.3767010842,43,P2_outputs_path_0_to_50
2067,682015.4484967717,43,P2_outputs_path_0_to_50
2068,717266.139724476,43,P2_outputs_path_0_to_50
2069,683175.381578911,43,P2_outputs_path_0_to_50
2070,727615.8487078506,43,P2_outputs_path_0_to_50
2071,710381.2760629843,43,P2_outputs_path_0_to_50
2072,747566.0435219996,43,P2_outputs_path_0_to_50
2073,802990.9177102877,43,P2_outputs_path_0_to_50
2074,924123.3136417748,43,P2_outputs_path_0_to_50
2075,,43,P2_outputs_path_0_to_50
2025,206964.7567832585,44,P2_outputs_path_0_to_50
2026,354122.85198388767,44,P2_outputs_path_0_to_50
2027,480443.49880519416,44,P2_outputs_path_0_to_50
2028,465504.3757108939,44,P2_outputs_path_0_to_50
2029,490658.59910297766,44,P2_outputs_path_0_to_50
2030,588712.1216910589,44,P2_outputs_path_0_to_50
2031,740292.3209084747,44,P2_outputs_path_0_to_50
2032,862479.025156399,44,P2_outputs_path_0_to_50
2033,993627.1748639476,44,P2_outputs_path_0_to_50
2034,369415.1657547829,44,P2_outputs_path_0_to_50
2035,458945.9021786555,44,P2_outputs_path_0_to_50
2036,469804.84746540536,44,P2_outputs_path_0_to_50
2037,460232.13024284015,44,P2_outputs_path_0_to_50
2038,557792.9517131634,44,P2_outputs_path_0_to_50
2039,622893.6353418055,44,P2_outputs_path_0_to_50
2040,741060.0999825282,44,P2_outputs_path_0_to_50
2041,841780.6404173255,44,P2_outputs_path_0_to_50
2042,733092.8621195693,44,P2_outputs_path_0_to_50
2043,995276.1133535797,44,P2_outputs_path_0_to_50
2044,1338578.0462198493,44,P2_outputs_path_0_to_50
2045,1375567.4277859668,44,P2_outputs_path_0_to_50
2046,1462362.9199846643,44,P2_outputs_path_0_to_50
2047,1537616.3441505516,44,P2_outputs_path_0_to_50
2048,1219743.3354661816,44,P2_outputs_path_0_to_50
2049,1349026.549662994,44,P2_outputs_path_0_to_50
2050,1351741.3498237885,44,P2_outputs_path_0_to_50
2051,1487328.6374344437,44,P2_outputs_path_0_to_50
2052,1527757.812151206,44,P2_outputs_path_0_to_50
2053,1774521.0174832782,44,P2_outputs_path_0_to_50
2054,2077780.429772343,44,P2_outputs_path_0_to_50
2055,2250371.1818294893,44,P2_outputs_path_0_to_50
2056,2332917.6413012296,44,P2_outputs_path_0_to_50
2057,2355288.5136695523,44,P2_outputs_path_0_to_50
2058,2617262.36468979,44,P2_outputs_path_0_to_50
2059,0.0,44,P2_outputs_path_0_to_50
2060,156128.76825440835,44,P2_outputs_path_0_to_50
2061,162654.91155472404,44,P2_outputs_path_0_to_50
2062,166534.0041125231,44,P2_outputs_path_0_to_50
2063,152333.08325091563,44,P2_outputs_path_0_to_50
2064,142702.8184574254,44,P2_outputs_path_0_to_50
2065,133668.21149618764,44,P2_outputs_path_0_to_50
2066,135578.39024554178,44,P2_outputs_path_0_to_50
2067,145569.5137086934,44,P2_outputs_path_0_to_50
2068,146876.41239381736,44,P2_outputs_path_0_to_50
2069,148447.5124857561,44,P2_outputs_path_0_to_50
2070,148438.49487754464,44,P2_outputs_path_0_to_50
2071,136252.92868020927,44,P2_outputs_path_0_to_50
2072,127556.75574828646,44,P2_outputs_path_0_to_50
2073,129837.52943178944,44,P2_outputs_path_0_to_50
2074,139035.74902938277,44,P2_outputs_path_0_to_50
2075,,44,P2_outputs_path_0_to_50
2025,187296.91315035743,45,P2_outputs_path_0_to_50
2026,301220.798596482,45,P2_outputs_path_0_to_50
2027,342874.9095375817,45,P2_outputs_path_0_to_50
2028,445284.0656419284,45,P2_outputs_path_0_to_50
2029,598003.3748586151,45,P2_outputs_path_0_to_50
2030,565696.3645039129,45,P2_outputs_path_0_to_50
2031,599086.4690343633,45,P2_outputs_path_0_to_50
2032,524940.0955518595,45,P2_outputs_path_0_to_50
2033,543548.709730835,45,P2_outputs_path_0_to_50
2034,727441.9489539386,45,P2_outputs_path_0_to_50
2035,960083.22903422,45,P2_outputs_path_0_to_50
2036,1024340.5290023064,45,P2_outputs_path_0_to_50
2037,974866.1149534574,45,P2_outputs_path_0_to_50
2038,1074137.643144335,45,P2_outputs_path_0_to_50
2039,1184971.8474870473,45,P2_outputs_path_0_to_50
2040,1305500.4911957425,45,P2_outputs_path_0_to_50
2041,1830991.5176862208,45,P2_outputs_path_0_to_50
2042,1907090.702949357,45,P2_outputs_path_0_to_50
2043,2135135.928109741,45,P2_outputs_path_0_to_50
2044,2299795.9960599085,45,P2_outputs_path_0_to_50
2045,2169725.008466164,45,P2_outputs_path_0_to_50
2046,2367589.075571562,45,P2_outputs_path_0_to_50
2047,2840073.0075922324,45,P2_outputs_path_0_to_50
2048,2966440.302967307,45,P2_outputs_path_0_to_50
2049,3449105.403046712,45,P2_outputs_path_0_to_50
2050,3426526.5264539407,45,P2_outputs_path_0_to_50
2051,4250934.502714663,45,P2_outputs_path_0_to_50
2052,4426603.699419323,45,P2_outputs_path_0_to_50
2053,4478179.88756401,45,P2_outputs_path_0_to_50
2054,4482865.68067102,45,P2_outputs_path_0_to_50
2055,4658926.92778331,45,P2_outputs_path_0_to_50
2056,4766478.204790129,45,P2_outputs_path_0_to_50
2057,5045526.677107031,45,P2_outputs_path_0_to_50
2058,4592946.315901024,45,P2_outputs_path_0_to_50
2059,180919.7638321435,45,P2_outputs_path_0_to_50
2060,348389.259896812,45,P2_outputs_path_0_to_50
2061,378341.88531484833,45,P2_outputs_path_0_to_50
2062,371104.4753255142,45,P2_outputs_path_0_to_50
2063,349153.71077389474,45,P2_outputs_path_0_to_50
2064,367651.83019094897,45,P2_outputs_path_0_to_50
2065,359768.62702559243,45,P2_outputs_path_0_to_50
2066,377425.3596633347,45,P2_outputs_path_0_to_50
2067,384747.168707289,45,P2_outputs_path_0_to_50
2068,394409.1257104104,45,P2_outputs_path_0_to_50
2069,375128.2021625729,45,P2_outputs_path_0_to_50
2070,389910.6448050808,45,P2_outputs_path_0_to_50
2071,404182.0549102783,45,P2_outputs_path_0_to_50
2072,377520.6705198728,45,P2_outputs_path_0_to_50
2073,381029.219799515,45,P2_outputs_path_0_to_50
2074,347197.37162975955,45,P2_outputs_path_0_to_50
2075,,45,P2_outputs_path_0_to_50
2025,184530.50511098132,46,P2_outputs_path_0_to_50
2026,294973.9100664635,46,P2_outputs_path_0_to_50
2027,377545.7412826924,46,P2_outputs_path_0_to_50
2028,497823.98474235926,46,P2_outputs_path_0_to_50
2029,457669.6797069602,46,P2_outputs_path_0_to_50
2030,674337.0622568527,46,P2_outputs_path_0_to_50
2031,743095.0073944982,46,P2_outputs_path_0_to_50
2032,898422.6045352685,46,P2_outputs_path_0_to_50
2033,905055.993722097,46,P2_outputs_path_0_to_50
2034,288751.6098222446,46,P2_outputs_path_0_to_50
2035,310333.4297606673,46,P2_outputs_path_0_to_50
2036,307276.4227415036,46,P2_outputs_path_0_to_50
2037,445505.2418479353,46,P2_outputs_path_0_to_50
2038,529842.6350134754,46,P2_outputs_path_0_to_50
2039,596839.6256672906,46,P2_outputs_path_0_to_50
2040,853009.6849241782,46,P2_outputs_path_0_to_50
2041,930321.9174780974,46,P2_outputs_path_0_to_50
2042,1058358.6272382075,46,P2_outputs_path_0_to_50
2043,1209883.506234607,46,P2_outputs_path_0_to_50
2044,1436581.7202092356,46,P2_outputs_path_0_to_50
2045,1301328.9844399954,46,P2_outputs_path_0_to_50
2046,1460957.7002520363,46,P2_outputs_path_0_to_50
2047,1805932.627712176,46,P2_outputs_path_0_to_50
2048,2626887.1316134767,46,P2_outputs_path_0_to_50
2049,2233267.9185236134,46,P2_outputs_path_0_to_50
2050,2438010.683694653,46,P2_outputs_path_0_to_50
2051,2669870.189627304,46,P2_outputs_path_0_to_50
2052,3182821.308807798,46,P2_outputs_path_0_to_50
2053,3033316.3746457766,46,P2_outputs_path_0_to_50
2054,3271667.51962316,46,P2_outputs_path_0_to_50
2055,3897643.772787597,46,P2_outputs_path_0_to_50
2056,3759261.432509776,46,P2_outputs_path_0_to_50
2057,3745271.8272377406,46,P2_outputs_path_0_to_50
2058,4143578.916213408,46,P2_outputs_path_0_to_50
2059,219832.46907850917,46,P2_outputs_path_0_to_50
2060,379504.4450397904,46,P2_outputs_path_0_to_50
2061,405388.08429384936,46,P2_outputs_path_0_to_50
2062,392839.3809219232,46,P2_outputs_path_0_to_50
2063,413539.6267345494,46,P2_outputs_path_0_to_50
2064,415955.256840388,46,P2_outputs_path_0_to_50
2065,364391.61205098126,46,P2_outputs_path_0_to_50
2066,333534.5348816844,46,P2_outputs_path_0_to_50
2067,344684.72582526004,46,P2_outputs_path_0_to_50
2068,366183.378447198,46,P2_outputs_path_0_to_50
2069,378346.4740361441,46,P2_outputs_path_0_to_50
2070,434939.6111069902,46,P2_outputs_path_0_to_50
2071,421934.3368952152,46,P2_outputs_path_0_to_50
2072,412326.350365815,46,P2_outputs_path_0_to_50
2073,407654.0917173964,46,P2_outputs_path_0_to_50
2074,362102.2431725951,46,P2_outputs_path_0_to_50
2075,,46,P2_outputs_path_0_to_50
2025,209030.66720851656,47,P2_outputs_path_0_to_50
2026,296712.1465713144,47,P2_outputs_path_0_to_50
2027,343969.99683619296,47,P2_outputs_path_0_to_50
2028,403782.1803513106,47,P2_outputs_path_0_to_50
2029,456930.1242998601,47,P2_outputs_path_0_to_50
2030,562833.9612038553,47,P2_outputs_path_0_to_50
2031,676725.946710645,47,P2_outputs_path_0_to_50
2032,788066.9762824163,47,P2_outputs_path_0_to_50
2033,920463.33721112,47,P2_outputs_path_0_to_50
2034,285668.0322460657,47,P2_outputs_path_0_to_50
2035,454483.062345152,47,P2_outputs_path_0_to_50
2036,376159.9240855533,47,P2_outputs_path_0_to_50
2037,457783.9770909973,47,P2_outputs_path_0_to_50
2038,528911.1340851566,47,P2_outputs_path_0_to_50
2039,766526.8646019228,47,P2_outputs_path_0_to_50
2040,881381.5308321457,47,P2_outputs_path_0_to_50
2041,1140481.6668320247,47,P2_outputs_path_0_to_50
2042,1506192.011305537,47,P2_outputs_path_0_to_50
2043,1567366.5751480686,47,P2_outputs_path_0_to_50
2044,1884489.628568382,47,P2_outputs_path_0_to_50
2045,2329616.93822781,47,P2_outputs_path_0_to_50
2046,2512275.604942304,47,P2_outputs_path_0_to_50
2047,2443606.5384861697,47,P2_outputs_path_0_to_50
2048,2654391.851309254,47,P2_outputs_path_0_to_50
2049,3252764.6154674804,47,P2_outputs_path_0_to_50
2050,3919713.079759306,47,P2_outputs_path_0_to_50
2051,3376085.0712801185,47,P2_outputs_path_0_to_50
2052,3841746.710465401,47,P2_outputs_path_0_to_50
2053,3793235.91136808,47,P2_outputs_path_0_to_50
2054,3591022.5006763376,47,P2_outputs_path_0_to_50
2055,3957446.030452158,47,P2_outputs_path_0_to_50
2056,4481721.888726608,47,P2_outputs_path_0_to_50
2057,4363924.906161889,47,P2_outputs_path_0_to_50
2058,4460778.242440262,47,P2_outputs_path_0_to_50
2059,698920.4112497289,47,P2_outputs_path_0_to_50
2060,808106.0566477707,47,P2_outputs_path_0_to_50
2061,745833.9064712168,47,P2_outputs_path_0_to_50
2062,766803.9634784104,47,P2_outputs_path_0_to_50
2063,761429.2825872045,47,P2_outputs_path_0_to_50
2064,730390.8426411522,47,P2_outputs_path_0_to_50
2065,752877.5327052244,47,P2_outputs_path_0_to_50
2066,602451.435082843,47,P2_outputs_path_0_to_50
2067,570086.4511782727,47,P2_outputs_path_0_to_50
2068,553195.5019010263,47,P2_outputs_path_0_to_50
2069,616773.2040847366,47,P2_outputs_path_0_to_50
2070,607500.6600374952,47,P2_outputs_path_0_to_50
2071,616822.75429354,47,P2_outputs_path_0_to_50
2072,560831.0267812664,47,P2_outputs_path_0_to_50
2073,503624.91079882334,47,P2_outputs_path_0_to_50
2074,511537.6941550536,47,P2_outputs_path_0_to_50
2075,,47,P2_outputs_path_0_to_50
2025,229782.4037321004,48,P2_outputs_path_0_to_50
2026,355284.05804435496,48,P2_outputs_path_0_to_50
2027,516532.5759936296,48,P2_outputs_path_0_to_50
2028,387493.8576285964,48,P2_outputs_path_0_to_50
2029,528226.8220872078,48,P2_outputs_path_0_to_50
2030,558063.8010030608,48,P2_outputs_path_0_to_50
2031,614289.6795150252,48,P2_outputs_path_0_to_50
2032,683907.6435104131,48,P2_outputs_path_0_to_50
2033,786065.1375094944,48,P2_outputs_path_0_to_50
2034,173336.8945543461,48,P2_outputs_path_0_to_50
2035,301056.6753844092,48,P2_outputs_path_0_to_50
2036,425184.814031156,48,P2_outputs_path_0_to_50
2037,566185.5859174931,48,P2_outputs_path_0_to_50
2038,774495.0687301367,48,P2_outputs_path_0_to_50
2039,717728.6969700698,48,P2_outputs_path_0_to_50
2040,768031.03150988,48,P2_outputs_path_0_to_50
2041,1040332.6097120636,48,P2_outputs_path_0_to_50
2042,1076666.0716334935,48,P2_outputs_path_0_to_50
2043,1208154.5974179967,48,P2_outputs_path_0_to_50
2044,1339831.076761234,48,P2_outputs_path_0_to_50
2045,1502872.5476553913,48,P2_outputs_path_0_to_50
2046,1443362.4167112708,48,P2_outputs_path_0_to_50
2047,2138850.750716798,48,P2_outputs_path_0_to_50
2048,2849322.2652463224,48,P2_outputs_path_0_to_50
2049,3186671.3815353657,48,P2_outputs_path_0_to_50
2050,3083612.438922013,48,P2_outputs_path_0_to_50
2051,3139600.7196824937,48,P2_outputs_path_0_to_50
2052,3363435.705284579,48,P2_outputs_path_0_to_50
2053,3418812.198186725,48,P2_outputs_path_0_to_50
2054,3457574.703749626,48,P2_outputs_path_0_to_50
2055,3529358.9745386965,48,P2_outputs_path_0_to_50
2056,2487897.9307853584,48,P2_outputs_path_0_to_50
2057,2645907.387200752,48,P2_outputs_path_0_to_50
2058,2859301.952637097,48,P2_outputs_path_0_to_50
2059,0.0,48,P2_outputs_path_0_to_50
2060,150968.52069879798,48,P2_outputs_path_0_to_50
2061,163274.50843419108,48,P2_outputs_path_0_to_50
2062,171741.23883086137,48,P2_outputs_path_0_to_50
2063,172170.7431301634,48,P2_outputs_path_0_to_50
2064,170893.02005618147,48,P2_outputs_path_0_to_50
2065,220776.03056091152,48,P2_outputs_path_0_to_50
2066,225256.2995971453,48,P2_outputs_path_0_to_50
2067,243691.66620758708,48,P2_outputs_path_0_to_50
2068,246426.5808804537,48,P2_outputs_path_0_to_50
2069,261366.31151543232,48,P2_outputs_path_0_to_50
2070,237082.8877613173,48,P2_outputs_path_0_to_50
2071,237902.33515441383,48,P2_outputs_path_0_to_50
2072,230910.85986460227,48,P2_outputs_path_0_to_50
2073,228951.69495983457,48,P2_outputs_path_0_to_50
2074,227804.41499898,48,P2_outputs_path_0_to_50
2075,,48,P2_outputs_path_0_to_50
2025,223487.4073644245,49,P2_outputs_path_0_to_50
2026,402513.8595710824,49,P2_outputs_path_0_to_50
2027,579684.1541812799,49,P2_outputs_path_0_to_50
2028,692711.206264469,49,P2_outputs_path_0_to_50
2029,662777.2426482874,49,P2_outputs_path_0_to_50
2030,771566.4035025802,49,P2_outputs_path_0_to_50
2031,929627.893618924,49,P2_outputs_path_0_to_50
2032,1068797.668240719,49,P2_outputs_path_0_to_50
2033,1294023.4772145413,49,P2_outputs_path_0_to_50
2034,752623.9148989781,49,P2_outputs_path_0_to_50
2035,959525.4761740076,49,P2_outputs_path_0_to_50
2036,908303.6194549564,49,P2_outputs_path_0_to_50
2037,1171672.4741432206,49,P2_outputs_path_0_to_50
2038,1758140.754535124,49,P2_outputs_path_0_to_50
2039,2302070.8052147594,49,P2_outputs_path_0_to_50
2040,2560514.5591198443,49,P2_outputs_path_0_to_50
2041,2696594.86684359,49,P2_outputs_path_0_to_50
2042,3474672.4373538746,49,P2_outputs_path_0_to_50
2043,3794359.688617311,49,P2_outputs_path_0_to_50
2044,4069838.3742294544,49,P2_outputs_path_0_to_50
2045,4264398.709836519,49,P2_outputs_path_0_to_50
2046,4140394.3680329816,49,P2_outputs_path_0_to_50
2047,4163978.723893522,49,P2_outputs_path_0_to_50
2048,4313307.908225501,49,P2_outputs_path_0_to_50
2049,4294267.526676712,49,P2_outputs_path_0_to_50
2050,4598231.106311731,49,P2_outputs_path_0_to_50
2051,4499082.661263709,49,P2_outputs_path_0_to_50
2052,4369359.742277443,49,P2_outputs_path_0_to_50
2053,4580348.17974319,49,P2_outputs_path_0_to_50
2054,4564739.413686473,49,P2_outputs_path_0_to_50
2055,4819513.760293816,49,P2_outputs_path_0_to_50
2056,4745399.006264202,49,P2_outputs_path_0_to_50
2057,4571577.900502773,49,P2_outputs_path_0_to_50
2058,4800918.282589034,49,P2_outputs_path_0_to_50
2059,505130.3356364658,49,P2_outputs_path_0_to_50
2060,705653.2940889904,49,P2_outputs_path_0_to_50
2061,703156.0905976853,49,P2_outputs_path_0_to_50
2062,704444.4741175948,49,P2_outputs_path_0_to_50
2063,612666.5909863517,49,P2_outputs_path_0_to_50
2064,605826.8827229512,49,P2_outputs_path_0_to_50
2065,580363.3286467612,49,P2_outputs_path_0_to_50
2066,578732.1016946839,49,P2_outputs_path_0_to_50
2067,591826.0470921409,49,P2_outputs_path_0_to_50
2068,614278.7975358827,49,P2_outputs_path_0_to_50
2069,631508.1148455845,49,P2_outputs_path_0_to_50
2070,632188.3457593571,49,P2_outputs_path_0_to_50
2071,617383.1327827048,49,P2_outputs_path_0_to_50
2072,627538.153705225,49,P2_outputs_path_0_to_50
2073,659725.3130484563,49,P2_outputs_path_0_to_50
2074,653561.0560969857,49,P2_outputs_path_0_to_50
2075,,49,P2_outputs_path_0_to_50
2025,205069.5485419482,50,P2_outputs_path_50_to_100
2026,346437.5705259449,50,P2_outputs_path_50_to_100
2027,427610.6086319682,50,P2_outputs_path_50_to_100
2028,592329.0306730556,50,P2_outputs_path_50_to_100
2029,519277.3129755879,50,P2_outputs_path_50_to_100
2030,808559.1956983851,50,P2_outputs_path_50_to_100
2031,951583.160021379,50,P2_outputs_path_50_to_100
2032,926787.8808921702,50,P2_outputs_path_50_to_100
2033,965802.9732346268,50,P2_outputs_path_50_to_100
2034,383796.1068821109,50,P2_outputs_path_50_to_100
2035,506815.80753739714,50,P2_outputs_path_50_to_100
2036,547012.1817529604,50,P2_outputs_path_50_to_100
2037,589724.230446849,50,P2_outputs_path_50_to_100
2038,621778.602002599,50,P2_outputs_path_50_to_100
2039,661480.613769254,50,P2_outputs_path_50_to_100
2040,744589.0555020937,50,P2_outputs_path_50_to_100
2041,772791.9255754123,50,P2_outputs_path_50_to_100
2042,1078159.2169007254,50,P2_outputs_path_50_to_100
2043,1217490.705250225,50,P2_outputs_path_50_to_100
2044,1161465.935112264,50,P2_outputs_path_50_to_100
2045,1201968.0480156315,50,P2_outputs_path_50_to_100
2046,1259055.8589776373,50,P2_outputs_path_50_to_100
2047,1631985.684786155,50,P2_outputs_path_50_to_100
2048,1705711.7745944571,50,P2_outputs_path_50_to_100
2049,1469832.3550412066,50,P2_outputs_path_50_to_100
2050,1425108.4294504558,50,P2_outputs_path_50_to_100
2051,1515494.685908879,50,P2_outputs_path_50_to_100
2052,1563919.9443632702,50,P2_outputs_path_50_to_100
2053,1657129.6412872416,50,P2_outputs_path_50_to_100
2054,1867749.740052204,50,P2_outputs_path_50_to_100
2055,2430621.900029388,50,P2_outputs_path_50_to_100
2056,1918064.0317512287,50,P2_outputs_path_50_to_100
2057,2266079.287007261,50,P2_outputs_path_50_to_100
2058,2393800.0648574047,50,P2_outputs_path_50_to_100
2059,0.0,50,P2_outputs_path_50_to_100
2060,162733.67023972666,50,P2_outputs_path_50_to_100
2061,180919.2915782864,50,P2_outputs_path_50_to_100
2062,193332.058905726,50,P2_outputs_path_50_to_100
2063,183265.8330932962,50,P2_outputs_path_50_to_100
2064,187033.3916050088,50,P2_outputs_path_50_to_100
2065,174878.78126012816,50,P2_outputs_path_50_to_100
2066,167598.2743787096,50,P2_outputs_path_50_to_100
2067,159959.6927714732,50,P2_outputs_path_50_to_100
2068,152376.08221277304,50,P2_outputs_path_50_to_100
2069,153398.1038402757,50,P2_outputs_path_50_to_100
2070,150993.74924331365,50,P2_outputs_path_50_to_100
2071,159134.83295011226,50,P2_outputs_path_50_to_100
2072,143280.76649395833,50,P2_outputs_path_50_to_100
2073,143366.71945045574,50,P2_outputs_path_50_to_100
2074,146238.3667676203,50,P2_outputs_path_50_to_100
2075,,50,P2_outputs_path_50_to_100
2025,186767.86857810256,51,P2_outputs_path_50_to_100
2026,241318.0596826031,51,P2_outputs_path_50_to_100
2027,359862.5103155826,51,P2_outputs_path_50_to_100
2028,504589.1291220345,51,P2_outputs_path_50_to_100
2029,553519.2706667518,51,P2_outputs_path_50_to_100
2030,586332.6744352203,51,P2_outputs_path_50_to_100
2031,568824.3680757898,51,P2_outputs_path_50_to_100
2032,768576.4077154822,51,P2_outputs_path_50_to_100
2033,888246.6819874566,51,P2_outputs_path_50_to_100
2034,296431.4341670582,51,P2_outputs_path_50_to_100
2035,432958.161992008,51,P2_outputs_path_50_to_100
2036,661820.806065881,51,P2_outputs_path_50_to_100
2037,767564.6051360315,51,P2_outputs_path_50_to_100
2038,739261.7711476168,51,P2_outputs_path_50_to_100
2039,777713.3623115909,51,P2_outputs_path_50_to_100
2040,965110.5762266142,51,P2_outputs_path_50_to_100
2041,1013271.3404380688,51,P2_outputs_path_50_to_100
2042,1139333.419213744,51,P2_outputs_path_50_to_100
2043,1332105.5294381997,51,P2_outputs_path_50_to_100
2044,1450427.7160668168,51,P2_outputs_path_50_to_100
2045,1460648.4160317543,51,P2_outputs_path_50_to_100
2046,1713995.0338049885,51,P2_outputs_path_50_to_100
2047,2602716.244354319,51,P2_outputs_path_50_to_100
2048,2426064.6773406807,51,P2_outputs_path_50_to_100
2049,3078333.780780877,51,P2_outputs_path_50_to_100
2050,3325979.373408386,51,P2_outputs_path_50_to_100
2051,4063267.4196481374,51,P2_outputs_path_50_to_100
2052,3760192.0032854206,51,P2_outputs_path_50_to_100
2053,2986882.722062825,51,P2_outputs_path_50_to_100
2054,3617741.383929372,51,P2_outputs_path_50_to_100
2055,3835444.261113504,51,P2_outputs_path_50_to_100
2056,3922415.904221642,51,P2_outputs_path_50_to_100
2057,3204105.1201784955,51,P2_outputs_path_50_to_100
2058,3561920.3203753717,51,P2_outputs_path_50_to_100
2059,0.0,51,P2_outputs_path_50_to_100
2060,143520.50186348025,51,P2_outputs_path_50_to_100
2061,150757.5227724196,51,P2_outputs_path_50_to_100
2062,163022.3826737796,51,P2_outputs_path_50_to_100
2063,168570.7792121953,51,P2_outputs_path_50_to_100
2064,171161.340198839,51,P2_outputs_path_50_to_100
2065,163556.9196543515,51,P2_outputs_path_50_to_100
2066,174372.36650807536,51,P2_outputs_path_50_to_100
2067,164444.03312289296,51,P2_outputs_path_50_to_100
2068,146683.11490615454,51,P2_outputs_path_50_to_100
2069,153727.84600110303,51,P2_outputs_path_50_to_100
2070,163517.61038937353,51,P2_outputs_path_50_to_100
2071,176770.75378394872,51,P2_outputs_path_50_to_100
2072,199058.0853776711,51,P2_outputs_path_50_to_100
2073,190160.05306043415,51,P2_outputs_path_50_to_100
2074,187573.7832217348,51,P2_outputs_path_50_to_100
2075,,51,P2_outputs_path_50_to_100
2025,190963.68521944332,52,P2_outputs_path_50_to_100
2026,317696.0936855601,52,P2_outputs_path_50_to_100
2027,458680.2982466797,52,P2_outputs_path_50_to_100
2028,629097.3124813013,52,P2_outputs_path_50_to_100
2029,505598.1096445041,52,P2_outputs_path_50_to_100
2030,742493.8445680019,52,P2_outputs_path_50_to_100
2031,802889.0698691814,52,P2_outputs_path_50_to_100
2032,892617.5256487209,52,P2_outputs_path_50_to_100
2033,964930.3177865396,52,P2_outputs_path_50_to_100
2034,333587.9142158645,52,P2_outputs_path_50_to_100
2035,477912.3847187163,52,P2_outputs_path_50_to_100
2036,694531.354836986,52,P2_outputs_path_50_to_100
2037,708414.2425600154,52,P2_outputs_path_50_to_100
2038,653829.2923970233,52,P2_outputs_path_50_to_100
2039,787135.9140218832,52,P2_outputs_path_50_to_100
2040,835656.8628793499,52,P2_outputs_path_50_to_100
2041,1040183.9686866384,52,P2_outputs_path_50_to_100
2042,1374040.0941625135,52,P2_outputs_path_50_to_100
2043,1559286.9024839466,52,P2_outputs_path_50_to_100
2044,1552334.762365047,52,P2_outputs_path_50_to_100
2045,1775118.5854016878,52,P2_outputs_path_50_to_100
2046,1616487.1188590096,52,P2_outputs_path_50_to_100
2047,1990860.409381492,52,P2_outputs_path_50_to_100
2048,1910306.7140327853,52,P2_outputs_path_50_to_100
2049,1728702.8039344056,52,P2_outputs_path_50_to_100
2050,1982817.9524025752,52,P2_outputs_path_50_to_100
2051,2333470.3254153803,52,P2_outputs_path_50_to_100
2052,2464756.5741090844,52,P2_outputs_path_50_to_100
2053,2446846.1824117675,52,P2_outputs_path_50_to_100
2054,3059862.0149398427,52,P2_outputs_path_50_to_100
2055,3564051.299411368,52,P2_outputs_path_50_to_100
2056,3506697.932521982,52,P2_outputs_path_50_to_100
2057,3756065.681819688,52,P2_outputs_path_50_to_100
2058,4181988.084432994,52,P2_outputs_path_50_to_100
2059,140089.1663049981,52,P2_outputs_path_50_to_100
2060,300014.2045595555,52,P2_outputs_path_50_to_100
2061,301487.4399456808,52,P2_outputs_path_50_to_100
2062,301965.0096001801,52,P2_outputs_path_50_to_100
2063,322373.76930239936,52,P2_outputs_path_50_to_100
2064,320945.3326480992,52,P2_outputs_path_50_to_100
2065,328209.1880221637,52,P2_outputs_path_50_to_100
2066,334169.7694292229,52,P2_outputs_path_50_to_100
2067,365391.14071267855,52,P2_outputs_path_50_to_100
2068,361241.31887510617,52,P2_outputs_path_50_to_100
2069,341787.1398168395,52,P2_outputs_path_50_to_100
2070,359817.8243002241,52,P2_outputs_path_50_to_100
2071,376539.2296624053,52,P2_outputs_path_50_to_100
2072,358851.4583202506,52,P2_outputs_path_50_to_100
2073,358228.07050594705,52,P2_outputs_path_50_to_100
2074,396932.3843900768,52,P2_outputs_path_50_to_100
2075,,52,P2_outputs_path_50_to_100
2025,186930.0253574642,53,P2_outputs_path_50_to_100
2026,331191.1601921422,53,P2_outputs_path_50_to_100
2027,507613.5832395795,53,P2_outputs_path_50_to_100
2028,701969.9498449084,53,P2_outputs_path_50_to_100
2029,787077.1941669857,53,P2_outputs_path_50_to_100
2030,886954.0615398819,53,P2_outputs_path_50_to_100
2031,984610.904749988,53,P2_outputs_path_50_to_100
2032,1053799.5140034156,53,P2_outputs_path_50_to_100
2033,1182317.1050799042,53,P2_outputs_path_50_to_100
2034,546069.4021713026,53,P2_outputs_path_50_to_100
2035,699592.7442564546,53,P2_outputs_path_50_to_100
2036,585815.8965372712,53,P2_outputs_path_50_to_100
2037,833517.7879892992,53,P2_outputs_path_50_to_100
2038,1189283.6537559452,53,P2_outputs_path_50_to_100
2039,1438384.5543986645,53,P2_outputs_path_50_to_100
2040,1682747.9862623287,53,P2_outputs_path_50_to_100
2041,2125933.2770319697,53,P2_outputs_path_50_to_100
2042,2384182.2649218994,53,P2_outputs_path_50_to_100
2043,2706216.937738734,53,P2_outputs_path_50_to_100
2044,3144125.9460994946,53,P2_outputs_path_50_to_100
2045,3404293.661137632,53,P2_outputs_path_50_to_100
2046,3730115.6588469776,53,P2_outputs_path_50_to_100
2047,4693891.422298064,53,P2_outputs_path_50_to_100
2048,4523734.041241503,53,P2_outputs_path_50_to_100
2049,4588199.108134931,53,P2_outputs_path_50_to_100
2050,4490649.911825691,53,P2_outputs_path_50_to_100
2051,4497867.241485223,53,P2_outputs_path_50_to_100
2052,4723391.173825753,53,P2_outputs_path_50_to_100
2053,4926365.164507717,53,P2_outputs_path_50_to_100
2054,4665443.940716173,53,P2_outputs_path_50_to_100
2055,4677056.4308182215,53,P2_outputs_path_50_to_100
2056,4823488.813244411,53,P2_outputs_path_50_to_100
2057,4872257.126884335,53,P2_outputs_path_50_to_100
2058,4704298.398773727,53,P2_outputs_path_50_to_100
2059,641427.2684720624,53,P2_outputs_path_50_to_100
2060,807136.9644903542,53,P2_outputs_path_50_to_100
2061,823866.6298875026,53,P2_outputs_path_50_to_100
2062,887758.6729772853,53,P2_outputs_path_50_to_100
2063,1013762.718711114,53,P2_outputs_path_50_to_100
2064,1099797.2167276856,53,P2_outputs_path_50_to_100
2065,1070791.2331440472,53,P2_outputs_path_50_to_100
2066,1011795.2973625368,53,P2_outputs_path_50_to_100
2067,968276.282538136,53,P2_outputs_path_50_to_100
2068,1006065.1805681715,53,P2_outputs_path_50_to_100
2069,969213.6529138624,53,P2_outputs_path_50_to_100
2070,956082.5133676096,53,P2_outputs_path_50_to_100
2071,949563.4429860712,53,P2_outputs_path_50_to_100
2072,953399.0739788396,53,P2_outputs_path_50_to_100
2073,937380.7569565164,53,P2_outputs_path_50_to_100
2074,902231.6635725584,53,P2_outputs_path_50_to_100
2075,,53,P2_outputs_path_50_to_100
2025,217823.0495016453,54,P2_outputs_path_50_to_100
2026,243530.21068438303,54,P2_outputs_path_50_to_100
2027,286094.46580705635,54,P2_outputs_path_50_to_100
2028,370161.0504929329,54,P2_outputs_path_50_to_100
2029,516923.4905844178,54,P2_outputs_path_50_to_100
2030,589866.455737784,54,P2_outputs_path_50_to_100
2031,849766.726747717,54,P2_outputs_path_50_to_100
2032,909255.5556888236,54,P2_outputs_path_50_to_100
2033,938642.0909318862,54,P2_outputs_path_50_to_100
2034,427024.6322103373,54,P2_outputs_path_50_to_100
2035,673143.3540019887,54,P2_outputs_path_50_to_100
2036,928243.7353418577,54,P2_outputs_path_50_to_100
2037,1099091.0627979322,54,P2_outputs_path_50_to_100
2038,1067545.4608447284,54,P2_outputs_path_50_to_100
2039,1363561.2747094969,54,P2_outputs_path_50_to_100
2040,1655330.5223724206,54,P2_outputs_path_50_to_100
2041,2135377.094250564,54,P2_outputs_path_50_to_100
2042,2030581.7789984136,54,P2_outputs_path_50_to_100
2043,2609673.733530676,54,P2_outputs_path_50_to_100
2044,2394710.484842586,54,P2_outputs_path_50_to_100
2045,2762282.893182999,54,P2_outputs_path_50_to_100
2046,3092207.099044542,54,P2_outputs_path_50_to_100
2047,3639716.515879103,54,P2_outputs_path_50_to_100
2048,3126100.902740251,54,P2_outputs_path_50_to_100
2049,3748460.667954724,54,P2_outputs_path_50_to_100
2050,4303393.152460355,54,P2_outputs_path_50_to_100
2051,4435819.295402754,54,P2_outputs_path_50_to_100
2052,4620724.041220443,54,P2_outputs_path_50_to_100
2053,4942229.189934784,54,P2_outputs_path_50_to_100
2054,5221683.436963609,54,P2_outputs_path_50_to_100
2055,5316363.629303537,54,P2_outputs_path_50_to_100
2056,5659873.910927599,54,P2_outputs_path_50_to_100
2057,6185810.015318082,54,P2_outputs_path_50_to_100
2058,6205633.265233575,54,P2_outputs_path_50_to_100
2059,1747263.5979459817,54,P2_outputs_path_50_to_100
2060,1895952.3585746728,54,P2_outputs_path_50_to_100
2061,1948141.499665513,54,P2_outputs_path_50_to_100
2062,1832747.9393495217,54,P2_outputs_path_50_to_100
2063,1706929.975575519,54,P2_outputs_path_50_to_100
2064,1811691.1312387784,54,P2_outputs_path_50_to_100
2065,1786309.9968516396,54,P2_outputs_path_50_to_100
2066,1659148.1344810678,54,P2_outputs_path_50_to_100
2067,1904687.0996212317,54,P2_outputs_path_50_to_100
2068,1965588.0401468729,54,P2_outputs_path_50_to_100
2069,2034140.2571518049,54,P2_outputs_path_50_to_100
2070,2108525.525614717,54,P2_outputs_path_50_to_100
2071,2130350.9714662507,54,P2_outputs_path_50_to_100
2072,2358709.7607764425,54,P2_outputs_path_50_to_100
2073,2210077.6291513527,54,P2_outputs_path_50_to_100
2074,2275750.0495329103,54,P2_outputs_path_50_to_100
2075,,54,P2_outputs_path_50_to_100
2025,199597.85094740245,55,P2_outputs_path_50_to_100
2026,211587.10403970143,55,P2_outputs_path_50_to_100
2027,324363.005167973,55,P2_outputs_path_50_to_100
2028,451338.31677860447,55,P2_outputs_path_50_to_100
2029,439376.4001659072,55,P2_outputs_path_50_to_100
2030,653834.7648468056,55,P2_outputs_path_50_to_100
2031,743089.1899482908,55,P2_outputs_path_50_to_100
2032,876871.085837322,55,P2_outputs_path_50_to_100
2033,1170619.943996481,55,P2_outputs_path_50_to_100
2034,670797.9187519243,55,P2_outputs_path_50_to_100
2035,799084.812229397,55,P2_outputs_path_50_to_100
2036,1093164.9236224107,55,P2_outputs_path_50_to_100
2037,1074627.6101121188,55,P2_outputs_path_50_to_100
2038,824482.6115854444,55,P2_outputs_path_50_to_100
2039,954436.400170858,55,P2_outputs_path_50_to_100
2040,1496662.362262559,55,P2_outputs_path_50_to_100
2041,1099219.2610637683,55,P2_outputs_path_50_to_100
2042,1082025.543219563,55,P2_outputs_path_50_to_100
2043,1191185.1908547832,55,P2_outputs_path_50_to_100
2044,1131096.9420371852,55,P2_outputs_path_50_to_100
2045,1110949.1250593525,55,P2_outputs_path_50_to_100
2046,1313414.6343948883,55,P2_outputs_path_50_to_100
2047,1802288.040716952,55,P2_outputs_path_50_to_100
2048,2362995.329718611,55,P2_outputs_path_50_to_100
2049,3001980.7567527923,55,P2_outputs_path_50_to_100
2050,3106165.8066944326,55,P2_outputs_path_50_to_100
2051,3223181.917066997,55,P2_outputs_path_50_to_100
2052,3335956.9740839773,55,P2_outputs_path_50_to_100
2053,2986630.726105378,55,P2_outputs_path_50_to_100
2054,4059366.237140511,55,P2_outputs_path_50_to_100
2055,5133564.882630609,55,P2_outputs_path_50_to_100
2056,5338939.527941022,55,P2_outputs_path_50_to_100
2057,5866499.878072785,55,P2_outputs_path_50_to_100
2058,5790025.757102757,55,P2_outputs_path_50_to_100
2059,1884236.6816102157,55,P2_outputs_path_50_to_100
2060,2236982.373756772,55,P2_outputs_path_50_to_100
2061,2153063.613853432,55,P2_outputs_path_50_to_100
2062,2180589.6374344826,55,P2_outputs_path_50_to_100
2063,2172560.679131383,55,P2_outputs_path_50_to_100
2064,2064291.7030120275,55,P2_outputs_path_50_to_100
2065,2079381.2310378307,55,P2_outputs_path_50_to_100
2066,2197136.3345756102,55,P2_outputs_path_50_to_100
2067,2223910.1597627066,55,P2_outputs_path_50_to_100
2068,2240640.1701162606,55,P2_outputs_path_50_to_100
2069,2281871.803698798,55,P2_outputs_path_50_to_100
2070,2081732.738311652,55,P2_outputs_path_50_to_100
2071,2103895.176309989,55,P2_outputs_path_50_to_100
2072,2290554.91305598,55,P2_outputs_path_50_to_100
2073,2318070.368143565,55,P2_outputs_path_50_to_100
2074,2088541.7498416707,55,P2_outputs_path_50_to_100
2075,,55,P2_outputs_path_50_to_100
2025,207192.68854422373,56,P2_outputs_path_50_to_100
2026,303567.62274770805,56,P2_outputs_path_50_to_100
2027,378032.7127681242,56,P2_outputs_path_50_to_100
2028,580499.9369216096,56,P2_outputs_path_50_to_100
2029,912650.4047293308,56,P2_outputs_path_50_to_100
2030,1006583.6063491954,56,P2_outputs_path_50_to_100
2031,1074944.7851739088,56,P2_outputs_path_50_to_100
2032,1129318.141156212,56,P2_outputs_path_50_to_100
2033,1331469.3063393054,56,P2_outputs_path_50_to_100
2034,764252.9746127417,56,P2_outputs_path_50_to_100
2035,942796.5649080096,56,P2_outputs_path_50_to_100
2036,1226750.6408956044,56,P2_outputs_path_50_to_100
2037,1062083.1222790554,56,P2_outputs_path_50_to_100
2038,1010949.5149580506,56,P2_outputs_path_50_to_100
2039,943394.0594423428,56,P2_outputs_path_50_to_100
2040,1115102.6030799632,56,P2_outputs_path_50_to_100
2041,1414389.9040250657,56,P2_outputs_path_50_to_100
2042,1680267.9471206218,56,P2_outputs_path_50_to_100
2043,2087150.8012770684,56,P2_outputs_path_50_to_100
2044,1692685.7581023644,56,P2_outputs_path_50_to_100
2045,2037557.036835748,56,P2_outputs_path_50_to_100
2046,1781750.5699580675,56,P2_outputs_path_50_to_100
2047,1669054.8861423917,56,P2_outputs_path_50_to_100
2048,1964150.917885153,56,P2_outputs_path_50_to_100
2049,2335634.6026870874,56,P2_outputs_path_50_to_100
2050,2404452.3223203467,56,P2_outputs_path_50_to_100
2051,2346761.363022088,56,P2_outputs_path_50_to_100
2052,2455073.028249436,56,P2_outputs_path_50_to_100
2053,2978904.7254433576,56,P2_outputs_path_50_to_100
2054,3291288.955917684,56,P2_outputs_path_50_to_100
2055,2995629.6393333725,56,P2_outputs_path_50_to_100
2056,2233750.7460416933,56,P2_outputs_path_50_to_100
2057,2288117.3148242235,56,P2_outputs_path_50_to_100
2058,2612872.949880408,56,P2_outputs_path_50_to_100
2059,0.0,56,P2_outputs_path_50_to_100
2060,148321.48049215513,56,P2_outputs_path_50_to_100
2061,146572.07470891916,56,P2_outputs_path_50_to_100
2062,166874.09909312462,56,P2_outputs_path_50_to_100
2063,157739.85991037477,56,P2_outputs_path_50_to_100
2064,172095.56096597464,56,P2_outputs_path_50_to_100
2065,177395.47705559427,56,P2_outputs_path_50_to_100
2066,196232.12272830703,56,P2_outputs_path_50_to_100
2067,203639.6665768026,56,P2_outputs_path_50_to_100
2068,192318.8812741888,56,P2_outputs_path_50_to_100
2069,189068.47644382893,56,P2_outputs_path_50_to_100
2070,212816.85898799665,56,P2_outputs_path_50_to_100
2071,200190.47673676984,56,P2_outputs_path_50_to_100
2072,201200.25339731175,56,P2_outputs_path_50_to_100
2073,187154.9366842196,56,P2_outputs_path_50_to_100
2074,184794.15846295084,56,P2_outputs_path_50_to_100
2075,,56,P2_outputs_path_50_to_100
2025,201944.522366036,57,P2_outputs_path_50_to_100
2026,244098.80220839643,57,P2_outputs_path_50_to_100
2027,294717.8403952352,57,P2_outputs_path_50_to_100
2028,442016.0564509521,57,P2_outputs_path_50_to_100
2029,466392.2724247818,57,P2_outputs_path_50_to_100
2030,530498.739567693,57,P2_outputs_path_50_to_100
2031,788714.1234557205,57,P2_outputs_path_50_to_100
2032,821572.2905971943,57,P2_outputs_path_50_to_100
2033,872946.9326105763,57,P2_outputs_path_50_to_100
2034,261180.4715280952,57,P2_outputs_path_50_to_100
2035,377232.41682618327,57,P2_outputs_path_50_to_100
2036,637726.6614874632,57,P2_outputs_path_50_to_100
2037,752965.5612190301,57,P2_outputs_path_50_to_100
2038,978466.581884945,57,P2_outputs_path_50_to_100
2039,1243082.1525818594,57,P2_outputs_path_50_to_100
2040,1127840.8222797026,57,P2_outputs_path_50_to_100
2041,1311111.5597708845,57,P2_outputs_path_50_to_100
2042,1675861.9693547974,57,P2_outputs_path_50_to_100
2043,1527690.819997489,57,P2_outputs_path_50_to_100
2044,2164228.139173784,57,P2_outputs_path_50_to_100
2045,2641178.121230764,57,P2_outputs_path_50_to_100
2046,2284569.32422172,57,P2_outputs_path_50_to_100
2047,2553206.696225952,57,P2_outputs_path_50_to_100
2048,2719241.735218809,57,P2_outputs_path_50_to_100
2049,3009475.5549464407,57,P2_outputs_path_50_to_100
2050,3960100.360949788,57,P2_outputs_path_50_to_100
2051,3980622.60416713,57,P2_outputs_path_50_to_100
2052,3897756.579760221,57,P2_outputs_path_50_to_100
2053,4385015.923621019,57,P2_outputs_path_50_to_100
2054,4408877.24343577,57,P2_outputs_path_50_to_100
2055,4229227.773757182,57,P2_outputs_path_50_to_100
2056,4359369.709977174,57,P2_outputs_path_50_to_100
2057,4502386.958621083,57,P2_outputs_path_50_to_100
2058,4754744.179292394,57,P2_outputs_path_50_to_100
2059,774060.6043757675,57,P2_outputs_path_50_to_100
2060,1003237.2483036204,57,P2_outputs_path_50_to_100
2061,1000807.7444156088,57,P2_outputs_path_50_to_100
2062,1020581.6212481096,57,P2_outputs_path_50_to_100
2063,1032860.791738556,57,P2_outputs_path_50_to_100
2064,990262.2095449918,57,P2_outputs_path_50_to_100
2065,969805.7588706638,57,P2_outputs_path_50_to_100
2066,882466.1605020055,57,P2_outputs_path_50_to_100
2067,883939.1414179655,57,P2_outputs_path_50_to_100
2068,866524.4484395277,57,P2_outputs_path_50_to_100
2069,754424.6979271971,57,P2_outputs_path_50_to_100
2070,693256.504101535,57,P2_outputs_path_50_to_100
2071,662477.2727166575,57,P2_outputs_path_50_to_100
2072,644708.2153145499,57,P2_outputs_path_50_to_100
2073,644819.0087558898,57,P2_outputs_path_50_to_100
2074,665190.5132841256,57,P2_outputs_path_50_to_100
2075,,57,P2_outputs_path_50_to_100
2025,173192.39403573563,58,P2_outputs_path_50_to_100
2026,275412.21497522783,58,P2_outputs_path_50_to_100
2027,323149.5394567095,58,P2_outputs_path_50_to_100
2028,489623.5675277746,58,P2_outputs_path_50_to_100
2029,658937.7284265648,58,P2_outputs_path_50_to_100
2030,854591.9668172591,58,P2_outputs_path_50_to_100
2031,942549.525839991,58,P2_outputs_path_50_to_100
2032,1046174.174353404,58,P2_outputs_path_50_to_100
2033,1111799.2972570015,58,P2_outputs_path_50_to_100
2034,572816.9322979809,58,P2_outputs_path_50_to_100
2035,694796.6869728205,58,P2_outputs_path_50_to_100
2036,740940.3959552563,58,P2_outputs_path_50_to_100
2037,1038120.0481694572,58,P2_outputs_path_50_to_100
2038,1194145.0704616196,58,P2_outputs_path_50_to_100
2039,1329960.127830249,58,P2_outputs_path_50_to_100
2040,1487995.8266818074,58,P2_outputs_path_50_to_100
2041,1821562.700948832,58,P2_outputs_path_50_to_100
2042,1877816.50544322,58,P2_outputs_path_50_to_100
2043,1587840.8798678285,58,P2_outputs_path_50_to_100
2044,1818839.1048599065,58,P2_outputs_path_50_to_100
2045,2085065.2751271809,58,P2_outputs_path_50_to_100
2046,2738046.561573854,58,P2_outputs_path_50_to_100
2047,3398196.561967451,58,P2_outputs_path_50_to_100
2048,3688286.0095672295,58,P2_outputs_path_50_to_100
2049,4115935.947762303,58,P2_outputs_path_50_to_100
2050,4311006.187376402,58,P2_outputs_path_50_to_100
2051,4153182.20599016,58,P2_outputs_path_50_to_100
2052,4330653.537687991,58,P2_outputs_path_50_to_100
2053,5066095.326856519,58,P2_outputs_path_50_to_100
2054,5335681.392747177,58,P2_outputs_path_50_to_100
2055,5382936.829421081,58,P2_outputs_path_50_to_100
2056,5453206.663911689,58,P2_outputs_path_50_to_100
2057,5605952.644221106,58,P2_outputs_path_50_to_100
2058,5285335.490425085,58,P2_outputs_path_50_to_100
2059,1136805.3126636604,58,P2_outputs_path_50_to_100
2060,1354251.9524021056,58,P2_outputs_path_50_to_100
2061,1382748.252204647,58,P2_outputs_path_50_to_100
2062,1273850.2399305203,58,P2_outputs_path_50_to_100
2063,1104433.6988206003,58,P2_outputs_path_50_to_100
2064,1153652.647856633,58,P2_outputs_path_50_to_100
2065,1183437.657502038,58,P2_outputs_path_50_to_100
2066,1141568.0307209955,58,P2_outputs_path_50_to_100
2067,1073963.6022960823,58,P2_outputs_path_50_to_100
2068,1064365.6986996126,58,P2_outputs_path_50_to_100
2069,1116703.535233426,58,P2_outputs_path_50_to_100
2070,1086474.2306663045,58,P2_outputs_path_50_to_100
2071,1040786.8897767888,58,P2_outputs_path_50_to_100
2072,1029588.4014312582,58,P2_outputs_path_50_to_100
2073,926127.908075114,58,P2_outputs_path_50_to_100
2074,904340.3937763848,58,P2_outputs_path_50_to_100
2075,,58,P2_outputs_path_50_to_100
2025,209005.246588666,59,P2_outputs_path_50_to_100
2026,336489.3461896298,59,P2_outputs_path_50_to_100
2027,422108.8908706567,59,P2_outputs_path_50_to_100
2028,487217.39916638087,59,P2_outputs_path_50_to_100
2029,409799.4942311693,59,P2_outputs_path_50_to_100
2030,503477.2741814338,59,P2_outputs_path_50_to_100
2031,760492.9614711554,59,P2_outputs_path_50_to_100
2032,842940.8542683967,59,P2_outputs_path_50_to_100
2033,982868.09926506,59,P2_outputs_path_50_to_100
2034,422697.0613608304,59,P2_outputs_path_50_to_100
2035,611338.1316892746,59,P2_outputs_path_50_to_100
2036,679014.1658508623,59,P2_outputs_path_50_to_100
2037,695724.301071638,59,P2_outputs_path_50_to_100
2038,724551.1112923223,59,P2_outputs_path_50_to_100
2039,790424.4555111896,59,P2_outputs_path_50_to_100
2040,932960.3718903038,59,P2_outputs_path_50_to_100
2041,1231518.023877666,59,P2_outputs_path_50_to_100
2042,1231538.9878844668,59,P2_outputs_path_50_to_100
2043,1490111.855352294,59,P2_outputs_path_50_to_100
2044,1699727.3179987438,59,P2_outputs_path_50_to_100
2045,2114354.1690962208,59,P2_outputs_path_50_to_100
2046,1874869.0488671537,59,P2_outputs_path_50_to_100
2047,2150314.7385824467,59,P2_outputs_path_50_to_100
2048,2327855.792305518,59,P2_outputs_path_50_to_100
2049,2406752.835753709,59,P2_outputs_path_50_to_100
2050,1944810.681154052,59,P2_outputs_path_50_to_100
2051,1889387.30570136,59,P2_outputs_path_50_to_100
2052,2012634.89021464,59,P2_outputs_path_50_to_100
2053,2114882.7391778603,59,P2_outputs_path_50_to_100
2054,2264252.9514267137,59,P2_outputs_path_50_to_100
2055,2806821.168581529,59,P2_outputs_path_50_to_100
2056,3060571.6205788893,59,P2_outputs_path_50_to_100
2057,2814569.541272454,59,P2_outputs_path_50_to_100
2058,3408345.0493504857,59,P2_outputs_path_50_to_100
2059,0.0,59,P2_outputs_path_50_to_100
2060,148402.7562008908,59,P2_outputs_path_50_to_100
2061,148685.59122191873,59,P2_outputs_path_50_to_100
2062,134038.35791406306,59,P2_outputs_path_50_to_100
2063,136487.14421761897,59,P2_outputs_path_50_to_100
2064,152107.3849971586,59,P2_outputs_path_50_to_100
2065,150259.6791743612,59,P2_outputs_path_50_to_100
2066,136517.01225097396,59,P2_outputs_path_50_to_100
2067,138283.2097711227,59,P2_outputs_path_50_to_100
2068,129133.17195816382,59,P2_outputs_path_50_to_100
2069,114555.65119454704,59,P2_outputs_path_50_to_100
2070,133797.33907158975,59,P2_outputs_path_50_to_100
2071,121878.41124821037,59,P2_outputs_path_50_to_100
2072,122536.33145992667,59,P2_outputs_path_50_to_100
2073,131100.88067440625,59,P2_outputs_path_50_to_100
2074,143897.26907583576,59,P2_outputs_path_50_to_100
2075,,59,P2_outputs_path_50_to_100
2025,205803.90239855467,60,P2_outputs_path_50_to_100
2026,264619.90659234795,60,P2_outputs_path_50_to_100
2027,443264.3893079161,60,P2_outputs_path_50_to_100
2028,556892.980422158,60,P2_outputs_path_50_to_100
2029,531437.5480841809,60,P2_outputs_path_50_to_100
2030,679200.7888202987,60,P2_outputs_path_50_to_100
2031,721308.327920667,60,P2_outputs_path_50_to_100
2032,799718.5669427208,60,P2_outputs_path_50_to_100
2033,938949.769282764,60,P2_outputs_path_50_to_100
2034,339842.279269787,60,P2_outputs_path_50_to_100
2035,536506.74386669,60,P2_outputs_path_50_to_100
2036,643180.3872896085,60,P2_outputs_path_50_to_100
2037,658584.538844499,60,P2_outputs_path_50_to_100
2038,980101.5800040456,60,P2_outputs_path_50_to_100
2039,905181.226472032,60,P2_outputs_path_50_to_100
2040,1010360.9107091668,60,P2_outputs_path_50_to_100
2041,1135054.169466243,60,P2_outputs_path_50_to_100
2042,1663267.6477750298,60,P2_outputs_path_50_to_100
2043,2122706.575973177,60,P2_outputs_path_50_to_100
2044,1789108.3003047255,60,P2_outputs_path_50_to_100
2045,1846745.3039270455,60,P2_outputs_path_50_to_100
2046,2178369.6700913305,60,P2_outputs_path_50_to_100
2047,2254938.4727354334,60,P2_outputs_path_50_to_100
2048,2459045.3329899977,60,P2_outputs_path_50_to_100
2049,2031880.4251408707,60,P2_outputs_path_50_to_100
2050,1657123.780822048,60,P2_outputs_path_50_to_100
2051,1183151.4777853272,60,P2_outputs_path_50_to_100
2052,1500124.5388368915,60,P2_outputs_path_50_to_100
2053,1231982.3617242873,60,P2_outputs_path_50_to_100
2054,1594290.8737321957,60,P2_outputs_path_50_to_100
2055,1863705.476672863,60,P2_outputs_path_50_to_100
2056,2238083.752238951,60,P2_outputs_path_50_to_100
2057,2353247.534818269,60,P2_outputs_path_50_to_100
2058,2440157.958874437,60,P2_outputs_path_50_to_100
2059,0.0,60,P2_outputs_path_50_to_100
2060,174523.2804052164,60,P2_outputs_path_50_to_100
2061,146518.3384965898,60,P2_outputs_path_50_to_100
2062,153898.52639834714,60,P2_outputs_path_50_to_100
2063,160274.25014797223,60,P2_outputs_path_50_to_100
2064,159487.71548780357,60,P2_outputs_path_50_to_100
2065,171519.41094254353,60,P2_outputs_path_50_to_100
2066,165328.81339838845,60,P2_outputs_path_50_to_100
2067,160413.42481746702,60,P2_outputs_path_50_to_100
2068,154617.55559158346,60,P2_outputs_path_50_to_100
2069,153957.64648506834,60,P2_outputs_path_50_to_100
2070,156863.3779732572,60,P2_outputs_path_50_to_100
2071,162106.21873016708,60,P2_outputs_path_50_to_100
2072,152863.52407996164,60,P2_outputs_path_50_to_100
2073,135902.5800913132,60,P2_outputs_path_50_to_100
2074,135943.78594881782,60,P2_outputs_path_50_to_100
2075,,60,P2_outputs_path_50_to_100
2025,211753.9228949271,61,P2_outputs_path_50_to_100
2026,316654.9736931404,61,P2_outputs_path_50_to_100
2027,368268.23261472926,61,P2_outputs_path_50_to_100
2028,499115.5478464403,61,P2_outputs_path_50_to_100
2029,410363.9308470232,61,P2_outputs_path_50_to_100
2030,513815.2799171408,61,P2_outputs_path_50_to_100
2031,639070.4773712114,61,P2_outputs_path_50_to_100
2032,687992.0312264606,61,P2_outputs_path_50_to_100
2033,780800.459974193,61,P2_outputs_path_50_to_100
2034,212100.53837144663,61,P2_outputs_path_50_to_100
2035,372860.4191643957,61,P2_outputs_path_50_to_100
2036,484384.8709817731,61,P2_outputs_path_50_to_100
2037,516553.3429644843,61,P2_outputs_path_50_to_100
2038,684716.8439414982,61,P2_outputs_path_50_to_100
2039,836489.9843392238,61,P2_outputs_path_50_to_100
2040,913618.2770736652,61,P2_outputs_path_50_to_100
2041,1003720.6672421814,61,P2_outputs_path_50_to_100
2042,1180876.477878802,61,P2_outputs_path_50_to_100
2043,1465551.0419425624,61,P2_outputs_path_50_to_100
2044,1439608.394008157,61,P2_outputs_path_50_to_100
2045,1650354.6356536676,61,P2_outputs_path_50_to_100
2046,1661124.776265257,61,P2_outputs_path_50_to_100
2047,1814008.670147608,61,P2_outputs_path_50_to_100
2048,1997866.5662399891,61,P2_outputs_path_50_to_100
2049,2271477.866423465,61,P2_outputs_path_50_to_100
2050,2580001.552983364,61,P2_outputs_path_50_to_100
2051,2992910.1892764666,61,P2_outputs_path_50_to_100
2052,2703788.660339398,61,P2_outputs_path_50_to_100
2053,3677864.562167817,61,P2_outputs_path_50_to_100
2054,4369731.319545013,61,P2_outputs_path_50_to_100
2055,4395580.218767017,61,P2_outputs_path_50_to_100
2056,4248280.861904296,61,P2_outputs_path_50_to_100
2057,4270917.675635926,61,P2_outputs_path_50_to_100
2058,4627342.085396244,61,P2_outputs_path_50_to_100
2059,753449.8843345698,61,P2_outputs_path_50_to_100
2060,909137.2934414144,61,P2_outputs_path_50_to_100
2061,882331.8950043874,61,P2_outputs_path_50_to_100
2062,894680.8368487944,61,P2_outputs_path_50_to_100
2063,927776.9434016442,61,P2_outputs_path_50_to_100
2064,928554.4851267248,61,P2_outputs_path_50_to_100
2065,1019476.5332288411,61,P2_outputs_path_50_to_100
2066,1013519.6972239967,61,P2_outputs_path_50_to_100
2067,1048147.6009556043,61,P2_outputs_path_50_to_100
2068,1077369.30449804,61,P2_outputs_path_50_to_100
2069,1123543.8047880963,61,P2_outputs_path_50_to_100
2070,1068347.840815854,61,P2_outputs_path_50_to_100
2071,1261941.46725645,61,P2_outputs_path_50_to_100
2072,1350919.244019888,61,P2_outputs_path_50_to_100
2073,1291641.2924777786,61,P2_outputs_path_50_to_100
2074,1275681.864047767,61,P2_outputs_path_50_to_100
2075,,61,P2_outputs_path_50_to_100
2025,229439.1933044084,62,P2_outputs_path_50_to_100
2026,343517.6842909249,62,P2_outputs_path_50_to_100
2027,559069.2541635109,62,P2_outputs_path_50_to_100
2028,750821.7167857132,62,P2_outputs_path_50_to_100
2029,826967.06822982,62,P2_outputs_path_50_to_100
2030,901850.2775726798,62,P2_outputs_path_50_to_100
2031,1038041.9013509124,62,P2_outputs_path_50_to_100
2032,1104356.479235217,62,P2_outputs_path_50_to_100
2033,1246209.4658478731,62,P2_outputs_path_50_to_100
2034,592171.5349287342,62,P2_outputs_path_50_to_100
2035,929476.1405979112,62,P2_outputs_path_50_to_100
2036,882172.5113495631,62,P2_outputs_path_50_to_100
2037,1103055.203127154,62,P2_outputs_path_50_to_100
2038,1336198.0482723643,62,P2_outputs_path_50_to_100
2039,1615846.9939904488,62,P2_outputs_path_50_to_100
2040,1290674.101367202,62,P2_outputs_path_50_to_100
2041,1423908.6526522543,62,P2_outputs_path_50_to_100
2042,1390693.8747102525,62,P2_outputs_path_50_to_100
2043,1155874.4754644283,62,P2_outputs_path_50_to_100
2044,1081056.0473495573,62,P2_outputs_path_50_to_100
2045,900734.799233116,62,P2_outputs_path_50_to_100
2046,1075519.9953214198,62,P2_outputs_path_50_to_100
2047,1042800.330805209,62,P2_outputs_path_50_to_100
2048,1220079.334648332,62,P2_outputs_path_50_to_100
2049,1194720.2634438695,62,P2_outputs_path_50_to_100
2050,1275707.028538142,62,P2_outputs_path_50_to_100
2051,1470019.3543451335,62,P2_outputs_path_50_to_100
2052,1358485.705059597,62,P2_outputs_path_50_to_100
2053,1472984.6537934612,62,P2_outputs_path_50_to_100
2054,1969801.9442351668,62,P2_outputs_path_50_to_100
2055,2131463.078437171,62,P2_outputs_path_50_to_100
2056,2083999.845884209,62,P2_outputs_path_50_to_100
2057,2291485.8693571007,62,P2_outputs_path_50_to_100
2058,2621428.410424951,62,P2_outputs_path_50_to_100
2059,0.0,62,P2_outputs_path_50_to_100
2060,137503.37487391502,62,P2_outputs_path_50_to_100
2061,139552.96552339234,62,P2_outputs_path_50_to_100
2062,123312.79148283174,62,P2_outputs_path_50_to_100
2063,128635.75154980828,62,P2_outputs_path_50_to_100
2064,125592.77891530076,62,P2_outputs_path_50_to_100
2065,143644.22880604098,62,P2_outputs_path_50_to_100
2066,144666.63532272133,62,P2_outputs_path_50_to_100
2067,138210.61124043886,62,P2_outputs_path_50_to_100
2068,134241.2678473595,62,P2_outputs_path_50_to_100
2069,148080.16667210642,62,P2_outputs_path_50_to_100
2070,125130.50906776688,62,P2_outputs_path_50_to_100
2071,134655.03146625237,62,P2_outputs_path_50_to_100
2072,149855.45652609327,62,P2_outputs_path_50_to_100
2073,162517.7187236898,62,P2_outputs_path_50_to_100
2074,170458.0109447933,62,P2_outputs_path_50_to_100
2075,,62,P2_outputs_path_50_to_100
2025,175999.63355550094,63,P2_outputs_path_50_to_100
2026,312095.62488840846,63,P2_outputs_path_50_to_100
2027,352743.2919261573,63,P2_outputs_path_50_to_100
2028,522308.19873200695,63,P2_outputs_path_50_to_100
2029,634231.6567332214,63,P2_outputs_path_50_to_100
2030,760000.4461265494,63,P2_outputs_path_50_to_100
2031,864935.9083523119,63,P2_outputs_path_50_to_100
2032,968417.1485354148,63,P2_outputs_path_50_to_100
2033,1176691.824075034,63,P2_outputs_path_50_to_100
2034,547943.0122372059,63,P2_outputs_path_50_to_100
2035,455210.8088692908,63,P2_outputs_path_50_to_100
2036,511764.8693707679,63,P2_outputs_path_50_to_100
2037,508263.6003805855,63,P2_outputs_path_50_to_100
2038,709956.2335914918,63,P2_outputs_path_50_to_100
2039,908330.7725289274,63,P2_outputs_path_50_to_100
2040,776571.4932688122,63,P2_outputs_path_50_to_100
2041,743978.4063213391,63,P2_outputs_path_50_to_100
2042,954794.5508606036,63,P2_outputs_path_50_to_100
2043,1301003.082701029,63,P2_outputs_path_50_to_100
2044,1658403.8168255992,63,P2_outputs_path_50_to_100
2045,1975116.3279399248,63,P2_outputs_path_50_to_100
2046,1984185.712819625,63,P2_outputs_path_50_to_100
2047,2301466.3730382654,63,P2_outputs_path_50_to_100
2048,2599541.7412043577,63,P2_outputs_path_50_to_100
2049,2032888.418243765,63,P2_outputs_path_50_to_100
2050,2068271.7337505568,63,P2_outputs_path_50_to_100
2051,1807555.3811576995,63,P2_outputs_path_50_to_100
2052,2106422.819204523,63,P2_outputs_path_50_to_100
2053,2336175.105063417,63,P2_outputs_path_50_to_100
2054,2235207.8446820118,63,P2_outputs_path_50_to_100
2055,2660406.137559365,63,P2_outputs_path_50_to_100
2056,3298952.4664715985,63,P2_outputs_path_50_to_100
2057,3710594.905354265,63,P2_outputs_path_50_to_100
2058,3791451.537080086,63,P2_outputs_path_50_to_100
2059,53283.04214356933,63,P2_outputs_path_50_to_100
2060,188397.09635284968,63,P2_outputs_path_50_to_100
2061,215752.70205323503,63,P2_outputs_path_50_to_100
2062,223627.5414724093,63,P2_outputs_path_50_to_100
2063,220121.34320599135,63,P2_outputs_path_50_to_100
2064,227828.7655687203,63,P2_outputs_path_50_to_100
2065,235159.16322925765,63,P2_outputs_path_50_to_100
2066,216133.97385333816,63,P2_outputs_path_50_to_100
2067,239299.833514212,63,P2_outputs_path_50_to_100
2068,231559.78401528692,63,P2_outputs_path_50_to_100
2069,231947.1555532132,63,P2_outputs_path_50_to_100
2070,234738.48910626705,63,P2_outputs_path_50_to_100
2071,226989.19209528685,63,P2_outputs_path_50_to_100
2072,211724.63669107296,63,P2_outputs_path_50_to_100
2073,206261.804934236,63,P2_outputs_path_50_to_100
2074,212789.14697699717,63,P2_outputs_path_50_to_100
2075,,63,P2_outputs_path_50_to_100
2025,191878.74459487147,64,P2_outputs_path_50_to_100
2026,252043.62249076867,64,P2_outputs_path_50_to_100
2027,368939.4808523624,64,P2_outputs_path_50_to_100
2028,474250.48423229775,64,P2_outputs_path_50_to_100
2029,494149.911447652,64,P2_outputs_path_50_to_100
2030,609582.0914835007,64,P2_outputs_path_50_to_100
2031,689588.8370933578,64,P2_outputs_path_50_to_100
2032,780215.4767195061,64,P2_outputs_path_50_to_100
2033,882929.9102738134,64,P2_outputs_path_50_to_100
2034,288922.15594306774,64,P2_outputs_path_50_to_100
2035,381980.7538903137,64,P2_outputs_path_50_to_100
2036,643322.1166693658,64,P2_outputs_path_50_to_100
2037,770614.6945064904,64,P2_outputs_path_50_to_100
2038,977827.8786354102,64,P2_outputs_path_50_to_100
2039,934888.9429394186,64,P2_outputs_path_50_to_100
2040,1053412.028961745,64,P2_outputs_path_50_to_100
2041,1138353.1136497366,64,P2_outputs_path_50_to_100
2042,1476314.3067428218,64,P2_outputs_path_50_to_100
2043,1384903.2604580407,64,P2_outputs_path_50_to_100
2044,1567875.1711233773,64,P2_outputs_path_50_to_100
2045,1878808.692622056,64,P2_outputs_path_50_to_100
2046,1323304.073348211,64,P2_outputs_path_50_to_100
2047,1379069.9480526778,64,P2_outputs_path_50_to_100
2048,1356108.787311462,64,P2_outputs_path_50_to_100
2049,1626368.55389996,64,P2_outputs_path_50_to_100
2050,1383274.1272727328,64,P2_outputs_path_50_to_100
2051,1284970.1544636893,64,P2_outputs_path_50_to_100
2052,1009232.0690049508,64,P2_outputs_path_50_to_100
2053,1037308.6695042644,64,P2_outputs_path_50_to_100
2054,1320829.7408872596,64,P2_outputs_path_50_to_100
2055,1543426.99047978,64,P2_outputs_path_50_to_100
2056,1635177.7244417514,64,P2_outputs_path_50_to_100
2057,1827476.111869515,64,P2_outputs_path_50_to_100
2058,1980549.2453607,64,P2_outputs_path_50_to_100
2059,0.0,64,P2_outputs_path_50_to_100
2060,133686.40461986116,64,P2_outputs_path_50_to_100
2061,146404.53370741694,64,P2_outputs_path_50_to_100
2062,142294.33597265827,64,P2_outputs_path_50_to_100
2063,156781.51812182844,64,P2_outputs_path_50_to_100
2064,178709.85536713942,64,P2_outputs_path_50_to_100
2065,186359.23520081543,64,P2_outputs_path_50_to_100
2066,191912.50902867317,64,P2_outputs_path_50_to_100
2067,187041.4913314088,64,P2_outputs_path_50_to_100
2068,177677.83208050963,64,P2_outputs_path_50_to_100
2069,171454.32236794895,64,P2_outputs_path_50_to_100
2070,166818.71309364206,64,P2_outputs_path_50_to_100
2071,167539.06586300695,64,P2_outputs_path_50_to_100
2072,171547.9847419042,64,P2_outputs_path_50_to_100
2073,169344.49047107444,64,P2_outputs_path_50_to_100
2074,161465.71864028298,64,P2_outputs_path_50_to_100
2075,,64,P2_outputs_path_50_to_100
2025,182167.5585808288,65,P2_outputs_path_50_to_100
2026,265692.79052594246,65,P2_outputs_path_50_to_100
2027,348018.7985927876,65,P2_outputs_path_50_to_100
2028,577585.3241626321,65,P2_outputs_path_50_to_100
2029,601689.9934155601,65,P2_outputs_path_50_to_100
2030,752390.6849963611,65,P2_outputs_path_50_to_100
2031,880805.6543877778,65,P2_outputs_path_50_to_100
2032,999971.8964609702,65,P2_outputs_path_50_to_100
2033,1046632.174448427,65,P2_outputs_path_50_to_100
2034,415705.5111019252,65,P2_outputs_path_50_to_100
2035,698978.4534531089,65,P2_outputs_path_50_to_100
2036,779743.1910817911,65,P2_outputs_path_50_to_100
2037,982138.4831583808,65,P2_outputs_path_50_to_100
2038,861040.3977969568,65,P2_outputs_path_50_to_100
2039,1130584.7788630084,65,P2_outputs_path_50_to_100
2040,1380123.256935613,65,P2_outputs_path_50_to_100
2041,1738958.7587355522,65,P2_outputs_path_50_to_100
2042,2358559.484475173,65,P2_outputs_path_50_to_100
2043,2520606.5872304854,65,P2_outputs_path_50_to_100
2044,2582651.6651101857,65,P2_outputs_path_50_to_100
2045,2613841.972848039,65,P2_outputs_path_50_to_100
2046,2810596.837644188,65,P2_outputs_path_50_to_100
2047,3341678.2871364444,65,P2_outputs_path_50_to_100
2048,3676688.0620727655,65,P2_outputs_path_50_to_100
2049,3534840.146070878,65,P2_outputs_path_50_to_100
2050,4204294.123547857,65,P2_outputs_path_50_to_100
2051,4002398.764615522,65,P2_outputs_path_50_to_100
2052,3929938.8380420255,65,P2_outputs_path_50_to_100
2053,3245892.3031619666,65,P2_outputs_path_50_to_100
2054,3587176.0501777884,65,P2_outputs_path_50_to_100
2055,3626439.0094528953,65,P2_outputs_path_50_to_100
2056,3741317.112654981,65,P2_outputs_path_50_to_100
2057,4853671.830353586,65,P2_outputs_path_50_to_100
2058,5021120.118498256,65,P2_outputs_path_50_to_100
2059,894350.0182582866,65,P2_outputs_path_50_to_100
2060,1000319.9558331151,65,P2_outputs_path_50_to_100
2061,1011962.7722258504,65,P2_outputs_path_50_to_100
2062,885900.7806831984,65,P2_outputs_path_50_to_100
2063,845224.5900024043,65,P2_outputs_path_50_to_100
2064,837121.7478215497,65,P2_outputs_path_50_to_100
2065,831993.8740335425,65,P2_outputs_path_50_to_100
2066,878848.5406506567,65,P2_outputs_path_50_to_100
2067,871530.9167847196,65,P2_outputs_path_50_to_100
2068,879559.2003938789,65,P2_outputs_path_50_to_100
2069,936649.7922278814,65,P2_outputs_path_50_to_100
2070,1031027.1759970168,65,P2_outputs_path_50_to_100
2071,1192303.1529783064,65,P2_outputs_path_50_to_100
2072,1317625.9287185555,65,P2_outputs_path_50_to_100
2073,1433581.5752819383,65,P2_outputs_path_50_to_100
2074,1501470.1704646477,65,P2_outputs_path_50_to_100
2075,,65,P2_outputs_path_50_to_100
2025,169922.88033568484,66,P2_outputs_path_50_to_100
2026,382270.11903240863,66,P2_outputs_path_50_to_100
2027,590975.5830308085,66,P2_outputs_path_50_to_100
2028,762651.2471338646,66,P2_outputs_path_50_to_100
2029,858796.0179283516,66,P2_outputs_path_50_to_100
2030,913185.1615849724,66,P2_outputs_path_50_to_100
2031,999479.8124330292,66,P2_outputs_path_50_to_100
2032,1097825.0355801615,66,P2_outputs_path_50_to_100
2033,1183640.2530791676,66,P2_outputs_path_50_to_100
2034,564864.0534891812,66,P2_outputs_path_50_to_100
2035,668267.7819749999,66,P2_outputs_path_50_to_100
2036,978388.7520806897,66,P2_outputs_path_50_to_100
2037,1155490.6697332894,66,P2_outputs_path_50_to_100
2038,1509169.1096985063,66,P2_outputs_path_50_to_100
2039,1430400.9972785406,66,P2_outputs_path_50_to_100
2040,1658243.528052289,66,P2_outputs_path_50_to_100
2041,1983822.2634163743,66,P2_outputs_path_50_to_100
2042,2074396.949798701,66,P2_outputs_path_50_to_100
2043,1502689.4456796967,66,P2_outputs_path_50_to_100
2044,1616935.0253728132,66,P2_outputs_path_50_to_100
2045,1699072.0363694488,66,P2_outputs_path_50_to_100
2046,2015211.3800846247,66,P2_outputs_path_50_to_100
2047,2543360.8837196804,66,P2_outputs_path_50_to_100
2048,2721322.135412644,66,P2_outputs_path_50_to_100
2049,2680290.561783403,66,P2_outputs_path_50_to_100
2050,2449844.427667738,66,P2_outputs_path_50_to_100
2051,2465981.4396138694,66,P2_outputs_path_50_to_100
2052,2858779.1411249544,66,P2_outputs_path_50_to_100
2053,2848164.328096254,66,P2_outputs_path_50_to_100
2054,2382481.8473798544,66,P2_outputs_path_50_to_100
2055,2791186.752028384,66,P2_outputs_path_50_to_100
2056,2480357.2964097364,66,P2_outputs_path_50_to_100
2057,2751690.91006249,66,P2_outputs_path_50_to_100
2058,2978567.460297763,66,P2_outputs_path_50_to_100
2059,0.0,66,P2_outputs_path_50_to_100
2060,131822.9348715932,66,P2_outputs_path_50_to_100
2061,139842.69349752602,66,P2_outputs_path_50_to_100
2062,129126.581880995,66,P2_outputs_path_50_to_100
2063,141672.5146011408,66,P2_outputs_path_50_to_100
2064,142584.43362796225,66,P2_outputs_path_50_to_100
2065,145538.66998077012,66,P2_outputs_path_50_to_100
2066,138566.5483218324,66,P2_outputs_path_50_to_100
2067,144159.38125110592,66,P2_outputs_path_50_to_100
2068,156249.3609603498,66,P2_outputs_path_50_to_100
2069,154873.02580298416,66,P2_outputs_path_50_to_100
2070,156836.11123276403,66,P2_outputs_path_50_to_100
2071,146905.91810875127,66,P2_outputs_path_50_to_100
2072,159936.31575321357,66,P2_outputs_path_50_to_100
2073,165068.52915019478,66,P2_outputs_path_50_to_100
2074,169761.16847431762,66,P2_outputs_path_50_to_100
2075,,66,P2_outputs_path_50_to_100
2025,185800.77961453807,67,P2_outputs_path_50_to_100
2026,306820.2826462407,67,P2_outputs_path_50_to_100
2027,411214.6286624608,67,P2_outputs_path_50_to_100
2028,566451.2423894766,67,P2_outputs_path_50_to_100
2029,591032.5486022743,67,P2_outputs_path_50_to_100
2030,624375.5636209924,67,P2_outputs_path_50_to_100
2031,777053.9258947406,67,P2_outputs_path_50_to_100
2032,885189.3724477848,67,P2_outputs_path_50_to_100
2033,945665.8792443268,67,P2_outputs_path_50_to_100
2034,316196.26419916435,67,P2_outputs_path_50_to_100
2035,471472.0353455893,67,P2_outputs_path_50_to_100
2036,587653.8731347892,67,P2_outputs_path_50_to_100
2037,736154.2016525703,67,P2_outputs_path_50_to_100
2038,727921.829623267,67,P2_outputs_path_50_to_100
2039,730175.6492263392,67,P2_outputs_path_50_to_100
2040,823286.4562090969,67,P2_outputs_path_50_to_100
2041,863420.7521046278,67,P2_outputs_path_50_to_100
2042,860153.0438304213,67,P2_outputs_path_50_to_100
2043,601328.6690114358,67,P2_outputs_path_50_to_100
2044,775969.1617275861,67,P2_outputs_path_50_to_100
2045,960410.7469539524,67,P2_outputs_path_50_to_100
2046,1212799.3520669283,67,P2_outputs_path_50_to_100
2047,1630368.1322054162,67,P2_outputs_path_50_to_100
2048,1746157.7659222845,67,P2_outputs_path_50_to_100
2049,2206365.8345936425,67,P2_outputs_path_50_to_100
2050,2892512.094323661,67,P2_outputs_path_50_to_100
2051,3280609.4877062426,67,P2_outputs_path_50_to_100
2052,3184576.73230488,67,P2_outputs_path_50_to_100
2053,3475901.530206008,67,P2_outputs_path_50_to_100
2054,3983395.930327736,67,P2_outputs_path_50_to_100
2055,4110038.523532712,67,P2_outputs_path_50_to_100
2056,4609969.236437226,67,P2_outputs_path_50_to_100
2057,4655179.001644609,67,P2_outputs_path_50_to_100
2058,4869727.792743398,67,P2_outputs_path_50_to_100
2059,457037.0968203312,67,P2_outputs_path_50_to_100
2060,664065.7114270709,67,P2_outputs_path_50_to_100
2061,632084.9339060386,67,P2_outputs_path_50_to_100
2062,603424.335902591,67,P2_outputs_path_50_to_100
2063,584260.3339320524,67,P2_outputs_path_50_to_100
2064,593065.16400562,67,P2_outputs_path_50_to_100
2065,645023.0129729898,67,P2_outputs_path_50_to_100
2066,623218.8074906793,67,P2_outputs_path_50_to_100
2067,643960.9679225305,67,P2_outputs_path_50_to_100
2068,602003.5865865056,67,P2_outputs_path_50_to_100
2069,653650.338406468,67,P2_outputs_path_50_to_100
2070,593835.4224840059,67,P2_outputs_path_50_to_100
2071,617473.2390826683,67,P2_outputs_path_50_to_100
2072,632137.7311245324,67,P2_outputs_path_50_to_100
2073,655803.7155935669,67,P2_outputs_path_50_to_100
2074,608677.3152885386,67,P2_outputs_path_50_to_100
2075,,67,P2_outputs_path_50_to_100
2025,169075.67629609525,68,P2_outputs_path_50_to_100
2026,251568.2483700133,68,P2_outputs_path_50_to_100
2027,369250.5429869473,68,P2_outputs_path_50_to_100
2028,481314.3190802165,68,P2_outputs_path_50_to_100
2029,560774.5021862251,68,P2_outputs_path_50_to_100
2030,620274.4770989357,68,P2_outputs_path_50_to_100
2031,596092.5420565804,68,P2_outputs_path_50_to_100
2032,798534.7874152296,68,P2_outputs_path_50_to_100
2033,859735.860616171,68,P2_outputs_path_50_to_100
2034,320406.7734256645,68,P2_outputs_path_50_to_100
2035,456964.5029935266,68,P2_outputs_path_50_to_100
2036,569157.5200671423,68,P2_outputs_path_50_to_100
2037,657980.3626694353,68,P2_outputs_path_50_to_100
2038,789386.0297301231,68,P2_outputs_path_50_to_100
2039,902901.5761163108,68,P2_outputs_path_50_to_100
2040,1119109.891274418,68,P2_outputs_path_50_to_100
2041,1144296.8548945556,68,P2_outputs_path_50_to_100
2042,1491188.141706084,68,P2_outputs_path_50_to_100
2043,1780532.4668969254,68,P2_outputs_path_50_to_100
2044,2035593.1316634975,68,P2_outputs_path_50_to_100
2045,2503954.02584811,68,P2_outputs_path_50_to_100
2046,2200686.7750081,68,P2_outputs_path_50_to_100
2047,2473541.20244333,68,P2_outputs_path_50_to_100
2048,2958085.5641461457,68,P2_outputs_path_50_to_100
2049,3453035.5740052653,68,P2_outputs_path_50_to_100
2050,4095721.439243962,68,P2_outputs_path_50_to_100
2051,4261317.384838188,68,P2_outputs_path_50_to_100
2052,4793374.462310964,68,P2_outputs_path_50_to_100
2053,4980781.241108702,68,P2_outputs_path_50_to_100
2054,4941759.172634026,68,P2_outputs_path_50_to_100
2055,5127748.558988693,68,P2_outputs_path_50_to_100
2056,5309625.004671022,68,P2_outputs_path_50_to_100
2057,5282426.132517348,68,P2_outputs_path_50_to_100
2058,4865358.763991539,68,P2_outputs_path_50_to_100
2059,572296.0486705527,68,P2_outputs_path_50_to_100
2060,709540.8011004588,68,P2_outputs_path_50_to_100
2061,749494.8799061552,68,P2_outputs_path_50_to_100
2062,779287.6190026337,68,P2_outputs_path_50_to_100
2063,779870.5232333367,68,P2_outputs_path_50_to_100
2064,694495.8096524113,68,P2_outputs_path_50_to_100
2065,573266.2726006412,68,P2_outputs_path_50_to_100
2066,499545.1168841467,68,P2_outputs_path_50_to_100
2067,494332.2450290902,68,P2_outputs_path_50_to_100
2068,535949.6579109228,68,P2_outputs_path_50_to_100
2069,533519.6854994417,68,P2_outputs_path_50_to_100
2070,497551.3946683516,68,P2_outputs_path_50_to_100
2071,543927.4124843639,68,P2_outputs_path_50_to_100
2072,553259.5821439414,68,P2_outputs_path_50_to_100
2073,508984.7069570568,68,P2_outputs_path_50_to_100
2074,531179.3818938099,68,P2_outputs_path_50_to_100
2075,,68,P2_outputs_path_50_to_100
2025,220028.4458684917,69,P2_outputs_path_50_to_100
2026,316087.33618350304,69,P2_outputs_path_50_to_100
2027,412082.4925945116,69,P2_outputs_path_50_to_100
2028,517116.8111090428,69,P2_outputs_path_50_to_100
2029,712721.5060706964,69,P2_outputs_path_50_to_100
2030,818089.1800771011,69,P2_outputs_path_50_to_100
2031,962802.8931666608,69,P2_outputs_path_50_to_100
2032,1093478.2761822618,69,P2_outputs_path_50_to_100
2033,1130897.4819926512,69,P2_outputs_path_50_to_100
2034,582285.3592044187,69,P2_outputs_path_50_to_100
2035,859983.1755297376,69,P2_outputs_path_50_to_100
2036,1091813.3705546346,69,P2_outputs_path_50_to_100
2037,1069221.7397674036,69,P2_outputs_path_50_to_100
2038,1330568.521808033,69,P2_outputs_path_50_to_100
2039,1872347.6788697117,69,P2_outputs_path_50_to_100
2040,1627366.2161843556,69,P2_outputs_path_50_to_100
2041,1715993.5596962897,69,P2_outputs_path_50_to_100
2042,1929445.357635229,69,P2_outputs_path_50_to_100
2043,2160662.2195157185,69,P2_outputs_path_50_to_100
2044,2607084.6146054,69,P2_outputs_path_50_to_100
2045,2839445.686215077,69,P2_outputs_path_50_to_100
2046,3187326.707139546,69,P2_outputs_path_50_to_100
2047,3826716.182363173,69,P2_outputs_path_50_to_100
2048,3294781.821199956,69,P2_outputs_path_50_to_100
2049,3559936.8509272183,69,P2_outputs_path_50_to_100
2050,4213925.043482373,69,P2_outputs_path_50_to_100
2051,4943710.0705816485,69,P2_outputs_path_50_to_100
2052,4676212.393136285,69,P2_outputs_path_50_to_100
2053,4829737.540559045,69,P2_outputs_path_50_to_100
2054,4933394.631850407,69,P2_outputs_path_50_to_100
2055,5300188.960699216,69,P2_outputs_path_50_to_100
2056,5237704.086236449,69,P2_outputs_path_50_to_100
2057,5174016.40293068,69,P2_outputs_path_50_to_100
2058,5367579.926524808,69,P2_outputs_path_50_to_100
2059,849184.1251896033,69,P2_outputs_path_50_to_100
2060,1035639.593211108,69,P2_outputs_path_50_to_100
2061,1097975.3648360593,69,P2_outputs_path_50_to_100
2062,1139757.0481802872,69,P2_outputs_path_50_to_100
2063,1183159.6736074295,69,P2_outputs_path_50_to_100
2064,1188289.279877419,69,P2_outputs_path_50_to_100
2065,1134706.427522674,69,P2_outputs_path_50_to_100
2066,1169614.7861037944,69,P2_outputs_path_50_to_100
2067,1138131.9761412644,69,P2_outputs_path_50_to_100
2068,1154282.8960523796,69,P2_outputs_path_50_to_100
2069,1136014.1179967225,69,P2_outputs_path_50_to_100
2070,1175979.3367016057,69,P2_outputs_path_50_to_100
2071,1158840.4869379867,69,P2_outputs_path_50_to_100
2072,1282221.8621898645,69,P2_outputs_path_50_to_100
2073,1220654.5563427417,69,P2_outputs_path_50_to_100
2074,1194930.0404360413,69,P2_outputs_path_50_to_100
2075,,69,P2_outputs_path_50_to_100
2025,159385.94930487475,70,P2_outputs_path_50_to_100
2026,246060.13359795103,70,P2_outputs_path_50_to_100
2027,371457.0974526835,70,P2_outputs_path_50_to_100
2028,525713.117284128,70,P2_outputs_path_50_to_100
2029,451946.9003799221,70,P2_outputs_path_50_to_100
2030,601107.3111529711,70,P2_outputs_path_50_to_100
2031,802995.0701068533,70,P2_outputs_path_50_to_100
2032,951100.9791908236,70,P2_outputs_path_50_to_100
2033,1035231.3506605396,70,P2_outputs_path_50_to_100
2034,397601.2962950977,70,P2_outputs_path_50_to_100
2035,516275.60530122207,70,P2_outputs_path_50_to_100
2036,707422.3155115922,70,P2_outputs_path_50_to_100
2037,883987.5584087411,70,P2_outputs_path_50_to_100
2038,1152611.5624102023,70,P2_outputs_path_50_to_100
2039,1366736.9158007032,70,P2_outputs_path_50_to_100
2040,1642098.30426217,70,P2_outputs_path_50_to_100
2041,1686264.299959706,70,P2_outputs_path_50_to_100
2042,1944381.4823982655,70,P2_outputs_path_50_to_100
2043,2183935.857851913,70,P2_outputs_path_50_to_100
2044,2307325.918789619,70,P2_outputs_path_50_to_100
2045,2650235.7752467906,70,P2_outputs_path_50_to_100
2046,3085218.4751001964,70,P2_outputs_path_50_to_100
2047,3147602.933036106,70,P2_outputs_path_50_to_100
2048,3538496.5947953323,70,P2_outputs_path_50_to_100
2049,3788248.1222746633,70,P2_outputs_path_50_to_100
2050,3297464.111950017,70,P2_outputs_path_50_to_100
2051,3590380.246197164,70,P2_outputs_path_50_to_100
2052,4088285.0098816776,70,P2_outputs_path_50_to_100
2053,4064588.865810217,70,P2_outputs_path_50_to_100
2054,4948112.150620337,70,P2_outputs_path_50_to_100
2055,4623468.457041202,70,P2_outputs_path_50_to_100
2056,4692434.088670717,70,P2_outputs_path_50_to_100
2057,4813280.673151584,70,P2_outputs_path_50_to_100
2058,4642375.9855756,70,P2_outputs_path_50_to_100
2059,754978.2449598387,70,P2_outputs_path_50_to_100
2060,950936.1425713332,70,P2_outputs_path_50_to_100
2061,933504.7420189898,70,P2_outputs_path_50_to_100
2062,919805.9615514128,70,P2_outputs_path_50_to_100
2063,858310.9191526975,70,P2_outputs_path_50_to_100
2064,927628.3777783262,70,P2_outputs_path_50_to_100
2065,938106.2585702168,70,P2_outputs_path_50_to_100
2066,1098564.2767703948,70,P2_outputs_path_50_to_100
2067,1109417.6662536091,70,P2_outputs_path_50_to_100
2068,1063011.650721056,70,P2_outputs_path_50_to_100
2069,1122218.067115442,70,P2_outputs_path_50_to_100
2070,1240325.8230578718,70,P2_outputs_path_50_to_100
2071,1242119.7161723813,70,P2_outputs_path_50_to_100
2072,1236776.0932513406,70,P2_outputs_path_50_to_100
2073,1197197.8189731508,70,P2_outputs_path_50_to_100
2074,1293895.7256678129,70,P2_outputs_path_50_to_100
2075,,70,P2_outputs_path_50_to_100
2025,217800.07399879757,71,P2_outputs_path_50_to_100
2026,300350.27653009124,71,P2_outputs_path_50_to_100
2027,437200.78363858734,71,P2_outputs_path_50_to_100
2028,460538.1622586838,71,P2_outputs_path_50_to_100
2029,592485.4148225827,71,P2_outputs_path_50_to_100
2030,729186.0123698993,71,P2_outputs_path_50_to_100
2031,726673.5735500337,71,P2_outputs_path_50_to_100
2032,884032.8839276701,71,P2_outputs_path_50_to_100
2033,1058082.466936604,71,P2_outputs_path_50_to_100
2034,596311.6975625362,71,P2_outputs_path_50_to_100
2035,841626.5304274266,71,P2_outputs_path_50_to_100
2036,1176826.2691224157,71,P2_outputs_path_50_to_100
2037,1332970.2863668962,71,P2_outputs_path_50_to_100
2038,1317455.958549137,71,P2_outputs_path_50_to_100
2039,1279945.136736019,71,P2_outputs_path_50_to_100
2040,1293349.4899503451,71,P2_outputs_path_50_to_100
2041,1579658.054917506,71,P2_outputs_path_50_to_100
2042,1582684.9652413088,71,P2_outputs_path_50_to_100
2043,2050997.3778734603,71,P2_outputs_path_50_to_100
2044,2466138.2047734093,71,P2_outputs_path_50_to_100
2045,2853279.487232584,71,P2_outputs_path_50_to_100
2046,3281771.123510955,71,P2_outputs_path_50_to_100
2047,3998405.385745336,71,P2_outputs_path_50_to_100
2048,4605167.600326259,71,P2_outputs_path_50_to_100
2049,4606323.719793299,71,P2_outputs_path_50_to_100
2050,4570723.339154201,71,P2_outputs_path_50_to_100
2051,4518436.97164036,71,P2_outputs_path_50_to_100
2052,4762517.652380767,71,P2_outputs_path_50_to_100
2053,4799724.654463962,71,P2_outputs_path_50_to_100
2054,4901629.595935053,71,P2_outputs_path_50_to_100
2055,5095668.62772478,71,P2_outputs_path_50_to_100
2056,5468525.96874365,71,P2_outputs_path_50_to_100
2057,5658664.015292255,71,P2_outputs_path_50_to_100
2058,5655384.835107756,71,P2_outputs_path_50_to_100
2059,1260933.9002651796,71,P2_outputs_path_50_to_100
2060,1347334.0319745396,71,P2_outputs_path_50_to_100
2061,1438348.828495778,71,P2_outputs_path_50_to_100
2062,1428044.251763417,71,P2_outputs_path_50_to_100
2063,1357916.7452755924,71,P2_outputs_path_50_to_100
2064,1271559.4992712983,71,P2_outputs_path_50_to_100
2065,1199757.1325837108,71,P2_outputs_path_50_to_100
2066,1271462.640732851,71,P2_outputs_path_50_to_100
2067,1377858.0793527835,71,P2_outputs_path_50_to_100
2068,1382000.9794039377,71,P2_outputs_path_50_to_100
2069,1374724.014723843,71,P2_outputs_path_50_to_100
2070,1227408.2155136014,71,P2_outputs_path_50_to_100
2071,1271086.3040726185,71,P2_outputs_path_50_to_100
2072,1285971.2795283385,71,P2_outputs_path_50_to_100
2073,1302836.8113432538,71,P2_outputs_path_50_to_100
2074,1315758.8438305203,71,P2_outputs_path_50_to_100
2075,,71,P2_outputs_path_50_to_100
2025,232257.61582475287,72,P2_outputs_path_50_to_100
2026,358017.56533625803,72,P2_outputs_path_50_to_100
2027,363357.9868375205,72,P2_outputs_path_50_to_100
2028,473924.8018722597,72,P2_outputs_path_50_to_100
2029,517312.0465129473,72,P2_outputs_path_50_to_100
2030,486268.5343386985,72,P2_outputs_path_50_to_100
2031,650239.8607579158,72,P2_outputs_path_50_to_100
2032,756558.6749539307,72,P2_outputs_path_50_to_100
2033,811073.2712204024,72,P2_outputs_path_50_to_100
2034,192645.24672499063,72,P2_outputs_path_50_to_100
2035,395049.13214190985,72,P2_outputs_path_50_to_100
2036,459699.377825099,72,P2_outputs_path_50_to_100
2037,520350.85993105575,72,P2_outputs_path_50_to_100
2038,720284.3412836266,72,P2_outputs_path_50_to_100
2039,608803.5854246678,72,P2_outputs_path_50_to_100
2040,681963.4273188126,72,P2_outputs_path_50_to_100
2041,937019.58746689,72,P2_outputs_path_50_to_100
2042,1134177.513312144,72,P2_outputs_path_50_to_100
2043,825073.5114764388,72,P2_outputs_path_50_to_100
2044,908412.1372580162,72,P2_outputs_path_50_to_100
2045,1103980.9251448305,72,P2_outputs_path_50_to_100
2046,1440646.086914463,72,P2_outputs_path_50_to_100
2047,1500953.5314651714,72,P2_outputs_path_50_to_100
2048,1687587.5232024172,72,P2_outputs_path_50_to_100
2049,1901350.5828456143,72,P2_outputs_path_50_to_100
2050,2112193.5863841176,72,P2_outputs_path_50_to_100
2051,2359691.404189078,72,P2_outputs_path_50_to_100
2052,2307344.657006728,72,P2_outputs_path_50_to_100
2053,2794203.786448488,72,P2_outputs_path_50_to_100
2054,2567156.8525842624,72,P2_outputs_path_50_to_100
2055,2859575.7006739588,72,P2_outputs_path_50_to_100
2056,3741113.722562843,72,P2_outputs_path_50_to_100
2057,3181894.69479638,72,P2_outputs_path_50_to_100
2058,4185262.827447848,72,P2_outputs_path_50_to_100
2059,244531.54090313893,72,P2_outputs_path_50_to_100
2060,416232.3132475108,72,P2_outputs_path_50_to_100
2061,397510.5385233096,72,P2_outputs_path_50_to_100
2062,415718.1590918033,72,P2_outputs_path_50_to_100
2063,397833.9046119007,72,P2_outputs_path_50_to_100
2064,435199.1374163713,72,P2_outputs_path_50_to_100
2065,414599.7756931461,72,P2_outputs_path_50_to_100
2066,406209.65053185367,72,P2_outputs_path_50_to_100
2067,411963.5616870362,72,P2_outputs_path_50_to_100
2068,397055.9580678545,72,P2_outputs_path_50_to_100
2069,396585.8448113867,72,P2_outputs_path_50_to_100
2070,380385.3732004165,72,P2_outputs_path_50_to_100
2071,382307.9307780753,72,P2_outputs_path_50_to_100
2072,357732.09283519024,72,P2_outputs_path_50_to_100
2073,364948.417439242,72,P2_outputs_path_50_to_100
2074,386652.161239442,72,P2_outputs_path_50_to_100
2075,,72,P2_outputs_path_50_to_100
2025,199040.1975838877,73,P2_outputs_path_50_to_100
2026,384598.427470601,73,P2_outputs_path_50_to_100
2027,527805.8160694502,73,P2_outputs_path_50_to_100
2028,727104.5591944674,73,P2_outputs_path_50_to_100
2029,748679.6537629424,73,P2_outputs_path_50_to_100
2030,796489.464911279,73,P2_outputs_path_50_to_100
2031,859072.0164328383,73,P2_outputs_path_50_to_100
2032,954641.0901632432,73,P2_outputs_path_50_to_100
2033,1082114.6520900908,73,P2_outputs_path_50_to_100
2034,469502.7080252633,73,P2_outputs_path_50_to_100
2035,582788.5385974473,73,P2_outputs_path_50_to_100
2036,782271.0581808886,73,P2_outputs_path_50_to_100
2037,882765.1060881185,73,P2_outputs_path_50_to_100
2038,967949.453991492,73,P2_outputs_path_50_to_100
2039,1323357.9588357238,73,P2_outputs_path_50_to_100
2040,1431340.6641982708,73,P2_outputs_path_50_to_100
2041,1677712.558094301,73,P2_outputs_path_50_to_100
2042,1593309.2181263317,73,P2_outputs_path_50_to_100
2043,1758864.351520819,73,P2_outputs_path_50_to_100
2044,1936794.8727389816,73,P2_outputs_path_50_to_100
2045,2009476.0236320936,73,P2_outputs_path_50_to_100
2046,2285117.231796918,73,P2_outputs_path_50_to_100
2047,2182146.242925201,73,P2_outputs_path_50_to_100
2048,2446767.15463368,73,P2_outputs_path_50_to_100
2049,2673606.8941300022,73,P2_outputs_path_50_to_100
2050,2838234.753786067,73,P2_outputs_path_50_to_100
2051,3375998.995113253,73,P2_outputs_path_50_to_100
2052,3728953.934177594,73,P2_outputs_path_50_to_100
2053,3585762.105831053,73,P2_outputs_path_50_to_100
2054,3829135.445233063,73,P2_outputs_path_50_to_100
2055,4029818.840710803,73,P2_outputs_path_50_to_100
2056,4359888.871521607,73,P2_outputs_path_50_to_100
2057,4225211.936059715,73,P2_outputs_path_50_to_100
2058,3935406.343143269,73,P2_outputs_path_50_to_100
2059,369985.8818187416,73,P2_outputs_path_50_to_100
2060,506650.32093149936,73,P2_outputs_path_50_to_100
2061,518679.4574306782,73,P2_outputs_path_50_to_100
2062,526981.5799426391,73,P2_outputs_path_50_to_100
2063,527317.438185137,73,P2_outputs_path_50_to_100
2064,515817.2810143356,73,P2_outputs_path_50_to_100
2065,510270.79897045257,73,P2_outputs_path_50_to_100
2066,549714.8283040384,73,P2_outputs_path_50_to_100
2067,549617.090017535,73,P2_outputs_path_50_to_100
2068,486893.8394934033,73,P2_outputs_path_50_to_100
2069,483289.72088730335,73,P2_outputs_path_50_to_100
2070,540495.2618630717,73,P2_outputs_path_50_to_100
2071,588481.3762267348,73,P2_outputs_path_50_to_100
2072,672488.0472156333,73,P2_outputs_path_50_to_100
2073,700571.615208887,73,P2_outputs_path_50_to_100
2074,742978.8955360994,73,P2_outputs_path_50_to_100
2075,,73,P2_outputs_path_50_to_100
2025,206204.17883961665,74,P2_outputs_path_50_to_100
2026,326355.81329167186,74,P2_outputs_path_50_to_100
2027,351290.8891075657,74,P2_outputs_path_50_to_100
2028,498930.5227788464,74,P2_outputs_path_50_to_100
2029,581498.7297992615,74,P2_outputs_path_50_to_100
2030,769325.2993835799,74,P2_outputs_path_50_to_100
2031,858626.1555389505,74,P2_outputs_path_50_to_100
2032,936189.825839742,74,P2_outputs_path_50_to_100
2033,951414.2314426848,74,P2_outputs_path_50_to_100
2034,369407.6858494822,74,P2_outputs_path_50_to_100
2035,401683.21543916274,74,P2_outputs_path_50_to_100
2036,443194.2583696288,74,P2_outputs_path_50_to_100
2037,725862.1302904871,74,P2_outputs_path_50_to_100
2038,1005922.3298570868,74,P2_outputs_path_50_to_100
2039,1013551.5593479028,74,P2_outputs_path_50_to_100
2040,1149184.776814904,74,P2_outputs_path_50_to_100
2041,1084367.6169267143,74,P2_outputs_path_50_to_100
2042,1131859.9810126584,74,P2_outputs_path_50_to_100
2043,1457114.4244978384,74,P2_outputs_path_50_to_100
2044,1457647.3493188468,74,P2_outputs_path_50_to_100
2045,1684254.131859667,74,P2_outputs_path_50_to_100
2046,1850232.0357283528,74,P2_outputs_path_50_to_100
2047,1929997.5138649384,74,P2_outputs_path_50_to_100
2048,1811933.918619902,74,P2_outputs_path_50_to_100
2049,2101295.1421681177,74,P2_outputs_path_50_to_100
2050,2191619.746096872,74,P2_outputs_path_50_to_100
2051,2101976.187932914,74,P2_outputs_path_50_to_100
2052,1886051.5397732256,74,P2_outputs_path_50_to_100
2053,2055266.2656573355,74,P2_outputs_path_50_to_100
2054,1801426.8657572088,74,P2_outputs_path_50_to_100
2055,2128200.5558292195,74,P2_outputs_path_50_to_100
2056,2310937.9784399765,74,P2_outputs_path_50_to_100
2057,2433889.647460928,74,P2_outputs_path_50_to_100
2058,2913890.635027926,74,P2_outputs_path_50_to_100
2059,0.0,74,P2_outputs_path_50_to_100
2060,151937.0480516606,74,P2_outputs_path_50_to_100
2061,158101.7548455208,74,P2_outputs_path_50_to_100
2062,163019.0821609137,74,P2_outputs_path_50_to_100
2063,170050.6705759876,74,P2_outputs_path_50_to_100
2064,166006.66088104656,74,P2_outputs_path_50_to_100
2065,188831.5313942881,74,P2_outputs_path_50_to_100
2066,202605.42763372,74,P2_outputs_path_50_to_100
2067,227537.01660759613,74,P2_outputs_path_50_to_100
2068,276443.4289646533,74,P2_outputs_path_50_to_100
2069,277464.2457396105,74,P2_outputs_path_50_to_100
2070,283531.97721274704,74,P2_outputs_path_50_to_100
2071,288545.26999669446,74,P2_outputs_path_50_to_100
2072,308574.28499899345,74,P2_outputs_path_50_to_100
2073,331729.61678424675,74,P2_outputs_path_50_to_100
2074,342077.5946240764,74,P2_outputs_path_50_to_100
2075,,74,P2_outputs_path_50_to_100
2025,224622.21596702992,75,P2_outputs_path_50_to_100
2026,275579.07690852706,75,P2_outputs_path_50_to_100
2027,328569.697120814,75,P2_outputs_path_50_to_100
2028,497534.6719979205,75,P2_outputs_path_50_to_100
2029,548115.1484160222,75,P2_outputs_path_50_to_100
2030,708177.5338563726,75,P2_outputs_path_50_to_100
2031,791902.171020124,75,P2_outputs_path_50_to_100
2032,813525.7920004904,75,P2_outputs_path_50_to_100
2033,946081.6087168691,75,P2_outputs_path_50_to_100
2034,319638.6014869196,75,P2_outputs_path_50_to_100
2035,449305.8243052376,75,P2_outputs_path_50_to_100
2036,581925.6742023546,75,P2_outputs_path_50_to_100
2037,601452.0098266023,75,P2_outputs_path_50_to_100
2038,717127.1650020678,75,P2_outputs_path_50_to_100
2039,815059.5386842303,75,P2_outputs_path_50_to_100
2040,1041172.7007039606,75,P2_outputs_path_50_to_100
2041,1490914.5865411886,75,P2_outputs_path_50_to_100
2042,1065178.9971229332,75,P2_outputs_path_50_to_100
2043,1193798.365674426,75,P2_outputs_path_50_to_100
2044,1175294.1611962018,75,P2_outputs_path_50_to_100
2045,1491443.7116705172,75,P2_outputs_path_50_to_100
2046,1460207.0811668483,75,P2_outputs_path_50_to_100
2047,1829418.1651049813,75,P2_outputs_path_50_to_100
2048,1754781.226388361,75,P2_outputs_path_50_to_100
2049,2223686.9270789013,75,P2_outputs_path_50_to_100
2050,2979582.979800282,75,P2_outputs_path_50_to_100
2051,2971049.975814131,75,P2_outputs_path_50_to_100
2052,3527361.3708815016,75,P2_outputs_path_50_to_100
2053,3751527.515711278,75,P2_outputs_path_50_to_100
2054,3955731.177742561,75,P2_outputs_path_50_to_100
2055,4376108.749248481,75,P2_outputs_path_50_to_100
2056,4252369.629393728,75,P2_outputs_path_50_to_100
2057,4308541.996627828,75,P2_outputs_path_50_to_100
2058,4056059.467608013,75,P2_outputs_path_50_to_100
2059,724266.3749584723,75,P2_outputs_path_50_to_100
2060,929243.4346627056,75,P2_outputs_path_50_to_100
2061,908734.9865118448,75,P2_outputs_path_50_to_100
2062,883998.1191225579,75,P2_outputs_path_50_to_100
2063,891071.0936950443,75,P2_outputs_path_50_to_100
2064,917905.5815691154,75,P2_outputs_path_50_to_100
2065,922756.8415863696,75,P2_outputs_path_50_to_100
2066,901424.9546637996,75,P2_outputs_path_50_to_100
2067,911676.366027446,75,P2_outputs_path_50_to_100
2068,905363.7814696296,75,P2_outputs_path_50_to_100
2069,940376.6475093346,75,P2_outputs_path_50_to_100
2070,944905.3644296416,75,P2_outputs_path_50_to_100
2071,912750.2997651844,75,P2_outputs_path_50_to_100
2072,872568.9090956429,75,P2_outputs_path_50_to_100
2073,866681.3685907685,75,P2_outputs_path_50_to_100
2074,924060.4150917976,75,P2_outputs_path_50_to_100
2075,,75,P2_outputs_path_50_to_100
2025,187087.4809063963,76,P2_outputs_path_50_to_100
2026,299532.76091235253,76,P2_outputs_path_50_to_100
2027,359924.2284003262,76,P2_outputs_path_50_to_100
2028,333871.4891032241,76,P2_outputs_path_50_to_100
2029,317993.1317402017,76,P2_outputs_path_50_to_100
2030,287186.2921657444,76,P2_outputs_path_50_to_100
2031,430960.2035229271,76,P2_outputs_path_50_to_100
2032,538675.5820015148,76,P2_outputs_path_50_to_100
2033,706519.3940962413,76,P2_outputs_path_50_to_100
2034,92980.88263288896,76,P2_outputs_path_50_to_100
2035,232318.3630371154,76,P2_outputs_path_50_to_100
2036,349491.8720943377,76,P2_outputs_path_50_to_100
2037,434015.8555242152,76,P2_outputs_path_50_to_100
2038,517041.7602740788,76,P2_outputs_path_50_to_100
2039,634060.293532698,76,P2_outputs_path_50_to_100
2040,660638.447710151,76,P2_outputs_path_50_to_100
2041,949065.2025009264,76,P2_outputs_path_50_to_100
2042,884784.4768837607,76,P2_outputs_path_50_to_100
2043,678593.3372379367,76,P2_outputs_path_50_to_100
2044,677543.7165886051,76,P2_outputs_path_50_to_100
2045,873225.4590967674,76,P2_outputs_path_50_to_100
2046,1130170.820981207,76,P2_outputs_path_50_to_100
2047,1481012.9709784363,76,P2_outputs_path_50_to_100
2048,1809673.3195249103,76,P2_outputs_path_50_to_100
2049,1742622.0075423543,76,P2_outputs_path_50_to_100
2050,1979951.121308946,76,P2_outputs_path_50_to_100
2051,2591566.23146593,76,P2_outputs_path_50_to_100
2052,2921342.8455249653,76,P2_outputs_path_50_to_100
2053,2985934.6153861685,76,P2_outputs_path_50_to_100
2054,3456072.783709152,76,P2_outputs_path_50_to_100
2055,3760328.8872761456,76,P2_outputs_path_50_to_100
2056,4107241.744927069,76,P2_outputs_path_50_to_100
2057,4584249.284976845,76,P2_outputs_path_50_to_100
2058,4738875.558004052,76,P2_outputs_path_50_to_100
2059,601681.2305483678,76,P2_outputs_path_50_to_100
2060,743375.0707004103,76,P2_outputs_path_50_to_100
2061,694713.6896106312,76,P2_outputs_path_50_to_100
2062,714040.4686256577,76,P2_outputs_path_50_to_100
2063,810613.3164262146,76,P2_outputs_path_50_to_100
2064,821216.6455155227,76,P2_outputs_path_50_to_100
2065,802554.3649270575,76,P2_outputs_path_50_to_100
2066,839658.5683272702,76,P2_outputs_path_50_to_100
2067,925584.842462884,76,P2_outputs_path_50_to_100
2068,922891.769628208,76,P2_outputs_path_50_to_100
2069,1049966.2476948027,76,P2_outputs_path_50_to_100
2070,1065640.576860675,76,P2_outputs_path_50_to_100
2071,1008270.5234376484,76,P2_outputs_path_50_to_100
2072,1121135.177642381,76,P2_outputs_path_50_to_100
2073,1136132.4705968336,76,P2_outputs_path_50_to_100
2074,1133925.0006075846,76,P2_outputs_path_50_to_100
2075,,76,P2_outputs_path_50_to_100
2025,192002.8792062275,77,P2_outputs_path_50_to_100
2026,298382.4673525944,77,P2_outputs_path_50_to_100
2027,472882.4824687166,77,P2_outputs_path_50_to_100
2028,542964.2096598317,77,P2_outputs_path_50_to_100
2029,629213.6457812737,77,P2_outputs_path_50_to_100
2030,765360.7959128,77,P2_outputs_path_50_to_100
2031,860320.4189066142,77,P2_outputs_path_50_to_100
2032,998070.529436536,77,P2_outputs_path_50_to_100
2033,1073813.0622143892,77,P2_outputs_path_50_to_100
2034,439982.6571943621,77,P2_outputs_path_50_to_100
2035,665658.4999688758,77,P2_outputs_path_50_to_100
2036,690627.9002795723,77,P2_outputs_path_50_to_100
2037,1017224.8339127324,77,P2_outputs_path_50_to_100
2038,1129647.5919511542,77,P2_outputs_path_50_to_100
2039,1278450.7603695355,77,P2_outputs_path_50_to_100
2040,1767573.2975837544,77,P2_outputs_path_50_to_100
2041,1264507.56003203,77,P2_outputs_path_50_to_100
2042,1495841.2901662143,77,P2_outputs_path_50_to_100
2043,1605707.320848548,77,P2_outputs_path_50_to_100
2044,1776859.717301459,77,P2_outputs_path_50_to_100
2045,1978609.6847238303,77,P2_outputs_path_50_to_100
2046,2060555.2144388924,77,P2_outputs_path_50_to_100
2047,2334024.997282144,77,P2_outputs_path_50_to_100
2048,2505799.769898565,77,P2_outputs_path_50_to_100
2049,2206704.0932155186,77,P2_outputs_path_50_to_100
2050,1742584.595283907,77,P2_outputs_path_50_to_100
2051,2062930.239007895,77,P2_outputs_path_50_to_100
2052,2648292.100489339,77,P2_outputs_path_50_to_100
2053,2974164.533524034,77,P2_outputs_path_50_to_100
2054,3598063.1075275047,77,P2_outputs_path_50_to_100
2055,4331461.571780922,77,P2_outputs_path_50_to_100
2056,4594779.128333709,77,P2_outputs_path_50_to_100
2057,4499149.55169423,77,P2_outputs_path_50_to_100
2058,4807568.949236712,77,P2_outputs_path_50_to_100
2059,528371.1459114747,77,P2_outputs_path_50_to_100
2060,655437.0038096267,77,P2_outputs_path_50_to_100
2061,715056.1052214139,77,P2_outputs_path_50_to_100
2062,718712.3795236989,77,P2_outputs_path_50_to_100
2063,752688.7569622612,77,P2_outputs_path_50_to_100
2064,766327.7455944361,77,P2_outputs_path_50_to_100
2065,697045.6436284704,77,P2_outputs_path_50_to_100
2066,790529.8397433254,77,P2_outputs_path_50_to_100
2067,739794.7651575836,77,P2_outputs_path_50_to_100
2068,703928.8820567862,77,P2_outputs_path_50_to_100
2069,730138.3380966262,77,P2_outputs_path_50_to_100
2070,735219.5850877097,77,P2_outputs_path_50_to_100
2071,742799.4281582984,77,P2_outputs_path_50_to_100
2072,813693.6217503753,77,P2_outputs_path_50_to_100
2073,828378.469140285,77,P2_outputs_path_50_to_100
2074,842134.8456282001,77,P2_outputs_path_50_to_100
2075,,77,P2_outputs_path_50_to_100
2025,176261.0849229506,78,P2_outputs_path_50_to_100
2026,241595.70456247716,78,P2_outputs_path_50_to_100
2027,380927.55181746767,78,P2_outputs_path_50_to_100
2028,407981.2402411962,78,P2_outputs_path_50_to_100
2029,432298.1926639807,78,P2_outputs_path_50_to_100
2030,546932.6129204575,78,P2_outputs_path_50_to_100
2031,615016.2381345351,78,P2_outputs_path_50_to_100
2032,619184.2590388984,78,P2_outputs_path_50_to_100
2033,695416.1284325133,78,P2_outputs_path_50_to_100
2034,114207.39934109629,78,P2_outputs_path_50_to_100
2035,211189.79187279212,78,P2_outputs_path_50_to_100
2036,373123.32909085497,78,P2_outputs_path_50_to_100
2037,528987.6132354503,78,P2_outputs_path_50_to_100
2038,719644.1162835542,78,P2_outputs_path_50_to_100
2039,737396.3325330981,78,P2_outputs_path_50_to_100
2040,833435.0745391353,78,P2_outputs_path_50_to_100
2041,829427.8928801622,78,P2_outputs_path_50_to_100
2042,810219.4230748529,78,P2_outputs_path_50_to_100
2043,973477.5177126628,78,P2_outputs_path_50_to_100
2044,1309828.5398296916,78,P2_outputs_path_50_to_100
2045,1677561.0653696775,78,P2_outputs_path_50_to_100
2046,1915453.5738730407,78,P2_outputs_path_50_to_100
2047,2374630.50433893,78,P2_outputs_path_50_to_100
2048,2502541.3018593416,78,P2_outputs_path_50_to_100
2049,2512546.4742123783,78,P2_outputs_path_50_to_100
2050,3136144.295801192,78,P2_outputs_path_50_to_100
2051,3531272.337929164,78,P2_outputs_path_50_to_100
2052,2782170.197660378,78,P2_outputs_path_50_to_100
2053,2603841.779168981,78,P2_outputs_path_50_to_100
2054,2029891.316028766,78,P2_outputs_path_50_to_100
2055,2181254.337554316,78,P2_outputs_path_50_to_100
2056,1599529.6715502583,78,P2_outputs_path_50_to_100
2057,1656127.1155041258,78,P2_outputs_path_50_to_100
2058,1924189.5969138723,78,P2_outputs_path_50_to_100
2059,0.0,78,P2_outputs_path_50_to_100
2060,155458.73781293433,78,P2_outputs_path_50_to_100
2061,163133.36297991136,78,P2_outputs_path_50_to_100
2062,178596.20542971423,78,P2_outputs_path_50_to_100
2063,177868.23774119344,78,P2_outputs_path_50_to_100
2064,176094.08160180788,78,P2_outputs_path_50_to_100
2065,188640.48907284872,78,P2_outputs_path_50_to_100
2066,200698.2284643451,78,P2_outputs_path_50_to_100
2067,202428.68850554235,78,P2_outputs_path_50_to_100
2068,187665.3351739089,78,P2_outputs_path_50_to_100
2069,201576.07516463596,78,P2_outputs_path_50_to_100
2070,208096.8428352212,78,P2_outputs_path_50_to_100
2071,212604.65874294512,78,P2_outputs_path_50_to_100
2072,236481.1487648864,78,P2_outputs_path_50_to_100
2073,252285.89212394564,78,P2_outputs_path_50_to_100
2074,273784.8649583757,78,P2_outputs_path_50_to_100
2075,,78,P2_outputs_path_50_to_100
2025,191900.59373087095,79,P2_outputs_path_50_to_100
2026,281259.6564654036,79,P2_outputs_path_50_to_100
2027,364697.2832555005,79,P2_outputs_path_50_to_100
2028,445641.78904348216,79,P2_outputs_path_50_to_100
2029,349312.1746983374,79,P2_outputs_path_50_to_100
2030,399157.87411823706,79,P2_outputs_path_50_to_100
2031,615635.695169291,79,P2_outputs_path_50_to_100
2032,769553.3796673883,79,P2_outputs_path_50_to_100
2033,883437.6525299436,79,P2_outputs_path_50_to_100
2034,260413.62584769985,79,P2_outputs_path_50_to_100
2035,420898.4603436252,79,P2_outputs_path_50_to_100
2036,545127.9363661727,79,P2_outputs_path_50_to_100
2037,560195.8404475754,79,P2_outputs_path_50_to_100
2038,698411.3549148004,79,P2_outputs_path_50_to_100
2039,660089.3015928231,79,P2_outputs_path_50_to_100
2040,855979.0498999186,79,P2_outputs_path_50_to_100
2041,860492.6932168824,79,P2_outputs_path_50_to_100
2042,866767.6003570337,79,P2_outputs_path_50_to_100
2043,1062006.4474741055,79,P2_outputs_path_50_to_100
2044,1110111.8868734203,79,P2_outputs_path_50_to_100
2045,950215.7086105482,79,P2_outputs_path_50_to_100
2046,1092124.8476147717,79,P2_outputs_path_50_to_100
2047,1274265.863564779,79,P2_outputs_path_50_to_100
2048,1596831.4750198943,79,P2_outputs_path_50_to_100
2049,1785371.13738747,79,P2_outputs_path_50_to_100
2050,2028389.0105811944,79,P2_outputs_path_50_to_100
2051,2406745.670580178,79,P2_outputs_path_50_to_100
2052,2504570.5588078466,79,P2_outputs_path_50_to_100
2053,2805014.502784807,79,P2_outputs_path_50_to_100
2054,3295979.2114294446,79,P2_outputs_path_50_to_100
2055,3648271.238600332,79,P2_outputs_path_50_to_100
2056,4032168.387702634,79,P2_outputs_path_50_to_100
2057,4308777.043525389,79,P2_outputs_path_50_to_100
2058,4897694.319029289,79,P2_outputs_path_50_to_100
2059,897827.8055357216,79,P2_outputs_path_50_to_100
2060,1035830.9205815432,79,P2_outputs_path_50_to_100
2061,1106627.966262458,79,P2_outputs_path_50_to_100
2062,1136241.811396182,79,P2_outputs_path_50_to_100
2063,1221803.949465043,79,P2_outputs_path_50_to_100
2064,1233158.9539985866,79,P2_outputs_path_50_to_100
2065,1225351.8336764865,79,P2_outputs_path_50_to_100
2066,1117727.6673425017,79,P2_outputs_path_50_to_100
2067,1094139.2085419418,79,P2_outputs_path_50_to_100
2068,1116230.26478973,79,P2_outputs_path_50_to_100
2069,1107964.1318222687,79,P2_outputs_path_50_to_100
2070,1099200.8338460452,79,P2_outputs_path_50_to_100
2071,1144549.7675955626,79,P2_outputs_path_50_to_100
2072,1161957.740610695,79,P2_outputs_path_50_to_100
2073,1114009.484574356,79,P2_outputs_path_50_to_100
2074,986530.9012192556,79,P2_outputs_path_50_to_100
2075,,79,P2_outputs_path_50_to_100
2025,208015.8261261954,80,P2_outputs_path_50_to_100
2026,336933.38784226216,80,P2_outputs_path_50_to_100
2027,415766.19575972855,80,P2_outputs_path_50_to_100
2028,608620.3307531257,80,P2_outputs_path_50_to_100
2029,537441.2209233565,80,P2_outputs_path_50_to_100
2030,684609.2138493995,80,P2_outputs_path_50_to_100
2031,737231.2969103077,80,P2_outputs_path_50_to_100
2032,871396.3712135308,80,P2_outputs_path_50_to_100
2033,977962.9391177188,80,P2_outputs_path_50_to_100
2034,333988.5565675098,80,P2_outputs_path_50_to_100
2035,456465.53118511394,80,P2_outputs_path_50_to_100
2036,658754.6260106091,80,P2_outputs_path_50_to_100
2037,816129.1055002058,80,P2_outputs_path_50_to_100
2038,638736.4427590249,80,P2_outputs_path_50_to_100
2039,788183.4868103889,80,P2_outputs_path_50_to_100
2040,1013673.6472234,80,P2_outputs_path_50_to_100
2041,1192477.9115954004,80,P2_outputs_path_50_to_100
2042,1204203.4989211722,80,P2_outputs_path_50_to_100
2043,1590679.8528349118,80,P2_outputs_path_50_to_100
2044,1850862.7813380896,80,P2_outputs_path_50_to_100
2045,1811571.4834920152,80,P2_outputs_path_50_to_100
2046,2347093.4106158824,80,P2_outputs_path_50_to_100
2047,2262231.9516733903,80,P2_outputs_path_50_to_100
2048,2516048.3478939408,80,P2_outputs_path_50_to_100
2049,2779058.544646914,80,P2_outputs_path_50_to_100
2050,2658291.2457943945,80,P2_outputs_path_50_to_100
2051,2609603.422626639,80,P2_outputs_path_50_to_100
2052,3155243.1652573915,80,P2_outputs_path_50_to_100
2053,3423438.2525512315,80,P2_outputs_path_50_to_100
2054,3566149.646337584,80,P2_outputs_path_50_to_100
2055,3503748.0621157084,80,P2_outputs_path_50_to_100
2056,3474643.7703126394,80,P2_outputs_path_50_to_100
2057,3841847.2489253497,80,P2_outputs_path_50_to_100
2058,4389731.619345327,80,P2_outputs_path_50_to_100
2059,62241.33567635715,80,P2_outputs_path_50_to_100
2060,212095.48385857567,80,P2_outputs_path_50_to_100
2061,269111.39672373986,80,P2_outputs_path_50_to_100
2062,253311.232536214,80,P2_outputs_path_50_to_100
2063,255524.54318093052,80,P2_outputs_path_50_to_100
2064,266935.2300621525,80,P2_outputs_path_50_to_100
2065,242227.91746228063,80,P2_outputs_path_50_to_100
2066,267968.0351220755,80,P2_outputs_path_50_to_100
2067,285091.5168578331,80,P2_outputs_path_50_to_100
2068,283395.24497142487,80,P2_outputs_path_50_to_100
2069,294799.4578536496,80,P2_outputs_path_50_to_100
2070,276087.4126477218,80,P2_outputs_path_50_to_100
2071,287238.540213932,80,P2_outputs_path_50_to_100
2072,321210.5508194902,80,P2_outputs_path_50_to_100
2073,332785.52955410315,80,P2_outputs_path_50_to_100
2074,333880.2596907565,80,P2_outputs_path_50_to_100
2075,,80,P2_outputs_path_50_to_100
2025,193188.4414396608,81,P2_outputs_path_50_to_100
2026,270673.74183722713,81,P2_outputs_path_50_to_100
2027,409846.1137279406,81,P2_outputs_path_50_to_100
2028,480972.9921990711,81,P2_outputs_path_50_to_100
2029,535699.4567665821,81,P2_outputs_path_50_to_100
2030,531400.2194863348,81,P2_outputs_path_50_to_100
2031,469010.8551170044,81,P2_outputs_path_50_to_100
2032,486013.7958240621,81,P2_outputs_path_50_to_100
2033,657252.0387040456,81,P2_outputs_path_50_to_100
2034,85186.55774418113,81,P2_outputs_path_50_to_100
2035,199037.3389250085,81,P2_outputs_path_50_to_100
2036,327717.1274487617,81,P2_outputs_path_50_to_100
2037,486786.09004882246,81,P2_outputs_path_50_to_100
2038,519439.4093780541,81,P2_outputs_path_50_to_100
2039,593115.7719287778,81,P2_outputs_path_50_to_100
2040,769499.4695976223,81,P2_outputs_path_50_to_100
2041,733858.731366589,81,P2_outputs_path_50_to_100
2042,963409.2970171836,81,P2_outputs_path_50_to_100
2043,1117081.750892067,81,P2_outputs_path_50_to_100
2044,1371570.7471978422,81,P2_outputs_path_50_to_100
2045,1304547.8059896557,81,P2_outputs_path_50_to_100
2046,1540161.3622293333,81,P2_outputs_path_50_to_100
2047,1690859.0584263918,81,P2_outputs_path_50_to_100
2048,1777080.749667991,81,P2_outputs_path_50_to_100
2049,1499652.9257194034,81,P2_outputs_path_50_to_100
2050,1658726.908354608,81,P2_outputs_path_50_to_100
2051,1504072.971891451,81,P2_outputs_path_50_to_100
2052,1825556.7786333992,81,P2_outputs_path_50_to_100
2053,1812445.2141932305,81,P2_outputs_path_50_to_100
2054,1996122.762781804,81,P2_outputs_path_50_to_100
2055,2604074.934156145,81,P2_outputs_path_50_to_100
2056,3059729.5218543136,81,P2_outputs_path_50_to_100
2057,3367214.240909575,81,P2_outputs_path_50_to_100
2058,3703135.4711023136,81,P2_outputs_path_50_to_100
2059,0.0,81,P2_outputs_path_50_to_100
2060,138228.93822273763,81,P2_outputs_path_50_to_100
2061,149920.48212800996,81,P2_outputs_path_50_to_100
2062,170567.48306478997,81,P2_outputs_path_50_to_100
2063,175859.46711798914,81,P2_outputs_path_50_to_100
2064,162547.86615190576,81,P2_outputs_path_50_to_100
2065,177326.18796304587,81,P2_outputs_path_50_to_100
2066,176407.4646545202,81,P2_outputs_path_50_to_100
2067,195463.2386012167,81,P2_outputs_path_50_to_100
2068,218239.2829141133,81,P2_outputs_path_50_to_100
2069,216242.2848469787,81,P2_outputs_path_50_to_100
2070,221827.7113076532,81,P2_outputs_path_50_to_100
2071,224324.63489337475,81,P2_outputs_path_50_to_100
2072,233674.2576051325,81,P2_outputs_path_50_to_100
2073,236340.40593900284,81,P2_outputs_path_50_to_100
2074,227811.45020326896,81,P2_outputs_path_50_to_100
2075,,81,P2_outputs_path_50_to_100
2025,184293.53844967764,82,P2_outputs_path_50_to_100
2026,268305.0410488225,82,P2_outputs_path_50_to_100
2027,417818.2345783947,82,P2_outputs_path_50_to_100
2028,620706.0465322895,82,P2_outputs_path_50_to_100
2029,620798.4439564717,82,P2_outputs_path_50_to_100
2030,616708.9715083987,82,P2_outputs_path_50_to_100
2031,537941.5831426451,82,P2_outputs_path_50_to_100
2032,662311.5557295902,82,P2_outputs_path_50_to_100
2033,758494.0676398237,82,P2_outputs_path_50_to_100
2034,135498.5757082044,82,P2_outputs_path_50_to_100
2035,238190.81346806895,82,P2_outputs_path_50_to_100
2036,422701.86821402784,82,P2_outputs_path_50_to_100
2037,559279.3512599036,82,P2_outputs_path_50_to_100
2038,662099.6858370317,82,P2_outputs_path_50_to_100
2039,788865.8160518016,82,P2_outputs_path_50_to_100
2040,948785.996259464,82,P2_outputs_path_50_to_100
2041,1279594.1957214265,82,P2_outputs_path_50_to_100
2042,1571666.521298229,82,P2_outputs_path_50_to_100
2043,2061065.7633902635,82,P2_outputs_path_50_to_100
2044,2194383.643933722,82,P2_outputs_path_50_to_100
2045,2382279.8646814814,82,P2_outputs_path_50_to_100
2046,2154412.86996735,82,P2_outputs_path_50_to_100
2047,2283797.7206069403,82,P2_outputs_path_50_to_100
2048,2628665.3107256666,82,P2_outputs_path_50_to_100
2049,2562437.5762319025,82,P2_outputs_path_50_to_100
2050,2845835.323968929,82,P2_outputs_path_50_to_100
2051,3594773.504372013,82,P2_outputs_path_50_to_100
2052,3690192.0435292474,82,P2_outputs_path_50_to_100
2053,3642222.5712363874,82,P2_outputs_path_50_to_100
2054,3358447.828440984,82,P2_outputs_path_50_to_100
2055,3820627.700387767,82,P2_outputs_path_50_to_100
2056,4304151.801437308,82,P2_outputs_path_50_to_100
2057,4352702.06656698,82,P2_outputs_path_50_to_100
2058,4697584.067479226,82,P2_outputs_path_50_to_100
2059,473269.17552202754,82,P2_outputs_path_50_to_100
2060,582447.5824350233,82,P2_outputs_path_50_to_100
2061,567019.6872687335,82,P2_outputs_path_50_to_100
2062,596034.5855631876,82,P2_outputs_path_50_to_100
2063,552294.0080873785,82,P2_outputs_path_50_to_100
2064,569465.4627533144,82,P2_outputs_path_50_to_100
2065,565992.8062039594,82,P2_outputs_path_50_to_100
2066,551272.4851705274,82,P2_outputs_path_50_to_100
2067,550298.3586191143,82,P2_outputs_path_50_to_100
2068,553851.9765601424,82,P2_outputs_path_50_to_100
2069,500561.5580980772,82,P2_outputs_path_50_to_100
2070,483985.7778328989,82,P2_outputs_path_50_to_100
2071,446947.30351011513,82,P2_outputs_path_50_to_100
2072,491598.03595223406,82,P2_outputs_path_50_to_100
2073,516684.39675037016,82,P2_outputs_path_50_to_100
2074,513343.8181435793,82,P2_outputs_path_50_to_100
2075,,82,P2_outputs_path_50_to_100
2025,263647.7559435198,83,P2_outputs_path_50_to_100
2026,355526.9994403234,83,P2_outputs_path_50_to_100
2027,466348.0654071322,83,P2_outputs_path_50_to_100
2028,540558.5201018015,83,P2_outputs_path_50_to_100
2029,547039.7723058808,83,P2_outputs_path_50_to_100
2030,734009.9950704608,83,P2_outputs_path_50_to_100
2031,838475.2355306161,83,P2_outputs_path_50_to_100
2032,969344.2917089824,83,P2_outputs_path_50_to_100
2033,1126542.4798353298,83,P2_outputs_path_50_to_100
2034,564624.8274950362,83,P2_outputs_path_50_to_100
2035,760239.4568161677,83,P2_outputs_path_50_to_100
2036,754713.8022298943,83,P2_outputs_path_50_to_100
2037,760671.5231520463,83,P2_outputs_path_50_to_100
2038,974012.5068927064,83,P2_outputs_path_50_to_100
2039,906459.2859768752,83,P2_outputs_path_50_to_100
2040,1049835.8362372902,83,P2_outputs_path_50_to_100
2041,1176222.9412729132,83,P2_outputs_path_50_to_100
2042,1241041.7388514234,83,P2_outputs_path_50_to_100
2043,1539381.631780665,83,P2_outputs_path_50_to_100
2044,1723522.1436918385,83,P2_outputs_path_50_to_100
2045,2181445.4623189825,83,P2_outputs_path_50_to_100
2046,2694654.732014426,83,P2_outputs_path_50_to_100
2047,3131883.6019146186,83,P2_outputs_path_50_to_100
2048,2295786.298702825,83,P2_outputs_path_50_to_100
2049,2185228.7513210457,83,P2_outputs_path_50_to_100
2050,2040034.363743201,83,P2_outputs_path_50_to_100
2051,2205580.985808369,83,P2_outputs_path_50_to_100
2052,2864772.5190319447,83,P2_outputs_path_50_to_100
2053,2916464.9368295963,83,P2_outputs_path_50_to_100
2054,2986993.266490476,83,P2_outputs_path_50_to_100
2055,2976136.2690214426,83,P2_outputs_path_50_to_100
2056,4066386.528460695,83,P2_outputs_path_50_to_100
2057,4146171.454658573,83,P2_outputs_path_50_to_100
2058,4295847.100070847,83,P2_outputs_path_50_to_100
2059,342096.02175376005,83,P2_outputs_path_50_to_100
2060,463893.0519622182,83,P2_outputs_path_50_to_100
2061,469340.07044477,83,P2_outputs_path_50_to_100
2062,492135.54110251256,83,P2_outputs_path_50_to_100
2063,470968.0468079484,83,P2_outputs_path_50_to_100
2064,485987.9022372356,83,P2_outputs_path_50_to_100
2065,483740.5695758806,83,P2_outputs_path_50_to_100
2066,457705.0695909076,83,P2_outputs_path_50_to_100
2067,502756.6157903688,83,P2_outputs_path_50_to_100
2068,533999.5685458188,83,P2_outputs_path_50_to_100
2069,551751.0461626521,83,P2_outputs_path_50_to_100
2070,581030.7770845066,83,P2_outputs_path_50_to_100
2071,570997.6206287849,83,P2_outputs_path_50_to_100
2072,534698.5572937762,83,P2_outputs_path_50_to_100
2073,576204.0004657018,83,P2_outputs_path_50_to_100
2074,572788.9078934945,83,P2_outputs_path_50_to_100
2075,,83,P2_outputs_path_50_to_100
2025,200613.0369408709,84,P2_outputs_path_50_to_100
2026,292698.4166133086,84,P2_outputs_path_50_to_100
2027,414623.9524112941,84,P2_outputs_path_50_to_100
2028,549085.2013999986,84,P2_outputs_path_50_to_100
2029,683078.6778002228,84,P2_outputs_path_50_to_100
2030,795911.5639214182,84,P2_outputs_path_50_to_100
2031,914582.4216464264,84,P2_outputs_path_50_to_100
2032,920769.2280162376,84,P2_outputs_path_50_to_100
2033,928234.5393693082,84,P2_outputs_path_50_to_100
2034,302215.45720589056,84,P2_outputs_path_50_to_100
2035,503420.6309150806,84,P2_outputs_path_50_to_100
2036,558370.4681137112,84,P2_outputs_path_50_to_100
2037,688520.0638108074,84,P2_outputs_path_50_to_100
2038,887439.7632816351,84,P2_outputs_path_50_to_100
2039,1262911.301481749,84,P2_outputs_path_50_to_100
2040,1493694.904480421,84,P2_outputs_path_50_to_100
2041,1787376.334657864,84,P2_outputs_path_50_to_100
2042,1759785.3681894084,84,P2_outputs_path_50_to_100
2043,1996723.31127553,84,P2_outputs_path_50_to_100
2044,2197014.325195034,84,P2_outputs_path_50_to_100
2045,2099506.159372888,84,P2_outputs_path_50_to_100
2046,2516266.049639371,84,P2_outputs_path_50_to_100
2047,2478391.1981722484,84,P2_outputs_path_50_to_100
2048,1697982.691264589,84,P2_outputs_path_50_to_100
2049,1264277.036432277,84,P2_outputs_path_50_to_100
2050,1552199.2977149084,84,P2_outputs_path_50_to_100
2051,1390942.3066025786,84,P2_outputs_path_50_to_100
2052,1423455.7075501173,84,P2_outputs_path_50_to_100
2053,1825342.2052478704,84,P2_outputs_path_50_to_100
2054,2130729.263169815,84,P2_outputs_path_50_to_100
2055,1632058.3150758224,84,P2_outputs_path_50_to_100
2056,1693130.6421298068,84,P2_outputs_path_50_to_100
2057,2121527.795980209,84,P2_outputs_path_50_to_100
2058,2217679.292558273,84,P2_outputs_path_50_to_100
2059,0.0,84,P2_outputs_path_50_to_100
2060,145968.8589697217,84,P2_outputs_path_50_to_100
2061,147385.46804261763,84,P2_outputs_path_50_to_100
2062,143858.58436715457,84,P2_outputs_path_50_to_100
2063,159237.9891846447,84,P2_outputs_path_50_to_100
2064,164229.9934210716,84,P2_outputs_path_50_to_100
2065,157572.36100219938,84,P2_outputs_path_50_to_100
2066,189781.4421034566,84,P2_outputs_path_50_to_100
2067,196054.77983211764,84,P2_outputs_path_50_to_100
2068,195089.24247000265,84,P2_outputs_path_50_to_100
2069,176744.0334882725,84,P2_outputs_path_50_to_100
2070,214176.1058998562,84,P2_outputs_path_50_to_100
2071,208460.41796677027,84,P2_outputs_path_50_to_100
2072,189799.99403920711,84,P2_outputs_path_50_to_100
2073,190592.76629731155,84,P2_outputs_path_50_to_100
2074,220095.36048294732,84,P2_outputs_path_50_to_100
2075,,84,P2_outputs_path_50_to_100
2025,195333.2116868621,85,P2_outputs_path_50_to_100
2026,293131.63973040355,85,P2_outputs_path_50_to_100
2027,381488.33593050274,85,P2_outputs_path_50_to_100
2028,479478.5909763264,85,P2_outputs_path_50_to_100
2029,531579.0110760209,85,P2_outputs_path_50_to_100
2030,624793.8435558357,85,P2_outputs_path_50_to_100
2031,705406.9912997641,85,P2_outputs_path_50_to_100
2032,810565.244868105,85,P2_outputs_path_50_to_100
2033,999147.0756188888,85,P2_outputs_path_50_to_100
2034,444595.7395634111,85,P2_outputs_path_50_to_100
2035,533996.4031189851,85,P2_outputs_path_50_to_100
2036,869280.3738574571,85,P2_outputs_path_50_to_100
2037,944159.9762748348,85,P2_outputs_path_50_to_100
2038,1205919.1678217717,85,P2_outputs_path_50_to_100
2039,1811057.9829899813,85,P2_outputs_path_50_to_100
2040,2116675.44867073,85,P2_outputs_path_50_to_100
2041,2061646.3096680548,85,P2_outputs_path_50_to_100
2042,2105431.9892911427,85,P2_outputs_path_50_to_100
2043,2407070.2349393577,85,P2_outputs_path_50_to_100
2044,2017420.2497074883,85,P2_outputs_path_50_to_100
2045,1793313.997685437,85,P2_outputs_path_50_to_100
2046,2125628.789096241,85,P2_outputs_path_50_to_100
2047,2377136.5926879942,85,P2_outputs_path_50_to_100
2048,2908425.521428497,85,P2_outputs_path_50_to_100
2049,2749500.84404677,85,P2_outputs_path_50_to_100
2050,3151697.0526472186,85,P2_outputs_path_50_to_100
2051,3407953.906856525,85,P2_outputs_path_50_to_100
2052,3801614.877010004,85,P2_outputs_path_50_to_100
2053,3514712.1862845286,85,P2_outputs_path_50_to_100
2054,4420789.434639732,85,P2_outputs_path_50_to_100
2055,4258233.243506707,85,P2_outputs_path_50_to_100
2056,4038551.161255747,85,P2_outputs_path_50_to_100
2057,4779983.8800468985,85,P2_outputs_path_50_to_100
2058,4875316.457857116,85,P2_outputs_path_50_to_100
2059,944158.7392522302,85,P2_outputs_path_50_to_100
2060,1113397.4563745137,85,P2_outputs_path_50_to_100
2061,1057860.5920434557,85,P2_outputs_path_50_to_100
2062,1048447.9613666908,85,P2_outputs_path_50_to_100
2063,1160184.5199272914,85,P2_outputs_path_50_to_100
2064,1190613.6835221583,85,P2_outputs_path_50_to_100
2065,1291345.0372577775,85,P2_outputs_path_50_to_100
2066,1247252.0151962189,85,P2_outputs_path_50_to_100
2067,1114826.5664547917,85,P2_outputs_path_50_to_100
2068,1244003.103163177,85,P2_outputs_path_50_to_100
2069,1217130.5798225128,85,P2_outputs_path_50_to_100
2070,1115270.1814288122,85,P2_outputs_path_50_to_100
2071,1060620.1029361074,85,P2_outputs_path_50_to_100
2072,1036646.8372290172,85,P2_outputs_path_50_to_100
2073,998729.8898499962,85,P2_outputs_path_50_to_100
2074,963819.409870807,85,P2_outputs_path_50_to_100
2075,,85,P2_outputs_path_50_to_100
2025,226104.37807051247,86,P2_outputs_path_50_to_100
2026,377846.8147973872,86,P2_outputs_path_50_to_100
2027,486488.852845936,86,P2_outputs_path_50_to_100
2028,522750.0312693368,86,P2_outputs_path_50_to_100
2029,584633.1564916954,86,P2_outputs_path_50_to_100
2030,753672.1357158459,86,P2_outputs_path_50_to_100
2031,863430.619378944,86,P2_outputs_path_50_to_100
2032,1057195.5053615586,86,P2_outputs_path_50_to_100
2033,1180069.9615345297,86,P2_outputs_path_50_to_100
2034,744921.9674859303,86,P2_outputs_path_50_to_100
2035,736872.8455213497,86,P2_outputs_path_50_to_100
2036,773973.7492899238,86,P2_outputs_path_50_to_100
2037,1052438.1864430115,86,P2_outputs_path_50_to_100
2038,1126718.0868134254,86,P2_outputs_path_50_to_100
2039,1573745.3560682854,86,P2_outputs_path_50_to_100
2040,1884945.4818175044,86,P2_outputs_path_50_to_100
2041,2478347.8923446955,86,P2_outputs_path_50_to_100
2042,3018664.95568411,86,P2_outputs_path_50_to_100
2043,3259087.659128333,86,P2_outputs_path_50_to_100
2044,3477136.0723702176,86,P2_outputs_path_50_to_100
2045,3262598.779826403,86,P2_outputs_path_50_to_100
2046,3139682.8983035902,86,P2_outputs_path_50_to_100
2047,3574446.1053108843,86,P2_outputs_path_50_to_100
2048,3717768.6658802098,86,P2_outputs_path_50_to_100
2049,3936960.1338490495,86,P2_outputs_path_50_to_100
2050,3524852.89238104,86,P2_outputs_path_50_to_100
2051,3226878.6943051503,86,P2_outputs_path_50_to_100
2052,2785352.567367236,86,P2_outputs_path_50_to_100
2053,3185853.871254368,86,P2_outputs_path_50_to_100
2054,3385313.16030135,86,P2_outputs_path_50_to_100
2055,3058606.3987681526,86,P2_outputs_path_50_to_100
2056,2675193.319649078,86,P2_outputs_path_50_to_100
2057,2997465.485701077,86,P2_outputs_path_50_to_100
2058,3249656.550864868,86,P2_outputs_path_50_to_100
2059,0.0,86,P2_outputs_path_50_to_100
2060,163860.6891782222,86,P2_outputs_path_50_to_100
2061,181479.31014356276,86,P2_outputs_path_50_to_100
2062,192197.9302529146,86,P2_outputs_path_50_to_100
2063,209736.87098363868,86,P2_outputs_path_50_to_100
2064,211142.17403924288,86,P2_outputs_path_50_to_100
2065,203744.1633551626,86,P2_outputs_path_50_to_100
2066,210267.02011452688,86,P2_outputs_path_50_to_100
2067,199511.59761539724,86,P2_outputs_path_50_to_100
2068,186848.0801830024,86,P2_outputs_path_50_to_100
2069,169289.53915099817,86,P2_outputs_path_50_to_100
2070,167276.75654687145,86,P2_outputs_path_50_to_100
2071,180281.52581395005,86,P2_outputs_path_50_to_100
2072,177036.6929415955,86,P2_outputs_path_50_to_100
2073,167927.18800598863,86,P2_outputs_path_50_to_100
2074,165793.7035359455,86,P2_outputs_path_50_to_100
2075,,86,P2_outputs_path_50_to_100
2025,229138.4860633194,87,P2_outputs_path_50_to_100
2026,297204.5415527194,87,P2_outputs_path_50_to_100
2027,366792.17668138223,87,P2_outputs_path_50_to_100
2028,519510.0528127377,87,P2_outputs_path_50_to_100
2029,531859.5877920303,87,P2_outputs_path_50_to_100
2030,478637.91135371337,87,P2_outputs_path_50_to_100
2031,488466.2015306089,87,P2_outputs_path_50_to_100
2032,542749.2401304478,87,P2_outputs_path_50_to_100
2033,702050.984199553,87,P2_outputs_path_50_to_100
2034,113486.27373835024,87,P2_outputs_path_50_to_100
2035,259544.3632494769,87,P2_outputs_path_50_to_100
2036,326481.0303793524,87,P2_outputs_path_50_to_100
2037,550111.1744928643,87,P2_outputs_path_50_to_100
2038,914156.5143111224,87,P2_outputs_path_50_to_100
2039,904125.5749016312,87,P2_outputs_path_50_to_100
2040,1223654.7382706506,87,P2_outputs_path_50_to_100
2041,1441319.1123569156,87,P2_outputs_path_50_to_100
2042,1700289.6703536557,87,P2_outputs_path_50_to_100
2043,1957597.60797348,87,P2_outputs_path_50_to_100
2044,1709004.5822669505,87,P2_outputs_path_50_to_100
2045,1727775.237779594,87,P2_outputs_path_50_to_100
2046,2331322.792934487,87,P2_outputs_path_50_to_100
2047,2048579.725954809,87,P2_outputs_path_50_to_100
2048,1805893.285027298,87,P2_outputs_path_50_to_100
2049,1946095.226272488,87,P2_outputs_path_50_to_100
2050,1551700.0260486344,87,P2_outputs_path_50_to_100
2051,1981826.2939290025,87,P2_outputs_path_50_to_100
2052,2385693.2115949406,87,P2_outputs_path_50_to_100
2053,2245056.5737625384,87,P2_outputs_path_50_to_100
2054,2701004.915425665,87,P2_outputs_path_50_to_100
2055,2567100.210663852,87,P2_outputs_path_50_to_100
2056,2744937.155958804,87,P2_outputs_path_50_to_100
2057,2602361.152069762,87,P2_outputs_path_50_to_100
2058,2960935.445513795,87,P2_outputs_path_50_to_100
2059,0.0,87,P2_outputs_path_50_to_100
2060,139981.22863563284,87,P2_outputs_path_50_to_100
2061,149675.99643311847,87,P2_outputs_path_50_to_100
2062,147612.3624950664,87,P2_outputs_path_50_to_100
2063,161938.24354268383,87,P2_outputs_path_50_to_100
2064,167937.20753393468,87,P2_outputs_path_50_to_100
2065,175055.1480937371,87,P2_outputs_path_50_to_100
2066,192316.7205137454,87,P2_outputs_path_50_to_100
2067,206913.8220478101,87,P2_outputs_path_50_to_100
2068,216046.1122568239,87,P2_outputs_path_50_to_100
2069,232222.66992202995,87,P2_outputs_path_50_to_100
2070,243322.12087566755,87,P2_outputs_path_50_to_100
2071,239565.48094215343,87,P2_outputs_path_50_to_100
2072,256889.80241203823,87,P2_outputs_path_50_to_100
2073,263643.49381746235,87,P2_outputs_path_50_to_100
2074,287521.0674057463,87,P2_outputs_path_50_to_100
2075,,87,P2_outputs_path_50_to_100
2025,203145.52737114672,88,P2_outputs_path_50_to_100
2026,325935.91794063844,88,P2_outputs_path_50_to_100
2027,448489.27782109205,88,P2_outputs_path_50_to_100
2028,631606.2180921515,88,P2_outputs_path_50_to_100
2029,735323.9009894807,88,P2_outputs_path_50_to_100
2030,851578.5401656098,88,P2_outputs_path_50_to_100
2031,949026.8002163796,88,P2_outputs_path_50_to_100
2032,1078548.4868408227,88,P2_outputs_path_50_to_100
2033,1209590.641464987,88,P2_outputs_path_50_to_100
2034,596629.5287563952,88,P2_outputs_path_50_to_100
2035,883474.9594279949,88,P2_outputs_path_50_to_100
2036,1037910.7082877384,88,P2_outputs_path_50_to_100
2037,1237177.055280603,88,P2_outputs_path_50_to_100
2038,1432958.1550451808,88,P2_outputs_path_50_to_100
2039,1222841.5049263148,88,P2_outputs_path_50_to_100
2040,1440682.1503540983,88,P2_outputs_path_50_to_100
2041,1578296.6415664963,88,P2_outputs_path_50_to_100
2042,1853219.528894215,88,P2_outputs_path_50_to_100
2043,2239075.20956228,88,P2_outputs_path_50_to_100
2044,2203637.1359340027,88,P2_outputs_path_50_to_100
2045,2541297.6216346943,88,P2_outputs_path_50_to_100
2046,3341873.3283571694,88,P2_outputs_path_50_to_100
2047,3245996.8077538903,88,P2_outputs_path_50_to_100
2048,4041908.933375692,88,P2_outputs_path_50_to_100
2049,4078299.690456621,88,P2_outputs_path_50_to_100
2050,4367975.976842944,88,P2_outputs_path_50_to_100
2051,4211554.367715165,88,P2_outputs_path_50_to_100
2052,4075235.633875021,88,P2_outputs_path_50_to_100
2053,4473239.231973338,88,P2_outputs_path_50_to_100
2054,4249207.963785864,88,P2_outputs_path_50_to_100
2055,4882844.658527439,88,P2_outputs_path_50_to_100
2056,4999869.006432248,88,P2_outputs_path_50_to_100
2057,5048102.898110272,88,P2_outputs_path_50_to_100
2058,5185554.007947952,88,P2_outputs_path_50_to_100
2059,559467.5193692092,88,P2_outputs_path_50_to_100
2060,713801.5385499168,88,P2_outputs_path_50_to_100
2061,693606.8162447043,88,P2_outputs_path_50_to_100
2062,701225.6857086703,88,P2_outputs_path_50_to_100
2063,788215.541796092,88,P2_outputs_path_50_to_100
2064,812042.2053583649,88,P2_outputs_path_50_to_100
2065,772863.1341054544,88,P2_outputs_path_50_to_100
2066,747799.1642947991,88,P2_outputs_path_50_to_100
2067,739150.4285260497,88,P2_outputs_path_50_to_100
2068,695855.968958022,88,P2_outputs_path_50_to_100
2069,719422.5677578272,88,P2_outputs_path_50_to_100
2070,686975.5464693105,88,P2_outputs_path_50_to_100
2071,692486.0385081505,88,P2_outputs_path_50_to_100
2072,731248.6630058225,88,P2_outputs_path_50_to_100
2073,696594.7349592734,88,P2_outputs_path_50_to_100
2074,629982.1234517847,88,P2_outputs_path_50_to_100
2075,,88,P2_outputs_path_50_to_100
2025,189478.3051113241,89,P2_outputs_path_50_to_100
2026,245790.9181463184,89,P2_outputs_path_50_to_100
2027,370075.8905183084,89,P2_outputs_path_50_to_100
2028,460816.48145013774,89,P2_outputs_path_50_to_100
2029,518856.2074731855,89,P2_outputs_path_50_to_100
2030,683935.0727969791,89,P2_outputs_path_50_to_100
2031,779494.8074296853,89,P2_outputs_path_50_to_100
2032,927894.1927408468,89,P2_outputs_path_50_to_100
2033,947260.770465556,89,P2_outputs_path_50_to_100
2034,420754.0326044152,89,P2_outputs_path_50_to_100
2035,657363.5644983547,89,P2_outputs_path_50_to_100
2036,892380.8648784154,89,P2_outputs_path_50_to_100
2037,866090.9865700923,89,P2_outputs_path_50_to_100
2038,934547.68852424,89,P2_outputs_path_50_to_100
2039,785131.9490587866,89,P2_outputs_path_50_to_100
2040,816609.89907597,89,P2_outputs_path_50_to_100
2041,1022591.4227565546,89,P2_outputs_path_50_to_100
2042,1266816.469122625,89,P2_outputs_path_50_to_100
2043,1657366.0932560104,89,P2_outputs_path_50_to_100
2044,2080293.635448098,89,P2_outputs_path_50_to_100
2045,2023124.98281458,89,P2_outputs_path_50_to_100
2046,2030094.3538399376,89,P2_outputs_path_50_to_100
2047,2146563.251439687,89,P2_outputs_path_50_to_100
2048,2667879.0472452887,89,P2_outputs_path_50_to_100
2049,2821594.2729309164,89,P2_outputs_path_50_to_100
2050,2808960.5033006305,89,P2_outputs_path_50_to_100
2051,3175463.1037902734,89,P2_outputs_path_50_to_100
2052,2787615.9857323696,89,P2_outputs_path_50_to_100
2053,3057762.970594848,89,P2_outputs_path_50_to_100
2054,2701429.988134412,89,P2_outputs_path_50_to_100
2055,2485368.6429858888,89,P2_outputs_path_50_to_100
2056,1769318.826451677,89,P2_outputs_path_50_to_100
2057,1809954.1658715983,89,P2_outputs_path_50_to_100
2058,1976390.132973909,89,P2_outputs_path_50_to_100
2059,0.0,89,P2_outputs_path_50_to_100
2060,164642.18078764912,89,P2_outputs_path_50_to_100
2061,154470.71913938088,89,P2_outputs_path_50_to_100
2062,156980.1079690259,89,P2_outputs_path_50_to_100
2063,150843.295746129,89,P2_outputs_path_50_to_100
2064,175147.40802748877,89,P2_outputs_path_50_to_100
2065,179119.30644562552,89,P2_outputs_path_50_to_100
2066,192631.31187008947,89,P2_outputs_path_50_to_100
2067,191183.5485333781,89,P2_outputs_path_50_to_100
2068,189278.6526864749,89,P2_outputs_path_50_to_100
2069,188623.49564564132,89,P2_outputs_path_50_to_100
2070,185556.67710304764,89,P2_outputs_path_50_to_100
2071,190497.02513542533,89,P2_outputs_path_50_to_100
2072,208472.3440650047,89,P2_outputs_path_50_to_100
2073,199580.9315001125,89,P2_outputs_path_50_to_100
2074,199147.18967257757,89,P2_outputs_path_50_to_100
2075,,89,P2_outputs_path_50_to_100
2025,183382.68383986404,90,P2_outputs_path_50_to_100
2026,262596.77763582696,90,P2_outputs_path_50_to_100
2027,333966.2115730625,90,P2_outputs_path_50_to_100
2028,435900.27739701245,90,P2_outputs_path_50_to_100
2029,383196.01762456377,90,P2_outputs_path_50_to_100
2030,485120.2178525466,90,P2_outputs_path_50_to_100
2031,633633.339210109,90,P2_outputs_path_50_to_100
2032,867254.9462913034,90,P2_outputs_path_50_to_100
2033,962327.2906074644,90,P2_outputs_path_50_to_100
2034,326780.6843290902,90,P2_outputs_path_50_to_100
2035,496245.1580017928,90,P2_outputs_path_50_to_100
2036,613611.414846027,90,P2_outputs_path_50_to_100
2037,512352.796039056,90,P2_outputs_path_50_to_100
2038,636067.5488866292,90,P2_outputs_path_50_to_100
2039,1094964.90722793,90,P2_outputs_path_50_to_100
2040,1280522.2439190168,90,P2_outputs_path_50_to_100
2041,1128987.327447124,90,P2_outputs_path_50_to_100
2042,1025515.8259297636,90,P2_outputs_path_50_to_100
2043,1241128.5216539816,90,P2_outputs_path_50_to_100
2044,1304125.4097159714,90,P2_outputs_path_50_to_100
2045,1725274.7637529294,90,P2_outputs_path_50_to_100
2046,1667357.7560557025,90,P2_outputs_path_50_to_100
2047,2185784.70310831,90,P2_outputs_path_50_to_100
2048,2240434.4487836543,90,P2_outputs_path_50_to_100
2049,2469867.0919292,90,P2_outputs_path_50_to_100
2050,2978575.429178285,90,P2_outputs_path_50_to_100
2051,2918404.10016673,90,P2_outputs_path_50_to_100
2052,3365357.037658566,90,P2_outputs_path_50_to_100
2053,3509804.035007901,90,P2_outputs_path_50_to_100
2054,4103189.6646738495,90,P2_outputs_path_50_to_100
2055,4138163.197525044,90,P2_outputs_path_50_to_100
2056,4075935.721863304,90,P2_outputs_path_50_to_100
2057,3118526.1147555546,90,P2_outputs_path_50_to_100
2058,3837811.438466909,90,P2_outputs_path_50_to_100
2059,132026.16467792634,90,P2_outputs_path_50_to_100
2060,291351.9187558552,90,P2_outputs_path_50_to_100
2061,323078.68553397,90,P2_outputs_path_50_to_100
2062,320795.1197574453,90,P2_outputs_path_50_to_100
2063,344380.4764725488,90,P2_outputs_path_50_to_100
2064,352520.06859206577,90,P2_outputs_path_50_to_100
2065,400879.8645011061,90,P2_outputs_path_50_to_100
2066,420119.5425340944,90,P2_outputs_path_50_to_100
2067,429045.05589285,90,P2_outputs_path_50_to_100
2068,438657.8770355463,90,P2_outputs_path_50_to_100
2069,440208.8656585645,90,P2_outputs_path_50_to_100
2070,460426.2115741962,90,P2_outputs_path_50_to_100
2071,439300.71067320486,90,P2_outputs_path_50_to_100
2072,437260.08866640495,90,P2_outputs_path_50_to_100
2073,451992.34532082186,90,P2_outputs_path_50_to_100
2074,476115.1629697943,90,P2_outputs_path_50_to_100
2075,,90,P2_outputs_path_50_to_100
2025,181012.04683794733,91,P2_outputs_path_50_to_100
2026,261543.0266998121,91,P2_outputs_path_50_to_100
2027,481912.01175887126,91,P2_outputs_path_50_to_100
2028,540322.60218859,91,P2_outputs_path_50_to_100
2029,450126.42181686027,91,P2_outputs_path_50_to_100
2030,514130.3131737543,91,P2_outputs_path_50_to_100
2031,624246.0375842424,91,P2_outputs_path_50_to_100
2032,759284.6877632919,91,P2_outputs_path_50_to_100
2033,868207.1927621136,91,P2_outputs_path_50_to_100
2034,301319.4550366115,91,P2_outputs_path_50_to_100
2035,344992.2656933292,91,P2_outputs_path_50_to_100
2036,494031.13174518646,91,P2_outputs_path_50_to_100
2037,641702.259438626,91,P2_outputs_path_50_to_100
2038,631661.504528466,91,P2_outputs_path_50_to_100
2039,661317.5784569522,91,P2_outputs_path_50_to_100
2040,1065307.2859638017,91,P2_outputs_path_50_to_100
2041,1279849.7892485685,91,P2_outputs_path_50_to_100
2042,1539817.7646067073,91,P2_outputs_path_50_to_100
2043,1731988.8031932148,91,P2_outputs_path_50_to_100
2044,1858310.610636938,91,P2_outputs_path_50_to_100
2045,2157478.2783241365,91,P2_outputs_path_50_to_100
2046,2587263.8841200448,91,P2_outputs_path_50_to_100
2047,2559275.3246532064,91,P2_outputs_path_50_to_100
2048,3507000.6471228423,91,P2_outputs_path_50_to_100
2049,3766261.933123448,91,P2_outputs_path_50_to_100
2050,3918817.938352334,91,P2_outputs_path_50_to_100
2051,4068709.729583853,91,P2_outputs_path_50_to_100
2052,4294009.464292006,91,P2_outputs_path_50_to_100
2053,4462456.40816727,91,P2_outputs_path_50_to_100
2054,4245059.194908687,91,P2_outputs_path_50_to_100
2055,4282838.72978231,91,P2_outputs_path_50_to_100
2056,4444609.685290689,91,P2_outputs_path_50_to_100
2057,4177700.550539139,91,P2_outputs_path_50_to_100
2058,4485590.911086864,91,P2_outputs_path_50_to_100
2059,253339.0895193657,91,P2_outputs_path_50_to_100
2060,409570.9515226913,91,P2_outputs_path_50_to_100
2061,430382.6353263058,91,P2_outputs_path_50_to_100
2062,440195.7315927669,91,P2_outputs_path_50_to_100
2063,435824.4503979707,91,P2_outputs_path_50_to_100
2064,436373.9079713736,91,P2_outputs_path_50_to_100
2065,440493.3965049536,91,P2_outputs_path_50_to_100
2066,479713.43930028775,91,P2_outputs_path_50_to_100
2067,480813.3000436814,91,P2_outputs_path_50_to_100
2068,500794.0178978746,91,P2_outputs_path_50_to_100
2069,474867.11223750224,91,P2_outputs_path_50_to_100
2070,462928.9787377976,91,P2_outputs_path_50_to_100
2071,442616.5019830033,91,P2_outputs_path_50_to_100
2072,415885.5992100233,91,P2_outputs_path_50_to_100
2073,409593.1548303939,91,P2_outputs_path_50_to_100
2074,466873.3106474946,91,P2_outputs_path_50_to_100
2075,,91,P2_outputs_path_50_to_100
2025,212586.14170636068,92,P2_outputs_path_50_to_100
2026,282576.8446448512,92,P2_outputs_path_50_to_100
2027,367587.690571193,92,P2_outputs_path_50_to_100
2028,444489.8913892314,92,P2_outputs_path_50_to_100
2029,551431.7998216999,92,P2_outputs_path_50_to_100
2030,659509.4374631201,92,P2_outputs_path_50_to_100
2031,726978.2369011939,92,P2_outputs_path_50_to_100
2032,854828.6752255169,92,P2_outputs_path_50_to_100
2033,954478.604401845,92,P2_outputs_path_50_to_100
2034,316992.3392979363,92,P2_outputs_path_50_to_100
2035,437553.0793398132,92,P2_outputs_path_50_to_100
2036,587388.8441172007,92,P2_outputs_path_50_to_100
2037,622424.755549556,92,P2_outputs_path_50_to_100
2038,635112.1264579206,92,P2_outputs_path_50_to_100
2039,632553.0425722764,92,P2_outputs_path_50_to_100
2040,731154.8353363047,92,P2_outputs_path_50_to_100
2041,551641.0576309535,92,P2_outputs_path_50_to_100
2042,583517.606072204,92,P2_outputs_path_50_to_100
2043,777964.0332732393,92,P2_outputs_path_50_to_100
2044,932540.9456848608,92,P2_outputs_path_50_to_100
2045,1120578.446854194,92,P2_outputs_path_50_to_100
2046,1390854.23661724,92,P2_outputs_path_50_to_100
2047,1644020.5063093037,92,P2_outputs_path_50_to_100
2048,1728805.2488128033,92,P2_outputs_path_50_to_100
2049,1855122.232437229,92,P2_outputs_path_50_to_100
2050,1960219.512449431,92,P2_outputs_path_50_to_100
2051,1866921.0798753223,92,P2_outputs_path_50_to_100
2052,2187772.591430304,92,P2_outputs_path_50_to_100
2053,2544718.911138426,92,P2_outputs_path_50_to_100
2054,3122545.710383329,92,P2_outputs_path_50_to_100
2055,3901803.5982622337,92,P2_outputs_path_50_to_100
2056,4587043.877808275,92,P2_outputs_path_50_to_100
2057,4433789.004896879,92,P2_outputs_path_50_to_100
2058,4812053.35878998,92,P2_outputs_path_50_to_100
2059,652478.7945976323,92,P2_outputs_path_50_to_100
2060,889481.3599427926,92,P2_outputs_path_50_to_100
2061,909034.2912445316,92,P2_outputs_path_50_to_100
2062,820969.5658429347,92,P2_outputs_path_50_to_100
2063,792949.5625953556,92,P2_outputs_path_50_to_100
2064,903991.6788360998,92,P2_outputs_path_50_to_100
2065,866650.7039124295,92,P2_outputs_path_50_to_100
2066,888213.0884880882,92,P2_outputs_path_50_to_100
2067,858657.9148219067,92,P2_outputs_path_50_to_100
2068,856160.4013436914,92,P2_outputs_path_50_to_100
2069,917207.7847438364,92,P2_outputs_path_50_to_100
2070,970984.7854465554,92,P2_outputs_path_50_to_100
2071,932462.1500992464,92,P2_outputs_path_50_to_100
2072,949970.3930837326,92,P2_outputs_path_50_to_100
2073,908550.7028333116,92,P2_outputs_path_50_to_100
2074,939432.7460402627,92,P2_outputs_path_50_to_100
2075,,92,P2_outputs_path_50_to_100
2025,191767.9014116669,93,P2_outputs_path_50_to_100
2026,275126.130176177,93,P2_outputs_path_50_to_100
2027,376219.3526695044,93,P2_outputs_path_50_to_100
2028,470082.93705752416,93,P2_outputs_path_50_to_100
2029,536600.9645799367,93,P2_outputs_path_50_to_100
2030,733924.1695435047,93,P2_outputs_path_50_to_100
2031,820812.0401401552,93,P2_outputs_path_50_to_100
2032,911603.7461588404,93,P2_outputs_path_50_to_100
2033,987863.9453557646,93,P2_outputs_path_50_to_100
2034,344661.21627310815,93,P2_outputs_path_50_to_100
2035,370413.037186414,93,P2_outputs_path_50_to_100
2036,499735.9044642832,93,P2_outputs_path_50_to_100
2037,683623.5135069941,93,P2_outputs_path_50_to_100
2038,917151.179766753,93,P2_outputs_path_50_to_100
2039,1050678.0975919012,93,P2_outputs_path_50_to_100
2040,1239540.7639101474,93,P2_outputs_path_50_to_100
2041,1310669.0412875726,93,P2_outputs_path_50_to_100
2042,1563292.7105953046,93,P2_outputs_path_50_to_100
2043,1867738.6152625596,93,P2_outputs_path_50_to_100
2044,2486198.4041117374,93,P2_outputs_path_50_to_100
2045,2473221.1302282745,93,P2_outputs_path_50_to_100
2046,3196466.2276736693,93,P2_outputs_path_50_to_100
2047,3123519.159715737,93,P2_outputs_path_50_to_100
2048,3173019.907404207,93,P2_outputs_path_50_to_100
2049,3351339.8547900524,93,P2_outputs_path_50_to_100
2050,4098317.5997518064,93,P2_outputs_path_50_to_100
2051,4365669.281918444,93,P2_outputs_path_50_to_100
2052,4747487.928668125,93,P2_outputs_path_50_to_100
2053,4966596.840235735,93,P2_outputs_path_50_to_100
2054,5234581.264466457,93,P2_outputs_path_50_to_100
2055,5187971.441124445,93,P2_outputs_path_50_to_100
2056,5347050.234872482,93,P2_outputs_path_50_to_100
2057,5424818.781824584,93,P2_outputs_path_50_to_100
2058,5071776.415060312,93,P2_outputs_path_50_to_100
2059,962915.96288992,93,P2_outputs_path_50_to_100
2060,1074609.3565290854,93,P2_outputs_path_50_to_100
2061,969761.2038617224,93,P2_outputs_path_50_to_100
2062,920647.4095437208,93,P2_outputs_path_50_to_100
2063,953629.5219039734,93,P2_outputs_path_50_to_100
2064,906530.5657658976,93,P2_outputs_path_50_to_100
2065,958543.1616823934,93,P2_outputs_path_50_to_100
2066,985084.032524142,93,P2_outputs_path_50_to_100
2067,959070.6501160942,93,P2_outputs_path_50_to_100
2068,1029991.8779830844,93,P2_outputs_path_50_to_100
2069,1076687.5938455453,93,P2_outputs_path_50_to_100
2070,1014806.0070130662,93,P2_outputs_path_50_to_100
2071,1013791.364564878,93,P2_outputs_path_50_to_100
2072,948196.0705233844,93,P2_outputs_path_50_to_100
2073,919848.8535377196,93,P2_outputs_path_50_to_100
2074,991895.6583358962,93,P2_outputs_path_50_to_100
2075,,93,P2_outputs_path_50_to_100
2025,200588.55694481725,94,P2_outputs_path_50_to_100
2026,271551.0803090591,94,P2_outputs_path_50_to_100
2027,284637.9295573862,94,P2_outputs_path_50_to_100
2028,481958.0605454564,94,P2_outputs_path_50_to_100
2029,502655.8989928026,94,P2_outputs_path_50_to_100
2030,637637.3115779887,94,P2_outputs_path_50_to_100
2031,769436.2815181375,94,P2_outputs_path_50_to_100
2032,905266.9920266328,94,P2_outputs_path_50_to_100
2033,1085332.4369103108,94,P2_outputs_path_50_to_100
2034,441405.0259719227,94,P2_outputs_path_50_to_100
2035,553111.4586855129,94,P2_outputs_path_50_to_100
2036,669245.5063285714,94,P2_outputs_path_50_to_100
2037,901445.5457033078,94,P2_outputs_path_50_to_100
2038,906989.729784508,94,P2_outputs_path_50_to_100
2039,1117460.5881005242,94,P2_outputs_path_50_to_100
2040,1225424.5627542287,94,P2_outputs_path_50_to_100
2041,1190670.004476196,94,P2_outputs_path_50_to_100
2042,1105739.004162514,94,P2_outputs_path_50_to_100
2043,1426399.6464748036,94,P2_outputs_path_50_to_100
2044,1596560.6198508495,94,P2_outputs_path_50_to_100
2045,1673861.6384433694,94,P2_outputs_path_50_to_100
2046,1777287.2113950185,94,P2_outputs_path_50_to_100
2047,1906068.421020604,94,P2_outputs_path_50_to_100
2048,2110267.248221003,94,P2_outputs_path_50_to_100
2049,2601033.525038768,94,P2_outputs_path_50_to_100
2050,1976097.616960324,94,P2_outputs_path_50_to_100
2051,2607994.591294173,94,P2_outputs_path_50_to_100
2052,2825147.9501236896,94,P2_outputs_path_50_to_100
2053,2776713.4325134093,94,P2_outputs_path_50_to_100
2054,3115365.8469994585,94,P2_outputs_path_50_to_100
2055,2660297.88300159,94,P2_outputs_path_50_to_100
2056,1980788.365472783,94,P2_outputs_path_50_to_100
2057,2360062.730122623,94,P2_outputs_path_50_to_100
2058,2507049.6856362266,94,P2_outputs_path_50_to_100
2059,0.0,94,P2_outputs_path_50_to_100
2060,152443.64375934625,94,P2_outputs_path_50_to_100
2061,145877.19496191823,94,P2_outputs_path_50_to_100
2062,172247.2544279647,94,P2_outputs_path_50_to_100
2063,163412.66680597092,94,P2_outputs_path_50_to_100
2064,176343.49621381046,94,P2_outputs_path_50_to_100
2065,192105.85211217345,94,P2_outputs_path_50_to_100
2066,193840.094868332,94,P2_outputs_path_50_to_100
2067,203860.35935306727,94,P2_outputs_path_50_to_100
2068,206959.60219277657,94,P2_outputs_path_50_to_100
2069,240175.9354764689,94,P2_outputs_path_50_to_100
2070,249759.2041605844,94,P2_outputs_path_50_to_100
2071,221718.31604268128,94,P2_outputs_path_50_to_100
2072,240680.7427024457,94,P2_outputs_path_50_to_100
2073,256403.22679523943,94,P2_outputs_path_50_to_100
2074,249393.21031072916,94,P2_outputs_path_50_to_100
2075,,94,P2_outputs_path_50_to_100
2025,206928.5606068555,95,P2_outputs_path_50_to_100
2026,342029.12465466064,95,P2_outputs_path_50_to_100
2027,499804.0718862238,95,P2_outputs_path_50_to_100
2028,646112.0613277373,95,P2_outputs_path_50_to_100
2029,942749.3249744296,95,P2_outputs_path_50_to_100
2030,1093912.8808213703,95,P2_outputs_path_50_to_100
2031,1322569.1697028575,95,P2_outputs_path_50_to_100
2032,1507969.804283793,95,P2_outputs_path_50_to_100
2033,1693846.174989275,95,P2_outputs_path_50_to_100
2034,882851.1936628959,95,P2_outputs_path_50_to_100
2035,1096086.6771780653,95,P2_outputs_path_50_to_100
2036,1336150.6729151665,95,P2_outputs_path_50_to_100
2037,1600734.6889738345,95,P2_outputs_path_50_to_100
2038,1628387.7836303518,95,P2_outputs_path_50_to_100
2039,1850629.5925239928,95,P2_outputs_path_50_to_100
2040,1967735.539011279,95,P2_outputs_path_50_to_100
2041,2111534.7551955106,95,P2_outputs_path_50_to_100
2042,1983516.4579434115,95,P2_outputs_path_50_to_100
2043,1319712.2028705731,95,P2_outputs_path_50_to_100
2044,1076945.0132922358,95,P2_outputs_path_50_to_100
2045,1253712.849104612,95,P2_outputs_path_50_to_100
2046,1261980.2906904456,95,P2_outputs_path_50_to_100
2047,1446177.7849680835,95,P2_outputs_path_50_to_100
2048,1866250.98147714,95,P2_outputs_path_50_to_100
2049,2073014.2061468407,95,P2_outputs_path_50_to_100
2050,2411148.733766072,95,P2_outputs_path_50_to_100
2051,2870870.289310829,95,P2_outputs_path_50_to_100
2052,3828106.051217211,95,P2_outputs_path_50_to_100
2053,4091326.815042521,95,P2_outputs_path_50_to_100
2054,4210886.612166547,95,P2_outputs_path_50_to_100
2055,4072631.578888224,95,P2_outputs_path_50_to_100
2056,4157894.1458443673,95,P2_outputs_path_50_to_100
2057,4520677.839092469,95,P2_outputs_path_50_to_100
2058,4320554.91708844,95,P2_outputs_path_50_to_100
2059,177276.567417128,95,P2_outputs_path_50_to_100
2060,310331.55205255345,95,P2_outputs_path_50_to_100
2061,292457.1465570397,95,P2_outputs_path_50_to_100
2062,284868.81689336867,95,P2_outputs_path_50_to_100
2063,278386.26319594355,95,P2_outputs_path_50_to_100
2064,250059.9862389351,95,P2_outputs_path_50_to_100
2065,256008.79173129637,95,P2_outputs_path_50_to_100
2066,238357.3261710312,95,P2_outputs_path_50_to_100
2067,242395.7805028334,95,P2_outputs_path_50_to_100
2068,233104.17278280208,95,P2_outputs_path_50_to_100
2069,232689.6111352441,95,P2_outputs_path_50_to_100
2070,250644.79490957063,95,P2_outputs_path_50_to_100
2071,274323.7352626893,95,P2_outputs_path_50_to_100
2072,295259.3403675368,95,P2_outputs_path_50_to_100
2073,310231.4668383807,95,P2_outputs_path_50_to_100
2074,326733.79069951654,95,P2_outputs_path_50_to_100
2075,,95,P2_outputs_path_50_to_100
2025,188031.3890560206,96,P2_outputs_path_50_to_100
2026,316745.46991285484,96,P2_outputs_path_50_to_100
2027,479614.61108076177,96,P2_outputs_path_50_to_100
2028,832545.4471501096,96,P2_outputs_path_50_to_100
2029,892840.072331972,96,P2_outputs_path_50_to_100
2030,990586.97438328,96,P2_outputs_path_50_to_100
2031,1087139.2435456645,96,P2_outputs_path_50_to_100
2032,1117794.0274879665,96,P2_outputs_path_50_to_100
2033,1429491.0824176883,96,P2_outputs_path_50_to_100
2034,817382.964259654,96,P2_outputs_path_50_to_100
2035,1038766.0164009584,96,P2_outputs_path_50_to_100
2036,1061688.7946639508,96,P2_outputs_path_50_to_100
2037,1504506.341053662,96,P2_outputs_path_50_to_100
2038,1707479.6245415406,96,P2_outputs_path_50_to_100
2039,2189047.352447578,96,P2_outputs_path_50_to_100
2040,2304504.9418540625,96,P2_outputs_path_50_to_100
2041,2377904.6893228525,96,P2_outputs_path_50_to_100
2042,2619311.907390997,96,P2_outputs_path_50_to_100
2043,3019463.1154913134,96,P2_outputs_path_50_to_100
2044,3213119.9404521124,96,P2_outputs_path_50_to_100
2045,3776079.7499580914,96,P2_outputs_path_50_to_100
2046,3797610.225166305,96,P2_outputs_path_50_to_100
2047,3718993.964167907,96,P2_outputs_path_50_to_100
2048,3494203.3054588926,96,P2_outputs_path_50_to_100
2049,3980039.036483123,96,P2_outputs_path_50_to_100
2050,3864725.9884381047,96,P2_outputs_path_50_to_100
2051,4000599.829733318,96,P2_outputs_path_50_to_100
2052,5143587.416453369,96,P2_outputs_path_50_to_100
2053,5317315.482930187,96,P2_outputs_path_50_to_100
2054,5583397.731799508,96,P2_outputs_path_50_to_100
2055,5860178.08637708,96,P2_outputs_path_50_to_100
2056,5929987.142113357,96,P2_outputs_path_50_to_100
2057,5679181.44223602,96,P2_outputs_path_50_to_100
2058,5507931.091100178,96,P2_outputs_path_50_to_100
2059,1256571.7871185923,96,P2_outputs_path_50_to_100
2060,1358398.445511131,96,P2_outputs_path_50_to_100
2061,1248087.0379194145,96,P2_outputs_path_50_to_100
2062,1257463.5186433494,96,P2_outputs_path_50_to_100
2063,1184773.543130997,96,P2_outputs_path_50_to_100
2064,1155972.688891724,96,P2_outputs_path_50_to_100
2065,1177660.0364664542,96,P2_outputs_path_50_to_100
2066,1139563.38501462,96,P2_outputs_path_50_to_100
2067,1194023.5601067825,96,P2_outputs_path_50_to_100
2068,1157425.5716420952,96,P2_outputs_path_50_to_100
2069,1258295.6456463586,96,P2_outputs_path_50_to_100
2070,1240694.7162230755,96,P2_outputs_path_50_to_100
2071,1312340.3541162987,96,P2_outputs_path_50_to_100
2072,1250861.8452651743,96,P2_outputs_path_50_to_100
2073,1225930.111839902,96,P2_outputs_path_50_to_100
2074,1205928.3519756044,96,P2_outputs_path_50_to_100
2075,,96,P2_outputs_path_50_to_100
2025,200821.9305374192,97,P2_outputs_path_50_to_100
2026,340769.53832377616,97,P2_outputs_path_50_to_100
2027,488612.2618259863,97,P2_outputs_path_50_to_100
2028,604741.5276846009,97,P2_outputs_path_50_to_100
2029,1022293.6666530216,97,P2_outputs_path_50_to_100
2030,1194283.9118169704,97,P2_outputs_path_50_to_100
2031,1496363.7696139363,97,P2_outputs_path_50_to_100
2032,1675994.9452325604,97,P2_outputs_path_50_to_100
2033,1759998.0651055514,97,P2_outputs_path_50_to_100
2034,1149652.0647130194,97,P2_outputs_path_50_to_100
2035,1418991.827213595,97,P2_outputs_path_50_to_100
2036,1263808.5390935966,97,P2_outputs_path_50_to_100
2037,1380476.5587232944,97,P2_outputs_path_50_to_100
2038,1717316.64933138,97,P2_outputs_path_50_to_100
2039,1630273.810103762,97,P2_outputs_path_50_to_100
2040,2198355.8682132103,97,P2_outputs_path_50_to_100
2041,2440963.698299806,97,P2_outputs_path_50_to_100
2042,2585777.898838564,97,P2_outputs_path_50_to_100
2043,3195314.939444972,97,P2_outputs_path_50_to_100
2044,3657892.614773447,97,P2_outputs_path_50_to_100
2045,4187434.521311012,97,P2_outputs_path_50_to_100
2046,4294983.598240287,97,P2_outputs_path_50_to_100
2047,3870869.460798305,97,P2_outputs_path_50_to_100
2048,4129753.401453294,97,P2_outputs_path_50_to_100
2049,3988814.300588823,97,P2_outputs_path_50_to_100
2050,4782819.374115143,97,P2_outputs_path_50_to_100
2051,4921464.554094089,97,P2_outputs_path_50_to_100
2052,4767643.44984678,97,P2_outputs_path_50_to_100
2053,4600932.8516976,97,P2_outputs_path_50_to_100
2054,4853611.064714253,97,P2_outputs_path_50_to_100
2055,5206525.361773736,97,P2_outputs_path_50_to_100
2056,5218947.062641645,97,P2_outputs_path_50_to_100
2057,4858317.542718498,97,P2_outputs_path_50_to_100
2058,4941520.898748781,97,P2_outputs_path_50_to_100
2059,926838.0375790504,97,P2_outputs_path_50_to_100
2060,1156228.8074785257,97,P2_outputs_path_50_to_100
2061,1157233.2384807556,97,P2_outputs_path_50_to_100
2062,1077057.730689871,97,P2_outputs_path_50_to_100
2063,1148034.4763595462,97,P2_outputs_path_50_to_100
2064,1173530.4983228436,97,P2_outputs_path_50_to_100
2065,1208949.4305984927,97,P2_outputs_path_50_to_100
2066,1253838.982432522,97,P2_outputs_path_50_to_100
2067,1349257.8282295703,97,P2_outputs_path_50_to_100
2068,1297218.1180020466,97,P2_outputs_path_50_to_100
2069,1297994.458170835,97,P2_outputs_path_50_to_100
2070,1304277.2765973918,97,P2_outputs_path_50_to_100
2071,1385600.7377691052,97,P2_outputs_path_50_to_100
2072,1346239.518162846,97,P2_outputs_path_50_to_100
2073,1573140.9254069391,97,P2_outputs_path_50_to_100
2074,1589192.6317978282,97,P2_outputs_path_50_to_100
2075,,97,P2_outputs_path_50_to_100
2025,190921.18728553996,98,P2_outputs_path_50_to_100
2026,328440.4759191347,98,P2_outputs_path_50_to_100
2027,416189.2197891179,98,P2_outputs_path_50_to_100
2028,564761.4977844643,98,P2_outputs_path_50_to_100
2029,640282.5332472351,98,P2_outputs_path_50_to_100
2030,826389.4051686169,98,P2_outputs_path_50_to_100
2031,935276.9957620212,98,P2_outputs_path_50_to_100
2032,1039299.2770482562,98,P2_outputs_path_50_to_100
2033,1157248.32894475,98,P2_outputs_path_50_to_100
2034,550922.8521913458,98,P2_outputs_path_50_to_100
2035,832212.0465005218,98,P2_outputs_path_50_to_100
2036,1150427.1373609754,98,P2_outputs_path_50_to_100
2037,1415960.1220290973,98,P2_outputs_path_50_to_100
2038,1723900.5361459516,98,P2_outputs_path_50_to_100
2039,2163995.2406565966,98,P2_outputs_path_50_to_100
2040,2752523.007202678,98,P2_outputs_path_50_to_100
2041,2891492.7090385784,98,P2_outputs_path_50_to_100
2042,3186959.6661200263,98,P2_outputs_path_50_to_100
2043,3723289.96590656,98,P2_outputs_path_50_to_100
2044,3721462.616096416,98,P2_outputs_path_50_to_100
2045,3985678.524266035,98,P2_outputs_path_50_to_100
2046,3797089.137036856,98,P2_outputs_path_50_to_100
2047,3967510.4282709714,98,P2_outputs_path_50_to_100
2048,3933510.754730084,98,P2_outputs_path_50_to_100
2049,4264182.188855034,98,P2_outputs_path_50_to_100
2050,4418317.556149375,98,P2_outputs_path_50_to_100
2051,3879955.2505252296,98,P2_outputs_path_50_to_100
2052,4542971.153240851,98,P2_outputs_path_50_to_100
2053,4593439.348686196,98,P2_outputs_path_50_to_100
2054,4502265.503327347,98,P2_outputs_path_50_to_100
2055,4717696.89883179,98,P2_outputs_path_50_to_100
2056,4998478.3423866825,98,P2_outputs_path_50_to_100
2057,5125237.410384537,98,P2_outputs_path_50_to_100
2058,5240203.273852305,98,P2_outputs_path_50_to_100
2059,1151148.1033908231,98,P2_outputs_path_50_to_100
2060,1345342.7788096452,98,P2_outputs_path_50_to_100
2061,1353457.270844289,98,P2_outputs_path_50_to_100
2062,1284744.3135518397,98,P2_outputs_path_50_to_100
2063,1288861.0304143175,98,P2_outputs_path_50_to_100
2064,1293033.3065497708,98,P2_outputs_path_50_to_100
2065,1370210.3284990124,98,P2_outputs_path_50_to_100
2066,1371822.7025988866,98,P2_outputs_path_50_to_100
2067,1326052.266469138,98,P2_outputs_path_50_to_100
2068,1298084.5258991297,98,P2_outputs_path_50_to_100
2069,1386584.154073198,98,P2_outputs_path_50_to_100
2070,1418935.4881698643,98,P2_outputs_path_50_to_100
2071,1452935.5649794554,98,P2_outputs_path_50_to_100
2072,1521862.62465793,98,P2_outputs_path_50_to_100
2073,1539233.162441467,98,P2_outputs_path_50_to_100
2074,1607850.5924362403,98,P2_outputs_path_50_to_100
2075,,98,P2_outputs_path_50_to_100
2025,213068.01173538307,99,P2_outputs_path_50_to_100
2026,349784.1026951061,99,P2_outputs_path_50_to_100
2027,452337.7454876916,99,P2_outputs_path_50_to_100
2028,615592.9558579975,99,P2_outputs_path_50_to_100
2029,563939.3350880654,99,P2_outputs_path_50_to_100
2030,634666.1558489706,99,P2_outputs_path_50_to_100
2031,653683.7652058309,99,P2_outputs_path_50_to_100
2032,763666.0344810517,99,P2_outputs_path_50_to_100
2033,860973.9646874785,99,P2_outputs_path_50_to_100
2034,237666.88203443284,99,P2_outputs_path_50_to_100
2035,489723.1981084376,99,P2_outputs_path_50_to_100
2036,664547.6296024675,99,P2_outputs_path_50_to_100
2037,717135.9528942693,99,P2_outputs_path_50_to_100
2038,1110801.4188883847,99,P2_outputs_path_50_to_100
2039,1299963.9829461991,99,P2_outputs_path_50_to_100
2040,1297223.6442161475,99,P2_outputs_path_50_to_100
2041,1362457.0825038066,99,P2_outputs_path_50_to_100
2042,1509087.567695937,99,P2_outputs_path_50_to_100
2043,1664751.6500658598,99,P2_outputs_path_50_to_100
2044,1863211.0039787411,99,P2_outputs_path_50_to_100
2045,1925251.2989120015,99,P2_outputs_path_50_to_100
2046,2371985.706924476,99,P2_outputs_path_50_to_100
2047,2497349.7262933957,99,P2_outputs_path_50_to_100
2048,2590664.894727202,99,P2_outputs_path_50_to_100
2049,2708678.1500586327,99,P2_outputs_path_50_to_100
2050,2309128.2121955766,99,P2_outputs_path_50_to_100
2051,3111118.752910001,99,P2_outputs_path_50_to_100
2052,3087842.7353204475,99,P2_outputs_path_50_to_100
2053,3405180.9601780134,99,P2_outputs_path_50_to_100
2054,3597684.0823653443,99,P2_outputs_path_50_to_100
2055,3937536.128566969,99,P2_outputs_path_50_to_100
2056,3902269.315005761,99,P2_outputs_path_50_to_100
2057,4218780.922658347,99,P2_outputs_path_50_to_100
2058,4724129.852463124,99,P2_outputs_path_50_to_100
2059,587107.7996535664,99,P2_outputs_path_50_to_100
2060,763433.0859966136,99,P2_outputs_path_50_to_100
2061,688285.3663719812,99,P2_outputs_path_50_to_100
2062,709207.3036572278,99,P2_outputs_path_50_to_100
2063,714737.1413863725,99,P2_outputs_path_50_to_100
2064,759716.9453212703,99,P2_outputs_path_50_to_100
2065,807777.797597937,99,P2_outputs_path_50_to_100
2066,892172.8541415711,99,P2_outputs_path_50_to_100
2067,866743.5236274741,99,P2_outputs_path_50_to_100
2068,887556.3155859297,99,P2_outputs_path_50_to_100
2069,936872.5065893816,99,P2_outputs_path_50_to_100
2070,911284.4504233176,99,P2_outputs_path_50_to_100
2071,853729.9162737685,99,P2_outputs_path_50_to_100
2072,822092.2778579565,99,P2_outputs_path_50_to_100
2073,824105.2120062716,99,P2_outputs_path_50_to_100
2074,778120.9496176696,99,P2_outputs_path_50_to_100
2075,,99,P2_outputs_path_50_to_100
2025,216815.8229162438,100,P2_outputs_path_100_to_150
2026,376024.73389719846,100,P2_outputs_path_100_to_150
2027,525289.0628194193,100,P2_outputs_path_100_to_150
2028,670074.7545721465,100,P2_outputs_path_100_to_150
2029,796205.8823755747,100,P2_outputs_path_100_to_150
2030,844707.0143619548,100,P2_outputs_path_100_to_150
2031,1094506.7845928413,100,P2_outputs_path_100_to_150
2032,1300786.9325999026,100,P2_outputs_path_100_to_150
2033,1296156.9738880694,100,P2_outputs_path_100_to_150
2034,678926.5864433807,100,P2_outputs_path_100_to_150
2035,886693.2567111802,100,P2_outputs_path_100_to_150
2036,971576.2699978988,100,P2_outputs_path_100_to_150
2037,981220.83089534,100,P2_outputs_path_100_to_150
2038,1115672.472366354,100,P2_outputs_path_100_to_150
2039,1474480.754502755,100,P2_outputs_path_100_to_150
2040,1675459.3252002178,100,P2_outputs_path_100_to_150
2041,2612111.9504719083,100,P2_outputs_path_100_to_150
2042,2903962.5701268944,100,P2_outputs_path_100_to_150
2043,3545016.7391207027,100,P2_outputs_path_100_to_150
2044,3558100.5924777496,100,P2_outputs_path_100_to_150
2045,3497287.875495527,100,P2_outputs_path_100_to_150
2046,3208720.6393434675,100,P2_outputs_path_100_to_150
2047,3526533.225051826,100,P2_outputs_path_100_to_150
2048,3617252.656958315,100,P2_outputs_path_100_to_150
2049,3455368.881355644,100,P2_outputs_path_100_to_150
2050,3264371.492414328,100,P2_outputs_path_100_to_150
2051,3534892.216596256,100,P2_outputs_path_100_to_150
2052,3914279.843521567,100,P2_outputs_path_100_to_150
2053,3668875.481867891,100,P2_outputs_path_100_to_150
2054,4379462.786687736,100,P2_outputs_path_100_to_150
2055,4606905.755979963,100,P2_outputs_path_100_to_150
2056,4784888.677608204,100,P2_outputs_path_100_to_150
2057,5329924.44437442,100,P2_outputs_path_100_to_150
2058,5146991.535747698,100,P2_outputs_path_100_to_150
2059,1044031.4915788118,100,P2_outputs_path_100_to_150
2060,1180864.4177647892,100,P2_outputs_path_100_to_150
2061,1109022.3873773783,100,P2_outputs_path_100_to_150
2062,1024019.6950107642,100,P2_outputs_path_100_to_150
2063,986515.7345592264,100,P2_outputs_path_100_to_150
2064,908984.2533831944,100,P2_outputs_path_100_to_150
2065,875493.472957691,100,P2_outputs_path_100_to_150
2066,882660.7669299177,100,P2_outputs_path_100_to_150
2067,933741.101096838,100,P2_outputs_path_100_to_150
2068,925356.2616785,100,P2_outputs_path_100_to_150
2069,974229.6964127388,100,P2_outputs_path_100_to_150
2070,975009.1217316138,100,P2_outputs_path_100_to_150
2071,945616.8937701524,100,P2_outputs_path_100_to_150
2072,966915.3948887878,100,P2_outputs_path_100_to_150
2073,838046.482855626,100,P2_outputs_path_100_to_150
2074,883815.5334427402,100,P2_outputs_path_100_to_150
2075,,100,P2_outputs_path_100_to_150
2025,215634.6708033956,101,P2_outputs_path_100_to_150
2026,284449.5816963488,101,P2_outputs_path_100_to_150
2027,392196.5479836327,101,P2_outputs_path_100_to_150
2028,451544.9410550522,101,P2_outputs_path_100_to_150
2029,791024.4607948713,101,P2_outputs_path_100_to_150
2030,874168.2669534849,101,P2_outputs_path_100_to_150
2031,1030755.290833035,101,P2_outputs_path_100_to_150
2032,1165558.7510597708,101,P2_outputs_path_100_to_150
2033,1109107.3517876295,101,P2_outputs_path_100_to_150
2034,461981.1439181775,101,P2_outputs_path_100_to_150
2035,696634.2232301674,101,P2_outputs_path_100_to_150
2036,922456.4741627972,101,P2_outputs_path_100_to_150
2037,1133712.9124103463,101,P2_outputs_path_100_to_150
2038,919135.7890812448,101,P2_outputs_path_100_to_150
2039,1253548.3727949243,101,P2_outputs_path_100_to_150
2040,1309270.422650731,101,P2_outputs_path_100_to_150
2041,1696052.737863584,101,P2_outputs_path_100_to_150
2042,2110120.086811754,101,P2_outputs_path_100_to_150
2043,2446277.871994106,101,P2_outputs_path_100_to_150
2044,2540440.289875868,101,P2_outputs_path_100_to_150
2045,2413025.2562377625,101,P2_outputs_path_100_to_150
2046,2571946.9759618333,101,P2_outputs_path_100_to_150
2047,3137800.1365517364,101,P2_outputs_path_100_to_150
2048,3614772.6002609287,101,P2_outputs_path_100_to_150
2049,3699031.051762312,101,P2_outputs_path_100_to_150
2050,4350390.987765145,101,P2_outputs_path_100_to_150
2051,4194761.227791198,101,P2_outputs_path_100_to_150
2052,4240639.787515375,101,P2_outputs_path_100_to_150
2053,4466096.519544281,101,P2_outputs_path_100_to_150
2054,4667679.9366661785,101,P2_outputs_path_100_to_150
2055,4458724.648371493,101,P2_outputs_path_100_to_150
2056,4355618.375342534,101,P2_outputs_path_100_to_150
2057,4548577.578797423,101,P2_outputs_path_100_to_150
2058,4797631.22694869,101,P2_outputs_path_100_to_150
2059,796192.4777884847,101,P2_outputs_path_100_to_150
2060,973800.9842736656,101,P2_outputs_path_100_to_150
2061,946884.351028649,101,P2_outputs_path_100_to_150
2062,942562.8554643092,101,P2_outputs_path_100_to_150
2063,946949.9066961084,101,P2_outputs_path_100_to_150
2064,983682.9921454196,101,P2_outputs_path_100_to_150
2065,993347.1006190692,101,P2_outputs_path_100_to_150
2066,1018378.2058177884,101,P2_outputs_path_100_to_150
2067,999070.9262922975,101,P2_outputs_path_100_to_150
2068,1089710.683506888,101,P2_outputs_path_100_to_150
2069,1121565.7852737142,101,P2_outputs_path_100_to_150
2070,1089141.301727404,101,P2_outputs_path_100_to_150
2071,1063674.610744553,101,P2_outputs_path_100_to_150
2072,1079165.7056651604,101,P2_outputs_path_100_to_150
2073,997313.5240741358,101,P2_outputs_path_100_to_150
2074,1053791.1576639698,101,P2_outputs_path_100_to_150
2075,,101,P2_outputs_path_100_to_150
2025,201763.07213590716,102,P2_outputs_path_100_to_150
2026,345082.3541581556,102,P2_outputs_path_100_to_150
2027,468410.3887848981,102,P2_outputs_path_100_to_150
2028,624130.5801776747,102,P2_outputs_path_100_to_150
2029,539529.8154409102,102,P2_outputs_path_100_to_150
2030,611534.081171839,102,P2_outputs_path_100_to_150
2031,509346.9314860837,102,P2_outputs_path_100_to_150
2032,897353.6095518185,102,P2_outputs_path_100_to_150
2033,967206.2151752549,102,P2_outputs_path_100_to_150
2034,397449.02488059015,102,P2_outputs_path_100_to_150
2035,406329.4217340913,102,P2_outputs_path_100_to_150
2036,528435.9612860866,102,P2_outputs_path_100_to_150
2037,703472.7409612946,102,P2_outputs_path_100_to_150
2038,869419.2377447179,102,P2_outputs_path_100_to_150
2039,859680.0381619928,102,P2_outputs_path_100_to_150
2040,921627.3340608045,102,P2_outputs_path_100_to_150
2041,963999.9561615236,102,P2_outputs_path_100_to_150
2042,1142860.18576841,102,P2_outputs_path_100_to_150
2043,1547434.4558603202,102,P2_outputs_path_100_to_150
2044,1748987.8700464948,102,P2_outputs_path_100_to_150
2045,1935585.021560211,102,P2_outputs_path_100_to_150
2046,2584016.799059504,102,P2_outputs_path_100_to_150
2047,2831596.2615650604,102,P2_outputs_path_100_to_150
2048,3395724.037262432,102,P2_outputs_path_100_to_150
2049,3441593.686284839,102,P2_outputs_path_100_to_150
2050,3877690.161116216,102,P2_outputs_path_100_to_150
2051,4396668.061199541,102,P2_outputs_path_100_to_150
2052,4605725.431310287,102,P2_outputs_path_100_to_150
2053,4804642.648185253,102,P2_outputs_path_100_to_150
2054,4825360.585645122,102,P2_outputs_path_100_to_150
2055,4712026.73651553,102,P2_outputs_path_100_to_150
2056,4942432.765060766,102,P2_outputs_path_100_to_150
2057,4864040.394786461,102,P2_outputs_path_100_to_150
2058,4774793.327953579,102,P2_outputs_path_100_to_150
2059,669639.5663838387,102,P2_outputs_path_100_to_150
2060,774928.8686960991,102,P2_outputs_path_100_to_150
2061,819399.2787229442,102,P2_outputs_path_100_to_150
2062,816511.0448616557,102,P2_outputs_path_100_to_150
2063,879383.302573594,102,P2_outputs_path_100_to_150
2064,954388.56233241,102,P2_outputs_path_100_to_150
2065,931479.5945682148,102,P2_outputs_path_100_to_150
2066,925426.2536677538,102,P2_outputs_path_100_to_150
2067,932938.4716651796,102,P2_outputs_path_100_to_150
2068,962032.0176491062,102,P2_outputs_path_100_to_150
2069,983083.9930082737,102,P2_outputs_path_100_to_150
2070,918515.0312802428,102,P2_outputs_path_100_to_150
2071,997808.2908656434,102,P2_outputs_path_100_to_150
2072,983965.9713384584,102,P2_outputs_path_100_to_150
2073,1016775.933632376,102,P2_outputs_path_100_to_150
2074,979735.4030984484,102,P2_outputs_path_100_to_150
2075,,102,P2_outputs_path_100_to_150
2025,191102.28527828143,103,P2_outputs_path_100_to_150
2026,294232.16717050085,103,P2_outputs_path_100_to_150
2027,379760.82952133263,103,P2_outputs_path_100_to_150
2028,540526.28299672,103,P2_outputs_path_100_to_150
2029,596162.1778138663,103,P2_outputs_path_100_to_150
2030,717945.8187868304,103,P2_outputs_path_100_to_150
2031,776262.3144444461,103,P2_outputs_path_100_to_150
2032,878550.4796367427,103,P2_outputs_path_100_to_150
2033,988550.7010239796,103,P2_outputs_path_100_to_150
2034,334887.80533573497,103,P2_outputs_path_100_to_150
2035,550186.7651246907,103,P2_outputs_path_100_to_150
2036,626036.0204560851,103,P2_outputs_path_100_to_150
2037,713852.7549661004,103,P2_outputs_path_100_to_150
2038,787060.4868672364,103,P2_outputs_path_100_to_150
2039,958206.9188637144,103,P2_outputs_path_100_to_150
2040,1209345.2694329468,103,P2_outputs_path_100_to_150
2041,1466877.3165122038,103,P2_outputs_path_100_to_150
2042,1229455.6265821538,103,P2_outputs_path_100_to_150
2043,1458426.7125141178,103,P2_outputs_path_100_to_150
2044,1988883.3753067928,103,P2_outputs_path_100_to_150
2045,2542696.532968549,103,P2_outputs_path_100_to_150
2046,2318772.454251677,103,P2_outputs_path_100_to_150
2047,2790193.2773622624,103,P2_outputs_path_100_to_150
2048,3129917.196612586,103,P2_outputs_path_100_to_150
2049,3376666.760115899,103,P2_outputs_path_100_to_150
2050,3647499.33009177,103,P2_outputs_path_100_to_150
2051,3807491.867095824,103,P2_outputs_path_100_to_150
2052,4032153.504942819,103,P2_outputs_path_100_to_150
2053,4208266.967897289,103,P2_outputs_path_100_to_150
2054,4832828.0268569,103,P2_outputs_path_100_to_150
2055,4579332.637440888,103,P2_outputs_path_100_to_150
2056,4532267.16020641,103,P2_outputs_path_100_to_150
2057,4692135.465139389,103,P2_outputs_path_100_to_150
2058,4803477.957167796,103,P2_outputs_path_100_to_150
2059,877639.4773016609,103,P2_outputs_path_100_to_150
2060,1028141.1646586217,103,P2_outputs_path_100_to_150
2061,1146984.811426693,103,P2_outputs_path_100_to_150
2062,1112955.4810458578,103,P2_outputs_path_100_to_150
2063,1160369.532768319,103,P2_outputs_path_100_to_150
2064,1205779.2600176078,103,P2_outputs_path_100_to_150
2065,1160109.8439249906,103,P2_outputs_path_100_to_150
2066,1135514.2837581171,103,P2_outputs_path_100_to_150
2067,1206084.612878543,103,P2_outputs_path_100_to_150
2068,1254347.2753876776,103,P2_outputs_path_100_to_150
2069,1182244.326073434,103,P2_outputs_path_100_to_150
2070,1131666.7910466068,103,P2_outputs_path_100_to_150
2071,1090642.1775576563,103,P2_outputs_path_100_to_150
2072,1133468.2942813209,103,P2_outputs_path_100_to_150
2073,1070086.2343456394,103,P2_outputs_path_100_to_150
2074,1065274.2283631293,103,P2_outputs_path_100_to_150
2075,,103,P2_outputs_path_100_to_150
2025,223565.12193840783,104,P2_outputs_path_100_to_150
2026,339277.00805591606,104,P2_outputs_path_100_to_150
2027,418320.1106479496,104,P2_outputs_path_100_to_150
2028,560705.0302774067,104,P2_outputs_path_100_to_150
2029,746104.4418568308,104,P2_outputs_path_100_to_150
2030,880829.297526206,104,P2_outputs_path_100_to_150
2031,968066.0069562474,104,P2_outputs_path_100_to_150
2032,1099366.7100481964,104,P2_outputs_path_100_to_150
2033,1266652.910144484,104,P2_outputs_path_100_to_150
2034,979565.209349482,104,P2_outputs_path_100_to_150
2035,1068616.961797705,104,P2_outputs_path_100_to_150
2036,790987.0522288908,104,P2_outputs_path_100_to_150
2037,591374.554461266,104,P2_outputs_path_100_to_150
2038,819286.2374502255,104,P2_outputs_path_100_to_150
2039,953671.5824054816,104,P2_outputs_path_100_to_150
2040,1094991.308652654,104,P2_outputs_path_100_to_150
2041,1181054.8959771858,104,P2_outputs_path_100_to_150
2042,878329.4959769571,104,P2_outputs_path_100_to_150
2043,1375420.3823201363,104,P2_outputs_path_100_to_150
2044,1894506.0521369395,104,P2_outputs_path_100_to_150
2045,1838297.9959298256,104,P2_outputs_path_100_to_150
2046,1774619.7226208989,104,P2_outputs_path_100_to_150
2047,1983777.8162555017,104,P2_outputs_path_100_to_150
2048,2530720.179845833,104,P2_outputs_path_100_to_150
2049,2634878.018305692,104,P2_outputs_path_100_to_150
2050,2899399.99996794,104,P2_outputs_path_100_to_150
2051,3382908.1223963355,104,P2_outputs_path_100_to_150
2052,3816712.157220829,104,P2_outputs_path_100_to_150
2053,4334111.67827338,104,P2_outputs_path_100_to_150
2054,4529417.816720682,104,P2_outputs_path_100_to_150
2055,4380125.190018118,104,P2_outputs_path_100_to_150
2056,4473325.0931555405,104,P2_outputs_path_100_to_150
2057,4557765.04562429,104,P2_outputs_path_100_to_150
2058,4601741.274692299,104,P2_outputs_path_100_to_150
2059,655256.9790197685,104,P2_outputs_path_100_to_150
2060,833359.4205805794,104,P2_outputs_path_100_to_150
2061,814787.3412602013,104,P2_outputs_path_100_to_150
2062,841679.9795101513,104,P2_outputs_path_100_to_150
2063,835671.2702108634,104,P2_outputs_path_100_to_150
2064,856095.7328930505,104,P2_outputs_path_100_to_150
2065,887038.0503907477,104,P2_outputs_path_100_to_150
2066,927404.987479346,104,P2_outputs_path_100_to_150
2067,969547.38968546,104,P2_outputs_path_100_to_150
2068,938420.949949132,104,P2_outputs_path_100_to_150
2069,905650.8284607632,104,P2_outputs_path_100_to_150
2070,848172.5026410021,104,P2_outputs_path_100_to_150
2071,864484.8632521877,104,P2_outputs_path_100_to_150
2072,928985.5135697316,104,P2_outputs_path_100_to_150
2073,1002959.722727294,104,P2_outputs_path_100_to_150
2074,934883.67869967,104,P2_outputs_path_100_to_150
2075,,104,P2_outputs_path_100_to_150
2025,175058.36749506812,105,P2_outputs_path_100_to_150
2026,229048.8518145138,105,P2_outputs_path_100_to_150
2027,325095.8099908743,105,P2_outputs_path_100_to_150
2028,448312.5835413196,105,P2_outputs_path_100_to_150
2029,460820.4624667165,105,P2_outputs_path_100_to_150
2030,372149.6318884413,105,P2_outputs_path_100_to_150
2031,630900.0112070484,105,P2_outputs_path_100_to_150
2032,740089.1445189365,105,P2_outputs_path_100_to_150
2033,888848.409093834,105,P2_outputs_path_100_to_150
2034,319898.6635553234,105,P2_outputs_path_100_to_150
2035,387478.93230388965,105,P2_outputs_path_100_to_150
2036,545348.3032401393,105,P2_outputs_path_100_to_150
2037,577993.7378268407,105,P2_outputs_path_100_to_150
2038,549545.0427280565,105,P2_outputs_path_100_to_150
2039,765782.676428245,105,P2_outputs_path_100_to_150
2040,897678.6434069377,105,P2_outputs_path_100_to_150
2041,1020917.8446213056,105,P2_outputs_path_100_to_150
2042,914865.7543454164,105,P2_outputs_path_100_to_150
2043,1152871.2712256806,105,P2_outputs_path_100_to_150
2044,1274298.090073926,105,P2_outputs_path_100_to_150
2045,1427946.568856657,105,P2_outputs_path_100_to_150
2046,1471272.5369779444,105,P2_outputs_path_100_to_150
2047,1661443.851239111,105,P2_outputs_path_100_to_150
2048,1946260.442620586,105,P2_outputs_path_100_to_150
2049,2241231.5182987275,105,P2_outputs_path_100_to_150
2050,2527669.687425934,105,P2_outputs_path_100_to_150
2051,2022793.7895993527,105,P2_outputs_path_100_to_150
2052,2258658.3140981887,105,P2_outputs_path_100_to_150
2053,2319522.0665711123,105,P2_outputs_path_100_to_150
2054,2816043.1293780687,105,P2_outputs_path_100_to_150
2055,2453761.1675199526,105,P2_outputs_path_100_to_150
2056,2680795.504969513,105,P2_outputs_path_100_to_150
2057,1973384.3808948093,105,P2_outputs_path_100_to_150
2058,2183867.3494929755,105,P2_outputs_path_100_to_150
2059,0.0,105,P2_outputs_path_100_to_150
2060,144843.83848683562,105,P2_outputs_path_100_to_150
2061,144611.86034305865,105,P2_outputs_path_100_to_150
2062,161745.5084678579,105,P2_outputs_path_100_to_150
2063,170706.42667065965,105,P2_outputs_path_100_to_150
2064,169789.10365050528,105,P2_outputs_path_100_to_150
2065,161350.31456036516,105,P2_outputs_path_100_to_150
2066,169294.1990116404,105,P2_outputs_path_100_to_150
2067,159738.28224847786,105,P2_outputs_path_100_to_150
2068,168523.75560347148,105,P2_outputs_path_100_to_150
2069,170769.52983295842,105,P2_outputs_path_100_to_150
2070,165775.8003444106,105,P2_outputs_path_100_to_150
2071,183231.33251755705,105,P2_outputs_path_100_to_150
2072,180841.65634792295,105,P2_outputs_path_100_to_150
2073,172397.426345199,105,P2_outputs_path_100_to_150
2074,165146.44599875904,105,P2_outputs_path_100_to_150
2075,,105,P2_outputs_path_100_to_150
2025,194936.0550767854,106,P2_outputs_path_100_to_150
2026,264790.0226907638,106,P2_outputs_path_100_to_150
2027,370220.4352028392,106,P2_outputs_path_100_to_150
2028,500460.912559569,106,P2_outputs_path_100_to_150
2029,727466.005389133,106,P2_outputs_path_100_to_150
2030,841619.730784042,106,P2_outputs_path_100_to_150
2031,908486.412779622,106,P2_outputs_path_100_to_150
2032,1009707.5684679342,106,P2_outputs_path_100_to_150
2033,1046402.0436094636,106,P2_outputs_path_100_to_150
2034,563386.3171529081,106,P2_outputs_path_100_to_150
2035,648056.5133867698,106,P2_outputs_path_100_to_150
2036,563393.6206518278,106,P2_outputs_path_100_to_150
2037,708605.3435961803,106,P2_outputs_path_100_to_150
2038,740584.1365612148,106,P2_outputs_path_100_to_150
2039,802830.0968244064,106,P2_outputs_path_100_to_150
2040,969753.1993903288,106,P2_outputs_path_100_to_150
2041,1078057.521494566,106,P2_outputs_path_100_to_150
2042,1488464.2613007177,106,P2_outputs_path_100_to_150
2043,1737666.0368692714,106,P2_outputs_path_100_to_150
2044,2146257.8208284746,106,P2_outputs_path_100_to_150
2045,1944673.532239164,106,P2_outputs_path_100_to_150
2046,2469800.230427159,106,P2_outputs_path_100_to_150
2047,2843073.381517147,106,P2_outputs_path_100_to_150
2048,2164325.7256033886,106,P2_outputs_path_100_to_150
2049,1815257.070463857,106,P2_outputs_path_100_to_150
2050,2180117.4483012506,106,P2_outputs_path_100_to_150
2051,2424234.544475374,106,P2_outputs_path_100_to_150
2052,3369404.4982064106,106,P2_outputs_path_100_to_150
2053,3822829.659164385,106,P2_outputs_path_100_to_150
2054,4295895.887731432,106,P2_outputs_path_100_to_150
2055,4554512.157272944,106,P2_outputs_path_100_to_150
2056,4603248.332637989,106,P2_outputs_path_100_to_150
2057,4750267.371048978,106,P2_outputs_path_100_to_150
2058,4729275.456173652,106,P2_outputs_path_100_to_150
2059,385222.34722408745,106,P2_outputs_path_100_to_150
2060,563909.7525118266,106,P2_outputs_path_100_to_150
2061,633212.0456385204,106,P2_outputs_path_100_to_150
2062,640055.8428815496,106,P2_outputs_path_100_to_150
2063,634057.0622133359,106,P2_outputs_path_100_to_150
2064,697147.6737783462,106,P2_outputs_path_100_to_150
2065,676769.1528710095,106,P2_outputs_path_100_to_150
2066,775138.0344689044,106,P2_outputs_path_100_to_150
2067,825882.8628029344,106,P2_outputs_path_100_to_150
2068,775113.1512647583,106,P2_outputs_path_100_to_150
2069,745572.8526334786,106,P2_outputs_path_100_to_150
2070,669890.6196377451,106,P2_outputs_path_100_to_150
2071,661416.1390682673,106,P2_outputs_path_100_to_150
2072,619570.4287101285,106,P2_outputs_path_100_to_150
2073,647943.0048183821,106,P2_outputs_path_100_to_150
2074,695129.479005866,106,P2_outputs_path_100_to_150
2075,,106,P2_outputs_path_100_to_150
2025,180944.56407447776,107,P2_outputs_path_100_to_150
2026,254038.4778319756,107,P2_outputs_path_100_to_150
2027,348289.5041536501,107,P2_outputs_path_100_to_150
2028,449320.65789448895,107,P2_outputs_path_100_to_150
2029,479292.7712533275,107,P2_outputs_path_100_to_150
2030,595318.5832692884,107,P2_outputs_path_100_to_150
2031,494531.5971500828,107,P2_outputs_path_100_to_150
2032,602058.0890818378,107,P2_outputs_path_100_to_150
2033,632387.6391495331,107,P2_outputs_path_100_to_150
2034,28073.80034793727,107,P2_outputs_path_100_to_150
2035,134330.1118091352,107,P2_outputs_path_100_to_150
2036,310335.1956718921,107,P2_outputs_path_100_to_150
2037,536167.9419486804,107,P2_outputs_path_100_to_150
2038,833334.8549468394,107,P2_outputs_path_100_to_150
2039,755515.519387627,107,P2_outputs_path_100_to_150
2040,1012082.2766780908,107,P2_outputs_path_100_to_150
2041,1292971.3823298495,107,P2_outputs_path_100_to_150
2042,1662934.2075638112,107,P2_outputs_path_100_to_150
2043,1981394.7994242504,107,P2_outputs_path_100_to_150
2044,1759672.415621216,107,P2_outputs_path_100_to_150
2045,2104029.151770239,107,P2_outputs_path_100_to_150
2046,2300045.3619785914,107,P2_outputs_path_100_to_150
2047,1844426.107962125,107,P2_outputs_path_100_to_150
2048,2323478.05858656,107,P2_outputs_path_100_to_150
2049,2549641.957757047,107,P2_outputs_path_100_to_150
2050,3033876.0429728865,107,P2_outputs_path_100_to_150
2051,2891445.791594037,107,P2_outputs_path_100_to_150
2052,2684204.9335766374,107,P2_outputs_path_100_to_150
2053,2989100.033782329,107,P2_outputs_path_100_to_150
2054,4318254.488494418,107,P2_outputs_path_100_to_150
2055,4154796.908127516,107,P2_outputs_path_100_to_150
2056,4262981.20180242,107,P2_outputs_path_100_to_150
2057,4440892.643844071,107,P2_outputs_path_100_to_150
2058,4633396.039417877,107,P2_outputs_path_100_to_150
2059,433376.1859031217,107,P2_outputs_path_100_to_150
2060,584863.762144574,107,P2_outputs_path_100_to_150
2061,583269.5766733945,107,P2_outputs_path_100_to_150
2062,612984.8152931212,107,P2_outputs_path_100_to_150
2063,641728.8812937988,107,P2_outputs_path_100_to_150
2064,769964.545023016,107,P2_outputs_path_100_to_150
2065,800497.0682767652,107,P2_outputs_path_100_to_150
2066,873426.2784395309,107,P2_outputs_path_100_to_150
2067,891936.9964048706,107,P2_outputs_path_100_to_150
2068,1072921.3995851132,107,P2_outputs_path_100_to_150
2069,1100093.257101231,107,P2_outputs_path_100_to_150
2070,1122846.868320493,107,P2_outputs_path_100_to_150
2071,1084268.4370037182,107,P2_outputs_path_100_to_150
2072,945597.000581114,107,P2_outputs_path_100_to_150
2073,973362.429242956,107,P2_outputs_path_100_to_150
2074,975637.772172848,107,P2_outputs_path_100_to_150
2075,,107,P2_outputs_path_100_to_150
2025,214281.054866952,108,P2_outputs_path_100_to_150
2026,364705.0538313696,108,P2_outputs_path_100_to_150
2027,417404.73318016937,108,P2_outputs_path_100_to_150
2028,548966.3475523002,108,P2_outputs_path_100_to_150
2029,646013.6084818335,108,P2_outputs_path_100_to_150
2030,783522.5839430679,108,P2_outputs_path_100_to_150
2031,849582.7782099636,108,P2_outputs_path_100_to_150
2032,1061997.9976495104,108,P2_outputs_path_100_to_150
2033,1231856.079514139,108,P2_outputs_path_100_to_150
2034,694024.2397333239,108,P2_outputs_path_100_to_150
2035,929813.79075972,108,P2_outputs_path_100_to_150
2036,1313312.2087453352,108,P2_outputs_path_100_to_150
2037,1493305.8549413062,108,P2_outputs_path_100_to_150
2038,1835628.973979687,108,P2_outputs_path_100_to_150
2039,2159907.296546296,108,P2_outputs_path_100_to_150
2040,2320902.3222129364,108,P2_outputs_path_100_to_150
2041,2468647.79650919,108,P2_outputs_path_100_to_150
2042,2656265.0437586834,108,P2_outputs_path_100_to_150
2043,2830185.2613543347,108,P2_outputs_path_100_to_150
2044,2732360.712636776,108,P2_outputs_path_100_to_150
2045,2797518.0228766124,108,P2_outputs_path_100_to_150
2046,3793735.012443226,108,P2_outputs_path_100_to_150
2047,4173231.158720905,108,P2_outputs_path_100_to_150
2048,4382745.743358191,108,P2_outputs_path_100_to_150
2049,4652468.569404068,108,P2_outputs_path_100_to_150
2050,4935794.163667419,108,P2_outputs_path_100_to_150
2051,4825215.0303382985,108,P2_outputs_path_100_to_150
2052,4604858.220070632,108,P2_outputs_path_100_to_150
2053,4486841.762101159,108,P2_outputs_path_100_to_150
2054,4831181.332344511,108,P2_outputs_path_100_to_150
2055,5084486.813777853,108,P2_outputs_path_100_to_150
2056,5194301.56209871,108,P2_outputs_path_100_to_150
2057,5150997.568545517,108,P2_outputs_path_100_to_150
2058,4890853.489915008,108,P2_outputs_path_100_to_150
2059,1005232.2725473326,108,P2_outputs_path_100_to_150
2060,1160747.0091764191,108,P2_outputs_path_100_to_150
2061,1116024.4717703962,108,P2_outputs_path_100_to_150
2062,1095898.5374778088,108,P2_outputs_path_100_to_150
2063,1038513.1538800894,108,P2_outputs_path_100_to_150
2064,1192431.915186549,108,P2_outputs_path_100_to_150
2065,1282782.6171852937,108,P2_outputs_path_100_to_150
2066,1250419.365169066,108,P2_outputs_path_100_to_150
2067,1205064.9877921224,108,P2_outputs_path_100_to_150
2068,1133234.4655613245,108,P2_outputs_path_100_to_150
2069,1199292.399898921,108,P2_outputs_path_100_to_150
2070,1155732.1945112783,108,P2_outputs_path_100_to_150
2071,1190837.9613037389,108,P2_outputs_path_100_to_150
2072,1140102.6608358177,108,P2_outputs_path_100_to_150
2073,1247631.4727187562,108,P2_outputs_path_100_to_150
2074,1239579.3011202444,108,P2_outputs_path_100_to_150
2075,,108,P2_outputs_path_100_to_150
2025,229111.58859091575,109,P2_outputs_path_100_to_150
2026,324345.50634014874,109,P2_outputs_path_100_to_150
2027,482641.4215969687,109,P2_outputs_path_100_to_150
2028,619089.3530470049,109,P2_outputs_path_100_to_150
2029,500806.106485628,109,P2_outputs_path_100_to_150
2030,709305.1657813649,109,P2_outputs_path_100_to_150
2031,785775.7482856096,109,P2_outputs_path_100_to_150
2032,906629.0176469102,109,P2_outputs_path_100_to_150
2033,996353.5174010216,109,P2_outputs_path_100_to_150
2034,405880.87055023527,109,P2_outputs_path_100_to_150
2035,435768.1537655583,109,P2_outputs_path_100_to_150
2036,532210.6543943402,109,P2_outputs_path_100_to_150
2037,626079.6512962935,109,P2_outputs_path_100_to_150
2038,797026.1838408867,109,P2_outputs_path_100_to_150
2039,1018093.0602551034,109,P2_outputs_path_100_to_150
2040,1285866.2231606457,109,P2_outputs_path_100_to_150
2041,1506188.7877705416,109,P2_outputs_path_100_to_150
2042,1713119.897431751,109,P2_outputs_path_100_to_150
2043,2002672.9966418687,109,P2_outputs_path_100_to_150
2044,2008718.7207433237,109,P2_outputs_path_100_to_150
2045,2146814.678971302,109,P2_outputs_path_100_to_150
2046,2104280.8399494058,109,P2_outputs_path_100_to_150
2047,2285030.2583199413,109,P2_outputs_path_100_to_150
2048,1917465.3107529709,109,P2_outputs_path_100_to_150
2049,2159010.7352840914,109,P2_outputs_path_100_to_150
2050,2079554.409733229,109,P2_outputs_path_100_to_150
2051,2613831.256560985,109,P2_outputs_path_100_to_150
2052,2836216.9600855904,109,P2_outputs_path_100_to_150
2053,2699338.3766114363,109,P2_outputs_path_100_to_150
2054,2530931.58293073,109,P2_outputs_path_100_to_150
2055,1876632.5095189188,109,P2_outputs_path_100_to_150
2056,2075733.2659939865,109,P2_outputs_path_100_to_150
2057,2288247.945189961,109,P2_outputs_path_100_to_150
2058,2806432.8701517344,109,P2_outputs_path_100_to_150
2059,0.0,109,P2_outputs_path_100_to_150
2060,134696.86127092727,109,P2_outputs_path_100_to_150
2061,156456.4469466665,109,P2_outputs_path_100_to_150
2062,167136.07074426548,109,P2_outputs_path_100_to_150
2063,207845.9183506015,109,P2_outputs_path_100_to_150
2064,208280.3600064312,109,P2_outputs_path_100_to_150
2065,183344.0025006758,109,P2_outputs_path_100_to_150
2066,213893.2127368257,109,P2_outputs_path_100_to_150
2067,228730.90932406625,109,P2_outputs_path_100_to_150
2068,252160.52155794337,109,P2_outputs_path_100_to_150
2069,268758.93400540773,109,P2_outputs_path_100_to_150
2070,281146.18251370813,109,P2_outputs_path_100_to_150
2071,267893.863848755,109,P2_outputs_path_100_to_150
2072,250967.62630787044,109,P2_outputs_path_100_to_150
2073,266791.3771271298,109,P2_outputs_path_100_to_150
2074,252083.32354155925,109,P2_outputs_path_100_to_150
2075,,109,P2_outputs_path_100_to_150
2025,198456.9720499045,110,P2_outputs_path_100_to_150
2026,268251.01290250506,110,P2_outputs_path_100_to_150
2027,400173.0686323037,110,P2_outputs_path_100_to_150
2028,476961.4237753259,110,P2_outputs_path_100_to_150
2029,688248.9003142205,110,P2_outputs_path_100_to_150
2030,754608.787730169,110,P2_outputs_path_100_to_150
2031,839484.2681632517,110,P2_outputs_path_100_to_150
2032,942174.3184831488,110,P2_outputs_path_100_to_150
2033,1035736.1547905572,110,P2_outputs_path_100_to_150
2034,396256.8814537735,110,P2_outputs_path_100_to_150
2035,483624.6930230891,110,P2_outputs_path_100_to_150
2036,464001.7170855209,110,P2_outputs_path_100_to_150
2037,491356.78517152014,110,P2_outputs_path_100_to_150
2038,731897.0540789642,110,P2_outputs_path_100_to_150
2039,1237546.7444958566,110,P2_outputs_path_100_to_150
2040,1744559.9817528336,110,P2_outputs_path_100_to_150
2041,1807734.569377079,110,P2_outputs_path_100_to_150
2042,2296534.9458029275,110,P2_outputs_path_100_to_150
2043,2122299.5346747087,110,P2_outputs_path_100_to_150
2044,2455899.277748869,110,P2_outputs_path_100_to_150
2045,2492811.892113661,110,P2_outputs_path_100_to_150
2046,2277743.153280498,110,P2_outputs_path_100_to_150
2047,2502012.0670101168,110,P2_outputs_path_100_to_150
2048,2699871.786105345,110,P2_outputs_path_100_to_150
2049,3033300.334710681,110,P2_outputs_path_100_to_150
2050,3355608.126083534,110,P2_outputs_path_100_to_150
2051,3877276.694842867,110,P2_outputs_path_100_to_150
2052,4716904.574275491,110,P2_outputs_path_100_to_150
2053,4748959.742738227,110,P2_outputs_path_100_to_150
2054,4908289.00879912,110,P2_outputs_path_100_to_150
2055,4967002.199776262,110,P2_outputs_path_100_to_150
2056,5233599.51995464,110,P2_outputs_path_100_to_150
2057,5080885.680531223,110,P2_outputs_path_100_to_150
2058,4978314.237776343,110,P2_outputs_path_100_to_150
2059,980255.1648320296,110,P2_outputs_path_100_to_150
2060,1130485.9266887289,110,P2_outputs_path_100_to_150
2061,1100346.283605609,110,P2_outputs_path_100_to_150
2062,1143349.4412823983,110,P2_outputs_path_100_to_150
2063,1177902.0935949043,110,P2_outputs_path_100_to_150
2064,1138333.421303569,110,P2_outputs_path_100_to_150
2065,1103723.707304224,110,P2_outputs_path_100_to_150
2066,1216592.6629418237,110,P2_outputs_path_100_to_150
2067,1220560.501221025,110,P2_outputs_path_100_to_150
2068,1234317.685752178,110,P2_outputs_path_100_to_150
2069,1395602.4466784743,110,P2_outputs_path_100_to_150
2070,1390124.9324673978,110,P2_outputs_path_100_to_150
2071,1412755.6160975331,110,P2_outputs_path_100_to_150
2072,1530157.5729317558,110,P2_outputs_path_100_to_150
2073,1675825.0478373223,110,P2_outputs_path_100_to_150
2074,1644393.1734047402,110,P2_outputs_path_100_to_150
2075,,110,P2_outputs_path_100_to_150
2025,198243.8313838829,111,P2_outputs_path_100_to_150
2026,367523.7756078786,111,P2_outputs_path_100_to_150
2027,451785.890554299,111,P2_outputs_path_100_to_150
2028,645417.2819560288,111,P2_outputs_path_100_to_150
2029,677127.9988972079,111,P2_outputs_path_100_to_150
2030,735194.9420281322,111,P2_outputs_path_100_to_150
2031,809128.6828801946,111,P2_outputs_path_100_to_150
2032,915948.3802745136,111,P2_outputs_path_100_to_150
2033,1031019.456077971,111,P2_outputs_path_100_to_150
2034,398221.8419160736,111,P2_outputs_path_100_to_150
2035,398752.0219074857,111,P2_outputs_path_100_to_150
2036,517000.5503155128,111,P2_outputs_path_100_to_150
2037,613154.9120861437,111,P2_outputs_path_100_to_150
2038,792267.5150723006,111,P2_outputs_path_100_to_150
2039,697235.1818468812,111,P2_outputs_path_100_to_150
2040,724531.4088256633,111,P2_outputs_path_100_to_150
2041,1026156.094728046,111,P2_outputs_path_100_to_150
2042,1258999.6942810751,111,P2_outputs_path_100_to_150
2043,1411212.270795009,111,P2_outputs_path_100_to_150
2044,1696038.0001000478,111,P2_outputs_path_100_to_150
2045,1875412.8229437957,111,P2_outputs_path_100_to_150
2046,2719638.8243691465,111,P2_outputs_path_100_to_150
2047,3106253.734059999,111,P2_outputs_path_100_to_150
2048,2980793.6848362274,111,P2_outputs_path_100_to_150
2049,2687238.5472849496,111,P2_outputs_path_100_to_150
2050,3455740.3942053765,111,P2_outputs_path_100_to_150
2051,3653987.3929610583,111,P2_outputs_path_100_to_150
2052,3843053.866994512,111,P2_outputs_path_100_to_150
2053,4845394.877387463,111,P2_outputs_path_100_to_150
2054,4774227.931397619,111,P2_outputs_path_100_to_150
2055,5125035.766989797,111,P2_outputs_path_100_to_150
2056,4800044.7926000655,111,P2_outputs_path_100_to_150
2057,4526853.31968689,111,P2_outputs_path_100_to_150
2058,4365902.238044996,111,P2_outputs_path_100_to_150
2059,502635.0134348478,111,P2_outputs_path_100_to_150
2060,674112.8745245143,111,P2_outputs_path_100_to_150
2061,704052.3168597386,111,P2_outputs_path_100_to_150
2062,784033.3313648257,111,P2_outputs_path_100_to_150
2063,739480.9192957891,111,P2_outputs_path_100_to_150
2064,747833.6441187594,111,P2_outputs_path_100_to_150
2065,644312.4939326743,111,P2_outputs_path_100_to_150
2066,677690.6694540491,111,P2_outputs_path_100_to_150
2067,602854.8932371028,111,P2_outputs_path_100_to_150
2068,608201.3585540229,111,P2_outputs_path_100_to_150
2069,598831.0899000735,111,P2_outputs_path_100_to_150
2070,620893.4963784604,111,P2_outputs_path_100_to_150
2071,606000.4940206816,111,P2_outputs_path_100_to_150
2072,556659.4832574906,111,P2_outputs_path_100_to_150
2073,546461.0461757208,111,P2_outputs_path_100_to_150
2074,532380.532044724,111,P2_outputs_path_100_to_150
2075,,111,P2_outputs_path_100_to_150
2025,215677.850295316,112,P2_outputs_path_100_to_150
2026,336515.29073001014,112,P2_outputs_path_100_to_150
2027,375585.6368962241,112,P2_outputs_path_100_to_150
2028,386497.3291605109,112,P2_outputs_path_100_to_150
2029,347727.8497049997,112,P2_outputs_path_100_to_150
2030,499233.7349824786,112,P2_outputs_path_100_to_150
2031,727644.4174026152,112,P2_outputs_path_100_to_150
2032,821014.019756966,112,P2_outputs_path_100_to_150
2033,902577.3282984438,112,P2_outputs_path_100_to_150
2034,280402.6222477624,112,P2_outputs_path_100_to_150
2035,441352.9868127587,112,P2_outputs_path_100_to_150
2036,511692.5579549081,112,P2_outputs_path_100_to_150
2037,685339.6914802141,112,P2_outputs_path_100_to_150
2038,786296.7392779773,112,P2_outputs_path_100_to_150
2039,856143.4784104394,112,P2_outputs_path_100_to_150
2040,1058002.1466882392,112,P2_outputs_path_100_to_150
2041,1142909.2984953746,112,P2_outputs_path_100_to_150
2042,1719922.926401972,112,P2_outputs_path_100_to_150
2043,2497076.411613576,112,P2_outputs_path_100_to_150
2044,3460799.3872453608,112,P2_outputs_path_100_to_150
2045,3263007.214102004,112,P2_outputs_path_100_to_150
2046,4061782.850548741,112,P2_outputs_path_100_to_150
2047,4164758.034480413,112,P2_outputs_path_100_to_150
2048,4319411.676156971,112,P2_outputs_path_100_to_150
2049,4325987.73968672,112,P2_outputs_path_100_to_150
2050,4709794.42390631,112,P2_outputs_path_100_to_150
2051,4781698.247440639,112,P2_outputs_path_100_to_150
2052,4712193.107064351,112,P2_outputs_path_100_to_150
2053,4803295.601664016,112,P2_outputs_path_100_to_150
2054,5076035.145183561,112,P2_outputs_path_100_to_150
2055,5132780.677295507,112,P2_outputs_path_100_to_150
2056,5476221.050599743,112,P2_outputs_path_100_to_150
2057,5663430.253338483,112,P2_outputs_path_100_to_150
2058,6059508.355042567,112,P2_outputs_path_100_to_150
2059,1769017.3542427055,112,P2_outputs_path_100_to_150
2060,1934740.444275865,112,P2_outputs_path_100_to_150
2061,1853859.2886792817,112,P2_outputs_path_100_to_150
2062,1686813.584808799,112,P2_outputs_path_100_to_150
2063,1703798.976518205,112,P2_outputs_path_100_to_150
2064,1722866.5605893906,112,P2_outputs_path_100_to_150
2065,1774443.7769457027,112,P2_outputs_path_100_to_150
2066,1846649.492495811,112,P2_outputs_path_100_to_150
2067,1863898.460716505,112,P2_outputs_path_100_to_150
2068,1904091.247889852,112,P2_outputs_path_100_to_150
2069,1999663.1017047365,112,P2_outputs_path_100_to_150
2070,2391153.865245563,112,P2_outputs_path_100_to_150
2071,2089130.36571398,112,P2_outputs_path_100_to_150
2072,2108512.4855789635,112,P2_outputs_path_100_to_150
2073,2447984.3590818536,112,P2_outputs_path_100_to_150
2074,2169021.977529388,112,P2_outputs_path_100_to_150
2075,,112,P2_outputs_path_100_to_150
2025,177283.79670128055,113,P2_outputs_path_100_to_150
2026,203801.6134110491,113,P2_outputs_path_100_to_150
2027,343328.71159271663,113,P2_outputs_path_100_to_150
2028,569644.312307188,113,P2_outputs_path_100_to_150
2029,661734.9905022135,113,P2_outputs_path_100_to_150
2030,754908.7990333589,113,P2_outputs_path_100_to_150
2031,873357.8086128682,113,P2_outputs_path_100_to_150
2032,1076927.7076207502,113,P2_outputs_path_100_to_150
2033,1305725.671758871,113,P2_outputs_path_100_to_150
2034,690024.6692594641,113,P2_outputs_path_100_to_150
2035,560551.0957935669,113,P2_outputs_path_100_to_150
2036,784154.8563314019,113,P2_outputs_path_100_to_150
2037,1539141.831393686,113,P2_outputs_path_100_to_150
2038,1790436.3890190222,113,P2_outputs_path_100_to_150
2039,2425938.4318715027,113,P2_outputs_path_100_to_150
2040,2269175.849571555,113,P2_outputs_path_100_to_150
2041,2149032.173583536,113,P2_outputs_path_100_to_150
2042,2091072.2621811451,113,P2_outputs_path_100_to_150
2043,2368274.86783256,113,P2_outputs_path_100_to_150
2044,2221801.7706180145,113,P2_outputs_path_100_to_150
2045,2066727.6470811863,113,P2_outputs_path_100_to_150
2046,2011316.4339374816,113,P2_outputs_path_100_to_150
2047,2487065.578411332,113,P2_outputs_path_100_to_150
2048,2380679.652530723,113,P2_outputs_path_100_to_150
2049,2391583.442360461,113,P2_outputs_path_100_to_150
2050,2736661.4362893244,113,P2_outputs_path_100_to_150
2051,2164196.6760820304,113,P2_outputs_path_100_to_150
2052,2801521.697651342,113,P2_outputs_path_100_to_150
2053,2555598.8397580697,113,P2_outputs_path_100_to_150
2054,2777642.555161232,113,P2_outputs_path_100_to_150
2055,1946268.8612267657,113,P2_outputs_path_100_to_150
2056,2132755.0951784826,113,P2_outputs_path_100_to_150
2057,2432910.054554434,113,P2_outputs_path_100_to_150
2058,2269800.635113041,113,P2_outputs_path_100_to_150
2059,0.0,113,P2_outputs_path_100_to_150
2060,156389.7645249318,113,P2_outputs_path_100_to_150
2061,143132.03633174565,113,P2_outputs_path_100_to_150
2062,136014.29404873733,113,P2_outputs_path_100_to_150
2063,133146.74559065845,113,P2_outputs_path_100_to_150
2064,136331.27086513955,113,P2_outputs_path_100_to_150
2065,122427.48542399316,113,P2_outputs_path_100_to_150
2066,120612.72937267258,113,P2_outputs_path_100_to_150
2067,119278.98311239752,113,P2_outputs_path_100_to_150
2068,138511.1217713461,113,P2_outputs_path_100_to_150
2069,141853.72150992107,113,P2_outputs_path_100_to_150
2070,147793.88551947073,113,P2_outputs_path_100_to_150
2071,141019.01839298574,113,P2_outputs_path_100_to_150
2072,130000.60274788672,113,P2_outputs_path_100_to_150
2073,132484.6137599742,113,P2_outputs_path_100_to_150
2074,145045.2048250995,113,P2_outputs_path_100_to_150
2075,,113,P2_outputs_path_100_to_150
2025,175384.39215851587,114,P2_outputs_path_100_to_150
2026,277731.3521914808,114,P2_outputs_path_100_to_150
2027,456250.544693047,114,P2_outputs_path_100_to_150
2028,454775.5702059259,114,P2_outputs_path_100_to_150
2029,525013.6209851112,114,P2_outputs_path_100_to_150
2030,812527.5005651227,114,P2_outputs_path_100_to_150
2031,837159.6211401158,114,P2_outputs_path_100_to_150
2032,941555.3014364853,114,P2_outputs_path_100_to_150
2033,1247893.1691348176,114,P2_outputs_path_100_to_150
2034,642206.9648517263,114,P2_outputs_path_100_to_150
2035,750495.0920391345,114,P2_outputs_path_100_to_150
2036,901345.285814722,114,P2_outputs_path_100_to_150
2037,1074320.8142672423,114,P2_outputs_path_100_to_150
2038,1313856.894072218,114,P2_outputs_path_100_to_150
2039,1890618.123977348,114,P2_outputs_path_100_to_150
2040,2144095.933078294,114,P2_outputs_path_100_to_150
2041,2654549.271491799,114,P2_outputs_path_100_to_150
2042,2931246.0016247467,114,P2_outputs_path_100_to_150
2043,2792235.5522998217,114,P2_outputs_path_100_to_150
2044,3236430.2999233548,114,P2_outputs_path_100_to_150
2045,3261693.476979798,114,P2_outputs_path_100_to_150
2046,3745214.856418323,114,P2_outputs_path_100_to_150
2047,4080986.268922274,114,P2_outputs_path_100_to_150
2048,4291251.251710052,114,P2_outputs_path_100_to_150
2049,4585590.65626199,114,P2_outputs_path_100_to_150
2050,4795014.439388711,114,P2_outputs_path_100_to_150
2051,4843807.361129637,114,P2_outputs_path_100_to_150
2052,4637074.734734219,114,P2_outputs_path_100_to_150
2053,4820884.29104789,114,P2_outputs_path_100_to_150
2054,5205608.687690412,114,P2_outputs_path_100_to_150
2055,5466542.211913959,114,P2_outputs_path_100_to_150
2056,5108189.192031804,114,P2_outputs_path_100_to_150
2057,5291008.679737248,114,P2_outputs_path_100_to_150
2058,5341222.183510115,114,P2_outputs_path_100_to_150
2059,1505167.7225233773,114,P2_outputs_path_100_to_150
2060,1442899.4809581188,114,P2_outputs_path_100_to_150
2061,1462042.7222050696,114,P2_outputs_path_100_to_150
2062,1504340.8418250503,114,P2_outputs_path_100_to_150
2063,1464553.1768802172,114,P2_outputs_path_100_to_150
2064,1431660.202139377,114,P2_outputs_path_100_to_150
2065,1542592.5514341588,114,P2_outputs_path_100_to_150
2066,1429872.8531632852,114,P2_outputs_path_100_to_150
2067,1376651.1618565442,114,P2_outputs_path_100_to_150
2068,1492918.8962289498,114,P2_outputs_path_100_to_150
2069,1436195.1573057852,114,P2_outputs_path_100_to_150
2070,1547043.953242167,114,P2_outputs_path_100_to_150
2071,1543151.9838481287,114,P2_outputs_path_100_to_150
2072,1374576.903828266,114,P2_outputs_path_100_to_150
2073,1382639.2725937606,114,P2_outputs_path_100_to_150
2074,1344661.8248400446,114,P2_outputs_path_100_to_150
2075,,114,P2_outputs_path_100_to_150
2025,223490.91503910336,115,P2_outputs_path_100_to_150
2026,353822.4134395696,115,P2_outputs_path_100_to_150
2027,567593.2421652073,115,P2_outputs_path_100_to_150
2028,595762.1554810908,115,P2_outputs_path_100_to_150
2029,806439.7490275966,115,P2_outputs_path_100_to_150
2030,892506.6156588974,115,P2_outputs_path_100_to_150
2031,1055885.2610726987,115,P2_outputs_path_100_to_150
2032,1006480.4069323397,115,P2_outputs_path_100_to_150
2033,997497.3516017566,115,P2_outputs_path_100_to_150
2034,429560.8865318429,115,P2_outputs_path_100_to_150
2035,544398.8263786479,115,P2_outputs_path_100_to_150
2036,827210.5111449084,115,P2_outputs_path_100_to_150
2037,899831.6937269223,115,P2_outputs_path_100_to_150
2038,1206793.556216395,115,P2_outputs_path_100_to_150
2039,1355059.3428472383,115,P2_outputs_path_100_to_150
2040,1557972.4503206653,115,P2_outputs_path_100_to_150
2041,1665769.737364541,115,P2_outputs_path_100_to_150
2042,2122010.8952223924,115,P2_outputs_path_100_to_150
2043,2118626.8437745064,115,P2_outputs_path_100_to_150
2044,2476110.892956933,115,P2_outputs_path_100_to_150
2045,2966150.048110923,115,P2_outputs_path_100_to_150
2046,2246001.522705345,115,P2_outputs_path_100_to_150
2047,2612887.5867550685,115,P2_outputs_path_100_to_150
2048,2692081.7209467706,115,P2_outputs_path_100_to_150
2049,2229203.352516185,115,P2_outputs_path_100_to_150
2050,1659940.839385765,115,P2_outputs_path_100_to_150
2051,1847647.545896329,115,P2_outputs_path_100_to_150
2052,2116078.996066181,115,P2_outputs_path_100_to_150
2053,1745371.5210439768,115,P2_outputs_path_100_to_150
2054,1993401.5965056,115,P2_outputs_path_100_to_150
2055,2491899.593734782,115,P2_outputs_path_100_to_150
2056,2021215.0900297344,115,P2_outputs_path_100_to_150
2057,2163368.239705357,115,P2_outputs_path_100_to_150
2058,2195099.7747008875,115,P2_outputs_path_100_to_150
2059,0.0,115,P2_outputs_path_100_to_150
2060,158136.4996766783,115,P2_outputs_path_100_to_150
2061,178582.65238728444,115,P2_outputs_path_100_to_150
2062,186925.19441336064,115,P2_outputs_path_100_to_150
2063,192227.65452763732,115,P2_outputs_path_100_to_150
2064,167473.71953664554,115,P2_outputs_path_100_to_150
2065,158044.8329786629,115,P2_outputs_path_100_to_150
2066,155415.57349178736,115,P2_outputs_path_100_to_150
2067,146216.72762973557,115,P2_outputs_path_100_to_150
2068,137723.91935916105,115,P2_outputs_path_100_to_150
2069,144823.79015683004,115,P2_outputs_path_100_to_150
2070,133874.87700872475,115,P2_outputs_path_100_to_150
2071,124726.91540520768,115,P2_outputs_path_100_to_150
2072,128750.76818259024,115,P2_outputs_path_100_to_150
2073,119306.46783720033,115,P2_outputs_path_100_to_150
2074,130518.48969556534,115,P2_outputs_path_100_to_150
2075,,115,P2_outputs_path_100_to_150
2025,230846.87908602896,116,P2_outputs_path_100_to_150
2026,337936.702014716,116,P2_outputs_path_100_to_150
2027,403218.2450322743,116,P2_outputs_path_100_to_150
2028,488699.4595941772,116,P2_outputs_path_100_to_150
2029,362038.2096930607,116,P2_outputs_path_100_to_150
2030,552980.8491698601,116,P2_outputs_path_100_to_150
2031,676552.183753661,116,P2_outputs_path_100_to_150
2032,778491.0473649567,116,P2_outputs_path_100_to_150
2033,874302.237497475,116,P2_outputs_path_100_to_150
2034,296143.8613064779,116,P2_outputs_path_100_to_150
2035,484035.9744901546,116,P2_outputs_path_100_to_150
2036,677395.1206227752,116,P2_outputs_path_100_to_150
2037,656005.0322521254,116,P2_outputs_path_100_to_150
2038,562944.5039545584,116,P2_outputs_path_100_to_150
2039,694994.0373006962,116,P2_outputs_path_100_to_150
2040,891737.4788411955,116,P2_outputs_path_100_to_150
2041,1299518.66980832,116,P2_outputs_path_100_to_150
2042,1488905.5749114854,116,P2_outputs_path_100_to_150
2043,1676289.137094148,116,P2_outputs_path_100_to_150
2044,1212183.8263869658,116,P2_outputs_path_100_to_150
2045,1478267.076214606,116,P2_outputs_path_100_to_150
2046,1046250.6188908148,116,P2_outputs_path_100_to_150
2047,1048296.015030495,116,P2_outputs_path_100_to_150
2048,1114484.677219458,116,P2_outputs_path_100_to_150
2049,1542912.0759328655,116,P2_outputs_path_100_to_150
2050,1559435.559746136,116,P2_outputs_path_100_to_150
2051,1747540.0063914063,116,P2_outputs_path_100_to_150
2052,2125856.628972707,116,P2_outputs_path_100_to_150
2053,1929855.0995051744,116,P2_outputs_path_100_to_150
2054,2144701.5649342583,116,P2_outputs_path_100_to_150
2055,2178531.7561948285,116,P2_outputs_path_100_to_150
2056,2513068.797537438,116,P2_outputs_path_100_to_150
2057,2757052.2739550173,116,P2_outputs_path_100_to_150
2058,2907209.677285799,116,P2_outputs_path_100_to_150
2059,0.0,116,P2_outputs_path_100_to_150
2060,148014.97024660505,116,P2_outputs_path_100_to_150
2061,155864.69946879923,116,P2_outputs_path_100_to_150
2062,160156.6086916936,116,P2_outputs_path_100_to_150
2063,168164.13656394754,116,P2_outputs_path_100_to_150
2064,174143.0547307612,116,P2_outputs_path_100_to_150
2065,158183.4710407427,116,P2_outputs_path_100_to_150
2066,143901.3505716251,116,P2_outputs_path_100_to_150
2067,173426.54573397164,116,P2_outputs_path_100_to_150
2068,177814.55330949154,116,P2_outputs_path_100_to_150
2069,199590.825183316,116,P2_outputs_path_100_to_150
2070,208760.96519267827,116,P2_outputs_path_100_to_150
2071,220151.23331501152,116,P2_outputs_path_100_to_150
2072,229276.87343204796,116,P2_outputs_path_100_to_150
2073,237981.0416474148,116,P2_outputs_path_100_to_150
2074,229127.47310913733,116,P2_outputs_path_100_to_150
2075,,116,P2_outputs_path_100_to_150
2025,221134.7631989183,117,P2_outputs_path_100_to_150
2026,364408.622521713,117,P2_outputs_path_100_to_150
2027,438018.6275148499,117,P2_outputs_path_100_to_150
2028,569711.5819347843,117,P2_outputs_path_100_to_150
2029,651603.8112089788,117,P2_outputs_path_100_to_150
2030,707014.2633476083,117,P2_outputs_path_100_to_150
2031,803196.789528972,117,P2_outputs_path_100_to_150
2032,930099.7941215936,117,P2_outputs_path_100_to_150
2033,1079799.0785400264,117,P2_outputs_path_100_to_150
2034,608146.5298972782,117,P2_outputs_path_100_to_150
2035,750062.4136452402,117,P2_outputs_path_100_to_150
2036,843686.6080065577,117,P2_outputs_path_100_to_150
2037,1062398.7219365484,117,P2_outputs_path_100_to_150
2038,1215792.026439149,117,P2_outputs_path_100_to_150
2039,1578157.7797959156,117,P2_outputs_path_100_to_150
2040,2158693.5191838183,117,P2_outputs_path_100_to_150
2041,2665187.7859334555,117,P2_outputs_path_100_to_150
2042,2813407.9922666256,117,P2_outputs_path_100_to_150
2043,2808758.115895789,117,P2_outputs_path_100_to_150
2044,2999280.9854941145,117,P2_outputs_path_100_to_150
2045,2947992.97285406,117,P2_outputs_path_100_to_150
2046,3198512.055708226,117,P2_outputs_path_100_to_150
2047,3244136.021386278,117,P2_outputs_path_100_to_150
2048,3853697.340141891,117,P2_outputs_path_100_to_150
2049,4131967.222215123,117,P2_outputs_path_100_to_150
2050,4315385.102400408,117,P2_outputs_path_100_to_150
2051,4303075.637412323,117,P2_outputs_path_100_to_150
2052,4341229.262475885,117,P2_outputs_path_100_to_150
2053,4579079.320215251,117,P2_outputs_path_100_to_150
2054,4832906.722691721,117,P2_outputs_path_100_to_150
2055,5182778.716314334,117,P2_outputs_path_100_to_150
2056,5003182.720223595,117,P2_outputs_path_100_to_150
2057,5080111.080440351,117,P2_outputs_path_100_to_150
2058,5002480.9879920725,117,P2_outputs_path_100_to_150
2059,500406.2555232402,117,P2_outputs_path_100_to_150
2060,665349.1589959194,117,P2_outputs_path_100_to_150
2061,653083.7397517753,117,P2_outputs_path_100_to_150
2062,725972.2292258441,117,P2_outputs_path_100_to_150
2063,759396.3754203736,117,P2_outputs_path_100_to_150
2064,756903.6044614449,117,P2_outputs_path_100_to_150
2065,805451.8341146039,117,P2_outputs_path_100_to_150
2066,851360.4385936178,117,P2_outputs_path_100_to_150
2067,968162.0988509404,117,P2_outputs_path_100_to_150
2068,980710.9577206348,117,P2_outputs_path_100_to_150
2069,995162.6034697832,117,P2_outputs_path_100_to_150
2070,989963.1599030396,117,P2_outputs_path_100_to_150
2071,969192.360462034,117,P2_outputs_path_100_to_150
2072,1003587.6823766296,117,P2_outputs_path_100_to_150
2073,1035329.2817435618,117,P2_outputs_path_100_to_150
2074,1081827.2995997232,117,P2_outputs_path_100_to_150
2075,,117,P2_outputs_path_100_to_150
2025,246547.2884438862,118,P2_outputs_path_100_to_150
2026,356793.70742840675,118,P2_outputs_path_100_to_150
2027,501039.6063429265,118,P2_outputs_path_100_to_150
2028,613718.5211011252,118,P2_outputs_path_100_to_150
2029,565239.7923520537,118,P2_outputs_path_100_to_150
2030,855048.1435620015,118,P2_outputs_path_100_to_150
2031,885964.2452269838,118,P2_outputs_path_100_to_150
2032,933253.4034258908,118,P2_outputs_path_100_to_150
2033,1091792.3045604115,118,P2_outputs_path_100_to_150
2034,456681.3641880589,118,P2_outputs_path_100_to_150
2035,600167.1919907527,118,P2_outputs_path_100_to_150
2036,735387.6431257345,118,P2_outputs_path_100_to_150
2037,762944.105471852,118,P2_outputs_path_100_to_150
2038,1085682.6454433552,118,P2_outputs_path_100_to_150
2039,1289311.3758870051,118,P2_outputs_path_100_to_150
2040,1376774.0175313354,118,P2_outputs_path_100_to_150
2041,1305629.677810572,118,P2_outputs_path_100_to_150
2042,2108604.319444376,118,P2_outputs_path_100_to_150
2043,2142085.406677215,118,P2_outputs_path_100_to_150
2044,1606210.9652871948,118,P2_outputs_path_100_to_150
2045,1879089.3797833845,118,P2_outputs_path_100_to_150
2046,2271686.3686745325,118,P2_outputs_path_100_to_150
2047,2472550.345069413,118,P2_outputs_path_100_to_150
2048,2622200.6354641323,118,P2_outputs_path_100_to_150
2049,3452884.552929191,118,P2_outputs_path_100_to_150
2050,3792968.7509782384,118,P2_outputs_path_100_to_150
2051,3456776.855831891,118,P2_outputs_path_100_to_150
2052,2646648.3457119213,118,P2_outputs_path_100_to_150
2053,2531091.1163170035,118,P2_outputs_path_100_to_150
2054,2650408.03450774,118,P2_outputs_path_100_to_150
2055,2160209.5195361134,118,P2_outputs_path_100_to_150
2056,2363100.221488788,118,P2_outputs_path_100_to_150
2057,2825938.4944503754,118,P2_outputs_path_100_to_150
2058,3016057.6977375373,118,P2_outputs_path_100_to_150
2059,0.0,118,P2_outputs_path_100_to_150
2060,145712.54002212678,118,P2_outputs_path_100_to_150
2061,158595.46036170595,118,P2_outputs_path_100_to_150
2062,171636.34637029152,118,P2_outputs_path_100_to_150
2063,172125.13051034312,118,P2_outputs_path_100_to_150
2064,182106.44401193704,118,P2_outputs_path_100_to_150
2065,179556.71162228638,118,P2_outputs_path_100_to_150
2066,190758.27493690868,118,P2_outputs_path_100_to_150
2067,195050.81999591456,118,P2_outputs_path_100_to_150
2068,188362.27752785865,118,P2_outputs_path_100_to_150
2069,196812.68669888304,118,P2_outputs_path_100_to_150
2070,216685.3943135406,118,P2_outputs_path_100_to_150
2071,216911.25454519023,118,P2_outputs_path_100_to_150
2072,221342.3885736992,118,P2_outputs_path_100_to_150
2073,216489.35469597252,118,P2_outputs_path_100_to_150
2074,214039.64142983925,118,P2_outputs_path_100_to_150
2075,,118,P2_outputs_path_100_to_150
2025,187690.9014439869,119,P2_outputs_path_100_to_150
2026,283232.8077196158,119,P2_outputs_path_100_to_150
2027,319769.74418702826,119,P2_outputs_path_100_to_150
2028,410534.3129781376,119,P2_outputs_path_100_to_150
2029,507868.6839688495,119,P2_outputs_path_100_to_150
2030,759615.1713253601,119,P2_outputs_path_100_to_150
2031,854579.9864473485,119,P2_outputs_path_100_to_150
2032,900727.073026422,119,P2_outputs_path_100_to_150
2033,1049811.202357204,119,P2_outputs_path_100_to_150
2034,391661.53970956686,119,P2_outputs_path_100_to_150
2035,411246.64129900566,119,P2_outputs_path_100_to_150
2036,556796.4279776374,119,P2_outputs_path_100_to_150
2037,729404.4948571116,119,P2_outputs_path_100_to_150
2038,722810.1631988763,119,P2_outputs_path_100_to_150
2039,874288.3762465824,119,P2_outputs_path_100_to_150
2040,1227620.5829493029,119,P2_outputs_path_100_to_150
2041,1455197.0469946305,119,P2_outputs_path_100_to_150
2042,1674619.1940848958,119,P2_outputs_path_100_to_150
2043,2061547.4486634503,119,P2_outputs_path_100_to_150
2044,2268363.469829476,119,P2_outputs_path_100_to_150
2045,2744124.300306318,119,P2_outputs_path_100_to_150
2046,2986672.943041417,119,P2_outputs_path_100_to_150
2047,3463686.5534719564,119,P2_outputs_path_100_to_150
2048,3498158.042731867,119,P2_outputs_path_100_to_150
2049,2971175.965105745,119,P2_outputs_path_100_to_150
2050,3252919.099485997,119,P2_outputs_path_100_to_150
2051,3850655.175036099,119,P2_outputs_path_100_to_150
2052,4389975.231138469,119,P2_outputs_path_100_to_150
2053,4546752.1291407775,119,P2_outputs_path_100_to_150
2054,4790797.083010766,119,P2_outputs_path_100_to_150
2055,4759087.522364588,119,P2_outputs_path_100_to_150
2056,4532610.689497788,119,P2_outputs_path_100_to_150
2057,4783508.606524013,119,P2_outputs_path_100_to_150
2058,4844234.874482397,119,P2_outputs_path_100_to_150
2059,366809.6110272789,119,P2_outputs_path_100_to_150
2060,519988.45642140746,119,P2_outputs_path_100_to_150
2061,596148.477818325,119,P2_outputs_path_100_to_150
2062,548588.1921125918,119,P2_outputs_path_100_to_150
2063,551033.3868968005,119,P2_outputs_path_100_to_150
2064,525351.0978049241,119,P2_outputs_path_100_to_150
2065,599977.5850406411,119,P2_outputs_path_100_to_150
2066,602016.7733737635,119,P2_outputs_path_100_to_150
2067,644516.7974722915,119,P2_outputs_path_100_to_150
2068,657599.1909039821,119,P2_outputs_path_100_to_150
2069,660400.6345376523,119,P2_outputs_path_100_to_150
2070,640847.9472235547,119,P2_outputs_path_100_to_150
2071,644851.0137643575,119,P2_outputs_path_100_to_150
2072,662824.421087011,119,P2_outputs_path_100_to_150
2073,604983.6528716241,119,P2_outputs_path_100_to_150
2074,552855.6155399004,119,P2_outputs_path_100_to_150
2075,,119,P2_outputs_path_100_to_150
2025,211544.63784127176,120,P2_outputs_path_100_to_150
2026,324920.9004267565,120,P2_outputs_path_100_to_150
2027,455996.8632483019,120,P2_outputs_path_100_to_150
2028,512719.1047593856,120,P2_outputs_path_100_to_150
2029,565269.0318749935,120,P2_outputs_path_100_to_150
2030,737875.7276475522,120,P2_outputs_path_100_to_150
2031,848297.3916729795,120,P2_outputs_path_100_to_150
2032,1010449.121193176,120,P2_outputs_path_100_to_150
2033,1091167.817144739,120,P2_outputs_path_100_to_150
2034,546688.4553823131,120,P2_outputs_path_100_to_150
2035,628631.0419047843,120,P2_outputs_path_100_to_150
2036,680074.9577823913,120,P2_outputs_path_100_to_150
2037,834484.9869837133,120,P2_outputs_path_100_to_150
2038,961766.3875745684,120,P2_outputs_path_100_to_150
2039,1125564.6534570258,120,P2_outputs_path_100_to_150
2040,1344166.8722627,120,P2_outputs_path_100_to_150
2041,1620321.6360960873,120,P2_outputs_path_100_to_150
2042,2011341.1652631452,120,P2_outputs_path_100_to_150
2043,1864708.906683048,120,P2_outputs_path_100_to_150
2044,2204910.2566315867,120,P2_outputs_path_100_to_150
2045,2690031.940529968,120,P2_outputs_path_100_to_150
2046,2968464.8070203406,120,P2_outputs_path_100_to_150
2047,3714287.9945312296,120,P2_outputs_path_100_to_150
2048,3489832.377411285,120,P2_outputs_path_100_to_150
2049,3712120.79508904,120,P2_outputs_path_100_to_150
2050,3696585.604504537,120,P2_outputs_path_100_to_150
2051,4029534.385489752,120,P2_outputs_path_100_to_150
2052,4529631.501787409,120,P2_outputs_path_100_to_150
2053,4694859.117828968,120,P2_outputs_path_100_to_150
2054,4805810.534524197,120,P2_outputs_path_100_to_150
2055,4798715.228736775,120,P2_outputs_path_100_to_150
2056,4855417.995340686,120,P2_outputs_path_100_to_150
2057,4951146.8535394585,120,P2_outputs_path_100_to_150
2058,4784281.060384669,120,P2_outputs_path_100_to_150
2059,686198.7468101075,120,P2_outputs_path_100_to_150
2060,817288.3628435767,120,P2_outputs_path_100_to_150
2061,803110.3302605862,120,P2_outputs_path_100_to_150
2062,800208.7853241768,120,P2_outputs_path_100_to_150
2063,787572.248725473,120,P2_outputs_path_100_to_150
2064,776091.0694687807,120,P2_outputs_path_100_to_150
2065,800098.2419454982,120,P2_outputs_path_100_to_150
2066,840396.5227811268,120,P2_outputs_path_100_to_150
2067,803641.6911863396,120,P2_outputs_path_100_to_150
2068,773977.1278747465,120,P2_outputs_path_100_to_150
2069,905312.804830712,120,P2_outputs_path_100_to_150
2070,1065020.7733008752,120,P2_outputs_path_100_to_150
2071,1120801.912127037,120,P2_outputs_path_100_to_150
2072,1205272.7677021658,120,P2_outputs_path_100_to_150
2073,1120620.288539521,120,P2_outputs_path_100_to_150
2074,1112656.5200195624,120,P2_outputs_path_100_to_150
2075,,120,P2_outputs_path_100_to_150
2025,244628.57614349623,121,P2_outputs_path_100_to_150
2026,294095.8552866299,121,P2_outputs_path_100_to_150
2027,387489.6712170353,121,P2_outputs_path_100_to_150
2028,404667.47837600607,121,P2_outputs_path_100_to_150
2029,336793.52436281485,121,P2_outputs_path_100_to_150
2030,415478.3384344268,121,P2_outputs_path_100_to_150
2031,480724.01054181525,121,P2_outputs_path_100_to_150
2032,725085.6394305313,121,P2_outputs_path_100_to_150
2033,880096.7880935699,121,P2_outputs_path_100_to_150
2034,277148.4983212736,121,P2_outputs_path_100_to_150
2035,316114.7749256839,121,P2_outputs_path_100_to_150
2036,455365.1246185255,121,P2_outputs_path_100_to_150
2037,554134.2349631414,121,P2_outputs_path_100_to_150
2038,766775.5534431429,121,P2_outputs_path_100_to_150
2039,1084051.5166037944,121,P2_outputs_path_100_to_150
2040,1300082.9128983093,121,P2_outputs_path_100_to_150
2041,1381875.8469346392,121,P2_outputs_path_100_to_150
2042,1797824.2836446315,121,P2_outputs_path_100_to_150
2043,2511872.802750767,121,P2_outputs_path_100_to_150
2044,2180977.9695042386,121,P2_outputs_path_100_to_150
2045,2144370.481322308,121,P2_outputs_path_100_to_150
2046,2510238.101312173,121,P2_outputs_path_100_to_150
2047,3385529.0239591897,121,P2_outputs_path_100_to_150
2048,3586376.691156889,121,P2_outputs_path_100_to_150
2049,3593441.465268034,121,P2_outputs_path_100_to_150
2050,4115528.463920329,121,P2_outputs_path_100_to_150
2051,4000325.312778119,121,P2_outputs_path_100_to_150
2052,3940389.624001487,121,P2_outputs_path_100_to_150
2053,4547520.548921953,121,P2_outputs_path_100_to_150
2054,4604805.796958399,121,P2_outputs_path_100_to_150
2055,4432616.868793261,121,P2_outputs_path_100_to_150
2056,4549638.926854151,121,P2_outputs_path_100_to_150
2057,4758468.290213086,121,P2_outputs_path_100_to_150
2058,4675634.903839164,121,P2_outputs_path_100_to_150
2059,45343.11598229688,121,P2_outputs_path_100_to_150
2060,196434.77046074555,121,P2_outputs_path_100_to_150
2061,211311.3817165734,121,P2_outputs_path_100_to_150
2062,242030.61999759515,121,P2_outputs_path_100_to_150
2063,254411.2376067834,121,P2_outputs_path_100_to_150
2064,287270.0674049158,121,P2_outputs_path_100_to_150
2065,276626.4753288991,121,P2_outputs_path_100_to_150
2066,294233.9219445352,121,P2_outputs_path_100_to_150
2067,318653.29188133613,121,P2_outputs_path_100_to_150
2068,338241.4944404009,121,P2_outputs_path_100_to_150
2069,362273.8734218879,121,P2_outputs_path_100_to_150
2070,334336.42811786535,121,P2_outputs_path_100_to_150
2071,294809.98180177715,121,P2_outputs_path_100_to_150
2072,317827.8192395823,121,P2_outputs_path_100_to_150
2073,323244.5897105866,121,P2_outputs_path_100_to_150
2074,341768.81180757284,121,P2_outputs_path_100_to_150
2075,,121,P2_outputs_path_100_to_150
2025,225595.13167209653,122,P2_outputs_path_100_to_150
2026,360679.21273088665,122,P2_outputs_path_100_to_150
2027,533401.1070900683,122,P2_outputs_path_100_to_150
2028,724993.3333583664,122,P2_outputs_path_100_to_150
2029,810662.3016194819,122,P2_outputs_path_100_to_150
2030,969744.7865651269,122,P2_outputs_path_100_to_150
2031,1134508.599076179,122,P2_outputs_path_100_to_150
2032,1250985.0751732695,122,P2_outputs_path_100_to_150
2033,1426076.5221128028,122,P2_outputs_path_100_to_150
2034,765772.1358967343,122,P2_outputs_path_100_to_150
2035,976734.259108275,122,P2_outputs_path_100_to_150
2036,1482045.906546906,122,P2_outputs_path_100_to_150
2037,1567125.4068271322,122,P2_outputs_path_100_to_150
2038,1885128.2248158304,122,P2_outputs_path_100_to_150
2039,2133052.5374932485,122,P2_outputs_path_100_to_150
2040,2617326.8175305505,122,P2_outputs_path_100_to_150
2041,3070789.7134889388,122,P2_outputs_path_100_to_150
2042,3141934.70969654,122,P2_outputs_path_100_to_150
2043,3022256.417768735,122,P2_outputs_path_100_to_150
2044,3470165.2277604183,122,P2_outputs_path_100_to_150
2045,3872175.3766497103,122,P2_outputs_path_100_to_150
2046,4068108.770952228,122,P2_outputs_path_100_to_150
2047,4210637.633128248,122,P2_outputs_path_100_to_150
2048,4454759.178528423,122,P2_outputs_path_100_to_150
2049,4537037.384370085,122,P2_outputs_path_100_to_150
2050,4419501.312405121,122,P2_outputs_path_100_to_150
2051,4682371.502499262,122,P2_outputs_path_100_to_150
2052,4747044.829209419,122,P2_outputs_path_100_to_150
2053,4950251.84386667,122,P2_outputs_path_100_to_150
2054,5126911.055605288,122,P2_outputs_path_100_to_150
2055,5350302.37180157,122,P2_outputs_path_100_to_150
2056,5441700.639272244,122,P2_outputs_path_100_to_150
2057,5484694.586324875,122,P2_outputs_path_100_to_150
2058,5239271.337287196,122,P2_outputs_path_100_to_150
2059,1205233.5954716925,122,P2_outputs_path_100_to_150
2060,1310254.3765053167,122,P2_outputs_path_100_to_150
2061,1243370.7186085444,122,P2_outputs_path_100_to_150
2062,1238821.242043593,122,P2_outputs_path_100_to_150
2063,1143939.0047254623,122,P2_outputs_path_100_to_150
2064,1169830.1157429998,122,P2_outputs_path_100_to_150
2065,1278840.730606501,122,P2_outputs_path_100_to_150
2066,1172001.935936796,122,P2_outputs_path_100_to_150
2067,1161536.3382564068,122,P2_outputs_path_100_to_150
2068,1217040.1403234922,122,P2_outputs_path_100_to_150
2069,1152237.3975334456,122,P2_outputs_path_100_to_150
2070,1116406.981026685,122,P2_outputs_path_100_to_150
2071,1102497.7294206698,122,P2_outputs_path_100_to_150
2072,1014312.1558656162,122,P2_outputs_path_100_to_150
2073,1031180.268882989,122,P2_outputs_path_100_to_150
2074,1006291.4900684598,122,P2_outputs_path_100_to_150
2075,,122,P2_outputs_path_100_to_150
2025,182071.47072828564,123,P2_outputs_path_100_to_150
2026,267636.5052752792,123,P2_outputs_path_100_to_150
2027,388212.5116419133,123,P2_outputs_path_100_to_150
2028,551888.757783593,123,P2_outputs_path_100_to_150
2029,684224.5997590083,123,P2_outputs_path_100_to_150
2030,734019.0832696834,123,P2_outputs_path_100_to_150
2031,868162.611522139,123,P2_outputs_path_100_to_150
2032,948522.5487716134,123,P2_outputs_path_100_to_150
2033,1169590.2166204068,123,P2_outputs_path_100_to_150
2034,541238.7686103218,123,P2_outputs_path_100_to_150
2035,724767.2132313732,123,P2_outputs_path_100_to_150
2036,1077059.6970804457,123,P2_outputs_path_100_to_150
2037,1602982.8745527735,123,P2_outputs_path_100_to_150
2038,1640257.6358291258,123,P2_outputs_path_100_to_150
2039,1614205.0626527302,123,P2_outputs_path_100_to_150
2040,1720993.061990447,123,P2_outputs_path_100_to_150
2041,1967438.3923773728,123,P2_outputs_path_100_to_150
2042,2441108.285170753,123,P2_outputs_path_100_to_150
2043,2588662.0440114257,123,P2_outputs_path_100_to_150
2044,2554111.8637663834,123,P2_outputs_path_100_to_150
2045,2469735.880986994,123,P2_outputs_path_100_to_150
2046,3001366.387833229,123,P2_outputs_path_100_to_150
2047,3368235.751498955,123,P2_outputs_path_100_to_150
2048,3290194.968772525,123,P2_outputs_path_100_to_150
2049,4130218.034950799,123,P2_outputs_path_100_to_150
2050,3937109.022196316,123,P2_outputs_path_100_to_150
2051,4489607.412362315,123,P2_outputs_path_100_to_150
2052,4794922.434463512,123,P2_outputs_path_100_to_150
2053,4448408.234224241,123,P2_outputs_path_100_to_150
2054,4483853.168986602,123,P2_outputs_path_100_to_150
2055,4403566.646007064,123,P2_outputs_path_100_to_150
2056,4700000.305772996,123,P2_outputs_path_100_to_150
2057,4149896.5896934913,123,P2_outputs_path_100_to_150
2058,4122041.913994332,123,P2_outputs_path_100_to_150
2059,371871.4904376632,123,P2_outputs_path_100_to_150
2060,505038.8476215426,123,P2_outputs_path_100_to_150
2061,454038.2453727764,123,P2_outputs_path_100_to_150
2062,415553.4510070231,123,P2_outputs_path_100_to_150
2063,432673.9560163645,123,P2_outputs_path_100_to_150
2064,401189.5574015796,123,P2_outputs_path_100_to_150
2065,372059.5703914228,123,P2_outputs_path_100_to_150
2066,373993.9086199772,123,P2_outputs_path_100_to_150
2067,410808.5888246933,123,P2_outputs_path_100_to_150
2068,398308.89542893687,123,P2_outputs_path_100_to_150
2069,394110.6159169766,123,P2_outputs_path_100_to_150
2070,404609.18376906833,123,P2_outputs_path_100_to_150
2071,399762.9756883509,123,P2_outputs_path_100_to_150
2072,418873.95370846265,123,P2_outputs_path_100_to_150
2073,394280.9827269857,123,P2_outputs_path_100_to_150
2074,413301.4935560589,123,P2_outputs_path_100_to_150
2075,,123,P2_outputs_path_100_to_150
2025,223832.7860210613,124,P2_outputs_path_100_to_150
2026,296026.06425681326,124,P2_outputs_path_100_to_150
2027,421973.1441503067,124,P2_outputs_path_100_to_150
2028,479071.163568661,124,P2_outputs_path_100_to_150
2029,400604.7874847656,124,P2_outputs_path_100_to_150
2030,427719.5959747104,124,P2_outputs_path_100_to_150
2031,584233.251210659,124,P2_outputs_path_100_to_150
2032,821681.3734614648,124,P2_outputs_path_100_to_150
2033,921289.4624571842,124,P2_outputs_path_100_to_150
2034,328693.13476874377,124,P2_outputs_path_100_to_150
2035,679812.4333625968,124,P2_outputs_path_100_to_150
2036,994193.426726402,124,P2_outputs_path_100_to_150
2037,1210386.5266132862,124,P2_outputs_path_100_to_150
2038,1453486.5540123463,124,P2_outputs_path_100_to_150
2039,1482178.3117451011,124,P2_outputs_path_100_to_150
2040,1815934.8235850884,124,P2_outputs_path_100_to_150
2041,1962816.795677701,124,P2_outputs_path_100_to_150
2042,2205374.130633977,124,P2_outputs_path_100_to_150
2043,2214950.045164494,124,P2_outputs_path_100_to_150
2044,2810120.046905981,124,P2_outputs_path_100_to_150
2045,2922755.678255115,124,P2_outputs_path_100_to_150
2046,3621611.363292044,124,P2_outputs_path_100_to_150
2047,4091524.898002416,124,P2_outputs_path_100_to_150
2048,4172928.134743588,124,P2_outputs_path_100_to_150
2049,4142310.194428241,124,P2_outputs_path_100_to_150
2050,4811545.724286238,124,P2_outputs_path_100_to_150
2051,4864237.97496297,124,P2_outputs_path_100_to_150
2052,4859502.836493437,124,P2_outputs_path_100_to_150
2053,4686147.520833021,124,P2_outputs_path_100_to_150
2054,4592343.408711386,124,P2_outputs_path_100_to_150
2055,4915096.172879711,124,P2_outputs_path_100_to_150
2056,5092324.523204773,124,P2_outputs_path_100_to_150
2057,5044587.313816597,124,P2_outputs_path_100_to_150
2058,5118822.368177641,124,P2_outputs_path_100_to_150
2059,736991.7819193872,124,P2_outputs_path_100_to_150
2060,796494.2228683177,124,P2_outputs_path_100_to_150
2061,854822.5822262517,124,P2_outputs_path_100_to_150
2062,921218.9337125586,124,P2_outputs_path_100_to_150
2063,879077.0607021544,124,P2_outputs_path_100_to_150
2064,819055.9478845398,124,P2_outputs_path_100_to_150
2065,867653.1810026844,124,P2_outputs_path_100_to_150
2066,876306.4062390777,124,P2_outputs_path_100_to_150
2067,885336.5774927496,124,P2_outputs_path_100_to_150
2068,959406.7618205028,124,P2_outputs_path_100_to_150
2069,936187.174555418,124,P2_outputs_path_100_to_150
2070,874316.1800658003,124,P2_outputs_path_100_to_150
2071,878009.3753098362,124,P2_outputs_path_100_to_150
2072,898068.081740808,124,P2_outputs_path_100_to_150
2073,827147.373327909,124,P2_outputs_path_100_to_150
2074,838639.2053562477,124,P2_outputs_path_100_to_150
2075,,124,P2_outputs_path_100_to_150
2025,195227.7556774169,125,P2_outputs_path_100_to_150
2026,318137.9772277811,125,P2_outputs_path_100_to_150
2027,463974.79934167466,125,P2_outputs_path_100_to_150
2028,645978.4083893754,125,P2_outputs_path_100_to_150
2029,833899.9050727269,125,P2_outputs_path_100_to_150
2030,928201.1916949084,125,P2_outputs_path_100_to_150
2031,949551.387372964,125,P2_outputs_path_100_to_150
2032,1065198.0036253452,125,P2_outputs_path_100_to_150
2033,1205753.1706231495,125,P2_outputs_path_100_to_150
2034,559280.684417347,125,P2_outputs_path_100_to_150
2035,660446.1688795885,125,P2_outputs_path_100_to_150
2036,756986.9607031321,125,P2_outputs_path_100_to_150
2037,1128622.9155947356,125,P2_outputs_path_100_to_150
2038,1230275.7998605785,125,P2_outputs_path_100_to_150
2039,1860959.8923063125,125,P2_outputs_path_100_to_150
2040,1908303.5003934868,125,P2_outputs_path_100_to_150
2041,2183653.123476746,125,P2_outputs_path_100_to_150
2042,1957768.7140279585,125,P2_outputs_path_100_to_150
2043,2225916.3643481643,125,P2_outputs_path_100_to_150
2044,2389699.0915215565,125,P2_outputs_path_100_to_150
2045,2649973.5613068254,125,P2_outputs_path_100_to_150
2046,3141205.325143135,125,P2_outputs_path_100_to_150
2047,3236808.694224367,125,P2_outputs_path_100_to_150
2048,3627042.533213904,125,P2_outputs_path_100_to_150
2049,4953050.868537354,125,P2_outputs_path_100_to_150
2050,4673268.210128327,125,P2_outputs_path_100_to_150
2051,5024191.596348477,125,P2_outputs_path_100_to_150
2052,5001539.713730123,125,P2_outputs_path_100_to_150
2053,5233539.328846191,125,P2_outputs_path_100_to_150
2054,5084138.564117512,125,P2_outputs_path_100_to_150
2055,4975829.210115191,125,P2_outputs_path_100_to_150
2056,4696383.997437372,125,P2_outputs_path_100_to_150
2057,4738522.706237063,125,P2_outputs_path_100_to_150
2058,4586917.510082358,125,P2_outputs_path_100_to_150
2059,647304.0564762196,125,P2_outputs_path_100_to_150
2060,777663.818597153,125,P2_outputs_path_100_to_150
2061,791866.3604424589,125,P2_outputs_path_100_to_150
2062,830030.960663703,125,P2_outputs_path_100_to_150
2063,973717.8904545608,125,P2_outputs_path_100_to_150
2064,1077806.3041135916,125,P2_outputs_path_100_to_150
2065,1145415.750693189,125,P2_outputs_path_100_to_150
2066,1125769.092344367,125,P2_outputs_path_100_to_150
2067,1212278.4371187836,125,P2_outputs_path_100_to_150
2068,1433843.6325699142,125,P2_outputs_path_100_to_150
2069,1469723.4628961931,125,P2_outputs_path_100_to_150
2070,1512636.4127536218,125,P2_outputs_path_100_to_150
2071,1508282.0773558607,125,P2_outputs_path_100_to_150
2072,1382044.5233949423,125,P2_outputs_path_100_to_150
2073,1365316.6960447682,125,P2_outputs_path_100_to_150
2074,1454455.6081617847,125,P2_outputs_path_100_to_150
2075,,125,P2_outputs_path_100_to_150
2025,186633.3285031836,126,P2_outputs_path_100_to_150
2026,274451.14400811336,126,P2_outputs_path_100_to_150
2027,325521.06363104616,126,P2_outputs_path_100_to_150
2028,400397.98958438425,126,P2_outputs_path_100_to_150
2029,468954.3862280693,126,P2_outputs_path_100_to_150
2030,433206.0499156265,126,P2_outputs_path_100_to_150
2031,729620.311928353,126,P2_outputs_path_100_to_150
2032,811869.1903534186,126,P2_outputs_path_100_to_150
2033,868218.0698343872,126,P2_outputs_path_100_to_150
2034,286158.04986016674,126,P2_outputs_path_100_to_150
2035,461711.8806116339,126,P2_outputs_path_100_to_150
2036,628675.300490305,126,P2_outputs_path_100_to_150
2037,906327.1832740508,126,P2_outputs_path_100_to_150
2038,1100012.318832554,126,P2_outputs_path_100_to_150
2039,1022078.3700608084,126,P2_outputs_path_100_to_150
2040,1212044.6226665075,126,P2_outputs_path_100_to_150
2041,1191784.9893216866,126,P2_outputs_path_100_to_150
2042,1359515.1162241215,126,P2_outputs_path_100_to_150
2043,1305983.4963442967,126,P2_outputs_path_100_to_150
2044,1458412.01908864,126,P2_outputs_path_100_to_150
2045,1674482.6354333383,126,P2_outputs_path_100_to_150
2046,2300823.0425720112,126,P2_outputs_path_100_to_150
2047,2504173.0688179825,126,P2_outputs_path_100_to_150
2048,2663461.5111120376,126,P2_outputs_path_100_to_150
2049,3055694.474370981,126,P2_outputs_path_100_to_150
2050,3381485.695410131,126,P2_outputs_path_100_to_150
2051,2425057.565229917,126,P2_outputs_path_100_to_150
2052,3003296.2635034053,126,P2_outputs_path_100_to_150
2053,3296485.8612775523,126,P2_outputs_path_100_to_150
2054,3857847.612633244,126,P2_outputs_path_100_to_150
2055,4660365.147124177,126,P2_outputs_path_100_to_150
2056,4661714.693192106,126,P2_outputs_path_100_to_150
2057,4677564.989059466,126,P2_outputs_path_100_to_150
2058,4980506.785067587,126,P2_outputs_path_100_to_150
2059,572304.4032831797,126,P2_outputs_path_100_to_150
2060,762606.3942801527,126,P2_outputs_path_100_to_150
2061,776068.5593448028,126,P2_outputs_path_100_to_150
2062,832808.9532049746,126,P2_outputs_path_100_to_150
2063,865196.5716187488,126,P2_outputs_path_100_to_150
2064,845977.5032908223,126,P2_outputs_path_100_to_150
2065,798519.1946718441,126,P2_outputs_path_100_to_150
2066,723150.1919604166,126,P2_outputs_path_100_to_150
2067,721991.4618660499,126,P2_outputs_path_100_to_150
2068,697967.2001834139,126,P2_outputs_path_100_to_150
2069,720152.9604316723,126,P2_outputs_path_100_to_150
2070,772069.8107189657,126,P2_outputs_path_100_to_150
2071,774017.5660586169,126,P2_outputs_path_100_to_150
2072,823187.8710213976,126,P2_outputs_path_100_to_150
2073,862413.3430959033,126,P2_outputs_path_100_to_150
2074,810598.1627499948,126,P2_outputs_path_100_to_150
2075,,126,P2_outputs_path_100_to_150
2025,214667.1386318321,127,P2_outputs_path_100_to_150
2026,246279.70588703532,127,P2_outputs_path_100_to_150
2027,392639.10152248736,127,P2_outputs_path_100_to_150
2028,415995.54153538775,127,P2_outputs_path_100_to_150
2029,371254.47074873,127,P2_outputs_path_100_to_150
2030,510599.8908072676,127,P2_outputs_path_100_to_150
2031,609701.5363156188,127,P2_outputs_path_100_to_150
2032,805500.0559558644,127,P2_outputs_path_100_to_150
2033,828352.4072604405,127,P2_outputs_path_100_to_150
2034,289306.5281912914,127,P2_outputs_path_100_to_150
2035,377946.5310601243,127,P2_outputs_path_100_to_150
2036,521278.2004977095,127,P2_outputs_path_100_to_150
2037,713062.0013923014,127,P2_outputs_path_100_to_150
2038,855328.5850129277,127,P2_outputs_path_100_to_150
2039,1136496.3187205023,127,P2_outputs_path_100_to_150
2040,1231647.515863482,127,P2_outputs_path_100_to_150
2041,1509206.211646698,127,P2_outputs_path_100_to_150
2042,1629807.6497037692,127,P2_outputs_path_100_to_150
2043,1984368.9427427852,127,P2_outputs_path_100_to_150
2044,2316088.040977369,127,P2_outputs_path_100_to_150
2045,2395999.261792718,127,P2_outputs_path_100_to_150
2046,2751824.501347601,127,P2_outputs_path_100_to_150
2047,2367144.76181476,127,P2_outputs_path_100_to_150
2048,2982045.736514019,127,P2_outputs_path_100_to_150
2049,3384599.046295525,127,P2_outputs_path_100_to_150
2050,3695886.207676555,127,P2_outputs_path_100_to_150
2051,4212715.436016518,127,P2_outputs_path_100_to_150
2052,4326211.816363664,127,P2_outputs_path_100_to_150
2053,4971099.733689401,127,P2_outputs_path_100_to_150
2054,5134489.993875513,127,P2_outputs_path_100_to_150
2055,4846702.306800484,127,P2_outputs_path_100_to_150
2056,5226254.549430289,127,P2_outputs_path_100_to_150
2057,5211169.915709376,127,P2_outputs_path_100_to_150
2058,5448073.18643114,127,P2_outputs_path_100_to_150
2059,909992.3708719546,127,P2_outputs_path_100_to_150
2060,1099509.022855943,127,P2_outputs_path_100_to_150
2061,1034854.7487404142,127,P2_outputs_path_100_to_150
2062,1098398.023779974,127,P2_outputs_path_100_to_150
2063,1183916.6191189445,127,P2_outputs_path_100_to_150
2064,1143236.823964679,127,P2_outputs_path_100_to_150
2065,1072294.4699848366,127,P2_outputs_path_100_to_150
2066,1077834.828435137,127,P2_outputs_path_100_to_150
2067,1105737.0687763926,127,P2_outputs_path_100_to_150
2068,1139002.1662409166,127,P2_outputs_path_100_to_150
2069,1275225.2312678858,127,P2_outputs_path_100_to_150
2070,1314314.6029284736,127,P2_outputs_path_100_to_150
2071,1427638.6438072391,127,P2_outputs_path_100_to_150
2072,1489590.4281419464,127,P2_outputs_path_100_to_150
2073,1674039.445207153,127,P2_outputs_path_100_to_150
2074,1664426.124809284,127,P2_outputs_path_100_to_150
2075,,127,P2_outputs_path_100_to_150
2025,207904.1208395919,128,P2_outputs_path_100_to_150
2026,273629.6252644779,128,P2_outputs_path_100_to_150
2027,371579.8841201084,128,P2_outputs_path_100_to_150
2028,409664.72547110176,128,P2_outputs_path_100_to_150
2029,562625.120431959,128,P2_outputs_path_100_to_150
2030,578647.3123736704,128,P2_outputs_path_100_to_150
2031,719585.1790665045,128,P2_outputs_path_100_to_150
2032,813890.266141467,128,P2_outputs_path_100_to_150
2033,859519.3267967242,128,P2_outputs_path_100_to_150
2034,264976.17807178514,128,P2_outputs_path_100_to_150
2035,473684.79586960806,128,P2_outputs_path_100_to_150
2036,726390.8601048521,128,P2_outputs_path_100_to_150
2037,1042485.6593275896,128,P2_outputs_path_100_to_150
2038,1390321.43715875,128,P2_outputs_path_100_to_150
2039,1551963.3454130136,128,P2_outputs_path_100_to_150
2040,1579983.8134806382,128,P2_outputs_path_100_to_150
2041,1800505.5230580468,128,P2_outputs_path_100_to_150
2042,2131790.8793434566,128,P2_outputs_path_100_to_150
2043,2517031.9580196715,128,P2_outputs_path_100_to_150
2044,2829530.802364989,128,P2_outputs_path_100_to_150
2045,3499988.136913497,128,P2_outputs_path_100_to_150
2046,3082049.7431941954,128,P2_outputs_path_100_to_150
2047,3317728.2704647765,128,P2_outputs_path_100_to_150
2048,3373593.397988277,128,P2_outputs_path_100_to_150
2049,3578233.421551359,128,P2_outputs_path_100_to_150
2050,3889520.597231652,128,P2_outputs_path_100_to_150
2051,4154357.667141024,128,P2_outputs_path_100_to_150
2052,4286944.163337134,128,P2_outputs_path_100_to_150
2053,4036285.480767181,128,P2_outputs_path_100_to_150
2054,3827221.444168425,128,P2_outputs_path_100_to_150
2055,4230899.989239337,128,P2_outputs_path_100_to_150
2056,4151251.720699766,128,P2_outputs_path_100_to_150
2057,3868115.061579447,128,P2_outputs_path_100_to_150
2058,3914110.0341422576,128,P2_outputs_path_100_to_150
2059,204571.1714027673,128,P2_outputs_path_100_to_150
2060,338300.2350521599,128,P2_outputs_path_100_to_150
2061,388783.4476149872,128,P2_outputs_path_100_to_150
2062,416229.0187660551,128,P2_outputs_path_100_to_150
2063,406049.2860292925,128,P2_outputs_path_100_to_150
2064,415551.5198979068,128,P2_outputs_path_100_to_150
2065,404794.9972895798,128,P2_outputs_path_100_to_150
2066,407642.674449105,128,P2_outputs_path_100_to_150
2067,392452.60900478886,128,P2_outputs_path_100_to_150
2068,401740.4341401268,128,P2_outputs_path_100_to_150
2069,451150.0714167455,128,P2_outputs_path_100_to_150
2070,412740.87826145,128,P2_outputs_path_100_to_150
2071,389053.00592503295,128,P2_outputs_path_100_to_150
2072,377177.7561307666,128,P2_outputs_path_100_to_150
2073,328365.49883603875,128,P2_outputs_path_100_to_150
2074,361981.62858006806,128,P2_outputs_path_100_to_150
2075,,128,P2_outputs_path_100_to_150
2025,203727.8507945717,129,P2_outputs_path_100_to_150
2026,258032.2377134805,129,P2_outputs_path_100_to_150
2027,309365.6010730781,129,P2_outputs_path_100_to_150
2028,312184.2350571623,129,P2_outputs_path_100_to_150
2029,321750.1683257492,129,P2_outputs_path_100_to_150
2030,321590.3086057554,129,P2_outputs_path_100_to_150
2031,445416.1584452676,129,P2_outputs_path_100_to_150
2032,570022.0586695336,129,P2_outputs_path_100_to_150
2033,709254.3812602641,129,P2_outputs_path_100_to_150
2034,87474.66394239501,129,P2_outputs_path_100_to_150
2035,177603.36429155432,129,P2_outputs_path_100_to_150
2036,296851.3546297852,129,P2_outputs_path_100_to_150
2037,437729.7874987143,129,P2_outputs_path_100_to_150
2038,504289.4654352949,129,P2_outputs_path_100_to_150
2039,624513.1753056755,129,P2_outputs_path_100_to_150
2040,775593.3658131137,129,P2_outputs_path_100_to_150
2041,922834.8973561794,129,P2_outputs_path_100_to_150
2042,1009349.7244225654,129,P2_outputs_path_100_to_150
2043,1371893.40309207,129,P2_outputs_path_100_to_150
2044,1459741.2572508894,129,P2_outputs_path_100_to_150
2045,1790472.0491561918,129,P2_outputs_path_100_to_150
2046,2059187.964690737,129,P2_outputs_path_100_to_150
2047,1604489.4474571275,129,P2_outputs_path_100_to_150
2048,1804983.788284518,129,P2_outputs_path_100_to_150
2049,1980203.2555152592,129,P2_outputs_path_100_to_150
2050,2752619.546958268,129,P2_outputs_path_100_to_150
2051,3390024.377182636,129,P2_outputs_path_100_to_150
2052,3367354.1207669573,129,P2_outputs_path_100_to_150
2053,3676021.6948764655,129,P2_outputs_path_100_to_150
2054,3723248.340909109,129,P2_outputs_path_100_to_150
2055,4185098.004376162,129,P2_outputs_path_100_to_150
2056,4541651.909469469,129,P2_outputs_path_100_to_150
2057,4377274.249407813,129,P2_outputs_path_100_to_150
2058,4375197.642053177,129,P2_outputs_path_100_to_150
2059,0.0,129,P2_outputs_path_100_to_150
2060,149958.36195617114,129,P2_outputs_path_100_to_150
2061,150336.4556968811,129,P2_outputs_path_100_to_150
2062,167535.88012499624,129,P2_outputs_path_100_to_150
2063,167385.73444691434,129,P2_outputs_path_100_to_150
2064,177387.75587957638,129,P2_outputs_path_100_to_150
2065,177062.62301401183,129,P2_outputs_path_100_to_150
2066,219480.2990540444,129,P2_outputs_path_100_to_150
2067,220180.7260212214,129,P2_outputs_path_100_to_150
2068,230727.1394245425,129,P2_outputs_path_100_to_150
2069,232704.6074871008,129,P2_outputs_path_100_to_150
2070,239110.0500473057,129,P2_outputs_path_100_to_150
2071,221978.17121077943,129,P2_outputs_path_100_to_150
2072,243786.20288182452,129,P2_outputs_path_100_to_150
2073,285450.80115160305,129,P2_outputs_path_100_to_150
2074,281821.0724550718,129,P2_outputs_path_100_to_150
2075,,129,P2_outputs_path_100_to_150
2025,223737.88343993208,130,P2_outputs_path_100_to_150
2026,334173.96548331203,130,P2_outputs_path_100_to_150
2027,395346.4494507791,130,P2_outputs_path_100_to_150
2028,478739.152627575,130,P2_outputs_path_100_to_150
2029,421522.752447624,130,P2_outputs_path_100_to_150
2030,700068.5616402848,130,P2_outputs_path_100_to_150
2031,778765.3557322762,130,P2_outputs_path_100_to_150
2032,819735.8278862324,130,P2_outputs_path_100_to_150
2033,906265.5137891604,130,P2_outputs_path_100_to_150
2034,269156.00913741696,130,P2_outputs_path_100_to_150
2035,398829.6808184831,130,P2_outputs_path_100_to_150
2036,570370.4865839714,130,P2_outputs_path_100_to_150
2037,762493.7618673083,130,P2_outputs_path_100_to_150
2038,786319.2396664253,130,P2_outputs_path_100_to_150
2039,897786.9025206533,130,P2_outputs_path_100_to_150
2040,1141055.2961124997,130,P2_outputs_path_100_to_150
2041,1765812.0027279756,130,P2_outputs_path_100_to_150
2042,1900937.7268829928,130,P2_outputs_path_100_to_150
2043,2530045.0292296465,130,P2_outputs_path_100_to_150
2044,2752631.4106941894,130,P2_outputs_path_100_to_150
2045,2946745.3641347163,130,P2_outputs_path_100_to_150
2046,3711368.3267735736,130,P2_outputs_path_100_to_150
2047,3981926.462913958,130,P2_outputs_path_100_to_150
2048,3812494.231964619,130,P2_outputs_path_100_to_150
2049,3549996.586371354,130,P2_outputs_path_100_to_150
2050,4222822.82969693,130,P2_outputs_path_100_to_150
2051,3926418.253980682,130,P2_outputs_path_100_to_150
2052,3453243.6232917826,130,P2_outputs_path_100_to_150
2053,3773807.113447996,130,P2_outputs_path_100_to_150
2054,4224761.5818954585,130,P2_outputs_path_100_to_150
2055,4005687.690014228,130,P2_outputs_path_100_to_150
2056,5264159.18980186,130,P2_outputs_path_100_to_150
2057,5281839.898538648,130,P2_outputs_path_100_to_150
2058,5188400.895592546,130,P2_outputs_path_100_to_150
2059,1138024.2447472848,130,P2_outputs_path_100_to_150
2060,1254941.2468689517,130,P2_outputs_path_100_to_150
2061,1305193.5504128097,130,P2_outputs_path_100_to_150
2062,1402168.4909681857,130,P2_outputs_path_100_to_150
2063,1422191.358809845,130,P2_outputs_path_100_to_150
2064,1450260.601685934,130,P2_outputs_path_100_to_150
2065,1411550.146686148,130,P2_outputs_path_100_to_150
2066,1447020.2470074566,130,P2_outputs_path_100_to_150
2067,1395315.912432335,130,P2_outputs_path_100_to_150
2068,1389321.9710951585,130,P2_outputs_path_100_to_150
2069,1312247.5427303552,130,P2_outputs_path_100_to_150
2070,1198464.8244382455,130,P2_outputs_path_100_to_150
2071,1251189.4101938717,130,P2_outputs_path_100_to_150
2072,1284392.7962852616,130,P2_outputs_path_100_to_150
2073,1281370.833947691,130,P2_outputs_path_100_to_150
2074,1158162.5136414724,130,P2_outputs_path_100_to_150
2075,,130,P2_outputs_path_100_to_150
2025,181918.6720404404,131,P2_outputs_path_100_to_150
2026,269442.59542607,131,P2_outputs_path_100_to_150
2027,344202.28109364933,131,P2_outputs_path_100_to_150
2028,489999.88617072185,131,P2_outputs_path_100_to_150
2029,475406.6872198812,131,P2_outputs_path_100_to_150
2030,534528.0019711336,131,P2_outputs_path_100_to_150
2031,805679.8140718095,131,P2_outputs_path_100_to_150
2032,966432.9795337832,131,P2_outputs_path_100_to_150
2033,1060599.425471139,131,P2_outputs_path_100_to_150
2034,551037.0652548268,131,P2_outputs_path_100_to_150
2035,744272.0340755513,131,P2_outputs_path_100_to_150
2036,1024841.4795214224,131,P2_outputs_path_100_to_150
2037,1450421.9409122248,131,P2_outputs_path_100_to_150
2038,1791062.0037772683,131,P2_outputs_path_100_to_150
2039,2055628.7272791571,131,P2_outputs_path_100_to_150
2040,2402264.0777099016,131,P2_outputs_path_100_to_150
2041,2483117.673662116,131,P2_outputs_path_100_to_150
2042,2063759.828567852,131,P2_outputs_path_100_to_150
2043,2773301.428260838,131,P2_outputs_path_100_to_150
2044,2343663.0203394927,131,P2_outputs_path_100_to_150
2045,2411194.961817157,131,P2_outputs_path_100_to_150
2046,2533034.994057936,131,P2_outputs_path_100_to_150
2047,2861671.6206827653,131,P2_outputs_path_100_to_150
2048,2736095.0529815843,131,P2_outputs_path_100_to_150
2049,2581653.674413437,131,P2_outputs_path_100_to_150
2050,2319911.327961501,131,P2_outputs_path_100_to_150
2051,1979646.7307954363,131,P2_outputs_path_100_to_150
2052,2221872.5247988687,131,P2_outputs_path_100_to_150
2053,2130240.877170422,131,P2_outputs_path_100_to_150
2054,2175127.3695912315,131,P2_outputs_path_100_to_150
2055,2579697.4013318475,131,P2_outputs_path_100_to_150
2056,2406501.532727012,131,P2_outputs_path_100_to_150
2057,2858758.893664619,131,P2_outputs_path_100_to_150
2058,3180216.210147197,131,P2_outputs_path_100_to_150
2059,0.0,131,P2_outputs_path_100_to_150
2060,166203.2087971977,131,P2_outputs_path_100_to_150
2061,170864.61446318723,131,P2_outputs_path_100_to_150
2062,163720.31965835922,131,P2_outputs_path_100_to_150
2063,170863.35064249462,131,P2_outputs_path_100_to_150
2064,195297.9380557292,131,P2_outputs_path_100_to_150
2065,194205.29036133076,131,P2_outputs_path_100_to_150
2066,196622.10656020773,131,P2_outputs_path_100_to_150
2067,185773.8471233928,131,P2_outputs_path_100_to_150
2068,180413.98548013304,131,P2_outputs_path_100_to_150
2069,180209.75857653757,131,P2_outputs_path_100_to_150
2070,184253.317937351,131,P2_outputs_path_100_to_150
2071,195237.97420485065,131,P2_outputs_path_100_to_150
2072,177332.46830214036,131,P2_outputs_path_100_to_150
2073,169820.71212934586,131,P2_outputs_path_100_to_150
2074,181509.4682657043,131,P2_outputs_path_100_to_150
2075,,131,P2_outputs_path_100_to_150
2025,187314.3456772578,132,P2_outputs_path_100_to_150
2026,286161.9066309081,132,P2_outputs_path_100_to_150
2027,329919.161264026,132,P2_outputs_path_100_to_150
2028,459415.5547697941,132,P2_outputs_path_100_to_150
2029,548591.3691721426,132,P2_outputs_path_100_to_150
2030,767404.0914235295,132,P2_outputs_path_100_to_150
2031,839088.9199953265,132,P2_outputs_path_100_to_150
2032,911612.0323788417,132,P2_outputs_path_100_to_150
2033,1051756.0015824256,132,P2_outputs_path_100_to_150
2034,434114.2777704105,132,P2_outputs_path_100_to_150
2035,592028.0559425349,132,P2_outputs_path_100_to_150
2036,728887.8509741272,132,P2_outputs_path_100_to_150
2037,891028.4165865298,132,P2_outputs_path_100_to_150
2038,1104225.3305771614,132,P2_outputs_path_100_to_150
2039,1365072.169705884,132,P2_outputs_path_100_to_150
2040,1036854.05441994,132,P2_outputs_path_100_to_150
2041,1159689.5272521186,132,P2_outputs_path_100_to_150
2042,1299871.0521177724,132,P2_outputs_path_100_to_150
2043,1690781.5762881376,132,P2_outputs_path_100_to_150
2044,1871876.6477493849,132,P2_outputs_path_100_to_150
2045,1930233.292952063,132,P2_outputs_path_100_to_150
2046,2033976.929639001,132,P2_outputs_path_100_to_150
2047,2023866.554655972,132,P2_outputs_path_100_to_150
2048,2203973.001387404,132,P2_outputs_path_100_to_150
2049,2404561.473764044,132,P2_outputs_path_100_to_150
2050,2717536.9345708727,132,P2_outputs_path_100_to_150
2051,3113441.7858362626,132,P2_outputs_path_100_to_150
2052,3324570.085256198,132,P2_outputs_path_100_to_150
2053,3872113.781290568,132,P2_outputs_path_100_to_150
2054,3893196.315210164,132,P2_outputs_path_100_to_150
2055,4507307.319531294,132,P2_outputs_path_100_to_150
2056,4558263.732377682,132,P2_outputs_path_100_to_150
2057,4717465.330827965,132,P2_outputs_path_100_to_150
2058,4586611.103542273,132,P2_outputs_path_100_to_150
2059,478078.1511792252,132,P2_outputs_path_100_to_150
2060,586388.926482616,132,P2_outputs_path_100_to_150
2061,644456.6286546453,132,P2_outputs_path_100_to_150
2062,629447.195998346,132,P2_outputs_path_100_to_150
2063,621981.3966143259,132,P2_outputs_path_100_to_150
2064,567685.6261329732,132,P2_outputs_path_100_to_150
2065,621758.345311915,132,P2_outputs_path_100_to_150
2066,703368.7849406742,132,P2_outputs_path_100_to_150
2067,720198.9762023243,132,P2_outputs_path_100_to_150
2068,729732.0304394478,132,P2_outputs_path_100_to_150
2069,775450.6890740874,132,P2_outputs_path_100_to_150
2070,746544.5610673213,132,P2_outputs_path_100_to_150
2071,797069.5422995429,132,P2_outputs_path_100_to_150
2072,797402.3606591396,132,P2_outputs_path_100_to_150
2073,776140.6809302192,132,P2_outputs_path_100_to_150
2074,763743.2848297714,132,P2_outputs_path_100_to_150
2075,,132,P2_outputs_path_100_to_150
2025,213169.87347184203,133,P2_outputs_path_100_to_150
2026,346874.4192244462,133,P2_outputs_path_100_to_150
2027,356510.0129392585,133,P2_outputs_path_100_to_150
2028,583461.6862696104,133,P2_outputs_path_100_to_150
2029,463876.815566688,133,P2_outputs_path_100_to_150
2030,496802.0534553868,133,P2_outputs_path_100_to_150
2031,613717.5823362224,133,P2_outputs_path_100_to_150
2032,587922.9810674042,133,P2_outputs_path_100_to_150
2033,715651.1341918076,133,P2_outputs_path_100_to_150
2034,121288.51361322844,133,P2_outputs_path_100_to_150
2035,212480.34182518453,133,P2_outputs_path_100_to_150
2036,337692.7569380186,133,P2_outputs_path_100_to_150
2037,370418.3670951524,133,P2_outputs_path_100_to_150
2038,545650.3625394991,133,P2_outputs_path_100_to_150
2039,571904.1072123437,133,P2_outputs_path_100_to_150
2040,943499.4299811876,133,P2_outputs_path_100_to_150
2041,1182193.1439697684,133,P2_outputs_path_100_to_150
2042,1815324.997751128,133,P2_outputs_path_100_to_150
2043,1884939.278547501,133,P2_outputs_path_100_to_150
2044,2441100.7163387667,133,P2_outputs_path_100_to_150
2045,2706573.6813083016,133,P2_outputs_path_100_to_150
2046,2949463.524433606,133,P2_outputs_path_100_to_150
2047,2931569.1585455467,133,P2_outputs_path_100_to_150
2048,2345854.4493532865,133,P2_outputs_path_100_to_150
2049,2718373.923707816,133,P2_outputs_path_100_to_150
2050,3262555.8138794885,133,P2_outputs_path_100_to_150
2051,3501489.3283580462,133,P2_outputs_path_100_to_150
2052,3513389.327895115,133,P2_outputs_path_100_to_150
2053,3951960.2669574185,133,P2_outputs_path_100_to_150
2054,4795492.05821575,133,P2_outputs_path_100_to_150
2055,4597110.428351644,133,P2_outputs_path_100_to_150
2056,4624034.838783859,133,P2_outputs_path_100_to_150
2057,4729801.821680248,133,P2_outputs_path_100_to_150
2058,4940394.396825933,133,P2_outputs_path_100_to_150
2059,702546.9830557946,133,P2_outputs_path_100_to_150
2060,829900.6549958613,133,P2_outputs_path_100_to_150
2061,818804.3581571074,133,P2_outputs_path_100_to_150
2062,747832.022262919,133,P2_outputs_path_100_to_150
2063,784009.688331736,133,P2_outputs_path_100_to_150
2064,774242.4630192572,133,P2_outputs_path_100_to_150
2065,823677.9967723594,133,P2_outputs_path_100_to_150
2066,793251.7036455704,133,P2_outputs_path_100_to_150
2067,860790.8910016252,133,P2_outputs_path_100_to_150
2068,842794.3471489919,133,P2_outputs_path_100_to_150
2069,848350.840071037,133,P2_outputs_path_100_to_150
2070,839495.3991328734,133,P2_outputs_path_100_to_150
2071,875918.9675737005,133,P2_outputs_path_100_to_150
2072,905251.2938905152,133,P2_outputs_path_100_to_150
2073,851926.5644643065,133,P2_outputs_path_100_to_150
2074,753750.5937008411,133,P2_outputs_path_100_to_150
2075,,133,P2_outputs_path_100_to_150
2025,172593.29002738965,134,P2_outputs_path_100_to_150
2026,245522.722862934,134,P2_outputs_path_100_to_150
2027,303824.631750588,134,P2_outputs_path_100_to_150
2028,422975.01806713606,134,P2_outputs_path_100_to_150
2029,389906.9570738265,134,P2_outputs_path_100_to_150
2030,541396.671332934,134,P2_outputs_path_100_to_150
2031,725620.9386983166,134,P2_outputs_path_100_to_150
2032,863594.4800354344,134,P2_outputs_path_100_to_150
2033,924556.3103189856,134,P2_outputs_path_100_to_150
2034,420012.7848116132,134,P2_outputs_path_100_to_150
2035,504063.1390409366,134,P2_outputs_path_100_to_150
2036,587947.5621018106,134,P2_outputs_path_100_to_150
2037,545437.6120937936,134,P2_outputs_path_100_to_150
2038,562943.1513678713,134,P2_outputs_path_100_to_150
2039,696618.9953068005,134,P2_outputs_path_100_to_150
2040,721113.6722594312,134,P2_outputs_path_100_to_150
2041,657308.7106949377,134,P2_outputs_path_100_to_150
2042,799147.8332561896,134,P2_outputs_path_100_to_150
2043,873770.2314140258,134,P2_outputs_path_100_to_150
2044,857616.4445217879,134,P2_outputs_path_100_to_150
2045,1092564.0541931265,134,P2_outputs_path_100_to_150
2046,1321172.9841961928,134,P2_outputs_path_100_to_150
2047,1250657.0822031808,134,P2_outputs_path_100_to_150
2048,1661988.4648106026,134,P2_outputs_path_100_to_150
2049,1507874.3212232776,134,P2_outputs_path_100_to_150
2050,1910801.0086609933,134,P2_outputs_path_100_to_150
2051,2139215.955664111,134,P2_outputs_path_100_to_150
2052,1941698.6318251204,134,P2_outputs_path_100_to_150
2053,2150054.406388692,134,P2_outputs_path_100_to_150
2054,2260686.8638664708,134,P2_outputs_path_100_to_150
2055,1993242.0012027144,134,P2_outputs_path_100_to_150
2056,1743154.197078444,134,P2_outputs_path_100_to_150
2057,1829507.5466850295,134,P2_outputs_path_100_to_150
2058,2011419.2898954125,134,P2_outputs_path_100_to_150
2059,0.0,134,P2_outputs_path_100_to_150
2060,154688.84352725366,134,P2_outputs_path_100_to_150
2061,139912.90877859667,134,P2_outputs_path_100_to_150
2062,146025.05326065153,134,P2_outputs_path_100_to_150
2063,135361.97048641124,134,P2_outputs_path_100_to_150
2064,128494.69715125828,134,P2_outputs_path_100_to_150
2065,115755.33243594118,134,P2_outputs_path_100_to_150
2066,115342.95055585029,134,P2_outputs_path_100_to_150
2067,123264.32893710556,134,P2_outputs_path_100_to_150
2068,125501.62008281576,134,P2_outputs_path_100_to_150
2069,143468.1496934433,134,P2_outputs_path_100_to_150
2070,143592.52997994074,134,P2_outputs_path_100_to_150
2071,153855.1675475287,134,P2_outputs_path_100_to_150
2072,149420.96602725948,134,P2_outputs_path_100_to_150
2073,148991.25401660684,134,P2_outputs_path_100_to_150
2074,141437.86156417866,134,P2_outputs_path_100_to_150
2075,,134,P2_outputs_path_100_to_150
2025,194080.3543183211,135,P2_outputs_path_100_to_150
2026,285970.11923375184,135,P2_outputs_path_100_to_150
2027,431626.13372942735,135,P2_outputs_path_100_to_150
2028,425164.1943930385,135,P2_outputs_path_100_to_150
2029,437547.9275615219,135,P2_outputs_path_100_to_150
2030,598926.9616970632,135,P2_outputs_path_100_to_150
2031,660426.9457990322,135,P2_outputs_path_100_to_150
2032,732490.9221940908,135,P2_outputs_path_100_to_150
2033,799156.5578032167,135,P2_outputs_path_100_to_150
2034,189210.76704680317,135,P2_outputs_path_100_to_150
2035,323108.8834924781,135,P2_outputs_path_100_to_150
2036,342019.48262618115,135,P2_outputs_path_100_to_150
2037,443483.5731117886,135,P2_outputs_path_100_to_150
2038,663171.3608198062,135,P2_outputs_path_100_to_150
2039,705053.8671331606,135,P2_outputs_path_100_to_150
2040,843260.6358100189,135,P2_outputs_path_100_to_150
2041,1035652.0720675462,135,P2_outputs_path_100_to_150
2042,1509948.6578188527,135,P2_outputs_path_100_to_150
2043,1740524.9582852102,135,P2_outputs_path_100_to_150
2044,1611239.117019219,135,P2_outputs_path_100_to_150
2045,2127425.564223047,135,P2_outputs_path_100_to_150
2046,2605409.0291568222,135,P2_outputs_path_100_to_150
2047,2370344.7038175515,135,P2_outputs_path_100_to_150
2048,3240867.834398012,135,P2_outputs_path_100_to_150
2049,2831606.7337992243,135,P2_outputs_path_100_to_150
2050,3360884.3004563446,135,P2_outputs_path_100_to_150
2051,3692864.060267199,135,P2_outputs_path_100_to_150
2052,3647653.1385600097,135,P2_outputs_path_100_to_150
2053,4158809.182202832,135,P2_outputs_path_100_to_150
2054,4241152.752836766,135,P2_outputs_path_100_to_150
2055,3930335.15627971,135,P2_outputs_path_100_to_150
2056,4791603.058251174,135,P2_outputs_path_100_to_150
2057,4640808.080789811,135,P2_outputs_path_100_to_150
2058,4754728.729967298,135,P2_outputs_path_100_to_150
2059,711539.520165585,135,P2_outputs_path_100_to_150
2060,893818.7626187555,135,P2_outputs_path_100_to_150
2061,930630.0243752326,135,P2_outputs_path_100_to_150
2062,925248.452782804,135,P2_outputs_path_100_to_150
2063,824606.8737563128,135,P2_outputs_path_100_to_150
2064,829499.7619238035,135,P2_outputs_path_100_to_150
2065,856722.9337815389,135,P2_outputs_path_100_to_150
2066,854030.8737040467,135,P2_outputs_path_100_to_150
2067,876055.6143671909,135,P2_outputs_path_100_to_150
2068,876267.8287379725,135,P2_outputs_path_100_to_150
2069,872409.6141981852,135,P2_outputs_path_100_to_150
2070,872969.8500275254,135,P2_outputs_path_100_to_150
2071,855778.0462598241,135,P2_outputs_path_100_to_150
2072,911919.7554036154,135,P2_outputs_path_100_to_150
2073,988985.9407189388,135,P2_outputs_path_100_to_150
2074,985649.1099306344,135,P2_outputs_path_100_to_150
2075,,135,P2_outputs_path_100_to_150
2025,177797.0546542384,136,P2_outputs_path_100_to_150
2026,263716.8887757434,136,P2_outputs_path_100_to_150
2027,519284.8115952143,136,P2_outputs_path_100_to_150
2028,735043.557562924,136,P2_outputs_path_100_to_150
2029,550301.7688683592,136,P2_outputs_path_100_to_150
2030,645889.8087285614,136,P2_outputs_path_100_to_150
2031,732606.979294926,136,P2_outputs_path_100_to_150
2032,835183.4943424286,136,P2_outputs_path_100_to_150
2033,902978.4173874157,136,P2_outputs_path_100_to_150
2034,280278.9332484512,136,P2_outputs_path_100_to_150
2035,472282.17585636704,136,P2_outputs_path_100_to_150
2036,636143.7933446801,136,P2_outputs_path_100_to_150
2037,890123.3847829261,136,P2_outputs_path_100_to_150
2038,1248343.1205200774,136,P2_outputs_path_100_to_150
2039,1282485.401138146,136,P2_outputs_path_100_to_150
2040,1425817.1277191588,136,P2_outputs_path_100_to_150
2041,1914977.520959652,136,P2_outputs_path_100_to_150
2042,2137985.9692538786,136,P2_outputs_path_100_to_150
2043,2103178.2637340627,136,P2_outputs_path_100_to_150
2044,2041940.4213119769,136,P2_outputs_path_100_to_150
2045,2147650.643824744,136,P2_outputs_path_100_to_150
2046,2870139.080509532,136,P2_outputs_path_100_to_150
2047,3018575.894860816,136,P2_outputs_path_100_to_150
2048,2515897.577124454,136,P2_outputs_path_100_to_150
2049,2738186.4587649447,136,P2_outputs_path_100_to_150
2050,2894325.069257188,136,P2_outputs_path_100_to_150
2051,2326532.6778163626,136,P2_outputs_path_100_to_150
2052,2993567.9137150995,136,P2_outputs_path_100_to_150
2053,4355194.862576203,136,P2_outputs_path_100_to_150
2054,4329677.38322838,136,P2_outputs_path_100_to_150
2055,4114374.138820072,136,P2_outputs_path_100_to_150
2056,4237010.31907123,136,P2_outputs_path_100_to_150
2057,4370770.125298517,136,P2_outputs_path_100_to_150
2058,4445547.875392623,136,P2_outputs_path_100_to_150
2059,125074.49363691268,136,P2_outputs_path_100_to_150
2060,259628.0067223957,136,P2_outputs_path_100_to_150
2061,284816.5141253534,136,P2_outputs_path_100_to_150
2062,266843.0737175353,136,P2_outputs_path_100_to_150
2063,250400.44336472556,136,P2_outputs_path_100_to_150
2064,251860.584359076,136,P2_outputs_path_100_to_150
2065,241583.9909160777,136,P2_outputs_path_100_to_150
2066,243468.24341452125,136,P2_outputs_path_100_to_150
2067,253428.77203688264,136,P2_outputs_path_100_to_150
2068,266110.0401136933,136,P2_outputs_path_100_to_150
2069,263330.34787410026,136,P2_outputs_path_100_to_150
2070,277335.0637020992,136,P2_outputs_path_100_to_150
2071,284368.0933264844,136,P2_outputs_path_100_to_150
2072,280798.169149241,136,P2_outputs_path_100_to_150
2073,268871.7051659512,136,P2_outputs_path_100_to_150
2074,270611.2800349408,136,P2_outputs_path_100_to_150
2075,,136,P2_outputs_path_100_to_150
2025,199449.071184354,137,P2_outputs_path_100_to_150
2026,298520.93904355995,137,P2_outputs_path_100_to_150
2027,362436.516603427,137,P2_outputs_path_100_to_150
2028,581444.986013856,137,P2_outputs_path_100_to_150
2029,621188.5466103338,137,P2_outputs_path_100_to_150
2030,771513.6035932191,137,P2_outputs_path_100_to_150
2031,910442.3971657444,137,P2_outputs_path_100_to_150
2032,1000700.528391678,137,P2_outputs_path_100_to_150
2033,1126129.0174151284,137,P2_outputs_path_100_to_150
2034,529310.1670002602,137,P2_outputs_path_100_to_150
2035,611177.2123746878,137,P2_outputs_path_100_to_150
2036,723759.299153565,137,P2_outputs_path_100_to_150
2037,981465.7764567826,137,P2_outputs_path_100_to_150
2038,979462.2079895856,137,P2_outputs_path_100_to_150
2039,865834.0855146801,137,P2_outputs_path_100_to_150
2040,1071867.7398830452,137,P2_outputs_path_100_to_150
2041,1216619.0679801854,137,P2_outputs_path_100_to_150
2042,1488650.7613952132,137,P2_outputs_path_100_to_150
2043,1689690.8398257997,137,P2_outputs_path_100_to_150
2044,1964447.0207708168,137,P2_outputs_path_100_to_150
2045,2474433.448517813,137,P2_outputs_path_100_to_150
2046,2728914.1676353104,137,P2_outputs_path_100_to_150
2047,2633485.5501980484,137,P2_outputs_path_100_to_150
2048,2955623.191678359,137,P2_outputs_path_100_to_150
2049,2836880.5207774825,137,P2_outputs_path_100_to_150
2050,2605843.0013147336,137,P2_outputs_path_100_to_150
2051,2843491.3289780165,137,P2_outputs_path_100_to_150
2052,3278684.0846927813,137,P2_outputs_path_100_to_150
2053,2751272.1625929866,137,P2_outputs_path_100_to_150
2054,2742946.6829430754,137,P2_outputs_path_100_to_150
2055,3059769.7206096333,137,P2_outputs_path_100_to_150
2056,3223568.531386932,137,P2_outputs_path_100_to_150
2057,4075831.9492469975,137,P2_outputs_path_100_to_150
2058,3534280.633945921,137,P2_outputs_path_100_to_150
2059,0.0,137,P2_outputs_path_100_to_150
2060,163752.08593832224,137,P2_outputs_path_100_to_150
2061,145427.45932602818,137,P2_outputs_path_100_to_150
2062,131687.9242308755,137,P2_outputs_path_100_to_150
2063,132417.9006188698,137,P2_outputs_path_100_to_150
2064,146413.60812158693,137,P2_outputs_path_100_to_150
2065,151880.3275327753,137,P2_outputs_path_100_to_150
2066,163969.46900091245,137,P2_outputs_path_100_to_150
2067,170819.23279613606,137,P2_outputs_path_100_to_150
2068,175706.37814128702,137,P2_outputs_path_100_to_150
2069,180513.817640518,137,P2_outputs_path_100_to_150
2070,189451.4028299458,137,P2_outputs_path_100_to_150
2071,183835.6044421077,137,P2_outputs_path_100_to_150
2072,185244.33574993236,137,P2_outputs_path_100_to_150
2073,198386.6390701357,137,P2_outputs_path_100_to_150
2074,201542.1649468397,137,P2_outputs_path_100_to_150
2075,,137,P2_outputs_path_100_to_150
2025,262261.3801301611,138,P2_outputs_path_100_to_150
2026,392728.8966244324,138,P2_outputs_path_100_to_150
2027,416572.1590688128,138,P2_outputs_path_100_to_150
2028,520414.4781668447,138,P2_outputs_path_100_to_150
2029,531706.8500389471,138,P2_outputs_path_100_to_150
2030,523478.58143344,138,P2_outputs_path_100_to_150
2031,541482.1871656862,138,P2_outputs_path_100_to_150
2032,764197.3738120366,138,P2_outputs_path_100_to_150
2033,829767.1212724978,138,P2_outputs_path_100_to_150
2034,259378.5065623932,138,P2_outputs_path_100_to_150
2035,461133.8227456768,138,P2_outputs_path_100_to_150
2036,611106.2446336747,138,P2_outputs_path_100_to_150
2037,593635.6233706094,138,P2_outputs_path_100_to_150
2038,916600.443340412,138,P2_outputs_path_100_to_150
2039,969634.7412640456,138,P2_outputs_path_100_to_150
2040,1360304.075485348,138,P2_outputs_path_100_to_150
2041,1715816.0626709985,138,P2_outputs_path_100_to_150
2042,1964614.117086129,138,P2_outputs_path_100_to_150
2043,1205656.2867541907,138,P2_outputs_path_100_to_150
2044,1208212.245310256,138,P2_outputs_path_100_to_150
2045,1298085.9822224227,138,P2_outputs_path_100_to_150
2046,1505297.2731253158,138,P2_outputs_path_100_to_150
2047,1943073.6686382503,138,P2_outputs_path_100_to_150
2048,2234406.112729919,138,P2_outputs_path_100_to_150
2049,2470564.1367313946,138,P2_outputs_path_100_to_150
2050,3082072.042784939,138,P2_outputs_path_100_to_150
2051,2977346.736406984,138,P2_outputs_path_100_to_150
2052,2950929.7035398884,138,P2_outputs_path_100_to_150
2053,3596730.226516895,138,P2_outputs_path_100_to_150
2054,3289037.9216666683,138,P2_outputs_path_100_to_150
2055,3162551.703761284,138,P2_outputs_path_100_to_150
2056,3309674.154773778,138,P2_outputs_path_100_to_150
2057,4103145.7021021927,138,P2_outputs_path_100_to_150
2058,3943201.846700189,138,P2_outputs_path_100_to_150
2059,1714813.2487344565,138,P2_outputs_path_100_to_150
2060,1904757.7776736969,138,P2_outputs_path_100_to_150
2061,1752980.8418199546,138,P2_outputs_path_100_to_150
2062,1665170.337604147,138,P2_outputs_path_100_to_150
2063,1513332.4933663032,138,P2_outputs_path_100_to_150
2064,1446051.2778509783,138,P2_outputs_path_100_to_150
2065,1333813.0721326144,138,P2_outputs_path_100_to_150
2066,1262901.3313679416,138,P2_outputs_path_100_to_150
2067,1229157.901856294,138,P2_outputs_path_100_to_150
2068,1210538.3722083403,138,P2_outputs_path_100_to_150
2069,1325245.5079615652,138,P2_outputs_path_100_to_150
2070,1405549.6363285158,138,P2_outputs_path_100_to_150
2071,1474174.632309541,138,P2_outputs_path_100_to_150
2072,1485965.707539203,138,P2_outputs_path_100_to_150
2073,1351283.0680377863,138,P2_outputs_path_100_to_150
2074,1380166.5717968256,138,P2_outputs_path_100_to_150
2075,,138,P2_outputs_path_100_to_150
2025,213436.56270075537,139,P2_outputs_path_100_to_150
2026,319949.3783932162,139,P2_outputs_path_100_to_150
2027,409202.4982275817,139,P2_outputs_path_100_to_150
2028,441190.5734722742,139,P2_outputs_path_100_to_150
2029,461800.6533266709,139,P2_outputs_path_100_to_150
2030,638000.3777858724,139,P2_outputs_path_100_to_150
2031,733437.096652249,139,P2_outputs_path_100_to_150
2032,812496.2119015065,139,P2_outputs_path_100_to_150
2033,891249.108383904,139,P2_outputs_path_100_to_150
2034,342835.6638633865,139,P2_outputs_path_100_to_150
2035,498079.2091353752,139,P2_outputs_path_100_to_150
2036,555152.7307640804,139,P2_outputs_path_100_to_150
2037,624230.7002268063,139,P2_outputs_path_100_to_150
2038,895144.4779737791,139,P2_outputs_path_100_to_150
2039,1276109.466096808,139,P2_outputs_path_100_to_150
2040,1483680.574433237,139,P2_outputs_path_100_to_150
2041,2098096.936719649,139,P2_outputs_path_100_to_150
2042,2048431.9396936465,139,P2_outputs_path_100_to_150
2043,1707334.744560686,139,P2_outputs_path_100_to_150
2044,1669510.483193057,139,P2_outputs_path_100_to_150
2045,1958469.287898232,139,P2_outputs_path_100_to_150
2046,2362141.9119828315,139,P2_outputs_path_100_to_150
2047,2565067.79078418,139,P2_outputs_path_100_to_150
2048,3292996.14313335,139,P2_outputs_path_100_to_150
2049,2827106.620665327,139,P2_outputs_path_100_to_150
2050,2861377.2113810577,139,P2_outputs_path_100_to_150
2051,3368163.8449315364,139,P2_outputs_path_100_to_150
2052,3552193.7556403545,139,P2_outputs_path_100_to_150
2053,4201425.169348735,139,P2_outputs_path_100_to_150
2054,4222944.759633718,139,P2_outputs_path_100_to_150
2055,4044918.573149093,139,P2_outputs_path_100_to_150
2056,5390683.514081042,139,P2_outputs_path_100_to_150
2057,5548289.92621888,139,P2_outputs_path_100_to_150
2058,5313237.943469657,139,P2_outputs_path_100_to_150
2059,1197417.4724251302,139,P2_outputs_path_100_to_150
2060,1310958.432181723,139,P2_outputs_path_100_to_150
2061,1378491.250562929,139,P2_outputs_path_100_to_150
2062,1371922.6327666834,139,P2_outputs_path_100_to_150
2063,1313574.027603524,139,P2_outputs_path_100_to_150
2064,1350715.535847189,139,P2_outputs_path_100_to_150
2065,1467966.6687836875,139,P2_outputs_path_100_to_150
2066,1432140.650633073,139,P2_outputs_path_100_to_150
2067,1529020.3583984831,139,P2_outputs_path_100_to_150
2068,1529376.3040931704,139,P2_outputs_path_100_to_150
2069,1389245.157773772,139,P2_outputs_path_100_to_150
2070,1402216.5277193794,139,P2_outputs_path_100_to_150
2071,1545812.3398507345,139,P2_outputs_path_100_to_150
2072,1574105.3361969695,139,P2_outputs_path_100_to_150
2073,1596065.378903434,139,P2_outputs_path_100_to_150
2074,1504000.8468083225,139,P2_outputs_path_100_to_150
2075,,139,P2_outputs_path_100_to_150
2025,207848.5122935634,140,P2_outputs_path_100_to_150
2026,263794.14322271245,140,P2_outputs_path_100_to_150
2027,413106.8895681271,140,P2_outputs_path_100_to_150
2028,539921.4104865432,140,P2_outputs_path_100_to_150
2029,552747.3340837164,140,P2_outputs_path_100_to_150
2030,815577.3015797371,140,P2_outputs_path_100_to_150
2031,958983.728260904,140,P2_outputs_path_100_to_150
2032,1059719.9857276392,140,P2_outputs_path_100_to_150
2033,1278984.5155026251,140,P2_outputs_path_100_to_150
2034,722503.3184176413,140,P2_outputs_path_100_to_150
2035,798842.5103746474,140,P2_outputs_path_100_to_150
2036,865892.0145425642,140,P2_outputs_path_100_to_150
2037,1000238.7647915992,140,P2_outputs_path_100_to_150
2038,835383.413504737,140,P2_outputs_path_100_to_150
2039,1032557.2745916984,140,P2_outputs_path_100_to_150
2040,1184768.5358081264,140,P2_outputs_path_100_to_150
2041,1391574.5266249988,140,P2_outputs_path_100_to_150
2042,1433012.3286681075,140,P2_outputs_path_100_to_150
2043,1665959.4087289555,140,P2_outputs_path_100_to_150
2044,2296780.4689091127,140,P2_outputs_path_100_to_150
2045,2204086.9580938905,140,P2_outputs_path_100_to_150
2046,1720627.326674141,140,P2_outputs_path_100_to_150
2047,1655961.1745053504,140,P2_outputs_path_100_to_150
2048,2225865.3939862736,140,P2_outputs_path_100_to_150
2049,2322561.4514710787,140,P2_outputs_path_100_to_150
2050,2445146.571282948,140,P2_outputs_path_100_to_150
2051,2944103.2576330123,140,P2_outputs_path_100_to_150
2052,2810277.8146728096,140,P2_outputs_path_100_to_150
2053,2461114.2516284296,140,P2_outputs_path_100_to_150
2054,2760091.003125996,140,P2_outputs_path_100_to_150
2055,2796092.3500285367,140,P2_outputs_path_100_to_150
2056,3394206.5663962886,140,P2_outputs_path_100_to_150
2057,3572789.6782826358,140,P2_outputs_path_100_to_150
2058,3881475.3219661512,140,P2_outputs_path_100_to_150
2059,0.0,140,P2_outputs_path_100_to_150
2060,159364.3673699507,140,P2_outputs_path_100_to_150
2061,170550.9530246972,140,P2_outputs_path_100_to_150
2062,193890.22693891564,140,P2_outputs_path_100_to_150
2063,171151.2513615789,140,P2_outputs_path_100_to_150
2064,178652.22358738515,140,P2_outputs_path_100_to_150
2065,206909.38742336212,140,P2_outputs_path_100_to_150
2066,208104.95952124085,140,P2_outputs_path_100_to_150
2067,208818.97623761056,140,P2_outputs_path_100_to_150
2068,213781.93528476727,140,P2_outputs_path_100_to_150
2069,222546.97020607663,140,P2_outputs_path_100_to_150
2070,251855.8803254756,140,P2_outputs_path_100_to_150
2071,249738.22696965,140,P2_outputs_path_100_to_150
2072,263434.66891844507,140,P2_outputs_path_100_to_150
2073,264005.116658567,140,P2_outputs_path_100_to_150
2074,271030.15066530945,140,P2_outputs_path_100_to_150
2075,,140,P2_outputs_path_100_to_150
2025,192057.9404200751,141,P2_outputs_path_100_to_150
2026,281576.10196303145,141,P2_outputs_path_100_to_150
2027,388649.80449745,141,P2_outputs_path_100_to_150
2028,466913.66770960944,141,P2_outputs_path_100_to_150
2029,411202.2690962305,141,P2_outputs_path_100_to_150
2030,458048.947749432,141,P2_outputs_path_100_to_150
2031,707333.8343752158,141,P2_outputs_path_100_to_150
2032,783227.7281078149,141,P2_outputs_path_100_to_150
2033,876007.7889269663,141,P2_outputs_path_100_to_150
2034,347590.8102218914,141,P2_outputs_path_100_to_150
2035,455615.9787426222,141,P2_outputs_path_100_to_150
2036,641009.9450449677,141,P2_outputs_path_100_to_150
2037,904913.150949906,141,P2_outputs_path_100_to_150
2038,1253567.6985813817,141,P2_outputs_path_100_to_150
2039,1556311.526886325,141,P2_outputs_path_100_to_150
2040,1876012.8277799715,141,P2_outputs_path_100_to_150
2041,2383805.2625058917,141,P2_outputs_path_100_to_150
2042,2768659.1416738373,141,P2_outputs_path_100_to_150
2043,2972436.542637669,141,P2_outputs_path_100_to_150
2044,3261626.5222963057,141,P2_outputs_path_100_to_150
2045,2972762.553908117,141,P2_outputs_path_100_to_150
2046,3427589.414861412,141,P2_outputs_path_100_to_150
2047,3403774.0354803405,141,P2_outputs_path_100_to_150
2048,4241219.837938985,141,P2_outputs_path_100_to_150
2049,4276185.622188014,141,P2_outputs_path_100_to_150
2050,4355951.640309337,141,P2_outputs_path_100_to_150
2051,4233201.386217965,141,P2_outputs_path_100_to_150
2052,4577450.954831206,141,P2_outputs_path_100_to_150
2053,4226098.905715739,141,P2_outputs_path_100_to_150
2054,4658398.411706799,141,P2_outputs_path_100_to_150
2055,4634791.479008002,141,P2_outputs_path_100_to_150
2056,4761463.103540572,141,P2_outputs_path_100_to_150
2057,4929789.035917478,141,P2_outputs_path_100_to_150
2058,5112650.354544424,141,P2_outputs_path_100_to_150
2059,742541.7931538001,141,P2_outputs_path_100_to_150
2060,871860.3490616181,141,P2_outputs_path_100_to_150
2061,851201.0386023136,141,P2_outputs_path_100_to_150
2062,801000.055123215,141,P2_outputs_path_100_to_150
2063,701316.7605926242,141,P2_outputs_path_100_to_150
2064,804755.6061434634,141,P2_outputs_path_100_to_150
2065,896597.1226843346,141,P2_outputs_path_100_to_150
2066,914795.367667491,141,P2_outputs_path_100_to_150
2067,861762.00975989,141,P2_outputs_path_100_to_150
2068,877644.7073231325,141,P2_outputs_path_100_to_150
2069,895187.4643353093,141,P2_outputs_path_100_to_150
2070,909048.2614928002,141,P2_outputs_path_100_to_150
2071,973106.7954710772,141,P2_outputs_path_100_to_150
2072,959717.2083162988,141,P2_outputs_path_100_to_150
2073,919967.8172789214,141,P2_outputs_path_100_to_150
2074,919892.265110318,141,P2_outputs_path_100_to_150
2075,,141,P2_outputs_path_100_to_150
2025,218808.07093989337,142,P2_outputs_path_100_to_150
2026,265493.4053401992,142,P2_outputs_path_100_to_150
2027,395084.8357470741,142,P2_outputs_path_100_to_150
2028,532979.6633081009,142,P2_outputs_path_100_to_150
2029,457831.9535690344,142,P2_outputs_path_100_to_150
2030,576550.1094266002,142,P2_outputs_path_100_to_150
2031,803784.5443349369,142,P2_outputs_path_100_to_150
2032,835872.2534978607,142,P2_outputs_path_100_to_150
2033,974571.1825658706,142,P2_outputs_path_100_to_150
2034,403759.7818644545,142,P2_outputs_path_100_to_150
2035,370948.0737403733,142,P2_outputs_path_100_to_150
2036,414887.7502019672,142,P2_outputs_path_100_to_150
2037,475080.397070812,142,P2_outputs_path_100_to_150
2038,606227.3163339285,142,P2_outputs_path_100_to_150
2039,655768.2695231606,142,P2_outputs_path_100_to_150
2040,916913.6636103166,142,P2_outputs_path_100_to_150
2041,989420.3976220472,142,P2_outputs_path_100_to_150
2042,1083782.248512444,142,P2_outputs_path_100_to_150
2043,954980.636540554,142,P2_outputs_path_100_to_150
2044,1303181.981856977,142,P2_outputs_path_100_to_150
2045,1419123.265777795,142,P2_outputs_path_100_to_150
2046,1636537.4252589964,142,P2_outputs_path_100_to_150
2047,1743765.5511954932,142,P2_outputs_path_100_to_150
2048,2147078.959455569,142,P2_outputs_path_100_to_150
2049,2311542.852342543,142,P2_outputs_path_100_to_150
2050,2467191.846153601,142,P2_outputs_path_100_to_150
2051,2588885.919412487,142,P2_outputs_path_100_to_150
2052,1927580.6117695796,142,P2_outputs_path_100_to_150
2053,2382326.6742276945,142,P2_outputs_path_100_to_150
2054,2890948.7651491514,142,P2_outputs_path_100_to_150
2055,2928251.677962495,142,P2_outputs_path_100_to_150
2056,2883782.535161296,142,P2_outputs_path_100_to_150
2057,2983281.2165473327,142,P2_outputs_path_100_to_150
2058,3873801.688204994,142,P2_outputs_path_100_to_150
2059,0.0,142,P2_outputs_path_100_to_150
2060,161675.22176913713,142,P2_outputs_path_100_to_150
2061,159021.64442198433,142,P2_outputs_path_100_to_150
2062,168452.20360193928,142,P2_outputs_path_100_to_150
2063,166990.13955051464,142,P2_outputs_path_100_to_150
2064,175969.9508787193,142,P2_outputs_path_100_to_150
2065,185475.93893071212,142,P2_outputs_path_100_to_150
2066,196826.2636548017,142,P2_outputs_path_100_to_150
2067,172927.80522782705,142,P2_outputs_path_100_to_150
2068,176309.72293893076,142,P2_outputs_path_100_to_150
2069,181688.02224706323,142,P2_outputs_path_100_to_150
2070,170558.534530077,142,P2_outputs_path_100_to_150
2071,152605.25815537488,142,P2_outputs_path_100_to_150
2072,153694.36163215316,142,P2_outputs_path_100_to_150
2073,151201.7660313481,142,P2_outputs_path_100_to_150
2074,175574.51781329408,142,P2_outputs_path_100_to_150
2075,,142,P2_outputs_path_100_to_150
2025,209672.45416387063,143,P2_outputs_path_100_to_150
2026,270998.8699049593,143,P2_outputs_path_100_to_150
2027,489028.08204218623,143,P2_outputs_path_100_to_150
2028,590376.5449055017,143,P2_outputs_path_100_to_150
2029,694540.8393395673,143,P2_outputs_path_100_to_150
2030,809405.7868633493,143,P2_outputs_path_100_to_150
2031,862757.9208871063,143,P2_outputs_path_100_to_150
2032,943721.0778952114,143,P2_outputs_path_100_to_150
2033,1058204.0878890804,143,P2_outputs_path_100_to_150
2034,491708.1101929012,143,P2_outputs_path_100_to_150
2035,590592.5778527621,143,P2_outputs_path_100_to_150
2036,736198.9602041822,143,P2_outputs_path_100_to_150
2037,837106.9740558245,143,P2_outputs_path_100_to_150
2038,1006353.6517528906,143,P2_outputs_path_100_to_150
2039,923841.6331221984,143,P2_outputs_path_100_to_150
2040,1273493.7490926702,143,P2_outputs_path_100_to_150
2041,1311485.80945222,143,P2_outputs_path_100_to_150
2042,1328043.41685388,143,P2_outputs_path_100_to_150
2043,1220601.6500592146,143,P2_outputs_path_100_to_150
2044,1111006.2763342643,143,P2_outputs_path_100_to_150
2045,1316594.759087844,143,P2_outputs_path_100_to_150
2046,1677935.034574092,143,P2_outputs_path_100_to_150
2047,1570142.8998429286,143,P2_outputs_path_100_to_150
2048,2425981.715679324,143,P2_outputs_path_100_to_150
2049,2471242.502343648,143,P2_outputs_path_100_to_150
2050,3060476.2371978546,143,P2_outputs_path_100_to_150
2051,3027083.244063602,143,P2_outputs_path_100_to_150
2052,3497032.888270008,143,P2_outputs_path_100_to_150
2053,4050667.90979998,143,P2_outputs_path_100_to_150
2054,4503786.454508324,143,P2_outputs_path_100_to_150
2055,4665140.01574298,143,P2_outputs_path_100_to_150
2056,5005953.734218484,143,P2_outputs_path_100_to_150
2057,5047006.52030655,143,P2_outputs_path_100_to_150
2058,5367677.69284944,143,P2_outputs_path_100_to_150
2059,1276040.6312605469,143,P2_outputs_path_100_to_150
2060,1527247.5613358873,143,P2_outputs_path_100_to_150
2061,1428628.270611713,143,P2_outputs_path_100_to_150
2062,1404681.3339522278,143,P2_outputs_path_100_to_150
2063,1340166.0299995495,143,P2_outputs_path_100_to_150
2064,1304993.9436944446,143,P2_outputs_path_100_to_150
2065,1387457.3584779312,143,P2_outputs_path_100_to_150
2066,1407598.3194211004,143,P2_outputs_path_100_to_150
2067,1431147.4477258148,143,P2_outputs_path_100_to_150
2068,1400748.1854473895,143,P2_outputs_path_100_to_150
2069,1338674.506771951,143,P2_outputs_path_100_to_150
2070,1319546.908001064,143,P2_outputs_path_100_to_150
2071,1405319.3188841084,143,P2_outputs_path_100_to_150
2072,1486051.8483400897,143,P2_outputs_path_100_to_150
2073,1609034.057070227,143,P2_outputs_path_100_to_150
2074,1734212.715365757,143,P2_outputs_path_100_to_150
2075,,143,P2_outputs_path_100_to_150
2025,232236.5629326699,144,P2_outputs_path_100_to_150
2026,370897.980220903,144,P2_outputs_path_100_to_150
2027,432886.63019532047,144,P2_outputs_path_100_to_150
2028,621400.4372204442,144,P2_outputs_path_100_to_150
2029,691943.9657483405,144,P2_outputs_path_100_to_150
2030,786034.2453030141,144,P2_outputs_path_100_to_150
2031,886067.3823059374,144,P2_outputs_path_100_to_150
2032,974042.4928538868,144,P2_outputs_path_100_to_150
2033,1027008.3972106348,144,P2_outputs_path_100_to_150
2034,397701.81350975216,144,P2_outputs_path_100_to_150
2035,631617.3606573887,144,P2_outputs_path_100_to_150
2036,724596.3374249124,144,P2_outputs_path_100_to_150
2037,737084.6326615209,144,P2_outputs_path_100_to_150
2038,789054.7437803395,144,P2_outputs_path_100_to_150
2039,920902.5635049088,144,P2_outputs_path_100_to_150
2040,1058635.961964086,144,P2_outputs_path_100_to_150
2041,1203952.8135624116,144,P2_outputs_path_100_to_150
2042,1238713.1796096305,144,P2_outputs_path_100_to_150
2043,1403740.6639454735,144,P2_outputs_path_100_to_150
2044,1605312.7843348423,144,P2_outputs_path_100_to_150
2045,1832855.219742828,144,P2_outputs_path_100_to_150
2046,2030494.9081655147,144,P2_outputs_path_100_to_150
2047,1948077.2075086192,144,P2_outputs_path_100_to_150
2048,2373859.958037969,144,P2_outputs_path_100_to_150
2049,2596209.063314747,144,P2_outputs_path_100_to_150
2050,3183961.396590287,144,P2_outputs_path_100_to_150
2051,3377040.9272251497,144,P2_outputs_path_100_to_150
2052,3852809.187775331,144,P2_outputs_path_100_to_150
2053,4072154.681864968,144,P2_outputs_path_100_to_150
2054,4176344.3026356935,144,P2_outputs_path_100_to_150
2055,4094911.861056816,144,P2_outputs_path_100_to_150
2056,4308084.445002908,144,P2_outputs_path_100_to_150
2057,4289170.875333927,144,P2_outputs_path_100_to_150
2058,4474205.609054098,144,P2_outputs_path_100_to_150
2059,222629.4384958101,144,P2_outputs_path_100_to_150
2060,325677.8947020589,144,P2_outputs_path_100_to_150
2061,291206.8029914421,144,P2_outputs_path_100_to_150
2062,301052.90657548915,144,P2_outputs_path_100_to_150
2063,311915.34336011193,144,P2_outputs_path_100_to_150
2064,336561.0431359076,144,P2_outputs_path_100_to_150
2065,332787.27489279065,144,P2_outputs_path_100_to_150
2066,370106.64990748046,144,P2_outputs_path_100_to_150
2067,374596.4085130142,144,P2_outputs_path_100_to_150
2068,383026.34197918256,144,P2_outputs_path_100_to_150
2069,376842.8812225848,144,P2_outputs_path_100_to_150
2070,371103.6030543321,144,P2_outputs_path_100_to_150
2071,344838.62105050683,144,P2_outputs_path_100_to_150
2072,336335.180973804,144,P2_outputs_path_100_to_150
2073,337526.2513047802,144,P2_outputs_path_100_to_150
2074,319609.98345994006,144,P2_outputs_path_100_to_150
2075,,144,P2_outputs_path_100_to_150
2025,221798.77216733084,145,P2_outputs_path_100_to_150
2026,301403.2705336433,145,P2_outputs_path_100_to_150
2027,458362.8592209377,145,P2_outputs_path_100_to_150
2028,513152.7224359875,145,P2_outputs_path_100_to_150
2029,591682.61338735,145,P2_outputs_path_100_to_150
2030,819188.3791588565,145,P2_outputs_path_100_to_150
2031,945935.3235436372,145,P2_outputs_path_100_to_150
2032,1056915.2510223757,145,P2_outputs_path_100_to_150
2033,1064926.679693084,145,P2_outputs_path_100_to_150
2034,503113.3786145621,145,P2_outputs_path_100_to_150
2035,717429.6152413433,145,P2_outputs_path_100_to_150
2036,815930.2952834399,145,P2_outputs_path_100_to_150
2037,923950.374320114,145,P2_outputs_path_100_to_150
2038,1221291.4346167026,145,P2_outputs_path_100_to_150
2039,1338958.7099030863,145,P2_outputs_path_100_to_150
2040,1343121.1230999765,145,P2_outputs_path_100_to_150
2041,1574137.3229863828,145,P2_outputs_path_100_to_150
2042,1691950.0767968528,145,P2_outputs_path_100_to_150
2043,1345303.1317658431,145,P2_outputs_path_100_to_150
2044,1484491.0545278173,145,P2_outputs_path_100_to_150
2045,1151989.0384242672,145,P2_outputs_path_100_to_150
2046,950465.541287408,145,P2_outputs_path_100_to_150
2047,1109793.336583623,145,P2_outputs_path_100_to_150
2048,1362770.1369968376,145,P2_outputs_path_100_to_150
2049,1323430.3497029431,145,P2_outputs_path_100_to_150
2050,1038428.127586428,145,P2_outputs_path_100_to_150
2051,1100632.2406419169,145,P2_outputs_path_100_to_150
2052,1246333.549088621,145,P2_outputs_path_100_to_150
2053,1635759.078379061,145,P2_outputs_path_100_to_150
2054,1226990.6528985458,145,P2_outputs_path_100_to_150
2055,1454645.6033490405,145,P2_outputs_path_100_to_150
2056,1536151.6688810927,145,P2_outputs_path_100_to_150
2057,1623416.742743349,145,P2_outputs_path_100_to_150
2058,1792504.0643083628,145,P2_outputs_path_100_to_150
2059,0.0,145,P2_outputs_path_100_to_150
2060,159838.62248547334,145,P2_outputs_path_100_to_150
2061,165573.65829895966,145,P2_outputs_path_100_to_150
2062,153392.98355498278,145,P2_outputs_path_100_to_150
2063,188256.86981462044,145,P2_outputs_path_100_to_150
2064,202236.1318151602,145,P2_outputs_path_100_to_150
2065,196777.7176098639,145,P2_outputs_path_100_to_150
2066,202277.6143476276,145,P2_outputs_path_100_to_150
2067,205255.1788188885,145,P2_outputs_path_100_to_150
2068,227936.66002025187,145,P2_outputs_path_100_to_150
2069,218995.33961045693,145,P2_outputs_path_100_to_150
2070,231030.86563324844,145,P2_outputs_path_100_to_150
2071,282791.7261470424,145,P2_outputs_path_100_to_150
2072,281737.2520617531,145,P2_outputs_path_100_to_150
2073,323078.6449425039,145,P2_outputs_path_100_to_150
2074,352829.82263207686,145,P2_outputs_path_100_to_150
2075,,145,P2_outputs_path_100_to_150
2025,232807.6663968187,146,P2_outputs_path_100_to_150
2026,374413.606858542,146,P2_outputs_path_100_to_150
2027,476571.2595053107,146,P2_outputs_path_100_to_150
2028,515141.2924986665,146,P2_outputs_path_100_to_150
2029,643357.5496157462,146,P2_outputs_path_100_to_150
2030,775499.4038794646,146,P2_outputs_path_100_to_150
2031,807037.9686604938,146,P2_outputs_path_100_to_150
2032,943348.3618365868,146,P2_outputs_path_100_to_150
2033,986693.7293196688,146,P2_outputs_path_100_to_150
2034,348720.2419424087,146,P2_outputs_path_100_to_150
2035,398698.2181962488,146,P2_outputs_path_100_to_150
2036,589074.315114463,146,P2_outputs_path_100_to_150
2037,673229.0569164575,146,P2_outputs_path_100_to_150
2038,811488.9337933445,146,P2_outputs_path_100_to_150
2039,723560.8822471194,146,P2_outputs_path_100_to_150
2040,944839.560347624,146,P2_outputs_path_100_to_150
2041,849704.8660482423,146,P2_outputs_path_100_to_150
2042,1048758.0643338712,146,P2_outputs_path_100_to_150
2043,1607811.4411587387,146,P2_outputs_path_100_to_150
2044,1808393.540757288,146,P2_outputs_path_100_to_150
2045,1994242.547363693,146,P2_outputs_path_100_to_150
2046,2366607.3134494987,146,P2_outputs_path_100_to_150
2047,2568151.378937308,146,P2_outputs_path_100_to_150
2048,2737880.588441776,146,P2_outputs_path_100_to_150
2049,3190964.1862522787,146,P2_outputs_path_100_to_150
2050,2954170.7305590548,146,P2_outputs_path_100_to_150
2051,2758948.4253307744,146,P2_outputs_path_100_to_150
2052,2847594.798115497,146,P2_outputs_path_100_to_150
2053,3466715.79648024,146,P2_outputs_path_100_to_150
2054,3699986.3073583306,146,P2_outputs_path_100_to_150
2055,3825571.9197542993,146,P2_outputs_path_100_to_150
2056,4655411.052512009,146,P2_outputs_path_100_to_150
2057,4896205.678533041,146,P2_outputs_path_100_to_150
2058,4894438.127407967,146,P2_outputs_path_100_to_150
2059,532273.9747420643,146,P2_outputs_path_100_to_150
2060,666055.5794180976,146,P2_outputs_path_100_to_150
2061,701286.6933403745,146,P2_outputs_path_100_to_150
2062,712933.6608293874,146,P2_outputs_path_100_to_150
2063,729024.6260041342,146,P2_outputs_path_100_to_150
2064,729318.746544012,146,P2_outputs_path_100_to_150
2065,743241.0055482897,146,P2_outputs_path_100_to_150
2066,739860.6904346969,146,P2_outputs_path_100_to_150
2067,779860.9577651588,146,P2_outputs_path_100_to_150
2068,706658.3747930981,146,P2_outputs_path_100_to_150
2069,749643.353239465,146,P2_outputs_path_100_to_150
2070,714828.2692600935,146,P2_outputs_path_100_to_150
2071,682923.8638578795,146,P2_outputs_path_100_to_150
2072,669345.6346112841,146,P2_outputs_path_100_to_150
2073,669329.2655137633,146,P2_outputs_path_100_to_150
2074,640344.6992270383,146,P2_outputs_path_100_to_150
2075,,146,P2_outputs_path_100_to_150
2025,178938.68738585405,147,P2_outputs_path_100_to_150
2026,251968.49424734616,147,P2_outputs_path_100_to_150
2027,305021.5132005035,147,P2_outputs_path_100_to_150
2028,429210.9799932088,147,P2_outputs_path_100_to_150
2029,452500.14897385787,147,P2_outputs_path_100_to_150
2030,551298.3538212506,147,P2_outputs_path_100_to_150
2031,738121.3213595067,147,P2_outputs_path_100_to_150
2032,885789.8775420309,147,P2_outputs_path_100_to_150
2033,1052656.2525474313,147,P2_outputs_path_100_to_150
2034,501955.84686385375,147,P2_outputs_path_100_to_150
2035,522426.5165241787,147,P2_outputs_path_100_to_150
2036,699585.6015866431,147,P2_outputs_path_100_to_150
2037,866565.2563300115,147,P2_outputs_path_100_to_150
2038,994236.7384332562,147,P2_outputs_path_100_to_150
2039,995646.9854352988,147,P2_outputs_path_100_to_150
2040,1189757.1714445837,147,P2_outputs_path_100_to_150
2041,1311320.1896365993,147,P2_outputs_path_100_to_150
2042,1539598.9331077866,147,P2_outputs_path_100_to_150
2043,1088524.7454356293,147,P2_outputs_path_100_to_150
2044,1308178.307933038,147,P2_outputs_path_100_to_150
2045,1321158.6527027336,147,P2_outputs_path_100_to_150
2046,1402049.6852874996,147,P2_outputs_path_100_to_150
2047,1625622.012267681,147,P2_outputs_path_100_to_150
2048,1690513.964647768,147,P2_outputs_path_100_to_150
2049,1552209.6843957454,147,P2_outputs_path_100_to_150
2050,2049451.1393608656,147,P2_outputs_path_100_to_150
2051,1780579.5535722135,147,P2_outputs_path_100_to_150
2052,2123339.766242641,147,P2_outputs_path_100_to_150
2053,1632792.1878876053,147,P2_outputs_path_100_to_150
2054,1816407.710357289,147,P2_outputs_path_100_to_150
2055,2976073.624185401,147,P2_outputs_path_100_to_150
2056,3640498.550017152,147,P2_outputs_path_100_to_150
2057,4307583.145943347,147,P2_outputs_path_100_to_150
2058,4480147.104413517,147,P2_outputs_path_100_to_150
2059,309293.22846445814,147,P2_outputs_path_100_to_150
2060,444098.3712199023,147,P2_outputs_path_100_to_150
2061,434634.2624604126,147,P2_outputs_path_100_to_150
2062,421053.9706765192,147,P2_outputs_path_100_to_150
2063,435578.1092142072,147,P2_outputs_path_100_to_150
2064,448550.5917495887,147,P2_outputs_path_100_to_150
2065,477049.896508048,147,P2_outputs_path_100_to_150
2066,443667.4495347529,147,P2_outputs_path_100_to_150
2067,476074.35773362,147,P2_outputs_path_100_to_150
2068,480453.9455726904,147,P2_outputs_path_100_to_150
2069,420825.4480688136,147,P2_outputs_path_100_to_150
2070,392047.3841355198,147,P2_outputs_path_100_to_150
2071,398549.9937894074,147,P2_outputs_path_100_to_150
2072,402981.9019995869,147,P2_outputs_path_100_to_150
2073,421624.0468461488,147,P2_outputs_path_100_to_150
2074,414061.0116759916,147,P2_outputs_path_100_to_150
2075,,147,P2_outputs_path_100_to_150
2025,178601.9765050229,148,P2_outputs_path_100_to_150
2026,258959.2528567572,148,P2_outputs_path_100_to_150
2027,302066.1778989253,148,P2_outputs_path_100_to_150
2028,384406.17167376936,148,P2_outputs_path_100_to_150
2029,356318.92739911727,148,P2_outputs_path_100_to_150
2030,318853.9223390905,148,P2_outputs_path_100_to_150
2031,458934.4269069419,148,P2_outputs_path_100_to_150
2032,490353.6974101772,148,P2_outputs_path_100_to_150
2033,658226.6681337012,148,P2_outputs_path_100_to_150
2034,69548.7630294864,148,P2_outputs_path_100_to_150
2035,200808.65191873917,148,P2_outputs_path_100_to_150
2036,326040.7186910655,148,P2_outputs_path_100_to_150
2037,368441.50117327634,148,P2_outputs_path_100_to_150
2038,562043.0020441954,148,P2_outputs_path_100_to_150
2039,569849.4192234012,148,P2_outputs_path_100_to_150
2040,817147.8093699514,148,P2_outputs_path_100_to_150
2041,1162921.3231667343,148,P2_outputs_path_100_to_150
2042,1195078.5711024976,148,P2_outputs_path_100_to_150
2043,1585501.6785656891,148,P2_outputs_path_100_to_150
2044,1434691.892397552,148,P2_outputs_path_100_to_150
2045,1289025.0031155362,148,P2_outputs_path_100_to_150
2046,1265370.9689816665,148,P2_outputs_path_100_to_150
2047,1336958.551535117,148,P2_outputs_path_100_to_150
2048,1680369.8399953898,148,P2_outputs_path_100_to_150
2049,1821915.4111172112,148,P2_outputs_path_100_to_150
2050,1770146.6692289468,148,P2_outputs_path_100_to_150
2051,2223341.882972381,148,P2_outputs_path_100_to_150
2052,2434882.207028443,148,P2_outputs_path_100_to_150
2053,2177236.602826846,148,P2_outputs_path_100_to_150
2054,3236244.406865422,148,P2_outputs_path_100_to_150
2055,3261862.21787982,148,P2_outputs_path_100_to_150
2056,3641813.730337708,148,P2_outputs_path_100_to_150
2057,3987525.424395688,148,P2_outputs_path_100_to_150
2058,3791681.070748181,148,P2_outputs_path_100_to_150
2059,490048.3909147354,148,P2_outputs_path_100_to_150
2060,594180.4248724744,148,P2_outputs_path_100_to_150
2061,585859.6246968069,148,P2_outputs_path_100_to_150
2062,578155.3918841688,148,P2_outputs_path_100_to_150
2063,600009.1294790267,148,P2_outputs_path_100_to_150
2064,582093.3594818689,148,P2_outputs_path_100_to_150
2065,589956.5642916651,148,P2_outputs_path_100_to_150
2066,604200.5307766325,148,P2_outputs_path_100_to_150
2067,559320.8151730531,148,P2_outputs_path_100_to_150
2068,508634.3302230816,148,P2_outputs_path_100_to_150
2069,512261.0481886224,148,P2_outputs_path_100_to_150
2070,503234.8053951409,148,P2_outputs_path_100_to_150
2071,538808.3405391435,148,P2_outputs_path_100_to_150
2072,509318.089685524,148,P2_outputs_path_100_to_150
2073,494255.2852846128,148,P2_outputs_path_100_to_150
2074,490324.8717689663,148,P2_outputs_path_100_to_150
2075,,148,P2_outputs_path_100_to_150
2025,214486.7630516353,149,P2_outputs_path_100_to_150
2026,332818.23547468195,149,P2_outputs_path_100_to_150
2027,564630.3216530144,149,P2_outputs_path_100_to_150
2028,757030.5882694696,149,P2_outputs_path_100_to_150
2029,801071.2485555713,149,P2_outputs_path_100_to_150
2030,888898.6654330011,149,P2_outputs_path_100_to_150
2031,1030696.1419931496,149,P2_outputs_path_100_to_150
2032,1166972.3481516812,149,P2_outputs_path_100_to_150
2033,1175665.907881354,149,P2_outputs_path_100_to_150
2034,617892.0397686381,149,P2_outputs_path_100_to_150
2035,818675.52170779,149,P2_outputs_path_100_to_150
2036,939815.955023126,149,P2_outputs_path_100_to_150
2037,889616.0658868388,149,P2_outputs_path_100_to_150
2038,690504.7246423427,149,P2_outputs_path_100_to_150
2039,785677.2307130095,149,P2_outputs_path_100_to_150
2040,890056.3629451614,149,P2_outputs_path_100_to_150
2041,967194.0247283856,149,P2_outputs_path_100_to_150
2042,1097668.2230243075,149,P2_outputs_path_100_to_150
2043,1400903.5997047557,149,P2_outputs_path_100_to_150
2044,1598107.0878788135,149,P2_outputs_path_100_to_150
2045,1414857.8909065356,149,P2_outputs_path_100_to_150
2046,1690067.497764171,149,P2_outputs_path_100_to_150
2047,2446134.810920405,149,P2_outputs_path_100_to_150
2048,2800352.0449159867,149,P2_outputs_path_100_to_150
2049,2582942.021966811,149,P2_outputs_path_100_to_150
2050,3258697.1329054395,149,P2_outputs_path_100_to_150
2051,3389994.5558851613,149,P2_outputs_path_100_to_150
2052,3312115.41574337,149,P2_outputs_path_100_to_150
2053,3182253.4334942903,149,P2_outputs_path_100_to_150
2054,3160391.3805946363,149,P2_outputs_path_100_to_150
2055,3483691.684071187,149,P2_outputs_path_100_to_150
2056,3674320.952685083,149,P2_outputs_path_100_to_150
2057,4525678.555611959,149,P2_outputs_path_100_to_150
2058,4725965.286458268,149,P2_outputs_path_100_to_150
2059,280958.985876265,149,P2_outputs_path_100_to_150
2060,458627.2658956921,149,P2_outputs_path_100_to_150
2061,518053.4933447815,149,P2_outputs_path_100_to_150
2062,483911.3646579098,149,P2_outputs_path_100_to_150
2063,465093.7148773379,149,P2_outputs_path_100_to_150
2064,478960.1813248234,149,P2_outputs_path_100_to_150
2065,451074.4023591244,149,P2_outputs_path_100_to_150
2066,485825.93796612753,149,P2_outputs_path_100_to_150
2067,464250.6370168102,149,P2_outputs_path_100_to_150
2068,444868.9339564552,149,P2_outputs_path_100_to_150
2069,381878.84966185066,149,P2_outputs_path_100_to_150
2070,372863.9840067299,149,P2_outputs_path_100_to_150
2071,395325.47649194737,149,P2_outputs_path_100_to_150
2072,391994.2464157175,149,P2_outputs_path_100_to_150
2073,386818.9339107674,149,P2_outputs_path_100_to_150
2074,359100.75244816433,149,P2_outputs_path_100_to_150
2075,,149,P2_outputs_path_100_to_150
2025,209204.7555342071,150,P2_outputs_path_150_to_200
2026,318028.6427002132,150,P2_outputs_path_150_to_200
2027,417700.1804121871,150,P2_outputs_path_150_to_200
2028,537226.7325213017,150,P2_outputs_path_150_to_200
2029,651666.725429466,150,P2_outputs_path_150_to_200
2030,783165.3829946042,150,P2_outputs_path_150_to_200
2031,850298.7134424942,150,P2_outputs_path_150_to_200
2032,1049788.1589750252,150,P2_outputs_path_150_to_200
2033,1094040.0462421577,150,P2_outputs_path_150_to_200
2034,558608.5725652897,150,P2_outputs_path_150_to_200
2035,852886.2829106797,150,P2_outputs_path_150_to_200
2036,1078661.580723434,150,P2_outputs_path_150_to_200
2037,1128710.8820668806,150,P2_outputs_path_150_to_200
2038,1143723.1296639098,150,P2_outputs_path_150_to_200
2039,1700117.899534332,150,P2_outputs_path_150_to_200
2040,2059182.8559719124,150,P2_outputs_path_150_to_200
2041,2200470.011796945,150,P2_outputs_path_150_to_200
2042,2452914.3190931007,150,P2_outputs_path_150_to_200
2043,2564131.941566068,150,P2_outputs_path_150_to_200
2044,3057711.396721582,150,P2_outputs_path_150_to_200
2045,3591679.448624438,150,P2_outputs_path_150_to_200
2046,3834286.120608201,150,P2_outputs_path_150_to_200
2047,4124954.5167858033,150,P2_outputs_path_150_to_200
2048,4393449.327123355,150,P2_outputs_path_150_to_200
2049,4255786.733998939,150,P2_outputs_path_150_to_200
2050,4729577.995548893,150,P2_outputs_path_150_to_200
2051,4820766.165362445,150,P2_outputs_path_150_to_200
2052,4704141.803747887,150,P2_outputs_path_150_to_200
2053,4988032.207133616,150,P2_outputs_path_150_to_200
2054,4930157.12567244,150,P2_outputs_path_150_to_200
2055,4973327.308039402,150,P2_outputs_path_150_to_200
2056,5119273.968197034,150,P2_outputs_path_150_to_200
2057,5318589.227160185,150,P2_outputs_path_150_to_200
2058,5306629.793899782,150,P2_outputs_path_150_to_200
2059,1034457.5528788175,150,P2_outputs_path_150_to_200
2060,1183047.4076706748,150,P2_outputs_path_150_to_200
2061,1140821.5248596112,150,P2_outputs_path_150_to_200
2062,1304260.3813333614,150,P2_outputs_path_150_to_200
2063,1263175.276620027,150,P2_outputs_path_150_to_200
2064,1242209.393447727,150,P2_outputs_path_150_to_200
2065,1285991.240858254,150,P2_outputs_path_150_to_200
2066,1272675.1506911162,150,P2_outputs_path_150_to_200
2067,1251509.2192087248,150,P2_outputs_path_150_to_200
2068,1219642.5726441513,150,P2_outputs_path_150_to_200
2069,1274046.6295490689,150,P2_outputs_path_150_to_200
2070,1228890.455776328,150,P2_outputs_path_150_to_200
2071,1219317.2030657835,150,P2_outputs_path_150_to_200
2072,1272007.1554769296,150,P2_outputs_path_150_to_200
2073,1278678.5263070047,150,P2_outputs_path_150_to_200
2074,1346026.2668160177,150,P2_outputs_path_150_to_200
2075,,150,P2_outputs_path_150_to_200
2025,185297.5525289557,151,P2_outputs_path_150_to_200
2026,248272.9186913914,151,P2_outputs_path_150_to_200
2027,290983.6436995921,151,P2_outputs_path_150_to_200
2028,371997.6154947022,151,P2_outputs_path_150_to_200
2029,334624.1748274762,151,P2_outputs_path_150_to_200
2030,421089.3054583373,151,P2_outputs_path_150_to_200
2031,429656.3028955994,151,P2_outputs_path_150_to_200
2032,577174.9207069743,151,P2_outputs_path_150_to_200
2033,765558.9648001732,151,P2_outputs_path_150_to_200
2034,181187.3872392061,151,P2_outputs_path_150_to_200
2035,246792.4079839597,151,P2_outputs_path_150_to_200
2036,379282.68837620993,151,P2_outputs_path_150_to_200
2037,444295.1681317255,151,P2_outputs_path_150_to_200
2038,659547.3351333943,151,P2_outputs_path_150_to_200
2039,915124.4387131144,151,P2_outputs_path_150_to_200
2040,1127807.9793301448,151,P2_outputs_path_150_to_200
2041,1355666.2141630538,151,P2_outputs_path_150_to_200
2042,1783388.781970444,151,P2_outputs_path_150_to_200
2043,1771534.0950262283,151,P2_outputs_path_150_to_200
2044,2463817.328131656,151,P2_outputs_path_150_to_200
2045,2490663.84050262,151,P2_outputs_path_150_to_200
2046,2428885.460458653,151,P2_outputs_path_150_to_200
2047,2509723.8768635117,151,P2_outputs_path_150_to_200
2048,3813627.8446565145,151,P2_outputs_path_150_to_200
2049,4140377.766174636,151,P2_outputs_path_150_to_200
2050,4231056.204045339,151,P2_outputs_path_150_to_200
2051,4238145.128379366,151,P2_outputs_path_150_to_200
2052,4255334.490101221,151,P2_outputs_path_150_to_200
2053,4429359.246970637,151,P2_outputs_path_150_to_200
2054,4493689.500930546,151,P2_outputs_path_150_to_200
2055,4564862.816879863,151,P2_outputs_path_150_to_200
2056,4757635.261792039,151,P2_outputs_path_150_to_200
2057,4227153.540300227,151,P2_outputs_path_150_to_200
2058,4398373.967379184,151,P2_outputs_path_150_to_200
2059,0.0,151,P2_outputs_path_150_to_200
2060,166427.75840934346,151,P2_outputs_path_150_to_200
2061,161581.0908424762,151,P2_outputs_path_150_to_200
2062,167813.81477721492,151,P2_outputs_path_150_to_200
2063,166239.59423125404,151,P2_outputs_path_150_to_200
2064,191091.25584032145,151,P2_outputs_path_150_to_200
2065,187611.2240518298,151,P2_outputs_path_150_to_200
2066,197110.747564787,151,P2_outputs_path_150_to_200
2067,214782.71518133703,151,P2_outputs_path_150_to_200
2068,213754.21185022927,151,P2_outputs_path_150_to_200
2069,200557.87921980376,151,P2_outputs_path_150_to_200
2070,182599.8965257363,151,P2_outputs_path_150_to_200
2071,185611.137108246,151,P2_outputs_path_150_to_200
2072,203146.48891255807,151,P2_outputs_path_150_to_200
2073,208592.01963510647,151,P2_outputs_path_150_to_200
2074,214782.87446376143,151,P2_outputs_path_150_to_200
2075,,151,P2_outputs_path_150_to_200
2025,219672.0834379983,152,P2_outputs_path_150_to_200
2026,296803.66481881286,152,P2_outputs_path_150_to_200
2027,426459.494319868,152,P2_outputs_path_150_to_200
2028,485120.4194684159,152,P2_outputs_path_150_to_200
2029,612743.7812107498,152,P2_outputs_path_150_to_200
2030,663060.7399592662,152,P2_outputs_path_150_to_200
2031,796986.4963157346,152,P2_outputs_path_150_to_200
2032,903081.8371481318,152,P2_outputs_path_150_to_200
2033,1030878.9655479668,152,P2_outputs_path_150_to_200
2034,418464.2785267313,152,P2_outputs_path_150_to_200
2035,573680.917742944,152,P2_outputs_path_150_to_200
2036,595896.9919809125,152,P2_outputs_path_150_to_200
2037,874733.2389853977,152,P2_outputs_path_150_to_200
2038,939527.1866629656,152,P2_outputs_path_150_to_200
2039,1119482.643698777,152,P2_outputs_path_150_to_200
2040,1236763.354632035,152,P2_outputs_path_150_to_200
2041,1387205.7610713784,152,P2_outputs_path_150_to_200
2042,1293896.624911978,152,P2_outputs_path_150_to_200
2043,1330111.6096073862,152,P2_outputs_path_150_to_200
2044,1610097.464556598,152,P2_outputs_path_150_to_200
2045,1642834.231572238,152,P2_outputs_path_150_to_200
2046,1635897.498252686,152,P2_outputs_path_150_to_200
2047,1748944.1620784537,152,P2_outputs_path_150_to_200
2048,979328.8611517224,152,P2_outputs_path_150_to_200
2049,1261712.9046216724,152,P2_outputs_path_150_to_200
2050,1403743.4854741038,152,P2_outputs_path_150_to_200
2051,1327854.2486554522,152,P2_outputs_path_150_to_200
2052,1469402.2376254671,152,P2_outputs_path_150_to_200
2053,1632045.1702387892,152,P2_outputs_path_150_to_200
2054,1933511.3389697408,152,P2_outputs_path_150_to_200
2055,2133128.919713365,152,P2_outputs_path_150_to_200
2056,1864706.258332945,152,P2_outputs_path_150_to_200
2057,2071008.0073338791,152,P2_outputs_path_150_to_200
2058,2189161.718546402,152,P2_outputs_path_150_to_200
2059,0.0,152,P2_outputs_path_150_to_200
2060,137533.22736079496,152,P2_outputs_path_150_to_200
2061,140867.23266211833,152,P2_outputs_path_150_to_200
2062,169897.3368812472,152,P2_outputs_path_150_to_200
2063,185907.50297390507,152,P2_outputs_path_150_to_200
2064,193018.40936470017,152,P2_outputs_path_150_to_200
2065,205037.14188374,152,P2_outputs_path_150_to_200
2066,205897.17649453404,152,P2_outputs_path_150_to_200
2067,224503.176564098,152,P2_outputs_path_150_to_200
2068,253469.9780839728,152,P2_outputs_path_150_to_200
2069,263416.9230509143,152,P2_outputs_path_150_to_200
2070,275067.59192726493,152,P2_outputs_path_150_to_200
2071,284066.712374154,152,P2_outputs_path_150_to_200
2072,284824.69645986904,152,P2_outputs_path_150_to_200
2073,298910.3483892104,152,P2_outputs_path_150_to_200
2074,308792.08853569743,152,P2_outputs_path_150_to_200
2075,,152,P2_outputs_path_150_to_200
2025,203463.53958073357,153,P2_outputs_path_150_to_200
2026,275631.9831760297,153,P2_outputs_path_150_to_200
2027,333114.1270076333,153,P2_outputs_path_150_to_200
2028,329770.74761069776,153,P2_outputs_path_150_to_200
2029,322841.24467651645,153,P2_outputs_path_150_to_200
2030,458980.51524670346,153,P2_outputs_path_150_to_200
2031,715217.7741103036,153,P2_outputs_path_150_to_200
2032,813140.3295743242,153,P2_outputs_path_150_to_200
2033,904107.7881616316,153,P2_outputs_path_150_to_200
2034,297201.84742585034,153,P2_outputs_path_150_to_200
2035,512478.8101571192,153,P2_outputs_path_150_to_200
2036,577579.2590209725,153,P2_outputs_path_150_to_200
2037,678282.31201087,153,P2_outputs_path_150_to_200
2038,609944.9249945756,153,P2_outputs_path_150_to_200
2039,585825.2227763992,153,P2_outputs_path_150_to_200
2040,871043.1748572881,153,P2_outputs_path_150_to_200
2041,1141639.882066334,153,P2_outputs_path_150_to_200
2042,1223096.475499804,153,P2_outputs_path_150_to_200
2043,1279479.8289639633,153,P2_outputs_path_150_to_200
2044,1761923.1143878894,153,P2_outputs_path_150_to_200
2045,1853724.51354568,153,P2_outputs_path_150_to_200
2046,2082009.226599226,153,P2_outputs_path_150_to_200
2047,2530649.3065119884,153,P2_outputs_path_150_to_200
2048,2644006.3435830865,153,P2_outputs_path_150_to_200
2049,3039943.8986502727,153,P2_outputs_path_150_to_200
2050,3567807.0722161,153,P2_outputs_path_150_to_200
2051,3783416.04066102,153,P2_outputs_path_150_to_200
2052,4022691.2929967497,153,P2_outputs_path_150_to_200
2053,3859156.280543672,153,P2_outputs_path_150_to_200
2054,4054785.263132825,153,P2_outputs_path_150_to_200
2055,3909556.6797319385,153,P2_outputs_path_150_to_200
2056,4176117.458538252,153,P2_outputs_path_150_to_200
2057,4019001.046350936,153,P2_outputs_path_150_to_200
2058,3879143.8954569697,153,P2_outputs_path_150_to_200
2059,173734.8923343178,153,P2_outputs_path_150_to_200
2060,337677.5139319349,153,P2_outputs_path_150_to_200
2061,361238.1487620248,153,P2_outputs_path_150_to_200
2062,364708.8741594936,153,P2_outputs_path_150_to_200
2063,380543.07400210056,153,P2_outputs_path_150_to_200
2064,365848.5739235208,153,P2_outputs_path_150_to_200
2065,370255.6112748338,153,P2_outputs_path_150_to_200
2066,373246.5112082651,153,P2_outputs_path_150_to_200
2067,363212.90206188086,153,P2_outputs_path_150_to_200
2068,355304.4188297376,153,P2_outputs_path_150_to_200
2069,355268.72361071536,153,P2_outputs_path_150_to_200
2070,355163.53727998154,153,P2_outputs_path_150_to_200
2071,365394.7955402064,153,P2_outputs_path_150_to_200
2072,345552.3374659936,153,P2_outputs_path_150_to_200
2073,315581.1345470126,153,P2_outputs_path_150_to_200
2074,332974.03945340234,153,P2_outputs_path_150_to_200
2075,,153,P2_outputs_path_150_to_200
2025,229130.601432145,154,P2_outputs_path_150_to_200
2026,465073.61823949736,154,P2_outputs_path_150_to_200
2027,670473.8592654264,154,P2_outputs_path_150_to_200
2028,802129.1471522936,154,P2_outputs_path_150_to_200
2029,848703.5978644657,154,P2_outputs_path_150_to_200
2030,898723.7481274118,154,P2_outputs_path_150_to_200
2031,1172200.239070038,154,P2_outputs_path_150_to_200
2032,1280064.8356489646,154,P2_outputs_path_150_to_200
2033,1292738.1903874478,154,P2_outputs_path_150_to_200
2034,594307.6226022654,154,P2_outputs_path_150_to_200
2035,606466.3707518979,154,P2_outputs_path_150_to_200
2036,752290.4467007532,154,P2_outputs_path_150_to_200
2037,785645.7110681806,154,P2_outputs_path_150_to_200
2038,945346.1525123216,154,P2_outputs_path_150_to_200
2039,1218909.9326775032,154,P2_outputs_path_150_to_200
2040,1582912.3580266363,154,P2_outputs_path_150_to_200
2041,1698270.049179405,154,P2_outputs_path_150_to_200
2042,2011909.880904159,154,P2_outputs_path_150_to_200
2043,1995245.43193357,154,P2_outputs_path_150_to_200
2044,2007819.5606973248,154,P2_outputs_path_150_to_200
2045,1878267.310844379,154,P2_outputs_path_150_to_200
2046,2207457.498390266,154,P2_outputs_path_150_to_200
2047,2536192.17747273,154,P2_outputs_path_150_to_200
2048,2764861.13286776,154,P2_outputs_path_150_to_200
2049,3316934.7992204004,154,P2_outputs_path_150_to_200
2050,3335531.3795072665,154,P2_outputs_path_150_to_200
2051,3516470.212914958,154,P2_outputs_path_150_to_200
2052,4573499.670821919,154,P2_outputs_path_150_to_200
2053,4505989.050650458,154,P2_outputs_path_150_to_200
2054,4709116.980374253,154,P2_outputs_path_150_to_200
2055,4860486.671767913,154,P2_outputs_path_150_to_200
2056,4384420.7167412285,154,P2_outputs_path_150_to_200
2057,4706030.200853759,154,P2_outputs_path_150_to_200
2058,4959571.115083105,154,P2_outputs_path_150_to_200
2059,757854.6330932165,154,P2_outputs_path_150_to_200
2060,942733.3637961614,154,P2_outputs_path_150_to_200
2061,893897.4936884423,154,P2_outputs_path_150_to_200
2062,833581.5749080883,154,P2_outputs_path_150_to_200
2063,870244.9030714384,154,P2_outputs_path_150_to_200
2064,866077.5960829263,154,P2_outputs_path_150_to_200
2065,874753.1796373094,154,P2_outputs_path_150_to_200
2066,1035175.639846981,154,P2_outputs_path_150_to_200
2067,1053887.147577294,154,P2_outputs_path_150_to_200
2068,1014292.3185311108,154,P2_outputs_path_150_to_200
2069,1018761.5684839922,154,P2_outputs_path_150_to_200
2070,979086.9606154566,154,P2_outputs_path_150_to_200
2071,1063093.3399234286,154,P2_outputs_path_150_to_200
2072,1163898.495882321,154,P2_outputs_path_150_to_200
2073,1196149.270104045,154,P2_outputs_path_150_to_200
2074,1119822.458437567,154,P2_outputs_path_150_to_200
2075,,154,P2_outputs_path_150_to_200
2025,185581.586089784,155,P2_outputs_path_150_to_200
2026,249388.27960647,155,P2_outputs_path_150_to_200
2027,368586.03374962526,155,P2_outputs_path_150_to_200
2028,489645.3307649085,155,P2_outputs_path_150_to_200
2029,522098.3643984825,155,P2_outputs_path_150_to_200
2030,853676.1039622985,155,P2_outputs_path_150_to_200
2031,949542.1791487852,155,P2_outputs_path_150_to_200
2032,1168760.514878404,155,P2_outputs_path_150_to_200
2033,1387369.034537559,155,P2_outputs_path_150_to_200
2034,806106.1934234465,155,P2_outputs_path_150_to_200
2035,900812.8175920104,155,P2_outputs_path_150_to_200
2036,1129976.103125451,155,P2_outputs_path_150_to_200
2037,1241905.8186503642,155,P2_outputs_path_150_to_200
2038,1415513.9402015617,155,P2_outputs_path_150_to_200
2039,1230752.843569871,155,P2_outputs_path_150_to_200
2040,1084069.5118734303,155,P2_outputs_path_150_to_200
2041,1828383.81728829,155,P2_outputs_path_150_to_200
2042,1670845.4232606844,155,P2_outputs_path_150_to_200
2043,1493230.4932040393,155,P2_outputs_path_150_to_200
2044,2146589.06818656,155,P2_outputs_path_150_to_200
2045,2371573.056437979,155,P2_outputs_path_150_to_200
2046,2525273.001332216,155,P2_outputs_path_150_to_200
2047,2475790.5788057246,155,P2_outputs_path_150_to_200
2048,2890431.2158832126,155,P2_outputs_path_150_to_200
2049,3451984.846499524,155,P2_outputs_path_150_to_200
2050,4320458.662860896,155,P2_outputs_path_150_to_200
2051,4508451.606580219,155,P2_outputs_path_150_to_200
2052,4806425.304982953,155,P2_outputs_path_150_to_200
2053,5020905.858848389,155,P2_outputs_path_150_to_200
2054,4958591.041136569,155,P2_outputs_path_150_to_200
2055,4934155.779656226,155,P2_outputs_path_150_to_200
2056,5081395.576515812,155,P2_outputs_path_150_to_200
2057,4828463.934385792,155,P2_outputs_path_150_to_200
2058,4686476.848054811,155,P2_outputs_path_150_to_200
2059,458878.088979058,155,P2_outputs_path_150_to_200
2060,597458.8219294096,155,P2_outputs_path_150_to_200
2061,586777.1478375904,155,P2_outputs_path_150_to_200
2062,626380.6303217554,155,P2_outputs_path_150_to_200
2063,620239.8036447968,155,P2_outputs_path_150_to_200
2064,589185.0612874306,155,P2_outputs_path_150_to_200
2065,588846.9089894374,155,P2_outputs_path_150_to_200
2066,660919.1264975967,155,P2_outputs_path_150_to_200
2067,671793.7858653279,155,P2_outputs_path_150_to_200
2068,649038.9608281204,155,P2_outputs_path_150_to_200
2069,677623.391186122,155,P2_outputs_path_150_to_200
2070,784193.8369541422,155,P2_outputs_path_150_to_200
2071,784941.0111569494,155,P2_outputs_path_150_to_200
2072,808895.0975648335,155,P2_outputs_path_150_to_200
2073,836033.879104854,155,P2_outputs_path_150_to_200
2074,795359.0371438122,155,P2_outputs_path_150_to_200
2075,,155,P2_outputs_path_150_to_200
2025,209943.97140118305,156,P2_outputs_path_150_to_200
2026,276546.27020618337,156,P2_outputs_path_150_to_200
2027,319816.67044323566,156,P2_outputs_path_150_to_200
2028,316106.2400147021,156,P2_outputs_path_150_to_200
2029,371016.0483395093,156,P2_outputs_path_150_to_200
2030,492885.2344189548,156,P2_outputs_path_150_to_200
2031,655883.4745910078,156,P2_outputs_path_150_to_200
2032,772046.3123118818,156,P2_outputs_path_150_to_200
2033,936692.6398276072,156,P2_outputs_path_150_to_200
2034,385245.8747202396,156,P2_outputs_path_150_to_200
2035,434296.54832873336,156,P2_outputs_path_150_to_200
2036,554363.4305955765,156,P2_outputs_path_150_to_200
2037,729963.492939646,156,P2_outputs_path_150_to_200
2038,850388.8250263154,156,P2_outputs_path_150_to_200
2039,972436.7250277617,156,P2_outputs_path_150_to_200
2040,1128455.4950554746,156,P2_outputs_path_150_to_200
2041,1623640.5780741998,156,P2_outputs_path_150_to_200
2042,1708058.322250015,156,P2_outputs_path_150_to_200
2043,1555232.0657588828,156,P2_outputs_path_150_to_200
2044,1655158.9058562974,156,P2_outputs_path_150_to_200
2045,1716506.95412896,156,P2_outputs_path_150_to_200
2046,2291536.1141380123,156,P2_outputs_path_150_to_200
2047,2101217.903871822,156,P2_outputs_path_150_to_200
2048,2728977.820188759,156,P2_outputs_path_150_to_200
2049,2632880.590833824,156,P2_outputs_path_150_to_200
2050,2475406.7816901794,156,P2_outputs_path_150_to_200
2051,3078272.66687336,156,P2_outputs_path_150_to_200
2052,2917170.6722525638,156,P2_outputs_path_150_to_200
2053,3427787.224266938,156,P2_outputs_path_150_to_200
2054,2535823.666946093,156,P2_outputs_path_150_to_200
2055,2758689.09713417,156,P2_outputs_path_150_to_200
2056,3156518.9563522497,156,P2_outputs_path_150_to_200
2057,2822794.068010449,156,P2_outputs_path_150_to_200
2058,3146363.0673606405,156,P2_outputs_path_150_to_200
2059,0.0,156,P2_outputs_path_150_to_200
2060,133227.78261357223,156,P2_outputs_path_150_to_200
2061,129314.37833825518,156,P2_outputs_path_150_to_200
2062,132602.92174705357,156,P2_outputs_path_150_to_200
2063,138386.67672814196,156,P2_outputs_path_150_to_200
2064,136828.12827664873,156,P2_outputs_path_150_to_200
2065,139169.90279104153,156,P2_outputs_path_150_to_200
2066,134471.50381408806,156,P2_outputs_path_150_to_200
2067,143305.64055115526,156,P2_outputs_path_150_to_200
2068,137488.84254650018,156,P2_outputs_path_150_to_200
2069,146593.97504171458,156,P2_outputs_path_150_to_200
2070,155915.6949451646,156,P2_outputs_path_150_to_200
2071,164430.275607818,156,P2_outputs_path_150_to_200
2072,156189.6003006438,156,P2_outputs_path_150_to_200
2073,151503.7345146582,156,P2_outputs_path_150_to_200
2074,159585.69795564274,156,P2_outputs_path_150_to_200
2075,,156,P2_outputs_path_150_to_200
2025,175445.80317043277,157,P2_outputs_path_150_to_200
2026,308222.2477508838,157,P2_outputs_path_150_to_200
2027,377753.4631342283,157,P2_outputs_path_150_to_200
2028,458303.70048057137,157,P2_outputs_path_150_to_200
2029,607059.694165174,157,P2_outputs_path_150_to_200
2030,967764.7352714364,157,P2_outputs_path_150_to_200
2031,1027271.7235301242,157,P2_outputs_path_150_to_200
2032,1060584.0908603116,157,P2_outputs_path_150_to_200
2033,1131039.629428153,157,P2_outputs_path_150_to_200
2034,495835.1379252081,157,P2_outputs_path_150_to_200
2035,623133.0643713078,157,P2_outputs_path_150_to_200
2036,659882.8979696147,157,P2_outputs_path_150_to_200
2037,732383.1378694619,157,P2_outputs_path_150_to_200
2038,974816.0984625858,157,P2_outputs_path_150_to_200
2039,1075312.8906685114,157,P2_outputs_path_150_to_200
2040,1258186.6225955526,157,P2_outputs_path_150_to_200
2041,1244213.7666350524,157,P2_outputs_path_150_to_200
2042,1406147.4915424446,157,P2_outputs_path_150_to_200
2043,1353390.7407724245,157,P2_outputs_path_150_to_200
2044,1485138.3253184657,157,P2_outputs_path_150_to_200
2045,1321660.2506033727,157,P2_outputs_path_150_to_200
2046,1425334.8238991192,157,P2_outputs_path_150_to_200
2047,1901148.596236761,157,P2_outputs_path_150_to_200
2048,1947503.9100561847,157,P2_outputs_path_150_to_200
2049,2216954.050869646,157,P2_outputs_path_150_to_200
2050,2038714.9242482733,157,P2_outputs_path_150_to_200
2051,2668861.793627009,157,P2_outputs_path_150_to_200
2052,3069453.8502740664,157,P2_outputs_path_150_to_200
2053,3001405.7582349447,157,P2_outputs_path_150_to_200
2054,3646478.432697426,157,P2_outputs_path_150_to_200
2055,3912966.217428568,157,P2_outputs_path_150_to_200
2056,4463706.849966798,157,P2_outputs_path_150_to_200
2057,4898370.845348201,157,P2_outputs_path_150_to_200
2058,4830268.423643139,157,P2_outputs_path_150_to_200
2059,605840.5734176133,157,P2_outputs_path_150_to_200
2060,832646.2072903183,157,P2_outputs_path_150_to_200
2061,832952.3653036407,157,P2_outputs_path_150_to_200
2062,832621.0900465883,157,P2_outputs_path_150_to_200
2063,794728.10367711,157,P2_outputs_path_150_to_200
2064,749360.0000579917,157,P2_outputs_path_150_to_200
2065,839461.5858169832,157,P2_outputs_path_150_to_200
2066,892672.8993857799,157,P2_outputs_path_150_to_200
2067,794881.2022965432,157,P2_outputs_path_150_to_200
2068,807521.8432239632,157,P2_outputs_path_150_to_200
2069,779758.6802479721,157,P2_outputs_path_150_to_200
2070,834481.590005327,157,P2_outputs_path_150_to_200
2071,809772.0046127664,157,P2_outputs_path_150_to_200
2072,808211.441322753,157,P2_outputs_path_150_to_200
2073,843642.7165486473,157,P2_outputs_path_150_to_200
2074,869316.0709278579,157,P2_outputs_path_150_to_200
2075,,157,P2_outputs_path_150_to_200
2025,213361.4169517065,158,P2_outputs_path_150_to_200
2026,366608.5616521187,158,P2_outputs_path_150_to_200
2027,509069.5741515008,158,P2_outputs_path_150_to_200
2028,595197.1437376927,158,P2_outputs_path_150_to_200
2029,531991.937820008,158,P2_outputs_path_150_to_200
2030,843944.36979277,158,P2_outputs_path_150_to_200
2031,995592.6382393662,158,P2_outputs_path_150_to_200
2032,1156681.3848261903,158,P2_outputs_path_150_to_200
2033,1378623.2492792518,158,P2_outputs_path_150_to_200
2034,940238.6196230917,158,P2_outputs_path_150_to_200
2035,1215437.8942639255,158,P2_outputs_path_150_to_200
2036,1061735.6962878765,158,P2_outputs_path_150_to_200
2037,1260733.3128817962,158,P2_outputs_path_150_to_200
2038,1452650.79100228,158,P2_outputs_path_150_to_200
2039,1229850.832754352,158,P2_outputs_path_150_to_200
2040,1006953.882082322,158,P2_outputs_path_150_to_200
2041,1034632.460657882,158,P2_outputs_path_150_to_200
2042,1240437.4244845165,158,P2_outputs_path_150_to_200
2043,1194571.0407401065,158,P2_outputs_path_150_to_200
2044,1494424.9319052177,158,P2_outputs_path_150_to_200
2045,1688256.4766647778,158,P2_outputs_path_150_to_200
2046,2190113.67940278,158,P2_outputs_path_150_to_200
2047,2359531.3360168277,158,P2_outputs_path_150_to_200
2048,2738853.019709465,158,P2_outputs_path_150_to_200
2049,3325410.876225274,158,P2_outputs_path_150_to_200
2050,3535625.4961494245,158,P2_outputs_path_150_to_200
2051,4215987.248818124,158,P2_outputs_path_150_to_200
2052,4415579.911547151,158,P2_outputs_path_150_to_200
2053,4457588.16814751,158,P2_outputs_path_150_to_200
2054,4200795.978349089,158,P2_outputs_path_150_to_200
2055,4101772.42820586,158,P2_outputs_path_150_to_200
2056,4422190.802654184,158,P2_outputs_path_150_to_200
2057,4530139.323693558,158,P2_outputs_path_150_to_200
2058,4178558.153151936,158,P2_outputs_path_150_to_200
2059,0.0,158,P2_outputs_path_150_to_200
2060,138182.2905185881,158,P2_outputs_path_150_to_200
2061,142837.9167385414,158,P2_outputs_path_150_to_200
2062,141051.9126765564,158,P2_outputs_path_150_to_200
2063,131081.55230632628,158,P2_outputs_path_150_to_200
2064,132846.73747935414,158,P2_outputs_path_150_to_200
2065,130263.565271825,158,P2_outputs_path_150_to_200
2066,130698.49795983998,158,P2_outputs_path_150_to_200
2067,132915.7591105321,158,P2_outputs_path_150_to_200
2068,132346.85727239563,158,P2_outputs_path_150_to_200
2069,110672.98438134046,158,P2_outputs_path_150_to_200
2070,104113.49653580054,158,P2_outputs_path_150_to_200
2071,100327.61733610176,158,P2_outputs_path_150_to_200
2072,99200.37522661504,158,P2_outputs_path_150_to_200
2073,95759.55524029696,158,P2_outputs_path_150_to_200
2074,108754.98270342792,158,P2_outputs_path_150_to_200
2075,,158,P2_outputs_path_150_to_200
2025,251051.90671547156,159,P2_outputs_path_150_to_200
2026,376365.3175492557,159,P2_outputs_path_150_to_200
2027,445479.4193497785,159,P2_outputs_path_150_to_200
2028,443679.5030328224,159,P2_outputs_path_150_to_200
2029,550400.1177168671,159,P2_outputs_path_150_to_200
2030,673362.572723039,159,P2_outputs_path_150_to_200
2031,764539.0104602157,159,P2_outputs_path_150_to_200
2032,848588.4004788283,159,P2_outputs_path_150_to_200
2033,891311.3302348879,159,P2_outputs_path_150_to_200
2034,301321.20038842247,159,P2_outputs_path_150_to_200
2035,428122.6900303908,159,P2_outputs_path_150_to_200
2036,367283.5549516963,159,P2_outputs_path_150_to_200
2037,305198.8379159375,159,P2_outputs_path_150_to_200
2038,342328.6347551852,159,P2_outputs_path_150_to_200
2039,523396.1551615332,159,P2_outputs_path_150_to_200
2040,592916.4137007953,159,P2_outputs_path_150_to_200
2041,700483.8863434086,159,P2_outputs_path_150_to_200
2042,826472.8464971328,159,P2_outputs_path_150_to_200
2043,591696.9461197886,159,P2_outputs_path_150_to_200
2044,836911.4916787049,159,P2_outputs_path_150_to_200
2045,1021590.2928399948,159,P2_outputs_path_150_to_200
2046,1307505.3513404832,159,P2_outputs_path_150_to_200
2047,1345953.7081828474,159,P2_outputs_path_150_to_200
2048,1403011.062650562,159,P2_outputs_path_150_to_200
2049,1642062.3395135358,159,P2_outputs_path_150_to_200
2050,1566138.4842635088,159,P2_outputs_path_150_to_200
2051,1287005.6856907797,159,P2_outputs_path_150_to_200
2052,1361368.3149171553,159,P2_outputs_path_150_to_200
2053,1957170.8617480388,159,P2_outputs_path_150_to_200
2054,2749574.529443317,159,P2_outputs_path_150_to_200
2055,3047783.7314547896,159,P2_outputs_path_150_to_200
2056,3706579.3991606375,159,P2_outputs_path_150_to_200
2057,4002373.0864487872,159,P2_outputs_path_150_to_200
2058,4673017.215568059,159,P2_outputs_path_150_to_200
2059,790603.9796841824,159,P2_outputs_path_150_to_200
2060,946164.8929400996,159,P2_outputs_path_150_to_200
2061,938356.5274142328,159,P2_outputs_path_150_to_200
2062,901556.6219671522,159,P2_outputs_path_150_to_200
2063,945942.2444078886,159,P2_outputs_path_150_to_200
2064,904188.8145615316,159,P2_outputs_path_150_to_200
2065,921052.3137447628,159,P2_outputs_path_150_to_200
2066,869662.1249627672,159,P2_outputs_path_150_to_200
2067,921515.0730617814,159,P2_outputs_path_150_to_200
2068,958078.85091432,159,P2_outputs_path_150_to_200
2069,924751.9975418568,159,P2_outputs_path_150_to_200
2070,921175.386283666,159,P2_outputs_path_150_to_200
2071,995432.9064065912,159,P2_outputs_path_150_to_200
2072,1094429.6099670087,159,P2_outputs_path_150_to_200
2073,1129508.7469304986,159,P2_outputs_path_150_to_200
2074,1196507.9054088956,159,P2_outputs_path_150_to_200
2075,,159,P2_outputs_path_150_to_200
2025,196714.75313044412,160,P2_outputs_path_150_to_200
2026,300938.54288483085,160,P2_outputs_path_150_to_200
2027,353001.7027101993,160,P2_outputs_path_150_to_200
2028,441252.6644387293,160,P2_outputs_path_150_to_200
2029,462912.4295969224,160,P2_outputs_path_150_to_200
2030,592517.3703787437,160,P2_outputs_path_150_to_200
2031,649691.6256429973,160,P2_outputs_path_150_to_200
2032,724178.2651339042,160,P2_outputs_path_150_to_200
2033,800319.1434280179,160,P2_outputs_path_150_to_200
2034,216533.9612482409,160,P2_outputs_path_150_to_200
2035,299343.50431610714,160,P2_outputs_path_150_to_200
2036,412494.061327248,160,P2_outputs_path_150_to_200
2037,557454.6366623114,160,P2_outputs_path_150_to_200
2038,897258.2996467473,160,P2_outputs_path_150_to_200
2039,1140443.6295784386,160,P2_outputs_path_150_to_200
2040,1471957.8558913155,160,P2_outputs_path_150_to_200
2041,1444645.487860738,160,P2_outputs_path_150_to_200
2042,1574940.030776748,160,P2_outputs_path_150_to_200
2043,1481017.6896771328,160,P2_outputs_path_150_to_200
2044,1632626.3312341317,160,P2_outputs_path_150_to_200
2045,1842755.0400362755,160,P2_outputs_path_150_to_200
2046,1788276.2575668197,160,P2_outputs_path_150_to_200
2047,2124188.7162559424,160,P2_outputs_path_150_to_200
2048,2694304.007336256,160,P2_outputs_path_150_to_200
2049,2871692.721847692,160,P2_outputs_path_150_to_200
2050,3227070.915089658,160,P2_outputs_path_150_to_200
2051,3256748.383927932,160,P2_outputs_path_150_to_200
2052,3178151.170321998,160,P2_outputs_path_150_to_200
2053,3781569.7747495114,160,P2_outputs_path_150_to_200
2054,3788093.521857227,160,P2_outputs_path_150_to_200
2055,4285315.64338935,160,P2_outputs_path_150_to_200
2056,4508259.259196892,160,P2_outputs_path_150_to_200
2057,4758688.497699651,160,P2_outputs_path_150_to_200
2058,4664985.720838381,160,P2_outputs_path_150_to_200
2059,376555.35210333206,160,P2_outputs_path_150_to_200
2060,544075.4347140919,160,P2_outputs_path_150_to_200
2061,540456.1707407926,160,P2_outputs_path_150_to_200
2062,594415.1015422858,160,P2_outputs_path_150_to_200
2063,546681.8808370117,160,P2_outputs_path_150_to_200
2064,552569.2824562846,160,P2_outputs_path_150_to_200
2065,538081.7500511698,160,P2_outputs_path_150_to_200
2066,546747.3693640738,160,P2_outputs_path_150_to_200
2067,566739.0365246194,160,P2_outputs_path_150_to_200
2068,581101.9307763858,160,P2_outputs_path_150_to_200
2069,589376.0681873048,160,P2_outputs_path_150_to_200
2070,572268.3533634054,160,P2_outputs_path_150_to_200
2071,600692.8009156222,160,P2_outputs_path_150_to_200
2072,615521.6617154239,160,P2_outputs_path_150_to_200
2073,641137.3508764864,160,P2_outputs_path_150_to_200
2074,605992.8853604577,160,P2_outputs_path_150_to_200
2075,,160,P2_outputs_path_150_to_200
2025,211039.4632054088,161,P2_outputs_path_150_to_200
2026,307589.6962462458,161,P2_outputs_path_150_to_200
2027,416467.9136976456,161,P2_outputs_path_150_to_200
2028,424382.72093492525,161,P2_outputs_path_150_to_200
2029,466719.6544164147,161,P2_outputs_path_150_to_200
2030,486159.8381741309,161,P2_outputs_path_150_to_200
2031,628193.2684508989,161,P2_outputs_path_150_to_200
2032,688777.7993869248,161,P2_outputs_path_150_to_200
2033,848545.5405419072,161,P2_outputs_path_150_to_200
2034,219974.3485735824,161,P2_outputs_path_150_to_200
2035,261181.7367603584,161,P2_outputs_path_150_to_200
2036,376337.0470578764,161,P2_outputs_path_150_to_200
2037,505610.853026551,161,P2_outputs_path_150_to_200
2038,849665.8693549931,161,P2_outputs_path_150_to_200
2039,1052622.3084816216,161,P2_outputs_path_150_to_200
2040,1294945.5016366832,161,P2_outputs_path_150_to_200
2041,1664531.7176321608,161,P2_outputs_path_150_to_200
2042,2269207.7690926874,161,P2_outputs_path_150_to_200
2043,2377633.768431154,161,P2_outputs_path_150_to_200
2044,2360832.693084415,161,P2_outputs_path_150_to_200
2045,2575874.742597462,161,P2_outputs_path_150_to_200
2046,2543353.383191355,161,P2_outputs_path_150_to_200
2047,2899593.4539122465,161,P2_outputs_path_150_to_200
2048,2838586.754370972,161,P2_outputs_path_150_to_200
2049,2863558.3237162256,161,P2_outputs_path_150_to_200
2050,3157602.1809464023,161,P2_outputs_path_150_to_200
2051,3358833.712136305,161,P2_outputs_path_150_to_200
2052,3491861.499261686,161,P2_outputs_path_150_to_200
2053,3822387.615742635,161,P2_outputs_path_150_to_200
2054,3064477.581333151,161,P2_outputs_path_150_to_200
2055,3642610.8742139344,161,P2_outputs_path_150_to_200
2056,4079296.01542069,161,P2_outputs_path_150_to_200
2057,4058870.9416404455,161,P2_outputs_path_150_to_200
2058,4572007.90373433,161,P2_outputs_path_150_to_200
2059,673375.78088402,161,P2_outputs_path_150_to_200
2060,874650.4409486083,161,P2_outputs_path_150_to_200
2061,897108.270571659,161,P2_outputs_path_150_to_200
2062,956166.7794222631,161,P2_outputs_path_150_to_200
2063,1028455.1878490696,161,P2_outputs_path_150_to_200
2064,1125011.692525254,161,P2_outputs_path_150_to_200
2065,1085455.416503545,161,P2_outputs_path_150_to_200
2066,1028352.4359563504,161,P2_outputs_path_150_to_200
2067,1031647.2741802213,161,P2_outputs_path_150_to_200
2068,1036774.691225657,161,P2_outputs_path_150_to_200
2069,1055151.450754786,161,P2_outputs_path_150_to_200
2070,1059848.5887095807,161,P2_outputs_path_150_to_200
2071,1183033.2396723472,161,P2_outputs_path_150_to_200
2072,1218642.9454345433,161,P2_outputs_path_150_to_200
2073,1319883.4568454504,161,P2_outputs_path_150_to_200
2074,1261240.6991906788,161,P2_outputs_path_150_to_200
2075,,161,P2_outputs_path_150_to_200
2025,197207.8754949004,162,P2_outputs_path_150_to_200
2026,303854.8086310868,162,P2_outputs_path_150_to_200
2027,431418.8247439139,162,P2_outputs_path_150_to_200
2028,515280.1036885478,162,P2_outputs_path_150_to_200
2029,714681.2637480592,162,P2_outputs_path_150_to_200
2030,773673.7420467224,162,P2_outputs_path_150_to_200
2031,915357.8006683493,162,P2_outputs_path_150_to_200
2032,966041.2078974678,162,P2_outputs_path_150_to_200
2033,1123245.8505652894,162,P2_outputs_path_150_to_200
2034,501069.2937958767,162,P2_outputs_path_150_to_200
2035,636180.3476527106,162,P2_outputs_path_150_to_200
2036,1104877.3503652872,162,P2_outputs_path_150_to_200
2037,720491.9788814733,162,P2_outputs_path_150_to_200
2038,737562.6732197499,162,P2_outputs_path_150_to_200
2039,998599.3996724228,162,P2_outputs_path_150_to_200
2040,998252.8848657766,162,P2_outputs_path_150_to_200
2041,727646.2744988808,162,P2_outputs_path_150_to_200
2042,716694.7493530742,162,P2_outputs_path_150_to_200
2043,793298.6512520607,162,P2_outputs_path_150_to_200
2044,811741.1316234833,162,P2_outputs_path_150_to_200
2045,987332.568537876,162,P2_outputs_path_150_to_200
2046,725747.0953762007,162,P2_outputs_path_150_to_200
2047,989255.2477175542,162,P2_outputs_path_150_to_200
2048,852252.514347615,162,P2_outputs_path_150_to_200
2049,1245645.774367154,162,P2_outputs_path_150_to_200
2050,1642545.3326257283,162,P2_outputs_path_150_to_200
2051,1878352.7938965217,162,P2_outputs_path_150_to_200
2052,1749820.1116503663,162,P2_outputs_path_150_to_200
2053,1887322.705420073,162,P2_outputs_path_150_to_200
2054,2211429.720312972,162,P2_outputs_path_150_to_200
2055,2171028.466907591,162,P2_outputs_path_150_to_200
2056,2801157.879801134,162,P2_outputs_path_150_to_200
2057,3092558.8263062187,162,P2_outputs_path_150_to_200
2058,3626888.606840724,162,P2_outputs_path_150_to_200
2059,0.0,162,P2_outputs_path_150_to_200
2060,134219.6292229303,162,P2_outputs_path_150_to_200
2061,130497.0650570883,162,P2_outputs_path_150_to_200
2062,139334.00838553812,162,P2_outputs_path_150_to_200
2063,141012.50893205445,162,P2_outputs_path_150_to_200
2064,140229.00465958542,162,P2_outputs_path_150_to_200
2065,133672.81314595736,162,P2_outputs_path_150_to_200
2066,133110.09466413807,162,P2_outputs_path_150_to_200
2067,139745.5897461123,162,P2_outputs_path_150_to_200
2068,141640.10731508338,162,P2_outputs_path_150_to_200
2069,152838.19702002054,162,P2_outputs_path_150_to_200
2070,178241.56002918194,162,P2_outputs_path_150_to_200
2071,179636.09595742484,162,P2_outputs_path_150_to_200
2072,170459.6163673325,162,P2_outputs_path_150_to_200
2073,175672.58013489586,162,P2_outputs_path_150_to_200
2074,167770.57179117933,162,P2_outputs_path_150_to_200
2075,,162,P2_outputs_path_150_to_200
2025,197821.65716872385,163,P2_outputs_path_150_to_200
2026,270664.1520361277,163,P2_outputs_path_150_to_200
2027,377221.9770440855,163,P2_outputs_path_150_to_200
2028,536103.3425430794,163,P2_outputs_path_150_to_200
2029,457788.239706054,163,P2_outputs_path_150_to_200
2030,669832.3192989334,163,P2_outputs_path_150_to_200
2031,756069.564743273,163,P2_outputs_path_150_to_200
2032,908957.5716902304,163,P2_outputs_path_150_to_200
2033,1100218.7145823955,163,P2_outputs_path_150_to_200
2034,484656.2498270013,163,P2_outputs_path_150_to_200
2035,659400.1428370337,163,P2_outputs_path_150_to_200
2036,843087.0884729887,163,P2_outputs_path_150_to_200
2037,1057164.845975482,163,P2_outputs_path_150_to_200
2038,1150368.6665469927,163,P2_outputs_path_150_to_200
2039,1385446.916041021,163,P2_outputs_path_150_to_200
2040,1486419.8936667691,163,P2_outputs_path_150_to_200
2041,1635658.2617965431,163,P2_outputs_path_150_to_200
2042,1996853.6789598025,163,P2_outputs_path_150_to_200
2043,2463474.507638552,163,P2_outputs_path_150_to_200
2044,2732869.531391949,163,P2_outputs_path_150_to_200
2045,2737107.905028466,163,P2_outputs_path_150_to_200
2046,3570893.2110161567,163,P2_outputs_path_150_to_200
2047,3819759.252754983,163,P2_outputs_path_150_to_200
2048,3558456.003133673,163,P2_outputs_path_150_to_200
2049,3894972.2654553154,163,P2_outputs_path_150_to_200
2050,3758755.895311228,163,P2_outputs_path_150_to_200
2051,4262203.833908881,163,P2_outputs_path_150_to_200
2052,4621167.647006522,163,P2_outputs_path_150_to_200
2053,5227999.994637898,163,P2_outputs_path_150_to_200
2054,5418053.006664238,163,P2_outputs_path_150_to_200
2055,5566657.857743924,163,P2_outputs_path_150_to_200
2056,4931164.651769639,163,P2_outputs_path_150_to_200
2057,5121291.452687967,163,P2_outputs_path_150_to_200
2058,5035805.614091083,163,P2_outputs_path_150_to_200
2059,803002.6006413018,163,P2_outputs_path_150_to_200
2060,972831.6956236748,163,P2_outputs_path_150_to_200
2061,1022752.0675900796,163,P2_outputs_path_150_to_200
2062,1010274.1117292282,163,P2_outputs_path_150_to_200
2063,1037687.4571494992,163,P2_outputs_path_150_to_200
2064,1097109.5221054011,163,P2_outputs_path_150_to_200
2065,1170589.0889559072,163,P2_outputs_path_150_to_200
2066,1293309.602105311,163,P2_outputs_path_150_to_200
2067,1268414.678431011,163,P2_outputs_path_150_to_200
2068,1272012.100991555,163,P2_outputs_path_150_to_200
2069,1256741.637281821,163,P2_outputs_path_150_to_200
2070,1289220.5691590195,163,P2_outputs_path_150_to_200
2071,1197525.7643917466,163,P2_outputs_path_150_to_200
2072,1165097.885010925,163,P2_outputs_path_150_to_200
2073,1173064.6713606452,163,P2_outputs_path_150_to_200
2074,1195811.5060521082,163,P2_outputs_path_150_to_200
2075,,163,P2_outputs_path_150_to_200
2025,223413.4999435474,164,P2_outputs_path_150_to_200
2026,354718.6116489163,164,P2_outputs_path_150_to_200
2027,427928.9515021999,164,P2_outputs_path_150_to_200
2028,546028.2111274496,164,P2_outputs_path_150_to_200
2029,601479.9810125503,164,P2_outputs_path_150_to_200
2030,822967.7807352475,164,P2_outputs_path_150_to_200
2031,975605.5296809108,164,P2_outputs_path_150_to_200
2032,946905.656025863,164,P2_outputs_path_150_to_200
2033,1084516.6164531368,164,P2_outputs_path_150_to_200
2034,458475.9162701034,164,P2_outputs_path_150_to_200
2035,499692.9938780044,164,P2_outputs_path_150_to_200
2036,464716.2676548819,164,P2_outputs_path_150_to_200
2037,571247.9268198605,164,P2_outputs_path_150_to_200
2038,439949.6392543239,164,P2_outputs_path_150_to_200
2039,584559.7474366055,164,P2_outputs_path_150_to_200
2040,842039.0719695182,164,P2_outputs_path_150_to_200
2041,1014713.0506652629,164,P2_outputs_path_150_to_200
2042,1173151.708592903,164,P2_outputs_path_150_to_200
2043,1093992.803873333,164,P2_outputs_path_150_to_200
2044,1210309.5134545057,164,P2_outputs_path_150_to_200
2045,1514540.4241058698,164,P2_outputs_path_150_to_200
2046,1824628.137331721,164,P2_outputs_path_150_to_200
2047,2074106.8245807143,164,P2_outputs_path_150_to_200
2048,2035499.3414750523,164,P2_outputs_path_150_to_200
2049,2381480.3241749275,164,P2_outputs_path_150_to_200
2050,2651279.6500312467,164,P2_outputs_path_150_to_200
2051,3030870.587742456,164,P2_outputs_path_150_to_200
2052,2615913.6711864723,164,P2_outputs_path_150_to_200
2053,2169969.096684192,164,P2_outputs_path_150_to_200
2054,2767667.517348836,164,P2_outputs_path_150_to_200
2055,2964269.4425482377,164,P2_outputs_path_150_to_200
2056,3475056.1094706394,164,P2_outputs_path_150_to_200
2057,4173129.392888025,164,P2_outputs_path_150_to_200
2058,4350051.63808951,164,P2_outputs_path_150_to_200
2059,80021.82237667218,164,P2_outputs_path_150_to_200
2060,215184.12631830803,164,P2_outputs_path_150_to_200
2061,205416.0157700037,164,P2_outputs_path_150_to_200
2062,208242.3472848662,164,P2_outputs_path_150_to_200
2063,193910.11909663645,164,P2_outputs_path_150_to_200
2064,200015.8303403482,164,P2_outputs_path_150_to_200
2065,211194.31456026767,164,P2_outputs_path_150_to_200
2066,201931.5664323116,164,P2_outputs_path_150_to_200
2067,218500.3095462933,164,P2_outputs_path_150_to_200
2068,240749.9443734764,164,P2_outputs_path_150_to_200
2069,219536.712930299,164,P2_outputs_path_150_to_200
2070,224366.2753621685,164,P2_outputs_path_150_to_200
2071,234220.50284683515,164,P2_outputs_path_150_to_200
2072,228013.74158125996,164,P2_outputs_path_150_to_200
2073,223336.6691456565,164,P2_outputs_path_150_to_200
2074,213868.44657195103,164,P2_outputs_path_150_to_200
2075,,164,P2_outputs_path_150_to_200
2025,191210.59591359,165,P2_outputs_path_150_to_200
2026,325414.35538169194,165,P2_outputs_path_150_to_200
2027,519883.2564108014,165,P2_outputs_path_150_to_200
2028,612473.5291341353,165,P2_outputs_path_150_to_200
2029,676150.2671357326,165,P2_outputs_path_150_to_200
2030,733606.5629738235,165,P2_outputs_path_150_to_200
2031,877237.3477076674,165,P2_outputs_path_150_to_200
2032,937963.6351050409,165,P2_outputs_path_150_to_200
2033,1137002.6296754663,165,P2_outputs_path_150_to_200
2034,502297.7942084846,165,P2_outputs_path_150_to_200
2035,679779.835943492,165,P2_outputs_path_150_to_200
2036,906589.907800023,165,P2_outputs_path_150_to_200
2037,897653.2247477651,165,P2_outputs_path_150_to_200
2038,769446.1803111571,165,P2_outputs_path_150_to_200
2039,909135.789031113,165,P2_outputs_path_150_to_200
2040,1113711.4996770932,165,P2_outputs_path_150_to_200
2041,1316488.9245438972,165,P2_outputs_path_150_to_200
2042,1386976.8612607778,165,P2_outputs_path_150_to_200
2043,1445194.700258565,165,P2_outputs_path_150_to_200
2044,2114006.628017166,165,P2_outputs_path_150_to_200
2045,2599752.6692914995,165,P2_outputs_path_150_to_200
2046,3862498.086565613,165,P2_outputs_path_150_to_200
2047,4304898.050018195,165,P2_outputs_path_150_to_200
2048,4517785.786701114,165,P2_outputs_path_150_to_200
2049,4519825.977656756,165,P2_outputs_path_150_to_200
2050,4429988.561586129,165,P2_outputs_path_150_to_200
2051,4495059.808221023,165,P2_outputs_path_150_to_200
2052,4656126.906688761,165,P2_outputs_path_150_to_200
2053,4559577.075160847,165,P2_outputs_path_150_to_200
2054,4672262.070523896,165,P2_outputs_path_150_to_200
2055,4861192.482205907,165,P2_outputs_path_150_to_200
2056,5371073.7094944,165,P2_outputs_path_150_to_200
2057,5573539.591899676,165,P2_outputs_path_150_to_200
2058,5222024.559787378,165,P2_outputs_path_150_to_200
2059,1022323.476700592,165,P2_outputs_path_150_to_200
2060,1242753.657057377,165,P2_outputs_path_150_to_200
2061,1280088.0031137792,165,P2_outputs_path_150_to_200
2062,1160198.1893032992,165,P2_outputs_path_150_to_200
2063,1163437.446795281,165,P2_outputs_path_150_to_200
2064,1159456.750767484,165,P2_outputs_path_150_to_200
2065,1098685.089483588,165,P2_outputs_path_150_to_200
2066,1158248.326176277,165,P2_outputs_path_150_to_200
2067,1173244.9726222495,165,P2_outputs_path_150_to_200
2068,1166208.797673435,165,P2_outputs_path_150_to_200
2069,1293974.7492826134,165,P2_outputs_path_150_to_200
2070,1238592.422200479,165,P2_outputs_path_150_to_200
2071,1250224.072323656,165,P2_outputs_path_150_to_200
2072,1224171.6724533923,165,P2_outputs_path_150_to_200
2073,1228155.25901145,165,P2_outputs_path_150_to_200
2074,1267505.2059069588,165,P2_outputs_path_150_to_200
2075,,165,P2_outputs_path_150_to_200
2025,194696.6569965852,166,P2_outputs_path_150_to_200
2026,320766.2587018481,166,P2_outputs_path_150_to_200
2027,472121.8974878848,166,P2_outputs_path_150_to_200
2028,575014.3500541305,166,P2_outputs_path_150_to_200
2029,692652.4752840154,166,P2_outputs_path_150_to_200
2030,784147.0581746727,166,P2_outputs_path_150_to_200
2031,901863.7305468214,166,P2_outputs_path_150_to_200
2032,939719.3827710106,166,P2_outputs_path_150_to_200
2033,1028702.7232696288,166,P2_outputs_path_150_to_200
2034,451052.3124548216,166,P2_outputs_path_150_to_200
2035,672090.042768766,166,P2_outputs_path_150_to_200
2036,968478.2154187867,166,P2_outputs_path_150_to_200
2037,1027695.2807089604,166,P2_outputs_path_150_to_200
2038,1264813.1553267797,166,P2_outputs_path_150_to_200
2039,1457094.6193367068,166,P2_outputs_path_150_to_200
2040,1920856.3240210488,166,P2_outputs_path_150_to_200
2041,2105073.887716099,166,P2_outputs_path_150_to_200
2042,1912991.2624508592,166,P2_outputs_path_150_to_200
2043,2424674.252086436,166,P2_outputs_path_150_to_200
2044,2654468.215521688,166,P2_outputs_path_150_to_200
2045,2881864.178682416,166,P2_outputs_path_150_to_200
2046,2632208.2988989707,166,P2_outputs_path_150_to_200
2047,2490247.7115480504,166,P2_outputs_path_150_to_200
2048,2717869.03712637,166,P2_outputs_path_150_to_200
2049,3007314.934888811,166,P2_outputs_path_150_to_200
2050,3261408.7066733157,166,P2_outputs_path_150_to_200
2051,2905125.362012388,166,P2_outputs_path_150_to_200
2052,3006545.406243762,166,P2_outputs_path_150_to_200
2053,2774663.763711009,166,P2_outputs_path_150_to_200
2054,2746950.032941265,166,P2_outputs_path_150_to_200
2055,3642948.117938055,166,P2_outputs_path_150_to_200
2056,3350523.8118519457,166,P2_outputs_path_150_to_200
2057,3326114.7003250434,166,P2_outputs_path_150_to_200
2058,3740403.181569744,166,P2_outputs_path_150_to_200
2059,0.0,166,P2_outputs_path_150_to_200
2060,155335.7615331721,166,P2_outputs_path_150_to_200
2061,157029.4837809743,166,P2_outputs_path_150_to_200
2062,154061.79937437316,166,P2_outputs_path_150_to_200
2063,166526.58663948212,166,P2_outputs_path_150_to_200
2064,163127.64605509944,166,P2_outputs_path_150_to_200
2065,186408.8478662163,166,P2_outputs_path_150_to_200
2066,179503.8398324538,166,P2_outputs_path_150_to_200
2067,184446.99796629028,166,P2_outputs_path_150_to_200
2068,190614.8515898286,166,P2_outputs_path_150_to_200
2069,233334.43439855237,166,P2_outputs_path_150_to_200
2070,233345.7839841925,166,P2_outputs_path_150_to_200
2071,231202.42519703985,166,P2_outputs_path_150_to_200
2072,229764.5747890012,166,P2_outputs_path_150_to_200
2073,232654.309047669,166,P2_outputs_path_150_to_200
2074,227418.1623554931,166,P2_outputs_path_150_to_200
2075,,166,P2_outputs_path_150_to_200
2025,210822.15841585837,167,P2_outputs_path_150_to_200
2026,273911.223775203,167,P2_outputs_path_150_to_200
2027,318498.2497873224,167,P2_outputs_path_150_to_200
2028,454226.7621250221,167,P2_outputs_path_150_to_200
2029,472315.27681462746,167,P2_outputs_path_150_to_200
2030,727825.7832491176,167,P2_outputs_path_150_to_200
2031,789275.9410149707,167,P2_outputs_path_150_to_200
2032,881515.1664282032,167,P2_outputs_path_150_to_200
2033,918182.044334378,167,P2_outputs_path_150_to_200
2034,300662.1115647,167,P2_outputs_path_150_to_200
2035,402355.2812496747,167,P2_outputs_path_150_to_200
2036,464905.3232199035,167,P2_outputs_path_150_to_200
2037,592621.7426384845,167,P2_outputs_path_150_to_200
2038,864448.0402790761,167,P2_outputs_path_150_to_200
2039,936724.8261856404,167,P2_outputs_path_150_to_200
2040,1126888.0015344953,167,P2_outputs_path_150_to_200
2041,1260015.2524952828,167,P2_outputs_path_150_to_200
2042,1074838.3945671618,167,P2_outputs_path_150_to_200
2043,937944.7841806854,167,P2_outputs_path_150_to_200
2044,838121.7711528662,167,P2_outputs_path_150_to_200
2045,804193.0115385604,167,P2_outputs_path_150_to_200
2046,1073801.0901887675,167,P2_outputs_path_150_to_200
2047,1395549.6358515038,167,P2_outputs_path_150_to_200
2048,1611919.4240581014,167,P2_outputs_path_150_to_200
2049,1682934.3012505523,167,P2_outputs_path_150_to_200
2050,2089453.7942433008,167,P2_outputs_path_150_to_200
2051,1993849.2762675872,167,P2_outputs_path_150_to_200
2052,1887897.826126448,167,P2_outputs_path_150_to_200
2053,2010444.0146768896,167,P2_outputs_path_150_to_200
2054,1965225.534138266,167,P2_outputs_path_150_to_200
2055,2272003.7091499446,167,P2_outputs_path_150_to_200
2056,2292731.867124263,167,P2_outputs_path_150_to_200
2057,2532687.714518958,167,P2_outputs_path_150_to_200
2058,2831711.323398665,167,P2_outputs_path_150_to_200
2059,0.0,167,P2_outputs_path_150_to_200
2060,140426.27590001014,167,P2_outputs_path_150_to_200
2061,149619.2248969759,167,P2_outputs_path_150_to_200
2062,149839.96075763437,167,P2_outputs_path_150_to_200
2063,162922.4422446611,167,P2_outputs_path_150_to_200
2064,168640.71369808237,167,P2_outputs_path_150_to_200
2065,158250.95862170198,167,P2_outputs_path_150_to_200
2066,155477.34239379887,167,P2_outputs_path_150_to_200
2067,157560.11985685045,167,P2_outputs_path_150_to_200
2068,157798.46438178743,167,P2_outputs_path_150_to_200
2069,176271.88215884965,167,P2_outputs_path_150_to_200
2070,172538.12228739462,167,P2_outputs_path_150_to_200
2071,167879.18772953612,167,P2_outputs_path_150_to_200
2072,169892.84152845654,167,P2_outputs_path_150_to_200
2073,179420.06082283094,167,P2_outputs_path_150_to_200
2074,185333.02981828924,167,P2_outputs_path_150_to_200
2075,,167,P2_outputs_path_150_to_200
2025,187409.6622701475,168,P2_outputs_path_150_to_200
2026,279402.87959784805,168,P2_outputs_path_150_to_200
2027,412605.67107566894,168,P2_outputs_path_150_to_200
2028,449087.11127729097,168,P2_outputs_path_150_to_200
2029,547909.1699359613,168,P2_outputs_path_150_to_200
2030,675105.4037266029,168,P2_outputs_path_150_to_200
2031,784057.4708675825,168,P2_outputs_path_150_to_200
2032,859389.8837312737,168,P2_outputs_path_150_to_200
2033,895408.0636407441,168,P2_outputs_path_150_to_200
2034,359206.9284118018,168,P2_outputs_path_150_to_200
2035,414464.340211765,168,P2_outputs_path_150_to_200
2036,628015.2441196723,168,P2_outputs_path_150_to_200
2037,751608.6764263526,168,P2_outputs_path_150_to_200
2038,828766.8761324137,168,P2_outputs_path_150_to_200
2039,1096065.8472863878,168,P2_outputs_path_150_to_200
2040,1259591.9758386612,168,P2_outputs_path_150_to_200
2041,1326412.1396858096,168,P2_outputs_path_150_to_200
2042,1406810.745044214,168,P2_outputs_path_150_to_200
2043,1595263.0288717216,168,P2_outputs_path_150_to_200
2044,1948740.7441958264,168,P2_outputs_path_150_to_200
2045,2436052.9599648044,168,P2_outputs_path_150_to_200
2046,2131876.5161356744,168,P2_outputs_path_150_to_200
2047,2536701.539875417,168,P2_outputs_path_150_to_200
2048,2773834.4686459857,168,P2_outputs_path_150_to_200
2049,2712297.058931846,168,P2_outputs_path_150_to_200
2050,3435900.015282015,168,P2_outputs_path_150_to_200
2051,4209559.768074214,168,P2_outputs_path_150_to_200
2052,4184577.176011492,168,P2_outputs_path_150_to_200
2053,4495157.574598077,168,P2_outputs_path_150_to_200
2054,4665487.976834651,168,P2_outputs_path_150_to_200
2055,4942961.74272659,168,P2_outputs_path_150_to_200
2056,4740428.263744579,168,P2_outputs_path_150_to_200
2057,5029488.880272286,168,P2_outputs_path_150_to_200
2058,4857592.205515319,168,P2_outputs_path_150_to_200
2059,595148.2154903766,168,P2_outputs_path_150_to_200
2060,622038.514004233,168,P2_outputs_path_150_to_200
2061,662186.7863759547,168,P2_outputs_path_150_to_200
2062,695321.3038542622,168,P2_outputs_path_150_to_200
2063,728435.747125709,168,P2_outputs_path_150_to_200
2064,726396.5512139872,168,P2_outputs_path_150_to_200
2065,759683.2944838142,168,P2_outputs_path_150_to_200
2066,754038.7077756667,168,P2_outputs_path_150_to_200
2067,801735.6533258808,168,P2_outputs_path_150_to_200
2068,776892.341106296,168,P2_outputs_path_150_to_200
2069,867510.5893686219,168,P2_outputs_path_150_to_200
2070,852565.7874279076,168,P2_outputs_path_150_to_200
2071,834635.6964377174,168,P2_outputs_path_150_to_200
2072,866173.0139552865,168,P2_outputs_path_150_to_200
2073,935153.1151345326,168,P2_outputs_path_150_to_200
2074,881796.3475575182,168,P2_outputs_path_150_to_200
2075,,168,P2_outputs_path_150_to_200
2025,170414.4620446571,169,P2_outputs_path_150_to_200
2026,297881.3319480462,169,P2_outputs_path_150_to_200
2027,356771.7449393778,169,P2_outputs_path_150_to_200
2028,357610.0272286198,169,P2_outputs_path_150_to_200
2029,345023.83561092184,169,P2_outputs_path_150_to_200
2030,379855.8660858611,169,P2_outputs_path_150_to_200
2031,555176.1270163801,169,P2_outputs_path_150_to_200
2032,620722.7231036433,169,P2_outputs_path_150_to_200
2033,547871.3872628511,169,P2_outputs_path_150_to_200
2034,798952.1666692634,169,P2_outputs_path_150_to_200
2035,858332.7066056842,169,P2_outputs_path_150_to_200
2036,986079.5200025198,169,P2_outputs_path_150_to_200
2037,1367545.2482190386,169,P2_outputs_path_150_to_200
2038,1292191.0775284506,169,P2_outputs_path_150_to_200
2039,1337204.184644792,169,P2_outputs_path_150_to_200
2040,1733079.6247618918,169,P2_outputs_path_150_to_200
2041,1626294.445246977,169,P2_outputs_path_150_to_200
2042,1853866.2772428696,169,P2_outputs_path_150_to_200
2043,2316571.939961347,169,P2_outputs_path_150_to_200
2044,2224822.42841919,169,P2_outputs_path_150_to_200
2045,2598344.802365234,169,P2_outputs_path_150_to_200
2046,2977325.6569734258,169,P2_outputs_path_150_to_200
2047,3002910.115631594,169,P2_outputs_path_150_to_200
2048,3303194.059566089,169,P2_outputs_path_150_to_200
2049,3558954.97712291,169,P2_outputs_path_150_to_200
2050,4152065.4199256822,169,P2_outputs_path_150_to_200
2051,4752282.354729068,169,P2_outputs_path_150_to_200
2052,4524145.838041822,169,P2_outputs_path_150_to_200
2053,4442471.117517252,169,P2_outputs_path_150_to_200
2054,4070952.902594878,169,P2_outputs_path_150_to_200
2055,4635844.555446811,169,P2_outputs_path_150_to_200
2056,4666183.83454407,169,P2_outputs_path_150_to_200
2057,4912015.165483762,169,P2_outputs_path_150_to_200
2058,5090763.89015289,169,P2_outputs_path_150_to_200
2059,1167038.2430387505,169,P2_outputs_path_150_to_200
2060,1451829.8494984526,169,P2_outputs_path_150_to_200
2061,1550761.7689533755,169,P2_outputs_path_150_to_200
2062,1582610.5840744618,169,P2_outputs_path_150_to_200
2063,1684612.051861885,169,P2_outputs_path_150_to_200
2064,1640195.1842595446,169,P2_outputs_path_150_to_200
2065,1717623.8721720632,169,P2_outputs_path_150_to_200
2066,1718589.5557921084,169,P2_outputs_path_150_to_200
2067,1787850.6385896823,169,P2_outputs_path_150_to_200
2068,1791566.4701136386,169,P2_outputs_path_150_to_200
2069,1678562.588780672,169,P2_outputs_path_150_to_200
2070,1665015.5281781778,169,P2_outputs_path_150_to_200
2071,1622168.2049279336,169,P2_outputs_path_150_to_200
2072,1738606.8351093088,169,P2_outputs_path_150_to_200
2073,1619164.7004863247,169,P2_outputs_path_150_to_200
2074,1753486.8735488087,169,P2_outputs_path_150_to_200
2075,,169,P2_outputs_path_150_to_200
2025,211100.5178752312,170,P2_outputs_path_150_to_200
2026,341490.1496795451,170,P2_outputs_path_150_to_200
2027,452805.433172447,170,P2_outputs_path_150_to_200
2028,596660.0926561338,170,P2_outputs_path_150_to_200
2029,695089.4422936052,170,P2_outputs_path_150_to_200
2030,756148.4362451519,170,P2_outputs_path_150_to_200
2031,826636.7092167025,170,P2_outputs_path_150_to_200
2032,881845.6680228179,170,P2_outputs_path_150_to_200
2033,931583.7185556396,170,P2_outputs_path_150_to_200
2034,364894.0458131416,170,P2_outputs_path_150_to_200
2035,484177.0066656198,170,P2_outputs_path_150_to_200
2036,639652.5784992804,170,P2_outputs_path_150_to_200
2037,836313.364661083,170,P2_outputs_path_150_to_200
2038,994468.1754636788,170,P2_outputs_path_150_to_200
2039,857727.712192807,170,P2_outputs_path_150_to_200
2040,1042505.193012052,170,P2_outputs_path_150_to_200
2041,1149262.8109822115,170,P2_outputs_path_150_to_200
2042,1325845.4262012674,170,P2_outputs_path_150_to_200
2043,1285904.8909671404,170,P2_outputs_path_150_to_200
2044,1501785.9922490765,170,P2_outputs_path_150_to_200
2045,1679472.7848438197,170,P2_outputs_path_150_to_200
2046,1684370.8638122824,170,P2_outputs_path_150_to_200
2047,2255417.981509432,170,P2_outputs_path_150_to_200
2048,2491244.5713666244,170,P2_outputs_path_150_to_200
2049,2188087.6255953694,170,P2_outputs_path_150_to_200
2050,2523194.726201375,170,P2_outputs_path_150_to_200
2051,2729831.4237017,170,P2_outputs_path_150_to_200
2052,3166995.587890724,170,P2_outputs_path_150_to_200
2053,3671367.490761471,170,P2_outputs_path_150_to_200
2054,2733505.796028754,170,P2_outputs_path_150_to_200
2055,2491712.22591286,170,P2_outputs_path_150_to_200
2056,2467692.9921298446,170,P2_outputs_path_150_to_200
2057,2542478.141666991,170,P2_outputs_path_150_to_200
2058,2584855.3421327868,170,P2_outputs_path_150_to_200
2059,0.0,170,P2_outputs_path_150_to_200
2060,151885.0613185487,170,P2_outputs_path_150_to_200
2061,150956.39484609445,170,P2_outputs_path_150_to_200
2062,139706.86124602944,170,P2_outputs_path_150_to_200
2063,151120.5315709272,170,P2_outputs_path_150_to_200
2064,146677.44554040153,170,P2_outputs_path_150_to_200
2065,169041.63322763477,170,P2_outputs_path_150_to_200
2066,162231.4061530545,170,P2_outputs_path_150_to_200
2067,149895.9211927197,170,P2_outputs_path_150_to_200
2068,133285.10912900226,170,P2_outputs_path_150_to_200
2069,120053.86970439032,170,P2_outputs_path_150_to_200
2070,116702.83623629966,170,P2_outputs_path_150_to_200
2071,138527.97220669835,170,P2_outputs_path_150_to_200
2072,140391.47955433754,170,P2_outputs_path_150_to_200
2073,145903.70167764687,170,P2_outputs_path_150_to_200
2074,141536.75989023078,170,P2_outputs_path_150_to_200
2075,,170,P2_outputs_path_150_to_200
2025,200067.69882297545,171,P2_outputs_path_150_to_200
2026,280947.48419787176,171,P2_outputs_path_150_to_200
2027,347703.1677475682,171,P2_outputs_path_150_to_200
2028,493909.9015367215,171,P2_outputs_path_150_to_200
2029,566020.2890084331,171,P2_outputs_path_150_to_200
2030,730406.8613341575,171,P2_outputs_path_150_to_200
2031,789029.3285492152,171,P2_outputs_path_150_to_200
2032,922108.049460202,171,P2_outputs_path_150_to_200
2033,1023627.249970162,171,P2_outputs_path_150_to_200
2034,371722.78779072815,171,P2_outputs_path_150_to_200
2035,557257.4104465632,171,P2_outputs_path_150_to_200
2036,683042.4490499339,171,P2_outputs_path_150_to_200
2037,840028.8510382284,171,P2_outputs_path_150_to_200
2038,898996.2713363583,171,P2_outputs_path_150_to_200
2039,1190086.2896650224,171,P2_outputs_path_150_to_200
2040,1393397.770342779,171,P2_outputs_path_150_to_200
2041,1893428.8659318504,171,P2_outputs_path_150_to_200
2042,2403921.857617012,171,P2_outputs_path_150_to_200
2043,2063673.3629614336,171,P2_outputs_path_150_to_200
2044,2026042.038851566,171,P2_outputs_path_150_to_200
2045,2198107.3936677948,171,P2_outputs_path_150_to_200
2046,1929364.9483514577,171,P2_outputs_path_150_to_200
2047,2091655.504201564,171,P2_outputs_path_150_to_200
2048,2680853.036456917,171,P2_outputs_path_150_to_200
2049,2371531.150930753,171,P2_outputs_path_150_to_200
2050,2024476.5680700813,171,P2_outputs_path_150_to_200
2051,2241034.4153801743,171,P2_outputs_path_150_to_200
2052,2406421.363329272,171,P2_outputs_path_150_to_200
2053,2204269.3994167484,171,P2_outputs_path_150_to_200
2054,2050433.5432446213,171,P2_outputs_path_150_to_200
2055,1722173.6366850547,171,P2_outputs_path_150_to_200
2056,1978644.938067929,171,P2_outputs_path_150_to_200
2057,1922263.292990509,171,P2_outputs_path_150_to_200
2058,2052515.053411146,171,P2_outputs_path_150_to_200
2059,0.0,171,P2_outputs_path_150_to_200
2060,140607.12526124122,171,P2_outputs_path_150_to_200
2061,136232.1756319361,171,P2_outputs_path_150_to_200
2062,150120.0111151079,171,P2_outputs_path_150_to_200
2063,161975.8134100572,171,P2_outputs_path_150_to_200
2064,183457.7175288532,171,P2_outputs_path_150_to_200
2065,186558.18086839505,171,P2_outputs_path_150_to_200
2066,185772.74757266676,171,P2_outputs_path_150_to_200
2067,195401.32310146163,171,P2_outputs_path_150_to_200
2068,182997.29660886343,171,P2_outputs_path_150_to_200
2069,187341.1030089719,171,P2_outputs_path_150_to_200
2070,206533.76159866067,171,P2_outputs_path_150_to_200
2071,230559.6957580057,171,P2_outputs_path_150_to_200
2072,233974.17675403832,171,P2_outputs_path_150_to_200
2073,231380.11117306768,171,P2_outputs_path_150_to_200
2074,254574.4467186206,171,P2_outputs_path_150_to_200
2075,,171,P2_outputs_path_150_to_200
2025,240440.9236313434,172,P2_outputs_path_150_to_200
2026,318180.4062992841,172,P2_outputs_path_150_to_200
2027,441194.08042249177,172,P2_outputs_path_150_to_200
2028,700832.4636230443,172,P2_outputs_path_150_to_200
2029,771860.6219419717,172,P2_outputs_path_150_to_200
2030,801231.9505012679,172,P2_outputs_path_150_to_200
2031,900453.3145227488,172,P2_outputs_path_150_to_200
2032,1077593.9596282097,172,P2_outputs_path_150_to_200
2033,1224538.7849119627,172,P2_outputs_path_150_to_200
2034,655219.823370209,172,P2_outputs_path_150_to_200
2035,896176.5553545404,172,P2_outputs_path_150_to_200
2036,892189.5423480232,172,P2_outputs_path_150_to_200
2037,1166271.0670827464,172,P2_outputs_path_150_to_200
2038,1290166.401007471,172,P2_outputs_path_150_to_200
2039,1508138.7573826043,172,P2_outputs_path_150_to_200
2040,1557154.266850609,172,P2_outputs_path_150_to_200
2041,1982325.477479713,172,P2_outputs_path_150_to_200
2042,2304260.3822770286,172,P2_outputs_path_150_to_200
2043,2416055.3957242887,172,P2_outputs_path_150_to_200
2044,3024684.104789107,172,P2_outputs_path_150_to_200
2045,3297717.223292568,172,P2_outputs_path_150_to_200
2046,3441425.7328012222,172,P2_outputs_path_150_to_200
2047,4394473.542033176,172,P2_outputs_path_150_to_200
2048,4076880.026636753,172,P2_outputs_path_150_to_200
2049,4660205.194728545,172,P2_outputs_path_150_to_200
2050,4447355.990821265,172,P2_outputs_path_150_to_200
2051,4787217.291748474,172,P2_outputs_path_150_to_200
2052,4953406.417789346,172,P2_outputs_path_150_to_200
2053,5243677.316929664,172,P2_outputs_path_150_to_200
2054,5155802.26502371,172,P2_outputs_path_150_to_200
2055,5191856.111071404,172,P2_outputs_path_150_to_200
2056,5539629.855636787,172,P2_outputs_path_150_to_200
2057,5227691.416251468,172,P2_outputs_path_150_to_200
2058,5450611.341019794,172,P2_outputs_path_150_to_200
2059,1442134.8270784875,172,P2_outputs_path_150_to_200
2060,1748056.426313506,172,P2_outputs_path_150_to_200
2061,1786093.1727302964,172,P2_outputs_path_150_to_200
2062,2026701.8370031056,172,P2_outputs_path_150_to_200
2063,1971547.95699326,172,P2_outputs_path_150_to_200
2064,2056032.543972667,172,P2_outputs_path_150_to_200
2065,2142898.645026857,172,P2_outputs_path_150_to_200
2066,2144725.0070273336,172,P2_outputs_path_150_to_200
2067,2153185.719435786,172,P2_outputs_path_150_to_200
2068,2108844.769866714,172,P2_outputs_path_150_to_200
2069,1962751.4697272663,172,P2_outputs_path_150_to_200
2070,1789957.985217954,172,P2_outputs_path_150_to_200
2071,1853321.4433039075,172,P2_outputs_path_150_to_200
2072,1754296.3708641622,172,P2_outputs_path_150_to_200
2073,1762442.6702102972,172,P2_outputs_path_150_to_200
2074,1872089.6446523005,172,P2_outputs_path_150_to_200
2075,,172,P2_outputs_path_150_to_200
2025,182424.88661084836,173,P2_outputs_path_150_to_200
2026,265592.7056887727,173,P2_outputs_path_150_to_200
2027,367053.6254991765,173,P2_outputs_path_150_to_200
2028,596271.4905576849,173,P2_outputs_path_150_to_200
2029,536692.086290024,173,P2_outputs_path_150_to_200
2030,792888.0037058278,173,P2_outputs_path_150_to_200
2031,871152.8996861312,173,P2_outputs_path_150_to_200
2032,985563.0441630944,173,P2_outputs_path_150_to_200
2033,1140323.0913813952,173,P2_outputs_path_150_to_200
2034,465044.21181560087,173,P2_outputs_path_150_to_200
2035,635771.4351826161,173,P2_outputs_path_150_to_200
2036,872445.3953671135,173,P2_outputs_path_150_to_200
2037,1121826.7252042044,173,P2_outputs_path_150_to_200
2038,1437244.5680354412,173,P2_outputs_path_150_to_200
2039,1664032.9869108726,173,P2_outputs_path_150_to_200
2040,1479972.334850337,173,P2_outputs_path_150_to_200
2041,1750398.0610776965,173,P2_outputs_path_150_to_200
2042,1557454.8133112474,173,P2_outputs_path_150_to_200
2043,1939786.1988446664,173,P2_outputs_path_150_to_200
2044,2128936.1822051457,173,P2_outputs_path_150_to_200
2045,3113657.662819713,173,P2_outputs_path_150_to_200
2046,3120233.730915386,173,P2_outputs_path_150_to_200
2047,4078337.597536146,173,P2_outputs_path_150_to_200
2048,4088655.6078137336,173,P2_outputs_path_150_to_200
2049,4109634.045451016,173,P2_outputs_path_150_to_200
2050,3847143.4908263935,173,P2_outputs_path_150_to_200
2051,3063503.211207061,173,P2_outputs_path_150_to_200
2052,2609259.098468973,173,P2_outputs_path_150_to_200
2053,2544337.9180272077,173,P2_outputs_path_150_to_200
2054,2816091.166906693,173,P2_outputs_path_150_to_200
2055,2544342.188827803,173,P2_outputs_path_150_to_200
2056,2730410.426850722,173,P2_outputs_path_150_to_200
2057,2350662.6929618395,173,P2_outputs_path_150_to_200
2058,2330521.609671008,173,P2_outputs_path_150_to_200
2059,0.0,173,P2_outputs_path_150_to_200
2060,129473.87164219673,173,P2_outputs_path_150_to_200
2061,124511.14395546094,173,P2_outputs_path_150_to_200
2062,124324.79385545485,173,P2_outputs_path_150_to_200
2063,137641.66280028672,173,P2_outputs_path_150_to_200
2064,160821.56436113015,173,P2_outputs_path_150_to_200
2065,169756.9242019638,173,P2_outputs_path_150_to_200
2066,150613.04569697936,173,P2_outputs_path_150_to_200
2067,147230.27577436666,173,P2_outputs_path_150_to_200
2068,149504.3928773424,173,P2_outputs_path_150_to_200
2069,139815.2138323061,173,P2_outputs_path_150_to_200
2070,181241.7701980043,173,P2_outputs_path_150_to_200
2071,176823.7623563693,173,P2_outputs_path_150_to_200
2072,169632.2976504533,173,P2_outputs_path_150_to_200
2073,177112.40933651594,173,P2_outputs_path_150_to_200
2074,177217.15283590823,173,P2_outputs_path_150_to_200
2075,,173,P2_outputs_path_150_to_200
2025,191452.0954518299,174,P2_outputs_path_150_to_200
2026,316247.22281508544,174,P2_outputs_path_150_to_200
2027,424416.7584294303,174,P2_outputs_path_150_to_200
2028,480580.4106994873,174,P2_outputs_path_150_to_200
2029,453595.539027625,174,P2_outputs_path_150_to_200
2030,702819.5846505007,174,P2_outputs_path_150_to_200
2031,818701.341442718,174,P2_outputs_path_150_to_200
2032,898621.4994970739,174,P2_outputs_path_150_to_200
2033,1052687.623707634,174,P2_outputs_path_150_to_200
2034,527196.1015892606,174,P2_outputs_path_150_to_200
2035,754132.182219574,174,P2_outputs_path_150_to_200
2036,780845.7070553867,174,P2_outputs_path_150_to_200
2037,1111565.998139456,174,P2_outputs_path_150_to_200
2038,1351428.5959338814,174,P2_outputs_path_150_to_200
2039,1502889.6543113992,174,P2_outputs_path_150_to_200
2040,1247565.8746985125,174,P2_outputs_path_150_to_200
2041,1438320.1675101656,174,P2_outputs_path_150_to_200
2042,1722527.8170409442,174,P2_outputs_path_150_to_200
2043,2028216.2386189415,174,P2_outputs_path_150_to_200
2044,2557198.7330777883,174,P2_outputs_path_150_to_200
2045,2735636.2270190245,174,P2_outputs_path_150_to_200
2046,3412809.2750355154,174,P2_outputs_path_150_to_200
2047,3885776.630148396,174,P2_outputs_path_150_to_200
2048,3879870.7645399496,174,P2_outputs_path_150_to_200
2049,4207011.6650998965,174,P2_outputs_path_150_to_200
2050,4506494.135567103,174,P2_outputs_path_150_to_200
2051,4493511.057408469,174,P2_outputs_path_150_to_200
2052,4413586.267089006,174,P2_outputs_path_150_to_200
2053,4762895.877384961,174,P2_outputs_path_150_to_200
2054,4958443.115864905,174,P2_outputs_path_150_to_200
2055,5301150.017437153,174,P2_outputs_path_150_to_200
2056,5431097.139266685,174,P2_outputs_path_150_to_200
2057,5528669.089210072,174,P2_outputs_path_150_to_200
2058,5551931.172446041,174,P2_outputs_path_150_to_200
2059,1230399.3800608078,174,P2_outputs_path_150_to_200
2060,1454729.9193320808,174,P2_outputs_path_150_to_200
2061,1465469.584301205,174,P2_outputs_path_150_to_200
2062,1422114.7140165656,174,P2_outputs_path_150_to_200
2063,1476705.156336638,174,P2_outputs_path_150_to_200
2064,1498287.233249167,174,P2_outputs_path_150_to_200
2065,1450301.0670858533,174,P2_outputs_path_150_to_200
2066,1515887.9387437932,174,P2_outputs_path_150_to_200
2067,1494897.523983911,174,P2_outputs_path_150_to_200
2068,1498080.3187018791,174,P2_outputs_path_150_to_200
2069,1530961.9261653812,174,P2_outputs_path_150_to_200
2070,1507038.238291297,174,P2_outputs_path_150_to_200
2071,1794542.8374575884,174,P2_outputs_path_150_to_200
2072,1733413.3474557537,174,P2_outputs_path_150_to_200
2073,1784796.8916692813,174,P2_outputs_path_150_to_200
2074,1657383.489836848,174,P2_outputs_path_150_to_200
2075,,174,P2_outputs_path_150_to_200
2025,198059.6554314462,175,P2_outputs_path_150_to_200
2026,252580.26379996343,175,P2_outputs_path_150_to_200
2027,375145.3096167796,175,P2_outputs_path_150_to_200
2028,478752.0395447101,175,P2_outputs_path_150_to_200
2029,683265.1575874432,175,P2_outputs_path_150_to_200
2030,761576.1329475077,175,P2_outputs_path_150_to_200
2031,900410.0791046764,175,P2_outputs_path_150_to_200
2032,1086647.580632478,175,P2_outputs_path_150_to_200
2033,1137370.7519463578,175,P2_outputs_path_150_to_200
2034,586937.2146884915,175,P2_outputs_path_150_to_200
2035,799645.956090491,175,P2_outputs_path_150_to_200
2036,969732.8929580698,175,P2_outputs_path_150_to_200
2037,1116686.4144124317,175,P2_outputs_path_150_to_200
2038,1289438.541161213,175,P2_outputs_path_150_to_200
2039,1137615.177300636,175,P2_outputs_path_150_to_200
2040,1318983.6294671036,175,P2_outputs_path_150_to_200
2041,1642131.0433390804,175,P2_outputs_path_150_to_200
2042,1583142.6681827898,175,P2_outputs_path_150_to_200
2043,1362034.3343405195,175,P2_outputs_path_150_to_200
2044,1236542.039201541,175,P2_outputs_path_150_to_200
2045,1334624.920744388,175,P2_outputs_path_150_to_200
2046,1029439.9943621408,175,P2_outputs_path_150_to_200
2047,1134693.2593639998,175,P2_outputs_path_150_to_200
2048,1382382.0214006966,175,P2_outputs_path_150_to_200
2049,1773903.395903083,175,P2_outputs_path_150_to_200
2050,2247792.086302417,175,P2_outputs_path_150_to_200
2051,2078288.2668043373,175,P2_outputs_path_150_to_200
2052,3217181.300181745,175,P2_outputs_path_150_to_200
2053,3890424.6120556993,175,P2_outputs_path_150_to_200
2054,4335355.626987615,175,P2_outputs_path_150_to_200
2055,4158838.569967989,175,P2_outputs_path_150_to_200
2056,3840241.160461737,175,P2_outputs_path_150_to_200
2057,5361723.66386368,175,P2_outputs_path_150_to_200
2058,5116759.28440291,175,P2_outputs_path_150_to_200
2059,1133403.6920665214,175,P2_outputs_path_150_to_200
2060,1295587.6161535748,175,P2_outputs_path_150_to_200
2061,1313336.3255425238,175,P2_outputs_path_150_to_200
2062,1334795.5838363278,175,P2_outputs_path_150_to_200
2063,1354549.9415274742,175,P2_outputs_path_150_to_200
2064,1291074.896420456,175,P2_outputs_path_150_to_200
2065,1325001.423082313,175,P2_outputs_path_150_to_200
2066,1348834.045806904,175,P2_outputs_path_150_to_200
2067,1368784.6778720792,175,P2_outputs_path_150_to_200
2068,1312255.4167233717,175,P2_outputs_path_150_to_200
2069,1309536.0079009626,175,P2_outputs_path_150_to_200
2070,1366130.2353930334,175,P2_outputs_path_150_to_200
2071,1258587.032567327,175,P2_outputs_path_150_to_200
2072,1212861.5035243728,175,P2_outputs_path_150_to_200
2073,1202793.3952866185,175,P2_outputs_path_150_to_200
2074,1281386.5733130137,175,P2_outputs_path_150_to_200
2075,,175,P2_outputs_path_150_to_200
2025,175494.8133072775,176,P2_outputs_path_150_to_200
2026,282752.20504833414,176,P2_outputs_path_150_to_200
2027,364999.8005562704,176,P2_outputs_path_150_to_200
2028,440720.0837490992,176,P2_outputs_path_150_to_200
2029,445563.1053156167,176,P2_outputs_path_150_to_200
2030,512722.93009022,176,P2_outputs_path_150_to_200
2031,745193.3097108672,176,P2_outputs_path_150_to_200
2032,815264.5448009927,176,P2_outputs_path_150_to_200
2033,938728.1102140654,176,P2_outputs_path_150_to_200
2034,284427.91410207574,176,P2_outputs_path_150_to_200
2035,391470.6960486371,176,P2_outputs_path_150_to_200
2036,599190.0339689528,176,P2_outputs_path_150_to_200
2037,811301.1284528774,176,P2_outputs_path_150_to_200
2038,967504.3501288388,176,P2_outputs_path_150_to_200
2039,1132118.6086940798,176,P2_outputs_path_150_to_200
2040,1003332.1067928326,176,P2_outputs_path_150_to_200
2041,1042133.047094078,176,P2_outputs_path_150_to_200
2042,1187598.7555650717,176,P2_outputs_path_150_to_200
2043,1151883.0845053508,176,P2_outputs_path_150_to_200
2044,1282517.742438306,176,P2_outputs_path_150_to_200
2045,1402911.5575795402,176,P2_outputs_path_150_to_200
2046,1941863.870095324,176,P2_outputs_path_150_to_200
2047,2222943.918175503,176,P2_outputs_path_150_to_200
2048,2281790.120511976,176,P2_outputs_path_150_to_200
2049,2116329.815649502,176,P2_outputs_path_150_to_200
2050,2561138.586646241,176,P2_outputs_path_150_to_200
2051,3003659.0300648976,176,P2_outputs_path_150_to_200
2052,3022848.3051763186,176,P2_outputs_path_150_to_200
2053,2770914.441704426,176,P2_outputs_path_150_to_200
2054,2380939.0391959287,176,P2_outputs_path_150_to_200
2055,2372853.847475538,176,P2_outputs_path_150_to_200
2056,3279501.7838312685,176,P2_outputs_path_150_to_200
2057,3546769.03153409,176,P2_outputs_path_150_to_200
2058,4150320.222610663,176,P2_outputs_path_150_to_200
2059,367197.4393015644,176,P2_outputs_path_150_to_200
2060,685867.6678566448,176,P2_outputs_path_150_to_200
2061,672922.7864184203,176,P2_outputs_path_150_to_200
2062,764807.2900113743,176,P2_outputs_path_150_to_200
2063,762530.151020206,176,P2_outputs_path_150_to_200
2064,832674.8854751575,176,P2_outputs_path_150_to_200
2065,885841.6930373178,176,P2_outputs_path_150_to_200
2066,898032.9214292375,176,P2_outputs_path_150_to_200
2067,832371.1507070572,176,P2_outputs_path_150_to_200
2068,872285.2237839401,176,P2_outputs_path_150_to_200
2069,885232.2736292888,176,P2_outputs_path_150_to_200
2070,927444.3978574764,176,P2_outputs_path_150_to_200
2071,819829.8026943323,176,P2_outputs_path_150_to_200
2072,863861.183402785,176,P2_outputs_path_150_to_200
2073,875220.7446386258,176,P2_outputs_path_150_to_200
2074,839562.4487146008,176,P2_outputs_path_150_to_200
2075,,176,P2_outputs_path_150_to_200
2025,212593.71827574316,177,P2_outputs_path_150_to_200
2026,337275.70493896183,177,P2_outputs_path_150_to_200
2027,407297.3711485369,177,P2_outputs_path_150_to_200
2028,373368.5715311562,177,P2_outputs_path_150_to_200
2029,450798.7993641016,177,P2_outputs_path_150_to_200
2030,561590.4135701462,177,P2_outputs_path_150_to_200
2031,739575.827264487,177,P2_outputs_path_150_to_200
2032,792336.3871461344,177,P2_outputs_path_150_to_200
2033,867955.2386870226,177,P2_outputs_path_150_to_200
2034,259732.8522003832,177,P2_outputs_path_150_to_200
2035,367945.4320980576,177,P2_outputs_path_150_to_200
2036,340825.52066176565,177,P2_outputs_path_150_to_200
2037,387364.8891029338,177,P2_outputs_path_150_to_200
2038,595361.7106990026,177,P2_outputs_path_150_to_200
2039,512109.4157740325,177,P2_outputs_path_150_to_200
2040,620904.8543976148,177,P2_outputs_path_150_to_200
2041,733799.2749924642,177,P2_outputs_path_150_to_200
2042,900972.87740352,177,P2_outputs_path_150_to_200
2043,1095560.4222906462,177,P2_outputs_path_150_to_200
2044,1108431.4846357992,177,P2_outputs_path_150_to_200
2045,1211493.021197014,177,P2_outputs_path_150_to_200
2046,1300883.3109828462,177,P2_outputs_path_150_to_200
2047,1424875.8599541052,177,P2_outputs_path_150_to_200
2048,1275473.712545452,177,P2_outputs_path_150_to_200
2049,1367391.1927563527,177,P2_outputs_path_150_to_200
2050,1757125.949236577,177,P2_outputs_path_150_to_200
2051,1904284.2627901856,177,P2_outputs_path_150_to_200
2052,1809688.75885154,177,P2_outputs_path_150_to_200
2053,1871942.3479940144,177,P2_outputs_path_150_to_200
2054,1658460.1655145253,177,P2_outputs_path_150_to_200
2055,2059654.7292223875,177,P2_outputs_path_150_to_200
2056,2234360.71600781,177,P2_outputs_path_150_to_200
2057,2542812.5589178284,177,P2_outputs_path_150_to_200
2058,2505101.07557073,177,P2_outputs_path_150_to_200
2059,0.0,177,P2_outputs_path_150_to_200
2060,162262.6962081538,177,P2_outputs_path_150_to_200
2061,183946.43367945764,177,P2_outputs_path_150_to_200
2062,193110.1807997973,177,P2_outputs_path_150_to_200
2063,202609.906541405,177,P2_outputs_path_150_to_200
2064,224987.7487559812,177,P2_outputs_path_150_to_200
2065,238445.9445563659,177,P2_outputs_path_150_to_200
2066,232178.5376434404,177,P2_outputs_path_150_to_200
2067,232056.2821358117,177,P2_outputs_path_150_to_200
2068,250188.9542968409,177,P2_outputs_path_150_to_200
2069,253743.97857017675,177,P2_outputs_path_150_to_200
2070,236148.8327290257,177,P2_outputs_path_150_to_200
2071,230547.26059358945,177,P2_outputs_path_150_to_200
2072,221573.71220844612,177,P2_outputs_path_150_to_200
2073,210811.36963188255,177,P2_outputs_path_150_to_200
2074,214908.1340870035,177,P2_outputs_path_150_to_200
2075,,177,P2_outputs_path_150_to_200
2025,216588.71252956544,178,P2_outputs_path_150_to_200
2026,296649.49131447566,178,P2_outputs_path_150_to_200
2027,409421.12387171126,178,P2_outputs_path_150_to_200
2028,590563.2995211207,178,P2_outputs_path_150_to_200
2029,646594.100348361,178,P2_outputs_path_150_to_200
2030,722958.4319879875,178,P2_outputs_path_150_to_200
2031,814353.9520562544,178,P2_outputs_path_150_to_200
2032,915273.178058063,178,P2_outputs_path_150_to_200
2033,984321.4785320242,178,P2_outputs_path_150_to_200
2034,398938.7970580608,178,P2_outputs_path_150_to_200
2035,465577.6084533557,178,P2_outputs_path_150_to_200
2036,597401.2291504717,178,P2_outputs_path_150_to_200
2037,899496.0159426236,178,P2_outputs_path_150_to_200
2038,1020658.7773333456,178,P2_outputs_path_150_to_200
2039,1477105.4515345683,178,P2_outputs_path_150_to_200
2040,2176304.0605790718,178,P2_outputs_path_150_to_200
2041,2251527.8074104544,178,P2_outputs_path_150_to_200
2042,2437550.0053154463,178,P2_outputs_path_150_to_200
2043,2576635.6464291653,178,P2_outputs_path_150_to_200
2044,2786449.012356947,178,P2_outputs_path_150_to_200
2045,3055348.804303306,178,P2_outputs_path_150_to_200
2046,2618240.3255183,178,P2_outputs_path_150_to_200
2047,2490200.9117130656,178,P2_outputs_path_150_to_200
2048,2181708.452637976,178,P2_outputs_path_150_to_200
2049,3110409.135301186,178,P2_outputs_path_150_to_200
2050,3862339.9601261294,178,P2_outputs_path_150_to_200
2051,4356320.670620872,178,P2_outputs_path_150_to_200
2052,4471665.214602482,178,P2_outputs_path_150_to_200
2053,4357848.826465583,178,P2_outputs_path_150_to_200
2054,4403690.992401186,178,P2_outputs_path_150_to_200
2055,4591831.253743654,178,P2_outputs_path_150_to_200
2056,4553988.808011428,178,P2_outputs_path_150_to_200
2057,4583286.218062219,178,P2_outputs_path_150_to_200
2058,4476236.311508154,178,P2_outputs_path_150_to_200
2059,34234.813235358335,178,P2_outputs_path_150_to_200
2060,177396.41829946253,178,P2_outputs_path_150_to_200
2061,179663.7565163605,178,P2_outputs_path_150_to_200
2062,180895.4777152361,178,P2_outputs_path_150_to_200
2063,179361.45816290463,178,P2_outputs_path_150_to_200
2064,182909.08616133017,178,P2_outputs_path_150_to_200
2065,190140.3297879964,178,P2_outputs_path_150_to_200
2066,203428.5440101532,178,P2_outputs_path_150_to_200
2067,197647.34442642145,178,P2_outputs_path_150_to_200
2068,189065.3287363952,178,P2_outputs_path_150_to_200
2069,183958.84191345377,178,P2_outputs_path_150_to_200
2070,156184.67966202775,178,P2_outputs_path_150_to_200
2071,171877.84835572643,178,P2_outputs_path_150_to_200
2072,167361.69983613666,178,P2_outputs_path_150_to_200
2073,206669.5592891513,178,P2_outputs_path_150_to_200
2074,261954.8104716601,178,P2_outputs_path_150_to_200
2075,,178,P2_outputs_path_150_to_200
2025,217543.9287185849,179,P2_outputs_path_150_to_200
2026,353936.4590387224,179,P2_outputs_path_150_to_200
2027,360820.1515300326,179,P2_outputs_path_150_to_200
2028,444265.4122057205,179,P2_outputs_path_150_to_200
2029,554109.2670416299,179,P2_outputs_path_150_to_200
2030,723610.21827578,179,P2_outputs_path_150_to_200
2031,904152.8659178406,179,P2_outputs_path_150_to_200
2032,1043741.176477985,179,P2_outputs_path_150_to_200
2033,1159671.9340041718,179,P2_outputs_path_150_to_200
2034,507540.7432350951,179,P2_outputs_path_150_to_200
2035,611870.0827280972,179,P2_outputs_path_150_to_200
2036,763396.1072068701,179,P2_outputs_path_150_to_200
2037,737414.6661908608,179,P2_outputs_path_150_to_200
2038,922837.3760202024,179,P2_outputs_path_150_to_200
2039,820510.9820642415,179,P2_outputs_path_150_to_200
2040,985676.8849972514,179,P2_outputs_path_150_to_200
2041,986186.2899321504,179,P2_outputs_path_150_to_200
2042,1030814.1314881832,179,P2_outputs_path_150_to_200
2043,1001482.9988957912,179,P2_outputs_path_150_to_200
2044,1369918.599283296,179,P2_outputs_path_150_to_200
2045,1602832.402546218,179,P2_outputs_path_150_to_200
2046,1714660.1850676602,179,P2_outputs_path_150_to_200
2047,1492399.2285338033,179,P2_outputs_path_150_to_200
2048,1536691.8850500942,179,P2_outputs_path_150_to_200
2049,1823329.8563735893,179,P2_outputs_path_150_to_200
2050,2064716.3199976813,179,P2_outputs_path_150_to_200
2051,2474698.984768199,179,P2_outputs_path_150_to_200
2052,1689993.3584598985,179,P2_outputs_path_150_to_200
2053,1541845.568430205,179,P2_outputs_path_150_to_200
2054,1635886.010547544,179,P2_outputs_path_150_to_200
2055,1790319.5241736495,179,P2_outputs_path_150_to_200
2056,1794205.9866394126,179,P2_outputs_path_150_to_200
2057,2241292.0968090254,179,P2_outputs_path_150_to_200
2058,2137639.8409629823,179,P2_outputs_path_150_to_200
2059,0.0,179,P2_outputs_path_150_to_200
2060,139279.70404937482,179,P2_outputs_path_150_to_200
2061,147780.37137545174,179,P2_outputs_path_150_to_200
2062,183871.61978209345,179,P2_outputs_path_150_to_200
2063,205102.9376726824,179,P2_outputs_path_150_to_200
2064,194342.4028936256,179,P2_outputs_path_150_to_200
2065,208391.86337070045,179,P2_outputs_path_150_to_200
2066,194422.1248761583,179,P2_outputs_path_150_to_200
2067,198731.48794809787,179,P2_outputs_path_150_to_200
2068,206559.80135696396,179,P2_outputs_path_150_to_200
2069,208682.5494027217,179,P2_outputs_path_150_to_200
2070,233149.978442619,179,P2_outputs_path_150_to_200
2071,229438.72294911923,179,P2_outputs_path_150_to_200
2072,286991.11107412184,179,P2_outputs_path_150_to_200
2073,289836.62263437815,179,P2_outputs_path_150_to_200
2074,302847.4080155072,179,P2_outputs_path_150_to_200
2075,,179,P2_outputs_path_150_to_200
2025,215409.86914975365,180,P2_outputs_path_150_to_200
2026,334434.0526832805,180,P2_outputs_path_150_to_200
2027,356194.45582686726,180,P2_outputs_path_150_to_200
2028,449923.9316461285,180,P2_outputs_path_150_to_200
2029,455790.2655424358,180,P2_outputs_path_150_to_200
2030,855391.3633595308,180,P2_outputs_path_150_to_200
2031,922659.1419831124,180,P2_outputs_path_150_to_200
2032,999981.5432532838,180,P2_outputs_path_150_to_200
2033,1111131.685776013,180,P2_outputs_path_150_to_200
2034,526881.2781784516,180,P2_outputs_path_150_to_200
2035,388306.8995567211,180,P2_outputs_path_150_to_200
2036,510167.0737862807,180,P2_outputs_path_150_to_200
2037,714494.7592627694,180,P2_outputs_path_150_to_200
2038,898571.5459903887,180,P2_outputs_path_150_to_200
2039,1071884.0792615963,180,P2_outputs_path_150_to_200
2040,1172218.4703271058,180,P2_outputs_path_150_to_200
2041,994335.2181278216,180,P2_outputs_path_150_to_200
2042,1241822.1893474152,180,P2_outputs_path_150_to_200
2043,1498044.5788036026,180,P2_outputs_path_150_to_200
2044,1808981.0207445037,180,P2_outputs_path_150_to_200
2045,1849949.7978396632,180,P2_outputs_path_150_to_200
2046,2487467.804252324,180,P2_outputs_path_150_to_200
2047,2737317.091074965,180,P2_outputs_path_150_to_200
2048,2663104.3982977583,180,P2_outputs_path_150_to_200
2049,2804094.3470474645,180,P2_outputs_path_150_to_200
2050,3260806.180751338,180,P2_outputs_path_150_to_200
2051,3709342.1566589302,180,P2_outputs_path_150_to_200
2052,3421771.4065812146,180,P2_outputs_path_150_to_200
2053,4099427.414614398,180,P2_outputs_path_150_to_200
2054,3556655.073833424,180,P2_outputs_path_150_to_200
2055,4163030.725991051,180,P2_outputs_path_150_to_200
2056,4332703.399791399,180,P2_outputs_path_150_to_200
2057,4514171.295086069,180,P2_outputs_path_150_to_200
2058,4613326.708685488,180,P2_outputs_path_150_to_200
2059,301066.5313642584,180,P2_outputs_path_150_to_200
2060,448196.9575032146,180,P2_outputs_path_150_to_200
2061,447458.8760003666,180,P2_outputs_path_150_to_200
2062,438496.821460913,180,P2_outputs_path_150_to_200
2063,456454.15818117664,180,P2_outputs_path_150_to_200
2064,475242.5296376548,180,P2_outputs_path_150_to_200
2065,505841.8935224565,180,P2_outputs_path_150_to_200
2066,573191.0061091894,180,P2_outputs_path_150_to_200
2067,561418.7123199396,180,P2_outputs_path_150_to_200
2068,565873.0705909673,180,P2_outputs_path_150_to_200
2069,575958.9184729776,180,P2_outputs_path_150_to_200
2070,580176.8472241099,180,P2_outputs_path_150_to_200
2071,572250.9973174254,180,P2_outputs_path_150_to_200
2072,584617.7484582624,180,P2_outputs_path_150_to_200
2073,592143.1510484305,180,P2_outputs_path_150_to_200
2074,672122.6509464335,180,P2_outputs_path_150_to_200
2075,,180,P2_outputs_path_150_to_200
2025,193997.41598518257,181,P2_outputs_path_150_to_200
2026,319749.1814347238,181,P2_outputs_path_150_to_200
2027,449191.2057589317,181,P2_outputs_path_150_to_200
2028,627783.4103688961,181,P2_outputs_path_150_to_200
2029,567485.0127036494,181,P2_outputs_path_150_to_200
2030,727358.1548280151,181,P2_outputs_path_150_to_200
2031,801810.4022083424,181,P2_outputs_path_150_to_200
2032,905264.4740782612,181,P2_outputs_path_150_to_200
2033,1078651.1341567272,181,P2_outputs_path_150_to_200
2034,448385.2696748495,181,P2_outputs_path_150_to_200
2035,517706.0411809957,181,P2_outputs_path_150_to_200
2036,664055.5173177922,181,P2_outputs_path_150_to_200
2037,904250.8437416564,181,P2_outputs_path_150_to_200
2038,1208631.6320717498,181,P2_outputs_path_150_to_200
2039,1336042.7331592003,181,P2_outputs_path_150_to_200
2040,1384594.946875817,181,P2_outputs_path_150_to_200
2041,1505943.558551374,181,P2_outputs_path_150_to_200
2042,1458397.0993056255,181,P2_outputs_path_150_to_200
2043,1751516.6324338662,181,P2_outputs_path_150_to_200
2044,2268635.808317326,181,P2_outputs_path_150_to_200
2045,2487052.397719088,181,P2_outputs_path_150_to_200
2046,2864649.662115524,181,P2_outputs_path_150_to_200
2047,2800828.227155872,181,P2_outputs_path_150_to_200
2048,3698934.6102905343,181,P2_outputs_path_150_to_200
2049,3711091.867160492,181,P2_outputs_path_150_to_200
2050,3954624.191113479,181,P2_outputs_path_150_to_200
2051,4282149.580163639,181,P2_outputs_path_150_to_200
2052,4827254.32705315,181,P2_outputs_path_150_to_200
2053,4666482.86051775,181,P2_outputs_path_150_to_200
2054,4270413.513422461,181,P2_outputs_path_150_to_200
2055,4601970.924516615,181,P2_outputs_path_150_to_200
2056,4856975.609040806,181,P2_outputs_path_150_to_200
2057,4795500.074502393,181,P2_outputs_path_150_to_200
2058,5090535.875881938,181,P2_outputs_path_150_to_200
2059,1093629.5191787549,181,P2_outputs_path_150_to_200
2060,1228421.8760814262,181,P2_outputs_path_150_to_200
2061,1171915.1208756217,181,P2_outputs_path_150_to_200
2062,1077332.8423627191,181,P2_outputs_path_150_to_200
2063,1093255.9582519042,181,P2_outputs_path_150_to_200
2064,991815.836123512,181,P2_outputs_path_150_to_200
2065,1093447.1873988658,181,P2_outputs_path_150_to_200
2066,993159.4187112248,181,P2_outputs_path_150_to_200
2067,974562.6652901825,181,P2_outputs_path_150_to_200
2068,1035802.5993934488,181,P2_outputs_path_150_to_200
2069,1019543.1912427156,181,P2_outputs_path_150_to_200
2070,1066420.0802317876,181,P2_outputs_path_150_to_200
2071,1034178.1158310664,181,P2_outputs_path_150_to_200
2072,1024187.480371084,181,P2_outputs_path_150_to_200
2073,1005268.6090145888,181,P2_outputs_path_150_to_200
2074,1015103.1362365256,181,P2_outputs_path_150_to_200
2075,,181,P2_outputs_path_150_to_200
2025,159414.58947705472,182,P2_outputs_path_150_to_200
2026,253634.4554476412,182,P2_outputs_path_150_to_200
2027,360991.53324505046,182,P2_outputs_path_150_to_200
2028,570172.520116179,182,P2_outputs_path_150_to_200
2029,594156.3276785436,182,P2_outputs_path_150_to_200
2030,839092.9154053775,182,P2_outputs_path_150_to_200
2031,931926.543294824,182,P2_outputs_path_150_to_200
2032,1066973.627690297,182,P2_outputs_path_150_to_200
2033,1200597.4124692015,182,P2_outputs_path_150_to_200
2034,621296.2493957193,182,P2_outputs_path_150_to_200
2035,704981.8560959604,182,P2_outputs_path_150_to_200
2036,897367.0100794828,182,P2_outputs_path_150_to_200
2037,1194729.7042518542,182,P2_outputs_path_150_to_200
2038,1443616.793703507,182,P2_outputs_path_150_to_200
2039,1578720.6582652316,182,P2_outputs_path_150_to_200
2040,1387560.933370617,182,P2_outputs_path_150_to_200
2041,1463183.327378766,182,P2_outputs_path_150_to_200
2042,1864662.762077776,182,P2_outputs_path_150_to_200
2043,2252444.4625326083,182,P2_outputs_path_150_to_200
2044,1917205.3788740807,182,P2_outputs_path_150_to_200
2045,1961898.841927969,182,P2_outputs_path_150_to_200
2046,2034907.3525622005,182,P2_outputs_path_150_to_200
2047,2560375.37425005,182,P2_outputs_path_150_to_200
2048,2926332.031823511,182,P2_outputs_path_150_to_200
2049,3989340.768950447,182,P2_outputs_path_150_to_200
2050,4258875.790577466,182,P2_outputs_path_150_to_200
2051,4722988.837097046,182,P2_outputs_path_150_to_200
2052,4670097.276990081,182,P2_outputs_path_150_to_200
2053,4515697.917739416,182,P2_outputs_path_150_to_200
2054,4456054.753493333,182,P2_outputs_path_150_to_200
2055,4447296.257745083,182,P2_outputs_path_150_to_200
2056,4708199.902624494,182,P2_outputs_path_150_to_200
2057,5074001.022236043,182,P2_outputs_path_150_to_200
2058,4855362.764103243,182,P2_outputs_path_150_to_200
2059,441050.43174616713,182,P2_outputs_path_150_to_200
2060,597607.4980428976,182,P2_outputs_path_150_to_200
2061,630450.3662026213,182,P2_outputs_path_150_to_200
2062,566252.1454351258,182,P2_outputs_path_150_to_200
2063,511271.1779746749,182,P2_outputs_path_150_to_200
2064,494837.4198587113,182,P2_outputs_path_150_to_200
2065,512796.39514649846,182,P2_outputs_path_150_to_200
2066,497437.5667891619,182,P2_outputs_path_150_to_200
2067,509180.5948120577,182,P2_outputs_path_150_to_200
2068,496636.8003792766,182,P2_outputs_path_150_to_200
2069,516936.6753931712,182,P2_outputs_path_150_to_200
2070,511312.7426846704,182,P2_outputs_path_150_to_200
2071,513457.9180028163,182,P2_outputs_path_150_to_200
2072,529049.5298801477,182,P2_outputs_path_150_to_200
2073,534869.1997439457,182,P2_outputs_path_150_to_200
2074,535291.7652953984,182,P2_outputs_path_150_to_200
2075,,182,P2_outputs_path_150_to_200
2025,221445.1972696561,183,P2_outputs_path_150_to_200
2026,329625.227004338,183,P2_outputs_path_150_to_200
2027,374646.3402539055,183,P2_outputs_path_150_to_200
2028,435323.7503828114,183,P2_outputs_path_150_to_200
2029,559901.9190295293,183,P2_outputs_path_150_to_200
2030,744191.2835656762,183,P2_outputs_path_150_to_200
2031,846709.0513742618,183,P2_outputs_path_150_to_200
2032,988561.891787054,183,P2_outputs_path_150_to_200
2033,1182916.223397696,183,P2_outputs_path_150_to_200
2034,701708.1572160192,183,P2_outputs_path_150_to_200
2035,951511.0098056324,183,P2_outputs_path_150_to_200
2036,1011702.1512541166,183,P2_outputs_path_150_to_200
2037,1040278.6568026812,183,P2_outputs_path_150_to_200
2038,1297252.3353810518,183,P2_outputs_path_150_to_200
2039,1693309.233571706,183,P2_outputs_path_150_to_200
2040,2184543.200884312,183,P2_outputs_path_150_to_200
2041,2500757.306922296,183,P2_outputs_path_150_to_200
2042,2866126.430987889,183,P2_outputs_path_150_to_200
2043,2628566.03083618,183,P2_outputs_path_150_to_200
2044,2497674.649064365,183,P2_outputs_path_150_to_200
2045,2404740.175630285,183,P2_outputs_path_150_to_200
2046,3085599.791457352,183,P2_outputs_path_150_to_200
2047,3527569.278531144,183,P2_outputs_path_150_to_200
2048,3816941.556087174,183,P2_outputs_path_150_to_200
2049,3832285.6163123534,183,P2_outputs_path_150_to_200
2050,3299196.4979174435,183,P2_outputs_path_150_to_200
2051,3845414.967465833,183,P2_outputs_path_150_to_200
2052,5490469.930492325,183,P2_outputs_path_150_to_200
2053,5571162.707421295,183,P2_outputs_path_150_to_200
2054,5848551.086181427,183,P2_outputs_path_150_to_200
2055,5957420.196252834,183,P2_outputs_path_150_to_200
2056,6152789.364766041,183,P2_outputs_path_150_to_200
2057,6021352.026801012,183,P2_outputs_path_150_to_200
2058,6079443.747675575,183,P2_outputs_path_150_to_200
2059,1964150.8468366507,183,P2_outputs_path_150_to_200
2060,1883892.158179092,183,P2_outputs_path_150_to_200
2061,1954558.977967645,183,P2_outputs_path_150_to_200
2062,1987673.1104618316,183,P2_outputs_path_150_to_200
2063,2017524.7028097815,183,P2_outputs_path_150_to_200
2064,2096807.911160539,183,P2_outputs_path_150_to_200
2065,2336703.718044692,183,P2_outputs_path_150_to_200
2066,2337681.1957819927,183,P2_outputs_path_150_to_200
2067,2329460.8970054053,183,P2_outputs_path_150_to_200
2068,2178144.8916827203,183,P2_outputs_path_150_to_200
2069,2238648.6038889387,183,P2_outputs_path_150_to_200
2070,2226421.067704957,183,P2_outputs_path_150_to_200
2071,2260870.6809801594,183,P2_outputs_path_150_to_200
2072,2303837.995204292,183,P2_outputs_path_150_to_200
2073,2223004.8935499974,183,P2_outputs_path_150_to_200
2074,2231108.0132445963,183,P2_outputs_path_150_to_200
2075,,183,P2_outputs_path_150_to_200
2025,214629.06872422743,184,P2_outputs_path_150_to_200
2026,412675.4621016304,184,P2_outputs_path_150_to_200
2027,600089.1517470693,184,P2_outputs_path_150_to_200
2028,718337.4089524285,184,P2_outputs_path_150_to_200
2029,925595.7679978408,184,P2_outputs_path_150_to_200
2030,1024960.3243210012,184,P2_outputs_path_150_to_200
2031,1206589.05284604,184,P2_outputs_path_150_to_200
2032,1370910.9004598386,184,P2_outputs_path_150_to_200
2033,1421582.6493391092,184,P2_outputs_path_150_to_200
2034,959537.0026392408,184,P2_outputs_path_150_to_200
2035,859744.7712785243,184,P2_outputs_path_150_to_200
2036,880669.5830275706,184,P2_outputs_path_150_to_200
2037,1200006.837332337,184,P2_outputs_path_150_to_200
2038,1432427.688375221,184,P2_outputs_path_150_to_200
2039,1882677.5129595583,184,P2_outputs_path_150_to_200
2040,2517566.246486824,184,P2_outputs_path_150_to_200
2041,3020406.462537845,184,P2_outputs_path_150_to_200
2042,3011338.3043826227,184,P2_outputs_path_150_to_200
2043,2727863.3924749363,184,P2_outputs_path_150_to_200
2044,2508934.3172472063,184,P2_outputs_path_150_to_200
2045,2514292.8070850554,184,P2_outputs_path_150_to_200
2046,3039188.681830821,184,P2_outputs_path_150_to_200
2047,3260173.724338207,184,P2_outputs_path_150_to_200
2048,3019902.98141895,184,P2_outputs_path_150_to_200
2049,3957231.690375541,184,P2_outputs_path_150_to_200
2050,4598398.310054289,184,P2_outputs_path_150_to_200
2051,4765492.97556962,184,P2_outputs_path_150_to_200
2052,4903918.503342649,184,P2_outputs_path_150_to_200
2053,5132047.511221233,184,P2_outputs_path_150_to_200
2054,4989396.44474465,184,P2_outputs_path_150_to_200
2055,5191152.042041436,184,P2_outputs_path_150_to_200
2056,5161903.195562544,184,P2_outputs_path_150_to_200
2057,5337552.6953725135,184,P2_outputs_path_150_to_200
2058,5466482.981323572,184,P2_outputs_path_150_to_200
2059,1567217.774724572,184,P2_outputs_path_150_to_200
2060,1836307.8426315084,184,P2_outputs_path_150_to_200
2061,1871997.5726233143,184,P2_outputs_path_150_to_200
2062,1729201.1852854774,184,P2_outputs_path_150_to_200
2063,1683721.117153691,184,P2_outputs_path_150_to_200
2064,1680085.9902599263,184,P2_outputs_path_150_to_200
2065,1620796.890977236,184,P2_outputs_path_150_to_200
2066,1650821.030506441,184,P2_outputs_path_150_to_200
2067,1657073.876862774,184,P2_outputs_path_150_to_200
2068,1794659.0920730734,184,P2_outputs_path_150_to_200
2069,1699678.94581164,184,P2_outputs_path_150_to_200
2070,1614895.438035705,184,P2_outputs_path_150_to_200
2071,1628977.6824494754,184,P2_outputs_path_150_to_200
2072,1563249.3750103568,184,P2_outputs_path_150_to_200
2073,1443306.856805669,184,P2_outputs_path_150_to_200
2074,1359268.2747930288,184,P2_outputs_path_150_to_200
2075,,184,P2_outputs_path_150_to_200
2025,177522.64916894934,185,P2_outputs_path_150_to_200
2026,321958.45371097216,185,P2_outputs_path_150_to_200
2027,419167.7057102806,185,P2_outputs_path_150_to_200
2028,553643.6337046324,185,P2_outputs_path_150_to_200
2029,723186.2763826979,185,P2_outputs_path_150_to_200
2030,764030.748603856,185,P2_outputs_path_150_to_200
2031,823969.6940182908,185,P2_outputs_path_150_to_200
2032,976347.209178846,185,P2_outputs_path_150_to_200
2033,1060767.8287153791,185,P2_outputs_path_150_to_200
2034,475447.6075449595,185,P2_outputs_path_150_to_200
2035,482715.7347780061,185,P2_outputs_path_150_to_200
2036,639979.6733574183,185,P2_outputs_path_150_to_200
2037,867344.9981852574,185,P2_outputs_path_150_to_200
2038,925529.136964936,185,P2_outputs_path_150_to_200
2039,1196092.0050222962,185,P2_outputs_path_150_to_200
2040,1381316.5361369157,185,P2_outputs_path_150_to_200
2041,1606356.3072281235,185,P2_outputs_path_150_to_200
2042,1559228.6702070036,185,P2_outputs_path_150_to_200
2043,1643844.9904270514,185,P2_outputs_path_150_to_200
2044,1753253.0374452707,185,P2_outputs_path_150_to_200
2045,1902876.821761254,185,P2_outputs_path_150_to_200
2046,2033342.1852619369,185,P2_outputs_path_150_to_200
2047,2428645.620096403,185,P2_outputs_path_150_to_200
2048,2806649.0903208223,185,P2_outputs_path_150_to_200
2049,3277781.101005834,185,P2_outputs_path_150_to_200
2050,3510831.4074970027,185,P2_outputs_path_150_to_200
2051,4277582.522675227,185,P2_outputs_path_150_to_200
2052,4537327.189675207,185,P2_outputs_path_150_to_200
2053,4554253.817157581,185,P2_outputs_path_150_to_200
2054,4756212.091069792,185,P2_outputs_path_150_to_200
2055,4987258.202833406,185,P2_outputs_path_150_to_200
2056,5087988.38657419,185,P2_outputs_path_150_to_200
2057,5228936.835530056,185,P2_outputs_path_150_to_200
2058,5174738.052971927,185,P2_outputs_path_150_to_200
2059,1025381.5225792872,185,P2_outputs_path_150_to_200
2060,1348139.8523371364,185,P2_outputs_path_150_to_200
2061,1317763.9693718457,185,P2_outputs_path_150_to_200
2062,1368145.5634359468,185,P2_outputs_path_150_to_200
2063,1456753.306332113,185,P2_outputs_path_150_to_200
2064,1362842.8025579993,185,P2_outputs_path_150_to_200
2065,1353487.9361058294,185,P2_outputs_path_150_to_200
2066,1277166.3524835731,185,P2_outputs_path_150_to_200
2067,1266348.6004685245,185,P2_outputs_path_150_to_200
2068,1304510.0671231914,185,P2_outputs_path_150_to_200
2069,1290190.6076046454,185,P2_outputs_path_150_to_200
2070,1488310.3480221285,185,P2_outputs_path_150_to_200
2071,1489603.9540679385,185,P2_outputs_path_150_to_200
2072,1499992.5397995394,185,P2_outputs_path_150_to_200
2073,1509393.4765955016,185,P2_outputs_path_150_to_200
2074,1607312.9460176518,185,P2_outputs_path_150_to_200
2075,,185,P2_outputs_path_150_to_200
2025,160314.3735672913,186,P2_outputs_path_150_to_200
2026,283650.38549041474,186,P2_outputs_path_150_to_200
2027,315569.35908809985,186,P2_outputs_path_150_to_200
2028,488890.1924827053,186,P2_outputs_path_150_to_200
2029,501519.5568745605,186,P2_outputs_path_150_to_200
2030,765687.4710220407,186,P2_outputs_path_150_to_200
2031,851831.7348922648,186,P2_outputs_path_150_to_200
2032,910585.4226564664,186,P2_outputs_path_150_to_200
2033,872122.2950080377,186,P2_outputs_path_150_to_200
2034,262026.723392464,186,P2_outputs_path_150_to_200
2035,372022.9250734554,186,P2_outputs_path_150_to_200
2036,391009.1882204053,186,P2_outputs_path_150_to_200
2037,415688.9512440063,186,P2_outputs_path_150_to_200
2038,622143.9957081713,186,P2_outputs_path_150_to_200
2039,808002.4168808032,186,P2_outputs_path_150_to_200
2040,1062245.0796312352,186,P2_outputs_path_150_to_200
2041,891170.8777619869,186,P2_outputs_path_150_to_200
2042,900041.4310098438,186,P2_outputs_path_150_to_200
2043,1048232.9756881424,186,P2_outputs_path_150_to_200
2044,1096066.9718455472,186,P2_outputs_path_150_to_200
2045,1547612.224578533,186,P2_outputs_path_150_to_200
2046,1825730.5018790776,186,P2_outputs_path_150_to_200
2047,2232723.9332096046,186,P2_outputs_path_150_to_200
2048,2801715.5896269283,186,P2_outputs_path_150_to_200
2049,2851321.049937954,186,P2_outputs_path_150_to_200
2050,3215105.785267758,186,P2_outputs_path_150_to_200
2051,3467151.3216362675,186,P2_outputs_path_150_to_200
2052,3869014.013000891,186,P2_outputs_path_150_to_200
2053,4189031.629697202,186,P2_outputs_path_150_to_200
2054,4795987.636404805,186,P2_outputs_path_150_to_200
2055,4552901.462720903,186,P2_outputs_path_150_to_200
2056,4808117.316069069,186,P2_outputs_path_150_to_200
2057,4783188.99860949,186,P2_outputs_path_150_to_200
2058,4586868.335451303,186,P2_outputs_path_150_to_200
2059,489870.7627454726,186,P2_outputs_path_150_to_200
2060,631412.4142000946,186,P2_outputs_path_150_to_200
2061,632761.2533716599,186,P2_outputs_path_150_to_200
2062,631502.3967085127,186,P2_outputs_path_150_to_200
2063,617004.3190023247,186,P2_outputs_path_150_to_200
2064,615230.0436847442,186,P2_outputs_path_150_to_200
2065,622596.1835981386,186,P2_outputs_path_150_to_200
2066,637323.8603024847,186,P2_outputs_path_150_to_200
2067,577100.8390703902,186,P2_outputs_path_150_to_200
2068,582013.0814752075,186,P2_outputs_path_150_to_200
2069,538683.0609673585,186,P2_outputs_path_150_to_200
2070,545185.1223637048,186,P2_outputs_path_150_to_200
2071,543191.4959703061,186,P2_outputs_path_150_to_200
2072,523006.6798314267,186,P2_outputs_path_150_to_200
2073,544642.5131501898,186,P2_outputs_path_150_to_200
2074,605185.4041354819,186,P2_outputs_path_150_to_200
2075,,186,P2_outputs_path_150_to_200
2025,225227.97171264692,187,P2_outputs_path_150_to_200
2026,398057.3067138429,187,P2_outputs_path_150_to_200
2027,654419.1152607606,187,P2_outputs_path_150_to_200
2028,801566.1304413484,187,P2_outputs_path_150_to_200
2029,874907.1176985893,187,P2_outputs_path_150_to_200
2030,960886.0766781148,187,P2_outputs_path_150_to_200
2031,1145614.8783487168,187,P2_outputs_path_150_to_200
2032,1125255.9673386342,187,P2_outputs_path_150_to_200
2033,1161540.292671949,187,P2_outputs_path_150_to_200
2034,593123.3082423364,187,P2_outputs_path_150_to_200
2035,779516.7229866526,187,P2_outputs_path_150_to_200
2036,881427.5908686062,187,P2_outputs_path_150_to_200
2037,886755.4520652469,187,P2_outputs_path_150_to_200
2038,1080642.1529655042,187,P2_outputs_path_150_to_200
2039,1330763.5122145717,187,P2_outputs_path_150_to_200
2040,1472903.3168761206,187,P2_outputs_path_150_to_200
2041,1706212.6656431863,187,P2_outputs_path_150_to_200
2042,2026439.8838297776,187,P2_outputs_path_150_to_200
2043,2368938.81906038,187,P2_outputs_path_150_to_200
2044,2652848.424672687,187,P2_outputs_path_150_to_200
2045,2890624.4980401834,187,P2_outputs_path_150_to_200
2046,3062814.471625532,187,P2_outputs_path_150_to_200
2047,3401209.438171152,187,P2_outputs_path_150_to_200
2048,3604774.119477234,187,P2_outputs_path_150_to_200
2049,3972470.5793651054,187,P2_outputs_path_150_to_200
2050,4432478.12600392,187,P2_outputs_path_150_to_200
2051,4804866.761192909,187,P2_outputs_path_150_to_200
2052,4626063.548219006,187,P2_outputs_path_150_to_200
2053,4582772.221240982,187,P2_outputs_path_150_to_200
2054,4536634.602365591,187,P2_outputs_path_150_to_200
2055,4735209.446383309,187,P2_outputs_path_150_to_200
2056,4508680.41684219,187,P2_outputs_path_150_to_200
2057,4786712.687755255,187,P2_outputs_path_150_to_200
2058,5058308.932258291,187,P2_outputs_path_150_to_200
2059,472305.5605503116,187,P2_outputs_path_150_to_200
2060,624316.8768069521,187,P2_outputs_path_150_to_200
2061,622949.0429696795,187,P2_outputs_path_150_to_200
2062,683960.6875360128,187,P2_outputs_path_150_to_200
2063,703593.8706861474,187,P2_outputs_path_150_to_200
2064,705091.3927061862,187,P2_outputs_path_150_to_200
2065,678987.5733300123,187,P2_outputs_path_150_to_200
2066,674009.3699973245,187,P2_outputs_path_150_to_200
2067,696243.9262859559,187,P2_outputs_path_150_to_200
2068,677548.0652602417,187,P2_outputs_path_150_to_200
2069,707982.33341159,187,P2_outputs_path_150_to_200
2070,754561.1004836927,187,P2_outputs_path_150_to_200
2071,766487.0398781477,187,P2_outputs_path_150_to_200
2072,800792.3049933405,187,P2_outputs_path_150_to_200
2073,790495.2396675856,187,P2_outputs_path_150_to_200
2074,775124.6546708425,187,P2_outputs_path_150_to_200
2075,,187,P2_outputs_path_150_to_200
2025,237519.783531347,188,P2_outputs_path_150_to_200
2026,382911.2551101093,188,P2_outputs_path_150_to_200
2027,489275.4507279076,188,P2_outputs_path_150_to_200
2028,588873.0367913911,188,P2_outputs_path_150_to_200
2029,514859.9353461638,188,P2_outputs_path_150_to_200
2030,475618.8946256712,188,P2_outputs_path_150_to_200
2031,588957.0784609199,188,P2_outputs_path_150_to_200
2032,586616.0009951901,188,P2_outputs_path_150_to_200
2033,648814.3002687613,188,P2_outputs_path_150_to_200
2034,71014.35967762815,188,P2_outputs_path_150_to_200
2035,177812.12096823912,188,P2_outputs_path_150_to_200
2036,256280.1729107096,188,P2_outputs_path_150_to_200
2037,310894.9017333224,188,P2_outputs_path_150_to_200
2038,527043.6906211482,188,P2_outputs_path_150_to_200
2039,698352.7049534043,188,P2_outputs_path_150_to_200
2040,760927.413015188,188,P2_outputs_path_150_to_200
2041,762162.7197919576,188,P2_outputs_path_150_to_200
2042,1042221.7746570922,188,P2_outputs_path_150_to_200
2043,1341909.7220773294,188,P2_outputs_path_150_to_200
2044,1454948.0693496328,188,P2_outputs_path_150_to_200
2045,1713448.4344263016,188,P2_outputs_path_150_to_200
2046,1598026.775692964,188,P2_outputs_path_150_to_200
2047,1912645.5488938133,188,P2_outputs_path_150_to_200
2048,2186254.269214476,188,P2_outputs_path_150_to_200
2049,2312513.036345952,188,P2_outputs_path_150_to_200
2050,2386740.8842914826,188,P2_outputs_path_150_to_200
2051,2780341.367910156,188,P2_outputs_path_150_to_200
2052,2534920.4651545878,188,P2_outputs_path_150_to_200
2053,2604035.1915312847,188,P2_outputs_path_150_to_200
2054,3178034.761648457,188,P2_outputs_path_150_to_200
2055,3788686.9667174607,188,P2_outputs_path_150_to_200
2056,3165529.52275896,188,P2_outputs_path_150_to_200
2057,2745055.6808392266,188,P2_outputs_path_150_to_200
2058,3141103.780228366,188,P2_outputs_path_150_to_200
2059,0.0,188,P2_outputs_path_150_to_200
2060,125388.73162469284,188,P2_outputs_path_150_to_200
2061,112428.84732264702,188,P2_outputs_path_150_to_200
2062,134405.61564959656,188,P2_outputs_path_150_to_200
2063,136052.2558868124,188,P2_outputs_path_150_to_200
2064,142798.12659026126,188,P2_outputs_path_150_to_200
2065,136383.57604967474,188,P2_outputs_path_150_to_200
2066,133620.32599365056,188,P2_outputs_path_150_to_200
2067,137373.6457073669,188,P2_outputs_path_150_to_200
2068,145100.02367842634,188,P2_outputs_path_150_to_200
2069,142601.68680499372,188,P2_outputs_path_150_to_200
2070,148872.8410157829,188,P2_outputs_path_150_to_200
2071,156262.05823405192,188,P2_outputs_path_150_to_200
2072,173252.8454740215,188,P2_outputs_path_150_to_200
2073,167213.36323722577,188,P2_outputs_path_150_to_200
2074,168773.09848962398,188,P2_outputs_path_150_to_200
2075,,188,P2_outputs_path_150_to_200
2025,215386.93356769087,189,P2_outputs_path_150_to_200
2026,376074.4137570898,189,P2_outputs_path_150_to_200
2027,519605.12459967297,189,P2_outputs_path_150_to_200
2028,450764.98426497326,189,P2_outputs_path_150_to_200
2029,407871.23435234406,189,P2_outputs_path_150_to_200
2030,496892.0083776116,189,P2_outputs_path_150_to_200
2031,562742.8653191756,189,P2_outputs_path_150_to_200
2032,530235.8378740255,189,P2_outputs_path_150_to_200
2033,659361.8754563817,189,P2_outputs_path_150_to_200
2034,69350.98814647645,189,P2_outputs_path_150_to_200
2035,229454.7362822526,189,P2_outputs_path_150_to_200
2036,329204.04939239856,189,P2_outputs_path_150_to_200
2037,510022.6481432496,189,P2_outputs_path_150_to_200
2038,780844.8384187089,189,P2_outputs_path_150_to_200
2039,809585.9081673059,189,P2_outputs_path_150_to_200
2040,1065811.9037210485,189,P2_outputs_path_150_to_200
2041,1363683.2590430696,189,P2_outputs_path_150_to_200
2042,1594123.8477260305,189,P2_outputs_path_150_to_200
2043,1627221.4074929913,189,P2_outputs_path_150_to_200
2044,1640330.8455263246,189,P2_outputs_path_150_to_200
2045,1837574.544337492,189,P2_outputs_path_150_to_200
2046,2016509.5126136453,189,P2_outputs_path_150_to_200
2047,1851121.393403492,189,P2_outputs_path_150_to_200
2048,1789544.1056255763,189,P2_outputs_path_150_to_200
2049,2010710.00804941,189,P2_outputs_path_150_to_200
2050,2093654.464342947,189,P2_outputs_path_150_to_200
2051,2515771.1348326737,189,P2_outputs_path_150_to_200
2052,2899766.785302765,189,P2_outputs_path_150_to_200
2053,3816200.6309627127,189,P2_outputs_path_150_to_200
2054,4671439.085172386,189,P2_outputs_path_150_to_200
2055,4239985.783069902,189,P2_outputs_path_150_to_200
2056,4587134.700135236,189,P2_outputs_path_150_to_200
2057,5045814.906763675,189,P2_outputs_path_150_to_200
2058,5207764.419459989,189,P2_outputs_path_150_to_200
2059,718058.3484467212,189,P2_outputs_path_150_to_200
2060,823236.313389287,189,P2_outputs_path_150_to_200
2061,829000.7938657994,189,P2_outputs_path_150_to_200
2062,896233.4072361472,189,P2_outputs_path_150_to_200
2063,832887.3675568341,189,P2_outputs_path_150_to_200
2064,855459.5778612066,189,P2_outputs_path_150_to_200
2065,866540.6403058618,189,P2_outputs_path_150_to_200
2066,840727.0540379719,189,P2_outputs_path_150_to_200
2067,840800.5158781258,189,P2_outputs_path_150_to_200
2068,823042.3952446601,189,P2_outputs_path_150_to_200
2069,876520.7673769277,189,P2_outputs_path_150_to_200
2070,869195.4600201868,189,P2_outputs_path_150_to_200
2071,904064.3221237692,189,P2_outputs_path_150_to_200
2072,918835.5073036964,189,P2_outputs_path_150_to_200
2073,882344.659197989,189,P2_outputs_path_150_to_200
2074,813238.4997189161,189,P2_outputs_path_150_to_200
2075,,189,P2_outputs_path_150_to_200
2025,213906.7967291773,190,P2_outputs_path_150_to_200
2026,365175.5849381151,190,P2_outputs_path_150_to_200
2027,423801.56162934366,190,P2_outputs_path_150_to_200
2028,514840.2076061701,190,P2_outputs_path_150_to_200
2029,562882.371009896,190,P2_outputs_path_150_to_200
2030,717124.5935359158,190,P2_outputs_path_150_to_200
2031,803844.1252806013,190,P2_outputs_path_150_to_200
2032,923838.546141214,190,P2_outputs_path_150_to_200
2033,1028983.1102642632,190,P2_outputs_path_150_to_200
2034,451927.55430231337,190,P2_outputs_path_150_to_200
2035,599582.4720968436,190,P2_outputs_path_150_to_200
2036,774998.3969093813,190,P2_outputs_path_150_to_200
2037,870401.5062794514,190,P2_outputs_path_150_to_200
2038,924325.759980882,190,P2_outputs_path_150_to_200
2039,881293.2830128354,190,P2_outputs_path_150_to_200
2040,1194291.5093389135,190,P2_outputs_path_150_to_200
2041,1157308.6971437598,190,P2_outputs_path_150_to_200
2042,1511262.7137036794,190,P2_outputs_path_150_to_200
2043,1340836.2573220588,190,P2_outputs_path_150_to_200
2044,1473970.5643393856,190,P2_outputs_path_150_to_200
2045,1475769.3808256462,190,P2_outputs_path_150_to_200
2046,1682876.1410806524,190,P2_outputs_path_150_to_200
2047,2219366.6654457487,190,P2_outputs_path_150_to_200
2048,2320067.773169613,190,P2_outputs_path_150_to_200
2049,1348170.9077260094,190,P2_outputs_path_150_to_200
2050,1243465.0537733757,190,P2_outputs_path_150_to_200
2051,1272003.6735092325,190,P2_outputs_path_150_to_200
2052,1529331.1348541204,190,P2_outputs_path_150_to_200
2053,1607057.9795234872,190,P2_outputs_path_150_to_200
2054,1905729.7288117216,190,P2_outputs_path_150_to_200
2055,2345813.335992576,190,P2_outputs_path_150_to_200
2056,2063864.128883417,190,P2_outputs_path_150_to_200
2057,2341752.258220891,190,P2_outputs_path_150_to_200
2058,2451621.3665758763,190,P2_outputs_path_150_to_200
2059,0.0,190,P2_outputs_path_150_to_200
2060,157752.03621569084,190,P2_outputs_path_150_to_200
2061,160738.35639786645,190,P2_outputs_path_150_to_200
2062,162153.38843614393,190,P2_outputs_path_150_to_200
2063,164481.51460727557,190,P2_outputs_path_150_to_200
2064,154823.689850124,190,P2_outputs_path_150_to_200
2065,148960.35479907022,190,P2_outputs_path_150_to_200
2066,164743.2639876228,190,P2_outputs_path_150_to_200
2067,159686.90036675762,190,P2_outputs_path_150_to_200
2068,183593.0601324361,190,P2_outputs_path_150_to_200
2069,174479.93926520224,190,P2_outputs_path_150_to_200
2070,171538.50273227246,190,P2_outputs_path_150_to_200
2071,154552.44365262656,190,P2_outputs_path_150_to_200
2072,159588.4650295998,190,P2_outputs_path_150_to_200
2073,159158.5234980511,190,P2_outputs_path_150_to_200
2074,130464.36001099364,190,P2_outputs_path_150_to_200
2075,,190,P2_outputs_path_150_to_200
2025,171228.9217372259,191,P2_outputs_path_150_to_200
2026,316460.61270467634,191,P2_outputs_path_150_to_200
2027,433833.71482614,191,P2_outputs_path_150_to_200
2028,529951.9990375359,191,P2_outputs_path_150_to_200
2029,601625.8332780479,191,P2_outputs_path_150_to_200
2030,697583.6507262687,191,P2_outputs_path_150_to_200
2031,792938.8520830481,191,P2_outputs_path_150_to_200
2032,1037384.4018351878,191,P2_outputs_path_150_to_200
2033,1077289.5907570892,191,P2_outputs_path_150_to_200
2034,485756.18927229126,191,P2_outputs_path_150_to_200
2035,626213.1113799864,191,P2_outputs_path_150_to_200
2036,670227.0152679415,191,P2_outputs_path_150_to_200
2037,796775.5929736074,191,P2_outputs_path_150_to_200
2038,858516.1953737893,191,P2_outputs_path_150_to_200
2039,1211305.574088484,191,P2_outputs_path_150_to_200
2040,1436558.2203812895,191,P2_outputs_path_150_to_200
2041,1274174.3356310895,191,P2_outputs_path_150_to_200
2042,1288260.266443495,191,P2_outputs_path_150_to_200
2043,1249711.08479127,191,P2_outputs_path_150_to_200
2044,1815569.637945254,191,P2_outputs_path_150_to_200
2045,2225979.5402237736,191,P2_outputs_path_150_to_200
2046,2467305.6761260848,191,P2_outputs_path_150_to_200
2047,3284717.783347985,191,P2_outputs_path_150_to_200
2048,3147475.824478853,191,P2_outputs_path_150_to_200
2049,3155918.083964024,191,P2_outputs_path_150_to_200
2050,3182691.488917488,191,P2_outputs_path_150_to_200
2051,2844986.5292289685,191,P2_outputs_path_150_to_200
2052,3933956.330181589,191,P2_outputs_path_150_to_200
2053,4196839.698937949,191,P2_outputs_path_150_to_200
2054,4387277.264724435,191,P2_outputs_path_150_to_200
2055,4289115.998697037,191,P2_outputs_path_150_to_200
2056,4805590.677893112,191,P2_outputs_path_150_to_200
2057,4997773.095563191,191,P2_outputs_path_150_to_200
2058,5065675.612175721,191,P2_outputs_path_150_to_200
2059,700154.846931166,191,P2_outputs_path_150_to_200
2060,878092.2474785075,191,P2_outputs_path_150_to_200
2061,859226.0524052882,191,P2_outputs_path_150_to_200
2062,975097.3752294836,191,P2_outputs_path_150_to_200
2063,1061294.614530745,191,P2_outputs_path_150_to_200
2064,1069656.5468909685,191,P2_outputs_path_150_to_200
2065,1217633.229044453,191,P2_outputs_path_150_to_200
2066,1261256.509434001,191,P2_outputs_path_150_to_200
2067,1181043.0825886016,191,P2_outputs_path_150_to_200
2068,1205964.360727962,191,P2_outputs_path_150_to_200
2069,1199985.0246710218,191,P2_outputs_path_150_to_200
2070,1227173.3451684015,191,P2_outputs_path_150_to_200
2071,1253874.538671608,191,P2_outputs_path_150_to_200
2072,1173568.182325327,191,P2_outputs_path_150_to_200
2073,1255937.3804580714,191,P2_outputs_path_150_to_200
2074,1183476.2411887532,191,P2_outputs_path_150_to_200
2075,,191,P2_outputs_path_150_to_200
2025,212492.0650179235,192,P2_outputs_path_150_to_200
2026,383086.1482454202,192,P2_outputs_path_150_to_200
2027,468397.98795711616,192,P2_outputs_path_150_to_200
2028,696699.1046157737,192,P2_outputs_path_150_to_200
2029,730076.8875165583,192,P2_outputs_path_150_to_200
2030,796350.625337682,192,P2_outputs_path_150_to_200
2031,900750.2586078368,192,P2_outputs_path_150_to_200
2032,1001125.1239565172,192,P2_outputs_path_150_to_200
2033,1172961.7625772634,192,P2_outputs_path_150_to_200
2034,803709.1960744541,192,P2_outputs_path_150_to_200
2035,901156.0013912808,192,P2_outputs_path_150_to_200
2036,768719.2492503121,192,P2_outputs_path_150_to_200
2037,903184.1316602952,192,P2_outputs_path_150_to_200
2038,1229776.1910718512,192,P2_outputs_path_150_to_200
2039,1288637.9399863128,192,P2_outputs_path_150_to_200
2040,1759935.4337206143,192,P2_outputs_path_150_to_200
2041,2170515.176748223,192,P2_outputs_path_150_to_200
2042,2420716.008832183,192,P2_outputs_path_150_to_200
2043,2565562.229640197,192,P2_outputs_path_150_to_200
2044,3300908.60349642,192,P2_outputs_path_150_to_200
2045,4434927.87102108,192,P2_outputs_path_150_to_200
2046,4449987.691659765,192,P2_outputs_path_150_to_200
2047,4376135.23258636,192,P2_outputs_path_150_to_200
2048,4307238.177885993,192,P2_outputs_path_150_to_200
2049,4449406.066786056,192,P2_outputs_path_150_to_200
2050,4706303.609672913,192,P2_outputs_path_150_to_200
2051,4870320.704101995,192,P2_outputs_path_150_to_200
2052,5153260.452858578,192,P2_outputs_path_150_to_200
2053,5071410.730406487,192,P2_outputs_path_150_to_200
2054,4979246.323219601,192,P2_outputs_path_150_to_200
2055,5180377.625112552,192,P2_outputs_path_150_to_200
2056,4705220.756729292,192,P2_outputs_path_150_to_200
2057,4587478.291310888,192,P2_outputs_path_150_to_200
2058,4823592.465170173,192,P2_outputs_path_150_to_200
2059,278607.9825675003,192,P2_outputs_path_150_to_200
2060,413465.6191139512,192,P2_outputs_path_150_to_200
2061,452387.60393227625,192,P2_outputs_path_150_to_200
2062,477539.0331127251,192,P2_outputs_path_150_to_200
2063,505795.1514583068,192,P2_outputs_path_150_to_200
2064,475748.4747090624,192,P2_outputs_path_150_to_200
2065,515734.5096596961,192,P2_outputs_path_150_to_200
2066,553236.8057325985,192,P2_outputs_path_150_to_200
2067,562025.3922596544,192,P2_outputs_path_150_to_200
2068,516607.95985531335,192,P2_outputs_path_150_to_200
2069,605408.9646595126,192,P2_outputs_path_150_to_200
2070,642162.7898514715,192,P2_outputs_path_150_to_200
2071,569881.7343658006,192,P2_outputs_path_150_to_200
2072,591549.8392477296,192,P2_outputs_path_150_to_200
2073,599483.7146521972,192,P2_outputs_path_150_to_200
2074,670953.2445684643,192,P2_outputs_path_150_to_200
2075,,192,P2_outputs_path_150_to_200
2025,227366.62918298267,193,P2_outputs_path_150_to_200
2026,319847.2715513549,193,P2_outputs_path_150_to_200
2027,398959.8052876674,193,P2_outputs_path_150_to_200
2028,539917.2607213724,193,P2_outputs_path_150_to_200
2029,658299.8329145547,193,P2_outputs_path_150_to_200
2030,702939.306577921,193,P2_outputs_path_150_to_200
2031,779288.382194184,193,P2_outputs_path_150_to_200
2032,936402.6850058476,193,P2_outputs_path_150_to_200
2033,990520.9009587284,193,P2_outputs_path_150_to_200
2034,610453.3652426526,193,P2_outputs_path_150_to_200
2035,766877.0186880283,193,P2_outputs_path_150_to_200
2036,959671.4345482854,193,P2_outputs_path_150_to_200
2037,1073883.7799569326,193,P2_outputs_path_150_to_200
2038,1149959.217375019,193,P2_outputs_path_150_to_200
2039,1280676.5386678365,193,P2_outputs_path_150_to_200
2040,1267972.1102304126,193,P2_outputs_path_150_to_200
2041,1473136.654611423,193,P2_outputs_path_150_to_200
2042,2086971.3987951933,193,P2_outputs_path_150_to_200
2043,2045512.4226027995,193,P2_outputs_path_150_to_200
2044,1924520.183517753,193,P2_outputs_path_150_to_200
2045,1621414.252733047,193,P2_outputs_path_150_to_200
2046,1464489.3179353783,193,P2_outputs_path_150_to_200
2047,1093623.4410869065,193,P2_outputs_path_150_to_200
2048,1244926.6259323969,193,P2_outputs_path_150_to_200
2049,1552139.1464380098,193,P2_outputs_path_150_to_200
2050,1934798.4653911288,193,P2_outputs_path_150_to_200
2051,2435874.1111756247,193,P2_outputs_path_150_to_200
2052,2497048.9400626,193,P2_outputs_path_150_to_200
2053,3146397.3388453047,193,P2_outputs_path_150_to_200
2054,3370417.0418579374,193,P2_outputs_path_150_to_200
2055,3457027.062988705,193,P2_outputs_path_150_to_200
2056,4362020.0814941125,193,P2_outputs_path_150_to_200
2057,4363760.204602616,193,P2_outputs_path_150_to_200
2058,4736468.850418781,193,P2_outputs_path_150_to_200
2059,256147.9869206529,193,P2_outputs_path_150_to_200
2060,401607.7410980912,193,P2_outputs_path_150_to_200
2061,421982.2397265634,193,P2_outputs_path_150_to_200
2062,449657.61208345694,193,P2_outputs_path_150_to_200
2063,422908.6664024104,193,P2_outputs_path_150_to_200
2064,437895.8138940908,193,P2_outputs_path_150_to_200
2065,513108.6226138311,193,P2_outputs_path_150_to_200
2066,534746.4897625207,193,P2_outputs_path_150_to_200
2067,544695.3175378724,193,P2_outputs_path_150_to_200
2068,515397.3563865038,193,P2_outputs_path_150_to_200
2069,550026.3175083476,193,P2_outputs_path_150_to_200
2070,556147.6275735418,193,P2_outputs_path_150_to_200
2071,527735.1195538631,193,P2_outputs_path_150_to_200
2072,557282.0921554901,193,P2_outputs_path_150_to_200
2073,599463.6307473049,193,P2_outputs_path_150_to_200
2074,670118.6227810702,193,P2_outputs_path_150_to_200
2075,,193,P2_outputs_path_150_to_200
2025,189338.81275495,194,P2_outputs_path_150_to_200
2026,291157.77136172866,194,P2_outputs_path_150_to_200
2027,382119.1573105802,194,P2_outputs_path_150_to_200
2028,402647.92112203885,194,P2_outputs_path_150_to_200
2029,413428.805666431,194,P2_outputs_path_150_to_200
2030,562074.4005922106,194,P2_outputs_path_150_to_200
2031,613332.0655994451,194,P2_outputs_path_150_to_200
2032,602934.3774870019,194,P2_outputs_path_150_to_200
2033,684764.5341053661,194,P2_outputs_path_150_to_200
2034,88790.26513324131,194,P2_outputs_path_150_to_200
2035,245510.85723633307,194,P2_outputs_path_150_to_200
2036,397856.725516466,194,P2_outputs_path_150_to_200
2037,555580.4722938867,194,P2_outputs_path_150_to_200
2038,589059.9786584136,194,P2_outputs_path_150_to_200
2039,679722.7966461651,194,P2_outputs_path_150_to_200
2040,891611.9210595989,194,P2_outputs_path_150_to_200
2041,792257.1588328256,194,P2_outputs_path_150_to_200
2042,691471.5637515362,194,P2_outputs_path_150_to_200
2043,1147207.4578033574,194,P2_outputs_path_150_to_200
2044,1291879.8811108873,194,P2_outputs_path_150_to_200
2045,1250867.052873725,194,P2_outputs_path_150_to_200
2046,1867990.92483616,194,P2_outputs_path_150_to_200
2047,1711283.4912173846,194,P2_outputs_path_150_to_200
2048,2021228.3921879784,194,P2_outputs_path_150_to_200
2049,2772648.5725148683,194,P2_outputs_path_150_to_200
2050,2858375.881733686,194,P2_outputs_path_150_to_200
2051,3478464.581120005,194,P2_outputs_path_150_to_200
2052,4107107.720608589,194,P2_outputs_path_150_to_200
2053,4125268.724870869,194,P2_outputs_path_150_to_200
2054,4297228.413982136,194,P2_outputs_path_150_to_200
2055,4250286.256468223,194,P2_outputs_path_150_to_200
2056,4091187.97066626,194,P2_outputs_path_150_to_200
2057,4228517.378239813,194,P2_outputs_path_150_to_200
2058,4835948.126780046,194,P2_outputs_path_150_to_200
2059,431004.4437373346,194,P2_outputs_path_150_to_200
2060,588850.3438227498,194,P2_outputs_path_150_to_200
2061,547564.5313910511,194,P2_outputs_path_150_to_200
2062,619072.3009665658,194,P2_outputs_path_150_to_200
2063,600559.7181309703,194,P2_outputs_path_150_to_200
2064,589338.0523165646,194,P2_outputs_path_150_to_200
2065,618321.6299465776,194,P2_outputs_path_150_to_200
2066,643051.7297593175,194,P2_outputs_path_150_to_200
2067,734343.0985685093,194,P2_outputs_path_150_to_200
2068,783764.6908534397,194,P2_outputs_path_150_to_200
2069,730376.0684041709,194,P2_outputs_path_150_to_200
2070,784962.2748501652,194,P2_outputs_path_150_to_200
2071,760997.2218716945,194,P2_outputs_path_150_to_200
2072,752793.4415477765,194,P2_outputs_path_150_to_200
2073,774231.9576059214,194,P2_outputs_path_150_to_200
2074,881325.9458774105,194,P2_outputs_path_150_to_200
2075,,194,P2_outputs_path_150_to_200
2025,204811.92700993732,195,P2_outputs_path_150_to_200
2026,270545.6710205509,195,P2_outputs_path_150_to_200
2027,349640.9999903616,195,P2_outputs_path_150_to_200
2028,496989.7953244902,195,P2_outputs_path_150_to_200
2029,406002.904781315,195,P2_outputs_path_150_to_200
2030,580698.0252687574,195,P2_outputs_path_150_to_200
2031,799156.5195943649,195,P2_outputs_path_150_to_200
2032,977273.796856182,195,P2_outputs_path_150_to_200
2033,1056177.8371960097,195,P2_outputs_path_150_to_200
2034,397452.22661027336,195,P2_outputs_path_150_to_200
2035,506151.4308160469,195,P2_outputs_path_150_to_200
2036,752332.506823916,195,P2_outputs_path_150_to_200
2037,1024270.3430033234,195,P2_outputs_path_150_to_200
2038,1310557.119493605,195,P2_outputs_path_150_to_200
2039,1223279.1148626248,195,P2_outputs_path_150_to_200
2040,1350610.8007998515,195,P2_outputs_path_150_to_200
2041,1472867.970778867,195,P2_outputs_path_150_to_200
2042,1810782.0450729432,195,P2_outputs_path_150_to_200
2043,2421747.0755105927,195,P2_outputs_path_150_to_200
2044,2614609.1091714907,195,P2_outputs_path_150_to_200
2045,2209988.022123401,195,P2_outputs_path_150_to_200
2046,2227664.046438035,195,P2_outputs_path_150_to_200
2047,2219824.5739148096,195,P2_outputs_path_150_to_200
2048,2385455.0278758043,195,P2_outputs_path_150_to_200
2049,2866198.9062730293,195,P2_outputs_path_150_to_200
2050,2412004.788127921,195,P2_outputs_path_150_to_200
2051,2638883.858369256,195,P2_outputs_path_150_to_200
2052,3393369.5745676127,195,P2_outputs_path_150_to_200
2053,3978583.387450854,195,P2_outputs_path_150_to_200
2054,4296778.045500502,195,P2_outputs_path_150_to_200
2055,4387216.771266235,195,P2_outputs_path_150_to_200
2056,4543691.836049617,195,P2_outputs_path_150_to_200
2057,4497985.491652403,195,P2_outputs_path_150_to_200
2058,4700807.512091445,195,P2_outputs_path_150_to_200
2059,929776.8776134998,195,P2_outputs_path_150_to_200
2060,1090619.6726069476,195,P2_outputs_path_150_to_200
2061,1069894.572618068,195,P2_outputs_path_150_to_200
2062,1135121.9749045046,195,P2_outputs_path_150_to_200
2063,1090305.0463865974,195,P2_outputs_path_150_to_200
2064,1093081.8268453735,195,P2_outputs_path_150_to_200
2065,1117294.7318349003,195,P2_outputs_path_150_to_200
2066,1099991.1230143325,195,P2_outputs_path_150_to_200
2067,1251515.5842696114,195,P2_outputs_path_150_to_200
2068,1226339.6582437074,195,P2_outputs_path_150_to_200
2069,1222795.2183709028,195,P2_outputs_path_150_to_200
2070,1227898.33424856,195,P2_outputs_path_150_to_200
2071,1273152.1432641232,195,P2_outputs_path_150_to_200
2072,1320042.8973415825,195,P2_outputs_path_150_to_200
2073,1317191.1712282964,195,P2_outputs_path_150_to_200
2074,1414316.1891152903,195,P2_outputs_path_150_to_200
2075,,195,P2_outputs_path_150_to_200
2025,195558.91654777696,196,P2_outputs_path_150_to_200
2026,298157.7175790065,196,P2_outputs_path_150_to_200
2027,396984.537472148,196,P2_outputs_path_150_to_200
2028,529204.5521464914,196,P2_outputs_path_150_to_200
2029,572342.7062599423,196,P2_outputs_path_150_to_200
2030,763562.7939705057,196,P2_outputs_path_150_to_200
2031,772725.585642169,196,P2_outputs_path_150_to_200
2032,837623.4509632975,196,P2_outputs_path_150_to_200
2033,885722.2598883816,196,P2_outputs_path_150_to_200
2034,339011.1863898478,196,P2_outputs_path_150_to_200
2035,440980.7300507587,196,P2_outputs_path_150_to_200
2036,624943.2082335071,196,P2_outputs_path_150_to_200
2037,686575.6089691352,196,P2_outputs_path_150_to_200
2038,893737.058021158,196,P2_outputs_path_150_to_200
2039,1064876.1787187238,196,P2_outputs_path_150_to_200
2040,1470603.164802394,196,P2_outputs_path_150_to_200
2041,1879742.160280001,196,P2_outputs_path_150_to_200
2042,2187160.054076956,196,P2_outputs_path_150_to_200
2043,2566412.083532999,196,P2_outputs_path_150_to_200
2044,2946980.74334717,196,P2_outputs_path_150_to_200
2045,3083508.09098054,196,P2_outputs_path_150_to_200
2046,2594560.184474352,196,P2_outputs_path_150_to_200
2047,2957297.590883219,196,P2_outputs_path_150_to_200
2048,2758418.7024315544,196,P2_outputs_path_150_to_200
2049,3221594.4436633047,196,P2_outputs_path_150_to_200
2050,3114598.589057197,196,P2_outputs_path_150_to_200
2051,4022910.1745293834,196,P2_outputs_path_150_to_200
2052,4280621.064593229,196,P2_outputs_path_150_to_200
2053,4310177.776710343,196,P2_outputs_path_150_to_200
2054,4609783.15582469,196,P2_outputs_path_150_to_200
2055,4583048.672502866,196,P2_outputs_path_150_to_200
2056,4473906.466000971,196,P2_outputs_path_150_to_200
2057,4483783.918466534,196,P2_outputs_path_150_to_200
2058,4333286.33301931,196,P2_outputs_path_150_to_200
2059,193736.68176279496,196,P2_outputs_path_150_to_200
2060,382917.2958161618,196,P2_outputs_path_150_to_200
2061,394158.2085877396,196,P2_outputs_path_150_to_200
2062,417771.8991823484,196,P2_outputs_path_150_to_200
2063,404280.01640244666,196,P2_outputs_path_150_to_200
2064,402221.9723935714,196,P2_outputs_path_150_to_200
2065,404525.66058762296,196,P2_outputs_path_150_to_200
2066,373813.0986819576,196,P2_outputs_path_150_to_200
2067,360421.6636136895,196,P2_outputs_path_150_to_200
2068,315901.59070516634,196,P2_outputs_path_150_to_200
2069,285199.39471266494,196,P2_outputs_path_150_to_200
2070,280549.8990434741,196,P2_outputs_path_150_to_200
2071,266099.2142644688,196,P2_outputs_path_150_to_200
2072,251646.3210125052,196,P2_outputs_path_150_to_200
2073,254767.1569074513,196,P2_outputs_path_150_to_200
2074,258357.41711925907,196,P2_outputs_path_150_to_200
2075,,196,P2_outputs_path_150_to_200
2025,198041.3781914904,197,P2_outputs_path_150_to_200
2026,344055.0137160893,197,P2_outputs_path_150_to_200
2027,371610.4271078541,197,P2_outputs_path_150_to_200
2028,405699.55892728106,197,P2_outputs_path_150_to_200
2029,476041.3112014607,197,P2_outputs_path_150_to_200
2030,636069.8148141764,197,P2_outputs_path_150_to_200
2031,686363.0700165052,197,P2_outputs_path_150_to_200
2032,843029.4766224615,197,P2_outputs_path_150_to_200
2033,1015792.7322775348,197,P2_outputs_path_150_to_200
2034,407079.4096661048,197,P2_outputs_path_150_to_200
2035,575066.8900553045,197,P2_outputs_path_150_to_200
2036,672793.0878280372,197,P2_outputs_path_150_to_200
2037,752424.5650793316,197,P2_outputs_path_150_to_200
2038,1072894.6016472967,197,P2_outputs_path_150_to_200
2039,1012178.6271870504,197,P2_outputs_path_150_to_200
2040,923058.913727502,197,P2_outputs_path_150_to_200
2041,953313.2398963826,197,P2_outputs_path_150_to_200
2042,1151213.8561494902,197,P2_outputs_path_150_to_200
2043,1372494.48901345,197,P2_outputs_path_150_to_200
2044,1020260.3045455106,197,P2_outputs_path_150_to_200
2045,1357863.8381545837,197,P2_outputs_path_150_to_200
2046,1208183.7185944058,197,P2_outputs_path_150_to_200
2047,1628127.7109973044,197,P2_outputs_path_150_to_200
2048,1890657.9464541776,197,P2_outputs_path_150_to_200
2049,1852780.9174931792,197,P2_outputs_path_150_to_200
2050,2120395.214900336,197,P2_outputs_path_150_to_200
2051,1877765.5488135165,197,P2_outputs_path_150_to_200
2052,2105055.2913067117,197,P2_outputs_path_150_to_200
2053,2731249.9470253387,197,P2_outputs_path_150_to_200
2054,2635408.6234581163,197,P2_outputs_path_150_to_200
2055,3295744.539814379,197,P2_outputs_path_150_to_200
2056,3551200.7830114546,197,P2_outputs_path_150_to_200
2057,3846011.845002949,197,P2_outputs_path_150_to_200
2058,4200901.880217313,197,P2_outputs_path_150_to_200
2059,128897.08680682907,197,P2_outputs_path_150_to_200
2060,301565.58255034784,197,P2_outputs_path_150_to_200
2061,299641.0601307256,197,P2_outputs_path_150_to_200
2062,305314.2445187824,197,P2_outputs_path_150_to_200
2063,298703.57385331456,197,P2_outputs_path_150_to_200
2064,299910.0059257584,197,P2_outputs_path_150_to_200
2065,283513.6113478969,197,P2_outputs_path_150_to_200
2066,319856.6166946416,197,P2_outputs_path_150_to_200
2067,340738.0510811293,197,P2_outputs_path_150_to_200
2068,346640.46286934416,197,P2_outputs_path_150_to_200
2069,373582.1243540088,197,P2_outputs_path_150_to_200
2070,376301.8759112014,197,P2_outputs_path_150_to_200
2071,411761.5191433589,197,P2_outputs_path_150_to_200
2072,452914.32534948434,197,P2_outputs_path_150_to_200
2073,499750.53933261015,197,P2_outputs_path_150_to_200
2074,471110.1392611807,197,P2_outputs_path_150_to_200
2075,,197,P2_outputs_path_150_to_200
2025,213325.9461631893,198,P2_outputs_path_150_to_200
2026,290193.75582771114,198,P2_outputs_path_150_to_200
2027,443985.5884449245,198,P2_outputs_path_150_to_200
2028,522714.07633269887,198,P2_outputs_path_150_to_200
2029,525397.4429954035,198,P2_outputs_path_150_to_200
2030,600704.6567778804,198,P2_outputs_path_150_to_200
2031,561289.4462223335,198,P2_outputs_path_150_to_200
2032,801717.8925769246,198,P2_outputs_path_150_to_200
2033,837691.0416209053,198,P2_outputs_path_150_to_200
2034,239099.6615889375,198,P2_outputs_path_150_to_200
2035,370662.1181491136,198,P2_outputs_path_150_to_200
2036,522061.2690416585,198,P2_outputs_path_150_to_200
2037,896851.316605282,198,P2_outputs_path_150_to_200
2038,951862.2113811008,198,P2_outputs_path_150_to_200
2039,957521.7168772907,198,P2_outputs_path_150_to_200
2040,1247101.5634071366,198,P2_outputs_path_150_to_200
2041,1711409.7145100215,198,P2_outputs_path_150_to_200
2042,2255827.675661658,198,P2_outputs_path_150_to_200
2043,2276015.7701973463,198,P2_outputs_path_150_to_200
2044,2860188.5591636426,198,P2_outputs_path_150_to_200
2045,3119447.1738225366,198,P2_outputs_path_150_to_200
2046,3309196.572391406,198,P2_outputs_path_150_to_200
2047,3919132.890153159,198,P2_outputs_path_150_to_200
2048,4285435.00290255,198,P2_outputs_path_150_to_200
2049,4102423.837069799,198,P2_outputs_path_150_to_200
2050,3892540.4695989992,198,P2_outputs_path_150_to_200
2051,3944628.0659468174,198,P2_outputs_path_150_to_200
2052,3720272.1236814256,198,P2_outputs_path_150_to_200
2053,4413926.189666791,198,P2_outputs_path_150_to_200
2054,4623883.699664368,198,P2_outputs_path_150_to_200
2055,4720179.6347985575,198,P2_outputs_path_150_to_200
2056,4822724.051149965,198,P2_outputs_path_150_to_200
2057,5073512.002838012,198,P2_outputs_path_150_to_200
2058,5184036.02629795,198,P2_outputs_path_150_to_200
2059,1332885.6989272377,198,P2_outputs_path_150_to_200
2060,1571592.4191354671,198,P2_outputs_path_150_to_200
2061,1529716.996651777,198,P2_outputs_path_150_to_200
2062,1485368.89857237,198,P2_outputs_path_150_to_200
2063,1561972.097925782,198,P2_outputs_path_150_to_200
2064,1602293.686532345,198,P2_outputs_path_150_to_200
2065,1676832.0134087822,198,P2_outputs_path_150_to_200
2066,1632026.0742274397,198,P2_outputs_path_150_to_200
2067,1600362.1141189756,198,P2_outputs_path_150_to_200
2068,1644429.6287938198,198,P2_outputs_path_150_to_200
2069,1564803.3249742691,198,P2_outputs_path_150_to_200
2070,1621777.7206703648,198,P2_outputs_path_150_to_200
2071,1604637.612049384,198,P2_outputs_path_150_to_200
2072,1464568.376545824,198,P2_outputs_path_150_to_200
2073,1499270.230850995,198,P2_outputs_path_150_to_200
2074,1691663.010925847,198,P2_outputs_path_150_to_200
2075,,198,P2_outputs_path_150_to_200
2025,234513.15029847328,199,P2_outputs_path_150_to_200
2026,378794.25459539454,199,P2_outputs_path_150_to_200
2027,469998.3109034433,199,P2_outputs_path_150_to_200
2028,551330.9071296738,199,P2_outputs_path_150_to_200
2029,566493.7276324003,199,P2_outputs_path_150_to_200
2030,850244.7532010739,199,P2_outputs_path_150_to_200
2031,937174.070426261,199,P2_outputs_path_150_to_200
2032,1016184.7876663884,199,P2_outputs_path_150_to_200
2033,1106155.1160222748,199,P2_outputs_path_150_to_200
2034,525690.8494432615,199,P2_outputs_path_150_to_200
2035,769386.4927042249,199,P2_outputs_path_150_to_200
2036,679327.913326542,199,P2_outputs_path_150_to_200
2037,1006995.8800675444,199,P2_outputs_path_150_to_200
2038,1310097.4116365395,199,P2_outputs_path_150_to_200
2039,1515078.245277905,199,P2_outputs_path_150_to_200
2040,1583856.4987767965,199,P2_outputs_path_150_to_200
2041,1699818.2510592858,199,P2_outputs_path_150_to_200
2042,2055367.5308736071,199,P2_outputs_path_150_to_200
2043,2336159.898372867,199,P2_outputs_path_150_to_200
2044,2902303.122495352,199,P2_outputs_path_150_to_200
2045,2613630.781904399,199,P2_outputs_path_150_to_200
2046,3008957.1819249,199,P2_outputs_path_150_to_200
2047,3680692.497621753,199,P2_outputs_path_150_to_200
2048,3976566.952451836,199,P2_outputs_path_150_to_200
2049,4072297.973821525,199,P2_outputs_path_150_to_200
2050,4287848.133124617,199,P2_outputs_path_150_to_200
2051,4126683.450958761,199,P2_outputs_path_150_to_200
2052,4607885.087979749,199,P2_outputs_path_150_to_200
2053,4714460.694776829,199,P2_outputs_path_150_to_200
2054,4886193.997858002,199,P2_outputs_path_150_to_200
2055,5204731.832353642,199,P2_outputs_path_150_to_200
2056,5270402.386942442,199,P2_outputs_path_150_to_200
2057,5658081.518165614,199,P2_outputs_path_150_to_200
2058,5954756.097414732,199,P2_outputs_path_150_to_200
2059,1704956.8674659552,199,P2_outputs_path_150_to_200
2060,1910860.2436450052,199,P2_outputs_path_150_to_200
2061,1861229.8600070735,199,P2_outputs_path_150_to_200
2062,1828175.8317184376,199,P2_outputs_path_150_to_200
2063,1816973.119027557,199,P2_outputs_path_150_to_200
2064,1879847.811228837,199,P2_outputs_path_150_to_200
2065,1829193.4430608389,199,P2_outputs_path_150_to_200
2066,1786375.968236077,199,P2_outputs_path_150_to_200
2067,1854317.9761090728,199,P2_outputs_path_150_to_200
2068,1832118.472723468,199,P2_outputs_path_150_to_200
2069,1681358.0152601253,199,P2_outputs_path_150_to_200
2070,1625971.7910852833,199,P2_outputs_path_150_to_200
2071,1600126.096879629,199,P2_outputs_path_150_to_200
2072,1556906.330220995,199,P2_outputs_path_150_to_200
2073,1637872.1619342794,199,P2_outputs_path_150_to_200
2074,1514957.5682162263,199,P2_outputs_path_150_to_200
2075,,199,P2_outputs_path_150_to_200
