DATE,Yield curve spot rate 1Y
06/09/2004,2.298838
07/09/2004,2.328891
08/09/2004,2.346666
09/09/2004,2.308988
10/09/2004,2.271566
13/09/2004,2.307186
14/09/2004,2.29586
15/09/2004,2.297686
16/09/2004,2.308354
17/09/2004,2.281755
20/09/2004,2.281191
21/09/2004,2.291793
22/09/2004,2.291219
23/09/2004,2.24383
24/09/2004,2.281093
27/09/2004,2.268372
28/09/2004,2.265591
29/09/2004,2.291128
30/09/2004,2.281661
01/10/2004,2.276508
04/10/2004,2.293546
05/10/2004,2.280236
06/10/2004,2.279477
07/10/2004,2.277637
08/10/2004,2.227286
11/10/2004,2.231585
12/10/2004,2.207868
13/10/2004,2.222985
14/10/2004,2.206728
15/10/2004,2.182802
18/10/2004,2.184427
19/10/2004,2.193978
20/10/2004,2.172542
21/10/2004,2.18054
22/10/2004,2.191096
25/10/2004,2.167158
26/10/2004,2.167807
27/10/2004,2.176091
28/10/2004,2.219596
29/10/2004,2.217861
01/11/2004,2.198297
02/11/2004,2.218079
03/11/2004,2.198835
04/11/2004,2.192017
05/11/2004,2.183667
08/11/2004,2.175844
09/11/2004,2.246411
10/11/2004,2.23557
11/11/2004,2.211799
12/11/2004,2.204732
15/11/2004,2.203326
16/11/2004,2.223894
17/11/2004,2.225473
18/11/2004,2.246484
19/11/2004,2.236649
22/11/2004,2.222906
23/11/2004,2.221681
24/11/2004,2.201311
25/11/2004,2.179165
26/11/2004,2.173503
29/11/2004,2.198363
30/11/2004,2.179836
01/12/2004,2.160345
02/12/2004,2.196627
03/12/2004,2.181088
06/12/2004,2.142027
07/12/2004,2.138361
08/12/2004,2.157474
09/12/2004,2.140924
10/12/2004,2.156628
13/12/2004,2.152547
14/12/2004,2.158536
15/12/2004,2.152769
16/12/2004,2.184339
17/12/2004,2.209851
20/12/2004,2.191807
21/12/2004,2.241607
22/12/2004,2.237599
23/12/2004,2.214698
24/12/2004,2.205452
27/12/2004,2.224398
28/12/2004,2.228311
29/12/2004,2.260297
30/12/2004,2.252622
31/12/2004,2.243356
03/01/2005,2.239782
04/01/2005,2.231982
05/01/2005,2.248179
06/01/2005,2.207488
07/01/2005,2.187889
10/01/2005,2.179831
11/01/2005,2.204538
12/01/2005,2.206971
13/01/2005,2.174735
14/01/2005,2.185829
17/01/2005,2.176681
18/01/2005,2.189711
19/01/2005,2.182498
20/01/2005,2.199972
21/01/2005,2.193425
24/01/2005,2.176315
25/01/2005,2.168878
26/01/2005,2.183268
27/01/2005,2.204153
28/01/2005,2.182772
31/01/2005,2.188622
01/02/2005,2.180269
02/02/2005,2.192832
03/02/2005,2.210693
04/02/2005,2.193969
07/02/2005,2.200515
08/02/2005,2.21843
09/02/2005,2.196484
10/02/2005,2.181324
11/02/2005,2.179056
14/02/2005,2.193053
15/02/2005,2.204289
16/02/2005,2.201119
17/02/2005,2.219426
18/02/2005,2.226838
21/02/2005,2.237322
22/02/2005,2.231496
23/02/2005,2.223606
24/02/2005,2.232362
25/02/2005,2.248903
28/02/2005,2.240772
01/03/2005,2.239107
02/03/2005,2.244272
03/03/2005,2.225457
04/03/2005,2.202363
07/03/2005,2.187365
08/03/2005,2.189467
09/03/2005,2.208083
10/03/2005,2.204705
11/03/2005,2.200069
14/03/2005,2.210469
15/03/2005,2.202966
16/03/2005,2.236302
17/03/2005,2.236285
18/03/2005,2.246226
21/03/2005,2.260037
22/03/2005,2.261954
23/03/2005,2.281479
24/03/2005,2.281292
29/03/2005,2.281639
30/03/2005,2.275401
31/03/2005,2.235843
01/04/2005,2.20522
04/04/2005,2.213028
05/04/2005,2.21421
06/04/2005,2.207123
07/04/2005,2.185381
08/04/2005,2.183651
11/04/2005,2.175664
12/04/2005,2.179164
13/04/2005,2.174781
14/04/2005,2.173798
15/04/2005,2.142555
18/04/2005,2.133972
19/04/2005,2.121603
20/04/2005,2.122402
21/04/2005,2.124936
22/04/2005,2.115986
25/04/2005,2.117367
26/04/2005,2.110159
27/04/2005,2.100117
28/04/2005,2.087982
29/04/2005,2.088394
02/05/2005,2.082818
03/05/2005,2.06692
04/05/2005,2.077106
05/05/2005,2.071881
06/05/2005,2.0838
09/05/2005,2.087343
10/05/2005,2.066329
11/05/2005,2.067631
12/05/2005,2.076195
13/05/2005,2.077361
16/05/2005,2.08203
17/05/2005,2.080557
18/05/2005,2.075582
19/05/2005,2.081787
20/05/2005,2.103109
23/05/2005,2.101638
24/05/2005,2.07527
25/05/2005,2.05923
26/05/2005,2.067867
27/05/2005,2.061096
30/05/2005,2.060401
31/05/2005,2.046557
01/06/2005,2.000604
02/06/2005,2.004942
03/06/2005,1.996056
06/06/2005,1.998075
07/06/2005,1.979179
08/06/2005,1.957233
09/06/2005,1.98185
10/06/2005,1.994994
13/06/2005,1.986623
14/06/2005,1.988667
15/06/2005,2.019053
16/06/2005,2.033594
17/06/2005,2.027972
20/06/2005,2.006044
21/06/2005,1.955735
22/06/2005,1.934147
23/06/2005,1.941655
24/06/2005,1.945586
27/06/2005,1.939226
28/06/2005,1.954909
29/06/2005,1.944769
30/06/2005,1.9489
01/07/2005,1.961546
04/07/2005,2.000577
05/07/2005,2.034248
06/07/2005,2.0356
07/07/2005,2.003367
08/07/2005,2.016684
11/07/2005,2.043685
12/07/2005,2.052346
13/07/2005,2.061917
14/07/2005,2.070082
15/07/2005,2.079674
18/07/2005,2.070629
19/07/2005,2.0759
20/07/2005,2.079007
21/07/2005,2.069546
22/07/2005,2.057061
25/07/2005,2.059416
26/07/2005,2.076829
27/07/2005,2.075318
28/07/2005,2.084901
29/07/2005,2.089887
01/08/2005,2.116976
02/08/2005,2.10895
03/08/2005,2.120848
04/08/2005,2.122855
05/08/2005,2.140746
08/08/2005,2.142367
09/08/2005,2.145695
10/08/2005,2.143487
11/08/2005,2.136761
12/08/2005,2.116683
15/08/2005,2.102899
16/08/2005,2.091414
17/08/2005,2.085519
18/08/2005,2.077521
19/08/2005,2.081164
22/08/2005,2.086417
23/08/2005,2.093039
24/08/2005,2.094183
25/08/2005,2.085725
26/08/2005,2.09595
29/08/2005,2.100275
30/08/2005,2.111076
31/08/2005,2.089021
01/09/2005,2.050722
02/09/2005,2.032805
05/09/2005,2.027648
06/09/2005,2.043339
07/09/2005,2.047933
08/09/2005,2.047489
09/09/2005,2.057058
12/09/2005,2.078906
13/09/2005,2.081566
14/09/2005,2.085499
15/09/2005,2.099487
16/09/2005,2.106709
19/09/2005,2.10117
20/09/2005,2.089589
21/09/2005,2.082135
22/09/2005,2.078562
23/09/2005,2.104821
26/09/2005,2.130831
27/09/2005,2.130421
28/09/2005,2.149192
29/09/2005,2.175218
30/09/2005,2.176708
03/10/2005,2.194595
04/10/2005,2.184188
05/10/2005,2.185951
06/10/2005,2.19009
07/10/2005,2.226264
10/10/2005,2.220812
11/10/2005,2.263283
12/10/2005,2.262268
13/10/2005,2.262487
14/10/2005,2.259869
17/10/2005,2.299884
18/10/2005,2.300715
19/10/2005,2.265735
20/10/2005,2.309747
21/10/2005,2.284519
24/10/2005,2.284389
25/10/2005,2.313365
26/10/2005,2.378102
27/10/2005,2.386976
28/10/2005,2.408535
31/10/2005,2.406292
01/11/2005,2.423503
02/11/2005,2.462403
03/11/2005,2.455343
04/11/2005,2.443216
07/11/2005,2.492611
08/11/2005,2.497862
09/11/2005,2.527222
10/11/2005,2.52634
11/11/2005,2.519973
14/11/2005,2.526286
15/11/2005,2.536991
16/11/2005,2.497923
17/11/2005,2.522706
18/11/2005,2.621305
21/11/2005,2.626439
22/11/2005,2.604563
23/11/2005,2.590203
24/11/2005,2.549733
25/11/2005,2.562433
28/11/2005,2.58798
29/11/2005,2.585356
30/11/2005,2.610057
01/12/2005,2.548488
02/12/2005,2.543992
05/12/2005,2.556221
06/12/2005,2.548241
07/12/2005,2.551204
08/12/2005,2.56216
09/12/2005,2.602198
12/12/2005,2.60676
13/12/2005,2.615446
14/12/2005,2.615577
15/12/2005,2.623571
16/12/2005,2.621785
19/12/2005,2.634864
20/12/2005,2.640685
21/12/2005,2.662266
22/12/2005,2.669208
23/12/2005,2.668922
27/12/2005,2.665472
28/12/2005,2.651444
29/12/2005,2.665891
30/12/2005,2.649187
02/01/2006,2.686655
03/01/2006,2.686031
04/01/2006,2.625856
05/01/2006,2.605608
06/01/2006,2.604173
09/01/2006,2.607004
10/01/2006,2.633595
11/01/2006,2.66173
12/01/2006,2.63589
13/01/2006,2.634963
16/01/2006,2.635458
17/01/2006,2.623589
18/01/2006,2.644444
19/01/2006,2.672878
20/01/2006,2.676431
23/01/2006,2.680563
24/01/2006,2.677162
25/01/2006,2.689951
26/01/2006,2.683497
27/01/2006,2.696659
30/01/2006,2.722725
31/01/2006,2.726226
01/02/2006,2.727644
02/02/2006,2.743642
03/02/2006,2.736376
06/02/2006,2.726477
07/02/2006,2.717239
08/02/2006,2.722945
09/02/2006,2.726241
10/02/2006,2.706408
13/02/2006,2.718847
14/02/2006,2.720098
15/02/2006,2.712171
16/02/2006,2.71996
17/02/2006,2.70469
20/02/2006,2.69251
21/02/2006,2.718792
22/02/2006,2.728573
23/02/2006,2.761464
24/02/2006,2.768486
27/02/2006,2.787985
28/02/2006,2.797906
01/03/2006,2.813906
02/03/2006,2.838454
03/03/2006,2.861362
06/03/2006,2.863044
07/03/2006,2.86512
08/03/2006,2.875696
09/03/2006,2.874327
10/03/2006,2.886027
13/03/2006,2.898321
14/03/2006,2.88284
15/03/2006,2.89913
16/03/2006,2.91284
17/03/2006,2.940578
20/03/2006,2.930366
21/03/2006,2.943259
22/03/2006,2.934234
23/03/2006,2.93306
24/03/2006,2.935456
27/03/2006,2.925595
28/03/2006,2.992734
29/03/2006,3.016759
30/03/2006,3.034812
31/03/2006,3.037054
03/04/2006,3.072521
04/04/2006,3.062931
05/04/2006,3.057402
06/04/2006,2.977746
07/04/2006,2.966588
10/04/2006,2.979856
11/04/2006,2.981124
12/04/2006,2.972676
13/04/2006,3.004281
18/04/2006,3.004954
19/04/2006,3.003229
20/04/2006,3.004186
21/04/2006,2.999169
24/04/2006,3.006588
25/04/2006,3.053486
26/04/2006,3.104571
27/04/2006,3.109196
28/04/2006,3.103606
02/05/2006,3.112914
03/05/2006,3.096318
04/05/2006,3.112715
05/05/2006,3.108198
08/05/2006,3.115928
09/05/2006,3.142608
10/05/2006,3.129409
11/05/2006,3.151056
12/05/2006,3.139644
15/05/2006,3.104843
16/05/2006,3.088542
17/05/2006,3.108614
18/05/2006,3.090501
19/05/2006,3.098775
22/05/2006,3.075205
23/05/2006,3.08184
24/05/2006,3.071703
25/05/2006,3.074741
26/05/2006,3.07629
29/05/2006,3.094166
30/05/2006,3.125022
31/05/2006,3.151398
01/06/2006,3.171165
02/06/2006,3.1541
05/06/2006,3.171605
06/06/2006,3.198367
07/06/2006,3.209297
08/06/2006,3.161427
09/06/2006,3.122856
12/06/2006,3.119887
13/06/2006,3.111532
14/06/2006,3.133695
15/06/2006,3.156751
16/06/2006,3.151687
19/06/2006,3.183768
20/06/2006,3.197326
21/06/2006,3.223477
22/06/2006,3.228253
23/06/2006,3.255321
26/06/2006,3.284117
27/06/2006,3.31506
28/06/2006,3.309912
29/06/2006,3.297165
30/06/2006,3.308519
03/07/2006,3.310824
04/07/2006,3.304033
05/07/2006,3.337359
06/07/2006,3.352403
07/07/2006,3.34814
10/07/2006,3.354811
11/07/2006,3.345251
12/07/2006,3.361592
13/07/2006,3.341682
14/07/2006,3.307077
17/07/2006,3.310936
18/07/2006,3.329749
19/07/2006,3.349584
20/07/2006,3.334902
21/07/2006,3.313953
24/07/2006,3.318643
25/07/2006,3.3137
26/07/2006,3.34819
27/07/2006,3.322314
28/07/2006,3.31841
31/07/2006,3.335887
01/08/2006,3.343685
02/08/2006,3.344746
03/08/2006,3.384214
04/08/2006,3.378827
07/08/2006,3.384293
08/08/2006,3.389033
09/08/2006,3.406202
10/08/2006,3.397736
11/08/2006,3.421758
14/08/2006,3.453714
15/08/2006,3.442766
16/08/2006,3.447987
17/08/2006,3.445356
18/08/2006,3.463162
21/08/2006,3.454714
22/08/2006,3.395319
23/08/2006,3.401281
24/08/2006,3.403292
25/08/2006,3.398391
28/08/2006,3.40033
29/08/2006,3.41525
30/08/2006,3.412384
31/08/2006,3.429394
01/09/2006,3.441351
04/09/2006,3.439647
05/09/2006,3.457512
06/09/2006,3.488228
07/09/2006,3.509568
08/09/2006,3.494114
11/09/2006,3.521
12/09/2006,3.536533
13/09/2006,3.531773
14/09/2006,3.529077
15/09/2006,3.515725
18/09/2006,3.553734
19/09/2006,3.533443
20/09/2006,3.529651
21/09/2006,3.539426
22/09/2006,3.481043
25/09/2006,3.435999
26/09/2006,3.458589
27/09/2006,3.465875
28/09/2006,3.491487
29/09/2006,3.498118
02/10/2006,3.488125
03/10/2006,3.466239
04/10/2006,3.469602
05/10/2006,3.471175
06/10/2006,3.468185
09/10/2006,3.485999
10/10/2006,3.502399
11/10/2006,3.510831
12/10/2006,3.509022
13/10/2006,3.522583
16/10/2006,3.519505
17/10/2006,3.507119
18/10/2006,3.501973
19/10/2006,3.519545
20/10/2006,3.535639
23/10/2006,3.553017
24/10/2006,3.560584
25/10/2006,3.574129
26/10/2006,3.57561
27/10/2006,3.57054
30/10/2006,3.57156
31/10/2006,3.593478
01/11/2006,3.553797
02/11/2006,3.57876
03/11/2006,3.612736
06/11/2006,3.625728
07/11/2006,3.622924
08/11/2006,3.630917
09/11/2006,3.644868
10/11/2006,3.612531
13/11/2006,3.61168
14/11/2006,3.606854
15/11/2006,3.625077
16/11/2006,3.624599
17/11/2006,3.619628
20/11/2006,3.58879
21/11/2006,3.600362
22/11/2006,3.586311
23/11/2006,3.613107
24/11/2006,3.59638
27/11/2006,3.595608
28/11/2006,3.573403
29/11/2006,3.582011
30/11/2006,3.592421
01/12/2006,3.586043
04/12/2006,3.543946
05/12/2006,3.56037
06/12/2006,3.579454
07/12/2006,3.603344
08/12/2006,3.605765
11/12/2006,3.632098
12/12/2006,3.638278
13/12/2006,3.645596
14/12/2006,3.665099
15/12/2006,3.657864
18/12/2006,3.685913
19/12/2006,3.69386
20/12/2006,3.706171
21/12/2006,3.717269
22/12/2006,3.728225
27/12/2006,3.74691
28/12/2006,3.750841
29/12/2006,3.758135
02/01/2007,3.749662
03/01/2007,3.74577
04/01/2007,3.754924
05/01/2007,3.776559
08/01/2007,3.76995
09/01/2007,3.777952
10/01/2007,3.798284
11/01/2007,3.770856
12/01/2007,3.792556
15/01/2007,3.796933
16/01/2007,3.787985
17/01/2007,3.788246
18/01/2007,3.806195
19/01/2007,3.805793
22/01/2007,3.803551
23/01/2007,3.801803
24/01/2007,3.812346
25/01/2007,3.81639
26/01/2007,3.832461
29/01/2007,3.833544
30/01/2007,3.835336
31/01/2007,3.840389
01/02/2007,3.820961
02/02/2007,3.801555
05/02/2007,3.787535
06/02/2007,3.803205
07/02/2007,3.815457
08/02/2007,3.837909
09/02/2007,3.843009
12/02/2007,3.837156
13/02/2007,3.846424
14/02/2007,3.848706
15/02/2007,3.838319
16/02/2007,3.841097
19/02/2007,3.860669
20/02/2007,3.861873
21/02/2007,3.85451
22/02/2007,3.861089
23/02/2007,3.864041
26/02/2007,3.846317
27/02/2007,3.82711
28/02/2007,3.791028
01/03/2007,3.787966
02/03/2007,3.779372
05/03/2007,3.767964
06/03/2007,3.792372
07/03/2007,3.800606
08/03/2007,3.823374
09/03/2007,3.856035
12/03/2007,3.85642
13/03/2007,3.855953
14/03/2007,3.841524
15/03/2007,3.850082
16/03/2007,3.851328
19/03/2007,3.868258
20/03/2007,3.866096
21/03/2007,3.876606
22/03/2007,3.861415
23/03/2007,3.879593
26/03/2007,3.88224
27/03/2007,3.892113
28/03/2007,3.890941
29/03/2007,3.910234
30/03/2007,3.921181
02/04/2007,3.93428
03/04/2007,3.941438
04/04/2007,3.936594
05/04/2007,3.938785
10/04/2007,3.967376
11/04/2007,3.978441
12/04/2007,3.986519
13/04/2007,3.991963
16/04/2007,3.998062
17/04/2007,3.993259
18/04/2007,3.993866
19/04/2007,4.003056
20/04/2007,4.01224
23/04/2007,4.007209
24/04/2007,4.000283
25/04/2007,4.00962
26/04/2007,4.015626
27/04/2007,4.028489
30/04/2007,4.013191
02/05/2007,4.030153
03/05/2007,4.044471
04/05/2007,4.031078
07/05/2007,4.051163
08/05/2007,4.043534
09/05/2007,4.048722
10/05/2007,4.045106
11/05/2007,4.035085
14/05/2007,4.065091
15/05/2007,4.088084
16/05/2007,4.116904
17/05/2007,4.125213
18/05/2007,4.132633
21/05/2007,4.140464
22/05/2007,4.140618
23/05/2007,4.16068
24/05/2007,4.154151
25/05/2007,4.169964
28/05/2007,4.178324
29/05/2007,4.189645
30/05/2007,4.18827
31/05/2007,4.205861
01/06/2007,4.224721
04/06/2007,4.226861
05/06/2007,4.228078
06/06/2007,4.21477
07/06/2007,4.231783
08/06/2007,4.224709
11/06/2007,4.223455
12/06/2007,4.244725
13/06/2007,4.251665
14/06/2007,4.235684
15/06/2007,4.250777
18/06/2007,4.24985
19/06/2007,4.222696
20/06/2007,4.254151
21/06/2007,4.24312
22/06/2007,4.253382
25/06/2007,4.231905
26/06/2007,4.238697
27/06/2007,4.230983
28/06/2007,4.2502
29/06/2007,4.264051
02/07/2007,4.264398
03/07/2007,4.257552
04/07/2007,4.276993
05/07/2007,4.292829
06/07/2007,4.310838
09/07/2007,4.298562
10/07/2007,4.280199
11/07/2007,4.274571
12/07/2007,4.303372
13/07/2007,4.307526
16/07/2007,4.294233
17/07/2007,4.304115
18/07/2007,4.306538
19/07/2007,4.309733
20/07/2007,4.282748
23/07/2007,4.278011
24/07/2007,4.275243
25/07/2007,4.266058
26/07/2007,4.235796
27/07/2007,4.220127
30/07/2007,4.206455
31/07/2007,4.233345
01/08/2007,4.21958
02/08/2007,4.253033
03/08/2007,4.228292
06/08/2007,4.211563
07/08/2007,4.227752
08/08/2007,4.26891
09/08/2007,4.21077
10/08/2007,4.140458
13/08/2007,4.151169
14/08/2007,4.162142
15/08/2007,4.072486
16/08/2007,3.976795
17/08/2007,3.929836
20/08/2007,3.938694
21/08/2007,3.850883
22/08/2007,3.965493
23/08/2007,3.992781
24/08/2007,3.97349
27/08/2007,4.012577
28/08/2007,3.964106
29/08/2007,3.947357
30/08/2007,3.961725
31/08/2007,3.977924
03/09/2007,3.984999
04/09/2007,3.976154
05/09/2007,3.966112
06/09/2007,3.940416
07/09/2007,3.890014
10/09/2007,3.869597
11/09/2007,3.883792
12/09/2007,3.911245
13/09/2007,3.931659
14/09/2007,3.91496
17/09/2007,3.940843
18/09/2007,3.964724
19/09/2007,3.948126
20/09/2007,3.973089
21/09/2007,3.952054
24/09/2007,3.948123
25/09/2007,3.934171
26/09/2007,3.966823
27/09/2007,3.977112
28/09/2007,3.955137
01/10/2007,3.932166
02/10/2007,3.937246
03/10/2007,3.914475
04/10/2007,3.913245
05/10/2007,3.928432
08/10/2007,3.930304
09/10/2007,3.934315
10/10/2007,3.959367
11/10/2007,3.96727
12/10/2007,4.022317
15/10/2007,4.067571
16/10/2007,4.050579
17/10/2007,4.039869
18/10/2007,4.004553
19/10/2007,3.966525
22/10/2007,3.940097
23/10/2007,3.952569
24/10/2007,3.914913
25/10/2007,3.903257
26/10/2007,3.924322
29/10/2007,3.930818
30/10/2007,3.974306
31/10/2007,4.014895
01/11/2007,3.995803
02/11/2007,3.966957
05/11/2007,3.958842
06/11/2007,3.969699
07/11/2007,3.944147
08/11/2007,3.916289
09/11/2007,3.878755
12/11/2007,3.892314
13/11/2007,3.891793
14/11/2007,3.923622
15/11/2007,3.903944
16/11/2007,3.883522
19/11/2007,3.864389
20/11/2007,3.851731
21/11/2007,3.828388
22/11/2007,3.827873
23/11/2007,3.814019
26/11/2007,3.810065
27/11/2007,3.795154
28/11/2007,3.824799
29/11/2007,3.812643
30/11/2007,3.842934
03/12/2007,3.822063
04/12/2007,3.808158
05/12/2007,3.809958
06/12/2007,3.857762
07/12/2007,3.909997
10/12/2007,3.942727
11/12/2007,3.967465
12/12/2007,3.985189
13/12/2007,4.003878
14/12/2007,4.008957
17/12/2007,3.989601
18/12/2007,3.979712
19/12/2007,3.951215
20/12/2007,3.969624
21/12/2007,3.977256
24/12/2007,3.987815
27/12/2007,4.000747
28/12/2007,3.99073
31/12/2007,4.000859
02/01/2008,3.944946
03/01/2008,3.893208
04/01/2008,3.865269
07/01/2008,3.896688
08/01/2008,3.904593
09/01/2008,3.88044
10/01/2008,3.88605
11/01/2008,3.867884
14/01/2008,3.815434
15/01/2008,3.789163
16/01/2008,3.754547
17/01/2008,3.70994
18/01/2008,3.676675
21/01/2008,3.59329
22/01/2008,3.523179
23/01/2008,3.455852
24/01/2008,3.617402
25/01/2008,3.672156
28/01/2008,3.595989
29/01/2008,3.62361
30/01/2008,3.630897
31/01/2008,3.547181
01/02/2008,3.561208
04/02/2008,3.569091
05/02/2008,3.487153
06/02/2008,3.468126
07/02/2008,3.388165
08/02/2008,3.326625
11/02/2008,3.332595
12/02/2008,3.371084
13/02/2008,3.396261
14/02/2008,3.426163
15/02/2008,3.396563
18/02/2008,3.452921
19/02/2008,3.461303
20/02/2008,3.493483
21/02/2008,3.566762
22/02/2008,3.552066
25/02/2008,3.53984
26/02/2008,3.569583
27/02/2008,3.529768
28/02/2008,3.502037
29/02/2008,3.417451
03/03/2008,3.43715
04/03/2008,3.474364
05/03/2008,3.488797
06/03/2008,3.519822
07/03/2008,3.512325
10/03/2008,3.486198
11/03/2008,3.562391
12/03/2008,3.568441
13/03/2008,3.518671
14/03/2008,3.533712
17/03/2008,3.448498
18/03/2008,3.513868
19/03/2008,3.562109
20/03/2008,3.625569
25/03/2008,3.704147
26/03/2008,3.716549
27/03/2008,3.686808
28/03/2008,3.703745
31/03/2008,3.699265
01/04/2008,3.731749
02/04/2008,3.742762
03/04/2008,3.733137
04/04/2008,3.712733
07/04/2008,3.741183
08/04/2008,3.744603
09/04/2008,3.729275
10/04/2008,3.70845
11/04/2008,3.690236
14/04/2008,3.714968
15/04/2008,3.752198
16/04/2008,3.772852
17/04/2008,3.801878
18/04/2008,3.880293
21/04/2008,3.868029
22/04/2008,4.003266
23/04/2008,3.942061
24/04/2008,3.93103
25/04/2008,3.931793
28/04/2008,3.914125
29/04/2008,3.886637
30/04/2008,3.891177
02/05/2008,3.907016
05/05/2008,3.917949
06/05/2008,3.866208
07/05/2008,3.881874
08/05/2008,3.874085
09/05/2008,3.848429
12/05/2008,3.867639
13/05/2008,3.924977
14/05/2008,3.956342
15/05/2008,4.005838
16/05/2008,4.00842
19/05/2008,4.004291
20/05/2008,4.019385
21/05/2008,4.080602
22/05/2008,4.129639
23/05/2008,4.1471
26/05/2008,4.145151
27/05/2008,4.134206
28/05/2008,4.146445
29/05/2008,4.197546
30/05/2008,4.196946
02/06/2008,4.179261
03/06/2008,4.234798
04/06/2008,4.198006
05/06/2008,4.392403
06/06/2008,4.501842
09/06/2008,4.535732
10/06/2008,4.479272
11/06/2008,4.433033
12/06/2008,4.445438
13/06/2008,4.461695
16/06/2008,4.539553
17/06/2008,4.49583
18/06/2008,4.483621
19/06/2008,4.509826
20/06/2008,4.481978
23/06/2008,4.45762
24/06/2008,4.438425
25/06/2008,4.463553
26/06/2008,4.449039
27/06/2008,4.417189
30/06/2008,4.494118
01/07/2008,4.48035
02/07/2008,4.515347
03/07/2008,4.439059
04/07/2008,4.404874
07/07/2008,4.374815
08/07/2008,4.370483
09/07/2008,4.390525
10/07/2008,4.376239
11/07/2008,4.356009
14/07/2008,4.338749
15/07/2008,4.290464
16/07/2008,4.306225
17/07/2008,4.32802
18/07/2008,4.396411
21/07/2008,4.478279
22/07/2008,4.448082
23/07/2008,4.455405
24/07/2008,4.376591
25/07/2008,4.380493
28/07/2008,4.355204
29/07/2008,4.345531
30/07/2008,4.322122
31/07/2008,4.310598
01/08/2008,4.320185
04/08/2008,4.316884
05/08/2008,4.313431
06/08/2008,4.312385
07/08/2008,4.214845
08/08/2008,4.191677
11/08/2008,4.210181
12/08/2008,4.199634
13/08/2008,4.18284
14/08/2008,4.177809
15/08/2008,4.169818
18/08/2008,4.154364
19/08/2008,4.112606
20/08/2008,4.136878
21/08/2008,4.189776
22/08/2008,4.21299
25/08/2008,4.172572
26/08/2008,4.130931
27/08/2008,4.19507
28/08/2008,4.225887
29/08/2008,4.198391
01/09/2008,4.156928
02/09/2008,4.196699
03/09/2008,4.193548
04/09/2008,4.197328
05/09/2008,4.147637
08/09/2008,4.176613
09/09/2008,4.178151
10/09/2008,4.15465
11/09/2008,4.12299
12/09/2008,4.138415
15/09/2008,4.022102
16/09/2008,3.933126
17/09/2008,3.997749
18/09/2008,4.00324
19/09/2008,4.093769
22/09/2008,4.132617
23/09/2008,4.071626
24/09/2008,3.977387
25/09/2008,3.959851
26/09/2008,3.86432
29/09/2008,3.74214
30/09/2008,3.597012
01/10/2008,3.585038
02/10/2008,3.532208
03/10/2008,3.395607
06/10/2008,3.312676
07/10/2008,3.194725
08/10/2008,3.202744
09/10/2008,3.161657
10/10/2008,3.115003
13/10/2008,3.10717
14/10/2008,3.112285
15/10/2008,3.139662
16/10/2008,3.076199
17/10/2008,3.100679
20/10/2008,3.112753
21/10/2008,3.12268
22/10/2008,3.009441
23/10/2008,2.968056
24/10/2008,2.926449
27/10/2008,2.894859
28/10/2008,2.864187
29/10/2008,2.89436
30/10/2008,2.915587
31/10/2008,2.863721
03/11/2008,2.912253
04/11/2008,2.904687
05/11/2008,2.920519
06/11/2008,2.758318
07/11/2008,2.741521
10/11/2008,2.730224
11/11/2008,2.6209
12/11/2008,2.401958
13/11/2008,2.384119
14/11/2008,2.411948
17/11/2008,2.338798
18/11/2008,2.339198
19/11/2008,2.278469
20/11/2008,2.141082
21/11/2008,2.15493
24/11/2008,2.165495
25/11/2008,2.210303
26/11/2008,2.171677
27/11/2008,2.160201
28/11/2008,2.102443
01/12/2008,2.108991
02/12/2008,2.094664
03/12/2008,2.014477
04/12/2008,1.972609
05/12/2008,2.055617
08/12/2008,2.109487
09/12/2008,2.169571
10/12/2008,2.128487
11/12/2008,2.104953
12/12/2008,2.085277
15/12/2008,2.103431
16/12/2008,2.065843
17/12/2008,1.936415
18/12/2008,1.923314
19/12/2008,1.897533
22/12/2008,1.874261
23/12/2008,1.866173
24/12/2008,1.871276
29/12/2008,1.817993
30/12/2008,1.843814
31/12/2008,1.84939
02/01/2009,1.788542
05/01/2009,1.781239
06/01/2009,1.797156
07/01/2009,1.654964
08/01/2009,1.590652
09/01/2009,1.472082
12/01/2009,1.44836
13/01/2009,1.437639
14/01/2009,1.444915
15/01/2009,1.416988
16/01/2009,1.404009
19/01/2009,1.417158
20/01/2009,1.370983
21/01/2009,1.321656
22/01/2009,1.274705
23/01/2009,1.236352
26/01/2009,1.378852
27/01/2009,1.378225
28/01/2009,1.310649
29/01/2009,1.296053
30/01/2009,1.265332
02/02/2009,1.30251
03/02/2009,1.240439
04/02/2009,1.268082
05/02/2009,1.181447
06/02/2009,1.158934
09/02/2009,1.179755
10/02/2009,1.211231
11/02/2009,1.186802
12/02/2009,1.11805
13/02/2009,1.126432
16/02/2009,1.077519
17/02/2009,1.064778
18/02/2009,1.086147
19/02/2009,1.148819
20/02/2009,1.114634
23/02/2009,1.104095
24/02/2009,1.057337
25/02/2009,1.021601
26/02/2009,1.044588
27/02/2009,1.008168
02/03/2009,0.992522
03/03/2009,0.960468
04/03/2009,0.933822
05/03/2009,0.936498
06/03/2009,0.943675
09/03/2009,0.993892
10/03/2009,0.982097
11/03/2009,1.036184
12/03/2009,0.986234
13/03/2009,0.981249
16/03/2009,0.961235
17/03/2009,0.963879
18/03/2009,0.954982
19/03/2009,0.947711
20/03/2009,0.893367
23/03/2009,0.922028
24/03/2009,0.971222
25/03/2009,0.96919
26/03/2009,0.968037
27/03/2009,0.918471
30/03/2009,0.896316
31/03/2009,0.880698
01/04/2009,0.860283
02/04/2009,0.935953
03/04/2009,1.011186
06/04/2009,1.020774
07/04/2009,0.970057
08/04/2009,0.971966
09/04/2009,0.989292
14/04/2009,0.980663
15/04/2009,0.960682
16/04/2009,1.009351
17/04/2009,1.068002
20/04/2009,1.073713
21/04/2009,1.060262
22/04/2009,1.067727
23/04/2009,1.040038
24/04/2009,1.007584
27/04/2009,0.974462
28/04/2009,0.966215
29/04/2009,0.948382
30/04/2009,0.961134
04/05/2009,0.944196
05/05/2009,0.943668
06/05/2009,0.920355
07/05/2009,0.907094
08/05/2009,0.867911
11/05/2009,0.872393
12/05/2009,0.898047
13/05/2009,0.85823
14/05/2009,0.861141
15/05/2009,0.839857
18/05/2009,0.817905
19/05/2009,0.870456
20/05/2009,0.927412
21/05/2009,0.904256
22/05/2009,0.927999
25/05/2009,0.977837
26/05/2009,0.962321
27/05/2009,0.98141
28/05/2009,0.980758
29/05/2009,0.932944
01/06/2009,0.927903
02/06/2009,0.91535
03/06/2009,0.910192
04/06/2009,0.996745
05/06/2009,1.085185
08/06/2009,1.122514
09/06/2009,1.099254
10/06/2009,1.076149
11/06/2009,1.083596
12/06/2009,1.04332
15/06/2009,1.011257
16/06/2009,1.0082
17/06/2009,0.97519
18/06/2009,0.956957
19/06/2009,0.944874
22/06/2009,0.919001
23/06/2009,0.926035
24/06/2009,0.843773
25/06/2009,0.817039
26/06/2009,0.833408
29/06/2009,0.886047
30/06/2009,0.896297
01/07/2009,0.876706
02/07/2009,0.783807
03/07/2009,0.77247
06/07/2009,0.756454
07/07/2009,0.741753
08/07/2009,0.738325
09/07/2009,0.749214
10/07/2009,0.736819
13/07/2009,0.73638
14/07/2009,0.747837
15/07/2009,0.765283
16/07/2009,0.725483
17/07/2009,0.73469
20/07/2009,0.754261
21/07/2009,0.741791
22/07/2009,0.741901
23/07/2009,0.743045
24/07/2009,0.766731
27/07/2009,0.798462
28/07/2009,0.776127
29/07/2009,0.772487
30/07/2009,0.771868
31/07/2009,0.742185
03/08/2009,0.777563
04/08/2009,0.800338
05/08/2009,0.864894
06/08/2009,0.873774
07/08/2009,0.912896
10/08/2009,0.908061
11/08/2009,0.864089
12/08/2009,0.84736
13/08/2009,0.803014
14/08/2009,0.780149
17/08/2009,0.783443
18/08/2009,0.798673
19/08/2009,0.776589
20/08/2009,0.774075
21/08/2009,0.798915
24/08/2009,0.797637
25/08/2009,0.779477
26/08/2009,0.762885
27/08/2009,0.761638
28/08/2009,0.756781
31/08/2009,0.741032
01/09/2009,0.733208
02/09/2009,0.731182
03/09/2009,0.681367
04/09/2009,0.664907
07/09/2009,0.631102
08/09/2009,0.627138
09/09/2009,0.649436
10/09/2009,0.638197
11/09/2009,0.634519
14/09/2009,0.654809
15/09/2009,0.675318
16/09/2009,0.689121
17/09/2009,0.720362
18/09/2009,0.713759
21/09/2009,0.694203
22/09/2009,0.683168
23/09/2009,0.666431
24/09/2009,0.648533
25/09/2009,0.674865
28/09/2009,0.675479
29/09/2009,0.697062
30/09/2009,0.700379
01/10/2009,0.71392
02/10/2009,0.689669
05/10/2009,0.68886
06/10/2009,0.712616
07/10/2009,0.749459
08/10/2009,0.748221
09/10/2009,0.848801
12/10/2009,0.8196
13/10/2009,0.794462
14/10/2009,0.817831
15/10/2009,0.84778
16/10/2009,0.86631
19/10/2009,0.870562
20/10/2009,0.867287
21/10/2009,0.868284
22/10/2009,0.861901
23/10/2009,0.870323
26/10/2009,0.849112
27/10/2009,0.795223
28/10/2009,0.779853
29/10/2009,0.83333
30/10/2009,0.811928
02/11/2009,0.817301
03/11/2009,0.802087
04/11/2009,0.818771
05/11/2009,0.806782
06/11/2009,0.790733
09/11/2009,0.757508
10/11/2009,0.761284
11/11/2009,0.759834
12/11/2009,0.75222
13/11/2009,0.742256
16/11/2009,0.738507
17/11/2009,0.757133
18/11/2009,0.753008
19/11/2009,0.742951
20/11/2009,0.775738
23/11/2009,0.802155
24/11/2009,0.80533
25/11/2009,0.836957
26/11/2009,0.790007
27/11/2009,0.780816
30/11/2009,0.796865
01/12/2009,0.790287
02/12/2009,0.788934
03/12/2009,0.787499
04/12/2009,0.817552
07/12/2009,0.801124
08/12/2009,0.751839
09/12/2009,0.754703
10/12/2009,0.780242
11/12/2009,0.805889
14/12/2009,0.788807
15/12/2009,0.80026
16/12/2009,0.760244
17/12/2009,0.724959
18/12/2009,0.72286
21/12/2009,0.734652
22/12/2009,0.744673
23/12/2009,0.741329
24/12/2009,0.740651
28/12/2009,0.766319
29/12/2009,0.794636
30/12/2009,0.810686
31/12/2009,0.811557
04/01/2010,0.833021
05/01/2010,0.793412
06/01/2010,0.778211
07/01/2010,0.749112
08/01/2010,0.741674
11/01/2010,0.705608
12/01/2010,0.714471
13/01/2010,0.716683
14/01/2010,0.694403
15/01/2010,0.662048
18/01/2010,0.672608
19/01/2010,0.69792
20/01/2010,0.705978
21/01/2010,0.693276
22/01/2010,0.666354
25/01/2010,0.667131
26/01/2010,0.679456
27/01/2010,0.688864
28/01/2010,0.705698
29/01/2010,0.714475
01/02/2010,0.715098
02/02/2010,0.715415
03/02/2010,0.719185
04/02/2010,0.692164
05/02/2010,0.673053
08/02/2010,0.643232
09/02/2010,0.647818
10/02/2010,0.647947
11/02/2010,0.670715
12/02/2010,0.628131
15/02/2010,0.603723
16/02/2010,0.634261
17/02/2010,0.606872
18/02/2010,0.615867
19/02/2010,0.646895
22/02/2010,0.635252
23/02/2010,0.592981
24/02/2010,0.584699
25/02/2010,0.559125
26/02/2010,0.542666
01/03/2010,0.573794
02/03/2010,0.564324
03/03/2010,0.589223
04/03/2010,0.582393
05/03/2010,0.588383
08/03/2010,0.577702
09/03/2010,0.573459
10/03/2010,0.58549
11/03/2010,0.607934
12/03/2010,0.635383
15/03/2010,0.619902
16/03/2010,0.620261
17/03/2010,0.584748
18/03/2010,0.605002
19/03/2010,0.608856
22/03/2010,0.600492
23/03/2010,0.584072
24/03/2010,0.597235
25/03/2010,0.590399
26/03/2010,0.600098
29/03/2010,0.591009
30/03/2010,0.600426
31/03/2010,0.600486
01/04/2010,0.613522
06/04/2010,0.632484
07/04/2010,0.618299
08/04/2010,0.601189
09/04/2010,0.636287
12/04/2010,0.649386
13/04/2010,0.633365
14/04/2010,0.620432
15/04/2010,0.622195
16/04/2010,0.59507
19/04/2010,0.584779
20/04/2010,0.60397
21/04/2010,0.60564
22/04/2010,0.620142
23/04/2010,0.622146
26/04/2010,0.644916
27/04/2010,0.625915
28/04/2010,0.614561
29/04/2010,0.620711
30/04/2010,0.601467
03/05/2010,0.604769
04/05/2010,0.572042
05/05/2010,0.483415
06/05/2010,0.453179
07/05/2010,0.421984
10/05/2010,0.459226
11/05/2010,0.467802
12/05/2010,0.446075
13/05/2010,0.454473
14/05/2010,0.423864
17/05/2010,0.449149
18/05/2010,0.514608
19/05/2010,0.498076
20/05/2010,0.495518
21/05/2010,0.482481
24/05/2010,0.473075
25/05/2010,0.488684
26/05/2010,0.530419
27/05/2010,0.544182
28/05/2010,0.280507
31/05/2010,0.277592
01/06/2010,0.273142
02/06/2010,0.276954
03/06/2010,0.290812
04/06/2010,0.280965
07/06/2010,0.281356
08/06/2010,0.272569
09/06/2010,0.269869
10/06/2010,0.276653
11/06/2010,0.261444
14/06/2010,0.27917
15/06/2010,0.298551
16/06/2010,0.300167
17/06/2010,0.309305
18/06/2010,0.335208
21/06/2010,0.375507
22/06/2010,0.370113
23/06/2010,0.379559
24/06/2010,0.369038
25/06/2010,0.392663
28/06/2010,0.405117
29/06/2010,0.380067
30/06/2010,0.42374
01/07/2010,0.469551
02/07/2010,0.466482
05/07/2010,0.446772
06/07/2010,0.470967
07/07/2010,0.464451
08/07/2010,0.533559
09/07/2010,0.547393
12/07/2010,0.502682
13/07/2010,0.503767
14/07/2010,0.542031
15/07/2010,0.561843
16/07/2010,0.571332
19/07/2010,0.62507
20/07/2010,0.580466
21/07/2010,0.550401
22/07/2010,0.540175
23/07/2010,0.558394
26/07/2010,0.578656
27/07/2010,0.62279
28/07/2010,0.604623
29/07/2010,0.604385
30/07/2010,0.587181
02/08/2010,0.596125
03/08/2010,0.561839
04/08/2010,0.56583
05/08/2010,0.578566
06/08/2010,0.588645
09/08/2010,0.568505
10/08/2010,0.557622
11/08/2010,0.501769
12/08/2010,0.47146
13/08/2010,0.473089
16/08/2010,0.463141
17/08/2010,0.474367
18/08/2010,0.469069
19/08/2010,0.471799
20/08/2010,0.435903
23/08/2010,0.43903
24/08/2010,0.413625
25/08/2010,0.425248
26/08/2010,0.439819
27/08/2010,0.447416
30/08/2010,0.438564
31/08/2010,0.447731
01/09/2010,0.446703
02/09/2010,0.44239
03/09/2010,0.462653
06/09/2010,0.461607
07/09/2010,0.438549
08/09/2010,0.460802
09/09/2010,0.491638
10/09/2010,0.510536
13/09/2010,0.524139
14/09/2010,0.513877
15/09/2010,0.53432
16/09/2010,0.574676
17/09/2010,0.558079
20/09/2010,0.569301
21/09/2010,0.566666
22/09/2010,0.555275
23/09/2010,0.521338
24/09/2010,0.534268
27/09/2010,0.556011
28/09/2010,0.557758
29/09/2010,0.593787
30/09/2010,0.675927
01/10/2010,0.713115
04/10/2010,0.663684
05/10/2010,0.659285
06/10/2010,0.643509
07/10/2010,0.663971
08/10/2010,0.665544
11/10/2010,0.659039
12/10/2010,0.641803
13/10/2010,0.641269
14/10/2010,0.668447
15/10/2010,0.679804
18/10/2010,0.736477
19/10/2010,0.75768
20/10/2010,0.787344
21/10/2010,0.800503
22/10/2010,0.822073
25/10/2010,0.809517
26/10/2010,0.852794
27/10/2010,0.857646
28/10/2010,0.865283
29/10/2010,0.843303
01/11/2010,0.844714
02/11/2010,0.848015
03/11/2010,0.834817
04/11/2010,0.836567
05/11/2010,0.817186
08/11/2010,0.828659
09/11/2010,0.819137
10/11/2010,0.822086
11/11/2010,0.812004
12/11/2010,0.822026
15/11/2010,0.838303
16/11/2010,0.823088
17/11/2010,0.81427
18/11/2010,0.82328
19/11/2010,0.841801
22/11/2010,0.817214
23/11/2010,0.758116
24/11/2010,0.744008
25/11/2010,0.751898
26/11/2010,0.742975
29/11/2010,0.729778
30/11/2010,0.719105
01/12/2010,0.721055
02/12/2010,0.67788
03/12/2010,0.678787
06/12/2010,0.655839
07/12/2010,0.666129
08/12/2010,0.692818
09/12/2010,0.71806
10/12/2010,0.740402
13/12/2010,0.74267
14/12/2010,0.726619
15/12/2010,0.728827
16/12/2010,0.736529
17/12/2010,0.733084
20/12/2010,0.72362
21/12/2010,0.725762
22/12/2010,0.654277
23/12/2010,0.635813
24/12/2010,0.637395
27/12/2010,0.641058
28/12/2010,0.605711
29/12/2010,0.609566
30/12/2010,0.599058
31/12/2010,0.602586
03/01/2011,0.580284
04/01/2011,0.601764
05/01/2011,0.611565
06/01/2011,0.62599
07/01/2011,0.607928
10/01/2011,0.605892
11/01/2011,0.608606
12/01/2011,0.651986
13/01/2011,0.720939
14/01/2011,0.767045
17/01/2011,0.776005
18/01/2011,0.83117
19/01/2011,0.797223
20/01/2011,0.869641
21/01/2011,0.904157
24/01/2011,0.899772
25/01/2011,0.929022
26/01/2011,0.930417
27/01/2011,0.944745
28/01/2011,1.03463
31/01/2011,1.026227
01/02/2011,1.01271
02/02/2011,1.033622
03/02/2011,1.005748
04/02/2011,1.017376
07/02/2011,1.002275
08/02/2011,1.040831
09/02/2011,1.058129
10/02/2011,1.062799
11/02/2011,1.037644
14/02/2011,1.033855
15/02/2011,1.040612
16/02/2011,1.018983
17/02/2011,0.994767
18/02/2011,1.019631
21/02/2011,1.040261
22/02/2011,1.08294
23/02/2011,1.092183
24/02/2011,1.071677
25/02/2011,1.08546
28/02/2011,1.075778
01/03/2011,1.084889
02/03/2011,1.073587
03/03/2011,1.253531
04/03/2011,1.252769
07/03/2011,1.256801
08/03/2011,1.233903
09/03/2011,1.234553
10/03/2011,1.213952
11/03/2011,1.189222
14/03/2011,1.17356
15/03/2011,1.114501
16/03/2011,1.094885
17/03/2011,1.131185
18/03/2011,1.162046
21/03/2011,1.226735
22/03/2011,1.230259
23/03/2011,1.21829
24/03/2011,1.2315
25/03/2011,1.249219
28/03/2011,1.281387
29/03/2011,1.282802
30/03/2011,1.278597
31/03/2011,1.299675
01/04/2011,1.320275
04/04/2011,1.314861
05/04/2011,1.311308
06/04/2011,1.32579
07/04/2011,1.34555
08/04/2011,1.405367
11/04/2011,1.39141
12/04/2011,1.362117
13/04/2011,1.383632
14/04/2011,1.363948
15/04/2011,1.380242
18/04/2011,1.345151
19/04/2011,1.377043
20/04/2011,1.393404
21/04/2011,1.368904
26/04/2011,1.354268
27/04/2011,1.39178
28/04/2011,1.398953
29/04/2011,1.413089
02/05/2011,1.429094
03/05/2011,1.439846
04/05/2011,1.494477
05/05/2011,1.395904
06/05/2011,1.399317
09/05/2011,1.374198
10/05/2011,1.365301
11/05/2011,1.371527
12/05/2011,1.351631
13/05/2011,1.377905
16/05/2011,1.396808
17/05/2011,1.388905
18/05/2011,1.399552
19/05/2011,1.431693
20/05/2011,1.392014
23/05/2011,1.355531
24/05/2011,1.360911
25/05/2011,1.321412
26/05/2011,1.313847
27/05/2011,1.289992
30/05/2011,1.293552
31/05/2011,1.317816
01/06/2011,1.316142
02/06/2011,1.329883
03/06/2011,1.34348
06/06/2011,1.368495
07/06/2011,1.399516
08/06/2011,1.401742
09/06/2011,1.378052
10/06/2011,1.359122
13/06/2011,1.347237
14/06/2011,1.378584
15/06/2011,1.360547
16/06/2011,1.324546
17/06/2011,1.350522
20/06/2011,1.354308
21/06/2011,1.356972
22/06/2011,1.342051
23/06/2011,1.276401
24/06/2011,1.274244
27/06/2011,1.274462
28/06/2011,1.335195
29/06/2011,1.355465
30/06/2011,1.388328
01/07/2011,1.416054
04/07/2011,1.431446
05/07/2011,1.426318
06/07/2011,1.392469
07/07/2011,1.401636
08/07/2011,1.363553
11/07/2011,1.266849
12/07/2011,1.231769
13/07/2011,1.210698
14/07/2011,1.207255
15/07/2011,1.157653
18/07/2011,1.141162
19/07/2011,1.160536
20/07/2011,1.169907
21/07/2011,1.239392
22/07/2011,1.239471
25/07/2011,1.234866
26/07/2011,1.216421
27/07/2011,1.162969
28/07/2011,1.152386
29/07/2011,1.112429
01/08/2011,1.104715
02/08/2011,1.048276
03/08/2011,1.04351
04/08/2011,0.941311
05/08/2011,0.810638
08/08/2011,0.726202
09/08/2011,0.710589
10/08/2011,0.615967
11/08/2011,0.609606
12/08/2011,0.687125
15/08/2011,0.730562
16/08/2011,0.732722
17/08/2011,0.734213
18/08/2011,0.61721
19/08/2011,0.648941
22/08/2011,0.674069
23/08/2011,0.657993
24/08/2011,0.687035
25/08/2011,0.658745
26/08/2011,0.621084
29/08/2011,0.707895
30/08/2011,0.64544
31/08/2011,0.667379
01/09/2011,0.651754
02/09/2011,0.576123
05/09/2011,0.508021
06/09/2011,0.502294
07/09/2011,0.532026
08/09/2011,0.479878
09/09/2011,0.401833
12/09/2011,0.413975
13/09/2011,0.490056
14/09/2011,0.519438
15/09/2011,0.57041
16/09/2011,0.514225
19/09/2011,0.438122
20/09/2011,0.43042
21/09/2011,0.4269
22/09/2011,0.40066
23/09/2011,0.376332
26/09/2011,0.3796
27/09/2011,0.498479
28/09/2011,0.490292
29/09/2011,0.484883
30/09/2011,0.469022
03/10/2011,0.458601
04/10/2011,0.438001
05/10/2011,0.469789
06/10/2011,0.53107
07/10/2011,0.55083
10/10/2011,0.564109
11/10/2011,0.551649
12/10/2011,0.568434
13/10/2011,0.531305
14/10/2011,0.554156
17/10/2011,0.517894
18/10/2011,0.541069
19/10/2011,0.555468
20/10/2011,0.594226
21/10/2011,0.603527
24/10/2011,0.584385
25/10/2011,0.572735
26/10/2011,0.52423
27/10/2011,0.56635
28/10/2011,0.570286
31/10/2011,0.537435
01/11/2011,0.488178
02/11/2011,0.511806
03/11/2011,0.45251
04/11/2011,0.445351
07/11/2011,0.458679
08/11/2011,0.461757
09/11/2011,0.452853
10/11/2011,0.501656
11/11/2011,0.533446
14/11/2011,0.549859
15/11/2011,0.606482
16/11/2011,0.622062
17/11/2011,0.617164
18/11/2011,0.606795
21/11/2011,0.578238
22/11/2011,0.575119
23/11/2011,0.616323
24/11/2011,0.60564
25/11/2011,0.599753
28/11/2011,0.552581
29/11/2011,0.519949
30/11/2011,0.383436
01/12/2011,0.321139
02/12/2011,0.336219
05/12/2011,0.306407
06/12/2011,0.318757
07/12/2011,0.28984
08/12/2011,0.276817
09/12/2011,0.294637
12/12/2011,0.277953
13/12/2011,0.288926
14/12/2011,0.259316
15/12/2011,0.175595
16/12/2011,0.125395
19/12/2011,0.174588
20/12/2011,0.15946
21/12/2011,0.169035
22/12/2011,0.16506
23/12/2011,0.1363
27/12/2011,0.099039
28/12/2011,0.095466
29/12/2011,0.068025
30/12/2011,0.093778
02/01/2012,0.135763
03/01/2012,0.117707
04/01/2012,0.103733
05/01/2012,0.161397
06/01/2012,0.187312
09/01/2012,0.183462
10/01/2012,0.199107
11/01/2012,0.15655
12/01/2012,0.127248
13/01/2012,0.149164
16/01/2012,0.168635
17/01/2012,0.203849
18/01/2012,0.20747
19/01/2012,0.21362
20/01/2012,0.209398
23/01/2012,0.219274
24/01/2012,0.224033
25/01/2012,0.221561
26/01/2012,0.206332
27/01/2012,0.211199
30/01/2012,0.227335
31/01/2012,0.206149
01/02/2012,0.193255
02/02/2012,0.166268
03/02/2012,0.157899
06/02/2012,0.174243
07/02/2012,0.180065
08/02/2012,0.19156
09/02/2012,0.198928
10/02/2012,0.19119
13/02/2012,0.202021
14/02/2012,0.201878
15/02/2012,0.201457
16/02/2012,0.213095
17/02/2012,0.220547
20/02/2012,0.220023
21/02/2012,0.222087
22/02/2012,0.209226
23/02/2012,0.201539
24/02/2012,0.191637
27/02/2012,0.171094
28/02/2012,0.161487
29/02/2012,0.147002
01/03/2012,0.135225
02/03/2012,0.111864
05/03/2012,0.117974
06/03/2012,0.118783
07/03/2012,0.114059
08/03/2012,0.105941
09/03/2012,0.122548
12/03/2012,0.115313
13/03/2012,0.134518
14/03/2012,0.151087
15/03/2012,0.165458
16/03/2012,0.210145
19/03/2012,0.196078
20/03/2012,0.197346
21/03/2012,0.190753
22/03/2012,0.178529
23/03/2012,0.16493
26/03/2012,0.159263
27/03/2012,0.164031
28/03/2012,0.151676
29/03/2012,0.152521
30/03/2012,0.160187
02/04/2012,0.156252
03/04/2012,0.154785
04/04/2012,0.148662
05/04/2012,0.145285
10/04/2012,0.139042
11/04/2012,0.135479
12/04/2012,0.123578
13/04/2012,0.116872
16/04/2012,0.128293
17/04/2012,0.139076
18/04/2012,0.137381
19/04/2012,0.157283
20/04/2012,0.158601
23/04/2012,0.161424
24/04/2012,0.15012
25/04/2012,0.133524
26/04/2012,0.116874
27/04/2012,0.111164
30/04/2012,0.101865
02/05/2012,0.092845
03/05/2012,0.100998
04/05/2012,0.082416
07/05/2012,0.07958
08/05/2012,0.083497
09/05/2012,0.098867
10/05/2012,0.096251
11/05/2012,0.096876
14/05/2012,0.096281
15/05/2012,0.092643
16/05/2012,0.091408
17/05/2012,0.076166
18/05/2012,0.086851
21/05/2012,0.08068
22/05/2012,0.075055
23/05/2012,0.062551
24/05/2012,0.050963
25/05/2012,0.045354
28/05/2012,0.041529
29/05/2012,0.053337
30/05/2012,0.05427
31/05/2012,0.051215
01/06/2012,0.042582
04/06/2012,0.043838
05/06/2012,0.040091
06/06/2012,0.074763
07/06/2012,0.085925
08/06/2012,0.064011
11/06/2012,0.085796
12/06/2012,0.109297
13/06/2012,0.10597
14/06/2012,0.101423
15/06/2012,0.072133
18/06/2012,0.05662
19/06/2012,0.064132
20/06/2012,0.098087
21/06/2012,0.074714
22/06/2012,0.081279
25/06/2012,0.064927
26/06/2012,0.070938
27/06/2012,0.071427
28/06/2012,0.072802
29/06/2012,0.077058
02/07/2012,0.071573
03/07/2012,0.043255
04/07/2012,0.044121
05/07/2012,-0.019176
06/07/2012,-0.042852
09/07/2012,-0.046156
10/07/2012,-0.0415
11/07/2012,-0.064184
12/07/2012,-0.071439
13/07/2012,-0.081304
16/07/2012,-0.073139
17/07/2012,-0.07127
18/07/2012,-0.067178
19/07/2012,-0.066667
20/07/2012,-0.081004
23/07/2012,-0.055586
24/07/2012,-0.047115
25/07/2012,-0.036182
26/07/2012,-0.051456
27/07/2012,-0.056793
30/07/2012,-0.080531
31/07/2012,-0.087881
01/08/2012,-0.097342
02/08/2012,-0.083248
03/08/2012,-0.061592
06/08/2012,-0.073088
07/08/2012,-0.065311
08/08/2012,-0.079441
09/08/2012,-0.079065
10/08/2012,-0.088927
13/08/2012,-0.071246
14/08/2012,-0.059199
15/08/2012,-0.05555
16/08/2012,-0.067284
17/08/2012,-0.058349
20/08/2012,-0.051898
21/08/2012,-0.059945
22/08/2012,-0.0519
23/08/2012,-0.052557
24/08/2012,-0.076335
27/08/2012,-0.060213
28/08/2012,-0.04384
29/08/2012,-0.042571
30/08/2012,-0.063032
31/08/2012,-0.053211
03/09/2012,-0.042632
04/09/2012,-0.047763
05/09/2012,-0.060524
06/09/2012,-0.026272
07/09/2012,-0.018762
10/09/2012,-0.013733
11/09/2012,-0.007985
12/09/2012,-0.016034
13/09/2012,-0.011198
14/09/2012,0.018975
17/09/2012,0.006878
18/09/2012,0.000368
19/09/2012,-0.004205
20/09/2012,-0.01537
21/09/2012,-0.011566
24/09/2012,-0.01164
25/09/2012,-0.006425
26/09/2012,-0.014318
27/09/2012,-0.009924
28/09/2012,-0.013759
01/10/2012,-0.00724
02/10/2012,-0.013017
03/10/2012,-0.016101
04/10/2012,-0.011213
05/10/2012,-0.005369
08/10/2012,-0.022788
09/10/2012,-0.016454
10/10/2012,-0.020805
11/10/2012,-0.012874
12/10/2012,-0.021985
15/10/2012,-0.01757
16/10/2012,-0.006801
17/10/2012,0.003249
18/10/2012,0.0131
19/10/2012,0.011762
22/10/2012,0.024215
23/10/2012,0.016613
24/10/2012,0.006499
25/10/2012,0.0028
26/10/2012,-0.004793
29/10/2012,-0.006346
30/10/2012,-0.017334
31/10/2012,-0.01077
01/11/2012,-0.010819
02/11/2012,-0.020014
05/11/2012,-0.016521
06/11/2012,-0.029356
07/11/2012,-0.047476
08/11/2012,-0.03932
09/11/2012,-0.043889
12/11/2012,-0.03805
13/11/2012,-0.046699
14/11/2012,-0.03405
15/11/2012,-0.037822
16/11/2012,-0.042613
19/11/2012,-0.033789
20/11/2012,-0.024299
21/11/2012,-0.018376
22/11/2012,-0.020163
23/11/2012,-0.025156
26/11/2012,-0.021188
27/11/2012,-0.016557
28/11/2012,-0.027189
29/11/2012,-0.020809
30/11/2012,-0.020727
03/12/2012,-0.017684
04/12/2012,-0.0155
05/12/2012,-0.023274
06/12/2012,-0.033435
07/12/2012,-0.052296
10/12/2012,-0.051744
11/12/2012,-0.050383
12/12/2012,-0.048011
13/12/2012,-0.048342
14/12/2012,-0.047318
17/12/2012,-0.039157
18/12/2012,-0.032454
19/12/2012,-0.028938
20/12/2012,-0.03325
21/12/2012,-0.033691
24/12/2012,-0.035913
27/12/2012,-0.02595
28/12/2012,-0.036196
31/12/2012,-0.038158
02/01/2013,-0.027612
03/01/2013,-0.010629
04/01/2013,0.002212
07/01/2013,0.00636
08/01/2013,-0.0033
09/01/2013,-0.00554
10/01/2013,0.016107
11/01/2013,0.031195
14/01/2013,0.035383
15/01/2013,0.031815
16/01/2013,0.038926
17/01/2013,0.075187
18/01/2013,0.079367
21/01/2013,0.069343
22/01/2013,0.061434
23/01/2013,0.059148
24/01/2013,0.060987
25/01/2013,0.12966
28/01/2013,0.154644
29/01/2013,0.130596
30/01/2013,0.155422
31/01/2013,0.150103
01/02/2013,0.115239
04/02/2013,0.110115
05/02/2013,0.11608
06/02/2013,0.110768
07/02/2013,0.091162
08/02/2013,0.081672
11/02/2013,0.081272
12/02/2013,0.088063
13/02/2013,0.097038
14/02/2013,0.077662
15/02/2013,0.074212
18/02/2013,0.075182
19/02/2013,0.077568
20/02/2013,0.088906
21/02/2013,0.072377
22/02/2013,0.046487
25/02/2013,0.058793
26/02/2013,0.028724
27/02/2013,0.011736
28/02/2013,0.012597
01/03/2013,0.002121
04/03/2013,0.012618
05/03/2013,0.016164
06/03/2013,0.007959
07/03/2013,0.030369
08/03/2013,0.036234
11/03/2013,0.031483
12/03/2013,0.030208
13/03/2013,0.02757
14/03/2013,0.032293
15/03/2013,0.02872
18/03/2013,0.016206
19/03/2013,0.014662
20/03/2013,0.014017
21/03/2013,0.018441
22/03/2013,0.020813
25/03/2013,0.014633
26/03/2013,0.012249
27/03/2013,0.001683
28/03/2013,0.002257
02/04/2013,0.013185
03/04/2013,0.009878
04/04/2013,0.004459
05/04/2013,0.00751
08/04/2013,0.010515
09/04/2013,0.01182
10/04/2013,0.020153
11/04/2013,0.018716
12/04/2013,0.013388
15/04/2013,0.018923
16/04/2013,0.01776
17/04/2013,0.010017
18/04/2013,0.00409
19/04/2013,0.015742
22/04/2013,0.001692
23/04/2013,0.00364
24/04/2013,-0.002939
25/04/2013,-0.002826
26/04/2013,-0.003747
29/04/2013,-0.008762
30/04/2013,-0.006268
02/05/2013,-0.018157
03/05/2013,-0.018787
06/05/2013,-0.011339
07/05/2013,-0.007693
08/05/2013,-0.006603
09/05/2013,-0.010105
10/05/2013,-0.005509
13/05/2013,-0.001551
14/05/2013,-0.001329
15/05/2013,0.00115
16/05/2013,-0.012292
17/05/2013,-0.01882
20/05/2013,-0.013087
21/05/2013,-0.004449
22/05/2013,-0.013812
23/05/2013,-0.004488
24/05/2013,0.003749
27/05/2013,0.002949
28/05/2013,0.000676
29/05/2013,0.026721
30/05/2013,0.035191
31/05/2013,0.027672
03/06/2013,0.041156
04/06/2013,0.047453
05/06/2013,0.046847
06/06/2013,0.072351
07/06/2013,0.082322
10/06/2013,0.094314
11/06/2013,0.113838
12/06/2013,0.102725
13/06/2013,0.08727
14/06/2013,0.076907
17/06/2013,0.072968
18/06/2013,0.087023
19/06/2013,0.086202
20/06/2013,0.135518
21/06/2013,0.141671
24/06/2013,0.185128
25/06/2013,0.15878
26/06/2013,0.122364
27/06/2013,0.103235
28/06/2013,0.113809
01/07/2013,0.100701
02/07/2013,0.08551
03/07/2013,0.087118
04/07/2013,0.045639
05/07/2013,0.043508
08/07/2013,0.028923
09/07/2013,0.02816
10/07/2013,0.030183
11/07/2013,0.045034
12/07/2013,0.038782
15/07/2013,0.027816
16/07/2013,0.020776
17/07/2013,0.013317
18/07/2013,0.010506
19/07/2013,0.013744
22/07/2013,0.020489
23/07/2013,0.048014
24/07/2013,0.055075
25/07/2013,0.04918
26/07/2013,0.043518
29/07/2013,0.042848
30/07/2013,0.03962
31/07/2013,0.043684
01/08/2013,0.047771
02/08/2013,0.044776
05/08/2013,0.04789
06/08/2013,0.051762
07/08/2013,0.056029
08/08/2013,0.054497
09/08/2013,0.058656
12/08/2013,0.051858
13/08/2013,0.074414
14/08/2013,0.081625
15/08/2013,0.086962
16/08/2013,0.077955
19/08/2013,0.087962
20/08/2013,0.079473
21/08/2013,0.088759
22/08/2013,0.087478
23/08/2013,0.115892
26/08/2013,0.092353
27/08/2013,0.088674
28/08/2013,0.090739
29/08/2013,0.085688
30/08/2013,0.088808
02/09/2013,0.098572
03/09/2013,0.096864
04/09/2013,0.103267
05/09/2013,0.132206
06/09/2013,0.099672
09/09/2013,0.101484
10/09/2013,0.11408
11/09/2013,0.100033
12/09/2013,0.090788
13/09/2013,0.092017
16/09/2013,0.090372
17/09/2013,0.090076
18/09/2013,0.095768
19/09/2013,0.073646
20/09/2013,0.080901
23/09/2013,0.067813
24/09/2013,0.061628
25/09/2013,0.073825
26/09/2013,0.071033
27/09/2013,0.058695
30/09/2013,0.067654
01/10/2013,0.060643
02/10/2013,0.061921
03/10/2013,0.059851
04/10/2013,0.063822
07/10/2013,0.059531
08/10/2013,0.075976
09/10/2013,0.076932
10/10/2013,0.077022
11/10/2013,0.068333
14/10/2013,0.069502
15/10/2013,0.071313
16/10/2013,0.089427
17/10/2013,0.073725
18/10/2013,0.065682
21/10/2013,0.070691
22/10/2013,0.062333
23/10/2013,0.059333
24/10/2013,0.068763
25/10/2013,0.080715
28/10/2013,0.081159
29/10/2013,0.078185
30/10/2013,0.064114
31/10/2013,0.046533
01/11/2013,0.044255
04/11/2013,0.04158
05/11/2013,0.059857
06/11/2013,0.04904
07/11/2013,0.020414
08/11/2013,0.03104
11/11/2013,0.033472
12/11/2013,0.028555
13/11/2013,0.019073
14/11/2013,0.025372
15/11/2013,0.029293
18/11/2013,0.031605
19/11/2013,0.030496
20/11/2013,0.035952
21/11/2013,0.037729
22/11/2013,0.053748
25/11/2013,0.04689
26/11/2013,0.042205
27/11/2013,0.051455
28/11/2013,0.050556
29/11/2013,0.05116
02/12/2013,0.056514
03/12/2013,0.062465
04/12/2013,0.074735
05/12/2013,0.092601
06/12/2013,0.105058
09/12/2013,0.113379
10/12/2013,0.110086
11/12/2013,0.131636
12/12/2013,0.146708
13/12/2013,0.14523
16/12/2013,0.150445
17/12/2013,0.144389
18/12/2013,0.138643
19/12/2013,0.126123
20/12/2013,0.128781
23/12/2013,0.114635
24/12/2013,0.113644
27/12/2013,0.121286
30/12/2013,0.09953
31/12/2013,0.094158
02/01/2014,0.106865
03/01/2014,0.099099
06/01/2014,0.100561
07/01/2014,0.105697
08/01/2014,0.105363
09/01/2014,0.106603
10/01/2014,0.096285
13/01/2014,0.091689
14/01/2014,0.107032
15/01/2014,0.120389
16/01/2014,0.112589
17/01/2014,0.099589
20/01/2014,0.10633
21/01/2014,0.098473
22/01/2014,0.100773
23/01/2014,0.09837
24/01/2014,0.07937
27/01/2014,0.094261
28/01/2014,0.087681
29/01/2014,0.079349
30/01/2014,0.067742
31/01/2014,0.037111
03/02/2014,0.045296
04/02/2014,0.045467
05/02/2014,0.048727
06/02/2014,0.078677
07/02/2014,0.06091
10/02/2014,0.062733
11/02/2014,0.062776
12/02/2014,0.058065
13/02/2014,0.051757
14/02/2014,0.056076
17/02/2014,0.058162
18/02/2014,0.065413
19/02/2014,0.057264
20/02/2014,0.05937
21/02/2014,0.063925
24/02/2014,0.071051
25/02/2014,0.078195
26/02/2014,0.066027
27/02/2014,0.055187
28/02/2014,0.087182
03/03/2014,0.078629
04/03/2014,0.067589
05/03/2014,0.06696
06/03/2014,0.10262
07/03/2014,0.122528
10/03/2014,0.125285
11/03/2014,0.120868
12/03/2014,0.113997
13/03/2014,0.112279
14/03/2014,0.105139
17/03/2014,0.118951
18/03/2014,0.129663
19/03/2014,0.128867
20/03/2014,0.152982
21/03/2014,0.156286
24/03/2014,0.145112
25/03/2014,0.12538
26/03/2014,0.113806
27/03/2014,0.100279
28/03/2014,0.101854
31/03/2014,0.111933
01/04/2014,0.117115
02/04/2014,0.124983
03/04/2014,0.129999
04/04/2014,0.12175
07/04/2014,0.109532
08/04/2014,0.115924
09/04/2014,0.114528
10/04/2014,0.105106
11/04/2014,0.109209
14/04/2014,0.108301
15/04/2014,0.103782
16/04/2014,0.097225
17/04/2014,0.097234
22/04/2014,0.113322
23/04/2014,0.123878
24/04/2014,0.125545
25/04/2014,0.118471
28/04/2014,0.122964
29/04/2014,0.100481
30/04/2014,0.09431
02/05/2014,0.092405
05/05/2014,0.089926
06/05/2014,0.10769
07/05/2014,0.104777
08/05/2014,0.086066
09/05/2014,0.078248
12/05/2014,0.090581
13/05/2014,0.07666
14/05/2014,0.063397
15/05/2014,0.049893
16/05/2014,0.059544
19/05/2014,0.048227
20/05/2014,0.056988
21/05/2014,0.059377
22/05/2014,0.040302
23/05/2014,0.043063
26/05/2014,0.028951
27/05/2014,0.034662
28/05/2014,0.024066
29/05/2014,0.024191
30/05/2014,0.03094
02/06/2014,0.024969
03/06/2014,0.032177
04/06/2014,0.01127
05/06/2014,0.00733
06/06/2014,0.019365
09/06/2014,0.013183
10/06/2014,0.005172
11/06/2014,-0.004747
12/06/2014,-0.010805
13/06/2014,-0.020942
16/06/2014,-0.017439
17/06/2014,-0.00742
18/06/2014,-0.014199
19/06/2014,-0.014586
20/06/2014,-0.006619
23/06/2014,-0.018771
24/06/2014,-0.015973
25/06/2014,-0.017058
26/06/2014,-0.020454
27/06/2014,-0.012624
30/06/2014,-0.009091
01/07/2014,-0.015588
02/07/2014,-0.008206
03/07/2014,-0.017479
04/07/2014,-0.01815
07/07/2014,-0.015286
08/07/2014,-0.019695
09/07/2014,-0.018836
10/07/2014,-0.021259
11/07/2014,-0.023098
14/07/2014,-0.014512
15/07/2014,-0.024538
16/07/2014,-0.017778
17/07/2014,-0.02796
18/07/2014,-0.015002
21/07/2014,-0.018844
22/07/2014,-0.016147
23/07/2014,-0.014158
24/07/2014,-0.018477
25/07/2014,-0.025699
28/07/2014,-0.019547
29/07/2014,-0.021728
30/07/2014,-0.022033
31/07/2014,-0.017955
01/08/2014,-0.026581
04/08/2014,-0.017813
05/08/2014,-0.01469
06/08/2014,-0.03329
07/08/2014,-0.02277
08/08/2014,-0.02711
11/08/2014,-0.031333
12/08/2014,-0.031032
13/08/2014,-0.026674
14/08/2014,-0.025314
15/08/2014,-0.026669
18/08/2014,-0.029895
19/08/2014,-0.032905
20/08/2014,-0.039752
21/08/2014,-0.036285
22/08/2014,-0.030002
25/08/2014,-0.063507
26/08/2014,-0.053161
27/08/2014,-0.056919
28/08/2014,-0.050136
29/08/2014,-0.055359
01/09/2014,-0.062481
02/09/2014,-0.057943
03/09/2014,-0.049061
04/09/2014,-0.097432
05/09/2014,-0.099851
08/09/2014,-0.10041
09/09/2014,-0.099594
10/09/2014,-0.09367
11/09/2014,-0.096406
12/09/2014,-0.08645
15/09/2014,-0.094391
16/09/2014,-0.084026
17/09/2014,-0.096117
18/09/2014,-0.083064
19/09/2014,-0.091515
22/09/2014,-0.093669
23/09/2014,-0.077006
24/09/2014,-0.084355
25/09/2014,-0.092072
26/09/2014,-0.094791
29/09/2014,-0.092815
30/09/2014,-0.094943
01/10/2014,-0.099017
02/10/2014,-0.094007
03/10/2014,-0.082864
06/10/2014,-0.0878
07/10/2014,-0.088234
08/10/2014,-0.086755
09/10/2014,-0.094449
10/10/2014,-0.085569
13/10/2014,-0.076665
14/10/2014,-0.083011
15/10/2014,-0.086767
16/10/2014,-0.074041
17/10/2014,-0.071037
20/10/2014,-0.076448
21/10/2014,-0.072412
22/10/2014,-0.070963
23/10/2014,-0.072355
24/10/2014,-0.072656
27/10/2014,-0.068381
28/10/2014,-0.071832
29/10/2014,-0.069439
30/10/2014,-0.079193
31/10/2014,-0.081477
03/11/2014,-0.078551
04/11/2014,-0.076397
05/11/2014,-0.079791
06/11/2014,-0.083034
07/11/2014,-0.083884
10/11/2014,-0.080006
11/11/2014,-0.078429
12/11/2014,-0.079698
13/11/2014,-0.078145
14/11/2014,-0.079054
17/11/2014,-0.072696
18/11/2014,-0.07376
19/11/2014,-0.056417
20/11/2014,-0.061491
21/11/2014,-0.068025
24/11/2014,-0.069769
25/11/2014,-0.069856
26/11/2014,-0.06828
27/11/2014,-0.069281
28/11/2014,-0.063317
01/12/2014,-0.058105
02/12/2014,-0.055646
03/12/2014,-0.062722
04/12/2014,-0.061988
05/12/2014,-0.05971
08/12/2014,-0.062455
09/12/2014,-0.060483
10/12/2014,-0.059327
11/12/2014,-0.059889
12/12/2014,-0.062053
15/12/2014,-0.060934
16/12/2014,-0.062055
17/12/2014,-0.065572
18/12/2014,-0.07034
19/12/2014,-0.074444
22/12/2014,-0.075852
23/12/2014,-0.07768
24/12/2014,-0.079399
29/12/2014,-0.082859
30/12/2014,-0.088695
31/12/2014,-0.090489
02/01/2015,-0.088973
05/01/2015,-0.08687
06/01/2015,-0.081262
07/01/2015,-0.091803
08/01/2015,-0.094902
09/01/2015,-0.101037
12/01/2015,-0.099623
13/01/2015,-0.101523
14/01/2015,-0.101325
15/01/2015,-0.118987
16/01/2015,-0.120271
19/01/2015,-0.122952
20/01/2015,-0.112374
21/01/2015,-0.181616
22/01/2015,-0.189962
23/01/2015,-0.186998
26/01/2015,-0.172409
27/01/2015,-0.168865
28/01/2015,-0.178971
29/01/2015,-0.184275
30/01/2015,-0.183657
02/02/2015,-0.190844
03/02/2015,-0.194893
04/02/2015,-0.204522
05/02/2015,-0.20362
06/02/2015,-0.20336
09/02/2015,-0.198934
10/02/2015,-0.20654
11/02/2015,-0.205209
12/02/2015,-0.211804
13/02/2015,-0.192399
16/02/2015,-0.198534
17/02/2015,-0.2026
18/02/2015,-0.201361
19/02/2015,-0.202836
20/02/2015,-0.20314
23/02/2015,-0.202266
24/02/2015,-0.218373
25/02/2015,-0.213613
26/02/2015,-0.231838
27/02/2015,-0.246645
02/03/2015,-0.225042
03/03/2015,-0.229186
04/03/2015,-0.212223
05/03/2015,-0.211682
06/03/2015,-0.226101
09/03/2015,-0.215871
10/03/2015,-0.221198
11/03/2015,-0.230668
12/03/2015,-0.234406
13/03/2015,-0.247559
16/03/2015,-0.237618
17/03/2015,-0.207834
18/03/2015,-0.226305
19/03/2015,-0.253505
20/03/2015,-0.238273
23/03/2015,-0.235225
24/03/2015,-0.238064
25/03/2015,-0.241578
26/03/2015,-0.249507
27/03/2015,-0.259004
30/03/2015,-0.246054
31/03/2015,-0.248743
01/04/2015,-0.248645
02/04/2015,-0.25413
07/04/2015,-0.260119
08/04/2015,-0.291163
09/04/2015,-0.269753
10/04/2015,-0.277668
13/04/2015,-0.263027
14/04/2015,-0.273773
15/04/2015,-0.282658
16/04/2015,-0.295467
17/04/2015,-0.291479
20/04/2015,-0.281621
21/04/2015,-0.289373
22/04/2015,-0.283918
23/04/2015,-0.276641
24/04/2015,-0.269415
27/04/2015,-0.274917
28/04/2015,-0.284592
29/04/2015,-0.271829
30/04/2015,-0.258792
04/05/2015,-0.266267
05/05/2015,-0.275643
06/05/2015,-0.271804
07/05/2015,-0.271318
08/05/2015,-0.26563
11/05/2015,-0.260871
12/05/2015,-0.254246
13/05/2015,-0.246343
14/05/2015,-0.244603
15/05/2015,-0.237638
18/05/2015,-0.243889
19/05/2015,-0.24602
20/05/2015,-0.254276
21/05/2015,-0.259799
22/05/2015,-0.254506
25/05/2015,-0.255181
26/05/2015,-0.257193
27/05/2015,-0.238559
28/05/2015,-0.260867
29/05/2015,-0.245578
01/06/2015,-0.252854
02/06/2015,-0.245186
03/06/2015,-0.222506
04/06/2015,-0.250112
05/06/2015,-0.242546
08/06/2015,-0.23498
09/06/2015,-0.224499
10/06/2015,-0.225621
11/06/2015,-0.239865
12/06/2015,-0.238458
15/06/2015,-0.23935
16/06/2015,-0.236227
17/06/2015,-0.227584
18/06/2015,-0.250478
19/06/2015,-0.242277
22/06/2015,-0.232477
23/06/2015,-0.23992
24/06/2015,-0.244859
25/06/2015,-0.240944
26/06/2015,-0.246092
29/06/2015,-0.25072
30/06/2015,-0.258849
01/07/2015,-0.256514
02/07/2015,-0.270539
03/07/2015,-0.271
06/07/2015,-0.284066
07/07/2015,-0.270342
08/07/2015,-0.281412
09/07/2015,-0.265307
10/07/2015,-0.286247
13/07/2015,-0.283043
14/07/2015,-0.286857
15/07/2015,-0.288702
16/07/2015,-0.284214
17/07/2015,-0.290028
20/07/2015,-0.276962
21/07/2015,-0.278527
22/07/2015,-0.278697
23/07/2015,-0.273431
24/07/2015,-0.27895
27/07/2015,-0.275956
28/07/2015,-0.284939
29/07/2015,-0.284086
30/07/2015,-0.289
31/07/2015,-0.290629
03/08/2015,-0.284081
04/08/2015,-0.284263
05/08/2015,-0.281442
06/08/2015,-0.283667
07/08/2015,-0.300096
10/08/2015,-0.298127
11/08/2015,-0.293838
12/08/2015,-0.299461
13/08/2015,-0.295861
14/08/2015,-0.292429
17/08/2015,-0.291928
18/08/2015,-0.279151
19/08/2015,-0.275252
20/08/2015,-0.284626
21/08/2015,-0.280048
24/08/2015,-0.275292
25/08/2015,-0.275647
26/08/2015,-0.265171
27/08/2015,-0.269274
28/08/2015,-0.270264
31/08/2015,-0.26515
01/09/2015,-0.271593
02/09/2015,-0.27589
03/09/2015,-0.283637
04/09/2015,-0.288641
07/09/2015,-0.276097
08/09/2015,-0.271956
09/09/2015,-0.272225
10/09/2015,-0.276942
11/09/2015,-0.276514
14/09/2015,-0.273042
15/09/2015,-0.280303
16/09/2015,-0.278347
17/09/2015,-0.266476
18/09/2015,-0.287944
21/09/2015,-0.280617
22/09/2015,-0.295029
23/09/2015,-0.291731
24/09/2015,-0.280463
25/09/2015,-0.288351
28/09/2015,-0.297619
29/09/2015,-0.318722
30/09/2015,-0.270506
01/10/2015,-0.284793
02/10/2015,-0.29141
05/10/2015,-0.280206
06/10/2015,-0.26543
07/10/2015,-0.275152
08/10/2015,-0.283413
09/10/2015,-0.282489
12/10/2015,-0.285224
13/10/2015,-0.280369
14/10/2015,-0.27473
15/10/2015,-0.295262
16/10/2015,-0.299142
19/10/2015,-0.28762
20/10/2015,-0.271443
21/10/2015,-0.286188
22/10/2015,-0.345102
23/10/2015,-0.325847
26/10/2015,-0.338304
27/10/2015,-0.351439
28/10/2015,-0.344862
29/10/2015,-0.337877
30/10/2015,-0.329809
02/11/2015,-0.319086
03/11/2015,-0.326178
04/11/2015,-0.335509
05/11/2015,-0.330286
06/11/2015,-0.326376
09/11/2015,-0.330455
10/11/2015,-0.338375
11/11/2015,-0.34667
12/11/2015,-0.345371
13/11/2015,-0.369608
16/11/2015,-0.362863
17/11/2015,-0.368832
18/11/2015,-0.362952
19/11/2015,-0.356231
20/11/2015,-0.375007
23/11/2015,-0.3789
24/11/2015,-0.367619
25/11/2015,-0.403151
26/11/2015,-0.403354
27/11/2015,-0.402203
30/11/2015,-0.403232
01/12/2015,-0.42298
02/12/2015,-0.417867
03/12/2015,-0.324892
04/12/2015,-0.314571
07/12/2015,-0.316162
08/12/2015,-0.329388
09/12/2015,-0.337676
10/12/2015,-0.344165
11/12/2015,-0.356973
14/12/2015,-0.347371
15/12/2015,-0.352012
16/12/2015,-0.359697
17/12/2015,-0.378311
18/12/2015,-0.380793
21/12/2015,-0.383082
22/12/2015,-0.377962
23/12/2015,-0.382248
28/12/2015,-0.379299
29/12/2015,-0.387029
30/12/2015,-0.396811
04/01/2016,-0.410613
05/01/2016,-0.414486
06/01/2016,-0.424328
07/01/2016,-0.425467
08/01/2016,-0.43544
11/01/2016,-0.428018
12/01/2016,-0.427354
13/01/2016,-0.42111
14/01/2016,-0.421408
15/01/2016,-0.419042
18/01/2016,-0.415988
19/01/2016,-0.398912
20/01/2016,-0.411889
21/01/2016,-0.442598
22/01/2016,-0.432537
25/01/2016,-0.431902
26/01/2016,-0.435537
27/01/2016,-0.423305
28/01/2016,-0.428203
29/01/2016,-0.450797
01/02/2016,-0.439866
02/02/2016,-0.44413
03/02/2016,-0.452116
04/02/2016,-0.458484
05/02/2016,-0.459241
08/02/2016,-0.477497
09/02/2016,-0.485457
10/02/2016,-0.480706
11/02/2016,-0.502297
12/02/2016,-0.485421
15/02/2016,-0.477785
16/02/2016,-0.470233
17/02/2016,-0.472371
18/02/2016,-0.479227
19/02/2016,-0.490351
22/02/2016,-0.488115
23/02/2016,-0.480984
24/02/2016,-0.482882
25/02/2016,-0.489518
26/02/2016,-0.503962
29/02/2016,-0.510551
01/03/2016,-0.515471
02/03/2016,-0.503896
03/03/2016,-0.518564
04/03/2016,-0.509017
07/03/2016,-0.496088
08/03/2016,-0.511662
09/03/2016,-0.497253
10/03/2016,-0.485286
11/03/2016,-0.451413
14/03/2016,-0.457164
15/03/2016,-0.457263
16/03/2016,-0.456715
17/03/2016,-0.462999
18/03/2016,-0.479809
21/03/2016,-0.472499
22/03/2016,-0.475403
23/03/2016,-0.478729
24/03/2016,-0.477216
29/03/2016,-0.488539
30/03/2016,-0.484104
31/03/2016,-0.485655
01/04/2016,-0.483781
04/04/2016,-0.479808
05/04/2016,-0.482601
06/04/2016,-0.489456
07/04/2016,-0.497821
08/04/2016,-0.507525
11/04/2016,-0.50084
12/04/2016,-0.508391
13/04/2016,-0.512722
14/04/2016,-0.508988
15/04/2016,-0.519251
18/04/2016,-0.52012
19/04/2016,-0.52569
20/04/2016,-0.521539
21/04/2016,-0.514791
22/04/2016,-0.520165
25/04/2016,-0.522389
26/04/2016,-0.520353
27/04/2016,-0.525261
28/04/2016,-0.53082
29/04/2016,-0.518085
02/05/2016,-0.509217
03/05/2016,-0.517171
04/05/2016,-0.521078
05/05/2016,-0.521752
06/05/2016,-0.525526
09/05/2016,-0.524216
10/05/2016,-0.524496
11/05/2016,-0.526856
12/05/2016,-0.532201
13/05/2016,-0.533063
16/05/2016,-0.532754
17/05/2016,-0.532608
18/05/2016,-0.538724
19/05/2016,-0.537515
20/05/2016,-0.53818
23/05/2016,-0.5396
24/05/2016,-0.544198
25/05/2016,-0.550372
26/05/2016,-0.554809
27/05/2016,-0.551166
30/05/2016,-0.541394
31/05/2016,-0.538703
01/06/2016,-0.550175
02/06/2016,-0.549601
03/06/2016,-0.553725
06/06/2016,-0.559712
07/06/2016,-0.554021
08/06/2016,-0.554622
09/06/2016,-0.564638
10/06/2016,-0.562957
13/06/2016,-0.560223
14/06/2016,-0.574616
15/06/2016,-0.577278
16/06/2016,-0.584158
17/06/2016,-0.583089
20/06/2016,-0.570248
21/06/2016,-0.571812
22/06/2016,-0.571434
23/06/2016,-0.568002
24/06/2016,-0.636974
27/06/2016,-0.625443
28/06/2016,-0.628501
29/06/2016,-0.640866
30/06/2016,-0.649074
01/07/2016,-0.65201
04/07/2016,-0.656272
05/07/2016,-0.650635
06/07/2016,-0.676654
07/07/2016,-0.67425
08/07/2016,-0.673689
11/07/2016,-0.671815
12/07/2016,-0.65823
13/07/2016,-0.666224
14/07/2016,-0.65675
15/07/2016,-0.655173
18/07/2016,-0.653492
19/07/2016,-0.648511
20/07/2016,-0.64038
21/07/2016,-0.636035
22/07/2016,-0.631379
25/07/2016,-0.631629
26/07/2016,-0.625886
27/07/2016,-0.643529
28/07/2016,-0.644523
29/07/2016,-0.638916
01/08/2016,-0.635314
02/08/2016,-0.634353
03/08/2016,-0.636598
04/08/2016,-0.638646
05/08/2016,-0.641076
08/08/2016,-0.641331
09/08/2016,-0.640569
10/08/2016,-0.643647
11/08/2016,-0.636495
12/08/2016,-0.644039
15/08/2016,-0.633385
16/08/2016,-0.631902
17/08/2016,-0.639861
18/08/2016,-0.633965
19/08/2016,-0.629172
22/08/2016,-0.637951
23/08/2016,-0.643045
24/08/2016,-0.639261
25/08/2016,-0.635439
26/08/2016,-0.629813
29/08/2016,-0.637468
30/08/2016,-0.639549
31/08/2016,-0.643433
01/09/2016,-0.640324
02/09/2016,-0.646188
05/09/2016,-0.643977
06/09/2016,-0.655338
07/09/2016,-0.663734
08/09/2016,-0.647721
09/09/2016,-0.637629
12/09/2016,-0.629546
13/09/2016,-0.633677
14/09/2016,-0.644139
15/09/2016,-0.643954
16/09/2016,-0.648231
19/09/2016,-0.644268
20/09/2016,-0.647061
21/09/2016,-0.65372
22/09/2016,-0.661597
23/09/2016,-0.675909
26/09/2016,-0.684602
27/09/2016,-0.70778
28/09/2016,-0.721464
29/09/2016,-0.72605
30/09/2016,-0.72178
03/10/2016,-0.724805
04/10/2016,-0.725634
05/10/2016,-0.729276
06/10/2016,-0.733582
07/10/2016,-0.738684
10/10/2016,-0.729482
11/10/2016,-0.721751
12/10/2016,-0.728407
13/10/2016,-0.736762
14/10/2016,-0.732629
17/10/2016,-0.726688
18/10/2016,-0.744734
19/10/2016,-0.736552
20/10/2016,-0.752107
21/10/2016,-0.741193
24/10/2016,-0.735268
25/10/2016,-0.740956
26/10/2016,-0.737049
27/10/2016,-0.736092
28/10/2016,-0.73982
31/10/2016,-0.740973
01/11/2016,-0.702304
02/11/2016,-0.703752
03/11/2016,-0.735226
04/11/2016,-0.745698
07/11/2016,-0.741747
08/11/2016,-0.743635
09/11/2016,-0.757883
10/11/2016,-0.753707
11/11/2016,-0.744166
14/11/2016,-0.743417
15/11/2016,-0.741206
16/11/2016,-0.740696
17/11/2016,-0.731366
18/11/2016,-0.751928
21/11/2016,-0.756082
22/11/2016,-0.77904
23/11/2016,-0.762316
24/11/2016,-0.785543
25/11/2016,-0.795976
28/11/2016,-0.798652
29/11/2016,-0.802319
30/11/2016,-0.795554
01/12/2016,-0.797584
02/12/2016,-0.797736
05/12/2016,-0.779228
06/12/2016,-0.778754
07/12/2016,-0.767006
08/12/2016,-0.77372
09/12/2016,-0.797781
12/12/2016,-0.791022
13/12/2016,-0.762237
14/12/2016,-0.742535
15/12/2016,-0.770923
16/12/2016,-0.796256
19/12/2016,-0.78089
20/12/2016,-0.798267
21/12/2016,-0.798751
22/12/2016,-0.819984
23/12/2016,-0.836306
27/12/2016,-0.836961
28/12/2016,-0.846919
29/12/2016,-0.834485
30/12/2016,-0.822444
02/01/2017,-0.79053
03/01/2017,-0.778623
04/01/2017,-0.792114
05/01/2017,-0.770749
06/01/2017,-0.748755
09/01/2017,-0.751347
10/01/2017,-0.772781
11/01/2017,-0.762972
12/01/2017,-0.767203
13/01/2017,-0.775024
16/01/2017,-0.754413
17/01/2017,-0.751563
18/01/2017,-0.739688
19/01/2017,-0.746078
20/01/2017,-0.723828
23/01/2017,-0.652406
24/01/2017,-0.660539
25/01/2017,-0.64568
26/01/2017,-0.661498
27/01/2017,-0.660174
30/01/2017,-0.686601
31/01/2017,-0.70255
01/02/2017,-0.722582
02/02/2017,-0.758098
03/02/2017,-0.768006
06/02/2017,-0.768145
07/02/2017,-0.761953
08/02/2017,-0.793733
09/02/2017,-0.786509
10/02/2017,-0.776355
13/02/2017,-0.793563
14/02/2017,-0.797054
15/02/2017,-0.793474
16/02/2017,-0.799675
17/02/2017,-0.814013
20/02/2017,-0.833805
21/02/2017,-0.842497
22/02/2017,-0.874594
23/02/2017,-0.871394
24/02/2017,-0.904369
27/02/2017,-0.902865
28/02/2017,-0.881034
01/03/2017,-0.858996
02/03/2017,-0.871371
03/03/2017,-0.860956
06/03/2017,-0.863521
07/03/2017,-0.895546
08/03/2017,-0.89175
09/03/2017,-0.901264
10/03/2017,-0.907851
13/03/2017,-0.891805
14/03/2017,-0.87236
15/03/2017,-0.881208
16/03/2017,-0.858116
17/03/2017,-0.855004
20/03/2017,-0.820857
21/03/2017,-0.806974
22/03/2017,-0.827612
23/03/2017,-0.815327
24/03/2017,-0.800076
27/03/2017,-0.783802
28/03/2017,-0.781527
29/03/2017,-0.803288
30/03/2017,-0.768063
31/03/2017,-0.743541
03/04/2017,-0.780192
04/04/2017,-0.79964
05/04/2017,-0.813854
06/04/2017,-0.798507
07/04/2017,-0.809507
10/04/2017,-0.816822
11/04/2017,-0.827701
12/04/2017,-0.823738
13/04/2017,-0.834835
18/04/2017,-0.826643
19/04/2017,-0.815472
20/04/2017,-0.791467
21/04/2017,-0.808445
24/04/2017,-0.742047
25/04/2017,-0.75177
26/04/2017,-0.754992
27/04/2017,-0.771133
28/04/2017,-0.767143
02/05/2017,-0.77349
03/05/2017,-0.771993
04/05/2017,-0.770977
05/05/2017,-0.736603
08/05/2017,-0.729529
09/05/2017,-0.716217
10/05/2017,-0.742006
11/05/2017,-0.730906
12/05/2017,-0.747144
15/05/2017,-0.723831
16/05/2017,-0.699359
17/05/2017,-0.71389
18/05/2017,-0.715465
19/05/2017,-0.694222
22/05/2017,-0.706539
23/05/2017,-0.685971
24/05/2017,-0.703714
25/05/2017,-0.714986
26/05/2017,-0.718198
29/05/2017,-0.735765
30/05/2017,-0.743661
31/05/2017,-0.740429
01/06/2017,-0.743474
02/06/2017,-0.755807
05/06/2017,-0.737524
06/06/2017,-0.750941
07/06/2017,-0.758923
08/06/2017,-0.748708
09/06/2017,-0.755009
12/06/2017,-0.754032
13/06/2017,-0.724097
14/06/2017,-0.724486
15/06/2017,-0.67459
16/06/2017,-0.704961
19/06/2017,-0.689756
20/06/2017,-0.687997
21/06/2017,-0.684455
22/06/2017,-0.688571
23/06/2017,-0.679051
26/06/2017,-0.684275
27/06/2017,-0.660377
28/06/2017,-0.663433
29/06/2017,-0.663909
30/06/2017,-0.652626
03/07/2017,-0.664346
04/07/2017,-0.674353
05/07/2017,-0.653008
06/07/2017,-0.659296
07/07/2017,-0.665656
10/07/2017,-0.663471
11/07/2017,-0.665831
12/07/2017,-0.675504
13/07/2017,-0.690928
14/07/2017,-0.693302
17/07/2017,-0.692422
18/07/2017,-0.698156
19/07/2017,-0.69854
20/07/2017,-0.701759
21/07/2017,-0.698686
24/07/2017,-0.698285
25/07/2017,-0.700868
26/07/2017,-0.703875
27/07/2017,-0.706834
28/07/2017,-0.701455
31/07/2017,-0.709923
01/08/2017,-0.687928
02/08/2017,-0.703521
03/08/2017,-0.709976
04/08/2017,-0.717076
07/08/2017,-0.707318
08/08/2017,-0.701547
09/08/2017,-0.709688
10/08/2017,-0.707242
11/08/2017,-0.726905
14/08/2017,-0.733191
15/08/2017,-0.726713
16/08/2017,-0.722361
17/08/2017,-0.712694
18/08/2017,-0.728753
21/08/2017,-0.731747
22/08/2017,-0.731537
23/08/2017,-0.746325
24/08/2017,-0.749711
25/08/2017,-0.748932
28/08/2017,-0.753966
29/08/2017,-0.759834
30/08/2017,-0.754572
31/08/2017,-0.766048
01/09/2017,-0.748843
04/09/2017,-0.760967
05/09/2017,-0.778813
06/09/2017,-0.76659
07/09/2017,-0.779253
08/09/2017,-0.783275
11/09/2017,-0.778495
12/09/2017,-0.765689
13/09/2017,-0.754685
14/09/2017,-0.75879
15/09/2017,-0.739234
18/09/2017,-0.749184
19/09/2017,-0.742657
20/09/2017,-0.747253
21/09/2017,-0.752025
22/09/2017,-0.754317
25/09/2017,-0.733234
26/09/2017,-0.768193
27/09/2017,-0.757494
28/09/2017,-0.765734
29/09/2017,-0.750836
02/10/2017,-0.761406
03/10/2017,-0.75739
04/10/2017,-0.755724
05/10/2017,-0.748013
06/10/2017,-0.735618
09/10/2017,-0.748262
10/10/2017,-0.755407
11/10/2017,-0.748876
12/10/2017,-0.765988
13/10/2017,-0.77715
16/10/2017,-0.790239
17/10/2017,-0.787778
18/10/2017,-0.779914
19/10/2017,-0.789702
20/10/2017,-0.774451
23/10/2017,-0.782637
24/10/2017,-0.759917
25/10/2017,-0.758527
26/10/2017,-0.782323
27/10/2017,-0.796159
30/10/2017,-0.803173
31/10/2017,-0.787721
01/11/2017,-0.786149
02/11/2017,-0.785128
03/11/2017,-0.797681
06/11/2017,-0.781843
07/11/2017,-0.795053
08/11/2017,-0.794182
09/11/2017,-0.785622
10/11/2017,-0.789651
13/11/2017,-0.783052
14/11/2017,-0.777656
15/11/2017,-0.787631
16/11/2017,-0.776196
17/11/2017,-0.777432
20/11/2017,-0.777944
21/11/2017,-0.780149
22/11/2017,-0.770672
23/11/2017,-0.776053
24/11/2017,-0.767914
27/11/2017,-0.757876
28/11/2017,-0.774263
29/11/2017,-0.770753
30/11/2017,-0.764806
01/12/2017,-0.781438
04/12/2017,-0.785179
05/12/2017,-0.795474
06/12/2017,-0.802069
07/12/2017,-0.820062
08/12/2017,-0.820284
11/12/2017,-0.815269
12/12/2017,-0.816801
13/12/2017,-0.818551
14/12/2017,-0.826882
15/12/2017,-0.82513
18/12/2017,-0.820556
19/12/2017,-0.824989
20/12/2017,-0.811416
21/12/2017,-0.788454
22/12/2017,-0.777337
27/12/2017,-0.78274
28/12/2017,-0.726626
29/12/2017,-0.737874
02/01/2018,-0.712228
03/01/2018,-0.69693
04/01/2018,-0.678375
05/01/2018,-0.675266
08/01/2018,-0.675209
09/01/2018,-0.681156
10/01/2018,-0.672545
11/01/2018,-0.63088
12/01/2018,-0.643394
15/01/2018,-0.659004
16/01/2018,-0.65132
17/01/2018,-0.651773
18/01/2018,-0.655532
19/01/2018,-0.662531
22/01/2018,-0.66185
23/01/2018,-0.651204
24/01/2018,-0.655322
25/01/2018,-0.639297
26/01/2018,-0.635813
29/01/2018,-0.618942
30/01/2018,-0.634641
31/01/2018,-0.639447
01/02/2018,-0.649746
02/02/2018,-0.648974
05/02/2018,-0.662064
06/02/2018,-0.660002
07/02/2018,-0.66182
08/02/2018,-0.64408
09/02/2018,-0.666875
12/02/2018,-0.673638
13/02/2018,-0.674382
14/02/2018,-0.662334
15/02/2018,-0.652912
16/02/2018,-0.661385
19/02/2018,-0.665947
20/02/2018,-0.666179
21/02/2018,-0.660773
22/02/2018,-0.669295
23/02/2018,-0.670312
26/02/2018,-0.676937
27/02/2018,-0.68379
28/02/2018,-0.681066
01/03/2018,-0.682654
02/03/2018,-0.686607
05/03/2018,-0.692454
06/03/2018,-0.69025
07/03/2018,-0.676799
08/03/2018,-0.682677
09/03/2018,-0.689511
12/03/2018,-0.689366
13/03/2018,-0.700009
14/03/2018,-0.690417
15/03/2018,-0.693485
16/03/2018,-0.698511
19/03/2018,-0.691335
20/03/2018,-0.683033
21/03/2018,-0.69123
22/03/2018,-0.70846
23/03/2018,-0.705379
26/03/2018,-0.697686
27/03/2018,-0.703261
28/03/2018,-0.70003
29/03/2018,-0.697544
03/04/2018,-0.687276
04/04/2018,-0.689405
05/04/2018,-0.677706
06/04/2018,-0.680928
09/04/2018,-0.673529
10/04/2018,-0.663962
11/04/2018,-0.665351
12/04/2018,-0.672974
13/04/2018,-0.675527
16/04/2018,-0.673924
17/04/2018,-0.671855
18/04/2018,-0.663997
19/04/2018,-0.656826
20/04/2018,-0.657938
23/04/2018,-0.653983
24/04/2018,-0.652183
25/04/2018,-0.653543
26/04/2018,-0.659838
27/04/2018,-0.66699
30/04/2018,-0.65942
02/05/2018,-0.667665
03/05/2018,-0.662349
04/05/2018,-0.651842
07/05/2018,-0.655199
08/05/2018,-0.65257
09/05/2018,-0.648508
10/05/2018,-0.662346
11/05/2018,-0.653163
14/05/2018,-0.642374
15/05/2018,-0.63756
16/05/2018,-0.646528
17/05/2018,-0.654213
18/05/2018,-0.648662
21/05/2018,-0.664673
22/05/2018,-0.66338
23/05/2018,-0.668259
24/05/2018,-0.667393
25/05/2018,-0.690233
28/05/2018,-0.719471
29/05/2018,-0.722636
30/05/2018,-0.724922
31/05/2018,-0.719417
01/06/2018,-0.676069
04/06/2018,-0.674684
05/06/2018,-0.691534
06/06/2018,-0.673362
07/06/2018,-0.680709
08/06/2018,-0.708253
11/06/2018,-0.686678
12/06/2018,-0.669803
13/06/2018,-0.672005
14/06/2018,-0.683569
15/06/2018,-0.684813
18/06/2018,-0.691456
19/06/2018,-0.697919
20/06/2018,-0.699614
21/06/2018,-0.708946
22/06/2018,-0.714935
25/06/2018,-0.720261
26/06/2018,-0.727407
27/06/2018,-0.722493
28/06/2018,-0.720385
29/06/2018,-0.70795
02/07/2018,-0.719157
03/07/2018,-0.708186
04/07/2018,-0.707696
05/07/2018,-0.704845
06/07/2018,-0.705254
09/07/2018,-0.687577
10/07/2018,-0.690279
11/07/2018,-0.680032
12/07/2018,-0.691349
13/07/2018,-0.691167
16/07/2018,-0.686565
17/07/2018,-0.692529
18/07/2018,-0.686146
19/07/2018,-0.693839
20/07/2018,-0.689599
23/07/2018,-0.680789
24/07/2018,-0.679335
25/07/2018,-0.679871
26/07/2018,-0.685138
27/07/2018,-0.696875
30/07/2018,-0.669809
31/07/2018,-0.653104
01/08/2018,-0.660263
02/08/2018,-0.656835
03/08/2018,-0.678503
06/08/2018,-0.667126
07/08/2018,-0.665154
08/08/2018,-0.65494
09/08/2018,-0.672288
10/08/2018,-0.687078
13/08/2018,-0.691312
14/08/2018,-0.685527
15/08/2018,-0.689447
16/08/2018,-0.685574
17/08/2018,-0.688657
20/08/2018,-0.695049
21/08/2018,-0.680845
22/08/2018,-0.675783
23/08/2018,-0.670783
24/08/2018,-0.661029
27/08/2018,-0.663719
28/08/2018,-0.654301
29/08/2018,-0.65082
30/08/2018,-0.673293
31/08/2018,-0.671035
03/09/2018,-0.668029
04/09/2018,-0.65199
05/09/2018,-0.634709
06/09/2018,-0.642215
07/09/2018,-0.637603
10/09/2018,-0.62544
11/09/2018,-0.625495
12/09/2018,-0.633137
13/09/2018,-0.63046
14/09/2018,-0.621936
17/09/2018,-0.624305
18/09/2018,-0.623046
19/09/2018,-0.617384
20/09/2018,-0.625059
21/09/2018,-0.628775
24/09/2018,-0.620044
25/09/2018,-0.61739
26/09/2018,-0.614376
27/09/2018,-0.620028
28/09/2018,-0.630101
01/10/2018,-0.633026
02/10/2018,-0.640669
03/10/2018,-0.63631
04/10/2018,-0.632584
05/10/2018,-0.633884
08/10/2018,-0.646548
09/10/2018,-0.645182
10/10/2018,-0.643335
11/10/2018,-0.661292
12/10/2018,-0.67426
15/10/2018,-0.691815
16/10/2018,-0.699776
17/10/2018,-0.700983
18/10/2018,-0.711133
19/10/2018,-0.729713
22/10/2018,-0.718423
23/10/2018,-0.726487
24/10/2018,-0.729739
25/10/2018,-0.735702
26/10/2018,-0.74528
29/10/2018,-0.740918
30/10/2018,-0.747224
31/10/2018,-0.730937
01/11/2018,-0.723392
02/11/2018,-0.715974
05/11/2018,-0.701524
06/11/2018,-0.712856
07/11/2018,-0.693089
08/11/2018,-0.693444
09/11/2018,-0.700607
12/11/2018,-0.704418
13/11/2018,-0.699609
14/11/2018,-0.696777
15/11/2018,-0.704916
16/11/2018,-0.702863
19/11/2018,-0.705052
20/11/2018,-0.708767
21/11/2018,-0.708331
22/11/2018,-0.698949
23/11/2018,-0.695815
26/11/2018,-0.690841
27/11/2018,-0.698208
28/11/2018,-0.698943
29/11/2018,-0.705935
30/11/2018,-0.695103
03/12/2018,-0.694167
04/12/2018,-0.702993
05/12/2018,-0.702107
06/12/2018,-0.713395
07/12/2018,-0.705786
10/12/2018,-0.693909
11/12/2018,-0.70799
12/12/2018,-0.705511
13/12/2018,-0.714997
14/12/2018,-0.734273
17/12/2018,-0.752742
18/12/2018,-0.756896
19/12/2018,-0.749415
20/12/2018,-0.750549
21/12/2018,-0.755688
27/12/2018,-0.747759
28/12/2018,-0.748986
02/01/2019,-0.688424
03/01/2019,-0.673208
04/01/2019,-0.659218
07/01/2019,-0.643783
08/01/2019,-0.644449
09/01/2019,-0.634994
10/01/2019,-0.637779
11/01/2019,-0.635164
14/01/2019,-0.630235
15/01/2019,-0.639868
16/01/2019,-0.630611
17/01/2019,-0.623077
18/01/2019,-0.627832
21/01/2019,-0.622438
22/01/2019,-0.626595
23/01/2019,-0.622024
24/01/2019,-0.610638
25/01/2019,-0.616687
28/01/2019,-0.612966
29/01/2019,-0.602972
30/01/2019,-0.599895
31/01/2019,-0.601981
01/02/2019,-0.603776
04/02/2019,-0.594155
05/02/2019,-0.591553
06/02/2019,-0.574079
07/02/2019,-0.57787
08/02/2019,-0.574138
11/02/2019,-0.570225
12/02/2019,-0.566237
13/02/2019,-0.566331
14/02/2019,-0.567445
15/02/2019,-0.567228
18/02/2019,-0.570046
19/02/2019,-0.587885
20/02/2019,-0.582989
21/02/2019,-0.575983
22/02/2019,-0.584865
25/02/2019,-0.569725
26/02/2019,-0.575007
27/02/2019,-0.566782
28/02/2019,-0.567277
01/03/2019,-0.562844
04/03/2019,-0.557622
05/03/2019,-0.563554
06/03/2019,-0.558525
07/03/2019,-0.576632
08/03/2019,-0.570652
11/03/2019,-0.570534
12/03/2019,-0.573161
13/03/2019,-0.573161
14/03/2019,-0.574112
15/03/2019,-0.569475
18/03/2019,-0.56344
19/03/2019,-0.563284
20/03/2019,-0.560979
21/03/2019,-0.569641
22/03/2019,-0.585628
25/03/2019,-0.590235
26/03/2019,-0.582255
27/03/2019,-0.62238
28/03/2019,-0.606023
29/03/2019,-0.610297
01/04/2019,-0.607146
02/04/2019,-0.611699
03/04/2019,-0.601467
04/04/2019,-0.599622
05/04/2019,-0.593837
08/04/2019,-0.593988
09/04/2019,-0.588743
10/04/2019,-0.595839
11/04/2019,-0.594125
12/04/2019,-0.585269
15/04/2019,-0.583867
16/04/2019,-0.589386
17/04/2019,-0.592595
18/04/2019,-0.585141
23/04/2019,-0.588117
24/04/2019,-0.593814
25/04/2019,-0.597626
26/04/2019,-0.596788
29/04/2019,-0.594069
30/04/2019,-0.595395
02/05/2019,-0.597546
03/05/2019,-0.598881
06/05/2019,-0.596237
07/05/2019,-0.607901
08/05/2019,-0.619226
09/05/2019,-0.626058
10/05/2019,-0.618915
13/05/2019,-0.620568
14/05/2019,-0.627494
15/05/2019,-0.634163
16/05/2019,-0.622099
17/05/2019,-0.618401
20/05/2019,-0.613448
21/05/2019,-0.607257
22/05/2019,-0.604079
23/05/2019,-0.613621
24/05/2019,-0.61208
27/05/2019,-0.613249
28/05/2019,-0.616439
29/05/2019,-0.620078
30/05/2019,-0.625215
31/05/2019,-0.6417
03/06/2019,-0.630152
04/06/2019,-0.624901
05/06/2019,-0.630663
06/06/2019,-0.616751
07/06/2019,-0.629939
10/06/2019,-0.622798
11/06/2019,-0.629056
12/06/2019,-0.631693
13/06/2019,-0.632833
14/06/2019,-0.641173
17/06/2019,-0.636138
18/06/2019,-0.685273
19/06/2019,-0.674097
20/06/2019,-0.698526
21/06/2019,-0.679211
24/06/2019,-0.681826
25/06/2019,-0.688203
26/06/2019,-0.686286
27/06/2019,-0.689139
28/06/2019,-0.690687
01/07/2019,-0.694262
02/07/2019,-0.706207
03/07/2019,-0.703969
04/07/2019,-0.708831
05/07/2019,-0.703048
08/07/2019,-0.699519
09/07/2019,-0.694228
10/07/2019,-0.690565
11/07/2019,-0.699817
12/07/2019,-0.702729
15/07/2019,-0.706043
16/07/2019,-0.711868
17/07/2019,-0.717987
18/07/2019,-0.715215
19/07/2019,-0.733938
22/07/2019,-0.737876
23/07/2019,-0.743561
24/07/2019,-0.739799
25/07/2019,-0.72903
26/07/2019,-0.726149
29/07/2019,-0.734404
30/07/2019,-0.729674
31/07/2019,-0.743844
01/08/2019,-0.742734
02/08/2019,-0.754907
05/08/2019,-0.772688
06/08/2019,-0.779376
07/08/2019,-0.809379
08/08/2019,-0.804931
09/08/2019,-0.822411
12/08/2019,-0.827675
13/08/2019,-0.820994
14/08/2019,-0.830057
15/08/2019,-0.846312
16/08/2019,-0.85769
19/08/2019,-0.853515
20/08/2019,-0.867107
21/08/2019,-0.850222
22/08/2019,-0.831514
23/08/2019,-0.8505
26/08/2019,-0.856056
27/08/2019,-0.857468
28/08/2019,-0.866138
29/08/2019,-0.876702
30/08/2019,-0.882467
02/09/2019,-0.880365
03/09/2019,-0.865812
04/09/2019,-0.858317
05/09/2019,-0.855565
06/09/2019,-0.846078
09/09/2019,-0.822729
10/09/2019,-0.809607
11/09/2019,-0.810428
12/09/2019,-0.751344
13/09/2019,-0.713668
16/09/2019,-0.715487
17/09/2019,-0.70715
18/09/2019,-0.72663
19/09/2019,-0.703384
20/09/2019,-0.710987
23/09/2019,-0.721007
24/09/2019,-0.721726
25/09/2019,-0.722154
26/09/2019,-0.739622
27/09/2019,-0.750763
30/09/2019,-0.759257
01/10/2019,-0.751627
02/10/2019,-0.757306
03/10/2019,-0.766189
04/10/2019,-0.75066
07/10/2019,-0.744851
08/10/2019,-0.744429
09/10/2019,-0.740323
10/10/2019,-0.703969
11/10/2019,-0.695685
14/10/2019,-0.68556
15/10/2019,-0.67999
16/10/2019,-0.670786
17/10/2019,-0.669886
18/10/2019,-0.668313
21/10/2019,-0.660495
22/10/2019,-0.662655
23/10/2019,-0.663899
24/10/2019,-0.675968
25/10/2019,-0.678739
28/10/2019,-0.678399
29/10/2019,-0.673546
30/10/2019,-0.662818
31/10/2019,-0.687181
01/11/2019,-0.67752
04/11/2019,-0.65852
05/11/2019,-0.648842
06/11/2019,-0.635613
07/11/2019,-0.644183
08/11/2019,-0.643783
11/11/2019,-0.627864
12/11/2019,-0.635309
13/11/2019,-0.639034
14/11/2019,-0.653234
15/11/2019,-0.658645
18/11/2019,-0.639018
19/11/2019,-0.642341
20/11/2019,-0.650001
21/11/2019,-0.652271
22/11/2019,-0.638756
25/11/2019,-0.64651
26/11/2019,-0.65022
27/11/2019,-0.647274
28/11/2019,-0.643996
29/11/2019,-0.634678
02/12/2019,-0.635279
03/12/2019,-0.659302
04/12/2019,-0.661359
05/12/2019,-0.645536
06/12/2019,-0.655483
09/12/2019,-0.65497
10/12/2019,-0.664554
11/12/2019,-0.665278
12/12/2019,-0.662165
13/12/2019,-0.657289
16/12/2019,-0.660428
17/12/2019,-0.667758
18/12/2019,-0.66989
19/12/2019,-0.670892
20/12/2019,-0.6638
23/12/2019,-0.679865
27/12/2019,-0.679331
30/12/2019,-0.66071
02/01/2020,-0.634844
03/01/2020,-0.630324
06/01/2020,-0.63758
07/01/2020,-0.641443
08/01/2020,-0.633612
09/01/2020,-0.617632
10/01/2020,-0.612534
13/01/2020,-0.598258
14/01/2020,-0.602282
15/01/2020,-0.608064
16/01/2020,-0.610152
17/01/2020,-0.609044
20/01/2020,-0.59588
21/01/2020,-0.591209
22/01/2020,-0.599449
23/01/2020,-0.613649
24/01/2020,-0.61215
27/01/2020,-0.61644
28/01/2020,-0.61943
29/01/2020,-0.631917
30/01/2020,-0.641248
31/01/2020,-0.6534
03/02/2020,-0.657141
04/02/2020,-0.630527
05/02/2020,-0.626974
06/02/2020,-0.617091
07/02/2020,-0.627817
10/02/2020,-0.623613
11/02/2020,-0.628511
12/02/2020,-0.626569
13/02/2020,-0.630675
14/02/2020,-0.635119
17/02/2020,-0.629966
18/02/2020,-0.619945
19/02/2020,-0.621458
20/02/2020,-0.618815
21/02/2020,-0.620695
24/02/2020,-0.653552
25/02/2020,-0.663188
26/02/2020,-0.67424
27/02/2020,-0.713712
28/02/2020,-0.735743
02/03/2020,-0.757201
03/03/2020,-0.724882
04/03/2020,-0.756167
05/03/2020,-0.777001
06/03/2020,-0.795588
09/03/2020,-0.887656
10/03/2020,-0.852322
11/03/2020,-0.877126
12/03/2020,-0.912983
13/03/2020,-0.866117
16/03/2020,-0.885551
17/03/2020,-0.869172
18/03/2020,-0.816483
19/03/2020,-0.72748
20/03/2020,-0.706478
23/03/2020,-0.699649
24/03/2020,-0.645934
25/03/2020,-0.627382
26/03/2020,-0.644396
27/03/2020,-0.700886
30/03/2020,-0.696221
31/03/2020,-0.694821
01/04/2020,-0.65119
02/04/2020,-0.649504
03/04/2020,-0.663836
06/04/2020,-0.635303
07/04/2020,-0.628554
08/04/2020,-0.618553
09/04/2020,-0.61832
14/04/2020,-0.628814
15/04/2020,-0.65252
16/04/2020,-0.639393
17/04/2020,-0.637312
20/04/2020,-0.622443
21/04/2020,-0.620908
22/04/2020,-0.61779
23/04/2020,-0.623491
24/04/2020,-0.617841
27/04/2020,-0.594386
28/04/2020,-0.599962
29/04/2020,-0.6221
30/04/2020,-0.613036
04/05/2020,-0.615908
05/05/2020,-0.645707
06/05/2020,-0.629612
07/05/2020,-0.625497
08/05/2020,-0.644318
11/05/2020,-0.615613
12/05/2020,-0.604469
13/05/2020,-0.614035
14/05/2020,-0.631228
15/05/2020,-0.631389
18/05/2020,-0.627222
19/05/2020,-0.596249
20/05/2020,-0.605767
21/05/2020,-0.611773
22/05/2020,-0.614402
25/05/2020,-0.604496
26/05/2020,-0.590265
27/05/2020,-0.591177
28/05/2020,-0.585882
29/05/2020,-0.597569
01/06/2020,-0.605612
02/06/2020,-0.609131
03/06/2020,-0.597673
04/06/2020,-0.597233
05/06/2020,-0.585584
08/06/2020,-0.584051
09/06/2020,-0.586366
10/06/2020,-0.588017
11/06/2020,-0.605448
12/06/2020,-0.613605
15/06/2020,-0.614575
16/06/2020,-0.606363
17/06/2020,-0.60596
18/06/2020,-0.612978
19/06/2020,-0.622614
22/06/2020,-0.631441
23/06/2020,-0.609976
24/06/2020,-0.612285
25/06/2020,-0.636927
26/06/2020,-0.643379
29/06/2020,-0.639875
30/06/2020,-0.637002
01/07/2020,-0.622067
02/07/2020,-0.631745
03/07/2020,-0.635538
06/07/2020,-0.632476
07/07/2020,-0.628799
08/07/2020,-0.627112
09/07/2020,-0.629922
10/07/2020,-0.64445
13/07/2020,-0.630621
14/07/2020,-0.631899
15/07/2020,-0.628488
16/07/2020,-0.635178
17/07/2020,-0.633852
20/07/2020,-0.632177
21/07/2020,-0.625154
22/07/2020,-0.641228
23/07/2020,-0.632698
24/07/2020,-0.629561
27/07/2020,-0.63392
28/07/2020,-0.637567
29/07/2020,-0.636615
30/07/2020,-0.647808
31/07/2020,-0.648684
03/08/2020,-0.649244
04/08/2020,-0.654177
05/08/2020,-0.64859
06/08/2020,-0.647837
07/08/2020,-0.643788
10/08/2020,-0.643715
11/08/2020,-0.635064
12/08/2020,-0.633521
13/08/2020,-0.621009
14/08/2020,-0.624618
17/08/2020,-0.623531
18/08/2020,-0.628751
19/08/2020,-0.633329
20/08/2020,-0.642358
21/08/2020,-0.643685
24/08/2020,-0.633759
25/08/2020,-0.618386
26/08/2020,-0.618211
27/08/2020,-0.621176
28/08/2020,-0.63748
31/08/2020,-0.624605
01/09/2020,-0.631165
02/09/2020,-0.640062
03/09/2020,-0.648798
04/09/2020,-0.646476
07/09/2020,-0.641789
08/09/2020,-0.645214
09/09/2020,-0.641193
10/09/2020,-0.638079
11/09/2020,-0.63942
14/09/2020,-0.642857
15/09/2020,-0.635135
16/09/2020,-0.637612
17/09/2020,-0.642322
18/09/2020,-0.640469
21/09/2020,-0.6483
22/09/2020,-0.647503
23/09/2020,-0.646956
24/09/2020,-0.656258
25/09/2020,-0.65456
28/09/2020,-0.645286
29/09/2020,-0.640088
30/09/2020,-0.644058
01/10/2020,-0.644379
02/10/2020,-0.656146
05/10/2020,-0.657743
06/10/2020,-0.662001
07/10/2020,-0.658266
08/10/2020,-0.668003
09/10/2020,-0.675873
12/10/2020,-0.679494
13/10/2020,-0.696775
14/10/2020,-0.70345
15/10/2020,-0.721844
16/10/2020,-0.727239
19/10/2020,-0.734581
20/10/2020,-0.73868
21/10/2020,-0.733268
22/10/2020,-0.736328
23/10/2020,-0.726137
26/10/2020,-0.727765
27/10/2020,-0.738993
28/10/2020,-0.753066
29/10/2020,-0.754353
30/10/2020,-0.75225
02/11/2020,-0.758203
03/11/2020,-0.75257
04/11/2020,-0.75813
05/11/2020,-0.754039
06/11/2020,-0.749907
09/11/2020,-0.712089
10/11/2020,-0.705737
11/11/2020,-0.707864
12/11/2020,-0.710099
13/11/2020,-0.717697
16/11/2020,-0.707224
17/11/2020,-0.707192
18/11/2020,-0.710847
19/11/2020,-0.703333
20/11/2020,-0.721267
23/11/2020,-0.724381
24/11/2020,-0.728928
25/11/2020,-0.724757
26/11/2020,-0.730278
27/11/2020,-0.729444
30/11/2020,-0.723741
01/12/2020,-0.715361
02/12/2020,-0.717922
03/12/2020,-0.728194
04/12/2020,-0.735887
07/12/2020,-0.749759
08/12/2020,-0.756027
09/12/2020,-0.764965
10/12/2020,-0.761162
11/12/2020,-0.772006
14/12/2020,-0.767057
15/12/2020,-0.766986
16/12/2020,-0.748875
17/12/2020,-0.756188
18/12/2020,-0.746473
21/12/2020,-0.75438
22/12/2020,-0.753653
23/12/2020,-0.7434
28/12/2020,-0.763813
29/12/2020,-0.755971
30/12/2020,-0.7606
04/01/2021,-0.690398
05/01/2021,-0.693923
06/01/2021,-0.688591
07/01/2021,-0.696786
08/01/2021,-0.701726
11/01/2021,-0.688109
12/01/2021,-0.683075
13/01/2021,-0.687661
14/01/2021,-0.698254
15/01/2021,-0.688459
18/01/2021,-0.687443
19/01/2021,-0.683599
20/01/2021,-0.685584
21/01/2021,-0.683238
22/01/2021,-0.682232
25/01/2021,-0.689736
26/01/2021,-0.691308
27/01/2021,-0.700251
28/01/2021,-0.702609
29/01/2021,-0.698633
01/02/2021,-0.693484
02/02/2021,-0.689971
03/02/2021,-0.68349
04/02/2021,-0.681872
05/02/2021,-0.679098
08/02/2021,-0.683788
09/02/2021,-0.682457
10/02/2021,-0.684624
11/02/2021,-0.686214
12/02/2021,-0.684028
15/02/2021,-0.680286
16/02/2021,-0.677192
17/02/2021,-0.673652
18/02/2021,-0.667795
19/02/2021,-0.670677
22/02/2021,-0.670772
23/02/2021,-0.670635
24/02/2021,-0.670369
25/02/2021,-0.656037
26/02/2021,-0.65301
01/03/2021,-0.671664
02/03/2021,-0.668879
03/03/2021,-0.666862
04/03/2021,-0.675244
05/03/2021,-0.670481
08/03/2021,-0.665967
09/03/2021,-0.67078
10/03/2021,-0.663886
11/03/2021,-0.668279
12/03/2021,-0.665176
15/03/2021,-0.669279
16/03/2021,-0.675085
17/03/2021,-0.672793
18/03/2021,-0.672445
19/03/2021,-0.681083
22/03/2021,-0.686511
23/03/2021,-0.687734
24/03/2021,-0.68949
25/03/2021,-0.698603
26/03/2021,-0.699307
29/03/2021,-0.699644
30/03/2021,-0.679325
31/03/2021,-0.69333
01/04/2021,-0.69651
06/04/2021,-0.692669
07/04/2021,-0.698294
08/04/2021,-0.70542
09/04/2021,-0.69206
12/04/2021,-0.695869
13/04/2021,-0.694505
14/04/2021,-0.695376
15/04/2021,-0.698539
16/04/2021,-0.697752
19/04/2021,-0.683262
20/04/2021,-0.682872
21/04/2021,-0.687893
22/04/2021,-0.691267
23/04/2021,-0.692809
26/04/2021,-0.686515
27/04/2021,-0.689565
28/04/2021,-0.692032
29/04/2021,-0.681822
30/04/2021,-0.683253
03/05/2021,-0.681629
04/05/2021,-0.684622
05/05/2021,-0.684233
06/05/2021,-0.688593
07/05/2021,-0.684047
10/05/2021,-0.682653
11/05/2021,-0.67832
12/05/2021,-0.673115
13/05/2021,-0.678283
14/05/2021,-0.673049
17/05/2021,-0.671286
18/05/2021,-0.673949
19/05/2021,-0.673637
20/05/2021,-0.671399
21/05/2021,-0.674608
24/05/2021,-0.67202
25/05/2021,-0.676107
26/05/2021,-0.680842
27/05/2021,-0.680295
28/05/2021,-0.679911
31/05/2021,-0.679869
01/06/2021,-0.681957
02/06/2021,-0.687644
03/06/2021,-0.689344
04/06/2021,-0.692552
07/06/2021,-0.685774
08/06/2021,-0.688117
09/06/2021,-0.701882
10/06/2021,-0.697832
11/06/2021,-0.700294
14/06/2021,-0.696466
15/06/2021,-0.694742
16/06/2021,-0.696158
17/06/2021,-0.693234
18/06/2021,-0.692381
21/06/2021,-0.682329
22/06/2021,-0.68705
23/06/2021,-0.68741
24/06/2021,-0.68887
25/06/2021,-0.689712
28/06/2021,-0.686414
29/06/2021,-0.687679
30/06/2021,-0.688858
01/07/2021,-0.69318
02/07/2021,-0.694076
05/07/2021,-0.692812
06/07/2021,-0.69308
07/07/2021,-0.700124
08/07/2021,-0.704688
09/07/2021,-0.699322
12/07/2021,-0.694143
13/07/2021,-0.696349
14/07/2021,-0.695628
15/07/2021,-0.703625
16/07/2021,-0.706339
19/07/2021,-0.704524
20/07/2021,-0.72196
21/07/2021,-0.723985
22/07/2021,-0.728627
23/07/2021,-0.735588
26/07/2021,-0.733959
27/07/2021,-0.742734
28/07/2021,-0.741934
29/07/2021,-0.743819
30/07/2021,-0.747261
02/08/2021,-0.744011
03/08/2021,-0.746498
04/08/2021,-0.748219
05/08/2021,-0.754285
06/08/2021,-0.739264
09/08/2021,-0.735537
10/08/2021,-0.731751
11/08/2021,-0.736618
12/08/2021,-0.739508
13/08/2021,-0.737038
16/08/2021,-0.730883
17/08/2021,-0.738687
18/08/2021,-0.743455
19/08/2021,-0.742991
20/08/2021,-0.746909
23/08/2021,-0.742056
24/08/2021,-0.739742
25/08/2021,-0.735837
26/08/2021,-0.737396
27/08/2021,-0.733202
30/08/2021,-0.73173
31/08/2021,-0.733601
01/09/2021,-0.730776
02/09/2021,-0.73492
03/09/2021,-0.727055
06/09/2021,-0.731501
07/09/2021,-0.725547
08/09/2021,-0.718833
09/09/2021,-0.727439
10/09/2021,-0.725992
13/09/2021,-0.729115
14/09/2021,-0.733458
15/09/2021,-0.732253
16/09/2021,-0.723661
17/09/2021,-0.720484
20/09/2021,-0.733805
21/09/2021,-0.731623
22/09/2021,-0.728674
23/09/2021,-0.73054
24/09/2021,-0.720467
27/09/2021,-0.726347
28/09/2021,-0.726264
29/09/2021,-0.728665
30/09/2021,-0.732889
01/10/2021,-0.741516
04/10/2021,-0.740248
05/10/2021,-0.737241
06/10/2021,-0.732212
07/10/2021,-0.738708
08/10/2021,-0.73586
11/10/2021,-0.727174
12/10/2021,-0.724432
13/10/2021,-0.725218
14/10/2021,-0.732218
15/10/2021,-0.729732
18/10/2021,-0.706145
19/10/2021,-0.699626
20/10/2021,-0.710316
21/10/2021,-0.712215
22/10/2021,-0.704591
25/10/2021,-0.716719
26/10/2021,-0.722424
27/10/2021,-0.726749
28/10/2021,-0.713673
29/10/2021,-0.694177
01/11/2021,-0.697913
02/11/2021,-0.74197
03/11/2021,-0.739119
04/11/2021,-0.791703
05/11/2021,-0.790383
08/11/2021,-0.785196
09/11/2021,-0.80649
10/11/2021,-0.81476
11/11/2021,-0.809032
12/11/2021,-0.841645
15/11/2021,-0.825503
16/11/2021,-0.853791
17/11/2021,-0.848288
18/11/2021,-0.864644
19/11/2021,-0.875699
22/11/2021,-0.869904
23/11/2021,-0.871544
24/11/2021,-0.868907
25/11/2021,-0.855999
26/11/2021,-0.869363
29/11/2021,-0.845099
30/11/2021,-0.85472
01/12/2021,-0.835905
02/12/2021,-0.852644
03/12/2021,-0.827925
06/12/2021,-0.811783
07/12/2021,-0.79445
08/12/2021,-0.785918
09/12/2021,-0.779995
10/12/2021,-0.763876
13/12/2021,-0.749126
15/12/2021,-0.736174
16/12/2021,-0.747399
17/12/2021,-0.763338
20/12/2021,-0.766153
21/12/2021,-0.758169
22/12/2021,-0.7595
23/12/2021,-0.740037
24/12/2021,-0.744909
27/12/2021,-0.729196
28/12/2021,-0.723632
29/12/2021,-0.729064
30/12/2021,-0.716209
31/12/2021,-0.719369
03/01/2022,-0.692108
04/01/2022,-0.689072
05/01/2022,-0.680026
06/01/2022,-0.672796
07/01/2022,-0.669454
10/01/2022,-0.663656
11/01/2022,-0.656077
12/01/2022,-0.66772
13/01/2022,-0.675659
14/01/2022,-0.676028
17/01/2022,-0.67105
18/01/2022,-0.682992
19/01/2022,-0.682028
20/01/2022,-0.694055
21/01/2022,-0.687282
24/01/2022,-0.712704
25/01/2022,-0.721543
26/01/2022,-0.726991
27/01/2022,-0.710373
28/01/2022,-0.699395
31/01/2022,-0.663375
01/02/2022,-0.665138
02/02/2022,-0.659741
03/02/2022,-0.618791
04/02/2022,-0.579491
07/02/2022,-0.573507
08/02/2022,-0.582328
09/02/2022,-0.603519
10/02/2022,-0.607095
11/02/2022,-0.598737
14/02/2022,-0.627304
15/02/2022,-0.609483
16/02/2022,-0.618257
17/02/2022,-0.634526
18/02/2022,-0.659895
21/02/2022,-0.659807
22/02/2022,-0.607146
23/02/2022,-0.606629
24/02/2022,-0.651018
25/02/2022,-0.623588
28/02/2022,-0.681589
01/03/2022,-0.763247
02/03/2022,-0.721619
03/03/2022,-0.691243
04/03/2022,-0.773832
07/03/2022,-0.75079
08/03/2022,-0.715639
09/03/2022,-0.67237
10/03/2022,-0.647773
11/03/2022,-0.615352
14/03/2022,-0.60156
15/03/2022,-0.627669
16/03/2022,-0.620076
17/03/2022,-0.62542
18/03/2022,-0.634398
21/03/2022,-0.601406
22/03/2022,-0.579302
23/03/2022,-0.589142
24/03/2022,-0.580084
25/03/2022,-0.561286
28/03/2022,-0.547383
29/03/2022,-0.484967
30/03/2022,-0.456267
31/03/2022,-0.494114
01/04/2022,-0.483793
04/04/2022,-0.486911
05/04/2022,-0.473303
06/04/2022,-0.462822
07/04/2022,-0.450649
08/04/2022,-0.441754
11/04/2022,-0.396878
12/04/2022,-0.423859
13/04/2022,-0.398098
14/04/2022,-0.435065
19/04/2022,-0.417502
20/04/2022,-0.410116
21/04/2022,-0.360168
22/04/2022,-0.308154
25/04/2022,-0.323358
26/04/2022,-0.332817
27/04/2022,-0.348071
28/04/2022,-0.317073
29/04/2022,-0.261823
02/05/2022,-0.270582
03/05/2022,-0.276546
04/05/2022,-0.250365
05/05/2022,-0.261669
06/05/2022,-0.218402
09/05/2022,-0.230655
10/05/2022,-0.267608
11/05/2022,-0.269935
12/05/2022,-0.293172
13/05/2022,-0.246831
16/05/2022,-0.239641
17/05/2022,-0.196237
18/05/2022,-0.170827
19/05/2022,-0.197376
20/05/2022,-0.191453
23/05/2022,-0.172866
24/05/2022,-0.165196
25/05/2022,-0.178729
26/05/2022,-0.179365
27/05/2022,-0.141534
30/05/2022,-0.107231
31/05/2022,-0.08133
01/06/2022,-0.062505
02/06/2022,-0.02427
03/06/2022,-0.008191
06/06/2022,0.033825
07/06/2022,0.02693
08/06/2022,0.05665
09/06/2022,0.156294
10/06/2022,0.237694
13/06/2022,0.410577
14/06/2022,0.44388
15/06/2022,0.415027
16/06/2022,0.509817
17/06/2022,0.480488
20/06/2022,0.529659
21/06/2022,0.489822
22/06/2022,0.443914
23/06/2022,0.324537
24/06/2022,0.37858
27/06/2022,0.373802
28/06/2022,0.420579
29/06/2022,0.432258
30/06/2022,0.307471
01/07/2022,0.231641
04/07/2022,0.281045
05/07/2022,0.18615
06/07/2022,0.119391
07/07/2022,0.197645
08/07/2022,0.20496
11/07/2022,0.20299
12/07/2022,0.092803
13/07/2022,0.17909
14/07/2022,0.29364
15/07/2022,0.214121
18/07/2022,0.211748
19/07/2022,0.282144
20/07/2022,0.235109
21/07/2022,0.304772
22/07/2022,0.176708
25/07/2022,0.228254
26/07/2022,0.163752
27/07/2022,0.204596
28/07/2022,0.141822
29/07/2022,0.156665
01/08/2022,0.138671
02/08/2022,0.169484
03/08/2022,0.23522
04/08/2022,0.235386
05/08/2022,0.295062
08/08/2022,0.275683
09/08/2022,0.319611
10/08/2022,0.283057
11/08/2022,0.308834
12/08/2022,0.313512
15/08/2022,0.294618
16/08/2022,0.332783
17/08/2022,0.447543
18/08/2022,0.477925
19/08/2022,0.571747
22/08/2022,0.544192
23/08/2022,0.55534
24/08/2022,0.559603
25/08/2022,0.538988
26/08/2022,0.587018
29/08/2022,0.629087
30/08/2022,0.618629
31/08/2022,0.661172
01/09/2022,0.669003
02/09/2022,0.608997
05/09/2022,0.624783
06/09/2022,0.647801
07/09/2022,0.644698
08/09/2022,0.77934
09/09/2022,0.917519
12/09/2022,0.981876
13/09/2022,1.030924
14/09/2022,1.053363
15/09/2022,1.109067
16/09/2022,1.222283
19/09/2022,1.356115
20/09/2022,1.452963
21/09/2022,1.469983
22/09/2022,1.590871
23/09/2022,1.610027
26/09/2022,1.661185
27/09/2022,1.671139
28/09/2022,1.592781
29/09/2022,1.594352
30/09/2022,1.543368
03/10/2022,1.533519
04/10/2022,1.430168
05/10/2022,1.512128
06/10/2022,1.581789
07/10/2022,1.62317
10/10/2022,1.631282
11/10/2022,1.663921
12/10/2022,1.671591
13/10/2022,1.706741
14/10/2022,1.735789
17/10/2022,1.811555
18/10/2022,1.784867
19/10/2022,1.830585
20/10/2022,1.878122
21/10/2022,1.86711
24/10/2022,1.844765
25/10/2022,1.814945
26/10/2022,1.881777
27/10/2022,1.898495
28/10/2022,1.908576
31/10/2022,1.930783
01/11/2022,1.949516
02/11/2022,1.96117
03/11/2022,1.979057
04/11/2022,2.071639
07/11/2022,2.113454
08/11/2022,2.123712
09/11/2022,2.123712
10/11/2022,2.061829
11/11/2022,2.16657
14/11/2022,2.186496
15/11/2022,2.159246
16/11/2022,2.100515
17/11/2022,2.108621
18/11/2022,2.069616
21/11/2022,2.038009
22/11/2022,2.032651
23/11/2022,2.027364
24/11/2022,2.014297
25/11/2022,2.131398
28/11/2022,2.102012
29/11/2022,2.007981
30/11/2022,2.022338
01/12/2022,1.985878
02/12/2022,1.985064
05/12/2022,2.009291
06/12/2022,1.987256
07/12/2022,1.970497
08/12/2022,2.015503
09/12/2022,2.115523
12/12/2022,2.107343
13/12/2022,2.067065
14/12/2022,2.05656
15/12/2022,2.258647
16/12/2022,2.295875
19/12/2022,2.276041
20/12/2022,2.292874
21/12/2022,2.310399
22/12/2022,2.370308
23/12/2022,2.369689
27/12/2022,2.379211
28/12/2022,2.390295
29/12/2022,2.426932
30/12/2022,2.460508
02/01/2023,2.518973
03/01/2023,2.563433
04/01/2023,2.597576
05/01/2023,2.628274
06/01/2023,2.646641
09/01/2023,2.619001
10/01/2023,2.625373
11/01/2023,2.635175
12/01/2023,2.585281
13/01/2023,2.581826
16/01/2023,2.579685
17/01/2023,2.586872
18/01/2023,2.467429
19/01/2023,2.582711
20/01/2023,2.644582
23/01/2023,2.631438
24/01/2023,2.61096
25/01/2023,2.587588
26/01/2023,2.604101
27/01/2023,2.637212
30/01/2023,2.680179
31/01/2023,2.669912
01/02/2023,2.676724
02/02/2023,2.617211
03/02/2023,2.62414
06/02/2023,2.654789
07/02/2023,2.634041
08/02/2023,2.741695
09/02/2023,2.754543
10/02/2023,2.827463
13/02/2023,2.881308
14/02/2023,2.942921
15/02/2023,2.934256
16/02/2023,2.935316
17/02/2023,2.942356
20/02/2023,2.974332
21/02/2023,2.970068
22/02/2023,2.975143
23/02/2023,3.009272
24/02/2023,3.079079
27/02/2023,3.10709
28/02/2023,3.161132
01/03/2023,3.197742
02/03/2023,3.222894
03/03/2023,3.258408
06/03/2023,3.267453
07/03/2023,3.303451
08/03/2023,3.302547
09/03/2023,3.292748
10/03/2023,3.159555
13/03/2023,2.762984
14/03/2023,2.954677
15/03/2023,2.559548
16/03/2023,2.636265
17/03/2023,2.551252
20/03/2023,2.504668
21/03/2023,2.649016
22/03/2023,2.801922
23/03/2023,2.709276
24/03/2023,2.612436
27/03/2023,2.708262
28/03/2023,2.699908
29/03/2023,2.725673
30/03/2023,2.828486
31/03/2023,2.797763
03/04/2023,2.828673
04/04/2023,2.838688
05/04/2023,2.748379
06/04/2023,2.727198
11/04/2023,2.840076
12/04/2023,2.883133
13/04/2023,2.889827
14/04/2023,2.975079
17/04/2023,3.005195
18/04/2023,3.045531
19/04/2023,3.079236
20/04/2023,3.075606
21/04/2023,3.072347
24/04/2023,3.1009
25/04/2023,3.012201
26/04/2023,2.98426
27/04/2023,2.978692
28/04/2023,2.942529
02/05/2023,2.973261
03/05/2023,2.914277
04/05/2023,2.891991
05/05/2023,2.863079
08/05/2023,2.908459
09/05/2023,2.903475
10/05/2023,2.874281
11/05/2023,2.858356
12/05/2023,2.891572
15/05/2023,2.898748
16/05/2023,2.907178
17/05/2023,2.934613
18/05/2023,2.997714
19/05/2023,3.021202
22/05/2023,2.969872
23/05/2023,2.990744
24/05/2023,3.017052
25/05/2023,3.087964
26/05/2023,3.090431
29/05/2023,3.074502
30/05/2023,3.057305
31/05/2023,3.015395
01/06/2023,2.987038
02/06/2023,3.083891
05/06/2023,3.138317
06/06/2023,3.158294
07/06/2023,3.150644
08/06/2023,3.154654
09/06/2023,3.205411
12/06/2023,3.175866
13/06/2023,3.22357
14/06/2023,3.239245
15/06/2023,3.297806
16/06/2023,3.354569
19/06/2023,3.322834
20/06/2023,3.346555
21/06/2023,3.400324
22/06/2023,3.441493
23/06/2023,3.38436
26/06/2023,3.391265
27/06/2023,3.395512
28/06/2023,3.391495
29/06/2023,3.443276
30/06/2023,3.45152
03/07/2023,3.458849
04/07/2023,3.451897
05/07/2023,3.433617
06/07/2023,3.509661
07/07/2023,3.449228
10/07/2023,3.467282
11/07/2023,3.492125
12/07/2023,3.467337
13/07/2023,3.414302
14/07/2023,3.4478
17/07/2023,3.479121
18/07/2023,3.425378
19/07/2023,3.429945
20/07/2023,3.469223
21/07/2023,3.466562
24/07/2023,3.419195
25/07/2023,3.434729
26/07/2023,3.450668
27/07/2023,3.3957
28/07/2023,3.418835
31/07/2023,3.41531
01/08/2023,3.427633
02/08/2023,3.374843
03/08/2023,3.356297
04/08/2023,3.363612
07/08/2023,3.349067
08/08/2023,3.285734
09/08/2023,3.325601
10/08/2023,3.325811
11/08/2023,3.349347
14/08/2023,3.366395
15/08/2023,3.405071
16/08/2023,3.377594
17/08/2023,3.378966
18/08/2023,3.362486
21/08/2023,3.367835
22/08/2023,3.402004
23/08/2023,3.369444
24/08/2023,3.345892
25/08/2023,3.373927
28/08/2023,3.405882
29/08/2023,3.421778
30/08/2023,3.425841
31/08/2023,3.380369
01/09/2023,3.360087
04/09/2023,3.400471
05/09/2023,3.408448
06/09/2023,3.433233
07/09/2023,3.431854
08/09/2023,3.42339
11/09/2023,3.442419
12/09/2023,3.468553
13/09/2023,3.511247
14/09/2023,3.550509
15/09/2023,3.582722
18/09/2023,3.598756
19/09/2023,3.611872
20/09/2023,3.570371
21/09/2023,3.611671
22/09/2023,3.579944
25/09/2023,3.578005
26/09/2023,3.562255
27/09/2023,3.549476
28/09/2023,3.57198
29/09/2023,3.51464
02/10/2023,3.520142
03/10/2023,3.50118
04/10/2023,3.515512
05/10/2023,3.46429
06/10/2023,3.447949
09/10/2023,3.40901
10/10/2023,3.42055
11/10/2023,3.446724
12/10/2023,3.473796
13/10/2023,3.450611
16/10/2023,3.487968
17/10/2023,3.544625
18/10/2023,3.554757
19/10/2023,3.541169
20/10/2023,3.476373
23/10/2023,3.498032
24/10/2023,3.467681
25/10/2023,3.471498
26/10/2023,3.434959
27/10/2023,3.420809
30/10/2023,3.406159
31/10/2023,3.387519
01/11/2023,3.37673
02/11/2023,3.367226
06/11/2023,3.419999
07/11/2023,3.443486
08/11/2023,3.429405
09/11/2023,3.442951
10/11/2023,3.494435
13/11/2023,3.48761
14/11/2023,3.446597
15/11/2023,3.420655
16/11/2023,3.392231
17/11/2023,3.383558
20/11/2023,3.415619
21/11/2023,3.404593
22/11/2023,3.398317
23/11/2023,3.411755
24/11/2023,3.423658
27/11/2023,3.400711
28/11/2023,3.342862
29/11/2023,3.262072
30/11/2023,3.264972
01/12/2023,3.170244
04/12/2023,3.137874
05/12/2023,3.129404
06/12/2023,3.108528
07/12/2023,3.101928
08/12/2023,3.151199
11/12/2023,3.164634
12/12/2023,3.173936
13/12/2023,3.179091
14/12/2023,3.110733
15/12/2023,3.118048
18/12/2023,3.124919
19/12/2023,3.09282
20/12/2023,3.082792
21/12/2023,3.054875
22/12/2023,3.023369
27/12/2023,3.026955
28/12/2023,3.034771
29/12/2023,3.04543
02/01/2024,3.03722
03/01/2024,3.056745
04/01/2024,3.081063
05/01/2024,3.150274
08/01/2024,3.140222
09/01/2024,3.132766
10/01/2024,3.154914
11/01/2024,3.127763
12/01/2024,3.105359
15/01/2024,3.121336
16/01/2024,3.132056
17/01/2024,3.220984
18/01/2024,3.215102
19/01/2024,3.190384
22/01/2024,3.20527
23/01/2024,3.216703
24/01/2024,3.208373
25/01/2024,3.13758
26/01/2024,3.143599
29/01/2024,3.110093
30/01/2024,3.089613
31/01/2024,3.05121
01/02/2024,3.049805
02/02/2024,3.136758
05/02/2024,3.166574
06/02/2024,3.16461
07/02/2024,3.15471
08/02/2024,3.186991
09/02/2024,3.213791
12/02/2024,3.224301
13/02/2024,3.248541
14/02/2024,3.271144
15/02/2024,3.256497
16/02/2024,3.298868
19/02/2024,3.302677
20/02/2024,3.269015
21/02/2024,3.288421
22/02/2024,3.321511
23/02/2024,3.309399
26/02/2024,3.346852
27/02/2024,3.342178
28/02/2024,3.34043
29/02/2024,3.333225
01/03/2024,3.334003
04/03/2024,3.324031
05/03/2024,3.299268
06/03/2024,3.298589
07/03/2024,3.305517
08/03/2024,3.250304
11/03/2024,3.267515
12/03/2024,3.301527
13/03/2024,3.297955
14/03/2024,3.314159
15/03/2024,3.341525
18/03/2024,3.335163
19/03/2024,3.323124
20/03/2024,3.329101
21/03/2024,3.315911
22/03/2024,3.267178
25/03/2024,3.27633
26/03/2024,3.276864
27/03/2024,3.247713
28/03/2024,3.255718
02/04/2024,3.252148
03/04/2024,3.273977
04/04/2024,3.26056
05/04/2024,3.277337
08/04/2024,3.268876
09/04/2024,3.286528
10/04/2024,3.318282
11/04/2024,3.318465
12/04/2024,3.25778
15/04/2024,3.242942
16/04/2024,3.261154
17/04/2024,3.274479
18/04/2024,3.277115
19/04/2024,3.300883
22/04/2024,3.276541
23/04/2024,3.264234
24/04/2024,3.297319
25/04/2024,3.336855
26/04/2024,3.311969
29/04/2024,3.29082
30/04/2024,3.352461
02/05/2024,3.32949
03/05/2024,3.27163
06/05/2024,3.286549
07/05/2024,3.278492
08/05/2024,3.283568
09/05/2024,3.288883
10/05/2024,3.304991
13/05/2024,3.293867
14/05/2024,3.294887
15/05/2024,3.273624
16/05/2024,3.267189
17/05/2024,3.29654
20/05/2024,3.279579
21/05/2024,3.270915
22/05/2024,3.304156
23/05/2024,3.31305
24/05/2024,3.349098
27/05/2024,3.297265
28/05/2024,3.287553
29/05/2024,3.333978
30/05/2024,3.321021
31/05/2024,3.33472
03/06/2024,3.295955
04/06/2024,3.250268
05/06/2024,3.273717
06/06/2024,3.275179
07/06/2024,3.318224
10/06/2024,3.310329
11/06/2024,3.259675
12/06/2024,3.24603
13/06/2024,3.210663
14/06/2024,3.10787
17/06/2024,3.115303
18/06/2024,3.121078
19/06/2024,3.140108
20/06/2024,3.122241
21/06/2024,3.083295
24/06/2024,3.122282
25/06/2024,3.11874
26/06/2024,3.114903
27/06/2024,3.111232
28/06/2024,3.099345
01/07/2024,3.147156
02/07/2024,3.160267
03/07/2024,3.182607
04/07/2024,3.167274
05/07/2024,3.14981
08/07/2024,3.126893
09/07/2024,3.141961
10/07/2024,3.150354
11/07/2024,3.099036
12/07/2024,3.1379
15/07/2024,3.076993
16/07/2024,3.076667
17/07/2024,3.083577
18/07/2024,3.073571
19/07/2024,3.082864
22/07/2024,3.077651
23/07/2024,3.082677
24/07/2024,3.057034
25/07/2024,3.049285
26/07/2024,3.027129
29/07/2024,2.992571
30/07/2024,2.948173
31/07/2024,2.923089
01/08/2024,2.918898
02/08/2024,2.832286
05/08/2024,2.717423
06/08/2024,2.761715
07/08/2024,2.823295
08/08/2024,2.830348
09/08/2024,2.814375
12/08/2024,2.817946
13/08/2024,2.790958
14/08/2024,2.792221
15/08/2024,2.835789
16/08/2024,2.81218
19/08/2024,2.813833
20/08/2024,2.788853
21/08/2024,2.751117
22/08/2024,2.742526
23/08/2024,2.769101
26/08/2024,2.762068
27/08/2024,2.778236
28/08/2024,2.739906
29/08/2024,2.703159
30/08/2024,2.739156
02/09/2024,2.764461
03/09/2024,2.768436
04/09/2024,2.74958
05/09/2024,2.678824
06/09/2024,2.699048
09/09/2024,2.662208
10/09/2024,2.651016
11/09/2024,2.608232
12/09/2024,2.627828
13/09/2024,2.601878
16/09/2024,2.614575
17/09/2024,2.584267
18/09/2024,2.615039
19/09/2024,2.59685
20/09/2024,2.620698
23/09/2024,2.569539
24/09/2024,2.525922
25/09/2024,2.507207
26/09/2024,2.454619
27/09/2024,2.416649
30/09/2024,2.434119
01/10/2024,2.377462
02/10/2024,2.40272
03/10/2024,2.409852
04/10/2024,2.466545
07/10/2024,2.491458
08/10/2024,2.508116
09/10/2024,2.510636
10/10/2024,2.51476
11/10/2024,2.513112
14/10/2024,2.499533
15/10/2024,2.48721
16/10/2024,2.460413
17/10/2024,2.447468
18/10/2024,2.379698
21/10/2024,2.435888
22/10/2024,2.419912
23/10/2024,2.365805
24/10/2024,2.358269
25/10/2024,2.37824
28/10/2024,2.333202
29/10/2024,2.349013
30/10/2024,2.400259
31/10/2024,2.473266
01/11/2024,2.424941
04/11/2024,2.453064
05/11/2024,2.462326
06/11/2024,2.385968
07/11/2024,2.393088
08/11/2024,2.391662
11/11/2024,2.371344
12/11/2024,2.347443
13/11/2024,2.362775
14/11/2024,2.318557
15/11/2024,2.328779
18/11/2024,2.381145
19/11/2024,2.349061
20/11/2024,2.346566
21/11/2024,2.322616
22/11/2024,2.230996
25/11/2024,2.226617
26/11/2024,2.249942
27/11/2024,2.256001
28/11/2024,2.231199
29/11/2024,2.184527
02/12/2024,2.16104
03/12/2024,2.14671
04/12/2024,2.165554
05/12/2024,2.219472
06/12/2024,2.216867
09/12/2024,2.203324
10/12/2024,2.196564
11/12/2024,2.167215
12/12/2024,2.174926
13/12/2024,2.214439
16/12/2024,2.193693
17/12/2024,2.177616
18/12/2024,2.184282
19/12/2024,2.207126
20/12/2024,2.172129
23/12/2024,2.201549
24/12/2024,2.211694
27/12/2024,2.18854
30/12/2024,2.178646
02/01/2025,2.191738
03/01/2025,2.252722
06/01/2025,2.322421
07/01/2025,2.275045
08/01/2025,2.340401
09/01/2025,2.335359
10/01/2025,2.361439
13/01/2025,2.379127
14/01/2025,2.378536
15/01/2025,2.338281
16/01/2025,2.363596
17/01/2025,2.352934
20/01/2025,2.343713
21/01/2025,2.312807
22/01/2025,2.312807
23/01/2025,2.285534
24/01/2025,2.331829
27/01/2025,2.30664
28/01/2025,2.302106
29/01/2025,2.295566
30/01/2025,2.213222
31/01/2025,2.165262
03/02/2025,2.106054
04/02/2025,2.095995
05/02/2025,2.105582
06/02/2025,2.111537
07/02/2025,2.127587
10/02/2025,2.105263
11/02/2025,2.128366
12/02/2025,2.160531
13/02/2025,2.140866
14/02/2025,2.164339
17/02/2025,2.157156
18/02/2025,2.147507
19/02/2025,2.181735
20/02/2025,2.152078
21/02/2025,2.110864
24/02/2025,2.101186
25/02/2025,2.091891
26/02/2025,2.085508
27/02/2025,2.083007
28/02/2025,2.061822
03/03/2025,2.109343
04/03/2025,2.077907
05/03/2025,2.158225
06/03/2025,2.206528
07/03/2025,2.180137
10/03/2025,2.166466
11/03/2025,2.16138
12/03/2025,2.177108
13/03/2025,2.147575
14/03/2025,2.180995
17/03/2025,2.144016
18/03/2025,2.148314
19/03/2025,2.144352
20/03/2025,2.107893
21/03/2025,2.125714
24/03/2025,2.113413
25/03/2025,2.118166