DATE,Yield curve spot rate 20Y
06/09/2004,4.779293
07/09/2004,4.768947
08/09/2004,4.776881
09/09/2004,4.733254
10/09/2004,4.702037
13/09/2004,4.713933
14/09/2004,4.710675
15/09/2004,4.705733
16/09/2004,4.70032
17/09/2004,4.677443
20/09/2004,4.658545
21/09/2004,4.664328
22/09/2004,4.639476
23/09/2004,4.582513
24/09/2004,4.613604
27/09/2004,4.592868
28/09/2004,4.595773
29/09/2004,4.632432
30/09/2004,4.664518
01/10/2004,4.685772
04/10/2004,4.692609
05/10/2004,4.658768
06/10/2004,4.646221
07/10/2004,4.660624
08/10/2004,4.618684
11/10/2004,4.637617
12/10/2004,4.59872
13/10/2004,4.60223
14/10/2004,4.586854
15/10/2004,4.576646
18/10/2004,4.596523
19/10/2004,4.61545
20/10/2004,4.582606
21/10/2004,4.574455
22/10/2004,4.57428
25/10/2004,4.548707
26/10/2004,4.546168
27/10/2004,4.5427
28/10/2004,4.596816
29/10/2004,4.581997
01/11/2004,4.601572
02/11/2004,4.611089
03/11/2004,4.611985
04/11/2004,4.611615
05/11/2004,4.611322
08/11/2004,4.612874
09/11/2004,4.547417
10/11/2004,4.525166
11/11/2004,4.508934
12/11/2004,4.48312
15/11/2004,4.450729
16/11/2004,4.424534
17/11/2004,4.44538
18/11/2004,4.471165
19/11/2004,4.454819
22/11/2004,4.430642
23/11/2004,4.420374
24/11/2004,4.418323
25/11/2004,4.405297
26/11/2004,4.38946
29/11/2004,4.425555
30/11/2004,4.408758
01/12/2004,4.38426
02/12/2004,4.400625
03/12/2004,4.38807
06/12/2004,4.344761
07/12/2004,4.325039
08/12/2004,4.315085
09/12/2004,4.24008
10/12/2004,4.212894
13/12/2004,4.213818
14/12/2004,4.19203
15/12/2004,4.137906
16/12/2004,4.147723
17/12/2004,4.179495
20/12/2004,4.164192
21/12/2004,4.186146
22/12/2004,4.195822
23/12/2004,4.186617
24/12/2004,4.194385
27/12/2004,4.207273
28/12/2004,4.216821
29/12/2004,4.275282
30/12/2004,4.27787
31/12/2004,4.280351
03/01/2005,4.261873
04/01/2005,4.236022
05/01/2005,4.254532
06/01/2005,4.21078
07/01/2005,4.179653
10/01/2005,4.175479
11/01/2005,4.159338
12/01/2005,4.168654
13/01/2005,4.135713
14/01/2005,4.107527
17/01/2005,4.080063
18/01/2005,4.081153
19/01/2005,4.018001
20/01/2005,4.078302
21/01/2005,4.093307
24/01/2005,4.067445
25/01/2005,4.014135
26/01/2005,4.044567
27/01/2005,4.063415
28/01/2005,4.040412
31/01/2005,4.033802
01/02/2005,4.03331
02/02/2005,3.997654
03/02/2005,3.977942
04/02/2005,3.927304
07/02/2005,3.875118
08/02/2005,3.889848
09/02/2005,3.845677
10/02/2005,3.849095
11/02/2005,3.90371
14/02/2005,3.930871
15/02/2005,3.935408
16/02/2005,3.943557
17/02/2005,4.026614
18/02/2005,4.102729
21/02/2005,4.120772
22/02/2005,4.141706
23/02/2005,4.135954
24/02/2005,4.165673
25/02/2005,4.182492
28/02/2005,4.156296
01/03/2005,4.192444
02/03/2005,4.260436
03/03/2005,4.259354
04/03/2005,4.205763
07/03/2005,4.162086
08/03/2005,4.199279
09/03/2005,4.265365
10/03/2005,4.262934
11/03/2005,4.289402
14/03/2005,4.28416
15/03/2005,4.226797
16/03/2005,4.197525
17/03/2005,4.169412
18/03/2005,4.207112
21/03/2005,4.200681
22/03/2005,4.159709
23/03/2005,4.186052
24/03/2005,4.171746
29/03/2005,4.178141
30/03/2005,4.176
31/03/2005,4.142254
01/04/2005,4.128645
04/04/2005,4.11015
05/04/2005,4.100506
06/04/2005,4.121123
07/04/2005,4.120367
08/04/2005,4.157459
11/04/2005,4.137332
12/04/2005,4.115007
13/04/2005,4.094094
14/04/2005,4.106751
15/04/2005,4.085781
18/04/2005,4.083903
19/04/2005,4.042869
20/04/2005,4.045394
21/04/2005,4.058658
22/04/2005,4.037892
25/04/2005,4.023054
26/04/2005,4.003121
27/04/2005,3.970572
28/04/2005,3.975101
29/04/2005,4.002251
02/05/2005,3.968076
03/05/2005,3.961447
04/05/2005,3.992289
05/05/2005,3.992693
06/05/2005,4.008895
09/05/2005,3.99725
10/05/2005,3.924747
11/05/2005,3.891355
12/05/2005,3.887354
13/05/2005,3.858639
16/05/2005,3.858243
17/05/2005,3.872197
18/05/2005,3.819619
19/05/2005,3.823143
20/05/2005,3.856499
23/05/2005,3.82911
24/05/2005,3.799349
25/05/2005,3.810708
26/05/2005,3.85639
27/05/2005,3.895968
30/05/2005,3.900024
31/05/2005,3.828399
01/06/2005,3.832265
02/06/2005,3.787848
03/06/2005,3.710806
06/06/2005,3.739984
07/06/2005,3.67202
08/06/2005,3.635944
09/06/2005,3.650725
10/06/2005,3.648873
13/06/2005,3.697757
14/06/2005,3.711025
15/06/2005,3.815948
16/06/2005,3.84311
17/06/2005,3.803727
20/06/2005,3.825829
21/06/2005,3.734447
22/06/2005,3.645732
23/06/2005,3.664028
24/06/2005,3.635715
27/06/2005,3.619578
28/06/2005,3.677772
29/06/2005,3.664354
30/06/2005,3.66954
01/07/2005,3.648219
04/07/2005,3.684666
05/07/2005,3.725349
06/07/2005,3.722523
07/07/2005,3.717546
08/07/2005,3.682689
11/07/2005,3.743647
12/07/2005,3.755246
13/07/2005,3.784101
14/07/2005,3.827895
15/07/2005,3.822581
18/07/2005,3.782834
19/07/2005,3.802391
20/07/2005,3.802136
21/07/2005,3.807687
22/07/2005,3.763105
25/07/2005,3.748325
26/07/2005,3.759376
27/07/2005,3.739623
28/07/2005,3.743343
29/07/2005,3.744636
01/08/2005,3.78947
02/08/2005,3.789395
03/08/2005,3.824838
04/08/2005,3.811298
05/08/2005,3.855227
08/08/2005,3.848065
09/08/2005,3.825559
10/08/2005,3.803659
11/08/2005,3.809499
12/08/2005,3.78927
15/08/2005,3.760303
16/08/2005,3.746419
17/08/2005,3.72313
18/08/2005,3.703134
19/08/2005,3.690598
22/08/2005,3.706316
23/08/2005,3.673972
24/08/2005,3.655065
25/08/2005,3.636629
26/08/2005,3.631905
29/08/2005,3.630969
30/08/2005,3.646138
31/08/2005,3.612937
01/09/2005,3.581935
02/09/2005,3.570182
05/09/2005,3.55562
06/09/2005,3.57213
07/09/2005,3.578287
08/09/2005,3.566163
09/09/2005,3.545441
12/09/2005,3.609351
13/09/2005,3.621938
14/09/2005,3.589802
15/09/2005,3.612133
16/09/2005,3.634553
19/09/2005,3.621769
20/09/2005,3.573806
21/09/2005,3.514839
22/09/2005,3.521308
23/09/2005,3.531917
26/09/2005,3.597514
27/09/2005,3.597859
28/09/2005,3.594139
29/09/2005,3.583236
30/09/2005,3.571779
03/10/2005,3.619225
04/10/2005,3.592211
05/10/2005,3.583537
06/10/2005,3.609063
07/10/2005,3.602975
10/10/2005,3.58145
11/10/2005,3.595958
12/10/2005,3.630669
13/10/2005,3.699311
14/10/2005,3.697706
17/10/2005,3.704451
18/10/2005,3.710813
19/10/2005,3.691802
20/10/2005,3.723207
21/10/2005,3.650198
24/10/2005,3.646836
25/10/2005,3.689903
26/10/2005,3.774678
27/10/2005,3.778872
28/10/2005,3.77499
31/10/2005,3.775592
01/11/2005,3.766769
02/11/2005,3.813184
03/11/2005,3.813211
04/11/2005,3.821165
07/11/2005,3.828334
08/11/2005,3.803957
09/11/2005,3.823416
10/11/2005,3.845764
11/11/2005,3.827132
14/11/2005,3.817838
15/11/2005,3.859084
16/11/2005,3.7866
17/11/2005,3.797675
18/11/2005,3.828564
21/11/2005,3.832266
22/11/2005,3.811804
23/11/2005,3.787906
24/11/2005,3.736292
25/11/2005,3.742652
28/11/2005,3.750671
29/11/2005,3.749494
30/11/2005,3.770869
01/12/2005,3.713683
02/12/2005,3.742062
05/12/2005,3.742172
06/12/2005,3.72382
07/12/2005,3.705897
08/12/2005,3.712907
09/12/2005,3.745093
12/12/2005,3.732016
13/12/2005,3.706617
14/12/2005,3.6809
15/12/2005,3.676015
16/12/2005,3.637131
19/12/2005,3.632427
20/12/2005,3.633039
21/12/2005,3.648103
22/12/2005,3.635735
23/12/2005,3.613957
27/12/2005,3.607313
28/12/2005,3.570646
29/12/2005,3.575532
30/12/2005,3.574862
02/01/2006,3.704434
03/01/2006,3.698324
04/01/2006,3.581334
05/01/2006,3.548079
06/01/2006,3.540329
09/01/2006,3.501892
10/01/2006,3.514753
11/01/2006,3.523204
12/01/2006,3.503255
13/01/2006,3.50048
16/01/2006,3.516748
17/01/2006,3.51463
18/01/2006,3.51468
19/01/2006,3.587974
20/01/2006,3.592562
23/01/2006,3.628942
24/01/2006,3.627729
25/01/2006,3.656433
26/01/2006,3.718393
27/01/2006,3.734847
30/01/2006,3.736324
31/01/2006,3.734184
01/02/2006,3.737216
02/02/2006,3.759007
03/02/2006,3.749011
06/02/2006,3.714667
07/02/2006,3.731736
08/02/2006,3.752853
09/02/2006,3.747351
10/02/2006,3.690397
13/02/2006,3.733688
14/02/2006,3.756244
15/02/2006,3.740854
16/02/2006,3.773495
17/02/2006,3.74442
20/02/2006,3.710299
21/02/2006,3.723857
22/02/2006,3.685437
23/02/2006,3.709212
24/02/2006,3.731148
27/02/2006,3.741369
28/02/2006,3.731911
01/03/2006,3.731492
02/03/2006,3.767347
03/03/2006,3.785116
06/03/2006,3.784195
07/03/2006,3.792016
08/03/2006,3.845509
09/03/2006,3.873102
10/03/2006,3.925365
13/03/2006,3.924132
14/03/2006,3.892133
15/03/2006,3.886431
16/03/2006,3.885602
17/03/2006,3.895669
20/03/2006,3.869292
21/03/2006,3.888632
22/03/2006,3.848862
23/03/2006,3.868464
24/03/2006,3.876148
27/03/2006,3.856905
28/03/2006,3.922345
29/03/2006,3.956927
30/03/2006,3.984363
31/03/2006,3.990058
03/04/2006,4.031287
04/04/2006,4.037731
05/04/2006,4.075047
06/04/2006,4.133902
07/04/2006,4.207806
10/04/2006,4.181725
11/04/2006,4.140295
12/04/2006,4.120244
13/04/2006,4.20866
18/04/2006,4.204507
19/04/2006,4.203728
20/04/2006,4.195179
21/04/2006,4.187748
24/04/2006,4.199377
25/04/2006,4.235052
26/04/2006,4.229249
27/04/2006,4.232641
28/04/2006,4.177281
02/05/2006,4.204359
03/05/2006,4.220817
04/05/2006,4.238998
05/05/2006,4.229703
08/05/2006,4.229421
09/05/2006,4.242948
10/05/2006,4.227252
11/05/2006,4.287983
12/05/2006,4.285153
15/05/2006,4.310201
16/05/2006,4.268386
17/05/2006,4.337601
18/05/2006,4.312624
19/05/2006,4.274694
22/05/2006,4.209734
23/05/2006,4.20607
24/05/2006,4.168236
25/05/2006,4.15995
26/05/2006,4.15561
29/05/2006,4.179144
30/05/2006,4.212947
31/05/2006,4.237675
01/06/2006,4.253455
02/06/2006,4.19129
05/06/2006,4.193106
06/06/2006,4.248284
07/06/2006,4.271655
08/06/2006,4.250707
09/06/2006,4.203722
12/06/2006,4.190065
13/06/2006,4.167493
14/06/2006,4.16306
15/06/2006,4.208211
16/06/2006,4.200631
19/06/2006,4.218513
20/06/2006,4.220665
21/06/2006,4.262785
22/06/2006,4.280265
23/06/2006,4.318536
26/06/2006,4.328158
27/06/2006,4.321384
28/06/2006,4.31752
29/06/2006,4.294263
30/06/2006,4.295398
03/07/2006,4.291512
04/07/2006,4.283584
05/07/2006,4.324589
06/07/2006,4.307884
07/07/2006,4.275441
10/07/2006,4.279934
11/07/2006,4.280142
12/07/2006,4.300409
13/07/2006,4.277037
14/07/2006,4.239866
17/07/2006,4.252844
18/07/2006,4.25945
19/07/2006,4.266009
20/07/2006,4.232344
21/07/2006,4.200579
24/07/2006,4.19148
25/07/2006,4.189343
26/07/2006,4.231638
27/07/2006,4.200567
28/07/2006,4.165552
31/07/2006,4.175674
01/08/2006,4.18818
02/08/2006,4.178888
03/08/2006,4.187153
04/08/2006,4.122524
07/08/2006,4.137072
08/08/2006,4.134826
09/08/2006,4.160614
10/08/2006,4.158797
11/08/2006,4.177677
14/08/2006,4.216497
15/08/2006,4.184223
16/08/2006,4.156919
17/08/2006,4.119229
18/08/2006,4.115017
21/08/2006,4.072809
22/08/2006,4.037189
23/08/2006,4.051031
24/08/2006,4.049952
25/08/2006,4.05211
28/08/2006,4.051697
29/08/2006,4.055805
30/08/2006,4.019779
31/08/2006,4.00045
01/09/2006,3.982993
04/09/2006,3.968925
05/09/2006,3.991659
06/09/2006,4.03915
07/09/2006,4.054561
08/09/2006,3.977839
11/09/2006,3.985029
12/09/2006,4.023888
13/09/2006,4.023204
14/09/2006,3.975257
15/09/2006,3.936662
18/09/2006,3.98436
19/09/2006,3.939229
20/09/2006,3.922267
21/09/2006,3.934876
22/09/2006,3.880954
25/09/2006,3.859721
26/09/2006,3.835604
27/09/2006,3.823885
28/09/2006,3.848992
29/09/2006,3.83496
02/10/2006,3.880595
03/10/2006,3.816849
04/10/2006,3.797254
05/10/2006,3.793434
06/10/2006,3.828113
09/10/2006,3.840551
10/10/2006,3.865285
11/10/2006,3.869243
12/10/2006,3.86587
13/10/2006,3.882647
16/10/2006,3.893693
17/10/2006,3.862065
18/10/2006,3.871877
19/10/2006,3.902699
20/10/2006,3.894353
23/10/2006,3.92659
24/10/2006,3.910857
25/10/2006,3.926886
26/10/2006,3.899111
27/10/2006,3.842872
30/10/2006,3.821661
31/10/2006,3.842573
01/11/2006,3.812407
02/11/2006,3.812475
03/11/2006,3.862442
06/11/2006,3.874351
07/11/2006,3.831478
08/11/2006,3.826584
09/11/2006,3.829986
10/11/2006,3.822507
13/11/2006,3.832362
14/11/2006,3.809875
15/11/2006,3.833697
16/11/2006,3.825696
17/11/2006,3.820288
20/11/2006,3.80721
21/11/2006,3.801291
22/11/2006,3.813671
23/11/2006,3.829374
24/11/2006,3.81692
27/11/2006,3.843247
28/11/2006,3.81599
29/11/2006,3.812196
30/11/2006,3.813962
01/12/2006,3.809027
04/12/2006,3.799998
05/12/2006,3.788429
06/12/2006,3.799375
07/12/2006,3.800804
08/12/2006,3.787788
11/12/2006,3.838928
12/12/2006,3.82968
13/12/2006,3.820443
14/12/2006,3.854872
15/12/2006,3.851537
18/12/2006,3.90296
19/12/2006,3.941783
20/12/2006,3.960447
21/12/2006,3.972148
22/12/2006,3.969583
27/12/2006,4.001354
28/12/2006,4.022045
29/12/2006,4.032419
02/01/2007,4.015953
03/01/2007,4.005694
04/01/2007,4.019866
05/01/2007,4.058143
08/01/2007,4.05774
09/01/2007,4.075568
10/01/2007,4.096868
11/01/2007,4.108112
12/01/2007,4.149499
15/01/2007,4.140553
16/01/2007,4.118208
17/01/2007,4.117771
18/01/2007,4.170355
19/01/2007,4.110347
22/01/2007,4.09804
23/01/2007,4.075075
24/01/2007,4.090108
25/01/2007,4.111912
26/01/2007,4.16486
29/01/2007,4.19655
30/01/2007,4.184665
31/01/2007,4.18429
01/02/2007,4.140176
02/02/2007,4.166948
05/02/2007,4.138029
06/02/2007,4.132708
07/02/2007,4.115875
08/02/2007,4.114857
09/02/2007,4.153162
12/02/2007,4.189971
13/02/2007,4.19999
14/02/2007,4.170715
15/02/2007,4.135398
16/02/2007,4.126936
19/02/2007,4.150479
20/02/2007,4.164309
21/02/2007,4.142256
22/02/2007,4.149799
23/02/2007,4.119357
26/02/2007,4.081659
27/02/2007,4.059432
28/02/2007,4.048417
01/03/2007,4.040681
02/03/2007,4.055764
05/03/2007,4.035444
06/03/2007,4.041837
07/03/2007,4.055588
08/03/2007,4.056471
09/03/2007,4.082811
12/03/2007,4.061539
13/03/2007,4.047162
14/03/2007,4.028561
15/03/2007,4.040549
16/03/2007,4.037324
19/03/2007,4.049855
20/03/2007,4.032517
21/03/2007,4.055562
22/03/2007,4.064336
23/03/2007,4.14704
26/03/2007,4.161928
27/03/2007,4.172249
28/03/2007,4.187999
29/03/2007,4.194654
30/03/2007,4.19316
02/04/2007,4.20412
03/04/2007,4.234304
04/04/2007,4.234595
05/04/2007,4.239597
10/04/2007,4.281554
11/04/2007,4.291863
12/04/2007,4.328595
13/04/2007,4.36417
16/04/2007,4.355775
17/04/2007,4.341591
18/04/2007,4.30359
19/04/2007,4.325183
20/04/2007,4.341602
23/04/2007,4.321313
24/04/2007,4.29454
25/04/2007,4.309981
26/04/2007,4.31233
27/04/2007,4.337937
30/04/2007,4.288234
02/05/2007,4.319368
03/05/2007,4.349588
04/05/2007,4.31422
07/05/2007,4.340211
08/05/2007,4.315962
09/05/2007,4.335964
10/05/2007,4.336346
11/05/2007,4.31049
14/05/2007,4.381912
15/05/2007,4.402759
16/05/2007,4.415402
17/05/2007,4.403711
18/05/2007,4.411239
21/05/2007,4.430729
22/05/2007,4.434575
23/05/2007,4.432717
24/05/2007,4.458595
25/05/2007,4.461041
28/05/2007,4.460784
29/05/2007,4.471122
30/05/2007,4.474366
31/05/2007,4.48873
01/06/2007,4.509672
04/06/2007,4.51726
05/06/2007,4.539598
06/06/2007,4.54948
07/06/2007,4.604489
08/06/2007,4.658258
11/06/2007,4.646843
12/06/2007,4.700031
13/06/2007,4.741564
14/06/2007,4.722311
15/06/2007,4.776524
18/06/2007,4.784505
19/06/2007,4.743193
20/06/2007,4.752585
21/06/2007,4.721704
22/06/2007,4.757801
25/06/2007,4.696372
26/06/2007,4.689525
27/06/2007,4.634489
28/06/2007,4.640619
29/06/2007,4.631628
02/07/2007,4.604645
03/07/2007,4.619555
04/07/2007,4.66899
05/07/2007,4.712746
06/07/2007,4.737117
09/07/2007,4.72643
10/07/2007,4.671445
11/07/2007,4.648533
12/07/2007,4.690814
13/07/2007,4.675542
16/07/2007,4.671632
17/07/2007,4.661901
18/07/2007,4.664213
19/07/2007,4.644037
20/07/2007,4.535723
23/07/2007,4.524206
24/07/2007,4.528246
25/07/2007,4.517061
26/07/2007,4.48606
27/07/2007,4.46031
30/07/2007,4.449559
31/07/2007,4.478695
01/08/2007,4.465732
02/08/2007,4.48818
03/08/2007,4.451631
06/08/2007,4.454883
07/08/2007,4.467648
08/08/2007,4.522856
09/08/2007,4.491339
10/08/2007,4.507184
13/08/2007,4.522622
14/08/2007,4.543523
15/08/2007,4.494333
16/08/2007,4.467255
17/08/2007,4.491286
20/08/2007,4.532061
21/08/2007,4.509041
22/08/2007,4.525111
23/08/2007,4.520037
24/08/2007,4.495261
27/08/2007,4.496801
28/08/2007,4.503106
29/08/2007,4.486642
30/08/2007,4.506816
31/08/2007,4.536865
03/09/2007,4.53069
04/09/2007,4.523792
05/09/2007,4.502028
06/09/2007,4.505053
07/09/2007,4.491818
10/09/2007,4.436829
11/09/2007,4.441896
12/09/2007,4.453624
13/09/2007,4.462245
14/09/2007,4.434601
17/09/2007,4.453781
18/09/2007,4.478465
19/09/2007,4.542983
20/09/2007,4.607148
21/09/2007,4.624366
24/09/2007,4.6276
25/09/2007,4.592575
26/09/2007,4.658155
27/09/2007,4.637583
28/09/2007,4.595965
01/10/2007,4.601204
02/10/2007,4.581969
03/10/2007,4.546051
04/10/2007,4.539538
05/10/2007,4.583395
08/10/2007,4.575289
09/10/2007,4.541941
10/10/2007,4.578007
11/10/2007,4.602924
12/10/2007,4.615557
15/10/2007,4.636204
16/10/2007,4.665994
17/10/2007,4.653257
18/10/2007,4.572553
19/10/2007,4.535392
22/10/2007,4.471838
23/10/2007,4.480763
24/10/2007,4.445412
25/10/2007,4.437014
26/10/2007,4.456373
29/10/2007,4.449956
30/10/2007,4.471904
31/10/2007,4.499357
01/11/2007,4.485611
02/11/2007,4.449281
05/11/2007,4.445092
06/11/2007,4.490179
07/11/2007,4.457832
08/11/2007,4.460965
09/11/2007,4.446424
12/11/2007,4.446396
13/11/2007,4.440754
14/11/2007,4.478574
15/11/2007,4.469834
16/11/2007,4.466246
19/11/2007,4.459776
20/11/2007,4.460426
21/11/2007,4.460482
22/11/2007,4.49323
23/11/2007,4.501719
26/11/2007,4.500061
27/11/2007,4.471048
28/11/2007,4.560455
29/11/2007,4.539398
30/11/2007,4.558783
03/12/2007,4.540103
04/12/2007,4.487708
05/12/2007,4.492543
06/12/2007,4.517434
07/12/2007,4.586053
10/12/2007,4.618351
11/12/2007,4.602274
12/12/2007,4.621654
13/12/2007,4.634646
14/12/2007,4.594103
17/12/2007,4.604241
18/12/2007,4.600016
19/12/2007,4.58004
20/12/2007,4.561663
21/12/2007,4.581899
24/12/2007,4.582386
27/12/2007,4.620786
28/12/2007,4.604123
31/12/2007,4.608655
02/01/2008,4.600659
03/01/2008,4.560184
04/01/2008,4.526422
07/01/2008,4.528777
08/01/2008,4.542012
09/01/2008,4.521899
10/01/2008,4.524802
11/01/2008,4.528654
14/01/2008,4.515026
15/01/2008,4.502896
16/01/2008,4.49426
17/01/2008,4.491921
18/01/2008,4.49092
21/01/2008,4.458626
22/01/2008,4.46646
23/01/2008,4.494254
24/01/2008,4.552013
25/01/2008,4.54856
28/01/2008,4.495947
29/01/2008,4.529842
30/01/2008,4.575558
31/01/2008,4.501205
01/02/2008,4.485112
04/02/2008,4.467081
05/02/2008,4.414534
06/02/2008,4.435592
07/02/2008,4.458084
08/02/2008,4.467738
11/02/2008,4.45312
12/02/2008,4.534127
13/02/2008,4.572204
14/02/2008,4.585383
15/02/2008,4.56184
18/02/2008,4.603604
19/02/2008,4.606652
20/02/2008,4.60061
21/02/2008,4.613644
22/02/2008,4.599843
25/02/2008,4.621693
26/02/2008,4.668483
27/02/2008,4.683149
28/02/2008,4.657361
29/02/2008,4.580986
03/03/2008,4.565885
04/03/2008,4.575825
05/03/2008,4.611255
06/03/2008,4.607496
07/03/2008,4.614934
10/03/2008,4.609661
11/03/2008,4.611855
12/03/2008,4.568196
13/03/2008,4.558247
14/03/2008,4.595516
17/03/2008,4.603719
18/03/2008,4.659073
19/03/2008,4.583231
20/03/2008,4.502397
25/03/2008,4.530339
26/03/2008,4.574593
27/03/2008,4.65873
28/03/2008,4.659008
31/03/2008,4.63244
01/04/2008,4.630602
02/04/2008,4.595044
03/04/2008,4.647351
04/04/2008,4.595063
07/04/2008,4.618817
08/04/2008,4.633996
09/04/2008,4.641349
10/04/2008,4.600232
11/04/2008,4.55586
14/04/2008,4.588449
15/04/2008,4.617205
16/04/2008,4.649837
17/04/2008,4.715644
18/04/2008,4.747065
21/04/2008,4.735179
22/04/2008,4.725161
23/04/2008,4.714265
24/04/2008,4.744975
25/04/2008,4.76094
28/04/2008,4.795699
29/04/2008,4.753981
30/04/2008,4.686355
02/05/2008,4.73365
05/05/2008,4.676882
06/05/2008,4.648666
07/05/2008,4.699729
08/05/2008,4.627757
09/05/2008,4.578644
12/05/2008,4.589522
13/05/2008,4.659764
14/05/2008,4.721759
15/05/2008,4.771367
16/05/2008,4.730424
19/05/2008,4.723233
20/05/2008,4.716224
21/05/2008,4.761361
22/05/2008,4.784132
23/05/2008,4.748191
26/05/2008,4.76144
27/05/2008,4.776189
28/05/2008,4.818595
29/05/2008,4.901631
30/05/2008,4.83716
02/06/2008,4.830329
03/06/2008,4.908191
04/06/2008,4.856233
05/06/2008,4.89031
06/06/2008,4.747016
09/06/2008,4.745862
10/06/2008,4.807035
11/06/2008,4.85879
12/06/2008,4.901474
13/06/2008,4.892436
16/06/2008,4.860325
17/06/2008,4.841565
18/06/2008,4.779654
19/06/2008,4.779071
20/06/2008,4.77266
23/06/2008,4.771947
24/06/2008,4.820069
25/06/2008,4.848451
26/06/2008,4.848926
27/06/2008,4.89575
30/06/2008,4.918068
01/07/2008,4.87463
02/07/2008,4.905735
03/07/2008,4.886226
04/07/2008,4.905877
07/07/2008,4.845771
08/07/2008,4.84011
09/07/2008,4.815189
10/07/2008,4.796003
11/07/2008,4.80761
14/07/2008,4.829923
15/07/2008,4.804148
16/07/2008,4.828564
17/07/2008,4.842852
18/07/2008,4.907426
21/07/2008,4.915251
22/07/2008,4.920107
23/07/2008,4.939514
24/07/2008,4.878497
25/07/2008,4.885952
28/07/2008,4.877779
29/07/2008,4.866617
30/07/2008,4.807342
31/07/2008,4.764223
01/08/2008,4.75002
04/08/2008,4.73764
05/08/2008,4.723617
06/08/2008,4.740619
07/08/2008,4.741294
08/08/2008,4.765486
11/08/2008,4.781974
12/08/2008,4.724519
13/08/2008,4.73919
14/08/2008,4.735843
15/08/2008,4.71939
18/08/2008,4.693795
19/08/2008,4.683664
20/08/2008,4.666895
21/08/2008,4.727901
22/08/2008,4.729963
25/08/2008,4.671738
26/08/2008,4.67474
27/08/2008,4.742715
28/08/2008,4.693811
29/08/2008,4.646117
01/09/2008,4.620177
02/09/2008,4.696062
03/09/2008,4.691994
04/09/2008,4.688086
05/09/2008,4.624306
08/09/2008,4.679495
09/09/2008,4.707344
10/09/2008,4.70445
11/09/2008,4.708485
12/09/2008,4.767206
15/09/2008,4.760613
16/09/2008,4.686441
17/09/2008,4.747367
18/09/2008,4.836608
19/09/2008,4.909268
22/09/2008,4.98493
23/09/2008,4.951589
24/09/2008,4.874212
25/09/2008,4.878214
26/09/2008,4.865004
29/09/2008,4.812917
30/09/2008,4.70988
01/10/2008,4.633391
02/10/2008,4.588579
03/10/2008,4.426058
06/10/2008,4.375674
07/10/2008,4.234347
08/10/2008,4.174236
09/10/2008,4.372368
10/10/2008,4.451163
13/10/2008,4.596349
14/10/2008,4.575768
15/10/2008,4.752955
16/10/2008,4.811317
17/10/2008,4.602597
20/10/2008,4.648669
21/10/2008,4.635711
22/10/2008,4.558503
23/10/2008,4.454624
24/10/2008,4.388204
27/10/2008,4.453124
28/10/2008,4.503354
29/10/2008,4.542263
30/10/2008,4.589098
31/10/2008,4.612086
03/11/2008,4.644781
04/11/2008,4.632524
05/11/2008,4.669004
06/11/2008,4.69556
07/11/2008,4.640164
10/11/2008,4.617872
11/11/2008,4.648502
12/11/2008,4.640371
13/11/2008,4.679737
14/11/2008,4.700866
17/11/2008,4.679906
18/11/2008,4.640939
19/11/2008,4.561634
20/11/2008,4.439225
21/11/2008,4.406527
24/11/2008,4.381749
25/11/2008,4.297732
26/11/2008,4.210695
27/11/2008,4.195803
28/11/2008,4.131743
01/12/2008,4.067465
02/12/2008,3.978486
03/12/2008,3.776009
04/12/2008,3.668002
05/12/2008,3.829475
08/12/2008,3.898313
09/12/2008,4.027579
10/12/2008,4.099359
11/12/2008,4.125346
12/12/2008,4.132366
15/12/2008,4.229931
16/12/2008,4.136217
17/12/2008,4.013411
18/12/2008,3.956423
19/12/2008,3.993686
22/12/2008,3.969264
23/12/2008,3.985494
24/12/2008,3.983389
29/12/2008,3.972257
30/12/2008,3.984346
31/12/2008,3.982746
02/01/2009,3.963312
05/01/2009,4.039394
06/01/2009,4.21066
07/01/2009,4.317198
08/01/2009,4.272615
09/01/2009,4.224142
12/01/2009,4.224975
13/01/2009,4.263619
14/01/2009,4.303553
15/01/2009,4.20458
16/01/2009,4.282966
19/01/2009,4.343145
20/01/2009,4.339353
21/01/2009,4.379245
22/01/2009,4.412434
23/01/2009,4.578015
26/01/2009,4.687202
27/01/2009,4.606078
28/01/2009,4.470148
29/01/2009,4.380058
30/01/2009,4.431585
02/02/2009,4.462963
03/02/2009,4.444749
04/02/2009,4.531824
05/02/2009,4.519903
06/02/2009,4.543877
09/02/2009,4.507154
10/02/2009,4.494242
11/02/2009,4.430978
12/02/2009,4.340076
13/02/2009,4.351672
16/02/2009,4.314449
17/02/2009,4.327424
18/02/2009,4.355803
19/02/2009,4.471913
20/02/2009,4.425147
23/02/2009,4.413328
24/02/2009,4.373701
25/02/2009,4.380771
26/02/2009,4.476691
27/02/2009,4.435293
02/03/2009,4.449785
03/03/2009,4.481778
04/03/2009,4.57763
05/03/2009,4.464185
06/03/2009,4.395384
09/03/2009,4.347501
10/03/2009,4.381016
11/03/2009,4.473799
12/03/2009,4.435571
13/03/2009,4.525731
16/03/2009,4.557691
17/03/2009,4.615141
18/03/2009,4.591796
19/03/2009,4.484401
20/03/2009,4.433928
23/03/2009,4.419366
24/03/2009,4.507498
25/03/2009,4.520718
26/03/2009,4.499805
27/03/2009,4.409267
30/03/2009,4.399639
31/03/2009,4.37576
01/04/2009,4.406048
02/04/2009,4.486179
03/04/2009,4.493984
06/04/2009,4.536923
07/04/2009,4.547098
08/04/2009,4.519364
09/04/2009,4.576397
14/04/2009,4.527975
15/04/2009,4.515319
16/04/2009,4.537273
17/04/2009,4.542618
20/04/2009,4.488653
21/04/2009,4.43484
22/04/2009,4.467577
23/04/2009,4.436818
24/04/2009,4.45393
27/04/2009,4.411368
28/04/2009,4.400515
29/04/2009,4.383342
30/04/2009,4.362286
04/05/2009,4.429938
05/05/2009,4.406098
06/05/2009,4.427314
07/05/2009,4.568046
08/05/2009,4.623203
11/05/2009,4.558426
12/05/2009,4.586968
13/05/2009,4.588562
14/05/2009,4.596326
15/05/2009,4.599715
18/05/2009,4.603671
19/05/2009,4.648066
20/05/2009,4.653978
21/05/2009,4.62948
22/05/2009,4.705267
25/05/2009,4.76174
26/05/2009,4.701124
27/05/2009,4.727215
28/05/2009,4.747641
29/05/2009,4.74863
01/06/2009,4.804756
02/06/2009,4.831817
03/06/2009,4.710644
04/06/2009,4.757782
05/06/2009,4.740963
08/06/2009,4.672349
09/06/2009,4.642276
10/06/2009,4.664619
11/06/2009,4.74264
12/06/2009,4.678077
15/06/2009,4.655332
16/06/2009,4.675156
17/06/2009,4.664028
18/06/2009,4.705447
19/06/2009,4.750033
22/06/2009,4.654635
23/06/2009,4.67853
24/06/2009,4.687245
25/06/2009,4.681827
26/06/2009,4.640647
29/06/2009,4.610268
30/06/2009,4.602316
01/07/2009,4.597646
02/07/2009,4.563331
03/07/2009,4.553549
06/07/2009,4.510075
07/07/2009,4.525303
08/07/2009,4.52893
09/07/2009,4.514709
10/07/2009,4.497027
13/07/2009,4.447139
14/07/2009,4.467516
15/07/2009,4.501147
16/07/2009,4.505096
17/07/2009,4.558937
20/07/2009,4.597345
21/07/2009,4.591874
22/07/2009,4.573317
23/07/2009,4.57446
24/07/2009,4.570701
27/07/2009,4.604247
28/07/2009,4.537223
29/07/2009,4.490096
30/07/2009,4.452451
31/07/2009,4.336961
03/08/2009,4.353324
04/08/2009,4.341811
05/08/2009,4.322379
06/08/2009,4.317965
07/08/2009,4.369829
10/08/2009,4.373781
11/08/2009,4.304825
12/08/2009,4.338385
13/08/2009,4.31906
14/08/2009,4.283267
17/08/2009,4.24072
18/08/2009,4.239485
19/08/2009,4.202064
20/08/2009,4.220924
21/08/2009,4.22586
24/08/2009,4.246532
25/08/2009,4.251791
26/08/2009,4.217479
27/08/2009,4.215717
28/08/2009,4.253956
31/08/2009,4.259131
01/09/2009,4.288635
02/09/2009,4.286494
03/09/2009,4.348273
04/09/2009,4.295204
07/09/2009,4.339849
08/09/2009,4.380776
09/09/2009,4.456195
10/09/2009,4.412563
11/09/2009,4.361782
14/09/2009,4.316711
15/09/2009,4.342681
16/09/2009,4.377146
17/09/2009,4.385472
18/09/2009,4.413003
21/09/2009,4.450269
22/09/2009,4.440005
23/09/2009,4.41649
24/09/2009,4.399573
25/09/2009,4.298175
28/09/2009,4.251071
29/09/2009,4.245396
30/09/2009,4.204893
01/10/2009,4.259877
02/10/2009,4.242365
05/10/2009,4.229083
06/10/2009,4.249801
07/10/2009,4.210851
08/10/2009,4.204146
09/10/2009,4.269582
12/10/2009,4.272012
13/10/2009,4.270064
14/10/2009,4.319906
15/10/2009,4.379199
16/10/2009,4.369142
19/10/2009,4.375957
20/10/2009,4.329463
21/10/2009,4.408551
22/10/2009,4.383855
23/10/2009,4.437061
26/10/2009,4.465576
27/10/2009,4.390518
28/10/2009,4.352152
29/10/2009,4.385306
30/10/2009,4.333889
02/11/2009,4.3336
03/11/2009,4.351337
04/11/2009,4.407776
05/11/2009,4.436107
06/11/2009,4.450833
09/11/2009,4.416741
10/11/2009,4.370525
11/11/2009,4.379288
12/11/2009,4.393018
13/11/2009,4.380686
16/11/2009,4.373825
17/11/2009,4.322509
18/11/2009,4.310989
19/11/2009,4.283627
20/11/2009,4.302324
23/11/2009,4.307842
24/11/2009,4.30188
25/11/2009,4.313407
26/11/2009,4.289262
27/11/2009,4.295721
30/11/2009,4.248941
01/12/2009,4.248068
02/12/2009,4.263358
03/12/2009,4.274667
04/12/2009,4.307547
07/12/2009,4.25006
08/12/2009,4.221954
09/12/2009,4.240008
10/12/2009,4.28661
11/12/2009,4.330827
14/12/2009,4.308492
15/12/2009,4.306749
16/12/2009,4.288923
17/12/2009,4.229363
18/12/2009,4.209001
21/12/2009,4.241113
22/12/2009,4.302699
23/12/2009,4.337618
24/12/2009,4.334518
28/12/2009,4.370175
29/12/2009,4.384716
30/12/2009,4.39637
31/12/2009,4.395653
04/01/2010,4.391144
05/01/2010,4.380055
06/01/2010,4.410158
07/01/2010,4.367467
08/01/2010,4.347227
11/01/2010,4.346907
12/01/2010,4.322431
13/01/2010,4.34988
14/01/2010,4.360706
15/01/2010,4.324199
18/01/2010,4.308659
19/01/2010,4.330356
20/01/2010,4.339037
21/01/2010,4.373351
22/01/2010,4.336882
25/01/2010,4.329105
26/01/2010,4.3151
27/01/2010,4.274713
28/01/2010,4.275785
29/01/2010,4.284075
01/02/2010,4.253674
02/02/2010,4.24516
03/02/2010,4.29383
04/02/2010,4.251848
05/02/2010,4.197374
08/02/2010,4.170616
09/02/2010,4.215814
10/02/2010,4.234567
11/02/2010,4.244912
12/02/2010,4.252009
15/02/2010,4.268187
16/02/2010,4.27774
17/02/2010,4.265672
18/02/2010,4.29988
19/02/2010,4.315441
22/02/2010,4.312631
23/02/2010,4.237068
24/02/2010,4.189672
25/02/2010,4.182095
26/02/2010,4.163847
01/03/2010,4.178782
02/03/2010,4.181354
03/03/2010,4.220221
04/03/2010,4.213931
05/03/2010,4.228569
08/03/2010,4.226674
09/03/2010,4.211689
10/03/2010,4.224617
11/03/2010,4.23235
12/03/2010,4.242829
15/03/2010,4.208588
16/03/2010,4.197579
17/03/2010,4.175603
18/03/2010,4.1956
19/03/2010,4.200138
22/03/2010,4.156574
23/03/2010,4.130311
24/03/2010,4.143601
25/03/2010,4.161583
26/03/2010,4.184672
29/03/2010,4.152622
30/03/2010,4.156774
31/03/2010,4.105531
01/04/2010,4.095097
06/04/2010,4.072143
07/04/2010,4.055734
08/04/2010,4.051759
09/04/2010,4.104073
12/04/2010,4.10948
13/04/2010,4.093813
14/04/2010,4.101596
15/04/2010,4.114946
16/04/2010,4.099322
19/04/2010,4.072027
20/04/2010,4.086303
21/04/2010,4.094706
22/04/2010,4.062392
23/04/2010,4.088911
26/04/2010,4.059002
27/04/2010,4.017267
28/04/2010,3.968921
29/04/2010,4.015152
30/04/2010,3.974824
03/05/2010,4.082155
04/05/2010,4.005953
05/05/2010,3.943804
06/05/2010,3.975415
07/05/2010,3.955088
10/05/2010,4.102759
11/05/2010,4.094983
12/05/2010,4.094757
13/05/2010,4.075063
14/05/2010,3.983719
17/05/2010,4.006084
18/05/2010,4.034413
19/05/2010,3.96278
20/05/2010,3.881634
21/05/2010,3.811566
24/05/2010,3.800832
25/05/2010,3.748549
26/05/2010,3.829042
27/05/2010,3.847279
28/05/2010,3.606278
31/05/2010,3.575076
01/06/2010,3.54959
02/06/2010,3.565889
03/06/2010,3.656413
04/06/2010,3.621867
07/06/2010,3.634673
08/06/2010,3.60621
09/06/2010,3.611711
10/06/2010,3.62743
11/06/2010,3.597413
14/06/2010,3.618461
15/06/2010,3.6648
16/06/2010,3.648396
17/06/2010,3.664672
18/06/2010,3.682305
21/06/2010,3.707499
22/06/2010,3.65163
23/06/2010,3.649055
24/06/2010,3.644669
25/06/2010,3.654015
28/06/2010,3.607516
29/06/2010,3.566536
30/06/2010,3.552314
01/07/2010,3.547418
02/07/2010,3.563419
05/07/2010,3.513306
06/07/2010,3.556865
07/07/2010,3.536364
08/07/2010,3.555526
09/07/2010,3.533059
12/07/2010,3.50692
13/07/2010,3.532102
14/07/2010,3.519123
15/07/2010,3.566829
16/07/2010,3.532328
19/07/2010,3.555037
20/07/2010,3.533896
21/07/2010,3.537981
22/07/2010,3.550967
23/07/2010,3.551523
26/07/2010,3.601861
27/07/2010,3.626804
28/07/2010,3.624206
29/07/2010,3.626369
30/07/2010,3.578597
02/08/2010,3.601911
03/08/2010,3.527859
04/08/2010,3.488841
05/08/2010,3.450485
06/08/2010,3.413192
09/08/2010,3.415225
10/08/2010,3.461872
11/08/2010,3.387446
12/08/2010,3.360872
13/08/2010,3.373255
16/08/2010,3.256128
17/08/2010,3.2319
18/08/2010,3.192473
19/08/2010,3.20329
20/08/2010,3.127296
23/08/2010,3.127943
24/08/2010,3.01161
25/08/2010,2.907654
26/08/2010,2.902392
27/08/2010,2.855635
30/08/2010,2.904408
31/08/2010,2.886991
01/09/2010,2.991258
02/09/2010,3.083312
03/09/2010,3.184284
06/09/2010,3.17077
07/09/2010,3.089602
08/09/2010,3.109588
09/09/2010,3.110795
10/09/2010,3.172847
13/09/2010,3.253862
14/09/2010,3.180748
15/09/2010,3.235232
16/09/2010,3.350085
17/09/2010,3.258005
20/09/2010,3.286734
21/09/2010,3.278259
22/09/2010,3.212871
23/09/2010,3.176446
24/09/2010,3.223217
27/09/2010,3.175265
28/09/2010,3.131648
29/09/2010,3.127389
30/09/2010,3.145225
01/10/2010,3.177541
04/10/2010,3.102327
05/10/2010,3.115583
06/10/2010,3.101383
07/10/2010,3.124389
08/10/2010,3.158307
11/10/2010,3.151539
12/10/2010,3.112768
13/10/2010,3.169486
14/10/2010,3.193661
15/10/2010,3.252036
18/10/2010,3.260577
19/10/2010,3.280075
20/10/2010,3.257644
21/10/2010,3.27601
22/10/2010,3.263301
25/10/2010,3.244405
26/10/2010,3.267509
27/10/2010,3.335148
28/10/2010,3.303149
29/10/2010,3.283587
01/11/2010,3.244517
02/11/2010,3.201442
03/11/2010,3.150216
04/11/2010,3.208116
05/11/2010,3.25913
08/11/2010,3.247075
09/11/2010,3.254811
10/11/2010,3.260389
11/11/2010,3.314174
12/11/2010,3.357819
15/11/2010,3.404094
16/11/2010,3.435655
17/11/2010,3.438226
18/11/2010,3.51555
19/11/2010,3.502296
22/11/2010,3.471256
23/11/2010,3.380463
24/11/2010,3.449037
25/11/2010,3.482042
26/11/2010,3.512463
29/11/2010,3.523044
30/11/2010,3.482206
01/12/2010,3.54011
02/12/2010,3.572938
03/12/2010,3.66145
06/12/2010,3.650185
07/12/2010,3.726028
08/12/2010,3.761479
09/12/2010,3.660495
10/12/2010,3.662352
13/12/2010,3.703212
14/12/2010,3.754144
15/12/2010,3.762717
16/12/2010,3.795475
17/12/2010,3.785691
20/12/2010,3.719263
21/12/2010,3.73323
22/12/2010,3.720168
23/12/2010,3.735126
24/12/2010,3.733373
27/12/2010,3.783643
28/12/2010,3.714882
29/12/2010,3.778862
30/12/2010,3.754076
31/12/2010,3.751318
03/01/2011,3.725906
04/01/2011,3.69242
05/01/2011,3.708531
06/01/2011,3.782787
07/01/2011,3.747692
10/01/2011,3.710492
11/01/2011,3.747852
12/01/2011,3.834122
13/01/2011,3.82021
14/01/2011,3.766665
17/01/2011,3.795883
18/01/2011,3.821836
19/01/2011,3.836526
20/01/2011,3.88774
21/01/2011,3.878959
24/01/2011,3.847822
25/01/2011,3.85734
26/01/2011,3.892854
27/01/2011,3.900235
28/01/2011,3.886594
31/01/2011,3.875186
01/02/2011,3.961283
02/02/2011,3.938929
03/02/2011,3.971558
04/02/2011,3.976588
07/02/2011,4.004452
08/02/2011,4.012212
09/02/2011,4.051648
10/02/2011,4.050913
11/02/2011,4.030078
14/02/2011,4.063148
15/02/2011,4.067926
16/02/2011,4.002292
17/02/2011,3.976424
18/02/2011,4.005763
21/02/2011,3.960947
22/02/2011,3.938353
23/02/2011,3.882824
24/02/2011,3.901848
25/02/2011,3.905865
28/02/2011,3.922132
01/03/2011,3.953459
02/03/2011,3.944591
03/03/2011,3.994142
04/03/2011,3.967538
07/03/2011,3.988007
08/03/2011,3.979558
09/03/2011,3.982805
10/03/2011,3.937062
11/03/2011,3.913151
14/03/2011,3.900064
15/03/2011,3.839783
16/03/2011,3.840285
17/03/2011,3.897423
18/03/2011,3.934532
21/03/2011,3.945435
22/03/2011,3.954334
23/03/2011,3.945496
24/03/2011,3.988558
25/03/2011,3.999456
28/03/2011,4.033744
29/03/2011,4.011835
30/03/2011,4.045439
31/03/2011,4.031505
01/04/2011,4.059901
04/04/2011,4.052992
05/04/2011,4.054187
06/04/2011,4.102147
07/04/2011,4.123201
08/04/2011,4.154933
11/04/2011,4.165043
12/04/2011,4.141477
13/04/2011,4.141729
14/04/2011,4.089241
15/04/2011,4.074697
18/04/2011,4.020569
19/04/2011,3.994332
20/04/2011,4.001385
21/04/2011,3.991148
26/04/2011,3.991565
27/04/2011,4.006077
28/04/2011,3.975566
29/04/2011,3.950294
02/05/2011,3.948318
03/05/2011,3.959803
04/05/2011,4.00949
05/05/2011,3.99048
06/05/2011,3.909602
09/05/2011,3.855153
10/05/2011,3.883649
11/05/2011,3.905207
12/05/2011,3.887327
13/05/2011,3.877795
16/05/2011,3.901313
17/05/2011,3.89443
18/05/2011,3.881625
19/05/2011,3.92556
20/05/2011,3.862467
23/05/2011,3.841101
24/05/2011,3.874615
25/05/2011,3.871492
26/05/2011,3.837057
27/05/2011,3.826654
30/05/2011,3.815127
31/05/2011,3.866821
01/06/2011,3.840656
02/06/2011,3.833727
03/06/2011,3.837793
06/06/2011,3.855103
07/06/2011,3.906743
08/06/2011,3.90348
09/06/2011,3.870895
10/06/2011,3.838371
13/06/2011,3.831999
14/06/2011,3.881398
15/06/2011,3.897197
16/06/2011,3.860821
17/06/2011,3.872203
20/06/2011,3.886215
21/06/2011,3.913629
22/06/2011,3.93245
23/06/2011,3.844487
24/06/2011,3.84862
27/06/2011,3.879584
28/06/2011,3.927684
29/06/2011,3.965644
30/06/2011,3.985091
01/07/2011,3.957368
04/07/2011,3.935746
05/07/2011,3.919149
06/07/2011,3.870978
07/07/2011,3.900325
08/07/2011,3.803765
11/07/2011,3.669965
12/07/2011,3.693685
13/07/2011,3.724555
14/07/2011,3.777703
15/07/2011,3.683545
18/07/2011,3.642222
19/07/2011,3.698519
20/07/2011,3.755273
21/07/2011,3.859946
22/07/2011,3.817219
25/07/2011,3.808694
26/07/2011,3.776467
27/07/2011,3.673006
28/07/2011,3.678879
29/07/2011,3.640251
01/08/2011,3.629211
02/08/2011,3.585558
03/08/2011,3.553957
04/08/2011,3.504357
05/08/2011,3.479838
08/08/2011,3.467505
09/08/2011,3.482309
10/08/2011,3.437696
11/08/2011,3.444845
12/08/2011,3.494917
15/08/2011,3.522262
16/08/2011,3.541751
17/08/2011,3.507479
18/08/2011,3.319627
19/08/2011,3.300487
22/08/2011,3.314156
23/08/2011,3.30586
24/08/2011,3.381055
25/08/2011,3.377896
26/08/2011,3.32029
29/08/2011,3.428585
30/08/2011,3.352689
31/08/2011,3.418175
01/09/2011,3.427882
02/09/2011,3.326746
05/09/2011,3.228188
06/09/2011,3.236895
07/09/2011,3.253852
08/09/2011,3.14535
09/09/2011,3.114311
12/09/2011,3.026895
13/09/2011,3.064031
14/09/2011,3.104609
15/09/2011,3.239089
16/09/2011,3.133147
19/09/2011,2.998016
20/09/2011,3.00409
21/09/2011,3.018958
22/09/2011,2.928636
23/09/2011,2.908782
26/09/2011,2.962499
27/09/2011,3.135921
28/09/2011,3.175071
29/09/2011,3.188977
30/09/2011,3.088772
03/10/2011,3.042686
04/10/2011,2.968175
05/10/2011,3.085662
06/10/2011,3.139425
07/10/2011,3.227029
10/10/2011,3.261888
11/10/2011,3.275995
12/10/2011,3.389065
13/10/2011,3.343298
14/10/2011,3.43212
17/10/2011,3.34943
18/10/2011,3.342991
19/10/2011,3.391209
20/10/2011,3.40568
21/10/2011,3.430854
24/10/2011,3.446839
25/10/2011,3.396636
26/10/2011,3.345655
27/10/2011,3.467396
28/10/2011,3.517662
31/10/2011,3.437663
01/11/2011,3.243425
02/11/2011,3.339286
03/11/2011,3.431035
04/11/2011,3.353545
07/11/2011,3.383116
08/11/2011,3.349581
09/11/2011,3.230829
10/11/2011,3.344969
11/11/2011,3.416598
14/11/2011,3.401295
15/11/2011,3.470287
16/11/2011,3.459732
17/11/2011,3.457282
18/11/2011,3.452994
21/11/2011,3.358324
22/11/2011,3.429088
23/11/2011,3.494879
24/11/2011,3.588267
25/11/2011,3.610757
28/11/2011,3.609798
29/11/2011,3.602889
30/11/2011,3.557776
01/12/2011,3.486761
02/12/2011,3.429097
05/12/2011,3.396854
06/12/2011,3.426428
07/12/2011,3.314666
08/12/2011,3.347287
09/12/2011,3.289304
12/12/2011,3.209776
13/12/2011,3.211802
14/12/2011,3.069187
15/12/2011,3.016949
16/12/2011,3.052151
19/12/2011,3.058643
20/12/2011,3.128739
21/12/2011,3.117486
22/12/2011,3.119563
23/12/2011,3.094817
27/12/2011,3.056377
28/12/2011,3.039484
29/12/2011,3.053666
30/12/2011,3.061985
02/01/2012,3.150317
03/01/2012,3.200951
04/01/2012,3.233604
05/01/2012,3.216684
06/01/2012,3.221091
09/01/2012,3.219172
10/01/2012,3.200439
11/01/2012,3.173599
12/01/2012,3.112582
13/01/2012,3.082213
16/01/2012,3.107172
17/01/2012,3.128709
18/01/2012,3.16968
19/01/2012,3.216063
20/01/2012,3.243915
23/01/2012,3.29351
24/01/2012,3.341513
25/01/2012,3.318878
26/01/2012,3.284183
27/01/2012,3.238667
30/01/2012,3.191177
31/01/2012,3.20777
01/02/2012,3.170518
02/02/2012,3.157837
03/02/2012,3.205497
06/02/2012,3.179261
07/02/2012,3.215377
08/02/2012,3.231635
09/02/2012,3.250361
10/02/2012,3.208509
13/02/2012,3.186053
14/02/2012,3.176059
15/02/2012,3.144407
16/02/2012,3.140603
17/02/2012,3.167876
20/02/2012,3.188041
21/02/2012,3.193941
22/02/2012,3.189092
23/02/2012,3.151985
24/02/2012,3.160523
27/02/2012,3.142284
28/02/2012,3.141679
29/02/2012,3.137451
01/03/2012,3.117183
02/03/2012,3.102047
05/03/2012,3.130267
06/03/2012,3.135002
07/03/2012,3.119662
08/03/2012,3.102711
09/03/2012,3.098062
12/03/2012,3.092749
13/03/2012,3.142034
14/03/2012,3.219127
15/03/2012,3.248045
16/03/2012,3.325429
19/03/2012,3.284337
20/03/2012,3.283614
21/03/2012,3.250405
22/03/2012,3.232063
23/03/2012,3.191617
26/03/2012,3.210519
27/03/2012,3.215924
28/03/2012,3.217674
29/03/2012,3.201281
30/03/2012,3.16648
02/04/2012,3.128335
03/04/2012,3.156146
04/04/2012,3.156844
05/04/2012,3.176284
10/04/2012,3.146354
11/04/2012,3.145609
12/04/2012,3.125352
13/04/2012,3.104911
16/04/2012,3.127839
17/04/2012,3.139536
18/04/2012,3.115783
19/04/2012,3.127881
20/04/2012,3.159153
23/04/2012,3.152456
24/04/2012,3.155312
25/04/2012,3.146196
26/04/2012,3.140822
27/04/2012,3.1141
30/04/2012,3.088175
02/05/2012,3.076276
03/05/2012,3.065095
04/05/2012,3.019246
07/05/2012,2.99834
08/05/2012,2.962331
09/05/2012,2.963242
10/05/2012,2.969627
11/05/2012,2.88044
14/05/2012,2.782829
15/05/2012,2.801127
16/05/2012,2.819399
17/05/2012,2.762375
18/05/2012,2.759205
21/05/2012,2.757231
22/05/2012,2.754907
23/05/2012,2.677531
24/05/2012,2.58241
25/05/2012,2.586656
28/05/2012,2.594218
29/05/2012,2.563837
30/05/2012,2.484174
31/05/2012,2.399428
01/06/2012,2.293439
04/06/2012,2.32967
05/06/2012,2.33006
06/06/2012,2.441747
07/06/2012,2.575068
08/06/2012,2.541242
11/06/2012,2.608982
12/06/2012,2.706353
13/06/2012,2.786056
14/06/2012,2.796678
15/06/2012,2.717628
18/06/2012,2.700772
19/06/2012,2.795749
20/06/2012,2.882522
21/06/2012,2.808466
22/06/2012,2.821364
25/06/2012,2.776032
26/06/2012,2.839436
27/06/2012,2.858221
28/06/2012,2.868148
29/06/2012,2.930614
02/07/2012,2.878202
03/07/2012,2.906482
04/07/2012,2.871318
05/07/2012,2.808057
06/07/2012,2.727978
09/07/2012,2.719039
10/07/2012,2.729418
11/07/2012,2.626484
12/07/2012,2.620172
13/07/2012,2.602941
16/07/2012,2.570723
17/07/2012,2.555112
18/07/2012,2.527175
19/07/2012,2.504474
20/07/2012,2.458771
23/07/2012,2.480761
24/07/2012,2.588328
25/07/2012,2.608932
26/07/2012,2.585048
27/07/2012,2.645388
30/07/2012,2.633058
31/07/2012,2.540268
01/08/2012,2.567047
02/08/2012,2.500413
03/08/2012,2.537261
06/08/2012,2.570408
07/08/2012,2.635003
08/08/2012,2.581197
09/08/2012,2.601074
10/08/2012,2.550465
13/08/2012,2.596562
14/08/2012,2.615638
15/08/2012,2.659059
16/08/2012,2.634196
17/08/2012,2.631884
20/08/2012,2.634806
21/08/2012,2.668266
22/08/2012,2.596762
23/08/2012,2.53781
24/08/2012,2.504808
27/08/2012,2.519084
28/08/2012,2.52129
29/08/2012,2.559609
30/08/2012,2.545916
31/08/2012,2.566773
03/09/2012,2.560538
04/09/2012,2.60576
05/09/2012,2.644312
06/09/2012,2.769082
07/09/2012,2.775012
10/09/2012,2.814062
11/09/2012,2.791411
12/09/2012,2.870049
13/09/2012,2.788638
14/09/2012,2.906682
17/09/2012,2.885061
18/09/2012,2.835606
19/09/2012,2.84855
20/09/2012,2.8407
21/09/2012,2.85607
24/09/2012,2.847855
25/09/2012,2.825461
26/09/2012,2.749074
27/09/2012,2.720104
28/09/2012,2.710423
01/10/2012,2.746392
02/10/2012,2.755766
03/10/2012,2.745946
04/10/2012,2.751321
05/10/2012,2.783044
08/10/2012,2.752091
09/10/2012,2.750214
10/10/2012,2.726345
11/10/2012,2.724939
12/10/2012,2.690178
15/10/2012,2.680237
16/10/2012,2.760766
17/10/2012,2.826849
18/10/2012,2.815903
19/10/2012,2.785337
22/10/2012,2.788492
23/10/2012,2.775321
24/10/2012,2.790399
25/10/2012,2.821113
26/10/2012,2.764721
29/10/2012,2.729047
30/10/2012,2.717359
31/10/2012,2.717196
01/11/2012,2.70785
02/11/2012,2.683014
05/11/2012,2.668765
06/11/2012,2.677581
07/11/2012,2.620764
08/11/2012,2.631102
09/11/2012,2.606419
12/11/2012,2.606916
13/11/2012,2.58815
14/11/2012,2.618801
15/11/2012,2.637944
16/11/2012,2.649016
19/11/2012,2.654283
20/11/2012,2.688261
21/11/2012,2.727758
22/11/2012,2.740755
23/11/2012,2.755897
26/11/2012,2.747346
27/11/2012,2.727216
28/11/2012,2.634408
29/11/2012,2.655948
30/11/2012,2.64103
03/12/2012,2.675446
04/12/2012,2.660987
05/12/2012,2.614895
06/12/2012,2.593737
07/12/2012,2.602695
10/12/2012,2.59566
11/12/2012,2.617534
12/12/2012,2.601011
13/12/2012,2.602856
14/12/2012,2.585321
17/12/2012,2.606683
18/12/2012,2.618598
19/12/2012,2.642458
20/12/2012,2.585953
21/12/2012,2.583478
24/12/2012,2.582715
27/12/2012,2.53979
28/12/2012,2.50506
31/12/2012,2.503319
02/01/2013,2.631316
03/01/2013,2.68492
04/01/2013,2.747003
07/01/2013,2.717778
08/01/2013,2.68328
09/01/2013,2.690679
10/01/2013,2.762785
11/01/2013,2.782256
14/01/2013,2.729667
15/01/2013,2.719398
16/01/2013,2.715095
17/01/2013,2.752297
18/01/2013,2.682272
21/01/2013,2.66711
22/01/2013,2.679777
23/01/2013,2.677878
24/01/2013,2.701652
25/01/2013,2.723831
28/01/2013,2.774437
29/01/2013,2.756192
30/01/2013,2.776169
31/01/2013,2.749113
01/02/2013,2.728494
04/02/2013,2.746698
05/02/2013,2.772569
06/02/2013,2.76798
07/02/2013,2.780855
08/02/2013,2.776908
11/02/2013,2.785462
12/02/2013,2.797202
13/02/2013,2.837255
14/02/2013,2.830075
15/02/2013,2.826409
18/02/2013,2.82715
19/02/2013,2.83724
20/02/2013,2.861154
21/02/2013,2.8117
22/02/2013,2.8078
25/02/2013,2.853683
26/02/2013,2.770918
27/02/2013,2.721986
28/02/2013,2.734373
01/03/2013,2.69789
04/03/2013,2.697528
05/03/2013,2.721202
06/03/2013,2.740523
07/03/2013,2.760663
08/03/2013,2.77363
11/03/2013,2.772774
12/03/2013,2.769041
13/03/2013,2.770998
14/03/2013,2.775958
15/03/2013,2.774298
18/03/2013,2.730746
19/03/2013,2.692493
20/03/2013,2.696734
21/03/2013,2.644967
22/03/2013,2.655869
25/03/2013,2.666155
26/03/2013,2.693579
27/03/2013,2.631202
28/03/2013,2.657651
02/04/2013,2.677849
03/04/2013,2.685306
04/04/2013,2.659717
05/04/2013,2.499883
08/04/2013,2.473709
09/04/2013,2.513417
10/04/2013,2.578652
11/04/2013,2.585677
12/04/2013,2.582572
15/04/2013,2.569064
16/04/2013,2.571319
17/04/2013,2.578759
18/04/2013,2.563484
19/04/2013,2.58314
22/04/2013,2.542944
23/04/2013,2.535499
24/04/2013,2.527141
25/04/2013,2.513776
26/04/2013,2.503767
29/04/2013,2.475245
30/04/2013,2.44668
02/05/2013,2.41807
03/05/2013,2.495747
06/05/2013,2.507458
07/05/2013,2.531145
08/05/2013,2.520213
09/05/2013,2.52018
10/05/2013,2.605941
13/05/2013,2.618869
14/05/2013,2.608784
15/05/2013,2.617305
16/05/2013,2.58692
17/05/2013,2.569339
20/05/2013,2.584272
21/05/2013,2.640065
22/05/2013,2.579006
23/05/2013,2.611754
24/05/2013,2.606674
27/05/2013,2.644663
28/05/2013,2.674332
29/05/2013,2.701811
30/05/2013,2.68546
31/05/2013,2.713328
03/06/2013,2.730083
04/06/2013,2.735187
05/06/2013,2.708673
06/06/2013,2.768616
07/06/2013,2.721912
10/06/2013,2.747927
11/06/2013,2.781639
12/06/2013,2.787514
13/06/2013,2.758202
14/06/2013,2.712311
17/06/2013,2.734013
18/06/2013,2.765878
19/06/2013,2.755041
20/06/2013,2.837345
21/06/2013,2.88252
24/06/2013,2.949703
25/06/2013,2.925889
26/06/2013,2.896099
27/06/2013,2.834206
28/06/2013,2.871316
01/07/2013,2.851652
02/07/2013,2.8342
03/07/2013,2.795505
04/07/2013,2.797098
05/07/2013,2.889
08/07/2013,2.881921
09/07/2013,2.837011
10/07/2013,2.853159
11/07/2013,2.819576
12/07/2013,2.766754
15/07/2013,2.615732
16/07/2013,2.623912
17/07/2013,2.613847
18/07/2013,2.607258
19/07/2013,2.614662
22/07/2013,2.593159
23/07/2013,2.617654
24/07/2013,2.650455
25/07/2013,2.696417
26/07/2013,2.704676
29/07/2013,2.702067
30/07/2013,2.683169
31/07/2013,2.686426
01/08/2013,2.655218
02/08/2013,2.649661
05/08/2013,2.689135
06/08/2013,2.6932
07/08/2013,2.682675
08/08/2013,2.682206
09/08/2013,2.673841
12/08/2013,2.690014
13/08/2013,2.771774
14/08/2013,2.809265
15/08/2013,2.872884
16/08/2013,2.851576
19/08/2013,2.898238
20/08/2013,2.854792
21/08/2013,2.900919
22/08/2013,2.897646
23/08/2013,2.915976
26/08/2013,2.855739
27/08/2013,2.831624
28/08/2013,2.836543
29/08/2013,2.847966
30/08/2013,2.865614
02/09/2013,2.894088
03/09/2013,2.906623
04/09/2013,2.911736
05/09/2013,2.984879
06/09/2013,2.920139
09/09/2013,2.947749
10/09/2013,3.021987
11/09/2013,3.000073
12/09/2013,2.950963
13/09/2013,2.930028
16/09/2013,2.910491
17/09/2013,2.932798
18/09/2013,2.962251
19/09/2013,2.944994
20/09/2013,2.986503
23/09/2013,2.957444
24/09/2013,2.910594
25/09/2013,2.864131
26/09/2013,2.854302
27/09/2013,2.814654
30/09/2013,2.813343
01/10/2013,2.823114
02/10/2013,2.833464
03/10/2013,2.856595
04/10/2013,2.884326
07/10/2013,2.859946
08/10/2013,2.873939
09/10/2013,2.861848
10/10/2013,2.918475
11/10/2013,2.913447
14/10/2013,2.927675
15/10/2013,2.942434
16/10/2013,2.981165
17/10/2013,2.943271
18/10/2013,2.908035
21/10/2013,2.905653
22/10/2013,2.859536
23/10/2013,2.851425
24/10/2013,2.831399
25/10/2013,2.841865
28/10/2013,2.82676
29/10/2013,2.835086
30/10/2013,2.814315
31/10/2013,2.790482
01/11/2013,2.81354
04/11/2013,2.792523
05/11/2013,2.836859
06/11/2013,2.850557
07/11/2013,2.835972
08/11/2013,2.87838
11/11/2013,2.865518
12/11/2013,2.895518
13/11/2013,2.876085
14/11/2013,2.84241
15/11/2013,2.838369
18/11/2013,2.819819
19/11/2013,2.8278
20/11/2013,2.840096
21/11/2013,2.882728
22/11/2013,2.850459
25/11/2013,2.822212
26/11/2013,2.818012
27/11/2013,2.826684
28/11/2013,2.816238
29/11/2013,2.813207
02/12/2013,2.831832
03/12/2013,2.815895
04/12/2013,2.855911
05/12/2013,2.900134
06/12/2013,2.893039
09/12/2013,2.882262
10/12/2013,2.881074
11/12/2013,2.879078
12/12/2013,2.876207
13/12/2013,2.868438
16/12/2013,2.864847
17/12/2013,2.867274
18/12/2013,2.853951
19/12/2013,2.88505
20/12/2013,2.872848
23/12/2013,2.871768
24/12/2013,2.87188
27/12/2013,2.926824
30/12/2013,2.929349
31/12/2013,2.928827
02/01/2014,2.941846
03/01/2014,2.95523
06/01/2014,2.923109
07/01/2014,2.906727
08/01/2014,2.907016
09/01/2014,2.919209
10/01/2014,2.913539
13/01/2014,2.88176
14/01/2014,2.872095
15/01/2014,2.884536
16/01/2014,2.84898
17/01/2014,2.836798
20/01/2014,2.816137
21/01/2014,2.813351
22/01/2014,2.834496
23/01/2014,2.791771
24/01/2014,2.751051
27/01/2014,2.744011
28/01/2014,2.751277
29/01/2014,2.72818
30/01/2014,2.712535
31/01/2014,2.672571
03/02/2014,2.666348
04/02/2014,2.669094
05/02/2014,2.660317
06/02/2014,2.70126
07/02/2014,2.68833
10/02/2014,2.705951
11/02/2014,2.716214
12/02/2014,2.722419
13/02/2014,2.705901
14/02/2014,2.717869
17/02/2014,2.732688
18/02/2014,2.740364
19/02/2014,2.720692
20/02/2014,2.738145
21/02/2014,2.724568
24/02/2014,2.745792
25/02/2014,2.708555
26/02/2014,2.658651
27/02/2014,2.608596
28/02/2014,2.650726
03/03/2014,2.596652
04/03/2014,2.618239
05/03/2014,2.646725
06/03/2014,2.675615
07/03/2014,2.68088
10/03/2014,2.650143
11/03/2014,2.699373
12/03/2014,2.652308
13/03/2014,2.632883
14/03/2014,2.606251
17/03/2014,2.622579
18/03/2014,2.630167
19/03/2014,2.653845
20/03/2014,2.680578
21/03/2014,2.656565
24/03/2014,2.624797
25/03/2014,2.610098
26/03/2014,2.602002
27/03/2014,2.588294
28/03/2014,2.584587
31/03/2014,2.60466
01/04/2014,2.613736
02/04/2014,2.643743
03/04/2014,2.64914
04/04/2014,2.634055
07/04/2014,2.613994
08/04/2014,2.632752
09/04/2014,2.627703
10/04/2014,2.595741
11/04/2014,2.556679
14/04/2014,2.556574
15/04/2014,2.55316
16/04/2014,2.523001
17/04/2014,2.532526
22/04/2014,2.56739
23/04/2014,2.551995
24/04/2014,2.531061
25/04/2014,2.491
28/04/2014,2.500659
29/04/2014,2.530661
30/04/2014,2.511839
02/05/2014,2.500368
05/05/2014,2.48494
06/05/2014,2.492861
07/05/2014,2.502725
08/05/2014,2.492213
09/05/2014,2.512248
12/05/2014,2.522144
13/05/2014,2.493224
14/05/2014,2.438914
15/05/2014,2.392436
16/05/2014,2.392347
19/05/2014,2.398504
20/05/2014,2.429314
21/05/2014,2.446247
22/05/2014,2.413751
23/05/2014,2.4245
26/05/2014,2.416718
27/05/2014,2.411708
28/05/2014,2.365615
29/05/2014,2.371993
30/05/2014,2.403206
02/06/2014,2.397255
03/06/2014,2.451215
04/06/2014,2.461788
05/06/2014,2.483962
06/06/2014,2.43956
09/06/2014,2.435509
10/06/2014,2.455989
11/06/2014,2.457878
12/06/2014,2.486352
13/06/2014,2.459559
16/06/2014,2.431578
17/06/2014,2.462531
18/06/2014,2.446283
19/06/2014,2.385986
20/06/2014,2.433631
23/06/2014,2.411115
24/06/2014,2.414285
25/06/2014,2.358722
26/06/2014,2.311416
27/06/2014,2.314658
30/06/2014,2.318106
01/07/2014,2.324221
02/07/2014,2.352384
03/07/2014,2.392641
04/07/2014,2.34297
07/07/2014,2.347975
08/07/2014,2.313714
09/07/2014,2.303797
10/07/2014,2.260862
11/07/2014,2.265644
14/07/2014,2.267121
15/07/2014,2.231382
16/07/2014,2.225066
17/07/2014,2.198023
18/07/2014,2.163737
21/07/2014,2.160259
22/07/2014,2.179353
23/07/2014,2.152959
24/07/2014,2.190358
25/07/2014,2.154917
28/07/2014,2.129758
29/07/2014,2.092544
30/07/2014,2.119118
31/07/2014,2.183752
01/08/2014,2.166176
04/08/2014,2.130762
05/08/2014,2.157224
06/08/2014,2.079644
07/08/2014,2.0642
08/08/2014,2.001542
11/08/2014,2.02002
12/08/2014,2.038237
13/08/2014,2.041498
14/08/2014,1.990325
15/08/2014,1.975314
18/08/2014,1.983828
19/08/2014,1.964443
20/08/2014,1.929686
21/08/2014,1.920068
22/08/2014,1.904624
25/08/2014,1.876137
26/08/2014,1.865824
27/08/2014,1.826761
28/08/2014,1.791952
29/08/2014,1.805075
01/09/2014,1.82868
02/09/2014,1.891107
03/09/2014,1.926809
04/09/2014,1.966536
05/09/2014,1.963691
08/09/2014,1.936949
09/09/2014,2.021106
10/09/2014,2.031528
11/09/2014,2.008826
12/09/2014,2.057238
15/09/2014,2.026841
16/09/2014,2.050878
17/09/2014,2.060642
18/09/2014,2.083787
19/09/2014,2.044578
22/09/2014,2.010216
23/09/2014,1.975716
24/09/2014,1.962429
25/09/2014,1.954305
26/09/2014,1.948726
29/09/2014,1.912833
30/09/2014,1.904386
01/10/2014,1.858164
02/10/2014,1.876496
03/10/2014,1.875036
06/10/2014,1.855011
07/10/2014,1.859699
08/10/2014,1.841013
09/10/2014,1.845648
10/10/2014,1.836741
13/10/2014,1.851762
14/10/2014,1.79186
15/10/2014,1.672182
16/10/2014,1.680335
17/10/2014,1.790472
20/10/2014,1.778796
21/10/2014,1.81452
22/10/2014,1.822786
23/10/2014,1.838942
24/10/2014,1.823362
27/10/2014,1.805511
28/10/2014,1.804486
29/10/2014,1.81275
30/10/2014,1.766343
31/10/2014,1.776267
03/11/2014,1.789417
04/11/2014,1.746027
05/11/2014,1.769846
06/11/2014,1.789295
07/11/2014,1.789901
10/11/2014,1.766788
11/11/2014,1.770081
12/11/2014,1.734577
13/11/2014,1.732526
14/11/2014,1.721293
17/11/2014,1.727067
18/11/2014,1.718761
19/11/2014,1.764612
20/11/2014,1.722989
21/11/2014,1.69197
24/11/2014,1.702989
25/11/2014,1.675529
26/11/2014,1.644156
27/11/2014,1.59543
28/11/2014,1.581154
01/12/2014,1.590164
02/12/2014,1.632039
03/12/2014,1.65628
04/12/2014,1.639873
05/12/2014,1.658757
08/12/2014,1.599623
09/12/2014,1.551876
10/12/2014,1.531771
11/12/2014,1.493179
12/12/2014,1.452161
15/12/2014,1.454827
16/12/2014,1.368825
17/12/2014,1.380492
18/12/2014,1.448685
19/12/2014,1.443105
22/12/2014,1.445162
23/12/2014,1.438586
24/12/2014,1.438682
29/12/2014,1.378949
30/12/2014,1.367119
31/12/2014,1.367385
02/01/2015,1.306117
05/01/2015,1.26919
06/01/2015,1.14071
07/01/2015,1.164678
08/01/2015,1.206593
09/01/2015,1.2239
12/01/2015,1.148216
13/01/2015,1.144575
14/01/2015,1.082277
15/01/2015,1.087588
16/01/2015,1.083069
19/01/2015,1.068783
20/01/2015,1.076528
21/01/2015,1.103834
22/01/2015,1.220461
23/01/2015,0.99017
26/01/2015,0.967055
27/01/2015,0.971955
28/01/2015,0.946019
29/01/2015,0.92168
30/01/2015,0.879359
02/02/2015,0.818978
03/02/2015,0.859247
04/02/2015,0.876042
05/02/2015,0.871162
06/02/2015,0.855209
09/02/2015,0.862835
10/02/2015,0.880394
11/02/2015,0.86261
12/02/2015,0.831697
13/02/2015,0.840353
16/02/2015,0.85944
17/02/2015,0.873411
18/02/2015,0.941163
19/02/2015,0.963037
20/02/2015,0.929808
23/02/2015,0.976362
24/02/2015,0.98786
25/02/2015,0.92486
26/02/2015,0.856997
27/02/2015,0.884986
02/03/2015,0.90726
03/03/2015,0.931174
04/03/2015,0.932758
05/03/2015,0.894626
06/03/2015,0.890073
09/03/2015,0.829483
10/03/2015,0.684166
11/03/2015,0.628011
12/03/2015,0.648052
13/03/2015,0.667892
16/03/2015,0.629986
17/03/2015,0.66424
18/03/2015,0.604556
19/03/2015,0.58747
20/03/2015,0.589112
23/03/2015,0.614089
24/03/2015,0.612439
25/03/2015,0.610973
26/03/2015,0.628011
27/03/2015,0.620024
30/03/2015,0.592237
31/03/2015,0.576091
01/04/2015,0.544412
02/04/2015,0.579412
07/04/2015,0.617591
08/04/2015,0.606729
09/04/2015,0.594353
10/04/2015,0.590973
13/04/2015,0.568976
14/04/2015,0.54765
15/04/2015,0.495316
16/04/2015,0.452841
17/04/2015,0.435184
20/04/2015,0.419161
21/04/2015,0.468473
22/04/2015,0.505198
23/04/2015,0.556717
24/04/2015,0.564759
27/04/2015,0.578784
28/04/2015,0.576872
29/04/2015,0.703793
30/04/2015,0.807365
04/05/2015,0.897387
05/05/2015,0.941013
06/05/2015,1.075699
07/05/2015,1.091553
08/05/2015,1.066686
11/05/2015,1.129243
12/05/2015,1.277801
13/05/2015,1.246124
14/05/2015,1.336337
15/05/2015,1.231523
18/05/2015,1.262974
19/05/2015,1.19879
20/05/2015,1.186867
21/05/2015,1.230998
22/05/2015,1.210765
25/05/2015,1.210223
26/05/2015,1.17758
27/05/2015,1.155922
28/05/2015,1.120268
29/05/2015,1.094521
01/06/2015,1.064434
02/06/2015,1.248045
03/06/2015,1.488311
04/06/2015,1.475894
05/06/2015,1.507155
08/06/2015,1.543582
09/06/2015,1.639122
10/06/2015,1.673028
11/06/2015,1.606844
12/06/2015,1.553362
15/06/2015,1.48247
16/06/2015,1.511661
17/06/2015,1.526235
18/06/2015,1.508679
19/06/2015,1.471605
22/06/2015,1.620855
23/06/2015,1.639411
24/06/2015,1.575327
25/06/2015,1.626159
26/06/2015,1.723798
29/06/2015,1.617752
30/06/2015,1.587879
01/07/2015,1.675416
02/07/2015,1.716036
03/07/2015,1.648724
06/07/2015,1.588857
07/07/2015,1.433954
08/07/2015,1.41769
09/07/2015,1.485265
10/07/2015,1.687833
13/07/2015,1.711734
14/07/2015,1.677393
15/07/2015,1.583798
16/07/2015,1.62185
17/07/2015,1.510303
20/07/2015,1.479687
21/07/2015,1.507434
22/07/2015,1.479433
23/07/2015,1.466603
24/07/2015,1.404909
27/07/2015,1.380315
28/07/2015,1.41464
29/07/2015,1.422067
30/07/2015,1.382344
31/07/2015,1.340114
03/08/2015,1.310078
04/08/2015,1.348628
05/08/2015,1.485692
06/08/2015,1.45225
07/08/2015,1.414344
10/08/2015,1.411468
11/08/2015,1.349351
12/08/2015,1.323505
13/08/2015,1.349983
14/08/2015,1.353698
17/08/2015,1.318268
18/08/2015,1.350463
19/08/2015,1.37301
20/08/2015,1.286998
21/08/2015,1.280197
24/08/2015,1.200459
25/08/2015,1.418943
26/08/2015,1.425433
27/08/2015,1.462783
28/08/2015,1.404422
31/08/2015,1.448999
01/09/2015,1.530635
02/09/2015,1.524656
03/09/2015,1.489966
04/09/2015,1.409577
07/09/2015,1.409891
08/09/2015,1.428839
09/09/2015,1.483828
10/09/2015,1.448793
11/09/2015,1.437519
14/09/2015,1.41234
15/09/2015,1.500741
16/09/2015,1.537747
17/09/2015,1.537154
18/09/2015,1.375891
21/09/2015,1.42644
22/09/2015,1.372884
23/09/2015,1.344223
24/09/2015,1.281141
25/09/2015,1.391897
28/09/2015,1.346667
29/09/2015,1.338052
30/09/2015,1.308548
01/10/2015,1.254248
02/10/2015,1.197203
05/10/2015,1.270837
06/10/2015,1.354915
07/10/2015,1.34094
08/10/2015,1.303562
09/10/2015,1.342172
12/10/2015,1.303933
13/10/2015,1.328308
14/10/2015,1.295334
15/10/2015,1.286365
16/10/2015,1.284663
19/10/2015,1.302038
20/10/2015,1.368229
21/10/2015,1.321277
22/10/2015,1.226645
23/10/2015,1.251449
26/10/2015,1.228743
27/10/2015,1.174351
28/10/2015,1.191533
29/10/2015,1.217944
30/10/2015,1.245599
02/11/2015,1.298974
03/11/2015,1.314025
04/11/2015,1.338917
05/11/2015,1.388128
06/11/2015,1.477271
09/11/2015,1.547139
10/11/2015,1.506255
11/11/2015,1.476478
12/11/2015,1.43881
13/11/2015,1.378476
16/11/2015,1.362389
17/11/2015,1.362433
18/11/2015,1.346627
19/11/2015,1.273181
20/11/2015,1.234852
23/11/2015,1.283569
24/11/2015,1.294534
25/11/2015,1.259064
26/11/2015,1.277383
27/11/2015,1.251666
30/11/2015,1.288678
01/12/2015,1.319954
02/12/2015,1.321798
03/12/2015,1.443401
04/12/2015,1.474933
07/12/2015,1.405644
08/12/2015,1.356611
09/12/2015,1.374952
10/12/2015,1.382907
11/12/2015,1.333262
14/12/2015,1.363693
15/12/2015,1.434686
16/12/2015,1.445028
17/12/2015,1.384326
18/12/2015,1.310065
21/12/2015,1.309979
22/12/2015,1.353085
23/12/2015,1.427655
28/12/2015,1.398686
29/12/2015,1.450646
30/12/2015,1.469651
04/01/2016,1.392777
05/01/2016,1.39537
06/01/2016,1.363888
07/01/2016,1.40834
08/01/2016,1.37697
11/01/2016,1.39185
12/01/2016,1.392916
13/01/2016,1.333192
14/01/2016,1.306015
15/01/2016,1.296037
18/01/2016,1.310483
19/01/2016,1.338761
20/01/2016,1.246261
21/01/2016,1.199353
22/01/2016,1.284738
25/01/2016,1.252154
26/01/2016,1.216431
27/01/2016,1.222097
28/01/2016,1.157148
29/01/2016,1.092154
01/02/2016,1.080803
02/02/2016,1.05078
03/02/2016,1.049219
04/02/2016,1.030942
05/02/2016,1.037935
08/02/2016,0.94437
09/02/2016,0.946292
10/02/2016,0.966558
11/02/2016,0.893347
12/02/2016,0.916269
15/02/2016,0.95915
16/02/2016,1.002909
17/02/2016,0.992814
18/02/2016,0.946004
19/02/2016,0.903648
22/02/2016,0.898624
23/02/2016,0.915851
24/02/2016,0.819665
25/02/2016,0.849609
26/02/2016,0.863214
29/02/2016,0.8302
01/03/2016,0.90054
02/03/2016,0.978518
03/03/2016,0.966359
04/03/2016,0.9773
07/03/2016,0.993284
08/03/2016,0.960723
09/03/2016,1.000575
10/03/2016,0.960365
11/03/2016,1.007099
14/03/2016,0.991342
15/03/2016,1.047125
16/03/2016,1.006728
17/03/2016,0.941906
18/03/2016,0.899649
21/03/2016,0.925624
22/03/2016,0.910989
23/03/2016,0.923142
24/03/2016,0.861908
29/03/2016,0.815408
30/03/2016,0.834068
31/03/2016,0.829766
01/04/2016,0.776588
04/04/2016,0.758862
05/04/2016,0.710219
06/04/2016,0.747583
07/04/2016,0.718696
08/04/2016,0.74262
11/04/2016,0.806008
12/04/2016,0.803534
13/04/2016,0.803116
14/04/2016,0.797083
15/04/2016,0.776253
18/04/2016,0.791086
19/04/2016,0.834056
20/04/2016,0.801585
21/04/2016,0.859212
22/04/2016,0.908156
25/04/2016,0.967734
26/04/2016,0.977476
27/04/2016,1.005364
28/04/2016,0.968094
29/04/2016,0.978103
02/05/2016,0.949072
03/05/2016,0.856391
04/05/2016,0.889174
05/05/2016,0.842936
06/05/2016,0.816842
09/05/2016,0.790867
10/05/2016,0.757188
11/05/2016,0.771752
12/05/2016,0.811773
13/05/2016,0.79797
16/05/2016,0.804114
17/05/2016,0.786844
18/05/2016,0.848418
19/05/2016,0.816557
20/05/2016,0.839364
23/05/2016,0.842374
24/05/2016,0.838483
25/05/2016,0.821289
26/05/2016,0.806504
27/05/2016,0.783486
30/05/2016,0.835901
31/05/2016,0.825522
01/06/2016,0.768079
02/06/2016,0.758632
03/06/2016,0.689385
06/06/2016,0.683799
07/06/2016,0.65135
08/06/2016,0.624606
09/06/2016,0.557526
10/06/2016,0.519997
13/06/2016,0.538518
14/06/2016,0.494809
15/06/2016,0.494857
16/06/2016,0.45306
17/06/2016,0.510481
20/06/2016,0.574459
21/06/2016,0.567946
22/06/2016,0.587077
23/06/2016,0.624852
24/06/2016,0.437327
27/06/2016,0.338653
28/06/2016,0.372809
29/06/2016,0.335031
30/06/2016,0.311612
01/07/2016,0.3338
04/07/2016,0.347277
05/07/2016,0.305975
06/07/2016,0.289098
07/07/2016,0.326903
08/07/2016,0.301322
11/07/2016,0.300359
12/07/2016,0.382245
13/07/2016,0.346827
14/07/2016,0.422015
15/07/2016,0.435248
18/07/2016,0.427625
19/07/2016,0.436329
20/07/2016,0.444948
21/07/2016,0.464822
22/07/2016,0.434185
25/07/2016,0.379277
26/07/2016,0.366252
27/07/2016,0.342902
28/07/2016,0.311042
29/07/2016,0.278578
01/08/2016,0.2774
02/08/2016,0.361789
03/08/2016,0.347214
04/08/2016,0.313354
05/08/2016,0.345376
08/08/2016,0.383272
09/08/2016,0.356266
10/08/2016,0.319683
11/08/2016,0.318719
12/08/2016,0.3219
15/08/2016,0.361111
16/08/2016,0.381237
17/08/2016,0.377675
18/08/2016,0.336612
19/08/2016,0.35802
22/08/2016,0.339455
23/08/2016,0.317027
24/08/2016,0.33572
25/08/2016,0.374152
26/08/2016,0.359846
29/08/2016,0.381038
30/08/2016,0.342683
31/08/2016,0.349462
01/09/2016,0.418769
02/09/2016,0.423809
05/09/2016,0.435474
06/09/2016,0.39919
07/09/2016,0.317757
08/09/2016,0.357647
09/09/2016,0.507228
12/09/2016,0.512109
13/09/2016,0.515788
14/09/2016,0.531073
15/09/2016,0.576688
16/09/2016,0.543479
19/09/2016,0.551555
20/09/2016,0.481334
21/09/2016,0.489919
22/09/2016,0.398205
23/09/2016,0.385557
26/09/2016,0.360035
27/09/2016,0.335439
28/09/2016,0.338498
29/09/2016,0.357396
30/09/2016,0.341277
03/10/2016,0.359865
04/10/2016,0.395025
05/10/2016,0.467298
06/10/2016,0.511879
07/10/2016,0.527128
10/10/2016,0.591642
11/10/2016,0.577822
12/10/2016,0.591556
13/10/2016,0.544816
14/10/2016,0.581062
17/10/2016,0.592964
18/10/2016,0.577437
19/10/2016,0.555362
20/10/2016,0.518863
21/10/2016,0.505583
24/10/2016,0.536846
25/10/2016,0.55321
26/10/2016,0.623019
27/10/2016,0.722556
28/10/2016,0.715107
31/10/2016,0.691224
01/11/2016,0.734754
02/11/2016,0.675077
03/11/2016,0.700102
04/11/2016,0.645999
07/11/2016,0.672317
08/11/2016,0.679169
09/11/2016,0.712729
10/11/2016,0.872296
11/11/2016,0.881183
14/11/2016,0.919714
15/11/2016,0.86387
16/11/2016,0.874142
17/11/2016,0.84799
18/11/2016,0.809565
21/11/2016,0.841929
22/11/2016,0.802066
23/11/2016,0.875181
24/11/2016,0.84632
25/11/2016,0.836275
28/11/2016,0.775794
29/11/2016,0.828088
30/11/2016,0.835633
01/12/2016,0.920432
02/12/2016,0.947758
05/12/2016,0.953171
06/12/2016,0.942508
07/12/2016,0.964757
08/12/2016,1.01278
09/12/2016,1.052469
12/12/2016,1.148959
13/12/2016,1.064782
14/12/2016,1.0122
15/12/2016,1.060544
16/12/2016,0.971818
19/12/2016,0.947869
20/12/2016,0.917064
21/12/2016,0.900109
22/12/2016,0.905134
23/12/2016,0.864278
27/12/2016,0.8232
28/12/2016,0.833032
29/12/2016,0.810901
30/12/2016,0.856789
02/01/2017,0.826311
03/01/2017,0.928684
04/01/2017,0.949323
05/01/2017,0.955634
06/01/2017,0.947337
09/01/2017,0.971282
10/01/2017,0.97066
11/01/2017,0.936617
12/01/2017,0.95128
13/01/2017,0.988076
16/01/2017,0.988685
17/01/2017,0.934936
18/01/2017,1.013397
19/01/2017,1.057025
20/01/2017,1.077132
23/01/2017,1.090083
24/01/2017,1.079307
25/01/2017,1.155523
26/01/2017,1.134267
27/01/2017,1.124178
30/01/2017,1.105917
31/01/2017,1.113657
01/02/2017,1.149559
02/02/2017,1.095597
03/02/2017,1.126995
06/02/2017,1.050876
07/02/2017,1.106714
08/02/2017,1.028431
09/02/2017,1.003861
10/02/2017,1.05359
13/02/2017,1.068989
14/02/2017,1.071758
15/02/2017,1.14106
16/02/2017,1.106152
17/02/2017,1.01944
20/02/2017,1.043086
21/02/2017,1.075822
22/02/2017,0.989711
23/02/2017,0.966126
24/02/2017,0.908852
27/02/2017,0.894049
28/02/2017,0.922703
01/03/2017,0.993784
02/03/2017,1.034893
03/03/2017,1.066216
06/03/2017,1.037297
07/03/2017,1.065699
08/03/2017,1.106148
09/03/2017,1.115664
10/03/2017,1.185915
13/03/2017,1.151403
14/03/2017,1.128526
15/03/2017,1.106567
16/03/2017,1.132047
17/03/2017,1.112611
20/03/2017,1.112277
21/03/2017,1.138816
22/03/2017,1.051846
23/03/2017,1.065432
24/03/2017,1.074185
27/03/2017,1.033589
28/03/2017,1.042532
29/03/2017,1.030775
30/03/2017,1.022418
31/03/2017,1.018805
03/04/2017,1.010522
04/04/2017,0.945789
05/04/2017,0.975719
06/04/2017,0.945701
07/04/2017,0.900841
10/04/2017,0.904252
11/04/2017,0.894434
12/04/2017,0.877164
13/04/2017,0.83854
18/04/2017,0.831831
19/04/2017,0.830086
20/04/2017,0.876552
21/04/2017,0.874715
24/04/2017,0.997661
25/04/2017,1.020779
26/04/2017,1.029777
27/04/2017,0.998539
28/04/2017,1.011721
02/05/2017,1.003281
03/05/2017,1.00498
04/05/2017,1.069353
05/05/2017,1.086716
08/05/2017,1.100176
09/05/2017,1.135361
10/05/2017,1.097056
11/05/2017,1.131149
12/05/2017,1.09876
15/05/2017,1.133036
16/05/2017,1.136759
17/05/2017,1.104294
18/05/2017,1.059809
19/05/2017,1.099269
22/05/2017,1.12661
23/05/2017,1.125222
24/05/2017,1.122354
25/05/2017,1.096338
26/05/2017,1.05827
29/05/2017,1.037175
30/05/2017,1.035537
31/05/2017,1.03443
01/06/2017,1.062441
02/06/2017,1.023551
05/06/2017,1.044694
06/06/2017,1.020094
07/06/2017,1.00917
08/06/2017,1.010693
09/06/2017,1.026918
12/06/2017,1.003136
13/06/2017,1.007775
14/06/2017,0.968376
15/06/2017,1.009713
16/06/2017,1.01134
19/06/2017,1.019122
20/06/2017,0.979924
21/06/2017,0.961963
22/06/2017,0.945628
23/06/2017,0.965071
26/06/2017,0.95097
27/06/2017,1.019137
28/06/2017,1.054845
29/06/2017,1.122881
30/06/2017,1.161808
03/07/2017,1.161349
04/07/2017,1.193322
05/07/2017,1.206622
06/07/2017,1.258971
07/07/2017,1.280364
10/07/2017,1.259792
11/07/2017,1.271438
12/07/2017,1.239951
13/07/2017,1.247714
14/07/2017,1.224367
17/07/2017,1.232189
18/07/2017,1.216461
19/07/2017,1.193467
20/07/2017,1.200155
21/07/2017,1.186539
24/07/2017,1.180139
25/07/2017,1.233274
26/07/2017,1.229444
27/07/2017,1.212249
28/07/2017,1.243387
31/07/2017,1.225084
01/08/2017,1.174831
02/08/2017,1.147278
03/08/2017,1.125722
04/08/2017,1.132062
07/08/2017,1.128852
08/08/2017,1.128615
09/08/2017,1.080468
10/08/2017,1.068278
11/08/2017,1.038501
14/08/2017,1.075584
15/08/2017,1.10159
16/08/2017,1.117123
17/08/2017,1.106263
18/08/2017,1.051814
21/08/2017,1.053864
22/08/2017,1.073907
23/08/2017,1.051912
24/08/2017,1.029449
25/08/2017,1.058753
28/08/2017,1.054843
29/08/2017,1.012532
30/08/2017,1.033393
31/08/2017,1.022644
01/09/2017,1.068444
04/09/2017,1.065287
05/09/2017,1.042283
06/09/2017,1.017242
07/09/2017,1.002955
08/09/2017,1.014644
11/09/2017,1.030128
12/09/2017,1.075475
13/09/2017,1.114056
14/09/2017,1.121707
15/09/2017,1.13036
18/09/2017,1.163993
19/09/2017,1.142578
20/09/2017,1.13042
21/09/2017,1.141861
22/09/2017,1.133673
25/09/2017,1.116782
26/09/2017,1.109856
27/09/2017,1.174481
28/09/2017,1.187162
29/09/2017,1.166346
02/10/2017,1.136884
03/10/2017,1.164947
04/10/2017,1.136246
05/10/2017,1.142594
06/10/2017,1.19705
09/10/2017,1.143935
10/10/2017,1.146413
11/10/2017,1.154698
12/10/2017,1.15365
13/10/2017,1.121935
16/10/2017,1.099114
17/10/2017,1.076748
18/10/2017,1.092112
19/10/2017,1.097167
20/10/2017,1.163731
23/10/2017,1.143601
24/10/2017,1.181626
25/10/2017,1.201575
26/10/2017,1.168241
27/10/2017,1.163897
30/10/2017,1.12362
31/10/2017,1.10595
01/11/2017,1.103793
02/11/2017,1.116136
03/11/2017,1.081776
06/11/2017,1.070174
07/11/2017,1.073451
08/11/2017,1.044581
09/11/2017,1.105575
10/11/2017,1.135626
13/11/2017,1.151926
14/11/2017,1.155639
15/11/2017,1.096522
16/11/2017,1.111458
17/11/2017,1.10714
20/11/2017,1.086939
21/11/2017,1.056986
22/11/2017,1.052515
23/11/2017,1.035497
24/11/2017,1.050529
27/11/2017,1.038956
28/11/2017,1.038684
29/11/2017,1.080069
30/11/2017,1.048959
01/12/2017,1.016884
04/12/2017,1.019789
05/12/2017,1.016341
06/12/2017,0.97011
07/12/2017,0.984347
08/12/2017,1.001556
11/12/2017,0.980473
12/12/2017,0.997975
13/12/2017,1.010796
14/12/2017,1.01803
15/12/2017,0.975129
18/12/2017,0.968875
19/12/2017,1.047669
20/12/2017,1.098596
21/12/2017,1.109093
22/12/2017,1.085353
27/12/2017,1.075865
28/12/2017,1.084139
29/12/2017,1.120177
02/01/2018,1.149487
03/01/2018,1.124464
04/01/2018,1.122404
05/01/2018,1.120726
08/01/2018,1.10981
09/01/2018,1.132443
10/01/2018,1.182166
11/01/2018,1.204766
12/01/2018,1.175538
15/01/2018,1.184623
16/01/2018,1.145117
17/01/2018,1.139223
18/01/2018,1.1728
19/01/2018,1.182396
22/01/2018,1.185909
23/01/2018,1.158235
24/01/2018,1.188724
25/01/2018,1.173794
26/01/2018,1.15127
29/01/2018,1.198664
30/01/2018,1.23413
31/01/2018,1.186531
01/02/2018,1.229196
02/02/2018,1.266242
05/02/2018,1.267567
06/02/2018,1.247651
07/02/2018,1.245097
08/02/2018,1.315337
09/02/2018,1.273773
12/02/2018,1.284606
13/02/2018,1.295031
14/02/2018,1.310403
15/02/2018,1.317194
16/02/2018,1.27358
19/02/2018,1.304402
20/02/2018,1.293387
21/02/2018,1.282059
22/02/2018,1.275098
23/02/2018,1.220692
26/02/2018,1.197239
27/02/2018,1.215428
28/02/2018,1.213053
01/03/2018,1.18956
02/03/2018,1.182127
05/03/2018,1.193172
06/03/2018,1.231849
07/03/2018,1.210348
08/03/2018,1.188724
09/03/2018,1.194032
12/03/2018,1.181042
13/03/2018,1.185665
14/03/2018,1.172415
15/03/2018,1.127406
16/03/2018,1.133401
19/03/2018,1.126315
20/03/2018,1.129681
21/03/2018,1.137074
22/03/2018,1.066408
23/03/2018,1.08306
26/03/2018,1.075801
27/03/2018,1.060977
28/03/2018,1.050085
29/03/2018,1.058022
03/04/2018,1.055856
04/04/2018,1.054382
05/04/2018,1.085199
06/04/2018,1.074714
09/04/2018,1.074382
10/04/2018,1.064697
11/04/2018,1.052512
12/04/2018,1.08048
13/04/2018,1.093591
16/04/2018,1.093172
17/04/2018,1.083144
18/04/2018,1.076973
19/04/2018,1.133104
20/04/2018,1.163995
23/04/2018,1.181973
24/04/2018,1.203367
25/04/2018,1.19318
26/04/2018,1.167505
27/04/2018,1.125138
30/04/2018,1.1389
02/05/2018,1.144987
03/05/2018,1.127334
04/05/2018,1.117072
07/05/2018,1.100239
08/05/2018,1.127718
09/05/2018,1.14921
10/05/2018,1.118314
11/05/2018,1.129969
14/05/2018,1.172018
15/05/2018,1.202029
16/05/2018,1.177142
17/05/2018,1.195135
18/05/2018,1.197054
21/05/2018,1.152979
22/05/2018,1.137865
23/05/2018,1.115358
24/05/2018,1.066957
25/05/2018,1.008419
28/05/2018,0.97004
29/05/2018,0.956563
30/05/2018,0.949557
31/05/2018,0.921991
01/06/2018,0.969327
04/06/2018,0.985643
05/06/2018,0.975977
06/06/2018,1.03457
07/06/2018,1.069413
08/06/2018,1.029653
11/06/2018,1.084122
12/06/2018,1.085685
13/06/2018,1.05116
14/06/2018,1.063456
15/06/2018,1.036177
18/06/2018,1.050711
19/06/2018,1.011126
20/06/2018,1.03236
21/06/2018,1.001479
22/06/2018,0.998619
25/06/2018,0.990141
26/06/2018,0.991532
27/06/2018,0.963482
28/06/2018,0.932062
29/06/2018,0.903198
02/07/2018,0.895331
03/07/2018,0.881648
04/07/2018,0.884524
05/07/2018,0.886135
06/07/2018,0.881223
09/07/2018,0.923794
10/07/2018,0.921157
11/07/2018,0.900475
12/07/2018,0.891888
13/07/2018,0.88063
16/07/2018,0.90629
17/07/2018,0.889768
18/07/2018,0.879541
19/07/2018,0.880658
20/07/2018,0.900477
23/07/2018,0.940174
24/07/2018,0.940126
25/07/2018,0.926526
26/07/2018,0.926418
27/07/2018,0.938706
30/07/2018,0.986584
31/07/2018,0.968241
01/08/2018,1.010739
02/08/2018,0.999907
03/08/2018,0.947464
06/08/2018,0.921605
07/08/2018,0.942143
08/08/2018,0.941111
09/08/2018,0.923305
10/08/2018,0.870941
13/08/2018,0.872872
14/08/2018,0.869495
15/08/2018,0.861697
16/08/2018,0.859504
17/08/2018,0.852344
20/08/2018,0.854174
21/08/2018,0.88376
22/08/2018,0.883947
23/08/2018,0.89127
24/08/2018,0.908193
27/08/2018,0.93085
28/08/2018,0.945526
29/08/2018,0.96782
30/08/2018,0.918652
31/08/2018,0.895404
03/09/2018,0.887132
04/09/2018,0.901766
05/09/2018,0.946591
06/09/2018,0.924132
07/09/2018,0.943291
10/09/2018,0.963629
11/09/2018,0.991969
12/09/2018,0.962077
13/09/2018,0.987925
14/09/2018,1.002132
17/09/2018,0.997488
18/09/2018,1.007904
19/09/2018,1.023663
20/09/2018,1.028858
21/09/2018,1.0042
24/09/2018,1.033459
25/09/2018,1.051065
26/09/2018,1.042006
27/09/2018,1.009525
28/09/2018,0.977993
01/10/2018,1.012123
02/10/2018,0.960769
03/10/2018,0.974016
04/10/2018,1.028672
05/10/2018,1.063897
08/10/2018,1.059626
09/10/2018,1.072706
10/10/2018,1.078809
11/10/2018,1.051281
12/10/2018,1.034229
15/10/2018,1.036235
16/10/2018,1.025143
17/10/2018,1.006414
18/10/2018,1.00087
19/10/2018,0.968988
22/10/2018,0.969434
23/10/2018,0.942956
24/10/2018,0.938201
25/10/2018,0.937698
26/10/2018,0.901917
29/10/2018,0.948505
30/10/2018,0.930226
31/10/2018,0.933498
01/11/2018,0.948709
02/11/2018,0.971414
05/11/2018,0.968459
06/11/2018,0.978665
07/11/2018,0.990611
08/11/2018,0.997826
09/11/2018,0.965163
12/11/2018,0.945332
13/11/2018,0.960505
14/11/2018,0.981145
15/11/2018,0.94554
16/11/2018,0.952271
19/11/2018,0.971397
20/11/2018,0.936164
21/11/2018,0.949866
22/11/2018,0.961232
23/11/2018,0.917209
26/11/2018,0.939494
27/11/2018,0.928271
28/11/2018,0.940013
29/11/2018,0.913818
30/11/2018,0.895014
03/12/2018,0.893928
04/12/2018,0.857548
05/12/2018,0.837921
06/12/2018,0.793535
07/12/2018,0.828353
10/12/2018,0.779194
11/12/2018,0.771873
12/12/2018,0.779582
13/12/2018,0.788456
14/12/2018,0.827578
17/12/2018,0.822417
18/12/2018,0.802072
19/12/2018,0.790867
20/12/2018,0.758712
21/12/2018,0.779537
27/12/2018,0.779304
28/12/2018,0.799922
02/01/2019,0.705274
03/01/2019,0.731166
04/01/2019,0.759223
07/01/2019,0.773029
08/01/2019,0.791957
09/01/2019,0.78508
10/01/2019,0.755493
11/01/2019,0.738002
14/01/2019,0.734797
15/01/2019,0.740107
16/01/2019,0.759699
17/01/2019,0.762049
18/01/2019,0.775569
21/01/2019,0.784838
22/01/2019,0.759052
23/01/2019,0.756831
24/01/2019,0.707937
25/01/2019,0.701469
28/01/2019,0.719885
29/01/2019,0.71945
30/01/2019,0.698399
31/01/2019,0.670405
01/02/2019,0.676051
04/02/2019,0.692581
05/02/2019,0.697704
06/02/2019,0.677124
07/02/2019,0.643422
08/02/2019,0.619304
11/02/2019,0.655774
12/02/2019,0.674494
13/02/2019,0.673809
14/02/2019,0.620735
15/02/2019,0.639034
18/02/2019,0.658699
19/02/2019,0.657992
20/02/2019,0.645585
21/02/2019,0.677347
22/02/2019,0.646845
25/02/2019,0.655407
26/02/2019,0.656248
27/02/2019,0.697095
28/02/2019,0.723831
01/03/2019,0.758581
04/03/2019,0.728128
05/03/2019,0.721791
06/03/2019,0.690949
07/03/2019,0.663037
08/03/2019,0.631131
11/03/2019,0.627536
12/03/2019,0.632874
13/03/2019,0.632874
14/03/2019,0.645199
15/03/2019,0.645576
18/03/2019,0.644961
19/03/2019,0.665536
20/03/2019,0.646126
21/03/2019,0.59362
22/03/2019,0.489159
25/03/2019,0.506821
26/03/2019,0.491771
27/03/2019,0.449917
28/03/2019,0.455414
29/03/2019,0.476527
01/04/2019,0.509304
02/04/2019,0.507932
03/04/2019,0.56571
04/04/2019,0.542687
05/04/2019,0.546096
08/04/2019,0.547578
09/04/2019,0.533499
10/04/2019,0.518027
11/04/2019,0.534766
12/04/2019,0.588586
15/04/2019,0.630725
16/04/2019,0.624217
17/04/2019,0.633221
18/04/2019,0.580866
23/04/2019,0.590615
24/04/2019,0.539583
25/04/2019,0.539245
26/04/2019,0.535116
29/04/2019,0.565023
30/04/2019,0.577351
02/05/2019,0.559146
03/05/2019,0.567657
06/05/2019,0.565338
07/05/2019,0.5264
08/05/2019,0.500644
09/05/2019,0.492951
10/05/2019,0.52515
13/05/2019,0.496699
14/05/2019,0.470986
15/05/2019,0.429412
16/05/2019,0.457185
17/05/2019,0.442246
20/05/2019,0.463234
21/05/2019,0.489657
22/05/2019,0.486431
23/05/2019,0.459002
24/05/2019,0.458532
27/05/2019,0.42782
28/05/2019,0.413574
29/05/2019,0.382426
30/05/2019,0.398029
31/05/2019,0.356484
03/06/2019,0.329157
04/06/2019,0.316262
05/06/2019,0.313297
06/06/2019,0.294746
07/06/2019,0.241512
10/06/2019,0.31317
11/06/2019,0.294249
12/06/2019,0.286378
13/06/2019,0.271879
14/06/2019,0.247731
17/06/2019,0.267946
18/06/2019,0.19876
19/06/2019,0.219286
20/06/2019,0.171938
21/06/2019,0.201346
24/06/2019,0.194619
25/06/2019,0.16093
26/06/2019,0.178567
27/06/2019,0.182249
28/06/2019,0.181711
01/07/2019,0.164534
02/07/2019,0.165439
03/07/2019,0.11799
04/07/2019,0.10359
05/07/2019,0.161288
08/07/2019,0.118561
09/07/2019,0.164622
10/07/2019,0.22146
11/07/2019,0.266617
12/07/2019,0.288653
15/07/2019,0.235691
16/07/2019,0.223515
17/07/2019,0.185901
18/07/2019,0.181569
19/07/2019,0.171813
22/07/2019,0.155291
23/07/2019,0.153283
24/07/2019,0.103549
25/07/2019,0.123153
26/07/2019,0.112817
29/07/2019,0.075537
30/07/2019,0.072738
31/07/2019,0.047623
01/08/2019,-0.001755
02/08/2019,-0.054491
05/08/2019,-0.113225
06/08/2019,-0.120474
07/08/2019,-0.216952
08/08/2019,-0.146805
09/08/2019,-0.14861
12/08/2019,-0.177442
13/08/2019,-0.213328
14/08/2019,-0.265346
15/08/2019,-0.327528
16/08/2019,-0.347287
19/08/2019,-0.221369
20/08/2019,-0.278127
21/08/2019,-0.252411
22/08/2019,-0.224003
23/08/2019,-0.220049
26/08/2019,-0.246402
27/08/2019,-0.280555
28/08/2019,-0.347137
29/08/2019,-0.302972
30/08/2019,-0.298505
02/09/2019,-0.277622
03/09/2019,-0.299305
04/09/2019,-0.248742
05/09/2019,-0.139029
06/09/2019,-0.20468
09/09/2019,-0.120522
10/09/2019,-0.116678
11/09/2019,-0.106654
12/09/2019,-0.162853
13/09/2019,-0.038872
16/09/2019,-0.031452
17/09/2019,-0.045747
18/09/2019,-0.080238
19/09/2019,-0.103212
20/09/2019,-0.121391
23/09/2019,-0.201325
24/09/2019,-0.218204
25/09/2019,-0.253531
26/09/2019,-0.218945
27/09/2019,-0.215688
30/09/2019,-0.175903
01/10/2019,-0.135503
02/10/2019,-0.140103
03/10/2019,-0.198627
04/10/2019,-0.194802
07/10/2019,-0.179166
08/10/2019,-0.188909
09/10/2019,-0.156247
10/10/2019,-0.074392
11/10/2019,-0.027009
14/10/2019,-0.041415
15/10/2019,-0.045429
16/10/2019,0.04732
17/10/2019,0.025218
18/10/2019,0.04516
21/10/2019,0.088765
22/10/2019,0.041664
23/10/2019,0.00434
24/10/2019,0.004501
25/10/2019,0.03629
28/10/2019,0.104842
29/10/2019,0.072079
30/10/2019,0.060603
31/10/2019,-0.00609
01/11/2019,0.023202
04/11/2019,0.073938
05/11/2019,0.112031
06/11/2019,0.096872
07/11/2019,0.160181
08/11/2019,0.170821
11/11/2019,0.160083
12/11/2019,0.175969
13/11/2019,0.110408
14/11/2019,0.072894
15/11/2019,0.072357
18/11/2019,0.068612
19/11/2019,0.075678
20/11/2019,0.049374
21/11/2019,0.091232
22/11/2019,0.064958
25/11/2019,0.054877
26/11/2019,0.042449
27/11/2019,0.047795
28/11/2019,0.04954
29/11/2019,0.062569
02/12/2019,0.133056
03/12/2019,0.084419
04/12/2019,0.083497
05/12/2019,0.134059
06/12/2019,0.124731
09/12/2019,0.119088
10/12/2019,0.132881
11/12/2019,0.113286
12/12/2019,0.138312
13/12/2019,0.145073
16/12/2019,0.123024
17/12/2019,0.124237
18/12/2019,0.159287
19/12/2019,0.199154
20/12/2019,0.184862
23/12/2019,0.177989
27/12/2019,0.191934
30/12/2019,0.241356
02/01/2020,0.198143
03/01/2020,0.146965
06/01/2020,0.123653
07/01/2020,0.143301
08/01/2020,0.17749
09/01/2020,0.214923
10/01/2020,0.216737
13/01/2020,0.25582
14/01/2020,0.233343
15/01/2020,0.200286
16/01/2020,0.189322
17/01/2020,0.199236
20/01/2020,0.189084
21/01/2020,0.174288
22/01/2020,0.140084
23/01/2020,0.10636
24/01/2020,0.09117
27/01/2020,0.026081
28/01/2020,0.038024
29/01/2020,0.025517
30/01/2020,0.003226
31/01/2020,-0.03134
03/02/2020,-0.03445
04/02/2020,0.011659
05/02/2020,0.047253
06/02/2020,0.06187
07/02/2020,0.009449
10/02/2020,0.00879
11/02/2020,0.01748
12/02/2020,0.03297
13/02/2020,0.018812
14/02/2020,-0.002631
17/02/2020,0.004728
18/02/2020,0.009059
19/02/2020,-0.002326
20/02/2020,-0.043158
21/02/2020,-0.078263
24/02/2020,-0.106266
25/02/2020,-0.124405
26/02/2020,-0.103083
27/02/2020,-0.157531
28/02/2020,-0.257979
02/03/2020,-0.286165
03/03/2020,-0.246657
04/03/2020,-0.262416
05/03/2020,-0.300588
06/03/2020,-0.400854
09/03/2020,-0.491482
10/03/2020,-0.514812
11/03/2020,-0.485886
12/03/2020,-0.471794
13/03/2020,-0.275046
16/03/2020,-0.190761
17/03/2020,-0.179455
18/03/2020,0.019317
19/03/2020,0.10768
20/03/2020,-0.024372
23/03/2020,-0.06965
24/03/2020,-0.027008
25/03/2020,0.028332
26/03/2020,0.046601
27/03/2020,-0.08754
30/03/2020,-0.130013
31/03/2020,-0.076499
01/04/2020,-0.062424
02/04/2020,-0.084598
03/04/2020,-0.096879
06/04/2020,-0.05014
07/04/2020,0.045119
08/04/2020,0.072608
09/04/2020,0.035059
14/04/2020,-0.00492
15/04/2020,-0.099567
16/04/2020,-0.118357
17/04/2020,-0.097886
20/04/2020,-0.066253
21/04/2020,-0.096285
22/04/2020,-0.057859
23/04/2020,-0.06927
24/04/2020,-0.097352
27/04/2020,-0.085914
28/04/2020,-0.095875
29/04/2020,-0.138398
30/04/2020,-0.182228
04/05/2020,-0.163995
05/05/2020,-0.158864
06/05/2020,-0.115454
07/05/2020,-0.10458
08/05/2020,-0.114041
11/05/2020,-0.101737
12/05/2020,-0.09121
13/05/2020,-0.135626
14/05/2020,-0.149903
15/05/2020,-0.172218
18/05/2020,-0.116279
19/05/2020,-0.079954
20/05/2020,-0.097882
21/05/2020,-0.115402
22/05/2020,-0.09825
25/05/2020,-0.106306
26/05/2020,-0.04605
27/05/2020,-0.023359
28/05/2020,-0.033424
29/05/2020,-0.055738
01/06/2020,0.004642
02/06/2020,-0.009359
03/06/2020,0.027515
04/06/2020,0.100394
05/06/2020,0.160503
08/06/2020,0.120179
09/06/2020,0.078095
10/06/2020,0.096562
11/06/2020,-0.012193
12/06/2020,-0.023054
15/06/2020,-0.044057
16/06/2020,-0.009559
17/06/2020,-0.030647
18/06/2020,-0.058457
19/06/2020,-0.067333
22/06/2020,-0.095646
23/06/2020,-0.048588
24/06/2020,-0.048261
25/06/2020,-0.09764
26/06/2020,-0.11009
29/06/2020,-0.08661
30/06/2020,-0.122197
01/07/2020,-0.025014
02/07/2020,-0.038424
03/07/2020,-0.052279
06/07/2020,-0.046089
07/07/2020,-0.062222
08/07/2020,-0.086692
09/07/2020,-0.100229
10/07/2020,-0.14313
13/07/2020,-0.070958
14/07/2020,-0.102843
15/07/2020,-0.080011
16/07/2020,-0.115664
17/07/2020,-0.107293
20/07/2020,-0.132645
21/07/2020,-0.098543
22/07/2020,-0.154302
23/07/2020,-0.152132
24/07/2020,-0.128555
27/07/2020,-0.154777
28/07/2020,-0.18114
29/07/2020,-0.17464
30/07/2020,-0.225032
31/07/2020,-0.183314
03/08/2020,-0.168247
04/08/2020,-0.232614
05/08/2020,-0.180578
06/08/2020,-0.206378
07/08/2020,-0.189816
10/08/2020,-0.200535
11/08/2020,-0.132261
12/08/2020,-0.1175
13/08/2020,-0.062417
14/08/2020,-0.076139
17/08/2020,-0.076842
18/08/2020,-0.099274
19/08/2020,-0.122066
20/08/2020,-0.171669
21/08/2020,-0.151617
24/08/2020,-0.162008
25/08/2020,-0.083006
26/08/2020,-0.06018
27/08/2020,-0.034207
28/08/2020,-0.037128
31/08/2020,-0.01622
01/09/2020,-0.018923
02/09/2020,-0.091879
03/09/2020,-0.142272
04/09/2020,-0.116875
07/09/2020,-0.108192
08/09/2020,-0.142455
09/09/2020,-0.112616
10/09/2020,-0.084558
11/09/2020,-0.097694
14/09/2020,-0.147091
15/09/2020,-0.133426
16/09/2020,-0.143512
17/09/2020,-0.162201
18/09/2020,-0.156509
21/09/2020,-0.190712
22/09/2020,-0.163303
23/09/2020,-0.160654
24/09/2020,-0.173593
25/09/2020,-0.188323
28/09/2020,-0.187237
29/09/2020,-0.197054
30/09/2020,-0.195346
01/10/2020,-0.183961
02/10/2020,-0.200963
05/10/2020,-0.179794
06/10/2020,-0.187357
07/10/2020,-0.155355
08/10/2020,-0.184596
09/10/2020,-0.213016
12/10/2020,-0.215136
13/10/2020,-0.228737
14/10/2020,-0.252648
15/10/2020,-0.30352
16/10/2020,-0.275911
19/10/2020,-0.28458
20/10/2020,-0.287894
21/10/2020,-0.259258
22/10/2020,-0.2499
23/10/2020,-0.235968
26/10/2020,-0.245974
27/10/2020,-0.282547
28/10/2020,-0.3098
29/10/2020,-0.303598
30/10/2020,-0.313003
02/11/2020,-0.313791
03/11/2020,-0.308807
04/11/2020,-0.332078
05/11/2020,-0.307532
06/11/2020,-0.292852
09/11/2020,-0.196149
10/11/2020,-0.150236
11/11/2020,-0.180383
12/11/2020,-0.209292
13/11/2020,-0.230323
16/11/2020,-0.239112
17/11/2020,-0.257048
18/11/2020,-0.25043
19/11/2020,-0.27334
20/11/2020,-0.277361
23/11/2020,-0.261227
24/11/2020,-0.261313
25/11/2020,-0.257353
26/11/2020,-0.275137
27/11/2020,-0.274767
30/11/2020,-0.266907
01/12/2020,-0.249249
02/12/2020,-0.198134
03/12/2020,-0.234898
04/12/2020,-0.232232
07/12/2020,-0.265059
08/12/2020,-0.295347
09/12/2020,-0.283402
10/12/2020,-0.291091
11/12/2020,-0.32221
14/12/2020,-0.304697
15/12/2020,-0.314606
16/12/2020,-0.259808
17/12/2020,-0.284685
18/12/2020,-0.280021
21/12/2020,-0.290543
22/12/2020,-0.296482
23/12/2020,-0.254478
28/12/2020,-0.266145
29/12/2020,-0.285423
30/12/2020,-0.289233
04/01/2021,-0.281879
05/01/2021,-0.285099
06/01/2021,-0.245751
07/01/2021,-0.245256
08/01/2021,-0.249554
11/01/2021,-0.210025
12/01/2021,-0.184703
13/01/2021,-0.226456
14/01/2021,-0.264298
15/01/2021,-0.235893
18/01/2021,-0.221069
19/01/2021,-0.208094
20/01/2021,-0.228626
21/01/2021,-0.189371
22/01/2021,-0.197977
25/01/2021,-0.242265
26/01/2021,-0.224495
27/01/2021,-0.23676
28/01/2021,-0.213379
29/01/2021,-0.176269
01/02/2021,-0.17673
02/02/2021,-0.150319
03/02/2021,-0.121647
04/02/2021,-0.099664
05/02/2021,-0.101867
08/02/2021,-0.060821
09/02/2021,-0.087378
10/02/2021,-0.091017
11/02/2021,-0.089638
12/02/2021,-0.040775
15/02/2021,0.005194
16/02/2021,0.033616
17/02/2021,0.03454
18/02/2021,0.067545
19/02/2021,0.090872
22/02/2021,0.064411
23/02/2021,0.109496
24/02/2021,0.128448
25/02/2021,0.147778
26/02/2021,0.10298
01/03/2021,0.045355
02/03/2021,0.070836
03/03/2021,0.102783
04/03/2021,0.09237
05/03/2021,0.111616
08/03/2021,0.115518
09/03/2021,0.08135
10/03/2021,0.080424
11/03/2021,0.061585
12/03/2021,0.117823
15/03/2021,0.117717
16/03/2021,0.081782
17/03/2021,0.139213
18/03/2021,0.18338
19/03/2021,0.167915
22/03/2021,0.156527
23/03/2021,0.118693
24/03/2021,0.106825
25/03/2021,0.064181
26/03/2021,0.101599
29/03/2021,0.129484
30/03/2021,0.171227
31/03/2021,0.141536
01/04/2021,0.125475
06/04/2021,0.136115
07/04/2021,0.127436
08/04/2021,0.099705
09/04/2021,0.153205
12/04/2021,0.155299
13/04/2021,0.153051
14/04/2021,0.164366
15/04/2021,0.172873
16/04/2021,0.19422
19/04/2021,0.222605
20/04/2021,0.207197
21/04/2021,0.166381
22/04/2021,0.162205
23/04/2021,0.1828
26/04/2021,0.181238
27/04/2021,0.192544
28/04/2021,0.207194
29/04/2021,0.269831
30/04/2021,0.251984
03/05/2021,0.255951
04/05/2021,0.214551
05/05/2021,0.233734
06/05/2021,0.24207
07/05/2021,0.241305
10/05/2021,0.262738
11/05/2021,0.309945
12/05/2021,0.349619
13/05/2021,0.352105
14/05/2021,0.329243
17/05/2021,0.357404
18/05/2021,0.359145
19/05/2021,0.367024
20/05/2021,0.355339
21/05/2021,0.32962
24/05/2021,0.338911
25/05/2021,0.299253
26/05/2021,0.254034
27/05/2021,0.286369
28/05/2021,0.286797
31/05/2021,0.287479
01/06/2021,0.281434
02/06/2021,0.267416
03/06/2021,0.275803
04/06/2021,0.248753
07/06/2021,0.2727
08/06/2021,0.228487
09/06/2021,0.193705
10/06/2021,0.220918
11/06/2021,0.180694
14/06/2021,0.201442
15/06/2021,0.21256
16/06/2021,0.213487
17/06/2021,0.219594
18/06/2021,0.184615
21/06/2021,0.210268
22/06/2021,0.239314
23/06/2021,0.216322
24/06/2021,0.215532
25/06/2021,0.238569
28/06/2021,0.229865
29/06/2021,0.239372
30/06/2021,0.200584
01/07/2021,0.19698
02/07/2021,0.173753
05/07/2021,0.186446
06/07/2021,0.148712
07/07/2021,0.075459
08/07/2021,0.056225
09/07/2021,0.105051
12/07/2021,0.100374
13/07/2021,0.108546
14/07/2021,0.086364
15/07/2021,0.056209
16/07/2021,0.031835
19/07/2021,-0.018848
20/07/2021,-0.044858
21/07/2021,-0.01664
22/07/2021,-0.014149
23/07/2021,-0.029514
26/07/2021,-0.012929
27/07/2021,-0.056412
28/07/2021,-0.044481
29/07/2021,-0.047625
30/07/2021,-0.059408
02/08/2021,-0.073989
03/08/2021,-0.113354
04/08/2021,-0.133195
05/08/2021,-0.141917
06/08/2021,-0.100541
09/08/2021,-0.114294
10/08/2021,-0.124761
11/08/2021,-0.09932
12/08/2021,-0.097937
13/08/2021,-0.114523
16/08/2021,-0.134921
17/08/2021,-0.119465
18/08/2021,-0.118069
19/08/2021,-0.126936
20/08/2021,-0.135408
23/08/2021,-0.113999
24/08/2021,-0.115101
25/08/2021,-0.064179
26/08/2021,-0.037707
27/08/2021,-0.035472
30/08/2021,-0.055697
31/08/2021,-0.032863
01/09/2021,-0.000681
02/09/2021,0.000852
03/09/2021,0.039227
06/09/2021,0.022447
07/09/2021,0.07436
08/09/2021,0.059627
09/09/2021,0.043402
10/09/2021,0.044126
13/09/2021,0.052062
14/09/2021,0.056452
15/09/2021,0.07519
16/09/2021,0.106515
17/09/2021,0.122955
20/09/2021,0.083063
21/09/2021,0.059019
22/09/2021,0.071571
23/09/2021,0.108697
24/09/2021,0.175369
27/09/2021,0.163482
28/09/2021,0.199572
29/09/2021,0.155645
30/09/2021,0.194687
01/10/2021,0.159863
04/10/2021,0.196953
05/10/2021,0.199945
06/10/2021,0.201568
07/10/2021,0.216168
08/10/2021,0.240379
11/10/2021,0.270536
12/10/2021,0.286525
13/10/2021,0.224743
14/10/2021,0.177887
15/10/2021,0.188466
18/10/2021,0.158191
19/10/2021,0.198482
20/10/2021,0.205472
21/10/2021,0.209905
22/10/2021,0.183179
25/10/2021,0.18235
26/10/2021,0.166346
27/10/2021,0.095454
28/10/2021,0.091339
29/10/2021,0.102682
01/11/2021,0.110047
02/11/2021,0.093877
03/11/2021,0.08812
04/11/2021,0.074134
05/11/2021,0.006998
08/11/2021,0.033948
09/11/2021,-0.039832
10/11/2021,-0.031131
11/11/2021,-0.000842
12/11/2021,-0.005379
15/11/2021,-0.009187
16/11/2021,0.027859
17/11/2021,0.018996
18/11/2021,-0.01304
19/11/2021,-0.070587
22/11/2021,-0.055526
23/11/2021,0.021381
24/11/2021,0.059076
25/11/2021,0.019307
26/11/2021,-0.062076
29/11/2021,-0.038467
30/11/2021,-0.115183
01/12/2021,-0.113558
02/12/2021,-0.142852
03/12/2021,-0.137043
06/12/2021,-0.164465
07/12/2021,-0.164658
08/12/2021,-0.123207
09/12/2021,-0.133074
10/12/2021,-0.126977
13/12/2021,-0.138059
15/12/2021,-0.12395
16/12/2021,-0.0945
17/12/2021,-0.128134
20/12/2021,-0.105984
21/12/2021,-0.036702
22/12/2021,-0.032044
23/12/2021,0.012632
24/12/2021,0.012398
27/12/2021,0.010629
28/12/2021,0.013044
29/12/2021,0.050092
30/12/2021,0.055839
31/12/2021,0.056398
03/01/2022,0.13811
04/01/2022,0.133429
05/01/2022,0.146858
06/01/2022,0.163405
07/01/2022,0.169249
10/01/2022,0.198774
11/01/2022,0.197897
12/01/2022,0.164901
13/01/2022,0.123429
14/01/2022,0.137554
17/01/2022,0.173527
18/01/2022,0.18183
19/01/2022,0.213302
20/01/2022,0.17583
21/01/2022,0.129124
24/01/2022,0.131043
25/01/2022,0.14395
26/01/2022,0.178925
27/01/2022,0.16656
28/01/2022,0.183606
31/01/2022,0.221532
01/02/2022,0.231024
02/02/2022,0.223476
03/02/2022,0.258857
04/02/2022,0.285961
07/02/2022,0.345214
08/02/2022,0.404522
09/02/2022,0.376911
10/02/2022,0.405935
11/02/2022,0.405682
14/02/2022,0.41347
15/02/2022,0.496133
16/02/2022,0.464073
17/02/2022,0.442002
18/02/2022,0.427848
21/02/2022,0.411322
22/02/2022,0.469642
23/02/2022,0.435958
24/02/2022,0.350022
25/02/2022,0.415613
28/02/2022,0.406712
01/03/2022,0.257579
02/03/2022,0.242099
03/03/2022,0.29849
04/03/2022,0.171053
07/03/2022,0.163196
08/03/2022,0.311098
09/03/2022,0.409477
10/03/2022,0.446557
11/03/2022,0.456187
14/03/2022,0.531452
15/03/2022,0.554184
16/03/2022,0.591017
17/03/2022,0.571644
18/03/2022,0.555656
21/03/2022,0.635192
22/03/2022,0.68089
23/03/2022,0.659134
24/03/2022,0.673063
25/03/2022,0.719767
28/03/2022,0.704826
29/03/2022,0.729395
30/03/2022,0.820831
31/03/2022,0.715189
01/04/2022,0.736491
04/04/2022,0.660747
05/04/2022,0.735069
06/04/2022,0.822229
07/04/2022,0.848641
08/04/2022,0.844098
11/04/2022,0.950751
12/04/2022,0.937722
13/04/2022,0.932079
14/04/2022,0.999974
19/04/2022,1.122198
20/04/2022,1.017643
21/04/2022,1.033875
22/04/2022,1.07568
25/04/2022,1.006218
26/04/2022,0.97429
27/04/2022,0.965567
28/04/2022,1.053966
29/04/2022,1.037265
02/05/2022,1.129802
03/05/2022,1.061978
04/05/2022,1.138635
05/05/2022,1.147528
06/05/2022,1.240074
09/05/2022,1.29231
10/05/2022,1.194933
11/05/2022,1.231025
12/05/2022,1.097463
13/05/2022,1.150175
16/05/2022,1.160201
17/05/2022,1.216836
18/05/2022,1.19595
19/05/2022,1.096681
20/05/2022,1.160957
23/05/2022,1.172184
24/05/2022,1.19465
25/05/2022,1.180885
26/05/2022,1.256121
27/05/2022,1.221968
30/05/2022,1.302802
31/05/2022,1.346288
01/06/2022,1.376929
02/06/2022,1.442657
03/06/2022,1.474332
06/06/2022,1.500264
07/06/2022,1.49119
08/06/2022,1.545773
09/06/2022,1.583061
10/06/2022,1.611021
13/06/2022,1.733839
14/06/2022,1.82912
15/06/2022,1.789009
16/06/2022,1.951526
17/06/2022,1.958036
20/06/2022,2.002538
21/06/2022,2.019311
22/06/2022,1.8975
23/06/2022,1.787649
24/06/2022,1.848765
27/06/2022,1.835249
28/06/2022,1.935945
29/06/2022,1.890215
30/06/2022,1.727648
01/07/2022,1.672857
04/07/2022,1.721783
05/07/2022,1.592393
06/07/2022,1.553586
07/07/2022,1.651043
08/07/2022,1.645812
11/07/2022,1.614326
12/07/2022,1.46599
13/07/2022,1.525144
14/07/2022,1.487732
15/07/2022,1.470813
18/07/2022,1.546341
19/07/2022,1.547538
20/07/2022,1.531371
21/07/2022,1.574449
22/07/2022,1.351201
25/07/2022,1.419805
26/07/2022,1.293371
27/07/2022,1.299585
28/07/2022,1.189944
29/07/2022,1.202619
01/08/2022,1.12707
02/08/2022,1.09558
03/08/2022,1.151186
04/08/2022,1.131778
05/08/2022,1.216411
08/08/2022,1.193666
09/08/2022,1.267675
10/08/2022,1.192022
11/08/2022,1.268239
12/08/2022,1.31669
15/08/2022,1.236865
16/08/2022,1.340684
17/08/2022,1.397271
18/08/2022,1.395439
19/08/2022,1.491213
22/08/2022,1.532671
23/08/2022,1.59436
24/08/2022,1.615315
25/08/2022,1.611822
26/08/2022,1.716394
29/08/2022,1.787803
30/08/2022,1.686439
31/08/2022,1.711013
01/09/2022,1.817215
02/09/2022,1.752539
05/09/2022,1.817427
06/09/2022,1.921434
07/09/2022,1.75979
08/09/2022,1.810782
09/09/2022,1.884474
12/09/2022,1.854512
13/09/2022,1.899406
14/09/2022,1.888491
15/09/2022,1.852144
16/09/2022,1.878166
19/09/2022,1.920268
20/09/2022,2.057559
21/09/2022,1.96994
22/09/2022,2.037934
23/09/2022,2.044993
26/09/2022,2.125705
27/09/2022,2.2349
28/09/2022,2.275878
29/09/2022,2.33662
30/09/2022,2.227155
03/10/2022,2.147088
04/10/2022,2.045083
05/10/2022,2.151515
06/10/2022,2.18562
07/10/2022,2.302539
10/10/2022,2.356483
11/10/2022,2.513167
12/10/2022,2.607593
13/10/2022,2.563385
14/10/2022,2.517823
17/10/2022,2.475134
18/10/2022,2.475625
19/10/2022,2.521551
20/10/2022,2.602662
21/10/2022,2.655259
24/10/2022,2.528285
25/10/2022,2.369513
26/10/2022,2.337263
27/10/2022,2.26133
28/10/2022,2.253876
31/10/2022,2.293531
01/11/2022,2.318585
02/11/2022,2.253524
03/11/2022,2.332673
04/11/2022,2.346965
07/11/2022,2.412071
08/11/2022,2.365773
09/11/2022,2.365773
10/11/2022,2.115587
11/11/2022,2.264704
14/11/2022,2.241783
15/11/2022,2.210946
16/11/2022,2.114218
17/11/2022,2.133736
18/11/2022,2.117087
21/11/2022,2.06564
22/11/2022,2.075306
23/11/2022,1.977022
24/11/2022,1.898951
25/11/2022,1.991879
28/11/2022,2.009891
29/11/2022,1.952215
30/11/2022,1.937417
01/12/2022,1.844371
02/12/2022,1.845639
05/12/2022,1.833405
06/12/2022,1.78283
07/12/2022,1.783866
08/12/2022,1.803686
09/12/2022,1.86836
12/12/2022,1.846698
13/12/2022,1.853146
14/12/2022,1.945432
15/12/2022,2.077656
16/12/2022,2.128713
19/12/2022,2.203312
20/12/2022,2.32214
21/12/2022,2.307426
22/12/2022,2.376486
23/12/2022,2.39776
27/12/2022,2.480566
28/12/2022,2.524944
29/12/2022,2.534986
30/12/2022,2.584189
02/01/2023,2.502845
03/01/2023,2.405933
04/01/2023,2.334964
05/01/2023,2.39156
06/01/2023,2.335634
09/01/2023,2.306688
10/01/2023,2.332962
11/01/2023,2.242267
12/01/2023,2.20373
13/01/2023,2.162672
16/01/2023,2.243714
17/01/2023,2.213604
18/01/2023,1.993749
19/01/2023,2.088725
20/01/2023,2.199827
23/01/2023,2.251403
24/01/2023,2.253459
25/01/2023,2.184758
26/01/2023,2.224572
27/01/2023,2.290053
30/01/2023,2.287411
31/01/2023,2.320668
01/02/2023,2.292252
02/02/2023,2.186993
03/02/2023,2.221097
06/02/2023,2.336264
07/02/2023,2.357559
08/02/2023,2.403151
09/02/2023,2.341393
10/02/2023,2.396838
13/02/2023,2.388532
14/02/2023,2.436583
15/02/2023,2.46916
16/02/2023,2.5507
17/02/2023,2.491356
20/02/2023,2.460657
21/02/2023,2.568165
22/02/2023,2.557173
23/02/2023,2.525779
24/02/2023,2.549957
27/02/2023,2.598095
28/02/2023,2.729233
01/03/2023,2.712794
02/03/2023,2.752552
03/03/2023,2.722217
06/03/2023,2.748634
07/03/2023,2.695307
08/03/2023,2.619125
09/03/2023,2.653964
10/03/2023,2.47737
13/03/2023,2.319874
14/03/2023,2.501449
15/03/2023,2.273574
16/03/2023,2.310427
17/03/2023,2.21463
20/03/2023,2.258298
21/03/2023,2.3614
22/03/2023,2.446361
23/03/2023,2.381351
24/03/2023,2.274025
27/03/2023,2.418568
28/03/2023,2.427835
29/03/2023,2.468776
30/03/2023,2.511499
31/03/2023,2.463212
03/04/2023,2.430734
04/04/2023,2.464596
05/04/2023,2.375723
06/04/2023,2.322376
11/04/2023,2.440995
12/04/2023,2.512199
13/04/2023,2.502276
14/04/2023,2.534356
17/04/2023,2.6325
18/04/2023,2.605173
19/04/2023,2.627137
20/04/2023,2.615332
21/04/2023,2.63393
24/04/2023,2.635621
25/04/2023,2.562399
26/04/2023,2.543288
27/04/2023,2.60547
28/04/2023,2.517154
02/05/2023,2.513267
03/05/2023,2.439903
04/05/2023,2.468098
05/05/2023,2.520989
08/05/2023,2.553759
09/05/2023,2.564894
10/05/2023,2.527766
11/05/2023,2.444262
12/05/2023,2.488899
15/05/2023,2.55405
16/05/2023,2.583604
17/05/2023,2.579085
18/05/2023,2.688285
19/05/2023,2.73584
22/05/2023,2.683759
23/05/2023,2.699041
24/05/2023,2.655729
25/05/2023,2.687678
26/05/2023,2.736245
29/05/2023,2.624437
30/05/2023,2.588529
31/05/2023,2.516525
01/06/2023,2.482985
02/06/2023,2.534157
05/06/2023,2.602079
06/06/2023,2.614997
07/06/2023,2.597408
08/06/2023,2.639229
09/06/2023,2.612209
12/06/2023,2.593739
13/06/2023,2.609443
14/06/2023,2.646582
15/06/2023,2.601139
16/06/2023,2.599016
19/06/2023,2.647276
20/06/2023,2.540595
21/06/2023,2.566076
22/06/2023,2.562274
23/06/2023,2.44787
26/06/2023,2.450041
27/06/2023,2.40509
28/06/2023,2.432252
29/06/2023,2.492855
30/06/2023,2.515763
03/07/2023,2.457986
04/07/2023,2.507836
05/07/2023,2.525806
06/07/2023,2.659904
07/07/2023,2.714147
10/07/2023,2.734134
11/07/2023,2.743008
12/07/2023,2.699764
13/07/2023,2.579
14/07/2023,2.572655
17/07/2023,2.579629
18/07/2023,2.482383
19/07/2023,2.501818
20/07/2023,2.549221
21/07/2023,2.539086
24/07/2023,2.51178
25/07/2023,2.543265
26/07/2023,2.569987
27/07/2023,2.53827
28/07/2023,2.625338
31/07/2023,2.62469
01/08/2023,2.659048
02/08/2023,2.67581
03/08/2023,2.755494
04/08/2023,2.725931
07/08/2023,2.752682
08/08/2023,2.610948
09/08/2023,2.660041
10/08/2023,2.665203
11/08/2023,2.772799
14/08/2023,2.79056
15/08/2023,2.825871
16/08/2023,2.806785
17/08/2023,2.849906
18/08/2023,2.777687
21/08/2023,2.863015
22/08/2023,2.830752
23/08/2023,2.699208
24/08/2023,2.684511
25/08/2023,2.715193
28/08/2023,2.729039
29/08/2023,2.727844
30/08/2023,2.70742
31/08/2023,2.652507
01/09/2023,2.709258
04/09/2023,2.747306
05/09/2023,2.79219
06/09/2023,2.792808
07/09/2023,2.785522
08/09/2023,2.751271
11/09/2023,2.801597
12/09/2023,2.81238
13/09/2023,2.807083
14/09/2023,2.779661
15/09/2023,2.856397
18/09/2023,2.884478
19/09/2023,2.899614
20/09/2023,2.890523
21/09/2023,2.937605
22/09/2023,2.954361
25/09/2023,3.008348
26/09/2023,3.015278
27/09/2023,3.01035
28/09/2023,3.200239
29/09/2023,3.038995
02/10/2023,3.115235
03/10/2023,3.174959
04/10/2023,3.206443
05/10/2023,3.161059
06/10/2023,3.174508
09/10/2023,3.087212
10/10/2023,3.080296
11/10/2023,2.932109
12/10/2023,2.991796
13/10/2023,2.98504
16/10/2023,3.047277
17/10/2023,3.143609
18/10/2023,3.161848
19/10/2023,3.153318
20/10/2023,3.150745
23/10/2023,3.176313
24/10/2023,3.094816
25/10/2023,3.143103
26/10/2023,3.141385
27/10/2023,3.146617
30/10/2023,3.14547
31/10/2023,3.066976
01/11/2023,3.072603
02/11/2023,2.994257
06/11/2023,3.035204
07/11/2023,2.967634
08/11/2023,2.880601
09/11/2023,2.9107
10/11/2023,2.991607
13/11/2023,3.025127
14/11/2023,2.897339
15/11/2023,2.911341
16/11/2023,2.848506
17/11/2023,2.870954
20/11/2023,2.878436
21/11/2023,2.836224
22/11/2023,2.785733
23/11/2023,2.869756
24/11/2023,2.896695
27/11/2023,2.830582
28/11/2023,2.790296
29/11/2023,2.698133
30/11/2023,2.765815
01/12/2023,2.729354
04/12/2023,2.647651
05/12/2023,2.559131
06/12/2023,2.488519
07/12/2023,2.487585
08/12/2023,2.558818
11/12/2023,2.546701
12/12/2023,2.511589
13/12/2023,2.464427
14/12/2023,2.457653
15/12/2023,2.333746
18/12/2023,2.390624
19/12/2023,2.314473
20/12/2023,2.271017
21/12/2023,2.278659
22/12/2023,2.299175
27/12/2023,2.25595
28/12/2023,2.283899
29/12/2023,2.390138
02/01/2024,2.39798
03/01/2024,2.398437
04/01/2024,2.471728
05/01/2024,2.49388
08/01/2024,2.493207
09/01/2024,2.501337
10/01/2024,2.498571
11/01/2024,2.489854
12/01/2024,2.493182
15/01/2024,2.546087
16/01/2024,2.533694
17/01/2024,2.589234
18/01/2024,2.619288
19/01/2024,2.612836
22/01/2024,2.552142
23/01/2024,2.617158
24/01/2024,2.612871
25/01/2024,2.600269
26/01/2024,2.614578
29/01/2024,2.561051
30/01/2024,2.569147
31/01/2024,2.505327
01/02/2024,2.48276
02/02/2024,2.499829
05/02/2024,2.594747
06/02/2024,2.611731
07/02/2024,2.600421
08/02/2024,2.641544
09/02/2024,2.666912
12/02/2024,2.656358
13/02/2024,2.658876
14/02/2024,2.652605
15/02/2024,2.597938
16/02/2024,2.656673
19/02/2024,2.670924
20/02/2024,2.634114
21/02/2024,2.667067
22/02/2024,2.643011
23/02/2024,2.603247
26/02/2024,2.6439
27/02/2024,2.682971
28/02/2024,2.701064
29/02/2024,2.652644
01/03/2024,2.694259
04/03/2024,2.640463
05/03/2024,2.562504
06/03/2024,2.562597
07/03/2024,2.546185
08/03/2024,2.526444
11/03/2024,2.568859
12/03/2024,2.570486
13/03/2024,2.583426
14/03/2024,2.66037
15/03/2024,2.66244
18/03/2024,2.680683
19/03/2024,2.683601
20/03/2024,2.663326
21/03/2024,2.672356
22/03/2024,2.598846
25/03/2024,2.618075
26/03/2024,2.614213
27/03/2024,2.556115
28/03/2024,2.544576
02/04/2024,2.69113
03/04/2024,2.687839
04/04/2024,2.613069
05/04/2024,2.648477
08/04/2024,2.672992
09/04/2024,2.612396
10/04/2024,2.643979
11/04/2024,2.693653
12/04/2024,2.5902
15/04/2024,2.678124
16/04/2024,2.742174
17/04/2024,2.714294
18/04/2024,2.715323
19/04/2024,2.730388
22/04/2024,2.739172
23/04/2024,2.719249
24/04/2024,2.813738
25/04/2024,2.865503
26/04/2024,2.786705
29/04/2024,2.762516
30/04/2024,2.793779
02/05/2024,2.771221
03/05/2024,2.712638
06/05/2024,2.70624
07/05/2024,2.669234
08/05/2024,2.69758
09/05/2024,2.748199
10/05/2024,2.742836
13/05/2024,2.741659
14/05/2024,2.76803
15/05/2024,2.700071
16/05/2024,2.693744
17/05/2024,2.748836
20/05/2024,2.763177
21/05/2024,2.735406
22/05/2024,2.761945
23/05/2024,2.80444
24/05/2024,2.811978
27/05/2024,2.768438
28/05/2024,2.79291
29/05/2024,2.894723
30/05/2024,2.911042
31/05/2024,2.871166
03/06/2024,2.833145
04/06/2024,2.764041
05/06/2024,2.739021
06/06/2024,2.787117
07/06/2024,2.83749
10/06/2024,2.90209
11/06/2024,2.90687
12/06/2024,2.808662
13/06/2024,2.798671
14/06/2024,2.653216
17/06/2024,2.706389
18/06/2024,2.689464
19/06/2024,2.69427
20/06/2024,2.730863
21/06/2024,2.702651
24/06/2024,2.737266
25/06/2024,2.715552
26/06/2024,2.744659
27/06/2024,2.748949
28/06/2024,2.766044
01/07/2024,2.875192
02/07/2024,2.882598
03/07/2024,2.880835
04/07/2024,2.861886
05/07/2024,2.848928
08/07/2024,2.813507
09/07/2024,2.825582
10/07/2024,2.801461
11/07/2024,2.767554
12/07/2024,2.787865
15/07/2024,2.784633
16/07/2024,2.734489
17/07/2024,2.722594
18/07/2024,2.7126
19/07/2024,2.783654
22/07/2024,2.770176
23/07/2024,2.759172
24/07/2024,2.778847
25/07/2024,2.764082
26/07/2024,2.738261
29/07/2024,2.676061
30/07/2024,2.677446
31/07/2024,2.650591
01/08/2024,2.616219
02/08/2024,2.545759
05/08/2024,2.47033
06/08/2024,2.469305
07/08/2024,2.587803
08/08/2024,2.599917
09/08/2024,2.547765
12/08/2024,2.55514
13/08/2024,2.52462
14/08/2024,2.507773
15/08/2024,2.574983
16/08/2024,2.546347
19/08/2024,2.557502
20/08/2024,2.534613
21/08/2024,2.519538
22/08/2024,2.533629
23/08/2024,2.556575
26/08/2024,2.562962
27/08/2024,2.609698
28/08/2024,2.568676
29/08/2024,2.585787
30/08/2024,2.587772
02/09/2024,2.654923
03/09/2024,2.572465
04/09/2024,2.553479
05/09/2024,2.525613
06/09/2024,2.530687
09/09/2024,2.532861
10/09/2024,2.52799
11/09/2024,2.45953
12/09/2024,2.483128
13/09/2024,2.507078
16/09/2024,2.494632
17/09/2024,2.474739
18/09/2024,2.532759
19/09/2024,2.562211
20/09/2024,2.583542
23/09/2024,2.579474
24/09/2024,2.5786
25/09/2024,2.570941
26/09/2024,2.535169
27/09/2024,2.519246
30/09/2024,2.511411
01/10/2024,2.418682
02/10/2024,2.508531
03/10/2024,2.547692
04/10/2024,2.571667
07/10/2024,2.613603
08/10/2024,2.628775
09/10/2024,2.611664
10/10/2024,2.629353
11/10/2024,2.652729
14/10/2024,2.644362
15/10/2024,2.587299
16/10/2024,2.532009
17/10/2024,2.572275
18/10/2024,2.557999
21/10/2024,2.647109
22/10/2024,2.674378
23/10/2024,2.711902
24/10/2024,2.646919
25/10/2024,2.652428
28/10/2024,2.63641
29/10/2024,2.679985
30/10/2024,2.685186
31/10/2024,2.698457
01/11/2024,2.691954
04/11/2024,2.661294
05/11/2024,2.674485
06/11/2024,2.721909
07/11/2024,2.737365
08/11/2024,2.671336
11/11/2024,2.636445
12/11/2024,2.587429
13/11/2024,2.621027
14/11/2024,2.621671
15/11/2024,2.642072
18/11/2024,2.653855
19/11/2024,2.612856
20/11/2024,2.622813
21/11/2024,2.586612
22/11/2024,2.565525
25/11/2024,2.479678
26/11/2024,2.474812
27/11/2024,2.415384
28/11/2024,2.399937
29/11/2024,2.357334
02/12/2024,2.323789
03/12/2024,2.297109
04/12/2024,2.335425
05/12/2024,2.349054
06/12/2024,2.335693
09/12/2024,2.36061
10/12/2024,2.379311
11/12/2024,2.394549
12/12/2024,2.461476
13/12/2024,2.512622
16/12/2024,2.522252
17/12/2024,2.496227
18/12/2024,2.5195
19/12/2024,2.582243
20/12/2024,2.5637
23/12/2024,2.581349
24/12/2024,2.581791
27/12/2024,2.604784
30/12/2024,2.629104
02/01/2025,2.625759
03/01/2025,2.673312
06/01/2025,2.719691
07/01/2025,2.727952
08/01/2025,2.805642
09/01/2025,2.81009
10/01/2025,2.850071
13/01/2025,2.866641
14/01/2025,2.907925
15/01/2025,2.828355
16/01/2025,2.859833
17/01/2025,2.793735
20/01/2025,2.806757
21/01/2025,2.785039
22/01/2025,2.785039
23/01/2025,2.815609
24/01/2025,2.841334
27/01/2025,2.800113
28/01/2025,2.811692
29/01/2025,2.822616
30/01/2025,2.773192
31/01/2025,2.738414
03/02/2025,2.653421
04/02/2025,2.678882
05/02/2025,2.615829
06/02/2025,2.628417
07/02/2025,2.661433
10/02/2025,2.636347
11/02/2025,2.707276
12/02/2025,2.758899
13/02/2025,2.691746
14/02/2025,2.697934
17/02/2025,2.761881
18/02/2025,2.767371
19/02/2025,2.820861
20/02/2025,2.821174
21/02/2025,2.750366
24/02/2025,2.759083
25/02/2025,2.754238
26/02/2025,2.734956
27/02/2025,2.729263
28/02/2025,2.712983
03/03/2025,2.842088
04/03/2025,2.861974
05/03/2025,3.054375
06/03/2025,3.165378
07/03/2025,3.120565
10/03/2025,3.125519
11/03/2025,3.185883
12/03/2025,3.194257
13/03/2025,3.191464
14/03/2025,3.226923
17/03/2025,3.132287
18/03/2025,3.182502
19/03/2025,3.119108
20/03/2025,3.090218
21/03/2025,3.12812
24/03/2025,3.146287
25/03/2025,3.160191