Path_ID,Year,Allocation Level,0,1,2,3,4,5
0,2025,0.01,0.06995984167592094,0.3510180986032482,0.23144641100423652,0.09726540297918973,0.15791087612407256,0.09239936961333207
0,2025,0.02,0.06995984167592094,0.3510180986032482,0.23144641100423652,0.09726540297918973,0.15791087612407256,0.09239936961333207
0,2025,0.03,0.06995984167592094,0.3510180986032482,0.23144641100423652,0.09726540297918973,0.15791087612407256,0.09239936961333207
0,2025,0.04,0.06995984167592094,0.3510180986032482,0.23144641100423652,0.09726540297918973,0.15791087612407256,0.09239936961333207
0,2025,0.05,0.06995984167592094,0.3510180986032482,0.23144641100423652,0.09726540297918973,0.15791087612407256,0.09239936961333207
0,2025,0.06,0.06995984167592094,0.3510180986032482,0.23144641100423652,0.09726540297918973,0.15791087612407256,0.09239936961333207
0,2025,0.07,0.06995984167592094,0.3510180986032482,0.23144641100423652,0.09726540297918973,0.15791087612407256,0.09239936961333207
0,2025,0.08,0.06995984167592094,0.3510180986032482,0.23144641100423652,0.09726540297918973,0.15791087612407256,0.09239936961333207
0,2025,0.09,0.06995984167592094,0.3510180986032482,0.23144641100423652,0.09726540297918973,0.15791087612407256,0.09239936961333207
0,2025,0.1,0.06995984167592094,0.3510180986032482,0.23144641100423652,0.09726540297918973,0.15791087612407256,0.09239936961333207
0,2025,0.11,0.06995984167592094,0.3510180986032482,0.23144641100423652,0.09726540297918973,0.15791087612407256,0.09239936961333207
0,2025,0.12,0.06995984167592094,0.3510180986032482,0.23144641100423652,0.09726540297918973,0.15791087612407256,0.09239936961333207
0,2025,0.13,0.06995984167592094,0.3510180986032482,0.23144641100423652,0.09726540297918973,0.15791087612407256,0.09239936961333207
0,2025,0.14,0.06995984167592094,0.3510180986032482,0.23144641100423652,0.09726540297918973,0.15791087612407256,0.09239936961333207
0,2025,0.15,0.06995984167592094,0.3510180986032482,0.23144641100423652,0.09726540297918973,0.15791087612407256,0.09239936961333207
0,2025,0.16,0.06995984167592094,0.3510180986032482,0.23144641100423652,0.09726540297918973,0.15791087612407256,0.09239936961333207
0,2025,0.17,0.06995984167592094,0.3510180986032482,0.23144641100423652,0.09726540297918973,0.15791087612407256,0.09239936961333207
0,2025,0.18,0.06995984167592094,0.3510180986032482,0.23144641100423652,0.09726540297918973,0.15791087612407256,0.09239936961333207
0,2025,0.19,0.06995984167592094,0.3510180986032482,0.23144641100423652,0.09726540297918973,0.15791087612407256,0.09239936961333207
0,2025,0.2,0.06995984167592094,0.3510180986032482,0.23144641100423652,0.09726540297918973,0.15791087612407256,0.09239936961333207
0,2025,0.21,0.06995984167592094,0.3510180986032482,0.23144641100423652,0.09726540297918973,0.15791087612407256,0.09239936961333207
0,2025,0.22,0.06995984167592094,0.3510180986032482,0.23144641100423652,0.09726540297918973,0.15791087612407256,0.09239936961333207
0,2025,0.23,0.06995984167592094,0.3510180986032482,0.23144641100423652,0.09726540297918973,0.15791087612407256,0.09239936961333207
0,2025,0.24,0.06995984167592094,0.3510180986032482,0.23144641100423652,0.09726540297918973,0.15791087612407256,0.09239936961333207
0,2025,0.25,0.06995984167592094,0.3510180986032482,0.23144641100423652,0.09726540297918973,0.15791087612407256,0.09239936961333207
0,2025,0.26,0.06995984167592094,0.3510180986032482,0.23144641100423652,0.09726540297918973,0.15791087612407256,0.09239936961333207
0,2025,0.27,0.06995984167592094,0.3510180986032482,0.23144641100423652,0.09726540297918973,0.15791087612407256,0.09239936961333207
0,2025,0.28,0.06995984167592094,0.3510180986032482,0.23144641100423652,0.09726540297918973,0.15791087612407256,0.09239936961333207
0,2025,0.29,0.06995984167592094,0.3510180986032482,0.23144641100423652,0.09726540297918973,0.15791087612407256,0.09239936961333207
0,2025,0.3,0.06995984167592094,0.3510180986032482,0.23144641100423652,0.09726540297918973,0.15791087612407256,0.09239936961333207
0,2025,0.31,0.06995984167592094,0.3510180986032482,0.23144641100423652,0.09726540297918973,0.15791087612407256,0.09239936961333207
0,2025,0.32,0.06995984167592094,0.3510180986032482,0.23144641100423652,0.09726540297918973,0.15791087612407256,0.09239936961333207
0,2025,0.33,0.06995984167592094,0.3510180986032482,0.23144641100423652,0.09726540297918973,0.15791087612407256,0.09239936961333207
0,2025,0.34,0.06995984167592094,0.3510180986032482,0.23144641100423652,0.09726540297918973,0.15791087612407256,0.09239936961333207
0,2025,0.35000000000000003,0.06995984167592094,0.3510180986032482,0.23144641100423652,0.09726540297918973,0.15791087612407256,0.09239936961333207
0,2025,0.36,0.06995984167592094,0.3510180986032482,0.23144641100423652,0.09726540297918973,0.15791087612407256,0.09239936961333207
0,2025,0.37,0.06995984167592094,0.3510180986032482,0.23144641100423652,0.09726540297918973,0.15791087612407256,0.09239936961333207
0,2025,0.38,0.06995984167592094,0.3510180986032482,0.23144641100423652,0.09726540297918973,0.15791087612407256,0.09239936961333207
0,2025,0.39,0.06995984167592094,0.3510180986032482,0.23144641100423652,0.09726540297918973,0.15791087612407256,0.09239936961333207
0,2025,0.4,0.06995984167592094,0.3510180986032482,0.23144641100423652,0.09726540297918973,0.15791087612407256,0.09239936961333207
0,2025,0.41000000000000003,0.06995984167592094,0.3510180986032482,0.23144641100423652,0.09726540297918973,0.15791087612407256,0.09239936961333207
0,2025,0.42,0.06995984167592094,0.3510180986032482,0.23144641100423652,0.09726540297918973,0.15791087612407256,0.09239936961333207
0,2025,0.43,0.06995984167592094,0.3510180986032482,0.23144641100423652,0.09726540297918973,0.15791087612407256,0.09239936961333207
0,2025,0.44,0.06995984167592094,0.3510180986032482,0.23144641100423652,0.09726540297918973,0.15791087612407256,0.09239936961333207
0,2025,0.45,0.06995984167592094,0.3510180986032482,0.23144641100423652,0.09726540297918973,0.15791087612407256,0.09239936961333207
0,2025,0.46,0.06995984167592094,0.3510180986032482,0.23144641100423652,0.09726540297918973,0.15791087612407256,0.09239936961333207
0,2025,0.47000000000000003,0.06995984167592094,0.3510180986032482,0.23144641100423652,0.09726540297918973,0.15791087612407256,0.09239936961333207
0,2025,0.48,0.06995984167592094,0.3510180986032482,0.23144641100423652,0.09726540297918973,0.15791087612407256,0.09239936961333207
0,2025,0.49,0.06995984167592094,0.3510180986032482,0.23144641100423652,0.09726540297918973,0.15791087612407256,0.09239936961333207
0,2025,0.5,0.06995984167592094,0.3510180986032482,0.23144641100423652,0.09726540297918973,0.15791087612407256,0.09239936961333207
0,2025,0.51,0.06995984167592094,0.3510180986032482,0.23144641100423652,0.09726540297918973,0.15791087612407256,0.09239936961333207
0,2025,0.52,0.06995984167592094,0.3510180986032482,0.23144641100423652,0.09726540297918973,0.15791087612407256,0.09239936961333207
0,2025,0.53,0.06995984167592094,0.3510180986032482,0.23144641100423652,0.09726540297918973,0.15791087612407256,0.09239936961333207
0,2025,0.54,0.06995984167592094,0.3510180986032482,0.23144641100423652,0.09726540297918973,0.15791087612407256,0.09239936961333207
0,2025,0.55,0.06995984167592094,0.3510180986032482,0.23144641100423652,0.09726540297918973,0.15791087612407256,0.09239936961333207
0,2025,0.56,0.06995984167592094,0.3510180986032482,0.23144641100423652,0.09726540297918973,0.15791087612407256,0.09239936961333207
0,2025,0.5700000000000001,0.06995984167592094,0.3510180986032482,0.23144641100423652,0.09726540297918973,0.15791087612407256,0.09239936961333207
0,2025,0.58,0.06995984167592094,0.3510180986032482,0.23144641100423652,0.09726540297918973,0.15791087612407256,0.09239936961333207
0,2025,0.59,0.06995984167592094,0.3510180986032482,0.23144641100423652,0.09726540297918973,0.15791087612407256,0.09239936961333207
0,2025,0.6,0.06995984167592094,0.3510180986032482,0.23144641100423652,0.09726540297918973,0.15791087612407256,0.09239936961333207
0,2025,0.61,0.06995984167592094,0.3510180986032482,0.23144641100423652,0.09726540297918973,0.15791087612407256,0.09239936961333207
0,2025,0.62,0.06995984167592094,0.3510180986032482,0.23144641100423652,0.09726540297918973,0.15791087612407256,0.09239936961333207
0,2025,0.63,0.06995984167592094,0.3510180986032482,0.23144641100423652,0.09726540297918973,0.15791087612407256,0.09239936961333207
0,2025,0.64,0.06995984167592094,0.3510180986032482,0.23144641100423652,0.09726540297918973,0.15791087612407256,0.09239936961333207
0,2025,0.65,0.06995984167592094,0.3510180986032482,0.23144641100423652,0.09726540297918973,0.15791087612407256,0.09239936961333207
0,2025,0.66,0.06995984167592094,0.3510180986032482,0.23144641100423652,0.09726540297918973,0.15791087612407256,0.09239936961333207
0,2025,0.67,0.06995984167592094,0.3510180986032482,0.23144641100423652,0.09726540297918973,0.15791087612407256,0.09239936961333207
0,2025,0.68,0.06995984167592094,0.3510180986032482,0.23144641100423652,0.09726540297918973,0.15791087612407256,0.09239936961333207
0,2025,0.6900000000000001,0.06995984167592094,0.3510180986032482,0.23144641100423652,0.09726540297918973,0.15791087612407256,0.09239936961333207
0,2025,0.7000000000000001,0.06995984167592094,0.3510180986032482,0.23144641100423652,0.09726540297918973,0.15791087612407256,0.09239936961333207
0,2025,0.71,0.06995984167592094,0.3510180986032482,0.23144641100423652,0.09726540297918973,0.15791087612407256,0.09239936961333207
0,2025,0.72,0.06995984167592094,0.3510180986032482,0.23144641100423652,0.09726540297918973,0.15791087612407256,0.09239936961333207
0,2025,0.73,0.06995984167592094,0.3510180986032482,0.23144641100423652,0.09726540297918973,0.15791087612407256,0.09239936961333207
0,2025,0.74,0.06995984167592094,0.3510180986032482,0.23144641100423652,0.09726540297918973,0.15791087612407256,0.09239936961333207
0,2025,0.75,0.06995984167592094,0.3510180986032482,0.23144641100423652,0.09726540297918973,0.15791087612407256,0.09239936961333207
0,2025,0.76,0.06995984167592094,0.3510180986032482,0.23144641100423652,0.09726540297918973,0.15791087612407256,0.09239936961333207
0,2025,0.77,0.06995984167592094,0.3510180986032482,0.23144641100423652,0.09726540297918973,0.15791087612407256,0.09239936961333207
0,2025,0.78,0.06995984167592094,0.3510180986032482,0.23144641100423652,0.09726540297918973,0.15791087612407256,0.09239936961333207
0,2025,0.79,0.06995984167592094,0.3510180986032482,0.23144641100423652,0.09726540297918973,0.15791087612407256,0.09239936961333207
0,2025,0.8,0.06995984167592094,0.3510180986032482,0.23144641100423652,0.09726540297918973,0.15791087612407256,0.09239936961333207
0,2025,0.81,0.06995984167592094,0.3510180986032482,0.23144641100423652,0.09726540297918973,0.15791087612407256,0.09239936961333207
0,2025,0.8200000000000001,0.06995984167592094,0.3510180986032482,0.23144641100423652,0.09726540297918973,0.15791087612407256,0.09239936961333207
0,2025,0.8300000000000001,0.06995984167592094,0.3510180986032482,0.23144641100423652,0.09726540297918973,0.15791087612407256,0.09239936961333207
0,2025,0.84,0.06995984167592094,0.3510180986032482,0.23144641100423652,0.09726540297918973,0.15791087612407256,0.09239936961333207
0,2025,0.85,0.06995984167592094,0.3510180986032482,0.23144641100423652,0.09726540297918973,0.15791087612407256,0.09239936961333207
0,2025,0.86,0.06995984167592094,0.3510180986032482,0.23144641100423652,0.09726540297918973,0.15791087612407256,0.09239936961333207
0,2025,0.87,0.06995984167592094,0.3510180986032482,0.23144641100423652,0.09726540297918973,0.15791087612407256,0.09239936961333207
0,2025,0.88,0.06995984167592094,0.3510180986032482,0.23144641100423652,0.09726540297918973,0.15791087612407256,0.09239936961333207
0,2025,0.89,0.06995984167592094,0.3510180986032482,0.23144641100423652,0.09726540297918973,0.15791087612407256,0.09239936961333207
0,2025,0.9,0.06995984167592094,0.3510180986032482,0.23144641100423652,0.09726540297918973,0.15791087612407256,0.09239936961333207
0,2025,0.91,0.06995984167592094,0.3510180986032482,0.23144641100423652,0.09726540297918973,0.15791087612407256,0.09239936961333207
0,2025,0.92,0.06995984167592094,0.3510180986032482,0.23144641100423652,0.09726540297918973,0.15791087612407256,0.09239936961333207
0,2025,0.93,0.06995984167592094,0.3510180986032482,0.23144641100423652,0.09726540297918973,0.15791087612407256,0.09239936961333207
0,2025,0.9400000000000001,0.06995984167592094,0.3510180986032482,0.23144641100423652,0.09726540297918973,0.15791087612407256,0.09239936961333207
0,2025,0.9500000000000001,0.06995984167592094,0.3510180986032482,0.23144641100423652,0.09726540297918973,0.15791087612407256,0.09239936961333207
0,2025,0.96,0.06995984167592094,0.3510180986032482,0.23144641100423652,0.09726540297918973,0.15791087612407256,0.09239936961333207
0,2025,0.97,0.06995984167592094,0.3510180986032482,0.23144641100423652,0.09726540297918973,0.15791087612407256,0.09239936961333207
0,2025,0.98,0.06995984167592094,0.3510180986032482,0.23144641100423652,0.09726540297918973,0.15791087612407256,0.09239936961333207
0,2025,0.99,0.06995984167592094,0.3510180986032482,0.23144641100423652,0.09726540297918973,0.15791087612407256,0.09239936961333207
0,2025,1.0,0.06995984167592094,0.3510180986032482,0.23144641100423652,0.09726540297918973,0.15791087612407256,0.09239936961333207
0,2026,0.01,0.21455843862886478,0.11302013293169294,0.002836484584361705,0.2040283229053972,0.26135850050550846,0.2041981204441749
0,2026,0.02,0.21455843862886478,0.11302013293169294,0.002836484584361705,0.2040283229053972,0.26135850050550846,0.2041981204441749
0,2026,0.03,0.21455843862886478,0.11302013293169294,0.002836484584361705,0.2040283229053972,0.26135850050550846,0.2041981204441749
0,2026,0.04,1.0,0.0,0.0,0.0,0.0,0.0
0,2026,0.05,1.0,0.0,0.0,0.0,0.0,0.0
0,2026,0.06,1.0,0.0,0.0,0.0,0.0,0.0
0,2026,0.07,1.0,0.0,0.0,0.0,0.0,3.248406155857788e-17
0,2026,0.08,0.9999999999997297,7.528011736036315e-14,0.0,1.157873580847033e-13,7.663141354808293e-14,3.360706030877575e-14
0,2026,0.09,1.0,1.6146837970811857e-14,0.0,0.0,0.0,0.0
0,2026,0.1,1.0,3.9521955410638704e-13,0.0,0.0,0.0,0.0
0,2026,0.11,0.9999999999999918,2.741429465839765e-14,0.0,0.0,0.0,0.0
0,2026,0.12,0.9999999999999984,2.4422896946486274e-14,0.0,0.0,0.0,0.0
0,2026,0.13,0.9999999999999143,0.0,2.707012801525093e-16,2.835739647141938e-16,2.485907731397459e-16,1.2113934802946406e-16
0,2026,0.14,0.9999999999999929,1.0950047652267749e-14,0.0,0.0,0.0,0.0
0,2026,0.15,0.9999999999998379,0.0,0.0,3.110123415912183e-16,2.5435560798043922e-17,1.227178262278941e-16
0,2026,0.16,0.9999999999999929,7.391190911746454e-15,0.0,6.50969856167142e-16,0.0,0.0
0,2026,0.17,1.0,3.138339479382155e-16,1.2247070145203346e-16,0.0,0.0,0.0
0,2026,0.18,1.0,1.535188006449905e-13,0.0,0.0,0.0,4.2688135624570514e-17
0,2026,0.19,1.0,4.2954218859636695e-17,6.285934143586793e-17,5.059970579732684e-17,0.0,0.0
0,2026,0.2,0.9999999999999963,5.190433933648624e-15,1.668917446390232e-18,0.0,0.0,0.0
0,2026,0.21,1.0,0.0,0.0,6.937510616374357e-16,3.9695822160824853e-16,1.0024034348498308e-16
0,2026,0.22,0.9999999999999997,4.83356430546293e-16,0.0,0.0,1.2092221377870985e-17,0.0
0,2026,0.23,1.0,0.0,0.0,0.0,1.0351702881567481e-16,2.1742593300951703e-16
0,2026,0.24,1.0,1.3876876789612168e-16,1.2514823226184567e-16,0.0,0.0,0.0
0,2026,0.25,0.9999999999999999,5.579393931786183e-14,3.1773240946318385e-17,0.0,2.3322912879054016e-16,3.077434186509411e-17
0,2026,0.26,0.9999999999999994,6.239285636307724e-16,3.1446381201807985e-17,1.4691333007767755e-17,1.640062461166704e-17,0.0
0,2026,0.27,0.9999999999999998,3.4582321577926814e-16,0.0,2.9734780775398963e-17,0.0,0.0
0,2026,0.28,1.0,3.132677069853006e-13,0.0,7.938638176202262e-17,3.2627166353322343e-17,2.5666653960623564e-17
0,2026,0.29,0.9999999999999988,1.6585305573028805e-15,1.1340425120078196e-16,0.0,0.0,0.0
0,2026,0.3,0.9999999999999997,6.559833000400677e-16,6.75019637010485e-17,0.0,1.4006823736168216e-16,0.0
0,2026,0.31,0.999999999999999,1.3517334188524896e-15,1.0372043580579533e-17,0.0,0.0,1.3727089860685093e-16
0,2026,0.32,1.0,0.0,1.7261883608309527e-17,0.0,1.9772983309985495e-16,2.203247328890491e-16
0,2026,0.33,0.9999999999995097,0.0,1.9071715273404016e-16,0.0,5.850456220271045e-16,5.910787779756846e-16
0,2026,0.34,0.9999999999999992,6.679334942150466e-16,1.9512408916460984e-17,1.2859652513359512e-16,0.0,0.0
0,2026,0.35000000000000003,0.9999999999999998,3.559975275673367e-17,0.0,0.0,1.2336403030980265e-16,1.1472929773833435e-16
0,2026,0.36,1.0,0.0,0.0,9.927626140505843e-17,1.891353155181112e-17,0.0
0,2026,0.37,0.9999999999999996,5.283837157379762e-16,6.489023968448903e-18,0.0,9.60242181414911e-17,5.795855749188284e-17
0,2026,0.38,0.9999999999999999,0.0,1.687497434679636e-16,0.0,3.5238109342189724e-16,2.1644779006459666e-16
0,2026,0.39,0.9999999999999998,2.811742662024371e-16,0.0,8.369362180724723e-17,1.9655778100280844e-17,2.3469150681526137e-17
0,2026,0.4,1.0,0.0,6.835227944633376e-18,8.709528840391192e-17,2.6457923010120646e-17,3.2931372309511636e-17
0,2026,0.41000000000000003,1.0,5.536370779515786e-16,0.0,3.781704884929786e-16,0.0,0.0
0,2026,0.42,1.0,0.0,3.341487352355039e-18,3.172731649697239e-17,0.0,4.473288319068453e-17
0,2026,0.43,0.9999999999999999,4.517562973987518e-16,0.0,0.0,0.0,0.0
0,2026,0.44,1.0,0.0,1.17468097735214e-16,0.0,0.0,0.0
0,2026,0.45,1.0,0.0,6.663508750231595e-17,3.995242082698243e-17,1.1767575431852994e-17,0.0
0,2026,0.46,0.9999999999999998,9.832181541543265e-17,0.0,1.8329116259699316e-16,0.0,2.6020881231593037e-17
0,2026,0.47000000000000003,1.0,0.0,2.5213172296709752e-17,0.0,0.0,2.2584637822492574e-17
0,2026,0.48,0.9999999999999997,5.369103584406829e-16,1.9541547021801784e-18,0.0,1.7180782859357334e-18,0.0
0,2026,0.49,1.0,0.0,2.29449325987739e-17,0.0,9.067144790959442e-18,0.0
0,2026,0.5,1.0,0.0,5.022857134386428e-17,1.1614806343098295e-16,2.2472995728235368e-17,3.6350783536049825e-17
0,2026,0.51,1.0,0.0,0.0,5.628243735763364e-17,1.9166444229475893e-17,1.3853881737407876e-17
0,2026,0.52,1.0,1.6794170288323794e-17,3.3631385334726366e-17,0.0,2.2954527044464662e-17,2.5631085097820473e-20
0,2026,0.53,1.0,1.2557981219948408e-14,2.802923459276797e-17,0.0,5.4991592341579354e-17,0.0
0,2026,0.54,1.0,6.82963067425381e-14,9.620197037100099e-17,0.0,1.6713760863855683e-17,2.0178440432107445e-16
0,2026,0.55,1.0,2.1077389702845962e-13,0.0,2.909529096452458e-17,1.4491702936524876e-16,1.21555480670875e-17
0,2026,0.56,1.0,7.145328244342162e-17,1.5940772381071012e-18,0.0,0.0,0.0
0,2026,0.5700000000000001,1.0,0.0,0.0,0.0,2.421756390469994e-17,3.424249392398445e-17
0,2026,0.58,1.0,5.3472504108839154e-14,9.374212546532151e-17,0.0,0.0,0.0
0,2026,0.59,1.0,0.0,0.0,5.488278497426623e-17,4.1936219474075315e-18,8.825545957961204e-17
0,2026,0.6,1.0,1.4201980171860105e-16,0.0,4.573171219897945e-18,0.0,6.000286433190113e-18
0,2026,0.61,1.0,5.658963005548799e-17,0.0,0.0,0.0,0.0
0,2026,0.62,1.0,1.0775264940765747e-17,0.0,1.0050427222950147e-17,0.0,0.0
0,2026,0.63,1.0,5.159264468829209e-17,2.7323430353219088e-17,0.0,1.7268540324942896e-17,3.984853287461122e-17
0,2026,0.64,0.9999999999999999,0.0,4.158601357993875e-17,1.852573865977229e-17,5.3973870433532893e-17,1.0403459180809981e-17
0,2026,0.65,1.0,0.0,1.1979421852411566e-17,1.087626769551088e-16,0.0,0.0
0,2026,0.66,1.0,0.0,0.0,1.279510052608669e-16,7.717026230872356e-17,0.0
0,2026,0.67,1.0,0.0,0.0,4.629017332281199e-17,2.5643665824149614e-17,2.963909876263757e-18
0,2026,0.68,0.999999999999979,0.0,0.0,0.0,7.123615131124672e-17,8.86703602573668e-17
0,2026,0.6900000000000001,1.0,0.0,2.1655699163780817e-17,0.0,0.0,3.2436809789869294e-17
0,2026,0.7000000000000001,0.9855182199171647,0.014481780082836281,0.0,7.21976772498311e-17,0.0,0.0
0,2026,0.71,0.959599251914335,0.04040074808568001,0.0,0.0,0.0,0.0
0,2026,0.72,0.9330535812523337,0.06694641874766673,0.0,0.0,0.0,0.0
0,2026,0.73,0.9099233192486624,0.0900766807513957,0.0,0.0,3.175997995834309e-17,1.0429259219712656e-16
0,2026,0.74,0.8888957171650438,0.11110428283484812,2.0189162622184823e-18,0.0,5.311341235147425e-17,0.0
0,2026,0.75,0.868711497556433,0.1312885024435676,0.0,1.0690664394095024e-16,9.892505464973018e-17,9.166274186238624e-17
0,2026,0.76,0.8505226788135021,0.14947732118649712,0.0,1.1296288899584815e-17,0.0,5.7676449521434085e-18
0,2026,0.77,0.8336339147463512,0.1663660852536487,0.0,3.893963028892794e-18,2.6568972176209015e-17,0.0
0,2026,0.78,0.8180092162665935,0.18199078373340724,0.0,0.0,2.605171179732715e-17,0.0
0,2026,0.79,0.8036015426722691,0.1963984573277322,1.4024431528236435e-17,0.0,0.0,0.0
0,2026,0.8,0.7892759209898399,0.21072407901015963,9.921142263749796e-18,0.0,0.0,0.0
0,2026,0.81,0.7761161451338876,0.22388385486611231,0.0,1.1484985445487854e-18,0.0,3.105499600648036e-17
0,2026,0.8200000000000001,0.7639134933929922,0.23608650660700725,0.0,3.3314443708421786e-17,0.0,0.0
0,2026,0.8300000000000001,0.7520505103094839,0.2479494896905163,0.0,0.0,3.287381640553732e-17,1.6487938379547935e-18
0,2026,0.84,0.7417505887763168,0.2582494112236832,2.7151284663273227e-18,0.0,1.6376180870400987e-17,2.3265770871517644e-18
0,2026,0.85,0.7311725334482233,0.2688274665517767,0.0,3.7791025665655013e-17,3.0228668476173406e-17,1.957642916789854e-17
0,2026,0.86,0.7215765402018088,0.2784234597981913,0.0,1.5403766540101328e-17,3.2478892284771365e-17,0.0
0,2026,0.87,0.7124106221830231,0.28758937781697674,0.0,1.0959734096216608e-16,2.966027906351191e-17,1.872829611656193e-17
0,2026,0.88,0.7034609063517733,0.2965390936482267,1.2988073153655857e-18,2.890183998843668e-17,1.1554605228668609e-17,2.8809878487845735e-18
0,2026,0.89,0.6953655099110947,0.30463449008890553,0.0,0.0,0.0,1.7460740544040494e-17
0,2026,0.9,0.6877472588588363,0.31225274114116397,0.0,5.490342173793664e-17,0.0,3.7393556652295744e-17
0,2026,0.91,0.675486484052772,0.3033969679257581,0.021116548021525277,0.0,2.2502419696514635e-17,0.0
0,2026,0.92,0.6614626293206621,0.27743692037033296,0.061100450268977105,4.0093797320936224e-11,1.9451086359149213e-17,0.0
0,2026,0.93,0.6481022350101828,0.2535182334614781,0.09837953152834017,1.4754771948322584e-17,9.658321624735748e-18,0.0
0,2026,0.9400000000000001,0.6361603098108711,0.23374143228410002,0.13009825790502907,4.227544419675525e-19,2.9412466931275962e-18,0.0
0,2026,0.9500000000000001,0.6251820668361489,0.21300588710237764,0.16181204606152094,1.3838928142329976e-19,0.0,2.5245907674361893e-17
0,2026,0.96,0.6148138392049461,0.19612786879570263,0.18905829199964083,1.7078056115249643e-17,0.0,1.2380182083990562e-17
0,2026,0.97,0.6054115437223566,0.17905773304364006,0.2155307232337656,2.75849101063519e-17,6.193004407042843e-17,0.0
0,2026,0.98,0.5966300624120392,0.16382171511847154,0.23954822246998572,1.7946757975208107e-17,8.621099463143822e-17,4.00948993793972e-17
0,2026,0.99,0.588286706817831,0.148429031189522,0.26328426199264676,1.532578255568544e-17,0.0,8.965190412019728e-19
0,2026,1.0,0.5805498123114922,0.13536787362866776,0.2840823140598418,3.1350799634187327e-18,0.0,0.0
0,2027,0.01,0.29018342311179623,0.03767254273772265,0.21088353513135347,0.06097867130393358,0.13089338257037708,0.26938844514481713
0,2027,0.02,0.29018342311179623,0.03767254273772265,0.21088353513135347,0.06097867130393358,0.13089338257037708,0.26938844514481713
0,2027,0.03,1.0,0.0,0.0,0.0,0.0,0.0
0,2027,0.04,0.9999999999999988,5.805761226487925e-17,6.728644372475764e-17,1.6849922266866242e-17,1.216270725494242e-17,0.0
0,2027,0.05,0.9999999999999968,0.0,2.0650489169222806e-15,8.488414142101534e-16,6.58701302220862e-16,6.222150628461756e-16
0,2027,0.06,1.0,5.4681256947414413e-14,0.0,0.0,0.0,0.0
0,2027,0.07,0.9999999999999946,7.994052957968514e-15,0.0,0.0,0.0,0.0
0,2027,0.08,1.0,0.0,0.0,9.603631911690198e-16,1.6949334167293291e-15,3.2208248370879697e-15
0,2027,0.09,0.9999999999998512,0.0,1.1943205856668147e-16,1.0475760684921346e-16,0.0,7.580484228017453e-17
0,2027,0.1,1.0,0.0,3.204974727855255e-16,0.0,1.62255810275324e-16,3.822137495347944e-16
0,2027,0.11,1.0,4.4558129706862493e-17,0.0,1.1013679061182086e-16,4.0016974318395376e-17,0.0
0,2027,0.12,1.0,0.0,1.273473453219552e-16,2.4543586745456867e-16,2.241984123552274e-16,6.221240054502828e-17
0,2027,0.13,0.9999999999999981,2.4501250336692113e-15,0.0,0.0,3.823859483723282e-17,0.0
0,2027,0.14,0.9999999999999998,6.522470454939551e-14,3.571840112558922e-17,0.0,0.0,0.0
0,2027,0.15,1.0,6.880877977371837e-14,2.4142193381136266e-16,0.0,0.0,0.0
0,2027,0.16,1.0,7.523618957767717e-14,0.0,3.994724483629142e-17,1.8830431812692887e-16,2.52426571553797e-16
0,2027,0.17,0.9999999999999996,4.453234546593317e-16,0.0,5.647486187542889e-17,2.44596764647452e-17,5.2015353759714274e-18
0,2027,0.18,1.0,2.1002102961927943e-16,0.0,1.9459928856103555e-17,1.184424013007615e-17,7.479679177148157e-17
0,2027,0.19,1.0,0.0,0.0,1.1912948708316402e-16,0.0,0.0
0,2027,0.2,0.9999999999999997,5.748170930322085e-16,0.0,6.194001232987394e-17,1.0100204021929622e-16,4.498718485456622e-17
0,2027,0.21,0.9999999999999991,1.1522313553944777e-15,0.0,4.8582842554497135e-17,0.0,0.0
0,2027,0.22,0.9999999999999997,4.848078118141877e-16,0.0,0.0,0.0,6.267687233050871e-17
0,2027,0.23,1.0,0.0,0.0,0.0,1.969240563304922e-17,0.0
0,2027,0.24,0.9999999999999999,2.460266784698307e-16,3.8953380887519146e-17,0.0,0.0,0.0
0,2027,0.25,1.0,0.0,1.37888572267369e-17,0.0,2.2886591836964016e-17,6.854539538340128e-17
0,2027,0.26,0.9999999999999999,6.506572470274057e-17,2.4327384674340987e-16,0.0,0.0,0.0
0,2027,0.27,1.0,0.0,0.0,0.0,1.5725011337826e-17,6.122441995461023e-17
0,2027,0.28,1.0,7.589840189209287e-17,0.0,0.0,0.0,1.3316643133629767e-17
0,2027,0.29,1.0,0.0,5.1866741020918805e-17,0.0,2.671499623818638e-17,5.3536465090403767e-17
0,2027,0.3,1.0,0.0,0.0,0.0,1.992308467316593e-17,4.213894248343138e-17
0,2027,0.31,1.0,2.0506735969130192e-16,0.0,0.0,0.0,0.0
0,2027,0.32,1.0,1.6376455251051312e-16,0.0,0.0,1.014009269113198e-17,3.797348945878988e-17
0,2027,0.33,1.0,0.0,0.0,0.0,0.0,0.0
0,2027,0.34,1.0,1.8652708839912535e-16,0.0,0.0,0.0,0.0
0,2027,0.35000000000000003,0.9999999999999999,5.0410013575968767e-17,6.542684893960344e-17,0.0,1.5041094072181388e-17,3.551515659150432e-18
0,2027,0.36,1.0,0.0,1.825627789493136e-17,1.1324959152567204e-17,0.0,0.0
0,2027,0.37,0.9494086978521805,0.05059130214781994,0.0,0.0,0.0,4.186090440925324e-17
0,2027,0.38,0.9016769951217404,0.0983230048782596,1.2237384661679528e-16,0.0,3.570808264263053e-17,4.210930632292369e-18
0,2027,0.39,0.8610139806398788,0.1389860193600574,0.0,1.9304486501893006e-16,4.8451452285200806e-17,1.025394099076494e-16
0,2027,0.4,0.8265131261350249,0.17348687386515912,0.0,0.0,0.0,0.0
0,2027,0.41000000000000003,0.7960620517786091,0.20393794822139055,0.0,0.0,0.0,3.817889399222433e-17
0,2027,0.42,0.7696672767917637,0.23033272320823678,4.2376214588571427e-17,1.0750270101595516e-18,0.0,3.8505353373039834e-18
0,2027,0.43,0.7462489404407084,0.2537510595592916,0.0,0.0,0.0,0.0
0,2027,0.44,0.7248313642069316,0.2751686357930774,0.0,5.43538099436167e-18,0.0,0.0
0,2027,0.45,0.7063885834778706,0.2936114165221294,1.0447697995401515e-17,4.508828184963016e-17,3.9357139540672756e-20,9.363495822916011e-18
0,2027,0.46,0.6895059120717308,0.3104940879282692,3.902827353236381e-17,0.0,0.0,0.0
0,2027,0.47000000000000003,0.6637136377756914,0.28158800095367786,0.05469836127077889,7.791711250630153e-18,1.587551885294724e-22,0.0
0,2027,0.48,0.6374851636572,0.23529071791721803,0.12722411842378775,1.9028631812137344e-12,1.1619299920457683e-18,0.0
0,2027,0.49,0.6148106414324185,0.19611141822266975,0.189077940344912,6.625543468536421e-18,0.0,4.844556320399973e-17
0,2027,0.5,0.5962911905108764,0.16292242594786305,0.24078638354126078,4.65719445418774e-18,0.0,6.203466834170372e-17
0,2027,0.51,0.5800466971460361,0.13288734898667612,0.2870659538669035,0.0,4.534811971217549e-17,0.0
0,2027,0.52,0.5654553280672897,0.10839507289794827,0.3261495990351502,2.7563988259208083e-18,3.040408067987485e-17,3.1114616952050395e-18
0,2027,0.53,0.5530320209266905,0.08629652340700983,0.3606714556660768,7.95486989137205e-18,0.0,5.799711891965389e-17
0,2027,0.54,0.541444450358751,0.06670437961602235,0.39185117002522657,8.026768271070649e-18,1.1737706471826905e-17,2.3961666621076337e-18
0,2027,0.55,0.5177806166916608,0.059256453628767955,0.3714550699300138,0.0,0.05150785974955946,1.8676638537802142e-18
0,2027,0.56,0.49482562930259033,0.054712331060947784,0.3457451677379495,0.0,0.10471687189850763,0.0
0,2027,0.5700000000000001,0.47497874229177983,0.05128892887100121,0.32265531161819394,0.0,0.15107701721901523,0.0
0,2027,0.58,0.4579010689955964,0.04775410174454601,0.3030228406144334,1.0184955809080538e-17,0.1913219886454242,0.0
0,2027,0.59,0.4426869453332262,0.044585972789829856,0.28612591969765744,1.1795776134972593e-17,0.22660116217928766,2.8135440177850307e-17
0,2027,0.6,0.42922936087217145,0.04219729207729524,0.27053460814672387,0.0,0.2580387389034059,0.0
0,2027,0.61,0.41736386515639623,0.039694353428395425,0.2572506208807068,3.3146614113226316e-18,0.28569116053507826,0.0
0,2027,0.62,0.40640103205424866,0.03778432382175428,0.24439042333618405,7.107433731133282e-18,0.31142422078821896,1.0559090311688662e-21
0,2027,0.63,0.39670811069154077,0.03582959782677412,0.23314354023804829,1.1549458541701398e-19,0.3343187512436366,4.1297350898846127e-17
0,2027,0.64,0.38799506741279466,0.0342154883574239,0.2236033865563908,7.750799489159422e-20,0.3541860576732926,1.0385626779045942e-17
0,2027,0.65,0.0,0.0,0.0,0.0,0.0,1.0
0,2027,0.66,0.0,0.0,0.0,0.0,0.0,1.0
0,2027,0.67,0.0,0.0,0.0,0.0,0.0,1.0
0,2027,0.68,0.0,0.0,0.0,0.0,0.0,1.0
0,2027,0.6900000000000001,0.0,0.0,0.0,0.0,0.0,1.0
0,2027,0.7000000000000001,0.0,0.0,0.0,0.0,0.0,1.0
0,2027,0.71,0.0,0.0,0.0,0.0,0.0,1.0
0,2027,0.72,0.0,0.0,0.0,0.0,0.0,1.0
0,2027,0.73,0.0,0.0,0.0,0.0,0.0,1.0
0,2027,0.74,0.0,0.0,0.0,0.0,0.0,1.0
0,2027,0.75,0.0,0.0,0.0,0.0,0.0,1.0
0,2027,0.76,0.0,0.0,0.0,0.0,0.0,1.0
0,2027,0.77,0.0,0.0,0.0,0.0,0.0,1.0
0,2027,0.78,0.0,0.0,0.0,0.0,0.0,1.0
0,2027,0.79,0.0,0.0,0.0,0.0,0.0,1.0
0,2027,0.8,0.0,0.0,0.0,0.0,0.0,1.0
0,2027,0.81,0.0,0.0,0.0,0.0,0.0,1.0
0,2027,0.8200000000000001,0.0,0.0,0.0,0.0,0.0,1.0
0,2027,0.8300000000000001,0.0,0.0,0.0,0.0,0.0,1.0
0,2027,0.84,0.0,0.0,0.0,0.0,0.0,1.0
0,2027,0.85,0.0,0.0,0.0,0.0,0.0,1.0
0,2027,0.86,0.0,0.0,0.0,0.0,0.0,1.0
0,2027,0.87,0.0,0.0,0.0,0.0,0.0,1.0
0,2027,0.88,0.0,0.0,0.0,0.0,0.0,1.0
0,2027,0.89,0.0,0.0,0.0,0.0,0.0,1.0
0,2027,0.9,0.0,0.0,0.0,0.0,0.0,1.0
0,2027,0.91,0.0,0.0,0.0,0.0,0.0,1.0
0,2027,0.92,0.0,0.0,0.0,0.0,0.0,1.0
0,2027,0.93,0.0,0.0,0.0,0.0,0.0,1.0
0,2027,0.9400000000000001,0.0,0.0,0.0,0.0,0.0,1.0
0,2027,0.9500000000000001,0.0,0.0,0.0,0.0,0.0,1.0
0,2027,0.96,0.0,0.0,0.0,0.0,0.0,1.0
0,2027,0.97,0.0,0.0,0.0,0.0,0.0,1.0
0,2027,0.98,0.0,0.0,0.0,0.0,0.0,1.0
0,2027,0.99,0.0,0.0,0.0,0.0,0.0,1.0
0,2027,1.0,0.0,0.0,0.0,0.0,0.0,1.0
0,2028,0.01,0.21452412926241055,0.16046471148824465,0.12953070195442634,0.2278341929240835,0.23365332280928047,0.03399294156155457
0,2028,0.02,1.0,0.0,0.0,0.0,0.0,0.0
0,2028,0.03,1.0,0.0,7.574827165713556e-17,3.7107162479366627e-16,6.521223421186961e-17,4.69211359424644e-18
0,2028,0.04,1.0,7.950307079340746e-13,0.0,0.0,0.0,0.0
0,2028,0.05,0.9999999999999967,0.0,0.0,6.428739277814985e-16,0.0,0.0
0,2028,0.06,1.0,0.0,2.1466855605088884e-15,0.0,4.620161502060626e-15,4.292442873602165e-16
0,2028,0.07,0.9999999999999996,6.106226635438361e-16,0.0,4.4819058206960635e-16,0.0,0.0
0,2028,0.08,0.999999999999651,7.771561172376096e-16,0.0,0.0,0.0,1.2510589742923102e-16
0,2028,0.09,0.9999999999999997,9.871567527045704e-16,0.0,0.0,0.0,1.1335043194304742e-17
0,2028,0.1,0.999999999999999,1.2088766693487958e-15,0.0,0.0,6.824246384015909e-17,0.0
0,2028,0.11,1.0,3.7144414808606184e-13,1.950608758339756e-16,1.4978689966276e-16,0.0,4.0652601069437564e-17
0,2028,0.12,1.0,0.0,0.0,1.7942246657111534e-16,0.0,0.0
0,2028,0.13,0.9999999999997605,0.0,1.661705686642892e-16,2.8686171723672396e-16,0.0,0.0
0,2028,0.14,1.0,0.0,5.693832370531465e-17,0.0,0.0,0.0
0,2028,0.15,0.9999999999999998,0.0,6.88356021634713e-17,8.496520348954234e-17,0.0,0.0
0,2028,0.16,1.0,0.0,0.0,0.0,1.1024008159597919e-16,4.699903333003259e-17
0,2028,0.17,1.0,0.0,0.0,4.5165941928431096e-17,1.1411650247571813e-17,5.2641484143983127e-17
0,2028,0.18,0.9999999999999998,4.134426330909395e-16,2.3222812862119046e-17,0.0,0.0,0.0
0,2028,0.19,1.0,0.0,7.503321559469513e-17,0.0,6.330426172356762e-17,2.175087305186638e-17
0,2028,0.2,1.0,0.0,3.257141961571565e-17,4.633766232350606e-17,0.0,0.0
0,2028,0.21,1.0,0.0,0.0,4.566473989002768e-17,1.1237691936484675e-17,5.0099500118413193e-17
0,2028,0.22,1.0,1.5574075674621708e-16,0.0,0.0,0.0,7.215252795628813e-17
0,2028,0.23,1.0,5.2153430634207725e-17,9.842448796861228e-18,0.0,0.0,0.0
0,2028,0.24,1.0,0.0,9.282336086644762e-18,0.0,4.2899309164551835e-17,1.0002314091810917e-17
0,2028,0.25,1.0,8.218613435745585e-17,1.5595792176111773e-17,0.0,7.321127314384511e-18,0.0
0,2028,0.26,0.9325226247561311,0.06747737524387246,0.0,4.4723345550018226e-17,0.0,0.0
0,2028,0.27,0.8666663963706166,0.1333336036293862,0.0,8.159218521037592e-17,0.0,0.0
0,2028,0.28,0.8142711467391418,0.1857288532608586,2.0785781488558255e-17,0.0,0.0,1.845448016046089e-17
0,2028,0.29,0.7715444018120725,0.22845559818792752,4.510566509413092e-18,2.7438551154343772e-17,0.0,2.21814687743629e-17
0,2028,0.3,0.7363043372393887,0.26369566276061135,1.2530556729196643e-17,5.6658448097867346e-18,2.7200703243889147e-17,0.0
0,2028,0.31,0.706651275873366,0.293348724126634,4.336343769150836e-18,1.4247009149389756e-17,7.576303774694685e-18,2.327455784179966e-18
0,2028,0.32,0.6785369647573011,0.30652235231614827,0.01494068292655469,2.7594656489598287e-18,0.0,6.135382695159858e-19
0,2028,0.33,0.6361927791050391,0.23199349758654425,0.13181372330842764,3.010544114350124e-17,0.0,2.0614063968736348e-18
0,2028,0.34,0.6035759563348252,0.17553282771425244,0.2208912159511321,1.4870309228464848e-17,1.667672274339289e-17,0.0
0,2028,0.35000000000000003,0.5778083053353509,0.1301626841667445,0.29202901049867236,4.87962482507811e-18,1.5106670376115977e-17,1.0655882329466256e-17
0,2028,0.36,0.5565607384875515,0.09266826073502231,0.3507710007774258,2.906263380775633e-17,0.0,0.0
0,2028,0.37,0.5378053719506213,0.06292308111025277,0.39452279831510884,2.485901760935021e-18,0.004748748624386582,1.8945396763950425e-18
0,2028,0.38,0.49913024644287585,0.05561580542397726,0.35022982830658467,0.0,0.0950241198270315,0.0
0,2028,0.39,0.46848868585089903,0.04971537721585823,0.316031063782431,6.84026262833578e-08,0.1657648047481865,7.527721346105474e-18
0,2028,0.4,0.44392263021739653,0.04511288864176768,0.2872858393929258,8.60251905424959e-18,0.2236786417478947,4.185197667390445e-23
0,2028,0.41000000000000003,0.42346020250272176,0.040851069013021574,0.2644264843096879,1.5595104972223406e-18,0.27126224417454475,7.897438602930324e-23
0,2028,0.42,0.4062586427296002,0.0374789761737398,0.24468637597144666,1.293369718879979e-19,0.31157600512778133,1.1848308800652693e-18
0,2028,0.43,0.3913395625018256,0.034724559107034605,0.2277386680366589,3.6645850884217356e-24,0.3461972103545453,3.255835655468454e-25
0,2028,0.44,0.0,0.0,0.0,0.0,0.0,1.0
0,2028,0.45,0.0,0.0,0.0,0.0,0.0,1.0
0,2028,0.46,0.0,0.0,0.0,0.0,0.0,1.0
0,2028,0.47000000000000003,0.0,0.0,0.0,0.0,0.0,1.0
0,2028,0.48,0.0,0.0,0.0,0.0,0.0,1.0
0,2028,0.49,0.0,0.0,0.0,0.0,0.0,1.0
0,2028,0.5,0.0,0.0,0.0,0.0,0.0,1.0
0,2028,0.51,0.0,0.0,0.0,0.0,0.0,1.0
0,2028,0.52,0.0,0.0,0.0,0.0,0.0,1.0
0,2028,0.53,0.0,0.0,0.0,0.0,0.0,1.0
0,2028,0.54,0.0,0.0,0.0,0.0,0.0,1.0
0,2028,0.55,0.0,0.0,0.0,0.0,0.0,1.0
0,2028,0.56,0.0,0.0,0.0,0.0,0.0,1.0
0,2028,0.5700000000000001,0.0,0.0,0.0,0.0,0.0,1.0
0,2028,0.58,0.0,0.0,0.0,0.0,0.0,1.0
0,2028,0.59,0.0,0.0,0.0,0.0,0.0,1.0
0,2028,0.6,0.0,0.0,0.0,0.0,0.0,1.0
0,2028,0.61,0.0,0.0,0.0,0.0,0.0,1.0
0,2028,0.62,0.0,0.0,0.0,0.0,0.0,1.0
0,2028,0.63,0.0,0.0,0.0,0.0,0.0,1.0
0,2028,0.64,0.0,0.0,0.0,0.0,0.0,1.0
0,2028,0.65,0.0,0.0,0.0,0.0,0.0,1.0
0,2028,0.66,0.0,0.0,0.0,0.0,0.0,1.0
0,2028,0.67,0.0,0.0,0.0,0.0,0.0,1.0
0,2028,0.68,0.0,0.0,0.0,0.0,0.0,1.0
0,2028,0.6900000000000001,0.0,0.0,0.0,0.0,0.0,1.0
0,2028,0.7000000000000001,0.0,0.0,0.0,0.0,0.0,1.0
0,2028,0.71,0.0,0.0,0.0,0.0,0.0,1.0
0,2028,0.72,0.0,0.0,0.0,0.0,0.0,1.0
0,2028,0.73,0.0,0.0,0.0,0.0,0.0,1.0
0,2028,0.74,0.0,0.0,0.0,0.0,0.0,1.0
0,2028,0.75,0.0,0.0,0.0,0.0,0.0,1.0
0,2028,0.76,0.0,0.0,0.0,0.0,0.0,1.0
0,2028,0.77,0.0,0.0,0.0,0.0,0.0,1.0
0,2028,0.78,0.0,0.0,0.0,0.0,0.0,1.0
0,2028,0.79,0.0,0.0,0.0,0.0,0.0,1.0
0,2028,0.8,0.0,0.0,0.0,0.0,0.0,1.0
0,2028,0.81,0.0,0.0,0.0,0.0,0.0,1.0
0,2028,0.8200000000000001,0.0,0.0,0.0,0.0,0.0,1.0
0,2028,0.8300000000000001,0.0,0.0,0.0,0.0,0.0,1.0
0,2028,0.84,0.0,0.0,0.0,0.0,0.0,1.0
0,2028,0.85,0.0,0.0,0.0,0.0,0.0,1.0
0,2028,0.86,0.0,0.0,0.0,0.0,0.0,1.0
0,2028,0.87,0.0,0.0,0.0,0.0,0.0,1.0
0,2028,0.88,0.0,0.0,0.0,0.0,0.0,1.0
0,2028,0.89,0.0,0.0,0.0,0.0,0.0,1.0
0,2028,0.9,0.0,0.0,0.0,0.0,0.0,1.0
0,2028,0.91,0.0,0.0,0.0,0.0,0.0,1.0
0,2028,0.92,0.0,0.0,0.0,0.0,0.0,1.0
0,2028,0.93,0.0,0.0,0.0,0.0,0.0,1.0
0,2028,0.9400000000000001,0.0,0.0,0.0,0.0,0.0,1.0
0,2028,0.9500000000000001,0.0,0.0,0.0,0.0,0.0,1.0
0,2028,0.96,0.0,0.0,0.0,0.0,0.0,1.0
0,2028,0.97,0.0,0.0,0.0,0.0,0.0,1.0
0,2028,0.98,0.0,0.0,0.0,0.0,0.0,1.0
0,2028,0.99,0.0,0.0,0.0,0.0,0.0,1.0
0,2028,1.0,0.0,0.0,0.0,0.0,0.0,1.0
0,2029,0.01,1.0,0.0,0.0,0.0,0.0,2.4641277448684183e-16
0,2029,0.02,1.0,0.0,0.0,0.0,0.0,0.0
0,2029,0.03,1.0,0.0,0.0,1.0632736465328614e-16,0.0,1.1408476873163197e-16
0,2029,0.04,1.0,5.227014057725759e-14,0.0,0.0,0.0,0.0
0,2029,0.05,0.9999999999999183,0.0,3.037985186333113e-16,2.3016342317859033e-16,2.1776547681532394e-16,1.1494585101210517e-17
0,2029,0.06,1.0,0.0,0.0,1.763323307376504e-16,0.0,0.0
0,2029,0.07,1.0,0.0,5.060726235764006e-16,7.763002741895191e-16,1.341103432650993e-16,0.0
0,2029,0.08,0.9999999999999998,0.0,1.7104937534261975e-16,9.576374075894545e-17,1.0072693031338204e-16,0.0
0,2029,0.09,0.9999999999999999,2.6903076831684893e-13,0.0,0.0,3.05662155841011e-17,1.3822510895388805e-17
0,2029,0.1,1.0,0.0,1.364576369117897e-16,1.0243500628435258e-16,0.0,3.474380302312517e-17
0,2029,0.11,0.9999999999999996,5.39801734226411e-16,0.0,7.802233857994636e-17,9.174883369967194e-17,0.0
0,2029,0.12,0.9999999999999997,0.0,1.379154806011025e-16,0.0,9.22850106838803e-17,1.201407409661856e-16
0,2029,0.13,0.9999999999999996,6.117124947710135e-16,8.726680279622136e-18,0.0,0.0,0.0
0,2029,0.14,1.0,6.034325155155805e-17,0.0,2.8525558889511176e-17,1.000221888248051e-17,5.126160022668398e-18
0,2029,0.15,1.0,0.0,1.2276428604763424e-17,0.0,6.54187857434445e-17,0.0
0,2029,0.16,1.0,1.2470974957562461e-16,0.0,0.0,0.0,3.398193648201068e-17
0,2029,0.17,1.0,0.0,0.0,3.1336415887922433e-17,0.0,0.0
0,2029,0.18,1.0,9.698676587686996e-17,5.2394609618565225e-17,2.024781463107692e-17,1.3934325701799655e-17,0.0
0,2029,0.19,0.9125596368205622,0.08744036317943803,0.0,0.0,0.0,9.325801166830085e-19
0,2029,0.2,0.826406121257325,0.17359387873977192,2.9026005905532683e-12,0.0,0.0,1.675213779500813e-17
0,2029,0.21,0.7636556295425215,0.23634437045747858,0.0,0.0,0.0,1.6090120400698584e-18
0,2029,0.22,0.7157127276469529,0.2842872723530412,0.0,1.0910687945991474e-17,4.068017746950586e-18,2.3863964387153323e-19
0,2029,0.23,0.6696584557567387,0.2915564414310844,0.038785102812175516,9.629755842444107e-19,0.0,3.548875096669855e-18
0,2029,0.24,0.613222669910192,0.19222802829262894,0.1945493017971794,3.3036025638281027e-19,0.0,0.0
0,2029,0.25,0.5738358564346707,0.12292040848691703,0.30324373507777763,2.426278650789898e-17,7.324451974317282e-18,0.0
0,2029,0.26,0.5445749254497309,0.07151306742920857,0.38391200712106627,1.3024425424673045e-17,0.0,0.0
0,2029,0.27,0.4934859585368368,0.05473033477315458,0.3437816476993126,6.174502168824599e-09,0.10800205281617825,1.4104814968354106e-19
0,2029,0.28,0.45147421349663636,0.04680232649242728,0.29543743807311923,2.9188195418927133e-18,0.2062860219377597,0.0
0,2029,0.29,0.42015653412703624,0.040624858263615754,0.26056640939815295,0.0,0.2786521982111959,0.0
0,2029,0.3,0.39577247965860424,0.03574255014946135,0.23236522665711332,1.7751757103693833e-18,0.3361197435345168,2.4875982430040836e-18
0,2029,0.31,0.0,0.0,0.0,0.0,0.0,1.0
0,2029,0.32,0.0,0.0,0.0,0.0,0.0,1.0
0,2029,0.33,0.0,0.0,0.0,0.0,0.0,1.0
0,2029,0.34,0.0,0.0,0.0,0.0,0.0,1.0
0,2029,0.35000000000000003,0.0,0.0,0.0,0.0,0.0,1.0
0,2029,0.36,0.0,0.0,0.0,0.0,0.0,1.0
0,2029,0.37,0.0,0.0,0.0,0.0,0.0,1.0
0,2029,0.38,0.0,0.0,0.0,0.0,0.0,1.0
0,2029,0.39,0.0,0.0,0.0,0.0,0.0,1.0
0,2029,0.4,0.0,0.0,0.0,0.0,0.0,1.0
0,2029,0.41000000000000003,0.0,0.0,0.0,0.0,0.0,1.0
0,2029,0.42,0.0,0.0,0.0,0.0,0.0,1.0
0,2029,0.43,0.0,0.0,0.0,0.0,0.0,1.0
0,2029,0.44,0.0,0.0,0.0,0.0,0.0,1.0
0,2029,0.45,0.0,0.0,0.0,0.0,0.0,1.0
0,2029,0.46,0.0,0.0,0.0,0.0,0.0,1.0
0,2029,0.47000000000000003,0.0,0.0,0.0,0.0,0.0,1.0
0,2029,0.48,0.0,0.0,0.0,0.0,0.0,1.0
0,2029,0.49,0.0,0.0,0.0,0.0,0.0,1.0
0,2029,0.5,0.0,0.0,0.0,0.0,0.0,1.0
0,2029,0.51,0.0,0.0,0.0,0.0,0.0,1.0
0,2029,0.52,0.0,0.0,0.0,0.0,0.0,1.0
0,2029,0.53,0.0,0.0,0.0,0.0,0.0,1.0
0,2029,0.54,0.0,0.0,0.0,0.0,0.0,1.0
0,2029,0.55,0.0,0.0,0.0,0.0,0.0,1.0
0,2029,0.56,0.0,0.0,0.0,0.0,0.0,1.0
0,2029,0.5700000000000001,0.0,0.0,0.0,0.0,0.0,1.0
0,2029,0.58,0.0,0.0,0.0,0.0,0.0,1.0
0,2029,0.59,0.0,0.0,0.0,0.0,0.0,1.0
0,2029,0.6,0.0,0.0,0.0,0.0,0.0,1.0
0,2029,0.61,0.0,0.0,0.0,0.0,0.0,1.0
0,2029,0.62,0.0,0.0,0.0,0.0,0.0,1.0
0,2029,0.63,0.0,0.0,0.0,0.0,0.0,1.0
0,2029,0.64,0.0,0.0,0.0,0.0,0.0,1.0
0,2029,0.65,0.0,0.0,0.0,0.0,0.0,1.0
0,2029,0.66,0.0,0.0,0.0,0.0,0.0,1.0
0,2029,0.67,0.0,0.0,0.0,0.0,0.0,1.0
0,2029,0.68,0.0,0.0,0.0,0.0,0.0,1.0
0,2029,0.6900000000000001,0.0,0.0,0.0,0.0,0.0,1.0
0,2029,0.7000000000000001,0.0,0.0,0.0,0.0,0.0,1.0
0,2029,0.71,0.0,0.0,0.0,0.0,0.0,1.0
0,2029,0.72,0.0,0.0,0.0,0.0,0.0,1.0
0,2029,0.73,0.0,0.0,0.0,0.0,0.0,1.0
0,2029,0.74,0.0,0.0,0.0,0.0,0.0,1.0
0,2029,0.75,0.0,0.0,0.0,0.0,0.0,1.0
0,2029,0.76,0.0,0.0,0.0,0.0,0.0,1.0
0,2029,0.77,0.0,0.0,0.0,0.0,0.0,1.0
0,2029,0.78,0.0,0.0,0.0,0.0,0.0,1.0
0,2029,0.79,0.0,0.0,0.0,0.0,0.0,1.0
0,2029,0.8,0.0,0.0,0.0,0.0,0.0,1.0
0,2029,0.81,0.0,0.0,0.0,0.0,0.0,1.0
0,2029,0.8200000000000001,0.0,0.0,0.0,0.0,0.0,1.0
0,2029,0.8300000000000001,0.0,0.0,0.0,0.0,0.0,1.0
0,2029,0.84,0.0,0.0,0.0,0.0,0.0,1.0
0,2029,0.85,0.0,0.0,0.0,0.0,0.0,1.0
0,2029,0.86,0.0,0.0,0.0,0.0,0.0,1.0
0,2029,0.87,0.0,0.0,0.0,0.0,0.0,1.0
0,2029,0.88,0.0,0.0,0.0,0.0,0.0,1.0
0,2029,0.89,0.0,0.0,0.0,0.0,0.0,1.0
0,2029,0.9,0.0,0.0,0.0,0.0,0.0,1.0
0,2029,0.91,0.0,0.0,0.0,0.0,0.0,1.0
0,2029,0.92,0.0,0.0,0.0,0.0,0.0,1.0
0,2029,0.93,0.0,0.0,0.0,0.0,0.0,1.0
0,2029,0.9400000000000001,0.0,0.0,0.0,0.0,0.0,1.0
0,2029,0.9500000000000001,0.0,0.0,0.0,0.0,0.0,1.0
0,2029,0.96,0.0,0.0,0.0,0.0,0.0,1.0
0,2029,0.97,0.0,0.0,0.0,0.0,0.0,1.0
0,2029,0.98,0.0,0.0,0.0,0.0,0.0,1.0
0,2029,0.99,0.0,0.0,0.0,0.0,0.0,1.0
0,2029,1.0,0.0,0.0,0.0,0.0,0.0,1.0
0,2030,0.01,0.02380528513177913,0.16655507033014508,0.37573300587173547,0.23158543401204254,0.17357162561325531,0.028749579041042535
0,2030,0.02,1.0,3.7804792629714257e-10,0.0,0.0,0.0,0.0
0,2030,0.03,1.0,0.0,0.0,0.0,0.0,0.0
0,2030,0.04,0.9999999999999997,2.651548153344137e-16,0.0,8.17063321190264e-17,1.6348300109490517e-17,0.0
0,2030,0.05,1.0,0.0,2.7546102364758707e-13,1.5277672650687893e-13,6.631163378458124e-14,1.564551237273553e-14
0,2030,0.06,0.9999999999999984,6.439293542825908e-15,0.0,0.0,0.0,0.0
0,2030,0.07,1.0,2.7755575615628914e-16,0.0,2.383880809808419e-17,2.7078163906209303e-16,1.9572213151468587e-17
0,2030,0.08,1.0,0.0,1.7136269133112162e-15,8.308815946021419e-17,0.0,0.0
0,2030,0.09,1.0,0.0,2.0652315702787333e-16,5.929409698824344e-17,0.0,0.0
0,2030,0.1,0.9999999999999998,0.0,5.299836287147974e-16,0.0,3.985566571650403e-17,5.813884324910587e-17
0,2030,0.11,0.9999999999999998,4.996003610813204e-16,0.0,1.1212666800881678e-16,0.0,7.524723563835837e-18
0,2030,0.12,0.9999999999999998,0.0,0.0,5.124096193890754e-17,8.500338473198193e-17,0.0
0,2030,0.13,0.9999999999999998,3.2611056918190355e-16,1.8645656141591438e-17,0.0,0.0,0.0
0,2030,0.14,1.0,1.3020723816828443e-16,0.0,3.4824598080188124e-17,0.0,2.902968834599683e-17
0,2030,0.15,1.0,0.0,1.461970444667233e-16,3.152492788468768e-17,4.685096426900453e-17,0.0
0,2030,0.16,1.0,2.9688679393612716e-17,6.862742323716287e-18,0.0,2.221070195833733e-17,0.0
0,2030,0.17,0.8938209794647138,0.10617902053528626,2.2012023496469148e-17,5.156512427194712e-17,5.773506996727851e-17,4.2196498594857247e-19
0,2030,0.18,0.7990713743584329,0.20092862564156722,0.0,1.5317467661064235e-18,1.589928972300709e-17,4.8169473327768035e-17
0,2030,0.19,0.7326290158588511,0.26737098414114896,0.0,0.0,0.0,0.0
0,2030,0.2,0.6822425714287961,0.31432952496508065,0.00342790360598079,6.751125456614114e-18,1.5218581719201272e-18,0.0
0,2030,0.21,0.6116726820123554,0.18961308148103148,0.1987142365066127,0.0,0.0,0.0
0,2030,0.22,0.5652296836305304,0.10844105797589047,0.32632925839357846,0.0,0.0,0.0
0,2030,0.23,0.521139322582621,0.05983016001979962,0.3751701677390808,5.603232063138609e-18,0.04386034965942006,2.1335735719391684e-17
0,2030,0.24,0.46217964429598724,0.048378098486360814,0.3087556830517226,0.0,0.1806865741659224,5.262642259295767e-18
0,2030,0.25,0.4216037723983936,0.040516199905788246,0.26253493844042625,0.0,0.27534508925539164,0.0
0,2030,0.26,0.3917120018829605,0.03486267701756101,0.22793911218478496,0.0,0.34548620891482357,9.651653275690053e-19
0,2030,0.27,0.0,0.0,0.0,0.0,0.0,1.0
0,2030,0.28,0.0,0.0,0.0,0.0,0.0,1.0
0,2030,0.29,0.0,0.0,0.0,0.0,0.0,1.0
0,2030,0.3,0.0,0.0,0.0,0.0,0.0,1.0
0,2030,0.31,0.0,0.0,0.0,0.0,0.0,1.0
0,2030,0.32,0.0,0.0,0.0,0.0,0.0,1.0
0,2030,0.33,0.0,0.0,0.0,0.0,0.0,1.0
0,2030,0.34,0.0,0.0,0.0,0.0,0.0,1.0
0,2030,0.35000000000000003,0.0,0.0,0.0,0.0,0.0,1.0
0,2030,0.36,0.0,0.0,0.0,0.0,0.0,1.0
0,2030,0.37,0.0,0.0,0.0,0.0,0.0,1.0
0,2030,0.38,0.0,0.0,0.0,0.0,0.0,1.0
0,2030,0.39,0.0,0.0,0.0,0.0,0.0,1.0
0,2030,0.4,0.0,0.0,0.0,0.0,0.0,1.0
0,2030,0.41000000000000003,0.0,0.0,0.0,0.0,0.0,1.0
0,2030,0.42,0.0,0.0,0.0,0.0,0.0,1.0
0,2030,0.43,0.0,0.0,0.0,0.0,0.0,1.0
0,2030,0.44,0.0,0.0,0.0,0.0,0.0,1.0
0,2030,0.45,0.0,0.0,0.0,0.0,0.0,1.0
0,2030,0.46,0.0,0.0,0.0,0.0,0.0,1.0
0,2030,0.47000000000000003,0.0,0.0,0.0,0.0,0.0,1.0
0,2030,0.48,0.0,0.0,0.0,0.0,0.0,1.0
0,2030,0.49,0.0,0.0,0.0,0.0,0.0,1.0
0,2030,0.5,0.0,0.0,0.0,0.0,0.0,1.0
0,2030,0.51,0.0,0.0,0.0,0.0,0.0,1.0
0,2030,0.52,0.0,0.0,0.0,0.0,0.0,1.0
0,2030,0.53,0.0,0.0,0.0,0.0,0.0,1.0
0,2030,0.54,0.0,0.0,0.0,0.0,0.0,1.0
0,2030,0.55,0.0,0.0,0.0,0.0,0.0,1.0
0,2030,0.56,0.0,0.0,0.0,0.0,0.0,1.0
0,2030,0.5700000000000001,0.0,0.0,0.0,0.0,0.0,1.0
0,2030,0.58,0.0,0.0,0.0,0.0,0.0,1.0
0,2030,0.59,0.0,0.0,0.0,0.0,0.0,1.0
0,2030,0.6,0.0,0.0,0.0,0.0,0.0,1.0
0,2030,0.61,0.0,0.0,0.0,0.0,0.0,1.0
0,2030,0.62,0.0,0.0,0.0,0.0,0.0,1.0
0,2030,0.63,0.0,0.0,0.0,0.0,0.0,1.0
0,2030,0.64,0.0,0.0,0.0,0.0,0.0,1.0
0,2030,0.65,0.0,0.0,0.0,0.0,0.0,1.0
0,2030,0.66,0.0,0.0,0.0,0.0,0.0,1.0
0,2030,0.67,0.0,0.0,0.0,0.0,0.0,1.0
0,2030,0.68,0.0,0.0,0.0,0.0,0.0,1.0
0,2030,0.6900000000000001,0.0,0.0,0.0,0.0,0.0,1.0
0,2030,0.7000000000000001,0.0,0.0,0.0,0.0,0.0,1.0
0,2030,0.71,0.0,0.0,0.0,0.0,0.0,1.0
0,2030,0.72,0.0,0.0,0.0,0.0,0.0,1.0
0,2030,0.73,0.0,0.0,0.0,0.0,0.0,1.0
0,2030,0.74,0.0,0.0,0.0,0.0,0.0,1.0
0,2030,0.75,0.0,0.0,0.0,0.0,0.0,1.0
0,2030,0.76,0.0,0.0,0.0,0.0,0.0,1.0
0,2030,0.77,0.0,0.0,0.0,0.0,0.0,1.0
0,2030,0.78,0.0,0.0,0.0,0.0,0.0,1.0
0,2030,0.79,0.0,0.0,0.0,0.0,0.0,1.0
0,2030,0.8,0.0,0.0,0.0,0.0,0.0,1.0
0,2030,0.81,0.0,0.0,0.0,0.0,0.0,1.0
0,2030,0.8200000000000001,0.0,0.0,0.0,0.0,0.0,1.0
0,2030,0.8300000000000001,0.0,0.0,0.0,0.0,0.0,1.0
0,2030,0.84,0.0,0.0,0.0,0.0,0.0,1.0
0,2030,0.85,0.0,0.0,0.0,0.0,0.0,1.0
0,2030,0.86,0.0,0.0,0.0,0.0,0.0,1.0
0,2030,0.87,0.0,0.0,0.0,0.0,0.0,1.0
0,2030,0.88,0.0,0.0,0.0,0.0,0.0,1.0
0,2030,0.89,0.0,0.0,0.0,0.0,0.0,1.0
0,2030,0.9,0.0,0.0,0.0,0.0,0.0,1.0
0,2030,0.91,0.0,0.0,0.0,0.0,0.0,1.0
0,2030,0.92,0.0,0.0,0.0,0.0,0.0,1.0
0,2030,0.93,0.0,0.0,0.0,0.0,0.0,1.0
0,2030,0.9400000000000001,0.0,0.0,0.0,0.0,0.0,1.0
0,2030,0.9500000000000001,0.0,0.0,0.0,0.0,0.0,1.0
0,2030,0.96,0.0,0.0,0.0,0.0,0.0,1.0
0,2030,0.97,0.0,0.0,0.0,0.0,0.0,1.0
0,2030,0.98,0.0,0.0,0.0,0.0,0.0,1.0
0,2030,0.99,0.0,0.0,0.0,0.0,0.0,1.0
0,2030,1.0,0.0,0.0,0.0,0.0,0.0,1.0
0,2031,0.01,0.09288159578499107,0.21755555630443627,0.31664629971895153,0.1138037252284675,0.07284365724852744,0.18626916571462612
0,2031,0.02,0.9999999999999999,1.930120019786501e-16,0.0,9.940440869719857e-17,1.5902335897081593e-16,1.4156191625952089e-16
0,2031,0.03,1.0,0.0,1.2825850042797052e-17,0.0,8.046567241380114e-17,4.0581425658425966e-17
0,2031,0.04,1.0,1.7991164114050662e-13,0.0,0.0,0.0,0.0
0,2031,0.05,0.9999999999999947,6.329588309737938e-15,6.556224132924171e-16,0.0,0.0,0.0
0,2031,0.06,1.0,0.0,0.0,2.437611922618287e-16,0.0,7.681544043719289e-17
0,2031,0.07,1.0,0.0,0.0,0.0,8.416202021669202e-17,1.8981286324419454e-16
0,2031,0.08,1.0,0.0,8.19852656452739e-17,6.510895624310557e-17,0.0,1.53165729163088e-17
0,2031,0.09,0.9999999999999999,4.8385625842325386e-14,4.769632003161434e-17,7.540560345676002e-17,1.2311174052789938e-16,6.679639836615434e-17
0,2031,0.1,1.0,0.0,6.734927185275714e-17,0.0,0.0,1.8172804338493756e-17
0,2031,0.11,0.9999999999999767,0.0,1.6989233153603175e-16,7.749029522860829e-17,0.0,2.2903954404605373e-17
0,2031,0.12,1.0,0.0,1.6252850538833103e-17,4.430269962727924e-17,2.894967928527649e-17,0.0
0,2031,0.13,0.9758414946839614,0.02415850531647321,0.0,3.434777788905681e-17,0.0,0.0
0,2031,0.14,0.821567489257197,0.1784325107428024,0.0,0.0,5.0266287807604286e-18,3.7331290470967035e-17
0,2031,0.15,0.7279694997348202,0.27203050026517983,0.0,0.0,1.3055593121742166e-17,0.0
0,2031,0.16,0.64534410392107,0.2493149789601598,0.10534091711886147,2.2286534157116886e-18,2.6168421162249157e-19,0.0
0,2031,0.17,0.571685203101712,0.11967670795409369,0.30863808894419525,8.322985527797715e-18,6.213820210302005e-18,0.0
0,2031,0.18,0.5064710288724239,0.05682462663463473,0.35860199439613155,0.0,0.0781023500968106,2.1482530079887682e-17
0,2031,0.19,0.4363197926825927,0.04347055547736838,0.27877805681536416,0.0,0.24143159502532602,0.0
0,2031,0.2,0.3919641412517439,0.03526920138304361,0.22768772674547255,0.0,0.34507893062064826,0.0
0,2031,0.21,0.0,0.0,0.0,0.0,0.0,1.0
0,2031,0.22,0.0,0.0,0.0,0.0,0.0,1.0
0,2031,0.23,0.0,0.0,0.0,0.0,0.0,1.0
0,2031,0.24,0.0,0.0,0.0,0.0,0.0,1.0
0,2031,0.25,0.0,0.0,0.0,0.0,0.0,1.0
0,2031,0.26,0.0,0.0,0.0,0.0,0.0,1.0
0,2031,0.27,0.0,0.0,0.0,0.0,0.0,1.0
0,2031,0.28,0.0,0.0,0.0,0.0,0.0,1.0
0,2031,0.29,0.0,0.0,0.0,0.0,0.0,1.0
0,2031,0.3,0.0,0.0,0.0,0.0,0.0,1.0
0,2031,0.31,0.0,0.0,0.0,0.0,0.0,1.0
0,2031,0.32,0.0,0.0,0.0,0.0,0.0,1.0
0,2031,0.33,0.0,0.0,0.0,0.0,0.0,1.0
0,2031,0.34,0.0,0.0,0.0,0.0,0.0,1.0
0,2031,0.35000000000000003,0.0,0.0,0.0,0.0,0.0,1.0
0,2031,0.36,0.0,0.0,0.0,0.0,0.0,1.0
0,2031,0.37,0.0,0.0,0.0,0.0,0.0,1.0
0,2031,0.38,0.0,0.0,0.0,0.0,0.0,1.0
0,2031,0.39,0.0,0.0,0.0,0.0,0.0,1.0
0,2031,0.4,0.0,0.0,0.0,0.0,0.0,1.0
0,2031,0.41000000000000003,0.0,0.0,0.0,0.0,0.0,1.0
0,2031,0.42,0.0,0.0,0.0,0.0,0.0,1.0
0,2031,0.43,0.0,0.0,0.0,0.0,0.0,1.0
0,2031,0.44,0.0,0.0,0.0,0.0,0.0,1.0
0,2031,0.45,0.0,0.0,0.0,0.0,0.0,1.0
0,2031,0.46,0.0,0.0,0.0,0.0,0.0,1.0
0,2031,0.47000000000000003,0.0,0.0,0.0,0.0,0.0,1.0
0,2031,0.48,0.0,0.0,0.0,0.0,0.0,1.0
0,2031,0.49,0.0,0.0,0.0,0.0,0.0,1.0
0,2031,0.5,0.0,0.0,0.0,0.0,0.0,1.0
0,2031,0.51,0.0,0.0,0.0,0.0,0.0,1.0
0,2031,0.52,0.0,0.0,0.0,0.0,0.0,1.0
0,2031,0.53,0.0,0.0,0.0,0.0,0.0,1.0
0,2031,0.54,0.0,0.0,0.0,0.0,0.0,1.0
0,2031,0.55,0.0,0.0,0.0,0.0,0.0,1.0
0,2031,0.56,0.0,0.0,0.0,0.0,0.0,1.0
0,2031,0.5700000000000001,0.0,0.0,0.0,0.0,0.0,1.0
0,2031,0.58,0.0,0.0,0.0,0.0,0.0,1.0
0,2031,0.59,0.0,0.0,0.0,0.0,0.0,1.0
0,2031,0.6,0.0,0.0,0.0,0.0,0.0,1.0
0,2031,0.61,0.0,0.0,0.0,0.0,0.0,1.0
0,2031,0.62,0.0,0.0,0.0,0.0,0.0,1.0
0,2031,0.63,0.0,0.0,0.0,0.0,0.0,1.0
0,2031,0.64,0.0,0.0,0.0,0.0,0.0,1.0
0,2031,0.65,0.0,0.0,0.0,0.0,0.0,1.0
0,2031,0.66,0.0,0.0,0.0,0.0,0.0,1.0
0,2031,0.67,0.0,0.0,0.0,0.0,0.0,1.0
0,2031,0.68,0.0,0.0,0.0,0.0,0.0,1.0
0,2031,0.6900000000000001,0.0,0.0,0.0,0.0,0.0,1.0
0,2031,0.7000000000000001,0.0,0.0,0.0,0.0,0.0,1.0
0,2031,0.71,0.0,0.0,0.0,0.0,0.0,1.0
0,2031,0.72,0.0,0.0,0.0,0.0,0.0,1.0
0,2031,0.73,0.0,0.0,0.0,0.0,0.0,1.0
0,2031,0.74,0.0,0.0,0.0,0.0,0.0,1.0
0,2031,0.75,0.0,0.0,0.0,0.0,0.0,1.0
0,2031,0.76,0.0,0.0,0.0,0.0,0.0,1.0
0,2031,0.77,0.0,0.0,0.0,0.0,0.0,1.0
0,2031,0.78,0.0,0.0,0.0,0.0,0.0,1.0
0,2031,0.79,0.0,0.0,0.0,0.0,0.0,1.0
0,2031,0.8,0.0,0.0,0.0,0.0,0.0,1.0
0,2031,0.81,0.0,0.0,0.0,0.0,0.0,1.0
0,2031,0.8200000000000001,0.0,0.0,0.0,0.0,0.0,1.0
0,2031,0.8300000000000001,0.0,0.0,0.0,0.0,0.0,1.0
0,2031,0.84,0.0,0.0,0.0,0.0,0.0,1.0
0,2031,0.85,0.0,0.0,0.0,0.0,0.0,1.0
0,2031,0.86,0.0,0.0,0.0,0.0,0.0,1.0
0,2031,0.87,0.0,0.0,0.0,0.0,0.0,1.0
0,2031,0.88,0.0,0.0,0.0,0.0,0.0,1.0
0,2031,0.89,0.0,0.0,0.0,0.0,0.0,1.0
0,2031,0.9,0.0,0.0,0.0,0.0,0.0,1.0
0,2031,0.91,0.0,0.0,0.0,0.0,0.0,1.0
0,2031,0.92,0.0,0.0,0.0,0.0,0.0,1.0
0,2031,0.93,0.0,0.0,0.0,0.0,0.0,1.0
0,2031,0.9400000000000001,0.0,0.0,0.0,0.0,0.0,1.0
0,2031,0.9500000000000001,0.0,0.0,0.0,0.0,0.0,1.0
0,2031,0.96,0.0,0.0,0.0,0.0,0.0,1.0
0,2031,0.97,0.0,0.0,0.0,0.0,0.0,1.0
0,2031,0.98,0.0,0.0,0.0,0.0,0.0,1.0
0,2031,0.99,0.0,0.0,0.0,0.0,0.0,1.0
0,2031,1.0,0.0,0.0,0.0,0.0,0.0,1.0
0,2032,0.01,0.166149124414262,0.14365964926729813,0.206548019035719,0.230171354213347,0.21717832061033956,0.03629353245896469
0,2032,0.02,1.0,0.0,0.0,0.0,0.0,0.0
0,2032,0.03,0.9999999999999986,0.0,3.090266619185563e-16,6.786994670539128e-16,3.7883576342071746e-16,1.4352577266529058e-16
0,2032,0.04,0.9999999999998982,1.1488545604842815e-13,0.0,2.293723930911147e-15,0.0,0.0
0,2032,0.05,1.0,0.0,1.9979754500626933e-16,0.0,1.9502997126162085e-16,9.471720990622162e-17
0,2032,0.06,0.9999999999992566,0.0,2.1895593961903053e-17,1.221930565634284e-16,4.553398852523543e-17,5.941177633304988e-17
0,2032,0.07,0.9999999999999947,5.9651770612424545e-15,0.0,0.0,1.4034564665266581e-16,0.0
0,2032,0.08,1.0,0.0,5.359207147535518e-17,1.8963998645443795e-17,7.291776344167248e-17,0.0
0,2032,0.09,1.0,3.501544107036865e-17,0.0,3.852766318615861e-17,0.0,0.0
0,2032,0.1,1.0,1.143196912604996e-16,0.0,0.0,0.0,9.13434577707253e-18
0,2032,0.11,0.821626501155319,0.1783734988446812,4.907824042847401e-17,1.0497400680459515e-17,5.246566035788577e-18,0.0
0,2032,0.12,0.7015860455486965,0.2984139544513034,7.099510610999421e-17,0.0,9.575053038690386e-18,2.690369243407433e-18
0,2032,0.13,0.5868268429357968,0.14599285741682982,0.2671802996473735,0.0,0.0,6.985624142826861e-18
0,2032,0.14,0.4942392775507396,0.05435731084284122,0.3452360469975832,3.378686477029709e-17,0.10616736460883627,2.0553953348645506e-18
0,2032,0.15,0.4100750279182534,0.03883454721334697,0.2483460537804788,0.0,0.3027443710878284,0.0
0,2032,0.16,0.0,0.0,0.0,0.0,0.0,1.0
0,2032,0.17,0.0,0.0,0.0,0.0,0.0,1.0
0,2032,0.18,0.0,0.0,0.0,0.0,0.0,1.0
0,2032,0.19,0.0,0.0,0.0,0.0,0.0,1.0
0,2032,0.2,0.0,0.0,0.0,0.0,0.0,1.0
0,2032,0.21,0.0,0.0,0.0,0.0,0.0,1.0
0,2032,0.22,0.0,0.0,0.0,0.0,0.0,1.0
0,2032,0.23,0.0,0.0,0.0,0.0,0.0,1.0
0,2032,0.24,0.0,0.0,0.0,0.0,0.0,1.0
0,2032,0.25,0.0,0.0,0.0,0.0,0.0,1.0
0,2032,0.26,0.0,0.0,0.0,0.0,0.0,1.0
0,2032,0.27,0.0,0.0,0.0,0.0,0.0,1.0
0,2032,0.28,0.0,0.0,0.0,0.0,0.0,1.0
0,2032,0.29,0.0,0.0,0.0,0.0,0.0,1.0
0,2032,0.3,0.0,0.0,0.0,0.0,0.0,1.0
0,2032,0.31,0.0,0.0,0.0,0.0,0.0,1.0
0,2032,0.32,0.0,0.0,0.0,0.0,0.0,1.0
0,2032,0.33,0.0,0.0,0.0,0.0,0.0,1.0
0,2032,0.34,0.0,0.0,0.0,0.0,0.0,1.0
0,2032,0.35000000000000003,0.0,0.0,0.0,0.0,0.0,1.0
0,2032,0.36,0.0,0.0,0.0,0.0,0.0,1.0
0,2032,0.37,0.0,0.0,0.0,0.0,0.0,1.0
0,2032,0.38,0.0,0.0,0.0,0.0,0.0,1.0
0,2032,0.39,0.0,0.0,0.0,0.0,0.0,1.0
0,2032,0.4,0.0,0.0,0.0,0.0,0.0,1.0
0,2032,0.41000000000000003,0.0,0.0,0.0,0.0,0.0,1.0
0,2032,0.42,0.0,0.0,0.0,0.0,0.0,1.0
0,2032,0.43,0.0,0.0,0.0,0.0,0.0,1.0
0,2032,0.44,0.0,0.0,0.0,0.0,0.0,1.0
0,2032,0.45,0.0,0.0,0.0,0.0,0.0,1.0
0,2032,0.46,0.0,0.0,0.0,0.0,0.0,1.0
0,2032,0.47000000000000003,0.0,0.0,0.0,0.0,0.0,1.0
0,2032,0.48,0.0,0.0,0.0,0.0,0.0,1.0
0,2032,0.49,0.0,0.0,0.0,0.0,0.0,1.0
0,2032,0.5,0.0,0.0,0.0,0.0,0.0,1.0
0,2032,0.51,0.0,0.0,0.0,0.0,0.0,1.0
0,2032,0.52,0.0,0.0,0.0,0.0,0.0,1.0
0,2032,0.53,0.0,0.0,0.0,0.0,0.0,1.0
0,2032,0.54,0.0,0.0,0.0,0.0,0.0,1.0
0,2032,0.55,0.0,0.0,0.0,0.0,0.0,1.0
0,2032,0.56,0.0,0.0,0.0,0.0,0.0,1.0
0,2032,0.5700000000000001,0.0,0.0,0.0,0.0,0.0,1.0
0,2032,0.58,0.0,0.0,0.0,0.0,0.0,1.0
0,2032,0.59,0.0,0.0,0.0,0.0,0.0,1.0
0,2032,0.6,0.0,0.0,0.0,0.0,0.0,1.0
0,2032,0.61,0.0,0.0,0.0,0.0,0.0,1.0
0,2032,0.62,0.0,0.0,0.0,0.0,0.0,1.0
0,2032,0.63,0.0,0.0,0.0,0.0,0.0,1.0
0,2032,0.64,0.0,0.0,0.0,0.0,0.0,1.0
0,2032,0.65,0.0,0.0,0.0,0.0,0.0,1.0
0,2032,0.66,0.0,0.0,0.0,0.0,0.0,1.0
0,2032,0.67,0.0,0.0,0.0,0.0,0.0,1.0
0,2032,0.68,0.0,0.0,0.0,0.0,0.0,1.0
0,2032,0.6900000000000001,0.0,0.0,0.0,0.0,0.0,1.0
0,2032,0.7000000000000001,0.0,0.0,0.0,0.0,0.0,1.0
0,2032,0.71,0.0,0.0,0.0,0.0,0.0,1.0
0,2032,0.72,0.0,0.0,0.0,0.0,0.0,1.0
0,2032,0.73,0.0,0.0,0.0,0.0,0.0,1.0
0,2032,0.74,0.0,0.0,0.0,0.0,0.0,1.0
0,2032,0.75,0.0,0.0,0.0,0.0,0.0,1.0
0,2032,0.76,0.0,0.0,0.0,0.0,0.0,1.0
0,2032,0.77,0.0,0.0,0.0,0.0,0.0,1.0
0,2032,0.78,0.0,0.0,0.0,0.0,0.0,1.0
0,2032,0.79,0.0,0.0,0.0,0.0,0.0,1.0
0,2032,0.8,0.0,0.0,0.0,0.0,0.0,1.0
0,2032,0.81,0.0,0.0,0.0,0.0,0.0,1.0
0,2032,0.8200000000000001,0.0,0.0,0.0,0.0,0.0,1.0
0,2032,0.8300000000000001,0.0,0.0,0.0,0.0,0.0,1.0
0,2032,0.84,0.0,0.0,0.0,0.0,0.0,1.0
0,2032,0.85,0.0,0.0,0.0,0.0,0.0,1.0
0,2032,0.86,0.0,0.0,0.0,0.0,0.0,1.0
0,2032,0.87,0.0,0.0,0.0,0.0,0.0,1.0
0,2032,0.88,0.0,0.0,0.0,0.0,0.0,1.0
0,2032,0.89,0.0,0.0,0.0,0.0,0.0,1.0
0,2032,0.9,0.0,0.0,0.0,0.0,0.0,1.0
0,2032,0.91,0.0,0.0,0.0,0.0,0.0,1.0
0,2032,0.92,0.0,0.0,0.0,0.0,0.0,1.0
0,2032,0.93,0.0,0.0,0.0,0.0,0.0,1.0
0,2032,0.9400000000000001,0.0,0.0,0.0,0.0,0.0,1.0
0,2032,0.9500000000000001,0.0,0.0,0.0,0.0,0.0,1.0
0,2032,0.96,0.0,0.0,0.0,0.0,0.0,1.0
0,2032,0.97,0.0,0.0,0.0,0.0,0.0,1.0
0,2032,0.98,0.0,0.0,0.0,0.0,0.0,1.0
0,2032,0.99,0.0,0.0,0.0,0.0,0.0,1.0
0,2032,1.0,0.0,0.0,0.0,0.0,0.0,1.0
0,2033,0.01,0.004299813037873197,0.05587581291142507,0.3172393270225478,0.07236155253099502,0.27622858108137993,0.2739949134157791
0,2033,0.02,0.0,1.0,0.0,0.0,0.0,0.0
0,2033,0.03,1.0,0.0,0.0,0.0,0.0,0.0
0,2033,0.04,0.9999999999999518,2.8976820942716586e-14,4.677902917435432e-14,0.0,0.0,0.0
0,2033,0.05,0.9999999999999929,0.0,1.1646257831127067e-14,2.430481367508698e-16,0.0,0.0
0,2033,0.06,0.9999999999999998,4.440892098500626e-16,0.0,1.1492277061991312e-16,4.553383158084084e-17,0.0
0,2033,0.07,1.0,0.0,1.1666869902953761e-17,3.451029088119529e-17,2.5544657710768218e-17,2.5544657710768218e-17
0,2033,0.08,1.0,1.1748891622672102e-16,1.477351881748749e-17,1.4589058736113463e-17,0.0,0.0
0,2033,0.09,0.7622652846488333,0.23773471535116683,0.0,2.481609417928754e-18,0.0,6.850933917121815e-17
0,2033,0.1,0.605087852178923,0.17808763829893864,0.21682450952243412,0.0,0.0,0.0
0,2033,0.11,0.4724463507859185,0.050538358406151014,0.31961400078624896,4.688469477866558e-18,0.15740129002168582,0.0
0,2033,0.12,0.0,0.0,0.0,0.0,0.0,1.0
0,2033,0.13,0.0,0.0,0.0,0.0,0.0,1.0
0,2033,0.14,0.0,0.0,0.0,0.0,0.0,1.0
0,2033,0.15,0.0,0.0,0.0,0.0,0.0,1.0
0,2033,0.16,0.0,0.0,0.0,0.0,0.0,1.0
0,2033,0.17,0.0,0.0,0.0,0.0,0.0,1.0
0,2033,0.18,0.0,0.0,0.0,0.0,0.0,1.0
0,2033,0.19,0.0,0.0,0.0,0.0,0.0,1.0
0,2033,0.2,0.0,0.0,0.0,0.0,0.0,1.0
0,2033,0.21,0.0,0.0,0.0,0.0,0.0,1.0
0,2033,0.22,0.0,0.0,0.0,0.0,0.0,1.0
0,2033,0.23,0.0,0.0,0.0,0.0,0.0,1.0
0,2033,0.24,0.0,0.0,0.0,0.0,0.0,1.0
0,2033,0.25,0.0,0.0,0.0,0.0,0.0,1.0
0,2033,0.26,0.0,0.0,0.0,0.0,0.0,1.0
0,2033,0.27,0.0,0.0,0.0,0.0,0.0,1.0
0,2033,0.28,0.0,0.0,0.0,0.0,0.0,1.0
0,2033,0.29,0.0,0.0,0.0,0.0,0.0,1.0
0,2033,0.3,0.0,0.0,0.0,0.0,0.0,1.0
0,2033,0.31,0.0,0.0,0.0,0.0,0.0,1.0
0,2033,0.32,0.0,0.0,0.0,0.0,0.0,1.0
0,2033,0.33,0.0,0.0,0.0,0.0,0.0,1.0
0,2033,0.34,0.0,0.0,0.0,0.0,0.0,1.0
0,2033,0.35000000000000003,0.0,0.0,0.0,0.0,0.0,1.0
0,2033,0.36,0.0,0.0,0.0,0.0,0.0,1.0
0,2033,0.37,0.0,0.0,0.0,0.0,0.0,1.0
0,2033,0.38,0.0,0.0,0.0,0.0,0.0,1.0
0,2033,0.39,0.0,0.0,0.0,0.0,0.0,1.0
0,2033,0.4,0.0,0.0,0.0,0.0,0.0,1.0
0,2033,0.41000000000000003,0.0,0.0,0.0,0.0,0.0,1.0
0,2033,0.42,0.0,0.0,0.0,0.0,0.0,1.0
0,2033,0.43,0.0,0.0,0.0,0.0,0.0,1.0
0,2033,0.44,0.0,0.0,0.0,0.0,0.0,1.0
0,2033,0.45,0.0,0.0,0.0,0.0,0.0,1.0
0,2033,0.46,0.0,0.0,0.0,0.0,0.0,1.0
0,2033,0.47000000000000003,0.0,0.0,0.0,0.0,0.0,1.0
0,2033,0.48,0.0,0.0,0.0,0.0,0.0,1.0
0,2033,0.49,0.0,0.0,0.0,0.0,0.0,1.0
0,2033,0.5,0.0,0.0,0.0,0.0,0.0,1.0
0,2033,0.51,0.0,0.0,0.0,0.0,0.0,1.0
0,2033,0.52,0.0,0.0,0.0,0.0,0.0,1.0
0,2033,0.53,0.0,0.0,0.0,0.0,0.0,1.0
0,2033,0.54,0.0,0.0,0.0,0.0,0.0,1.0
0,2033,0.55,0.0,0.0,0.0,0.0,0.0,1.0
0,2033,0.56,0.0,0.0,0.0,0.0,0.0,1.0
0,2033,0.5700000000000001,0.0,0.0,0.0,0.0,0.0,1.0
0,2033,0.58,0.0,0.0,0.0,0.0,0.0,1.0
0,2033,0.59,0.0,0.0,0.0,0.0,0.0,1.0
0,2033,0.6,0.0,0.0,0.0,0.0,0.0,1.0
0,2033,0.61,0.0,0.0,0.0,0.0,0.0,1.0
0,2033,0.62,0.0,0.0,0.0,0.0,0.0,1.0
0,2033,0.63,0.0,0.0,0.0,0.0,0.0,1.0
0,2033,0.64,0.0,0.0,0.0,0.0,0.0,1.0
0,2033,0.65,0.0,0.0,0.0,0.0,0.0,1.0
0,2033,0.66,0.0,0.0,0.0,0.0,0.0,1.0
0,2033,0.67,0.0,0.0,0.0,0.0,0.0,1.0
0,2033,0.68,0.0,0.0,0.0,0.0,0.0,1.0
0,2033,0.6900000000000001,0.0,0.0,0.0,0.0,0.0,1.0
0,2033,0.7000000000000001,0.0,0.0,0.0,0.0,0.0,1.0
0,2033,0.71,0.0,0.0,0.0,0.0,0.0,1.0
0,2033,0.72,0.0,0.0,0.0,0.0,0.0,1.0
0,2033,0.73,0.0,0.0,0.0,0.0,0.0,1.0
0,2033,0.74,0.0,0.0,0.0,0.0,0.0,1.0
0,2033,0.75,0.0,0.0,0.0,0.0,0.0,1.0
0,2033,0.76,0.0,0.0,0.0,0.0,0.0,1.0
0,2033,0.77,0.0,0.0,0.0,0.0,0.0,1.0
0,2033,0.78,0.0,0.0,0.0,0.0,0.0,1.0
0,2033,0.79,0.0,0.0,0.0,0.0,0.0,1.0
0,2033,0.8,0.0,0.0,0.0,0.0,0.0,1.0
0,2033,0.81,0.0,0.0,0.0,0.0,0.0,1.0
0,2033,0.8200000000000001,0.0,0.0,0.0,0.0,0.0,1.0
0,2033,0.8300000000000001,0.0,0.0,0.0,0.0,0.0,1.0
0,2033,0.84,0.0,0.0,0.0,0.0,0.0,1.0
0,2033,0.85,0.0,0.0,0.0,0.0,0.0,1.0
0,2033,0.86,0.0,0.0,0.0,0.0,0.0,1.0
0,2033,0.87,0.0,0.0,0.0,0.0,0.0,1.0
0,2033,0.88,0.0,0.0,0.0,0.0,0.0,1.0
0,2033,0.89,0.0,0.0,0.0,0.0,0.0,1.0
0,2033,0.9,0.0,0.0,0.0,0.0,0.0,1.0
0,2033,0.91,0.0,0.0,0.0,0.0,0.0,1.0
0,2033,0.92,0.0,0.0,0.0,0.0,0.0,1.0
0,2033,0.93,0.0,0.0,0.0,0.0,0.0,1.0
0,2033,0.9400000000000001,0.0,0.0,0.0,0.0,0.0,1.0
0,2033,0.9500000000000001,0.0,0.0,0.0,0.0,0.0,1.0
0,2033,0.96,0.0,0.0,0.0,0.0,0.0,1.0
0,2033,0.97,0.0,0.0,0.0,0.0,0.0,1.0
0,2033,0.98,0.0,0.0,0.0,0.0,0.0,1.0
0,2033,0.99,0.0,0.0,0.0,0.0,0.0,1.0
0,2033,1.0,0.0,0.0,0.0,0.0,0.0,1.0
0,2034,0.01,0.1154061495622287,0.14305201398479664,0.18388363968542615,0.04805855794405146,0.2434074761614844,0.2661921626620127
0,2034,0.02,0.9999999999999905,0.0,1.4125752956410477e-13,2.8019127047106036e-14,4.630946944737721e-14,2.947364119460065e-14
0,2034,0.03,1.0,0.0,1.5213854427229722e-15,0.0,1.2036593163286219e-14,1.6918888516484612e-14
0,2034,0.04,1.0,0.0,4.4160927922867717e-16,2.272995674197353e-16,2.5213986738915175e-16,2.2089451603083511e-16
0,2034,0.05,1.0,0.0,5.255209410168822e-17,1.0616348789474119e-16,0.0,0.0
0,2034,0.06,1.0,5.934213318823495e-17,1.4954394229076627e-16,0.0,0.0,0.0
0,2034,0.07,0.9961538046157735,0.0038461953842262725,0.0,1.6338109132316007e-17,0.0,0.0
0,2034,0.08,0.7065613639570105,0.29343863604298953,6.295681029885633e-18,1.0198808850833449e-17,6.277036199131997e-18,2.679839866340127e-17
0,2034,0.09,0.5291006047027046,0.06134346508357761,0.3847955013142692,0.0,0.024760428899448555,2.775214170524435e-17
0,2034,0.1,0.0,0.0,0.0,0.0,0.0,1.0
0,2034,0.11,0.0,0.0,0.0,0.0,0.0,1.0
0,2034,0.12,0.0,0.0,0.0,0.0,0.0,1.0
0,2034,0.13,0.0,0.0,0.0,0.0,0.0,1.0
0,2034,0.14,0.0,0.0,0.0,0.0,0.0,1.0
0,2034,0.15,0.0,0.0,0.0,0.0,0.0,1.0
0,2034,0.16,0.0,0.0,0.0,0.0,0.0,1.0
0,2034,0.17,0.0,0.0,0.0,0.0,0.0,1.0
0,2034,0.18,0.0,0.0,0.0,0.0,0.0,1.0
0,2034,0.19,0.0,0.0,0.0,0.0,0.0,1.0
0,2034,0.2,0.0,0.0,0.0,0.0,0.0,1.0
0,2034,0.21,0.0,0.0,0.0,0.0,0.0,1.0
0,2034,0.22,0.0,0.0,0.0,0.0,0.0,1.0
0,2034,0.23,0.0,0.0,0.0,0.0,0.0,1.0
0,2034,0.24,0.0,0.0,0.0,0.0,0.0,1.0
0,2034,0.25,0.0,0.0,0.0,0.0,0.0,1.0
0,2034,0.26,0.0,0.0,0.0,0.0,0.0,1.0
0,2034,0.27,0.0,0.0,0.0,0.0,0.0,1.0
0,2034,0.28,0.0,0.0,0.0,0.0,0.0,1.0
0,2034,0.29,0.0,0.0,0.0,0.0,0.0,1.0
0,2034,0.3,0.0,0.0,0.0,0.0,0.0,1.0
0,2034,0.31,0.0,0.0,0.0,0.0,0.0,1.0
0,2034,0.32,0.0,0.0,0.0,0.0,0.0,1.0
0,2034,0.33,0.0,0.0,0.0,0.0,0.0,1.0
0,2034,0.34,0.0,0.0,0.0,0.0,0.0,1.0
0,2034,0.35000000000000003,0.0,0.0,0.0,0.0,0.0,1.0
0,2034,0.36,0.0,0.0,0.0,0.0,0.0,1.0
0,2034,0.37,0.0,0.0,0.0,0.0,0.0,1.0
0,2034,0.38,0.0,0.0,0.0,0.0,0.0,1.0
0,2034,0.39,0.0,0.0,0.0,0.0,0.0,1.0
0,2034,0.4,0.0,0.0,0.0,0.0,0.0,1.0
0,2034,0.41000000000000003,0.0,0.0,0.0,0.0,0.0,1.0
0,2034,0.42,0.0,0.0,0.0,0.0,0.0,1.0
0,2034,0.43,0.0,0.0,0.0,0.0,0.0,1.0
0,2034,0.44,0.0,0.0,0.0,0.0,0.0,1.0
0,2034,0.45,0.0,0.0,0.0,0.0,0.0,1.0
0,2034,0.46,0.0,0.0,0.0,0.0,0.0,1.0
0,2034,0.47000000000000003,0.0,0.0,0.0,0.0,0.0,1.0
0,2034,0.48,0.0,0.0,0.0,0.0,0.0,1.0
0,2034,0.49,0.0,0.0,0.0,0.0,0.0,1.0
0,2034,0.5,0.0,0.0,0.0,0.0,0.0,1.0
0,2034,0.51,0.0,0.0,0.0,0.0,0.0,1.0
0,2034,0.52,0.0,0.0,0.0,0.0,0.0,1.0
0,2034,0.53,0.0,0.0,0.0,0.0,0.0,1.0
0,2034,0.54,0.0,0.0,0.0,0.0,0.0,1.0
0,2034,0.55,0.0,0.0,0.0,0.0,0.0,1.0
0,2034,0.56,0.0,0.0,0.0,0.0,0.0,1.0
0,2034,0.5700000000000001,0.0,0.0,0.0,0.0,0.0,1.0
0,2034,0.58,0.0,0.0,0.0,0.0,0.0,1.0
0,2034,0.59,0.0,0.0,0.0,0.0,0.0,1.0
0,2034,0.6,0.0,0.0,0.0,0.0,0.0,1.0
0,2034,0.61,0.0,0.0,0.0,0.0,0.0,1.0
0,2034,0.62,0.0,0.0,0.0,0.0,0.0,1.0
0,2034,0.63,0.0,0.0,0.0,0.0,0.0,1.0
0,2034,0.64,0.0,0.0,0.0,0.0,0.0,1.0
0,2034,0.65,0.0,0.0,0.0,0.0,0.0,1.0
0,2034,0.66,0.0,0.0,0.0,0.0,0.0,1.0
0,2034,0.67,0.0,0.0,0.0,0.0,0.0,1.0
0,2034,0.68,0.0,0.0,0.0,0.0,0.0,1.0
0,2034,0.6900000000000001,0.0,0.0,0.0,0.0,0.0,1.0
0,2034,0.7000000000000001,0.0,0.0,0.0,0.0,0.0,1.0
0,2034,0.71,0.0,0.0,0.0,0.0,0.0,1.0
0,2034,0.72,0.0,0.0,0.0,0.0,0.0,1.0
0,2034,0.73,0.0,0.0,0.0,0.0,0.0,1.0
0,2034,0.74,0.0,0.0,0.0,0.0,0.0,1.0
0,2034,0.75,0.0,0.0,0.0,0.0,0.0,1.0
0,2034,0.76,0.0,0.0,0.0,0.0,0.0,1.0
0,2034,0.77,0.0,0.0,0.0,0.0,0.0,1.0
0,2034,0.78,0.0,0.0,0.0,0.0,0.0,1.0
0,2034,0.79,0.0,0.0,0.0,0.0,0.0,1.0
0,2034,0.8,0.0,0.0,0.0,0.0,0.0,1.0
0,2034,0.81,0.0,0.0,0.0,0.0,0.0,1.0
0,2034,0.8200000000000001,0.0,0.0,0.0,0.0,0.0,1.0
0,2034,0.8300000000000001,0.0,0.0,0.0,0.0,0.0,1.0
0,2034,0.84,0.0,0.0,0.0,0.0,0.0,1.0
0,2034,0.85,0.0,0.0,0.0,0.0,0.0,1.0
0,2034,0.86,0.0,0.0,0.0,0.0,0.0,1.0
0,2034,0.87,0.0,0.0,0.0,0.0,0.0,1.0
0,2034,0.88,0.0,0.0,0.0,0.0,0.0,1.0
0,2034,0.89,0.0,0.0,0.0,0.0,0.0,1.0
0,2034,0.9,0.0,0.0,0.0,0.0,0.0,1.0
0,2034,0.91,0.0,0.0,0.0,0.0,0.0,1.0
0,2034,0.92,0.0,0.0,0.0,0.0,0.0,1.0
0,2034,0.93,0.0,0.0,0.0,0.0,0.0,1.0
0,2034,0.9400000000000001,0.0,0.0,0.0,0.0,0.0,1.0
0,2034,0.9500000000000001,0.0,0.0,0.0,0.0,0.0,1.0
0,2034,0.96,0.0,0.0,0.0,0.0,0.0,1.0
0,2034,0.97,0.0,0.0,0.0,0.0,0.0,1.0
0,2034,0.98,0.0,0.0,0.0,0.0,0.0,1.0
0,2034,0.99,0.0,0.0,0.0,0.0,0.0,1.0
0,2034,1.0,0.0,0.0,0.0,0.0,0.0,1.0
0,2035,0.01,0.12094979730159451,0.1470333017690596,0.24640408920941853,0.2183184978466903,0.03623852450120828,0.2310557893720288
0,2035,0.02,1.0,0.0,0.0,0.0,0.0,0.0
0,2035,0.03,0.9999999999997007,7.974670969022672e-13,0.0,0.0,0.0,0.0
0,2035,0.04,0.9999999999999996,5.551115123125783e-17,1.668506659552023e-16,4.195057568487219e-17,0.0,1.9460624157083122e-16
0,2035,0.05,0.9999999999999999,0.0,0.0,0.0,1.335696860980961e-16,3.4179130227653335e-16
0,2035,0.06,0.25605388426925346,0.743946115730735,9.484862355932596e-17,0.0,0.0,0.0
0,2035,0.07,0.254719421094832,0.7452805789051593,0.0,2.7129381785372776e-17,7.989849588186437e-18,0.0
0,2035,0.08,0.25391720891634995,0.746082791083655,1.973221268454925e-17,2.0628675864239566e-18,0.0,0.0
0,2035,0.09,0.17078960195473586,0.20064165976747553,3.553010925650588e-17,4.581849652531847e-21,0.031349276620082876,0.5972194616577797
0,2035,0.1,0.0,0.0,0.0,0.0,0.0,1.0
0,2035,0.11,0.0,0.0,0.0,0.0,0.0,1.0
0,2035,0.12,0.0,0.0,0.0,0.0,0.0,1.0
0,2035,0.13,0.0,0.0,0.0,0.0,0.0,1.0
0,2035,0.14,0.0,0.0,0.0,0.0,0.0,1.0
0,2035,0.15,0.0,0.0,0.0,0.0,0.0,1.0
0,2035,0.16,0.0,0.0,0.0,0.0,0.0,1.0
0,2035,0.17,0.0,0.0,0.0,0.0,0.0,1.0
0,2035,0.18,0.0,0.0,0.0,0.0,0.0,1.0
0,2035,0.19,0.0,0.0,0.0,0.0,0.0,1.0
0,2035,0.2,0.0,0.0,0.0,0.0,0.0,1.0
0,2035,0.21,0.0,0.0,0.0,0.0,0.0,1.0
0,2035,0.22,0.0,0.0,0.0,0.0,0.0,1.0
0,2035,0.23,0.0,0.0,0.0,0.0,0.0,1.0
0,2035,0.24,0.0,0.0,0.0,0.0,0.0,1.0
0,2035,0.25,0.0,0.0,0.0,0.0,0.0,1.0
0,2035,0.26,0.0,0.0,0.0,0.0,0.0,1.0
0,2035,0.27,0.0,0.0,0.0,0.0,0.0,1.0
0,2035,0.28,0.0,0.0,0.0,0.0,0.0,1.0
0,2035,0.29,0.0,0.0,0.0,0.0,0.0,1.0
0,2035,0.3,0.0,0.0,0.0,0.0,0.0,1.0
0,2035,0.31,0.0,0.0,0.0,0.0,0.0,1.0
0,2035,0.32,0.0,0.0,0.0,0.0,0.0,1.0
0,2035,0.33,0.0,0.0,0.0,0.0,0.0,1.0
0,2035,0.34,0.0,0.0,0.0,0.0,0.0,1.0
0,2035,0.35000000000000003,0.0,0.0,0.0,0.0,0.0,1.0
0,2035,0.36,0.0,0.0,0.0,0.0,0.0,1.0
0,2035,0.37,0.0,0.0,0.0,0.0,0.0,1.0
0,2035,0.38,0.0,0.0,0.0,0.0,0.0,1.0
0,2035,0.39,0.0,0.0,0.0,0.0,0.0,1.0
0,2035,0.4,0.0,0.0,0.0,0.0,0.0,1.0
0,2035,0.41000000000000003,0.0,0.0,0.0,0.0,0.0,1.0
0,2035,0.42,0.0,0.0,0.0,0.0,0.0,1.0
0,2035,0.43,0.0,0.0,0.0,0.0,0.0,1.0
0,2035,0.44,0.0,0.0,0.0,0.0,0.0,1.0
0,2035,0.45,0.0,0.0,0.0,0.0,0.0,1.0
0,2035,0.46,0.0,0.0,0.0,0.0,0.0,1.0
0,2035,0.47000000000000003,0.0,0.0,0.0,0.0,0.0,1.0
0,2035,0.48,0.0,0.0,0.0,0.0,0.0,1.0
0,2035,0.49,0.0,0.0,0.0,0.0,0.0,1.0
0,2035,0.5,0.0,0.0,0.0,0.0,0.0,1.0
0,2035,0.51,0.0,0.0,0.0,0.0,0.0,1.0
0,2035,0.52,0.0,0.0,0.0,0.0,0.0,1.0
0,2035,0.53,0.0,0.0,0.0,0.0,0.0,1.0
0,2035,0.54,0.0,0.0,0.0,0.0,0.0,1.0
0,2035,0.55,0.0,0.0,0.0,0.0,0.0,1.0
0,2035,0.56,0.0,0.0,0.0,0.0,0.0,1.0
0,2035,0.5700000000000001,0.0,0.0,0.0,0.0,0.0,1.0
0,2035,0.58,0.0,0.0,0.0,0.0,0.0,1.0
0,2035,0.59,0.0,0.0,0.0,0.0,0.0,1.0
0,2035,0.6,0.0,0.0,0.0,0.0,0.0,1.0
0,2035,0.61,0.0,0.0,0.0,0.0,0.0,1.0
0,2035,0.62,0.0,0.0,0.0,0.0,0.0,1.0
0,2035,0.63,0.0,0.0,0.0,0.0,0.0,1.0
0,2035,0.64,0.0,0.0,0.0,0.0,0.0,1.0
0,2035,0.65,0.0,0.0,0.0,0.0,0.0,1.0
0,2035,0.66,0.0,0.0,0.0,0.0,0.0,1.0
0,2035,0.67,0.0,0.0,0.0,0.0,0.0,1.0
0,2035,0.68,0.0,0.0,0.0,0.0,0.0,1.0
0,2035,0.6900000000000001,0.0,0.0,0.0,0.0,0.0,1.0
0,2035,0.7000000000000001,0.0,0.0,0.0,0.0,0.0,1.0
0,2035,0.71,0.0,0.0,0.0,0.0,0.0,1.0
0,2035,0.72,0.0,0.0,0.0,0.0,0.0,1.0
0,2035,0.73,0.0,0.0,0.0,0.0,0.0,1.0
0,2035,0.74,0.0,0.0,0.0,0.0,0.0,1.0
0,2035,0.75,0.0,0.0,0.0,0.0,0.0,1.0
0,2035,0.76,0.0,0.0,0.0,0.0,0.0,1.0
0,2035,0.77,0.0,0.0,0.0,0.0,0.0,1.0
0,2035,0.78,0.0,0.0,0.0,0.0,0.0,1.0
0,2035,0.79,0.0,0.0,0.0,0.0,0.0,1.0
0,2035,0.8,0.0,0.0,0.0,0.0,0.0,1.0
0,2035,0.81,0.0,0.0,0.0,0.0,0.0,1.0
0,2035,0.8200000000000001,0.0,0.0,0.0,0.0,0.0,1.0
0,2035,0.8300000000000001,0.0,0.0,0.0,0.0,0.0,1.0
0,2035,0.84,0.0,0.0,0.0,0.0,0.0,1.0
0,2035,0.85,0.0,0.0,0.0,0.0,0.0,1.0
0,2035,0.86,0.0,0.0,0.0,0.0,0.0,1.0
0,2035,0.87,0.0,0.0,0.0,0.0,0.0,1.0
0,2035,0.88,0.0,0.0,0.0,0.0,0.0,1.0
0,2035,0.89,0.0,0.0,0.0,0.0,0.0,1.0
0,2035,0.9,0.0,0.0,0.0,0.0,0.0,1.0
0,2035,0.91,0.0,0.0,0.0,0.0,0.0,1.0
0,2035,0.92,0.0,0.0,0.0,0.0,0.0,1.0
0,2035,0.93,0.0,0.0,0.0,0.0,0.0,1.0
0,2035,0.9400000000000001,0.0,0.0,0.0,0.0,0.0,1.0
0,2035,0.9500000000000001,0.0,0.0,0.0,0.0,0.0,1.0
0,2035,0.96,0.0,0.0,0.0,0.0,0.0,1.0
0,2035,0.97,0.0,0.0,0.0,0.0,0.0,1.0
0,2035,0.98,0.0,0.0,0.0,0.0,0.0,1.0
0,2035,0.99,0.0,0.0,0.0,0.0,0.0,1.0
0,2035,1.0,0.0,0.0,0.0,0.0,0.0,1.0
0,2036,0.01,0.25138770168710906,0.03863729036967044,0.21870584767647977,0.26918841191058973,0.082940396190214,0.13914035216593706
0,2036,0.02,1.0,0.0,0.0,0.0,0.0,0.0
0,2036,0.03,1.0,0.0,0.0,0.0,0.0,2.579458042348709e-16
0,2036,0.04,1.0,0.0,9.789356642898361e-17,8.68519311004513e-16,0.0,0.0
0,2036,0.05,0.9999999999999999,4.3846323964811807e-17,0.0,7.165610968906499e-17,0.0,9.854643730181156e-18
0,2036,0.06,0.253992733012319,0.7460072669876945,2.2435682656649384e-17,3.2905479730168114e-17,0.0,0.0
0,2036,0.07,0.21072087468311687,0.46674396257605294,0.0,0.0,7.191244125389496e-17,0.32253516274096383
0,2036,0.08,0.0,0.0,0.0,0.0,0.0,1.0
0,2036,0.09,0.0,0.0,0.0,0.0,0.0,1.0
0,2036,0.1,0.0,0.0,0.0,0.0,0.0,1.0
0,2036,0.11,0.0,0.0,0.0,0.0,0.0,1.0
0,2036,0.12,0.0,0.0,0.0,0.0,0.0,1.0
0,2036,0.13,0.0,0.0,0.0,0.0,0.0,1.0
0,2036,0.14,0.0,0.0,0.0,0.0,0.0,1.0
0,2036,0.15,0.0,0.0,0.0,0.0,0.0,1.0
0,2036,0.16,0.0,0.0,0.0,0.0,0.0,1.0
0,2036,0.17,0.0,0.0,0.0,0.0,0.0,1.0
0,2036,0.18,0.0,0.0,0.0,0.0,0.0,1.0
0,2036,0.19,0.0,0.0,0.0,0.0,0.0,1.0
0,2036,0.2,0.0,0.0,0.0,0.0,0.0,1.0
0,2036,0.21,0.0,0.0,0.0,0.0,0.0,1.0
0,2036,0.22,0.0,0.0,0.0,0.0,0.0,1.0
0,2036,0.23,0.0,0.0,0.0,0.0,0.0,1.0
0,2036,0.24,0.0,0.0,0.0,0.0,0.0,1.0
0,2036,0.25,0.0,0.0,0.0,0.0,0.0,1.0
0,2036,0.26,0.0,0.0,0.0,0.0,0.0,1.0
0,2036,0.27,0.0,0.0,0.0,0.0,0.0,1.0
0,2036,0.28,0.0,0.0,0.0,0.0,0.0,1.0
0,2036,0.29,0.0,0.0,0.0,0.0,0.0,1.0
0,2036,0.3,0.0,0.0,0.0,0.0,0.0,1.0
0,2036,0.31,0.0,0.0,0.0,0.0,0.0,1.0
0,2036,0.32,0.0,0.0,0.0,0.0,0.0,1.0
0,2036,0.33,0.0,0.0,0.0,0.0,0.0,1.0
0,2036,0.34,0.0,0.0,0.0,0.0,0.0,1.0
0,2036,0.35000000000000003,0.0,0.0,0.0,0.0,0.0,1.0
0,2036,0.36,0.0,0.0,0.0,0.0,0.0,1.0
0,2036,0.37,0.0,0.0,0.0,0.0,0.0,1.0
0,2036,0.38,0.0,0.0,0.0,0.0,0.0,1.0
0,2036,0.39,0.0,0.0,0.0,0.0,0.0,1.0
0,2036,0.4,0.0,0.0,0.0,0.0,0.0,1.0
0,2036,0.41000000000000003,0.0,0.0,0.0,0.0,0.0,1.0
0,2036,0.42,0.0,0.0,0.0,0.0,0.0,1.0
0,2036,0.43,0.0,0.0,0.0,0.0,0.0,1.0
0,2036,0.44,0.0,0.0,0.0,0.0,0.0,1.0
0,2036,0.45,0.0,0.0,0.0,0.0,0.0,1.0
0,2036,0.46,0.0,0.0,0.0,0.0,0.0,1.0
0,2036,0.47000000000000003,0.0,0.0,0.0,0.0,0.0,1.0
0,2036,0.48,0.0,0.0,0.0,0.0,0.0,1.0
0,2036,0.49,0.0,0.0,0.0,0.0,0.0,1.0
0,2036,0.5,0.0,0.0,0.0,0.0,0.0,1.0
0,2036,0.51,0.0,0.0,0.0,0.0,0.0,1.0
0,2036,0.52,0.0,0.0,0.0,0.0,0.0,1.0
0,2036,0.53,0.0,0.0,0.0,0.0,0.0,1.0
0,2036,0.54,0.0,0.0,0.0,0.0,0.0,1.0
0,2036,0.55,0.0,0.0,0.0,0.0,0.0,1.0
0,2036,0.56,0.0,0.0,0.0,0.0,0.0,1.0
0,2036,0.5700000000000001,0.0,0.0,0.0,0.0,0.0,1.0
0,2036,0.58,0.0,0.0,0.0,0.0,0.0,1.0
0,2036,0.59,0.0,0.0,0.0,0.0,0.0,1.0
0,2036,0.6,0.0,0.0,0.0,0.0,0.0,1.0
0,2036,0.61,0.0,0.0,0.0,0.0,0.0,1.0
0,2036,0.62,0.0,0.0,0.0,0.0,0.0,1.0
0,2036,0.63,0.0,0.0,0.0,0.0,0.0,1.0
0,2036,0.64,0.0,0.0,0.0,0.0,0.0,1.0
0,2036,0.65,0.0,0.0,0.0,0.0,0.0,1.0
0,2036,0.66,0.0,0.0,0.0,0.0,0.0,1.0
0,2036,0.67,0.0,0.0,0.0,0.0,0.0,1.0
0,2036,0.68,0.0,0.0,0.0,0.0,0.0,1.0
0,2036,0.6900000000000001,0.0,0.0,0.0,0.0,0.0,1.0
0,2036,0.7000000000000001,0.0,0.0,0.0,0.0,0.0,1.0
0,2036,0.71,0.0,0.0,0.0,0.0,0.0,1.0
0,2036,0.72,0.0,0.0,0.0,0.0,0.0,1.0
0,2036,0.73,0.0,0.0,0.0,0.0,0.0,1.0
0,2036,0.74,0.0,0.0,0.0,0.0,0.0,1.0
0,2036,0.75,0.0,0.0,0.0,0.0,0.0,1.0
0,2036,0.76,0.0,0.0,0.0,0.0,0.0,1.0
0,2036,0.77,0.0,0.0,0.0,0.0,0.0,1.0
0,2036,0.78,0.0,0.0,0.0,0.0,0.0,1.0
0,2036,0.79,0.0,0.0,0.0,0.0,0.0,1.0
0,2036,0.8,0.0,0.0,0.0,0.0,0.0,1.0
0,2036,0.81,0.0,0.0,0.0,0.0,0.0,1.0
0,2036,0.8200000000000001,0.0,0.0,0.0,0.0,0.0,1.0
0,2036,0.8300000000000001,0.0,0.0,0.0,0.0,0.0,1.0
0,2036,0.84,0.0,0.0,0.0,0.0,0.0,1.0
0,2036,0.85,0.0,0.0,0.0,0.0,0.0,1.0
0,2036,0.86,0.0,0.0,0.0,0.0,0.0,1.0
0,2036,0.87,0.0,0.0,0.0,0.0,0.0,1.0
0,2036,0.88,0.0,0.0,0.0,0.0,0.0,1.0
0,2036,0.89,0.0,0.0,0.0,0.0,0.0,1.0
0,2036,0.9,0.0,0.0,0.0,0.0,0.0,1.0
0,2036,0.91,0.0,0.0,0.0,0.0,0.0,1.0
0,2036,0.92,0.0,0.0,0.0,0.0,0.0,1.0
0,2036,0.93,0.0,0.0,0.0,0.0,0.0,1.0
0,2036,0.9400000000000001,0.0,0.0,0.0,0.0,0.0,1.0
0,2036,0.9500000000000001,0.0,0.0,0.0,0.0,0.0,1.0
0,2036,0.96,0.0,0.0,0.0,0.0,0.0,1.0
0,2036,0.97,0.0,0.0,0.0,0.0,0.0,1.0
0,2036,0.98,0.0,0.0,0.0,0.0,0.0,1.0
0,2036,0.99,0.0,0.0,0.0,0.0,0.0,1.0
0,2036,1.0,0.0,0.0,0.0,0.0,0.0,1.0
0,2037,0.01,0.28457237948581454,0.11600417464678481,0.28678833965438966,0.16263235855323474,0.0958816567276739,0.05412109093210241
0,2037,0.02,1.0,0.0,0.0,0.0,0.0,0.0
0,2037,0.03,1.0,0.0,4.200151006672169e-15,1.9447618837323007e-15,0.0,0.0
0,2037,0.04,1.0,0.0,0.0,0.0,5.4004273487827486e-17,0.0
0,2037,0.05,0.2535459650849144,0.7464540349150747,0.0,0.0,0.0,3.100509950793522e-17
0,2037,0.06,0.0,0.0,0.0,0.0,0.0,1.0
0,2037,0.07,0.0,0.0,0.0,0.0,0.0,1.0
0,2037,0.08,0.0,0.0,0.0,0.0,0.0,1.0
0,2037,0.09,0.0,0.0,0.0,0.0,0.0,1.0
0,2037,0.1,0.0,0.0,0.0,0.0,0.0,1.0
0,2037,0.11,0.0,0.0,0.0,0.0,0.0,1.0
0,2037,0.12,0.0,0.0,0.0,0.0,0.0,1.0
0,2037,0.13,0.0,0.0,0.0,0.0,0.0,1.0
0,2037,0.14,0.0,0.0,0.0,0.0,0.0,1.0
0,2037,0.15,0.0,0.0,0.0,0.0,0.0,1.0
0,2037,0.16,0.0,0.0,0.0,0.0,0.0,1.0
0,2037,0.17,0.0,0.0,0.0,0.0,0.0,1.0
0,2037,0.18,0.0,0.0,0.0,0.0,0.0,1.0
0,2037,0.19,0.0,0.0,0.0,0.0,0.0,1.0
0,2037,0.2,0.0,0.0,0.0,0.0,0.0,1.0
0,2037,0.21,0.0,0.0,0.0,0.0,0.0,1.0
0,2037,0.22,0.0,0.0,0.0,0.0,0.0,1.0
0,2037,0.23,0.0,0.0,0.0,0.0,0.0,1.0
0,2037,0.24,0.0,0.0,0.0,0.0,0.0,1.0
0,2037,0.25,0.0,0.0,0.0,0.0,0.0,1.0
0,2037,0.26,0.0,0.0,0.0,0.0,0.0,1.0
0,2037,0.27,0.0,0.0,0.0,0.0,0.0,1.0
0,2037,0.28,0.0,0.0,0.0,0.0,0.0,1.0
0,2037,0.29,0.0,0.0,0.0,0.0,0.0,1.0
0,2037,0.3,0.0,0.0,0.0,0.0,0.0,1.0
0,2037,0.31,0.0,0.0,0.0,0.0,0.0,1.0
0,2037,0.32,0.0,0.0,0.0,0.0,0.0,1.0
0,2037,0.33,0.0,0.0,0.0,0.0,0.0,1.0
0,2037,0.34,0.0,0.0,0.0,0.0,0.0,1.0
0,2037,0.35000000000000003,0.0,0.0,0.0,0.0,0.0,1.0
0,2037,0.36,0.0,0.0,0.0,0.0,0.0,1.0
0,2037,0.37,0.0,0.0,0.0,0.0,0.0,1.0
0,2037,0.38,0.0,0.0,0.0,0.0,0.0,1.0
0,2037,0.39,0.0,0.0,0.0,0.0,0.0,1.0
0,2037,0.4,0.0,0.0,0.0,0.0,0.0,1.0
0,2037,0.41000000000000003,0.0,0.0,0.0,0.0,0.0,1.0
0,2037,0.42,0.0,0.0,0.0,0.0,0.0,1.0
0,2037,0.43,0.0,0.0,0.0,0.0,0.0,1.0
0,2037,0.44,0.0,0.0,0.0,0.0,0.0,1.0
0,2037,0.45,0.0,0.0,0.0,0.0,0.0,1.0
0,2037,0.46,0.0,0.0,0.0,0.0,0.0,1.0
0,2037,0.47000000000000003,0.0,0.0,0.0,0.0,0.0,1.0
0,2037,0.48,0.0,0.0,0.0,0.0,0.0,1.0
0,2037,0.49,0.0,0.0,0.0,0.0,0.0,1.0
0,2037,0.5,0.0,0.0,0.0,0.0,0.0,1.0
0,2037,0.51,0.0,0.0,0.0,0.0,0.0,1.0
0,2037,0.52,0.0,0.0,0.0,0.0,0.0,1.0
0,2037,0.53,0.0,0.0,0.0,0.0,0.0,1.0
0,2037,0.54,0.0,0.0,0.0,0.0,0.0,1.0
0,2037,0.55,0.0,0.0,0.0,0.0,0.0,1.0
0,2037,0.56,0.0,0.0,0.0,0.0,0.0,1.0
0,2037,0.5700000000000001,0.0,0.0,0.0,0.0,0.0,1.0
0,2037,0.58,0.0,0.0,0.0,0.0,0.0,1.0
0,2037,0.59,0.0,0.0,0.0,0.0,0.0,1.0
0,2037,0.6,0.0,0.0,0.0,0.0,0.0,1.0
0,2037,0.61,0.0,0.0,0.0,0.0,0.0,1.0
0,2037,0.62,0.0,0.0,0.0,0.0,0.0,1.0
0,2037,0.63,0.0,0.0,0.0,0.0,0.0,1.0
0,2037,0.64,0.0,0.0,0.0,0.0,0.0,1.0
0,2037,0.65,0.0,0.0,0.0,0.0,0.0,1.0
0,2037,0.66,0.0,0.0,0.0,0.0,0.0,1.0
0,2037,0.67,0.0,0.0,0.0,0.0,0.0,1.0
0,2037,0.68,0.0,0.0,0.0,0.0,0.0,1.0
0,2037,0.6900000000000001,0.0,0.0,0.0,0.0,0.0,1.0
0,2037,0.7000000000000001,0.0,0.0,0.0,0.0,0.0,1.0
0,2037,0.71,0.0,0.0,0.0,0.0,0.0,1.0
0,2037,0.72,0.0,0.0,0.0,0.0,0.0,1.0
0,2037,0.73,0.0,0.0,0.0,0.0,0.0,1.0
0,2037,0.74,0.0,0.0,0.0,0.0,0.0,1.0
0,2037,0.75,0.0,0.0,0.0,0.0,0.0,1.0
0,2037,0.76,0.0,0.0,0.0,0.0,0.0,1.0
0,2037,0.77,0.0,0.0,0.0,0.0,0.0,1.0
0,2037,0.78,0.0,0.0,0.0,0.0,0.0,1.0
0,2037,0.79,0.0,0.0,0.0,0.0,0.0,1.0
0,2037,0.8,0.0,0.0,0.0,0.0,0.0,1.0
0,2037,0.81,0.0,0.0,0.0,0.0,0.0,1.0
0,2037,0.8200000000000001,0.0,0.0,0.0,0.0,0.0,1.0
0,2037,0.8300000000000001,0.0,0.0,0.0,0.0,0.0,1.0
0,2037,0.84,0.0,0.0,0.0,0.0,0.0,1.0
0,2037,0.85,0.0,0.0,0.0,0.0,0.0,1.0
0,2037,0.86,0.0,0.0,0.0,0.0,0.0,1.0
0,2037,0.87,0.0,0.0,0.0,0.0,0.0,1.0
0,2037,0.88,0.0,0.0,0.0,0.0,0.0,1.0
0,2037,0.89,0.0,0.0,0.0,0.0,0.0,1.0
0,2037,0.9,0.0,0.0,0.0,0.0,0.0,1.0
0,2037,0.91,0.0,0.0,0.0,0.0,0.0,1.0
0,2037,0.92,0.0,0.0,0.0,0.0,0.0,1.0
0,2037,0.93,0.0,0.0,0.0,0.0,0.0,1.0
0,2037,0.9400000000000001,0.0,0.0,0.0,0.0,0.0,1.0
0,2037,0.9500000000000001,0.0,0.0,0.0,0.0,0.0,1.0
0,2037,0.96,0.0,0.0,0.0,0.0,0.0,1.0
0,2037,0.97,0.0,0.0,0.0,0.0,0.0,1.0
0,2037,0.98,0.0,0.0,0.0,0.0,0.0,1.0
0,2037,0.99,0.0,0.0,0.0,0.0,0.0,1.0
0,2037,1.0,0.0,0.0,0.0,0.0,0.0,1.0
0,2038,0.01,0.05962628997695364,0.2791403198794762,0.04270950200871929,0.1766970985803246,0.1466616351692124,0.2951651543853138
0,2038,0.02,0.9999999999999344,4.8545181637950207e-17,0.0,0.0,0.0,6.400895478406374e-18
0,2038,0.03,0.9999999999999991,3.0728668596632283e-13,3.53087704972802e-16,1.383442859704928e-16,2.758993289484185e-16,5.569020508385758e-16
0,2038,0.04,0.9999999999999999,2.220446049250313e-16,0.0,1.6397589271731284e-16,0.0,5.01133531706734e-17
0,2038,0.05,0.25390578077566844,0.7460942192243316,1.3491674315124587e-17,8.38216045100876e-18,2.4037226864311965e-18,0.0
0,2038,0.06,0.0,0.0,0.0,0.0,0.0,1.0
0,2038,0.07,0.0,0.0,0.0,0.0,0.0,1.0
0,2038,0.08,0.0,0.0,0.0,0.0,0.0,1.0
0,2038,0.09,0.0,0.0,0.0,0.0,0.0,1.0
0,2038,0.1,0.0,0.0,0.0,0.0,0.0,1.0
0,2038,0.11,0.0,0.0,0.0,0.0,0.0,1.0
0,2038,0.12,0.0,0.0,0.0,0.0,0.0,1.0
0,2038,0.13,0.0,0.0,0.0,0.0,0.0,1.0
0,2038,0.14,0.0,0.0,0.0,0.0,0.0,1.0
0,2038,0.15,0.0,0.0,0.0,0.0,0.0,1.0
0,2038,0.16,0.0,0.0,0.0,0.0,0.0,1.0
0,2038,0.17,0.0,0.0,0.0,0.0,0.0,1.0
0,2038,0.18,0.0,0.0,0.0,0.0,0.0,1.0
0,2038,0.19,0.0,0.0,0.0,0.0,0.0,1.0
0,2038,0.2,0.0,0.0,0.0,0.0,0.0,1.0
0,2038,0.21,0.0,0.0,0.0,0.0,0.0,1.0
0,2038,0.22,0.0,0.0,0.0,0.0,0.0,1.0
0,2038,0.23,0.0,0.0,0.0,0.0,0.0,1.0
0,2038,0.24,0.0,0.0,0.0,0.0,0.0,1.0
0,2038,0.25,0.0,0.0,0.0,0.0,0.0,1.0
0,2038,0.26,0.0,0.0,0.0,0.0,0.0,1.0
0,2038,0.27,0.0,0.0,0.0,0.0,0.0,1.0
0,2038,0.28,0.0,0.0,0.0,0.0,0.0,1.0
0,2038,0.29,0.0,0.0,0.0,0.0,0.0,1.0
0,2038,0.3,0.0,0.0,0.0,0.0,0.0,1.0
0,2038,0.31,0.0,0.0,0.0,0.0,0.0,1.0
0,2038,0.32,0.0,0.0,0.0,0.0,0.0,1.0
0,2038,0.33,0.0,0.0,0.0,0.0,0.0,1.0
0,2038,0.34,0.0,0.0,0.0,0.0,0.0,1.0
0,2038,0.35000000000000003,0.0,0.0,0.0,0.0,0.0,1.0
0,2038,0.36,0.0,0.0,0.0,0.0,0.0,1.0
0,2038,0.37,0.0,0.0,0.0,0.0,0.0,1.0
0,2038,0.38,0.0,0.0,0.0,0.0,0.0,1.0
0,2038,0.39,0.0,0.0,0.0,0.0,0.0,1.0
0,2038,0.4,0.0,0.0,0.0,0.0,0.0,1.0
0,2038,0.41000000000000003,0.0,0.0,0.0,0.0,0.0,1.0
0,2038,0.42,0.0,0.0,0.0,0.0,0.0,1.0
0,2038,0.43,0.0,0.0,0.0,0.0,0.0,1.0
0,2038,0.44,0.0,0.0,0.0,0.0,0.0,1.0
0,2038,0.45,0.0,0.0,0.0,0.0,0.0,1.0
0,2038,0.46,0.0,0.0,0.0,0.0,0.0,1.0
0,2038,0.47000000000000003,0.0,0.0,0.0,0.0,0.0,1.0
0,2038,0.48,0.0,0.0,0.0,0.0,0.0,1.0
0,2038,0.49,0.0,0.0,0.0,0.0,0.0,1.0
0,2038,0.5,0.0,0.0,0.0,0.0,0.0,1.0
0,2038,0.51,0.0,0.0,0.0,0.0,0.0,1.0
0,2038,0.52,0.0,0.0,0.0,0.0,0.0,1.0
0,2038,0.53,0.0,0.0,0.0,0.0,0.0,1.0
0,2038,0.54,0.0,0.0,0.0,0.0,0.0,1.0
0,2038,0.55,0.0,0.0,0.0,0.0,0.0,1.0
0,2038,0.56,0.0,0.0,0.0,0.0,0.0,1.0
0,2038,0.5700000000000001,0.0,0.0,0.0,0.0,0.0,1.0
0,2038,0.58,0.0,0.0,0.0,0.0,0.0,1.0
0,2038,0.59,0.0,0.0,0.0,0.0,0.0,1.0
0,2038,0.6,0.0,0.0,0.0,0.0,0.0,1.0
0,2038,0.61,0.0,0.0,0.0,0.0,0.0,1.0
0,2038,0.62,0.0,0.0,0.0,0.0,0.0,1.0
0,2038,0.63,0.0,0.0,0.0,0.0,0.0,1.0
0,2038,0.64,0.0,0.0,0.0,0.0,0.0,1.0
0,2038,0.65,0.0,0.0,0.0,0.0,0.0,1.0
0,2038,0.66,0.0,0.0,0.0,0.0,0.0,1.0
0,2038,0.67,0.0,0.0,0.0,0.0,0.0,1.0
0,2038,0.68,0.0,0.0,0.0,0.0,0.0,1.0
0,2038,0.6900000000000001,0.0,0.0,0.0,0.0,0.0,1.0
0,2038,0.7000000000000001,0.0,0.0,0.0,0.0,0.0,1.0
0,2038,0.71,0.0,0.0,0.0,0.0,0.0,1.0
0,2038,0.72,0.0,0.0,0.0,0.0,0.0,1.0
0,2038,0.73,0.0,0.0,0.0,0.0,0.0,1.0
0,2038,0.74,0.0,0.0,0.0,0.0,0.0,1.0
0,2038,0.75,0.0,0.0,0.0,0.0,0.0,1.0
0,2038,0.76,0.0,0.0,0.0,0.0,0.0,1.0
0,2038,0.77,0.0,0.0,0.0,0.0,0.0,1.0
0,2038,0.78,0.0,0.0,0.0,0.0,0.0,1.0
0,2038,0.79,0.0,0.0,0.0,0.0,0.0,1.0
0,2038,0.8,0.0,0.0,0.0,0.0,0.0,1.0
0,2038,0.81,0.0,0.0,0.0,0.0,0.0,1.0
0,2038,0.8200000000000001,0.0,0.0,0.0,0.0,0.0,1.0
0,2038,0.8300000000000001,0.0,0.0,0.0,0.0,0.0,1.0
0,2038,0.84,0.0,0.0,0.0,0.0,0.0,1.0
0,2038,0.85,0.0,0.0,0.0,0.0,0.0,1.0
0,2038,0.86,0.0,0.0,0.0,0.0,0.0,1.0
0,2038,0.87,0.0,0.0,0.0,0.0,0.0,1.0
0,2038,0.88,0.0,0.0,0.0,0.0,0.0,1.0
0,2038,0.89,0.0,0.0,0.0,0.0,0.0,1.0
0,2038,0.9,0.0,0.0,0.0,0.0,0.0,1.0
0,2038,0.91,0.0,0.0,0.0,0.0,0.0,1.0
0,2038,0.92,0.0,0.0,0.0,0.0,0.0,1.0
0,2038,0.93,0.0,0.0,0.0,0.0,0.0,1.0
0,2038,0.9400000000000001,0.0,0.0,0.0,0.0,0.0,1.0
0,2038,0.9500000000000001,0.0,0.0,0.0,0.0,0.0,1.0
0,2038,0.96,0.0,0.0,0.0,0.0,0.0,1.0
0,2038,0.97,0.0,0.0,0.0,0.0,0.0,1.0
0,2038,0.98,0.0,0.0,0.0,0.0,0.0,1.0
0,2038,0.99,0.0,0.0,0.0,0.0,0.0,1.0
0,2038,1.0,0.0,0.0,0.0,0.0,0.0,1.0
0,2039,0.01,0.14656819049934647,0.19316556790678222,0.3676976719292815,0.02959369388645753,0.13911165053418786,0.12386322524394436
0,2039,0.02,1.0,0.0,0.0,0.0,0.0,0.0
0,2039,0.03,0.9999999999999964,0.0,7.414141557527277e-15,0.0,0.0,0.0
0,2039,0.04,0.2539355408715068,0.7460644591284951,0.0,9.233646890451268e-17,3.504893092420383e-17,2.842353991771364e-17
0,2039,0.05,0.17141721023177903,0.20474056945482783,2.6078553809527557e-08,0.0,0.03061601771763736,0.5932261765168183
0,2039,0.06,0.0,0.0,0.0,0.0,0.0,1.0
0,2039,0.07,0.0,0.0,0.0,0.0,0.0,1.0
0,2039,0.08,0.0,0.0,0.0,0.0,0.0,1.0
0,2039,0.09,0.0,0.0,0.0,0.0,0.0,1.0
0,2039,0.1,0.0,0.0,0.0,0.0,0.0,1.0
0,2039,0.11,0.0,0.0,0.0,0.0,0.0,1.0
0,2039,0.12,0.0,0.0,0.0,0.0,0.0,1.0
0,2039,0.13,0.0,0.0,0.0,0.0,0.0,1.0
0,2039,0.14,0.0,0.0,0.0,0.0,0.0,1.0
0,2039,0.15,0.0,0.0,0.0,0.0,0.0,1.0
0,2039,0.16,0.0,0.0,0.0,0.0,0.0,1.0
0,2039,0.17,0.0,0.0,0.0,0.0,0.0,1.0
0,2039,0.18,0.0,0.0,0.0,0.0,0.0,1.0
0,2039,0.19,0.0,0.0,0.0,0.0,0.0,1.0
0,2039,0.2,0.0,0.0,0.0,0.0,0.0,1.0
0,2039,0.21,0.0,0.0,0.0,0.0,0.0,1.0
0,2039,0.22,0.0,0.0,0.0,0.0,0.0,1.0
0,2039,0.23,0.0,0.0,0.0,0.0,0.0,1.0
0,2039,0.24,0.0,0.0,0.0,0.0,0.0,1.0
0,2039,0.25,0.0,0.0,0.0,0.0,0.0,1.0
0,2039,0.26,0.0,0.0,0.0,0.0,0.0,1.0
0,2039,0.27,0.0,0.0,0.0,0.0,0.0,1.0
0,2039,0.28,0.0,0.0,0.0,0.0,0.0,1.0
0,2039,0.29,0.0,0.0,0.0,0.0,0.0,1.0
0,2039,0.3,0.0,0.0,0.0,0.0,0.0,1.0
0,2039,0.31,0.0,0.0,0.0,0.0,0.0,1.0
0,2039,0.32,0.0,0.0,0.0,0.0,0.0,1.0
0,2039,0.33,0.0,0.0,0.0,0.0,0.0,1.0
0,2039,0.34,0.0,0.0,0.0,0.0,0.0,1.0
0,2039,0.35000000000000003,0.0,0.0,0.0,0.0,0.0,1.0
0,2039,0.36,0.0,0.0,0.0,0.0,0.0,1.0
0,2039,0.37,0.0,0.0,0.0,0.0,0.0,1.0
0,2039,0.38,0.0,0.0,0.0,0.0,0.0,1.0
0,2039,0.39,0.0,0.0,0.0,0.0,0.0,1.0
0,2039,0.4,0.0,0.0,0.0,0.0,0.0,1.0
0,2039,0.41000000000000003,0.0,0.0,0.0,0.0,0.0,1.0
0,2039,0.42,0.0,0.0,0.0,0.0,0.0,1.0
0,2039,0.43,0.0,0.0,0.0,0.0,0.0,1.0
0,2039,0.44,0.0,0.0,0.0,0.0,0.0,1.0
0,2039,0.45,0.0,0.0,0.0,0.0,0.0,1.0
0,2039,0.46,0.0,0.0,0.0,0.0,0.0,1.0
0,2039,0.47000000000000003,0.0,0.0,0.0,0.0,0.0,1.0
0,2039,0.48,0.0,0.0,0.0,0.0,0.0,1.0
0,2039,0.49,0.0,0.0,0.0,0.0,0.0,1.0
0,2039,0.5,0.0,0.0,0.0,0.0,0.0,1.0
0,2039,0.51,0.0,0.0,0.0,0.0,0.0,1.0
0,2039,0.52,0.0,0.0,0.0,0.0,0.0,1.0
0,2039,0.53,0.0,0.0,0.0,0.0,0.0,1.0
0,2039,0.54,0.0,0.0,0.0,0.0,0.0,1.0
0,2039,0.55,0.0,0.0,0.0,0.0,0.0,1.0
0,2039,0.56,0.0,0.0,0.0,0.0,0.0,1.0
0,2039,0.5700000000000001,0.0,0.0,0.0,0.0,0.0,1.0
0,2039,0.58,0.0,0.0,0.0,0.0,0.0,1.0
0,2039,0.59,0.0,0.0,0.0,0.0,0.0,1.0
0,2039,0.6,0.0,0.0,0.0,0.0,0.0,1.0
0,2039,0.61,0.0,0.0,0.0,0.0,0.0,1.0
0,2039,0.62,0.0,0.0,0.0,0.0,0.0,1.0
0,2039,0.63,0.0,0.0,0.0,0.0,0.0,1.0
0,2039,0.64,0.0,0.0,0.0,0.0,0.0,1.0
0,2039,0.65,0.0,0.0,0.0,0.0,0.0,1.0
0,2039,0.66,0.0,0.0,0.0,0.0,0.0,1.0
0,2039,0.67,0.0,0.0,0.0,0.0,0.0,1.0
0,2039,0.68,0.0,0.0,0.0,0.0,0.0,1.0
0,2039,0.6900000000000001,0.0,0.0,0.0,0.0,0.0,1.0
0,2039,0.7000000000000001,0.0,0.0,0.0,0.0,0.0,1.0
0,2039,0.71,0.0,0.0,0.0,0.0,0.0,1.0
0,2039,0.72,0.0,0.0,0.0,0.0,0.0,1.0
0,2039,0.73,0.0,0.0,0.0,0.0,0.0,1.0
0,2039,0.74,0.0,0.0,0.0,0.0,0.0,1.0
0,2039,0.75,0.0,0.0,0.0,0.0,0.0,1.0
0,2039,0.76,0.0,0.0,0.0,0.0,0.0,1.0
0,2039,0.77,0.0,0.0,0.0,0.0,0.0,1.0
0,2039,0.78,0.0,0.0,0.0,0.0,0.0,1.0
0,2039,0.79,0.0,0.0,0.0,0.0,0.0,1.0
0,2039,0.8,0.0,0.0,0.0,0.0,0.0,1.0
0,2039,0.81,0.0,0.0,0.0,0.0,0.0,1.0
0,2039,0.8200000000000001,0.0,0.0,0.0,0.0,0.0,1.0
0,2039,0.8300000000000001,0.0,0.0,0.0,0.0,0.0,1.0
0,2039,0.84,0.0,0.0,0.0,0.0,0.0,1.0
0,2039,0.85,0.0,0.0,0.0,0.0,0.0,1.0
0,2039,0.86,0.0,0.0,0.0,0.0,0.0,1.0
0,2039,0.87,0.0,0.0,0.0,0.0,0.0,1.0
0,2039,0.88,0.0,0.0,0.0,0.0,0.0,1.0
0,2039,0.89,0.0,0.0,0.0,0.0,0.0,1.0
0,2039,0.9,0.0,0.0,0.0,0.0,0.0,1.0
0,2039,0.91,0.0,0.0,0.0,0.0,0.0,1.0
0,2039,0.92,0.0,0.0,0.0,0.0,0.0,1.0
0,2039,0.93,0.0,0.0,0.0,0.0,0.0,1.0
0,2039,0.9400000000000001,0.0,0.0,0.0,0.0,0.0,1.0
0,2039,0.9500000000000001,0.0,0.0,0.0,0.0,0.0,1.0
0,2039,0.96,0.0,0.0,0.0,0.0,0.0,1.0
0,2039,0.97,0.0,0.0,0.0,0.0,0.0,1.0
0,2039,0.98,0.0,0.0,0.0,0.0,0.0,1.0
0,2039,0.99,0.0,0.0,0.0,0.0,0.0,1.0
0,2039,1.0,0.0,0.0,0.0,0.0,0.0,1.0
0,2040,0.01,0.046686009714561834,0.1893996181400289,0.03847510827182513,0.4340529029414394,0.1880256745713177,0.10336068636082693
0,2040,0.02,0.046686009714561834,0.1893996181400289,0.03847510827182513,0.4340529029414394,0.1880256745713177,0.10336068636082693
0,2040,0.03,1.0,0.0,0.0,0.0,0.0,0.0
0,2040,0.04,1.0,4.440892098500626e-16,0.0,0.0,2.5220254194842014e-17,2.9063667521071513e-17
0,2040,0.05,0.238973213851277,0.6493840124679542,0.0,0.0,1.0912001323914448e-16,0.11164277368076854
0,2040,0.06,0.0,0.0,0.0,0.0,0.0,1.0
0,2040,0.07,0.0,0.0,0.0,0.0,0.0,1.0
0,2040,0.08,0.0,0.0,0.0,0.0,0.0,1.0
0,2040,0.09,0.0,0.0,0.0,0.0,0.0,1.0
0,2040,0.1,0.0,0.0,0.0,0.0,0.0,1.0
0,2040,0.11,0.0,0.0,0.0,0.0,0.0,1.0
0,2040,0.12,0.0,0.0,0.0,0.0,0.0,1.0
0,2040,0.13,0.0,0.0,0.0,0.0,0.0,1.0
0,2040,0.14,0.0,0.0,0.0,0.0,0.0,1.0
0,2040,0.15,0.0,0.0,0.0,0.0,0.0,1.0
0,2040,0.16,0.0,0.0,0.0,0.0,0.0,1.0
0,2040,0.17,0.0,0.0,0.0,0.0,0.0,1.0
0,2040,0.18,0.0,0.0,0.0,0.0,0.0,1.0
0,2040,0.19,0.0,0.0,0.0,0.0,0.0,1.0
0,2040,0.2,0.0,0.0,0.0,0.0,0.0,1.0
0,2040,0.21,0.0,0.0,0.0,0.0,0.0,1.0
0,2040,0.22,0.0,0.0,0.0,0.0,0.0,1.0
0,2040,0.23,0.0,0.0,0.0,0.0,0.0,1.0
0,2040,0.24,0.0,0.0,0.0,0.0,0.0,1.0
0,2040,0.25,0.0,0.0,0.0,0.0,0.0,1.0
0,2040,0.26,0.0,0.0,0.0,0.0,0.0,1.0
0,2040,0.27,0.0,0.0,0.0,0.0,0.0,1.0
0,2040,0.28,0.0,0.0,0.0,0.0,0.0,1.0
0,2040,0.29,0.0,0.0,0.0,0.0,0.0,1.0
0,2040,0.3,0.0,0.0,0.0,0.0,0.0,1.0
0,2040,0.31,0.0,0.0,0.0,0.0,0.0,1.0
0,2040,0.32,0.0,0.0,0.0,0.0,0.0,1.0
0,2040,0.33,0.0,0.0,0.0,0.0,0.0,1.0
0,2040,0.34,0.0,0.0,0.0,0.0,0.0,1.0
0,2040,0.35000000000000003,0.0,0.0,0.0,0.0,0.0,1.0
0,2040,0.36,0.0,0.0,0.0,0.0,0.0,1.0
0,2040,0.37,0.0,0.0,0.0,0.0,0.0,1.0
0,2040,0.38,0.0,0.0,0.0,0.0,0.0,1.0
0,2040,0.39,0.0,0.0,0.0,0.0,0.0,1.0
0,2040,0.4,0.0,0.0,0.0,0.0,0.0,1.0
0,2040,0.41000000000000003,0.0,0.0,0.0,0.0,0.0,1.0
0,2040,0.42,0.0,0.0,0.0,0.0,0.0,1.0
0,2040,0.43,0.0,0.0,0.0,0.0,0.0,1.0
0,2040,0.44,0.0,0.0,0.0,0.0,0.0,1.0
0,2040,0.45,0.0,0.0,0.0,0.0,0.0,1.0
0,2040,0.46,0.0,0.0,0.0,0.0,0.0,1.0
0,2040,0.47000000000000003,0.0,0.0,0.0,0.0,0.0,1.0
0,2040,0.48,0.0,0.0,0.0,0.0,0.0,1.0
0,2040,0.49,0.0,0.0,0.0,0.0,0.0,1.0
0,2040,0.5,0.0,0.0,0.0,0.0,0.0,1.0
0,2040,0.51,0.0,0.0,0.0,0.0,0.0,1.0
0,2040,0.52,0.0,0.0,0.0,0.0,0.0,1.0
0,2040,0.53,0.0,0.0,0.0,0.0,0.0,1.0
0,2040,0.54,0.0,0.0,0.0,0.0,0.0,1.0
0,2040,0.55,0.0,0.0,0.0,0.0,0.0,1.0
0,2040,0.56,0.0,0.0,0.0,0.0,0.0,1.0
0,2040,0.5700000000000001,0.0,0.0,0.0,0.0,0.0,1.0
0,2040,0.58,0.0,0.0,0.0,0.0,0.0,1.0
0,2040,0.59,0.0,0.0,0.0,0.0,0.0,1.0
0,2040,0.6,0.0,0.0,0.0,0.0,0.0,1.0
0,2040,0.61,0.0,0.0,0.0,0.0,0.0,1.0
0,2040,0.62,0.0,0.0,0.0,0.0,0.0,1.0
0,2040,0.63,0.0,0.0,0.0,0.0,0.0,1.0
0,2040,0.64,0.0,0.0,0.0,0.0,0.0,1.0
0,2040,0.65,0.0,0.0,0.0,0.0,0.0,1.0
0,2040,0.66,0.0,0.0,0.0,0.0,0.0,1.0
0,2040,0.67,0.0,0.0,0.0,0.0,0.0,1.0
0,2040,0.68,0.0,0.0,0.0,0.0,0.0,1.0
0,2040,0.6900000000000001,0.0,0.0,0.0,0.0,0.0,1.0
0,2040,0.7000000000000001,0.0,0.0,0.0,0.0,0.0,1.0
0,2040,0.71,0.0,0.0,0.0,0.0,0.0,1.0
0,2040,0.72,0.0,0.0,0.0,0.0,0.0,1.0
0,2040,0.73,0.0,0.0,0.0,0.0,0.0,1.0
0,2040,0.74,0.0,0.0,0.0,0.0,0.0,1.0
0,2040,0.75,0.0,0.0,0.0,0.0,0.0,1.0
0,2040,0.76,0.0,0.0,0.0,0.0,0.0,1.0
0,2040,0.77,0.0,0.0,0.0,0.0,0.0,1.0
0,2040,0.78,0.0,0.0,0.0,0.0,0.0,1.0
0,2040,0.79,0.0,0.0,0.0,0.0,0.0,1.0
0,2040,0.8,0.0,0.0,0.0,0.0,0.0,1.0
0,2040,0.81,0.0,0.0,0.0,0.0,0.0,1.0
0,2040,0.8200000000000001,0.0,0.0,0.0,0.0,0.0,1.0
0,2040,0.8300000000000001,0.0,0.0,0.0,0.0,0.0,1.0
0,2040,0.84,0.0,0.0,0.0,0.0,0.0,1.0
0,2040,0.85,0.0,0.0,0.0,0.0,0.0,1.0
0,2040,0.86,0.0,0.0,0.0,0.0,0.0,1.0
0,2040,0.87,0.0,0.0,0.0,0.0,0.0,1.0
0,2040,0.88,0.0,0.0,0.0,0.0,0.0,1.0
0,2040,0.89,0.0,0.0,0.0,0.0,0.0,1.0
0,2040,0.9,0.0,0.0,0.0,0.0,0.0,1.0
0,2040,0.91,0.0,0.0,0.0,0.0,0.0,1.0
0,2040,0.92,0.0,0.0,0.0,0.0,0.0,1.0
0,2040,0.93,0.0,0.0,0.0,0.0,0.0,1.0
0,2040,0.9400000000000001,0.0,0.0,0.0,0.0,0.0,1.0
0,2040,0.9500000000000001,0.0,0.0,0.0,0.0,0.0,1.0
0,2040,0.96,0.0,0.0,0.0,0.0,0.0,1.0
0,2040,0.97,0.0,0.0,0.0,0.0,0.0,1.0
0,2040,0.98,0.0,0.0,0.0,0.0,0.0,1.0
0,2040,0.99,0.0,0.0,0.0,0.0,0.0,1.0
0,2040,1.0,0.0,0.0,0.0,0.0,0.0,1.0
0,2041,0.01,0.13188367846177354,0.006307861426152813,0.023097374765600056,0.33477982595564,0.41955591175356116,0.08437534763727245
0,2041,0.02,0.13188367846177354,0.006307861426152813,0.023097374765600056,0.33477982595564,0.41955591175356116,0.08437534763727245
0,2041,0.03,0.9999999999972109,3.1103891437399976e-12,0.0,3.633350610094226e-14,0.0,0.0
0,2041,0.04,0.25458139165043225,0.7454186083495677,6.572017934170376e-17,0.0,8.470184665816047e-18,3.502352054001967e-17
0,2041,0.05,0.0,0.0,0.0,0.0,0.0,1.0
0,2041,0.06,0.0,0.0,0.0,0.0,0.0,1.0
0,2041,0.07,0.0,0.0,0.0,0.0,0.0,1.0
0,2041,0.08,0.0,0.0,0.0,0.0,0.0,1.0
0,2041,0.09,0.0,0.0,0.0,0.0,0.0,1.0
0,2041,0.1,0.0,0.0,0.0,0.0,0.0,1.0
0,2041,0.11,0.0,0.0,0.0,0.0,0.0,1.0
0,2041,0.12,0.0,0.0,0.0,0.0,0.0,1.0
0,2041,0.13,0.0,0.0,0.0,0.0,0.0,1.0
0,2041,0.14,0.0,0.0,0.0,0.0,0.0,1.0
0,2041,0.15,0.0,0.0,0.0,0.0,0.0,1.0
0,2041,0.16,0.0,0.0,0.0,0.0,0.0,1.0
0,2041,0.17,0.0,0.0,0.0,0.0,0.0,1.0
0,2041,0.18,0.0,0.0,0.0,0.0,0.0,1.0
0,2041,0.19,0.0,0.0,0.0,0.0,0.0,1.0
0,2041,0.2,0.0,0.0,0.0,0.0,0.0,1.0
0,2041,0.21,0.0,0.0,0.0,0.0,0.0,1.0
0,2041,0.22,0.0,0.0,0.0,0.0,0.0,1.0
0,2041,0.23,0.0,0.0,0.0,0.0,0.0,1.0
0,2041,0.24,0.0,0.0,0.0,0.0,0.0,1.0
0,2041,0.25,0.0,0.0,0.0,0.0,0.0,1.0
0,2041,0.26,0.0,0.0,0.0,0.0,0.0,1.0
0,2041,0.27,0.0,0.0,0.0,0.0,0.0,1.0
0,2041,0.28,0.0,0.0,0.0,0.0,0.0,1.0
0,2041,0.29,0.0,0.0,0.0,0.0,0.0,1.0
0,2041,0.3,0.0,0.0,0.0,0.0,0.0,1.0
0,2041,0.31,0.0,0.0,0.0,0.0,0.0,1.0
0,2041,0.32,0.0,0.0,0.0,0.0,0.0,1.0
0,2041,0.33,0.0,0.0,0.0,0.0,0.0,1.0
0,2041,0.34,0.0,0.0,0.0,0.0,0.0,1.0
0,2041,0.35000000000000003,0.0,0.0,0.0,0.0,0.0,1.0
0,2041,0.36,0.0,0.0,0.0,0.0,0.0,1.0
0,2041,0.37,0.0,0.0,0.0,0.0,0.0,1.0
0,2041,0.38,0.0,0.0,0.0,0.0,0.0,1.0
0,2041,0.39,0.0,0.0,0.0,0.0,0.0,1.0
0,2041,0.4,0.0,0.0,0.0,0.0,0.0,1.0
0,2041,0.41000000000000003,0.0,0.0,0.0,0.0,0.0,1.0
0,2041,0.42,0.0,0.0,0.0,0.0,0.0,1.0
0,2041,0.43,0.0,0.0,0.0,0.0,0.0,1.0
0,2041,0.44,0.0,0.0,0.0,0.0,0.0,1.0
0,2041,0.45,0.0,0.0,0.0,0.0,0.0,1.0
0,2041,0.46,0.0,0.0,0.0,0.0,0.0,1.0
0,2041,0.47000000000000003,0.0,0.0,0.0,0.0,0.0,1.0
0,2041,0.48,0.0,0.0,0.0,0.0,0.0,1.0
0,2041,0.49,0.0,0.0,0.0,0.0,0.0,1.0
0,2041,0.5,0.0,0.0,0.0,0.0,0.0,1.0
0,2041,0.51,0.0,0.0,0.0,0.0,0.0,1.0
0,2041,0.52,0.0,0.0,0.0,0.0,0.0,1.0
0,2041,0.53,0.0,0.0,0.0,0.0,0.0,1.0
0,2041,0.54,0.0,0.0,0.0,0.0,0.0,1.0
0,2041,0.55,0.0,0.0,0.0,0.0,0.0,1.0
0,2041,0.56,0.0,0.0,0.0,0.0,0.0,1.0
0,2041,0.5700000000000001,0.0,0.0,0.0,0.0,0.0,1.0
0,2041,0.58,0.0,0.0,0.0,0.0,0.0,1.0
0,2041,0.59,0.0,0.0,0.0,0.0,0.0,1.0
0,2041,0.6,0.0,0.0,0.0,0.0,0.0,1.0
0,2041,0.61,0.0,0.0,0.0,0.0,0.0,1.0
0,2041,0.62,0.0,0.0,0.0,0.0,0.0,1.0
0,2041,0.63,0.0,0.0,0.0,0.0,0.0,1.0
0,2041,0.64,0.0,0.0,0.0,0.0,0.0,1.0
0,2041,0.65,0.0,0.0,0.0,0.0,0.0,1.0
0,2041,0.66,0.0,0.0,0.0,0.0,0.0,1.0
0,2041,0.67,0.0,0.0,0.0,0.0,0.0,1.0
0,2041,0.68,0.0,0.0,0.0,0.0,0.0,1.0
0,2041,0.6900000000000001,0.0,0.0,0.0,0.0,0.0,1.0
0,2041,0.7000000000000001,0.0,0.0,0.0,0.0,0.0,1.0
0,2041,0.71,0.0,0.0,0.0,0.0,0.0,1.0
0,2041,0.72,0.0,0.0,0.0,0.0,0.0,1.0
0,2041,0.73,0.0,0.0,0.0,0.0,0.0,1.0
0,2041,0.74,0.0,0.0,0.0,0.0,0.0,1.0
0,2041,0.75,0.0,0.0,0.0,0.0,0.0,1.0
0,2041,0.76,0.0,0.0,0.0,0.0,0.0,1.0
0,2041,0.77,0.0,0.0,0.0,0.0,0.0,1.0
0,2041,0.78,0.0,0.0,0.0,0.0,0.0,1.0
0,2041,0.79,0.0,0.0,0.0,0.0,0.0,1.0
0,2041,0.8,0.0,0.0,0.0,0.0,0.0,1.0
0,2041,0.81,0.0,0.0,0.0,0.0,0.0,1.0
0,2041,0.8200000000000001,0.0,0.0,0.0,0.0,0.0,1.0
0,2041,0.8300000000000001,0.0,0.0,0.0,0.0,0.0,1.0
0,2041,0.84,0.0,0.0,0.0,0.0,0.0,1.0
0,2041,0.85,0.0,0.0,0.0,0.0,0.0,1.0
0,2041,0.86,0.0,0.0,0.0,0.0,0.0,1.0
0,2041,0.87,0.0,0.0,0.0,0.0,0.0,1.0
0,2041,0.88,0.0,0.0,0.0,0.0,0.0,1.0
0,2041,0.89,0.0,0.0,0.0,0.0,0.0,1.0
0,2041,0.9,0.0,0.0,0.0,0.0,0.0,1.0
0,2041,0.91,0.0,0.0,0.0,0.0,0.0,1.0
0,2041,0.92,0.0,0.0,0.0,0.0,0.0,1.0
0,2041,0.93,0.0,0.0,0.0,0.0,0.0,1.0
0,2041,0.9400000000000001,0.0,0.0,0.0,0.0,0.0,1.0
0,2041,0.9500000000000001,0.0,0.0,0.0,0.0,0.0,1.0
0,2041,0.96,0.0,0.0,0.0,0.0,0.0,1.0
0,2041,0.97,0.0,0.0,0.0,0.0,0.0,1.0
0,2041,0.98,0.0,0.0,0.0,0.0,0.0,1.0
0,2041,0.99,0.0,0.0,0.0,0.0,0.0,1.0
0,2041,1.0,0.0,0.0,0.0,0.0,0.0,1.0
0,2042,0.01,0.020436619891717682,0.17093964293879912,0.17614729650907782,0.0826615623128599,0.23138257109872623,0.31843230724881916
0,2042,0.02,0.020436619891717682,0.17093964293879912,0.17614729650907782,0.0826615623128599,0.23138257109872623,0.31843230724881916
0,2042,0.03,0.0,1.0,1.6600426605950265e-15,5.51475797139989e-16,1.0212969875372739e-15,1.1973850789294761e-15
0,2042,0.04,0.0,0.0,0.0,0.0,0.0,1.0
0,2042,0.05,0.0,0.0,0.0,0.0,0.0,1.0
0,2042,0.06,0.0,0.0,0.0,0.0,0.0,1.0
0,2042,0.07,0.0,0.0,0.0,0.0,0.0,1.0
0,2042,0.08,0.0,0.0,0.0,0.0,0.0,1.0
0,2042,0.09,0.0,0.0,0.0,0.0,0.0,1.0
0,2042,0.1,0.0,0.0,0.0,0.0,0.0,1.0
0,2042,0.11,0.0,0.0,0.0,0.0,0.0,1.0
0,2042,0.12,0.0,0.0,0.0,0.0,0.0,1.0
0,2042,0.13,0.0,0.0,0.0,0.0,0.0,1.0
0,2042,0.14,0.0,0.0,0.0,0.0,0.0,1.0
0,2042,0.15,0.0,0.0,0.0,0.0,0.0,1.0
0,2042,0.16,0.0,0.0,0.0,0.0,0.0,1.0
0,2042,0.17,0.0,0.0,0.0,0.0,0.0,1.0
0,2042,0.18,0.0,0.0,0.0,0.0,0.0,1.0
0,2042,0.19,0.0,0.0,0.0,0.0,0.0,1.0
0,2042,0.2,0.0,0.0,0.0,0.0,0.0,1.0
0,2042,0.21,0.0,0.0,0.0,0.0,0.0,1.0
0,2042,0.22,0.0,0.0,0.0,0.0,0.0,1.0
0,2042,0.23,0.0,0.0,0.0,0.0,0.0,1.0
0,2042,0.24,0.0,0.0,0.0,0.0,0.0,1.0
0,2042,0.25,0.0,0.0,0.0,0.0,0.0,1.0
0,2042,0.26,0.0,0.0,0.0,0.0,0.0,1.0
0,2042,0.27,0.0,0.0,0.0,0.0,0.0,1.0
0,2042,0.28,0.0,0.0,0.0,0.0,0.0,1.0
0,2042,0.29,0.0,0.0,0.0,0.0,0.0,1.0
0,2042,0.3,0.0,0.0,0.0,0.0,0.0,1.0
0,2042,0.31,0.0,0.0,0.0,0.0,0.0,1.0
0,2042,0.32,0.0,0.0,0.0,0.0,0.0,1.0
0,2042,0.33,0.0,0.0,0.0,0.0,0.0,1.0
0,2042,0.34,0.0,0.0,0.0,0.0,0.0,1.0
0,2042,0.35000000000000003,0.0,0.0,0.0,0.0,0.0,1.0
0,2042,0.36,0.0,0.0,0.0,0.0,0.0,1.0
0,2042,0.37,0.0,0.0,0.0,0.0,0.0,1.0
0,2042,0.38,0.0,0.0,0.0,0.0,0.0,1.0
0,2042,0.39,0.0,0.0,0.0,0.0,0.0,1.0
0,2042,0.4,0.0,0.0,0.0,0.0,0.0,1.0
0,2042,0.41000000000000003,0.0,0.0,0.0,0.0,0.0,1.0
0,2042,0.42,0.0,0.0,0.0,0.0,0.0,1.0
0,2042,0.43,0.0,0.0,0.0,0.0,0.0,1.0
0,2042,0.44,0.0,0.0,0.0,0.0,0.0,1.0
0,2042,0.45,0.0,0.0,0.0,0.0,0.0,1.0
0,2042,0.46,0.0,0.0,0.0,0.0,0.0,1.0
0,2042,0.47000000000000003,0.0,0.0,0.0,0.0,0.0,1.0
0,2042,0.48,0.0,0.0,0.0,0.0,0.0,1.0
0,2042,0.49,0.0,0.0,0.0,0.0,0.0,1.0
0,2042,0.5,0.0,0.0,0.0,0.0,0.0,1.0
0,2042,0.51,0.0,0.0,0.0,0.0,0.0,1.0
0,2042,0.52,0.0,0.0,0.0,0.0,0.0,1.0
0,2042,0.53,0.0,0.0,0.0,0.0,0.0,1.0
0,2042,0.54,0.0,0.0,0.0,0.0,0.0,1.0
0,2042,0.55,0.0,0.0,0.0,0.0,0.0,1.0
0,2042,0.56,0.0,0.0,0.0,0.0,0.0,1.0
0,2042,0.5700000000000001,0.0,0.0,0.0,0.0,0.0,1.0
0,2042,0.58,0.0,0.0,0.0,0.0,0.0,1.0
0,2042,0.59,0.0,0.0,0.0,0.0,0.0,1.0
0,2042,0.6,0.0,0.0,0.0,0.0,0.0,1.0
0,2042,0.61,0.0,0.0,0.0,0.0,0.0,1.0
0,2042,0.62,0.0,0.0,0.0,0.0,0.0,1.0
0,2042,0.63,0.0,0.0,0.0,0.0,0.0,1.0
0,2042,0.64,0.0,0.0,0.0,0.0,0.0,1.0
0,2042,0.65,0.0,0.0,0.0,0.0,0.0,1.0
0,2042,0.66,0.0,0.0,0.0,0.0,0.0,1.0
0,2042,0.67,0.0,0.0,0.0,0.0,0.0,1.0
0,2042,0.68,0.0,0.0,0.0,0.0,0.0,1.0
0,2042,0.6900000000000001,0.0,0.0,0.0,0.0,0.0,1.0
0,2042,0.7000000000000001,0.0,0.0,0.0,0.0,0.0,1.0
0,2042,0.71,0.0,0.0,0.0,0.0,0.0,1.0
0,2042,0.72,0.0,0.0,0.0,0.0,0.0,1.0
0,2042,0.73,0.0,0.0,0.0,0.0,0.0,1.0
0,2042,0.74,0.0,0.0,0.0,0.0,0.0,1.0
0,2042,0.75,0.0,0.0,0.0,0.0,0.0,1.0
0,2042,0.76,0.0,0.0,0.0,0.0,0.0,1.0
0,2042,0.77,0.0,0.0,0.0,0.0,0.0,1.0
0,2042,0.78,0.0,0.0,0.0,0.0,0.0,1.0
0,2042,0.79,0.0,0.0,0.0,0.0,0.0,1.0
0,2042,0.8,0.0,0.0,0.0,0.0,0.0,1.0
0,2042,0.81,0.0,0.0,0.0,0.0,0.0,1.0
0,2042,0.8200000000000001,0.0,0.0,0.0,0.0,0.0,1.0
0,2042,0.8300000000000001,0.0,0.0,0.0,0.0,0.0,1.0
0,2042,0.84,0.0,0.0,0.0,0.0,0.0,1.0
0,2042,0.85,0.0,0.0,0.0,0.0,0.0,1.0
0,2042,0.86,0.0,0.0,0.0,0.0,0.0,1.0
0,2042,0.87,0.0,0.0,0.0,0.0,0.0,1.0
0,2042,0.88,0.0,0.0,0.0,0.0,0.0,1.0
0,2042,0.89,0.0,0.0,0.0,0.0,0.0,1.0
0,2042,0.9,0.0,0.0,0.0,0.0,0.0,1.0
0,2042,0.91,0.0,0.0,0.0,0.0,0.0,1.0
0,2042,0.92,0.0,0.0,0.0,0.0,0.0,1.0
0,2042,0.93,0.0,0.0,0.0,0.0,0.0,1.0
0,2042,0.9400000000000001,0.0,0.0,0.0,0.0,0.0,1.0
0,2042,0.9500000000000001,0.0,0.0,0.0,0.0,0.0,1.0
0,2042,0.96,0.0,0.0,0.0,0.0,0.0,1.0
0,2042,0.97,0.0,0.0,0.0,0.0,0.0,1.0
0,2042,0.98,0.0,0.0,0.0,0.0,0.0,1.0
0,2042,0.99,0.0,0.0,0.0,0.0,0.0,1.0
0,2042,1.0,0.0,0.0,0.0,0.0,0.0,1.0
0,2043,0.01,0.27167870601830857,0.15460447216199544,0.05074380517546179,0.23147008824484455,0.17029087493331926,0.1212120534660704
0,2043,0.02,0.27167870601830857,0.15460447216199544,0.05074380517546179,0.23147008824484455,0.17029087493331926,0.1212120534660704
0,2043,0.03,0.9999999999999997,4.595564196205599e-16,0.0,1.0227331531462867e-17,1.6471494229523253e-17,1.6196582819417404e-16
0,2043,0.04,0.0,0.0,0.0,0.0,0.0,1.0
0,2043,0.05,0.0,0.0,0.0,0.0,0.0,1.0
0,2043,0.06,0.0,0.0,0.0,0.0,0.0,1.0
0,2043,0.07,0.0,0.0,0.0,0.0,0.0,1.0
0,2043,0.08,0.0,0.0,0.0,0.0,0.0,1.0
0,2043,0.09,0.0,0.0,0.0,0.0,0.0,1.0
0,2043,0.1,0.0,0.0,0.0,0.0,0.0,1.0
0,2043,0.11,0.0,0.0,0.0,0.0,0.0,1.0
0,2043,0.12,0.0,0.0,0.0,0.0,0.0,1.0
0,2043,0.13,0.0,0.0,0.0,0.0,0.0,1.0
0,2043,0.14,0.0,0.0,0.0,0.0,0.0,1.0
0,2043,0.15,0.0,0.0,0.0,0.0,0.0,1.0
0,2043,0.16,0.0,0.0,0.0,0.0,0.0,1.0
0,2043,0.17,0.0,0.0,0.0,0.0,0.0,1.0
0,2043,0.18,0.0,0.0,0.0,0.0,0.0,1.0
0,2043,0.19,0.0,0.0,0.0,0.0,0.0,1.0
0,2043,0.2,0.0,0.0,0.0,0.0,0.0,1.0
0,2043,0.21,0.0,0.0,0.0,0.0,0.0,1.0
0,2043,0.22,0.0,0.0,0.0,0.0,0.0,1.0
0,2043,0.23,0.0,0.0,0.0,0.0,0.0,1.0
0,2043,0.24,0.0,0.0,0.0,0.0,0.0,1.0
0,2043,0.25,0.0,0.0,0.0,0.0,0.0,1.0
0,2043,0.26,0.0,0.0,0.0,0.0,0.0,1.0
0,2043,0.27,0.0,0.0,0.0,0.0,0.0,1.0
0,2043,0.28,0.0,0.0,0.0,0.0,0.0,1.0
0,2043,0.29,0.0,0.0,0.0,0.0,0.0,1.0
0,2043,0.3,0.0,0.0,0.0,0.0,0.0,1.0
0,2043,0.31,0.0,0.0,0.0,0.0,0.0,1.0
0,2043,0.32,0.0,0.0,0.0,0.0,0.0,1.0
0,2043,0.33,0.0,0.0,0.0,0.0,0.0,1.0
0,2043,0.34,0.0,0.0,0.0,0.0,0.0,1.0
0,2043,0.35000000000000003,0.0,0.0,0.0,0.0,0.0,1.0
0,2043,0.36,0.0,0.0,0.0,0.0,0.0,1.0
0,2043,0.37,0.0,0.0,0.0,0.0,0.0,1.0
0,2043,0.38,0.0,0.0,0.0,0.0,0.0,1.0
0,2043,0.39,0.0,0.0,0.0,0.0,0.0,1.0
0,2043,0.4,0.0,0.0,0.0,0.0,0.0,1.0
0,2043,0.41000000000000003,0.0,0.0,0.0,0.0,0.0,1.0
0,2043,0.42,0.0,0.0,0.0,0.0,0.0,1.0
0,2043,0.43,0.0,0.0,0.0,0.0,0.0,1.0
0,2043,0.44,0.0,0.0,0.0,0.0,0.0,1.0
0,2043,0.45,0.0,0.0,0.0,0.0,0.0,1.0
0,2043,0.46,0.0,0.0,0.0,0.0,0.0,1.0
0,2043,0.47000000000000003,0.0,0.0,0.0,0.0,0.0,1.0
0,2043,0.48,0.0,0.0,0.0,0.0,0.0,1.0
0,2043,0.49,0.0,0.0,0.0,0.0,0.0,1.0
0,2043,0.5,0.0,0.0,0.0,0.0,0.0,1.0
0,2043,0.51,0.0,0.0,0.0,0.0,0.0,1.0
0,2043,0.52,0.0,0.0,0.0,0.0,0.0,1.0
0,2043,0.53,0.0,0.0,0.0,0.0,0.0,1.0
0,2043,0.54,0.0,0.0,0.0,0.0,0.0,1.0
0,2043,0.55,0.0,0.0,0.0,0.0,0.0,1.0
0,2043,0.56,0.0,0.0,0.0,0.0,0.0,1.0
0,2043,0.5700000000000001,0.0,0.0,0.0,0.0,0.0,1.0
0,2043,0.58,0.0,0.0,0.0,0.0,0.0,1.0
0,2043,0.59,0.0,0.0,0.0,0.0,0.0,1.0
0,2043,0.6,0.0,0.0,0.0,0.0,0.0,1.0
0,2043,0.61,0.0,0.0,0.0,0.0,0.0,1.0
0,2043,0.62,0.0,0.0,0.0,0.0,0.0,1.0
0,2043,0.63,0.0,0.0,0.0,0.0,0.0,1.0
0,2043,0.64,0.0,0.0,0.0,0.0,0.0,1.0
0,2043,0.65,0.0,0.0,0.0,0.0,0.0,1.0
0,2043,0.66,0.0,0.0,0.0,0.0,0.0,1.0
0,2043,0.67,0.0,0.0,0.0,0.0,0.0,1.0
0,2043,0.68,0.0,0.0,0.0,0.0,0.0,1.0
0,2043,0.6900000000000001,0.0,0.0,0.0,0.0,0.0,1.0
0,2043,0.7000000000000001,0.0,0.0,0.0,0.0,0.0,1.0
0,2043,0.71,0.0,0.0,0.0,0.0,0.0,1.0
0,2043,0.72,0.0,0.0,0.0,0.0,0.0,1.0
0,2043,0.73,0.0,0.0,0.0,0.0,0.0,1.0
0,2043,0.74,0.0,0.0,0.0,0.0,0.0,1.0
0,2043,0.75,0.0,0.0,0.0,0.0,0.0,1.0
0,2043,0.76,0.0,0.0,0.0,0.0,0.0,1.0
0,2043,0.77,0.0,0.0,0.0,0.0,0.0,1.0
0,2043,0.78,0.0,0.0,0.0,0.0,0.0,1.0
0,2043,0.79,0.0,0.0,0.0,0.0,0.0,1.0
0,2043,0.8,0.0,0.0,0.0,0.0,0.0,1.0
0,2043,0.81,0.0,0.0,0.0,0.0,0.0,1.0
0,2043,0.8200000000000001,0.0,0.0,0.0,0.0,0.0,1.0
0,2043,0.8300000000000001,0.0,0.0,0.0,0.0,0.0,1.0
0,2043,0.84,0.0,0.0,0.0,0.0,0.0,1.0
0,2043,0.85,0.0,0.0,0.0,0.0,0.0,1.0
0,2043,0.86,0.0,0.0,0.0,0.0,0.0,1.0
0,2043,0.87,0.0,0.0,0.0,0.0,0.0,1.0
0,2043,0.88,0.0,0.0,0.0,0.0,0.0,1.0
0,2043,0.89,0.0,0.0,0.0,0.0,0.0,1.0
0,2043,0.9,0.0,0.0,0.0,0.0,0.0,1.0
0,2043,0.91,0.0,0.0,0.0,0.0,0.0,1.0
0,2043,0.92,0.0,0.0,0.0,0.0,0.0,1.0
0,2043,0.93,0.0,0.0,0.0,0.0,0.0,1.0
0,2043,0.9400000000000001,0.0,0.0,0.0,0.0,0.0,1.0
0,2043,0.9500000000000001,0.0,0.0,0.0,0.0,0.0,1.0
0,2043,0.96,0.0,0.0,0.0,0.0,0.0,1.0
0,2043,0.97,0.0,0.0,0.0,0.0,0.0,1.0
0,2043,0.98,0.0,0.0,0.0,0.0,0.0,1.0
0,2043,0.99,0.0,0.0,0.0,0.0,0.0,1.0
0,2043,1.0,0.0,0.0,0.0,0.0,0.0,1.0
0,2044,0.01,0.09093153014898513,0.1246418041874674,0.02215288169064422,0.15150656843117752,0.16417101497532202,0.4465962005664036
0,2044,0.02,0.09093153014898513,0.1246418041874674,0.02215288169064422,0.15150656843117752,0.16417101497532202,0.4465962005664036
0,2044,0.03,0.25281458509197097,0.747185414908029,1.0374391494312596e-17,3.5217672215702846e-17,0.0,8.907822854055662e-17
0,2044,0.04,0.0,0.0,0.0,0.0,0.0,1.0
0,2044,0.05,0.0,0.0,0.0,0.0,0.0,1.0
0,2044,0.06,0.0,0.0,0.0,0.0,0.0,1.0
0,2044,0.07,0.0,0.0,0.0,0.0,0.0,1.0
0,2044,0.08,0.0,0.0,0.0,0.0,0.0,1.0
0,2044,0.09,0.0,0.0,0.0,0.0,0.0,1.0
0,2044,0.1,0.0,0.0,0.0,0.0,0.0,1.0
0,2044,0.11,0.0,0.0,0.0,0.0,0.0,1.0
0,2044,0.12,0.0,0.0,0.0,0.0,0.0,1.0
0,2044,0.13,0.0,0.0,0.0,0.0,0.0,1.0
0,2044,0.14,0.0,0.0,0.0,0.0,0.0,1.0
0,2044,0.15,0.0,0.0,0.0,0.0,0.0,1.0
0,2044,0.16,0.0,0.0,0.0,0.0,0.0,1.0
0,2044,0.17,0.0,0.0,0.0,0.0,0.0,1.0
0,2044,0.18,0.0,0.0,0.0,0.0,0.0,1.0
0,2044,0.19,0.0,0.0,0.0,0.0,0.0,1.0
0,2044,0.2,0.0,0.0,0.0,0.0,0.0,1.0
0,2044,0.21,0.0,0.0,0.0,0.0,0.0,1.0
0,2044,0.22,0.0,0.0,0.0,0.0,0.0,1.0
0,2044,0.23,0.0,0.0,0.0,0.0,0.0,1.0
0,2044,0.24,0.0,0.0,0.0,0.0,0.0,1.0
0,2044,0.25,0.0,0.0,0.0,0.0,0.0,1.0
0,2044,0.26,0.0,0.0,0.0,0.0,0.0,1.0
0,2044,0.27,0.0,0.0,0.0,0.0,0.0,1.0
0,2044,0.28,0.0,0.0,0.0,0.0,0.0,1.0
0,2044,0.29,0.0,0.0,0.0,0.0,0.0,1.0
0,2044,0.3,0.0,0.0,0.0,0.0,0.0,1.0
0,2044,0.31,0.0,0.0,0.0,0.0,0.0,1.0
0,2044,0.32,0.0,0.0,0.0,0.0,0.0,1.0
0,2044,0.33,0.0,0.0,0.0,0.0,0.0,1.0
0,2044,0.34,0.0,0.0,0.0,0.0,0.0,1.0
0,2044,0.35000000000000003,0.0,0.0,0.0,0.0,0.0,1.0
0,2044,0.36,0.0,0.0,0.0,0.0,0.0,1.0
0,2044,0.37,0.0,0.0,0.0,0.0,0.0,1.0
0,2044,0.38,0.0,0.0,0.0,0.0,0.0,1.0
0,2044,0.39,0.0,0.0,0.0,0.0,0.0,1.0
0,2044,0.4,0.0,0.0,0.0,0.0,0.0,1.0
0,2044,0.41000000000000003,0.0,0.0,0.0,0.0,0.0,1.0
0,2044,0.42,0.0,0.0,0.0,0.0,0.0,1.0
0,2044,0.43,0.0,0.0,0.0,0.0,0.0,1.0
0,2044,0.44,0.0,0.0,0.0,0.0,0.0,1.0
0,2044,0.45,0.0,0.0,0.0,0.0,0.0,1.0
0,2044,0.46,0.0,0.0,0.0,0.0,0.0,1.0
0,2044,0.47000000000000003,0.0,0.0,0.0,0.0,0.0,1.0
0,2044,0.48,0.0,0.0,0.0,0.0,0.0,1.0
0,2044,0.49,0.0,0.0,0.0,0.0,0.0,1.0
0,2044,0.5,0.0,0.0,0.0,0.0,0.0,1.0
0,2044,0.51,0.0,0.0,0.0,0.0,0.0,1.0
0,2044,0.52,0.0,0.0,0.0,0.0,0.0,1.0
0,2044,0.53,0.0,0.0,0.0,0.0,0.0,1.0
0,2044,0.54,0.0,0.0,0.0,0.0,0.0,1.0
0,2044,0.55,0.0,0.0,0.0,0.0,0.0,1.0
0,2044,0.56,0.0,0.0,0.0,0.0,0.0,1.0
0,2044,0.5700000000000001,0.0,0.0,0.0,0.0,0.0,1.0
0,2044,0.58,0.0,0.0,0.0,0.0,0.0,1.0
0,2044,0.59,0.0,0.0,0.0,0.0,0.0,1.0
0,2044,0.6,0.0,0.0,0.0,0.0,0.0,1.0
0,2044,0.61,0.0,0.0,0.0,0.0,0.0,1.0
0,2044,0.62,0.0,0.0,0.0,0.0,0.0,1.0
0,2044,0.63,0.0,0.0,0.0,0.0,0.0,1.0
0,2044,0.64,0.0,0.0,0.0,0.0,0.0,1.0
0,2044,0.65,0.0,0.0,0.0,0.0,0.0,1.0
0,2044,0.66,0.0,0.0,0.0,0.0,0.0,1.0
0,2044,0.67,0.0,0.0,0.0,0.0,0.0,1.0
0,2044,0.68,0.0,0.0,0.0,0.0,0.0,1.0
0,2044,0.6900000000000001,0.0,0.0,0.0,0.0,0.0,1.0
0,2044,0.7000000000000001,0.0,0.0,0.0,0.0,0.0,1.0
0,2044,0.71,0.0,0.0,0.0,0.0,0.0,1.0
0,2044,0.72,0.0,0.0,0.0,0.0,0.0,1.0
0,2044,0.73,0.0,0.0,0.0,0.0,0.0,1.0
0,2044,0.74,0.0,0.0,0.0,0.0,0.0,1.0
0,2044,0.75,0.0,0.0,0.0,0.0,0.0,1.0
0,2044,0.76,0.0,0.0,0.0,0.0,0.0,1.0
0,2044,0.77,0.0,0.0,0.0,0.0,0.0,1.0
0,2044,0.78,0.0,0.0,0.0,0.0,0.0,1.0
0,2044,0.79,0.0,0.0,0.0,0.0,0.0,1.0
0,2044,0.8,0.0,0.0,0.0,0.0,0.0,1.0
0,2044,0.81,0.0,0.0,0.0,0.0,0.0,1.0
0,2044,0.8200000000000001,0.0,0.0,0.0,0.0,0.0,1.0
0,2044,0.8300000000000001,0.0,0.0,0.0,0.0,0.0,1.0
0,2044,0.84,0.0,0.0,0.0,0.0,0.0,1.0
0,2044,0.85,0.0,0.0,0.0,0.0,0.0,1.0
0,2044,0.86,0.0,0.0,0.0,0.0,0.0,1.0
0,2044,0.87,0.0,0.0,0.0,0.0,0.0,1.0
0,2044,0.88,0.0,0.0,0.0,0.0,0.0,1.0
0,2044,0.89,0.0,0.0,0.0,0.0,0.0,1.0
0,2044,0.9,0.0,0.0,0.0,0.0,0.0,1.0
0,2044,0.91,0.0,0.0,0.0,0.0,0.0,1.0
0,2044,0.92,0.0,0.0,0.0,0.0,0.0,1.0
0,2044,0.93,0.0,0.0,0.0,0.0,0.0,1.0
0,2044,0.9400000000000001,0.0,0.0,0.0,0.0,0.0,1.0
0,2044,0.9500000000000001,0.0,0.0,0.0,0.0,0.0,1.0
0,2044,0.96,0.0,0.0,0.0,0.0,0.0,1.0
0,2044,0.97,0.0,0.0,0.0,0.0,0.0,1.0
0,2044,0.98,0.0,0.0,0.0,0.0,0.0,1.0
0,2044,0.99,0.0,0.0,0.0,0.0,0.0,1.0
0,2044,1.0,0.0,0.0,0.0,0.0,0.0,1.0
0,2045,0.01,0.12305679604592608,0.19347228945668093,0.12112384009617587,0.3234934527188722,0.08469467561802826,0.15415894606431663
0,2045,0.02,0.12305679604592608,0.19347228945668093,0.12112384009617587,0.3234934527188722,0.08469467561802826,0.15415894606431663
0,2045,0.03,0.12305679604592608,0.19347228945668093,0.12112384009617587,0.3234934527188722,0.08469467561802826,0.15415894606431663
0,2045,0.04,0.0,0.0,0.0,0.0,0.0,1.0
0,2045,0.05,0.0,0.0,0.0,0.0,0.0,1.0
0,2045,0.06,0.0,0.0,0.0,0.0,0.0,1.0
0,2045,0.07,0.0,0.0,0.0,0.0,0.0,1.0
0,2045,0.08,0.0,0.0,0.0,0.0,0.0,1.0
0,2045,0.09,0.0,0.0,0.0,0.0,0.0,1.0
0,2045,0.1,0.0,0.0,0.0,0.0,0.0,1.0
0,2045,0.11,0.0,0.0,0.0,0.0,0.0,1.0
0,2045,0.12,0.0,0.0,0.0,0.0,0.0,1.0
0,2045,0.13,0.0,0.0,0.0,0.0,0.0,1.0
0,2045,0.14,0.0,0.0,0.0,0.0,0.0,1.0
0,2045,0.15,0.0,0.0,0.0,0.0,0.0,1.0
0,2045,0.16,0.0,0.0,0.0,0.0,0.0,1.0
0,2045,0.17,0.0,0.0,0.0,0.0,0.0,1.0
0,2045,0.18,0.0,0.0,0.0,0.0,0.0,1.0
0,2045,0.19,0.0,0.0,0.0,0.0,0.0,1.0
0,2045,0.2,0.0,0.0,0.0,0.0,0.0,1.0
0,2045,0.21,0.0,0.0,0.0,0.0,0.0,1.0
0,2045,0.22,0.0,0.0,0.0,0.0,0.0,1.0
0,2045,0.23,0.0,0.0,0.0,0.0,0.0,1.0
0,2045,0.24,0.0,0.0,0.0,0.0,0.0,1.0
0,2045,0.25,0.0,0.0,0.0,0.0,0.0,1.0
0,2045,0.26,0.0,0.0,0.0,0.0,0.0,1.0
0,2045,0.27,0.0,0.0,0.0,0.0,0.0,1.0
0,2045,0.28,0.0,0.0,0.0,0.0,0.0,1.0
0,2045,0.29,0.0,0.0,0.0,0.0,0.0,1.0
0,2045,0.3,0.0,0.0,0.0,0.0,0.0,1.0
0,2045,0.31,0.0,0.0,0.0,0.0,0.0,1.0
0,2045,0.32,0.0,0.0,0.0,0.0,0.0,1.0
0,2045,0.33,0.0,0.0,0.0,0.0,0.0,1.0
0,2045,0.34,0.0,0.0,0.0,0.0,0.0,1.0
0,2045,0.35000000000000003,0.0,0.0,0.0,0.0,0.0,1.0
0,2045,0.36,0.0,0.0,0.0,0.0,0.0,1.0
0,2045,0.37,0.0,0.0,0.0,0.0,0.0,1.0
0,2045,0.38,0.0,0.0,0.0,0.0,0.0,1.0
0,2045,0.39,0.0,0.0,0.0,0.0,0.0,1.0
0,2045,0.4,0.0,0.0,0.0,0.0,0.0,1.0
0,2045,0.41000000000000003,0.0,0.0,0.0,0.0,0.0,1.0
0,2045,0.42,0.0,0.0,0.0,0.0,0.0,1.0
0,2045,0.43,0.0,0.0,0.0,0.0,0.0,1.0
0,2045,0.44,0.0,0.0,0.0,0.0,0.0,1.0
0,2045,0.45,0.0,0.0,0.0,0.0,0.0,1.0
0,2045,0.46,0.0,0.0,0.0,0.0,0.0,1.0
0,2045,0.47000000000000003,0.0,0.0,0.0,0.0,0.0,1.0
0,2045,0.48,0.0,0.0,0.0,0.0,0.0,1.0
0,2045,0.49,0.0,0.0,0.0,0.0,0.0,1.0
0,2045,0.5,0.0,0.0,0.0,0.0,0.0,1.0
0,2045,0.51,0.0,0.0,0.0,0.0,0.0,1.0
0,2045,0.52,0.0,0.0,0.0,0.0,0.0,1.0
0,2045,0.53,0.0,0.0,0.0,0.0,0.0,1.0
0,2045,0.54,0.0,0.0,0.0,0.0,0.0,1.0
0,2045,0.55,0.0,0.0,0.0,0.0,0.0,1.0
0,2045,0.56,0.0,0.0,0.0,0.0,0.0,1.0
0,2045,0.5700000000000001,0.0,0.0,0.0,0.0,0.0,1.0
0,2045,0.58,0.0,0.0,0.0,0.0,0.0,1.0
0,2045,0.59,0.0,0.0,0.0,0.0,0.0,1.0
0,2045,0.6,0.0,0.0,0.0,0.0,0.0,1.0
0,2045,0.61,0.0,0.0,0.0,0.0,0.0,1.0
0,2045,0.62,0.0,0.0,0.0,0.0,0.0,1.0
0,2045,0.63,0.0,0.0,0.0,0.0,0.0,1.0
0,2045,0.64,0.0,0.0,0.0,0.0,0.0,1.0
0,2045,0.65,0.0,0.0,0.0,0.0,0.0,1.0
0,2045,0.66,0.0,0.0,0.0,0.0,0.0,1.0
0,2045,0.67,0.0,0.0,0.0,0.0,0.0,1.0
0,2045,0.68,0.0,0.0,0.0,0.0,0.0,1.0
0,2045,0.6900000000000001,0.0,0.0,0.0,0.0,0.0,1.0
0,2045,0.7000000000000001,0.0,0.0,0.0,0.0,0.0,1.0
0,2045,0.71,0.0,0.0,0.0,0.0,0.0,1.0
0,2045,0.72,0.0,0.0,0.0,0.0,0.0,1.0
0,2045,0.73,0.0,0.0,0.0,0.0,0.0,1.0
0,2045,0.74,0.0,0.0,0.0,0.0,0.0,1.0
0,2045,0.75,0.0,0.0,0.0,0.0,0.0,1.0
0,2045,0.76,0.0,0.0,0.0,0.0,0.0,1.0
0,2045,0.77,0.0,0.0,0.0,0.0,0.0,1.0
0,2045,0.78,0.0,0.0,0.0,0.0,0.0,1.0
0,2045,0.79,0.0,0.0,0.0,0.0,0.0,1.0
0,2045,0.8,0.0,0.0,0.0,0.0,0.0,1.0
0,2045,0.81,0.0,0.0,0.0,0.0,0.0,1.0
0,2045,0.8200000000000001,0.0,0.0,0.0,0.0,0.0,1.0
0,2045,0.8300000000000001,0.0,0.0,0.0,0.0,0.0,1.0
0,2045,0.84,0.0,0.0,0.0,0.0,0.0,1.0
0,2045,0.85,0.0,0.0,0.0,0.0,0.0,1.0
0,2045,0.86,0.0,0.0,0.0,0.0,0.0,1.0
0,2045,0.87,0.0,0.0,0.0,0.0,0.0,1.0
0,2045,0.88,0.0,0.0,0.0,0.0,0.0,1.0
0,2045,0.89,0.0,0.0,0.0,0.0,0.0,1.0
0,2045,0.9,0.0,0.0,0.0,0.0,0.0,1.0
0,2045,0.91,0.0,0.0,0.0,0.0,0.0,1.0
0,2045,0.92,0.0,0.0,0.0,0.0,0.0,1.0
0,2045,0.93,0.0,0.0,0.0,0.0,0.0,1.0
0,2045,0.9400000000000001,0.0,0.0,0.0,0.0,0.0,1.0
0,2045,0.9500000000000001,0.0,0.0,0.0,0.0,0.0,1.0
0,2045,0.96,0.0,0.0,0.0,0.0,0.0,1.0
0,2045,0.97,0.0,0.0,0.0,0.0,0.0,1.0
0,2045,0.98,0.0,0.0,0.0,0.0,0.0,1.0
0,2045,0.99,0.0,0.0,0.0,0.0,0.0,1.0
0,2045,1.0,0.0,0.0,0.0,0.0,0.0,1.0
0,2046,0.01,0.19077982956820896,0.19809523699305245,0.17733101467076004,0.149478100408996,0.07267200110505535,0.21164381725392714
0,2046,0.02,0.19077982956820896,0.19809523699305245,0.17733101467076004,0.149478100408996,0.07267200110505535,0.21164381725392714
0,2046,0.03,0.19077982956820896,0.19809523699305245,0.17733101467076004,0.149478100408996,0.07267200110505535,0.21164381725392714
0,2046,0.04,0.0,0.0,0.0,0.0,0.0,1.0
0,2046,0.05,0.0,0.0,0.0,0.0,0.0,1.0
0,2046,0.06,0.0,0.0,0.0,0.0,0.0,1.0
0,2046,0.07,0.0,0.0,0.0,0.0,0.0,1.0
0,2046,0.08,0.0,0.0,0.0,0.0,0.0,1.0
0,2046,0.09,0.0,0.0,0.0,0.0,0.0,1.0
0,2046,0.1,0.0,0.0,0.0,0.0,0.0,1.0
0,2046,0.11,0.0,0.0,0.0,0.0,0.0,1.0
0,2046,0.12,0.0,0.0,0.0,0.0,0.0,1.0
0,2046,0.13,0.0,0.0,0.0,0.0,0.0,1.0
0,2046,0.14,0.0,0.0,0.0,0.0,0.0,1.0
0,2046,0.15,0.0,0.0,0.0,0.0,0.0,1.0
0,2046,0.16,0.0,0.0,0.0,0.0,0.0,1.0
0,2046,0.17,0.0,0.0,0.0,0.0,0.0,1.0
0,2046,0.18,0.0,0.0,0.0,0.0,0.0,1.0
0,2046,0.19,0.0,0.0,0.0,0.0,0.0,1.0
0,2046,0.2,0.0,0.0,0.0,0.0,0.0,1.0
0,2046,0.21,0.0,0.0,0.0,0.0,0.0,1.0
0,2046,0.22,0.0,0.0,0.0,0.0,0.0,1.0
0,2046,0.23,0.0,0.0,0.0,0.0,0.0,1.0
0,2046,0.24,0.0,0.0,0.0,0.0,0.0,1.0
0,2046,0.25,0.0,0.0,0.0,0.0,0.0,1.0
0,2046,0.26,0.0,0.0,0.0,0.0,0.0,1.0
0,2046,0.27,0.0,0.0,0.0,0.0,0.0,1.0
0,2046,0.28,0.0,0.0,0.0,0.0,0.0,1.0
0,2046,0.29,0.0,0.0,0.0,0.0,0.0,1.0
0,2046,0.3,0.0,0.0,0.0,0.0,0.0,1.0
0,2046,0.31,0.0,0.0,0.0,0.0,0.0,1.0
0,2046,0.32,0.0,0.0,0.0,0.0,0.0,1.0
0,2046,0.33,0.0,0.0,0.0,0.0,0.0,1.0
0,2046,0.34,0.0,0.0,0.0,0.0,0.0,1.0
0,2046,0.35000000000000003,0.0,0.0,0.0,0.0,0.0,1.0
0,2046,0.36,0.0,0.0,0.0,0.0,0.0,1.0
0,2046,0.37,0.0,0.0,0.0,0.0,0.0,1.0
0,2046,0.38,0.0,0.0,0.0,0.0,0.0,1.0
0,2046,0.39,0.0,0.0,0.0,0.0,0.0,1.0
0,2046,0.4,0.0,0.0,0.0,0.0,0.0,1.0
0,2046,0.41000000000000003,0.0,0.0,0.0,0.0,0.0,1.0
0,2046,0.42,0.0,0.0,0.0,0.0,0.0,1.0
0,2046,0.43,0.0,0.0,0.0,0.0,0.0,1.0
0,2046,0.44,0.0,0.0,0.0,0.0,0.0,1.0
0,2046,0.45,0.0,0.0,0.0,0.0,0.0,1.0
0,2046,0.46,0.0,0.0,0.0,0.0,0.0,1.0
0,2046,0.47000000000000003,0.0,0.0,0.0,0.0,0.0,1.0
0,2046,0.48,0.0,0.0,0.0,0.0,0.0,1.0
0,2046,0.49,0.0,0.0,0.0,0.0,0.0,1.0
0,2046,0.5,0.0,0.0,0.0,0.0,0.0,1.0
0,2046,0.51,0.0,0.0,0.0,0.0,0.0,1.0
0,2046,0.52,0.0,0.0,0.0,0.0,0.0,1.0
0,2046,0.53,0.0,0.0,0.0,0.0,0.0,1.0
0,2046,0.54,0.0,0.0,0.0,0.0,0.0,1.0
0,2046,0.55,0.0,0.0,0.0,0.0,0.0,1.0
0,2046,0.56,0.0,0.0,0.0,0.0,0.0,1.0
0,2046,0.5700000000000001,0.0,0.0,0.0,0.0,0.0,1.0
0,2046,0.58,0.0,0.0,0.0,0.0,0.0,1.0
0,2046,0.59,0.0,0.0,0.0,0.0,0.0,1.0
0,2046,0.6,0.0,0.0,0.0,0.0,0.0,1.0
0,2046,0.61,0.0,0.0,0.0,0.0,0.0,1.0
0,2046,0.62,0.0,0.0,0.0,0.0,0.0,1.0
0,2046,0.63,0.0,0.0,0.0,0.0,0.0,1.0
0,2046,0.64,0.0,0.0,0.0,0.0,0.0,1.0
0,2046,0.65,0.0,0.0,0.0,0.0,0.0,1.0
0,2046,0.66,0.0,0.0,0.0,0.0,0.0,1.0
0,2046,0.67,0.0,0.0,0.0,0.0,0.0,1.0
0,2046,0.68,0.0,0.0,0.0,0.0,0.0,1.0
0,2046,0.6900000000000001,0.0,0.0,0.0,0.0,0.0,1.0
0,2046,0.7000000000000001,0.0,0.0,0.0,0.0,0.0,1.0
0,2046,0.71,0.0,0.0,0.0,0.0,0.0,1.0
0,2046,0.72,0.0,0.0,0.0,0.0,0.0,1.0
0,2046,0.73,0.0,0.0,0.0,0.0,0.0,1.0
0,2046,0.74,0.0,0.0,0.0,0.0,0.0,1.0
0,2046,0.75,0.0,0.0,0.0,0.0,0.0,1.0
0,2046,0.76,0.0,0.0,0.0,0.0,0.0,1.0
0,2046,0.77,0.0,0.0,0.0,0.0,0.0,1.0
0,2046,0.78,0.0,0.0,0.0,0.0,0.0,1.0
0,2046,0.79,0.0,0.0,0.0,0.0,0.0,1.0
0,2046,0.8,0.0,0.0,0.0,0.0,0.0,1.0
0,2046,0.81,0.0,0.0,0.0,0.0,0.0,1.0
0,2046,0.8200000000000001,0.0,0.0,0.0,0.0,0.0,1.0
0,2046,0.8300000000000001,0.0,0.0,0.0,0.0,0.0,1.0
0,2046,0.84,0.0,0.0,0.0,0.0,0.0,1.0
0,2046,0.85,0.0,0.0,0.0,0.0,0.0,1.0
0,2046,0.86,0.0,0.0,0.0,0.0,0.0,1.0
0,2046,0.87,0.0,0.0,0.0,0.0,0.0,1.0
0,2046,0.88,0.0,0.0,0.0,0.0,0.0,1.0
0,2046,0.89,0.0,0.0,0.0,0.0,0.0,1.0
0,2046,0.9,0.0,0.0,0.0,0.0,0.0,1.0
0,2046,0.91,0.0,0.0,0.0,0.0,0.0,1.0
0,2046,0.92,0.0,0.0,0.0,0.0,0.0,1.0
0,2046,0.93,0.0,0.0,0.0,0.0,0.0,1.0
0,2046,0.9400000000000001,0.0,0.0,0.0,0.0,0.0,1.0
0,2046,0.9500000000000001,0.0,0.0,0.0,0.0,0.0,1.0
0,2046,0.96,0.0,0.0,0.0,0.0,0.0,1.0
0,2046,0.97,0.0,0.0,0.0,0.0,0.0,1.0
0,2046,0.98,0.0,0.0,0.0,0.0,0.0,1.0
0,2046,0.99,0.0,0.0,0.0,0.0,0.0,1.0
0,2046,1.0,0.0,0.0,0.0,0.0,0.0,1.0
0,2047,0.01,0.04725188468213167,0.029088980258885754,0.35270371589174215,0.11575483350095662,0.3686619891035166,0.08653859656276723
0,2047,0.02,0.04725188468213167,0.029088980258885754,0.35270371589174215,0.11575483350095662,0.3686619891035166,0.08653859656276723
0,2047,0.03,0.04725188468213167,0.029088980258885754,0.35270371589174215,0.11575483350095662,0.3686619891035166,0.08653859656276723
0,2047,0.04,0.0,0.0,0.0,0.0,0.0,1.0
0,2047,0.05,0.0,0.0,0.0,0.0,0.0,1.0
0,2047,0.06,0.0,0.0,0.0,0.0,0.0,1.0
0,2047,0.07,0.0,0.0,0.0,0.0,0.0,1.0
0,2047,0.08,0.0,0.0,0.0,0.0,0.0,1.0
0,2047,0.09,0.0,0.0,0.0,0.0,0.0,1.0
0,2047,0.1,0.0,0.0,0.0,0.0,0.0,1.0
0,2047,0.11,0.0,0.0,0.0,0.0,0.0,1.0
0,2047,0.12,0.0,0.0,0.0,0.0,0.0,1.0
0,2047,0.13,0.0,0.0,0.0,0.0,0.0,1.0
0,2047,0.14,0.0,0.0,0.0,0.0,0.0,1.0
0,2047,0.15,0.0,0.0,0.0,0.0,0.0,1.0
0,2047,0.16,0.0,0.0,0.0,0.0,0.0,1.0
0,2047,0.17,0.0,0.0,0.0,0.0,0.0,1.0
0,2047,0.18,0.0,0.0,0.0,0.0,0.0,1.0
0,2047,0.19,0.0,0.0,0.0,0.0,0.0,1.0
0,2047,0.2,0.0,0.0,0.0,0.0,0.0,1.0
0,2047,0.21,0.0,0.0,0.0,0.0,0.0,1.0
0,2047,0.22,0.0,0.0,0.0,0.0,0.0,1.0
0,2047,0.23,0.0,0.0,0.0,0.0,0.0,1.0
0,2047,0.24,0.0,0.0,0.0,0.0,0.0,1.0
0,2047,0.25,0.0,0.0,0.0,0.0,0.0,1.0
0,2047,0.26,0.0,0.0,0.0,0.0,0.0,1.0
0,2047,0.27,0.0,0.0,0.0,0.0,0.0,1.0
0,2047,0.28,0.0,0.0,0.0,0.0,0.0,1.0
0,2047,0.29,0.0,0.0,0.0,0.0,0.0,1.0
0,2047,0.3,0.0,0.0,0.0,0.0,0.0,1.0
0,2047,0.31,0.0,0.0,0.0,0.0,0.0,1.0
0,2047,0.32,0.0,0.0,0.0,0.0,0.0,1.0
0,2047,0.33,0.0,0.0,0.0,0.0,0.0,1.0
0,2047,0.34,0.0,0.0,0.0,0.0,0.0,1.0
0,2047,0.35000000000000003,0.0,0.0,0.0,0.0,0.0,1.0
0,2047,0.36,0.0,0.0,0.0,0.0,0.0,1.0
0,2047,0.37,0.0,0.0,0.0,0.0,0.0,1.0
0,2047,0.38,0.0,0.0,0.0,0.0,0.0,1.0
0,2047,0.39,0.0,0.0,0.0,0.0,0.0,1.0
0,2047,0.4,0.0,0.0,0.0,0.0,0.0,1.0
0,2047,0.41000000000000003,0.0,0.0,0.0,0.0,0.0,1.0
0,2047,0.42,0.0,0.0,0.0,0.0,0.0,1.0
0,2047,0.43,0.0,0.0,0.0,0.0,0.0,1.0
0,2047,0.44,0.0,0.0,0.0,0.0,0.0,1.0
0,2047,0.45,0.0,0.0,0.0,0.0,0.0,1.0
0,2047,0.46,0.0,0.0,0.0,0.0,0.0,1.0
0,2047,0.47000000000000003,0.0,0.0,0.0,0.0,0.0,1.0
0,2047,0.48,0.0,0.0,0.0,0.0,0.0,1.0
0,2047,0.49,0.0,0.0,0.0,0.0,0.0,1.0
0,2047,0.5,0.0,0.0,0.0,0.0,0.0,1.0
0,2047,0.51,0.0,0.0,0.0,0.0,0.0,1.0
0,2047,0.52,0.0,0.0,0.0,0.0,0.0,1.0
0,2047,0.53,0.0,0.0,0.0,0.0,0.0,1.0
0,2047,0.54,0.0,0.0,0.0,0.0,0.0,1.0
0,2047,0.55,0.0,0.0,0.0,0.0,0.0,1.0
0,2047,0.56,0.0,0.0,0.0,0.0,0.0,1.0
0,2047,0.5700000000000001,0.0,0.0,0.0,0.0,0.0,1.0
0,2047,0.58,0.0,0.0,0.0,0.0,0.0,1.0
0,2047,0.59,0.0,0.0,0.0,0.0,0.0,1.0
0,2047,0.6,0.0,0.0,0.0,0.0,0.0,1.0
0,2047,0.61,0.0,0.0,0.0,0.0,0.0,1.0
0,2047,0.62,0.0,0.0,0.0,0.0,0.0,1.0
0,2047,0.63,0.0,0.0,0.0,0.0,0.0,1.0
0,2047,0.64,0.0,0.0,0.0,0.0,0.0,1.0
0,2047,0.65,0.0,0.0,0.0,0.0,0.0,1.0
0,2047,0.66,0.0,0.0,0.0,0.0,0.0,1.0
0,2047,0.67,0.0,0.0,0.0,0.0,0.0,1.0
0,2047,0.68,0.0,0.0,0.0,0.0,0.0,1.0
0,2047,0.6900000000000001,0.0,0.0,0.0,0.0,0.0,1.0
0,2047,0.7000000000000001,0.0,0.0,0.0,0.0,0.0,1.0
0,2047,0.71,0.0,0.0,0.0,0.0,0.0,1.0
0,2047,0.72,0.0,0.0,0.0,0.0,0.0,1.0
0,2047,0.73,0.0,0.0,0.0,0.0,0.0,1.0
0,2047,0.74,0.0,0.0,0.0,0.0,0.0,1.0
0,2047,0.75,0.0,0.0,0.0,0.0,0.0,1.0
0,2047,0.76,0.0,0.0,0.0,0.0,0.0,1.0
0,2047,0.77,0.0,0.0,0.0,0.0,0.0,1.0
0,2047,0.78,0.0,0.0,0.0,0.0,0.0,1.0
0,2047,0.79,0.0,0.0,0.0,0.0,0.0,1.0
0,2047,0.8,0.0,0.0,0.0,0.0,0.0,1.0
0,2047,0.81,0.0,0.0,0.0,0.0,0.0,1.0
0,2047,0.8200000000000001,0.0,0.0,0.0,0.0,0.0,1.0
0,2047,0.8300000000000001,0.0,0.0,0.0,0.0,0.0,1.0
0,2047,0.84,0.0,0.0,0.0,0.0,0.0,1.0
0,2047,0.85,0.0,0.0,0.0,0.0,0.0,1.0
0,2047,0.86,0.0,0.0,0.0,0.0,0.0,1.0
0,2047,0.87,0.0,0.0,0.0,0.0,0.0,1.0
0,2047,0.88,0.0,0.0,0.0,0.0,0.0,1.0
0,2047,0.89,0.0,0.0,0.0,0.0,0.0,1.0
0,2047,0.9,0.0,0.0,0.0,0.0,0.0,1.0
0,2047,0.91,0.0,0.0,0.0,0.0,0.0,1.0
0,2047,0.92,0.0,0.0,0.0,0.0,0.0,1.0
0,2047,0.93,0.0,0.0,0.0,0.0,0.0,1.0
0,2047,0.9400000000000001,0.0,0.0,0.0,0.0,0.0,1.0
0,2047,0.9500000000000001,0.0,0.0,0.0,0.0,0.0,1.0
0,2047,0.96,0.0,0.0,0.0,0.0,0.0,1.0
0,2047,0.97,0.0,0.0,0.0,0.0,0.0,1.0
0,2047,0.98,0.0,0.0,0.0,0.0,0.0,1.0
0,2047,0.99,0.0,0.0,0.0,0.0,0.0,1.0
0,2047,1.0,0.0,0.0,0.0,0.0,0.0,1.0
0,2048,0.01,0.04777698192921029,0.2970839109414232,0.016168748563243584,0.06249281493252852,0.4011193526052068,0.17535819102838768
0,2048,0.02,0.04777698192921029,0.2970839109414232,0.016168748563243584,0.06249281493252852,0.4011193526052068,0.17535819102838768
0,2048,0.03,0.04777698192921029,0.2970839109414232,0.016168748563243584,0.06249281493252852,0.4011193526052068,0.17535819102838768
0,2048,0.04,0.0,0.0,0.0,0.0,0.0,1.0
0,2048,0.05,0.0,0.0,0.0,0.0,0.0,1.0
0,2048,0.06,0.0,0.0,0.0,0.0,0.0,1.0
0,2048,0.07,0.0,0.0,0.0,0.0,0.0,1.0
0,2048,0.08,0.0,0.0,0.0,0.0,0.0,1.0
0,2048,0.09,0.0,0.0,0.0,0.0,0.0,1.0
0,2048,0.1,0.0,0.0,0.0,0.0,0.0,1.0
0,2048,0.11,0.0,0.0,0.0,0.0,0.0,1.0
0,2048,0.12,0.0,0.0,0.0,0.0,0.0,1.0
0,2048,0.13,0.0,0.0,0.0,0.0,0.0,1.0
0,2048,0.14,0.0,0.0,0.0,0.0,0.0,1.0
0,2048,0.15,0.0,0.0,0.0,0.0,0.0,1.0
0,2048,0.16,0.0,0.0,0.0,0.0,0.0,1.0
0,2048,0.17,0.0,0.0,0.0,0.0,0.0,1.0
0,2048,0.18,0.0,0.0,0.0,0.0,0.0,1.0
0,2048,0.19,0.0,0.0,0.0,0.0,0.0,1.0
0,2048,0.2,0.0,0.0,0.0,0.0,0.0,1.0
0,2048,0.21,0.0,0.0,0.0,0.0,0.0,1.0
0,2048,0.22,0.0,0.0,0.0,0.0,0.0,1.0
0,2048,0.23,0.0,0.0,0.0,0.0,0.0,1.0
0,2048,0.24,0.0,0.0,0.0,0.0,0.0,1.0
0,2048,0.25,0.0,0.0,0.0,0.0,0.0,1.0
0,2048,0.26,0.0,0.0,0.0,0.0,0.0,1.0
0,2048,0.27,0.0,0.0,0.0,0.0,0.0,1.0
0,2048,0.28,0.0,0.0,0.0,0.0,0.0,1.0
0,2048,0.29,0.0,0.0,0.0,0.0,0.0,1.0
0,2048,0.3,0.0,0.0,0.0,0.0,0.0,1.0
0,2048,0.31,0.0,0.0,0.0,0.0,0.0,1.0
0,2048,0.32,0.0,0.0,0.0,0.0,0.0,1.0
0,2048,0.33,0.0,0.0,0.0,0.0,0.0,1.0
0,2048,0.34,0.0,0.0,0.0,0.0,0.0,1.0
0,2048,0.35000000000000003,0.0,0.0,0.0,0.0,0.0,1.0
0,2048,0.36,0.0,0.0,0.0,0.0,0.0,1.0
0,2048,0.37,0.0,0.0,0.0,0.0,0.0,1.0
0,2048,0.38,0.0,0.0,0.0,0.0,0.0,1.0
0,2048,0.39,0.0,0.0,0.0,0.0,0.0,1.0
0,2048,0.4,0.0,0.0,0.0,0.0,0.0,1.0
0,2048,0.41000000000000003,0.0,0.0,0.0,0.0,0.0,1.0
0,2048,0.42,0.0,0.0,0.0,0.0,0.0,1.0
0,2048,0.43,0.0,0.0,0.0,0.0,0.0,1.0
0,2048,0.44,0.0,0.0,0.0,0.0,0.0,1.0
0,2048,0.45,0.0,0.0,0.0,0.0,0.0,1.0
0,2048,0.46,0.0,0.0,0.0,0.0,0.0,1.0
0,2048,0.47000000000000003,0.0,0.0,0.0,0.0,0.0,1.0
0,2048,0.48,0.0,0.0,0.0,0.0,0.0,1.0
0,2048,0.49,0.0,0.0,0.0,0.0,0.0,1.0
0,2048,0.5,0.0,0.0,0.0,0.0,0.0,1.0
0,2048,0.51,0.0,0.0,0.0,0.0,0.0,1.0
0,2048,0.52,0.0,0.0,0.0,0.0,0.0,1.0
0,2048,0.53,0.0,0.0,0.0,0.0,0.0,1.0
0,2048,0.54,0.0,0.0,0.0,0.0,0.0,1.0
0,2048,0.55,0.0,0.0,0.0,0.0,0.0,1.0
0,2048,0.56,0.0,0.0,0.0,0.0,0.0,1.0
0,2048,0.5700000000000001,0.0,0.0,0.0,0.0,0.0,1.0
0,2048,0.58,0.0,0.0,0.0,0.0,0.0,1.0
0,2048,0.59,0.0,0.0,0.0,0.0,0.0,1.0
0,2048,0.6,0.0,0.0,0.0,0.0,0.0,1.0
0,2048,0.61,0.0,0.0,0.0,0.0,0.0,1.0
0,2048,0.62,0.0,0.0,0.0,0.0,0.0,1.0
0,2048,0.63,0.0,0.0,0.0,0.0,0.0,1.0
0,2048,0.64,0.0,0.0,0.0,0.0,0.0,1.0
0,2048,0.65,0.0,0.0,0.0,0.0,0.0,1.0
0,2048,0.66,0.0,0.0,0.0,0.0,0.0,1.0
0,2048,0.67,0.0,0.0,0.0,0.0,0.0,1.0
0,2048,0.68,0.0,0.0,0.0,0.0,0.0,1.0
0,2048,0.6900000000000001,0.0,0.0,0.0,0.0,0.0,1.0
0,2048,0.7000000000000001,0.0,0.0,0.0,0.0,0.0,1.0
0,2048,0.71,0.0,0.0,0.0,0.0,0.0,1.0
0,2048,0.72,0.0,0.0,0.0,0.0,0.0,1.0
0,2048,0.73,0.0,0.0,0.0,0.0,0.0,1.0
0,2048,0.74,0.0,0.0,0.0,0.0,0.0,1.0
0,2048,0.75,0.0,0.0,0.0,0.0,0.0,1.0
0,2048,0.76,0.0,0.0,0.0,0.0,0.0,1.0
0,2048,0.77,0.0,0.0,0.0,0.0,0.0,1.0
0,2048,0.78,0.0,0.0,0.0,0.0,0.0,1.0
0,2048,0.79,0.0,0.0,0.0,0.0,0.0,1.0
0,2048,0.8,0.0,0.0,0.0,0.0,0.0,1.0
0,2048,0.81,0.0,0.0,0.0,0.0,0.0,1.0
0,2048,0.8200000000000001,0.0,0.0,0.0,0.0,0.0,1.0
0,2048,0.8300000000000001,0.0,0.0,0.0,0.0,0.0,1.0
0,2048,0.84,0.0,0.0,0.0,0.0,0.0,1.0
0,2048,0.85,0.0,0.0,0.0,0.0,0.0,1.0
0,2048,0.86,0.0,0.0,0.0,0.0,0.0,1.0
0,2048,0.87,0.0,0.0,0.0,0.0,0.0,1.0
0,2048,0.88,0.0,0.0,0.0,0.0,0.0,1.0
0,2048,0.89,0.0,0.0,0.0,0.0,0.0,1.0
0,2048,0.9,0.0,0.0,0.0,0.0,0.0,1.0
0,2048,0.91,0.0,0.0,0.0,0.0,0.0,1.0
0,2048,0.92,0.0,0.0,0.0,0.0,0.0,1.0
0,2048,0.93,0.0,0.0,0.0,0.0,0.0,1.0
0,2048,0.9400000000000001,0.0,0.0,0.0,0.0,0.0,1.0
0,2048,0.9500000000000001,0.0,0.0,0.0,0.0,0.0,1.0
0,2048,0.96,0.0,0.0,0.0,0.0,0.0,1.0
0,2048,0.97,0.0,0.0,0.0,0.0,0.0,1.0
0,2048,0.98,0.0,0.0,0.0,0.0,0.0,1.0
0,2048,0.99,0.0,0.0,0.0,0.0,0.0,1.0
0,2048,1.0,0.0,0.0,0.0,0.0,0.0,1.0
0,2049,0.01,0.05058504765176749,0.2137098465955153,0.02213061933954884,0.3668623019145727,0.2584722473283704,0.08823993717022534
0,2049,0.02,0.05058504765176749,0.2137098465955153,0.02213061933954884,0.3668623019145727,0.2584722473283704,0.08823993717022534
0,2049,0.03,0.05058504765176749,0.2137098465955153,0.02213061933954884,0.3668623019145727,0.2584722473283704,0.08823993717022534
0,2049,0.04,0.0,0.0,0.0,0.0,0.0,1.0
0,2049,0.05,0.0,0.0,0.0,0.0,0.0,1.0
0,2049,0.06,0.0,0.0,0.0,0.0,0.0,1.0
0,2049,0.07,0.0,0.0,0.0,0.0,0.0,1.0
0,2049,0.08,0.0,0.0,0.0,0.0,0.0,1.0
0,2049,0.09,0.0,0.0,0.0,0.0,0.0,1.0
0,2049,0.1,0.0,0.0,0.0,0.0,0.0,1.0
0,2049,0.11,0.0,0.0,0.0,0.0,0.0,1.0
0,2049,0.12,0.0,0.0,0.0,0.0,0.0,1.0
0,2049,0.13,0.0,0.0,0.0,0.0,0.0,1.0
0,2049,0.14,0.0,0.0,0.0,0.0,0.0,1.0
0,2049,0.15,0.0,0.0,0.0,0.0,0.0,1.0
0,2049,0.16,0.0,0.0,0.0,0.0,0.0,1.0
0,2049,0.17,0.0,0.0,0.0,0.0,0.0,1.0
0,2049,0.18,0.0,0.0,0.0,0.0,0.0,1.0
0,2049,0.19,0.0,0.0,0.0,0.0,0.0,1.0
0,2049,0.2,0.0,0.0,0.0,0.0,0.0,1.0
0,2049,0.21,0.0,0.0,0.0,0.0,0.0,1.0
0,2049,0.22,0.0,0.0,0.0,0.0,0.0,1.0
0,2049,0.23,0.0,0.0,0.0,0.0,0.0,1.0
0,2049,0.24,0.0,0.0,0.0,0.0,0.0,1.0
0,2049,0.25,0.0,0.0,0.0,0.0,0.0,1.0
0,2049,0.26,0.0,0.0,0.0,0.0,0.0,1.0
0,2049,0.27,0.0,0.0,0.0,0.0,0.0,1.0
0,2049,0.28,0.0,0.0,0.0,0.0,0.0,1.0
0,2049,0.29,0.0,0.0,0.0,0.0,0.0,1.0
0,2049,0.3,0.0,0.0,0.0,0.0,0.0,1.0
0,2049,0.31,0.0,0.0,0.0,0.0,0.0,1.0
0,2049,0.32,0.0,0.0,0.0,0.0,0.0,1.0
0,2049,0.33,0.0,0.0,0.0,0.0,0.0,1.0
0,2049,0.34,0.0,0.0,0.0,0.0,0.0,1.0
0,2049,0.35000000000000003,0.0,0.0,0.0,0.0,0.0,1.0
0,2049,0.36,0.0,0.0,0.0,0.0,0.0,1.0
0,2049,0.37,0.0,0.0,0.0,0.0,0.0,1.0
0,2049,0.38,0.0,0.0,0.0,0.0,0.0,1.0
0,2049,0.39,0.0,0.0,0.0,0.0,0.0,1.0
0,2049,0.4,0.0,0.0,0.0,0.0,0.0,1.0
0,2049,0.41000000000000003,0.0,0.0,0.0,0.0,0.0,1.0
0,2049,0.42,0.0,0.0,0.0,0.0,0.0,1.0
0,2049,0.43,0.0,0.0,0.0,0.0,0.0,1.0
0,2049,0.44,0.0,0.0,0.0,0.0,0.0,1.0
0,2049,0.45,0.0,0.0,0.0,0.0,0.0,1.0
0,2049,0.46,0.0,0.0,0.0,0.0,0.0,1.0
0,2049,0.47000000000000003,0.0,0.0,0.0,0.0,0.0,1.0
0,2049,0.48,0.0,0.0,0.0,0.0,0.0,1.0
0,2049,0.49,0.0,0.0,0.0,0.0,0.0,1.0
0,2049,0.5,0.0,0.0,0.0,0.0,0.0,1.0
0,2049,0.51,0.0,0.0,0.0,0.0,0.0,1.0
0,2049,0.52,0.0,0.0,0.0,0.0,0.0,1.0
0,2049,0.53,0.0,0.0,0.0,0.0,0.0,1.0
0,2049,0.54,0.0,0.0,0.0,0.0,0.0,1.0
0,2049,0.55,0.0,0.0,0.0,0.0,0.0,1.0
0,2049,0.56,0.0,0.0,0.0,0.0,0.0,1.0
0,2049,0.5700000000000001,0.0,0.0,0.0,0.0,0.0,1.0
0,2049,0.58,0.0,0.0,0.0,0.0,0.0,1.0
0,2049,0.59,0.0,0.0,0.0,0.0,0.0,1.0
0,2049,0.6,0.0,0.0,0.0,0.0,0.0,1.0
0,2049,0.61,0.0,0.0,0.0,0.0,0.0,1.0
0,2049,0.62,0.0,0.0,0.0,0.0,0.0,1.0
0,2049,0.63,0.0,0.0,0.0,0.0,0.0,1.0
0,2049,0.64,0.0,0.0,0.0,0.0,0.0,1.0
0,2049,0.65,0.0,0.0,0.0,0.0,0.0,1.0
0,2049,0.66,0.0,0.0,0.0,0.0,0.0,1.0
0,2049,0.67,0.0,0.0,0.0,0.0,0.0,1.0
0,2049,0.68,0.0,0.0,0.0,0.0,0.0,1.0
0,2049,0.6900000000000001,0.0,0.0,0.0,0.0,0.0,1.0
0,2049,0.7000000000000001,0.0,0.0,0.0,0.0,0.0,1.0
0,2049,0.71,0.0,0.0,0.0,0.0,0.0,1.0
0,2049,0.72,0.0,0.0,0.0,0.0,0.0,1.0
0,2049,0.73,0.0,0.0,0.0,0.0,0.0,1.0
0,2049,0.74,0.0,0.0,0.0,0.0,0.0,1.0
0,2049,0.75,0.0,0.0,0.0,0.0,0.0,1.0
0,2049,0.76,0.0,0.0,0.0,0.0,0.0,1.0
0,2049,0.77,0.0,0.0,0.0,0.0,0.0,1.0
0,2049,0.78,0.0,0.0,0.0,0.0,0.0,1.0
0,2049,0.79,0.0,0.0,0.0,0.0,0.0,1.0
0,2049,0.8,0.0,0.0,0.0,0.0,0.0,1.0
0,2049,0.81,0.0,0.0,0.0,0.0,0.0,1.0
0,2049,0.8200000000000001,0.0,0.0,0.0,0.0,0.0,1.0
0,2049,0.8300000000000001,0.0,0.0,0.0,0.0,0.0,1.0
0,2049,0.84,0.0,0.0,0.0,0.0,0.0,1.0
0,2049,0.85,0.0,0.0,0.0,0.0,0.0,1.0
0,2049,0.86,0.0,0.0,0.0,0.0,0.0,1.0
0,2049,0.87,0.0,0.0,0.0,0.0,0.0,1.0
0,2049,0.88,0.0,0.0,0.0,0.0,0.0,1.0
0,2049,0.89,0.0,0.0,0.0,0.0,0.0,1.0
0,2049,0.9,0.0,0.0,0.0,0.0,0.0,1.0
0,2049,0.91,0.0,0.0,0.0,0.0,0.0,1.0
0,2049,0.92,0.0,0.0,0.0,0.0,0.0,1.0
0,2049,0.93,0.0,0.0,0.0,0.0,0.0,1.0
0,2049,0.9400000000000001,0.0,0.0,0.0,0.0,0.0,1.0
0,2049,0.9500000000000001,0.0,0.0,0.0,0.0,0.0,1.0
0,2049,0.96,0.0,0.0,0.0,0.0,0.0,1.0
0,2049,0.97,0.0,0.0,0.0,0.0,0.0,1.0
0,2049,0.98,0.0,0.0,0.0,0.0,0.0,1.0
0,2049,0.99,0.0,0.0,0.0,0.0,0.0,1.0
0,2049,1.0,0.0,0.0,0.0,0.0,0.0,1.0
0,2050,0.01,0.1049242406808699,0.19571623080503028,0.19964589865270976,0.19927480614624474,0.1570860266604966,0.14335279705464873
0,2050,0.02,0.1049242406808699,0.19571623080503028,0.19964589865270976,0.19927480614624474,0.1570860266604966,0.14335279705464873
0,2050,0.03,0.1049242406808699,0.19571623080503028,0.19964589865270976,0.19927480614624474,0.1570860266604966,0.14335279705464873
0,2050,0.04,0.0,0.0,0.0,0.0,0.0,1.0
0,2050,0.05,0.0,0.0,0.0,0.0,0.0,1.0
0,2050,0.06,0.0,0.0,0.0,0.0,0.0,1.0
0,2050,0.07,0.0,0.0,0.0,0.0,0.0,1.0
0,2050,0.08,0.0,0.0,0.0,0.0,0.0,1.0
0,2050,0.09,0.0,0.0,0.0,0.0,0.0,1.0
0,2050,0.1,0.0,0.0,0.0,0.0,0.0,1.0
0,2050,0.11,0.0,0.0,0.0,0.0,0.0,1.0
0,2050,0.12,0.0,0.0,0.0,0.0,0.0,1.0
0,2050,0.13,0.0,0.0,0.0,0.0,0.0,1.0
0,2050,0.14,0.0,0.0,0.0,0.0,0.0,1.0
0,2050,0.15,0.0,0.0,0.0,0.0,0.0,1.0
0,2050,0.16,0.0,0.0,0.0,0.0,0.0,1.0
0,2050,0.17,0.0,0.0,0.0,0.0,0.0,1.0
0,2050,0.18,0.0,0.0,0.0,0.0,0.0,1.0
0,2050,0.19,0.0,0.0,0.0,0.0,0.0,1.0
0,2050,0.2,0.0,0.0,0.0,0.0,0.0,1.0
0,2050,0.21,0.0,0.0,0.0,0.0,0.0,1.0
0,2050,0.22,0.0,0.0,0.0,0.0,0.0,1.0
0,2050,0.23,0.0,0.0,0.0,0.0,0.0,1.0
0,2050,0.24,0.0,0.0,0.0,0.0,0.0,1.0
0,2050,0.25,0.0,0.0,0.0,0.0,0.0,1.0
0,2050,0.26,0.0,0.0,0.0,0.0,0.0,1.0
0,2050,0.27,0.0,0.0,0.0,0.0,0.0,1.0
0,2050,0.28,0.0,0.0,0.0,0.0,0.0,1.0
0,2050,0.29,0.0,0.0,0.0,0.0,0.0,1.0
0,2050,0.3,0.0,0.0,0.0,0.0,0.0,1.0
0,2050,0.31,0.0,0.0,0.0,0.0,0.0,1.0
0,2050,0.32,0.0,0.0,0.0,0.0,0.0,1.0
0,2050,0.33,0.0,0.0,0.0,0.0,0.0,1.0
0,2050,0.34,0.0,0.0,0.0,0.0,0.0,1.0
0,2050,0.35000000000000003,0.0,0.0,0.0,0.0,0.0,1.0
0,2050,0.36,0.0,0.0,0.0,0.0,0.0,1.0
0,2050,0.37,0.0,0.0,0.0,0.0,0.0,1.0
0,2050,0.38,0.0,0.0,0.0,0.0,0.0,1.0
0,2050,0.39,0.0,0.0,0.0,0.0,0.0,1.0
0,2050,0.4,0.0,0.0,0.0,0.0,0.0,1.0
0,2050,0.41000000000000003,0.0,0.0,0.0,0.0,0.0,1.0
0,2050,0.42,0.0,0.0,0.0,0.0,0.0,1.0
0,2050,0.43,0.0,0.0,0.0,0.0,0.0,1.0
0,2050,0.44,0.0,0.0,0.0,0.0,0.0,1.0
0,2050,0.45,0.0,0.0,0.0,0.0,0.0,1.0
0,2050,0.46,0.0,0.0,0.0,0.0,0.0,1.0
0,2050,0.47000000000000003,0.0,0.0,0.0,0.0,0.0,1.0
0,2050,0.48,0.0,0.0,0.0,0.0,0.0,1.0
0,2050,0.49,0.0,0.0,0.0,0.0,0.0,1.0
0,2050,0.5,0.0,0.0,0.0,0.0,0.0,1.0
0,2050,0.51,0.0,0.0,0.0,0.0,0.0,1.0
0,2050,0.52,0.0,0.0,0.0,0.0,0.0,1.0
0,2050,0.53,0.0,0.0,0.0,0.0,0.0,1.0
0,2050,0.54,0.0,0.0,0.0,0.0,0.0,1.0
0,2050,0.55,0.0,0.0,0.0,0.0,0.0,1.0
0,2050,0.56,0.0,0.0,0.0,0.0,0.0,1.0
0,2050,0.5700000000000001,0.0,0.0,0.0,0.0,0.0,1.0
0,2050,0.58,0.0,0.0,0.0,0.0,0.0,1.0
0,2050,0.59,0.0,0.0,0.0,0.0,0.0,1.0
0,2050,0.6,0.0,0.0,0.0,0.0,0.0,1.0
0,2050,0.61,0.0,0.0,0.0,0.0,0.0,1.0
0,2050,0.62,0.0,0.0,0.0,0.0,0.0,1.0
0,2050,0.63,0.0,0.0,0.0,0.0,0.0,1.0
0,2050,0.64,0.0,0.0,0.0,0.0,0.0,1.0
0,2050,0.65,0.0,0.0,0.0,0.0,0.0,1.0
0,2050,0.66,0.0,0.0,0.0,0.0,0.0,1.0
0,2050,0.67,0.0,0.0,0.0,0.0,0.0,1.0
0,2050,0.68,0.0,0.0,0.0,0.0,0.0,1.0
0,2050,0.6900000000000001,0.0,0.0,0.0,0.0,0.0,1.0
0,2050,0.7000000000000001,0.0,0.0,0.0,0.0,0.0,1.0
0,2050,0.71,0.0,0.0,0.0,0.0,0.0,1.0
0,2050,0.72,0.0,0.0,0.0,0.0,0.0,1.0
0,2050,0.73,0.0,0.0,0.0,0.0,0.0,1.0
0,2050,0.74,0.0,0.0,0.0,0.0,0.0,1.0
0,2050,0.75,0.0,0.0,0.0,0.0,0.0,1.0
0,2050,0.76,0.0,0.0,0.0,0.0,0.0,1.0
0,2050,0.77,0.0,0.0,0.0,0.0,0.0,1.0
0,2050,0.78,0.0,0.0,0.0,0.0,0.0,1.0
0,2050,0.79,0.0,0.0,0.0,0.0,0.0,1.0
0,2050,0.8,0.0,0.0,0.0,0.0,0.0,1.0
0,2050,0.81,0.0,0.0,0.0,0.0,0.0,1.0
0,2050,0.8200000000000001,0.0,0.0,0.0,0.0,0.0,1.0
0,2050,0.8300000000000001,0.0,0.0,0.0,0.0,0.0,1.0
0,2050,0.84,0.0,0.0,0.0,0.0,0.0,1.0
0,2050,0.85,0.0,0.0,0.0,0.0,0.0,1.0
0,2050,0.86,0.0,0.0,0.0,0.0,0.0,1.0
0,2050,0.87,0.0,0.0,0.0,0.0,0.0,1.0
0,2050,0.88,0.0,0.0,0.0,0.0,0.0,1.0
0,2050,0.89,0.0,0.0,0.0,0.0,0.0,1.0
0,2050,0.9,0.0,0.0,0.0,0.0,0.0,1.0
0,2050,0.91,0.0,0.0,0.0,0.0,0.0,1.0
0,2050,0.92,0.0,0.0,0.0,0.0,0.0,1.0
0,2050,0.93,0.0,0.0,0.0,0.0,0.0,1.0
0,2050,0.9400000000000001,0.0,0.0,0.0,0.0,0.0,1.0
0,2050,0.9500000000000001,0.0,0.0,0.0,0.0,0.0,1.0
0,2050,0.96,0.0,0.0,0.0,0.0,0.0,1.0
0,2050,0.97,0.0,0.0,0.0,0.0,0.0,1.0
0,2050,0.98,0.0,0.0,0.0,0.0,0.0,1.0
0,2050,0.99,0.0,0.0,0.0,0.0,0.0,1.0
0,2050,1.0,0.0,0.0,0.0,0.0,0.0,1.0
0,2051,0.01,0.009472738306950706,0.2421158943034905,0.24539220604081888,0.21393093568345242,0.2535776994396293,0.03551052622565802
0,2051,0.02,0.009472738306950706,0.2421158943034905,0.24539220604081888,0.21393093568345242,0.2535776994396293,0.03551052622565802
0,2051,0.03,0.009472738306950706,0.2421158943034905,0.24539220604081888,0.21393093568345242,0.2535776994396293,0.03551052622565802
0,2051,0.04,0.0,0.0,0.0,0.0,0.0,1.0
0,2051,0.05,0.0,0.0,0.0,0.0,0.0,1.0
0,2051,0.06,0.0,0.0,0.0,0.0,0.0,1.0
0,2051,0.07,0.0,0.0,0.0,0.0,0.0,1.0
0,2051,0.08,0.0,0.0,0.0,0.0,0.0,1.0
0,2051,0.09,0.0,0.0,0.0,0.0,0.0,1.0
0,2051,0.1,0.0,0.0,0.0,0.0,0.0,1.0
0,2051,0.11,0.0,0.0,0.0,0.0,0.0,1.0
0,2051,0.12,0.0,0.0,0.0,0.0,0.0,1.0
0,2051,0.13,0.0,0.0,0.0,0.0,0.0,1.0
0,2051,0.14,0.0,0.0,0.0,0.0,0.0,1.0
0,2051,0.15,0.0,0.0,0.0,0.0,0.0,1.0
0,2051,0.16,0.0,0.0,0.0,0.0,0.0,1.0
0,2051,0.17,0.0,0.0,0.0,0.0,0.0,1.0
0,2051,0.18,0.0,0.0,0.0,0.0,0.0,1.0
0,2051,0.19,0.0,0.0,0.0,0.0,0.0,1.0
0,2051,0.2,0.0,0.0,0.0,0.0,0.0,1.0
0,2051,0.21,0.0,0.0,0.0,0.0,0.0,1.0
0,2051,0.22,0.0,0.0,0.0,0.0,0.0,1.0
0,2051,0.23,0.0,0.0,0.0,0.0,0.0,1.0
0,2051,0.24,0.0,0.0,0.0,0.0,0.0,1.0
0,2051,0.25,0.0,0.0,0.0,0.0,0.0,1.0
0,2051,0.26,0.0,0.0,0.0,0.0,0.0,1.0
0,2051,0.27,0.0,0.0,0.0,0.0,0.0,1.0
0,2051,0.28,0.0,0.0,0.0,0.0,0.0,1.0
0,2051,0.29,0.0,0.0,0.0,0.0,0.0,1.0
0,2051,0.3,0.0,0.0,0.0,0.0,0.0,1.0
0,2051,0.31,0.0,0.0,0.0,0.0,0.0,1.0
0,2051,0.32,0.0,0.0,0.0,0.0,0.0,1.0
0,2051,0.33,0.0,0.0,0.0,0.0,0.0,1.0
0,2051,0.34,0.0,0.0,0.0,0.0,0.0,1.0
0,2051,0.35000000000000003,0.0,0.0,0.0,0.0,0.0,1.0
0,2051,0.36,0.0,0.0,0.0,0.0,0.0,1.0
0,2051,0.37,0.0,0.0,0.0,0.0,0.0,1.0
0,2051,0.38,0.0,0.0,0.0,0.0,0.0,1.0
0,2051,0.39,0.0,0.0,0.0,0.0,0.0,1.0
0,2051,0.4,0.0,0.0,0.0,0.0,0.0,1.0
0,2051,0.41000000000000003,0.0,0.0,0.0,0.0,0.0,1.0
0,2051,0.42,0.0,0.0,0.0,0.0,0.0,1.0
0,2051,0.43,0.0,0.0,0.0,0.0,0.0,1.0
0,2051,0.44,0.0,0.0,0.0,0.0,0.0,1.0
0,2051,0.45,0.0,0.0,0.0,0.0,0.0,1.0
0,2051,0.46,0.0,0.0,0.0,0.0,0.0,1.0
0,2051,0.47000000000000003,0.0,0.0,0.0,0.0,0.0,1.0
0,2051,0.48,0.0,0.0,0.0,0.0,0.0,1.0
0,2051,0.49,0.0,0.0,0.0,0.0,0.0,1.0
0,2051,0.5,0.0,0.0,0.0,0.0,0.0,1.0
0,2051,0.51,0.0,0.0,0.0,0.0,0.0,1.0
0,2051,0.52,0.0,0.0,0.0,0.0,0.0,1.0
0,2051,0.53,0.0,0.0,0.0,0.0,0.0,1.0
0,2051,0.54,0.0,0.0,0.0,0.0,0.0,1.0
0,2051,0.55,0.0,0.0,0.0,0.0,0.0,1.0
0,2051,0.56,0.0,0.0,0.0,0.0,0.0,1.0
0,2051,0.5700000000000001,0.0,0.0,0.0,0.0,0.0,1.0
0,2051,0.58,0.0,0.0,0.0,0.0,0.0,1.0
0,2051,0.59,0.0,0.0,0.0,0.0,0.0,1.0
0,2051,0.6,0.0,0.0,0.0,0.0,0.0,1.0
0,2051,0.61,0.0,0.0,0.0,0.0,0.0,1.0
0,2051,0.62,0.0,0.0,0.0,0.0,0.0,1.0
0,2051,0.63,0.0,0.0,0.0,0.0,0.0,1.0
0,2051,0.64,0.0,0.0,0.0,0.0,0.0,1.0
0,2051,0.65,0.0,0.0,0.0,0.0,0.0,1.0
0,2051,0.66,0.0,0.0,0.0,0.0,0.0,1.0
0,2051,0.67,0.0,0.0,0.0,0.0,0.0,1.0
0,2051,0.68,0.0,0.0,0.0,0.0,0.0,1.0
0,2051,0.6900000000000001,0.0,0.0,0.0,0.0,0.0,1.0
0,2051,0.7000000000000001,0.0,0.0,0.0,0.0,0.0,1.0
0,2051,0.71,0.0,0.0,0.0,0.0,0.0,1.0
0,2051,0.72,0.0,0.0,0.0,0.0,0.0,1.0
0,2051,0.73,0.0,0.0,0.0,0.0,0.0,1.0
0,2051,0.74,0.0,0.0,0.0,0.0,0.0,1.0
0,2051,0.75,0.0,0.0,0.0,0.0,0.0,1.0
0,2051,0.76,0.0,0.0,0.0,0.0,0.0,1.0
0,2051,0.77,0.0,0.0,0.0,0.0,0.0,1.0
0,2051,0.78,0.0,0.0,0.0,0.0,0.0,1.0
0,2051,0.79,0.0,0.0,0.0,0.0,0.0,1.0
0,2051,0.8,0.0,0.0,0.0,0.0,0.0,1.0
0,2051,0.81,0.0,0.0,0.0,0.0,0.0,1.0
0,2051,0.8200000000000001,0.0,0.0,0.0,0.0,0.0,1.0
0,2051,0.8300000000000001,0.0,0.0,0.0,0.0,0.0,1.0
0,2051,0.84,0.0,0.0,0.0,0.0,0.0,1.0
0,2051,0.85,0.0,0.0,0.0,0.0,0.0,1.0
0,2051,0.86,0.0,0.0,0.0,0.0,0.0,1.0
0,2051,0.87,0.0,0.0,0.0,0.0,0.0,1.0
0,2051,0.88,0.0,0.0,0.0,0.0,0.0,1.0
0,2051,0.89,0.0,0.0,0.0,0.0,0.0,1.0
0,2051,0.9,0.0,0.0,0.0,0.0,0.0,1.0
0,2051,0.91,0.0,0.0,0.0,0.0,0.0,1.0
0,2051,0.92,0.0,0.0,0.0,0.0,0.0,1.0
0,2051,0.93,0.0,0.0,0.0,0.0,0.0,1.0
0,2051,0.9400000000000001,0.0,0.0,0.0,0.0,0.0,1.0
0,2051,0.9500000000000001,0.0,0.0,0.0,0.0,0.0,1.0
0,2051,0.96,0.0,0.0,0.0,0.0,0.0,1.0
0,2051,0.97,0.0,0.0,0.0,0.0,0.0,1.0
0,2051,0.98,0.0,0.0,0.0,0.0,0.0,1.0
0,2051,0.99,0.0,0.0,0.0,0.0,0.0,1.0
0,2051,1.0,0.0,0.0,0.0,0.0,0.0,1.0
0,2052,0.01,0.1389628410629724,0.21925562171223759,0.22303274919273475,0.17725509512321652,0.06659356515906312,0.17490012774977567
0,2052,0.02,0.1389628410629724,0.21925562171223759,0.22303274919273475,0.17725509512321652,0.06659356515906312,0.17490012774977567
0,2052,0.03,0.1389628410629724,0.21925562171223759,0.22303274919273475,0.17725509512321652,0.06659356515906312,0.17490012774977567
0,2052,0.04,0.1389628410629724,0.21925562171223759,0.22303274919273475,0.17725509512321652,0.06659356515906312,0.17490012774977567
0,2052,0.05,0.0,0.0,0.0,0.0,0.0,1.0
0,2052,0.06,0.0,0.0,0.0,0.0,0.0,1.0
0,2052,0.07,0.0,0.0,0.0,0.0,0.0,1.0
0,2052,0.08,0.0,0.0,0.0,0.0,0.0,1.0
0,2052,0.09,0.0,0.0,0.0,0.0,0.0,1.0
0,2052,0.1,0.0,0.0,0.0,0.0,0.0,1.0
0,2052,0.11,0.0,0.0,0.0,0.0,0.0,1.0
0,2052,0.12,0.0,0.0,0.0,0.0,0.0,1.0
0,2052,0.13,0.0,0.0,0.0,0.0,0.0,1.0
0,2052,0.14,0.0,0.0,0.0,0.0,0.0,1.0
0,2052,0.15,0.0,0.0,0.0,0.0,0.0,1.0
0,2052,0.16,0.0,0.0,0.0,0.0,0.0,1.0
0,2052,0.17,0.0,0.0,0.0,0.0,0.0,1.0
0,2052,0.18,0.0,0.0,0.0,0.0,0.0,1.0
0,2052,0.19,0.0,0.0,0.0,0.0,0.0,1.0
0,2052,0.2,0.0,0.0,0.0,0.0,0.0,1.0
0,2052,0.21,0.0,0.0,0.0,0.0,0.0,1.0
0,2052,0.22,0.0,0.0,0.0,0.0,0.0,1.0
0,2052,0.23,0.0,0.0,0.0,0.0,0.0,1.0
0,2052,0.24,0.0,0.0,0.0,0.0,0.0,1.0
0,2052,0.25,0.0,0.0,0.0,0.0,0.0,1.0
0,2052,0.26,0.0,0.0,0.0,0.0,0.0,1.0
0,2052,0.27,0.0,0.0,0.0,0.0,0.0,1.0
0,2052,0.28,0.0,0.0,0.0,0.0,0.0,1.0
0,2052,0.29,0.0,0.0,0.0,0.0,0.0,1.0
0,2052,0.3,0.0,0.0,0.0,0.0,0.0,1.0
0,2052,0.31,0.0,0.0,0.0,0.0,0.0,1.0
0,2052,0.32,0.0,0.0,0.0,0.0,0.0,1.0
0,2052,0.33,0.0,0.0,0.0,0.0,0.0,1.0
0,2052,0.34,0.0,0.0,0.0,0.0,0.0,1.0
0,2052,0.35000000000000003,0.0,0.0,0.0,0.0,0.0,1.0
0,2052,0.36,0.0,0.0,0.0,0.0,0.0,1.0
0,2052,0.37,0.0,0.0,0.0,0.0,0.0,1.0
0,2052,0.38,0.0,0.0,0.0,0.0,0.0,1.0
0,2052,0.39,0.0,0.0,0.0,0.0,0.0,1.0
0,2052,0.4,0.0,0.0,0.0,0.0,0.0,1.0
0,2052,0.41000000000000003,0.0,0.0,0.0,0.0,0.0,1.0
0,2052,0.42,0.0,0.0,0.0,0.0,0.0,1.0
0,2052,0.43,0.0,0.0,0.0,0.0,0.0,1.0
0,2052,0.44,0.0,0.0,0.0,0.0,0.0,1.0
0,2052,0.45,0.0,0.0,0.0,0.0,0.0,1.0
0,2052,0.46,0.0,0.0,0.0,0.0,0.0,1.0
0,2052,0.47000000000000003,0.0,0.0,0.0,0.0,0.0,1.0
0,2052,0.48,0.0,0.0,0.0,0.0,0.0,1.0
0,2052,0.49,0.0,0.0,0.0,0.0,0.0,1.0
0,2052,0.5,0.0,0.0,0.0,0.0,0.0,1.0
0,2052,0.51,0.0,0.0,0.0,0.0,0.0,1.0
0,2052,0.52,0.0,0.0,0.0,0.0,0.0,1.0
0,2052,0.53,0.0,0.0,0.0,0.0,0.0,1.0
0,2052,0.54,0.0,0.0,0.0,0.0,0.0,1.0
0,2052,0.55,0.0,0.0,0.0,0.0,0.0,1.0
0,2052,0.56,0.0,0.0,0.0,0.0,0.0,1.0
0,2052,0.5700000000000001,0.0,0.0,0.0,0.0,0.0,1.0
0,2052,0.58,0.0,0.0,0.0,0.0,0.0,1.0
0,2052,0.59,0.0,0.0,0.0,0.0,0.0,1.0
0,2052,0.6,0.0,0.0,0.0,0.0,0.0,1.0
0,2052,0.61,0.0,0.0,0.0,0.0,0.0,1.0
0,2052,0.62,0.0,0.0,0.0,0.0,0.0,1.0
0,2052,0.63,0.0,0.0,0.0,0.0,0.0,1.0
0,2052,0.64,0.0,0.0,0.0,0.0,0.0,1.0
0,2052,0.65,0.0,0.0,0.0,0.0,0.0,1.0
0,2052,0.66,0.0,0.0,0.0,0.0,0.0,1.0
0,2052,0.67,0.0,0.0,0.0,0.0,0.0,1.0
0,2052,0.68,0.0,0.0,0.0,0.0,0.0,1.0
0,2052,0.6900000000000001,0.0,0.0,0.0,0.0,0.0,1.0
0,2052,0.7000000000000001,0.0,0.0,0.0,0.0,0.0,1.0
0,2052,0.71,0.0,0.0,0.0,0.0,0.0,1.0
0,2052,0.72,0.0,0.0,0.0,0.0,0.0,1.0
0,2052,0.73,0.0,0.0,0.0,0.0,0.0,1.0
0,2052,0.74,0.0,0.0,0.0,0.0,0.0,1.0
0,2052,0.75,0.0,0.0,0.0,0.0,0.0,1.0
0,2052,0.76,0.0,0.0,0.0,0.0,0.0,1.0
0,2052,0.77,0.0,0.0,0.0,0.0,0.0,1.0
0,2052,0.78,0.0,0.0,0.0,0.0,0.0,1.0
0,2052,0.79,0.0,0.0,0.0,0.0,0.0,1.0
0,2052,0.8,0.0,0.0,0.0,0.0,0.0,1.0
0,2052,0.81,0.0,0.0,0.0,0.0,0.0,1.0
0,2052,0.8200000000000001,0.0,0.0,0.0,0.0,0.0,1.0
0,2052,0.8300000000000001,0.0,0.0,0.0,0.0,0.0,1.0
0,2052,0.84,0.0,0.0,0.0,0.0,0.0,1.0
0,2052,0.85,0.0,0.0,0.0,0.0,0.0,1.0
0,2052,0.86,0.0,0.0,0.0,0.0,0.0,1.0
0,2052,0.87,0.0,0.0,0.0,0.0,0.0,1.0
0,2052,0.88,0.0,0.0,0.0,0.0,0.0,1.0
0,2052,0.89,0.0,0.0,0.0,0.0,0.0,1.0
0,2052,0.9,0.0,0.0,0.0,0.0,0.0,1.0
0,2052,0.91,0.0,0.0,0.0,0.0,0.0,1.0
0,2052,0.92,0.0,0.0,0.0,0.0,0.0,1.0
0,2052,0.93,0.0,0.0,0.0,0.0,0.0,1.0
0,2052,0.9400000000000001,0.0,0.0,0.0,0.0,0.0,1.0
0,2052,0.9500000000000001,0.0,0.0,0.0,0.0,0.0,1.0
0,2052,0.96,0.0,0.0,0.0,0.0,0.0,1.0
0,2052,0.97,0.0,0.0,0.0,0.0,0.0,1.0
0,2052,0.98,0.0,0.0,0.0,0.0,0.0,1.0
0,2052,0.99,0.0,0.0,0.0,0.0,0.0,1.0
0,2052,1.0,0.0,0.0,0.0,0.0,0.0,1.0
0,2053,0.01,0.31455505302072173,0.19997600991831294,0.025302569397872086,0.08966126849406983,0.16495078764780308,0.2055543115212204
0,2053,0.02,0.31455505302072173,0.19997600991831294,0.025302569397872086,0.08966126849406983,0.16495078764780308,0.2055543115212204
0,2053,0.03,0.31455505302072173,0.19997600991831294,0.025302569397872086,0.08966126849406983,0.16495078764780308,0.2055543115212204
0,2053,0.04,0.31455505302072173,0.19997600991831294,0.025302569397872086,0.08966126849406983,0.16495078764780308,0.2055543115212204
0,2053,0.05,0.0,0.0,0.0,0.0,0.0,1.0
0,2053,0.06,0.0,0.0,0.0,0.0,0.0,1.0
0,2053,0.07,0.0,0.0,0.0,0.0,0.0,1.0
0,2053,0.08,0.0,0.0,0.0,0.0,0.0,1.0
0,2053,0.09,0.0,0.0,0.0,0.0,0.0,1.0
0,2053,0.1,0.0,0.0,0.0,0.0,0.0,1.0
0,2053,0.11,0.0,0.0,0.0,0.0,0.0,1.0
0,2053,0.12,0.0,0.0,0.0,0.0,0.0,1.0
0,2053,0.13,0.0,0.0,0.0,0.0,0.0,1.0
0,2053,0.14,0.0,0.0,0.0,0.0,0.0,1.0
0,2053,0.15,0.0,0.0,0.0,0.0,0.0,1.0
0,2053,0.16,0.0,0.0,0.0,0.0,0.0,1.0
0,2053,0.17,0.0,0.0,0.0,0.0,0.0,1.0
0,2053,0.18,0.0,0.0,0.0,0.0,0.0,1.0
0,2053,0.19,0.0,0.0,0.0,0.0,0.0,1.0
0,2053,0.2,0.0,0.0,0.0,0.0,0.0,1.0
0,2053,0.21,0.0,0.0,0.0,0.0,0.0,1.0
0,2053,0.22,0.0,0.0,0.0,0.0,0.0,1.0
0,2053,0.23,0.0,0.0,0.0,0.0,0.0,1.0
0,2053,0.24,0.0,0.0,0.0,0.0,0.0,1.0
0,2053,0.25,0.0,0.0,0.0,0.0,0.0,1.0
0,2053,0.26,0.0,0.0,0.0,0.0,0.0,1.0
0,2053,0.27,0.0,0.0,0.0,0.0,0.0,1.0
0,2053,0.28,0.0,0.0,0.0,0.0,0.0,1.0
0,2053,0.29,0.0,0.0,0.0,0.0,0.0,1.0
0,2053,0.3,0.0,0.0,0.0,0.0,0.0,1.0
0,2053,0.31,0.0,0.0,0.0,0.0,0.0,1.0
0,2053,0.32,0.0,0.0,0.0,0.0,0.0,1.0
0,2053,0.33,0.0,0.0,0.0,0.0,0.0,1.0
0,2053,0.34,0.0,0.0,0.0,0.0,0.0,1.0
0,2053,0.35000000000000003,0.0,0.0,0.0,0.0,0.0,1.0
0,2053,0.36,0.0,0.0,0.0,0.0,0.0,1.0
0,2053,0.37,0.0,0.0,0.0,0.0,0.0,1.0
0,2053,0.38,0.0,0.0,0.0,0.0,0.0,1.0
0,2053,0.39,0.0,0.0,0.0,0.0,0.0,1.0
0,2053,0.4,0.0,0.0,0.0,0.0,0.0,1.0
0,2053,0.41000000000000003,0.0,0.0,0.0,0.0,0.0,1.0
0,2053,0.42,0.0,0.0,0.0,0.0,0.0,1.0
0,2053,0.43,0.0,0.0,0.0,0.0,0.0,1.0
0,2053,0.44,0.0,0.0,0.0,0.0,0.0,1.0
0,2053,0.45,0.0,0.0,0.0,0.0,0.0,1.0
0,2053,0.46,0.0,0.0,0.0,0.0,0.0,1.0
0,2053,0.47000000000000003,0.0,0.0,0.0,0.0,0.0,1.0
0,2053,0.48,0.0,0.0,0.0,0.0,0.0,1.0
0,2053,0.49,0.0,0.0,0.0,0.0,0.0,1.0
0,2053,0.5,0.0,0.0,0.0,0.0,0.0,1.0
0,2053,0.51,0.0,0.0,0.0,0.0,0.0,1.0
0,2053,0.52,0.0,0.0,0.0,0.0,0.0,1.0
0,2053,0.53,0.0,0.0,0.0,0.0,0.0,1.0
0,2053,0.54,0.0,0.0,0.0,0.0,0.0,1.0
0,2053,0.55,0.0,0.0,0.0,0.0,0.0,1.0
0,2053,0.56,0.0,0.0,0.0,0.0,0.0,1.0
0,2053,0.5700000000000001,0.0,0.0,0.0,0.0,0.0,1.0
0,2053,0.58,0.0,0.0,0.0,0.0,0.0,1.0
0,2053,0.59,0.0,0.0,0.0,0.0,0.0,1.0
0,2053,0.6,0.0,0.0,0.0,0.0,0.0,1.0
0,2053,0.61,0.0,0.0,0.0,0.0,0.0,1.0
0,2053,0.62,0.0,0.0,0.0,0.0,0.0,1.0
0,2053,0.63,0.0,0.0,0.0,0.0,0.0,1.0
0,2053,0.64,0.0,0.0,0.0,0.0,0.0,1.0
0,2053,0.65,0.0,0.0,0.0,0.0,0.0,1.0
0,2053,0.66,0.0,0.0,0.0,0.0,0.0,1.0
0,2053,0.67,0.0,0.0,0.0,0.0,0.0,1.0
0,2053,0.68,0.0,0.0,0.0,0.0,0.0,1.0
0,2053,0.6900000000000001,0.0,0.0,0.0,0.0,0.0,1.0
0,2053,0.7000000000000001,0.0,0.0,0.0,0.0,0.0,1.0
0,2053,0.71,0.0,0.0,0.0,0.0,0.0,1.0
0,2053,0.72,0.0,0.0,0.0,0.0,0.0,1.0
0,2053,0.73,0.0,0.0,0.0,0.0,0.0,1.0
0,2053,0.74,0.0,0.0,0.0,0.0,0.0,1.0
0,2053,0.75,0.0,0.0,0.0,0.0,0.0,1.0
0,2053,0.76,0.0,0.0,0.0,0.0,0.0,1.0
0,2053,0.77,0.0,0.0,0.0,0.0,0.0,1.0
0,2053,0.78,0.0,0.0,0.0,0.0,0.0,1.0
0,2053,0.79,0.0,0.0,0.0,0.0,0.0,1.0
0,2053,0.8,0.0,0.0,0.0,0.0,0.0,1.0
0,2053,0.81,0.0,0.0,0.0,0.0,0.0,1.0
0,2053,0.8200000000000001,0.0,0.0,0.0,0.0,0.0,1.0
0,2053,0.8300000000000001,0.0,0.0,0.0,0.0,0.0,1.0
0,2053,0.84,0.0,0.0,0.0,0.0,0.0,1.0
0,2053,0.85,0.0,0.0,0.0,0.0,0.0,1.0
0,2053,0.86,0.0,0.0,0.0,0.0,0.0,1.0
0,2053,0.87,0.0,0.0,0.0,0.0,0.0,1.0
0,2053,0.88,0.0,0.0,0.0,0.0,0.0,1.0
0,2053,0.89,0.0,0.0,0.0,0.0,0.0,1.0
0,2053,0.9,0.0,0.0,0.0,0.0,0.0,1.0
0,2053,0.91,0.0,0.0,0.0,0.0,0.0,1.0
0,2053,0.92,0.0,0.0,0.0,0.0,0.0,1.0
0,2053,0.93,0.0,0.0,0.0,0.0,0.0,1.0
0,2053,0.9400000000000001,0.0,0.0,0.0,0.0,0.0,1.0
0,2053,0.9500000000000001,0.0,0.0,0.0,0.0,0.0,1.0
0,2053,0.96,0.0,0.0,0.0,0.0,0.0,1.0
0,2053,0.97,0.0,0.0,0.0,0.0,0.0,1.0
0,2053,0.98,0.0,0.0,0.0,0.0,0.0,1.0
0,2053,0.99,0.0,0.0,0.0,0.0,0.0,1.0
0,2053,1.0,0.0,0.0,0.0,0.0,0.0,1.0
0,2054,0.01,0.04039310172372613,0.43932726638053604,0.15765418810762893,0.0813143379582327,0.2159097267639637,0.06540137906591259
0,2054,0.02,0.04039310172372613,0.43932726638053604,0.15765418810762893,0.0813143379582327,0.2159097267639637,0.06540137906591259
0,2054,0.03,0.04039310172372613,0.43932726638053604,0.15765418810762893,0.0813143379582327,0.2159097267639637,0.06540137906591259
0,2054,0.04,0.0,0.0,0.0,0.0,0.0,1.0
0,2054,0.05,0.0,0.0,0.0,0.0,0.0,1.0
0,2054,0.06,0.0,0.0,0.0,0.0,0.0,1.0
0,2054,0.07,0.0,0.0,0.0,0.0,0.0,1.0
0,2054,0.08,0.0,0.0,0.0,0.0,0.0,1.0
0,2054,0.09,0.0,0.0,0.0,0.0,0.0,1.0
0,2054,0.1,0.0,0.0,0.0,0.0,0.0,1.0
0,2054,0.11,0.0,0.0,0.0,0.0,0.0,1.0
0,2054,0.12,0.0,0.0,0.0,0.0,0.0,1.0
0,2054,0.13,0.0,0.0,0.0,0.0,0.0,1.0
0,2054,0.14,0.0,0.0,0.0,0.0,0.0,1.0
0,2054,0.15,0.0,0.0,0.0,0.0,0.0,1.0
0,2054,0.16,0.0,0.0,0.0,0.0,0.0,1.0
0,2054,0.17,0.0,0.0,0.0,0.0,0.0,1.0
0,2054,0.18,0.0,0.0,0.0,0.0,0.0,1.0
0,2054,0.19,0.0,0.0,0.0,0.0,0.0,1.0
0,2054,0.2,0.0,0.0,0.0,0.0,0.0,1.0
0,2054,0.21,0.0,0.0,0.0,0.0,0.0,1.0
0,2054,0.22,0.0,0.0,0.0,0.0,0.0,1.0
0,2054,0.23,0.0,0.0,0.0,0.0,0.0,1.0
0,2054,0.24,0.0,0.0,0.0,0.0,0.0,1.0
0,2054,0.25,0.0,0.0,0.0,0.0,0.0,1.0
0,2054,0.26,0.0,0.0,0.0,0.0,0.0,1.0
0,2054,0.27,0.0,0.0,0.0,0.0,0.0,1.0
0,2054,0.28,0.0,0.0,0.0,0.0,0.0,1.0
0,2054,0.29,0.0,0.0,0.0,0.0,0.0,1.0
0,2054,0.3,0.0,0.0,0.0,0.0,0.0,1.0
0,2054,0.31,0.0,0.0,0.0,0.0,0.0,1.0
0,2054,0.32,0.0,0.0,0.0,0.0,0.0,1.0
0,2054,0.33,0.0,0.0,0.0,0.0,0.0,1.0
0,2054,0.34,0.0,0.0,0.0,0.0,0.0,1.0
0,2054,0.35000000000000003,0.0,0.0,0.0,0.0,0.0,1.0
0,2054,0.36,0.0,0.0,0.0,0.0,0.0,1.0
0,2054,0.37,0.0,0.0,0.0,0.0,0.0,1.0
0,2054,0.38,0.0,0.0,0.0,0.0,0.0,1.0
0,2054,0.39,0.0,0.0,0.0,0.0,0.0,1.0
0,2054,0.4,0.0,0.0,0.0,0.0,0.0,1.0
0,2054,0.41000000000000003,0.0,0.0,0.0,0.0,0.0,1.0
0,2054,0.42,0.0,0.0,0.0,0.0,0.0,1.0
0,2054,0.43,0.0,0.0,0.0,0.0,0.0,1.0
0,2054,0.44,0.0,0.0,0.0,0.0,0.0,1.0
0,2054,0.45,0.0,0.0,0.0,0.0,0.0,1.0
0,2054,0.46,0.0,0.0,0.0,0.0,0.0,1.0
0,2054,0.47000000000000003,0.0,0.0,0.0,0.0,0.0,1.0
0,2054,0.48,0.0,0.0,0.0,0.0,0.0,1.0
0,2054,0.49,0.0,0.0,0.0,0.0,0.0,1.0
0,2054,0.5,0.0,0.0,0.0,0.0,0.0,1.0
0,2054,0.51,0.0,0.0,0.0,0.0,0.0,1.0
0,2054,0.52,0.0,0.0,0.0,0.0,0.0,1.0
0,2054,0.53,0.0,0.0,0.0,0.0,0.0,1.0
0,2054,0.54,0.0,0.0,0.0,0.0,0.0,1.0
0,2054,0.55,0.0,0.0,0.0,0.0,0.0,1.0
0,2054,0.56,0.0,0.0,0.0,0.0,0.0,1.0
0,2054,0.5700000000000001,0.0,0.0,0.0,0.0,0.0,1.0
0,2054,0.58,0.0,0.0,0.0,0.0,0.0,1.0
0,2054,0.59,0.0,0.0,0.0,0.0,0.0,1.0
0,2054,0.6,0.0,0.0,0.0,0.0,0.0,1.0
0,2054,0.61,0.0,0.0,0.0,0.0,0.0,1.0
0,2054,0.62,0.0,0.0,0.0,0.0,0.0,1.0
0,2054,0.63,0.0,0.0,0.0,0.0,0.0,1.0
0,2054,0.64,0.0,0.0,0.0,0.0,0.0,1.0
0,2054,0.65,0.0,0.0,0.0,0.0,0.0,1.0
0,2054,0.66,0.0,0.0,0.0,0.0,0.0,1.0
0,2054,0.67,0.0,0.0,0.0,0.0,0.0,1.0
0,2054,0.68,0.0,0.0,0.0,0.0,0.0,1.0
0,2054,0.6900000000000001,0.0,0.0,0.0,0.0,0.0,1.0
0,2054,0.7000000000000001,0.0,0.0,0.0,0.0,0.0,1.0
0,2054,0.71,0.0,0.0,0.0,0.0,0.0,1.0
0,2054,0.72,0.0,0.0,0.0,0.0,0.0,1.0
0,2054,0.73,0.0,0.0,0.0,0.0,0.0,1.0
0,2054,0.74,0.0,0.0,0.0,0.0,0.0,1.0
0,2054,0.75,0.0,0.0,0.0,0.0,0.0,1.0
0,2054,0.76,0.0,0.0,0.0,0.0,0.0,1.0
0,2054,0.77,0.0,0.0,0.0,0.0,0.0,1.0
0,2054,0.78,0.0,0.0,0.0,0.0,0.0,1.0
0,2054,0.79,0.0,0.0,0.0,0.0,0.0,1.0
0,2054,0.8,0.0,0.0,0.0,0.0,0.0,1.0
0,2054,0.81,0.0,0.0,0.0,0.0,0.0,1.0
0,2054,0.8200000000000001,0.0,0.0,0.0,0.0,0.0,1.0
0,2054,0.8300000000000001,0.0,0.0,0.0,0.0,0.0,1.0
0,2054,0.84,0.0,0.0,0.0,0.0,0.0,1.0
0,2054,0.85,0.0,0.0,0.0,0.0,0.0,1.0
0,2054,0.86,0.0,0.0,0.0,0.0,0.0,1.0
0,2054,0.87,0.0,0.0,0.0,0.0,0.0,1.0
0,2054,0.88,0.0,0.0,0.0,0.0,0.0,1.0
0,2054,0.89,0.0,0.0,0.0,0.0,0.0,1.0
0,2054,0.9,0.0,0.0,0.0,0.0,0.0,1.0
0,2054,0.91,0.0,0.0,0.0,0.0,0.0,1.0
0,2054,0.92,0.0,0.0,0.0,0.0,0.0,1.0
0,2054,0.93,0.0,0.0,0.0,0.0,0.0,1.0
0,2054,0.9400000000000001,0.0,0.0,0.0,0.0,0.0,1.0
0,2054,0.9500000000000001,0.0,0.0,0.0,0.0,0.0,1.0
0,2054,0.96,0.0,0.0,0.0,0.0,0.0,1.0
0,2054,0.97,0.0,0.0,0.0,0.0,0.0,1.0
0,2054,0.98,0.0,0.0,0.0,0.0,0.0,1.0
0,2054,0.99,0.0,0.0,0.0,0.0,0.0,1.0
0,2054,1.0,0.0,0.0,0.0,0.0,0.0,1.0
0,2055,0.01,0.11291009940865622,0.22089230100878135,0.16407456038687107,0.12335318107848582,0.08510539222303666,0.29366446589416884
0,2055,0.02,0.11291009940865622,0.22089230100878135,0.16407456038687107,0.12335318107848582,0.08510539222303666,0.29366446589416884
0,2055,0.03,0.11291009940865622,0.22089230100878135,0.16407456038687107,0.12335318107848582,0.08510539222303666,0.29366446589416884
0,2055,0.04,0.11291009940865622,0.22089230100878135,0.16407456038687107,0.12335318107848582,0.08510539222303666,0.29366446589416884
0,2055,0.05,0.0,0.0,0.0,0.0,0.0,1.0
0,2055,0.06,0.0,0.0,0.0,0.0,0.0,1.0
0,2055,0.07,0.0,0.0,0.0,0.0,0.0,1.0
0,2055,0.08,0.0,0.0,0.0,0.0,0.0,1.0
0,2055,0.09,0.0,0.0,0.0,0.0,0.0,1.0
0,2055,0.1,0.0,0.0,0.0,0.0,0.0,1.0
0,2055,0.11,0.0,0.0,0.0,0.0,0.0,1.0
0,2055,0.12,0.0,0.0,0.0,0.0,0.0,1.0
0,2055,0.13,0.0,0.0,0.0,0.0,0.0,1.0
0,2055,0.14,0.0,0.0,0.0,0.0,0.0,1.0
0,2055,0.15,0.0,0.0,0.0,0.0,0.0,1.0
0,2055,0.16,0.0,0.0,0.0,0.0,0.0,1.0
0,2055,0.17,0.0,0.0,0.0,0.0,0.0,1.0
0,2055,0.18,0.0,0.0,0.0,0.0,0.0,1.0
0,2055,0.19,0.0,0.0,0.0,0.0,0.0,1.0
0,2055,0.2,0.0,0.0,0.0,0.0,0.0,1.0
0,2055,0.21,0.0,0.0,0.0,0.0,0.0,1.0
0,2055,0.22,0.0,0.0,0.0,0.0,0.0,1.0
0,2055,0.23,0.0,0.0,0.0,0.0,0.0,1.0
0,2055,0.24,0.0,0.0,0.0,0.0,0.0,1.0
0,2055,0.25,0.0,0.0,0.0,0.0,0.0,1.0
0,2055,0.26,0.0,0.0,0.0,0.0,0.0,1.0
0,2055,0.27,0.0,0.0,0.0,0.0,0.0,1.0
0,2055,0.28,0.0,0.0,0.0,0.0,0.0,1.0
0,2055,0.29,0.0,0.0,0.0,0.0,0.0,1.0
0,2055,0.3,0.0,0.0,0.0,0.0,0.0,1.0
0,2055,0.31,0.0,0.0,0.0,0.0,0.0,1.0
0,2055,0.32,0.0,0.0,0.0,0.0,0.0,1.0
0,2055,0.33,0.0,0.0,0.0,0.0,0.0,1.0
0,2055,0.34,0.0,0.0,0.0,0.0,0.0,1.0
0,2055,0.35000000000000003,0.0,0.0,0.0,0.0,0.0,1.0
0,2055,0.36,0.0,0.0,0.0,0.0,0.0,1.0
0,2055,0.37,0.0,0.0,0.0,0.0,0.0,1.0
0,2055,0.38,0.0,0.0,0.0,0.0,0.0,1.0
0,2055,0.39,0.0,0.0,0.0,0.0,0.0,1.0
0,2055,0.4,0.0,0.0,0.0,0.0,0.0,1.0
0,2055,0.41000000000000003,0.0,0.0,0.0,0.0,0.0,1.0
0,2055,0.42,0.0,0.0,0.0,0.0,0.0,1.0
0,2055,0.43,0.0,0.0,0.0,0.0,0.0,1.0
0,2055,0.44,0.0,0.0,0.0,0.0,0.0,1.0
0,2055,0.45,0.0,0.0,0.0,0.0,0.0,1.0
0,2055,0.46,0.0,0.0,0.0,0.0,0.0,1.0
0,2055,0.47000000000000003,0.0,0.0,0.0,0.0,0.0,1.0
0,2055,0.48,0.0,0.0,0.0,0.0,0.0,1.0
0,2055,0.49,0.0,0.0,0.0,0.0,0.0,1.0
0,2055,0.5,0.0,0.0,0.0,0.0,0.0,1.0
0,2055,0.51,0.0,0.0,0.0,0.0,0.0,1.0
0,2055,0.52,0.0,0.0,0.0,0.0,0.0,1.0
0,2055,0.53,0.0,0.0,0.0,0.0,0.0,1.0
0,2055,0.54,0.0,0.0,0.0,0.0,0.0,1.0
0,2055,0.55,0.0,0.0,0.0,0.0,0.0,1.0
0,2055,0.56,0.0,0.0,0.0,0.0,0.0,1.0
0,2055,0.5700000000000001,0.0,0.0,0.0,0.0,0.0,1.0
0,2055,0.58,0.0,0.0,0.0,0.0,0.0,1.0
0,2055,0.59,0.0,0.0,0.0,0.0,0.0,1.0
0,2055,0.6,0.0,0.0,0.0,0.0,0.0,1.0
0,2055,0.61,0.0,0.0,0.0,0.0,0.0,1.0
0,2055,0.62,0.0,0.0,0.0,0.0,0.0,1.0
0,2055,0.63,0.0,0.0,0.0,0.0,0.0,1.0
0,2055,0.64,0.0,0.0,0.0,0.0,0.0,1.0
0,2055,0.65,0.0,0.0,0.0,0.0,0.0,1.0
0,2055,0.66,0.0,0.0,0.0,0.0,0.0,1.0
0,2055,0.67,0.0,0.0,0.0,0.0,0.0,1.0
0,2055,0.68,0.0,0.0,0.0,0.0,0.0,1.0
0,2055,0.6900000000000001,0.0,0.0,0.0,0.0,0.0,1.0
0,2055,0.7000000000000001,0.0,0.0,0.0,0.0,0.0,1.0
0,2055,0.71,0.0,0.0,0.0,0.0,0.0,1.0
0,2055,0.72,0.0,0.0,0.0,0.0,0.0,1.0
0,2055,0.73,0.0,0.0,0.0,0.0,0.0,1.0
0,2055,0.74,0.0,0.0,0.0,0.0,0.0,1.0
0,2055,0.75,0.0,0.0,0.0,0.0,0.0,1.0
0,2055,0.76,0.0,0.0,0.0,0.0,0.0,1.0
0,2055,0.77,0.0,0.0,0.0,0.0,0.0,1.0
0,2055,0.78,0.0,0.0,0.0,0.0,0.0,1.0
0,2055,0.79,0.0,0.0,0.0,0.0,0.0,1.0
0,2055,0.8,0.0,0.0,0.0,0.0,0.0,1.0
0,2055,0.81,0.0,0.0,0.0,0.0,0.0,1.0
0,2055,0.8200000000000001,0.0,0.0,0.0,0.0,0.0,1.0
0,2055,0.8300000000000001,0.0,0.0,0.0,0.0,0.0,1.0
0,2055,0.84,0.0,0.0,0.0,0.0,0.0,1.0
0,2055,0.85,0.0,0.0,0.0,0.0,0.0,1.0
0,2055,0.86,0.0,0.0,0.0,0.0,0.0,1.0
0,2055,0.87,0.0,0.0,0.0,0.0,0.0,1.0
0,2055,0.88,0.0,0.0,0.0,0.0,0.0,1.0
0,2055,0.89,0.0,0.0,0.0,0.0,0.0,1.0
0,2055,0.9,0.0,0.0,0.0,0.0,0.0,1.0
0,2055,0.91,0.0,0.0,0.0,0.0,0.0,1.0
0,2055,0.92,0.0,0.0,0.0,0.0,0.0,1.0
0,2055,0.93,0.0,0.0,0.0,0.0,0.0,1.0
0,2055,0.9400000000000001,0.0,0.0,0.0,0.0,0.0,1.0
0,2055,0.9500000000000001,0.0,0.0,0.0,0.0,0.0,1.0
0,2055,0.96,0.0,0.0,0.0,0.0,0.0,1.0
0,2055,0.97,0.0,0.0,0.0,0.0,0.0,1.0
0,2055,0.98,0.0,0.0,0.0,0.0,0.0,1.0
0,2055,0.99,0.0,0.0,0.0,0.0,0.0,1.0
0,2055,1.0,0.0,0.0,0.0,0.0,0.0,1.0
0,2056,0.01,0.19861237772527066,0.2436095165867791,0.05768136194146768,0.2489857943194629,0.24776858155282225,0.003342367874197338
0,2056,0.02,0.19861237772527066,0.2436095165867791,0.05768136194146768,0.2489857943194629,0.24776858155282225,0.003342367874197338
0,2056,0.03,0.19861237772527066,0.2436095165867791,0.05768136194146768,0.2489857943194629,0.24776858155282225,0.003342367874197338
0,2056,0.04,0.19861237772527066,0.2436095165867791,0.05768136194146768,0.2489857943194629,0.24776858155282225,0.003342367874197338
0,2056,0.05,0.19861237772527066,0.2436095165867791,0.05768136194146768,0.2489857943194629,0.24776858155282225,0.003342367874197338
0,2056,0.06,0.19861237772527066,0.2436095165867791,0.05768136194146768,0.2489857943194629,0.24776858155282225,0.003342367874197338
0,2056,0.07,0.0,0.0,0.0,0.0,0.0,1.0
0,2056,0.08,0.0,0.0,0.0,0.0,0.0,1.0
0,2056,0.09,0.0,0.0,0.0,0.0,0.0,1.0
0,2056,0.1,0.0,0.0,0.0,0.0,0.0,1.0
0,2056,0.11,0.0,0.0,0.0,0.0,0.0,1.0
0,2056,0.12,0.0,0.0,0.0,0.0,0.0,1.0
0,2056,0.13,0.0,0.0,0.0,0.0,0.0,1.0
0,2056,0.14,0.0,0.0,0.0,0.0,0.0,1.0
0,2056,0.15,0.0,0.0,0.0,0.0,0.0,1.0
0,2056,0.16,0.0,0.0,0.0,0.0,0.0,1.0
0,2056,0.17,0.0,0.0,0.0,0.0,0.0,1.0
0,2056,0.18,0.0,0.0,0.0,0.0,0.0,1.0
0,2056,0.19,0.0,0.0,0.0,0.0,0.0,1.0
0,2056,0.2,0.0,0.0,0.0,0.0,0.0,1.0
0,2056,0.21,0.0,0.0,0.0,0.0,0.0,1.0
0,2056,0.22,0.0,0.0,0.0,0.0,0.0,1.0
0,2056,0.23,0.0,0.0,0.0,0.0,0.0,1.0
0,2056,0.24,0.0,0.0,0.0,0.0,0.0,1.0
0,2056,0.25,0.0,0.0,0.0,0.0,0.0,1.0
0,2056,0.26,0.0,0.0,0.0,0.0,0.0,1.0
0,2056,0.27,0.0,0.0,0.0,0.0,0.0,1.0
0,2056,0.28,0.0,0.0,0.0,0.0,0.0,1.0
0,2056,0.29,0.0,0.0,0.0,0.0,0.0,1.0
0,2056,0.3,0.0,0.0,0.0,0.0,0.0,1.0
0,2056,0.31,0.0,0.0,0.0,0.0,0.0,1.0
0,2056,0.32,0.0,0.0,0.0,0.0,0.0,1.0
0,2056,0.33,0.0,0.0,0.0,0.0,0.0,1.0
0,2056,0.34,0.0,0.0,0.0,0.0,0.0,1.0
0,2056,0.35000000000000003,0.0,0.0,0.0,0.0,0.0,1.0
0,2056,0.36,0.0,0.0,0.0,0.0,0.0,1.0
0,2056,0.37,0.0,0.0,0.0,0.0,0.0,1.0
0,2056,0.38,0.0,0.0,0.0,0.0,0.0,1.0
0,2056,0.39,0.0,0.0,0.0,0.0,0.0,1.0
0,2056,0.4,0.0,0.0,0.0,0.0,0.0,1.0
0,2056,0.41000000000000003,0.0,0.0,0.0,0.0,0.0,1.0
0,2056,0.42,0.0,0.0,0.0,0.0,0.0,1.0
0,2056,0.43,0.0,0.0,0.0,0.0,0.0,1.0
0,2056,0.44,0.0,0.0,0.0,0.0,0.0,1.0
0,2056,0.45,0.0,0.0,0.0,0.0,0.0,1.0
0,2056,0.46,0.0,0.0,0.0,0.0,0.0,1.0
0,2056,0.47000000000000003,0.0,0.0,0.0,0.0,0.0,1.0
0,2056,0.48,0.0,0.0,0.0,0.0,0.0,1.0
0,2056,0.49,0.0,0.0,0.0,0.0,0.0,1.0
0,2056,0.5,0.0,0.0,0.0,0.0,0.0,1.0
0,2056,0.51,0.0,0.0,0.0,0.0,0.0,1.0
0,2056,0.52,0.0,0.0,0.0,0.0,0.0,1.0
0,2056,0.53,0.0,0.0,0.0,0.0,0.0,1.0
0,2056,0.54,0.0,0.0,0.0,0.0,0.0,1.0
0,2056,0.55,0.0,0.0,0.0,0.0,0.0,1.0
0,2056,0.56,0.0,0.0,0.0,0.0,0.0,1.0
0,2056,0.5700000000000001,0.0,0.0,0.0,0.0,0.0,1.0
0,2056,0.58,0.0,0.0,0.0,0.0,0.0,1.0
0,2056,0.59,0.0,0.0,0.0,0.0,0.0,1.0
0,2056,0.6,0.0,0.0,0.0,0.0,0.0,1.0
0,2056,0.61,0.0,0.0,0.0,0.0,0.0,1.0
0,2056,0.62,0.0,0.0,0.0,0.0,0.0,1.0
0,2056,0.63,0.0,0.0,0.0,0.0,0.0,1.0
0,2056,0.64,0.0,0.0,0.0,0.0,0.0,1.0
0,2056,0.65,0.0,0.0,0.0,0.0,0.0,1.0
0,2056,0.66,0.0,0.0,0.0,0.0,0.0,1.0
0,2056,0.67,0.0,0.0,0.0,0.0,0.0,1.0
0,2056,0.68,0.0,0.0,0.0,0.0,0.0,1.0
0,2056,0.6900000000000001,0.0,0.0,0.0,0.0,0.0,1.0
0,2056,0.7000000000000001,0.0,0.0,0.0,0.0,0.0,1.0
0,2056,0.71,0.0,0.0,0.0,0.0,0.0,1.0
0,2056,0.72,0.0,0.0,0.0,0.0,0.0,1.0
0,2056,0.73,0.0,0.0,0.0,0.0,0.0,1.0
0,2056,0.74,0.0,0.0,0.0,0.0,0.0,1.0
0,2056,0.75,0.0,0.0,0.0,0.0,0.0,1.0
0,2056,0.76,0.0,0.0,0.0,0.0,0.0,1.0
0,2056,0.77,0.0,0.0,0.0,0.0,0.0,1.0
0,2056,0.78,0.0,0.0,0.0,0.0,0.0,1.0
0,2056,0.79,0.0,0.0,0.0,0.0,0.0,1.0
0,2056,0.8,0.0,0.0,0.0,0.0,0.0,1.0
0,2056,0.81,0.0,0.0,0.0,0.0,0.0,1.0
0,2056,0.8200000000000001,0.0,0.0,0.0,0.0,0.0,1.0
0,2056,0.8300000000000001,0.0,0.0,0.0,0.0,0.0,1.0
0,2056,0.84,0.0,0.0,0.0,0.0,0.0,1.0
0,2056,0.85,0.0,0.0,0.0,0.0,0.0,1.0
0,2056,0.86,0.0,0.0,0.0,0.0,0.0,1.0
0,2056,0.87,0.0,0.0,0.0,0.0,0.0,1.0
0,2056,0.88,0.0,0.0,0.0,0.0,0.0,1.0
0,2056,0.89,0.0,0.0,0.0,0.0,0.0,1.0
0,2056,0.9,0.0,0.0,0.0,0.0,0.0,1.0
0,2056,0.91,0.0,0.0,0.0,0.0,0.0,1.0
0,2056,0.92,0.0,0.0,0.0,0.0,0.0,1.0
0,2056,0.93,0.0,0.0,0.0,0.0,0.0,1.0
0,2056,0.9400000000000001,0.0,0.0,0.0,0.0,0.0,1.0
0,2056,0.9500000000000001,0.0,0.0,0.0,0.0,0.0,1.0
0,2056,0.96,0.0,0.0,0.0,0.0,0.0,1.0
0,2056,0.97,0.0,0.0,0.0,0.0,0.0,1.0
0,2056,0.98,0.0,0.0,0.0,0.0,0.0,1.0
0,2056,0.99,0.0,0.0,0.0,0.0,0.0,1.0
0,2056,1.0,0.0,0.0,0.0,0.0,0.0,1.0
0,2057,0.01,0.009552958211675042,0.2636009275409468,0.14858408773815138,0.18422155501577353,0.24074771120557673,0.15329276028787647
0,2057,0.02,0.009552958211675042,0.2636009275409468,0.14858408773815138,0.18422155501577353,0.24074771120557673,0.15329276028787647
0,2057,0.03,0.009552958211675042,0.2636009275409468,0.14858408773815138,0.18422155501577353,0.24074771120557673,0.15329276028787647
0,2057,0.04,0.009552958211675042,0.2636009275409468,0.14858408773815138,0.18422155501577353,0.24074771120557673,0.15329276028787647
0,2057,0.05,0.009552958211675042,0.2636009275409468,0.14858408773815138,0.18422155501577353,0.24074771120557673,0.15329276028787647
0,2057,0.06,0.009552958211675042,0.2636009275409468,0.14858408773815138,0.18422155501577353,0.24074771120557673,0.15329276028787647
0,2057,0.07,0.0,0.0,0.0,0.0,0.0,1.0
0,2057,0.08,0.0,0.0,0.0,0.0,0.0,1.0
0,2057,0.09,0.0,0.0,0.0,0.0,0.0,1.0
0,2057,0.1,0.0,0.0,0.0,0.0,0.0,1.0
0,2057,0.11,0.0,0.0,0.0,0.0,0.0,1.0
0,2057,0.12,0.0,0.0,0.0,0.0,0.0,1.0
0,2057,0.13,0.0,0.0,0.0,0.0,0.0,1.0
0,2057,0.14,0.0,0.0,0.0,0.0,0.0,1.0
0,2057,0.15,0.0,0.0,0.0,0.0,0.0,1.0
0,2057,0.16,0.0,0.0,0.0,0.0,0.0,1.0
0,2057,0.17,0.0,0.0,0.0,0.0,0.0,1.0
0,2057,0.18,0.0,0.0,0.0,0.0,0.0,1.0
0,2057,0.19,0.0,0.0,0.0,0.0,0.0,1.0
0,2057,0.2,0.0,0.0,0.0,0.0,0.0,1.0
0,2057,0.21,0.0,0.0,0.0,0.0,0.0,1.0
0,2057,0.22,0.0,0.0,0.0,0.0,0.0,1.0
0,2057,0.23,0.0,0.0,0.0,0.0,0.0,1.0
0,2057,0.24,0.0,0.0,0.0,0.0,0.0,1.0
0,2057,0.25,0.0,0.0,0.0,0.0,0.0,1.0
0,2057,0.26,0.0,0.0,0.0,0.0,0.0,1.0
0,2057,0.27,0.0,0.0,0.0,0.0,0.0,1.0
0,2057,0.28,0.0,0.0,0.0,0.0,0.0,1.0
0,2057,0.29,0.0,0.0,0.0,0.0,0.0,1.0
0,2057,0.3,0.0,0.0,0.0,0.0,0.0,1.0
0,2057,0.31,0.0,0.0,0.0,0.0,0.0,1.0
0,2057,0.32,0.0,0.0,0.0,0.0,0.0,1.0
0,2057,0.33,0.0,0.0,0.0,0.0,0.0,1.0
0,2057,0.34,0.0,0.0,0.0,0.0,0.0,1.0
0,2057,0.35000000000000003,0.0,0.0,0.0,0.0,0.0,1.0
0,2057,0.36,0.0,0.0,0.0,0.0,0.0,1.0
0,2057,0.37,0.0,0.0,0.0,0.0,0.0,1.0
0,2057,0.38,0.0,0.0,0.0,0.0,0.0,1.0
0,2057,0.39,0.0,0.0,0.0,0.0,0.0,1.0
0,2057,0.4,0.0,0.0,0.0,0.0,0.0,1.0
0,2057,0.41000000000000003,0.0,0.0,0.0,0.0,0.0,1.0
0,2057,0.42,0.0,0.0,0.0,0.0,0.0,1.0
0,2057,0.43,0.0,0.0,0.0,0.0,0.0,1.0
0,2057,0.44,0.0,0.0,0.0,0.0,0.0,1.0
0,2057,0.45,0.0,0.0,0.0,0.0,0.0,1.0
0,2057,0.46,0.0,0.0,0.0,0.0,0.0,1.0
0,2057,0.47000000000000003,0.0,0.0,0.0,0.0,0.0,1.0
0,2057,0.48,0.0,0.0,0.0,0.0,0.0,1.0
0,2057,0.49,0.0,0.0,0.0,0.0,0.0,1.0
0,2057,0.5,0.0,0.0,0.0,0.0,0.0,1.0
0,2057,0.51,0.0,0.0,0.0,0.0,0.0,1.0
0,2057,0.52,0.0,0.0,0.0,0.0,0.0,1.0
0,2057,0.53,0.0,0.0,0.0,0.0,0.0,1.0
0,2057,0.54,0.0,0.0,0.0,0.0,0.0,1.0
0,2057,0.55,0.0,0.0,0.0,0.0,0.0,1.0
0,2057,0.56,0.0,0.0,0.0,0.0,0.0,1.0
0,2057,0.5700000000000001,0.0,0.0,0.0,0.0,0.0,1.0
0,2057,0.58,0.0,0.0,0.0,0.0,0.0,1.0
0,2057,0.59,0.0,0.0,0.0,0.0,0.0,1.0
0,2057,0.6,0.0,0.0,0.0,0.0,0.0,1.0
0,2057,0.61,0.0,0.0,0.0,0.0,0.0,1.0
0,2057,0.62,0.0,0.0,0.0,0.0,0.0,1.0
0,2057,0.63,0.0,0.0,0.0,0.0,0.0,1.0
0,2057,0.64,0.0,0.0,0.0,0.0,0.0,1.0
0,2057,0.65,0.0,0.0,0.0,0.0,0.0,1.0
0,2057,0.66,0.0,0.0,0.0,0.0,0.0,1.0
0,2057,0.67,0.0,0.0,0.0,0.0,0.0,1.0
0,2057,0.68,0.0,0.0,0.0,0.0,0.0,1.0
0,2057,0.6900000000000001,0.0,0.0,0.0,0.0,0.0,1.0
0,2057,0.7000000000000001,0.0,0.0,0.0,0.0,0.0,1.0
0,2057,0.71,0.0,0.0,0.0,0.0,0.0,1.0
0,2057,0.72,0.0,0.0,0.0,0.0,0.0,1.0
0,2057,0.73,0.0,0.0,0.0,0.0,0.0,1.0
0,2057,0.74,0.0,0.0,0.0,0.0,0.0,1.0
0,2057,0.75,0.0,0.0,0.0,0.0,0.0,1.0
0,2057,0.76,0.0,0.0,0.0,0.0,0.0,1.0
0,2057,0.77,0.0,0.0,0.0,0.0,0.0,1.0
0,2057,0.78,0.0,0.0,0.0,0.0,0.0,1.0
0,2057,0.79,0.0,0.0,0.0,0.0,0.0,1.0
0,2057,0.8,0.0,0.0,0.0,0.0,0.0,1.0
0,2057,0.81,0.0,0.0,0.0,0.0,0.0,1.0
0,2057,0.8200000000000001,0.0,0.0,0.0,0.0,0.0,1.0
0,2057,0.8300000000000001,0.0,0.0,0.0,0.0,0.0,1.0
0,2057,0.84,0.0,0.0,0.0,0.0,0.0,1.0
0,2057,0.85,0.0,0.0,0.0,0.0,0.0,1.0
0,2057,0.86,0.0,0.0,0.0,0.0,0.0,1.0
0,2057,0.87,0.0,0.0,0.0,0.0,0.0,1.0
0,2057,0.88,0.0,0.0,0.0,0.0,0.0,1.0
0,2057,0.89,0.0,0.0,0.0,0.0,0.0,1.0
0,2057,0.9,0.0,0.0,0.0,0.0,0.0,1.0
0,2057,0.91,0.0,0.0,0.0,0.0,0.0,1.0
0,2057,0.92,0.0,0.0,0.0,0.0,0.0,1.0
0,2057,0.93,0.0,0.0,0.0,0.0,0.0,1.0
0,2057,0.9400000000000001,0.0,0.0,0.0,0.0,0.0,1.0
0,2057,0.9500000000000001,0.0,0.0,0.0,0.0,0.0,1.0
0,2057,0.96,0.0,0.0,0.0,0.0,0.0,1.0
0,2057,0.97,0.0,0.0,0.0,0.0,0.0,1.0
0,2057,0.98,0.0,0.0,0.0,0.0,0.0,1.0
0,2057,0.99,0.0,0.0,0.0,0.0,0.0,1.0
0,2057,1.0,0.0,0.0,0.0,0.0,0.0,1.0
0,2058,0.01,0.11883116682997003,0.07299899406837783,0.23202412187611712,0.25023141789919306,0.17053987709398918,0.1553744222323527
0,2058,0.02,0.11883116682997003,0.07299899406837783,0.23202412187611712,0.25023141789919306,0.17053987709398918,0.1553744222323527
0,2058,0.03,0.11883116682997003,0.07299899406837783,0.23202412187611712,0.25023141789919306,0.17053987709398918,0.1553744222323527
0,2058,0.04,0.11883116682997003,0.07299899406837783,0.23202412187611712,0.25023141789919306,0.17053987709398918,0.1553744222323527
0,2058,0.05,0.11883116682997003,0.07299899406837783,0.23202412187611712,0.25023141789919306,0.17053987709398918,0.1553744222323527
0,2058,0.06,0.11883116682997003,0.07299899406837783,0.23202412187611712,0.25023141789919306,0.17053987709398918,0.1553744222323527
0,2058,0.07,0.0,0.0,0.0,0.0,0.0,1.0
0,2058,0.08,0.0,0.0,0.0,0.0,0.0,1.0
0,2058,0.09,0.0,0.0,0.0,0.0,0.0,1.0
0,2058,0.1,0.0,0.0,0.0,0.0,0.0,1.0
0,2058,0.11,0.0,0.0,0.0,0.0,0.0,1.0
0,2058,0.12,0.0,0.0,0.0,0.0,0.0,1.0
0,2058,0.13,0.0,0.0,0.0,0.0,0.0,1.0
0,2058,0.14,0.0,0.0,0.0,0.0,0.0,1.0
0,2058,0.15,0.0,0.0,0.0,0.0,0.0,1.0
0,2058,0.16,0.0,0.0,0.0,0.0,0.0,1.0
0,2058,0.17,0.0,0.0,0.0,0.0,0.0,1.0
0,2058,0.18,0.0,0.0,0.0,0.0,0.0,1.0
0,2058,0.19,0.0,0.0,0.0,0.0,0.0,1.0
0,2058,0.2,0.0,0.0,0.0,0.0,0.0,1.0
0,2058,0.21,0.0,0.0,0.0,0.0,0.0,1.0
0,2058,0.22,0.0,0.0,0.0,0.0,0.0,1.0
0,2058,0.23,0.0,0.0,0.0,0.0,0.0,1.0
0,2058,0.24,0.0,0.0,0.0,0.0,0.0,1.0
0,2058,0.25,0.0,0.0,0.0,0.0,0.0,1.0
0,2058,0.26,0.0,0.0,0.0,0.0,0.0,1.0
0,2058,0.27,0.0,0.0,0.0,0.0,0.0,1.0
0,2058,0.28,0.0,0.0,0.0,0.0,0.0,1.0
0,2058,0.29,0.0,0.0,0.0,0.0,0.0,1.0
0,2058,0.3,0.0,0.0,0.0,0.0,0.0,1.0
0,2058,0.31,0.0,0.0,0.0,0.0,0.0,1.0
0,2058,0.32,0.0,0.0,0.0,0.0,0.0,1.0
0,2058,0.33,0.0,0.0,0.0,0.0,0.0,1.0
0,2058,0.34,0.0,0.0,0.0,0.0,0.0,1.0
0,2058,0.35000000000000003,0.0,0.0,0.0,0.0,0.0,1.0
0,2058,0.36,0.0,0.0,0.0,0.0,0.0,1.0
0,2058,0.37,0.0,0.0,0.0,0.0,0.0,1.0
0,2058,0.38,0.0,0.0,0.0,0.0,0.0,1.0
0,2058,0.39,0.0,0.0,0.0,0.0,0.0,1.0
0,2058,0.4,0.0,0.0,0.0,0.0,0.0,1.0
0,2058,0.41000000000000003,0.0,0.0,0.0,0.0,0.0,1.0
0,2058,0.42,0.0,0.0,0.0,0.0,0.0,1.0
0,2058,0.43,0.0,0.0,0.0,0.0,0.0,1.0
0,2058,0.44,0.0,0.0,0.0,0.0,0.0,1.0
0,2058,0.45,0.0,0.0,0.0,0.0,0.0,1.0
0,2058,0.46,0.0,0.0,0.0,0.0,0.0,1.0
0,2058,0.47000000000000003,0.0,0.0,0.0,0.0,0.0,1.0
0,2058,0.48,0.0,0.0,0.0,0.0,0.0,1.0
0,2058,0.49,0.0,0.0,0.0,0.0,0.0,1.0
0,2058,0.5,0.0,0.0,0.0,0.0,0.0,1.0
0,2058,0.51,0.0,0.0,0.0,0.0,0.0,1.0
0,2058,0.52,0.0,0.0,0.0,0.0,0.0,1.0
0,2058,0.53,0.0,0.0,0.0,0.0,0.0,1.0
0,2058,0.54,0.0,0.0,0.0,0.0,0.0,1.0
0,2058,0.55,0.0,0.0,0.0,0.0,0.0,1.0
0,2058,0.56,0.0,0.0,0.0,0.0,0.0,1.0
0,2058,0.5700000000000001,0.0,0.0,0.0,0.0,0.0,1.0
0,2058,0.58,0.0,0.0,0.0,0.0,0.0,1.0
0,2058,0.59,0.0,0.0,0.0,0.0,0.0,1.0
0,2058,0.6,0.0,0.0,0.0,0.0,0.0,1.0
0,2058,0.61,0.0,0.0,0.0,0.0,0.0,1.0
0,2058,0.62,0.0,0.0,0.0,0.0,0.0,1.0
0,2058,0.63,0.0,0.0,0.0,0.0,0.0,1.0
0,2058,0.64,0.0,0.0,0.0,0.0,0.0,1.0
0,2058,0.65,0.0,0.0,0.0,0.0,0.0,1.0
0,2058,0.66,0.0,0.0,0.0,0.0,0.0,1.0
0,2058,0.67,0.0,0.0,0.0,0.0,0.0,1.0
0,2058,0.68,0.0,0.0,0.0,0.0,0.0,1.0
0,2058,0.6900000000000001,0.0,0.0,0.0,0.0,0.0,1.0
0,2058,0.7000000000000001,0.0,0.0,0.0,0.0,0.0,1.0
0,2058,0.71,0.0,0.0,0.0,0.0,0.0,1.0
0,2058,0.72,0.0,0.0,0.0,0.0,0.0,1.0
0,2058,0.73,0.0,0.0,0.0,0.0,0.0,1.0
0,2058,0.74,0.0,0.0,0.0,0.0,0.0,1.0
0,2058,0.75,0.0,0.0,0.0,0.0,0.0,1.0
0,2058,0.76,0.0,0.0,0.0,0.0,0.0,1.0
0,2058,0.77,0.0,0.0,0.0,0.0,0.0,1.0
0,2058,0.78,0.0,0.0,0.0,0.0,0.0,1.0
0,2058,0.79,0.0,0.0,0.0,0.0,0.0,1.0
0,2058,0.8,0.0,0.0,0.0,0.0,0.0,1.0
0,2058,0.81,0.0,0.0,0.0,0.0,0.0,1.0
0,2058,0.8200000000000001,0.0,0.0,0.0,0.0,0.0,1.0
0,2058,0.8300000000000001,0.0,0.0,0.0,0.0,0.0,1.0
0,2058,0.84,0.0,0.0,0.0,0.0,0.0,1.0
0,2058,0.85,0.0,0.0,0.0,0.0,0.0,1.0
0,2058,0.86,0.0,0.0,0.0,0.0,0.0,1.0
0,2058,0.87,0.0,0.0,0.0,0.0,0.0,1.0
0,2058,0.88,0.0,0.0,0.0,0.0,0.0,1.0
0,2058,0.89,0.0,0.0,0.0,0.0,0.0,1.0
0,2058,0.9,0.0,0.0,0.0,0.0,0.0,1.0
0,2058,0.91,0.0,0.0,0.0,0.0,0.0,1.0
0,2058,0.92,0.0,0.0,0.0,0.0,0.0,1.0
0,2058,0.93,0.0,0.0,0.0,0.0,0.0,1.0
0,2058,0.9400000000000001,0.0,0.0,0.0,0.0,0.0,1.0
0,2058,0.9500000000000001,0.0,0.0,0.0,0.0,0.0,1.0
0,2058,0.96,0.0,0.0,0.0,0.0,0.0,1.0
0,2058,0.97,0.0,0.0,0.0,0.0,0.0,1.0
0,2058,0.98,0.0,0.0,0.0,0.0,0.0,1.0
0,2058,0.99,0.0,0.0,0.0,0.0,0.0,1.0
0,2058,1.0,0.0,0.0,0.0,0.0,0.0,1.0
0,2059,0.01,0.13885095968205183,0.20250744117954889,0.28885666662817455,0.0692038600953685,0.10093945965588617,0.19964161275897013
0,2059,0.02,0.13885095968205183,0.20250744117954889,0.28885666662817455,0.0692038600953685,0.10093945965588617,0.19964161275897013
0,2059,0.03,0.13885095968205183,0.20250744117954889,0.28885666662817455,0.0692038600953685,0.10093945965588617,0.19964161275897013
0,2059,0.04,0.13885095968205183,0.20250744117954889,0.28885666662817455,0.0692038600953685,0.10093945965588617,0.19964161275897013
0,2059,0.05,0.13885095968205183,0.20250744117954889,0.28885666662817455,0.0692038600953685,0.10093945965588617,0.19964161275897013
0,2059,0.06,0.0,0.0,0.0,0.0,0.0,1.0
0,2059,0.07,0.0,0.0,0.0,0.0,0.0,1.0
0,2059,0.08,0.0,0.0,0.0,0.0,0.0,1.0
0,2059,0.09,0.0,0.0,0.0,0.0,0.0,1.0
0,2059,0.1,0.0,0.0,0.0,0.0,0.0,1.0
0,2059,0.11,0.0,0.0,0.0,0.0,0.0,1.0
0,2059,0.12,0.0,0.0,0.0,0.0,0.0,1.0
0,2059,0.13,0.0,0.0,0.0,0.0,0.0,1.0
0,2059,0.14,0.0,0.0,0.0,0.0,0.0,1.0
0,2059,0.15,0.0,0.0,0.0,0.0,0.0,1.0
0,2059,0.16,0.0,0.0,0.0,0.0,0.0,1.0
0,2059,0.17,0.0,0.0,0.0,0.0,0.0,1.0
0,2059,0.18,0.0,0.0,0.0,0.0,0.0,1.0
0,2059,0.19,0.0,0.0,0.0,0.0,0.0,1.0
0,2059,0.2,0.0,0.0,0.0,0.0,0.0,1.0
0,2059,0.21,0.0,0.0,0.0,0.0,0.0,1.0
0,2059,0.22,0.0,0.0,0.0,0.0,0.0,1.0
0,2059,0.23,0.0,0.0,0.0,0.0,0.0,1.0
0,2059,0.24,0.0,0.0,0.0,0.0,0.0,1.0
0,2059,0.25,0.0,0.0,0.0,0.0,0.0,1.0
0,2059,0.26,0.0,0.0,0.0,0.0,0.0,1.0
0,2059,0.27,0.0,0.0,0.0,0.0,0.0,1.0
0,2059,0.28,0.0,0.0,0.0,0.0,0.0,1.0
0,2059,0.29,0.0,0.0,0.0,0.0,0.0,1.0
0,2059,0.3,0.0,0.0,0.0,0.0,0.0,1.0
0,2059,0.31,0.0,0.0,0.0,0.0,0.0,1.0
0,2059,0.32,0.0,0.0,0.0,0.0,0.0,1.0
0,2059,0.33,0.0,0.0,0.0,0.0,0.0,1.0
0,2059,0.34,0.0,0.0,0.0,0.0,0.0,1.0
0,2059,0.35000000000000003,0.0,0.0,0.0,0.0,0.0,1.0
0,2059,0.36,0.0,0.0,0.0,0.0,0.0,1.0
0,2059,0.37,0.0,0.0,0.0,0.0,0.0,1.0
0,2059,0.38,0.0,0.0,0.0,0.0,0.0,1.0
0,2059,0.39,0.0,0.0,0.0,0.0,0.0,1.0
0,2059,0.4,0.0,0.0,0.0,0.0,0.0,1.0
0,2059,0.41000000000000003,0.0,0.0,0.0,0.0,0.0,1.0
0,2059,0.42,0.0,0.0,0.0,0.0,0.0,1.0
0,2059,0.43,0.0,0.0,0.0,0.0,0.0,1.0
0,2059,0.44,0.0,0.0,0.0,0.0,0.0,1.0
0,2059,0.45,0.0,0.0,0.0,0.0,0.0,1.0
0,2059,0.46,0.0,0.0,0.0,0.0,0.0,1.0
0,2059,0.47000000000000003,0.0,0.0,0.0,0.0,0.0,1.0
0,2059,0.48,0.0,0.0,0.0,0.0,0.0,1.0
0,2059,0.49,0.0,0.0,0.0,0.0,0.0,1.0
0,2059,0.5,0.0,0.0,0.0,0.0,0.0,1.0
0,2059,0.51,0.0,0.0,0.0,0.0,0.0,1.0
0,2059,0.52,0.0,0.0,0.0,0.0,0.0,1.0
0,2059,0.53,0.0,0.0,0.0,0.0,0.0,1.0
0,2059,0.54,0.0,0.0,0.0,0.0,0.0,1.0
0,2059,0.55,0.0,0.0,0.0,0.0,0.0,1.0
0,2059,0.56,0.0,0.0,0.0,0.0,0.0,1.0
0,2059,0.5700000000000001,0.0,0.0,0.0,0.0,0.0,1.0
0,2059,0.58,0.0,0.0,0.0,0.0,0.0,1.0
0,2059,0.59,0.0,0.0,0.0,0.0,0.0,1.0
0,2059,0.6,0.0,0.0,0.0,0.0,0.0,1.0
0,2059,0.61,0.0,0.0,0.0,0.0,0.0,1.0
0,2059,0.62,0.0,0.0,0.0,0.0,0.0,1.0
0,2059,0.63,0.0,0.0,0.0,0.0,0.0,1.0
0,2059,0.64,0.0,0.0,0.0,0.0,0.0,1.0
0,2059,0.65,0.0,0.0,0.0,0.0,0.0,1.0
0,2059,0.66,0.0,0.0,0.0,0.0,0.0,1.0
0,2059,0.67,0.0,0.0,0.0,0.0,0.0,1.0
0,2059,0.68,0.0,0.0,0.0,0.0,0.0,1.0
0,2059,0.6900000000000001,0.0,0.0,0.0,0.0,0.0,1.0
0,2059,0.7000000000000001,0.0,0.0,0.0,0.0,0.0,1.0
0,2059,0.71,0.0,0.0,0.0,0.0,0.0,1.0
0,2059,0.72,0.0,0.0,0.0,0.0,0.0,1.0
0,2059,0.73,0.0,0.0,0.0,0.0,0.0,1.0
0,2059,0.74,0.0,0.0,0.0,0.0,0.0,1.0
0,2059,0.75,0.0,0.0,0.0,0.0,0.0,1.0
0,2059,0.76,0.0,0.0,0.0,0.0,0.0,1.0
0,2059,0.77,0.0,0.0,0.0,0.0,0.0,1.0
0,2059,0.78,0.0,0.0,0.0,0.0,0.0,1.0
0,2059,0.79,0.0,0.0,0.0,0.0,0.0,1.0
0,2059,0.8,0.0,0.0,0.0,0.0,0.0,1.0
0,2059,0.81,0.0,0.0,0.0,0.0,0.0,1.0
0,2059,0.8200000000000001,0.0,0.0,0.0,0.0,0.0,1.0
0,2059,0.8300000000000001,0.0,0.0,0.0,0.0,0.0,1.0
0,2059,0.84,0.0,0.0,0.0,0.0,0.0,1.0
0,2059,0.85,0.0,0.0,0.0,0.0,0.0,1.0
0,2059,0.86,0.0,0.0,0.0,0.0,0.0,1.0
0,2059,0.87,0.0,0.0,0.0,0.0,0.0,1.0
0,2059,0.88,0.0,0.0,0.0,0.0,0.0,1.0
0,2059,0.89,0.0,0.0,0.0,0.0,0.0,1.0
0,2059,0.9,0.0,0.0,0.0,0.0,0.0,1.0
0,2059,0.91,0.0,0.0,0.0,0.0,0.0,1.0
0,2059,0.92,0.0,0.0,0.0,0.0,0.0,1.0
0,2059,0.93,0.0,0.0,0.0,0.0,0.0,1.0
0,2059,0.9400000000000001,0.0,0.0,0.0,0.0,0.0,1.0
0,2059,0.9500000000000001,0.0,0.0,0.0,0.0,0.0,1.0
0,2059,0.96,0.0,0.0,0.0,0.0,0.0,1.0
0,2059,0.97,0.0,0.0,0.0,0.0,0.0,1.0
0,2059,0.98,0.0,0.0,0.0,0.0,0.0,1.0
0,2059,0.99,0.0,0.0,0.0,0.0,0.0,1.0
0,2059,1.0,0.0,0.0,0.0,0.0,0.0,1.0
0,2060,0.01,0.3174131008820285,0.16019523506922898,0.1197383482846912,0.04461398862058579,0.2665153181163016,0.09152400902716386
0,2060,0.02,0.3174131008820285,0.16019523506922898,0.1197383482846912,0.04461398862058579,0.2665153181163016,0.09152400902716386
0,2060,0.03,0.3174131008820285,0.16019523506922898,0.1197383482846912,0.04461398862058579,0.2665153181163016,0.09152400902716386
0,2060,0.04,0.3174131008820285,0.16019523506922898,0.1197383482846912,0.04461398862058579,0.2665153181163016,0.09152400902716386
0,2060,0.05,0.0,0.0,0.0,0.0,0.0,1.0
0,2060,0.06,0.0,0.0,0.0,0.0,0.0,1.0
0,2060,0.07,0.0,0.0,0.0,0.0,0.0,1.0
0,2060,0.08,0.0,0.0,0.0,0.0,0.0,1.0
0,2060,0.09,0.0,0.0,0.0,0.0,0.0,1.0
0,2060,0.1,0.0,0.0,0.0,0.0,0.0,1.0
0,2060,0.11,0.0,0.0,0.0,0.0,0.0,1.0
0,2060,0.12,0.0,0.0,0.0,0.0,0.0,1.0
0,2060,0.13,0.0,0.0,0.0,0.0,0.0,1.0
0,2060,0.14,0.0,0.0,0.0,0.0,0.0,1.0
0,2060,0.15,0.0,0.0,0.0,0.0,0.0,1.0
0,2060,0.16,0.0,0.0,0.0,0.0,0.0,1.0
0,2060,0.17,0.0,0.0,0.0,0.0,0.0,1.0
0,2060,0.18,0.0,0.0,0.0,0.0,0.0,1.0
0,2060,0.19,0.0,0.0,0.0,0.0,0.0,1.0
0,2060,0.2,0.0,0.0,0.0,0.0,0.0,1.0
0,2060,0.21,0.0,0.0,0.0,0.0,0.0,1.0
0,2060,0.22,0.0,0.0,0.0,0.0,0.0,1.0
0,2060,0.23,0.0,0.0,0.0,0.0,0.0,1.0
0,2060,0.24,0.0,0.0,0.0,0.0,0.0,1.0
0,2060,0.25,0.0,0.0,0.0,0.0,0.0,1.0
0,2060,0.26,0.0,0.0,0.0,0.0,0.0,1.0
0,2060,0.27,0.0,0.0,0.0,0.0,0.0,1.0
0,2060,0.28,0.0,0.0,0.0,0.0,0.0,1.0
0,2060,0.29,0.0,0.0,0.0,0.0,0.0,1.0
0,2060,0.3,0.0,0.0,0.0,0.0,0.0,1.0
0,2060,0.31,0.0,0.0,0.0,0.0,0.0,1.0
0,2060,0.32,0.0,0.0,0.0,0.0,0.0,1.0
0,2060,0.33,0.0,0.0,0.0,0.0,0.0,1.0
0,2060,0.34,0.0,0.0,0.0,0.0,0.0,1.0
0,2060,0.35000000000000003,0.0,0.0,0.0,0.0,0.0,1.0
0,2060,0.36,0.0,0.0,0.0,0.0,0.0,1.0
0,2060,0.37,0.0,0.0,0.0,0.0,0.0,1.0
0,2060,0.38,0.0,0.0,0.0,0.0,0.0,1.0
0,2060,0.39,0.0,0.0,0.0,0.0,0.0,1.0
0,2060,0.4,0.0,0.0,0.0,0.0,0.0,1.0
0,2060,0.41000000000000003,0.0,0.0,0.0,0.0,0.0,1.0
0,2060,0.42,0.0,0.0,0.0,0.0,0.0,1.0
0,2060,0.43,0.0,0.0,0.0,0.0,0.0,1.0
0,2060,0.44,0.0,0.0,0.0,0.0,0.0,1.0
0,2060,0.45,0.0,0.0,0.0,0.0,0.0,1.0
0,2060,0.46,0.0,0.0,0.0,0.0,0.0,1.0
0,2060,0.47000000000000003,0.0,0.0,0.0,0.0,0.0,1.0
0,2060,0.48,0.0,0.0,0.0,0.0,0.0,1.0
0,2060,0.49,0.0,0.0,0.0,0.0,0.0,1.0
0,2060,0.5,0.0,0.0,0.0,0.0,0.0,1.0
0,2060,0.51,0.0,0.0,0.0,0.0,0.0,1.0
0,2060,0.52,0.0,0.0,0.0,0.0,0.0,1.0
0,2060,0.53,0.0,0.0,0.0,0.0,0.0,1.0
0,2060,0.54,0.0,0.0,0.0,0.0,0.0,1.0
0,2060,0.55,0.0,0.0,0.0,0.0,0.0,1.0
0,2060,0.56,0.0,0.0,0.0,0.0,0.0,1.0
0,2060,0.5700000000000001,0.0,0.0,0.0,0.0,0.0,1.0
0,2060,0.58,0.0,0.0,0.0,0.0,0.0,1.0
0,2060,0.59,0.0,0.0,0.0,0.0,0.0,1.0
0,2060,0.6,0.0,0.0,0.0,0.0,0.0,1.0
0,2060,0.61,0.0,0.0,0.0,0.0,0.0,1.0
0,2060,0.62,0.0,0.0,0.0,0.0,0.0,1.0
0,2060,0.63,0.0,0.0,0.0,0.0,0.0,1.0
0,2060,0.64,0.0,0.0,0.0,0.0,0.0,1.0
0,2060,0.65,0.0,0.0,0.0,0.0,0.0,1.0
0,2060,0.66,0.0,0.0,0.0,0.0,0.0,1.0
0,2060,0.67,0.0,0.0,0.0,0.0,0.0,1.0
0,2060,0.68,0.0,0.0,0.0,0.0,0.0,1.0
0,2060,0.6900000000000001,0.0,0.0,0.0,0.0,0.0,1.0
0,2060,0.7000000000000001,0.0,0.0,0.0,0.0,0.0,1.0
0,2060,0.71,0.0,0.0,0.0,0.0,0.0,1.0
0,2060,0.72,0.0,0.0,0.0,0.0,0.0,1.0
0,2060,0.73,0.0,0.0,0.0,0.0,0.0,1.0
0,2060,0.74,0.0,0.0,0.0,0.0,0.0,1.0
0,2060,0.75,0.0,0.0,0.0,0.0,0.0,1.0
0,2060,0.76,0.0,0.0,0.0,0.0,0.0,1.0
0,2060,0.77,0.0,0.0,0.0,0.0,0.0,1.0
0,2060,0.78,0.0,0.0,0.0,0.0,0.0,1.0
0,2060,0.79,0.0,0.0,0.0,0.0,0.0,1.0
0,2060,0.8,0.0,0.0,0.0,0.0,0.0,1.0
0,2060,0.81,0.0,0.0,0.0,0.0,0.0,1.0
0,2060,0.8200000000000001,0.0,0.0,0.0,0.0,0.0,1.0
0,2060,0.8300000000000001,0.0,0.0,0.0,0.0,0.0,1.0
0,2060,0.84,0.0,0.0,0.0,0.0,0.0,1.0
0,2060,0.85,0.0,0.0,0.0,0.0,0.0,1.0
0,2060,0.86,0.0,0.0,0.0,0.0,0.0,1.0
0,2060,0.87,0.0,0.0,0.0,0.0,0.0,1.0
0,2060,0.88,0.0,0.0,0.0,0.0,0.0,1.0
0,2060,0.89,0.0,0.0,0.0,0.0,0.0,1.0
0,2060,0.9,0.0,0.0,0.0,0.0,0.0,1.0
0,2060,0.91,0.0,0.0,0.0,0.0,0.0,1.0
0,2060,0.92,0.0,0.0,0.0,0.0,0.0,1.0
0,2060,0.93,0.0,0.0,0.0,0.0,0.0,1.0
0,2060,0.9400000000000001,0.0,0.0,0.0,0.0,0.0,1.0
0,2060,0.9500000000000001,0.0,0.0,0.0,0.0,0.0,1.0
0,2060,0.96,0.0,0.0,0.0,0.0,0.0,1.0
0,2060,0.97,0.0,0.0,0.0,0.0,0.0,1.0
0,2060,0.98,0.0,0.0,0.0,0.0,0.0,1.0
0,2060,0.99,0.0,0.0,0.0,0.0,0.0,1.0
0,2060,1.0,0.0,0.0,0.0,0.0,0.0,1.0
0,2061,0.01,0.22186673766280265,0.25951788100741996,0.23827974203701513,0.25495902446597896,0.024623732124202286,0.0007528827025810765
0,2061,0.02,0.22186673766280265,0.25951788100741996,0.23827974203701513,0.25495902446597896,0.024623732124202286,0.0007528827025810765
0,2061,0.03,0.22186673766280265,0.25951788100741996,0.23827974203701513,0.25495902446597896,0.024623732124202286,0.0007528827025810765
0,2061,0.04,0.22186673766280265,0.25951788100741996,0.23827974203701513,0.25495902446597896,0.024623732124202286,0.0007528827025810765
0,2061,0.05,0.0,0.0,0.0,0.0,0.0,1.0
0,2061,0.06,0.0,0.0,0.0,0.0,0.0,1.0
0,2061,0.07,0.0,0.0,0.0,0.0,0.0,1.0
0,2061,0.08,0.0,0.0,0.0,0.0,0.0,1.0
0,2061,0.09,0.0,0.0,0.0,0.0,0.0,1.0
0,2061,0.1,0.0,0.0,0.0,0.0,0.0,1.0
0,2061,0.11,0.0,0.0,0.0,0.0,0.0,1.0
0,2061,0.12,0.0,0.0,0.0,0.0,0.0,1.0
0,2061,0.13,0.0,0.0,0.0,0.0,0.0,1.0
0,2061,0.14,0.0,0.0,0.0,0.0,0.0,1.0
0,2061,0.15,0.0,0.0,0.0,0.0,0.0,1.0
0,2061,0.16,0.0,0.0,0.0,0.0,0.0,1.0
0,2061,0.17,0.0,0.0,0.0,0.0,0.0,1.0
0,2061,0.18,0.0,0.0,0.0,0.0,0.0,1.0
0,2061,0.19,0.0,0.0,0.0,0.0,0.0,1.0
0,2061,0.2,0.0,0.0,0.0,0.0,0.0,1.0
0,2061,0.21,0.0,0.0,0.0,0.0,0.0,1.0
0,2061,0.22,0.0,0.0,0.0,0.0,0.0,1.0
0,2061,0.23,0.0,0.0,0.0,0.0,0.0,1.0
0,2061,0.24,0.0,0.0,0.0,0.0,0.0,1.0
0,2061,0.25,0.0,0.0,0.0,0.0,0.0,1.0
0,2061,0.26,0.0,0.0,0.0,0.0,0.0,1.0
0,2061,0.27,0.0,0.0,0.0,0.0,0.0,1.0
0,2061,0.28,0.0,0.0,0.0,0.0,0.0,1.0
0,2061,0.29,0.0,0.0,0.0,0.0,0.0,1.0
0,2061,0.3,0.0,0.0,0.0,0.0,0.0,1.0
0,2061,0.31,0.0,0.0,0.0,0.0,0.0,1.0
0,2061,0.32,0.0,0.0,0.0,0.0,0.0,1.0
0,2061,0.33,0.0,0.0,0.0,0.0,0.0,1.0
0,2061,0.34,0.0,0.0,0.0,0.0,0.0,1.0
0,2061,0.35000000000000003,0.0,0.0,0.0,0.0,0.0,1.0
0,2061,0.36,0.0,0.0,0.0,0.0,0.0,1.0
0,2061,0.37,0.0,0.0,0.0,0.0,0.0,1.0
0,2061,0.38,0.0,0.0,0.0,0.0,0.0,1.0
0,2061,0.39,0.0,0.0,0.0,0.0,0.0,1.0
0,2061,0.4,0.0,0.0,0.0,0.0,0.0,1.0
0,2061,0.41000000000000003,0.0,0.0,0.0,0.0,0.0,1.0
0,2061,0.42,0.0,0.0,0.0,0.0,0.0,1.0
0,2061,0.43,0.0,0.0,0.0,0.0,0.0,1.0
0,2061,0.44,0.0,0.0,0.0,0.0,0.0,1.0
0,2061,0.45,0.0,0.0,0.0,0.0,0.0,1.0
0,2061,0.46,0.0,0.0,0.0,0.0,0.0,1.0
0,2061,0.47000000000000003,0.0,0.0,0.0,0.0,0.0,1.0
0,2061,0.48,0.0,0.0,0.0,0.0,0.0,1.0
0,2061,0.49,0.0,0.0,0.0,0.0,0.0,1.0
0,2061,0.5,0.0,0.0,0.0,0.0,0.0,1.0
0,2061,0.51,0.0,0.0,0.0,0.0,0.0,1.0
0,2061,0.52,0.0,0.0,0.0,0.0,0.0,1.0
0,2061,0.53,0.0,0.0,0.0,0.0,0.0,1.0
0,2061,0.54,0.0,0.0,0.0,0.0,0.0,1.0
0,2061,0.55,0.0,0.0,0.0,0.0,0.0,1.0
0,2061,0.56,0.0,0.0,0.0,0.0,0.0,1.0
0,2061,0.5700000000000001,0.0,0.0,0.0,0.0,0.0,1.0
0,2061,0.58,0.0,0.0,0.0,0.0,0.0,1.0
0,2061,0.59,0.0,0.0,0.0,0.0,0.0,1.0
0,2061,0.6,0.0,0.0,0.0,0.0,0.0,1.0
0,2061,0.61,0.0,0.0,0.0,0.0,0.0,1.0
0,2061,0.62,0.0,0.0,0.0,0.0,0.0,1.0
0,2061,0.63,0.0,0.0,0.0,0.0,0.0,1.0
0,2061,0.64,0.0,0.0,0.0,0.0,0.0,1.0
0,2061,0.65,0.0,0.0,0.0,0.0,0.0,1.0
0,2061,0.66,0.0,0.0,0.0,0.0,0.0,1.0
0,2061,0.67,0.0,0.0,0.0,0.0,0.0,1.0
0,2061,0.68,0.0,0.0,0.0,0.0,0.0,1.0
0,2061,0.6900000000000001,0.0,0.0,0.0,0.0,0.0,1.0
0,2061,0.7000000000000001,0.0,0.0,0.0,0.0,0.0,1.0
0,2061,0.71,0.0,0.0,0.0,0.0,0.0,1.0
0,2061,0.72,0.0,0.0,0.0,0.0,0.0,1.0
0,2061,0.73,0.0,0.0,0.0,0.0,0.0,1.0
0,2061,0.74,0.0,0.0,0.0,0.0,0.0,1.0
0,2061,0.75,0.0,0.0,0.0,0.0,0.0,1.0
0,2061,0.76,0.0,0.0,0.0,0.0,0.0,1.0
0,2061,0.77,0.0,0.0,0.0,0.0,0.0,1.0
0,2061,0.78,0.0,0.0,0.0,0.0,0.0,1.0
0,2061,0.79,0.0,0.0,0.0,0.0,0.0,1.0
0,2061,0.8,0.0,0.0,0.0,0.0,0.0,1.0
0,2061,0.81,0.0,0.0,0.0,0.0,0.0,1.0
0,2061,0.8200000000000001,0.0,0.0,0.0,0.0,0.0,1.0
0,2061,0.8300000000000001,0.0,0.0,0.0,0.0,0.0,1.0
0,2061,0.84,0.0,0.0,0.0,0.0,0.0,1.0
0,2061,0.85,0.0,0.0,0.0,0.0,0.0,1.0
0,2061,0.86,0.0,0.0,0.0,0.0,0.0,1.0
0,2061,0.87,0.0,0.0,0.0,0.0,0.0,1.0
0,2061,0.88,0.0,0.0,0.0,0.0,0.0,1.0
0,2061,0.89,0.0,0.0,0.0,0.0,0.0,1.0
0,2061,0.9,0.0,0.0,0.0,0.0,0.0,1.0
0,2061,0.91,0.0,0.0,0.0,0.0,0.0,1.0
0,2061,0.92,0.0,0.0,0.0,0.0,0.0,1.0
0,2061,0.93,0.0,0.0,0.0,0.0,0.0,1.0
0,2061,0.9400000000000001,0.0,0.0,0.0,0.0,0.0,1.0
0,2061,0.9500000000000001,0.0,0.0,0.0,0.0,0.0,1.0
0,2061,0.96,0.0,0.0,0.0,0.0,0.0,1.0
0,2061,0.97,0.0,0.0,0.0,0.0,0.0,1.0
0,2061,0.98,0.0,0.0,0.0,0.0,0.0,1.0
0,2061,0.99,0.0,0.0,0.0,0.0,0.0,1.0
0,2061,1.0,0.0,0.0,0.0,0.0,0.0,1.0
0,2062,0.01,0.08056384868479823,0.15784680239795884,0.28041723211051844,0.224620290421925,0.21368411663789735,0.04286770974690213
0,2062,0.02,0.08056384868479823,0.15784680239795884,0.28041723211051844,0.224620290421925,0.21368411663789735,0.04286770974690213
0,2062,0.03,0.08056384868479823,0.15784680239795884,0.28041723211051844,0.224620290421925,0.21368411663789735,0.04286770974690213
0,2062,0.04,0.08056384868479823,0.15784680239795884,0.28041723211051844,0.224620290421925,0.21368411663789735,0.04286770974690213
0,2062,0.05,0.08056384868479823,0.15784680239795884,0.28041723211051844,0.224620290421925,0.21368411663789735,0.04286770974690213
0,2062,0.06,0.0,0.0,0.0,0.0,0.0,1.0
0,2062,0.07,0.0,0.0,0.0,0.0,0.0,1.0
0,2062,0.08,0.0,0.0,0.0,0.0,0.0,1.0
0,2062,0.09,0.0,0.0,0.0,0.0,0.0,1.0
0,2062,0.1,0.0,0.0,0.0,0.0,0.0,1.0
0,2062,0.11,0.0,0.0,0.0,0.0,0.0,1.0
0,2062,0.12,0.0,0.0,0.0,0.0,0.0,1.0
0,2062,0.13,0.0,0.0,0.0,0.0,0.0,1.0
0,2062,0.14,0.0,0.0,0.0,0.0,0.0,1.0
0,2062,0.15,0.0,0.0,0.0,0.0,0.0,1.0
0,2062,0.16,0.0,0.0,0.0,0.0,0.0,1.0
0,2062,0.17,0.0,0.0,0.0,0.0,0.0,1.0
0,2062,0.18,0.0,0.0,0.0,0.0,0.0,1.0
0,2062,0.19,0.0,0.0,0.0,0.0,0.0,1.0
0,2062,0.2,0.0,0.0,0.0,0.0,0.0,1.0
0,2062,0.21,0.0,0.0,0.0,0.0,0.0,1.0
0,2062,0.22,0.0,0.0,0.0,0.0,0.0,1.0
0,2062,0.23,0.0,0.0,0.0,0.0,0.0,1.0
0,2062,0.24,0.0,0.0,0.0,0.0,0.0,1.0
0,2062,0.25,0.0,0.0,0.0,0.0,0.0,1.0
0,2062,0.26,0.0,0.0,0.0,0.0,0.0,1.0
0,2062,0.27,0.0,0.0,0.0,0.0,0.0,1.0
0,2062,0.28,0.0,0.0,0.0,0.0,0.0,1.0
0,2062,0.29,0.0,0.0,0.0,0.0,0.0,1.0
0,2062,0.3,0.0,0.0,0.0,0.0,0.0,1.0
0,2062,0.31,0.0,0.0,0.0,0.0,0.0,1.0
0,2062,0.32,0.0,0.0,0.0,0.0,0.0,1.0
0,2062,0.33,0.0,0.0,0.0,0.0,0.0,1.0
0,2062,0.34,0.0,0.0,0.0,0.0,0.0,1.0
0,2062,0.35000000000000003,0.0,0.0,0.0,0.0,0.0,1.0
0,2062,0.36,0.0,0.0,0.0,0.0,0.0,1.0
0,2062,0.37,0.0,0.0,0.0,0.0,0.0,1.0
0,2062,0.38,0.0,0.0,0.0,0.0,0.0,1.0
0,2062,0.39,0.0,0.0,0.0,0.0,0.0,1.0
0,2062,0.4,0.0,0.0,0.0,0.0,0.0,1.0
0,2062,0.41000000000000003,0.0,0.0,0.0,0.0,0.0,1.0
0,2062,0.42,0.0,0.0,0.0,0.0,0.0,1.0
0,2062,0.43,0.0,0.0,0.0,0.0,0.0,1.0
0,2062,0.44,0.0,0.0,0.0,0.0,0.0,1.0
0,2062,0.45,0.0,0.0,0.0,0.0,0.0,1.0
0,2062,0.46,0.0,0.0,0.0,0.0,0.0,1.0
0,2062,0.47000000000000003,0.0,0.0,0.0,0.0,0.0,1.0
0,2062,0.48,0.0,0.0,0.0,0.0,0.0,1.0
0,2062,0.49,0.0,0.0,0.0,0.0,0.0,1.0
0,2062,0.5,0.0,0.0,0.0,0.0,0.0,1.0
0,2062,0.51,0.0,0.0,0.0,0.0,0.0,1.0
0,2062,0.52,0.0,0.0,0.0,0.0,0.0,1.0
0,2062,0.53,0.0,0.0,0.0,0.0,0.0,1.0
0,2062,0.54,0.0,0.0,0.0,0.0,0.0,1.0
0,2062,0.55,0.0,0.0,0.0,0.0,0.0,1.0
0,2062,0.56,0.0,0.0,0.0,0.0,0.0,1.0
0,2062,0.5700000000000001,0.0,0.0,0.0,0.0,0.0,1.0
0,2062,0.58,0.0,0.0,0.0,0.0,0.0,1.0
0,2062,0.59,0.0,0.0,0.0,0.0,0.0,1.0
0,2062,0.6,0.0,0.0,0.0,0.0,0.0,1.0
0,2062,0.61,0.0,0.0,0.0,0.0,0.0,1.0
0,2062,0.62,0.0,0.0,0.0,0.0,0.0,1.0
0,2062,0.63,0.0,0.0,0.0,0.0,0.0,1.0
0,2062,0.64,0.0,0.0,0.0,0.0,0.0,1.0
0,2062,0.65,0.0,0.0,0.0,0.0,0.0,1.0
0,2062,0.66,0.0,0.0,0.0,0.0,0.0,1.0
0,2062,0.67,0.0,0.0,0.0,0.0,0.0,1.0
0,2062,0.68,0.0,0.0,0.0,0.0,0.0,1.0
0,2062,0.6900000000000001,0.0,0.0,0.0,0.0,0.0,1.0
0,2062,0.7000000000000001,0.0,0.0,0.0,0.0,0.0,1.0
0,2062,0.71,0.0,0.0,0.0,0.0,0.0,1.0
0,2062,0.72,0.0,0.0,0.0,0.0,0.0,1.0
0,2062,0.73,0.0,0.0,0.0,0.0,0.0,1.0
0,2062,0.74,0.0,0.0,0.0,0.0,0.0,1.0
0,2062,0.75,0.0,0.0,0.0,0.0,0.0,1.0
0,2062,0.76,0.0,0.0,0.0,0.0,0.0,1.0
0,2062,0.77,0.0,0.0,0.0,0.0,0.0,1.0
0,2062,0.78,0.0,0.0,0.0,0.0,0.0,1.0
0,2062,0.79,0.0,0.0,0.0,0.0,0.0,1.0
0,2062,0.8,0.0,0.0,0.0,0.0,0.0,1.0
0,2062,0.81,0.0,0.0,0.0,0.0,0.0,1.0
0,2062,0.8200000000000001,0.0,0.0,0.0,0.0,0.0,1.0
0,2062,0.8300000000000001,0.0,0.0,0.0,0.0,0.0,1.0
0,2062,0.84,0.0,0.0,0.0,0.0,0.0,1.0
0,2062,0.85,0.0,0.0,0.0,0.0,0.0,1.0
0,2062,0.86,0.0,0.0,0.0,0.0,0.0,1.0
0,2062,0.87,0.0,0.0,0.0,0.0,0.0,1.0
0,2062,0.88,0.0,0.0,0.0,0.0,0.0,1.0
0,2062,0.89,0.0,0.0,0.0,0.0,0.0,1.0
0,2062,0.9,0.0,0.0,0.0,0.0,0.0,1.0
0,2062,0.91,0.0,0.0,0.0,0.0,0.0,1.0
0,2062,0.92,0.0,0.0,0.0,0.0,0.0,1.0
0,2062,0.93,0.0,0.0,0.0,0.0,0.0,1.0
0,2062,0.9400000000000001,0.0,0.0,0.0,0.0,0.0,1.0
0,2062,0.9500000000000001,0.0,0.0,0.0,0.0,0.0,1.0
0,2062,0.96,0.0,0.0,0.0,0.0,0.0,1.0
0,2062,0.97,0.0,0.0,0.0,0.0,0.0,1.0
0,2062,0.98,0.0,0.0,0.0,0.0,0.0,1.0
0,2062,0.99,0.0,0.0,0.0,0.0,0.0,1.0
0,2062,1.0,0.0,0.0,0.0,0.0,0.0,1.0
0,2063,0.01,0.21586094605891767,0.19974021488368426,0.1622641499784601,0.08427458189565885,0.18950361615327427,0.1483564910300048
0,2063,0.02,0.21586094605891767,0.19974021488368426,0.1622641499784601,0.08427458189565885,0.18950361615327427,0.1483564910300048
0,2063,0.03,0.21586094605891767,0.19974021488368426,0.1622641499784601,0.08427458189565885,0.18950361615327427,0.1483564910300048
0,2063,0.04,0.21586094605891767,0.19974021488368426,0.1622641499784601,0.08427458189565885,0.18950361615327427,0.1483564910300048
0,2063,0.05,0.0,0.0,0.0,0.0,0.0,1.0
0,2063,0.06,0.0,0.0,0.0,0.0,0.0,1.0
0,2063,0.07,0.0,0.0,0.0,0.0,0.0,1.0
0,2063,0.08,0.0,0.0,0.0,0.0,0.0,1.0
0,2063,0.09,0.0,0.0,0.0,0.0,0.0,1.0
0,2063,0.1,0.0,0.0,0.0,0.0,0.0,1.0
0,2063,0.11,0.0,0.0,0.0,0.0,0.0,1.0
0,2063,0.12,0.0,0.0,0.0,0.0,0.0,1.0
0,2063,0.13,0.0,0.0,0.0,0.0,0.0,1.0
0,2063,0.14,0.0,0.0,0.0,0.0,0.0,1.0
0,2063,0.15,0.0,0.0,0.0,0.0,0.0,1.0
0,2063,0.16,0.0,0.0,0.0,0.0,0.0,1.0
0,2063,0.17,0.0,0.0,0.0,0.0,0.0,1.0
0,2063,0.18,0.0,0.0,0.0,0.0,0.0,1.0
0,2063,0.19,0.0,0.0,0.0,0.0,0.0,1.0
0,2063,0.2,0.0,0.0,0.0,0.0,0.0,1.0
0,2063,0.21,0.0,0.0,0.0,0.0,0.0,1.0
0,2063,0.22,0.0,0.0,0.0,0.0,0.0,1.0
0,2063,0.23,0.0,0.0,0.0,0.0,0.0,1.0
0,2063,0.24,0.0,0.0,0.0,0.0,0.0,1.0
0,2063,0.25,0.0,0.0,0.0,0.0,0.0,1.0
0,2063,0.26,0.0,0.0,0.0,0.0,0.0,1.0
0,2063,0.27,0.0,0.0,0.0,0.0,0.0,1.0
0,2063,0.28,0.0,0.0,0.0,0.0,0.0,1.0
0,2063,0.29,0.0,0.0,0.0,0.0,0.0,1.0
0,2063,0.3,0.0,0.0,0.0,0.0,0.0,1.0
0,2063,0.31,0.0,0.0,0.0,0.0,0.0,1.0
0,2063,0.32,0.0,0.0,0.0,0.0,0.0,1.0
0,2063,0.33,0.0,0.0,0.0,0.0,0.0,1.0
0,2063,0.34,0.0,0.0,0.0,0.0,0.0,1.0
0,2063,0.35000000000000003,0.0,0.0,0.0,0.0,0.0,1.0
0,2063,0.36,0.0,0.0,0.0,0.0,0.0,1.0
0,2063,0.37,0.0,0.0,0.0,0.0,0.0,1.0
0,2063,0.38,0.0,0.0,0.0,0.0,0.0,1.0
0,2063,0.39,0.0,0.0,0.0,0.0,0.0,1.0
0,2063,0.4,0.0,0.0,0.0,0.0,0.0,1.0
0,2063,0.41000000000000003,0.0,0.0,0.0,0.0,0.0,1.0
0,2063,0.42,0.0,0.0,0.0,0.0,0.0,1.0
0,2063,0.43,0.0,0.0,0.0,0.0,0.0,1.0
0,2063,0.44,0.0,0.0,0.0,0.0,0.0,1.0
0,2063,0.45,0.0,0.0,0.0,0.0,0.0,1.0
0,2063,0.46,0.0,0.0,0.0,0.0,0.0,1.0
0,2063,0.47000000000000003,0.0,0.0,0.0,0.0,0.0,1.0
0,2063,0.48,0.0,0.0,0.0,0.0,0.0,1.0
0,2063,0.49,0.0,0.0,0.0,0.0,0.0,1.0
0,2063,0.5,0.0,0.0,0.0,0.0,0.0,1.0
0,2063,0.51,0.0,0.0,0.0,0.0,0.0,1.0
0,2063,0.52,0.0,0.0,0.0,0.0,0.0,1.0
0,2063,0.53,0.0,0.0,0.0,0.0,0.0,1.0
0,2063,0.54,0.0,0.0,0.0,0.0,0.0,1.0
0,2063,0.55,0.0,0.0,0.0,0.0,0.0,1.0
0,2063,0.56,0.0,0.0,0.0,0.0,0.0,1.0
0,2063,0.5700000000000001,0.0,0.0,0.0,0.0,0.0,1.0
0,2063,0.58,0.0,0.0,0.0,0.0,0.0,1.0
0,2063,0.59,0.0,0.0,0.0,0.0,0.0,1.0
0,2063,0.6,0.0,0.0,0.0,0.0,0.0,1.0
0,2063,0.61,0.0,0.0,0.0,0.0,0.0,1.0
0,2063,0.62,0.0,0.0,0.0,0.0,0.0,1.0
0,2063,0.63,0.0,0.0,0.0,0.0,0.0,1.0
0,2063,0.64,0.0,0.0,0.0,0.0,0.0,1.0
0,2063,0.65,0.0,0.0,0.0,0.0,0.0,1.0
0,2063,0.66,0.0,0.0,0.0,0.0,0.0,1.0
0,2063,0.67,0.0,0.0,0.0,0.0,0.0,1.0
0,2063,0.68,0.0,0.0,0.0,0.0,0.0,1.0
0,2063,0.6900000000000001,0.0,0.0,0.0,0.0,0.0,1.0
0,2063,0.7000000000000001,0.0,0.0,0.0,0.0,0.0,1.0
0,2063,0.71,0.0,0.0,0.0,0.0,0.0,1.0
0,2063,0.72,0.0,0.0,0.0,0.0,0.0,1.0
0,2063,0.73,0.0,0.0,0.0,0.0,0.0,1.0
0,2063,0.74,0.0,0.0,0.0,0.0,0.0,1.0
0,2063,0.75,0.0,0.0,0.0,0.0,0.0,1.0
0,2063,0.76,0.0,0.0,0.0,0.0,0.0,1.0
0,2063,0.77,0.0,0.0,0.0,0.0,0.0,1.0
0,2063,0.78,0.0,0.0,0.0,0.0,0.0,1.0
0,2063,0.79,0.0,0.0,0.0,0.0,0.0,1.0
0,2063,0.8,0.0,0.0,0.0,0.0,0.0,1.0
0,2063,0.81,0.0,0.0,0.0,0.0,0.0,1.0
0,2063,0.8200000000000001,0.0,0.0,0.0,0.0,0.0,1.0
0,2063,0.8300000000000001,0.0,0.0,0.0,0.0,0.0,1.0
0,2063,0.84,0.0,0.0,0.0,0.0,0.0,1.0
0,2063,0.85,0.0,0.0,0.0,0.0,0.0,1.0
0,2063,0.86,0.0,0.0,0.0,0.0,0.0,1.0
0,2063,0.87,0.0,0.0,0.0,0.0,0.0,1.0
0,2063,0.88,0.0,0.0,0.0,0.0,0.0,1.0
0,2063,0.89,0.0,0.0,0.0,0.0,0.0,1.0
0,2063,0.9,0.0,0.0,0.0,0.0,0.0,1.0
0,2063,0.91,0.0,0.0,0.0,0.0,0.0,1.0
0,2063,0.92,0.0,0.0,0.0,0.0,0.0,1.0
0,2063,0.93,0.0,0.0,0.0,0.0,0.0,1.0
0,2063,0.9400000000000001,0.0,0.0,0.0,0.0,0.0,1.0
0,2063,0.9500000000000001,0.0,0.0,0.0,0.0,0.0,1.0
0,2063,0.96,0.0,0.0,0.0,0.0,0.0,1.0
0,2063,0.97,0.0,0.0,0.0,0.0,0.0,1.0
0,2063,0.98,0.0,0.0,0.0,0.0,0.0,1.0
0,2063,0.99,0.0,0.0,0.0,0.0,0.0,1.0
0,2063,1.0,0.0,0.0,0.0,0.0,0.0,1.0
0,2064,0.01,0.31819557915513436,0.11684678022567194,0.0653419557024084,0.23909821058920477,0.2382996657139511,0.02221780861362953
0,2064,0.02,0.31819557915513436,0.11684678022567194,0.0653419557024084,0.23909821058920477,0.2382996657139511,0.02221780861362953
0,2064,0.03,0.31819557915513436,0.11684678022567194,0.0653419557024084,0.23909821058920477,0.2382996657139511,0.02221780861362953
0,2064,0.04,0.0,0.0,0.0,0.0,0.0,1.0
0,2064,0.05,0.0,0.0,0.0,0.0,0.0,1.0
0,2064,0.06,0.0,0.0,0.0,0.0,0.0,1.0
0,2064,0.07,0.0,0.0,0.0,0.0,0.0,1.0
0,2064,0.08,0.0,0.0,0.0,0.0,0.0,1.0
0,2064,0.09,0.0,0.0,0.0,0.0,0.0,1.0
0,2064,0.1,0.0,0.0,0.0,0.0,0.0,1.0
0,2064,0.11,0.0,0.0,0.0,0.0,0.0,1.0
0,2064,0.12,0.0,0.0,0.0,0.0,0.0,1.0
0,2064,0.13,0.0,0.0,0.0,0.0,0.0,1.0
0,2064,0.14,0.0,0.0,0.0,0.0,0.0,1.0
0,2064,0.15,0.0,0.0,0.0,0.0,0.0,1.0
0,2064,0.16,0.0,0.0,0.0,0.0,0.0,1.0
0,2064,0.17,0.0,0.0,0.0,0.0,0.0,1.0
0,2064,0.18,0.0,0.0,0.0,0.0,0.0,1.0
0,2064,0.19,0.0,0.0,0.0,0.0,0.0,1.0
0,2064,0.2,0.0,0.0,0.0,0.0,0.0,1.0
0,2064,0.21,0.0,0.0,0.0,0.0,0.0,1.0
0,2064,0.22,0.0,0.0,0.0,0.0,0.0,1.0
0,2064,0.23,0.0,0.0,0.0,0.0,0.0,1.0
0,2064,0.24,0.0,0.0,0.0,0.0,0.0,1.0
0,2064,0.25,0.0,0.0,0.0,0.0,0.0,1.0
0,2064,0.26,0.0,0.0,0.0,0.0,0.0,1.0
0,2064,0.27,0.0,0.0,0.0,0.0,0.0,1.0
0,2064,0.28,0.0,0.0,0.0,0.0,0.0,1.0
0,2064,0.29,0.0,0.0,0.0,0.0,0.0,1.0
0,2064,0.3,0.0,0.0,0.0,0.0,0.0,1.0
0,2064,0.31,0.0,0.0,0.0,0.0,0.0,1.0
0,2064,0.32,0.0,0.0,0.0,0.0,0.0,1.0
0,2064,0.33,0.0,0.0,0.0,0.0,0.0,1.0
0,2064,0.34,0.0,0.0,0.0,0.0,0.0,1.0
0,2064,0.35000000000000003,0.0,0.0,0.0,0.0,0.0,1.0
0,2064,0.36,0.0,0.0,0.0,0.0,0.0,1.0
0,2064,0.37,0.0,0.0,0.0,0.0,0.0,1.0
0,2064,0.38,0.0,0.0,0.0,0.0,0.0,1.0
0,2064,0.39,0.0,0.0,0.0,0.0,0.0,1.0
0,2064,0.4,0.0,0.0,0.0,0.0,0.0,1.0
0,2064,0.41000000000000003,0.0,0.0,0.0,0.0,0.0,1.0
0,2064,0.42,0.0,0.0,0.0,0.0,0.0,1.0
0,2064,0.43,0.0,0.0,0.0,0.0,0.0,1.0
0,2064,0.44,0.0,0.0,0.0,0.0,0.0,1.0
0,2064,0.45,0.0,0.0,0.0,0.0,0.0,1.0
0,2064,0.46,0.0,0.0,0.0,0.0,0.0,1.0
0,2064,0.47000000000000003,0.0,0.0,0.0,0.0,0.0,1.0
0,2064,0.48,0.0,0.0,0.0,0.0,0.0,1.0
0,2064,0.49,0.0,0.0,0.0,0.0,0.0,1.0
0,2064,0.5,0.0,0.0,0.0,0.0,0.0,1.0
0,2064,0.51,0.0,0.0,0.0,0.0,0.0,1.0
0,2064,0.52,0.0,0.0,0.0,0.0,0.0,1.0
0,2064,0.53,0.0,0.0,0.0,0.0,0.0,1.0
0,2064,0.54,0.0,0.0,0.0,0.0,0.0,1.0
0,2064,0.55,0.0,0.0,0.0,0.0,0.0,1.0
0,2064,0.56,0.0,0.0,0.0,0.0,0.0,1.0
0,2064,0.5700000000000001,0.0,0.0,0.0,0.0,0.0,1.0
0,2064,0.58,0.0,0.0,0.0,0.0,0.0,1.0
0,2064,0.59,0.0,0.0,0.0,0.0,0.0,1.0
0,2064,0.6,0.0,0.0,0.0,0.0,0.0,1.0
0,2064,0.61,0.0,0.0,0.0,0.0,0.0,1.0
0,2064,0.62,0.0,0.0,0.0,0.0,0.0,1.0
0,2064,0.63,0.0,0.0,0.0,0.0,0.0,1.0
0,2064,0.64,0.0,0.0,0.0,0.0,0.0,1.0
0,2064,0.65,0.0,0.0,0.0,0.0,0.0,1.0
0,2064,0.66,0.0,0.0,0.0,0.0,0.0,1.0
0,2064,0.67,0.0,0.0,0.0,0.0,0.0,1.0
0,2064,0.68,0.0,0.0,0.0,0.0,0.0,1.0
0,2064,0.6900000000000001,0.0,0.0,0.0,0.0,0.0,1.0
0,2064,0.7000000000000001,0.0,0.0,0.0,0.0,0.0,1.0
0,2064,0.71,0.0,0.0,0.0,0.0,0.0,1.0
0,2064,0.72,0.0,0.0,0.0,0.0,0.0,1.0
0,2064,0.73,0.0,0.0,0.0,0.0,0.0,1.0
0,2064,0.74,0.0,0.0,0.0,0.0,0.0,1.0
0,2064,0.75,0.0,0.0,0.0,0.0,0.0,1.0
0,2064,0.76,0.0,0.0,0.0,0.0,0.0,1.0
0,2064,0.77,0.0,0.0,0.0,0.0,0.0,1.0
0,2064,0.78,0.0,0.0,0.0,0.0,0.0,1.0
0,2064,0.79,0.0,0.0,0.0,0.0,0.0,1.0
0,2064,0.8,0.0,0.0,0.0,0.0,0.0,1.0
0,2064,0.81,0.0,0.0,0.0,0.0,0.0,1.0
0,2064,0.8200000000000001,0.0,0.0,0.0,0.0,0.0,1.0
0,2064,0.8300000000000001,0.0,0.0,0.0,0.0,0.0,1.0
0,2064,0.84,0.0,0.0,0.0,0.0,0.0,1.0
0,2064,0.85,0.0,0.0,0.0,0.0,0.0,1.0
0,2064,0.86,0.0,0.0,0.0,0.0,0.0,1.0
0,2064,0.87,0.0,0.0,0.0,0.0,0.0,1.0
0,2064,0.88,0.0,0.0,0.0,0.0,0.0,1.0
0,2064,0.89,0.0,0.0,0.0,0.0,0.0,1.0
0,2064,0.9,0.0,0.0,0.0,0.0,0.0,1.0
0,2064,0.91,0.0,0.0,0.0,0.0,0.0,1.0
0,2064,0.92,0.0,0.0,0.0,0.0,0.0,1.0
0,2064,0.93,0.0,0.0,0.0,0.0,0.0,1.0
0,2064,0.9400000000000001,0.0,0.0,0.0,0.0,0.0,1.0
0,2064,0.9500000000000001,0.0,0.0,0.0,0.0,0.0,1.0
0,2064,0.96,0.0,0.0,0.0,0.0,0.0,1.0
0,2064,0.97,0.0,0.0,0.0,0.0,0.0,1.0
0,2064,0.98,0.0,0.0,0.0,0.0,0.0,1.0
0,2064,0.99,0.0,0.0,0.0,0.0,0.0,1.0
0,2064,1.0,0.0,0.0,0.0,0.0,0.0,1.0
0,2065,0.01,0.047736072962225824,0.2811861197005474,0.17613574207289198,0.10207652774899963,0.16972369876444612,0.22314183875088914
0,2065,0.02,0.047736072962225824,0.2811861197005474,0.17613574207289198,0.10207652774899963,0.16972369876444612,0.22314183875088914
0,2065,0.03,0.0,0.0,0.0,0.0,0.0,1.0
0,2065,0.04,0.0,0.0,0.0,0.0,0.0,1.0
0,2065,0.05,0.0,0.0,0.0,0.0,0.0,1.0
0,2065,0.06,0.0,0.0,0.0,0.0,0.0,1.0
0,2065,0.07,0.0,0.0,0.0,0.0,0.0,1.0
0,2065,0.08,0.0,0.0,0.0,0.0,0.0,1.0
0,2065,0.09,0.0,0.0,0.0,0.0,0.0,1.0
0,2065,0.1,0.0,0.0,0.0,0.0,0.0,1.0
0,2065,0.11,0.0,0.0,0.0,0.0,0.0,1.0
0,2065,0.12,0.0,0.0,0.0,0.0,0.0,1.0
0,2065,0.13,0.0,0.0,0.0,0.0,0.0,1.0
0,2065,0.14,0.0,0.0,0.0,0.0,0.0,1.0
0,2065,0.15,0.0,0.0,0.0,0.0,0.0,1.0
0,2065,0.16,0.0,0.0,0.0,0.0,0.0,1.0
0,2065,0.17,0.0,0.0,0.0,0.0,0.0,1.0
0,2065,0.18,0.0,0.0,0.0,0.0,0.0,1.0
0,2065,0.19,0.0,0.0,0.0,0.0,0.0,1.0
0,2065,0.2,0.0,0.0,0.0,0.0,0.0,1.0
0,2065,0.21,0.0,0.0,0.0,0.0,0.0,1.0
0,2065,0.22,0.0,0.0,0.0,0.0,0.0,1.0
0,2065,0.23,0.0,0.0,0.0,0.0,0.0,1.0
0,2065,0.24,0.0,0.0,0.0,0.0,0.0,1.0
0,2065,0.25,0.0,0.0,0.0,0.0,0.0,1.0
0,2065,0.26,0.0,0.0,0.0,0.0,0.0,1.0
0,2065,0.27,0.0,0.0,0.0,0.0,0.0,1.0
0,2065,0.28,0.0,0.0,0.0,0.0,0.0,1.0
0,2065,0.29,0.0,0.0,0.0,0.0,0.0,1.0
0,2065,0.3,0.0,0.0,0.0,0.0,0.0,1.0
0,2065,0.31,0.0,0.0,0.0,0.0,0.0,1.0
0,2065,0.32,0.0,0.0,0.0,0.0,0.0,1.0
0,2065,0.33,0.0,0.0,0.0,0.0,0.0,1.0
0,2065,0.34,0.0,0.0,0.0,0.0,0.0,1.0
0,2065,0.35000000000000003,0.0,0.0,0.0,0.0,0.0,1.0
0,2065,0.36,0.0,0.0,0.0,0.0,0.0,1.0
0,2065,0.37,0.0,0.0,0.0,0.0,0.0,1.0
0,2065,0.38,0.0,0.0,0.0,0.0,0.0,1.0
0,2065,0.39,0.0,0.0,0.0,0.0,0.0,1.0
0,2065,0.4,0.0,0.0,0.0,0.0,0.0,1.0
0,2065,0.41000000000000003,0.0,0.0,0.0,0.0,0.0,1.0
0,2065,0.42,0.0,0.0,0.0,0.0,0.0,1.0
0,2065,0.43,0.0,0.0,0.0,0.0,0.0,1.0
0,2065,0.44,0.0,0.0,0.0,0.0,0.0,1.0
0,2065,0.45,0.0,0.0,0.0,0.0,0.0,1.0
0,2065,0.46,0.0,0.0,0.0,0.0,0.0,1.0
0,2065,0.47000000000000003,0.0,0.0,0.0,0.0,0.0,1.0
0,2065,0.48,0.0,0.0,0.0,0.0,0.0,1.0
0,2065,0.49,0.0,0.0,0.0,0.0,0.0,1.0
0,2065,0.5,0.0,0.0,0.0,0.0,0.0,1.0
0,2065,0.51,0.0,0.0,0.0,0.0,0.0,1.0
0,2065,0.52,0.0,0.0,0.0,0.0,0.0,1.0
0,2065,0.53,0.0,0.0,0.0,0.0,0.0,1.0
0,2065,0.54,0.0,0.0,0.0,0.0,0.0,1.0
0,2065,0.55,0.0,0.0,0.0,0.0,0.0,1.0
0,2065,0.56,0.0,0.0,0.0,0.0,0.0,1.0
0,2065,0.5700000000000001,0.0,0.0,0.0,0.0,0.0,1.0
0,2065,0.58,0.0,0.0,0.0,0.0,0.0,1.0
0,2065,0.59,0.0,0.0,0.0,0.0,0.0,1.0
0,2065,0.6,0.0,0.0,0.0,0.0,0.0,1.0
0,2065,0.61,0.0,0.0,0.0,0.0,0.0,1.0
0,2065,0.62,0.0,0.0,0.0,0.0,0.0,1.0
0,2065,0.63,0.0,0.0,0.0,0.0,0.0,1.0
0,2065,0.64,0.0,0.0,0.0,0.0,0.0,1.0
0,2065,0.65,0.0,0.0,0.0,0.0,0.0,1.0
0,2065,0.66,0.0,0.0,0.0,0.0,0.0,1.0
0,2065,0.67,0.0,0.0,0.0,0.0,0.0,1.0
0,2065,0.68,0.0,0.0,0.0,0.0,0.0,1.0
0,2065,0.6900000000000001,0.0,0.0,0.0,0.0,0.0,1.0
0,2065,0.7000000000000001,0.0,0.0,0.0,0.0,0.0,1.0
0,2065,0.71,0.0,0.0,0.0,0.0,0.0,1.0
0,2065,0.72,0.0,0.0,0.0,0.0,0.0,1.0
0,2065,0.73,0.0,0.0,0.0,0.0,0.0,1.0
0,2065,0.74,0.0,0.0,0.0,0.0,0.0,1.0
0,2065,0.75,0.0,0.0,0.0,0.0,0.0,1.0
0,2065,0.76,0.0,0.0,0.0,0.0,0.0,1.0
0,2065,0.77,0.0,0.0,0.0,0.0,0.0,1.0
0,2065,0.78,0.0,0.0,0.0,0.0,0.0,1.0
0,2065,0.79,0.0,0.0,0.0,0.0,0.0,1.0
0,2065,0.8,0.0,0.0,0.0,0.0,0.0,1.0
0,2065,0.81,0.0,0.0,0.0,0.0,0.0,1.0
0,2065,0.8200000000000001,0.0,0.0,0.0,0.0,0.0,1.0
0,2065,0.8300000000000001,0.0,0.0,0.0,0.0,0.0,1.0
0,2065,0.84,0.0,0.0,0.0,0.0,0.0,1.0
0,2065,0.85,0.0,0.0,0.0,0.0,0.0,1.0
0,2065,0.86,0.0,0.0,0.0,0.0,0.0,1.0
0,2065,0.87,0.0,0.0,0.0,0.0,0.0,1.0
0,2065,0.88,0.0,0.0,0.0,0.0,0.0,1.0
0,2065,0.89,0.0,0.0,0.0,0.0,0.0,1.0
0,2065,0.9,0.0,0.0,0.0,0.0,0.0,1.0
0,2065,0.91,0.0,0.0,0.0,0.0,0.0,1.0
0,2065,0.92,0.0,0.0,0.0,0.0,0.0,1.0
0,2065,0.93,0.0,0.0,0.0,0.0,0.0,1.0
0,2065,0.9400000000000001,0.0,0.0,0.0,0.0,0.0,1.0
0,2065,0.9500000000000001,0.0,0.0,0.0,0.0,0.0,1.0
0,2065,0.96,0.0,0.0,0.0,0.0,0.0,1.0
0,2065,0.97,0.0,0.0,0.0,0.0,0.0,1.0
0,2065,0.98,0.0,0.0,0.0,0.0,0.0,1.0
0,2065,0.99,0.0,0.0,0.0,0.0,0.0,1.0
0,2065,1.0,0.0,0.0,0.0,0.0,0.0,1.0
0,2066,0.01,0.10513140841699717,0.16318878849936974,0.19762406628560017,0.2186205844984263,0.22727874742984305,0.08815640486976355
0,2066,0.02,0.10513140841699717,0.16318878849936974,0.19762406628560017,0.2186205844984263,0.22727874742984305,0.08815640486976355
0,2066,0.03,0.0,0.0,0.0,0.0,0.0,1.0
0,2066,0.04,0.0,0.0,0.0,0.0,0.0,1.0
0,2066,0.05,0.0,0.0,0.0,0.0,0.0,1.0
0,2066,0.06,0.0,0.0,0.0,0.0,0.0,1.0
0,2066,0.07,0.0,0.0,0.0,0.0,0.0,1.0
0,2066,0.08,0.0,0.0,0.0,0.0,0.0,1.0
0,2066,0.09,0.0,0.0,0.0,0.0,0.0,1.0
0,2066,0.1,0.0,0.0,0.0,0.0,0.0,1.0
0,2066,0.11,0.0,0.0,0.0,0.0,0.0,1.0
0,2066,0.12,0.0,0.0,0.0,0.0,0.0,1.0
0,2066,0.13,0.0,0.0,0.0,0.0,0.0,1.0
0,2066,0.14,0.0,0.0,0.0,0.0,0.0,1.0
0,2066,0.15,0.0,0.0,0.0,0.0,0.0,1.0
0,2066,0.16,0.0,0.0,0.0,0.0,0.0,1.0
0,2066,0.17,0.0,0.0,0.0,0.0,0.0,1.0
0,2066,0.18,0.0,0.0,0.0,0.0,0.0,1.0
0,2066,0.19,0.0,0.0,0.0,0.0,0.0,1.0
0,2066,0.2,0.0,0.0,0.0,0.0,0.0,1.0
0,2066,0.21,0.0,0.0,0.0,0.0,0.0,1.0
0,2066,0.22,0.0,0.0,0.0,0.0,0.0,1.0
0,2066,0.23,0.0,0.0,0.0,0.0,0.0,1.0
0,2066,0.24,0.0,0.0,0.0,0.0,0.0,1.0
0,2066,0.25,0.0,0.0,0.0,0.0,0.0,1.0
0,2066,0.26,0.0,0.0,0.0,0.0,0.0,1.0
0,2066,0.27,0.0,0.0,0.0,0.0,0.0,1.0
0,2066,0.28,0.0,0.0,0.0,0.0,0.0,1.0
0,2066,0.29,0.0,0.0,0.0,0.0,0.0,1.0
0,2066,0.3,0.0,0.0,0.0,0.0,0.0,1.0
0,2066,0.31,0.0,0.0,0.0,0.0,0.0,1.0
0,2066,0.32,0.0,0.0,0.0,0.0,0.0,1.0
0,2066,0.33,0.0,0.0,0.0,0.0,0.0,1.0
0,2066,0.34,0.0,0.0,0.0,0.0,0.0,1.0
0,2066,0.35000000000000003,0.0,0.0,0.0,0.0,0.0,1.0
0,2066,0.36,0.0,0.0,0.0,0.0,0.0,1.0
0,2066,0.37,0.0,0.0,0.0,0.0,0.0,1.0
0,2066,0.38,0.0,0.0,0.0,0.0,0.0,1.0
0,2066,0.39,0.0,0.0,0.0,0.0,0.0,1.0
0,2066,0.4,0.0,0.0,0.0,0.0,0.0,1.0
0,2066,0.41000000000000003,0.0,0.0,0.0,0.0,0.0,1.0
0,2066,0.42,0.0,0.0,0.0,0.0,0.0,1.0
0,2066,0.43,0.0,0.0,0.0,0.0,0.0,1.0
0,2066,0.44,0.0,0.0,0.0,0.0,0.0,1.0
0,2066,0.45,0.0,0.0,0.0,0.0,0.0,1.0
0,2066,0.46,0.0,0.0,0.0,0.0,0.0,1.0
0,2066,0.47000000000000003,0.0,0.0,0.0,0.0,0.0,1.0
0,2066,0.48,0.0,0.0,0.0,0.0,0.0,1.0
0,2066,0.49,0.0,0.0,0.0,0.0,0.0,1.0
0,2066,0.5,0.0,0.0,0.0,0.0,0.0,1.0
0,2066,0.51,0.0,0.0,0.0,0.0,0.0,1.0
0,2066,0.52,0.0,0.0,0.0,0.0,0.0,1.0
0,2066,0.53,0.0,0.0,0.0,0.0,0.0,1.0
0,2066,0.54,0.0,0.0,0.0,0.0,0.0,1.0
0,2066,0.55,0.0,0.0,0.0,0.0,0.0,1.0
0,2066,0.56,0.0,0.0,0.0,0.0,0.0,1.0
0,2066,0.5700000000000001,0.0,0.0,0.0,0.0,0.0,1.0
0,2066,0.58,0.0,0.0,0.0,0.0,0.0,1.0
0,2066,0.59,0.0,0.0,0.0,0.0,0.0,1.0
0,2066,0.6,0.0,0.0,0.0,0.0,0.0,1.0
0,2066,0.61,0.0,0.0,0.0,0.0,0.0,1.0
0,2066,0.62,0.0,0.0,0.0,0.0,0.0,1.0
0,2066,0.63,0.0,0.0,0.0,0.0,0.0,1.0
0,2066,0.64,0.0,0.0,0.0,0.0,0.0,1.0
0,2066,0.65,0.0,0.0,0.0,0.0,0.0,1.0
0,2066,0.66,0.0,0.0,0.0,0.0,0.0,1.0
0,2066,0.67,0.0,0.0,0.0,0.0,0.0,1.0
0,2066,0.68,0.0,0.0,0.0,0.0,0.0,1.0
0,2066,0.6900000000000001,0.0,0.0,0.0,0.0,0.0,1.0
0,2066,0.7000000000000001,0.0,0.0,0.0,0.0,0.0,1.0
0,2066,0.71,0.0,0.0,0.0,0.0,0.0,1.0
0,2066,0.72,0.0,0.0,0.0,0.0,0.0,1.0
0,2066,0.73,0.0,0.0,0.0,0.0,0.0,1.0
0,2066,0.74,0.0,0.0,0.0,0.0,0.0,1.0
0,2066,0.75,0.0,0.0,0.0,0.0,0.0,1.0
0,2066,0.76,0.0,0.0,0.0,0.0,0.0,1.0
0,2066,0.77,0.0,0.0,0.0,0.0,0.0,1.0
0,2066,0.78,0.0,0.0,0.0,0.0,0.0,1.0
0,2066,0.79,0.0,0.0,0.0,0.0,0.0,1.0
0,2066,0.8,0.0,0.0,0.0,0.0,0.0,1.0
0,2066,0.81,0.0,0.0,0.0,0.0,0.0,1.0
0,2066,0.8200000000000001,0.0,0.0,0.0,0.0,0.0,1.0
0,2066,0.8300000000000001,0.0,0.0,0.0,0.0,0.0,1.0
0,2066,0.84,0.0,0.0,0.0,0.0,0.0,1.0
0,2066,0.85,0.0,0.0,0.0,0.0,0.0,1.0
0,2066,0.86,0.0,0.0,0.0,0.0,0.0,1.0
0,2066,0.87,0.0,0.0,0.0,0.0,0.0,1.0
0,2066,0.88,0.0,0.0,0.0,0.0,0.0,1.0
0,2066,0.89,0.0,0.0,0.0,0.0,0.0,1.0
0,2066,0.9,0.0,0.0,0.0,0.0,0.0,1.0
0,2066,0.91,0.0,0.0,0.0,0.0,0.0,1.0
0,2066,0.92,0.0,0.0,0.0,0.0,0.0,1.0
0,2066,0.93,0.0,0.0,0.0,0.0,0.0,1.0
0,2066,0.9400000000000001,0.0,0.0,0.0,0.0,0.0,1.0
0,2066,0.9500000000000001,0.0,0.0,0.0,0.0,0.0,1.0
0,2066,0.96,0.0,0.0,0.0,0.0,0.0,1.0
0,2066,0.97,0.0,0.0,0.0,0.0,0.0,1.0
0,2066,0.98,0.0,0.0,0.0,0.0,0.0,1.0
0,2066,0.99,0.0,0.0,0.0,0.0,0.0,1.0
0,2066,1.0,0.0,0.0,0.0,0.0,0.0,1.0
0,2067,0.01,0.23551098188925237,0.14970851251357126,0.10605157802876637,0.14949472364927696,0.19819457264584153,0.16103963127329154
0,2067,0.02,0.23551098188925237,0.14970851251357126,0.10605157802876637,0.14949472364927696,0.19819457264584153,0.16103963127329154
0,2067,0.03,0.0,0.0,0.0,0.0,0.0,1.0
0,2067,0.04,0.0,0.0,0.0,0.0,0.0,1.0
0,2067,0.05,0.0,0.0,0.0,0.0,0.0,1.0
0,2067,0.06,0.0,0.0,0.0,0.0,0.0,1.0
0,2067,0.07,0.0,0.0,0.0,0.0,0.0,1.0
0,2067,0.08,0.0,0.0,0.0,0.0,0.0,1.0
0,2067,0.09,0.0,0.0,0.0,0.0,0.0,1.0
0,2067,0.1,0.0,0.0,0.0,0.0,0.0,1.0
0,2067,0.11,0.0,0.0,0.0,0.0,0.0,1.0
0,2067,0.12,0.0,0.0,0.0,0.0,0.0,1.0
0,2067,0.13,0.0,0.0,0.0,0.0,0.0,1.0
0,2067,0.14,0.0,0.0,0.0,0.0,0.0,1.0
0,2067,0.15,0.0,0.0,0.0,0.0,0.0,1.0
0,2067,0.16,0.0,0.0,0.0,0.0,0.0,1.0
0,2067,0.17,0.0,0.0,0.0,0.0,0.0,1.0
0,2067,0.18,0.0,0.0,0.0,0.0,0.0,1.0
0,2067,0.19,0.0,0.0,0.0,0.0,0.0,1.0
0,2067,0.2,0.0,0.0,0.0,0.0,0.0,1.0
0,2067,0.21,0.0,0.0,0.0,0.0,0.0,1.0
0,2067,0.22,0.0,0.0,0.0,0.0,0.0,1.0
0,2067,0.23,0.0,0.0,0.0,0.0,0.0,1.0
0,2067,0.24,0.0,0.0,0.0,0.0,0.0,1.0
0,2067,0.25,0.0,0.0,0.0,0.0,0.0,1.0
0,2067,0.26,0.0,0.0,0.0,0.0,0.0,1.0
0,2067,0.27,0.0,0.0,0.0,0.0,0.0,1.0
0,2067,0.28,0.0,0.0,0.0,0.0,0.0,1.0
0,2067,0.29,0.0,0.0,0.0,0.0,0.0,1.0
0,2067,0.3,0.0,0.0,0.0,0.0,0.0,1.0
0,2067,0.31,0.0,0.0,0.0,0.0,0.0,1.0
0,2067,0.32,0.0,0.0,0.0,0.0,0.0,1.0
0,2067,0.33,0.0,0.0,0.0,0.0,0.0,1.0
0,2067,0.34,0.0,0.0,0.0,0.0,0.0,1.0
0,2067,0.35000000000000003,0.0,0.0,0.0,0.0,0.0,1.0
0,2067,0.36,0.0,0.0,0.0,0.0,0.0,1.0
0,2067,0.37,0.0,0.0,0.0,0.0,0.0,1.0
0,2067,0.38,0.0,0.0,0.0,0.0,0.0,1.0
0,2067,0.39,0.0,0.0,0.0,0.0,0.0,1.0
0,2067,0.4,0.0,0.0,0.0,0.0,0.0,1.0
0,2067,0.41000000000000003,0.0,0.0,0.0,0.0,0.0,1.0
0,2067,0.42,0.0,0.0,0.0,0.0,0.0,1.0
0,2067,0.43,0.0,0.0,0.0,0.0,0.0,1.0
0,2067,0.44,0.0,0.0,0.0,0.0,0.0,1.0
0,2067,0.45,0.0,0.0,0.0,0.0,0.0,1.0
0,2067,0.46,0.0,0.0,0.0,0.0,0.0,1.0
0,2067,0.47000000000000003,0.0,0.0,0.0,0.0,0.0,1.0
0,2067,0.48,0.0,0.0,0.0,0.0,0.0,1.0
0,2067,0.49,0.0,0.0,0.0,0.0,0.0,1.0
0,2067,0.5,0.0,0.0,0.0,0.0,0.0,1.0
0,2067,0.51,0.0,0.0,0.0,0.0,0.0,1.0
0,2067,0.52,0.0,0.0,0.0,0.0,0.0,1.0
0,2067,0.53,0.0,0.0,0.0,0.0,0.0,1.0
0,2067,0.54,0.0,0.0,0.0,0.0,0.0,1.0
0,2067,0.55,0.0,0.0,0.0,0.0,0.0,1.0
0,2067,0.56,0.0,0.0,0.0,0.0,0.0,1.0
0,2067,0.5700000000000001,0.0,0.0,0.0,0.0,0.0,1.0
0,2067,0.58,0.0,0.0,0.0,0.0,0.0,1.0
0,2067,0.59,0.0,0.0,0.0,0.0,0.0,1.0
0,2067,0.6,0.0,0.0,0.0,0.0,0.0,1.0
0,2067,0.61,0.0,0.0,0.0,0.0,0.0,1.0
0,2067,0.62,0.0,0.0,0.0,0.0,0.0,1.0
0,2067,0.63,0.0,0.0,0.0,0.0,0.0,1.0
0,2067,0.64,0.0,0.0,0.0,0.0,0.0,1.0
0,2067,0.65,0.0,0.0,0.0,0.0,0.0,1.0
0,2067,0.66,0.0,0.0,0.0,0.0,0.0,1.0
0,2067,0.67,0.0,0.0,0.0,0.0,0.0,1.0
0,2067,0.68,0.0,0.0,0.0,0.0,0.0,1.0
0,2067,0.6900000000000001,0.0,0.0,0.0,0.0,0.0,1.0
0,2067,0.7000000000000001,0.0,0.0,0.0,0.0,0.0,1.0
0,2067,0.71,0.0,0.0,0.0,0.0,0.0,1.0
0,2067,0.72,0.0,0.0,0.0,0.0,0.0,1.0
0,2067,0.73,0.0,0.0,0.0,0.0,0.0,1.0
0,2067,0.74,0.0,0.0,0.0,0.0,0.0,1.0
0,2067,0.75,0.0,0.0,0.0,0.0,0.0,1.0
0,2067,0.76,0.0,0.0,0.0,0.0,0.0,1.0
0,2067,0.77,0.0,0.0,0.0,0.0,0.0,1.0
0,2067,0.78,0.0,0.0,0.0,0.0,0.0,1.0
0,2067,0.79,0.0,0.0,0.0,0.0,0.0,1.0
0,2067,0.8,0.0,0.0,0.0,0.0,0.0,1.0
0,2067,0.81,0.0,0.0,0.0,0.0,0.0,1.0
0,2067,0.8200000000000001,0.0,0.0,0.0,0.0,0.0,1.0
0,2067,0.8300000000000001,0.0,0.0,0.0,0.0,0.0,1.0
0,2067,0.84,0.0,0.0,0.0,0.0,0.0,1.0
0,2067,0.85,0.0,0.0,0.0,0.0,0.0,1.0
0,2067,0.86,0.0,0.0,0.0,0.0,0.0,1.0
0,2067,0.87,0.0,0.0,0.0,0.0,0.0,1.0
0,2067,0.88,0.0,0.0,0.0,0.0,0.0,1.0
0,2067,0.89,0.0,0.0,0.0,0.0,0.0,1.0
0,2067,0.9,0.0,0.0,0.0,0.0,0.0,1.0
0,2067,0.91,0.0,0.0,0.0,0.0,0.0,1.0
0,2067,0.92,0.0,0.0,0.0,0.0,0.0,1.0
0,2067,0.93,0.0,0.0,0.0,0.0,0.0,1.0
0,2067,0.9400000000000001,0.0,0.0,0.0,0.0,0.0,1.0
0,2067,0.9500000000000001,0.0,0.0,0.0,0.0,0.0,1.0
0,2067,0.96,0.0,0.0,0.0,0.0,0.0,1.0
0,2067,0.97,0.0,0.0,0.0,0.0,0.0,1.0
0,2067,0.98,0.0,0.0,0.0,0.0,0.0,1.0
0,2067,0.99,0.0,0.0,0.0,0.0,0.0,1.0
0,2067,1.0,0.0,0.0,0.0,0.0,0.0,1.0
0,2068,0.01,0.07373608853735396,0.2854957596072216,0.2834759326430648,0.07917907448882334,0.12304887878290967,0.15506426594062656
0,2068,0.02,0.07373608853735396,0.2854957596072216,0.2834759326430648,0.07917907448882334,0.12304887878290967,0.15506426594062656
0,2068,0.03,0.0,0.0,0.0,0.0,0.0,1.0
0,2068,0.04,0.0,0.0,0.0,0.0,0.0,1.0
0,2068,0.05,0.0,0.0,0.0,0.0,0.0,1.0
0,2068,0.06,0.0,0.0,0.0,0.0,0.0,1.0
0,2068,0.07,0.0,0.0,0.0,0.0,0.0,1.0
0,2068,0.08,0.0,0.0,0.0,0.0,0.0,1.0
0,2068,0.09,0.0,0.0,0.0,0.0,0.0,1.0
0,2068,0.1,0.0,0.0,0.0,0.0,0.0,1.0
0,2068,0.11,0.0,0.0,0.0,0.0,0.0,1.0
0,2068,0.12,0.0,0.0,0.0,0.0,0.0,1.0
0,2068,0.13,0.0,0.0,0.0,0.0,0.0,1.0
0,2068,0.14,0.0,0.0,0.0,0.0,0.0,1.0
0,2068,0.15,0.0,0.0,0.0,0.0,0.0,1.0
0,2068,0.16,0.0,0.0,0.0,0.0,0.0,1.0
0,2068,0.17,0.0,0.0,0.0,0.0,0.0,1.0
0,2068,0.18,0.0,0.0,0.0,0.0,0.0,1.0
0,2068,0.19,0.0,0.0,0.0,0.0,0.0,1.0
0,2068,0.2,0.0,0.0,0.0,0.0,0.0,1.0
0,2068,0.21,0.0,0.0,0.0,0.0,0.0,1.0
0,2068,0.22,0.0,0.0,0.0,0.0,0.0,1.0
0,2068,0.23,0.0,0.0,0.0,0.0,0.0,1.0
0,2068,0.24,0.0,0.0,0.0,0.0,0.0,1.0
0,2068,0.25,0.0,0.0,0.0,0.0,0.0,1.0
0,2068,0.26,0.0,0.0,0.0,0.0,0.0,1.0
0,2068,0.27,0.0,0.0,0.0,0.0,0.0,1.0
0,2068,0.28,0.0,0.0,0.0,0.0,0.0,1.0
0,2068,0.29,0.0,0.0,0.0,0.0,0.0,1.0
0,2068,0.3,0.0,0.0,0.0,0.0,0.0,1.0
0,2068,0.31,0.0,0.0,0.0,0.0,0.0,1.0
0,2068,0.32,0.0,0.0,0.0,0.0,0.0,1.0
0,2068,0.33,0.0,0.0,0.0,0.0,0.0,1.0
0,2068,0.34,0.0,0.0,0.0,0.0,0.0,1.0
0,2068,0.35000000000000003,0.0,0.0,0.0,0.0,0.0,1.0
0,2068,0.36,0.0,0.0,0.0,0.0,0.0,1.0
0,2068,0.37,0.0,0.0,0.0,0.0,0.0,1.0
0,2068,0.38,0.0,0.0,0.0,0.0,0.0,1.0
0,2068,0.39,0.0,0.0,0.0,0.0,0.0,1.0
0,2068,0.4,0.0,0.0,0.0,0.0,0.0,1.0
0,2068,0.41000000000000003,0.0,0.0,0.0,0.0,0.0,1.0
0,2068,0.42,0.0,0.0,0.0,0.0,0.0,1.0
0,2068,0.43,0.0,0.0,0.0,0.0,0.0,1.0
0,2068,0.44,0.0,0.0,0.0,0.0,0.0,1.0
0,2068,0.45,0.0,0.0,0.0,0.0,0.0,1.0
0,2068,0.46,0.0,0.0,0.0,0.0,0.0,1.0
0,2068,0.47000000000000003,0.0,0.0,0.0,0.0,0.0,1.0
0,2068,0.48,0.0,0.0,0.0,0.0,0.0,1.0
0,2068,0.49,0.0,0.0,0.0,0.0,0.0,1.0
0,2068,0.5,0.0,0.0,0.0,0.0,0.0,1.0
0,2068,0.51,0.0,0.0,0.0,0.0,0.0,1.0
0,2068,0.52,0.0,0.0,0.0,0.0,0.0,1.0
0,2068,0.53,0.0,0.0,0.0,0.0,0.0,1.0
0,2068,0.54,0.0,0.0,0.0,0.0,0.0,1.0
0,2068,0.55,0.0,0.0,0.0,0.0,0.0,1.0
0,2068,0.56,0.0,0.0,0.0,0.0,0.0,1.0
0,2068,0.5700000000000001,0.0,0.0,0.0,0.0,0.0,1.0
0,2068,0.58,0.0,0.0,0.0,0.0,0.0,1.0
0,2068,0.59,0.0,0.0,0.0,0.0,0.0,1.0
0,2068,0.6,0.0,0.0,0.0,0.0,0.0,1.0
0,2068,0.61,0.0,0.0,0.0,0.0,0.0,1.0
0,2068,0.62,0.0,0.0,0.0,0.0,0.0,1.0
0,2068,0.63,0.0,0.0,0.0,0.0,0.0,1.0
0,2068,0.64,0.0,0.0,0.0,0.0,0.0,1.0
0,2068,0.65,0.0,0.0,0.0,0.0,0.0,1.0
0,2068,0.66,0.0,0.0,0.0,0.0,0.0,1.0
0,2068,0.67,0.0,0.0,0.0,0.0,0.0,1.0
0,2068,0.68,0.0,0.0,0.0,0.0,0.0,1.0
0,2068,0.6900000000000001,0.0,0.0,0.0,0.0,0.0,1.0
0,2068,0.7000000000000001,0.0,0.0,0.0,0.0,0.0,1.0
0,2068,0.71,0.0,0.0,0.0,0.0,0.0,1.0
0,2068,0.72,0.0,0.0,0.0,0.0,0.0,1.0
0,2068,0.73,0.0,0.0,0.0,0.0,0.0,1.0
0,2068,0.74,0.0,0.0,0.0,0.0,0.0,1.0
0,2068,0.75,0.0,0.0,0.0,0.0,0.0,1.0
0,2068,0.76,0.0,0.0,0.0,0.0,0.0,1.0
0,2068,0.77,0.0,0.0,0.0,0.0,0.0,1.0
0,2068,0.78,0.0,0.0,0.0,0.0,0.0,1.0
0,2068,0.79,0.0,0.0,0.0,0.0,0.0,1.0
0,2068,0.8,0.0,0.0,0.0,0.0,0.0,1.0
0,2068,0.81,0.0,0.0,0.0,0.0,0.0,1.0
0,2068,0.8200000000000001,0.0,0.0,0.0,0.0,0.0,1.0
0,2068,0.8300000000000001,0.0,0.0,0.0,0.0,0.0,1.0
0,2068,0.84,0.0,0.0,0.0,0.0,0.0,1.0
0,2068,0.85,0.0,0.0,0.0,0.0,0.0,1.0
0,2068,0.86,0.0,0.0,0.0,0.0,0.0,1.0
0,2068,0.87,0.0,0.0,0.0,0.0,0.0,1.0
0,2068,0.88,0.0,0.0,0.0,0.0,0.0,1.0
0,2068,0.89,0.0,0.0,0.0,0.0,0.0,1.0
0,2068,0.9,0.0,0.0,0.0,0.0,0.0,1.0
0,2068,0.91,0.0,0.0,0.0,0.0,0.0,1.0
0,2068,0.92,0.0,0.0,0.0,0.0,0.0,1.0
0,2068,0.93,0.0,0.0,0.0,0.0,0.0,1.0
0,2068,0.9400000000000001,0.0,0.0,0.0,0.0,0.0,1.0
0,2068,0.9500000000000001,0.0,0.0,0.0,0.0,0.0,1.0
0,2068,0.96,0.0,0.0,0.0,0.0,0.0,1.0
0,2068,0.97,0.0,0.0,0.0,0.0,0.0,1.0
0,2068,0.98,0.0,0.0,0.0,0.0,0.0,1.0
0,2068,0.99,0.0,0.0,0.0,0.0,0.0,1.0
0,2068,1.0,0.0,0.0,0.0,0.0,0.0,1.0
0,2069,0.01,0.22229427229753668,0.14432309072150443,0.21832309565571117,0.17046458262910957,0.0688448633387283,0.17575009535740982
0,2069,0.02,0.22229427229753668,0.14432309072150443,0.21832309565571117,0.17046458262910957,0.0688448633387283,0.17575009535740982
0,2069,0.03,0.0,0.0,0.0,0.0,0.0,1.0
0,2069,0.04,0.0,0.0,0.0,0.0,0.0,1.0
0,2069,0.05,0.0,0.0,0.0,0.0,0.0,1.0
0,2069,0.06,0.0,0.0,0.0,0.0,0.0,1.0
0,2069,0.07,0.0,0.0,0.0,0.0,0.0,1.0
0,2069,0.08,0.0,0.0,0.0,0.0,0.0,1.0
0,2069,0.09,0.0,0.0,0.0,0.0,0.0,1.0
0,2069,0.1,0.0,0.0,0.0,0.0,0.0,1.0
0,2069,0.11,0.0,0.0,0.0,0.0,0.0,1.0
0,2069,0.12,0.0,0.0,0.0,0.0,0.0,1.0
0,2069,0.13,0.0,0.0,0.0,0.0,0.0,1.0
0,2069,0.14,0.0,0.0,0.0,0.0,0.0,1.0
0,2069,0.15,0.0,0.0,0.0,0.0,0.0,1.0
0,2069,0.16,0.0,0.0,0.0,0.0,0.0,1.0
0,2069,0.17,0.0,0.0,0.0,0.0,0.0,1.0
0,2069,0.18,0.0,0.0,0.0,0.0,0.0,1.0
0,2069,0.19,0.0,0.0,0.0,0.0,0.0,1.0
0,2069,0.2,0.0,0.0,0.0,0.0,0.0,1.0
0,2069,0.21,0.0,0.0,0.0,0.0,0.0,1.0
0,2069,0.22,0.0,0.0,0.0,0.0,0.0,1.0
0,2069,0.23,0.0,0.0,0.0,0.0,0.0,1.0
0,2069,0.24,0.0,0.0,0.0,0.0,0.0,1.0
0,2069,0.25,0.0,0.0,0.0,0.0,0.0,1.0
0,2069,0.26,0.0,0.0,0.0,0.0,0.0,1.0
0,2069,0.27,0.0,0.0,0.0,0.0,0.0,1.0
0,2069,0.28,0.0,0.0,0.0,0.0,0.0,1.0
0,2069,0.29,0.0,0.0,0.0,0.0,0.0,1.0
0,2069,0.3,0.0,0.0,0.0,0.0,0.0,1.0
0,2069,0.31,0.0,0.0,0.0,0.0,0.0,1.0
0,2069,0.32,0.0,0.0,0.0,0.0,0.0,1.0
0,2069,0.33,0.0,0.0,0.0,0.0,0.0,1.0
0,2069,0.34,0.0,0.0,0.0,0.0,0.0,1.0
0,2069,0.35000000000000003,0.0,0.0,0.0,0.0,0.0,1.0
0,2069,0.36,0.0,0.0,0.0,0.0,0.0,1.0
0,2069,0.37,0.0,0.0,0.0,0.0,0.0,1.0
0,2069,0.38,0.0,0.0,0.0,0.0,0.0,1.0
0,2069,0.39,0.0,0.0,0.0,0.0,0.0,1.0
0,2069,0.4,0.0,0.0,0.0,0.0,0.0,1.0
0,2069,0.41000000000000003,0.0,0.0,0.0,0.0,0.0,1.0
0,2069,0.42,0.0,0.0,0.0,0.0,0.0,1.0
0,2069,0.43,0.0,0.0,0.0,0.0,0.0,1.0
0,2069,0.44,0.0,0.0,0.0,0.0,0.0,1.0
0,2069,0.45,0.0,0.0,0.0,0.0,0.0,1.0
0,2069,0.46,0.0,0.0,0.0,0.0,0.0,1.0
0,2069,0.47000000000000003,0.0,0.0,0.0,0.0,0.0,1.0
0,2069,0.48,0.0,0.0,0.0,0.0,0.0,1.0
0,2069,0.49,0.0,0.0,0.0,0.0,0.0,1.0
0,2069,0.5,0.0,0.0,0.0,0.0,0.0,1.0
0,2069,0.51,0.0,0.0,0.0,0.0,0.0,1.0
0,2069,0.52,0.0,0.0,0.0,0.0,0.0,1.0
0,2069,0.53,0.0,0.0,0.0,0.0,0.0,1.0
0,2069,0.54,0.0,0.0,0.0,0.0,0.0,1.0
0,2069,0.55,0.0,0.0,0.0,0.0,0.0,1.0
0,2069,0.56,0.0,0.0,0.0,0.0,0.0,1.0
0,2069,0.5700000000000001,0.0,0.0,0.0,0.0,0.0,1.0
0,2069,0.58,0.0,0.0,0.0,0.0,0.0,1.0
0,2069,0.59,0.0,0.0,0.0,0.0,0.0,1.0
0,2069,0.6,0.0,0.0,0.0,0.0,0.0,1.0
0,2069,0.61,0.0,0.0,0.0,0.0,0.0,1.0
0,2069,0.62,0.0,0.0,0.0,0.0,0.0,1.0
0,2069,0.63,0.0,0.0,0.0,0.0,0.0,1.0
0,2069,0.64,0.0,0.0,0.0,0.0,0.0,1.0
0,2069,0.65,0.0,0.0,0.0,0.0,0.0,1.0
0,2069,0.66,0.0,0.0,0.0,0.0,0.0,1.0
0,2069,0.67,0.0,0.0,0.0,0.0,0.0,1.0
0,2069,0.68,0.0,0.0,0.0,0.0,0.0,1.0
0,2069,0.6900000000000001,0.0,0.0,0.0,0.0,0.0,1.0
0,2069,0.7000000000000001,0.0,0.0,0.0,0.0,0.0,1.0
0,2069,0.71,0.0,0.0,0.0,0.0,0.0,1.0
0,2069,0.72,0.0,0.0,0.0,0.0,0.0,1.0
0,2069,0.73,0.0,0.0,0.0,0.0,0.0,1.0
0,2069,0.74,0.0,0.0,0.0,0.0,0.0,1.0
0,2069,0.75,0.0,0.0,0.0,0.0,0.0,1.0
0,2069,0.76,0.0,0.0,0.0,0.0,0.0,1.0
0,2069,0.77,0.0,0.0,0.0,0.0,0.0,1.0
0,2069,0.78,0.0,0.0,0.0,0.0,0.0,1.0
0,2069,0.79,0.0,0.0,0.0,0.0,0.0,1.0
0,2069,0.8,0.0,0.0,0.0,0.0,0.0,1.0
0,2069,0.81,0.0,0.0,0.0,0.0,0.0,1.0
0,2069,0.8200000000000001,0.0,0.0,0.0,0.0,0.0,1.0
0,2069,0.8300000000000001,0.0,0.0,0.0,0.0,0.0,1.0
0,2069,0.84,0.0,0.0,0.0,0.0,0.0,1.0
0,2069,0.85,0.0,0.0,0.0,0.0,0.0,1.0
0,2069,0.86,0.0,0.0,0.0,0.0,0.0,1.0
0,2069,0.87,0.0,0.0,0.0,0.0,0.0,1.0
0,2069,0.88,0.0,0.0,0.0,0.0,0.0,1.0
0,2069,0.89,0.0,0.0,0.0,0.0,0.0,1.0
0,2069,0.9,0.0,0.0,0.0,0.0,0.0,1.0
0,2069,0.91,0.0,0.0,0.0,0.0,0.0,1.0
0,2069,0.92,0.0,0.0,0.0,0.0,0.0,1.0
0,2069,0.93,0.0,0.0,0.0,0.0,0.0,1.0
0,2069,0.9400000000000001,0.0,0.0,0.0,0.0,0.0,1.0
0,2069,0.9500000000000001,0.0,0.0,0.0,0.0,0.0,1.0
0,2069,0.96,0.0,0.0,0.0,0.0,0.0,1.0
0,2069,0.97,0.0,0.0,0.0,0.0,0.0,1.0
0,2069,0.98,0.0,0.0,0.0,0.0,0.0,1.0
0,2069,0.99,0.0,0.0,0.0,0.0,0.0,1.0
0,2069,1.0,0.0,0.0,0.0,0.0,0.0,1.0
0,2070,0.01,0.051774655601503204,0.2827304835319586,0.070167748102655,0.4500013284361666,0.08517045390952058,0.06015533041819607
0,2070,0.02,0.051774655601503204,0.2827304835319586,0.070167748102655,0.4500013284361666,0.08517045390952058,0.06015533041819607
0,2070,0.03,0.0,0.0,0.0,0.0,0.0,1.0
0,2070,0.04,0.0,0.0,0.0,0.0,0.0,1.0
0,2070,0.05,0.0,0.0,0.0,0.0,0.0,1.0
0,2070,0.06,0.0,0.0,0.0,0.0,0.0,1.0
0,2070,0.07,0.0,0.0,0.0,0.0,0.0,1.0
0,2070,0.08,0.0,0.0,0.0,0.0,0.0,1.0
0,2070,0.09,0.0,0.0,0.0,0.0,0.0,1.0
0,2070,0.1,0.0,0.0,0.0,0.0,0.0,1.0
0,2070,0.11,0.0,0.0,0.0,0.0,0.0,1.0
0,2070,0.12,0.0,0.0,0.0,0.0,0.0,1.0
0,2070,0.13,0.0,0.0,0.0,0.0,0.0,1.0
0,2070,0.14,0.0,0.0,0.0,0.0,0.0,1.0
0,2070,0.15,0.0,0.0,0.0,0.0,0.0,1.0
0,2070,0.16,0.0,0.0,0.0,0.0,0.0,1.0
0,2070,0.17,0.0,0.0,0.0,0.0,0.0,1.0
0,2070,0.18,0.0,0.0,0.0,0.0,0.0,1.0
0,2070,0.19,0.0,0.0,0.0,0.0,0.0,1.0
0,2070,0.2,0.0,0.0,0.0,0.0,0.0,1.0
0,2070,0.21,0.0,0.0,0.0,0.0,0.0,1.0
0,2070,0.22,0.0,0.0,0.0,0.0,0.0,1.0
0,2070,0.23,0.0,0.0,0.0,0.0,0.0,1.0
0,2070,0.24,0.0,0.0,0.0,0.0,0.0,1.0
0,2070,0.25,0.0,0.0,0.0,0.0,0.0,1.0
0,2070,0.26,0.0,0.0,0.0,0.0,0.0,1.0
0,2070,0.27,0.0,0.0,0.0,0.0,0.0,1.0
0,2070,0.28,0.0,0.0,0.0,0.0,0.0,1.0
0,2070,0.29,0.0,0.0,0.0,0.0,0.0,1.0
0,2070,0.3,0.0,0.0,0.0,0.0,0.0,1.0
0,2070,0.31,0.0,0.0,0.0,0.0,0.0,1.0
0,2070,0.32,0.0,0.0,0.0,0.0,0.0,1.0
0,2070,0.33,0.0,0.0,0.0,0.0,0.0,1.0
0,2070,0.34,0.0,0.0,0.0,0.0,0.0,1.0
0,2070,0.35000000000000003,0.0,0.0,0.0,0.0,0.0,1.0
0,2070,0.36,0.0,0.0,0.0,0.0,0.0,1.0
0,2070,0.37,0.0,0.0,0.0,0.0,0.0,1.0
0,2070,0.38,0.0,0.0,0.0,0.0,0.0,1.0
0,2070,0.39,0.0,0.0,0.0,0.0,0.0,1.0
0,2070,0.4,0.0,0.0,0.0,0.0,0.0,1.0
0,2070,0.41000000000000003,0.0,0.0,0.0,0.0,0.0,1.0
0,2070,0.42,0.0,0.0,0.0,0.0,0.0,1.0
0,2070,0.43,0.0,0.0,0.0,0.0,0.0,1.0
0,2070,0.44,0.0,0.0,0.0,0.0,0.0,1.0
0,2070,0.45,0.0,0.0,0.0,0.0,0.0,1.0
0,2070,0.46,0.0,0.0,0.0,0.0,0.0,1.0
0,2070,0.47000000000000003,0.0,0.0,0.0,0.0,0.0,1.0
0,2070,0.48,0.0,0.0,0.0,0.0,0.0,1.0
0,2070,0.49,0.0,0.0,0.0,0.0,0.0,1.0
0,2070,0.5,0.0,0.0,0.0,0.0,0.0,1.0
0,2070,0.51,0.0,0.0,0.0,0.0,0.0,1.0
0,2070,0.52,0.0,0.0,0.0,0.0,0.0,1.0
0,2070,0.53,0.0,0.0,0.0,0.0,0.0,1.0
0,2070,0.54,0.0,0.0,0.0,0.0,0.0,1.0
0,2070,0.55,0.0,0.0,0.0,0.0,0.0,1.0
0,2070,0.56,0.0,0.0,0.0,0.0,0.0,1.0
0,2070,0.5700000000000001,0.0,0.0,0.0,0.0,0.0,1.0
0,2070,0.58,0.0,0.0,0.0,0.0,0.0,1.0
0,2070,0.59,0.0,0.0,0.0,0.0,0.0,1.0
0,2070,0.6,0.0,0.0,0.0,0.0,0.0,1.0
0,2070,0.61,0.0,0.0,0.0,0.0,0.0,1.0
0,2070,0.62,0.0,0.0,0.0,0.0,0.0,1.0
0,2070,0.63,0.0,0.0,0.0,0.0,0.0,1.0
0,2070,0.64,0.0,0.0,0.0,0.0,0.0,1.0
0,2070,0.65,0.0,0.0,0.0,0.0,0.0,1.0
0,2070,0.66,0.0,0.0,0.0,0.0,0.0,1.0
0,2070,0.67,0.0,0.0,0.0,0.0,0.0,1.0
0,2070,0.68,0.0,0.0,0.0,0.0,0.0,1.0
0,2070,0.6900000000000001,0.0,0.0,0.0,0.0,0.0,1.0
0,2070,0.7000000000000001,0.0,0.0,0.0,0.0,0.0,1.0
0,2070,0.71,0.0,0.0,0.0,0.0,0.0,1.0
0,2070,0.72,0.0,0.0,0.0,0.0,0.0,1.0
0,2070,0.73,0.0,0.0,0.0,0.0,0.0,1.0
0,2070,0.74,0.0,0.0,0.0,0.0,0.0,1.0
0,2070,0.75,0.0,0.0,0.0,0.0,0.0,1.0
0,2070,0.76,0.0,0.0,0.0,0.0,0.0,1.0
0,2070,0.77,0.0,0.0,0.0,0.0,0.0,1.0
0,2070,0.78,0.0,0.0,0.0,0.0,0.0,1.0
0,2070,0.79,0.0,0.0,0.0,0.0,0.0,1.0
0,2070,0.8,0.0,0.0,0.0,0.0,0.0,1.0
0,2070,0.81,0.0,0.0,0.0,0.0,0.0,1.0
0,2070,0.8200000000000001,0.0,0.0,0.0,0.0,0.0,1.0
0,2070,0.8300000000000001,0.0,0.0,0.0,0.0,0.0,1.0
0,2070,0.84,0.0,0.0,0.0,0.0,0.0,1.0
0,2070,0.85,0.0,0.0,0.0,0.0,0.0,1.0
0,2070,0.86,0.0,0.0,0.0,0.0,0.0,1.0
0,2070,0.87,0.0,0.0,0.0,0.0,0.0,1.0
0,2070,0.88,0.0,0.0,0.0,0.0,0.0,1.0
0,2070,0.89,0.0,0.0,0.0,0.0,0.0,1.0
0,2070,0.9,0.0,0.0,0.0,0.0,0.0,1.0
0,2070,0.91,0.0,0.0,0.0,0.0,0.0,1.0
0,2070,0.92,0.0,0.0,0.0,0.0,0.0,1.0
0,2070,0.93,0.0,0.0,0.0,0.0,0.0,1.0
0,2070,0.9400000000000001,0.0,0.0,0.0,0.0,0.0,1.0
0,2070,0.9500000000000001,0.0,0.0,0.0,0.0,0.0,1.0
0,2070,0.96,0.0,0.0,0.0,0.0,0.0,1.0
0,2070,0.97,0.0,0.0,0.0,0.0,0.0,1.0
0,2070,0.98,0.0,0.0,0.0,0.0,0.0,1.0
0,2070,0.99,0.0,0.0,0.0,0.0,0.0,1.0
0,2070,1.0,0.0,0.0,0.0,0.0,0.0,1.0
0,2071,0.01,0.26097358677851257,0.03638117535813959,0.3106142037916624,0.23541383952963021,0.04187228940824153,0.11474490513381365
0,2071,0.02,0.26097358677851257,0.03638117535813959,0.3106142037916624,0.23541383952963021,0.04187228940824153,0.11474490513381365
0,2071,0.03,0.0,0.0,0.0,0.0,0.0,1.0
0,2071,0.04,0.0,0.0,0.0,0.0,0.0,1.0
0,2071,0.05,0.0,0.0,0.0,0.0,0.0,1.0
0,2071,0.06,0.0,0.0,0.0,0.0,0.0,1.0
0,2071,0.07,0.0,0.0,0.0,0.0,0.0,1.0
0,2071,0.08,0.0,0.0,0.0,0.0,0.0,1.0
0,2071,0.09,0.0,0.0,0.0,0.0,0.0,1.0
0,2071,0.1,0.0,0.0,0.0,0.0,0.0,1.0
0,2071,0.11,0.0,0.0,0.0,0.0,0.0,1.0
0,2071,0.12,0.0,0.0,0.0,0.0,0.0,1.0
0,2071,0.13,0.0,0.0,0.0,0.0,0.0,1.0
0,2071,0.14,0.0,0.0,0.0,0.0,0.0,1.0
0,2071,0.15,0.0,0.0,0.0,0.0,0.0,1.0
0,2071,0.16,0.0,0.0,0.0,0.0,0.0,1.0
0,2071,0.17,0.0,0.0,0.0,0.0,0.0,1.0
0,2071,0.18,0.0,0.0,0.0,0.0,0.0,1.0
0,2071,0.19,0.0,0.0,0.0,0.0,0.0,1.0
0,2071,0.2,0.0,0.0,0.0,0.0,0.0,1.0
0,2071,0.21,0.0,0.0,0.0,0.0,0.0,1.0
0,2071,0.22,0.0,0.0,0.0,0.0,0.0,1.0
0,2071,0.23,0.0,0.0,0.0,0.0,0.0,1.0
0,2071,0.24,0.0,0.0,0.0,0.0,0.0,1.0
0,2071,0.25,0.0,0.0,0.0,0.0,0.0,1.0
0,2071,0.26,0.0,0.0,0.0,0.0,0.0,1.0
0,2071,0.27,0.0,0.0,0.0,0.0,0.0,1.0
0,2071,0.28,0.0,0.0,0.0,0.0,0.0,1.0
0,2071,0.29,0.0,0.0,0.0,0.0,0.0,1.0
0,2071,0.3,0.0,0.0,0.0,0.0,0.0,1.0
0,2071,0.31,0.0,0.0,0.0,0.0,0.0,1.0
0,2071,0.32,0.0,0.0,0.0,0.0,0.0,1.0
0,2071,0.33,0.0,0.0,0.0,0.0,0.0,1.0
0,2071,0.34,0.0,0.0,0.0,0.0,0.0,1.0
0,2071,0.35000000000000003,0.0,0.0,0.0,0.0,0.0,1.0
0,2071,0.36,0.0,0.0,0.0,0.0,0.0,1.0
0,2071,0.37,0.0,0.0,0.0,0.0,0.0,1.0
0,2071,0.38,0.0,0.0,0.0,0.0,0.0,1.0
0,2071,0.39,0.0,0.0,0.0,0.0,0.0,1.0
0,2071,0.4,0.0,0.0,0.0,0.0,0.0,1.0
0,2071,0.41000000000000003,0.0,0.0,0.0,0.0,0.0,1.0
0,2071,0.42,0.0,0.0,0.0,0.0,0.0,1.0
0,2071,0.43,0.0,0.0,0.0,0.0,0.0,1.0
0,2071,0.44,0.0,0.0,0.0,0.0,0.0,1.0
0,2071,0.45,0.0,0.0,0.0,0.0,0.0,1.0
0,2071,0.46,0.0,0.0,0.0,0.0,0.0,1.0
0,2071,0.47000000000000003,0.0,0.0,0.0,0.0,0.0,1.0
0,2071,0.48,0.0,0.0,0.0,0.0,0.0,1.0
0,2071,0.49,0.0,0.0,0.0,0.0,0.0,1.0
0,2071,0.5,0.0,0.0,0.0,0.0,0.0,1.0
0,2071,0.51,0.0,0.0,0.0,0.0,0.0,1.0
0,2071,0.52,0.0,0.0,0.0,0.0,0.0,1.0
0,2071,0.53,0.0,0.0,0.0,0.0,0.0,1.0
0,2071,0.54,0.0,0.0,0.0,0.0,0.0,1.0
0,2071,0.55,0.0,0.0,0.0,0.0,0.0,1.0
0,2071,0.56,0.0,0.0,0.0,0.0,0.0,1.0
0,2071,0.5700000000000001,0.0,0.0,0.0,0.0,0.0,1.0
0,2071,0.58,0.0,0.0,0.0,0.0,0.0,1.0
0,2071,0.59,0.0,0.0,0.0,0.0,0.0,1.0
0,2071,0.6,0.0,0.0,0.0,0.0,0.0,1.0
0,2071,0.61,0.0,0.0,0.0,0.0,0.0,1.0
0,2071,0.62,0.0,0.0,0.0,0.0,0.0,1.0
0,2071,0.63,0.0,0.0,0.0,0.0,0.0,1.0
0,2071,0.64,0.0,0.0,0.0,0.0,0.0,1.0
0,2071,0.65,0.0,0.0,0.0,0.0,0.0,1.0
0,2071,0.66,0.0,0.0,0.0,0.0,0.0,1.0
0,2071,0.67,0.0,0.0,0.0,0.0,0.0,1.0
0,2071,0.68,0.0,0.0,0.0,0.0,0.0,1.0
0,2071,0.6900000000000001,0.0,0.0,0.0,0.0,0.0,1.0
0,2071,0.7000000000000001,0.0,0.0,0.0,0.0,0.0,1.0
0,2071,0.71,0.0,0.0,0.0,0.0,0.0,1.0
0,2071,0.72,0.0,0.0,0.0,0.0,0.0,1.0
0,2071,0.73,0.0,0.0,0.0,0.0,0.0,1.0
0,2071,0.74,0.0,0.0,0.0,0.0,0.0,1.0
0,2071,0.75,0.0,0.0,0.0,0.0,0.0,1.0
0,2071,0.76,0.0,0.0,0.0,0.0,0.0,1.0
0,2071,0.77,0.0,0.0,0.0,0.0,0.0,1.0
0,2071,0.78,0.0,0.0,0.0,0.0,0.0,1.0
0,2071,0.79,0.0,0.0,0.0,0.0,0.0,1.0
0,2071,0.8,0.0,0.0,0.0,0.0,0.0,1.0
0,2071,0.81,0.0,0.0,0.0,0.0,0.0,1.0
0,2071,0.8200000000000001,0.0,0.0,0.0,0.0,0.0,1.0
0,2071,0.8300000000000001,0.0,0.0,0.0,0.0,0.0,1.0
0,2071,0.84,0.0,0.0,0.0,0.0,0.0,1.0
0,2071,0.85,0.0,0.0,0.0,0.0,0.0,1.0
0,2071,0.86,0.0,0.0,0.0,0.0,0.0,1.0
0,2071,0.87,0.0,0.0,0.0,0.0,0.0,1.0
0,2071,0.88,0.0,0.0,0.0,0.0,0.0,1.0
0,2071,0.89,0.0,0.0,0.0,0.0,0.0,1.0
0,2071,0.9,0.0,0.0,0.0,0.0,0.0,1.0
0,2071,0.91,0.0,0.0,0.0,0.0,0.0,1.0
0,2071,0.92,0.0,0.0,0.0,0.0,0.0,1.0
0,2071,0.93,0.0,0.0,0.0,0.0,0.0,1.0
0,2071,0.9400000000000001,0.0,0.0,0.0,0.0,0.0,1.0
0,2071,0.9500000000000001,0.0,0.0,0.0,0.0,0.0,1.0
0,2071,0.96,0.0,0.0,0.0,0.0,0.0,1.0
0,2071,0.97,0.0,0.0,0.0,0.0,0.0,1.0
0,2071,0.98,0.0,0.0,0.0,0.0,0.0,1.0
0,2071,0.99,0.0,0.0,0.0,0.0,0.0,1.0
0,2071,1.0,0.0,0.0,0.0,0.0,0.0,1.0
0,2072,0.01,0.23645633934664004,0.23796728866231456,0.05500689823660394,0.07038533197604382,0.30167186237718213,0.0985122794012156
0,2072,0.02,0.23645633934664004,0.23796728866231456,0.05500689823660394,0.07038533197604382,0.30167186237718213,0.0985122794012156
0,2072,0.03,0.0,0.0,0.0,0.0,0.0,1.0
0,2072,0.04,0.0,0.0,0.0,0.0,0.0,1.0
0,2072,0.05,0.0,0.0,0.0,0.0,0.0,1.0
0,2072,0.06,0.0,0.0,0.0,0.0,0.0,1.0
0,2072,0.07,0.0,0.0,0.0,0.0,0.0,1.0
0,2072,0.08,0.0,0.0,0.0,0.0,0.0,1.0
0,2072,0.09,0.0,0.0,0.0,0.0,0.0,1.0
0,2072,0.1,0.0,0.0,0.0,0.0,0.0,1.0
0,2072,0.11,0.0,0.0,0.0,0.0,0.0,1.0
0,2072,0.12,0.0,0.0,0.0,0.0,0.0,1.0
0,2072,0.13,0.0,0.0,0.0,0.0,0.0,1.0
0,2072,0.14,0.0,0.0,0.0,0.0,0.0,1.0
0,2072,0.15,0.0,0.0,0.0,0.0,0.0,1.0
0,2072,0.16,0.0,0.0,0.0,0.0,0.0,1.0
0,2072,0.17,0.0,0.0,0.0,0.0,0.0,1.0
0,2072,0.18,0.0,0.0,0.0,0.0,0.0,1.0
0,2072,0.19,0.0,0.0,0.0,0.0,0.0,1.0
0,2072,0.2,0.0,0.0,0.0,0.0,0.0,1.0
0,2072,0.21,0.0,0.0,0.0,0.0,0.0,1.0
0,2072,0.22,0.0,0.0,0.0,0.0,0.0,1.0
0,2072,0.23,0.0,0.0,0.0,0.0,0.0,1.0
0,2072,0.24,0.0,0.0,0.0,0.0,0.0,1.0
0,2072,0.25,0.0,0.0,0.0,0.0,0.0,1.0
0,2072,0.26,0.0,0.0,0.0,0.0,0.0,1.0
0,2072,0.27,0.0,0.0,0.0,0.0,0.0,1.0
0,2072,0.28,0.0,0.0,0.0,0.0,0.0,1.0
0,2072,0.29,0.0,0.0,0.0,0.0,0.0,1.0
0,2072,0.3,0.0,0.0,0.0,0.0,0.0,1.0
0,2072,0.31,0.0,0.0,0.0,0.0,0.0,1.0
0,2072,0.32,0.0,0.0,0.0,0.0,0.0,1.0
0,2072,0.33,0.0,0.0,0.0,0.0,0.0,1.0
0,2072,0.34,0.0,0.0,0.0,0.0,0.0,1.0
0,2072,0.35000000000000003,0.0,0.0,0.0,0.0,0.0,1.0
0,2072,0.36,0.0,0.0,0.0,0.0,0.0,1.0
0,2072,0.37,0.0,0.0,0.0,0.0,0.0,1.0
0,2072,0.38,0.0,0.0,0.0,0.0,0.0,1.0
0,2072,0.39,0.0,0.0,0.0,0.0,0.0,1.0
0,2072,0.4,0.0,0.0,0.0,0.0,0.0,1.0
0,2072,0.41000000000000003,0.0,0.0,0.0,0.0,0.0,1.0
0,2072,0.42,0.0,0.0,0.0,0.0,0.0,1.0
0,2072,0.43,0.0,0.0,0.0,0.0,0.0,1.0
0,2072,0.44,0.0,0.0,0.0,0.0,0.0,1.0
0,2072,0.45,0.0,0.0,0.0,0.0,0.0,1.0
0,2072,0.46,0.0,0.0,0.0,0.0,0.0,1.0
0,2072,0.47000000000000003,0.0,0.0,0.0,0.0,0.0,1.0
0,2072,0.48,0.0,0.0,0.0,0.0,0.0,1.0
0,2072,0.49,0.0,0.0,0.0,0.0,0.0,1.0
0,2072,0.5,0.0,0.0,0.0,0.0,0.0,1.0
0,2072,0.51,0.0,0.0,0.0,0.0,0.0,1.0
0,2072,0.52,0.0,0.0,0.0,0.0,0.0,1.0
0,2072,0.53,0.0,0.0,0.0,0.0,0.0,1.0
0,2072,0.54,0.0,0.0,0.0,0.0,0.0,1.0
0,2072,0.55,0.0,0.0,0.0,0.0,0.0,1.0
0,2072,0.56,0.0,0.0,0.0,0.0,0.0,1.0
0,2072,0.5700000000000001,0.0,0.0,0.0,0.0,0.0,1.0
0,2072,0.58,0.0,0.0,0.0,0.0,0.0,1.0
0,2072,0.59,0.0,0.0,0.0,0.0,0.0,1.0
0,2072,0.6,0.0,0.0,0.0,0.0,0.0,1.0
0,2072,0.61,0.0,0.0,0.0,0.0,0.0,1.0
0,2072,0.62,0.0,0.0,0.0,0.0,0.0,1.0
0,2072,0.63,0.0,0.0,0.0,0.0,0.0,1.0
0,2072,0.64,0.0,0.0,0.0,0.0,0.0,1.0
0,2072,0.65,0.0,0.0,0.0,0.0,0.0,1.0
0,2072,0.66,0.0,0.0,0.0,0.0,0.0,1.0
0,2072,0.67,0.0,0.0,0.0,0.0,0.0,1.0
0,2072,0.68,0.0,0.0,0.0,0.0,0.0,1.0
0,2072,0.6900000000000001,0.0,0.0,0.0,0.0,0.0,1.0
0,2072,0.7000000000000001,0.0,0.0,0.0,0.0,0.0,1.0
0,2072,0.71,0.0,0.0,0.0,0.0,0.0,1.0
0,2072,0.72,0.0,0.0,0.0,0.0,0.0,1.0
0,2072,0.73,0.0,0.0,0.0,0.0,0.0,1.0
0,2072,0.74,0.0,0.0,0.0,0.0,0.0,1.0
0,2072,0.75,0.0,0.0,0.0,0.0,0.0,1.0
0,2072,0.76,0.0,0.0,0.0,0.0,0.0,1.0
0,2072,0.77,0.0,0.0,0.0,0.0,0.0,1.0
0,2072,0.78,0.0,0.0,0.0,0.0,0.0,1.0
0,2072,0.79,0.0,0.0,0.0,0.0,0.0,1.0
0,2072,0.8,0.0,0.0,0.0,0.0,0.0,1.0
0,2072,0.81,0.0,0.0,0.0,0.0,0.0,1.0
0,2072,0.8200000000000001,0.0,0.0,0.0,0.0,0.0,1.0
0,2072,0.8300000000000001,0.0,0.0,0.0,0.0,0.0,1.0
0,2072,0.84,0.0,0.0,0.0,0.0,0.0,1.0
0,2072,0.85,0.0,0.0,0.0,0.0,0.0,1.0
0,2072,0.86,0.0,0.0,0.0,0.0,0.0,1.0
0,2072,0.87,0.0,0.0,0.0,0.0,0.0,1.0
0,2072,0.88,0.0,0.0,0.0,0.0,0.0,1.0
0,2072,0.89,0.0,0.0,0.0,0.0,0.0,1.0
0,2072,0.9,0.0,0.0,0.0,0.0,0.0,1.0
0,2072,0.91,0.0,0.0,0.0,0.0,0.0,1.0
0,2072,0.92,0.0,0.0,0.0,0.0,0.0,1.0
0,2072,0.93,0.0,0.0,0.0,0.0,0.0,1.0
0,2072,0.9400000000000001,0.0,0.0,0.0,0.0,0.0,1.0
0,2072,0.9500000000000001,0.0,0.0,0.0,0.0,0.0,1.0
0,2072,0.96,0.0,0.0,0.0,0.0,0.0,1.0
0,2072,0.97,0.0,0.0,0.0,0.0,0.0,1.0
0,2072,0.98,0.0,0.0,0.0,0.0,0.0,1.0
0,2072,0.99,0.0,0.0,0.0,0.0,0.0,1.0
0,2072,1.0,0.0,0.0,0.0,0.0,0.0,1.0
0,2073,0.01,0.2042559164813333,0.21026439494101454,0.17053340121100266,0.1639215193352994,0.1287436977649997,0.12228107026635035
0,2073,0.02,0.0,0.0,0.0,0.0,0.0,1.0
0,2073,0.03,0.0,0.0,0.0,0.0,0.0,1.0
0,2073,0.04,0.0,0.0,0.0,0.0,0.0,1.0
0,2073,0.05,0.0,0.0,0.0,0.0,0.0,1.0
0,2073,0.06,0.0,0.0,0.0,0.0,0.0,1.0
0,2073,0.07,0.0,0.0,0.0,0.0,0.0,1.0
0,2073,0.08,0.0,0.0,0.0,0.0,0.0,1.0
0,2073,0.09,0.0,0.0,0.0,0.0,0.0,1.0
0,2073,0.1,0.0,0.0,0.0,0.0,0.0,1.0
0,2073,0.11,0.0,0.0,0.0,0.0,0.0,1.0
0,2073,0.12,0.0,0.0,0.0,0.0,0.0,1.0
0,2073,0.13,0.0,0.0,0.0,0.0,0.0,1.0
0,2073,0.14,0.0,0.0,0.0,0.0,0.0,1.0
0,2073,0.15,0.0,0.0,0.0,0.0,0.0,1.0
0,2073,0.16,0.0,0.0,0.0,0.0,0.0,1.0
0,2073,0.17,0.0,0.0,0.0,0.0,0.0,1.0
0,2073,0.18,0.0,0.0,0.0,0.0,0.0,1.0
0,2073,0.19,0.0,0.0,0.0,0.0,0.0,1.0
0,2073,0.2,0.0,0.0,0.0,0.0,0.0,1.0
0,2073,0.21,0.0,0.0,0.0,0.0,0.0,1.0
0,2073,0.22,0.0,0.0,0.0,0.0,0.0,1.0
0,2073,0.23,0.0,0.0,0.0,0.0,0.0,1.0
0,2073,0.24,0.0,0.0,0.0,0.0,0.0,1.0
0,2073,0.25,0.0,0.0,0.0,0.0,0.0,1.0
0,2073,0.26,0.0,0.0,0.0,0.0,0.0,1.0
0,2073,0.27,0.0,0.0,0.0,0.0,0.0,1.0
0,2073,0.28,0.0,0.0,0.0,0.0,0.0,1.0
0,2073,0.29,0.0,0.0,0.0,0.0,0.0,1.0
0,2073,0.3,0.0,0.0,0.0,0.0,0.0,1.0
0,2073,0.31,0.0,0.0,0.0,0.0,0.0,1.0
0,2073,0.32,0.0,0.0,0.0,0.0,0.0,1.0
0,2073,0.33,0.0,0.0,0.0,0.0,0.0,1.0
0,2073,0.34,0.0,0.0,0.0,0.0,0.0,1.0
0,2073,0.35000000000000003,0.0,0.0,0.0,0.0,0.0,1.0
0,2073,0.36,0.0,0.0,0.0,0.0,0.0,1.0
0,2073,0.37,0.0,0.0,0.0,0.0,0.0,1.0
0,2073,0.38,0.0,0.0,0.0,0.0,0.0,1.0
0,2073,0.39,0.0,0.0,0.0,0.0,0.0,1.0
0,2073,0.4,0.0,0.0,0.0,0.0,0.0,1.0
0,2073,0.41000000000000003,0.0,0.0,0.0,0.0,0.0,1.0
0,2073,0.42,0.0,0.0,0.0,0.0,0.0,1.0
0,2073,0.43,0.0,0.0,0.0,0.0,0.0,1.0
0,2073,0.44,0.0,0.0,0.0,0.0,0.0,1.0
0,2073,0.45,0.0,0.0,0.0,0.0,0.0,1.0
0,2073,0.46,0.0,0.0,0.0,0.0,0.0,1.0
0,2073,0.47000000000000003,0.0,0.0,0.0,0.0,0.0,1.0
0,2073,0.48,0.0,0.0,0.0,0.0,0.0,1.0
0,2073,0.49,0.0,0.0,0.0,0.0,0.0,1.0
0,2073,0.5,0.0,0.0,0.0,0.0,0.0,1.0
0,2073,0.51,0.0,0.0,0.0,0.0,0.0,1.0
0,2073,0.52,0.0,0.0,0.0,0.0,0.0,1.0
0,2073,0.53,0.0,0.0,0.0,0.0,0.0,1.0
0,2073,0.54,0.0,0.0,0.0,0.0,0.0,1.0
0,2073,0.55,0.0,0.0,0.0,0.0,0.0,1.0
0,2073,0.56,0.0,0.0,0.0,0.0,0.0,1.0
0,2073,0.5700000000000001,0.0,0.0,0.0,0.0,0.0,1.0
0,2073,0.58,0.0,0.0,0.0,0.0,0.0,1.0
0,2073,0.59,0.0,0.0,0.0,0.0,0.0,1.0
0,2073,0.6,0.0,0.0,0.0,0.0,0.0,1.0
0,2073,0.61,0.0,0.0,0.0,0.0,0.0,1.0
0,2073,0.62,0.0,0.0,0.0,0.0,0.0,1.0
0,2073,0.63,0.0,0.0,0.0,0.0,0.0,1.0
0,2073,0.64,0.0,0.0,0.0,0.0,0.0,1.0
0,2073,0.65,0.0,0.0,0.0,0.0,0.0,1.0
0,2073,0.66,0.0,0.0,0.0,0.0,0.0,1.0
0,2073,0.67,0.0,0.0,0.0,0.0,0.0,1.0
0,2073,0.68,0.0,0.0,0.0,0.0,0.0,1.0
0,2073,0.6900000000000001,0.0,0.0,0.0,0.0,0.0,1.0
0,2073,0.7000000000000001,0.0,0.0,0.0,0.0,0.0,1.0
0,2073,0.71,0.0,0.0,0.0,0.0,0.0,1.0
0,2073,0.72,0.0,0.0,0.0,0.0,0.0,1.0
0,2073,0.73,0.0,0.0,0.0,0.0,0.0,1.0
0,2073,0.74,0.0,0.0,0.0,0.0,0.0,1.0
0,2073,0.75,0.0,0.0,0.0,0.0,0.0,1.0
0,2073,0.76,0.0,0.0,0.0,0.0,0.0,1.0
0,2073,0.77,0.0,0.0,0.0,0.0,0.0,1.0
0,2073,0.78,0.0,0.0,0.0,0.0,0.0,1.0
0,2073,0.79,0.0,0.0,0.0,0.0,0.0,1.0
0,2073,0.8,0.0,0.0,0.0,0.0,0.0,1.0
0,2073,0.81,0.0,0.0,0.0,0.0,0.0,1.0
0,2073,0.8200000000000001,0.0,0.0,0.0,0.0,0.0,1.0
0,2073,0.8300000000000001,0.0,0.0,0.0,0.0,0.0,1.0
0,2073,0.84,0.0,0.0,0.0,0.0,0.0,1.0
0,2073,0.85,0.0,0.0,0.0,0.0,0.0,1.0
0,2073,0.86,0.0,0.0,0.0,0.0,0.0,1.0
0,2073,0.87,0.0,0.0,0.0,0.0,0.0,1.0
0,2073,0.88,0.0,0.0,0.0,0.0,0.0,1.0
0,2073,0.89,0.0,0.0,0.0,0.0,0.0,1.0
0,2073,0.9,0.0,0.0,0.0,0.0,0.0,1.0
0,2073,0.91,0.0,0.0,0.0,0.0,0.0,1.0
0,2073,0.92,0.0,0.0,0.0,0.0,0.0,1.0
0,2073,0.93,0.0,0.0,0.0,0.0,0.0,1.0
0,2073,0.9400000000000001,0.0,0.0,0.0,0.0,0.0,1.0
0,2073,0.9500000000000001,0.0,0.0,0.0,0.0,0.0,1.0
0,2073,0.96,0.0,0.0,0.0,0.0,0.0,1.0
0,2073,0.97,0.0,0.0,0.0,0.0,0.0,1.0
0,2073,0.98,0.0,0.0,0.0,0.0,0.0,1.0
0,2073,0.99,0.0,0.0,0.0,0.0,0.0,1.0
0,2073,1.0,0.0,0.0,0.0,0.0,0.0,1.0
0,2074,0.01,0.12514216344102205,0.40737696155536773,0.06928833163936256,0.1605722228085274,0.09879153191049465,0.1388287886452255
0,2074,0.02,0.0,0.0,0.0,0.0,0.0,1.0
0,2074,0.03,0.0,0.0,0.0,0.0,0.0,1.0
0,2074,0.04,0.0,0.0,0.0,0.0,0.0,1.0
0,2074,0.05,0.0,0.0,0.0,0.0,0.0,1.0
0,2074,0.06,0.0,0.0,0.0,0.0,0.0,1.0
0,2074,0.07,0.0,0.0,0.0,0.0,0.0,1.0
0,2074,0.08,0.0,0.0,0.0,0.0,0.0,1.0
0,2074,0.09,0.0,0.0,0.0,0.0,0.0,1.0
0,2074,0.1,0.0,0.0,0.0,0.0,0.0,1.0
0,2074,0.11,0.0,0.0,0.0,0.0,0.0,1.0
0,2074,0.12,0.0,0.0,0.0,0.0,0.0,1.0
0,2074,0.13,0.0,0.0,0.0,0.0,0.0,1.0
0,2074,0.14,0.0,0.0,0.0,0.0,0.0,1.0
0,2074,0.15,0.0,0.0,0.0,0.0,0.0,1.0
0,2074,0.16,0.0,0.0,0.0,0.0,0.0,1.0
0,2074,0.17,0.0,0.0,0.0,0.0,0.0,1.0
0,2074,0.18,0.0,0.0,0.0,0.0,0.0,1.0
0,2074,0.19,0.0,0.0,0.0,0.0,0.0,1.0
0,2074,0.2,0.0,0.0,0.0,0.0,0.0,1.0
0,2074,0.21,0.0,0.0,0.0,0.0,0.0,1.0
0,2074,0.22,0.0,0.0,0.0,0.0,0.0,1.0
0,2074,0.23,0.0,0.0,0.0,0.0,0.0,1.0
0,2074,0.24,0.0,0.0,0.0,0.0,0.0,1.0
0,2074,0.25,0.0,0.0,0.0,0.0,0.0,1.0
0,2074,0.26,0.0,0.0,0.0,0.0,0.0,1.0
0,2074,0.27,0.0,0.0,0.0,0.0,0.0,1.0
0,2074,0.28,0.0,0.0,0.0,0.0,0.0,1.0
0,2074,0.29,0.0,0.0,0.0,0.0,0.0,1.0
0,2074,0.3,0.0,0.0,0.0,0.0,0.0,1.0
0,2074,0.31,0.0,0.0,0.0,0.0,0.0,1.0
0,2074,0.32,0.0,0.0,0.0,0.0,0.0,1.0
0,2074,0.33,0.0,0.0,0.0,0.0,0.0,1.0
0,2074,0.34,0.0,0.0,0.0,0.0,0.0,1.0
0,2074,0.35000000000000003,0.0,0.0,0.0,0.0,0.0,1.0
0,2074,0.36,0.0,0.0,0.0,0.0,0.0,1.0
0,2074,0.37,0.0,0.0,0.0,0.0,0.0,1.0
0,2074,0.38,0.0,0.0,0.0,0.0,0.0,1.0
0,2074,0.39,0.0,0.0,0.0,0.0,0.0,1.0
0,2074,0.4,0.0,0.0,0.0,0.0,0.0,1.0
0,2074,0.41000000000000003,0.0,0.0,0.0,0.0,0.0,1.0
0,2074,0.42,0.0,0.0,0.0,0.0,0.0,1.0
0,2074,0.43,0.0,0.0,0.0,0.0,0.0,1.0
0,2074,0.44,0.0,0.0,0.0,0.0,0.0,1.0
0,2074,0.45,0.0,0.0,0.0,0.0,0.0,1.0
0,2074,0.46,0.0,0.0,0.0,0.0,0.0,1.0
0,2074,0.47000000000000003,0.0,0.0,0.0,0.0,0.0,1.0
0,2074,0.48,0.0,0.0,0.0,0.0,0.0,1.0
0,2074,0.49,0.0,0.0,0.0,0.0,0.0,1.0
0,2074,0.5,0.0,0.0,0.0,0.0,0.0,1.0
0,2074,0.51,0.0,0.0,0.0,0.0,0.0,1.0
0,2074,0.52,0.0,0.0,0.0,0.0,0.0,1.0
0,2074,0.53,0.0,0.0,0.0,0.0,0.0,1.0
0,2074,0.54,0.0,0.0,0.0,0.0,0.0,1.0
0,2074,0.55,0.0,0.0,0.0,0.0,0.0,1.0
0,2074,0.56,0.0,0.0,0.0,0.0,0.0,1.0
0,2074,0.5700000000000001,0.0,0.0,0.0,0.0,0.0,1.0
0,2074,0.58,0.0,0.0,0.0,0.0,0.0,1.0
0,2074,0.59,0.0,0.0,0.0,0.0,0.0,1.0
0,2074,0.6,0.0,0.0,0.0,0.0,0.0,1.0
0,2074,0.61,0.0,0.0,0.0,0.0,0.0,1.0
0,2074,0.62,0.0,0.0,0.0,0.0,0.0,1.0
0,2074,0.63,0.0,0.0,0.0,0.0,0.0,1.0
0,2074,0.64,0.0,0.0,0.0,0.0,0.0,1.0
0,2074,0.65,0.0,0.0,0.0,0.0,0.0,1.0
0,2074,0.66,0.0,0.0,0.0,0.0,0.0,1.0
0,2074,0.67,0.0,0.0,0.0,0.0,0.0,1.0
0,2074,0.68,0.0,0.0,0.0,0.0,0.0,1.0
0,2074,0.6900000000000001,0.0,0.0,0.0,0.0,0.0,1.0
0,2074,0.7000000000000001,0.0,0.0,0.0,0.0,0.0,1.0
0,2074,0.71,0.0,0.0,0.0,0.0,0.0,1.0
0,2074,0.72,0.0,0.0,0.0,0.0,0.0,1.0
0,2074,0.73,0.0,0.0,0.0,0.0,0.0,1.0
0,2074,0.74,0.0,0.0,0.0,0.0,0.0,1.0
0,2074,0.75,0.0,0.0,0.0,0.0,0.0,1.0
0,2074,0.76,0.0,0.0,0.0,0.0,0.0,1.0
0,2074,0.77,0.0,0.0,0.0,0.0,0.0,1.0
0,2074,0.78,0.0,0.0,0.0,0.0,0.0,1.0
0,2074,0.79,0.0,0.0,0.0,0.0,0.0,1.0
0,2074,0.8,0.0,0.0,0.0,0.0,0.0,1.0
0,2074,0.81,0.0,0.0,0.0,0.0,0.0,1.0
0,2074,0.8200000000000001,0.0,0.0,0.0,0.0,0.0,1.0
0,2074,0.8300000000000001,0.0,0.0,0.0,0.0,0.0,1.0
0,2074,0.84,0.0,0.0,0.0,0.0,0.0,1.0
0,2074,0.85,0.0,0.0,0.0,0.0,0.0,1.0
0,2074,0.86,0.0,0.0,0.0,0.0,0.0,1.0
0,2074,0.87,0.0,0.0,0.0,0.0,0.0,1.0
0,2074,0.88,0.0,0.0,0.0,0.0,0.0,1.0
0,2074,0.89,0.0,0.0,0.0,0.0,0.0,1.0
0,2074,0.9,0.0,0.0,0.0,0.0,0.0,1.0
0,2074,0.91,0.0,0.0,0.0,0.0,0.0,1.0
0,2074,0.92,0.0,0.0,0.0,0.0,0.0,1.0
0,2074,0.93,0.0,0.0,0.0,0.0,0.0,1.0
0,2074,0.9400000000000001,0.0,0.0,0.0,0.0,0.0,1.0
0,2074,0.9500000000000001,0.0,0.0,0.0,0.0,0.0,1.0
0,2074,0.96,0.0,0.0,0.0,0.0,0.0,1.0
0,2074,0.97,0.0,0.0,0.0,0.0,0.0,1.0
0,2074,0.98,0.0,0.0,0.0,0.0,0.0,1.0
0,2074,0.99,0.0,0.0,0.0,0.0,0.0,1.0
0,2074,1.0,0.0,0.0,0.0,0.0,0.0,1.0
0,2075,0.01,0.480521374108119,0.09037672624929093,0.1520908264098949,0.15742576161934205,0.05246787671610694,0.06711743489724614
0,2075,0.02,0.480521374108119,0.09037672624929093,0.1520908264098949,0.15742576161934205,0.05246787671610694,0.06711743489724614
0,2075,0.03,0.480521374108119,0.09037672624929093,0.1520908264098949,0.15742576161934205,0.05246787671610694,0.06711743489724614
0,2075,0.04,0.480521374108119,0.09037672624929093,0.1520908264098949,0.15742576161934205,0.05246787671610694,0.06711743489724614
0,2075,0.05,0.480521374108119,0.09037672624929093,0.1520908264098949,0.15742576161934205,0.05246787671610694,0.06711743489724614
0,2075,0.06,0.0,0.0,0.0,0.0,0.0,1.0
0,2075,0.07,0.0,0.0,0.0,0.0,0.0,1.0
0,2075,0.08,0.0,0.0,0.0,0.0,0.0,1.0
0,2075,0.09,0.0,0.0,0.0,0.0,0.0,1.0
0,2075,0.1,0.0,0.0,0.0,0.0,0.0,1.0
0,2075,0.11,0.0,0.0,0.0,0.0,0.0,1.0
0,2075,0.12,0.0,0.0,0.0,0.0,0.0,1.0
0,2075,0.13,0.0,0.0,0.0,0.0,0.0,1.0
0,2075,0.14,0.0,0.0,0.0,0.0,0.0,1.0
0,2075,0.15,0.0,0.0,0.0,0.0,0.0,1.0
0,2075,0.16,0.0,0.0,0.0,0.0,0.0,1.0
0,2075,0.17,0.0,0.0,0.0,0.0,0.0,1.0
0,2075,0.18,0.0,0.0,0.0,0.0,0.0,1.0
0,2075,0.19,0.0,0.0,0.0,0.0,0.0,1.0
0,2075,0.2,0.0,0.0,0.0,0.0,0.0,1.0
0,2075,0.21,0.0,0.0,0.0,0.0,0.0,1.0
0,2075,0.22,0.0,0.0,0.0,0.0,0.0,1.0
0,2075,0.23,0.0,0.0,0.0,0.0,0.0,1.0
0,2075,0.24,0.0,0.0,0.0,0.0,0.0,1.0
0,2075,0.25,0.0,0.0,0.0,0.0,0.0,1.0
0,2075,0.26,0.0,0.0,0.0,0.0,0.0,1.0
0,2075,0.27,0.0,0.0,0.0,0.0,0.0,1.0
0,2075,0.28,0.0,0.0,0.0,0.0,0.0,1.0
0,2075,0.29,0.0,0.0,0.0,0.0,0.0,1.0
0,2075,0.3,0.0,0.0,0.0,0.0,0.0,1.0
0,2075,0.31,0.0,0.0,0.0,0.0,0.0,1.0
0,2075,0.32,0.0,0.0,0.0,0.0,0.0,1.0
0,2075,0.33,0.0,0.0,0.0,0.0,0.0,1.0
0,2075,0.34,0.0,0.0,0.0,0.0,0.0,1.0
0,2075,0.35000000000000003,0.0,0.0,0.0,0.0,0.0,1.0
0,2075,0.36,0.0,0.0,0.0,0.0,0.0,1.0
0,2075,0.37,0.0,0.0,0.0,0.0,0.0,1.0
0,2075,0.38,0.0,0.0,0.0,0.0,0.0,1.0
0,2075,0.39,0.0,0.0,0.0,0.0,0.0,1.0
0,2075,0.4,0.0,0.0,0.0,0.0,0.0,1.0
0,2075,0.41000000000000003,0.0,0.0,0.0,0.0,0.0,1.0
0,2075,0.42,0.0,0.0,0.0,0.0,0.0,1.0
0,2075,0.43,0.0,0.0,0.0,0.0,0.0,1.0
0,2075,0.44,0.0,0.0,0.0,0.0,0.0,1.0
0,2075,0.45,0.0,0.0,0.0,0.0,0.0,1.0
0,2075,0.46,0.0,0.0,0.0,0.0,0.0,1.0
0,2075,0.47000000000000003,0.0,0.0,0.0,0.0,0.0,1.0
0,2075,0.48,0.0,0.0,0.0,0.0,0.0,1.0
0,2075,0.49,0.0,0.0,0.0,0.0,0.0,1.0
0,2075,0.5,0.0,0.0,0.0,0.0,0.0,1.0
0,2075,0.51,0.0,0.0,0.0,0.0,0.0,1.0
0,2075,0.52,0.0,0.0,0.0,0.0,0.0,1.0
0,2075,0.53,0.0,0.0,0.0,0.0,0.0,1.0
0,2075,0.54,0.0,0.0,0.0,0.0,0.0,1.0
0,2075,0.55,0.0,0.0,0.0,0.0,0.0,1.0
0,2075,0.56,0.0,0.0,0.0,0.0,0.0,1.0
0,2075,0.5700000000000001,0.0,0.0,0.0,0.0,0.0,1.0
0,2075,0.58,0.0,0.0,0.0,0.0,0.0,1.0
0,2075,0.59,0.0,0.0,0.0,0.0,0.0,1.0
0,2075,0.6,0.0,0.0,0.0,0.0,0.0,1.0
0,2075,0.61,0.0,0.0,0.0,0.0,0.0,1.0
0,2075,0.62,0.0,0.0,0.0,0.0,0.0,1.0
0,2075,0.63,0.0,0.0,0.0,0.0,0.0,1.0
0,2075,0.64,0.0,0.0,0.0,0.0,0.0,1.0
0,2075,0.65,0.0,0.0,0.0,0.0,0.0,1.0
0,2075,0.66,0.0,0.0,0.0,0.0,0.0,1.0
0,2075,0.67,0.0,0.0,0.0,0.0,0.0,1.0
0,2075,0.68,0.0,0.0,0.0,0.0,0.0,1.0
0,2075,0.6900000000000001,0.0,0.0,0.0,0.0,0.0,1.0
0,2075,0.7000000000000001,0.0,0.0,0.0,0.0,0.0,1.0
0,2075,0.71,0.0,0.0,0.0,0.0,0.0,1.0
0,2075,0.72,0.0,0.0,0.0,0.0,0.0,1.0
0,2075,0.73,0.0,0.0,0.0,0.0,0.0,1.0
0,2075,0.74,0.0,0.0,0.0,0.0,0.0,1.0
0,2075,0.75,0.0,0.0,0.0,0.0,0.0,1.0
0,2075,0.76,0.0,0.0,0.0,0.0,0.0,1.0
0,2075,0.77,0.0,0.0,0.0,0.0,0.0,1.0
0,2075,0.78,0.0,0.0,0.0,0.0,0.0,1.0
0,2075,0.79,0.0,0.0,0.0,0.0,0.0,1.0
0,2075,0.8,0.0,0.0,0.0,0.0,0.0,1.0
0,2075,0.81,0.0,0.0,0.0,0.0,0.0,1.0
0,2075,0.8200000000000001,0.0,0.0,0.0,0.0,0.0,1.0
0,2075,0.8300000000000001,0.0,0.0,0.0,0.0,0.0,1.0
0,2075,0.84,0.0,0.0,0.0,0.0,0.0,1.0
0,2075,0.85,0.0,0.0,0.0,0.0,0.0,1.0
0,2075,0.86,0.0,0.0,0.0,0.0,0.0,1.0
0,2075,0.87,0.0,0.0,0.0,0.0,0.0,1.0
0,2075,0.88,0.0,0.0,0.0,0.0,0.0,1.0
0,2075,0.89,0.0,0.0,0.0,0.0,0.0,1.0
0,2075,0.9,0.0,0.0,0.0,0.0,0.0,1.0
0,2075,0.91,0.0,0.0,0.0,0.0,0.0,1.0
0,2075,0.92,0.0,0.0,0.0,0.0,0.0,1.0
0,2075,0.93,0.0,0.0,0.0,0.0,0.0,1.0
0,2075,0.9400000000000001,0.0,0.0,0.0,0.0,0.0,1.0
0,2075,0.9500000000000001,0.0,0.0,0.0,0.0,0.0,1.0
0,2075,0.96,0.0,0.0,0.0,0.0,0.0,1.0
0,2075,0.97,0.0,0.0,0.0,0.0,0.0,1.0
0,2075,0.98,0.0,0.0,0.0,0.0,0.0,1.0
0,2075,0.99,0.0,0.0,0.0,0.0,0.0,1.0
0,2075,1.0,0.0,0.0,0.0,0.0,0.0,1.0
1,2025,0.01,0.21863992099399668,0.024671540338291057,0.17139728930576684,0.09008888155429995,0.22515408634753106,0.2700482814601144
1,2025,0.02,0.21863992099399668,0.024671540338291057,0.17139728930576684,0.09008888155429995,0.22515408634753106,0.2700482814601144
1,2025,0.03,0.21863992099399668,0.024671540338291057,0.17139728930576684,0.09008888155429995,0.22515408634753106,0.2700482814601144
1,2025,0.04,0.21863992099399668,0.024671540338291057,0.17139728930576684,0.09008888155429995,0.22515408634753106,0.2700482814601144
1,2025,0.05,0.21863992099399668,0.024671540338291057,0.17139728930576684,0.09008888155429995,0.22515408634753106,0.2700482814601144
1,2025,0.06,0.21863992099399668,0.024671540338291057,0.17139728930576684,0.09008888155429995,0.22515408634753106,0.2700482814601144
1,2025,0.07,0.21863992099399668,0.024671540338291057,0.17139728930576684,0.09008888155429995,0.22515408634753106,0.2700482814601144
1,2025,0.08,0.21863992099399668,0.024671540338291057,0.17139728930576684,0.09008888155429995,0.22515408634753106,0.2700482814601144
1,2025,0.09,0.21863992099399668,0.024671540338291057,0.17139728930576684,0.09008888155429995,0.22515408634753106,0.2700482814601144
1,2025,0.1,0.21863992099399668,0.024671540338291057,0.17139728930576684,0.09008888155429995,0.22515408634753106,0.2700482814601144
1,2025,0.11,0.21863992099399668,0.024671540338291057,0.17139728930576684,0.09008888155429995,0.22515408634753106,0.2700482814601144
1,2025,0.12,0.21863992099399668,0.024671540338291057,0.17139728930576684,0.09008888155429995,0.22515408634753106,0.2700482814601144
1,2025,0.13,0.21863992099399668,0.024671540338291057,0.17139728930576684,0.09008888155429995,0.22515408634753106,0.2700482814601144
1,2025,0.14,0.21863992099399668,0.024671540338291057,0.17139728930576684,0.09008888155429995,0.22515408634753106,0.2700482814601144
1,2025,0.15,0.21863992099399668,0.024671540338291057,0.17139728930576684,0.09008888155429995,0.22515408634753106,0.2700482814601144
1,2025,0.16,0.21863992099399668,0.024671540338291057,0.17139728930576684,0.09008888155429995,0.22515408634753106,0.2700482814601144
1,2025,0.17,0.21863992099399668,0.024671540338291057,0.17139728930576684,0.09008888155429995,0.22515408634753106,0.2700482814601144
1,2025,0.18,0.21863992099399668,0.024671540338291057,0.17139728930576684,0.09008888155429995,0.22515408634753106,0.2700482814601144
1,2025,0.19,0.21863992099399668,0.024671540338291057,0.17139728930576684,0.09008888155429995,0.22515408634753106,0.2700482814601144
1,2025,0.2,0.21863992099399668,0.024671540338291057,0.17139728930576684,0.09008888155429995,0.22515408634753106,0.2700482814601144
1,2025,0.21,0.21863992099399668,0.024671540338291057,0.17139728930576684,0.09008888155429995,0.22515408634753106,0.2700482814601144
1,2025,0.22,0.21863992099399668,0.024671540338291057,0.17139728930576684,0.09008888155429995,0.22515408634753106,0.2700482814601144
1,2025,0.23,0.21863992099399668,0.024671540338291057,0.17139728930576684,0.09008888155429995,0.22515408634753106,0.2700482814601144
1,2025,0.24,0.21863992099399668,0.024671540338291057,0.17139728930576684,0.09008888155429995,0.22515408634753106,0.2700482814601144
1,2025,0.25,0.21863992099399668,0.024671540338291057,0.17139728930576684,0.09008888155429995,0.22515408634753106,0.2700482814601144
1,2025,0.26,0.21863992099399668,0.024671540338291057,0.17139728930576684,0.09008888155429995,0.22515408634753106,0.2700482814601144
1,2025,0.27,0.21863992099399668,0.024671540338291057,0.17139728930576684,0.09008888155429995,0.22515408634753106,0.2700482814601144
1,2025,0.28,0.21863992099399668,0.024671540338291057,0.17139728930576684,0.09008888155429995,0.22515408634753106,0.2700482814601144
1,2025,0.29,0.21863992099399668,0.024671540338291057,0.17139728930576684,0.09008888155429995,0.22515408634753106,0.2700482814601144
1,2025,0.3,0.21863992099399668,0.024671540338291057,0.17139728930576684,0.09008888155429995,0.22515408634753106,0.2700482814601144
1,2025,0.31,0.21863992099399668,0.024671540338291057,0.17139728930576684,0.09008888155429995,0.22515408634753106,0.2700482814601144
1,2025,0.32,0.21863992099399668,0.024671540338291057,0.17139728930576684,0.09008888155429995,0.22515408634753106,0.2700482814601144
1,2025,0.33,0.21863992099399668,0.024671540338291057,0.17139728930576684,0.09008888155429995,0.22515408634753106,0.2700482814601144
1,2025,0.34,0.21863992099399668,0.024671540338291057,0.17139728930576684,0.09008888155429995,0.22515408634753106,0.2700482814601144
1,2025,0.35000000000000003,0.21863992099399668,0.024671540338291057,0.17139728930576684,0.09008888155429995,0.22515408634753106,0.2700482814601144
1,2025,0.36,0.21863992099399668,0.024671540338291057,0.17139728930576684,0.09008888155429995,0.22515408634753106,0.2700482814601144
1,2025,0.37,0.21863992099399668,0.024671540338291057,0.17139728930576684,0.09008888155429995,0.22515408634753106,0.2700482814601144
1,2025,0.38,0.21863992099399668,0.024671540338291057,0.17139728930576684,0.09008888155429995,0.22515408634753106,0.2700482814601144
1,2025,0.39,0.21863992099399668,0.024671540338291057,0.17139728930576684,0.09008888155429995,0.22515408634753106,0.2700482814601144
1,2025,0.4,0.21863992099399668,0.024671540338291057,0.17139728930576684,0.09008888155429995,0.22515408634753106,0.2700482814601144
1,2025,0.41000000000000003,0.21863992099399668,0.024671540338291057,0.17139728930576684,0.09008888155429995,0.22515408634753106,0.2700482814601144
1,2025,0.42,0.21863992099399668,0.024671540338291057,0.17139728930576684,0.09008888155429995,0.22515408634753106,0.2700482814601144
1,2025,0.43,0.21863992099399668,0.024671540338291057,0.17139728930576684,0.09008888155429995,0.22515408634753106,0.2700482814601144
1,2025,0.44,0.21863992099399668,0.024671540338291057,0.17139728930576684,0.09008888155429995,0.22515408634753106,0.2700482814601144
1,2025,0.45,0.21863992099399668,0.024671540338291057,0.17139728930576684,0.09008888155429995,0.22515408634753106,0.2700482814601144
1,2025,0.46,0.21863992099399668,0.024671540338291057,0.17139728930576684,0.09008888155429995,0.22515408634753106,0.2700482814601144
1,2025,0.47000000000000003,0.21863992099399668,0.024671540338291057,0.17139728930576684,0.09008888155429995,0.22515408634753106,0.2700482814601144
1,2025,0.48,0.21863992099399668,0.024671540338291057,0.17139728930576684,0.09008888155429995,0.22515408634753106,0.2700482814601144
1,2025,0.49,0.21863992099399668,0.024671540338291057,0.17139728930576684,0.09008888155429995,0.22515408634753106,0.2700482814601144
1,2025,0.5,0.21863992099399668,0.024671540338291057,0.17139728930576684,0.09008888155429995,0.22515408634753106,0.2700482814601144
1,2025,0.51,0.21863992099399668,0.024671540338291057,0.17139728930576684,0.09008888155429995,0.22515408634753106,0.2700482814601144
1,2025,0.52,0.21863992099399668,0.024671540338291057,0.17139728930576684,0.09008888155429995,0.22515408634753106,0.2700482814601144
1,2025,0.53,0.21863992099399668,0.024671540338291057,0.17139728930576684,0.09008888155429995,0.22515408634753106,0.2700482814601144
1,2025,0.54,0.21863992099399668,0.024671540338291057,0.17139728930576684,0.09008888155429995,0.22515408634753106,0.2700482814601144
1,2025,0.55,0.21863992099399668,0.024671540338291057,0.17139728930576684,0.09008888155429995,0.22515408634753106,0.2700482814601144
1,2025,0.56,0.21863992099399668,0.024671540338291057,0.17139728930576684,0.09008888155429995,0.22515408634753106,0.2700482814601144
1,2025,0.5700000000000001,0.21863992099399668,0.024671540338291057,0.17139728930576684,0.09008888155429995,0.22515408634753106,0.2700482814601144
1,2025,0.58,0.21863992099399668,0.024671540338291057,0.17139728930576684,0.09008888155429995,0.22515408634753106,0.2700482814601144
1,2025,0.59,0.21863992099399668,0.024671540338291057,0.17139728930576684,0.09008888155429995,0.22515408634753106,0.2700482814601144
1,2025,0.6,0.21863992099399668,0.024671540338291057,0.17139728930576684,0.09008888155429995,0.22515408634753106,0.2700482814601144
1,2025,0.61,0.21863992099399668,0.024671540338291057,0.17139728930576684,0.09008888155429995,0.22515408634753106,0.2700482814601144
1,2025,0.62,0.21863992099399668,0.024671540338291057,0.17139728930576684,0.09008888155429995,0.22515408634753106,0.2700482814601144
1,2025,0.63,0.21863992099399668,0.024671540338291057,0.17139728930576684,0.09008888155429995,0.22515408634753106,0.2700482814601144
1,2025,0.64,0.21863992099399668,0.024671540338291057,0.17139728930576684,0.09008888155429995,0.22515408634753106,0.2700482814601144
1,2025,0.65,0.21863992099399668,0.024671540338291057,0.17139728930576684,0.09008888155429995,0.22515408634753106,0.2700482814601144
1,2025,0.66,0.21863992099399668,0.024671540338291057,0.17139728930576684,0.09008888155429995,0.22515408634753106,0.2700482814601144
1,2025,0.67,0.21863992099399668,0.024671540338291057,0.17139728930576684,0.09008888155429995,0.22515408634753106,0.2700482814601144
1,2025,0.68,0.21863992099399668,0.024671540338291057,0.17139728930576684,0.09008888155429995,0.22515408634753106,0.2700482814601144
1,2025,0.6900000000000001,0.21863992099399668,0.024671540338291057,0.17139728930576684,0.09008888155429995,0.22515408634753106,0.2700482814601144
1,2025,0.7000000000000001,0.21863992099399668,0.024671540338291057,0.17139728930576684,0.09008888155429995,0.22515408634753106,0.2700482814601144
1,2025,0.71,0.21863992099399668,0.024671540338291057,0.17139728930576684,0.09008888155429995,0.22515408634753106,0.2700482814601144
1,2025,0.72,0.21863992099399668,0.024671540338291057,0.17139728930576684,0.09008888155429995,0.22515408634753106,0.2700482814601144
1,2025,0.73,0.21863992099399668,0.024671540338291057,0.17139728930576684,0.09008888155429995,0.22515408634753106,0.2700482814601144
1,2025,0.74,0.21863992099399668,0.024671540338291057,0.17139728930576684,0.09008888155429995,0.22515408634753106,0.2700482814601144
1,2025,0.75,0.21863992099399668,0.024671540338291057,0.17139728930576684,0.09008888155429995,0.22515408634753106,0.2700482814601144
1,2025,0.76,0.21863992099399668,0.024671540338291057,0.17139728930576684,0.09008888155429995,0.22515408634753106,0.2700482814601144
1,2025,0.77,0.21863992099399668,0.024671540338291057,0.17139728930576684,0.09008888155429995,0.22515408634753106,0.2700482814601144
1,2025,0.78,0.21863992099399668,0.024671540338291057,0.17139728930576684,0.09008888155429995,0.22515408634753106,0.2700482814601144
1,2025,0.79,0.21863992099399668,0.024671540338291057,0.17139728930576684,0.09008888155429995,0.22515408634753106,0.2700482814601144
1,2025,0.8,0.21863992099399668,0.024671540338291057,0.17139728930576684,0.09008888155429995,0.22515408634753106,0.2700482814601144
1,2025,0.81,0.21863992099399668,0.024671540338291057,0.17139728930576684,0.09008888155429995,0.22515408634753106,0.2700482814601144
1,2025,0.8200000000000001,0.21863992099399668,0.024671540338291057,0.17139728930576684,0.09008888155429995,0.22515408634753106,0.2700482814601144
1,2025,0.8300000000000001,0.21863992099399668,0.024671540338291057,0.17139728930576684,0.09008888155429995,0.22515408634753106,0.2700482814601144
1,2025,0.84,0.21863992099399668,0.024671540338291057,0.17139728930576684,0.09008888155429995,0.22515408634753106,0.2700482814601144
1,2025,0.85,0.21863992099399668,0.024671540338291057,0.17139728930576684,0.09008888155429995,0.22515408634753106,0.2700482814601144
1,2025,0.86,0.21863992099399668,0.024671540338291057,0.17139728930576684,0.09008888155429995,0.22515408634753106,0.2700482814601144
1,2025,0.87,0.21863992099399668,0.024671540338291057,0.17139728930576684,0.09008888155429995,0.22515408634753106,0.2700482814601144
1,2025,0.88,0.21863992099399668,0.024671540338291057,0.17139728930576684,0.09008888155429995,0.22515408634753106,0.2700482814601144
1,2025,0.89,0.21863992099399668,0.024671540338291057,0.17139728930576684,0.09008888155429995,0.22515408634753106,0.2700482814601144
1,2025,0.9,0.21863992099399668,0.024671540338291057,0.17139728930576684,0.09008888155429995,0.22515408634753106,0.2700482814601144
1,2025,0.91,0.21863992099399668,0.024671540338291057,0.17139728930576684,0.09008888155429995,0.22515408634753106,0.2700482814601144
1,2025,0.92,0.21863992099399668,0.024671540338291057,0.17139728930576684,0.09008888155429995,0.22515408634753106,0.2700482814601144
1,2025,0.93,0.21863992099399668,0.024671540338291057,0.17139728930576684,0.09008888155429995,0.22515408634753106,0.2700482814601144
1,2025,0.9400000000000001,0.21863992099399668,0.024671540338291057,0.17139728930576684,0.09008888155429995,0.22515408634753106,0.2700482814601144
1,2025,0.9500000000000001,0.21863992099399668,0.024671540338291057,0.17139728930576684,0.09008888155429995,0.22515408634753106,0.2700482814601144
1,2025,0.96,0.21863992099399668,0.024671540338291057,0.17139728930576684,0.09008888155429995,0.22515408634753106,0.2700482814601144
1,2025,0.97,0.21863992099399668,0.024671540338291057,0.17139728930576684,0.09008888155429995,0.22515408634753106,0.2700482814601144
1,2025,0.98,0.21863992099399668,0.024671540338291057,0.17139728930576684,0.09008888155429995,0.22515408634753106,0.2700482814601144
1,2025,0.99,0.21863992099399668,0.024671540338291057,0.17139728930576684,0.09008888155429995,0.22515408634753106,0.2700482814601144
1,2025,1.0,0.21863992099399668,0.024671540338291057,0.17139728930576684,0.09008888155429995,0.22515408634753106,0.2700482814601144
1,2026,0.01,0.15896493091550476,0.2499877577534524,0.0755740145109465,0.28148512782129015,0.08985083028408516,0.14413733871472093
1,2026,0.02,0.15900193779877636,0.25002476463672874,0.07561102139421809,0.28152213573173185,0.0897768160039689,0.14406332443460468
1,2026,0.03,1.0,0.0,0.0,0.0,0.0,0.0
1,2026,0.04,1.0,0.0,0.0,0.0,0.0,0.0
1,2026,0.05,1.0,0.0,0.0,0.0,0.0,0.0
1,2026,0.06,1.0,0.0,0.0,0.0,7.044404674054655e-17,0.0
1,2026,0.07,1.0,0.0,0.0,0.0,0.0,0.0
1,2026,0.08,1.0,0.0,0.0,0.0,0.0,0.0
1,2026,0.09,0.9999999999999941,9.2045399244934e-15,0.0,0.0,0.0,0.0
1,2026,0.1,1.0,5.911937606128959e-14,0.0,0.0,0.0,0.0
1,2026,0.11,1.0,8.892886427247504e-14,0.0,0.0,0.0,0.0
1,2026,0.12,0.9999999999999819,2.22106853998197e-14,0.0,0.0,0.0,0.0
1,2026,0.13,0.999999999999993,0.0,1.80874625692229e-15,5.074060788926941e-15,1.6177696283422651e-15,3.113101264634273e-15
1,2026,0.14,1.0,3.1086244689504383e-15,0.0,0.0,0.0,0.0
1,2026,0.15,1.0,0.0,0.0,0.0,0.0,7.849565437382839e-16
1,2026,0.16,0.9999999999999998,0.0,0.0,2.232985151397749e-16,0.0,1.816651517163315e-16
1,2026,0.17,0.9999999999999996,9.51567918975143e-16,0.0,6.205499927266115e-18,0.0,0.0
1,2026,0.18,0.9999999999999966,3.953473439235643e-15,4.726095499297724e-17,1.3463714515020447e-16,0.0,0.0
1,2026,0.19,0.9999999999999916,9.856022634669217e-15,0.0,0.0,0.0,0.0
1,2026,0.2,0.9999999999999987,1.3697023586089164e-14,1.6252327619748157e-17,1.0586179473438407e-16,0.0,0.0
1,2026,0.21,1.0,0.0,0.0,6.648568659041065e-17,2.1914135247636967e-16,2.8853029151544196e-16
1,2026,0.22,1.0,0.0,0.0,3.3213391201751075e-16,1.425213803102747e-16,4.255908658094447e-17
1,2026,0.23,0.9999999999999999,4.996003610813204e-16,0.0,4.736652624855269e-17,0.0,0.0
1,2026,0.24,0.9999999999999998,0.0,3.908270840168275e-17,1.8315781126019899e-16,0.0,1.5540223564457007e-16
1,2026,0.25,0.9999999999999996,0.0,2.3796671067037005e-16,5.716886594085561e-16,7.081300831663109e-17,0.0
1,2026,0.26,0.999999999999428,0.0,0.0,3.410007243146886e-16,0.0,0.0
1,2026,0.27,1.0,0.0,1.9899805415925713e-16,2.8213223255260647e-16,0.0,0.0
1,2026,0.28,0.9999999999994538,0.0,6.475579450284867e-17,5.616446791986689e-16,1.5707059631080668e-16,0.0
1,2026,0.29,0.9999999999999997,5.33739719088544e-13,0.0,7.498823735999768e-16,0.0,0.0
1,2026,0.3,1.0,2.220446049250313e-16,0.0,0.0,7.347484949066318e-17,1.127819575349831e-16
1,2026,0.31,0.9999999999999263,0.0,0.0,3.9833802652310625e-16,0.0,0.0
1,2026,0.32,0.9999999999999998,0.0,0.0,4.620633185995191e-16,0.0,0.0
1,2026,0.33,1.0,8.326672684688674e-16,1.4523245816481425e-16,0.0,1.1747688254918534e-16,9.932369222875248e-17
1,2026,0.34,0.9999999999999997,6.966649479522857e-14,1.617495344242759e-16,6.062244043297702e-16,0.0,0.0
1,2026,0.35000000000000003,0.9999999999999303,1.1102230246251565e-16,8.726174292787958e-17,2.676729844294675e-16,0.0,0.0
1,2026,0.36,1.0,0.0,9.586413468993297e-17,1.3897200380353375e-16,2.830999783630452e-17,6.351331930866577e-17
1,2026,0.37,1.0,0.0,6.000887739846366e-18,2.2608831543926576e-16,0.0,0.0
1,2026,0.38,1.0,0.0,0.0,2.6800519326587317e-16,2.044472267965689e-17,1.9410707209296202e-17
1,2026,0.39,1.0,0.0,0.0,2.9007480091519163e-16,6.22253325178982e-17,0.0
1,2026,0.4,0.9999999999999996,9.006052142773177e-16,0.0,0.0,0.0,0.0
1,2026,0.41000000000000003,1.0,0.0,2.0600896921227634e-17,1.3465549623014398e-16,0.0,4.47336600592083e-18
1,2026,0.42,1.0,9.592785016513072e-14,0.0,7.507688064217911e-17,8.047512013773134e-17,1.3598140976982263e-16
1,2026,0.43,1.0,0.0,5.170731044940151e-17,5.747099475946817e-17,1.1146502495418896e-17,0.0
1,2026,0.44,0.9999999999999999,4.105989268196637e-16,0.0,0.0,0.0,5.435144695385877e-17
1,2026,0.45,0.9999999999999998,9.677580212636997e-17,5.60364819787536e-17,1.4520787550095008e-16,4.2482883536037516e-17,0.0
1,2026,0.46,0.9999999999999999,0.0,9.832487696129056e-17,5.605016070718193e-17,0.0,0.0
1,2026,0.47000000000000003,1.0,0.0,1.4121916188780236e-16,0.0,1.764915756868928e-17,0.0
1,2026,0.48,1.0,2.25342449929552e-16,0.0,0.0,0.0,0.0
1,2026,0.49,1.0,0.0,1.159352616345683e-16,0.0,4.115477652212716e-18,4.4675015056774446e-17
1,2026,0.5,1.0,5.234496517633499e-14,1.750030641358481e-17,0.0,0.0,0.0
1,2026,0.51,1.0,1.287924150831322e-16,0.0,8.140595327334796e-17,0.0,0.0
1,2026,0.52,1.0,0.0,0.0,1.577151396976031e-17,4.741801483794066e-17,5.8658342285356924e-18
1,2026,0.53,1.0,0.0,8.645285146825196e-18,0.0,4.8179086877331323e-17,3.20269944984695e-17
1,2026,0.54,1.0,0.0,0.0,0.0,3.491485485371653e-17,8.296033792439437e-17
1,2026,0.55,0.9999999999999999,1.7691047404882407e-16,5.315156141995412e-17,0.0,6.526832093306169e-18,5.2791771672336055e-17
1,2026,0.56,1.0,0.0,0.0,0.0,6.260677591297076e-18,0.0
1,2026,0.5700000000000001,1.0,1.1102230246251565e-16,3.098071698863495e-17,0.0,3.098071698863495e-17,2.4505259824365783e-17
1,2026,0.58,0.9999999999999272,0.0,7.853223305184933e-18,0.0,0.0,9.024676802687036e-18
1,2026,0.59,1.0,0.0,1.0018490771373031e-17,2.3896278579187488e-17,0.0,0.0
1,2026,0.6,1.0,0.0,0.0,0.0,0.0,0.0
1,2026,0.61,0.9999999999999999,1.2687757673796174e-16,2.6787928525657332e-17,0.0,2.910646946052917e-17,0.0
1,2026,0.62,0.9999999999999999,9.052947335649305e-17,0.0,1.609793542417911e-17,6.815733065124077e-18,0.0
1,2026,0.63,1.0,0.0,0.0,0.0,0.0,5.46624481575949e-17
1,2026,0.64,1.0,0.0,4.7080796560935557e-17,0.0,2.271695262434968e-17,0.0
1,2026,0.65,1.0,2.377026713055194e-17,0.0,0.0,2.645409102392719e-17,0.0
1,2026,0.66,1.0,7.228770787529478e-17,0.0,0.0,0.0,1.0539033286871727e-17
1,2026,0.67,1.0,1.451790436642877e-17,0.0,0.0,0.0,1.6654717029445152e-17
1,2026,0.68,1.0,4.4327292918694413e-17,0.0,3.5596295933314424e-17,3.2519077698599994e-17,0.0
1,2026,0.6900000000000001,0.9999999999999999,0.0,0.0,1.266200070587073e-16,1.5205104698766106e-17,0.0
1,2026,0.7000000000000001,0.9845351846753354,0.015464815324664614,5.368689412977913e-17,2.2400384254781708e-17,1.425340607106475e-17,1.1100057592087238e-16
1,2026,0.71,0.9580738612057934,0.041926138795008415,0.0,3.885976374603849e-17,0.0,0.0
1,2026,0.72,0.9330801834050321,0.0669198165949643,0.0,0.0,4.879040330260067e-18,1.4092775317913423e-17
1,2026,0.73,0.9090605145369366,0.09093948546306367,0.0,0.0,4.712041865521698e-17,6.199662146797998e-17
1,2026,0.74,0.8887807719222434,0.11121922807775696,8.489061076829656e-18,0.0,1.883619281702831e-17,2.3135512835087198e-17
1,2026,0.75,0.8687004517133102,0.1312995482864858,6.877755107394113e-18,1.5217846610568313e-22,1.7371252236388957e-17,2.8431524823069004e-17
1,2026,0.76,0.8507194445245753,0.14928055547542432,1.591767196750371e-17,8.886588737986345e-17,0.0,0.0
1,2026,0.77,0.8336596930372182,0.16634030696219973,5.768951141505116e-18,5.514711635766457e-17,0.0,0.0
1,2026,0.78,0.8174550562264961,0.18254494377399988,7.037861597693185e-17,0.0,0.0,0.0
1,2026,0.79,0.80302931161729,0.19697068838270984,0.0,2.6066947772790152e-17,0.0,0.0
1,2026,0.8,0.7888173657259466,0.21118263427405942,8.72213312578885e-19,7.990565122359042e-17,2.4879435935067393e-17,5.274949296330321e-17
1,2026,0.81,0.7762625544377668,0.22373744556223432,0.0,8.662577723479113e-20,3.0403493616428954e-17,5.9919013679309115e-18
1,2026,0.8200000000000001,0.7640349876051621,0.23596501239483889,0.0,0.0,1.350990357777103e-17,0.0
1,2026,0.8300000000000001,0.7521889611519571,0.24781103884880026,0.0,0.0,0.0,0.0
1,2026,0.84,0.7417775635910074,0.2582224364089926,0.0,0.0,1.4454667865903286e-17,2.009520795750318e-18
1,2026,0.85,0.7313706637668248,0.2686293362331752,5.008412739962172e-18,9.514917697332227e-18,3.702813643407665e-18,4.483820851737189e-18
1,2026,0.86,0.7220278620715289,0.27797213792847103,7.306009796229776e-18,6.110053778548684e-17,0.0,0.0
1,2026,0.87,0.7131903774315405,0.28680962256845943,1.4192641182016813e-17,1.665739289862703e-17,2.5393805768296396e-18,0.0
1,2026,0.88,0.7032349456473652,0.2967650543526348,0.0,1.5494102137087654e-17,2.0801066512564728e-18,3.381149258239078e-18
1,2026,0.89,0.695139872145729,0.304860127854271,9.632351581801501e-18,1.4815741294607513e-17,6.4511769050334426e-18,4.260652725617672e-19
1,2026,0.9,0.6876805743703742,0.3123194256296255,2.4893823736779025e-16,3.9497482697902926e-17,0.0,2.358681581667815e-17
1,2026,0.91,0.6756835428598181,0.30214839654580883,0.022168060594980887,0.0,0.0,4.181732085118767e-18
1,2026,0.92,0.6613031834588448,0.27716722372113456,0.06152959281906816,2.5355963383255003e-17,1.3009536014419973e-17,0.0
1,2026,0.93,0.6481426285764877,0.25403288555780457,0.097824485865709,9.132001244604725e-18,0.0,0.0
1,2026,0.9400000000000001,0.6363118928014174,0.2320078582563377,0.13168024894228342,0.0,0.0,0.0
1,2026,0.9500000000000001,0.624996611733036,0.21343672627333113,0.16156666199643763,2.0174350868031734e-17,1.0439099440160536e-20,2.9974904017536824e-20
1,2026,0.96,0.614877123238484,0.19538523387454337,0.18973764288700892,9.83128460297978e-17,0.0,6.976307912071973e-18
1,2026,0.97,0.6052893915651038,0.1780967983683402,0.2166138100665554,6.251816724223149e-19,0.0,1.775172380228976e-18
1,2026,0.98,0.5967909914344979,0.1631314653812144,0.2400775442722852,8.414507726829791e-25,2.211561142758351e-18,1.3439099114653466e-24
1,2026,0.99,0.5882532421185255,0.14848932569995604,0.2632574321815198,0.0,0.0,5.799517101914124e-18
1,2026,1.0,0.5806246877542309,0.13506940279897553,0.28430590944679773,3.4448582783370005e-17,0.0,4.0868299006106124e-17
1,2027,0.01,0.3217085556304832,0.07673060119220117,0.41687564426093965,0.05507655051411552,0.00751416937386692,0.12209447902870922
1,2027,0.02,1.0,0.0,0.0,0.0,0.0,0.0
1,2027,0.03,1.0,0.0,0.0,0.0,0.0,0.0
1,2027,0.04,0.9999999999999986,0.0,2.052752053764201e-16,0.0,2.4856756262918944e-17,3.8065518854776174e-17
1,2027,0.05,0.9999999999983809,0.0,1.368808451721692e-12,1.1441072306418997e-13,4.770633297869578e-14,2.6290443560084926e-13
1,2027,0.06,0.9999999999999979,2.5835112902983068e-15,0.0,0.0,4.394804424657175e-17,0.0
1,2027,0.07,0.9999999999998727,0.0,5.361895776036467e-16,4.769628130233729e-17,1.3629059488958278e-16,0.0
1,2027,0.08,0.9999999999999982,1.1496589653198336e-15,1.0515270220068707e-15,0.0,0.0,0.0
1,2027,0.09,0.9999999999999994,8.554848766904662e-16,0.0,5.99765147149654e-18,0.0,4.9794640806132e-17
1,2027,0.1,0.9999999999999996,6.699312671150261e-14,0.0,1.1647709678749349e-16,1.4618135494625475e-16,2.2112842038086293e-16
1,2027,0.11,0.9999999999999996,5.774318098845596e-14,0.0,0.0,0.0,0.0
1,2027,0.12,1.0,5.030873715674922e-14,3.730220270520426e-16,7.6476155476401e-17,0.0,0.0
1,2027,0.13,1.0,0.0,2.0182411884044879e-16,8.354814385500252e-17,0.0,5.676928607284688e-17
1,2027,0.14,0.9999999999999997,2.4495645860357207e-16,1.5147115934374298e-16,6.120748377332856e-17,0.0,0.0
1,2027,0.15,1.0,0.0,0.0,4.1536824476496105e-17,5.625879163933578e-17,0.0
1,2027,0.16,0.9999999999999167,0.0,1.247823392623141e-16,2.5615254358518607e-16,1.4036211713226503e-16,1.3590764903122256e-16
1,2027,0.17,0.9999999999999996,4.2631386322411787e-16,6.220677517569502e-17,0.0,0.0,3.6558217050392785e-17
1,2027,0.18,0.9999999999999999,1.7254659820921799e-16,0.0,2.6873024907476156e-17,2.2416294189919723e-17,0.0
1,2027,0.19,0.9999999999999999,0.0,5.465979195344474e-16,1.13086950356453e-16,1.002131293119382e-16,3.358563848730189e-16
1,2027,0.2,0.9999999999998763,0.0,0.0,1.8902239337087027e-16,5.4838105861064003e-17,2.8653432214912434e-16
1,2027,0.21,0.9999999999998671,1.1429143873694797e-16,1.0780424500940903e-17,0.0,3.316200060628681e-17,0.0
1,2027,0.22,0.9999999999998573,3.7542639270015623e-16,0.0,3.3676325526137106e-17,9.903297215064611e-18,0.0
1,2027,0.23,1.0,9.727027234266957e-14,3.8386964632957686e-17,2.900226187893214e-17,0.0,6.334227820282057e-17
1,2027,0.24,0.999999999999936,2.340532290394768e-16,0.0,0.0,0.0,0.0
1,2027,0.25,1.0,0.0,6.110999962349815e-17,2.2243506640593207e-17,1.1332169552790218e-17,0.0
1,2027,0.26,1.0,1.8583145763032617e-16,0.0,0.0,0.0,4.3613566995145075e-17
1,2027,0.27,1.0,0.0,0.0,4.680953162463832e-17,4.1084819933768645e-18,1.3194327663691968e-17
1,2027,0.28,1.0,2.985900363075568e-14,6.774936844203051e-17,3.839352724730616e-17,0.0,0.0
1,2027,0.29,1.0,1.0795767919132423e-16,0.0,0.0,1.965919864455867e-17,0.0
1,2027,0.3,0.9999999999999999,1.354196029934793e-16,2.9396266364072685e-18,5.78226063115253e-18,1.9108047814125305e-18,0.0
1,2027,0.31,1.0,0.0,3.326332264882353e-17,3.4519224701809865e-17,0.0,2.0538098874430387e-17
1,2027,0.32,0.9999999999999999,0.0,9.773040648462867e-17,1.824391062857902e-17,0.0,1.1122699542203097e-17
1,2027,0.33,0.9444327621521038,0.055567237847896356,0.0,5.211062454983376e-17,2.5231746933953288e-17,0.0
1,2027,0.34,0.8921141078481776,0.10788589215183947,9.458755776922342e-17,0.0,0.0,5.0083339190287364e-17
1,2027,0.35000000000000003,0.848116083688568,0.15188391631179007,0.0,2.0325620625894826e-17,0.0,2.6321945432330294e-18
1,2027,0.36,0.8113705282430176,0.18862947175552636,1.1975898167260559e-23,1.4559473087541788e-12,0.0,1.387468706023885e-20
1,2027,0.37,0.7796429652244455,0.22035703477555407,0.0,0.0,0.0,7.034982509594976e-17
1,2027,0.38,0.7521287301719453,0.24787126982851992,0.0,3.221004366721038e-18,7.055146048363952e-18,0.0
1,2027,0.39,0.7280163076123533,0.2719836923876468,5.145986837144466e-17,0.0,2.0418335941949174e-17,0.0
1,2027,0.4,0.7063766642560758,0.29362333574392413,0.0,7.982026206471457e-18,0.0,0.0
1,2027,0.41000000000000003,0.6875935240045218,0.31240647599547827,6.862876051177675e-20,3.1003853472399294e-18,2.5447590743946795e-18,3.2665554538740516e-18
1,2027,0.42,0.6574873816532567,0.27020118270039856,0.07231143564634497,6.3609204182696605e-18,4.3991820931263e-18,1.1835485108860618e-17
1,2027,0.43,0.6289564400656,0.22022229702979207,0.1508212629046083,0.0,0.0,7.976646035706558e-18
1,2027,0.44,0.6060285177759271,0.17944802126411227,0.21452345092295722,1.0037003438818918e-08,4.729721871781814e-18,0.0
1,2027,0.45,0.5862186201682541,0.1451196542743146,0.26866172555745993,4.621230940168518e-18,0.0,3.3508526662060745e-18
1,2027,0.46,0.5693637636202515,0.11512957882095949,0.31550665755876783,0.0,1.0333060944341144e-18,0.0
1,2027,0.47000000000000003,0.5547390497328039,0.0894946278800804,0.3557663223873972,2.6878101458106445e-17,1.5984840971852104e-18,0.0
1,2027,0.48,0.5418383428745164,0.06707999485250235,0.39108166227298113,0.0,2.492365810195021e-18,1.3839297224989113e-17
1,2027,0.49,0.5155788830880604,0.05844340575417317,0.3686880835120769,0.0,0.0572896276460273,0.0
1,2027,0.5,0.49031805965626063,0.05368049842740827,0.34128296145555614,0.0,0.11471848046077833,1.8836417402328866e-21
1,2027,0.51,0.4689991080503967,0.04969032952546365,0.31645544713971563,0.0,0.16485511528442431,0.0
1,2027,0.52,0.45061384687856826,0.04599796862564719,0.2954075561283593,2.8979124123737364e-17,0.20798062836678693,0.0
1,2027,0.53,0.43428471796740764,0.04355448642134941,0.27551549922379065,8.14933761408705e-18,0.2466452963874478,1.7177830094588723e-17
1,2027,0.54,0.420717904071832,0.040067534652227677,0.2614301616814034,0.0,0.27778439959471646,0.0
1,2027,0.55,0.4080186554370988,0.03836571820686293,0.2463840766798285,0.0,0.30723154967636224,0.0
1,2027,0.56,0.39690132921958793,0.03602572808010114,0.23346152388410682,5.296349759806263e-10,0.33361141828612767,0.0
1,2027,0.5700000000000001,0.38700570144048796,0.0342162190931226,0.22226766950568128,0.0,0.3565104099606424,6.999939883096178e-18
1,2027,0.58,0.0,0.0,0.0,0.0,0.0,1.0
1,2027,0.59,0.0,0.0,0.0,0.0,0.0,1.0
1,2027,0.6,0.0,0.0,0.0,0.0,0.0,1.0
1,2027,0.61,0.0,0.0,0.0,0.0,0.0,1.0
1,2027,0.62,0.0,0.0,0.0,0.0,0.0,1.0
1,2027,0.63,0.0,0.0,0.0,0.0,0.0,1.0
1,2027,0.64,0.0,0.0,0.0,0.0,0.0,1.0
1,2027,0.65,0.0,0.0,0.0,0.0,0.0,1.0
1,2027,0.66,0.0,0.0,0.0,0.0,0.0,1.0
1,2027,0.67,0.0,0.0,0.0,0.0,0.0,1.0
1,2027,0.68,0.0,0.0,0.0,0.0,0.0,1.0
1,2027,0.6900000000000001,0.0,0.0,0.0,0.0,0.0,1.0
1,2027,0.7000000000000001,0.0,0.0,0.0,0.0,0.0,1.0
1,2027,0.71,0.0,0.0,0.0,0.0,0.0,1.0
1,2027,0.72,0.0,0.0,0.0,0.0,0.0,1.0
1,2027,0.73,0.0,0.0,0.0,0.0,0.0,1.0
1,2027,0.74,0.0,0.0,0.0,0.0,0.0,1.0
1,2027,0.75,0.0,0.0,0.0,0.0,0.0,1.0
1,2027,0.76,0.0,0.0,0.0,0.0,0.0,1.0
1,2027,0.77,0.0,0.0,0.0,0.0,0.0,1.0
1,2027,0.78,0.0,0.0,0.0,0.0,0.0,1.0
1,2027,0.79,0.0,0.0,0.0,0.0,0.0,1.0
1,2027,0.8,0.0,0.0,0.0,0.0,0.0,1.0
1,2027,0.81,0.0,0.0,0.0,0.0,0.0,1.0
1,2027,0.8200000000000001,0.0,0.0,0.0,0.0,0.0,1.0
1,2027,0.8300000000000001,0.0,0.0,0.0,0.0,0.0,1.0
1,2027,0.84,0.0,0.0,0.0,0.0,0.0,1.0
1,2027,0.85,0.0,0.0,0.0,0.0,0.0,1.0
1,2027,0.86,0.0,0.0,0.0,0.0,0.0,1.0
1,2027,0.87,0.0,0.0,0.0,0.0,0.0,1.0
1,2027,0.88,0.0,0.0,0.0,0.0,0.0,1.0
1,2027,0.89,0.0,0.0,0.0,0.0,0.0,1.0
1,2027,0.9,0.0,0.0,0.0,0.0,0.0,1.0
1,2027,0.91,0.0,0.0,0.0,0.0,0.0,1.0
1,2027,0.92,0.0,0.0,0.0,0.0,0.0,1.0
1,2027,0.93,0.0,0.0,0.0,0.0,0.0,1.0
1,2027,0.9400000000000001,0.0,0.0,0.0,0.0,0.0,1.0
1,2027,0.9500000000000001,0.0,0.0,0.0,0.0,0.0,1.0
1,2027,0.96,0.0,0.0,0.0,0.0,0.0,1.0
1,2027,0.97,0.0,0.0,0.0,0.0,0.0,1.0
1,2027,0.98,0.0,0.0,0.0,0.0,0.0,1.0
1,2027,0.99,0.0,0.0,0.0,0.0,0.0,1.0
1,2027,1.0,0.0,0.0,0.0,0.0,0.0,1.0
1,2028,0.01,0.10877686400948279,0.22773616465982993,0.1782811693734576,0.08308535623196706,0.16985254383699538,0.2322679018882673
1,2028,0.02,1.0,0.0,0.0,0.0,0.0,0.0
1,2028,0.03,1.0,0.0,0.0,0.0,0.0,0.0
1,2028,0.04,1.0,0.0,0.0,0.0,0.0,0.0
1,2028,0.05,1.0,0.0,6.991582233129976e-14,2.990665856026014e-14,7.743911137057204e-14,9.675031822645835e-14
1,2028,0.06,1.0,0.0,3.716920468136716e-17,1.9872116920704016e-17,0.0,0.0
1,2028,0.07,0.9999999999999991,0.0,5.363854199688756e-16,0.0,5.780187833923189e-16,6.751632980470201e-16
1,2028,0.08,0.9999999999999928,8.756379802306344e-15,0.0,0.0,0.0,0.0
1,2028,0.09,1.0,0.0,4.551543287234043e-16,2.628105537379458e-16,0.0,0.0
1,2028,0.1,0.9999999999999987,1.735584819909008e-15,0.0,0.0,1.0784456978573443e-16,0.0
1,2028,0.11,1.0,3.948310753861857e-16,0.0,0.0,4.781578912378969e-19,9.544749193739005e-17
1,2028,0.12,1.0,0.0,9.24666725418066e-16,1.4308717321030206e-16,0.0,0.0
1,2028,0.13,0.9999999999999999,1.6976212144591433e-16,0.0,3.400772747299396e-17,2.910128912602343e-17,3.658906037975144e-17
1,2028,0.14,0.9999999999999999,3.5122935137279996e-16,0.0,0.0,0.0,4.833163998408303e-17
1,2028,0.15,0.9999999999999999,8.289858395125179e-17,1.8444428658976743e-17,4.539777758993289e-18,1.2666847129661488e-17,0.0
1,2028,0.16,1.0,0.0,9.174570830661881e-17,0.0,0.0,0.0
1,2028,0.17,0.9999999999999999,1.152541515166388e-16,6.577243496966307e-17,0.0,0.0,0.0
1,2028,0.18,0.9999999999999999,1.791854752418842e-17,6.22259593629015e-17,1.5848822517572537e-17,0.0,0.0
1,2028,0.19,1.0,0.0,0.0,9.35401660001006e-18,1.924736142394029e-17,0.0
1,2028,0.2,1.0,0.0,7.387522985207671e-17,0.0,9.174969868231397e-18,0.0
1,2028,0.21,1.0,5.916986766763698e-17,0.0,0.0,8.430701521180272e-19,0.0
1,2028,0.22,0.9542225689090217,0.045777431090873476,0.0,2.5384922702773608e-17,0.0,5.5151917762634555e-18
1,2028,0.23,0.872970041717812,0.1270299582816458,0.0,1.1672977965060045e-17,0.0,1.843375269149281e-17
1,2028,0.24,0.8114325257600001,0.18856747424030196,0.0,1.5846093615982552e-17,2.2751369769258832e-18,5.6785811085104044e-18
1,2028,0.25,0.7633156298173781,0.2366843701827667,2.2962881793476418e-17,5.2113723320928285e-18,0.0,7.259139866264828e-17
1,2028,0.26,0.7231923308599791,0.276807669140021,4.3758405422687486e-17,0.0,0.0,0.0
1,2028,0.27,0.691709124644043,0.308290875355957,0.0,6.243284097528359e-19,6.5757843454144526e-18,1.5758478600941434e-17
1,2028,0.28,0.646154735662475,0.2503476421829943,0.10349762215536767,4.5057274276970665e-18,9.794118086304318e-19,1.0453345959784176e-17
1,2028,0.29,0.6064427779339427,0.18027647963028004,0.2132807424357774,2.8556075143857444e-18,3.41169297610999e-18,0.0
1,2028,0.3,0.5760030739708396,0.12689555646955122,0.2971013695595546,5.2358576105269824e-18,0.0,7.148500719657828e-18
1,2028,0.31,0.5521743069084081,0.08460243651061511,0.3632232565809768,0.0,1.9832426269667606e-18,2.1260028112786828e-17
1,2028,0.32,0.5204194709033408,0.05937439091788979,0.3752694258540867,0.0,0.0449367123247008,1.4198107813370976e-17
1,2028,0.33,0.48070821339715536,0.052099248333703406,0.32954499920214875,4.4862379132777735e-18,0.13764753906716695,0.0
1,2028,0.34,0.44954724637889204,0.04620940951667842,0.2936267967576567,0.0,0.2106165473464397,0.0
1,2028,0.35000000000000003,0.42488888328589797,0.04141763937063864,0.26572002432983394,0.0,0.26797345301343684,6.175120463267874e-17
1,2028,0.36,0.40479033011706983,0.03720084311533733,0.24297333656524275,0.0,0.315035490201884,1.7273236693964888e-19
1,2028,0.37,0.3876361024425484,0.03459249894606426,0.22248820862762372,2.4359271292820983e-20,0.35528318998376357,2.934316507560273e-18
1,2028,0.38,0.0,0.0,0.0,0.0,0.0,1.0
1,2028,0.39,0.0,0.0,0.0,0.0,0.0,1.0
1,2028,0.4,0.0,0.0,0.0,0.0,0.0,1.0
1,2028,0.41000000000000003,0.0,0.0,0.0,0.0,0.0,1.0
1,2028,0.42,0.0,0.0,0.0,0.0,0.0,1.0
1,2028,0.43,0.0,0.0,0.0,0.0,0.0,1.0
1,2028,0.44,0.0,0.0,0.0,0.0,0.0,1.0
1,2028,0.45,0.0,0.0,0.0,0.0,0.0,1.0
1,2028,0.46,0.0,0.0,0.0,0.0,0.0,1.0
1,2028,0.47000000000000003,0.0,0.0,0.0,0.0,0.0,1.0
1,2028,0.48,0.0,0.0,0.0,0.0,0.0,1.0
1,2028,0.49,0.0,0.0,0.0,0.0,0.0,1.0
1,2028,0.5,0.0,0.0,0.0,0.0,0.0,1.0
1,2028,0.51,0.0,0.0,0.0,0.0,0.0,1.0
1,2028,0.52,0.0,0.0,0.0,0.0,0.0,1.0
1,2028,0.53,0.0,0.0,0.0,0.0,0.0,1.0
1,2028,0.54,0.0,0.0,0.0,0.0,0.0,1.0
1,2028,0.55,0.0,0.0,0.0,0.0,0.0,1.0
1,2028,0.56,0.0,0.0,0.0,0.0,0.0,1.0
1,2028,0.5700000000000001,0.0,0.0,0.0,0.0,0.0,1.0
1,2028,0.58,0.0,0.0,0.0,0.0,0.0,1.0
1,2028,0.59,0.0,0.0,0.0,0.0,0.0,1.0
1,2028,0.6,0.0,0.0,0.0,0.0,0.0,1.0
1,2028,0.61,0.0,0.0,0.0,0.0,0.0,1.0
1,2028,0.62,0.0,0.0,0.0,0.0,0.0,1.0
1,2028,0.63,0.0,0.0,0.0,0.0,0.0,1.0
1,2028,0.64,0.0,0.0,0.0,0.0,0.0,1.0
1,2028,0.65,0.0,0.0,0.0,0.0,0.0,1.0
1,2028,0.66,0.0,0.0,0.0,0.0,0.0,1.0
1,2028,0.67,0.0,0.0,0.0,0.0,0.0,1.0
1,2028,0.68,0.0,0.0,0.0,0.0,0.0,1.0
1,2028,0.6900000000000001,0.0,0.0,0.0,0.0,0.0,1.0
1,2028,0.7000000000000001,0.0,0.0,0.0,0.0,0.0,1.0
1,2028,0.71,0.0,0.0,0.0,0.0,0.0,1.0
1,2028,0.72,0.0,0.0,0.0,0.0,0.0,1.0
1,2028,0.73,0.0,0.0,0.0,0.0,0.0,1.0
1,2028,0.74,0.0,0.0,0.0,0.0,0.0,1.0
1,2028,0.75,0.0,0.0,0.0,0.0,0.0,1.0
1,2028,0.76,0.0,0.0,0.0,0.0,0.0,1.0
1,2028,0.77,0.0,0.0,0.0,0.0,0.0,1.0
1,2028,0.78,0.0,0.0,0.0,0.0,0.0,1.0
1,2028,0.79,0.0,0.0,0.0,0.0,0.0,1.0
1,2028,0.8,0.0,0.0,0.0,0.0,0.0,1.0
1,2028,0.81,0.0,0.0,0.0,0.0,0.0,1.0
1,2028,0.8200000000000001,0.0,0.0,0.0,0.0,0.0,1.0
1,2028,0.8300000000000001,0.0,0.0,0.0,0.0,0.0,1.0
1,2028,0.84,0.0,0.0,0.0,0.0,0.0,1.0
1,2028,0.85,0.0,0.0,0.0,0.0,0.0,1.0
1,2028,0.86,0.0,0.0,0.0,0.0,0.0,1.0
1,2028,0.87,0.0,0.0,0.0,0.0,0.0,1.0
1,2028,0.88,0.0,0.0,0.0,0.0,0.0,1.0
1,2028,0.89,0.0,0.0,0.0,0.0,0.0,1.0
1,2028,0.9,0.0,0.0,0.0,0.0,0.0,1.0
1,2028,0.91,0.0,0.0,0.0,0.0,0.0,1.0
1,2028,0.92,0.0,0.0,0.0,0.0,0.0,1.0
1,2028,0.93,0.0,0.0,0.0,0.0,0.0,1.0
1,2028,0.9400000000000001,0.0,0.0,0.0,0.0,0.0,1.0
1,2028,0.9500000000000001,0.0,0.0,0.0,0.0,0.0,1.0
1,2028,0.96,0.0,0.0,0.0,0.0,0.0,1.0
1,2028,0.97,0.0,0.0,0.0,0.0,0.0,1.0
1,2028,0.98,0.0,0.0,0.0,0.0,0.0,1.0
1,2028,0.99,0.0,0.0,0.0,0.0,0.0,1.0
1,2028,1.0,0.0,0.0,0.0,0.0,0.0,1.0
1,2029,0.01,0.2505039558247175,0.18199276696274128,0.01466301690274566,0.09672420976928002,0.21733846869152712,0.23877758184898837
1,2029,0.02,1.0,0.0,0.0,0.0,0.0,0.0
1,2029,0.03,0.9999999999982212,2.51826683808315e-12,0.0,0.0,0.0,0.0
1,2029,0.04,0.9999999999999936,0.0,4.772722411951372e-16,8.396833476457816e-16,3.4781534771643173e-15,4.529395903606262e-15
1,2029,0.05,0.9999999999999971,4.600596820961683e-15,0.0,0.0,0.0,0.0
1,2029,0.06,0.9999999999999946,6.192739900831373e-15,2.1066881370270574e-16,0.0,0.0,0.0
1,2029,0.07,1.0,0.0,0.0,2.407308941921474e-16,1.446548207794195e-16,0.0
1,2029,0.08,0.9999999999999993,8.785872688156667e-16,0.0,0.0,1.1066634811264279e-18,1.0558029606324262e-17
1,2029,0.09,1.0,0.0,1.2363644618911973e-16,0.0,4.1788756618405105e-17,0.0
1,2029,0.1,0.9999999999999998,3.645174752322492e-16,0.0,4.898632870592207e-17,0.0,4.9145079148827144e-18
1,2029,0.11,1.0,4.000370334264286e-14,0.0,0.0,0.0,0.0
1,2029,0.12,1.0,0.0,4.064025758433285e-17,2.9917067331434574e-17,3.603919180345529e-20,0.0
1,2029,0.13,1.0,0.0,0.0,6.61284347511369e-17,3.837285913550799e-17,0.0
1,2029,0.14,1.0,0.0,2.395986812888717e-17,4.598076878213584e-17,0.0,1.1156760913478549e-17
1,2029,0.15,1.0,0.0,1.9390670034201187e-17,2.9106561455681636e-17,6.118285213525474e-17,2.8116941575927653e-18
1,2029,0.16,1.0,0.0,0.0,0.0,2.3456279910790088e-18,0.0
1,2029,0.17,0.8815316897684846,0.11846831023151595,7.447900457540513e-17,6.940602652072234e-17,1.2607452392415296e-17,8.486994527102047e-17
1,2029,0.18,0.794641002059625,0.20535899794117504,0.0,1.2368036921841384e-17,0.0,2.876444295297793e-17
1,2029,0.19,0.7325289156783621,0.2674710843216381,3.6858266726653906e-18,0.0,0.0,0.0
1,2029,0.2,0.6857746582833367,0.3142253417166633,7.651123553162396e-19,0.0,0.0,1.6559377440213683e-17
1,2029,0.21,0.6191519924096999,0.20253240049802726,0.17831560709227745,0.0,3.437089500633045e-21,5.073461572440613e-17
1,2029,0.22,0.5732641483035129,0.12211582798486231,0.3046200237116248,0.0,2.9507026572194175e-18,0.0
1,2029,0.23,0.5407023157804952,0.06472471871243946,0.39457296550706855,1.609711445020709e-16,0.0,0.0
1,2029,0.24,0.48003193030222435,0.05177934010313636,0.32885752730064516,1.0566455764872876e-22,0.13933120229404936,1.039277262644877e-21
1,2029,0.25,0.4372913277056859,0.04329921193265838,0.2802127443115812,0.0,0.23919671605007442,0.0
1,2029,0.26,0.4058975295675022,0.03713736152758408,0.24396189416649725,9.509215716429394e-18,0.31300321473838955,4.2830369614516314e-17
1,2029,0.27,0.0,0.0,0.0,0.0,0.0,1.0
1,2029,0.28,0.0,0.0,0.0,0.0,0.0,1.0
1,2029,0.29,0.0,0.0,0.0,0.0,0.0,1.0
1,2029,0.3,0.0,0.0,0.0,0.0,0.0,1.0
1,2029,0.31,0.0,0.0,0.0,0.0,0.0,1.0
1,2029,0.32,0.0,0.0,0.0,0.0,0.0,1.0
1,2029,0.33,0.0,0.0,0.0,0.0,0.0,1.0
1,2029,0.34,0.0,0.0,0.0,0.0,0.0,1.0
1,2029,0.35000000000000003,0.0,0.0,0.0,0.0,0.0,1.0
1,2029,0.36,0.0,0.0,0.0,0.0,0.0,1.0
1,2029,0.37,0.0,0.0,0.0,0.0,0.0,1.0
1,2029,0.38,0.0,0.0,0.0,0.0,0.0,1.0
1,2029,0.39,0.0,0.0,0.0,0.0,0.0,1.0
1,2029,0.4,0.0,0.0,0.0,0.0,0.0,1.0
1,2029,0.41000000000000003,0.0,0.0,0.0,0.0,0.0,1.0
1,2029,0.42,0.0,0.0,0.0,0.0,0.0,1.0
1,2029,0.43,0.0,0.0,0.0,0.0,0.0,1.0
1,2029,0.44,0.0,0.0,0.0,0.0,0.0,1.0
1,2029,0.45,0.0,0.0,0.0,0.0,0.0,1.0
1,2029,0.46,0.0,0.0,0.0,0.0,0.0,1.0
1,2029,0.47000000000000003,0.0,0.0,0.0,0.0,0.0,1.0
1,2029,0.48,0.0,0.0,0.0,0.0,0.0,1.0
1,2029,0.49,0.0,0.0,0.0,0.0,0.0,1.0
1,2029,0.5,0.0,0.0,0.0,0.0,0.0,1.0
1,2029,0.51,0.0,0.0,0.0,0.0,0.0,1.0
1,2029,0.52,0.0,0.0,0.0,0.0,0.0,1.0
1,2029,0.53,0.0,0.0,0.0,0.0,0.0,1.0
1,2029,0.54,0.0,0.0,0.0,0.0,0.0,1.0
1,2029,0.55,0.0,0.0,0.0,0.0,0.0,1.0
1,2029,0.56,0.0,0.0,0.0,0.0,0.0,1.0
1,2029,0.5700000000000001,0.0,0.0,0.0,0.0,0.0,1.0
1,2029,0.58,0.0,0.0,0.0,0.0,0.0,1.0
1,2029,0.59,0.0,0.0,0.0,0.0,0.0,1.0
1,2029,0.6,0.0,0.0,0.0,0.0,0.0,1.0
1,2029,0.61,0.0,0.0,0.0,0.0,0.0,1.0
1,2029,0.62,0.0,0.0,0.0,0.0,0.0,1.0
1,2029,0.63,0.0,0.0,0.0,0.0,0.0,1.0
1,2029,0.64,0.0,0.0,0.0,0.0,0.0,1.0
1,2029,0.65,0.0,0.0,0.0,0.0,0.0,1.0
1,2029,0.66,0.0,0.0,0.0,0.0,0.0,1.0
1,2029,0.67,0.0,0.0,0.0,0.0,0.0,1.0
1,2029,0.68,0.0,0.0,0.0,0.0,0.0,1.0
1,2029,0.6900000000000001,0.0,0.0,0.0,0.0,0.0,1.0
1,2029,0.7000000000000001,0.0,0.0,0.0,0.0,0.0,1.0
1,2029,0.71,0.0,0.0,0.0,0.0,0.0,1.0
1,2029,0.72,0.0,0.0,0.0,0.0,0.0,1.0
1,2029,0.73,0.0,0.0,0.0,0.0,0.0,1.0
1,2029,0.74,0.0,0.0,0.0,0.0,0.0,1.0
1,2029,0.75,0.0,0.0,0.0,0.0,0.0,1.0
1,2029,0.76,0.0,0.0,0.0,0.0,0.0,1.0
1,2029,0.77,0.0,0.0,0.0,0.0,0.0,1.0
1,2029,0.78,0.0,0.0,0.0,0.0,0.0,1.0
1,2029,0.79,0.0,0.0,0.0,0.0,0.0,1.0
1,2029,0.8,0.0,0.0,0.0,0.0,0.0,1.0
1,2029,0.81,0.0,0.0,0.0,0.0,0.0,1.0
1,2029,0.8200000000000001,0.0,0.0,0.0,0.0,0.0,1.0
1,2029,0.8300000000000001,0.0,0.0,0.0,0.0,0.0,1.0
1,2029,0.84,0.0,0.0,0.0,0.0,0.0,1.0
1,2029,0.85,0.0,0.0,0.0,0.0,0.0,1.0
1,2029,0.86,0.0,0.0,0.0,0.0,0.0,1.0
1,2029,0.87,0.0,0.0,0.0,0.0,0.0,1.0
1,2029,0.88,0.0,0.0,0.0,0.0,0.0,1.0
1,2029,0.89,0.0,0.0,0.0,0.0,0.0,1.0
1,2029,0.9,0.0,0.0,0.0,0.0,0.0,1.0
1,2029,0.91,0.0,0.0,0.0,0.0,0.0,1.0
1,2029,0.92,0.0,0.0,0.0,0.0,0.0,1.0
1,2029,0.93,0.0,0.0,0.0,0.0,0.0,1.0
1,2029,0.9400000000000001,0.0,0.0,0.0,0.0,0.0,1.0
1,2029,0.9500000000000001,0.0,0.0,0.0,0.0,0.0,1.0
1,2029,0.96,0.0,0.0,0.0,0.0,0.0,1.0
1,2029,0.97,0.0,0.0,0.0,0.0,0.0,1.0
1,2029,0.98,0.0,0.0,0.0,0.0,0.0,1.0
1,2029,0.99,0.0,0.0,0.0,0.0,0.0,1.0
1,2029,1.0,0.0,0.0,0.0,0.0,0.0,1.0
1,2030,0.01,1.0,8.451968414808634e-17,3.09186969449385e-17,5.147287446463113e-18,0.0,0.0
1,2030,0.02,1.0,0.0,0.0,0.0,0.0,0.0
1,2030,0.03,0.9999999999999513,0.0,2.5774004361565534e-14,1.960317570894184e-14,1.2473210019636994e-14,3.365217202311254e-15
1,2030,0.04,0.9999999999999999,4.440892098500626e-16,0.0,0.0,0.0,5.120621747846768e-16
1,2030,0.05,0.9999999999999993,9.57012247226885e-14,2.094212539349596e-16,2.520638294301029e-16,1.8267489039103064e-16,0.0
1,2030,0.06,1.0,3.426892530420621e-13,0.0,0.0,1.379295127910072e-16,1.7917716568253173e-16
1,2030,0.07,1.0,0.0,1.7220225138104775e-16,8.956979588515461e-18,7.71130001380997e-17,7.92744806254096e-17
1,2030,0.08,1.0,0.0,0.0,1.6159633362933354e-16,1.0973890351749378e-17,0.0
1,2030,0.09,0.9999999999999999,2.999596480129128e-17,9.07467452058369e-18,2.0603228113031075e-16,0.0,0.0
1,2030,0.1,1.0,0.0,0.0,0.0,6.51842777456588e-17,1.4904402325375434e-17
1,2030,0.11,0.9999999999999999,4.258985886545552e-17,0.0,1.586532428090741e-17,3.972649555206539e-17,0.0
1,2030,0.12,1.0,0.0,4.772804319836292e-18,1.421231166864621e-16,5.935753232077137e-17,0.0
1,2030,0.13,1.0,8.930162698489252e-17,0.0,0.0,0.0,0.0
1,2030,0.14,1.0,0.0,3.490408294742624e-17,0.0,1.2480069571120356e-17,2.678289193578115e-17
1,2030,0.15,0.9111437987880047,0.0888562012119984,0.0,5.66668720047958e-18,6.738167079914151e-18,1.844878619263621e-17
1,2030,0.16,0.8005368416981122,0.19946315830188804,4.0079607359214385e-17,0.0,1.91803202338581e-17,1.8166354937340992e-17
1,2030,0.17,0.7270082848111963,0.2729917151888038,0.0,0.0,7.650618297165563e-18,6.922143772755561e-18
1,2030,0.18,0.6633831028438573,0.27898949640586646,0.057627400750382016,0.0,0.0,0.0
1,2030,0.19,0.5931893403454804,0.15673033632692498,0.25008032332759506,1.2759238428176117e-17,8.428262255651643e-18,0.0
1,2030,0.2,0.5488610504242665,0.07792428989354519,0.37321465937871867,1.8745156354944745e-17,3.033797047773185e-10,0.0
1,2030,0.21,0.4827925891921069,0.05239693149346541,0.3318767248538539,0.0,0.13293375446056616,5.2757411634199186e-18
1,2030,0.22,0.43109448121530286,0.042954265510226734,0.2724968304925174,4.91587050188167e-18,0.25345442278195557,0.0
1,2030,0.23,0.39572945037587065,0.035778237667927044,0.23265779161646105,0.0,0.335834520339742,1.1385062253421712e-21
1,2030,0.24,0.0,0.0,0.0,0.0,0.0,1.0
1,2030,0.25,0.0,0.0,0.0,0.0,0.0,1.0
1,2030,0.26,0.0,0.0,0.0,0.0,0.0,1.0
1,2030,0.27,0.0,0.0,0.0,0.0,0.0,1.0
1,2030,0.28,0.0,0.0,0.0,0.0,0.0,1.0
1,2030,0.29,0.0,0.0,0.0,0.0,0.0,1.0
1,2030,0.3,0.0,0.0,0.0,0.0,0.0,1.0
1,2030,0.31,0.0,0.0,0.0,0.0,0.0,1.0
1,2030,0.32,0.0,0.0,0.0,0.0,0.0,1.0
1,2030,0.33,0.0,0.0,0.0,0.0,0.0,1.0
1,2030,0.34,0.0,0.0,0.0,0.0,0.0,1.0
1,2030,0.35000000000000003,0.0,0.0,0.0,0.0,0.0,1.0
1,2030,0.36,0.0,0.0,0.0,0.0,0.0,1.0
1,2030,0.37,0.0,0.0,0.0,0.0,0.0,1.0
1,2030,0.38,0.0,0.0,0.0,0.0,0.0,1.0
1,2030,0.39,0.0,0.0,0.0,0.0,0.0,1.0
1,2030,0.4,0.0,0.0,0.0,0.0,0.0,1.0
1,2030,0.41000000000000003,0.0,0.0,0.0,0.0,0.0,1.0
1,2030,0.42,0.0,0.0,0.0,0.0,0.0,1.0
1,2030,0.43,0.0,0.0,0.0,0.0,0.0,1.0
1,2030,0.44,0.0,0.0,0.0,0.0,0.0,1.0
1,2030,0.45,0.0,0.0,0.0,0.0,0.0,1.0
1,2030,0.46,0.0,0.0,0.0,0.0,0.0,1.0
1,2030,0.47000000000000003,0.0,0.0,0.0,0.0,0.0,1.0
1,2030,0.48,0.0,0.0,0.0,0.0,0.0,1.0
1,2030,0.49,0.0,0.0,0.0,0.0,0.0,1.0
1,2030,0.5,0.0,0.0,0.0,0.0,0.0,1.0
1,2030,0.51,0.0,0.0,0.0,0.0,0.0,1.0
1,2030,0.52,0.0,0.0,0.0,0.0,0.0,1.0
1,2030,0.53,0.0,0.0,0.0,0.0,0.0,1.0
1,2030,0.54,0.0,0.0,0.0,0.0,0.0,1.0
1,2030,0.55,0.0,0.0,0.0,0.0,0.0,1.0
1,2030,0.56,0.0,0.0,0.0,0.0,0.0,1.0
1,2030,0.5700000000000001,0.0,0.0,0.0,0.0,0.0,1.0
1,2030,0.58,0.0,0.0,0.0,0.0,0.0,1.0
1,2030,0.59,0.0,0.0,0.0,0.0,0.0,1.0
1,2030,0.6,0.0,0.0,0.0,0.0,0.0,1.0
1,2030,0.61,0.0,0.0,0.0,0.0,0.0,1.0
1,2030,0.62,0.0,0.0,0.0,0.0,0.0,1.0
1,2030,0.63,0.0,0.0,0.0,0.0,0.0,1.0
1,2030,0.64,0.0,0.0,0.0,0.0,0.0,1.0
1,2030,0.65,0.0,0.0,0.0,0.0,0.0,1.0
1,2030,0.66,0.0,0.0,0.0,0.0,0.0,1.0
1,2030,0.67,0.0,0.0,0.0,0.0,0.0,1.0
1,2030,0.68,0.0,0.0,0.0,0.0,0.0,1.0
1,2030,0.6900000000000001,0.0,0.0,0.0,0.0,0.0,1.0
1,2030,0.7000000000000001,0.0,0.0,0.0,0.0,0.0,1.0
1,2030,0.71,0.0,0.0,0.0,0.0,0.0,1.0
1,2030,0.72,0.0,0.0,0.0,0.0,0.0,1.0
1,2030,0.73,0.0,0.0,0.0,0.0,0.0,1.0
1,2030,0.74,0.0,0.0,0.0,0.0,0.0,1.0
1,2030,0.75,0.0,0.0,0.0,0.0,0.0,1.0
1,2030,0.76,0.0,0.0,0.0,0.0,0.0,1.0
1,2030,0.77,0.0,0.0,0.0,0.0,0.0,1.0
1,2030,0.78,0.0,0.0,0.0,0.0,0.0,1.0
1,2030,0.79,0.0,0.0,0.0,0.0,0.0,1.0
1,2030,0.8,0.0,0.0,0.0,0.0,0.0,1.0
1,2030,0.81,0.0,0.0,0.0,0.0,0.0,1.0
1,2030,0.8200000000000001,0.0,0.0,0.0,0.0,0.0,1.0
1,2030,0.8300000000000001,0.0,0.0,0.0,0.0,0.0,1.0
1,2030,0.84,0.0,0.0,0.0,0.0,0.0,1.0
1,2030,0.85,0.0,0.0,0.0,0.0,0.0,1.0
1,2030,0.86,0.0,0.0,0.0,0.0,0.0,1.0
1,2030,0.87,0.0,0.0,0.0,0.0,0.0,1.0
1,2030,0.88,0.0,0.0,0.0,0.0,0.0,1.0
1,2030,0.89,0.0,0.0,0.0,0.0,0.0,1.0
1,2030,0.9,0.0,0.0,0.0,0.0,0.0,1.0
1,2030,0.91,0.0,0.0,0.0,0.0,0.0,1.0
1,2030,0.92,0.0,0.0,0.0,0.0,0.0,1.0
1,2030,0.93,0.0,0.0,0.0,0.0,0.0,1.0
1,2030,0.9400000000000001,0.0,0.0,0.0,0.0,0.0,1.0
1,2030,0.9500000000000001,0.0,0.0,0.0,0.0,0.0,1.0
1,2030,0.96,0.0,0.0,0.0,0.0,0.0,1.0
1,2030,0.97,0.0,0.0,0.0,0.0,0.0,1.0
1,2030,0.98,0.0,0.0,0.0,0.0,0.0,1.0
1,2030,0.99,0.0,0.0,0.0,0.0,0.0,1.0
1,2030,1.0,0.0,0.0,0.0,0.0,0.0,1.0
1,2031,0.01,0.09318052350091216,0.32720682205472884,0.25728619238757616,0.07311381445147276,0.23566230726293044,0.013550340342645508
1,2031,0.02,1.0,0.0,0.0,0.0,0.0,0.0
1,2031,0.03,1.0,0.0,0.0,0.0,0.0,0.0
1,2031,0.04,1.0,0.0,0.0,0.0,0.0,0.0
1,2031,0.05,1.0,0.0,1.402150250228508e-13,4.235310623141235e-14,1.3929017934095743e-13,2.8602775176940395e-14
1,2031,0.06,0.9999999999999998,0.0,2.3377617678325037e-16,3.0601966521914896e-16,2.5690069644670835e-16,0.0
1,2031,0.07,1.0,0.0,5.248170562105356e-16,0.0,0.0,4.28325108843858e-17
1,2031,0.08,0.9999999999999989,1.0184101131336053e-15,0.0,2.1129295052324487e-16,4.693043609726005e-17,0.0
1,2031,0.09,1.0,0.0,1.3197485820347126e-16,0.0,0.0,1.6067313024209336e-17
1,2031,0.1,1.0,0.0,1.93858295803395e-17,4.726093562284992e-17,9.470621561387867e-17,0.0
1,2031,0.11,0.9999999999999998,3.0110821253083445e-16,0.0,0.0,1.1067425612651184e-16,2.736316654393289e-17
1,2031,0.12,0.9999999999999998,1.7061586467174857e-16,2.2936093834434935e-17,0.0,1.647237056438896e-17,0.0
1,2031,0.13,1.0,0.0,0.0,0.0,2.783817223726515e-17,0.0
1,2031,0.14,1.0,3.033443889688159e-17,0.0,0.0,0.0,2.4474927400337615e-17
1,2031,0.15,0.9034279022802371,0.09657209771976134,0.0,4.289641019902328e-18,4.863185928749402e-17,0.0
1,2031,0.16,0.7888681716254012,0.21113182837459885,0.0,0.0,0.0,0.0
1,2031,0.17,0.7130290627326494,0.2869709372673505,0.0,4.856964761813309e-18,0.0,0.0
1,2031,0.18,0.6372640748815458,0.23507251121532957,0.12766341390312141,2.695511772944615e-18,0.0,3.231520278850148e-15
1,2031,0.19,0.5731487175742184,0.12170424725513698,0.30514703517325775,0.0,0.0,2.362455946616835e-18
1,2031,0.2,0.5188098948806358,0.05895245256226083,0.37416933820730147,3.91548572196587e-18,0.04806831434960945,0.0
1,2031,0.21,0.4495308841610259,0.04618666811070061,0.29400773467363556,7.924963106770646e-27,0.21027471315967997,1.0606582970259446e-18
1,2031,0.22,0.4050002323425277,0.037571793501727256,0.24322123262297568,0.0,0.31420674153276934,0.0
1,2031,0.23,0.0,0.0,0.0,0.0,0.0,1.0
1,2031,0.24,0.0,0.0,0.0,0.0,0.0,1.0
1,2031,0.25,0.0,0.0,0.0,0.0,0.0,1.0
1,2031,0.26,0.0,0.0,0.0,0.0,0.0,1.0
1,2031,0.27,0.0,0.0,0.0,0.0,0.0,1.0
1,2031,0.28,0.0,0.0,0.0,0.0,0.0,1.0
1,2031,0.29,0.0,0.0,0.0,0.0,0.0,1.0
1,2031,0.3,0.0,0.0,0.0,0.0,0.0,1.0
1,2031,0.31,0.0,0.0,0.0,0.0,0.0,1.0
1,2031,0.32,0.0,0.0,0.0,0.0,0.0,1.0
1,2031,0.33,0.0,0.0,0.0,0.0,0.0,1.0
1,2031,0.34,0.0,0.0,0.0,0.0,0.0,1.0
1,2031,0.35000000000000003,0.0,0.0,0.0,0.0,0.0,1.0
1,2031,0.36,0.0,0.0,0.0,0.0,0.0,1.0
1,2031,0.37,0.0,0.0,0.0,0.0,0.0,1.0
1,2031,0.38,0.0,0.0,0.0,0.0,0.0,1.0
1,2031,0.39,0.0,0.0,0.0,0.0,0.0,1.0
1,2031,0.4,0.0,0.0,0.0,0.0,0.0,1.0
1,2031,0.41000000000000003,0.0,0.0,0.0,0.0,0.0,1.0
1,2031,0.42,0.0,0.0,0.0,0.0,0.0,1.0
1,2031,0.43,0.0,0.0,0.0,0.0,0.0,1.0
1,2031,0.44,0.0,0.0,0.0,0.0,0.0,1.0
1,2031,0.45,0.0,0.0,0.0,0.0,0.0,1.0
1,2031,0.46,0.0,0.0,0.0,0.0,0.0,1.0
1,2031,0.47000000000000003,0.0,0.0,0.0,0.0,0.0,1.0
1,2031,0.48,0.0,0.0,0.0,0.0,0.0,1.0
1,2031,0.49,0.0,0.0,0.0,0.0,0.0,1.0
1,2031,0.5,0.0,0.0,0.0,0.0,0.0,1.0
1,2031,0.51,0.0,0.0,0.0,0.0,0.0,1.0
1,2031,0.52,0.0,0.0,0.0,0.0,0.0,1.0
1,2031,0.53,0.0,0.0,0.0,0.0,0.0,1.0
1,2031,0.54,0.0,0.0,0.0,0.0,0.0,1.0
1,2031,0.55,0.0,0.0,0.0,0.0,0.0,1.0
1,2031,0.56,0.0,0.0,0.0,0.0,0.0,1.0
1,2031,0.5700000000000001,0.0,0.0,0.0,0.0,0.0,1.0
1,2031,0.58,0.0,0.0,0.0,0.0,0.0,1.0
1,2031,0.59,0.0,0.0,0.0,0.0,0.0,1.0
1,2031,0.6,0.0,0.0,0.0,0.0,0.0,1.0
1,2031,0.61,0.0,0.0,0.0,0.0,0.0,1.0
1,2031,0.62,0.0,0.0,0.0,0.0,0.0,1.0
1,2031,0.63,0.0,0.0,0.0,0.0,0.0,1.0
1,2031,0.64,0.0,0.0,0.0,0.0,0.0,1.0
1,2031,0.65,0.0,0.0,0.0,0.0,0.0,1.0
1,2031,0.66,0.0,0.0,0.0,0.0,0.0,1.0
1,2031,0.67,0.0,0.0,0.0,0.0,0.0,1.0
1,2031,0.68,0.0,0.0,0.0,0.0,0.0,1.0
1,2031,0.6900000000000001,0.0,0.0,0.0,0.0,0.0,1.0
1,2031,0.7000000000000001,0.0,0.0,0.0,0.0,0.0,1.0
1,2031,0.71,0.0,0.0,0.0,0.0,0.0,1.0
1,2031,0.72,0.0,0.0,0.0,0.0,0.0,1.0
1,2031,0.73,0.0,0.0,0.0,0.0,0.0,1.0
1,2031,0.74,0.0,0.0,0.0,0.0,0.0,1.0
1,2031,0.75,0.0,0.0,0.0,0.0,0.0,1.0
1,2031,0.76,0.0,0.0,0.0,0.0,0.0,1.0
1,2031,0.77,0.0,0.0,0.0,0.0,0.0,1.0
1,2031,0.78,0.0,0.0,0.0,0.0,0.0,1.0
1,2031,0.79,0.0,0.0,0.0,0.0,0.0,1.0
1,2031,0.8,0.0,0.0,0.0,0.0,0.0,1.0
1,2031,0.81,0.0,0.0,0.0,0.0,0.0,1.0
1,2031,0.8200000000000001,0.0,0.0,0.0,0.0,0.0,1.0
1,2031,0.8300000000000001,0.0,0.0,0.0,0.0,0.0,1.0
1,2031,0.84,0.0,0.0,0.0,0.0,0.0,1.0
1,2031,0.85,0.0,0.0,0.0,0.0,0.0,1.0
1,2031,0.86,0.0,0.0,0.0,0.0,0.0,1.0
1,2031,0.87,0.0,0.0,0.0,0.0,0.0,1.0
1,2031,0.88,0.0,0.0,0.0,0.0,0.0,1.0
1,2031,0.89,0.0,0.0,0.0,0.0,0.0,1.0
1,2031,0.9,0.0,0.0,0.0,0.0,0.0,1.0
1,2031,0.91,0.0,0.0,0.0,0.0,0.0,1.0
1,2031,0.92,0.0,0.0,0.0,0.0,0.0,1.0
1,2031,0.93,0.0,0.0,0.0,0.0,0.0,1.0
1,2031,0.9400000000000001,0.0,0.0,0.0,0.0,0.0,1.0
1,2031,0.9500000000000001,0.0,0.0,0.0,0.0,0.0,1.0
1,2031,0.96,0.0,0.0,0.0,0.0,0.0,1.0
1,2031,0.97,0.0,0.0,0.0,0.0,0.0,1.0
1,2031,0.98,0.0,0.0,0.0,0.0,0.0,1.0
1,2031,0.99,0.0,0.0,0.0,0.0,0.0,1.0
1,2031,1.0,0.0,0.0,0.0,0.0,0.0,1.0
1,2032,0.01,0.14649486436159004,0.1908467999541815,0.05913115579637714,0.16955769074441282,0.21895997732827965,0.21500951181515893
1,2032,0.02,1.0,0.0,1.0560160762382709e-16,0.0,0.0,0.0
1,2032,0.03,0.9999999999999798,2.8404230517213478e-14,2.246355947171755e-15,0.0,0.0,7.402472713064482e-16
1,2032,0.04,0.9999999999999989,0.0,2.621339113018156e-16,7.964556289160384e-16,1.9274497226274332e-16,8.172266980022767e-17
1,2032,0.05,0.9999999999998633,1.8318679906315083e-15,0.0,0.0,0.0,0.0
1,2032,0.06,1.0,1.1657341758564144e-15,0.0,0.0,0.0,1.4047278196472118e-16
1,2032,0.07,0.9999999999999998,0.0,1.9447551262363398e-16,5.650261856272593e-17,5.1076633066853776e-17,0.0
1,2032,0.08,1.0,0.0,0.0,0.0,0.0,3.086358054352458e-17
1,2032,0.09,0.9999999999999999,1.942460187155732e-16,0.0,1.0811039127633616e-16,0.0,0.0
1,2032,0.1,1.0,0.0,0.0,9.885916713524746e-17,0.0,2.559513621792135e-17
1,2032,0.11,1.0,0.0,6.159980475551074e-18,7.819777682914477e-17,0.0,1.1341766517038971e-17
1,2032,0.12,0.8116000450783746,0.18839995492164607,2.9083793380876924e-17,0.0,2.0412863253779322e-17,0.0
1,2032,0.13,0.7029921304170369,0.2970078695829632,0.0,5.992343639547631e-18,0.0,3.027668769493202e-18
1,2032,0.14,0.5949884459333642,0.16104284952175352,0.243968704873315,0.0,0.0,0.0
1,2032,0.15,0.515757464817934,0.058514254379681725,0.3698487989456617,4.687121628260322e-20,0.05587948185701692,0.0
1,2032,0.16,0.42632270259683264,0.041550815733862906,0.2672150235535337,1.1053196060392312e-17,0.2649114581154079,3.6820745841664346e-17
1,2032,0.17,0.0,0.0,0.0,0.0,0.0,1.0
1,2032,0.18,0.0,0.0,0.0,0.0,0.0,1.0
1,2032,0.19,0.0,0.0,0.0,0.0,0.0,1.0
1,2032,0.2,0.0,0.0,0.0,0.0,0.0,1.0
1,2032,0.21,0.0,0.0,0.0,0.0,0.0,1.0
1,2032,0.22,0.0,0.0,0.0,0.0,0.0,1.0
1,2032,0.23,0.0,0.0,0.0,0.0,0.0,1.0
1,2032,0.24,0.0,0.0,0.0,0.0,0.0,1.0
1,2032,0.25,0.0,0.0,0.0,0.0,0.0,1.0
1,2032,0.26,0.0,0.0,0.0,0.0,0.0,1.0
1,2032,0.27,0.0,0.0,0.0,0.0,0.0,1.0
1,2032,0.28,0.0,0.0,0.0,0.0,0.0,1.0
1,2032,0.29,0.0,0.0,0.0,0.0,0.0,1.0
1,2032,0.3,0.0,0.0,0.0,0.0,0.0,1.0
1,2032,0.31,0.0,0.0,0.0,0.0,0.0,1.0
1,2032,0.32,0.0,0.0,0.0,0.0,0.0,1.0
1,2032,0.33,0.0,0.0,0.0,0.0,0.0,1.0
1,2032,0.34,0.0,0.0,0.0,0.0,0.0,1.0
1,2032,0.35000000000000003,0.0,0.0,0.0,0.0,0.0,1.0
1,2032,0.36,0.0,0.0,0.0,0.0,0.0,1.0
1,2032,0.37,0.0,0.0,0.0,0.0,0.0,1.0
1,2032,0.38,0.0,0.0,0.0,0.0,0.0,1.0
1,2032,0.39,0.0,0.0,0.0,0.0,0.0,1.0
1,2032,0.4,0.0,0.0,0.0,0.0,0.0,1.0
1,2032,0.41000000000000003,0.0,0.0,0.0,0.0,0.0,1.0
1,2032,0.42,0.0,0.0,0.0,0.0,0.0,1.0
1,2032,0.43,0.0,0.0,0.0,0.0,0.0,1.0
1,2032,0.44,0.0,0.0,0.0,0.0,0.0,1.0
1,2032,0.45,0.0,0.0,0.0,0.0,0.0,1.0
1,2032,0.46,0.0,0.0,0.0,0.0,0.0,1.0
1,2032,0.47000000000000003,0.0,0.0,0.0,0.0,0.0,1.0
1,2032,0.48,0.0,0.0,0.0,0.0,0.0,1.0
1,2032,0.49,0.0,0.0,0.0,0.0,0.0,1.0
1,2032,0.5,0.0,0.0,0.0,0.0,0.0,1.0
1,2032,0.51,0.0,0.0,0.0,0.0,0.0,1.0
1,2032,0.52,0.0,0.0,0.0,0.0,0.0,1.0
1,2032,0.53,0.0,0.0,0.0,0.0,0.0,1.0
1,2032,0.54,0.0,0.0,0.0,0.0,0.0,1.0
1,2032,0.55,0.0,0.0,0.0,0.0,0.0,1.0
1,2032,0.56,0.0,0.0,0.0,0.0,0.0,1.0
1,2032,0.5700000000000001,0.0,0.0,0.0,0.0,0.0,1.0
1,2032,0.58,0.0,0.0,0.0,0.0,0.0,1.0
1,2032,0.59,0.0,0.0,0.0,0.0,0.0,1.0
1,2032,0.6,0.0,0.0,0.0,0.0,0.0,1.0
1,2032,0.61,0.0,0.0,0.0,0.0,0.0,1.0
1,2032,0.62,0.0,0.0,0.0,0.0,0.0,1.0
1,2032,0.63,0.0,0.0,0.0,0.0,0.0,1.0
1,2032,0.64,0.0,0.0,0.0,0.0,0.0,1.0
1,2032,0.65,0.0,0.0,0.0,0.0,0.0,1.0
1,2032,0.66,0.0,0.0,0.0,0.0,0.0,1.0
1,2032,0.67,0.0,0.0,0.0,0.0,0.0,1.0
1,2032,0.68,0.0,0.0,0.0,0.0,0.0,1.0
1,2032,0.6900000000000001,0.0,0.0,0.0,0.0,0.0,1.0
1,2032,0.7000000000000001,0.0,0.0,0.0,0.0,0.0,1.0
1,2032,0.71,0.0,0.0,0.0,0.0,0.0,1.0
1,2032,0.72,0.0,0.0,0.0,0.0,0.0,1.0
1,2032,0.73,0.0,0.0,0.0,0.0,0.0,1.0
1,2032,0.74,0.0,0.0,0.0,0.0,0.0,1.0
1,2032,0.75,0.0,0.0,0.0,0.0,0.0,1.0
1,2032,0.76,0.0,0.0,0.0,0.0,0.0,1.0
1,2032,0.77,0.0,0.0,0.0,0.0,0.0,1.0
1,2032,0.78,0.0,0.0,0.0,0.0,0.0,1.0
1,2032,0.79,0.0,0.0,0.0,0.0,0.0,1.0
1,2032,0.8,0.0,0.0,0.0,0.0,0.0,1.0
1,2032,0.81,0.0,0.0,0.0,0.0,0.0,1.0
1,2032,0.8200000000000001,0.0,0.0,0.0,0.0,0.0,1.0
1,2032,0.8300000000000001,0.0,0.0,0.0,0.0,0.0,1.0
1,2032,0.84,0.0,0.0,0.0,0.0,0.0,1.0
1,2032,0.85,0.0,0.0,0.0,0.0,0.0,1.0
1,2032,0.86,0.0,0.0,0.0,0.0,0.0,1.0
1,2032,0.87,0.0,0.0,0.0,0.0,0.0,1.0
1,2032,0.88,0.0,0.0,0.0,0.0,0.0,1.0
1,2032,0.89,0.0,0.0,0.0,0.0,0.0,1.0
1,2032,0.9,0.0,0.0,0.0,0.0,0.0,1.0
1,2032,0.91,0.0,0.0,0.0,0.0,0.0,1.0
1,2032,0.92,0.0,0.0,0.0,0.0,0.0,1.0
1,2032,0.93,0.0,0.0,0.0,0.0,0.0,1.0
1,2032,0.9400000000000001,0.0,0.0,0.0,0.0,0.0,1.0
1,2032,0.9500000000000001,0.0,0.0,0.0,0.0,0.0,1.0
1,2032,0.96,0.0,0.0,0.0,0.0,0.0,1.0
1,2032,0.97,0.0,0.0,0.0,0.0,0.0,1.0
1,2032,0.98,0.0,0.0,0.0,0.0,0.0,1.0
1,2032,0.99,0.0,0.0,0.0,0.0,0.0,1.0
1,2032,1.0,0.0,0.0,0.0,0.0,0.0,1.0
1,2033,0.01,0.011284696237006007,0.11908143334667046,0.3638462186577086,0.11037894890405563,0.3899944165357846,0.005414286318061672
1,2033,0.02,4.093270981469794e-17,1.0,6.520884091311104e-17,0.0,0.0,4.952254875804681e-17
1,2033,0.03,5.803556500818033e-14,0.9999999999999998,3.998047809146561e-16,0.0,0.0,4.918830881269756e-17
1,2033,0.04,1.0,0.0,0.0,1.377648182442812e-16,6.541485565091454e-16,6.459966386008294e-17
1,2033,0.05,0.9999999999999993,2.7755575615628914e-16,1.713942479525052e-15,0.0,0.0,2.1307785641413286e-17
1,2033,0.06,0.9999999999999997,5.998682653525744e-16,0.0,0.0,0.0,8.818757403218881e-19
1,2033,0.07,1.0,0.0,1.0539203408227033e-16,2.4011691553830232e-17,0.0,8.247519427569137e-18
1,2033,0.08,0.9999999999999543,0.0,5.175689479733446e-18,0.0,1.6073949372666638e-17,1.3935347166458875e-18
1,2033,0.09,0.8247671741620133,0.1752328258379868,0.0,0.0,0.0,2.4105110909516248e-17
1,2033,0.1,0.6671196780925338,0.28721031699248645,0.0456700049149623,0.0,0.0,0.0
1,2033,0.11,0.5406712653973083,0.06472567720918823,0.3946030573935035,0.0,0.0,9.354790896336035e-18
1,2033,0.12,0.41018511737350727,0.03888355617258972,0.24873618758434574,0.0,0.30219513886957533,4.537791381526162e-18
1,2033,0.13,0.0,0.0,0.0,0.0,0.0,1.0
1,2033,0.14,0.0,0.0,0.0,0.0,0.0,1.0
1,2033,0.15,0.0,0.0,0.0,0.0,0.0,1.0
1,2033,0.16,0.0,0.0,0.0,0.0,0.0,1.0
1,2033,0.17,0.0,0.0,0.0,0.0,0.0,1.0
1,2033,0.18,0.0,0.0,0.0,0.0,0.0,1.0
1,2033,0.19,0.0,0.0,0.0,0.0,0.0,1.0
1,2033,0.2,0.0,0.0,0.0,0.0,0.0,1.0
1,2033,0.21,0.0,0.0,0.0,0.0,0.0,1.0
1,2033,0.22,0.0,0.0,0.0,0.0,0.0,1.0
1,2033,0.23,0.0,0.0,0.0,0.0,0.0,1.0
1,2033,0.24,0.0,0.0,0.0,0.0,0.0,1.0
1,2033,0.25,0.0,0.0,0.0,0.0,0.0,1.0
1,2033,0.26,0.0,0.0,0.0,0.0,0.0,1.0
1,2033,0.27,0.0,0.0,0.0,0.0,0.0,1.0
1,2033,0.28,0.0,0.0,0.0,0.0,0.0,1.0
1,2033,0.29,0.0,0.0,0.0,0.0,0.0,1.0
1,2033,0.3,0.0,0.0,0.0,0.0,0.0,1.0
1,2033,0.31,0.0,0.0,0.0,0.0,0.0,1.0
1,2033,0.32,0.0,0.0,0.0,0.0,0.0,1.0
1,2033,0.33,0.0,0.0,0.0,0.0,0.0,1.0
1,2033,0.34,0.0,0.0,0.0,0.0,0.0,1.0
1,2033,0.35000000000000003,0.0,0.0,0.0,0.0,0.0,1.0
1,2033,0.36,0.0,0.0,0.0,0.0,0.0,1.0
1,2033,0.37,0.0,0.0,0.0,0.0,0.0,1.0
1,2033,0.38,0.0,0.0,0.0,0.0,0.0,1.0
1,2033,0.39,0.0,0.0,0.0,0.0,0.0,1.0
1,2033,0.4,0.0,0.0,0.0,0.0,0.0,1.0
1,2033,0.41000000000000003,0.0,0.0,0.0,0.0,0.0,1.0
1,2033,0.42,0.0,0.0,0.0,0.0,0.0,1.0
1,2033,0.43,0.0,0.0,0.0,0.0,0.0,1.0
1,2033,0.44,0.0,0.0,0.0,0.0,0.0,1.0
1,2033,0.45,0.0,0.0,0.0,0.0,0.0,1.0
1,2033,0.46,0.0,0.0,0.0,0.0,0.0,1.0
1,2033,0.47000000000000003,0.0,0.0,0.0,0.0,0.0,1.0
1,2033,0.48,0.0,0.0,0.0,0.0,0.0,1.0
1,2033,0.49,0.0,0.0,0.0,0.0,0.0,1.0
1,2033,0.5,0.0,0.0,0.0,0.0,0.0,1.0
1,2033,0.51,0.0,0.0,0.0,0.0,0.0,1.0
1,2033,0.52,0.0,0.0,0.0,0.0,0.0,1.0
1,2033,0.53,0.0,0.0,0.0,0.0,0.0,1.0
1,2033,0.54,0.0,0.0,0.0,0.0,0.0,1.0
1,2033,0.55,0.0,0.0,0.0,0.0,0.0,1.0
1,2033,0.56,0.0,0.0,0.0,0.0,0.0,1.0
1,2033,0.5700000000000001,0.0,0.0,0.0,0.0,0.0,1.0
1,2033,0.58,0.0,0.0,0.0,0.0,0.0,1.0
1,2033,0.59,0.0,0.0,0.0,0.0,0.0,1.0
1,2033,0.6,0.0,0.0,0.0,0.0,0.0,1.0
1,2033,0.61,0.0,0.0,0.0,0.0,0.0,1.0
1,2033,0.62,0.0,0.0,0.0,0.0,0.0,1.0
1,2033,0.63,0.0,0.0,0.0,0.0,0.0,1.0
1,2033,0.64,0.0,0.0,0.0,0.0,0.0,1.0
1,2033,0.65,0.0,0.0,0.0,0.0,0.0,1.0
1,2033,0.66,0.0,0.0,0.0,0.0,0.0,1.0
1,2033,0.67,0.0,0.0,0.0,0.0,0.0,1.0
1,2033,0.68,0.0,0.0,0.0,0.0,0.0,1.0
1,2033,0.6900000000000001,0.0,0.0,0.0,0.0,0.0,1.0
1,2033,0.7000000000000001,0.0,0.0,0.0,0.0,0.0,1.0
1,2033,0.71,0.0,0.0,0.0,0.0,0.0,1.0
1,2033,0.72,0.0,0.0,0.0,0.0,0.0,1.0
1,2033,0.73,0.0,0.0,0.0,0.0,0.0,1.0
1,2033,0.74,0.0,0.0,0.0,0.0,0.0,1.0
1,2033,0.75,0.0,0.0,0.0,0.0,0.0,1.0
1,2033,0.76,0.0,0.0,0.0,0.0,0.0,1.0
1,2033,0.77,0.0,0.0,0.0,0.0,0.0,1.0
1,2033,0.78,0.0,0.0,0.0,0.0,0.0,1.0
1,2033,0.79,0.0,0.0,0.0,0.0,0.0,1.0
1,2033,0.8,0.0,0.0,0.0,0.0,0.0,1.0
1,2033,0.81,0.0,0.0,0.0,0.0,0.0,1.0
1,2033,0.8200000000000001,0.0,0.0,0.0,0.0,0.0,1.0
1,2033,0.8300000000000001,0.0,0.0,0.0,0.0,0.0,1.0
1,2033,0.84,0.0,0.0,0.0,0.0,0.0,1.0
1,2033,0.85,0.0,0.0,0.0,0.0,0.0,1.0
1,2033,0.86,0.0,0.0,0.0,0.0,0.0,1.0
1,2033,0.87,0.0,0.0,0.0,0.0,0.0,1.0
1,2033,0.88,0.0,0.0,0.0,0.0,0.0,1.0
1,2033,0.89,0.0,0.0,0.0,0.0,0.0,1.0
1,2033,0.9,0.0,0.0,0.0,0.0,0.0,1.0
1,2033,0.91,0.0,0.0,0.0,0.0,0.0,1.0
1,2033,0.92,0.0,0.0,0.0,0.0,0.0,1.0
1,2033,0.93,0.0,0.0,0.0,0.0,0.0,1.0
1,2033,0.9400000000000001,0.0,0.0,0.0,0.0,0.0,1.0
1,2033,0.9500000000000001,0.0,0.0,0.0,0.0,0.0,1.0
1,2033,0.96,0.0,0.0,0.0,0.0,0.0,1.0
1,2033,0.97,0.0,0.0,0.0,0.0,0.0,1.0
1,2033,0.98,0.0,0.0,0.0,0.0,0.0,1.0
1,2033,0.99,0.0,0.0,0.0,0.0,0.0,1.0
1,2033,1.0,0.0,0.0,0.0,0.0,0.0,1.0
1,2034,0.01,0.03724989664117294,0.2330928850082614,0.056972276299638136,0.03586758893851917,0.40910119221015623,0.2277161609022522
1,2034,0.02,0.99999999999993,0.0,6.941545351227645e-17,0.0,0.0,0.0
1,2034,0.03,0.9999999999999917,1.0614882188628138e-16,0.0,0.0,0.0,1.8179329070728908e-17
1,2034,0.04,0.9999999999999977,0.0,2.2357540662106413e-15,2.041465036901239e-15,1.2616339346455855e-14,9.008114516424096e-15
1,2034,0.05,0.9999999999999996,5.551115123125783e-16,1.073974543418705e-16,0.0,0.0,1.7764900052955229e-16
1,2034,0.06,0.9999999999999998,3.3306690738754696e-16,0.0,0.0,7.114640972772963e-17,0.0
1,2034,0.07,1.0,0.0,0.0,1.9545534155347802e-17,0.0,1.0886180145083871e-17
1,2034,0.08,1.0,5.551115123125783e-17,0.0,0.0,0.0,0.0
1,2034,0.09,0.8877359438725726,0.11226405612742654,0.0,6.780004732638632e-18,1.1607979490262931e-16,0.0
1,2034,0.1,0.6967134486667559,0.30328655133324406,2.838770319169008e-17,0.0,1.8331728041887024e-17,0.0
1,2034,0.11,0.5501196976959124,0.08180286131212089,0.36807744099196765,2.696192051923798e-18,4.41341061376153e-18,2.5718143235770207e-19
1,2034,0.12,0.4129728952947568,0.03910038180013443,0.2522859434130179,1.3294630549867166e-17,0.2956407794922579,0.0
1,2034,0.13,0.0,0.0,0.0,0.0,0.0,1.0
1,2034,0.14,0.0,0.0,0.0,0.0,0.0,1.0
1,2034,0.15,0.0,0.0,0.0,0.0,0.0,1.0
1,2034,0.16,0.0,0.0,0.0,0.0,0.0,1.0
1,2034,0.17,0.0,0.0,0.0,0.0,0.0,1.0
1,2034,0.18,0.0,0.0,0.0,0.0,0.0,1.0
1,2034,0.19,0.0,0.0,0.0,0.0,0.0,1.0
1,2034,0.2,0.0,0.0,0.0,0.0,0.0,1.0
1,2034,0.21,0.0,0.0,0.0,0.0,0.0,1.0
1,2034,0.22,0.0,0.0,0.0,0.0,0.0,1.0
1,2034,0.23,0.0,0.0,0.0,0.0,0.0,1.0
1,2034,0.24,0.0,0.0,0.0,0.0,0.0,1.0
1,2034,0.25,0.0,0.0,0.0,0.0,0.0,1.0
1,2034,0.26,0.0,0.0,0.0,0.0,0.0,1.0
1,2034,0.27,0.0,0.0,0.0,0.0,0.0,1.0
1,2034,0.28,0.0,0.0,0.0,0.0,0.0,1.0
1,2034,0.29,0.0,0.0,0.0,0.0,0.0,1.0
1,2034,0.3,0.0,0.0,0.0,0.0,0.0,1.0
1,2034,0.31,0.0,0.0,0.0,0.0,0.0,1.0
1,2034,0.32,0.0,0.0,0.0,0.0,0.0,1.0
1,2034,0.33,0.0,0.0,0.0,0.0,0.0,1.0
1,2034,0.34,0.0,0.0,0.0,0.0,0.0,1.0
1,2034,0.35000000000000003,0.0,0.0,0.0,0.0,0.0,1.0
1,2034,0.36,0.0,0.0,0.0,0.0,0.0,1.0
1,2034,0.37,0.0,0.0,0.0,0.0,0.0,1.0
1,2034,0.38,0.0,0.0,0.0,0.0,0.0,1.0
1,2034,0.39,0.0,0.0,0.0,0.0,0.0,1.0
1,2034,0.4,0.0,0.0,0.0,0.0,0.0,1.0
1,2034,0.41000000000000003,0.0,0.0,0.0,0.0,0.0,1.0
1,2034,0.42,0.0,0.0,0.0,0.0,0.0,1.0
1,2034,0.43,0.0,0.0,0.0,0.0,0.0,1.0
1,2034,0.44,0.0,0.0,0.0,0.0,0.0,1.0
1,2034,0.45,0.0,0.0,0.0,0.0,0.0,1.0
1,2034,0.46,0.0,0.0,0.0,0.0,0.0,1.0
1,2034,0.47000000000000003,0.0,0.0,0.0,0.0,0.0,1.0
1,2034,0.48,0.0,0.0,0.0,0.0,0.0,1.0
1,2034,0.49,0.0,0.0,0.0,0.0,0.0,1.0
1,2034,0.5,0.0,0.0,0.0,0.0,0.0,1.0
1,2034,0.51,0.0,0.0,0.0,0.0,0.0,1.0
1,2034,0.52,0.0,0.0,0.0,0.0,0.0,1.0
1,2034,0.53,0.0,0.0,0.0,0.0,0.0,1.0
1,2034,0.54,0.0,0.0,0.0,0.0,0.0,1.0
1,2034,0.55,0.0,0.0,0.0,0.0,0.0,1.0
1,2034,0.56,0.0,0.0,0.0,0.0,0.0,1.0
1,2034,0.5700000000000001,0.0,0.0,0.0,0.0,0.0,1.0
1,2034,0.58,0.0,0.0,0.0,0.0,0.0,1.0
1,2034,0.59,0.0,0.0,0.0,0.0,0.0,1.0
1,2034,0.6,0.0,0.0,0.0,0.0,0.0,1.0
1,2034,0.61,0.0,0.0,0.0,0.0,0.0,1.0
1,2034,0.62,0.0,0.0,0.0,0.0,0.0,1.0
1,2034,0.63,0.0,0.0,0.0,0.0,0.0,1.0
1,2034,0.64,0.0,0.0,0.0,0.0,0.0,1.0
1,2034,0.65,0.0,0.0,0.0,0.0,0.0,1.0
1,2034,0.66,0.0,0.0,0.0,0.0,0.0,1.0
1,2034,0.67,0.0,0.0,0.0,0.0,0.0,1.0
1,2034,0.68,0.0,0.0,0.0,0.0,0.0,1.0
1,2034,0.6900000000000001,0.0,0.0,0.0,0.0,0.0,1.0
1,2034,0.7000000000000001,0.0,0.0,0.0,0.0,0.0,1.0
1,2034,0.71,0.0,0.0,0.0,0.0,0.0,1.0
1,2034,0.72,0.0,0.0,0.0,0.0,0.0,1.0
1,2034,0.73,0.0,0.0,0.0,0.0,0.0,1.0
1,2034,0.74,0.0,0.0,0.0,0.0,0.0,1.0
1,2034,0.75,0.0,0.0,0.0,0.0,0.0,1.0
1,2034,0.76,0.0,0.0,0.0,0.0,0.0,1.0
1,2034,0.77,0.0,0.0,0.0,0.0,0.0,1.0
1,2034,0.78,0.0,0.0,0.0,0.0,0.0,1.0
1,2034,0.79,0.0,0.0,0.0,0.0,0.0,1.0
1,2034,0.8,0.0,0.0,0.0,0.0,0.0,1.0
1,2034,0.81,0.0,0.0,0.0,0.0,0.0,1.0
1,2034,0.8200000000000001,0.0,0.0,0.0,0.0,0.0,1.0
1,2034,0.8300000000000001,0.0,0.0,0.0,0.0,0.0,1.0
1,2034,0.84,0.0,0.0,0.0,0.0,0.0,1.0
1,2034,0.85,0.0,0.0,0.0,0.0,0.0,1.0
1,2034,0.86,0.0,0.0,0.0,0.0,0.0,1.0
1,2034,0.87,0.0,0.0,0.0,0.0,0.0,1.0
1,2034,0.88,0.0,0.0,0.0,0.0,0.0,1.0
1,2034,0.89,0.0,0.0,0.0,0.0,0.0,1.0
1,2034,0.9,0.0,0.0,0.0,0.0,0.0,1.0
1,2034,0.91,0.0,0.0,0.0,0.0,0.0,1.0
1,2034,0.92,0.0,0.0,0.0,0.0,0.0,1.0
1,2034,0.93,0.0,0.0,0.0,0.0,0.0,1.0
1,2034,0.9400000000000001,0.0,0.0,0.0,0.0,0.0,1.0
1,2034,0.9500000000000001,0.0,0.0,0.0,0.0,0.0,1.0
1,2034,0.96,0.0,0.0,0.0,0.0,0.0,1.0
1,2034,0.97,0.0,0.0,0.0,0.0,0.0,1.0
1,2034,0.98,0.0,0.0,0.0,0.0,0.0,1.0
1,2034,0.99,0.0,0.0,0.0,0.0,0.0,1.0
1,2034,1.0,0.0,0.0,0.0,0.0,0.0,1.0
1,2035,0.01,0.09029648423575218,0.07132845722605273,0.24446226881862917,0.05334791571241051,0.31397818145772954,0.22658669254942587
1,2035,0.02,0.09029648423575218,0.07132845722605273,0.24446226881862917,0.05334791571241051,0.31397818145772954,0.22658669254942587
1,2035,0.03,0.9999999999999962,5.148531172866209e-17,0.0,8.061928279813062e-18,1.2877081246705548e-17,2.3328339095566043e-17
1,2035,0.04,0.9999999999999943,0.0,7.956078868396624e-15,6.623811238846436e-15,3.3990808795856544e-14,1.3368416113444262e-14
1,2035,0.05,0.9999999999970575,2.9904169987643844e-12,9.69633979665225e-14,0.0,0.0,0.0
1,2035,0.06,1.0,0.0,0.0,1.1627057276040546e-16,1.2091806484578238e-16,0.0
1,2035,0.07,1.0,0.0,0.0,0.0,1.6945209292696745e-16,3.614306651214841e-17
1,2035,0.08,0.25433707888047813,0.7456629211195218,0.0,0.0,6.716671181796572e-17,1.3821818495984189e-17
1,2035,0.09,0.2543119358474578,0.7456880641525423,0.0,2.8336275683672874e-17,0.0,1.6897942763950802e-17
1,2035,0.1,0.20596823943047046,0.4355051649850525,5.2437273096023813e-17,1.3952947757142046e-17,0.0,0.3585265955847009
1,2035,0.11,0.0,0.0,0.0,0.0,0.0,1.0
1,2035,0.12,0.0,0.0,0.0,0.0,0.0,1.0
1,2035,0.13,0.0,0.0,0.0,0.0,0.0,1.0
1,2035,0.14,0.0,0.0,0.0,0.0,0.0,1.0
1,2035,0.15,0.0,0.0,0.0,0.0,0.0,1.0
1,2035,0.16,0.0,0.0,0.0,0.0,0.0,1.0
1,2035,0.17,0.0,0.0,0.0,0.0,0.0,1.0
1,2035,0.18,0.0,0.0,0.0,0.0,0.0,1.0
1,2035,0.19,0.0,0.0,0.0,0.0,0.0,1.0
1,2035,0.2,0.0,0.0,0.0,0.0,0.0,1.0
1,2035,0.21,0.0,0.0,0.0,0.0,0.0,1.0
1,2035,0.22,0.0,0.0,0.0,0.0,0.0,1.0
1,2035,0.23,0.0,0.0,0.0,0.0,0.0,1.0
1,2035,0.24,0.0,0.0,0.0,0.0,0.0,1.0
1,2035,0.25,0.0,0.0,0.0,0.0,0.0,1.0
1,2035,0.26,0.0,0.0,0.0,0.0,0.0,1.0
1,2035,0.27,0.0,0.0,0.0,0.0,0.0,1.0
1,2035,0.28,0.0,0.0,0.0,0.0,0.0,1.0
1,2035,0.29,0.0,0.0,0.0,0.0,0.0,1.0
1,2035,0.3,0.0,0.0,0.0,0.0,0.0,1.0
1,2035,0.31,0.0,0.0,0.0,0.0,0.0,1.0
1,2035,0.32,0.0,0.0,0.0,0.0,0.0,1.0
1,2035,0.33,0.0,0.0,0.0,0.0,0.0,1.0
1,2035,0.34,0.0,0.0,0.0,0.0,0.0,1.0
1,2035,0.35000000000000003,0.0,0.0,0.0,0.0,0.0,1.0
1,2035,0.36,0.0,0.0,0.0,0.0,0.0,1.0
1,2035,0.37,0.0,0.0,0.0,0.0,0.0,1.0
1,2035,0.38,0.0,0.0,0.0,0.0,0.0,1.0
1,2035,0.39,0.0,0.0,0.0,0.0,0.0,1.0
1,2035,0.4,0.0,0.0,0.0,0.0,0.0,1.0
1,2035,0.41000000000000003,0.0,0.0,0.0,0.0,0.0,1.0
1,2035,0.42,0.0,0.0,0.0,0.0,0.0,1.0
1,2035,0.43,0.0,0.0,0.0,0.0,0.0,1.0
1,2035,0.44,0.0,0.0,0.0,0.0,0.0,1.0
1,2035,0.45,0.0,0.0,0.0,0.0,0.0,1.0
1,2035,0.46,0.0,0.0,0.0,0.0,0.0,1.0
1,2035,0.47000000000000003,0.0,0.0,0.0,0.0,0.0,1.0
1,2035,0.48,0.0,0.0,0.0,0.0,0.0,1.0
1,2035,0.49,0.0,0.0,0.0,0.0,0.0,1.0
1,2035,0.5,0.0,0.0,0.0,0.0,0.0,1.0
1,2035,0.51,0.0,0.0,0.0,0.0,0.0,1.0
1,2035,0.52,0.0,0.0,0.0,0.0,0.0,1.0
1,2035,0.53,0.0,0.0,0.0,0.0,0.0,1.0
1,2035,0.54,0.0,0.0,0.0,0.0,0.0,1.0
1,2035,0.55,0.0,0.0,0.0,0.0,0.0,1.0
1,2035,0.56,0.0,0.0,0.0,0.0,0.0,1.0
1,2035,0.5700000000000001,0.0,0.0,0.0,0.0,0.0,1.0
1,2035,0.58,0.0,0.0,0.0,0.0,0.0,1.0
1,2035,0.59,0.0,0.0,0.0,0.0,0.0,1.0
1,2035,0.6,0.0,0.0,0.0,0.0,0.0,1.0
1,2035,0.61,0.0,0.0,0.0,0.0,0.0,1.0
1,2035,0.62,0.0,0.0,0.0,0.0,0.0,1.0
1,2035,0.63,0.0,0.0,0.0,0.0,0.0,1.0
1,2035,0.64,0.0,0.0,0.0,0.0,0.0,1.0
1,2035,0.65,0.0,0.0,0.0,0.0,0.0,1.0
1,2035,0.66,0.0,0.0,0.0,0.0,0.0,1.0
1,2035,0.67,0.0,0.0,0.0,0.0,0.0,1.0
1,2035,0.68,0.0,0.0,0.0,0.0,0.0,1.0
1,2035,0.6900000000000001,0.0,0.0,0.0,0.0,0.0,1.0
1,2035,0.7000000000000001,0.0,0.0,0.0,0.0,0.0,1.0
1,2035,0.71,0.0,0.0,0.0,0.0,0.0,1.0
1,2035,0.72,0.0,0.0,0.0,0.0,0.0,1.0
1,2035,0.73,0.0,0.0,0.0,0.0,0.0,1.0
1,2035,0.74,0.0,0.0,0.0,0.0,0.0,1.0
1,2035,0.75,0.0,0.0,0.0,0.0,0.0,1.0
1,2035,0.76,0.0,0.0,0.0,0.0,0.0,1.0
1,2035,0.77,0.0,0.0,0.0,0.0,0.0,1.0
1,2035,0.78,0.0,0.0,0.0,0.0,0.0,1.0
1,2035,0.79,0.0,0.0,0.0,0.0,0.0,1.0
1,2035,0.8,0.0,0.0,0.0,0.0,0.0,1.0
1,2035,0.81,0.0,0.0,0.0,0.0,0.0,1.0
1,2035,0.8200000000000001,0.0,0.0,0.0,0.0,0.0,1.0
1,2035,0.8300000000000001,0.0,0.0,0.0,0.0,0.0,1.0
1,2035,0.84,0.0,0.0,0.0,0.0,0.0,1.0
1,2035,0.85,0.0,0.0,0.0,0.0,0.0,1.0
1,2035,0.86,0.0,0.0,0.0,0.0,0.0,1.0
1,2035,0.87,0.0,0.0,0.0,0.0,0.0,1.0
1,2035,0.88,0.0,0.0,0.0,0.0,0.0,1.0
1,2035,0.89,0.0,0.0,0.0,0.0,0.0,1.0
1,2035,0.9,0.0,0.0,0.0,0.0,0.0,1.0
1,2035,0.91,0.0,0.0,0.0,0.0,0.0,1.0
1,2035,0.92,0.0,0.0,0.0,0.0,0.0,1.0
1,2035,0.93,0.0,0.0,0.0,0.0,0.0,1.0
1,2035,0.9400000000000001,0.0,0.0,0.0,0.0,0.0,1.0
1,2035,0.9500000000000001,0.0,0.0,0.0,0.0,0.0,1.0
1,2035,0.96,0.0,0.0,0.0,0.0,0.0,1.0
1,2035,0.97,0.0,0.0,0.0,0.0,0.0,1.0
1,2035,0.98,0.0,0.0,0.0,0.0,0.0,1.0
1,2035,0.99,0.0,0.0,0.0,0.0,0.0,1.0
1,2035,1.0,0.0,0.0,0.0,0.0,0.0,1.0
1,2036,0.01,0.022395756059681343,0.3003569496996799,0.1711218499913757,0.04083729998327481,0.38884562112799226,0.07644252313799603
1,2036,0.02,1.1551918578677654e-16,1.0,2.2977710544426214e-17,3.450384169497079e-18,0.0,0.0
1,2036,0.03,0.0,1.0,1.0264977472489548e-16,0.0,0.0,0.0
1,2036,0.04,0.0,1.0,3.1250019692253786e-16,1.080537073283399e-16,8.135493019810192e-16,0.0
1,2036,0.05,9.167331805524201e-14,0.9999999999999113,0.0,0.0,0.0,0.0
1,2036,0.06,0.25326918779769186,0.7467308122023086,0.0,0.0,0.0,5.565105327411216e-17
1,2036,0.07,0.25343286554460925,0.7465671344553908,0.0,3.0652378620657953e-19,6.956860623524684e-17,2.0077384286898733e-17
1,2036,0.08,0.25416763811594884,0.7458323618840512,0.0,2.3570082162183484e-18,0.0,0.0
1,2036,0.09,0.2013688591267369,0.40611078301263787,7.820827346357191e-17,2.572551385217421e-17,6.097590315717351e-17,0.3925203578606822
1,2036,0.1,0.0,0.0,0.0,0.0,0.0,1.0
1,2036,0.11,0.0,0.0,0.0,0.0,0.0,1.0
1,2036,0.12,0.0,0.0,0.0,0.0,0.0,1.0
1,2036,0.13,0.0,0.0,0.0,0.0,0.0,1.0
1,2036,0.14,0.0,0.0,0.0,0.0,0.0,1.0
1,2036,0.15,0.0,0.0,0.0,0.0,0.0,1.0
1,2036,0.16,0.0,0.0,0.0,0.0,0.0,1.0
1,2036,0.17,0.0,0.0,0.0,0.0,0.0,1.0
1,2036,0.18,0.0,0.0,0.0,0.0,0.0,1.0
1,2036,0.19,0.0,0.0,0.0,0.0,0.0,1.0
1,2036,0.2,0.0,0.0,0.0,0.0,0.0,1.0
1,2036,0.21,0.0,0.0,0.0,0.0,0.0,1.0
1,2036,0.22,0.0,0.0,0.0,0.0,0.0,1.0
1,2036,0.23,0.0,0.0,0.0,0.0,0.0,1.0
1,2036,0.24,0.0,0.0,0.0,0.0,0.0,1.0
1,2036,0.25,0.0,0.0,0.0,0.0,0.0,1.0
1,2036,0.26,0.0,0.0,0.0,0.0,0.0,1.0
1,2036,0.27,0.0,0.0,0.0,0.0,0.0,1.0
1,2036,0.28,0.0,0.0,0.0,0.0,0.0,1.0
1,2036,0.29,0.0,0.0,0.0,0.0,0.0,1.0
1,2036,0.3,0.0,0.0,0.0,0.0,0.0,1.0
1,2036,0.31,0.0,0.0,0.0,0.0,0.0,1.0
1,2036,0.32,0.0,0.0,0.0,0.0,0.0,1.0
1,2036,0.33,0.0,0.0,0.0,0.0,0.0,1.0
1,2036,0.34,0.0,0.0,0.0,0.0,0.0,1.0
1,2036,0.35000000000000003,0.0,0.0,0.0,0.0,0.0,1.0
1,2036,0.36,0.0,0.0,0.0,0.0,0.0,1.0
1,2036,0.37,0.0,0.0,0.0,0.0,0.0,1.0
1,2036,0.38,0.0,0.0,0.0,0.0,0.0,1.0
1,2036,0.39,0.0,0.0,0.0,0.0,0.0,1.0
1,2036,0.4,0.0,0.0,0.0,0.0,0.0,1.0
1,2036,0.41000000000000003,0.0,0.0,0.0,0.0,0.0,1.0
1,2036,0.42,0.0,0.0,0.0,0.0,0.0,1.0
1,2036,0.43,0.0,0.0,0.0,0.0,0.0,1.0
1,2036,0.44,0.0,0.0,0.0,0.0,0.0,1.0
1,2036,0.45,0.0,0.0,0.0,0.0,0.0,1.0
1,2036,0.46,0.0,0.0,0.0,0.0,0.0,1.0
1,2036,0.47000000000000003,0.0,0.0,0.0,0.0,0.0,1.0
1,2036,0.48,0.0,0.0,0.0,0.0,0.0,1.0
1,2036,0.49,0.0,0.0,0.0,0.0,0.0,1.0
1,2036,0.5,0.0,0.0,0.0,0.0,0.0,1.0
1,2036,0.51,0.0,0.0,0.0,0.0,0.0,1.0
1,2036,0.52,0.0,0.0,0.0,0.0,0.0,1.0
1,2036,0.53,0.0,0.0,0.0,0.0,0.0,1.0
1,2036,0.54,0.0,0.0,0.0,0.0,0.0,1.0
1,2036,0.55,0.0,0.0,0.0,0.0,0.0,1.0
1,2036,0.56,0.0,0.0,0.0,0.0,0.0,1.0
1,2036,0.5700000000000001,0.0,0.0,0.0,0.0,0.0,1.0
1,2036,0.58,0.0,0.0,0.0,0.0,0.0,1.0
1,2036,0.59,0.0,0.0,0.0,0.0,0.0,1.0
1,2036,0.6,0.0,0.0,0.0,0.0,0.0,1.0
1,2036,0.61,0.0,0.0,0.0,0.0,0.0,1.0
1,2036,0.62,0.0,0.0,0.0,0.0,0.0,1.0
1,2036,0.63,0.0,0.0,0.0,0.0,0.0,1.0
1,2036,0.64,0.0,0.0,0.0,0.0,0.0,1.0
1,2036,0.65,0.0,0.0,0.0,0.0,0.0,1.0
1,2036,0.66,0.0,0.0,0.0,0.0,0.0,1.0
1,2036,0.67,0.0,0.0,0.0,0.0,0.0,1.0
1,2036,0.68,0.0,0.0,0.0,0.0,0.0,1.0
1,2036,0.6900000000000001,0.0,0.0,0.0,0.0,0.0,1.0
1,2036,0.7000000000000001,0.0,0.0,0.0,0.0,0.0,1.0
1,2036,0.71,0.0,0.0,0.0,0.0,0.0,1.0
1,2036,0.72,0.0,0.0,0.0,0.0,0.0,1.0
1,2036,0.73,0.0,0.0,0.0,0.0,0.0,1.0
1,2036,0.74,0.0,0.0,0.0,0.0,0.0,1.0
1,2036,0.75,0.0,0.0,0.0,0.0,0.0,1.0
1,2036,0.76,0.0,0.0,0.0,0.0,0.0,1.0
1,2036,0.77,0.0,0.0,0.0,0.0,0.0,1.0
1,2036,0.78,0.0,0.0,0.0,0.0,0.0,1.0
1,2036,0.79,0.0,0.0,0.0,0.0,0.0,1.0
1,2036,0.8,0.0,0.0,0.0,0.0,0.0,1.0
1,2036,0.81,0.0,0.0,0.0,0.0,0.0,1.0
1,2036,0.8200000000000001,0.0,0.0,0.0,0.0,0.0,1.0
1,2036,0.8300000000000001,0.0,0.0,0.0,0.0,0.0,1.0
1,2036,0.84,0.0,0.0,0.0,0.0,0.0,1.0
1,2036,0.85,0.0,0.0,0.0,0.0,0.0,1.0
1,2036,0.86,0.0,0.0,0.0,0.0,0.0,1.0
1,2036,0.87,0.0,0.0,0.0,0.0,0.0,1.0
1,2036,0.88,0.0,0.0,0.0,0.0,0.0,1.0
1,2036,0.89,0.0,0.0,0.0,0.0,0.0,1.0
1,2036,0.9,0.0,0.0,0.0,0.0,0.0,1.0
1,2036,0.91,0.0,0.0,0.0,0.0,0.0,1.0
1,2036,0.92,0.0,0.0,0.0,0.0,0.0,1.0
1,2036,0.93,0.0,0.0,0.0,0.0,0.0,1.0
1,2036,0.9400000000000001,0.0,0.0,0.0,0.0,0.0,1.0
1,2036,0.9500000000000001,0.0,0.0,0.0,0.0,0.0,1.0
1,2036,0.96,0.0,0.0,0.0,0.0,0.0,1.0
1,2036,0.97,0.0,0.0,0.0,0.0,0.0,1.0
1,2036,0.98,0.0,0.0,0.0,0.0,0.0,1.0
1,2036,0.99,0.0,0.0,0.0,0.0,0.0,1.0
1,2036,1.0,0.0,0.0,0.0,0.0,0.0,1.0
1,2037,0.01,0.18072138566750495,0.1025736045647194,0.08478997037521883,0.6079769012801061,0.017263263623779793,0.006674874488670845
1,2037,0.02,0.9999999999999973,9.949062177949908e-14,2.2403375568267142e-17,0.0,4.0636663222910497e-17,1.0065139976987272e-18
1,2037,0.03,0.9999999999997705,7.281050809474732e-15,0.0,0.0,0.0,0.0
1,2037,0.04,0.9999999999999989,0.0,0.0,0.0,0.0,0.0
1,2037,0.05,1.0,0.0,0.0,1.8171353221197673e-16,4.3028974077297915e-17,7.069122974946108e-17
1,2037,0.06,0.9999999999999998,3.3306690738754696e-16,3.173808599812204e-16,0.0,0.0,6.994009926342607e-17
1,2037,0.07,0.25403020860248443,0.7459697913975157,5.3996479782198476e-17,0.0,3.260411373391386e-17,0.0
1,2037,0.08,0.22910805991737543,0.5872497076828989,4.717772724086971e-17,1.014035195113333e-16,1.0529004799206007e-15,0.18364223239990105
1,2037,0.09,0.0,0.0,0.0,0.0,0.0,1.0
1,2037,0.1,0.0,0.0,0.0,0.0,0.0,1.0
1,2037,0.11,0.0,0.0,0.0,0.0,0.0,1.0
1,2037,0.12,0.0,0.0,0.0,0.0,0.0,1.0
1,2037,0.13,0.0,0.0,0.0,0.0,0.0,1.0
1,2037,0.14,0.0,0.0,0.0,0.0,0.0,1.0
1,2037,0.15,0.0,0.0,0.0,0.0,0.0,1.0
1,2037,0.16,0.0,0.0,0.0,0.0,0.0,1.0
1,2037,0.17,0.0,0.0,0.0,0.0,0.0,1.0
1,2037,0.18,0.0,0.0,0.0,0.0,0.0,1.0
1,2037,0.19,0.0,0.0,0.0,0.0,0.0,1.0
1,2037,0.2,0.0,0.0,0.0,0.0,0.0,1.0
1,2037,0.21,0.0,0.0,0.0,0.0,0.0,1.0
1,2037,0.22,0.0,0.0,0.0,0.0,0.0,1.0
1,2037,0.23,0.0,0.0,0.0,0.0,0.0,1.0
1,2037,0.24,0.0,0.0,0.0,0.0,0.0,1.0
1,2037,0.25,0.0,0.0,0.0,0.0,0.0,1.0
1,2037,0.26,0.0,0.0,0.0,0.0,0.0,1.0
1,2037,0.27,0.0,0.0,0.0,0.0,0.0,1.0
1,2037,0.28,0.0,0.0,0.0,0.0,0.0,1.0
1,2037,0.29,0.0,0.0,0.0,0.0,0.0,1.0
1,2037,0.3,0.0,0.0,0.0,0.0,0.0,1.0
1,2037,0.31,0.0,0.0,0.0,0.0,0.0,1.0
1,2037,0.32,0.0,0.0,0.0,0.0,0.0,1.0
1,2037,0.33,0.0,0.0,0.0,0.0,0.0,1.0
1,2037,0.34,0.0,0.0,0.0,0.0,0.0,1.0
1,2037,0.35000000000000003,0.0,0.0,0.0,0.0,0.0,1.0
1,2037,0.36,0.0,0.0,0.0,0.0,0.0,1.0
1,2037,0.37,0.0,0.0,0.0,0.0,0.0,1.0
1,2037,0.38,0.0,0.0,0.0,0.0,0.0,1.0
1,2037,0.39,0.0,0.0,0.0,0.0,0.0,1.0
1,2037,0.4,0.0,0.0,0.0,0.0,0.0,1.0
1,2037,0.41000000000000003,0.0,0.0,0.0,0.0,0.0,1.0
1,2037,0.42,0.0,0.0,0.0,0.0,0.0,1.0
1,2037,0.43,0.0,0.0,0.0,0.0,0.0,1.0
1,2037,0.44,0.0,0.0,0.0,0.0,0.0,1.0
1,2037,0.45,0.0,0.0,0.0,0.0,0.0,1.0
1,2037,0.46,0.0,0.0,0.0,0.0,0.0,1.0
1,2037,0.47000000000000003,0.0,0.0,0.0,0.0,0.0,1.0
1,2037,0.48,0.0,0.0,0.0,0.0,0.0,1.0
1,2037,0.49,0.0,0.0,0.0,0.0,0.0,1.0
1,2037,0.5,0.0,0.0,0.0,0.0,0.0,1.0
1,2037,0.51,0.0,0.0,0.0,0.0,0.0,1.0
1,2037,0.52,0.0,0.0,0.0,0.0,0.0,1.0
1,2037,0.53,0.0,0.0,0.0,0.0,0.0,1.0
1,2037,0.54,0.0,0.0,0.0,0.0,0.0,1.0
1,2037,0.55,0.0,0.0,0.0,0.0,0.0,1.0
1,2037,0.56,0.0,0.0,0.0,0.0,0.0,1.0
1,2037,0.5700000000000001,0.0,0.0,0.0,0.0,0.0,1.0
1,2037,0.58,0.0,0.0,0.0,0.0,0.0,1.0
1,2037,0.59,0.0,0.0,0.0,0.0,0.0,1.0
1,2037,0.6,0.0,0.0,0.0,0.0,0.0,1.0
1,2037,0.61,0.0,0.0,0.0,0.0,0.0,1.0
1,2037,0.62,0.0,0.0,0.0,0.0,0.0,1.0
1,2037,0.63,0.0,0.0,0.0,0.0,0.0,1.0
1,2037,0.64,0.0,0.0,0.0,0.0,0.0,1.0
1,2037,0.65,0.0,0.0,0.0,0.0,0.0,1.0
1,2037,0.66,0.0,0.0,0.0,0.0,0.0,1.0
1,2037,0.67,0.0,0.0,0.0,0.0,0.0,1.0
1,2037,0.68,0.0,0.0,0.0,0.0,0.0,1.0
1,2037,0.6900000000000001,0.0,0.0,0.0,0.0,0.0,1.0
1,2037,0.7000000000000001,0.0,0.0,0.0,0.0,0.0,1.0
1,2037,0.71,0.0,0.0,0.0,0.0,0.0,1.0
1,2037,0.72,0.0,0.0,0.0,0.0,0.0,1.0
1,2037,0.73,0.0,0.0,0.0,0.0,0.0,1.0
1,2037,0.74,0.0,0.0,0.0,0.0,0.0,1.0
1,2037,0.75,0.0,0.0,0.0,0.0,0.0,1.0
1,2037,0.76,0.0,0.0,0.0,0.0,0.0,1.0
1,2037,0.77,0.0,0.0,0.0,0.0,0.0,1.0
1,2037,0.78,0.0,0.0,0.0,0.0,0.0,1.0
1,2037,0.79,0.0,0.0,0.0,0.0,0.0,1.0
1,2037,0.8,0.0,0.0,0.0,0.0,0.0,1.0
1,2037,0.81,0.0,0.0,0.0,0.0,0.0,1.0
1,2037,0.8200000000000001,0.0,0.0,0.0,0.0,0.0,1.0
1,2037,0.8300000000000001,0.0,0.0,0.0,0.0,0.0,1.0
1,2037,0.84,0.0,0.0,0.0,0.0,0.0,1.0
1,2037,0.85,0.0,0.0,0.0,0.0,0.0,1.0
1,2037,0.86,0.0,0.0,0.0,0.0,0.0,1.0
1,2037,0.87,0.0,0.0,0.0,0.0,0.0,1.0
1,2037,0.88,0.0,0.0,0.0,0.0,0.0,1.0
1,2037,0.89,0.0,0.0,0.0,0.0,0.0,1.0
1,2037,0.9,0.0,0.0,0.0,0.0,0.0,1.0
1,2037,0.91,0.0,0.0,0.0,0.0,0.0,1.0
1,2037,0.92,0.0,0.0,0.0,0.0,0.0,1.0
1,2037,0.93,0.0,0.0,0.0,0.0,0.0,1.0
1,2037,0.9400000000000001,0.0,0.0,0.0,0.0,0.0,1.0
1,2037,0.9500000000000001,0.0,0.0,0.0,0.0,0.0,1.0
1,2037,0.96,0.0,0.0,0.0,0.0,0.0,1.0
1,2037,0.97,0.0,0.0,0.0,0.0,0.0,1.0
1,2037,0.98,0.0,0.0,0.0,0.0,0.0,1.0
1,2037,0.99,0.0,0.0,0.0,0.0,0.0,1.0
1,2037,1.0,0.0,0.0,0.0,0.0,0.0,1.0
1,2038,0.01,0.23061390300556758,0.2941566689771573,0.0451436599390342,0.037120960951259475,0.08848135320805743,0.3044834539189239
1,2038,0.02,0.23061390300556758,0.2941566689771573,0.0451436599390342,0.037120960951259475,0.08848135320805743,0.3044834539189239
1,2038,0.03,1.0,0.0,3.519960568412654e-17,0.0,0.0,5.209735376620486e-17
1,2038,0.04,0.9999999999999994,5.551115123125783e-17,1.4367317877657263e-16,0.0,1.5581624310841028e-16,5.3083981134650727e-17
1,2038,0.05,1.0,5.551115123125783e-17,5.705734575603864e-17,0.0,6.131316770338336e-17,0.0
1,2038,0.06,0.9999999999999998,0.0,1.438247081346161e-16,0.0,0.0,1.9933585936587392e-16
1,2038,0.07,0.25366147684651424,0.7463385231534857,0.0,0.0,1.777068246577868e-17,1.4991631692732544e-16
1,2038,0.08,0.18746237283022538,0.31569780451821716,0.0,0.0,0.0,0.4968398226514676
1,2038,0.09,0.0,0.0,0.0,0.0,0.0,1.0
1,2038,0.1,0.0,0.0,0.0,0.0,0.0,1.0
1,2038,0.11,0.0,0.0,0.0,0.0,0.0,1.0
1,2038,0.12,0.0,0.0,0.0,0.0,0.0,1.0
1,2038,0.13,0.0,0.0,0.0,0.0,0.0,1.0
1,2038,0.14,0.0,0.0,0.0,0.0,0.0,1.0
1,2038,0.15,0.0,0.0,0.0,0.0,0.0,1.0
1,2038,0.16,0.0,0.0,0.0,0.0,0.0,1.0
1,2038,0.17,0.0,0.0,0.0,0.0,0.0,1.0
1,2038,0.18,0.0,0.0,0.0,0.0,0.0,1.0
1,2038,0.19,0.0,0.0,0.0,0.0,0.0,1.0
1,2038,0.2,0.0,0.0,0.0,0.0,0.0,1.0
1,2038,0.21,0.0,0.0,0.0,0.0,0.0,1.0
1,2038,0.22,0.0,0.0,0.0,0.0,0.0,1.0
1,2038,0.23,0.0,0.0,0.0,0.0,0.0,1.0
1,2038,0.24,0.0,0.0,0.0,0.0,0.0,1.0
1,2038,0.25,0.0,0.0,0.0,0.0,0.0,1.0
1,2038,0.26,0.0,0.0,0.0,0.0,0.0,1.0
1,2038,0.27,0.0,0.0,0.0,0.0,0.0,1.0
1,2038,0.28,0.0,0.0,0.0,0.0,0.0,1.0
1,2038,0.29,0.0,0.0,0.0,0.0,0.0,1.0
1,2038,0.3,0.0,0.0,0.0,0.0,0.0,1.0
1,2038,0.31,0.0,0.0,0.0,0.0,0.0,1.0
1,2038,0.32,0.0,0.0,0.0,0.0,0.0,1.0
1,2038,0.33,0.0,0.0,0.0,0.0,0.0,1.0
1,2038,0.34,0.0,0.0,0.0,0.0,0.0,1.0
1,2038,0.35000000000000003,0.0,0.0,0.0,0.0,0.0,1.0
1,2038,0.36,0.0,0.0,0.0,0.0,0.0,1.0
1,2038,0.37,0.0,0.0,0.0,0.0,0.0,1.0
1,2038,0.38,0.0,0.0,0.0,0.0,0.0,1.0
1,2038,0.39,0.0,0.0,0.0,0.0,0.0,1.0
1,2038,0.4,0.0,0.0,0.0,0.0,0.0,1.0
1,2038,0.41000000000000003,0.0,0.0,0.0,0.0,0.0,1.0
1,2038,0.42,0.0,0.0,0.0,0.0,0.0,1.0
1,2038,0.43,0.0,0.0,0.0,0.0,0.0,1.0
1,2038,0.44,0.0,0.0,0.0,0.0,0.0,1.0
1,2038,0.45,0.0,0.0,0.0,0.0,0.0,1.0
1,2038,0.46,0.0,0.0,0.0,0.0,0.0,1.0
1,2038,0.47000000000000003,0.0,0.0,0.0,0.0,0.0,1.0
1,2038,0.48,0.0,0.0,0.0,0.0,0.0,1.0
1,2038,0.49,0.0,0.0,0.0,0.0,0.0,1.0
1,2038,0.5,0.0,0.0,0.0,0.0,0.0,1.0
1,2038,0.51,0.0,0.0,0.0,0.0,0.0,1.0
1,2038,0.52,0.0,0.0,0.0,0.0,0.0,1.0
1,2038,0.53,0.0,0.0,0.0,0.0,0.0,1.0
1,2038,0.54,0.0,0.0,0.0,0.0,0.0,1.0
1,2038,0.55,0.0,0.0,0.0,0.0,0.0,1.0
1,2038,0.56,0.0,0.0,0.0,0.0,0.0,1.0
1,2038,0.5700000000000001,0.0,0.0,0.0,0.0,0.0,1.0
1,2038,0.58,0.0,0.0,0.0,0.0,0.0,1.0
1,2038,0.59,0.0,0.0,0.0,0.0,0.0,1.0
1,2038,0.6,0.0,0.0,0.0,0.0,0.0,1.0
1,2038,0.61,0.0,0.0,0.0,0.0,0.0,1.0
1,2038,0.62,0.0,0.0,0.0,0.0,0.0,1.0
1,2038,0.63,0.0,0.0,0.0,0.0,0.0,1.0
1,2038,0.64,0.0,0.0,0.0,0.0,0.0,1.0
1,2038,0.65,0.0,0.0,0.0,0.0,0.0,1.0
1,2038,0.66,0.0,0.0,0.0,0.0,0.0,1.0
1,2038,0.67,0.0,0.0,0.0,0.0,0.0,1.0
1,2038,0.68,0.0,0.0,0.0,0.0,0.0,1.0
1,2038,0.6900000000000001,0.0,0.0,0.0,0.0,0.0,1.0
1,2038,0.7000000000000001,0.0,0.0,0.0,0.0,0.0,1.0
1,2038,0.71,0.0,0.0,0.0,0.0,0.0,1.0
1,2038,0.72,0.0,0.0,0.0,0.0,0.0,1.0
1,2038,0.73,0.0,0.0,0.0,0.0,0.0,1.0
1,2038,0.74,0.0,0.0,0.0,0.0,0.0,1.0
1,2038,0.75,0.0,0.0,0.0,0.0,0.0,1.0
1,2038,0.76,0.0,0.0,0.0,0.0,0.0,1.0
1,2038,0.77,0.0,0.0,0.0,0.0,0.0,1.0
1,2038,0.78,0.0,0.0,0.0,0.0,0.0,1.0
1,2038,0.79,0.0,0.0,0.0,0.0,0.0,1.0
1,2038,0.8,0.0,0.0,0.0,0.0,0.0,1.0
1,2038,0.81,0.0,0.0,0.0,0.0,0.0,1.0
1,2038,0.8200000000000001,0.0,0.0,0.0,0.0,0.0,1.0
1,2038,0.8300000000000001,0.0,0.0,0.0,0.0,0.0,1.0
1,2038,0.84,0.0,0.0,0.0,0.0,0.0,1.0
1,2038,0.85,0.0,0.0,0.0,0.0,0.0,1.0
1,2038,0.86,0.0,0.0,0.0,0.0,0.0,1.0
1,2038,0.87,0.0,0.0,0.0,0.0,0.0,1.0
1,2038,0.88,0.0,0.0,0.0,0.0,0.0,1.0
1,2038,0.89,0.0,0.0,0.0,0.0,0.0,1.0
1,2038,0.9,0.0,0.0,0.0,0.0,0.0,1.0
1,2038,0.91,0.0,0.0,0.0,0.0,0.0,1.0
1,2038,0.92,0.0,0.0,0.0,0.0,0.0,1.0
1,2038,0.93,0.0,0.0,0.0,0.0,0.0,1.0
1,2038,0.9400000000000001,0.0,0.0,0.0,0.0,0.0,1.0
1,2038,0.9500000000000001,0.0,0.0,0.0,0.0,0.0,1.0
1,2038,0.96,0.0,0.0,0.0,0.0,0.0,1.0
1,2038,0.97,0.0,0.0,0.0,0.0,0.0,1.0
1,2038,0.98,0.0,0.0,0.0,0.0,0.0,1.0
1,2038,0.99,0.0,0.0,0.0,0.0,0.0,1.0
1,2038,1.0,0.0,0.0,0.0,0.0,0.0,1.0
1,2039,0.01,0.23305859393025227,0.13569771552919516,0.20871089771692317,0.14979833522285285,0.04575053564558252,0.22698392195519407
1,2039,0.02,0.23305859393025227,0.13569771552919516,0.20871089771692317,0.14979833522285285,0.04575053564558252,0.22698392195519407
1,2039,0.03,1.0,0.0,0.0,0.0,0.0,0.0
1,2039,0.04,0.999999999999935,7.487164726299745e-14,0.0,0.0,0.0,0.0
1,2039,0.05,1.0,0.0,7.994342834728306e-16,3.7263809827391177e-16,0.0,1.145433475972638e-16
1,2039,0.06,0.999999999999964,3.619558149799272e-14,0.0,0.0,0.0,0.0
1,2039,0.07,0.25397539215998144,0.7460246078400186,1.3278290847079763e-17,2.0772337592236003e-17,0.0,3.6165250539212303e-17
1,2039,0.08,0.0,0.0,0.0,0.0,0.0,1.0
1,2039,0.09,0.0,0.0,0.0,0.0,0.0,1.0
1,2039,0.1,0.0,0.0,0.0,0.0,0.0,1.0
1,2039,0.11,0.0,0.0,0.0,0.0,0.0,1.0
1,2039,0.12,0.0,0.0,0.0,0.0,0.0,1.0
1,2039,0.13,0.0,0.0,0.0,0.0,0.0,1.0
1,2039,0.14,0.0,0.0,0.0,0.0,0.0,1.0
1,2039,0.15,0.0,0.0,0.0,0.0,0.0,1.0
1,2039,0.16,0.0,0.0,0.0,0.0,0.0,1.0
1,2039,0.17,0.0,0.0,0.0,0.0,0.0,1.0
1,2039,0.18,0.0,0.0,0.0,0.0,0.0,1.0
1,2039,0.19,0.0,0.0,0.0,0.0,0.0,1.0
1,2039,0.2,0.0,0.0,0.0,0.0,0.0,1.0
1,2039,0.21,0.0,0.0,0.0,0.0,0.0,1.0
1,2039,0.22,0.0,0.0,0.0,0.0,0.0,1.0
1,2039,0.23,0.0,0.0,0.0,0.0,0.0,1.0
1,2039,0.24,0.0,0.0,0.0,0.0,0.0,1.0
1,2039,0.25,0.0,0.0,0.0,0.0,0.0,1.0
1,2039,0.26,0.0,0.0,0.0,0.0,0.0,1.0
1,2039,0.27,0.0,0.0,0.0,0.0,0.0,1.0
1,2039,0.28,0.0,0.0,0.0,0.0,0.0,1.0
1,2039,0.29,0.0,0.0,0.0,0.0,0.0,1.0
1,2039,0.3,0.0,0.0,0.0,0.0,0.0,1.0
1,2039,0.31,0.0,0.0,0.0,0.0,0.0,1.0
1,2039,0.32,0.0,0.0,0.0,0.0,0.0,1.0
1,2039,0.33,0.0,0.0,0.0,0.0,0.0,1.0
1,2039,0.34,0.0,0.0,0.0,0.0,0.0,1.0
1,2039,0.35000000000000003,0.0,0.0,0.0,0.0,0.0,1.0
1,2039,0.36,0.0,0.0,0.0,0.0,0.0,1.0
1,2039,0.37,0.0,0.0,0.0,0.0,0.0,1.0
1,2039,0.38,0.0,0.0,0.0,0.0,0.0,1.0
1,2039,0.39,0.0,0.0,0.0,0.0,0.0,1.0
1,2039,0.4,0.0,0.0,0.0,0.0,0.0,1.0
1,2039,0.41000000000000003,0.0,0.0,0.0,0.0,0.0,1.0
1,2039,0.42,0.0,0.0,0.0,0.0,0.0,1.0
1,2039,0.43,0.0,0.0,0.0,0.0,0.0,1.0
1,2039,0.44,0.0,0.0,0.0,0.0,0.0,1.0
1,2039,0.45,0.0,0.0,0.0,0.0,0.0,1.0
1,2039,0.46,0.0,0.0,0.0,0.0,0.0,1.0
1,2039,0.47000000000000003,0.0,0.0,0.0,0.0,0.0,1.0
1,2039,0.48,0.0,0.0,0.0,0.0,0.0,1.0
1,2039,0.49,0.0,0.0,0.0,0.0,0.0,1.0
1,2039,0.5,0.0,0.0,0.0,0.0,0.0,1.0
1,2039,0.51,0.0,0.0,0.0,0.0,0.0,1.0
1,2039,0.52,0.0,0.0,0.0,0.0,0.0,1.0
1,2039,0.53,0.0,0.0,0.0,0.0,0.0,1.0
1,2039,0.54,0.0,0.0,0.0,0.0,0.0,1.0
1,2039,0.55,0.0,0.0,0.0,0.0,0.0,1.0
1,2039,0.56,0.0,0.0,0.0,0.0,0.0,1.0
1,2039,0.5700000000000001,0.0,0.0,0.0,0.0,0.0,1.0
1,2039,0.58,0.0,0.0,0.0,0.0,0.0,1.0
1,2039,0.59,0.0,0.0,0.0,0.0,0.0,1.0
1,2039,0.6,0.0,0.0,0.0,0.0,0.0,1.0
1,2039,0.61,0.0,0.0,0.0,0.0,0.0,1.0
1,2039,0.62,0.0,0.0,0.0,0.0,0.0,1.0
1,2039,0.63,0.0,0.0,0.0,0.0,0.0,1.0
1,2039,0.64,0.0,0.0,0.0,0.0,0.0,1.0
1,2039,0.65,0.0,0.0,0.0,0.0,0.0,1.0
1,2039,0.66,0.0,0.0,0.0,0.0,0.0,1.0
1,2039,0.67,0.0,0.0,0.0,0.0,0.0,1.0
1,2039,0.68,0.0,0.0,0.0,0.0,0.0,1.0
1,2039,0.6900000000000001,0.0,0.0,0.0,0.0,0.0,1.0
1,2039,0.7000000000000001,0.0,0.0,0.0,0.0,0.0,1.0
1,2039,0.71,0.0,0.0,0.0,0.0,0.0,1.0
1,2039,0.72,0.0,0.0,0.0,0.0,0.0,1.0
1,2039,0.73,0.0,0.0,0.0,0.0,0.0,1.0
1,2039,0.74,0.0,0.0,0.0,0.0,0.0,1.0
1,2039,0.75,0.0,0.0,0.0,0.0,0.0,1.0
1,2039,0.76,0.0,0.0,0.0,0.0,0.0,1.0
1,2039,0.77,0.0,0.0,0.0,0.0,0.0,1.0
1,2039,0.78,0.0,0.0,0.0,0.0,0.0,1.0
1,2039,0.79,0.0,0.0,0.0,0.0,0.0,1.0
1,2039,0.8,0.0,0.0,0.0,0.0,0.0,1.0
1,2039,0.81,0.0,0.0,0.0,0.0,0.0,1.0
1,2039,0.8200000000000001,0.0,0.0,0.0,0.0,0.0,1.0
1,2039,0.8300000000000001,0.0,0.0,0.0,0.0,0.0,1.0
1,2039,0.84,0.0,0.0,0.0,0.0,0.0,1.0
1,2039,0.85,0.0,0.0,0.0,0.0,0.0,1.0
1,2039,0.86,0.0,0.0,0.0,0.0,0.0,1.0
1,2039,0.87,0.0,0.0,0.0,0.0,0.0,1.0
1,2039,0.88,0.0,0.0,0.0,0.0,0.0,1.0
1,2039,0.89,0.0,0.0,0.0,0.0,0.0,1.0
1,2039,0.9,0.0,0.0,0.0,0.0,0.0,1.0
1,2039,0.91,0.0,0.0,0.0,0.0,0.0,1.0
1,2039,0.92,0.0,0.0,0.0,0.0,0.0,1.0
1,2039,0.93,0.0,0.0,0.0,0.0,0.0,1.0
1,2039,0.9400000000000001,0.0,0.0,0.0,0.0,0.0,1.0
1,2039,0.9500000000000001,0.0,0.0,0.0,0.0,0.0,1.0
1,2039,0.96,0.0,0.0,0.0,0.0,0.0,1.0
1,2039,0.97,0.0,0.0,0.0,0.0,0.0,1.0
1,2039,0.98,0.0,0.0,0.0,0.0,0.0,1.0
1,2039,0.99,0.0,0.0,0.0,0.0,0.0,1.0
1,2039,1.0,0.0,0.0,0.0,0.0,0.0,1.0
1,2040,0.01,0.15221429465924433,0.1691862796665213,0.09207238843134928,0.13660360712511027,0.24524907847543906,0.20467435164233583
1,2040,0.02,0.15221429465924433,0.1691862796665213,0.09207238843134928,0.13660360712511027,0.24524907847543906,0.20467435164233583
1,2040,0.03,1.0,0.0,0.0,0.0,0.0,0.0
1,2040,0.04,1.0,0.0,4.2200769923664544e-15,2.223315403827057e-15,1.4844016722459986e-14,1.4988947057057493e-14
1,2040,0.05,1.0,0.0,0.0,1.886489008205264e-16,1.4254895882119737e-16,5.018873568928335e-17
1,2040,0.06,0.2537912322777531,0.7462087677222475,0.0,0.0,0.0,0.0
1,2040,0.07,0.0,0.0,0.0,0.0,0.0,1.0
1,2040,0.08,0.0,0.0,0.0,0.0,0.0,1.0
1,2040,0.09,0.0,0.0,0.0,0.0,0.0,1.0
1,2040,0.1,0.0,0.0,0.0,0.0,0.0,1.0
1,2040,0.11,0.0,0.0,0.0,0.0,0.0,1.0
1,2040,0.12,0.0,0.0,0.0,0.0,0.0,1.0
1,2040,0.13,0.0,0.0,0.0,0.0,0.0,1.0
1,2040,0.14,0.0,0.0,0.0,0.0,0.0,1.0
1,2040,0.15,0.0,0.0,0.0,0.0,0.0,1.0
1,2040,0.16,0.0,0.0,0.0,0.0,0.0,1.0
1,2040,0.17,0.0,0.0,0.0,0.0,0.0,1.0
1,2040,0.18,0.0,0.0,0.0,0.0,0.0,1.0
1,2040,0.19,0.0,0.0,0.0,0.0,0.0,1.0
1,2040,0.2,0.0,0.0,0.0,0.0,0.0,1.0
1,2040,0.21,0.0,0.0,0.0,0.0,0.0,1.0
1,2040,0.22,0.0,0.0,0.0,0.0,0.0,1.0
1,2040,0.23,0.0,0.0,0.0,0.0,0.0,1.0
1,2040,0.24,0.0,0.0,0.0,0.0,0.0,1.0
1,2040,0.25,0.0,0.0,0.0,0.0,0.0,1.0
1,2040,0.26,0.0,0.0,0.0,0.0,0.0,1.0
1,2040,0.27,0.0,0.0,0.0,0.0,0.0,1.0
1,2040,0.28,0.0,0.0,0.0,0.0,0.0,1.0
1,2040,0.29,0.0,0.0,0.0,0.0,0.0,1.0
1,2040,0.3,0.0,0.0,0.0,0.0,0.0,1.0
1,2040,0.31,0.0,0.0,0.0,0.0,0.0,1.0
1,2040,0.32,0.0,0.0,0.0,0.0,0.0,1.0
1,2040,0.33,0.0,0.0,0.0,0.0,0.0,1.0
1,2040,0.34,0.0,0.0,0.0,0.0,0.0,1.0
1,2040,0.35000000000000003,0.0,0.0,0.0,0.0,0.0,1.0
1,2040,0.36,0.0,0.0,0.0,0.0,0.0,1.0
1,2040,0.37,0.0,0.0,0.0,0.0,0.0,1.0
1,2040,0.38,0.0,0.0,0.0,0.0,0.0,1.0
1,2040,0.39,0.0,0.0,0.0,0.0,0.0,1.0
1,2040,0.4,0.0,0.0,0.0,0.0,0.0,1.0
1,2040,0.41000000000000003,0.0,0.0,0.0,0.0,0.0,1.0
1,2040,0.42,0.0,0.0,0.0,0.0,0.0,1.0
1,2040,0.43,0.0,0.0,0.0,0.0,0.0,1.0
1,2040,0.44,0.0,0.0,0.0,0.0,0.0,1.0
1,2040,0.45,0.0,0.0,0.0,0.0,0.0,1.0
1,2040,0.46,0.0,0.0,0.0,0.0,0.0,1.0
1,2040,0.47000000000000003,0.0,0.0,0.0,0.0,0.0,1.0
1,2040,0.48,0.0,0.0,0.0,0.0,0.0,1.0
1,2040,0.49,0.0,0.0,0.0,0.0,0.0,1.0
1,2040,0.5,0.0,0.0,0.0,0.0,0.0,1.0
1,2040,0.51,0.0,0.0,0.0,0.0,0.0,1.0
1,2040,0.52,0.0,0.0,0.0,0.0,0.0,1.0
1,2040,0.53,0.0,0.0,0.0,0.0,0.0,1.0
1,2040,0.54,0.0,0.0,0.0,0.0,0.0,1.0
1,2040,0.55,0.0,0.0,0.0,0.0,0.0,1.0
1,2040,0.56,0.0,0.0,0.0,0.0,0.0,1.0
1,2040,0.5700000000000001,0.0,0.0,0.0,0.0,0.0,1.0
1,2040,0.58,0.0,0.0,0.0,0.0,0.0,1.0
1,2040,0.59,0.0,0.0,0.0,0.0,0.0,1.0
1,2040,0.6,0.0,0.0,0.0,0.0,0.0,1.0
1,2040,0.61,0.0,0.0,0.0,0.0,0.0,1.0
1,2040,0.62,0.0,0.0,0.0,0.0,0.0,1.0
1,2040,0.63,0.0,0.0,0.0,0.0,0.0,1.0
1,2040,0.64,0.0,0.0,0.0,0.0,0.0,1.0
1,2040,0.65,0.0,0.0,0.0,0.0,0.0,1.0
1,2040,0.66,0.0,0.0,0.0,0.0,0.0,1.0
1,2040,0.67,0.0,0.0,0.0,0.0,0.0,1.0
1,2040,0.68,0.0,0.0,0.0,0.0,0.0,1.0
1,2040,0.6900000000000001,0.0,0.0,0.0,0.0,0.0,1.0
1,2040,0.7000000000000001,0.0,0.0,0.0,0.0,0.0,1.0
1,2040,0.71,0.0,0.0,0.0,0.0,0.0,1.0
1,2040,0.72,0.0,0.0,0.0,0.0,0.0,1.0
1,2040,0.73,0.0,0.0,0.0,0.0,0.0,1.0
1,2040,0.74,0.0,0.0,0.0,0.0,0.0,1.0
1,2040,0.75,0.0,0.0,0.0,0.0,0.0,1.0
1,2040,0.76,0.0,0.0,0.0,0.0,0.0,1.0
1,2040,0.77,0.0,0.0,0.0,0.0,0.0,1.0
1,2040,0.78,0.0,0.0,0.0,0.0,0.0,1.0
1,2040,0.79,0.0,0.0,0.0,0.0,0.0,1.0
1,2040,0.8,0.0,0.0,0.0,0.0,0.0,1.0
1,2040,0.81,0.0,0.0,0.0,0.0,0.0,1.0
1,2040,0.8200000000000001,0.0,0.0,0.0,0.0,0.0,1.0
1,2040,0.8300000000000001,0.0,0.0,0.0,0.0,0.0,1.0
1,2040,0.84,0.0,0.0,0.0,0.0,0.0,1.0
1,2040,0.85,0.0,0.0,0.0,0.0,0.0,1.0
1,2040,0.86,0.0,0.0,0.0,0.0,0.0,1.0
1,2040,0.87,0.0,0.0,0.0,0.0,0.0,1.0
1,2040,0.88,0.0,0.0,0.0,0.0,0.0,1.0
1,2040,0.89,0.0,0.0,0.0,0.0,0.0,1.0
1,2040,0.9,0.0,0.0,0.0,0.0,0.0,1.0
1,2040,0.91,0.0,0.0,0.0,0.0,0.0,1.0
1,2040,0.92,0.0,0.0,0.0,0.0,0.0,1.0
1,2040,0.93,0.0,0.0,0.0,0.0,0.0,1.0
1,2040,0.9400000000000001,0.0,0.0,0.0,0.0,0.0,1.0
1,2040,0.9500000000000001,0.0,0.0,0.0,0.0,0.0,1.0
1,2040,0.96,0.0,0.0,0.0,0.0,0.0,1.0
1,2040,0.97,0.0,0.0,0.0,0.0,0.0,1.0
1,2040,0.98,0.0,0.0,0.0,0.0,0.0,1.0
1,2040,0.99,0.0,0.0,0.0,0.0,0.0,1.0
1,2040,1.0,0.0,0.0,0.0,0.0,0.0,1.0
1,2041,0.01,0.21366239979608626,0.08090466608423728,0.13941590136139112,0.10597865185145226,0.20219028072913928,0.2578481001776938
1,2041,0.02,0.21366239979608626,0.08090466608423728,0.13941590136139112,0.10597865185145226,0.20219028072913928,0.2578481001776938
1,2041,0.03,0.9999999999995327,1.2159455742856e-17,2.0789617903924772e-17,0.0,4.9234514763652553e-17,1.4578062343463574e-17
1,2041,0.04,0.9999999999989639,1.1544080205397727e-12,0.0,0.0,0.0,0.0
1,2041,0.05,0.25382744823808595,0.7461725517619087,0.0,0.0,0.0,1.0133465834433882e-16
1,2041,0.06,0.0,0.0,0.0,0.0,0.0,1.0
1,2041,0.07,0.0,0.0,0.0,0.0,0.0,1.0
1,2041,0.08,0.0,0.0,0.0,0.0,0.0,1.0
1,2041,0.09,0.0,0.0,0.0,0.0,0.0,1.0
1,2041,0.1,0.0,0.0,0.0,0.0,0.0,1.0
1,2041,0.11,0.0,0.0,0.0,0.0,0.0,1.0
1,2041,0.12,0.0,0.0,0.0,0.0,0.0,1.0
1,2041,0.13,0.0,0.0,0.0,0.0,0.0,1.0
1,2041,0.14,0.0,0.0,0.0,0.0,0.0,1.0
1,2041,0.15,0.0,0.0,0.0,0.0,0.0,1.0
1,2041,0.16,0.0,0.0,0.0,0.0,0.0,1.0
1,2041,0.17,0.0,0.0,0.0,0.0,0.0,1.0
1,2041,0.18,0.0,0.0,0.0,0.0,0.0,1.0
1,2041,0.19,0.0,0.0,0.0,0.0,0.0,1.0
1,2041,0.2,0.0,0.0,0.0,0.0,0.0,1.0
1,2041,0.21,0.0,0.0,0.0,0.0,0.0,1.0
1,2041,0.22,0.0,0.0,0.0,0.0,0.0,1.0
1,2041,0.23,0.0,0.0,0.0,0.0,0.0,1.0
1,2041,0.24,0.0,0.0,0.0,0.0,0.0,1.0
1,2041,0.25,0.0,0.0,0.0,0.0,0.0,1.0
1,2041,0.26,0.0,0.0,0.0,0.0,0.0,1.0
1,2041,0.27,0.0,0.0,0.0,0.0,0.0,1.0
1,2041,0.28,0.0,0.0,0.0,0.0,0.0,1.0
1,2041,0.29,0.0,0.0,0.0,0.0,0.0,1.0
1,2041,0.3,0.0,0.0,0.0,0.0,0.0,1.0
1,2041,0.31,0.0,0.0,0.0,0.0,0.0,1.0
1,2041,0.32,0.0,0.0,0.0,0.0,0.0,1.0
1,2041,0.33,0.0,0.0,0.0,0.0,0.0,1.0
1,2041,0.34,0.0,0.0,0.0,0.0,0.0,1.0
1,2041,0.35000000000000003,0.0,0.0,0.0,0.0,0.0,1.0
1,2041,0.36,0.0,0.0,0.0,0.0,0.0,1.0
1,2041,0.37,0.0,0.0,0.0,0.0,0.0,1.0
1,2041,0.38,0.0,0.0,0.0,0.0,0.0,1.0
1,2041,0.39,0.0,0.0,0.0,0.0,0.0,1.0
1,2041,0.4,0.0,0.0,0.0,0.0,0.0,1.0
1,2041,0.41000000000000003,0.0,0.0,0.0,0.0,0.0,1.0
1,2041,0.42,0.0,0.0,0.0,0.0,0.0,1.0
1,2041,0.43,0.0,0.0,0.0,0.0,0.0,1.0
1,2041,0.44,0.0,0.0,0.0,0.0,0.0,1.0
1,2041,0.45,0.0,0.0,0.0,0.0,0.0,1.0
1,2041,0.46,0.0,0.0,0.0,0.0,0.0,1.0
1,2041,0.47000000000000003,0.0,0.0,0.0,0.0,0.0,1.0
1,2041,0.48,0.0,0.0,0.0,0.0,0.0,1.0
1,2041,0.49,0.0,0.0,0.0,0.0,0.0,1.0
1,2041,0.5,0.0,0.0,0.0,0.0,0.0,1.0
1,2041,0.51,0.0,0.0,0.0,0.0,0.0,1.0
1,2041,0.52,0.0,0.0,0.0,0.0,0.0,1.0
1,2041,0.53,0.0,0.0,0.0,0.0,0.0,1.0
1,2041,0.54,0.0,0.0,0.0,0.0,0.0,1.0
1,2041,0.55,0.0,0.0,0.0,0.0,0.0,1.0
1,2041,0.56,0.0,0.0,0.0,0.0,0.0,1.0
1,2041,0.5700000000000001,0.0,0.0,0.0,0.0,0.0,1.0
1,2041,0.58,0.0,0.0,0.0,0.0,0.0,1.0
1,2041,0.59,0.0,0.0,0.0,0.0,0.0,1.0
1,2041,0.6,0.0,0.0,0.0,0.0,0.0,1.0
1,2041,0.61,0.0,0.0,0.0,0.0,0.0,1.0
1,2041,0.62,0.0,0.0,0.0,0.0,0.0,1.0
1,2041,0.63,0.0,0.0,0.0,0.0,0.0,1.0
1,2041,0.64,0.0,0.0,0.0,0.0,0.0,1.0
1,2041,0.65,0.0,0.0,0.0,0.0,0.0,1.0
1,2041,0.66,0.0,0.0,0.0,0.0,0.0,1.0
1,2041,0.67,0.0,0.0,0.0,0.0,0.0,1.0
1,2041,0.68,0.0,0.0,0.0,0.0,0.0,1.0
1,2041,0.6900000000000001,0.0,0.0,0.0,0.0,0.0,1.0
1,2041,0.7000000000000001,0.0,0.0,0.0,0.0,0.0,1.0
1,2041,0.71,0.0,0.0,0.0,0.0,0.0,1.0
1,2041,0.72,0.0,0.0,0.0,0.0,0.0,1.0
1,2041,0.73,0.0,0.0,0.0,0.0,0.0,1.0
1,2041,0.74,0.0,0.0,0.0,0.0,0.0,1.0
1,2041,0.75,0.0,0.0,0.0,0.0,0.0,1.0
1,2041,0.76,0.0,0.0,0.0,0.0,0.0,1.0
1,2041,0.77,0.0,0.0,0.0,0.0,0.0,1.0
1,2041,0.78,0.0,0.0,0.0,0.0,0.0,1.0
1,2041,0.79,0.0,0.0,0.0,0.0,0.0,1.0
1,2041,0.8,0.0,0.0,0.0,0.0,0.0,1.0
1,2041,0.81,0.0,0.0,0.0,0.0,0.0,1.0
1,2041,0.8200000000000001,0.0,0.0,0.0,0.0,0.0,1.0
1,2041,0.8300000000000001,0.0,0.0,0.0,0.0,0.0,1.0
1,2041,0.84,0.0,0.0,0.0,0.0,0.0,1.0
1,2041,0.85,0.0,0.0,0.0,0.0,0.0,1.0
1,2041,0.86,0.0,0.0,0.0,0.0,0.0,1.0
1,2041,0.87,0.0,0.0,0.0,0.0,0.0,1.0
1,2041,0.88,0.0,0.0,0.0,0.0,0.0,1.0
1,2041,0.89,0.0,0.0,0.0,0.0,0.0,1.0
1,2041,0.9,0.0,0.0,0.0,0.0,0.0,1.0
1,2041,0.91,0.0,0.0,0.0,0.0,0.0,1.0
1,2041,0.92,0.0,0.0,0.0,0.0,0.0,1.0
1,2041,0.93,0.0,0.0,0.0,0.0,0.0,1.0
1,2041,0.9400000000000001,0.0,0.0,0.0,0.0,0.0,1.0
1,2041,0.9500000000000001,0.0,0.0,0.0,0.0,0.0,1.0
1,2041,0.96,0.0,0.0,0.0,0.0,0.0,1.0
1,2041,0.97,0.0,0.0,0.0,0.0,0.0,1.0
1,2041,0.98,0.0,0.0,0.0,0.0,0.0,1.0
1,2041,0.99,0.0,0.0,0.0,0.0,0.0,1.0
1,2041,1.0,0.0,0.0,0.0,0.0,0.0,1.0
1,2042,0.01,0.25900096312864623,0.11752023093482199,0.20554438912419656,0.12878510108217295,0.27878916755384237,0.010360148176320041
1,2042,0.02,0.25900096312864623,0.11752023093482199,0.20554438912419656,0.12878510108217295,0.27878916755384237,0.010360148176320041
1,2042,0.03,1.0,0.0,0.0,0.0,0.0,2.446185600090506e-16
1,2042,0.04,0.9999999999998614,1.581208451361833e-13,0.0,0.0,0.0,0.0
1,2042,0.05,0.25361543341200765,0.7463845665879923,1.3086088883829413e-17,0.0,4.7358932269923875e-17,0.0
1,2042,0.06,0.0,0.0,0.0,0.0,0.0,1.0
1,2042,0.07,0.0,0.0,0.0,0.0,0.0,1.0
1,2042,0.08,0.0,0.0,0.0,0.0,0.0,1.0
1,2042,0.09,0.0,0.0,0.0,0.0,0.0,1.0
1,2042,0.1,0.0,0.0,0.0,0.0,0.0,1.0
1,2042,0.11,0.0,0.0,0.0,0.0,0.0,1.0
1,2042,0.12,0.0,0.0,0.0,0.0,0.0,1.0
1,2042,0.13,0.0,0.0,0.0,0.0,0.0,1.0
1,2042,0.14,0.0,0.0,0.0,0.0,0.0,1.0
1,2042,0.15,0.0,0.0,0.0,0.0,0.0,1.0
1,2042,0.16,0.0,0.0,0.0,0.0,0.0,1.0
1,2042,0.17,0.0,0.0,0.0,0.0,0.0,1.0
1,2042,0.18,0.0,0.0,0.0,0.0,0.0,1.0
1,2042,0.19,0.0,0.0,0.0,0.0,0.0,1.0
1,2042,0.2,0.0,0.0,0.0,0.0,0.0,1.0
1,2042,0.21,0.0,0.0,0.0,0.0,0.0,1.0
1,2042,0.22,0.0,0.0,0.0,0.0,0.0,1.0
1,2042,0.23,0.0,0.0,0.0,0.0,0.0,1.0
1,2042,0.24,0.0,0.0,0.0,0.0,0.0,1.0
1,2042,0.25,0.0,0.0,0.0,0.0,0.0,1.0
1,2042,0.26,0.0,0.0,0.0,0.0,0.0,1.0
1,2042,0.27,0.0,0.0,0.0,0.0,0.0,1.0
1,2042,0.28,0.0,0.0,0.0,0.0,0.0,1.0
1,2042,0.29,0.0,0.0,0.0,0.0,0.0,1.0
1,2042,0.3,0.0,0.0,0.0,0.0,0.0,1.0
1,2042,0.31,0.0,0.0,0.0,0.0,0.0,1.0
1,2042,0.32,0.0,0.0,0.0,0.0,0.0,1.0
1,2042,0.33,0.0,0.0,0.0,0.0,0.0,1.0
1,2042,0.34,0.0,0.0,0.0,0.0,0.0,1.0
1,2042,0.35000000000000003,0.0,0.0,0.0,0.0,0.0,1.0
1,2042,0.36,0.0,0.0,0.0,0.0,0.0,1.0
1,2042,0.37,0.0,0.0,0.0,0.0,0.0,1.0
1,2042,0.38,0.0,0.0,0.0,0.0,0.0,1.0
1,2042,0.39,0.0,0.0,0.0,0.0,0.0,1.0
1,2042,0.4,0.0,0.0,0.0,0.0,0.0,1.0
1,2042,0.41000000000000003,0.0,0.0,0.0,0.0,0.0,1.0
1,2042,0.42,0.0,0.0,0.0,0.0,0.0,1.0
1,2042,0.43,0.0,0.0,0.0,0.0,0.0,1.0
1,2042,0.44,0.0,0.0,0.0,0.0,0.0,1.0
1,2042,0.45,0.0,0.0,0.0,0.0,0.0,1.0
1,2042,0.46,0.0,0.0,0.0,0.0,0.0,1.0
1,2042,0.47000000000000003,0.0,0.0,0.0,0.0,0.0,1.0
1,2042,0.48,0.0,0.0,0.0,0.0,0.0,1.0
1,2042,0.49,0.0,0.0,0.0,0.0,0.0,1.0
1,2042,0.5,0.0,0.0,0.0,0.0,0.0,1.0
1,2042,0.51,0.0,0.0,0.0,0.0,0.0,1.0
1,2042,0.52,0.0,0.0,0.0,0.0,0.0,1.0
1,2042,0.53,0.0,0.0,0.0,0.0,0.0,1.0
1,2042,0.54,0.0,0.0,0.0,0.0,0.0,1.0
1,2042,0.55,0.0,0.0,0.0,0.0,0.0,1.0
1,2042,0.56,0.0,0.0,0.0,0.0,0.0,1.0
1,2042,0.5700000000000001,0.0,0.0,0.0,0.0,0.0,1.0
1,2042,0.58,0.0,0.0,0.0,0.0,0.0,1.0
1,2042,0.59,0.0,0.0,0.0,0.0,0.0,1.0
1,2042,0.6,0.0,0.0,0.0,0.0,0.0,1.0
1,2042,0.61,0.0,0.0,0.0,0.0,0.0,1.0
1,2042,0.62,0.0,0.0,0.0,0.0,0.0,1.0
1,2042,0.63,0.0,0.0,0.0,0.0,0.0,1.0
1,2042,0.64,0.0,0.0,0.0,0.0,0.0,1.0
1,2042,0.65,0.0,0.0,0.0,0.0,0.0,1.0
1,2042,0.66,0.0,0.0,0.0,0.0,0.0,1.0
1,2042,0.67,0.0,0.0,0.0,0.0,0.0,1.0
1,2042,0.68,0.0,0.0,0.0,0.0,0.0,1.0
1,2042,0.6900000000000001,0.0,0.0,0.0,0.0,0.0,1.0
1,2042,0.7000000000000001,0.0,0.0,0.0,0.0,0.0,1.0
1,2042,0.71,0.0,0.0,0.0,0.0,0.0,1.0
1,2042,0.72,0.0,0.0,0.0,0.0,0.0,1.0
1,2042,0.73,0.0,0.0,0.0,0.0,0.0,1.0
1,2042,0.74,0.0,0.0,0.0,0.0,0.0,1.0
1,2042,0.75,0.0,0.0,0.0,0.0,0.0,1.0
1,2042,0.76,0.0,0.0,0.0,0.0,0.0,1.0
1,2042,0.77,0.0,0.0,0.0,0.0,0.0,1.0
1,2042,0.78,0.0,0.0,0.0,0.0,0.0,1.0
1,2042,0.79,0.0,0.0,0.0,0.0,0.0,1.0
1,2042,0.8,0.0,0.0,0.0,0.0,0.0,1.0
1,2042,0.81,0.0,0.0,0.0,0.0,0.0,1.0
1,2042,0.8200000000000001,0.0,0.0,0.0,0.0,0.0,1.0
1,2042,0.8300000000000001,0.0,0.0,0.0,0.0,0.0,1.0
1,2042,0.84,0.0,0.0,0.0,0.0,0.0,1.0
1,2042,0.85,0.0,0.0,0.0,0.0,0.0,1.0
1,2042,0.86,0.0,0.0,0.0,0.0,0.0,1.0
1,2042,0.87,0.0,0.0,0.0,0.0,0.0,1.0
1,2042,0.88,0.0,0.0,0.0,0.0,0.0,1.0
1,2042,0.89,0.0,0.0,0.0,0.0,0.0,1.0
1,2042,0.9,0.0,0.0,0.0,0.0,0.0,1.0
1,2042,0.91,0.0,0.0,0.0,0.0,0.0,1.0
1,2042,0.92,0.0,0.0,0.0,0.0,0.0,1.0
1,2042,0.93,0.0,0.0,0.0,0.0,0.0,1.0
1,2042,0.9400000000000001,0.0,0.0,0.0,0.0,0.0,1.0
1,2042,0.9500000000000001,0.0,0.0,0.0,0.0,0.0,1.0
1,2042,0.96,0.0,0.0,0.0,0.0,0.0,1.0
1,2042,0.97,0.0,0.0,0.0,0.0,0.0,1.0
1,2042,0.98,0.0,0.0,0.0,0.0,0.0,1.0
1,2042,0.99,0.0,0.0,0.0,0.0,0.0,1.0
1,2042,1.0,0.0,0.0,0.0,0.0,0.0,1.0
1,2043,0.01,0.17430082760435772,0.18950876523102803,0.21270034708293528,0.15688574452103207,0.08146694655464976,0.18513736900599703
1,2043,0.02,0.17430082760435772,0.18950876523102803,0.21270034708293528,0.15688574452103207,0.08146694655464976,0.18513736900599703
1,2043,0.03,0.17430082760435772,0.18950876523102803,0.21270034708293528,0.15688574452103207,0.08146694655464976,0.18513736900599703
1,2043,0.04,1.0,0.0,0.0,0.0,0.0,0.0
1,2043,0.05,1.0,0.0,1.040555999992935e-15,6.632216990750473e-16,0.0,0.0
1,2043,0.06,0.0,0.0,0.0,0.0,0.0,1.0
1,2043,0.07,0.0,0.0,0.0,0.0,0.0,1.0
1,2043,0.08,0.0,0.0,0.0,0.0,0.0,1.0
1,2043,0.09,0.0,0.0,0.0,0.0,0.0,1.0
1,2043,0.1,0.0,0.0,0.0,0.0,0.0,1.0
1,2043,0.11,0.0,0.0,0.0,0.0,0.0,1.0
1,2043,0.12,0.0,0.0,0.0,0.0,0.0,1.0
1,2043,0.13,0.0,0.0,0.0,0.0,0.0,1.0
1,2043,0.14,0.0,0.0,0.0,0.0,0.0,1.0
1,2043,0.15,0.0,0.0,0.0,0.0,0.0,1.0
1,2043,0.16,0.0,0.0,0.0,0.0,0.0,1.0
1,2043,0.17,0.0,0.0,0.0,0.0,0.0,1.0
1,2043,0.18,0.0,0.0,0.0,0.0,0.0,1.0
1,2043,0.19,0.0,0.0,0.0,0.0,0.0,1.0
1,2043,0.2,0.0,0.0,0.0,0.0,0.0,1.0
1,2043,0.21,0.0,0.0,0.0,0.0,0.0,1.0
1,2043,0.22,0.0,0.0,0.0,0.0,0.0,1.0
1,2043,0.23,0.0,0.0,0.0,0.0,0.0,1.0
1,2043,0.24,0.0,0.0,0.0,0.0,0.0,1.0
1,2043,0.25,0.0,0.0,0.0,0.0,0.0,1.0
1,2043,0.26,0.0,0.0,0.0,0.0,0.0,1.0
1,2043,0.27,0.0,0.0,0.0,0.0,0.0,1.0
1,2043,0.28,0.0,0.0,0.0,0.0,0.0,1.0
1,2043,0.29,0.0,0.0,0.0,0.0,0.0,1.0
1,2043,0.3,0.0,0.0,0.0,0.0,0.0,1.0
1,2043,0.31,0.0,0.0,0.0,0.0,0.0,1.0
1,2043,0.32,0.0,0.0,0.0,0.0,0.0,1.0
1,2043,0.33,0.0,0.0,0.0,0.0,0.0,1.0
1,2043,0.34,0.0,0.0,0.0,0.0,0.0,1.0
1,2043,0.35000000000000003,0.0,0.0,0.0,0.0,0.0,1.0
1,2043,0.36,0.0,0.0,0.0,0.0,0.0,1.0
1,2043,0.37,0.0,0.0,0.0,0.0,0.0,1.0
1,2043,0.38,0.0,0.0,0.0,0.0,0.0,1.0
1,2043,0.39,0.0,0.0,0.0,0.0,0.0,1.0
1,2043,0.4,0.0,0.0,0.0,0.0,0.0,1.0
1,2043,0.41000000000000003,0.0,0.0,0.0,0.0,0.0,1.0
1,2043,0.42,0.0,0.0,0.0,0.0,0.0,1.0
1,2043,0.43,0.0,0.0,0.0,0.0,0.0,1.0
1,2043,0.44,0.0,0.0,0.0,0.0,0.0,1.0
1,2043,0.45,0.0,0.0,0.0,0.0,0.0,1.0
1,2043,0.46,0.0,0.0,0.0,0.0,0.0,1.0
1,2043,0.47000000000000003,0.0,0.0,0.0,0.0,0.0,1.0
1,2043,0.48,0.0,0.0,0.0,0.0,0.0,1.0
1,2043,0.49,0.0,0.0,0.0,0.0,0.0,1.0
1,2043,0.5,0.0,0.0,0.0,0.0,0.0,1.0
1,2043,0.51,0.0,0.0,0.0,0.0,0.0,1.0
1,2043,0.52,0.0,0.0,0.0,0.0,0.0,1.0
1,2043,0.53,0.0,0.0,0.0,0.0,0.0,1.0
1,2043,0.54,0.0,0.0,0.0,0.0,0.0,1.0
1,2043,0.55,0.0,0.0,0.0,0.0,0.0,1.0
1,2043,0.56,0.0,0.0,0.0,0.0,0.0,1.0
1,2043,0.5700000000000001,0.0,0.0,0.0,0.0,0.0,1.0
1,2043,0.58,0.0,0.0,0.0,0.0,0.0,1.0
1,2043,0.59,0.0,0.0,0.0,0.0,0.0,1.0
1,2043,0.6,0.0,0.0,0.0,0.0,0.0,1.0
1,2043,0.61,0.0,0.0,0.0,0.0,0.0,1.0
1,2043,0.62,0.0,0.0,0.0,0.0,0.0,1.0
1,2043,0.63,0.0,0.0,0.0,0.0,0.0,1.0
1,2043,0.64,0.0,0.0,0.0,0.0,0.0,1.0
1,2043,0.65,0.0,0.0,0.0,0.0,0.0,1.0
1,2043,0.66,0.0,0.0,0.0,0.0,0.0,1.0
1,2043,0.67,0.0,0.0,0.0,0.0,0.0,1.0
1,2043,0.68,0.0,0.0,0.0,0.0,0.0,1.0
1,2043,0.6900000000000001,0.0,0.0,0.0,0.0,0.0,1.0
1,2043,0.7000000000000001,0.0,0.0,0.0,0.0,0.0,1.0
1,2043,0.71,0.0,0.0,0.0,0.0,0.0,1.0
1,2043,0.72,0.0,0.0,0.0,0.0,0.0,1.0
1,2043,0.73,0.0,0.0,0.0,0.0,0.0,1.0
1,2043,0.74,0.0,0.0,0.0,0.0,0.0,1.0
1,2043,0.75,0.0,0.0,0.0,0.0,0.0,1.0
1,2043,0.76,0.0,0.0,0.0,0.0,0.0,1.0
1,2043,0.77,0.0,0.0,0.0,0.0,0.0,1.0
1,2043,0.78,0.0,0.0,0.0,0.0,0.0,1.0
1,2043,0.79,0.0,0.0,0.0,0.0,0.0,1.0
1,2043,0.8,0.0,0.0,0.0,0.0,0.0,1.0
1,2043,0.81,0.0,0.0,0.0,0.0,0.0,1.0
1,2043,0.8200000000000001,0.0,0.0,0.0,0.0,0.0,1.0
1,2043,0.8300000000000001,0.0,0.0,0.0,0.0,0.0,1.0
1,2043,0.84,0.0,0.0,0.0,0.0,0.0,1.0
1,2043,0.85,0.0,0.0,0.0,0.0,0.0,1.0
1,2043,0.86,0.0,0.0,0.0,0.0,0.0,1.0
1,2043,0.87,0.0,0.0,0.0,0.0,0.0,1.0
1,2043,0.88,0.0,0.0,0.0,0.0,0.0,1.0
1,2043,0.89,0.0,0.0,0.0,0.0,0.0,1.0
1,2043,0.9,0.0,0.0,0.0,0.0,0.0,1.0
1,2043,0.91,0.0,0.0,0.0,0.0,0.0,1.0
1,2043,0.92,0.0,0.0,0.0,0.0,0.0,1.0
1,2043,0.93,0.0,0.0,0.0,0.0,0.0,1.0
1,2043,0.9400000000000001,0.0,0.0,0.0,0.0,0.0,1.0
1,2043,0.9500000000000001,0.0,0.0,0.0,0.0,0.0,1.0
1,2043,0.96,0.0,0.0,0.0,0.0,0.0,1.0
1,2043,0.97,0.0,0.0,0.0,0.0,0.0,1.0
1,2043,0.98,0.0,0.0,0.0,0.0,0.0,1.0
1,2043,0.99,0.0,0.0,0.0,0.0,0.0,1.0
1,2043,1.0,0.0,0.0,0.0,0.0,0.0,1.0
1,2044,0.01,0.06384561297623079,0.07783392068421571,0.15522728812507897,0.2778965891166158,0.3042476304224937,0.12094895867536497
1,2044,0.02,0.06384561297623079,0.07783392068421571,0.15522728812507897,0.2778965891166158,0.3042476304224937,0.12094895867536497
1,2044,0.03,0.06384561297623079,0.07783392068421571,0.15522728812507897,0.2778965891166158,0.3042476304224937,0.12094895867536497
1,2044,0.04,1.0,0.0,0.0,0.0,8.796539304585549e-17,5.0592076186072273e-17
1,2044,0.05,0.0,0.0,0.0,0.0,0.0,1.0
1,2044,0.06,0.0,0.0,0.0,0.0,0.0,1.0
1,2044,0.07,0.0,0.0,0.0,0.0,0.0,1.0
1,2044,0.08,0.0,0.0,0.0,0.0,0.0,1.0
1,2044,0.09,0.0,0.0,0.0,0.0,0.0,1.0
1,2044,0.1,0.0,0.0,0.0,0.0,0.0,1.0
1,2044,0.11,0.0,0.0,0.0,0.0,0.0,1.0
1,2044,0.12,0.0,0.0,0.0,0.0,0.0,1.0
1,2044,0.13,0.0,0.0,0.0,0.0,0.0,1.0
1,2044,0.14,0.0,0.0,0.0,0.0,0.0,1.0
1,2044,0.15,0.0,0.0,0.0,0.0,0.0,1.0
1,2044,0.16,0.0,0.0,0.0,0.0,0.0,1.0
1,2044,0.17,0.0,0.0,0.0,0.0,0.0,1.0
1,2044,0.18,0.0,0.0,0.0,0.0,0.0,1.0
1,2044,0.19,0.0,0.0,0.0,0.0,0.0,1.0
1,2044,0.2,0.0,0.0,0.0,0.0,0.0,1.0
1,2044,0.21,0.0,0.0,0.0,0.0,0.0,1.0
1,2044,0.22,0.0,0.0,0.0,0.0,0.0,1.0
1,2044,0.23,0.0,0.0,0.0,0.0,0.0,1.0
1,2044,0.24,0.0,0.0,0.0,0.0,0.0,1.0
1,2044,0.25,0.0,0.0,0.0,0.0,0.0,1.0
1,2044,0.26,0.0,0.0,0.0,0.0,0.0,1.0
1,2044,0.27,0.0,0.0,0.0,0.0,0.0,1.0
1,2044,0.28,0.0,0.0,0.0,0.0,0.0,1.0
1,2044,0.29,0.0,0.0,0.0,0.0,0.0,1.0
1,2044,0.3,0.0,0.0,0.0,0.0,0.0,1.0
1,2044,0.31,0.0,0.0,0.0,0.0,0.0,1.0
1,2044,0.32,0.0,0.0,0.0,0.0,0.0,1.0
1,2044,0.33,0.0,0.0,0.0,0.0,0.0,1.0
1,2044,0.34,0.0,0.0,0.0,0.0,0.0,1.0
1,2044,0.35000000000000003,0.0,0.0,0.0,0.0,0.0,1.0
1,2044,0.36,0.0,0.0,0.0,0.0,0.0,1.0
1,2044,0.37,0.0,0.0,0.0,0.0,0.0,1.0
1,2044,0.38,0.0,0.0,0.0,0.0,0.0,1.0
1,2044,0.39,0.0,0.0,0.0,0.0,0.0,1.0
1,2044,0.4,0.0,0.0,0.0,0.0,0.0,1.0
1,2044,0.41000000000000003,0.0,0.0,0.0,0.0,0.0,1.0
1,2044,0.42,0.0,0.0,0.0,0.0,0.0,1.0
1,2044,0.43,0.0,0.0,0.0,0.0,0.0,1.0
1,2044,0.44,0.0,0.0,0.0,0.0,0.0,1.0
1,2044,0.45,0.0,0.0,0.0,0.0,0.0,1.0
1,2044,0.46,0.0,0.0,0.0,0.0,0.0,1.0
1,2044,0.47000000000000003,0.0,0.0,0.0,0.0,0.0,1.0
1,2044,0.48,0.0,0.0,0.0,0.0,0.0,1.0
1,2044,0.49,0.0,0.0,0.0,0.0,0.0,1.0
1,2044,0.5,0.0,0.0,0.0,0.0,0.0,1.0
1,2044,0.51,0.0,0.0,0.0,0.0,0.0,1.0
1,2044,0.52,0.0,0.0,0.0,0.0,0.0,1.0
1,2044,0.53,0.0,0.0,0.0,0.0,0.0,1.0
1,2044,0.54,0.0,0.0,0.0,0.0,0.0,1.0
1,2044,0.55,0.0,0.0,0.0,0.0,0.0,1.0
1,2044,0.56,0.0,0.0,0.0,0.0,0.0,1.0
1,2044,0.5700000000000001,0.0,0.0,0.0,0.0,0.0,1.0
1,2044,0.58,0.0,0.0,0.0,0.0,0.0,1.0
1,2044,0.59,0.0,0.0,0.0,0.0,0.0,1.0
1,2044,0.6,0.0,0.0,0.0,0.0,0.0,1.0
1,2044,0.61,0.0,0.0,0.0,0.0,0.0,1.0
1,2044,0.62,0.0,0.0,0.0,0.0,0.0,1.0
1,2044,0.63,0.0,0.0,0.0,0.0,0.0,1.0
1,2044,0.64,0.0,0.0,0.0,0.0,0.0,1.0
1,2044,0.65,0.0,0.0,0.0,0.0,0.0,1.0
1,2044,0.66,0.0,0.0,0.0,0.0,0.0,1.0
1,2044,0.67,0.0,0.0,0.0,0.0,0.0,1.0
1,2044,0.68,0.0,0.0,0.0,0.0,0.0,1.0
1,2044,0.6900000000000001,0.0,0.0,0.0,0.0,0.0,1.0
1,2044,0.7000000000000001,0.0,0.0,0.0,0.0,0.0,1.0
1,2044,0.71,0.0,0.0,0.0,0.0,0.0,1.0
1,2044,0.72,0.0,0.0,0.0,0.0,0.0,1.0
1,2044,0.73,0.0,0.0,0.0,0.0,0.0,1.0
1,2044,0.74,0.0,0.0,0.0,0.0,0.0,1.0
1,2044,0.75,0.0,0.0,0.0,0.0,0.0,1.0
1,2044,0.76,0.0,0.0,0.0,0.0,0.0,1.0
1,2044,0.77,0.0,0.0,0.0,0.0,0.0,1.0
1,2044,0.78,0.0,0.0,0.0,0.0,0.0,1.0
1,2044,0.79,0.0,0.0,0.0,0.0,0.0,1.0
1,2044,0.8,0.0,0.0,0.0,0.0,0.0,1.0
1,2044,0.81,0.0,0.0,0.0,0.0,0.0,1.0
1,2044,0.8200000000000001,0.0,0.0,0.0,0.0,0.0,1.0
1,2044,0.8300000000000001,0.0,0.0,0.0,0.0,0.0,1.0
1,2044,0.84,0.0,0.0,0.0,0.0,0.0,1.0
1,2044,0.85,0.0,0.0,0.0,0.0,0.0,1.0
1,2044,0.86,0.0,0.0,0.0,0.0,0.0,1.0
1,2044,0.87,0.0,0.0,0.0,0.0,0.0,1.0
1,2044,0.88,0.0,0.0,0.0,0.0,0.0,1.0
1,2044,0.89,0.0,0.0,0.0,0.0,0.0,1.0
1,2044,0.9,0.0,0.0,0.0,0.0,0.0,1.0
1,2044,0.91,0.0,0.0,0.0,0.0,0.0,1.0
1,2044,0.92,0.0,0.0,0.0,0.0,0.0,1.0
1,2044,0.93,0.0,0.0,0.0,0.0,0.0,1.0
1,2044,0.9400000000000001,0.0,0.0,0.0,0.0,0.0,1.0
1,2044,0.9500000000000001,0.0,0.0,0.0,0.0,0.0,1.0
1,2044,0.96,0.0,0.0,0.0,0.0,0.0,1.0
1,2044,0.97,0.0,0.0,0.0,0.0,0.0,1.0
1,2044,0.98,0.0,0.0,0.0,0.0,0.0,1.0
1,2044,0.99,0.0,0.0,0.0,0.0,0.0,1.0
1,2044,1.0,0.0,0.0,0.0,0.0,0.0,1.0
1,2045,0.01,0.24827942998173758,0.23449555789757343,0.09599794112451611,0.10303845254609148,0.1948279503399167,0.12336066811016463
1,2045,0.02,0.24827942998173758,0.23449555789757343,0.09599794112451611,0.10303845254609148,0.1948279503399167,0.12336066811016463
1,2045,0.03,0.24827942998173758,0.23449555789757343,0.09599794112451611,0.10303845254609148,0.1948279503399167,0.12336066811016463
1,2045,0.04,0.24827942998173758,0.23449555789757343,0.09599794112451611,0.10303845254609148,0.1948279503399167,0.12336066811016463
1,2045,0.05,0.0,0.0,0.0,0.0,0.0,1.0
1,2045,0.06,0.0,0.0,0.0,0.0,0.0,1.0
1,2045,0.07,0.0,0.0,0.0,0.0,0.0,1.0
1,2045,0.08,0.0,0.0,0.0,0.0,0.0,1.0
1,2045,0.09,0.0,0.0,0.0,0.0,0.0,1.0
1,2045,0.1,0.0,0.0,0.0,0.0,0.0,1.0
1,2045,0.11,0.0,0.0,0.0,0.0,0.0,1.0
1,2045,0.12,0.0,0.0,0.0,0.0,0.0,1.0
1,2045,0.13,0.0,0.0,0.0,0.0,0.0,1.0
1,2045,0.14,0.0,0.0,0.0,0.0,0.0,1.0
1,2045,0.15,0.0,0.0,0.0,0.0,0.0,1.0
1,2045,0.16,0.0,0.0,0.0,0.0,0.0,1.0
1,2045,0.17,0.0,0.0,0.0,0.0,0.0,1.0
1,2045,0.18,0.0,0.0,0.0,0.0,0.0,1.0
1,2045,0.19,0.0,0.0,0.0,0.0,0.0,1.0
1,2045,0.2,0.0,0.0,0.0,0.0,0.0,1.0
1,2045,0.21,0.0,0.0,0.0,0.0,0.0,1.0
1,2045,0.22,0.0,0.0,0.0,0.0,0.0,1.0
1,2045,0.23,0.0,0.0,0.0,0.0,0.0,1.0
1,2045,0.24,0.0,0.0,0.0,0.0,0.0,1.0
1,2045,0.25,0.0,0.0,0.0,0.0,0.0,1.0
1,2045,0.26,0.0,0.0,0.0,0.0,0.0,1.0
1,2045,0.27,0.0,0.0,0.0,0.0,0.0,1.0
1,2045,0.28,0.0,0.0,0.0,0.0,0.0,1.0
1,2045,0.29,0.0,0.0,0.0,0.0,0.0,1.0
1,2045,0.3,0.0,0.0,0.0,0.0,0.0,1.0
1,2045,0.31,0.0,0.0,0.0,0.0,0.0,1.0
1,2045,0.32,0.0,0.0,0.0,0.0,0.0,1.0
1,2045,0.33,0.0,0.0,0.0,0.0,0.0,1.0
1,2045,0.34,0.0,0.0,0.0,0.0,0.0,1.0
1,2045,0.35000000000000003,0.0,0.0,0.0,0.0,0.0,1.0
1,2045,0.36,0.0,0.0,0.0,0.0,0.0,1.0
1,2045,0.37,0.0,0.0,0.0,0.0,0.0,1.0
1,2045,0.38,0.0,0.0,0.0,0.0,0.0,1.0
1,2045,0.39,0.0,0.0,0.0,0.0,0.0,1.0
1,2045,0.4,0.0,0.0,0.0,0.0,0.0,1.0
1,2045,0.41000000000000003,0.0,0.0,0.0,0.0,0.0,1.0
1,2045,0.42,0.0,0.0,0.0,0.0,0.0,1.0
1,2045,0.43,0.0,0.0,0.0,0.0,0.0,1.0
1,2045,0.44,0.0,0.0,0.0,0.0,0.0,1.0
1,2045,0.45,0.0,0.0,0.0,0.0,0.0,1.0
1,2045,0.46,0.0,0.0,0.0,0.0,0.0,1.0
1,2045,0.47000000000000003,0.0,0.0,0.0,0.0,0.0,1.0
1,2045,0.48,0.0,0.0,0.0,0.0,0.0,1.0
1,2045,0.49,0.0,0.0,0.0,0.0,0.0,1.0
1,2045,0.5,0.0,0.0,0.0,0.0,0.0,1.0
1,2045,0.51,0.0,0.0,0.0,0.0,0.0,1.0
1,2045,0.52,0.0,0.0,0.0,0.0,0.0,1.0
1,2045,0.53,0.0,0.0,0.0,0.0,0.0,1.0
1,2045,0.54,0.0,0.0,0.0,0.0,0.0,1.0
1,2045,0.55,0.0,0.0,0.0,0.0,0.0,1.0
1,2045,0.56,0.0,0.0,0.0,0.0,0.0,1.0
1,2045,0.5700000000000001,0.0,0.0,0.0,0.0,0.0,1.0
1,2045,0.58,0.0,0.0,0.0,0.0,0.0,1.0
1,2045,0.59,0.0,0.0,0.0,0.0,0.0,1.0
1,2045,0.6,0.0,0.0,0.0,0.0,0.0,1.0
1,2045,0.61,0.0,0.0,0.0,0.0,0.0,1.0
1,2045,0.62,0.0,0.0,0.0,0.0,0.0,1.0
1,2045,0.63,0.0,0.0,0.0,0.0,0.0,1.0
1,2045,0.64,0.0,0.0,0.0,0.0,0.0,1.0
1,2045,0.65,0.0,0.0,0.0,0.0,0.0,1.0
1,2045,0.66,0.0,0.0,0.0,0.0,0.0,1.0
1,2045,0.67,0.0,0.0,0.0,0.0,0.0,1.0
1,2045,0.68,0.0,0.0,0.0,0.0,0.0,1.0
1,2045,0.6900000000000001,0.0,0.0,0.0,0.0,0.0,1.0
1,2045,0.7000000000000001,0.0,0.0,0.0,0.0,0.0,1.0
1,2045,0.71,0.0,0.0,0.0,0.0,0.0,1.0
1,2045,0.72,0.0,0.0,0.0,0.0,0.0,1.0
1,2045,0.73,0.0,0.0,0.0,0.0,0.0,1.0
1,2045,0.74,0.0,0.0,0.0,0.0,0.0,1.0
1,2045,0.75,0.0,0.0,0.0,0.0,0.0,1.0
1,2045,0.76,0.0,0.0,0.0,0.0,0.0,1.0
1,2045,0.77,0.0,0.0,0.0,0.0,0.0,1.0
1,2045,0.78,0.0,0.0,0.0,0.0,0.0,1.0
1,2045,0.79,0.0,0.0,0.0,0.0,0.0,1.0
1,2045,0.8,0.0,0.0,0.0,0.0,0.0,1.0
1,2045,0.81,0.0,0.0,0.0,0.0,0.0,1.0
1,2045,0.8200000000000001,0.0,0.0,0.0,0.0,0.0,1.0
1,2045,0.8300000000000001,0.0,0.0,0.0,0.0,0.0,1.0
1,2045,0.84,0.0,0.0,0.0,0.0,0.0,1.0
1,2045,0.85,0.0,0.0,0.0,0.0,0.0,1.0
1,2045,0.86,0.0,0.0,0.0,0.0,0.0,1.0
1,2045,0.87,0.0,0.0,0.0,0.0,0.0,1.0
1,2045,0.88,0.0,0.0,0.0,0.0,0.0,1.0
1,2045,0.89,0.0,0.0,0.0,0.0,0.0,1.0
1,2045,0.9,0.0,0.0,0.0,0.0,0.0,1.0
1,2045,0.91,0.0,0.0,0.0,0.0,0.0,1.0
1,2045,0.92,0.0,0.0,0.0,0.0,0.0,1.0
1,2045,0.93,0.0,0.0,0.0,0.0,0.0,1.0
1,2045,0.9400000000000001,0.0,0.0,0.0,0.0,0.0,1.0
1,2045,0.9500000000000001,0.0,0.0,0.0,0.0,0.0,1.0
1,2045,0.96,0.0,0.0,0.0,0.0,0.0,1.0
1,2045,0.97,0.0,0.0,0.0,0.0,0.0,1.0
1,2045,0.98,0.0,0.0,0.0,0.0,0.0,1.0
1,2045,0.99,0.0,0.0,0.0,0.0,0.0,1.0
1,2045,1.0,0.0,0.0,0.0,0.0,0.0,1.0
1,2046,0.01,0.03296880973212591,0.38215755344555385,0.04499426282421376,0.04459642068475607,0.4416541334071211,0.05362881990622923
1,2046,0.02,0.03296880973212591,0.38215755344555385,0.04499426282421376,0.04459642068475607,0.4416541334071211,0.05362881990622923
1,2046,0.03,0.03296880973212591,0.38215755344555385,0.04499426282421376,0.04459642068475607,0.4416541334071211,0.05362881990622923
1,2046,0.04,0.03296880973212591,0.38215755344555385,0.04499426282421376,0.04459642068475607,0.4416541334071211,0.05362881990622923
1,2046,0.05,0.0,0.0,0.0,0.0,0.0,1.0
1,2046,0.06,0.0,0.0,0.0,0.0,0.0,1.0
1,2046,0.07,0.0,0.0,0.0,0.0,0.0,1.0
1,2046,0.08,0.0,0.0,0.0,0.0,0.0,1.0
1,2046,0.09,0.0,0.0,0.0,0.0,0.0,1.0
1,2046,0.1,0.0,0.0,0.0,0.0,0.0,1.0
1,2046,0.11,0.0,0.0,0.0,0.0,0.0,1.0
1,2046,0.12,0.0,0.0,0.0,0.0,0.0,1.0
1,2046,0.13,0.0,0.0,0.0,0.0,0.0,1.0
1,2046,0.14,0.0,0.0,0.0,0.0,0.0,1.0
1,2046,0.15,0.0,0.0,0.0,0.0,0.0,1.0
1,2046,0.16,0.0,0.0,0.0,0.0,0.0,1.0
1,2046,0.17,0.0,0.0,0.0,0.0,0.0,1.0
1,2046,0.18,0.0,0.0,0.0,0.0,0.0,1.0
1,2046,0.19,0.0,0.0,0.0,0.0,0.0,1.0
1,2046,0.2,0.0,0.0,0.0,0.0,0.0,1.0
1,2046,0.21,0.0,0.0,0.0,0.0,0.0,1.0
1,2046,0.22,0.0,0.0,0.0,0.0,0.0,1.0
1,2046,0.23,0.0,0.0,0.0,0.0,0.0,1.0
1,2046,0.24,0.0,0.0,0.0,0.0,0.0,1.0
1,2046,0.25,0.0,0.0,0.0,0.0,0.0,1.0
1,2046,0.26,0.0,0.0,0.0,0.0,0.0,1.0
1,2046,0.27,0.0,0.0,0.0,0.0,0.0,1.0
1,2046,0.28,0.0,0.0,0.0,0.0,0.0,1.0
1,2046,0.29,0.0,0.0,0.0,0.0,0.0,1.0
1,2046,0.3,0.0,0.0,0.0,0.0,0.0,1.0
1,2046,0.31,0.0,0.0,0.0,0.0,0.0,1.0
1,2046,0.32,0.0,0.0,0.0,0.0,0.0,1.0
1,2046,0.33,0.0,0.0,0.0,0.0,0.0,1.0
1,2046,0.34,0.0,0.0,0.0,0.0,0.0,1.0
1,2046,0.35000000000000003,0.0,0.0,0.0,0.0,0.0,1.0
1,2046,0.36,0.0,0.0,0.0,0.0,0.0,1.0
1,2046,0.37,0.0,0.0,0.0,0.0,0.0,1.0
1,2046,0.38,0.0,0.0,0.0,0.0,0.0,1.0
1,2046,0.39,0.0,0.0,0.0,0.0,0.0,1.0
1,2046,0.4,0.0,0.0,0.0,0.0,0.0,1.0
1,2046,0.41000000000000003,0.0,0.0,0.0,0.0,0.0,1.0
1,2046,0.42,0.0,0.0,0.0,0.0,0.0,1.0
1,2046,0.43,0.0,0.0,0.0,0.0,0.0,1.0
1,2046,0.44,0.0,0.0,0.0,0.0,0.0,1.0
1,2046,0.45,0.0,0.0,0.0,0.0,0.0,1.0
1,2046,0.46,0.0,0.0,0.0,0.0,0.0,1.0
1,2046,0.47000000000000003,0.0,0.0,0.0,0.0,0.0,1.0
1,2046,0.48,0.0,0.0,0.0,0.0,0.0,1.0
1,2046,0.49,0.0,0.0,0.0,0.0,0.0,1.0
1,2046,0.5,0.0,0.0,0.0,0.0,0.0,1.0
1,2046,0.51,0.0,0.0,0.0,0.0,0.0,1.0
1,2046,0.52,0.0,0.0,0.0,0.0,0.0,1.0
1,2046,0.53,0.0,0.0,0.0,0.0,0.0,1.0
1,2046,0.54,0.0,0.0,0.0,0.0,0.0,1.0
1,2046,0.55,0.0,0.0,0.0,0.0,0.0,1.0
1,2046,0.56,0.0,0.0,0.0,0.0,0.0,1.0
1,2046,0.5700000000000001,0.0,0.0,0.0,0.0,0.0,1.0
1,2046,0.58,0.0,0.0,0.0,0.0,0.0,1.0
1,2046,0.59,0.0,0.0,0.0,0.0,0.0,1.0
1,2046,0.6,0.0,0.0,0.0,0.0,0.0,1.0
1,2046,0.61,0.0,0.0,0.0,0.0,0.0,1.0
1,2046,0.62,0.0,0.0,0.0,0.0,0.0,1.0
1,2046,0.63,0.0,0.0,0.0,0.0,0.0,1.0
1,2046,0.64,0.0,0.0,0.0,0.0,0.0,1.0
1,2046,0.65,0.0,0.0,0.0,0.0,0.0,1.0
1,2046,0.66,0.0,0.0,0.0,0.0,0.0,1.0
1,2046,0.67,0.0,0.0,0.0,0.0,0.0,1.0
1,2046,0.68,0.0,0.0,0.0,0.0,0.0,1.0
1,2046,0.6900000000000001,0.0,0.0,0.0,0.0,0.0,1.0
1,2046,0.7000000000000001,0.0,0.0,0.0,0.0,0.0,1.0
1,2046,0.71,0.0,0.0,0.0,0.0,0.0,1.0
1,2046,0.72,0.0,0.0,0.0,0.0,0.0,1.0
1,2046,0.73,0.0,0.0,0.0,0.0,0.0,1.0
1,2046,0.74,0.0,0.0,0.0,0.0,0.0,1.0
1,2046,0.75,0.0,0.0,0.0,0.0,0.0,1.0
1,2046,0.76,0.0,0.0,0.0,0.0,0.0,1.0
1,2046,0.77,0.0,0.0,0.0,0.0,0.0,1.0
1,2046,0.78,0.0,0.0,0.0,0.0,0.0,1.0
1,2046,0.79,0.0,0.0,0.0,0.0,0.0,1.0
1,2046,0.8,0.0,0.0,0.0,0.0,0.0,1.0
1,2046,0.81,0.0,0.0,0.0,0.0,0.0,1.0
1,2046,0.8200000000000001,0.0,0.0,0.0,0.0,0.0,1.0
1,2046,0.8300000000000001,0.0,0.0,0.0,0.0,0.0,1.0
1,2046,0.84,0.0,0.0,0.0,0.0,0.0,1.0
1,2046,0.85,0.0,0.0,0.0,0.0,0.0,1.0
1,2046,0.86,0.0,0.0,0.0,0.0,0.0,1.0
1,2046,0.87,0.0,0.0,0.0,0.0,0.0,1.0
1,2046,0.88,0.0,0.0,0.0,0.0,0.0,1.0
1,2046,0.89,0.0,0.0,0.0,0.0,0.0,1.0
1,2046,0.9,0.0,0.0,0.0,0.0,0.0,1.0
1,2046,0.91,0.0,0.0,0.0,0.0,0.0,1.0
1,2046,0.92,0.0,0.0,0.0,0.0,0.0,1.0
1,2046,0.93,0.0,0.0,0.0,0.0,0.0,1.0
1,2046,0.9400000000000001,0.0,0.0,0.0,0.0,0.0,1.0
1,2046,0.9500000000000001,0.0,0.0,0.0,0.0,0.0,1.0
1,2046,0.96,0.0,0.0,0.0,0.0,0.0,1.0
1,2046,0.97,0.0,0.0,0.0,0.0,0.0,1.0
1,2046,0.98,0.0,0.0,0.0,0.0,0.0,1.0
1,2046,0.99,0.0,0.0,0.0,0.0,0.0,1.0
1,2046,1.0,0.0,0.0,0.0,0.0,0.0,1.0
1,2047,0.01,0.07077673635529112,0.07274441378338571,0.15998711865192608,0.29194169098066375,0.12607161667091443,0.27847842355781893
1,2047,0.02,0.07077673635529112,0.07274441378338571,0.15998711865192608,0.29194169098066375,0.12607161667091443,0.27847842355781893
1,2047,0.03,0.07077673635529112,0.07274441378338571,0.15998711865192608,0.29194169098066375,0.12607161667091443,0.27847842355781893
1,2047,0.04,0.07077673635529112,0.07274441378338571,0.15998711865192608,0.29194169098066375,0.12607161667091443,0.27847842355781893
1,2047,0.05,0.0,0.0,0.0,0.0,0.0,1.0
1,2047,0.06,0.0,0.0,0.0,0.0,0.0,1.0
1,2047,0.07,0.0,0.0,0.0,0.0,0.0,1.0
1,2047,0.08,0.0,0.0,0.0,0.0,0.0,1.0
1,2047,0.09,0.0,0.0,0.0,0.0,0.0,1.0
1,2047,0.1,0.0,0.0,0.0,0.0,0.0,1.0
1,2047,0.11,0.0,0.0,0.0,0.0,0.0,1.0
1,2047,0.12,0.0,0.0,0.0,0.0,0.0,1.0
1,2047,0.13,0.0,0.0,0.0,0.0,0.0,1.0
1,2047,0.14,0.0,0.0,0.0,0.0,0.0,1.0
1,2047,0.15,0.0,0.0,0.0,0.0,0.0,1.0
1,2047,0.16,0.0,0.0,0.0,0.0,0.0,1.0
1,2047,0.17,0.0,0.0,0.0,0.0,0.0,1.0
1,2047,0.18,0.0,0.0,0.0,0.0,0.0,1.0
1,2047,0.19,0.0,0.0,0.0,0.0,0.0,1.0
1,2047,0.2,0.0,0.0,0.0,0.0,0.0,1.0
1,2047,0.21,0.0,0.0,0.0,0.0,0.0,1.0
1,2047,0.22,0.0,0.0,0.0,0.0,0.0,1.0
1,2047,0.23,0.0,0.0,0.0,0.0,0.0,1.0
1,2047,0.24,0.0,0.0,0.0,0.0,0.0,1.0
1,2047,0.25,0.0,0.0,0.0,0.0,0.0,1.0
1,2047,0.26,0.0,0.0,0.0,0.0,0.0,1.0
1,2047,0.27,0.0,0.0,0.0,0.0,0.0,1.0
1,2047,0.28,0.0,0.0,0.0,0.0,0.0,1.0
1,2047,0.29,0.0,0.0,0.0,0.0,0.0,1.0
1,2047,0.3,0.0,0.0,0.0,0.0,0.0,1.0
1,2047,0.31,0.0,0.0,0.0,0.0,0.0,1.0
1,2047,0.32,0.0,0.0,0.0,0.0,0.0,1.0
1,2047,0.33,0.0,0.0,0.0,0.0,0.0,1.0
1,2047,0.34,0.0,0.0,0.0,0.0,0.0,1.0
1,2047,0.35000000000000003,0.0,0.0,0.0,0.0,0.0,1.0
1,2047,0.36,0.0,0.0,0.0,0.0,0.0,1.0
1,2047,0.37,0.0,0.0,0.0,0.0,0.0,1.0
1,2047,0.38,0.0,0.0,0.0,0.0,0.0,1.0
1,2047,0.39,0.0,0.0,0.0,0.0,0.0,1.0
1,2047,0.4,0.0,0.0,0.0,0.0,0.0,1.0
1,2047,0.41000000000000003,0.0,0.0,0.0,0.0,0.0,1.0
1,2047,0.42,0.0,0.0,0.0,0.0,0.0,1.0
1,2047,0.43,0.0,0.0,0.0,0.0,0.0,1.0
1,2047,0.44,0.0,0.0,0.0,0.0,0.0,1.0
1,2047,0.45,0.0,0.0,0.0,0.0,0.0,1.0
1,2047,0.46,0.0,0.0,0.0,0.0,0.0,1.0
1,2047,0.47000000000000003,0.0,0.0,0.0,0.0,0.0,1.0
1,2047,0.48,0.0,0.0,0.0,0.0,0.0,1.0
1,2047,0.49,0.0,0.0,0.0,0.0,0.0,1.0
1,2047,0.5,0.0,0.0,0.0,0.0,0.0,1.0
1,2047,0.51,0.0,0.0,0.0,0.0,0.0,1.0
1,2047,0.52,0.0,0.0,0.0,0.0,0.0,1.0
1,2047,0.53,0.0,0.0,0.0,0.0,0.0,1.0
1,2047,0.54,0.0,0.0,0.0,0.0,0.0,1.0
1,2047,0.55,0.0,0.0,0.0,0.0,0.0,1.0
1,2047,0.56,0.0,0.0,0.0,0.0,0.0,1.0
1,2047,0.5700000000000001,0.0,0.0,0.0,0.0,0.0,1.0
1,2047,0.58,0.0,0.0,0.0,0.0,0.0,1.0
1,2047,0.59,0.0,0.0,0.0,0.0,0.0,1.0
1,2047,0.6,0.0,0.0,0.0,0.0,0.0,1.0
1,2047,0.61,0.0,0.0,0.0,0.0,0.0,1.0
1,2047,0.62,0.0,0.0,0.0,0.0,0.0,1.0
1,2047,0.63,0.0,0.0,0.0,0.0,0.0,1.0
1,2047,0.64,0.0,0.0,0.0,0.0,0.0,1.0
1,2047,0.65,0.0,0.0,0.0,0.0,0.0,1.0
1,2047,0.66,0.0,0.0,0.0,0.0,0.0,1.0
1,2047,0.67,0.0,0.0,0.0,0.0,0.0,1.0
1,2047,0.68,0.0,0.0,0.0,0.0,0.0,1.0
1,2047,0.6900000000000001,0.0,0.0,0.0,0.0,0.0,1.0
1,2047,0.7000000000000001,0.0,0.0,0.0,0.0,0.0,1.0
1,2047,0.71,0.0,0.0,0.0,0.0,0.0,1.0
1,2047,0.72,0.0,0.0,0.0,0.0,0.0,1.0
1,2047,0.73,0.0,0.0,0.0,0.0,0.0,1.0
1,2047,0.74,0.0,0.0,0.0,0.0,0.0,1.0
1,2047,0.75,0.0,0.0,0.0,0.0,0.0,1.0
1,2047,0.76,0.0,0.0,0.0,0.0,0.0,1.0
1,2047,0.77,0.0,0.0,0.0,0.0,0.0,1.0
1,2047,0.78,0.0,0.0,0.0,0.0,0.0,1.0
1,2047,0.79,0.0,0.0,0.0,0.0,0.0,1.0
1,2047,0.8,0.0,0.0,0.0,0.0,0.0,1.0
1,2047,0.81,0.0,0.0,0.0,0.0,0.0,1.0
1,2047,0.8200000000000001,0.0,0.0,0.0,0.0,0.0,1.0
1,2047,0.8300000000000001,0.0,0.0,0.0,0.0,0.0,1.0
1,2047,0.84,0.0,0.0,0.0,0.0,0.0,1.0
1,2047,0.85,0.0,0.0,0.0,0.0,0.0,1.0
1,2047,0.86,0.0,0.0,0.0,0.0,0.0,1.0
1,2047,0.87,0.0,0.0,0.0,0.0,0.0,1.0
1,2047,0.88,0.0,0.0,0.0,0.0,0.0,1.0
1,2047,0.89,0.0,0.0,0.0,0.0,0.0,1.0
1,2047,0.9,0.0,0.0,0.0,0.0,0.0,1.0
1,2047,0.91,0.0,0.0,0.0,0.0,0.0,1.0
1,2047,0.92,0.0,0.0,0.0,0.0,0.0,1.0
1,2047,0.93,0.0,0.0,0.0,0.0,0.0,1.0
1,2047,0.9400000000000001,0.0,0.0,0.0,0.0,0.0,1.0
1,2047,0.9500000000000001,0.0,0.0,0.0,0.0,0.0,1.0
1,2047,0.96,0.0,0.0,0.0,0.0,0.0,1.0
1,2047,0.97,0.0,0.0,0.0,0.0,0.0,1.0
1,2047,0.98,0.0,0.0,0.0,0.0,0.0,1.0
1,2047,0.99,0.0,0.0,0.0,0.0,0.0,1.0
1,2047,1.0,0.0,0.0,0.0,0.0,0.0,1.0
1,2048,0.01,0.08304833897763156,0.005214094121230743,0.25802262200450155,0.3057885711209526,0.2557168029655412,0.09220957081014242
1,2048,0.02,0.08304833897763156,0.005214094121230743,0.25802262200450155,0.3057885711209526,0.2557168029655412,0.09220957081014242
1,2048,0.03,0.08304833897763156,0.005214094121230743,0.25802262200450155,0.3057885711209526,0.2557168029655412,0.09220957081014242
1,2048,0.04,0.08304833897763156,0.005214094121230743,0.25802262200450155,0.3057885711209526,0.2557168029655412,0.09220957081014242
1,2048,0.05,0.0,0.0,0.0,0.0,0.0,1.0
1,2048,0.06,0.0,0.0,0.0,0.0,0.0,1.0
1,2048,0.07,0.0,0.0,0.0,0.0,0.0,1.0
1,2048,0.08,0.0,0.0,0.0,0.0,0.0,1.0
1,2048,0.09,0.0,0.0,0.0,0.0,0.0,1.0
1,2048,0.1,0.0,0.0,0.0,0.0,0.0,1.0
1,2048,0.11,0.0,0.0,0.0,0.0,0.0,1.0
1,2048,0.12,0.0,0.0,0.0,0.0,0.0,1.0
1,2048,0.13,0.0,0.0,0.0,0.0,0.0,1.0
1,2048,0.14,0.0,0.0,0.0,0.0,0.0,1.0
1,2048,0.15,0.0,0.0,0.0,0.0,0.0,1.0
1,2048,0.16,0.0,0.0,0.0,0.0,0.0,1.0
1,2048,0.17,0.0,0.0,0.0,0.0,0.0,1.0
1,2048,0.18,0.0,0.0,0.0,0.0,0.0,1.0
1,2048,0.19,0.0,0.0,0.0,0.0,0.0,1.0
1,2048,0.2,0.0,0.0,0.0,0.0,0.0,1.0
1,2048,0.21,0.0,0.0,0.0,0.0,0.0,1.0
1,2048,0.22,0.0,0.0,0.0,0.0,0.0,1.0
1,2048,0.23,0.0,0.0,0.0,0.0,0.0,1.0
1,2048,0.24,0.0,0.0,0.0,0.0,0.0,1.0
1,2048,0.25,0.0,0.0,0.0,0.0,0.0,1.0
1,2048,0.26,0.0,0.0,0.0,0.0,0.0,1.0
1,2048,0.27,0.0,0.0,0.0,0.0,0.0,1.0
1,2048,0.28,0.0,0.0,0.0,0.0,0.0,1.0
1,2048,0.29,0.0,0.0,0.0,0.0,0.0,1.0
1,2048,0.3,0.0,0.0,0.0,0.0,0.0,1.0
1,2048,0.31,0.0,0.0,0.0,0.0,0.0,1.0
1,2048,0.32,0.0,0.0,0.0,0.0,0.0,1.0
1,2048,0.33,0.0,0.0,0.0,0.0,0.0,1.0
1,2048,0.34,0.0,0.0,0.0,0.0,0.0,1.0
1,2048,0.35000000000000003,0.0,0.0,0.0,0.0,0.0,1.0
1,2048,0.36,0.0,0.0,0.0,0.0,0.0,1.0
1,2048,0.37,0.0,0.0,0.0,0.0,0.0,1.0
1,2048,0.38,0.0,0.0,0.0,0.0,0.0,1.0
1,2048,0.39,0.0,0.0,0.0,0.0,0.0,1.0
1,2048,0.4,0.0,0.0,0.0,0.0,0.0,1.0
1,2048,0.41000000000000003,0.0,0.0,0.0,0.0,0.0,1.0
1,2048,0.42,0.0,0.0,0.0,0.0,0.0,1.0
1,2048,0.43,0.0,0.0,0.0,0.0,0.0,1.0
1,2048,0.44,0.0,0.0,0.0,0.0,0.0,1.0
1,2048,0.45,0.0,0.0,0.0,0.0,0.0,1.0
1,2048,0.46,0.0,0.0,0.0,0.0,0.0,1.0
1,2048,0.47000000000000003,0.0,0.0,0.0,0.0,0.0,1.0
1,2048,0.48,0.0,0.0,0.0,0.0,0.0,1.0
1,2048,0.49,0.0,0.0,0.0,0.0,0.0,1.0
1,2048,0.5,0.0,0.0,0.0,0.0,0.0,1.0
1,2048,0.51,0.0,0.0,0.0,0.0,0.0,1.0
1,2048,0.52,0.0,0.0,0.0,0.0,0.0,1.0
1,2048,0.53,0.0,0.0,0.0,0.0,0.0,1.0
1,2048,0.54,0.0,0.0,0.0,0.0,0.0,1.0
1,2048,0.55,0.0,0.0,0.0,0.0,0.0,1.0
1,2048,0.56,0.0,0.0,0.0,0.0,0.0,1.0
1,2048,0.5700000000000001,0.0,0.0,0.0,0.0,0.0,1.0
1,2048,0.58,0.0,0.0,0.0,0.0,0.0,1.0
1,2048,0.59,0.0,0.0,0.0,0.0,0.0,1.0
1,2048,0.6,0.0,0.0,0.0,0.0,0.0,1.0
1,2048,0.61,0.0,0.0,0.0,0.0,0.0,1.0
1,2048,0.62,0.0,0.0,0.0,0.0,0.0,1.0
1,2048,0.63,0.0,0.0,0.0,0.0,0.0,1.0
1,2048,0.64,0.0,0.0,0.0,0.0,0.0,1.0
1,2048,0.65,0.0,0.0,0.0,0.0,0.0,1.0
1,2048,0.66,0.0,0.0,0.0,0.0,0.0,1.0
1,2048,0.67,0.0,0.0,0.0,0.0,0.0,1.0
1,2048,0.68,0.0,0.0,0.0,0.0,0.0,1.0
1,2048,0.6900000000000001,0.0,0.0,0.0,0.0,0.0,1.0
1,2048,0.7000000000000001,0.0,0.0,0.0,0.0,0.0,1.0
1,2048,0.71,0.0,0.0,0.0,0.0,0.0,1.0
1,2048,0.72,0.0,0.0,0.0,0.0,0.0,1.0
1,2048,0.73,0.0,0.0,0.0,0.0,0.0,1.0
1,2048,0.74,0.0,0.0,0.0,0.0,0.0,1.0
1,2048,0.75,0.0,0.0,0.0,0.0,0.0,1.0
1,2048,0.76,0.0,0.0,0.0,0.0,0.0,1.0
1,2048,0.77,0.0,0.0,0.0,0.0,0.0,1.0
1,2048,0.78,0.0,0.0,0.0,0.0,0.0,1.0
1,2048,0.79,0.0,0.0,0.0,0.0,0.0,1.0
1,2048,0.8,0.0,0.0,0.0,0.0,0.0,1.0
1,2048,0.81,0.0,0.0,0.0,0.0,0.0,1.0
1,2048,0.8200000000000001,0.0,0.0,0.0,0.0,0.0,1.0
1,2048,0.8300000000000001,0.0,0.0,0.0,0.0,0.0,1.0
1,2048,0.84,0.0,0.0,0.0,0.0,0.0,1.0
1,2048,0.85,0.0,0.0,0.0,0.0,0.0,1.0
1,2048,0.86,0.0,0.0,0.0,0.0,0.0,1.0
1,2048,0.87,0.0,0.0,0.0,0.0,0.0,1.0
1,2048,0.88,0.0,0.0,0.0,0.0,0.0,1.0
1,2048,0.89,0.0,0.0,0.0,0.0,0.0,1.0
1,2048,0.9,0.0,0.0,0.0,0.0,0.0,1.0
1,2048,0.91,0.0,0.0,0.0,0.0,0.0,1.0
1,2048,0.92,0.0,0.0,0.0,0.0,0.0,1.0
1,2048,0.93,0.0,0.0,0.0,0.0,0.0,1.0
1,2048,0.9400000000000001,0.0,0.0,0.0,0.0,0.0,1.0
1,2048,0.9500000000000001,0.0,0.0,0.0,0.0,0.0,1.0
1,2048,0.96,0.0,0.0,0.0,0.0,0.0,1.0
1,2048,0.97,0.0,0.0,0.0,0.0,0.0,1.0
1,2048,0.98,0.0,0.0,0.0,0.0,0.0,1.0
1,2048,0.99,0.0,0.0,0.0,0.0,0.0,1.0
1,2048,1.0,0.0,0.0,0.0,0.0,0.0,1.0
1,2049,0.01,0.28511382310239575,0.03153798980649877,0.04245485934771333,0.3326535145080074,0.1756790746079649,0.13256073862741993
1,2049,0.02,0.28511382310239575,0.03153798980649877,0.04245485934771333,0.3326535145080074,0.1756790746079649,0.13256073862741993
1,2049,0.03,0.28511382310239575,0.03153798980649877,0.04245485934771333,0.3326535145080074,0.1756790746079649,0.13256073862741993
1,2049,0.04,0.28511382310239575,0.03153798980649877,0.04245485934771333,0.3326535145080074,0.1756790746079649,0.13256073862741993
1,2049,0.05,0.0,0.0,0.0,0.0,0.0,1.0
1,2049,0.06,0.0,0.0,0.0,0.0,0.0,1.0
1,2049,0.07,0.0,0.0,0.0,0.0,0.0,1.0
1,2049,0.08,0.0,0.0,0.0,0.0,0.0,1.0
1,2049,0.09,0.0,0.0,0.0,0.0,0.0,1.0
1,2049,0.1,0.0,0.0,0.0,0.0,0.0,1.0
1,2049,0.11,0.0,0.0,0.0,0.0,0.0,1.0
1,2049,0.12,0.0,0.0,0.0,0.0,0.0,1.0
1,2049,0.13,0.0,0.0,0.0,0.0,0.0,1.0
1,2049,0.14,0.0,0.0,0.0,0.0,0.0,1.0
1,2049,0.15,0.0,0.0,0.0,0.0,0.0,1.0
1,2049,0.16,0.0,0.0,0.0,0.0,0.0,1.0
1,2049,0.17,0.0,0.0,0.0,0.0,0.0,1.0
1,2049,0.18,0.0,0.0,0.0,0.0,0.0,1.0
1,2049,0.19,0.0,0.0,0.0,0.0,0.0,1.0
1,2049,0.2,0.0,0.0,0.0,0.0,0.0,1.0
1,2049,0.21,0.0,0.0,0.0,0.0,0.0,1.0
1,2049,0.22,0.0,0.0,0.0,0.0,0.0,1.0
1,2049,0.23,0.0,0.0,0.0,0.0,0.0,1.0
1,2049,0.24,0.0,0.0,0.0,0.0,0.0,1.0
1,2049,0.25,0.0,0.0,0.0,0.0,0.0,1.0
1,2049,0.26,0.0,0.0,0.0,0.0,0.0,1.0
1,2049,0.27,0.0,0.0,0.0,0.0,0.0,1.0
1,2049,0.28,0.0,0.0,0.0,0.0,0.0,1.0
1,2049,0.29,0.0,0.0,0.0,0.0,0.0,1.0
1,2049,0.3,0.0,0.0,0.0,0.0,0.0,1.0
1,2049,0.31,0.0,0.0,0.0,0.0,0.0,1.0
1,2049,0.32,0.0,0.0,0.0,0.0,0.0,1.0
1,2049,0.33,0.0,0.0,0.0,0.0,0.0,1.0
1,2049,0.34,0.0,0.0,0.0,0.0,0.0,1.0
1,2049,0.35000000000000003,0.0,0.0,0.0,0.0,0.0,1.0
1,2049,0.36,0.0,0.0,0.0,0.0,0.0,1.0
1,2049,0.37,0.0,0.0,0.0,0.0,0.0,1.0
1,2049,0.38,0.0,0.0,0.0,0.0,0.0,1.0
1,2049,0.39,0.0,0.0,0.0,0.0,0.0,1.0
1,2049,0.4,0.0,0.0,0.0,0.0,0.0,1.0
1,2049,0.41000000000000003,0.0,0.0,0.0,0.0,0.0,1.0
1,2049,0.42,0.0,0.0,0.0,0.0,0.0,1.0
1,2049,0.43,0.0,0.0,0.0,0.0,0.0,1.0
1,2049,0.44,0.0,0.0,0.0,0.0,0.0,1.0
1,2049,0.45,0.0,0.0,0.0,0.0,0.0,1.0
1,2049,0.46,0.0,0.0,0.0,0.0,0.0,1.0
1,2049,0.47000000000000003,0.0,0.0,0.0,0.0,0.0,1.0
1,2049,0.48,0.0,0.0,0.0,0.0,0.0,1.0
1,2049,0.49,0.0,0.0,0.0,0.0,0.0,1.0
1,2049,0.5,0.0,0.0,0.0,0.0,0.0,1.0
1,2049,0.51,0.0,0.0,0.0,0.0,0.0,1.0
1,2049,0.52,0.0,0.0,0.0,0.0,0.0,1.0
1,2049,0.53,0.0,0.0,0.0,0.0,0.0,1.0
1,2049,0.54,0.0,0.0,0.0,0.0,0.0,1.0
1,2049,0.55,0.0,0.0,0.0,0.0,0.0,1.0
1,2049,0.56,0.0,0.0,0.0,0.0,0.0,1.0
1,2049,0.5700000000000001,0.0,0.0,0.0,0.0,0.0,1.0
1,2049,0.58,0.0,0.0,0.0,0.0,0.0,1.0
1,2049,0.59,0.0,0.0,0.0,0.0,0.0,1.0
1,2049,0.6,0.0,0.0,0.0,0.0,0.0,1.0
1,2049,0.61,0.0,0.0,0.0,0.0,0.0,1.0
1,2049,0.62,0.0,0.0,0.0,0.0,0.0,1.0
1,2049,0.63,0.0,0.0,0.0,0.0,0.0,1.0
1,2049,0.64,0.0,0.0,0.0,0.0,0.0,1.0
1,2049,0.65,0.0,0.0,0.0,0.0,0.0,1.0
1,2049,0.66,0.0,0.0,0.0,0.0,0.0,1.0
1,2049,0.67,0.0,0.0,0.0,0.0,0.0,1.0
1,2049,0.68,0.0,0.0,0.0,0.0,0.0,1.0
1,2049,0.6900000000000001,0.0,0.0,0.0,0.0,0.0,1.0
1,2049,0.7000000000000001,0.0,0.0,0.0,0.0,0.0,1.0
1,2049,0.71,0.0,0.0,0.0,0.0,0.0,1.0
1,2049,0.72,0.0,0.0,0.0,0.0,0.0,1.0
1,2049,0.73,0.0,0.0,0.0,0.0,0.0,1.0
1,2049,0.74,0.0,0.0,0.0,0.0,0.0,1.0
1,2049,0.75,0.0,0.0,0.0,0.0,0.0,1.0
1,2049,0.76,0.0,0.0,0.0,0.0,0.0,1.0
1,2049,0.77,0.0,0.0,0.0,0.0,0.0,1.0
1,2049,0.78,0.0,0.0,0.0,0.0,0.0,1.0
1,2049,0.79,0.0,0.0,0.0,0.0,0.0,1.0
1,2049,0.8,0.0,0.0,0.0,0.0,0.0,1.0
1,2049,0.81,0.0,0.0,0.0,0.0,0.0,1.0
1,2049,0.8200000000000001,0.0,0.0,0.0,0.0,0.0,1.0
1,2049,0.8300000000000001,0.0,0.0,0.0,0.0,0.0,1.0
1,2049,0.84,0.0,0.0,0.0,0.0,0.0,1.0
1,2049,0.85,0.0,0.0,0.0,0.0,0.0,1.0
1,2049,0.86,0.0,0.0,0.0,0.0,0.0,1.0
1,2049,0.87,0.0,0.0,0.0,0.0,0.0,1.0
1,2049,0.88,0.0,0.0,0.0,0.0,0.0,1.0
1,2049,0.89,0.0,0.0,0.0,0.0,0.0,1.0
1,2049,0.9,0.0,0.0,0.0,0.0,0.0,1.0
1,2049,0.91,0.0,0.0,0.0,0.0,0.0,1.0
1,2049,0.92,0.0,0.0,0.0,0.0,0.0,1.0
1,2049,0.93,0.0,0.0,0.0,0.0,0.0,1.0
1,2049,0.9400000000000001,0.0,0.0,0.0,0.0,0.0,1.0
1,2049,0.9500000000000001,0.0,0.0,0.0,0.0,0.0,1.0
1,2049,0.96,0.0,0.0,0.0,0.0,0.0,1.0
1,2049,0.97,0.0,0.0,0.0,0.0,0.0,1.0
1,2049,0.98,0.0,0.0,0.0,0.0,0.0,1.0
1,2049,0.99,0.0,0.0,0.0,0.0,0.0,1.0
1,2049,1.0,0.0,0.0,0.0,0.0,0.0,1.0
1,2050,0.01,0.18746693926183572,0.27141041931192356,0.2280637001224744,0.10789973309152744,0.06403066413821708,0.14112854407402198
1,2050,0.02,0.18746693926183572,0.27141041931192356,0.2280637001224744,0.10789973309152744,0.06403066413821708,0.14112854407402198
1,2050,0.03,0.18746693926183572,0.27141041931192356,0.2280637001224744,0.10789973309152744,0.06403066413821708,0.14112854407402198
1,2050,0.04,0.18746693926183572,0.27141041931192356,0.2280637001224744,0.10789973309152744,0.06403066413821708,0.14112854407402198
1,2050,0.05,0.0,0.0,0.0,0.0,0.0,1.0
1,2050,0.06,0.0,0.0,0.0,0.0,0.0,1.0
1,2050,0.07,0.0,0.0,0.0,0.0,0.0,1.0
1,2050,0.08,0.0,0.0,0.0,0.0,0.0,1.0
1,2050,0.09,0.0,0.0,0.0,0.0,0.0,1.0
1,2050,0.1,0.0,0.0,0.0,0.0,0.0,1.0
1,2050,0.11,0.0,0.0,0.0,0.0,0.0,1.0
1,2050,0.12,0.0,0.0,0.0,0.0,0.0,1.0
1,2050,0.13,0.0,0.0,0.0,0.0,0.0,1.0
1,2050,0.14,0.0,0.0,0.0,0.0,0.0,1.0
1,2050,0.15,0.0,0.0,0.0,0.0,0.0,1.0
1,2050,0.16,0.0,0.0,0.0,0.0,0.0,1.0
1,2050,0.17,0.0,0.0,0.0,0.0,0.0,1.0
1,2050,0.18,0.0,0.0,0.0,0.0,0.0,1.0
1,2050,0.19,0.0,0.0,0.0,0.0,0.0,1.0
1,2050,0.2,0.0,0.0,0.0,0.0,0.0,1.0
1,2050,0.21,0.0,0.0,0.0,0.0,0.0,1.0
1,2050,0.22,0.0,0.0,0.0,0.0,0.0,1.0
1,2050,0.23,0.0,0.0,0.0,0.0,0.0,1.0
1,2050,0.24,0.0,0.0,0.0,0.0,0.0,1.0
1,2050,0.25,0.0,0.0,0.0,0.0,0.0,1.0
1,2050,0.26,0.0,0.0,0.0,0.0,0.0,1.0
1,2050,0.27,0.0,0.0,0.0,0.0,0.0,1.0
1,2050,0.28,0.0,0.0,0.0,0.0,0.0,1.0
1,2050,0.29,0.0,0.0,0.0,0.0,0.0,1.0
1,2050,0.3,0.0,0.0,0.0,0.0,0.0,1.0
1,2050,0.31,0.0,0.0,0.0,0.0,0.0,1.0
1,2050,0.32,0.0,0.0,0.0,0.0,0.0,1.0
1,2050,0.33,0.0,0.0,0.0,0.0,0.0,1.0
1,2050,0.34,0.0,0.0,0.0,0.0,0.0,1.0
1,2050,0.35000000000000003,0.0,0.0,0.0,0.0,0.0,1.0
1,2050,0.36,0.0,0.0,0.0,0.0,0.0,1.0
1,2050,0.37,0.0,0.0,0.0,0.0,0.0,1.0
1,2050,0.38,0.0,0.0,0.0,0.0,0.0,1.0
1,2050,0.39,0.0,0.0,0.0,0.0,0.0,1.0
1,2050,0.4,0.0,0.0,0.0,0.0,0.0,1.0
1,2050,0.41000000000000003,0.0,0.0,0.0,0.0,0.0,1.0
1,2050,0.42,0.0,0.0,0.0,0.0,0.0,1.0
1,2050,0.43,0.0,0.0,0.0,0.0,0.0,1.0
1,2050,0.44,0.0,0.0,0.0,0.0,0.0,1.0
1,2050,0.45,0.0,0.0,0.0,0.0,0.0,1.0
1,2050,0.46,0.0,0.0,0.0,0.0,0.0,1.0
1,2050,0.47000000000000003,0.0,0.0,0.0,0.0,0.0,1.0
1,2050,0.48,0.0,0.0,0.0,0.0,0.0,1.0
1,2050,0.49,0.0,0.0,0.0,0.0,0.0,1.0
1,2050,0.5,0.0,0.0,0.0,0.0,0.0,1.0
1,2050,0.51,0.0,0.0,0.0,0.0,0.0,1.0
1,2050,0.52,0.0,0.0,0.0,0.0,0.0,1.0
1,2050,0.53,0.0,0.0,0.0,0.0,0.0,1.0
1,2050,0.54,0.0,0.0,0.0,0.0,0.0,1.0
1,2050,0.55,0.0,0.0,0.0,0.0,0.0,1.0
1,2050,0.56,0.0,0.0,0.0,0.0,0.0,1.0
1,2050,0.5700000000000001,0.0,0.0,0.0,0.0,0.0,1.0
1,2050,0.58,0.0,0.0,0.0,0.0,0.0,1.0
1,2050,0.59,0.0,0.0,0.0,0.0,0.0,1.0
1,2050,0.6,0.0,0.0,0.0,0.0,0.0,1.0
1,2050,0.61,0.0,0.0,0.0,0.0,0.0,1.0
1,2050,0.62,0.0,0.0,0.0,0.0,0.0,1.0
1,2050,0.63,0.0,0.0,0.0,0.0,0.0,1.0
1,2050,0.64,0.0,0.0,0.0,0.0,0.0,1.0
1,2050,0.65,0.0,0.0,0.0,0.0,0.0,1.0
1,2050,0.66,0.0,0.0,0.0,0.0,0.0,1.0
1,2050,0.67,0.0,0.0,0.0,0.0,0.0,1.0
1,2050,0.68,0.0,0.0,0.0,0.0,0.0,1.0
1,2050,0.6900000000000001,0.0,0.0,0.0,0.0,0.0,1.0
1,2050,0.7000000000000001,0.0,0.0,0.0,0.0,0.0,1.0
1,2050,0.71,0.0,0.0,0.0,0.0,0.0,1.0
1,2050,0.72,0.0,0.0,0.0,0.0,0.0,1.0
1,2050,0.73,0.0,0.0,0.0,0.0,0.0,1.0
1,2050,0.74,0.0,0.0,0.0,0.0,0.0,1.0
1,2050,0.75,0.0,0.0,0.0,0.0,0.0,1.0
1,2050,0.76,0.0,0.0,0.0,0.0,0.0,1.0
1,2050,0.77,0.0,0.0,0.0,0.0,0.0,1.0
1,2050,0.78,0.0,0.0,0.0,0.0,0.0,1.0
1,2050,0.79,0.0,0.0,0.0,0.0,0.0,1.0
1,2050,0.8,0.0,0.0,0.0,0.0,0.0,1.0
1,2050,0.81,0.0,0.0,0.0,0.0,0.0,1.0
1,2050,0.8200000000000001,0.0,0.0,0.0,0.0,0.0,1.0
1,2050,0.8300000000000001,0.0,0.0,0.0,0.0,0.0,1.0
1,2050,0.84,0.0,0.0,0.0,0.0,0.0,1.0
1,2050,0.85,0.0,0.0,0.0,0.0,0.0,1.0
1,2050,0.86,0.0,0.0,0.0,0.0,0.0,1.0
1,2050,0.87,0.0,0.0,0.0,0.0,0.0,1.0
1,2050,0.88,0.0,0.0,0.0,0.0,0.0,1.0
1,2050,0.89,0.0,0.0,0.0,0.0,0.0,1.0
1,2050,0.9,0.0,0.0,0.0,0.0,0.0,1.0
1,2050,0.91,0.0,0.0,0.0,0.0,0.0,1.0
1,2050,0.92,0.0,0.0,0.0,0.0,0.0,1.0
1,2050,0.93,0.0,0.0,0.0,0.0,0.0,1.0
1,2050,0.9400000000000001,0.0,0.0,0.0,0.0,0.0,1.0
1,2050,0.9500000000000001,0.0,0.0,0.0,0.0,0.0,1.0
1,2050,0.96,0.0,0.0,0.0,0.0,0.0,1.0
1,2050,0.97,0.0,0.0,0.0,0.0,0.0,1.0
1,2050,0.98,0.0,0.0,0.0,0.0,0.0,1.0
1,2050,0.99,0.0,0.0,0.0,0.0,0.0,1.0
1,2050,1.0,0.0,0.0,0.0,0.0,0.0,1.0
1,2051,0.01,0.2505423122774429,0.23897337021204396,0.3110615152429235,0.026409060416386007,0.033931266729523624,0.13908247512168004
1,2051,0.02,0.2505423122774429,0.23897337021204396,0.3110615152429235,0.026409060416386007,0.033931266729523624,0.13908247512168004
1,2051,0.03,0.2505423122774429,0.23897337021204396,0.3110615152429235,0.026409060416386007,0.033931266729523624,0.13908247512168004
1,2051,0.04,0.0,0.0,0.0,0.0,0.0,1.0
1,2051,0.05,0.0,0.0,0.0,0.0,0.0,1.0
1,2051,0.06,0.0,0.0,0.0,0.0,0.0,1.0
1,2051,0.07,0.0,0.0,0.0,0.0,0.0,1.0
1,2051,0.08,0.0,0.0,0.0,0.0,0.0,1.0
1,2051,0.09,0.0,0.0,0.0,0.0,0.0,1.0
1,2051,0.1,0.0,0.0,0.0,0.0,0.0,1.0
1,2051,0.11,0.0,0.0,0.0,0.0,0.0,1.0
1,2051,0.12,0.0,0.0,0.0,0.0,0.0,1.0
1,2051,0.13,0.0,0.0,0.0,0.0,0.0,1.0
1,2051,0.14,0.0,0.0,0.0,0.0,0.0,1.0
1,2051,0.15,0.0,0.0,0.0,0.0,0.0,1.0
1,2051,0.16,0.0,0.0,0.0,0.0,0.0,1.0
1,2051,0.17,0.0,0.0,0.0,0.0,0.0,1.0
1,2051,0.18,0.0,0.0,0.0,0.0,0.0,1.0
1,2051,0.19,0.0,0.0,0.0,0.0,0.0,1.0
1,2051,0.2,0.0,0.0,0.0,0.0,0.0,1.0
1,2051,0.21,0.0,0.0,0.0,0.0,0.0,1.0
1,2051,0.22,0.0,0.0,0.0,0.0,0.0,1.0
1,2051,0.23,0.0,0.0,0.0,0.0,0.0,1.0
1,2051,0.24,0.0,0.0,0.0,0.0,0.0,1.0
1,2051,0.25,0.0,0.0,0.0,0.0,0.0,1.0
1,2051,0.26,0.0,0.0,0.0,0.0,0.0,1.0
1,2051,0.27,0.0,0.0,0.0,0.0,0.0,1.0
1,2051,0.28,0.0,0.0,0.0,0.0,0.0,1.0
1,2051,0.29,0.0,0.0,0.0,0.0,0.0,1.0
1,2051,0.3,0.0,0.0,0.0,0.0,0.0,1.0
1,2051,0.31,0.0,0.0,0.0,0.0,0.0,1.0
1,2051,0.32,0.0,0.0,0.0,0.0,0.0,1.0
1,2051,0.33,0.0,0.0,0.0,0.0,0.0,1.0
1,2051,0.34,0.0,0.0,0.0,0.0,0.0,1.0
1,2051,0.35000000000000003,0.0,0.0,0.0,0.0,0.0,1.0
1,2051,0.36,0.0,0.0,0.0,0.0,0.0,1.0
1,2051,0.37,0.0,0.0,0.0,0.0,0.0,1.0
1,2051,0.38,0.0,0.0,0.0,0.0,0.0,1.0
1,2051,0.39,0.0,0.0,0.0,0.0,0.0,1.0
1,2051,0.4,0.0,0.0,0.0,0.0,0.0,1.0
1,2051,0.41000000000000003,0.0,0.0,0.0,0.0,0.0,1.0
1,2051,0.42,0.0,0.0,0.0,0.0,0.0,1.0
1,2051,0.43,0.0,0.0,0.0,0.0,0.0,1.0
1,2051,0.44,0.0,0.0,0.0,0.0,0.0,1.0
1,2051,0.45,0.0,0.0,0.0,0.0,0.0,1.0
1,2051,0.46,0.0,0.0,0.0,0.0,0.0,1.0
1,2051,0.47000000000000003,0.0,0.0,0.0,0.0,0.0,1.0
1,2051,0.48,0.0,0.0,0.0,0.0,0.0,1.0
1,2051,0.49,0.0,0.0,0.0,0.0,0.0,1.0
1,2051,0.5,0.0,0.0,0.0,0.0,0.0,1.0
1,2051,0.51,0.0,0.0,0.0,0.0,0.0,1.0
1,2051,0.52,0.0,0.0,0.0,0.0,0.0,1.0
1,2051,0.53,0.0,0.0,0.0,0.0,0.0,1.0
1,2051,0.54,0.0,0.0,0.0,0.0,0.0,1.0
1,2051,0.55,0.0,0.0,0.0,0.0,0.0,1.0
1,2051,0.56,0.0,0.0,0.0,0.0,0.0,1.0
1,2051,0.5700000000000001,0.0,0.0,0.0,0.0,0.0,1.0
1,2051,0.58,0.0,0.0,0.0,0.0,0.0,1.0
1,2051,0.59,0.0,0.0,0.0,0.0,0.0,1.0
1,2051,0.6,0.0,0.0,0.0,0.0,0.0,1.0
1,2051,0.61,0.0,0.0,0.0,0.0,0.0,1.0
1,2051,0.62,0.0,0.0,0.0,0.0,0.0,1.0
1,2051,0.63,0.0,0.0,0.0,0.0,0.0,1.0
1,2051,0.64,0.0,0.0,0.0,0.0,0.0,1.0
1,2051,0.65,0.0,0.0,0.0,0.0,0.0,1.0
1,2051,0.66,0.0,0.0,0.0,0.0,0.0,1.0
1,2051,0.67,0.0,0.0,0.0,0.0,0.0,1.0
1,2051,0.68,0.0,0.0,0.0,0.0,0.0,1.0
1,2051,0.6900000000000001,0.0,0.0,0.0,0.0,0.0,1.0
1,2051,0.7000000000000001,0.0,0.0,0.0,0.0,0.0,1.0
1,2051,0.71,0.0,0.0,0.0,0.0,0.0,1.0
1,2051,0.72,0.0,0.0,0.0,0.0,0.0,1.0
1,2051,0.73,0.0,0.0,0.0,0.0,0.0,1.0
1,2051,0.74,0.0,0.0,0.0,0.0,0.0,1.0
1,2051,0.75,0.0,0.0,0.0,0.0,0.0,1.0
1,2051,0.76,0.0,0.0,0.0,0.0,0.0,1.0
1,2051,0.77,0.0,0.0,0.0,0.0,0.0,1.0
1,2051,0.78,0.0,0.0,0.0,0.0,0.0,1.0
1,2051,0.79,0.0,0.0,0.0,0.0,0.0,1.0
1,2051,0.8,0.0,0.0,0.0,0.0,0.0,1.0
1,2051,0.81,0.0,0.0,0.0,0.0,0.0,1.0
1,2051,0.8200000000000001,0.0,0.0,0.0,0.0,0.0,1.0
1,2051,0.8300000000000001,0.0,0.0,0.0,0.0,0.0,1.0
1,2051,0.84,0.0,0.0,0.0,0.0,0.0,1.0
1,2051,0.85,0.0,0.0,0.0,0.0,0.0,1.0
1,2051,0.86,0.0,0.0,0.0,0.0,0.0,1.0
1,2051,0.87,0.0,0.0,0.0,0.0,0.0,1.0
1,2051,0.88,0.0,0.0,0.0,0.0,0.0,1.0
1,2051,0.89,0.0,0.0,0.0,0.0,0.0,1.0
1,2051,0.9,0.0,0.0,0.0,0.0,0.0,1.0
1,2051,0.91,0.0,0.0,0.0,0.0,0.0,1.0
1,2051,0.92,0.0,0.0,0.0,0.0,0.0,1.0
1,2051,0.93,0.0,0.0,0.0,0.0,0.0,1.0
1,2051,0.9400000000000001,0.0,0.0,0.0,0.0,0.0,1.0
1,2051,0.9500000000000001,0.0,0.0,0.0,0.0,0.0,1.0
1,2051,0.96,0.0,0.0,0.0,0.0,0.0,1.0
1,2051,0.97,0.0,0.0,0.0,0.0,0.0,1.0
1,2051,0.98,0.0,0.0,0.0,0.0,0.0,1.0
1,2051,0.99,0.0,0.0,0.0,0.0,0.0,1.0
1,2051,1.0,0.0,0.0,0.0,0.0,0.0,1.0
1,2052,0.01,0.22660342737341294,0.00937369615970729,0.284043395865058,0.10706954458810888,0.3299578132443117,0.042952122769401274
1,2052,0.02,0.22660342737341294,0.00937369615970729,0.284043395865058,0.10706954458810888,0.3299578132443117,0.042952122769401274
1,2052,0.03,0.22660342737341294,0.00937369615970729,0.284043395865058,0.10706954458810888,0.3299578132443117,0.042952122769401274
1,2052,0.04,0.0,0.0,0.0,0.0,0.0,1.0
1,2052,0.05,0.0,0.0,0.0,0.0,0.0,1.0
1,2052,0.06,0.0,0.0,0.0,0.0,0.0,1.0
1,2052,0.07,0.0,0.0,0.0,0.0,0.0,1.0
1,2052,0.08,0.0,0.0,0.0,0.0,0.0,1.0
1,2052,0.09,0.0,0.0,0.0,0.0,0.0,1.0
1,2052,0.1,0.0,0.0,0.0,0.0,0.0,1.0
1,2052,0.11,0.0,0.0,0.0,0.0,0.0,1.0
1,2052,0.12,0.0,0.0,0.0,0.0,0.0,1.0
1,2052,0.13,0.0,0.0,0.0,0.0,0.0,1.0
1,2052,0.14,0.0,0.0,0.0,0.0,0.0,1.0
1,2052,0.15,0.0,0.0,0.0,0.0,0.0,1.0
1,2052,0.16,0.0,0.0,0.0,0.0,0.0,1.0
1,2052,0.17,0.0,0.0,0.0,0.0,0.0,1.0
1,2052,0.18,0.0,0.0,0.0,0.0,0.0,1.0
1,2052,0.19,0.0,0.0,0.0,0.0,0.0,1.0
1,2052,0.2,0.0,0.0,0.0,0.0,0.0,1.0
1,2052,0.21,0.0,0.0,0.0,0.0,0.0,1.0
1,2052,0.22,0.0,0.0,0.0,0.0,0.0,1.0
1,2052,0.23,0.0,0.0,0.0,0.0,0.0,1.0
1,2052,0.24,0.0,0.0,0.0,0.0,0.0,1.0
1,2052,0.25,0.0,0.0,0.0,0.0,0.0,1.0
1,2052,0.26,0.0,0.0,0.0,0.0,0.0,1.0
1,2052,0.27,0.0,0.0,0.0,0.0,0.0,1.0
1,2052,0.28,0.0,0.0,0.0,0.0,0.0,1.0
1,2052,0.29,0.0,0.0,0.0,0.0,0.0,1.0
1,2052,0.3,0.0,0.0,0.0,0.0,0.0,1.0
1,2052,0.31,0.0,0.0,0.0,0.0,0.0,1.0
1,2052,0.32,0.0,0.0,0.0,0.0,0.0,1.0
1,2052,0.33,0.0,0.0,0.0,0.0,0.0,1.0
1,2052,0.34,0.0,0.0,0.0,0.0,0.0,1.0
1,2052,0.35000000000000003,0.0,0.0,0.0,0.0,0.0,1.0
1,2052,0.36,0.0,0.0,0.0,0.0,0.0,1.0
1,2052,0.37,0.0,0.0,0.0,0.0,0.0,1.0
1,2052,0.38,0.0,0.0,0.0,0.0,0.0,1.0
1,2052,0.39,0.0,0.0,0.0,0.0,0.0,1.0
1,2052,0.4,0.0,0.0,0.0,0.0,0.0,1.0
1,2052,0.41000000000000003,0.0,0.0,0.0,0.0,0.0,1.0
1,2052,0.42,0.0,0.0,0.0,0.0,0.0,1.0
1,2052,0.43,0.0,0.0,0.0,0.0,0.0,1.0
1,2052,0.44,0.0,0.0,0.0,0.0,0.0,1.0
1,2052,0.45,0.0,0.0,0.0,0.0,0.0,1.0
1,2052,0.46,0.0,0.0,0.0,0.0,0.0,1.0
1,2052,0.47000000000000003,0.0,0.0,0.0,0.0,0.0,1.0
1,2052,0.48,0.0,0.0,0.0,0.0,0.0,1.0
1,2052,0.49,0.0,0.0,0.0,0.0,0.0,1.0
1,2052,0.5,0.0,0.0,0.0,0.0,0.0,1.0
1,2052,0.51,0.0,0.0,0.0,0.0,0.0,1.0
1,2052,0.52,0.0,0.0,0.0,0.0,0.0,1.0
1,2052,0.53,0.0,0.0,0.0,0.0,0.0,1.0
1,2052,0.54,0.0,0.0,0.0,0.0,0.0,1.0
1,2052,0.55,0.0,0.0,0.0,0.0,0.0,1.0
1,2052,0.56,0.0,0.0,0.0,0.0,0.0,1.0
1,2052,0.5700000000000001,0.0,0.0,0.0,0.0,0.0,1.0
1,2052,0.58,0.0,0.0,0.0,0.0,0.0,1.0
1,2052,0.59,0.0,0.0,0.0,0.0,0.0,1.0
1,2052,0.6,0.0,0.0,0.0,0.0,0.0,1.0
1,2052,0.61,0.0,0.0,0.0,0.0,0.0,1.0
1,2052,0.62,0.0,0.0,0.0,0.0,0.0,1.0
1,2052,0.63,0.0,0.0,0.0,0.0,0.0,1.0
1,2052,0.64,0.0,0.0,0.0,0.0,0.0,1.0
1,2052,0.65,0.0,0.0,0.0,0.0,0.0,1.0
1,2052,0.66,0.0,0.0,0.0,0.0,0.0,1.0
1,2052,0.67,0.0,0.0,0.0,0.0,0.0,1.0
1,2052,0.68,0.0,0.0,0.0,0.0,0.0,1.0
1,2052,0.6900000000000001,0.0,0.0,0.0,0.0,0.0,1.0
1,2052,0.7000000000000001,0.0,0.0,0.0,0.0,0.0,1.0
1,2052,0.71,0.0,0.0,0.0,0.0,0.0,1.0
1,2052,0.72,0.0,0.0,0.0,0.0,0.0,1.0
1,2052,0.73,0.0,0.0,0.0,0.0,0.0,1.0
1,2052,0.74,0.0,0.0,0.0,0.0,0.0,1.0
1,2052,0.75,0.0,0.0,0.0,0.0,0.0,1.0
1,2052,0.76,0.0,0.0,0.0,0.0,0.0,1.0
1,2052,0.77,0.0,0.0,0.0,0.0,0.0,1.0
1,2052,0.78,0.0,0.0,0.0,0.0,0.0,1.0
1,2052,0.79,0.0,0.0,0.0,0.0,0.0,1.0
1,2052,0.8,0.0,0.0,0.0,0.0,0.0,1.0
1,2052,0.81,0.0,0.0,0.0,0.0,0.0,1.0
1,2052,0.8200000000000001,0.0,0.0,0.0,0.0,0.0,1.0
1,2052,0.8300000000000001,0.0,0.0,0.0,0.0,0.0,1.0
1,2052,0.84,0.0,0.0,0.0,0.0,0.0,1.0
1,2052,0.85,0.0,0.0,0.0,0.0,0.0,1.0
1,2052,0.86,0.0,0.0,0.0,0.0,0.0,1.0
1,2052,0.87,0.0,0.0,0.0,0.0,0.0,1.0
1,2052,0.88,0.0,0.0,0.0,0.0,0.0,1.0
1,2052,0.89,0.0,0.0,0.0,0.0,0.0,1.0
1,2052,0.9,0.0,0.0,0.0,0.0,0.0,1.0
1,2052,0.91,0.0,0.0,0.0,0.0,0.0,1.0
1,2052,0.92,0.0,0.0,0.0,0.0,0.0,1.0
1,2052,0.93,0.0,0.0,0.0,0.0,0.0,1.0
1,2052,0.9400000000000001,0.0,0.0,0.0,0.0,0.0,1.0
1,2052,0.9500000000000001,0.0,0.0,0.0,0.0,0.0,1.0
1,2052,0.96,0.0,0.0,0.0,0.0,0.0,1.0
1,2052,0.97,0.0,0.0,0.0,0.0,0.0,1.0
1,2052,0.98,0.0,0.0,0.0,0.0,0.0,1.0
1,2052,0.99,0.0,0.0,0.0,0.0,0.0,1.0
1,2052,1.0,0.0,0.0,0.0,0.0,0.0,1.0
1,2053,0.01,0.07581567837723131,0.1390558073782511,0.14500971516127753,0.18377895343077835,0.2227217143488627,0.233618131303599
1,2053,0.02,0.07581567837723131,0.1390558073782511,0.14500971516127753,0.18377895343077835,0.2227217143488627,0.233618131303599
1,2053,0.03,0.07581567837723131,0.1390558073782511,0.14500971516127753,0.18377895343077835,0.2227217143488627,0.233618131303599
1,2053,0.04,0.0,0.0,0.0,0.0,0.0,1.0
1,2053,0.05,0.0,0.0,0.0,0.0,0.0,1.0
1,2053,0.06,0.0,0.0,0.0,0.0,0.0,1.0
1,2053,0.07,0.0,0.0,0.0,0.0,0.0,1.0
1,2053,0.08,0.0,0.0,0.0,0.0,0.0,1.0
1,2053,0.09,0.0,0.0,0.0,0.0,0.0,1.0
1,2053,0.1,0.0,0.0,0.0,0.0,0.0,1.0
1,2053,0.11,0.0,0.0,0.0,0.0,0.0,1.0
1,2053,0.12,0.0,0.0,0.0,0.0,0.0,1.0
1,2053,0.13,0.0,0.0,0.0,0.0,0.0,1.0
1,2053,0.14,0.0,0.0,0.0,0.0,0.0,1.0
1,2053,0.15,0.0,0.0,0.0,0.0,0.0,1.0
1,2053,0.16,0.0,0.0,0.0,0.0,0.0,1.0
1,2053,0.17,0.0,0.0,0.0,0.0,0.0,1.0
1,2053,0.18,0.0,0.0,0.0,0.0,0.0,1.0
1,2053,0.19,0.0,0.0,0.0,0.0,0.0,1.0
1,2053,0.2,0.0,0.0,0.0,0.0,0.0,1.0
1,2053,0.21,0.0,0.0,0.0,0.0,0.0,1.0
1,2053,0.22,0.0,0.0,0.0,0.0,0.0,1.0
1,2053,0.23,0.0,0.0,0.0,0.0,0.0,1.0
1,2053,0.24,0.0,0.0,0.0,0.0,0.0,1.0
1,2053,0.25,0.0,0.0,0.0,0.0,0.0,1.0
1,2053,0.26,0.0,0.0,0.0,0.0,0.0,1.0
1,2053,0.27,0.0,0.0,0.0,0.0,0.0,1.0
1,2053,0.28,0.0,0.0,0.0,0.0,0.0,1.0
1,2053,0.29,0.0,0.0,0.0,0.0,0.0,1.0
1,2053,0.3,0.0,0.0,0.0,0.0,0.0,1.0
1,2053,0.31,0.0,0.0,0.0,0.0,0.0,1.0
1,2053,0.32,0.0,0.0,0.0,0.0,0.0,1.0
1,2053,0.33,0.0,0.0,0.0,0.0,0.0,1.0
1,2053,0.34,0.0,0.0,0.0,0.0,0.0,1.0
1,2053,0.35000000000000003,0.0,0.0,0.0,0.0,0.0,1.0
1,2053,0.36,0.0,0.0,0.0,0.0,0.0,1.0
1,2053,0.37,0.0,0.0,0.0,0.0,0.0,1.0
1,2053,0.38,0.0,0.0,0.0,0.0,0.0,1.0
1,2053,0.39,0.0,0.0,0.0,0.0,0.0,1.0
1,2053,0.4,0.0,0.0,0.0,0.0,0.0,1.0
1,2053,0.41000000000000003,0.0,0.0,0.0,0.0,0.0,1.0
1,2053,0.42,0.0,0.0,0.0,0.0,0.0,1.0
1,2053,0.43,0.0,0.0,0.0,0.0,0.0,1.0
1,2053,0.44,0.0,0.0,0.0,0.0,0.0,1.0
1,2053,0.45,0.0,0.0,0.0,0.0,0.0,1.0
1,2053,0.46,0.0,0.0,0.0,0.0,0.0,1.0
1,2053,0.47000000000000003,0.0,0.0,0.0,0.0,0.0,1.0
1,2053,0.48,0.0,0.0,0.0,0.0,0.0,1.0
1,2053,0.49,0.0,0.0,0.0,0.0,0.0,1.0
1,2053,0.5,0.0,0.0,0.0,0.0,0.0,1.0
1,2053,0.51,0.0,0.0,0.0,0.0,0.0,1.0
1,2053,0.52,0.0,0.0,0.0,0.0,0.0,1.0
1,2053,0.53,0.0,0.0,0.0,0.0,0.0,1.0
1,2053,0.54,0.0,0.0,0.0,0.0,0.0,1.0
1,2053,0.55,0.0,0.0,0.0,0.0,0.0,1.0
1,2053,0.56,0.0,0.0,0.0,0.0,0.0,1.0
1,2053,0.5700000000000001,0.0,0.0,0.0,0.0,0.0,1.0
1,2053,0.58,0.0,0.0,0.0,0.0,0.0,1.0
1,2053,0.59,0.0,0.0,0.0,0.0,0.0,1.0
1,2053,0.6,0.0,0.0,0.0,0.0,0.0,1.0
1,2053,0.61,0.0,0.0,0.0,0.0,0.0,1.0
1,2053,0.62,0.0,0.0,0.0,0.0,0.0,1.0
1,2053,0.63,0.0,0.0,0.0,0.0,0.0,1.0
1,2053,0.64,0.0,0.0,0.0,0.0,0.0,1.0
1,2053,0.65,0.0,0.0,0.0,0.0,0.0,1.0
1,2053,0.66,0.0,0.0,0.0,0.0,0.0,1.0
1,2053,0.67,0.0,0.0,0.0,0.0,0.0,1.0
1,2053,0.68,0.0,0.0,0.0,0.0,0.0,1.0
1,2053,0.6900000000000001,0.0,0.0,0.0,0.0,0.0,1.0
1,2053,0.7000000000000001,0.0,0.0,0.0,0.0,0.0,1.0
1,2053,0.71,0.0,0.0,0.0,0.0,0.0,1.0
1,2053,0.72,0.0,0.0,0.0,0.0,0.0,1.0
1,2053,0.73,0.0,0.0,0.0,0.0,0.0,1.0
1,2053,0.74,0.0,0.0,0.0,0.0,0.0,1.0
1,2053,0.75,0.0,0.0,0.0,0.0,0.0,1.0
1,2053,0.76,0.0,0.0,0.0,0.0,0.0,1.0
1,2053,0.77,0.0,0.0,0.0,0.0,0.0,1.0
1,2053,0.78,0.0,0.0,0.0,0.0,0.0,1.0
1,2053,0.79,0.0,0.0,0.0,0.0,0.0,1.0
1,2053,0.8,0.0,0.0,0.0,0.0,0.0,1.0
1,2053,0.81,0.0,0.0,0.0,0.0,0.0,1.0
1,2053,0.8200000000000001,0.0,0.0,0.0,0.0,0.0,1.0
1,2053,0.8300000000000001,0.0,0.0,0.0,0.0,0.0,1.0
1,2053,0.84,0.0,0.0,0.0,0.0,0.0,1.0
1,2053,0.85,0.0,0.0,0.0,0.0,0.0,1.0
1,2053,0.86,0.0,0.0,0.0,0.0,0.0,1.0
1,2053,0.87,0.0,0.0,0.0,0.0,0.0,1.0
1,2053,0.88,0.0,0.0,0.0,0.0,0.0,1.0
1,2053,0.89,0.0,0.0,0.0,0.0,0.0,1.0
1,2053,0.9,0.0,0.0,0.0,0.0,0.0,1.0
1,2053,0.91,0.0,0.0,0.0,0.0,0.0,1.0
1,2053,0.92,0.0,0.0,0.0,0.0,0.0,1.0
1,2053,0.93,0.0,0.0,0.0,0.0,0.0,1.0
1,2053,0.9400000000000001,0.0,0.0,0.0,0.0,0.0,1.0
1,2053,0.9500000000000001,0.0,0.0,0.0,0.0,0.0,1.0
1,2053,0.96,0.0,0.0,0.0,0.0,0.0,1.0
1,2053,0.97,0.0,0.0,0.0,0.0,0.0,1.0
1,2053,0.98,0.0,0.0,0.0,0.0,0.0,1.0
1,2053,0.99,0.0,0.0,0.0,0.0,0.0,1.0
1,2053,1.0,0.0,0.0,0.0,0.0,0.0,1.0
1,2054,0.01,0.14327628208810303,0.2922503346203484,0.05345599221094895,0.13274449705584337,0.27005170126931083,0.10822119275544542
1,2054,0.02,0.14327628208810303,0.2922503346203484,0.05345599221094895,0.13274449705584337,0.27005170126931083,0.10822119275544542
1,2054,0.03,0.14327628208810303,0.2922503346203484,0.05345599221094895,0.13274449705584337,0.27005170126931083,0.10822119275544542
1,2054,0.04,0.14327628208810303,0.2922503346203484,0.05345599221094895,0.13274449705584337,0.27005170126931083,0.10822119275544542
1,2054,0.05,0.0,0.0,0.0,0.0,0.0,1.0
1,2054,0.06,0.0,0.0,0.0,0.0,0.0,1.0
1,2054,0.07,0.0,0.0,0.0,0.0,0.0,1.0
1,2054,0.08,0.0,0.0,0.0,0.0,0.0,1.0
1,2054,0.09,0.0,0.0,0.0,0.0,0.0,1.0
1,2054,0.1,0.0,0.0,0.0,0.0,0.0,1.0
1,2054,0.11,0.0,0.0,0.0,0.0,0.0,1.0
1,2054,0.12,0.0,0.0,0.0,0.0,0.0,1.0
1,2054,0.13,0.0,0.0,0.0,0.0,0.0,1.0
1,2054,0.14,0.0,0.0,0.0,0.0,0.0,1.0
1,2054,0.15,0.0,0.0,0.0,0.0,0.0,1.0
1,2054,0.16,0.0,0.0,0.0,0.0,0.0,1.0
1,2054,0.17,0.0,0.0,0.0,0.0,0.0,1.0
1,2054,0.18,0.0,0.0,0.0,0.0,0.0,1.0
1,2054,0.19,0.0,0.0,0.0,0.0,0.0,1.0
1,2054,0.2,0.0,0.0,0.0,0.0,0.0,1.0
1,2054,0.21,0.0,0.0,0.0,0.0,0.0,1.0
1,2054,0.22,0.0,0.0,0.0,0.0,0.0,1.0
1,2054,0.23,0.0,0.0,0.0,0.0,0.0,1.0
1,2054,0.24,0.0,0.0,0.0,0.0,0.0,1.0
1,2054,0.25,0.0,0.0,0.0,0.0,0.0,1.0
1,2054,0.26,0.0,0.0,0.0,0.0,0.0,1.0
1,2054,0.27,0.0,0.0,0.0,0.0,0.0,1.0
1,2054,0.28,0.0,0.0,0.0,0.0,0.0,1.0
1,2054,0.29,0.0,0.0,0.0,0.0,0.0,1.0
1,2054,0.3,0.0,0.0,0.0,0.0,0.0,1.0
1,2054,0.31,0.0,0.0,0.0,0.0,0.0,1.0
1,2054,0.32,0.0,0.0,0.0,0.0,0.0,1.0
1,2054,0.33,0.0,0.0,0.0,0.0,0.0,1.0
1,2054,0.34,0.0,0.0,0.0,0.0,0.0,1.0
1,2054,0.35000000000000003,0.0,0.0,0.0,0.0,0.0,1.0
1,2054,0.36,0.0,0.0,0.0,0.0,0.0,1.0
1,2054,0.37,0.0,0.0,0.0,0.0,0.0,1.0
1,2054,0.38,0.0,0.0,0.0,0.0,0.0,1.0
1,2054,0.39,0.0,0.0,0.0,0.0,0.0,1.0
1,2054,0.4,0.0,0.0,0.0,0.0,0.0,1.0
1,2054,0.41000000000000003,0.0,0.0,0.0,0.0,0.0,1.0
1,2054,0.42,0.0,0.0,0.0,0.0,0.0,1.0
1,2054,0.43,0.0,0.0,0.0,0.0,0.0,1.0
1,2054,0.44,0.0,0.0,0.0,0.0,0.0,1.0
1,2054,0.45,0.0,0.0,0.0,0.0,0.0,1.0
1,2054,0.46,0.0,0.0,0.0,0.0,0.0,1.0
1,2054,0.47000000000000003,0.0,0.0,0.0,0.0,0.0,1.0
1,2054,0.48,0.0,0.0,0.0,0.0,0.0,1.0
1,2054,0.49,0.0,0.0,0.0,0.0,0.0,1.0
1,2054,0.5,0.0,0.0,0.0,0.0,0.0,1.0
1,2054,0.51,0.0,0.0,0.0,0.0,0.0,1.0
1,2054,0.52,0.0,0.0,0.0,0.0,0.0,1.0
1,2054,0.53,0.0,0.0,0.0,0.0,0.0,1.0
1,2054,0.54,0.0,0.0,0.0,0.0,0.0,1.0
1,2054,0.55,0.0,0.0,0.0,0.0,0.0,1.0
1,2054,0.56,0.0,0.0,0.0,0.0,0.0,1.0
1,2054,0.5700000000000001,0.0,0.0,0.0,0.0,0.0,1.0
1,2054,0.58,0.0,0.0,0.0,0.0,0.0,1.0
1,2054,0.59,0.0,0.0,0.0,0.0,0.0,1.0
1,2054,0.6,0.0,0.0,0.0,0.0,0.0,1.0
1,2054,0.61,0.0,0.0,0.0,0.0,0.0,1.0
1,2054,0.62,0.0,0.0,0.0,0.0,0.0,1.0
1,2054,0.63,0.0,0.0,0.0,0.0,0.0,1.0
1,2054,0.64,0.0,0.0,0.0,0.0,0.0,1.0
1,2054,0.65,0.0,0.0,0.0,0.0,0.0,1.0
1,2054,0.66,0.0,0.0,0.0,0.0,0.0,1.0
1,2054,0.67,0.0,0.0,0.0,0.0,0.0,1.0
1,2054,0.68,0.0,0.0,0.0,0.0,0.0,1.0
1,2054,0.6900000000000001,0.0,0.0,0.0,0.0,0.0,1.0
1,2054,0.7000000000000001,0.0,0.0,0.0,0.0,0.0,1.0
1,2054,0.71,0.0,0.0,0.0,0.0,0.0,1.0
1,2054,0.72,0.0,0.0,0.0,0.0,0.0,1.0
1,2054,0.73,0.0,0.0,0.0,0.0,0.0,1.0
1,2054,0.74,0.0,0.0,0.0,0.0,0.0,1.0
1,2054,0.75,0.0,0.0,0.0,0.0,0.0,1.0
1,2054,0.76,0.0,0.0,0.0,0.0,0.0,1.0
1,2054,0.77,0.0,0.0,0.0,0.0,0.0,1.0
1,2054,0.78,0.0,0.0,0.0,0.0,0.0,1.0
1,2054,0.79,0.0,0.0,0.0,0.0,0.0,1.0
1,2054,0.8,0.0,0.0,0.0,0.0,0.0,1.0
1,2054,0.81,0.0,0.0,0.0,0.0,0.0,1.0
1,2054,0.8200000000000001,0.0,0.0,0.0,0.0,0.0,1.0
1,2054,0.8300000000000001,0.0,0.0,0.0,0.0,0.0,1.0
1,2054,0.84,0.0,0.0,0.0,0.0,0.0,1.0
1,2054,0.85,0.0,0.0,0.0,0.0,0.0,1.0
1,2054,0.86,0.0,0.0,0.0,0.0,0.0,1.0
1,2054,0.87,0.0,0.0,0.0,0.0,0.0,1.0
1,2054,0.88,0.0,0.0,0.0,0.0,0.0,1.0
1,2054,0.89,0.0,0.0,0.0,0.0,0.0,1.0
1,2054,0.9,0.0,0.0,0.0,0.0,0.0,1.0
1,2054,0.91,0.0,0.0,0.0,0.0,0.0,1.0
1,2054,0.92,0.0,0.0,0.0,0.0,0.0,1.0
1,2054,0.93,0.0,0.0,0.0,0.0,0.0,1.0
1,2054,0.9400000000000001,0.0,0.0,0.0,0.0,0.0,1.0
1,2054,0.9500000000000001,0.0,0.0,0.0,0.0,0.0,1.0
1,2054,0.96,0.0,0.0,0.0,0.0,0.0,1.0
1,2054,0.97,0.0,0.0,0.0,0.0,0.0,1.0
1,2054,0.98,0.0,0.0,0.0,0.0,0.0,1.0
1,2054,0.99,0.0,0.0,0.0,0.0,0.0,1.0
1,2054,1.0,0.0,0.0,0.0,0.0,0.0,1.0
1,2055,0.01,0.03391492440728818,0.05141315451919273,0.17645480891267543,0.17647446643811704,0.42900856983007507,0.1327340758926516
1,2055,0.02,0.03391492440728818,0.05141315451919273,0.17645480891267543,0.17647446643811704,0.42900856983007507,0.1327340758926516
1,2055,0.03,0.03391492440728818,0.05141315451919273,0.17645480891267543,0.17647446643811704,0.42900856983007507,0.1327340758926516
1,2055,0.04,0.0,0.0,0.0,0.0,0.0,1.0
1,2055,0.05,0.0,0.0,0.0,0.0,0.0,1.0
1,2055,0.06,0.0,0.0,0.0,0.0,0.0,1.0
1,2055,0.07,0.0,0.0,0.0,0.0,0.0,1.0
1,2055,0.08,0.0,0.0,0.0,0.0,0.0,1.0
1,2055,0.09,0.0,0.0,0.0,0.0,0.0,1.0
1,2055,0.1,0.0,0.0,0.0,0.0,0.0,1.0
1,2055,0.11,0.0,0.0,0.0,0.0,0.0,1.0
1,2055,0.12,0.0,0.0,0.0,0.0,0.0,1.0
1,2055,0.13,0.0,0.0,0.0,0.0,0.0,1.0
1,2055,0.14,0.0,0.0,0.0,0.0,0.0,1.0
1,2055,0.15,0.0,0.0,0.0,0.0,0.0,1.0
1,2055,0.16,0.0,0.0,0.0,0.0,0.0,1.0
1,2055,0.17,0.0,0.0,0.0,0.0,0.0,1.0
1,2055,0.18,0.0,0.0,0.0,0.0,0.0,1.0
1,2055,0.19,0.0,0.0,0.0,0.0,0.0,1.0
1,2055,0.2,0.0,0.0,0.0,0.0,0.0,1.0
1,2055,0.21,0.0,0.0,0.0,0.0,0.0,1.0
1,2055,0.22,0.0,0.0,0.0,0.0,0.0,1.0
1,2055,0.23,0.0,0.0,0.0,0.0,0.0,1.0
1,2055,0.24,0.0,0.0,0.0,0.0,0.0,1.0
1,2055,0.25,0.0,0.0,0.0,0.0,0.0,1.0
1,2055,0.26,0.0,0.0,0.0,0.0,0.0,1.0
1,2055,0.27,0.0,0.0,0.0,0.0,0.0,1.0
1,2055,0.28,0.0,0.0,0.0,0.0,0.0,1.0
1,2055,0.29,0.0,0.0,0.0,0.0,0.0,1.0
1,2055,0.3,0.0,0.0,0.0,0.0,0.0,1.0
1,2055,0.31,0.0,0.0,0.0,0.0,0.0,1.0
1,2055,0.32,0.0,0.0,0.0,0.0,0.0,1.0
1,2055,0.33,0.0,0.0,0.0,0.0,0.0,1.0
1,2055,0.34,0.0,0.0,0.0,0.0,0.0,1.0
1,2055,0.35000000000000003,0.0,0.0,0.0,0.0,0.0,1.0
1,2055,0.36,0.0,0.0,0.0,0.0,0.0,1.0
1,2055,0.37,0.0,0.0,0.0,0.0,0.0,1.0
1,2055,0.38,0.0,0.0,0.0,0.0,0.0,1.0
1,2055,0.39,0.0,0.0,0.0,0.0,0.0,1.0
1,2055,0.4,0.0,0.0,0.0,0.0,0.0,1.0
1,2055,0.41000000000000003,0.0,0.0,0.0,0.0,0.0,1.0
1,2055,0.42,0.0,0.0,0.0,0.0,0.0,1.0
1,2055,0.43,0.0,0.0,0.0,0.0,0.0,1.0
1,2055,0.44,0.0,0.0,0.0,0.0,0.0,1.0
1,2055,0.45,0.0,0.0,0.0,0.0,0.0,1.0
1,2055,0.46,0.0,0.0,0.0,0.0,0.0,1.0
1,2055,0.47000000000000003,0.0,0.0,0.0,0.0,0.0,1.0
1,2055,0.48,0.0,0.0,0.0,0.0,0.0,1.0
1,2055,0.49,0.0,0.0,0.0,0.0,0.0,1.0
1,2055,0.5,0.0,0.0,0.0,0.0,0.0,1.0
1,2055,0.51,0.0,0.0,0.0,0.0,0.0,1.0
1,2055,0.52,0.0,0.0,0.0,0.0,0.0,1.0
1,2055,0.53,0.0,0.0,0.0,0.0,0.0,1.0
1,2055,0.54,0.0,0.0,0.0,0.0,0.0,1.0
1,2055,0.55,0.0,0.0,0.0,0.0,0.0,1.0
1,2055,0.56,0.0,0.0,0.0,0.0,0.0,1.0
1,2055,0.5700000000000001,0.0,0.0,0.0,0.0,0.0,1.0
1,2055,0.58,0.0,0.0,0.0,0.0,0.0,1.0
1,2055,0.59,0.0,0.0,0.0,0.0,0.0,1.0
1,2055,0.6,0.0,0.0,0.0,0.0,0.0,1.0
1,2055,0.61,0.0,0.0,0.0,0.0,0.0,1.0
1,2055,0.62,0.0,0.0,0.0,0.0,0.0,1.0
1,2055,0.63,0.0,0.0,0.0,0.0,0.0,1.0
1,2055,0.64,0.0,0.0,0.0,0.0,0.0,1.0
1,2055,0.65,0.0,0.0,0.0,0.0,0.0,1.0
1,2055,0.66,0.0,0.0,0.0,0.0,0.0,1.0
1,2055,0.67,0.0,0.0,0.0,0.0,0.0,1.0
1,2055,0.68,0.0,0.0,0.0,0.0,0.0,1.0
1,2055,0.6900000000000001,0.0,0.0,0.0,0.0,0.0,1.0
1,2055,0.7000000000000001,0.0,0.0,0.0,0.0,0.0,1.0
1,2055,0.71,0.0,0.0,0.0,0.0,0.0,1.0
1,2055,0.72,0.0,0.0,0.0,0.0,0.0,1.0
1,2055,0.73,0.0,0.0,0.0,0.0,0.0,1.0
1,2055,0.74,0.0,0.0,0.0,0.0,0.0,1.0
1,2055,0.75,0.0,0.0,0.0,0.0,0.0,1.0
1,2055,0.76,0.0,0.0,0.0,0.0,0.0,1.0
1,2055,0.77,0.0,0.0,0.0,0.0,0.0,1.0
1,2055,0.78,0.0,0.0,0.0,0.0,0.0,1.0
1,2055,0.79,0.0,0.0,0.0,0.0,0.0,1.0
1,2055,0.8,0.0,0.0,0.0,0.0,0.0,1.0
1,2055,0.81,0.0,0.0,0.0,0.0,0.0,1.0
1,2055,0.8200000000000001,0.0,0.0,0.0,0.0,0.0,1.0
1,2055,0.8300000000000001,0.0,0.0,0.0,0.0,0.0,1.0
1,2055,0.84,0.0,0.0,0.0,0.0,0.0,1.0
1,2055,0.85,0.0,0.0,0.0,0.0,0.0,1.0
1,2055,0.86,0.0,0.0,0.0,0.0,0.0,1.0
1,2055,0.87,0.0,0.0,0.0,0.0,0.0,1.0
1,2055,0.88,0.0,0.0,0.0,0.0,0.0,1.0
1,2055,0.89,0.0,0.0,0.0,0.0,0.0,1.0
1,2055,0.9,0.0,0.0,0.0,0.0,0.0,1.0
1,2055,0.91,0.0,0.0,0.0,0.0,0.0,1.0
1,2055,0.92,0.0,0.0,0.0,0.0,0.0,1.0
1,2055,0.93,0.0,0.0,0.0,0.0,0.0,1.0
1,2055,0.9400000000000001,0.0,0.0,0.0,0.0,0.0,1.0
1,2055,0.9500000000000001,0.0,0.0,0.0,0.0,0.0,1.0
1,2055,0.96,0.0,0.0,0.0,0.0,0.0,1.0
1,2055,0.97,0.0,0.0,0.0,0.0,0.0,1.0
1,2055,0.98,0.0,0.0,0.0,0.0,0.0,1.0
1,2055,0.99,0.0,0.0,0.0,0.0,0.0,1.0
1,2055,1.0,0.0,0.0,0.0,0.0,0.0,1.0
1,2056,0.01,0.023293979030675427,0.09055808950723883,0.322916499426739,0.0825776571602016,0.188193762581848,0.2924600122932972
1,2056,0.02,0.023293979030675427,0.09055808950723883,0.322916499426739,0.0825776571602016,0.188193762581848,0.2924600122932972
1,2056,0.03,0.023293979030675427,0.09055808950723883,0.322916499426739,0.0825776571602016,0.188193762581848,0.2924600122932972
1,2056,0.04,0.0,0.0,0.0,0.0,0.0,1.0
1,2056,0.05,0.0,0.0,0.0,0.0,0.0,1.0
1,2056,0.06,0.0,0.0,0.0,0.0,0.0,1.0
1,2056,0.07,0.0,0.0,0.0,0.0,0.0,1.0
1,2056,0.08,0.0,0.0,0.0,0.0,0.0,1.0
1,2056,0.09,0.0,0.0,0.0,0.0,0.0,1.0
1,2056,0.1,0.0,0.0,0.0,0.0,0.0,1.0
1,2056,0.11,0.0,0.0,0.0,0.0,0.0,1.0
1,2056,0.12,0.0,0.0,0.0,0.0,0.0,1.0
1,2056,0.13,0.0,0.0,0.0,0.0,0.0,1.0
1,2056,0.14,0.0,0.0,0.0,0.0,0.0,1.0
1,2056,0.15,0.0,0.0,0.0,0.0,0.0,1.0
1,2056,0.16,0.0,0.0,0.0,0.0,0.0,1.0
1,2056,0.17,0.0,0.0,0.0,0.0,0.0,1.0
1,2056,0.18,0.0,0.0,0.0,0.0,0.0,1.0
1,2056,0.19,0.0,0.0,0.0,0.0,0.0,1.0
1,2056,0.2,0.0,0.0,0.0,0.0,0.0,1.0
1,2056,0.21,0.0,0.0,0.0,0.0,0.0,1.0
1,2056,0.22,0.0,0.0,0.0,0.0,0.0,1.0
1,2056,0.23,0.0,0.0,0.0,0.0,0.0,1.0
1,2056,0.24,0.0,0.0,0.0,0.0,0.0,1.0
1,2056,0.25,0.0,0.0,0.0,0.0,0.0,1.0
1,2056,0.26,0.0,0.0,0.0,0.0,0.0,1.0
1,2056,0.27,0.0,0.0,0.0,0.0,0.0,1.0
1,2056,0.28,0.0,0.0,0.0,0.0,0.0,1.0
1,2056,0.29,0.0,0.0,0.0,0.0,0.0,1.0
1,2056,0.3,0.0,0.0,0.0,0.0,0.0,1.0
1,2056,0.31,0.0,0.0,0.0,0.0,0.0,1.0
1,2056,0.32,0.0,0.0,0.0,0.0,0.0,1.0
1,2056,0.33,0.0,0.0,0.0,0.0,0.0,1.0
1,2056,0.34,0.0,0.0,0.0,0.0,0.0,1.0
1,2056,0.35000000000000003,0.0,0.0,0.0,0.0,0.0,1.0
1,2056,0.36,0.0,0.0,0.0,0.0,0.0,1.0
1,2056,0.37,0.0,0.0,0.0,0.0,0.0,1.0
1,2056,0.38,0.0,0.0,0.0,0.0,0.0,1.0
1,2056,0.39,0.0,0.0,0.0,0.0,0.0,1.0
1,2056,0.4,0.0,0.0,0.0,0.0,0.0,1.0
1,2056,0.41000000000000003,0.0,0.0,0.0,0.0,0.0,1.0
1,2056,0.42,0.0,0.0,0.0,0.0,0.0,1.0
1,2056,0.43,0.0,0.0,0.0,0.0,0.0,1.0
1,2056,0.44,0.0,0.0,0.0,0.0,0.0,1.0
1,2056,0.45,0.0,0.0,0.0,0.0,0.0,1.0
1,2056,0.46,0.0,0.0,0.0,0.0,0.0,1.0
1,2056,0.47000000000000003,0.0,0.0,0.0,0.0,0.0,1.0
1,2056,0.48,0.0,0.0,0.0,0.0,0.0,1.0
1,2056,0.49,0.0,0.0,0.0,0.0,0.0,1.0
1,2056,0.5,0.0,0.0,0.0,0.0,0.0,1.0
1,2056,0.51,0.0,0.0,0.0,0.0,0.0,1.0
1,2056,0.52,0.0,0.0,0.0,0.0,0.0,1.0
1,2056,0.53,0.0,0.0,0.0,0.0,0.0,1.0
1,2056,0.54,0.0,0.0,0.0,0.0,0.0,1.0
1,2056,0.55,0.0,0.0,0.0,0.0,0.0,1.0
1,2056,0.56,0.0,0.0,0.0,0.0,0.0,1.0
1,2056,0.5700000000000001,0.0,0.0,0.0,0.0,0.0,1.0
1,2056,0.58,0.0,0.0,0.0,0.0,0.0,1.0
1,2056,0.59,0.0,0.0,0.0,0.0,0.0,1.0
1,2056,0.6,0.0,0.0,0.0,0.0,0.0,1.0
1,2056,0.61,0.0,0.0,0.0,0.0,0.0,1.0
1,2056,0.62,0.0,0.0,0.0,0.0,0.0,1.0
1,2056,0.63,0.0,0.0,0.0,0.0,0.0,1.0
1,2056,0.64,0.0,0.0,0.0,0.0,0.0,1.0
1,2056,0.65,0.0,0.0,0.0,0.0,0.0,1.0
1,2056,0.66,0.0,0.0,0.0,0.0,0.0,1.0
1,2056,0.67,0.0,0.0,0.0,0.0,0.0,1.0
1,2056,0.68,0.0,0.0,0.0,0.0,0.0,1.0
1,2056,0.6900000000000001,0.0,0.0,0.0,0.0,0.0,1.0
1,2056,0.7000000000000001,0.0,0.0,0.0,0.0,0.0,1.0
1,2056,0.71,0.0,0.0,0.0,0.0,0.0,1.0
1,2056,0.72,0.0,0.0,0.0,0.0,0.0,1.0
1,2056,0.73,0.0,0.0,0.0,0.0,0.0,1.0
1,2056,0.74,0.0,0.0,0.0,0.0,0.0,1.0
1,2056,0.75,0.0,0.0,0.0,0.0,0.0,1.0
1,2056,0.76,0.0,0.0,0.0,0.0,0.0,1.0
1,2056,0.77,0.0,0.0,0.0,0.0,0.0,1.0
1,2056,0.78,0.0,0.0,0.0,0.0,0.0,1.0
1,2056,0.79,0.0,0.0,0.0,0.0,0.0,1.0
1,2056,0.8,0.0,0.0,0.0,0.0,0.0,1.0
1,2056,0.81,0.0,0.0,0.0,0.0,0.0,1.0
1,2056,0.8200000000000001,0.0,0.0,0.0,0.0,0.0,1.0
1,2056,0.8300000000000001,0.0,0.0,0.0,0.0,0.0,1.0
1,2056,0.84,0.0,0.0,0.0,0.0,0.0,1.0
1,2056,0.85,0.0,0.0,0.0,0.0,0.0,1.0
1,2056,0.86,0.0,0.0,0.0,0.0,0.0,1.0
1,2056,0.87,0.0,0.0,0.0,0.0,0.0,1.0
1,2056,0.88,0.0,0.0,0.0,0.0,0.0,1.0
1,2056,0.89,0.0,0.0,0.0,0.0,0.0,1.0
1,2056,0.9,0.0,0.0,0.0,0.0,0.0,1.0
1,2056,0.91,0.0,0.0,0.0,0.0,0.0,1.0
1,2056,0.92,0.0,0.0,0.0,0.0,0.0,1.0
1,2056,0.93,0.0,0.0,0.0,0.0,0.0,1.0
1,2056,0.9400000000000001,0.0,0.0,0.0,0.0,0.0,1.0
1,2056,0.9500000000000001,0.0,0.0,0.0,0.0,0.0,1.0
1,2056,0.96,0.0,0.0,0.0,0.0,0.0,1.0
1,2056,0.97,0.0,0.0,0.0,0.0,0.0,1.0
1,2056,0.98,0.0,0.0,0.0,0.0,0.0,1.0
1,2056,0.99,0.0,0.0,0.0,0.0,0.0,1.0
1,2056,1.0,0.0,0.0,0.0,0.0,0.0,1.0
1,2057,0.01,0.07386831622836808,0.06563213115106334,0.041544303048912594,0.12073460997755714,0.28919297702212915,0.4090276625719697
1,2057,0.02,0.07386831622836808,0.06563213115106334,0.041544303048912594,0.12073460997755714,0.28919297702212915,0.4090276625719697
1,2057,0.03,0.07386831622836808,0.06563213115106334,0.041544303048912594,0.12073460997755714,0.28919297702212915,0.4090276625719697
1,2057,0.04,0.0,0.0,0.0,0.0,0.0,1.0
1,2057,0.05,0.0,0.0,0.0,0.0,0.0,1.0
1,2057,0.06,0.0,0.0,0.0,0.0,0.0,1.0
1,2057,0.07,0.0,0.0,0.0,0.0,0.0,1.0
1,2057,0.08,0.0,0.0,0.0,0.0,0.0,1.0
1,2057,0.09,0.0,0.0,0.0,0.0,0.0,1.0
1,2057,0.1,0.0,0.0,0.0,0.0,0.0,1.0
1,2057,0.11,0.0,0.0,0.0,0.0,0.0,1.0
1,2057,0.12,0.0,0.0,0.0,0.0,0.0,1.0
1,2057,0.13,0.0,0.0,0.0,0.0,0.0,1.0
1,2057,0.14,0.0,0.0,0.0,0.0,0.0,1.0
1,2057,0.15,0.0,0.0,0.0,0.0,0.0,1.0
1,2057,0.16,0.0,0.0,0.0,0.0,0.0,1.0
1,2057,0.17,0.0,0.0,0.0,0.0,0.0,1.0
1,2057,0.18,0.0,0.0,0.0,0.0,0.0,1.0
1,2057,0.19,0.0,0.0,0.0,0.0,0.0,1.0
1,2057,0.2,0.0,0.0,0.0,0.0,0.0,1.0
1,2057,0.21,0.0,0.0,0.0,0.0,0.0,1.0
1,2057,0.22,0.0,0.0,0.0,0.0,0.0,1.0
1,2057,0.23,0.0,0.0,0.0,0.0,0.0,1.0
1,2057,0.24,0.0,0.0,0.0,0.0,0.0,1.0
1,2057,0.25,0.0,0.0,0.0,0.0,0.0,1.0
1,2057,0.26,0.0,0.0,0.0,0.0,0.0,1.0
1,2057,0.27,0.0,0.0,0.0,0.0,0.0,1.0
1,2057,0.28,0.0,0.0,0.0,0.0,0.0,1.0
1,2057,0.29,0.0,0.0,0.0,0.0,0.0,1.0
1,2057,0.3,0.0,0.0,0.0,0.0,0.0,1.0
1,2057,0.31,0.0,0.0,0.0,0.0,0.0,1.0
1,2057,0.32,0.0,0.0,0.0,0.0,0.0,1.0
1,2057,0.33,0.0,0.0,0.0,0.0,0.0,1.0
1,2057,0.34,0.0,0.0,0.0,0.0,0.0,1.0
1,2057,0.35000000000000003,0.0,0.0,0.0,0.0,0.0,1.0
1,2057,0.36,0.0,0.0,0.0,0.0,0.0,1.0
1,2057,0.37,0.0,0.0,0.0,0.0,0.0,1.0
1,2057,0.38,0.0,0.0,0.0,0.0,0.0,1.0
1,2057,0.39,0.0,0.0,0.0,0.0,0.0,1.0
1,2057,0.4,0.0,0.0,0.0,0.0,0.0,1.0
1,2057,0.41000000000000003,0.0,0.0,0.0,0.0,0.0,1.0
1,2057,0.42,0.0,0.0,0.0,0.0,0.0,1.0
1,2057,0.43,0.0,0.0,0.0,0.0,0.0,1.0
1,2057,0.44,0.0,0.0,0.0,0.0,0.0,1.0
1,2057,0.45,0.0,0.0,0.0,0.0,0.0,1.0
1,2057,0.46,0.0,0.0,0.0,0.0,0.0,1.0
1,2057,0.47000000000000003,0.0,0.0,0.0,0.0,0.0,1.0
1,2057,0.48,0.0,0.0,0.0,0.0,0.0,1.0
1,2057,0.49,0.0,0.0,0.0,0.0,0.0,1.0
1,2057,0.5,0.0,0.0,0.0,0.0,0.0,1.0
1,2057,0.51,0.0,0.0,0.0,0.0,0.0,1.0
1,2057,0.52,0.0,0.0,0.0,0.0,0.0,1.0
1,2057,0.53,0.0,0.0,0.0,0.0,0.0,1.0
1,2057,0.54,0.0,0.0,0.0,0.0,0.0,1.0
1,2057,0.55,0.0,0.0,0.0,0.0,0.0,1.0
1,2057,0.56,0.0,0.0,0.0,0.0,0.0,1.0
1,2057,0.5700000000000001,0.0,0.0,0.0,0.0,0.0,1.0
1,2057,0.58,0.0,0.0,0.0,0.0,0.0,1.0
1,2057,0.59,0.0,0.0,0.0,0.0,0.0,1.0
1,2057,0.6,0.0,0.0,0.0,0.0,0.0,1.0
1,2057,0.61,0.0,0.0,0.0,0.0,0.0,1.0
1,2057,0.62,0.0,0.0,0.0,0.0,0.0,1.0
1,2057,0.63,0.0,0.0,0.0,0.0,0.0,1.0
1,2057,0.64,0.0,0.0,0.0,0.0,0.0,1.0
1,2057,0.65,0.0,0.0,0.0,0.0,0.0,1.0
1,2057,0.66,0.0,0.0,0.0,0.0,0.0,1.0
1,2057,0.67,0.0,0.0,0.0,0.0,0.0,1.0
1,2057,0.68,0.0,0.0,0.0,0.0,0.0,1.0
1,2057,0.6900000000000001,0.0,0.0,0.0,0.0,0.0,1.0
1,2057,0.7000000000000001,0.0,0.0,0.0,0.0,0.0,1.0
1,2057,0.71,0.0,0.0,0.0,0.0,0.0,1.0
1,2057,0.72,0.0,0.0,0.0,0.0,0.0,1.0
1,2057,0.73,0.0,0.0,0.0,0.0,0.0,1.0
1,2057,0.74,0.0,0.0,0.0,0.0,0.0,1.0
1,2057,0.75,0.0,0.0,0.0,0.0,0.0,1.0
1,2057,0.76,0.0,0.0,0.0,0.0,0.0,1.0
1,2057,0.77,0.0,0.0,0.0,0.0,0.0,1.0
1,2057,0.78,0.0,0.0,0.0,0.0,0.0,1.0
1,2057,0.79,0.0,0.0,0.0,0.0,0.0,1.0
1,2057,0.8,0.0,0.0,0.0,0.0,0.0,1.0
1,2057,0.81,0.0,0.0,0.0,0.0,0.0,1.0
1,2057,0.8200000000000001,0.0,0.0,0.0,0.0,0.0,1.0
1,2057,0.8300000000000001,0.0,0.0,0.0,0.0,0.0,1.0
1,2057,0.84,0.0,0.0,0.0,0.0,0.0,1.0
1,2057,0.85,0.0,0.0,0.0,0.0,0.0,1.0
1,2057,0.86,0.0,0.0,0.0,0.0,0.0,1.0
1,2057,0.87,0.0,0.0,0.0,0.0,0.0,1.0
1,2057,0.88,0.0,0.0,0.0,0.0,0.0,1.0
1,2057,0.89,0.0,0.0,0.0,0.0,0.0,1.0
1,2057,0.9,0.0,0.0,0.0,0.0,0.0,1.0
1,2057,0.91,0.0,0.0,0.0,0.0,0.0,1.0
1,2057,0.92,0.0,0.0,0.0,0.0,0.0,1.0
1,2057,0.93,0.0,0.0,0.0,0.0,0.0,1.0
1,2057,0.9400000000000001,0.0,0.0,0.0,0.0,0.0,1.0
1,2057,0.9500000000000001,0.0,0.0,0.0,0.0,0.0,1.0
1,2057,0.96,0.0,0.0,0.0,0.0,0.0,1.0
1,2057,0.97,0.0,0.0,0.0,0.0,0.0,1.0
1,2057,0.98,0.0,0.0,0.0,0.0,0.0,1.0
1,2057,0.99,0.0,0.0,0.0,0.0,0.0,1.0
1,2057,1.0,0.0,0.0,0.0,0.0,0.0,1.0
1,2058,0.01,0.06249469038956708,0.3513505590023735,0.2541420862036347,0.19528059844496623,0.04529061911168991,0.0914414468477687
1,2058,0.02,0.06249469038956708,0.3513505590023735,0.2541420862036347,0.19528059844496623,0.04529061911168991,0.0914414468477687
1,2058,0.03,0.06249469038956708,0.3513505590023735,0.2541420862036347,0.19528059844496623,0.04529061911168991,0.0914414468477687
1,2058,0.04,0.06249469038956708,0.3513505590023735,0.2541420862036347,0.19528059844496623,0.04529061911168991,0.0914414468477687
1,2058,0.05,0.0,0.0,0.0,0.0,0.0,1.0
1,2058,0.06,0.0,0.0,0.0,0.0,0.0,1.0
1,2058,0.07,0.0,0.0,0.0,0.0,0.0,1.0
1,2058,0.08,0.0,0.0,0.0,0.0,0.0,1.0
1,2058,0.09,0.0,0.0,0.0,0.0,0.0,1.0
1,2058,0.1,0.0,0.0,0.0,0.0,0.0,1.0
1,2058,0.11,0.0,0.0,0.0,0.0,0.0,1.0
1,2058,0.12,0.0,0.0,0.0,0.0,0.0,1.0
1,2058,0.13,0.0,0.0,0.0,0.0,0.0,1.0
1,2058,0.14,0.0,0.0,0.0,0.0,0.0,1.0
1,2058,0.15,0.0,0.0,0.0,0.0,0.0,1.0
1,2058,0.16,0.0,0.0,0.0,0.0,0.0,1.0
1,2058,0.17,0.0,0.0,0.0,0.0,0.0,1.0
1,2058,0.18,0.0,0.0,0.0,0.0,0.0,1.0
1,2058,0.19,0.0,0.0,0.0,0.0,0.0,1.0
1,2058,0.2,0.0,0.0,0.0,0.0,0.0,1.0
1,2058,0.21,0.0,0.0,0.0,0.0,0.0,1.0
1,2058,0.22,0.0,0.0,0.0,0.0,0.0,1.0
1,2058,0.23,0.0,0.0,0.0,0.0,0.0,1.0
1,2058,0.24,0.0,0.0,0.0,0.0,0.0,1.0
1,2058,0.25,0.0,0.0,0.0,0.0,0.0,1.0
1,2058,0.26,0.0,0.0,0.0,0.0,0.0,1.0
1,2058,0.27,0.0,0.0,0.0,0.0,0.0,1.0
1,2058,0.28,0.0,0.0,0.0,0.0,0.0,1.0
1,2058,0.29,0.0,0.0,0.0,0.0,0.0,1.0
1,2058,0.3,0.0,0.0,0.0,0.0,0.0,1.0
1,2058,0.31,0.0,0.0,0.0,0.0,0.0,1.0
1,2058,0.32,0.0,0.0,0.0,0.0,0.0,1.0
1,2058,0.33,0.0,0.0,0.0,0.0,0.0,1.0
1,2058,0.34,0.0,0.0,0.0,0.0,0.0,1.0
1,2058,0.35000000000000003,0.0,0.0,0.0,0.0,0.0,1.0
1,2058,0.36,0.0,0.0,0.0,0.0,0.0,1.0
1,2058,0.37,0.0,0.0,0.0,0.0,0.0,1.0
1,2058,0.38,0.0,0.0,0.0,0.0,0.0,1.0
1,2058,0.39,0.0,0.0,0.0,0.0,0.0,1.0
1,2058,0.4,0.0,0.0,0.0,0.0,0.0,1.0
1,2058,0.41000000000000003,0.0,0.0,0.0,0.0,0.0,1.0
1,2058,0.42,0.0,0.0,0.0,0.0,0.0,1.0
1,2058,0.43,0.0,0.0,0.0,0.0,0.0,1.0
1,2058,0.44,0.0,0.0,0.0,0.0,0.0,1.0
1,2058,0.45,0.0,0.0,0.0,0.0,0.0,1.0
1,2058,0.46,0.0,0.0,0.0,0.0,0.0,1.0
1,2058,0.47000000000000003,0.0,0.0,0.0,0.0,0.0,1.0
1,2058,0.48,0.0,0.0,0.0,0.0,0.0,1.0
1,2058,0.49,0.0,0.0,0.0,0.0,0.0,1.0
1,2058,0.5,0.0,0.0,0.0,0.0,0.0,1.0
1,2058,0.51,0.0,0.0,0.0,0.0,0.0,1.0
1,2058,0.52,0.0,0.0,0.0,0.0,0.0,1.0
1,2058,0.53,0.0,0.0,0.0,0.0,0.0,1.0
1,2058,0.54,0.0,0.0,0.0,0.0,0.0,1.0
1,2058,0.55,0.0,0.0,0.0,0.0,0.0,1.0
1,2058,0.56,0.0,0.0,0.0,0.0,0.0,1.0
1,2058,0.5700000000000001,0.0,0.0,0.0,0.0,0.0,1.0
1,2058,0.58,0.0,0.0,0.0,0.0,0.0,1.0
1,2058,0.59,0.0,0.0,0.0,0.0,0.0,1.0
1,2058,0.6,0.0,0.0,0.0,0.0,0.0,1.0
1,2058,0.61,0.0,0.0,0.0,0.0,0.0,1.0
1,2058,0.62,0.0,0.0,0.0,0.0,0.0,1.0
1,2058,0.63,0.0,0.0,0.0,0.0,0.0,1.0
1,2058,0.64,0.0,0.0,0.0,0.0,0.0,1.0
1,2058,0.65,0.0,0.0,0.0,0.0,0.0,1.0
1,2058,0.66,0.0,0.0,0.0,0.0,0.0,1.0
1,2058,0.67,0.0,0.0,0.0,0.0,0.0,1.0
1,2058,0.68,0.0,0.0,0.0,0.0,0.0,1.0
1,2058,0.6900000000000001,0.0,0.0,0.0,0.0,0.0,1.0
1,2058,0.7000000000000001,0.0,0.0,0.0,0.0,0.0,1.0
1,2058,0.71,0.0,0.0,0.0,0.0,0.0,1.0
1,2058,0.72,0.0,0.0,0.0,0.0,0.0,1.0
1,2058,0.73,0.0,0.0,0.0,0.0,0.0,1.0
1,2058,0.74,0.0,0.0,0.0,0.0,0.0,1.0
1,2058,0.75,0.0,0.0,0.0,0.0,0.0,1.0
1,2058,0.76,0.0,0.0,0.0,0.0,0.0,1.0
1,2058,0.77,0.0,0.0,0.0,0.0,0.0,1.0
1,2058,0.78,0.0,0.0,0.0,0.0,0.0,1.0
1,2058,0.79,0.0,0.0,0.0,0.0,0.0,1.0
1,2058,0.8,0.0,0.0,0.0,0.0,0.0,1.0
1,2058,0.81,0.0,0.0,0.0,0.0,0.0,1.0
1,2058,0.8200000000000001,0.0,0.0,0.0,0.0,0.0,1.0
1,2058,0.8300000000000001,0.0,0.0,0.0,0.0,0.0,1.0
1,2058,0.84,0.0,0.0,0.0,0.0,0.0,1.0
1,2058,0.85,0.0,0.0,0.0,0.0,0.0,1.0
1,2058,0.86,0.0,0.0,0.0,0.0,0.0,1.0
1,2058,0.87,0.0,0.0,0.0,0.0,0.0,1.0
1,2058,0.88,0.0,0.0,0.0,0.0,0.0,1.0
1,2058,0.89,0.0,0.0,0.0,0.0,0.0,1.0
1,2058,0.9,0.0,0.0,0.0,0.0,0.0,1.0
1,2058,0.91,0.0,0.0,0.0,0.0,0.0,1.0
1,2058,0.92,0.0,0.0,0.0,0.0,0.0,1.0
1,2058,0.93,0.0,0.0,0.0,0.0,0.0,1.0
1,2058,0.9400000000000001,0.0,0.0,0.0,0.0,0.0,1.0
1,2058,0.9500000000000001,0.0,0.0,0.0,0.0,0.0,1.0
1,2058,0.96,0.0,0.0,0.0,0.0,0.0,1.0
1,2058,0.97,0.0,0.0,0.0,0.0,0.0,1.0
1,2058,0.98,0.0,0.0,0.0,0.0,0.0,1.0
1,2058,0.99,0.0,0.0,0.0,0.0,0.0,1.0
1,2058,1.0,0.0,0.0,0.0,0.0,0.0,1.0
1,2059,0.01,0.04720264032939496,0.2182252285295495,0.0458107897695056,0.29759563645652926,0.17042522661929238,0.2207404782957283
1,2059,0.02,0.04720264032939496,0.2182252285295495,0.0458107897695056,0.29759563645652926,0.17042522661929238,0.2207404782957283
1,2059,0.03,0.04720264032939496,0.2182252285295495,0.0458107897695056,0.29759563645652926,0.17042522661929238,0.2207404782957283
1,2059,0.04,0.0,0.0,0.0,0.0,0.0,1.0
1,2059,0.05,0.0,0.0,0.0,0.0,0.0,1.0
1,2059,0.06,0.0,0.0,0.0,0.0,0.0,1.0
1,2059,0.07,0.0,0.0,0.0,0.0,0.0,1.0
1,2059,0.08,0.0,0.0,0.0,0.0,0.0,1.0
1,2059,0.09,0.0,0.0,0.0,0.0,0.0,1.0
1,2059,0.1,0.0,0.0,0.0,0.0,0.0,1.0
1,2059,0.11,0.0,0.0,0.0,0.0,0.0,1.0
1,2059,0.12,0.0,0.0,0.0,0.0,0.0,1.0
1,2059,0.13,0.0,0.0,0.0,0.0,0.0,1.0
1,2059,0.14,0.0,0.0,0.0,0.0,0.0,1.0
1,2059,0.15,0.0,0.0,0.0,0.0,0.0,1.0
1,2059,0.16,0.0,0.0,0.0,0.0,0.0,1.0
1,2059,0.17,0.0,0.0,0.0,0.0,0.0,1.0
1,2059,0.18,0.0,0.0,0.0,0.0,0.0,1.0
1,2059,0.19,0.0,0.0,0.0,0.0,0.0,1.0
1,2059,0.2,0.0,0.0,0.0,0.0,0.0,1.0
1,2059,0.21,0.0,0.0,0.0,0.0,0.0,1.0
1,2059,0.22,0.0,0.0,0.0,0.0,0.0,1.0
1,2059,0.23,0.0,0.0,0.0,0.0,0.0,1.0
1,2059,0.24,0.0,0.0,0.0,0.0,0.0,1.0
1,2059,0.25,0.0,0.0,0.0,0.0,0.0,1.0
1,2059,0.26,0.0,0.0,0.0,0.0,0.0,1.0
1,2059,0.27,0.0,0.0,0.0,0.0,0.0,1.0
1,2059,0.28,0.0,0.0,0.0,0.0,0.0,1.0
1,2059,0.29,0.0,0.0,0.0,0.0,0.0,1.0
1,2059,0.3,0.0,0.0,0.0,0.0,0.0,1.0
1,2059,0.31,0.0,0.0,0.0,0.0,0.0,1.0
1,2059,0.32,0.0,0.0,0.0,0.0,0.0,1.0
1,2059,0.33,0.0,0.0,0.0,0.0,0.0,1.0
1,2059,0.34,0.0,0.0,0.0,0.0,0.0,1.0
1,2059,0.35000000000000003,0.0,0.0,0.0,0.0,0.0,1.0
1,2059,0.36,0.0,0.0,0.0,0.0,0.0,1.0
1,2059,0.37,0.0,0.0,0.0,0.0,0.0,1.0
1,2059,0.38,0.0,0.0,0.0,0.0,0.0,1.0
1,2059,0.39,0.0,0.0,0.0,0.0,0.0,1.0
1,2059,0.4,0.0,0.0,0.0,0.0,0.0,1.0
1,2059,0.41000000000000003,0.0,0.0,0.0,0.0,0.0,1.0
1,2059,0.42,0.0,0.0,0.0,0.0,0.0,1.0
1,2059,0.43,0.0,0.0,0.0,0.0,0.0,1.0
1,2059,0.44,0.0,0.0,0.0,0.0,0.0,1.0
1,2059,0.45,0.0,0.0,0.0,0.0,0.0,1.0
1,2059,0.46,0.0,0.0,0.0,0.0,0.0,1.0
1,2059,0.47000000000000003,0.0,0.0,0.0,0.0,0.0,1.0
1,2059,0.48,0.0,0.0,0.0,0.0,0.0,1.0
1,2059,0.49,0.0,0.0,0.0,0.0,0.0,1.0
1,2059,0.5,0.0,0.0,0.0,0.0,0.0,1.0
1,2059,0.51,0.0,0.0,0.0,0.0,0.0,1.0
1,2059,0.52,0.0,0.0,0.0,0.0,0.0,1.0
1,2059,0.53,0.0,0.0,0.0,0.0,0.0,1.0
1,2059,0.54,0.0,0.0,0.0,0.0,0.0,1.0
1,2059,0.55,0.0,0.0,0.0,0.0,0.0,1.0
1,2059,0.56,0.0,0.0,0.0,0.0,0.0,1.0
1,2059,0.5700000000000001,0.0,0.0,0.0,0.0,0.0,1.0
1,2059,0.58,0.0,0.0,0.0,0.0,0.0,1.0
1,2059,0.59,0.0,0.0,0.0,0.0,0.0,1.0
1,2059,0.6,0.0,0.0,0.0,0.0,0.0,1.0
1,2059,0.61,0.0,0.0,0.0,0.0,0.0,1.0
1,2059,0.62,0.0,0.0,0.0,0.0,0.0,1.0
1,2059,0.63,0.0,0.0,0.0,0.0,0.0,1.0
1,2059,0.64,0.0,0.0,0.0,0.0,0.0,1.0
1,2059,0.65,0.0,0.0,0.0,0.0,0.0,1.0
1,2059,0.66,0.0,0.0,0.0,0.0,0.0,1.0
1,2059,0.67,0.0,0.0,0.0,0.0,0.0,1.0
1,2059,0.68,0.0,0.0,0.0,0.0,0.0,1.0
1,2059,0.6900000000000001,0.0,0.0,0.0,0.0,0.0,1.0
1,2059,0.7000000000000001,0.0,0.0,0.0,0.0,0.0,1.0
1,2059,0.71,0.0,0.0,0.0,0.0,0.0,1.0
1,2059,0.72,0.0,0.0,0.0,0.0,0.0,1.0
1,2059,0.73,0.0,0.0,0.0,0.0,0.0,1.0
1,2059,0.74,0.0,0.0,0.0,0.0,0.0,1.0
1,2059,0.75,0.0,0.0,0.0,0.0,0.0,1.0
1,2059,0.76,0.0,0.0,0.0,0.0,0.0,1.0
1,2059,0.77,0.0,0.0,0.0,0.0,0.0,1.0
1,2059,0.78,0.0,0.0,0.0,0.0,0.0,1.0
1,2059,0.79,0.0,0.0,0.0,0.0,0.0,1.0
1,2059,0.8,0.0,0.0,0.0,0.0,0.0,1.0
1,2059,0.81,0.0,0.0,0.0,0.0,0.0,1.0
1,2059,0.8200000000000001,0.0,0.0,0.0,0.0,0.0,1.0
1,2059,0.8300000000000001,0.0,0.0,0.0,0.0,0.0,1.0
1,2059,0.84,0.0,0.0,0.0,0.0,0.0,1.0
1,2059,0.85,0.0,0.0,0.0,0.0,0.0,1.0
1,2059,0.86,0.0,0.0,0.0,0.0,0.0,1.0
1,2059,0.87,0.0,0.0,0.0,0.0,0.0,1.0
1,2059,0.88,0.0,0.0,0.0,0.0,0.0,1.0
1,2059,0.89,0.0,0.0,0.0,0.0,0.0,1.0
1,2059,0.9,0.0,0.0,0.0,0.0,0.0,1.0
1,2059,0.91,0.0,0.0,0.0,0.0,0.0,1.0
1,2059,0.92,0.0,0.0,0.0,0.0,0.0,1.0
1,2059,0.93,0.0,0.0,0.0,0.0,0.0,1.0
1,2059,0.9400000000000001,0.0,0.0,0.0,0.0,0.0,1.0
1,2059,0.9500000000000001,0.0,0.0,0.0,0.0,0.0,1.0
1,2059,0.96,0.0,0.0,0.0,0.0,0.0,1.0
1,2059,0.97,0.0,0.0,0.0,0.0,0.0,1.0
1,2059,0.98,0.0,0.0,0.0,0.0,0.0,1.0
1,2059,0.99,0.0,0.0,0.0,0.0,0.0,1.0
1,2059,1.0,0.0,0.0,0.0,0.0,0.0,1.0
1,2060,0.01,0.059559719567292835,0.3199697236689678,0.07451114848923639,0.29746422714615844,0.15399987189371753,0.09449530923462705
1,2060,0.02,0.059559719567292835,0.3199697236689678,0.07451114848923639,0.29746422714615844,0.15399987189371753,0.09449530923462705
1,2060,0.03,0.059559719567292835,0.3199697236689678,0.07451114848923639,0.29746422714615844,0.15399987189371753,0.09449530923462705
1,2060,0.04,0.0,0.0,0.0,0.0,0.0,1.0
1,2060,0.05,0.0,0.0,0.0,0.0,0.0,1.0
1,2060,0.06,0.0,0.0,0.0,0.0,0.0,1.0
1,2060,0.07,0.0,0.0,0.0,0.0,0.0,1.0
1,2060,0.08,0.0,0.0,0.0,0.0,0.0,1.0
1,2060,0.09,0.0,0.0,0.0,0.0,0.0,1.0
1,2060,0.1,0.0,0.0,0.0,0.0,0.0,1.0
1,2060,0.11,0.0,0.0,0.0,0.0,0.0,1.0
1,2060,0.12,0.0,0.0,0.0,0.0,0.0,1.0
1,2060,0.13,0.0,0.0,0.0,0.0,0.0,1.0
1,2060,0.14,0.0,0.0,0.0,0.0,0.0,1.0
1,2060,0.15,0.0,0.0,0.0,0.0,0.0,1.0
1,2060,0.16,0.0,0.0,0.0,0.0,0.0,1.0
1,2060,0.17,0.0,0.0,0.0,0.0,0.0,1.0
1,2060,0.18,0.0,0.0,0.0,0.0,0.0,1.0
1,2060,0.19,0.0,0.0,0.0,0.0,0.0,1.0
1,2060,0.2,0.0,0.0,0.0,0.0,0.0,1.0
1,2060,0.21,0.0,0.0,0.0,0.0,0.0,1.0
1,2060,0.22,0.0,0.0,0.0,0.0,0.0,1.0
1,2060,0.23,0.0,0.0,0.0,0.0,0.0,1.0
1,2060,0.24,0.0,0.0,0.0,0.0,0.0,1.0
1,2060,0.25,0.0,0.0,0.0,0.0,0.0,1.0
1,2060,0.26,0.0,0.0,0.0,0.0,0.0,1.0
1,2060,0.27,0.0,0.0,0.0,0.0,0.0,1.0
1,2060,0.28,0.0,0.0,0.0,0.0,0.0,1.0
1,2060,0.29,0.0,0.0,0.0,0.0,0.0,1.0
1,2060,0.3,0.0,0.0,0.0,0.0,0.0,1.0
1,2060,0.31,0.0,0.0,0.0,0.0,0.0,1.0
1,2060,0.32,0.0,0.0,0.0,0.0,0.0,1.0
1,2060,0.33,0.0,0.0,0.0,0.0,0.0,1.0
1,2060,0.34,0.0,0.0,0.0,0.0,0.0,1.0
1,2060,0.35000000000000003,0.0,0.0,0.0,0.0,0.0,1.0
1,2060,0.36,0.0,0.0,0.0,0.0,0.0,1.0
1,2060,0.37,0.0,0.0,0.0,0.0,0.0,1.0
1,2060,0.38,0.0,0.0,0.0,0.0,0.0,1.0
1,2060,0.39,0.0,0.0,0.0,0.0,0.0,1.0
1,2060,0.4,0.0,0.0,0.0,0.0,0.0,1.0
1,2060,0.41000000000000003,0.0,0.0,0.0,0.0,0.0,1.0
1,2060,0.42,0.0,0.0,0.0,0.0,0.0,1.0
1,2060,0.43,0.0,0.0,0.0,0.0,0.0,1.0
1,2060,0.44,0.0,0.0,0.0,0.0,0.0,1.0
1,2060,0.45,0.0,0.0,0.0,0.0,0.0,1.0
1,2060,0.46,0.0,0.0,0.0,0.0,0.0,1.0
1,2060,0.47000000000000003,0.0,0.0,0.0,0.0,0.0,1.0
1,2060,0.48,0.0,0.0,0.0,0.0,0.0,1.0
1,2060,0.49,0.0,0.0,0.0,0.0,0.0,1.0
1,2060,0.5,0.0,0.0,0.0,0.0,0.0,1.0
1,2060,0.51,0.0,0.0,0.0,0.0,0.0,1.0
1,2060,0.52,0.0,0.0,0.0,0.0,0.0,1.0
1,2060,0.53,0.0,0.0,0.0,0.0,0.0,1.0
1,2060,0.54,0.0,0.0,0.0,0.0,0.0,1.0
1,2060,0.55,0.0,0.0,0.0,0.0,0.0,1.0
1,2060,0.56,0.0,0.0,0.0,0.0,0.0,1.0
1,2060,0.5700000000000001,0.0,0.0,0.0,0.0,0.0,1.0
1,2060,0.58,0.0,0.0,0.0,0.0,0.0,1.0
1,2060,0.59,0.0,0.0,0.0,0.0,0.0,1.0
1,2060,0.6,0.0,0.0,0.0,0.0,0.0,1.0
1,2060,0.61,0.0,0.0,0.0,0.0,0.0,1.0
1,2060,0.62,0.0,0.0,0.0,0.0,0.0,1.0
1,2060,0.63,0.0,0.0,0.0,0.0,0.0,1.0
1,2060,0.64,0.0,0.0,0.0,0.0,0.0,1.0
1,2060,0.65,0.0,0.0,0.0,0.0,0.0,1.0
1,2060,0.66,0.0,0.0,0.0,0.0,0.0,1.0
1,2060,0.67,0.0,0.0,0.0,0.0,0.0,1.0
1,2060,0.68,0.0,0.0,0.0,0.0,0.0,1.0
1,2060,0.6900000000000001,0.0,0.0,0.0,0.0,0.0,1.0
1,2060,0.7000000000000001,0.0,0.0,0.0,0.0,0.0,1.0
1,2060,0.71,0.0,0.0,0.0,0.0,0.0,1.0
1,2060,0.72,0.0,0.0,0.0,0.0,0.0,1.0
1,2060,0.73,0.0,0.0,0.0,0.0,0.0,1.0
1,2060,0.74,0.0,0.0,0.0,0.0,0.0,1.0
1,2060,0.75,0.0,0.0,0.0,0.0,0.0,1.0
1,2060,0.76,0.0,0.0,0.0,0.0,0.0,1.0
1,2060,0.77,0.0,0.0,0.0,0.0,0.0,1.0
1,2060,0.78,0.0,0.0,0.0,0.0,0.0,1.0
1,2060,0.79,0.0,0.0,0.0,0.0,0.0,1.0
1,2060,0.8,0.0,0.0,0.0,0.0,0.0,1.0
1,2060,0.81,0.0,0.0,0.0,0.0,0.0,1.0
1,2060,0.8200000000000001,0.0,0.0,0.0,0.0,0.0,1.0
1,2060,0.8300000000000001,0.0,0.0,0.0,0.0,0.0,1.0
1,2060,0.84,0.0,0.0,0.0,0.0,0.0,1.0
1,2060,0.85,0.0,0.0,0.0,0.0,0.0,1.0
1,2060,0.86,0.0,0.0,0.0,0.0,0.0,1.0
1,2060,0.87,0.0,0.0,0.0,0.0,0.0,1.0
1,2060,0.88,0.0,0.0,0.0,0.0,0.0,1.0
1,2060,0.89,0.0,0.0,0.0,0.0,0.0,1.0
1,2060,0.9,0.0,0.0,0.0,0.0,0.0,1.0
1,2060,0.91,0.0,0.0,0.0,0.0,0.0,1.0
1,2060,0.92,0.0,0.0,0.0,0.0,0.0,1.0
1,2060,0.93,0.0,0.0,0.0,0.0,0.0,1.0
1,2060,0.9400000000000001,0.0,0.0,0.0,0.0,0.0,1.0
1,2060,0.9500000000000001,0.0,0.0,0.0,0.0,0.0,1.0
1,2060,0.96,0.0,0.0,0.0,0.0,0.0,1.0
1,2060,0.97,0.0,0.0,0.0,0.0,0.0,1.0
1,2060,0.98,0.0,0.0,0.0,0.0,0.0,1.0
1,2060,0.99,0.0,0.0,0.0,0.0,0.0,1.0
1,2060,1.0,0.0,0.0,0.0,0.0,0.0,1.0
1,2061,0.01,0.1196405171743985,0.0398313900226462,0.29581886358879067,0.13570028292414266,0.08945130009092114,0.3195576461991008
1,2061,0.02,0.1196405171743985,0.0398313900226462,0.29581886358879067,0.13570028292414266,0.08945130009092114,0.3195576461991008
1,2061,0.03,0.0,0.0,0.0,0.0,0.0,1.0
1,2061,0.04,0.0,0.0,0.0,0.0,0.0,1.0
1,2061,0.05,0.0,0.0,0.0,0.0,0.0,1.0
1,2061,0.06,0.0,0.0,0.0,0.0,0.0,1.0
1,2061,0.07,0.0,0.0,0.0,0.0,0.0,1.0
1,2061,0.08,0.0,0.0,0.0,0.0,0.0,1.0
1,2061,0.09,0.0,0.0,0.0,0.0,0.0,1.0
1,2061,0.1,0.0,0.0,0.0,0.0,0.0,1.0
1,2061,0.11,0.0,0.0,0.0,0.0,0.0,1.0
1,2061,0.12,0.0,0.0,0.0,0.0,0.0,1.0
1,2061,0.13,0.0,0.0,0.0,0.0,0.0,1.0
1,2061,0.14,0.0,0.0,0.0,0.0,0.0,1.0
1,2061,0.15,0.0,0.0,0.0,0.0,0.0,1.0
1,2061,0.16,0.0,0.0,0.0,0.0,0.0,1.0
1,2061,0.17,0.0,0.0,0.0,0.0,0.0,1.0
1,2061,0.18,0.0,0.0,0.0,0.0,0.0,1.0
1,2061,0.19,0.0,0.0,0.0,0.0,0.0,1.0
1,2061,0.2,0.0,0.0,0.0,0.0,0.0,1.0
1,2061,0.21,0.0,0.0,0.0,0.0,0.0,1.0
1,2061,0.22,0.0,0.0,0.0,0.0,0.0,1.0
1,2061,0.23,0.0,0.0,0.0,0.0,0.0,1.0
1,2061,0.24,0.0,0.0,0.0,0.0,0.0,1.0
1,2061,0.25,0.0,0.0,0.0,0.0,0.0,1.0
1,2061,0.26,0.0,0.0,0.0,0.0,0.0,1.0
1,2061,0.27,0.0,0.0,0.0,0.0,0.0,1.0
1,2061,0.28,0.0,0.0,0.0,0.0,0.0,1.0
1,2061,0.29,0.0,0.0,0.0,0.0,0.0,1.0
1,2061,0.3,0.0,0.0,0.0,0.0,0.0,1.0
1,2061,0.31,0.0,0.0,0.0,0.0,0.0,1.0
1,2061,0.32,0.0,0.0,0.0,0.0,0.0,1.0
1,2061,0.33,0.0,0.0,0.0,0.0,0.0,1.0
1,2061,0.34,0.0,0.0,0.0,0.0,0.0,1.0
1,2061,0.35000000000000003,0.0,0.0,0.0,0.0,0.0,1.0
1,2061,0.36,0.0,0.0,0.0,0.0,0.0,1.0
1,2061,0.37,0.0,0.0,0.0,0.0,0.0,1.0
1,2061,0.38,0.0,0.0,0.0,0.0,0.0,1.0
1,2061,0.39,0.0,0.0,0.0,0.0,0.0,1.0
1,2061,0.4,0.0,0.0,0.0,0.0,0.0,1.0
1,2061,0.41000000000000003,0.0,0.0,0.0,0.0,0.0,1.0
1,2061,0.42,0.0,0.0,0.0,0.0,0.0,1.0
1,2061,0.43,0.0,0.0,0.0,0.0,0.0,1.0
1,2061,0.44,0.0,0.0,0.0,0.0,0.0,1.0
1,2061,0.45,0.0,0.0,0.0,0.0,0.0,1.0
1,2061,0.46,0.0,0.0,0.0,0.0,0.0,1.0
1,2061,0.47000000000000003,0.0,0.0,0.0,0.0,0.0,1.0
1,2061,0.48,0.0,0.0,0.0,0.0,0.0,1.0
1,2061,0.49,0.0,0.0,0.0,0.0,0.0,1.0
1,2061,0.5,0.0,0.0,0.0,0.0,0.0,1.0
1,2061,0.51,0.0,0.0,0.0,0.0,0.0,1.0
1,2061,0.52,0.0,0.0,0.0,0.0,0.0,1.0
1,2061,0.53,0.0,0.0,0.0,0.0,0.0,1.0
1,2061,0.54,0.0,0.0,0.0,0.0,0.0,1.0
1,2061,0.55,0.0,0.0,0.0,0.0,0.0,1.0
1,2061,0.56,0.0,0.0,0.0,0.0,0.0,1.0
1,2061,0.5700000000000001,0.0,0.0,0.0,0.0,0.0,1.0
1,2061,0.58,0.0,0.0,0.0,0.0,0.0,1.0
1,2061,0.59,0.0,0.0,0.0,0.0,0.0,1.0
1,2061,0.6,0.0,0.0,0.0,0.0,0.0,1.0
1,2061,0.61,0.0,0.0,0.0,0.0,0.0,1.0
1,2061,0.62,0.0,0.0,0.0,0.0,0.0,1.0
1,2061,0.63,0.0,0.0,0.0,0.0,0.0,1.0
1,2061,0.64,0.0,0.0,0.0,0.0,0.0,1.0
1,2061,0.65,0.0,0.0,0.0,0.0,0.0,1.0
1,2061,0.66,0.0,0.0,0.0,0.0,0.0,1.0
1,2061,0.67,0.0,0.0,0.0,0.0,0.0,1.0
1,2061,0.68,0.0,0.0,0.0,0.0,0.0,1.0
1,2061,0.6900000000000001,0.0,0.0,0.0,0.0,0.0,1.0
1,2061,0.7000000000000001,0.0,0.0,0.0,0.0,0.0,1.0
1,2061,0.71,0.0,0.0,0.0,0.0,0.0,1.0
1,2061,0.72,0.0,0.0,0.0,0.0,0.0,1.0
1,2061,0.73,0.0,0.0,0.0,0.0,0.0,1.0
1,2061,0.74,0.0,0.0,0.0,0.0,0.0,1.0
1,2061,0.75,0.0,0.0,0.0,0.0,0.0,1.0
1,2061,0.76,0.0,0.0,0.0,0.0,0.0,1.0
1,2061,0.77,0.0,0.0,0.0,0.0,0.0,1.0
1,2061,0.78,0.0,0.0,0.0,0.0,0.0,1.0
1,2061,0.79,0.0,0.0,0.0,0.0,0.0,1.0
1,2061,0.8,0.0,0.0,0.0,0.0,0.0,1.0
1,2061,0.81,0.0,0.0,0.0,0.0,0.0,1.0
1,2061,0.8200000000000001,0.0,0.0,0.0,0.0,0.0,1.0
1,2061,0.8300000000000001,0.0,0.0,0.0,0.0,0.0,1.0
1,2061,0.84,0.0,0.0,0.0,0.0,0.0,1.0
1,2061,0.85,0.0,0.0,0.0,0.0,0.0,1.0
1,2061,0.86,0.0,0.0,0.0,0.0,0.0,1.0
1,2061,0.87,0.0,0.0,0.0,0.0,0.0,1.0
1,2061,0.88,0.0,0.0,0.0,0.0,0.0,1.0
1,2061,0.89,0.0,0.0,0.0,0.0,0.0,1.0
1,2061,0.9,0.0,0.0,0.0,0.0,0.0,1.0
1,2061,0.91,0.0,0.0,0.0,0.0,0.0,1.0
1,2061,0.92,0.0,0.0,0.0,0.0,0.0,1.0
1,2061,0.93,0.0,0.0,0.0,0.0,0.0,1.0
1,2061,0.9400000000000001,0.0,0.0,0.0,0.0,0.0,1.0
1,2061,0.9500000000000001,0.0,0.0,0.0,0.0,0.0,1.0
1,2061,0.96,0.0,0.0,0.0,0.0,0.0,1.0
1,2061,0.97,0.0,0.0,0.0,0.0,0.0,1.0
1,2061,0.98,0.0,0.0,0.0,0.0,0.0,1.0
1,2061,0.99,0.0,0.0,0.0,0.0,0.0,1.0
1,2061,1.0,0.0,0.0,0.0,0.0,0.0,1.0
1,2062,0.01,0.07783235843358904,0.17626308123768547,0.2257339262665605,0.23413489778859242,0.056949017737991735,0.22908671853558077
1,2062,0.02,0.07783235843358904,0.17626308123768547,0.2257339262665605,0.23413489778859242,0.056949017737991735,0.22908671853558077
1,2062,0.03,0.0,0.0,0.0,0.0,0.0,1.0
1,2062,0.04,0.0,0.0,0.0,0.0,0.0,1.0
1,2062,0.05,0.0,0.0,0.0,0.0,0.0,1.0
1,2062,0.06,0.0,0.0,0.0,0.0,0.0,1.0
1,2062,0.07,0.0,0.0,0.0,0.0,0.0,1.0
1,2062,0.08,0.0,0.0,0.0,0.0,0.0,1.0
1,2062,0.09,0.0,0.0,0.0,0.0,0.0,1.0
1,2062,0.1,0.0,0.0,0.0,0.0,0.0,1.0
1,2062,0.11,0.0,0.0,0.0,0.0,0.0,1.0
1,2062,0.12,0.0,0.0,0.0,0.0,0.0,1.0
1,2062,0.13,0.0,0.0,0.0,0.0,0.0,1.0
1,2062,0.14,0.0,0.0,0.0,0.0,0.0,1.0
1,2062,0.15,0.0,0.0,0.0,0.0,0.0,1.0
1,2062,0.16,0.0,0.0,0.0,0.0,0.0,1.0
1,2062,0.17,0.0,0.0,0.0,0.0,0.0,1.0
1,2062,0.18,0.0,0.0,0.0,0.0,0.0,1.0
1,2062,0.19,0.0,0.0,0.0,0.0,0.0,1.0
1,2062,0.2,0.0,0.0,0.0,0.0,0.0,1.0
1,2062,0.21,0.0,0.0,0.0,0.0,0.0,1.0
1,2062,0.22,0.0,0.0,0.0,0.0,0.0,1.0
1,2062,0.23,0.0,0.0,0.0,0.0,0.0,1.0
1,2062,0.24,0.0,0.0,0.0,0.0,0.0,1.0
1,2062,0.25,0.0,0.0,0.0,0.0,0.0,1.0
1,2062,0.26,0.0,0.0,0.0,0.0,0.0,1.0
1,2062,0.27,0.0,0.0,0.0,0.0,0.0,1.0
1,2062,0.28,0.0,0.0,0.0,0.0,0.0,1.0
1,2062,0.29,0.0,0.0,0.0,0.0,0.0,1.0
1,2062,0.3,0.0,0.0,0.0,0.0,0.0,1.0
1,2062,0.31,0.0,0.0,0.0,0.0,0.0,1.0
1,2062,0.32,0.0,0.0,0.0,0.0,0.0,1.0
1,2062,0.33,0.0,0.0,0.0,0.0,0.0,1.0
1,2062,0.34,0.0,0.0,0.0,0.0,0.0,1.0
1,2062,0.35000000000000003,0.0,0.0,0.0,0.0,0.0,1.0
1,2062,0.36,0.0,0.0,0.0,0.0,0.0,1.0
1,2062,0.37,0.0,0.0,0.0,0.0,0.0,1.0
1,2062,0.38,0.0,0.0,0.0,0.0,0.0,1.0
1,2062,0.39,0.0,0.0,0.0,0.0,0.0,1.0
1,2062,0.4,0.0,0.0,0.0,0.0,0.0,1.0
1,2062,0.41000000000000003,0.0,0.0,0.0,0.0,0.0,1.0
1,2062,0.42,0.0,0.0,0.0,0.0,0.0,1.0
1,2062,0.43,0.0,0.0,0.0,0.0,0.0,1.0
1,2062,0.44,0.0,0.0,0.0,0.0,0.0,1.0
1,2062,0.45,0.0,0.0,0.0,0.0,0.0,1.0
1,2062,0.46,0.0,0.0,0.0,0.0,0.0,1.0
1,2062,0.47000000000000003,0.0,0.0,0.0,0.0,0.0,1.0
1,2062,0.48,0.0,0.0,0.0,0.0,0.0,1.0
1,2062,0.49,0.0,0.0,0.0,0.0,0.0,1.0
1,2062,0.5,0.0,0.0,0.0,0.0,0.0,1.0
1,2062,0.51,0.0,0.0,0.0,0.0,0.0,1.0
1,2062,0.52,0.0,0.0,0.0,0.0,0.0,1.0
1,2062,0.53,0.0,0.0,0.0,0.0,0.0,1.0
1,2062,0.54,0.0,0.0,0.0,0.0,0.0,1.0
1,2062,0.55,0.0,0.0,0.0,0.0,0.0,1.0
1,2062,0.56,0.0,0.0,0.0,0.0,0.0,1.0
1,2062,0.5700000000000001,0.0,0.0,0.0,0.0,0.0,1.0
1,2062,0.58,0.0,0.0,0.0,0.0,0.0,1.0
1,2062,0.59,0.0,0.0,0.0,0.0,0.0,1.0
1,2062,0.6,0.0,0.0,0.0,0.0,0.0,1.0
1,2062,0.61,0.0,0.0,0.0,0.0,0.0,1.0
1,2062,0.62,0.0,0.0,0.0,0.0,0.0,1.0
1,2062,0.63,0.0,0.0,0.0,0.0,0.0,1.0
1,2062,0.64,0.0,0.0,0.0,0.0,0.0,1.0
1,2062,0.65,0.0,0.0,0.0,0.0,0.0,1.0
1,2062,0.66,0.0,0.0,0.0,0.0,0.0,1.0
1,2062,0.67,0.0,0.0,0.0,0.0,0.0,1.0
1,2062,0.68,0.0,0.0,0.0,0.0,0.0,1.0
1,2062,0.6900000000000001,0.0,0.0,0.0,0.0,0.0,1.0
1,2062,0.7000000000000001,0.0,0.0,0.0,0.0,0.0,1.0
1,2062,0.71,0.0,0.0,0.0,0.0,0.0,1.0
1,2062,0.72,0.0,0.0,0.0,0.0,0.0,1.0
1,2062,0.73,0.0,0.0,0.0,0.0,0.0,1.0
1,2062,0.74,0.0,0.0,0.0,0.0,0.0,1.0
1,2062,0.75,0.0,0.0,0.0,0.0,0.0,1.0
1,2062,0.76,0.0,0.0,0.0,0.0,0.0,1.0
1,2062,0.77,0.0,0.0,0.0,0.0,0.0,1.0
1,2062,0.78,0.0,0.0,0.0,0.0,0.0,1.0
1,2062,0.79,0.0,0.0,0.0,0.0,0.0,1.0
1,2062,0.8,0.0,0.0,0.0,0.0,0.0,1.0
1,2062,0.81,0.0,0.0,0.0,0.0,0.0,1.0
1,2062,0.8200000000000001,0.0,0.0,0.0,0.0,0.0,1.0
1,2062,0.8300000000000001,0.0,0.0,0.0,0.0,0.0,1.0
1,2062,0.84,0.0,0.0,0.0,0.0,0.0,1.0
1,2062,0.85,0.0,0.0,0.0,0.0,0.0,1.0
1,2062,0.86,0.0,0.0,0.0,0.0,0.0,1.0
1,2062,0.87,0.0,0.0,0.0,0.0,0.0,1.0
1,2062,0.88,0.0,0.0,0.0,0.0,0.0,1.0
1,2062,0.89,0.0,0.0,0.0,0.0,0.0,1.0
1,2062,0.9,0.0,0.0,0.0,0.0,0.0,1.0
1,2062,0.91,0.0,0.0,0.0,0.0,0.0,1.0
1,2062,0.92,0.0,0.0,0.0,0.0,0.0,1.0
1,2062,0.93,0.0,0.0,0.0,0.0,0.0,1.0
1,2062,0.9400000000000001,0.0,0.0,0.0,0.0,0.0,1.0
1,2062,0.9500000000000001,0.0,0.0,0.0,0.0,0.0,1.0
1,2062,0.96,0.0,0.0,0.0,0.0,0.0,1.0
1,2062,0.97,0.0,0.0,0.0,0.0,0.0,1.0
1,2062,0.98,0.0,0.0,0.0,0.0,0.0,1.0
1,2062,0.99,0.0,0.0,0.0,0.0,0.0,1.0
1,2062,1.0,0.0,0.0,0.0,0.0,0.0,1.0
1,2063,0.01,0.21159470763112684,0.0945037720870721,0.04399859184416983,0.2239351678857701,0.2036621385949734,0.22230562195688766
1,2063,0.02,0.21159470763112684,0.0945037720870721,0.04399859184416983,0.2239351678857701,0.2036621385949734,0.22230562195688766
1,2063,0.03,0.0,0.0,0.0,0.0,0.0,1.0
1,2063,0.04,0.0,0.0,0.0,0.0,0.0,1.0
1,2063,0.05,0.0,0.0,0.0,0.0,0.0,1.0
1,2063,0.06,0.0,0.0,0.0,0.0,0.0,1.0
1,2063,0.07,0.0,0.0,0.0,0.0,0.0,1.0
1,2063,0.08,0.0,0.0,0.0,0.0,0.0,1.0
1,2063,0.09,0.0,0.0,0.0,0.0,0.0,1.0
1,2063,0.1,0.0,0.0,0.0,0.0,0.0,1.0
1,2063,0.11,0.0,0.0,0.0,0.0,0.0,1.0
1,2063,0.12,0.0,0.0,0.0,0.0,0.0,1.0
1,2063,0.13,0.0,0.0,0.0,0.0,0.0,1.0
1,2063,0.14,0.0,0.0,0.0,0.0,0.0,1.0
1,2063,0.15,0.0,0.0,0.0,0.0,0.0,1.0
1,2063,0.16,0.0,0.0,0.0,0.0,0.0,1.0
1,2063,0.17,0.0,0.0,0.0,0.0,0.0,1.0
1,2063,0.18,0.0,0.0,0.0,0.0,0.0,1.0
1,2063,0.19,0.0,0.0,0.0,0.0,0.0,1.0
1,2063,0.2,0.0,0.0,0.0,0.0,0.0,1.0
1,2063,0.21,0.0,0.0,0.0,0.0,0.0,1.0
1,2063,0.22,0.0,0.0,0.0,0.0,0.0,1.0
1,2063,0.23,0.0,0.0,0.0,0.0,0.0,1.0
1,2063,0.24,0.0,0.0,0.0,0.0,0.0,1.0
1,2063,0.25,0.0,0.0,0.0,0.0,0.0,1.0
1,2063,0.26,0.0,0.0,0.0,0.0,0.0,1.0
1,2063,0.27,0.0,0.0,0.0,0.0,0.0,1.0
1,2063,0.28,0.0,0.0,0.0,0.0,0.0,1.0
1,2063,0.29,0.0,0.0,0.0,0.0,0.0,1.0
1,2063,0.3,0.0,0.0,0.0,0.0,0.0,1.0
1,2063,0.31,0.0,0.0,0.0,0.0,0.0,1.0
1,2063,0.32,0.0,0.0,0.0,0.0,0.0,1.0
1,2063,0.33,0.0,0.0,0.0,0.0,0.0,1.0
1,2063,0.34,0.0,0.0,0.0,0.0,0.0,1.0
1,2063,0.35000000000000003,0.0,0.0,0.0,0.0,0.0,1.0
1,2063,0.36,0.0,0.0,0.0,0.0,0.0,1.0
1,2063,0.37,0.0,0.0,0.0,0.0,0.0,1.0
1,2063,0.38,0.0,0.0,0.0,0.0,0.0,1.0
1,2063,0.39,0.0,0.0,0.0,0.0,0.0,1.0
1,2063,0.4,0.0,0.0,0.0,0.0,0.0,1.0
1,2063,0.41000000000000003,0.0,0.0,0.0,0.0,0.0,1.0
1,2063,0.42,0.0,0.0,0.0,0.0,0.0,1.0
1,2063,0.43,0.0,0.0,0.0,0.0,0.0,1.0
1,2063,0.44,0.0,0.0,0.0,0.0,0.0,1.0
1,2063,0.45,0.0,0.0,0.0,0.0,0.0,1.0
1,2063,0.46,0.0,0.0,0.0,0.0,0.0,1.0
1,2063,0.47000000000000003,0.0,0.0,0.0,0.0,0.0,1.0
1,2063,0.48,0.0,0.0,0.0,0.0,0.0,1.0
1,2063,0.49,0.0,0.0,0.0,0.0,0.0,1.0
1,2063,0.5,0.0,0.0,0.0,0.0,0.0,1.0
1,2063,0.51,0.0,0.0,0.0,0.0,0.0,1.0
1,2063,0.52,0.0,0.0,0.0,0.0,0.0,1.0
1,2063,0.53,0.0,0.0,0.0,0.0,0.0,1.0
1,2063,0.54,0.0,0.0,0.0,0.0,0.0,1.0
1,2063,0.55,0.0,0.0,0.0,0.0,0.0,1.0
1,2063,0.56,0.0,0.0,0.0,0.0,0.0,1.0
1,2063,0.5700000000000001,0.0,0.0,0.0,0.0,0.0,1.0
1,2063,0.58,0.0,0.0,0.0,0.0,0.0,1.0
1,2063,0.59,0.0,0.0,0.0,0.0,0.0,1.0
1,2063,0.6,0.0,0.0,0.0,0.0,0.0,1.0
1,2063,0.61,0.0,0.0,0.0,0.0,0.0,1.0
1,2063,0.62,0.0,0.0,0.0,0.0,0.0,1.0
1,2063,0.63,0.0,0.0,0.0,0.0,0.0,1.0
1,2063,0.64,0.0,0.0,0.0,0.0,0.0,1.0
1,2063,0.65,0.0,0.0,0.0,0.0,0.0,1.0
1,2063,0.66,0.0,0.0,0.0,0.0,0.0,1.0
1,2063,0.67,0.0,0.0,0.0,0.0,0.0,1.0
1,2063,0.68,0.0,0.0,0.0,0.0,0.0,1.0
1,2063,0.6900000000000001,0.0,0.0,0.0,0.0,0.0,1.0
1,2063,0.7000000000000001,0.0,0.0,0.0,0.0,0.0,1.0
1,2063,0.71,0.0,0.0,0.0,0.0,0.0,1.0
1,2063,0.72,0.0,0.0,0.0,0.0,0.0,1.0
1,2063,0.73,0.0,0.0,0.0,0.0,0.0,1.0
1,2063,0.74,0.0,0.0,0.0,0.0,0.0,1.0
1,2063,0.75,0.0,0.0,0.0,0.0,0.0,1.0
1,2063,0.76,0.0,0.0,0.0,0.0,0.0,1.0
1,2063,0.77,0.0,0.0,0.0,0.0,0.0,1.0
1,2063,0.78,0.0,0.0,0.0,0.0,0.0,1.0
1,2063,0.79,0.0,0.0,0.0,0.0,0.0,1.0
1,2063,0.8,0.0,0.0,0.0,0.0,0.0,1.0
1,2063,0.81,0.0,0.0,0.0,0.0,0.0,1.0
1,2063,0.8200000000000001,0.0,0.0,0.0,0.0,0.0,1.0
1,2063,0.8300000000000001,0.0,0.0,0.0,0.0,0.0,1.0
1,2063,0.84,0.0,0.0,0.0,0.0,0.0,1.0
1,2063,0.85,0.0,0.0,0.0,0.0,0.0,1.0
1,2063,0.86,0.0,0.0,0.0,0.0,0.0,1.0
1,2063,0.87,0.0,0.0,0.0,0.0,0.0,1.0
1,2063,0.88,0.0,0.0,0.0,0.0,0.0,1.0
1,2063,0.89,0.0,0.0,0.0,0.0,0.0,1.0
1,2063,0.9,0.0,0.0,0.0,0.0,0.0,1.0
1,2063,0.91,0.0,0.0,0.0,0.0,0.0,1.0
1,2063,0.92,0.0,0.0,0.0,0.0,0.0,1.0
1,2063,0.93,0.0,0.0,0.0,0.0,0.0,1.0
1,2063,0.9400000000000001,0.0,0.0,0.0,0.0,0.0,1.0
1,2063,0.9500000000000001,0.0,0.0,0.0,0.0,0.0,1.0
1,2063,0.96,0.0,0.0,0.0,0.0,0.0,1.0
1,2063,0.97,0.0,0.0,0.0,0.0,0.0,1.0
1,2063,0.98,0.0,0.0,0.0,0.0,0.0,1.0
1,2063,0.99,0.0,0.0,0.0,0.0,0.0,1.0
1,2063,1.0,0.0,0.0,0.0,0.0,0.0,1.0
1,2064,0.01,0.21899601508558503,0.08893214663608313,0.22338935455175377,0.03979845352825026,0.22007644542276142,0.20880758477556638
1,2064,0.02,0.21899601508558503,0.08893214663608313,0.22338935455175377,0.03979845352825026,0.22007644542276142,0.20880758477556638
1,2064,0.03,0.0,0.0,0.0,0.0,0.0,1.0
1,2064,0.04,0.0,0.0,0.0,0.0,0.0,1.0
1,2064,0.05,0.0,0.0,0.0,0.0,0.0,1.0
1,2064,0.06,0.0,0.0,0.0,0.0,0.0,1.0
1,2064,0.07,0.0,0.0,0.0,0.0,0.0,1.0
1,2064,0.08,0.0,0.0,0.0,0.0,0.0,1.0
1,2064,0.09,0.0,0.0,0.0,0.0,0.0,1.0
1,2064,0.1,0.0,0.0,0.0,0.0,0.0,1.0
1,2064,0.11,0.0,0.0,0.0,0.0,0.0,1.0
1,2064,0.12,0.0,0.0,0.0,0.0,0.0,1.0
1,2064,0.13,0.0,0.0,0.0,0.0,0.0,1.0
1,2064,0.14,0.0,0.0,0.0,0.0,0.0,1.0
1,2064,0.15,0.0,0.0,0.0,0.0,0.0,1.0
1,2064,0.16,0.0,0.0,0.0,0.0,0.0,1.0
1,2064,0.17,0.0,0.0,0.0,0.0,0.0,1.0
1,2064,0.18,0.0,0.0,0.0,0.0,0.0,1.0
1,2064,0.19,0.0,0.0,0.0,0.0,0.0,1.0
1,2064,0.2,0.0,0.0,0.0,0.0,0.0,1.0
1,2064,0.21,0.0,0.0,0.0,0.0,0.0,1.0
1,2064,0.22,0.0,0.0,0.0,0.0,0.0,1.0
1,2064,0.23,0.0,0.0,0.0,0.0,0.0,1.0
1,2064,0.24,0.0,0.0,0.0,0.0,0.0,1.0
1,2064,0.25,0.0,0.0,0.0,0.0,0.0,1.0
1,2064,0.26,0.0,0.0,0.0,0.0,0.0,1.0
1,2064,0.27,0.0,0.0,0.0,0.0,0.0,1.0
1,2064,0.28,0.0,0.0,0.0,0.0,0.0,1.0
1,2064,0.29,0.0,0.0,0.0,0.0,0.0,1.0
1,2064,0.3,0.0,0.0,0.0,0.0,0.0,1.0
1,2064,0.31,0.0,0.0,0.0,0.0,0.0,1.0
1,2064,0.32,0.0,0.0,0.0,0.0,0.0,1.0
1,2064,0.33,0.0,0.0,0.0,0.0,0.0,1.0
1,2064,0.34,0.0,0.0,0.0,0.0,0.0,1.0
1,2064,0.35000000000000003,0.0,0.0,0.0,0.0,0.0,1.0
1,2064,0.36,0.0,0.0,0.0,0.0,0.0,1.0
1,2064,0.37,0.0,0.0,0.0,0.0,0.0,1.0
1,2064,0.38,0.0,0.0,0.0,0.0,0.0,1.0
1,2064,0.39,0.0,0.0,0.0,0.0,0.0,1.0
1,2064,0.4,0.0,0.0,0.0,0.0,0.0,1.0
1,2064,0.41000000000000003,0.0,0.0,0.0,0.0,0.0,1.0
1,2064,0.42,0.0,0.0,0.0,0.0,0.0,1.0
1,2064,0.43,0.0,0.0,0.0,0.0,0.0,1.0
1,2064,0.44,0.0,0.0,0.0,0.0,0.0,1.0
1,2064,0.45,0.0,0.0,0.0,0.0,0.0,1.0
1,2064,0.46,0.0,0.0,0.0,0.0,0.0,1.0
1,2064,0.47000000000000003,0.0,0.0,0.0,0.0,0.0,1.0
1,2064,0.48,0.0,0.0,0.0,0.0,0.0,1.0
1,2064,0.49,0.0,0.0,0.0,0.0,0.0,1.0
1,2064,0.5,0.0,0.0,0.0,0.0,0.0,1.0
1,2064,0.51,0.0,0.0,0.0,0.0,0.0,1.0
1,2064,0.52,0.0,0.0,0.0,0.0,0.0,1.0
1,2064,0.53,0.0,0.0,0.0,0.0,0.0,1.0
1,2064,0.54,0.0,0.0,0.0,0.0,0.0,1.0
1,2064,0.55,0.0,0.0,0.0,0.0,0.0,1.0
1,2064,0.56,0.0,0.0,0.0,0.0,0.0,1.0
1,2064,0.5700000000000001,0.0,0.0,0.0,0.0,0.0,1.0
1,2064,0.58,0.0,0.0,0.0,0.0,0.0,1.0
1,2064,0.59,0.0,0.0,0.0,0.0,0.0,1.0
1,2064,0.6,0.0,0.0,0.0,0.0,0.0,1.0
1,2064,0.61,0.0,0.0,0.0,0.0,0.0,1.0
1,2064,0.62,0.0,0.0,0.0,0.0,0.0,1.0
1,2064,0.63,0.0,0.0,0.0,0.0,0.0,1.0
1,2064,0.64,0.0,0.0,0.0,0.0,0.0,1.0
1,2064,0.65,0.0,0.0,0.0,0.0,0.0,1.0
1,2064,0.66,0.0,0.0,0.0,0.0,0.0,1.0
1,2064,0.67,0.0,0.0,0.0,0.0,0.0,1.0
1,2064,0.68,0.0,0.0,0.0,0.0,0.0,1.0
1,2064,0.6900000000000001,0.0,0.0,0.0,0.0,0.0,1.0
1,2064,0.7000000000000001,0.0,0.0,0.0,0.0,0.0,1.0
1,2064,0.71,0.0,0.0,0.0,0.0,0.0,1.0
1,2064,0.72,0.0,0.0,0.0,0.0,0.0,1.0
1,2064,0.73,0.0,0.0,0.0,0.0,0.0,1.0
1,2064,0.74,0.0,0.0,0.0,0.0,0.0,1.0
1,2064,0.75,0.0,0.0,0.0,0.0,0.0,1.0
1,2064,0.76,0.0,0.0,0.0,0.0,0.0,1.0
1,2064,0.77,0.0,0.0,0.0,0.0,0.0,1.0
1,2064,0.78,0.0,0.0,0.0,0.0,0.0,1.0
1,2064,0.79,0.0,0.0,0.0,0.0,0.0,1.0
1,2064,0.8,0.0,0.0,0.0,0.0,0.0,1.0
1,2064,0.81,0.0,0.0,0.0,0.0,0.0,1.0
1,2064,0.8200000000000001,0.0,0.0,0.0,0.0,0.0,1.0
1,2064,0.8300000000000001,0.0,0.0,0.0,0.0,0.0,1.0
1,2064,0.84,0.0,0.0,0.0,0.0,0.0,1.0
1,2064,0.85,0.0,0.0,0.0,0.0,0.0,1.0
1,2064,0.86,0.0,0.0,0.0,0.0,0.0,1.0
1,2064,0.87,0.0,0.0,0.0,0.0,0.0,1.0
1,2064,0.88,0.0,0.0,0.0,0.0,0.0,1.0
1,2064,0.89,0.0,0.0,0.0,0.0,0.0,1.0
1,2064,0.9,0.0,0.0,0.0,0.0,0.0,1.0
1,2064,0.91,0.0,0.0,0.0,0.0,0.0,1.0
1,2064,0.92,0.0,0.0,0.0,0.0,0.0,1.0
1,2064,0.93,0.0,0.0,0.0,0.0,0.0,1.0
1,2064,0.9400000000000001,0.0,0.0,0.0,0.0,0.0,1.0
1,2064,0.9500000000000001,0.0,0.0,0.0,0.0,0.0,1.0
1,2064,0.96,0.0,0.0,0.0,0.0,0.0,1.0
1,2064,0.97,0.0,0.0,0.0,0.0,0.0,1.0
1,2064,0.98,0.0,0.0,0.0,0.0,0.0,1.0
1,2064,0.99,0.0,0.0,0.0,0.0,0.0,1.0
1,2064,1.0,0.0,0.0,0.0,0.0,0.0,1.0
1,2065,0.01,0.09846773624211784,0.1003239266207519,0.26371491031445166,0.15565034288992347,0.17670119467127463,0.20514188926148066
1,2065,0.02,0.09846773624211784,0.1003239266207519,0.26371491031445166,0.15565034288992347,0.17670119467127463,0.20514188926148066
1,2065,0.03,0.0,0.0,0.0,0.0,0.0,1.0
1,2065,0.04,0.0,0.0,0.0,0.0,0.0,1.0
1,2065,0.05,0.0,0.0,0.0,0.0,0.0,1.0
1,2065,0.06,0.0,0.0,0.0,0.0,0.0,1.0
1,2065,0.07,0.0,0.0,0.0,0.0,0.0,1.0
1,2065,0.08,0.0,0.0,0.0,0.0,0.0,1.0
1,2065,0.09,0.0,0.0,0.0,0.0,0.0,1.0
1,2065,0.1,0.0,0.0,0.0,0.0,0.0,1.0
1,2065,0.11,0.0,0.0,0.0,0.0,0.0,1.0
1,2065,0.12,0.0,0.0,0.0,0.0,0.0,1.0
1,2065,0.13,0.0,0.0,0.0,0.0,0.0,1.0
1,2065,0.14,0.0,0.0,0.0,0.0,0.0,1.0
1,2065,0.15,0.0,0.0,0.0,0.0,0.0,1.0
1,2065,0.16,0.0,0.0,0.0,0.0,0.0,1.0
1,2065,0.17,0.0,0.0,0.0,0.0,0.0,1.0
1,2065,0.18,0.0,0.0,0.0,0.0,0.0,1.0
1,2065,0.19,0.0,0.0,0.0,0.0,0.0,1.0
1,2065,0.2,0.0,0.0,0.0,0.0,0.0,1.0
1,2065,0.21,0.0,0.0,0.0,0.0,0.0,1.0
1,2065,0.22,0.0,0.0,0.0,0.0,0.0,1.0
1,2065,0.23,0.0,0.0,0.0,0.0,0.0,1.0
1,2065,0.24,0.0,0.0,0.0,0.0,0.0,1.0
1,2065,0.25,0.0,0.0,0.0,0.0,0.0,1.0
1,2065,0.26,0.0,0.0,0.0,0.0,0.0,1.0
1,2065,0.27,0.0,0.0,0.0,0.0,0.0,1.0
1,2065,0.28,0.0,0.0,0.0,0.0,0.0,1.0
1,2065,0.29,0.0,0.0,0.0,0.0,0.0,1.0
1,2065,0.3,0.0,0.0,0.0,0.0,0.0,1.0
1,2065,0.31,0.0,0.0,0.0,0.0,0.0,1.0
1,2065,0.32,0.0,0.0,0.0,0.0,0.0,1.0
1,2065,0.33,0.0,0.0,0.0,0.0,0.0,1.0
1,2065,0.34,0.0,0.0,0.0,0.0,0.0,1.0
1,2065,0.35000000000000003,0.0,0.0,0.0,0.0,0.0,1.0
1,2065,0.36,0.0,0.0,0.0,0.0,0.0,1.0
1,2065,0.37,0.0,0.0,0.0,0.0,0.0,1.0
1,2065,0.38,0.0,0.0,0.0,0.0,0.0,1.0
1,2065,0.39,0.0,0.0,0.0,0.0,0.0,1.0
1,2065,0.4,0.0,0.0,0.0,0.0,0.0,1.0
1,2065,0.41000000000000003,0.0,0.0,0.0,0.0,0.0,1.0
1,2065,0.42,0.0,0.0,0.0,0.0,0.0,1.0
1,2065,0.43,0.0,0.0,0.0,0.0,0.0,1.0
1,2065,0.44,0.0,0.0,0.0,0.0,0.0,1.0
1,2065,0.45,0.0,0.0,0.0,0.0,0.0,1.0
1,2065,0.46,0.0,0.0,0.0,0.0,0.0,1.0
1,2065,0.47000000000000003,0.0,0.0,0.0,0.0,0.0,1.0
1,2065,0.48,0.0,0.0,0.0,0.0,0.0,1.0
1,2065,0.49,0.0,0.0,0.0,0.0,0.0,1.0
1,2065,0.5,0.0,0.0,0.0,0.0,0.0,1.0
1,2065,0.51,0.0,0.0,0.0,0.0,0.0,1.0
1,2065,0.52,0.0,0.0,0.0,0.0,0.0,1.0
1,2065,0.53,0.0,0.0,0.0,0.0,0.0,1.0
1,2065,0.54,0.0,0.0,0.0,0.0,0.0,1.0
1,2065,0.55,0.0,0.0,0.0,0.0,0.0,1.0
1,2065,0.56,0.0,0.0,0.0,0.0,0.0,1.0
1,2065,0.5700000000000001,0.0,0.0,0.0,0.0,0.0,1.0
1,2065,0.58,0.0,0.0,0.0,0.0,0.0,1.0
1,2065,0.59,0.0,0.0,0.0,0.0,0.0,1.0
1,2065,0.6,0.0,0.0,0.0,0.0,0.0,1.0
1,2065,0.61,0.0,0.0,0.0,0.0,0.0,1.0
1,2065,0.62,0.0,0.0,0.0,0.0,0.0,1.0
1,2065,0.63,0.0,0.0,0.0,0.0,0.0,1.0
1,2065,0.64,0.0,0.0,0.0,0.0,0.0,1.0
1,2065,0.65,0.0,0.0,0.0,0.0,0.0,1.0
1,2065,0.66,0.0,0.0,0.0,0.0,0.0,1.0
1,2065,0.67,0.0,0.0,0.0,0.0,0.0,1.0
1,2065,0.68,0.0,0.0,0.0,0.0,0.0,1.0
1,2065,0.6900000000000001,0.0,0.0,0.0,0.0,0.0,1.0
1,2065,0.7000000000000001,0.0,0.0,0.0,0.0,0.0,1.0
1,2065,0.71,0.0,0.0,0.0,0.0,0.0,1.0
1,2065,0.72,0.0,0.0,0.0,0.0,0.0,1.0
1,2065,0.73,0.0,0.0,0.0,0.0,0.0,1.0
1,2065,0.74,0.0,0.0,0.0,0.0,0.0,1.0
1,2065,0.75,0.0,0.0,0.0,0.0,0.0,1.0
1,2065,0.76,0.0,0.0,0.0,0.0,0.0,1.0
1,2065,0.77,0.0,0.0,0.0,0.0,0.0,1.0
1,2065,0.78,0.0,0.0,0.0,0.0,0.0,1.0
1,2065,0.79,0.0,0.0,0.0,0.0,0.0,1.0
1,2065,0.8,0.0,0.0,0.0,0.0,0.0,1.0
1,2065,0.81,0.0,0.0,0.0,0.0,0.0,1.0
1,2065,0.8200000000000001,0.0,0.0,0.0,0.0,0.0,1.0
1,2065,0.8300000000000001,0.0,0.0,0.0,0.0,0.0,1.0
1,2065,0.84,0.0,0.0,0.0,0.0,0.0,1.0
1,2065,0.85,0.0,0.0,0.0,0.0,0.0,1.0
1,2065,0.86,0.0,0.0,0.0,0.0,0.0,1.0
1,2065,0.87,0.0,0.0,0.0,0.0,0.0,1.0
1,2065,0.88,0.0,0.0,0.0,0.0,0.0,1.0
1,2065,0.89,0.0,0.0,0.0,0.0,0.0,1.0
1,2065,0.9,0.0,0.0,0.0,0.0,0.0,1.0
1,2065,0.91,0.0,0.0,0.0,0.0,0.0,1.0
1,2065,0.92,0.0,0.0,0.0,0.0,0.0,1.0
1,2065,0.93,0.0,0.0,0.0,0.0,0.0,1.0
1,2065,0.9400000000000001,0.0,0.0,0.0,0.0,0.0,1.0
1,2065,0.9500000000000001,0.0,0.0,0.0,0.0,0.0,1.0
1,2065,0.96,0.0,0.0,0.0,0.0,0.0,1.0
1,2065,0.97,0.0,0.0,0.0,0.0,0.0,1.0
1,2065,0.98,0.0,0.0,0.0,0.0,0.0,1.0
1,2065,0.99,0.0,0.0,0.0,0.0,0.0,1.0
1,2065,1.0,0.0,0.0,0.0,0.0,0.0,1.0
1,2066,0.01,0.2084586501802643,0.23882165549184955,0.008055770421831811,0.25264505628758427,0.09845227454199343,0.1935665930764767
1,2066,0.02,0.0,0.0,0.0,0.0,0.0,1.0
1,2066,0.03,0.0,0.0,0.0,0.0,0.0,1.0
1,2066,0.04,0.0,0.0,0.0,0.0,0.0,1.0
1,2066,0.05,0.0,0.0,0.0,0.0,0.0,1.0
1,2066,0.06,0.0,0.0,0.0,0.0,0.0,1.0
1,2066,0.07,0.0,0.0,0.0,0.0,0.0,1.0
1,2066,0.08,0.0,0.0,0.0,0.0,0.0,1.0
1,2066,0.09,0.0,0.0,0.0,0.0,0.0,1.0
1,2066,0.1,0.0,0.0,0.0,0.0,0.0,1.0
1,2066,0.11,0.0,0.0,0.0,0.0,0.0,1.0
1,2066,0.12,0.0,0.0,0.0,0.0,0.0,1.0
1,2066,0.13,0.0,0.0,0.0,0.0,0.0,1.0
1,2066,0.14,0.0,0.0,0.0,0.0,0.0,1.0
1,2066,0.15,0.0,0.0,0.0,0.0,0.0,1.0
1,2066,0.16,0.0,0.0,0.0,0.0,0.0,1.0
1,2066,0.17,0.0,0.0,0.0,0.0,0.0,1.0
1,2066,0.18,0.0,0.0,0.0,0.0,0.0,1.0
1,2066,0.19,0.0,0.0,0.0,0.0,0.0,1.0
1,2066,0.2,0.0,0.0,0.0,0.0,0.0,1.0
1,2066,0.21,0.0,0.0,0.0,0.0,0.0,1.0
1,2066,0.22,0.0,0.0,0.0,0.0,0.0,1.0
1,2066,0.23,0.0,0.0,0.0,0.0,0.0,1.0
1,2066,0.24,0.0,0.0,0.0,0.0,0.0,1.0
1,2066,0.25,0.0,0.0,0.0,0.0,0.0,1.0
1,2066,0.26,0.0,0.0,0.0,0.0,0.0,1.0
1,2066,0.27,0.0,0.0,0.0,0.0,0.0,1.0
1,2066,0.28,0.0,0.0,0.0,0.0,0.0,1.0
1,2066,0.29,0.0,0.0,0.0,0.0,0.0,1.0
1,2066,0.3,0.0,0.0,0.0,0.0,0.0,1.0
1,2066,0.31,0.0,0.0,0.0,0.0,0.0,1.0
1,2066,0.32,0.0,0.0,0.0,0.0,0.0,1.0
1,2066,0.33,0.0,0.0,0.0,0.0,0.0,1.0
1,2066,0.34,0.0,0.0,0.0,0.0,0.0,1.0
1,2066,0.35000000000000003,0.0,0.0,0.0,0.0,0.0,1.0
1,2066,0.36,0.0,0.0,0.0,0.0,0.0,1.0
1,2066,0.37,0.0,0.0,0.0,0.0,0.0,1.0
1,2066,0.38,0.0,0.0,0.0,0.0,0.0,1.0
1,2066,0.39,0.0,0.0,0.0,0.0,0.0,1.0
1,2066,0.4,0.0,0.0,0.0,0.0,0.0,1.0
1,2066,0.41000000000000003,0.0,0.0,0.0,0.0,0.0,1.0
1,2066,0.42,0.0,0.0,0.0,0.0,0.0,1.0
1,2066,0.43,0.0,0.0,0.0,0.0,0.0,1.0
1,2066,0.44,0.0,0.0,0.0,0.0,0.0,1.0
1,2066,0.45,0.0,0.0,0.0,0.0,0.0,1.0
1,2066,0.46,0.0,0.0,0.0,0.0,0.0,1.0
1,2066,0.47000000000000003,0.0,0.0,0.0,0.0,0.0,1.0
1,2066,0.48,0.0,0.0,0.0,0.0,0.0,1.0
1,2066,0.49,0.0,0.0,0.0,0.0,0.0,1.0
1,2066,0.5,0.0,0.0,0.0,0.0,0.0,1.0
1,2066,0.51,0.0,0.0,0.0,0.0,0.0,1.0
1,2066,0.52,0.0,0.0,0.0,0.0,0.0,1.0
1,2066,0.53,0.0,0.0,0.0,0.0,0.0,1.0
1,2066,0.54,0.0,0.0,0.0,0.0,0.0,1.0
1,2066,0.55,0.0,0.0,0.0,0.0,0.0,1.0
1,2066,0.56,0.0,0.0,0.0,0.0,0.0,1.0
1,2066,0.5700000000000001,0.0,0.0,0.0,0.0,0.0,1.0
1,2066,0.58,0.0,0.0,0.0,0.0,0.0,1.0
1,2066,0.59,0.0,0.0,0.0,0.0,0.0,1.0
1,2066,0.6,0.0,0.0,0.0,0.0,0.0,1.0
1,2066,0.61,0.0,0.0,0.0,0.0,0.0,1.0
1,2066,0.62,0.0,0.0,0.0,0.0,0.0,1.0
1,2066,0.63,0.0,0.0,0.0,0.0,0.0,1.0
1,2066,0.64,0.0,0.0,0.0,0.0,0.0,1.0
1,2066,0.65,0.0,0.0,0.0,0.0,0.0,1.0
1,2066,0.66,0.0,0.0,0.0,0.0,0.0,1.0
1,2066,0.67,0.0,0.0,0.0,0.0,0.0,1.0
1,2066,0.68,0.0,0.0,0.0,0.0,0.0,1.0
1,2066,0.6900000000000001,0.0,0.0,0.0,0.0,0.0,1.0
1,2066,0.7000000000000001,0.0,0.0,0.0,0.0,0.0,1.0
1,2066,0.71,0.0,0.0,0.0,0.0,0.0,1.0
1,2066,0.72,0.0,0.0,0.0,0.0,0.0,1.0
1,2066,0.73,0.0,0.0,0.0,0.0,0.0,1.0
1,2066,0.74,0.0,0.0,0.0,0.0,0.0,1.0
1,2066,0.75,0.0,0.0,0.0,0.0,0.0,1.0
1,2066,0.76,0.0,0.0,0.0,0.0,0.0,1.0
1,2066,0.77,0.0,0.0,0.0,0.0,0.0,1.0
1,2066,0.78,0.0,0.0,0.0,0.0,0.0,1.0
1,2066,0.79,0.0,0.0,0.0,0.0,0.0,1.0
1,2066,0.8,0.0,0.0,0.0,0.0,0.0,1.0
1,2066,0.81,0.0,0.0,0.0,0.0,0.0,1.0
1,2066,0.8200000000000001,0.0,0.0,0.0,0.0,0.0,1.0
1,2066,0.8300000000000001,0.0,0.0,0.0,0.0,0.0,1.0
1,2066,0.84,0.0,0.0,0.0,0.0,0.0,1.0
1,2066,0.85,0.0,0.0,0.0,0.0,0.0,1.0
1,2066,0.86,0.0,0.0,0.0,0.0,0.0,1.0
1,2066,0.87,0.0,0.0,0.0,0.0,0.0,1.0
1,2066,0.88,0.0,0.0,0.0,0.0,0.0,1.0
1,2066,0.89,0.0,0.0,0.0,0.0,0.0,1.0
1,2066,0.9,0.0,0.0,0.0,0.0,0.0,1.0
1,2066,0.91,0.0,0.0,0.0,0.0,0.0,1.0
1,2066,0.92,0.0,0.0,0.0,0.0,0.0,1.0
1,2066,0.93,0.0,0.0,0.0,0.0,0.0,1.0
1,2066,0.9400000000000001,0.0,0.0,0.0,0.0,0.0,1.0
1,2066,0.9500000000000001,0.0,0.0,0.0,0.0,0.0,1.0
1,2066,0.96,0.0,0.0,0.0,0.0,0.0,1.0
1,2066,0.97,0.0,0.0,0.0,0.0,0.0,1.0
1,2066,0.98,0.0,0.0,0.0,0.0,0.0,1.0
1,2066,0.99,0.0,0.0,0.0,0.0,0.0,1.0
1,2066,1.0,0.0,0.0,0.0,0.0,0.0,1.0
1,2067,0.01,0.22190851953656696,0.12456711862852544,0.11821634933903451,0.24960637814797473,0.27194693424928545,0.013754700098612918
1,2067,0.02,0.0,0.0,0.0,0.0,0.0,1.0
1,2067,0.03,0.0,0.0,0.0,0.0,0.0,1.0
1,2067,0.04,0.0,0.0,0.0,0.0,0.0,1.0
1,2067,0.05,0.0,0.0,0.0,0.0,0.0,1.0
1,2067,0.06,0.0,0.0,0.0,0.0,0.0,1.0
1,2067,0.07,0.0,0.0,0.0,0.0,0.0,1.0
1,2067,0.08,0.0,0.0,0.0,0.0,0.0,1.0
1,2067,0.09,0.0,0.0,0.0,0.0,0.0,1.0
1,2067,0.1,0.0,0.0,0.0,0.0,0.0,1.0
1,2067,0.11,0.0,0.0,0.0,0.0,0.0,1.0
1,2067,0.12,0.0,0.0,0.0,0.0,0.0,1.0
1,2067,0.13,0.0,0.0,0.0,0.0,0.0,1.0
1,2067,0.14,0.0,0.0,0.0,0.0,0.0,1.0
1,2067,0.15,0.0,0.0,0.0,0.0,0.0,1.0
1,2067,0.16,0.0,0.0,0.0,0.0,0.0,1.0
1,2067,0.17,0.0,0.0,0.0,0.0,0.0,1.0
1,2067,0.18,0.0,0.0,0.0,0.0,0.0,1.0
1,2067,0.19,0.0,0.0,0.0,0.0,0.0,1.0
1,2067,0.2,0.0,0.0,0.0,0.0,0.0,1.0
1,2067,0.21,0.0,0.0,0.0,0.0,0.0,1.0
1,2067,0.22,0.0,0.0,0.0,0.0,0.0,1.0
1,2067,0.23,0.0,0.0,0.0,0.0,0.0,1.0
1,2067,0.24,0.0,0.0,0.0,0.0,0.0,1.0
1,2067,0.25,0.0,0.0,0.0,0.0,0.0,1.0
1,2067,0.26,0.0,0.0,0.0,0.0,0.0,1.0
1,2067,0.27,0.0,0.0,0.0,0.0,0.0,1.0
1,2067,0.28,0.0,0.0,0.0,0.0,0.0,1.0
1,2067,0.29,0.0,0.0,0.0,0.0,0.0,1.0
1,2067,0.3,0.0,0.0,0.0,0.0,0.0,1.0
1,2067,0.31,0.0,0.0,0.0,0.0,0.0,1.0
1,2067,0.32,0.0,0.0,0.0,0.0,0.0,1.0
1,2067,0.33,0.0,0.0,0.0,0.0,0.0,1.0
1,2067,0.34,0.0,0.0,0.0,0.0,0.0,1.0
1,2067,0.35000000000000003,0.0,0.0,0.0,0.0,0.0,1.0
1,2067,0.36,0.0,0.0,0.0,0.0,0.0,1.0
1,2067,0.37,0.0,0.0,0.0,0.0,0.0,1.0
1,2067,0.38,0.0,0.0,0.0,0.0,0.0,1.0
1,2067,0.39,0.0,0.0,0.0,0.0,0.0,1.0
1,2067,0.4,0.0,0.0,0.0,0.0,0.0,1.0
1,2067,0.41000000000000003,0.0,0.0,0.0,0.0,0.0,1.0
1,2067,0.42,0.0,0.0,0.0,0.0,0.0,1.0
1,2067,0.43,0.0,0.0,0.0,0.0,0.0,1.0
1,2067,0.44,0.0,0.0,0.0,0.0,0.0,1.0
1,2067,0.45,0.0,0.0,0.0,0.0,0.0,1.0
1,2067,0.46,0.0,0.0,0.0,0.0,0.0,1.0
1,2067,0.47000000000000003,0.0,0.0,0.0,0.0,0.0,1.0
1,2067,0.48,0.0,0.0,0.0,0.0,0.0,1.0
1,2067,0.49,0.0,0.0,0.0,0.0,0.0,1.0
1,2067,0.5,0.0,0.0,0.0,0.0,0.0,1.0
1,2067,0.51,0.0,0.0,0.0,0.0,0.0,1.0
1,2067,0.52,0.0,0.0,0.0,0.0,0.0,1.0
1,2067,0.53,0.0,0.0,0.0,0.0,0.0,1.0
1,2067,0.54,0.0,0.0,0.0,0.0,0.0,1.0
1,2067,0.55,0.0,0.0,0.0,0.0,0.0,1.0
1,2067,0.56,0.0,0.0,0.0,0.0,0.0,1.0
1,2067,0.5700000000000001,0.0,0.0,0.0,0.0,0.0,1.0
1,2067,0.58,0.0,0.0,0.0,0.0,0.0,1.0
1,2067,0.59,0.0,0.0,0.0,0.0,0.0,1.0
1,2067,0.6,0.0,0.0,0.0,0.0,0.0,1.0
1,2067,0.61,0.0,0.0,0.0,0.0,0.0,1.0
1,2067,0.62,0.0,0.0,0.0,0.0,0.0,1.0
1,2067,0.63,0.0,0.0,0.0,0.0,0.0,1.0
1,2067,0.64,0.0,0.0,0.0,0.0,0.0,1.0
1,2067,0.65,0.0,0.0,0.0,0.0,0.0,1.0
1,2067,0.66,0.0,0.0,0.0,0.0,0.0,1.0
1,2067,0.67,0.0,0.0,0.0,0.0,0.0,1.0
1,2067,0.68,0.0,0.0,0.0,0.0,0.0,1.0
1,2067,0.6900000000000001,0.0,0.0,0.0,0.0,0.0,1.0
1,2067,0.7000000000000001,0.0,0.0,0.0,0.0,0.0,1.0
1,2067,0.71,0.0,0.0,0.0,0.0,0.0,1.0
1,2067,0.72,0.0,0.0,0.0,0.0,0.0,1.0
1,2067,0.73,0.0,0.0,0.0,0.0,0.0,1.0
1,2067,0.74,0.0,0.0,0.0,0.0,0.0,1.0
1,2067,0.75,0.0,0.0,0.0,0.0,0.0,1.0
1,2067,0.76,0.0,0.0,0.0,0.0,0.0,1.0
1,2067,0.77,0.0,0.0,0.0,0.0,0.0,1.0
1,2067,0.78,0.0,0.0,0.0,0.0,0.0,1.0
1,2067,0.79,0.0,0.0,0.0,0.0,0.0,1.0
1,2067,0.8,0.0,0.0,0.0,0.0,0.0,1.0
1,2067,0.81,0.0,0.0,0.0,0.0,0.0,1.0
1,2067,0.8200000000000001,0.0,0.0,0.0,0.0,0.0,1.0
1,2067,0.8300000000000001,0.0,0.0,0.0,0.0,0.0,1.0
1,2067,0.84,0.0,0.0,0.0,0.0,0.0,1.0
1,2067,0.85,0.0,0.0,0.0,0.0,0.0,1.0
1,2067,0.86,0.0,0.0,0.0,0.0,0.0,1.0
1,2067,0.87,0.0,0.0,0.0,0.0,0.0,1.0
1,2067,0.88,0.0,0.0,0.0,0.0,0.0,1.0
1,2067,0.89,0.0,0.0,0.0,0.0,0.0,1.0
1,2067,0.9,0.0,0.0,0.0,0.0,0.0,1.0
1,2067,0.91,0.0,0.0,0.0,0.0,0.0,1.0
1,2067,0.92,0.0,0.0,0.0,0.0,0.0,1.0
1,2067,0.93,0.0,0.0,0.0,0.0,0.0,1.0
1,2067,0.9400000000000001,0.0,0.0,0.0,0.0,0.0,1.0
1,2067,0.9500000000000001,0.0,0.0,0.0,0.0,0.0,1.0
1,2067,0.96,0.0,0.0,0.0,0.0,0.0,1.0
1,2067,0.97,0.0,0.0,0.0,0.0,0.0,1.0
1,2067,0.98,0.0,0.0,0.0,0.0,0.0,1.0
1,2067,0.99,0.0,0.0,0.0,0.0,0.0,1.0
1,2067,1.0,0.0,0.0,0.0,0.0,0.0,1.0
1,2068,0.01,0.09501194096932375,0.034190364498647846,0.17808662364656522,0.32673679445001713,0.3346188430422189,0.03135543339322726
1,2068,0.02,0.0,0.0,0.0,0.0,0.0,1.0
1,2068,0.03,0.0,0.0,0.0,0.0,0.0,1.0
1,2068,0.04,0.0,0.0,0.0,0.0,0.0,1.0
1,2068,0.05,0.0,0.0,0.0,0.0,0.0,1.0
1,2068,0.06,0.0,0.0,0.0,0.0,0.0,1.0
1,2068,0.07,0.0,0.0,0.0,0.0,0.0,1.0
1,2068,0.08,0.0,0.0,0.0,0.0,0.0,1.0
1,2068,0.09,0.0,0.0,0.0,0.0,0.0,1.0
1,2068,0.1,0.0,0.0,0.0,0.0,0.0,1.0
1,2068,0.11,0.0,0.0,0.0,0.0,0.0,1.0
1,2068,0.12,0.0,0.0,0.0,0.0,0.0,1.0
1,2068,0.13,0.0,0.0,0.0,0.0,0.0,1.0
1,2068,0.14,0.0,0.0,0.0,0.0,0.0,1.0
1,2068,0.15,0.0,0.0,0.0,0.0,0.0,1.0
1,2068,0.16,0.0,0.0,0.0,0.0,0.0,1.0
1,2068,0.17,0.0,0.0,0.0,0.0,0.0,1.0
1,2068,0.18,0.0,0.0,0.0,0.0,0.0,1.0
1,2068,0.19,0.0,0.0,0.0,0.0,0.0,1.0
1,2068,0.2,0.0,0.0,0.0,0.0,0.0,1.0
1,2068,0.21,0.0,0.0,0.0,0.0,0.0,1.0
1,2068,0.22,0.0,0.0,0.0,0.0,0.0,1.0
1,2068,0.23,0.0,0.0,0.0,0.0,0.0,1.0
1,2068,0.24,0.0,0.0,0.0,0.0,0.0,1.0
1,2068,0.25,0.0,0.0,0.0,0.0,0.0,1.0
1,2068,0.26,0.0,0.0,0.0,0.0,0.0,1.0
1,2068,0.27,0.0,0.0,0.0,0.0,0.0,1.0
1,2068,0.28,0.0,0.0,0.0,0.0,0.0,1.0
1,2068,0.29,0.0,0.0,0.0,0.0,0.0,1.0
1,2068,0.3,0.0,0.0,0.0,0.0,0.0,1.0
1,2068,0.31,0.0,0.0,0.0,0.0,0.0,1.0
1,2068,0.32,0.0,0.0,0.0,0.0,0.0,1.0
1,2068,0.33,0.0,0.0,0.0,0.0,0.0,1.0
1,2068,0.34,0.0,0.0,0.0,0.0,0.0,1.0
1,2068,0.35000000000000003,0.0,0.0,0.0,0.0,0.0,1.0
1,2068,0.36,0.0,0.0,0.0,0.0,0.0,1.0
1,2068,0.37,0.0,0.0,0.0,0.0,0.0,1.0
1,2068,0.38,0.0,0.0,0.0,0.0,0.0,1.0
1,2068,0.39,0.0,0.0,0.0,0.0,0.0,1.0
1,2068,0.4,0.0,0.0,0.0,0.0,0.0,1.0
1,2068,0.41000000000000003,0.0,0.0,0.0,0.0,0.0,1.0
1,2068,0.42,0.0,0.0,0.0,0.0,0.0,1.0
1,2068,0.43,0.0,0.0,0.0,0.0,0.0,1.0
1,2068,0.44,0.0,0.0,0.0,0.0,0.0,1.0
1,2068,0.45,0.0,0.0,0.0,0.0,0.0,1.0
1,2068,0.46,0.0,0.0,0.0,0.0,0.0,1.0
1,2068,0.47000000000000003,0.0,0.0,0.0,0.0,0.0,1.0
1,2068,0.48,0.0,0.0,0.0,0.0,0.0,1.0
1,2068,0.49,0.0,0.0,0.0,0.0,0.0,1.0
1,2068,0.5,0.0,0.0,0.0,0.0,0.0,1.0
1,2068,0.51,0.0,0.0,0.0,0.0,0.0,1.0
1,2068,0.52,0.0,0.0,0.0,0.0,0.0,1.0
1,2068,0.53,0.0,0.0,0.0,0.0,0.0,1.0
1,2068,0.54,0.0,0.0,0.0,0.0,0.0,1.0
1,2068,0.55,0.0,0.0,0.0,0.0,0.0,1.0
1,2068,0.56,0.0,0.0,0.0,0.0,0.0,1.0
1,2068,0.5700000000000001,0.0,0.0,0.0,0.0,0.0,1.0
1,2068,0.58,0.0,0.0,0.0,0.0,0.0,1.0
1,2068,0.59,0.0,0.0,0.0,0.0,0.0,1.0
1,2068,0.6,0.0,0.0,0.0,0.0,0.0,1.0
1,2068,0.61,0.0,0.0,0.0,0.0,0.0,1.0
1,2068,0.62,0.0,0.0,0.0,0.0,0.0,1.0
1,2068,0.63,0.0,0.0,0.0,0.0,0.0,1.0
1,2068,0.64,0.0,0.0,0.0,0.0,0.0,1.0
1,2068,0.65,0.0,0.0,0.0,0.0,0.0,1.0
1,2068,0.66,0.0,0.0,0.0,0.0,0.0,1.0
1,2068,0.67,0.0,0.0,0.0,0.0,0.0,1.0
1,2068,0.68,0.0,0.0,0.0,0.0,0.0,1.0
1,2068,0.6900000000000001,0.0,0.0,0.0,0.0,0.0,1.0
1,2068,0.7000000000000001,0.0,0.0,0.0,0.0,0.0,1.0
1,2068,0.71,0.0,0.0,0.0,0.0,0.0,1.0
1,2068,0.72,0.0,0.0,0.0,0.0,0.0,1.0
1,2068,0.73,0.0,0.0,0.0,0.0,0.0,1.0
1,2068,0.74,0.0,0.0,0.0,0.0,0.0,1.0
1,2068,0.75,0.0,0.0,0.0,0.0,0.0,1.0
1,2068,0.76,0.0,0.0,0.0,0.0,0.0,1.0
1,2068,0.77,0.0,0.0,0.0,0.0,0.0,1.0
1,2068,0.78,0.0,0.0,0.0,0.0,0.0,1.0
1,2068,0.79,0.0,0.0,0.0,0.0,0.0,1.0
1,2068,0.8,0.0,0.0,0.0,0.0,0.0,1.0
1,2068,0.81,0.0,0.0,0.0,0.0,0.0,1.0
1,2068,0.8200000000000001,0.0,0.0,0.0,0.0,0.0,1.0
1,2068,0.8300000000000001,0.0,0.0,0.0,0.0,0.0,1.0
1,2068,0.84,0.0,0.0,0.0,0.0,0.0,1.0
1,2068,0.85,0.0,0.0,0.0,0.0,0.0,1.0
1,2068,0.86,0.0,0.0,0.0,0.0,0.0,1.0
1,2068,0.87,0.0,0.0,0.0,0.0,0.0,1.0
1,2068,0.88,0.0,0.0,0.0,0.0,0.0,1.0
1,2068,0.89,0.0,0.0,0.0,0.0,0.0,1.0
1,2068,0.9,0.0,0.0,0.0,0.0,0.0,1.0
1,2068,0.91,0.0,0.0,0.0,0.0,0.0,1.0
1,2068,0.92,0.0,0.0,0.0,0.0,0.0,1.0
1,2068,0.93,0.0,0.0,0.0,0.0,0.0,1.0
1,2068,0.9400000000000001,0.0,0.0,0.0,0.0,0.0,1.0
1,2068,0.9500000000000001,0.0,0.0,0.0,0.0,0.0,1.0
1,2068,0.96,0.0,0.0,0.0,0.0,0.0,1.0
1,2068,0.97,0.0,0.0,0.0,0.0,0.0,1.0
1,2068,0.98,0.0,0.0,0.0,0.0,0.0,1.0
1,2068,0.99,0.0,0.0,0.0,0.0,0.0,1.0
1,2068,1.0,0.0,0.0,0.0,0.0,0.0,1.0
1,2069,0.01,0.1473990797529045,0.20056216239228475,0.18164267727964706,0.04688942437280025,0.1719565593835219,0.2515500968188414
1,2069,0.02,0.0,0.0,0.0,0.0,0.0,1.0
1,2069,0.03,0.0,0.0,0.0,0.0,0.0,1.0
1,2069,0.04,0.0,0.0,0.0,0.0,0.0,1.0
1,2069,0.05,0.0,0.0,0.0,0.0,0.0,1.0
1,2069,0.06,0.0,0.0,0.0,0.0,0.0,1.0
1,2069,0.07,0.0,0.0,0.0,0.0,0.0,1.0
1,2069,0.08,0.0,0.0,0.0,0.0,0.0,1.0
1,2069,0.09,0.0,0.0,0.0,0.0,0.0,1.0
1,2069,0.1,0.0,0.0,0.0,0.0,0.0,1.0
1,2069,0.11,0.0,0.0,0.0,0.0,0.0,1.0
1,2069,0.12,0.0,0.0,0.0,0.0,0.0,1.0
1,2069,0.13,0.0,0.0,0.0,0.0,0.0,1.0
1,2069,0.14,0.0,0.0,0.0,0.0,0.0,1.0
1,2069,0.15,0.0,0.0,0.0,0.0,0.0,1.0
1,2069,0.16,0.0,0.0,0.0,0.0,0.0,1.0
1,2069,0.17,0.0,0.0,0.0,0.0,0.0,1.0
1,2069,0.18,0.0,0.0,0.0,0.0,0.0,1.0
1,2069,0.19,0.0,0.0,0.0,0.0,0.0,1.0
1,2069,0.2,0.0,0.0,0.0,0.0,0.0,1.0
1,2069,0.21,0.0,0.0,0.0,0.0,0.0,1.0
1,2069,0.22,0.0,0.0,0.0,0.0,0.0,1.0
1,2069,0.23,0.0,0.0,0.0,0.0,0.0,1.0
1,2069,0.24,0.0,0.0,0.0,0.0,0.0,1.0
1,2069,0.25,0.0,0.0,0.0,0.0,0.0,1.0
1,2069,0.26,0.0,0.0,0.0,0.0,0.0,1.0
1,2069,0.27,0.0,0.0,0.0,0.0,0.0,1.0
1,2069,0.28,0.0,0.0,0.0,0.0,0.0,1.0
1,2069,0.29,0.0,0.0,0.0,0.0,0.0,1.0
1,2069,0.3,0.0,0.0,0.0,0.0,0.0,1.0
1,2069,0.31,0.0,0.0,0.0,0.0,0.0,1.0
1,2069,0.32,0.0,0.0,0.0,0.0,0.0,1.0
1,2069,0.33,0.0,0.0,0.0,0.0,0.0,1.0
1,2069,0.34,0.0,0.0,0.0,0.0,0.0,1.0
1,2069,0.35000000000000003,0.0,0.0,0.0,0.0,0.0,1.0
1,2069,0.36,0.0,0.0,0.0,0.0,0.0,1.0
1,2069,0.37,0.0,0.0,0.0,0.0,0.0,1.0
1,2069,0.38,0.0,0.0,0.0,0.0,0.0,1.0
1,2069,0.39,0.0,0.0,0.0,0.0,0.0,1.0
1,2069,0.4,0.0,0.0,0.0,0.0,0.0,1.0
1,2069,0.41000000000000003,0.0,0.0,0.0,0.0,0.0,1.0
1,2069,0.42,0.0,0.0,0.0,0.0,0.0,1.0
1,2069,0.43,0.0,0.0,0.0,0.0,0.0,1.0
1,2069,0.44,0.0,0.0,0.0,0.0,0.0,1.0
1,2069,0.45,0.0,0.0,0.0,0.0,0.0,1.0
1,2069,0.46,0.0,0.0,0.0,0.0,0.0,1.0
1,2069,0.47000000000000003,0.0,0.0,0.0,0.0,0.0,1.0
1,2069,0.48,0.0,0.0,0.0,0.0,0.0,1.0
1,2069,0.49,0.0,0.0,0.0,0.0,0.0,1.0
1,2069,0.5,0.0,0.0,0.0,0.0,0.0,1.0
1,2069,0.51,0.0,0.0,0.0,0.0,0.0,1.0
1,2069,0.52,0.0,0.0,0.0,0.0,0.0,1.0
1,2069,0.53,0.0,0.0,0.0,0.0,0.0,1.0
1,2069,0.54,0.0,0.0,0.0,0.0,0.0,1.0
1,2069,0.55,0.0,0.0,0.0,0.0,0.0,1.0
1,2069,0.56,0.0,0.0,0.0,0.0,0.0,1.0
1,2069,0.5700000000000001,0.0,0.0,0.0,0.0,0.0,1.0
1,2069,0.58,0.0,0.0,0.0,0.0,0.0,1.0
1,2069,0.59,0.0,0.0,0.0,0.0,0.0,1.0
1,2069,0.6,0.0,0.0,0.0,0.0,0.0,1.0
1,2069,0.61,0.0,0.0,0.0,0.0,0.0,1.0
1,2069,0.62,0.0,0.0,0.0,0.0,0.0,1.0
1,2069,0.63,0.0,0.0,0.0,0.0,0.0,1.0
1,2069,0.64,0.0,0.0,0.0,0.0,0.0,1.0
1,2069,0.65,0.0,0.0,0.0,0.0,0.0,1.0
1,2069,0.66,0.0,0.0,0.0,0.0,0.0,1.0
1,2069,0.67,0.0,0.0,0.0,0.0,0.0,1.0
1,2069,0.68,0.0,0.0,0.0,0.0,0.0,1.0
1,2069,0.6900000000000001,0.0,0.0,0.0,0.0,0.0,1.0
1,2069,0.7000000000000001,0.0,0.0,0.0,0.0,0.0,1.0
1,2069,0.71,0.0,0.0,0.0,0.0,0.0,1.0
1,2069,0.72,0.0,0.0,0.0,0.0,0.0,1.0
1,2069,0.73,0.0,0.0,0.0,0.0,0.0,1.0
1,2069,0.74,0.0,0.0,0.0,0.0,0.0,1.0
1,2069,0.75,0.0,0.0,0.0,0.0,0.0,1.0
1,2069,0.76,0.0,0.0,0.0,0.0,0.0,1.0
1,2069,0.77,0.0,0.0,0.0,0.0,0.0,1.0
1,2069,0.78,0.0,0.0,0.0,0.0,0.0,1.0
1,2069,0.79,0.0,0.0,0.0,0.0,0.0,1.0
1,2069,0.8,0.0,0.0,0.0,0.0,0.0,1.0
1,2069,0.81,0.0,0.0,0.0,0.0,0.0,1.0
1,2069,0.8200000000000001,0.0,0.0,0.0,0.0,0.0,1.0
1,2069,0.8300000000000001,0.0,0.0,0.0,0.0,0.0,1.0
1,2069,0.84,0.0,0.0,0.0,0.0,0.0,1.0
1,2069,0.85,0.0,0.0,0.0,0.0,0.0,1.0
1,2069,0.86,0.0,0.0,0.0,0.0,0.0,1.0
1,2069,0.87,0.0,0.0,0.0,0.0,0.0,1.0
1,2069,0.88,0.0,0.0,0.0,0.0,0.0,1.0
1,2069,0.89,0.0,0.0,0.0,0.0,0.0,1.0
1,2069,0.9,0.0,0.0,0.0,0.0,0.0,1.0
1,2069,0.91,0.0,0.0,0.0,0.0,0.0,1.0
1,2069,0.92,0.0,0.0,0.0,0.0,0.0,1.0
1,2069,0.93,0.0,0.0,0.0,0.0,0.0,1.0
1,2069,0.9400000000000001,0.0,0.0,0.0,0.0,0.0,1.0
1,2069,0.9500000000000001,0.0,0.0,0.0,0.0,0.0,1.0
1,2069,0.96,0.0,0.0,0.0,0.0,0.0,1.0
1,2069,0.97,0.0,0.0,0.0,0.0,0.0,1.0
1,2069,0.98,0.0,0.0,0.0,0.0,0.0,1.0
1,2069,0.99,0.0,0.0,0.0,0.0,0.0,1.0
1,2069,1.0,0.0,0.0,0.0,0.0,0.0,1.0
1,2070,0.01,0.03280139539189936,0.41577679294582726,0.18142654915543133,0.2544354556901619,0.008450651689153602,0.10710915512752657
1,2070,0.02,0.0,0.0,0.0,0.0,0.0,1.0
1,2070,0.03,0.0,0.0,0.0,0.0,0.0,1.0
1,2070,0.04,0.0,0.0,0.0,0.0,0.0,1.0
1,2070,0.05,0.0,0.0,0.0,0.0,0.0,1.0
1,2070,0.06,0.0,0.0,0.0,0.0,0.0,1.0
1,2070,0.07,0.0,0.0,0.0,0.0,0.0,1.0
1,2070,0.08,0.0,0.0,0.0,0.0,0.0,1.0
1,2070,0.09,0.0,0.0,0.0,0.0,0.0,1.0
1,2070,0.1,0.0,0.0,0.0,0.0,0.0,1.0
1,2070,0.11,0.0,0.0,0.0,0.0,0.0,1.0
1,2070,0.12,0.0,0.0,0.0,0.0,0.0,1.0
1,2070,0.13,0.0,0.0,0.0,0.0,0.0,1.0
1,2070,0.14,0.0,0.0,0.0,0.0,0.0,1.0
1,2070,0.15,0.0,0.0,0.0,0.0,0.0,1.0
1,2070,0.16,0.0,0.0,0.0,0.0,0.0,1.0
1,2070,0.17,0.0,0.0,0.0,0.0,0.0,1.0
1,2070,0.18,0.0,0.0,0.0,0.0,0.0,1.0
1,2070,0.19,0.0,0.0,0.0,0.0,0.0,1.0
1,2070,0.2,0.0,0.0,0.0,0.0,0.0,1.0
1,2070,0.21,0.0,0.0,0.0,0.0,0.0,1.0
1,2070,0.22,0.0,0.0,0.0,0.0,0.0,1.0
1,2070,0.23,0.0,0.0,0.0,0.0,0.0,1.0
1,2070,0.24,0.0,0.0,0.0,0.0,0.0,1.0
1,2070,0.25,0.0,0.0,0.0,0.0,0.0,1.0
1,2070,0.26,0.0,0.0,0.0,0.0,0.0,1.0
1,2070,0.27,0.0,0.0,0.0,0.0,0.0,1.0
1,2070,0.28,0.0,0.0,0.0,0.0,0.0,1.0
1,2070,0.29,0.0,0.0,0.0,0.0,0.0,1.0
1,2070,0.3,0.0,0.0,0.0,0.0,0.0,1.0
1,2070,0.31,0.0,0.0,0.0,0.0,0.0,1.0
1,2070,0.32,0.0,0.0,0.0,0.0,0.0,1.0
1,2070,0.33,0.0,0.0,0.0,0.0,0.0,1.0
1,2070,0.34,0.0,0.0,0.0,0.0,0.0,1.0
1,2070,0.35000000000000003,0.0,0.0,0.0,0.0,0.0,1.0
1,2070,0.36,0.0,0.0,0.0,0.0,0.0,1.0
1,2070,0.37,0.0,0.0,0.0,0.0,0.0,1.0
1,2070,0.38,0.0,0.0,0.0,0.0,0.0,1.0
1,2070,0.39,0.0,0.0,0.0,0.0,0.0,1.0
1,2070,0.4,0.0,0.0,0.0,0.0,0.0,1.0
1,2070,0.41000000000000003,0.0,0.0,0.0,0.0,0.0,1.0
1,2070,0.42,0.0,0.0,0.0,0.0,0.0,1.0
1,2070,0.43,0.0,0.0,0.0,0.0,0.0,1.0
1,2070,0.44,0.0,0.0,0.0,0.0,0.0,1.0
1,2070,0.45,0.0,0.0,0.0,0.0,0.0,1.0
1,2070,0.46,0.0,0.0,0.0,0.0,0.0,1.0
1,2070,0.47000000000000003,0.0,0.0,0.0,0.0,0.0,1.0
1,2070,0.48,0.0,0.0,0.0,0.0,0.0,1.0
1,2070,0.49,0.0,0.0,0.0,0.0,0.0,1.0
1,2070,0.5,0.0,0.0,0.0,0.0,0.0,1.0
1,2070,0.51,0.0,0.0,0.0,0.0,0.0,1.0
1,2070,0.52,0.0,0.0,0.0,0.0,0.0,1.0
1,2070,0.53,0.0,0.0,0.0,0.0,0.0,1.0
1,2070,0.54,0.0,0.0,0.0,0.0,0.0,1.0
1,2070,0.55,0.0,0.0,0.0,0.0,0.0,1.0
1,2070,0.56,0.0,0.0,0.0,0.0,0.0,1.0
1,2070,0.5700000000000001,0.0,0.0,0.0,0.0,0.0,1.0
1,2070,0.58,0.0,0.0,0.0,0.0,0.0,1.0
1,2070,0.59,0.0,0.0,0.0,0.0,0.0,1.0
1,2070,0.6,0.0,0.0,0.0,0.0,0.0,1.0
1,2070,0.61,0.0,0.0,0.0,0.0,0.0,1.0
1,2070,0.62,0.0,0.0,0.0,0.0,0.0,1.0
1,2070,0.63,0.0,0.0,0.0,0.0,0.0,1.0
1,2070,0.64,0.0,0.0,0.0,0.0,0.0,1.0
1,2070,0.65,0.0,0.0,0.0,0.0,0.0,1.0
1,2070,0.66,0.0,0.0,0.0,0.0,0.0,1.0
1,2070,0.67,0.0,0.0,0.0,0.0,0.0,1.0
1,2070,0.68,0.0,0.0,0.0,0.0,0.0,1.0
1,2070,0.6900000000000001,0.0,0.0,0.0,0.0,0.0,1.0
1,2070,0.7000000000000001,0.0,0.0,0.0,0.0,0.0,1.0
1,2070,0.71,0.0,0.0,0.0,0.0,0.0,1.0
1,2070,0.72,0.0,0.0,0.0,0.0,0.0,1.0
1,2070,0.73,0.0,0.0,0.0,0.0,0.0,1.0
1,2070,0.74,0.0,0.0,0.0,0.0,0.0,1.0
1,2070,0.75,0.0,0.0,0.0,0.0,0.0,1.0
1,2070,0.76,0.0,0.0,0.0,0.0,0.0,1.0
1,2070,0.77,0.0,0.0,0.0,0.0,0.0,1.0
1,2070,0.78,0.0,0.0,0.0,0.0,0.0,1.0
1,2070,0.79,0.0,0.0,0.0,0.0,0.0,1.0
1,2070,0.8,0.0,0.0,0.0,0.0,0.0,1.0
1,2070,0.81,0.0,0.0,0.0,0.0,0.0,1.0
1,2070,0.8200000000000001,0.0,0.0,0.0,0.0,0.0,1.0
1,2070,0.8300000000000001,0.0,0.0,0.0,0.0,0.0,1.0
1,2070,0.84,0.0,0.0,0.0,0.0,0.0,1.0
1,2070,0.85,0.0,0.0,0.0,0.0,0.0,1.0
1,2070,0.86,0.0,0.0,0.0,0.0,0.0,1.0
1,2070,0.87,0.0,0.0,0.0,0.0,0.0,1.0
1,2070,0.88,0.0,0.0,0.0,0.0,0.0,1.0
1,2070,0.89,0.0,0.0,0.0,0.0,0.0,1.0
1,2070,0.9,0.0,0.0,0.0,0.0,0.0,1.0
1,2070,0.91,0.0,0.0,0.0,0.0,0.0,1.0
1,2070,0.92,0.0,0.0,0.0,0.0,0.0,1.0
1,2070,0.93,0.0,0.0,0.0,0.0,0.0,1.0
1,2070,0.9400000000000001,0.0,0.0,0.0,0.0,0.0,1.0
1,2070,0.9500000000000001,0.0,0.0,0.0,0.0,0.0,1.0
1,2070,0.96,0.0,0.0,0.0,0.0,0.0,1.0
1,2070,0.97,0.0,0.0,0.0,0.0,0.0,1.0
1,2070,0.98,0.0,0.0,0.0,0.0,0.0,1.0
1,2070,0.99,0.0,0.0,0.0,0.0,0.0,1.0
1,2070,1.0,0.0,0.0,0.0,0.0,0.0,1.0
1,2071,0.01,0.1383192045171779,0.17584175431655238,0.00011558164564144812,0.29049886312808143,0.32029786551542055,0.07492673087712622
1,2071,0.02,0.0,0.0,0.0,0.0,0.0,1.0
1,2071,0.03,0.0,0.0,0.0,0.0,0.0,1.0
1,2071,0.04,0.0,0.0,0.0,0.0,0.0,1.0
1,2071,0.05,0.0,0.0,0.0,0.0,0.0,1.0
1,2071,0.06,0.0,0.0,0.0,0.0,0.0,1.0
1,2071,0.07,0.0,0.0,0.0,0.0,0.0,1.0
1,2071,0.08,0.0,0.0,0.0,0.0,0.0,1.0
1,2071,0.09,0.0,0.0,0.0,0.0,0.0,1.0
1,2071,0.1,0.0,0.0,0.0,0.0,0.0,1.0
1,2071,0.11,0.0,0.0,0.0,0.0,0.0,1.0
1,2071,0.12,0.0,0.0,0.0,0.0,0.0,1.0
1,2071,0.13,0.0,0.0,0.0,0.0,0.0,1.0
1,2071,0.14,0.0,0.0,0.0,0.0,0.0,1.0
1,2071,0.15,0.0,0.0,0.0,0.0,0.0,1.0
1,2071,0.16,0.0,0.0,0.0,0.0,0.0,1.0
1,2071,0.17,0.0,0.0,0.0,0.0,0.0,1.0
1,2071,0.18,0.0,0.0,0.0,0.0,0.0,1.0
1,2071,0.19,0.0,0.0,0.0,0.0,0.0,1.0
1,2071,0.2,0.0,0.0,0.0,0.0,0.0,1.0
1,2071,0.21,0.0,0.0,0.0,0.0,0.0,1.0
1,2071,0.22,0.0,0.0,0.0,0.0,0.0,1.0
1,2071,0.23,0.0,0.0,0.0,0.0,0.0,1.0
1,2071,0.24,0.0,0.0,0.0,0.0,0.0,1.0
1,2071,0.25,0.0,0.0,0.0,0.0,0.0,1.0
1,2071,0.26,0.0,0.0,0.0,0.0,0.0,1.0
1,2071,0.27,0.0,0.0,0.0,0.0,0.0,1.0
1,2071,0.28,0.0,0.0,0.0,0.0,0.0,1.0
1,2071,0.29,0.0,0.0,0.0,0.0,0.0,1.0
1,2071,0.3,0.0,0.0,0.0,0.0,0.0,1.0
1,2071,0.31,0.0,0.0,0.0,0.0,0.0,1.0
1,2071,0.32,0.0,0.0,0.0,0.0,0.0,1.0
1,2071,0.33,0.0,0.0,0.0,0.0,0.0,1.0
1,2071,0.34,0.0,0.0,0.0,0.0,0.0,1.0
1,2071,0.35000000000000003,0.0,0.0,0.0,0.0,0.0,1.0
1,2071,0.36,0.0,0.0,0.0,0.0,0.0,1.0
1,2071,0.37,0.0,0.0,0.0,0.0,0.0,1.0
1,2071,0.38,0.0,0.0,0.0,0.0,0.0,1.0
1,2071,0.39,0.0,0.0,0.0,0.0,0.0,1.0
1,2071,0.4,0.0,0.0,0.0,0.0,0.0,1.0
1,2071,0.41000000000000003,0.0,0.0,0.0,0.0,0.0,1.0
1,2071,0.42,0.0,0.0,0.0,0.0,0.0,1.0
1,2071,0.43,0.0,0.0,0.0,0.0,0.0,1.0
1,2071,0.44,0.0,0.0,0.0,0.0,0.0,1.0
1,2071,0.45,0.0,0.0,0.0,0.0,0.0,1.0
1,2071,0.46,0.0,0.0,0.0,0.0,0.0,1.0
1,2071,0.47000000000000003,0.0,0.0,0.0,0.0,0.0,1.0
1,2071,0.48,0.0,0.0,0.0,0.0,0.0,1.0
1,2071,0.49,0.0,0.0,0.0,0.0,0.0,1.0
1,2071,0.5,0.0,0.0,0.0,0.0,0.0,1.0
1,2071,0.51,0.0,0.0,0.0,0.0,0.0,1.0
1,2071,0.52,0.0,0.0,0.0,0.0,0.0,1.0
1,2071,0.53,0.0,0.0,0.0,0.0,0.0,1.0
1,2071,0.54,0.0,0.0,0.0,0.0,0.0,1.0
1,2071,0.55,0.0,0.0,0.0,0.0,0.0,1.0
1,2071,0.56,0.0,0.0,0.0,0.0,0.0,1.0
1,2071,0.5700000000000001,0.0,0.0,0.0,0.0,0.0,1.0
1,2071,0.58,0.0,0.0,0.0,0.0,0.0,1.0
1,2071,0.59,0.0,0.0,0.0,0.0,0.0,1.0
1,2071,0.6,0.0,0.0,0.0,0.0,0.0,1.0
1,2071,0.61,0.0,0.0,0.0,0.0,0.0,1.0
1,2071,0.62,0.0,0.0,0.0,0.0,0.0,1.0
1,2071,0.63,0.0,0.0,0.0,0.0,0.0,1.0
1,2071,0.64,0.0,0.0,0.0,0.0,0.0,1.0
1,2071,0.65,0.0,0.0,0.0,0.0,0.0,1.0
1,2071,0.66,0.0,0.0,0.0,0.0,0.0,1.0
1,2071,0.67,0.0,0.0,0.0,0.0,0.0,1.0
1,2071,0.68,0.0,0.0,0.0,0.0,0.0,1.0
1,2071,0.6900000000000001,0.0,0.0,0.0,0.0,0.0,1.0
1,2071,0.7000000000000001,0.0,0.0,0.0,0.0,0.0,1.0
1,2071,0.71,0.0,0.0,0.0,0.0,0.0,1.0
1,2071,0.72,0.0,0.0,0.0,0.0,0.0,1.0
1,2071,0.73,0.0,0.0,0.0,0.0,0.0,1.0
1,2071,0.74,0.0,0.0,0.0,0.0,0.0,1.0
1,2071,0.75,0.0,0.0,0.0,0.0,0.0,1.0
1,2071,0.76,0.0,0.0,0.0,0.0,0.0,1.0
1,2071,0.77,0.0,0.0,0.0,0.0,0.0,1.0
1,2071,0.78,0.0,0.0,0.0,0.0,0.0,1.0
1,2071,0.79,0.0,0.0,0.0,0.0,0.0,1.0
1,2071,0.8,0.0,0.0,0.0,0.0,0.0,1.0
1,2071,0.81,0.0,0.0,0.0,0.0,0.0,1.0
1,2071,0.8200000000000001,0.0,0.0,0.0,0.0,0.0,1.0
1,2071,0.8300000000000001,0.0,0.0,0.0,0.0,0.0,1.0
1,2071,0.84,0.0,0.0,0.0,0.0,0.0,1.0
1,2071,0.85,0.0,0.0,0.0,0.0,0.0,1.0
1,2071,0.86,0.0,0.0,0.0,0.0,0.0,1.0
1,2071,0.87,0.0,0.0,0.0,0.0,0.0,1.0
1,2071,0.88,0.0,0.0,0.0,0.0,0.0,1.0
1,2071,0.89,0.0,0.0,0.0,0.0,0.0,1.0
1,2071,0.9,0.0,0.0,0.0,0.0,0.0,1.0
1,2071,0.91,0.0,0.0,0.0,0.0,0.0,1.0
1,2071,0.92,0.0,0.0,0.0,0.0,0.0,1.0
1,2071,0.93,0.0,0.0,0.0,0.0,0.0,1.0
1,2071,0.9400000000000001,0.0,0.0,0.0,0.0,0.0,1.0
1,2071,0.9500000000000001,0.0,0.0,0.0,0.0,0.0,1.0
1,2071,0.96,0.0,0.0,0.0,0.0,0.0,1.0
1,2071,0.97,0.0,0.0,0.0,0.0,0.0,1.0
1,2071,0.98,0.0,0.0,0.0,0.0,0.0,1.0
1,2071,0.99,0.0,0.0,0.0,0.0,0.0,1.0
1,2071,1.0,0.0,0.0,0.0,0.0,0.0,1.0
1,2072,0.01,0.1486741898700168,0.239000406507445,0.005551722352465451,0.1370594676312251,0.17399313849176265,0.295721075147085
1,2072,0.02,0.0,0.0,0.0,0.0,0.0,1.0
1,2072,0.03,0.0,0.0,0.0,0.0,0.0,1.0
1,2072,0.04,0.0,0.0,0.0,0.0,0.0,1.0
1,2072,0.05,0.0,0.0,0.0,0.0,0.0,1.0
1,2072,0.06,0.0,0.0,0.0,0.0,0.0,1.0
1,2072,0.07,0.0,0.0,0.0,0.0,0.0,1.0
1,2072,0.08,0.0,0.0,0.0,0.0,0.0,1.0
1,2072,0.09,0.0,0.0,0.0,0.0,0.0,1.0
1,2072,0.1,0.0,0.0,0.0,0.0,0.0,1.0
1,2072,0.11,0.0,0.0,0.0,0.0,0.0,1.0
1,2072,0.12,0.0,0.0,0.0,0.0,0.0,1.0
1,2072,0.13,0.0,0.0,0.0,0.0,0.0,1.0
1,2072,0.14,0.0,0.0,0.0,0.0,0.0,1.0
1,2072,0.15,0.0,0.0,0.0,0.0,0.0,1.0
1,2072,0.16,0.0,0.0,0.0,0.0,0.0,1.0
1,2072,0.17,0.0,0.0,0.0,0.0,0.0,1.0
1,2072,0.18,0.0,0.0,0.0,0.0,0.0,1.0
1,2072,0.19,0.0,0.0,0.0,0.0,0.0,1.0
1,2072,0.2,0.0,0.0,0.0,0.0,0.0,1.0
1,2072,0.21,0.0,0.0,0.0,0.0,0.0,1.0
1,2072,0.22,0.0,0.0,0.0,0.0,0.0,1.0
1,2072,0.23,0.0,0.0,0.0,0.0,0.0,1.0
1,2072,0.24,0.0,0.0,0.0,0.0,0.0,1.0
1,2072,0.25,0.0,0.0,0.0,0.0,0.0,1.0
1,2072,0.26,0.0,0.0,0.0,0.0,0.0,1.0
1,2072,0.27,0.0,0.0,0.0,0.0,0.0,1.0
1,2072,0.28,0.0,0.0,0.0,0.0,0.0,1.0
1,2072,0.29,0.0,0.0,0.0,0.0,0.0,1.0
1,2072,0.3,0.0,0.0,0.0,0.0,0.0,1.0
1,2072,0.31,0.0,0.0,0.0,0.0,0.0,1.0
1,2072,0.32,0.0,0.0,0.0,0.0,0.0,1.0
1,2072,0.33,0.0,0.0,0.0,0.0,0.0,1.0
1,2072,0.34,0.0,0.0,0.0,0.0,0.0,1.0
1,2072,0.35000000000000003,0.0,0.0,0.0,0.0,0.0,1.0
1,2072,0.36,0.0,0.0,0.0,0.0,0.0,1.0
1,2072,0.37,0.0,0.0,0.0,0.0,0.0,1.0
1,2072,0.38,0.0,0.0,0.0,0.0,0.0,1.0
1,2072,0.39,0.0,0.0,0.0,0.0,0.0,1.0
1,2072,0.4,0.0,0.0,0.0,0.0,0.0,1.0
1,2072,0.41000000000000003,0.0,0.0,0.0,0.0,0.0,1.0
1,2072,0.42,0.0,0.0,0.0,0.0,0.0,1.0
1,2072,0.43,0.0,0.0,0.0,0.0,0.0,1.0
1,2072,0.44,0.0,0.0,0.0,0.0,0.0,1.0
1,2072,0.45,0.0,0.0,0.0,0.0,0.0,1.0
1,2072,0.46,0.0,0.0,0.0,0.0,0.0,1.0
1,2072,0.47000000000000003,0.0,0.0,0.0,0.0,0.0,1.0
1,2072,0.48,0.0,0.0,0.0,0.0,0.0,1.0
1,2072,0.49,0.0,0.0,0.0,0.0,0.0,1.0
1,2072,0.5,0.0,0.0,0.0,0.0,0.0,1.0
1,2072,0.51,0.0,0.0,0.0,0.0,0.0,1.0
1,2072,0.52,0.0,0.0,0.0,0.0,0.0,1.0
1,2072,0.53,0.0,0.0,0.0,0.0,0.0,1.0
1,2072,0.54,0.0,0.0,0.0,0.0,0.0,1.0
1,2072,0.55,0.0,0.0,0.0,0.0,0.0,1.0
1,2072,0.56,0.0,0.0,0.0,0.0,0.0,1.0
1,2072,0.5700000000000001,0.0,0.0,0.0,0.0,0.0,1.0
1,2072,0.58,0.0,0.0,0.0,0.0,0.0,1.0
1,2072,0.59,0.0,0.0,0.0,0.0,0.0,1.0
1,2072,0.6,0.0,0.0,0.0,0.0,0.0,1.0
1,2072,0.61,0.0,0.0,0.0,0.0,0.0,1.0
1,2072,0.62,0.0,0.0,0.0,0.0,0.0,1.0
1,2072,0.63,0.0,0.0,0.0,0.0,0.0,1.0
1,2072,0.64,0.0,0.0,0.0,0.0,0.0,1.0
1,2072,0.65,0.0,0.0,0.0,0.0,0.0,1.0
1,2072,0.66,0.0,0.0,0.0,0.0,0.0,1.0
1,2072,0.67,0.0,0.0,0.0,0.0,0.0,1.0
1,2072,0.68,0.0,0.0,0.0,0.0,0.0,1.0
1,2072,0.6900000000000001,0.0,0.0,0.0,0.0,0.0,1.0
1,2072,0.7000000000000001,0.0,0.0,0.0,0.0,0.0,1.0
1,2072,0.71,0.0,0.0,0.0,0.0,0.0,1.0
1,2072,0.72,0.0,0.0,0.0,0.0,0.0,1.0
1,2072,0.73,0.0,0.0,0.0,0.0,0.0,1.0
1,2072,0.74,0.0,0.0,0.0,0.0,0.0,1.0
1,2072,0.75,0.0,0.0,0.0,0.0,0.0,1.0
1,2072,0.76,0.0,0.0,0.0,0.0,0.0,1.0
1,2072,0.77,0.0,0.0,0.0,0.0,0.0,1.0
1,2072,0.78,0.0,0.0,0.0,0.0,0.0,1.0
1,2072,0.79,0.0,0.0,0.0,0.0,0.0,1.0
1,2072,0.8,0.0,0.0,0.0,0.0,0.0,1.0
1,2072,0.81,0.0,0.0,0.0,0.0,0.0,1.0
1,2072,0.8200000000000001,0.0,0.0,0.0,0.0,0.0,1.0
1,2072,0.8300000000000001,0.0,0.0,0.0,0.0,0.0,1.0
1,2072,0.84,0.0,0.0,0.0,0.0,0.0,1.0
1,2072,0.85,0.0,0.0,0.0,0.0,0.0,1.0
1,2072,0.86,0.0,0.0,0.0,0.0,0.0,1.0
1,2072,0.87,0.0,0.0,0.0,0.0,0.0,1.0
1,2072,0.88,0.0,0.0,0.0,0.0,0.0,1.0
1,2072,0.89,0.0,0.0,0.0,0.0,0.0,1.0
1,2072,0.9,0.0,0.0,0.0,0.0,0.0,1.0
1,2072,0.91,0.0,0.0,0.0,0.0,0.0,1.0
1,2072,0.92,0.0,0.0,0.0,0.0,0.0,1.0
1,2072,0.93,0.0,0.0,0.0,0.0,0.0,1.0
1,2072,0.9400000000000001,0.0,0.0,0.0,0.0,0.0,1.0
1,2072,0.9500000000000001,0.0,0.0,0.0,0.0,0.0,1.0
1,2072,0.96,0.0,0.0,0.0,0.0,0.0,1.0
1,2072,0.97,0.0,0.0,0.0,0.0,0.0,1.0
1,2072,0.98,0.0,0.0,0.0,0.0,0.0,1.0
1,2072,0.99,0.0,0.0,0.0,0.0,0.0,1.0
1,2072,1.0,0.0,0.0,0.0,0.0,0.0,1.0
1,2073,0.01,0.2277710873826216,0.09490214180075886,0.03204884532214367,0.02086902940333059,0.22404895568838137,0.40035994040276385
1,2073,0.02,0.0,0.0,0.0,0.0,0.0,1.0
1,2073,0.03,0.0,0.0,0.0,0.0,0.0,1.0
1,2073,0.04,0.0,0.0,0.0,0.0,0.0,1.0
1,2073,0.05,0.0,0.0,0.0,0.0,0.0,1.0
1,2073,0.06,0.0,0.0,0.0,0.0,0.0,1.0
1,2073,0.07,0.0,0.0,0.0,0.0,0.0,1.0
1,2073,0.08,0.0,0.0,0.0,0.0,0.0,1.0
1,2073,0.09,0.0,0.0,0.0,0.0,0.0,1.0
1,2073,0.1,0.0,0.0,0.0,0.0,0.0,1.0
1,2073,0.11,0.0,0.0,0.0,0.0,0.0,1.0
1,2073,0.12,0.0,0.0,0.0,0.0,0.0,1.0
1,2073,0.13,0.0,0.0,0.0,0.0,0.0,1.0
1,2073,0.14,0.0,0.0,0.0,0.0,0.0,1.0
1,2073,0.15,0.0,0.0,0.0,0.0,0.0,1.0
1,2073,0.16,0.0,0.0,0.0,0.0,0.0,1.0
1,2073,0.17,0.0,0.0,0.0,0.0,0.0,1.0
1,2073,0.18,0.0,0.0,0.0,0.0,0.0,1.0
1,2073,0.19,0.0,0.0,0.0,0.0,0.0,1.0
1,2073,0.2,0.0,0.0,0.0,0.0,0.0,1.0
1,2073,0.21,0.0,0.0,0.0,0.0,0.0,1.0
1,2073,0.22,0.0,0.0,0.0,0.0,0.0,1.0
1,2073,0.23,0.0,0.0,0.0,0.0,0.0,1.0
1,2073,0.24,0.0,0.0,0.0,0.0,0.0,1.0
1,2073,0.25,0.0,0.0,0.0,0.0,0.0,1.0
1,2073,0.26,0.0,0.0,0.0,0.0,0.0,1.0
1,2073,0.27,0.0,0.0,0.0,0.0,0.0,1.0
1,2073,0.28,0.0,0.0,0.0,0.0,0.0,1.0
1,2073,0.29,0.0,0.0,0.0,0.0,0.0,1.0
1,2073,0.3,0.0,0.0,0.0,0.0,0.0,1.0
1,2073,0.31,0.0,0.0,0.0,0.0,0.0,1.0
1,2073,0.32,0.0,0.0,0.0,0.0,0.0,1.0
1,2073,0.33,0.0,0.0,0.0,0.0,0.0,1.0
1,2073,0.34,0.0,0.0,0.0,0.0,0.0,1.0
1,2073,0.35000000000000003,0.0,0.0,0.0,0.0,0.0,1.0
1,2073,0.36,0.0,0.0,0.0,0.0,0.0,1.0
1,2073,0.37,0.0,0.0,0.0,0.0,0.0,1.0
1,2073,0.38,0.0,0.0,0.0,0.0,0.0,1.0
1,2073,0.39,0.0,0.0,0.0,0.0,0.0,1.0
1,2073,0.4,0.0,0.0,0.0,0.0,0.0,1.0
1,2073,0.41000000000000003,0.0,0.0,0.0,0.0,0.0,1.0
1,2073,0.42,0.0,0.0,0.0,0.0,0.0,1.0
1,2073,0.43,0.0,0.0,0.0,0.0,0.0,1.0
1,2073,0.44,0.0,0.0,0.0,0.0,0.0,1.0
1,2073,0.45,0.0,0.0,0.0,0.0,0.0,1.0
1,2073,0.46,0.0,0.0,0.0,0.0,0.0,1.0
1,2073,0.47000000000000003,0.0,0.0,0.0,0.0,0.0,1.0
1,2073,0.48,0.0,0.0,0.0,0.0,0.0,1.0
1,2073,0.49,0.0,0.0,0.0,0.0,0.0,1.0
1,2073,0.5,0.0,0.0,0.0,0.0,0.0,1.0
1,2073,0.51,0.0,0.0,0.0,0.0,0.0,1.0
1,2073,0.52,0.0,0.0,0.0,0.0,0.0,1.0
1,2073,0.53,0.0,0.0,0.0,0.0,0.0,1.0
1,2073,0.54,0.0,0.0,0.0,0.0,0.0,1.0
1,2073,0.55,0.0,0.0,0.0,0.0,0.0,1.0
1,2073,0.56,0.0,0.0,0.0,0.0,0.0,1.0
1,2073,0.5700000000000001,0.0,0.0,0.0,0.0,0.0,1.0
1,2073,0.58,0.0,0.0,0.0,0.0,0.0,1.0
1,2073,0.59,0.0,0.0,0.0,0.0,0.0,1.0
1,2073,0.6,0.0,0.0,0.0,0.0,0.0,1.0
1,2073,0.61,0.0,0.0,0.0,0.0,0.0,1.0
1,2073,0.62,0.0,0.0,0.0,0.0,0.0,1.0
1,2073,0.63,0.0,0.0,0.0,0.0,0.0,1.0
1,2073,0.64,0.0,0.0,0.0,0.0,0.0,1.0
1,2073,0.65,0.0,0.0,0.0,0.0,0.0,1.0
1,2073,0.66,0.0,0.0,0.0,0.0,0.0,1.0
1,2073,0.67,0.0,0.0,0.0,0.0,0.0,1.0
1,2073,0.68,0.0,0.0,0.0,0.0,0.0,1.0
1,2073,0.6900000000000001,0.0,0.0,0.0,0.0,0.0,1.0
1,2073,0.7000000000000001,0.0,0.0,0.0,0.0,0.0,1.0
1,2073,0.71,0.0,0.0,0.0,0.0,0.0,1.0
1,2073,0.72,0.0,0.0,0.0,0.0,0.0,1.0
1,2073,0.73,0.0,0.0,0.0,0.0,0.0,1.0
1,2073,0.74,0.0,0.0,0.0,0.0,0.0,1.0
1,2073,0.75,0.0,0.0,0.0,0.0,0.0,1.0
1,2073,0.76,0.0,0.0,0.0,0.0,0.0,1.0
1,2073,0.77,0.0,0.0,0.0,0.0,0.0,1.0
1,2073,0.78,0.0,0.0,0.0,0.0,0.0,1.0
1,2073,0.79,0.0,0.0,0.0,0.0,0.0,1.0
1,2073,0.8,0.0,0.0,0.0,0.0,0.0,1.0
1,2073,0.81,0.0,0.0,0.0,0.0,0.0,1.0
1,2073,0.8200000000000001,0.0,0.0,0.0,0.0,0.0,1.0
1,2073,0.8300000000000001,0.0,0.0,0.0,0.0,0.0,1.0
1,2073,0.84,0.0,0.0,0.0,0.0,0.0,1.0
1,2073,0.85,0.0,0.0,0.0,0.0,0.0,1.0
1,2073,0.86,0.0,0.0,0.0,0.0,0.0,1.0
1,2073,0.87,0.0,0.0,0.0,0.0,0.0,1.0
1,2073,0.88,0.0,0.0,0.0,0.0,0.0,1.0
1,2073,0.89,0.0,0.0,0.0,0.0,0.0,1.0
1,2073,0.9,0.0,0.0,0.0,0.0,0.0,1.0
1,2073,0.91,0.0,0.0,0.0,0.0,0.0,1.0
1,2073,0.92,0.0,0.0,0.0,0.0,0.0,1.0
1,2073,0.93,0.0,0.0,0.0,0.0,0.0,1.0
1,2073,0.9400000000000001,0.0,0.0,0.0,0.0,0.0,1.0
1,2073,0.9500000000000001,0.0,0.0,0.0,0.0,0.0,1.0
1,2073,0.96,0.0,0.0,0.0,0.0,0.0,1.0
1,2073,0.97,0.0,0.0,0.0,0.0,0.0,1.0
1,2073,0.98,0.0,0.0,0.0,0.0,0.0,1.0
1,2073,0.99,0.0,0.0,0.0,0.0,0.0,1.0
1,2073,1.0,0.0,0.0,0.0,0.0,0.0,1.0
1,2074,0.01,0.21834104678458796,0.09657160325253818,0.19182644350482322,0.13168737261410543,0.1503000559766394,0.21127347786730577
1,2074,0.02,0.0,0.0,0.0,0.0,0.0,1.0
1,2074,0.03,0.0,0.0,0.0,0.0,0.0,1.0
1,2074,0.04,0.0,0.0,0.0,0.0,0.0,1.0
1,2074,0.05,0.0,0.0,0.0,0.0,0.0,1.0
1,2074,0.06,0.0,0.0,0.0,0.0,0.0,1.0
1,2074,0.07,0.0,0.0,0.0,0.0,0.0,1.0
1,2074,0.08,0.0,0.0,0.0,0.0,0.0,1.0
1,2074,0.09,0.0,0.0,0.0,0.0,0.0,1.0
1,2074,0.1,0.0,0.0,0.0,0.0,0.0,1.0
1,2074,0.11,0.0,0.0,0.0,0.0,0.0,1.0
1,2074,0.12,0.0,0.0,0.0,0.0,0.0,1.0
1,2074,0.13,0.0,0.0,0.0,0.0,0.0,1.0
1,2074,0.14,0.0,0.0,0.0,0.0,0.0,1.0
1,2074,0.15,0.0,0.0,0.0,0.0,0.0,1.0
1,2074,0.16,0.0,0.0,0.0,0.0,0.0,1.0
1,2074,0.17,0.0,0.0,0.0,0.0,0.0,1.0
1,2074,0.18,0.0,0.0,0.0,0.0,0.0,1.0
1,2074,0.19,0.0,0.0,0.0,0.0,0.0,1.0
1,2074,0.2,0.0,0.0,0.0,0.0,0.0,1.0
1,2074,0.21,0.0,0.0,0.0,0.0,0.0,1.0
1,2074,0.22,0.0,0.0,0.0,0.0,0.0,1.0
1,2074,0.23,0.0,0.0,0.0,0.0,0.0,1.0
1,2074,0.24,0.0,0.0,0.0,0.0,0.0,1.0
1,2074,0.25,0.0,0.0,0.0,0.0,0.0,1.0
1,2074,0.26,0.0,0.0,0.0,0.0,0.0,1.0
1,2074,0.27,0.0,0.0,0.0,0.0,0.0,1.0
1,2074,0.28,0.0,0.0,0.0,0.0,0.0,1.0
1,2074,0.29,0.0,0.0,0.0,0.0,0.0,1.0
1,2074,0.3,0.0,0.0,0.0,0.0,0.0,1.0
1,2074,0.31,0.0,0.0,0.0,0.0,0.0,1.0
1,2074,0.32,0.0,0.0,0.0,0.0,0.0,1.0
1,2074,0.33,0.0,0.0,0.0,0.0,0.0,1.0
1,2074,0.34,0.0,0.0,0.0,0.0,0.0,1.0
1,2074,0.35000000000000003,0.0,0.0,0.0,0.0,0.0,1.0
1,2074,0.36,0.0,0.0,0.0,0.0,0.0,1.0
1,2074,0.37,0.0,0.0,0.0,0.0,0.0,1.0
1,2074,0.38,0.0,0.0,0.0,0.0,0.0,1.0
1,2074,0.39,0.0,0.0,0.0,0.0,0.0,1.0
1,2074,0.4,0.0,0.0,0.0,0.0,0.0,1.0
1,2074,0.41000000000000003,0.0,0.0,0.0,0.0,0.0,1.0
1,2074,0.42,0.0,0.0,0.0,0.0,0.0,1.0
1,2074,0.43,0.0,0.0,0.0,0.0,0.0,1.0
1,2074,0.44,0.0,0.0,0.0,0.0,0.0,1.0
1,2074,0.45,0.0,0.0,0.0,0.0,0.0,1.0
1,2074,0.46,0.0,0.0,0.0,0.0,0.0,1.0
1,2074,0.47000000000000003,0.0,0.0,0.0,0.0,0.0,1.0
1,2074,0.48,0.0,0.0,0.0,0.0,0.0,1.0
1,2074,0.49,0.0,0.0,0.0,0.0,0.0,1.0
1,2074,0.5,0.0,0.0,0.0,0.0,0.0,1.0
1,2074,0.51,0.0,0.0,0.0,0.0,0.0,1.0
1,2074,0.52,0.0,0.0,0.0,0.0,0.0,1.0
1,2074,0.53,0.0,0.0,0.0,0.0,0.0,1.0
1,2074,0.54,0.0,0.0,0.0,0.0,0.0,1.0
1,2074,0.55,0.0,0.0,0.0,0.0,0.0,1.0
1,2074,0.56,0.0,0.0,0.0,0.0,0.0,1.0
1,2074,0.5700000000000001,0.0,0.0,0.0,0.0,0.0,1.0
1,2074,0.58,0.0,0.0,0.0,0.0,0.0,1.0
1,2074,0.59,0.0,0.0,0.0,0.0,0.0,1.0
1,2074,0.6,0.0,0.0,0.0,0.0,0.0,1.0
1,2074,0.61,0.0,0.0,0.0,0.0,0.0,1.0
1,2074,0.62,0.0,0.0,0.0,0.0,0.0,1.0
1,2074,0.63,0.0,0.0,0.0,0.0,0.0,1.0
1,2074,0.64,0.0,0.0,0.0,0.0,0.0,1.0
1,2074,0.65,0.0,0.0,0.0,0.0,0.0,1.0
1,2074,0.66,0.0,0.0,0.0,0.0,0.0,1.0
1,2074,0.67,0.0,0.0,0.0,0.0,0.0,1.0
1,2074,0.68,0.0,0.0,0.0,0.0,0.0,1.0
1,2074,0.6900000000000001,0.0,0.0,0.0,0.0,0.0,1.0
1,2074,0.7000000000000001,0.0,0.0,0.0,0.0,0.0,1.0
1,2074,0.71,0.0,0.0,0.0,0.0,0.0,1.0
1,2074,0.72,0.0,0.0,0.0,0.0,0.0,1.0
1,2074,0.73,0.0,0.0,0.0,0.0,0.0,1.0
1,2074,0.74,0.0,0.0,0.0,0.0,0.0,1.0
1,2074,0.75,0.0,0.0,0.0,0.0,0.0,1.0
1,2074,0.76,0.0,0.0,0.0,0.0,0.0,1.0
1,2074,0.77,0.0,0.0,0.0,0.0,0.0,1.0
1,2074,0.78,0.0,0.0,0.0,0.0,0.0,1.0
1,2074,0.79,0.0,0.0,0.0,0.0,0.0,1.0
1,2074,0.8,0.0,0.0,0.0,0.0,0.0,1.0
1,2074,0.81,0.0,0.0,0.0,0.0,0.0,1.0
1,2074,0.8200000000000001,0.0,0.0,0.0,0.0,0.0,1.0
1,2074,0.8300000000000001,0.0,0.0,0.0,0.0,0.0,1.0
1,2074,0.84,0.0,0.0,0.0,0.0,0.0,1.0
1,2074,0.85,0.0,0.0,0.0,0.0,0.0,1.0
1,2074,0.86,0.0,0.0,0.0,0.0,0.0,1.0
1,2074,0.87,0.0,0.0,0.0,0.0,0.0,1.0
1,2074,0.88,0.0,0.0,0.0,0.0,0.0,1.0
1,2074,0.89,0.0,0.0,0.0,0.0,0.0,1.0
1,2074,0.9,0.0,0.0,0.0,0.0,0.0,1.0
1,2074,0.91,0.0,0.0,0.0,0.0,0.0,1.0
1,2074,0.92,0.0,0.0,0.0,0.0,0.0,1.0
1,2074,0.93,0.0,0.0,0.0,0.0,0.0,1.0
1,2074,0.9400000000000001,0.0,0.0,0.0,0.0,0.0,1.0
1,2074,0.9500000000000001,0.0,0.0,0.0,0.0,0.0,1.0
1,2074,0.96,0.0,0.0,0.0,0.0,0.0,1.0
1,2074,0.97,0.0,0.0,0.0,0.0,0.0,1.0
1,2074,0.98,0.0,0.0,0.0,0.0,0.0,1.0
1,2074,0.99,0.0,0.0,0.0,0.0,0.0,1.0
1,2074,1.0,0.0,0.0,0.0,0.0,0.0,1.0
1,2075,0.01,0.11113972777561203,0.08278682235512726,0.4599160026747448,0.060312593799107514,0.26549728775072107,0.020347565644687256
1,2075,0.02,0.11113972777561203,0.08278682235512726,0.4599160026747448,0.060312593799107514,0.26549728775072107,0.020347565644687256
1,2075,0.03,0.11113972777561203,0.08278682235512726,0.4599160026747448,0.060312593799107514,0.26549728775072107,0.020347565644687256
1,2075,0.04,0.11113972777561203,0.08278682235512726,0.4599160026747448,0.060312593799107514,0.26549728775072107,0.020347565644687256
1,2075,0.05,0.0,0.0,0.0,0.0,0.0,1.0
1,2075,0.06,0.0,0.0,0.0,0.0,0.0,1.0
1,2075,0.07,0.0,0.0,0.0,0.0,0.0,1.0
1,2075,0.08,0.0,0.0,0.0,0.0,0.0,1.0
1,2075,0.09,0.0,0.0,0.0,0.0,0.0,1.0
1,2075,0.1,0.0,0.0,0.0,0.0,0.0,1.0
1,2075,0.11,0.0,0.0,0.0,0.0,0.0,1.0
1,2075,0.12,0.0,0.0,0.0,0.0,0.0,1.0
1,2075,0.13,0.0,0.0,0.0,0.0,0.0,1.0
1,2075,0.14,0.0,0.0,0.0,0.0,0.0,1.0
1,2075,0.15,0.0,0.0,0.0,0.0,0.0,1.0
1,2075,0.16,0.0,0.0,0.0,0.0,0.0,1.0
1,2075,0.17,0.0,0.0,0.0,0.0,0.0,1.0
1,2075,0.18,0.0,0.0,0.0,0.0,0.0,1.0
1,2075,0.19,0.0,0.0,0.0,0.0,0.0,1.0
1,2075,0.2,0.0,0.0,0.0,0.0,0.0,1.0
1,2075,0.21,0.0,0.0,0.0,0.0,0.0,1.0
1,2075,0.22,0.0,0.0,0.0,0.0,0.0,1.0
1,2075,0.23,0.0,0.0,0.0,0.0,0.0,1.0
1,2075,0.24,0.0,0.0,0.0,0.0,0.0,1.0
1,2075,0.25,0.0,0.0,0.0,0.0,0.0,1.0
1,2075,0.26,0.0,0.0,0.0,0.0,0.0,1.0
1,2075,0.27,0.0,0.0,0.0,0.0,0.0,1.0
1,2075,0.28,0.0,0.0,0.0,0.0,0.0,1.0
1,2075,0.29,0.0,0.0,0.0,0.0,0.0,1.0
1,2075,0.3,0.0,0.0,0.0,0.0,0.0,1.0
1,2075,0.31,0.0,0.0,0.0,0.0,0.0,1.0
1,2075,0.32,0.0,0.0,0.0,0.0,0.0,1.0
1,2075,0.33,0.0,0.0,0.0,0.0,0.0,1.0
1,2075,0.34,0.0,0.0,0.0,0.0,0.0,1.0
1,2075,0.35000000000000003,0.0,0.0,0.0,0.0,0.0,1.0
1,2075,0.36,0.0,0.0,0.0,0.0,0.0,1.0
1,2075,0.37,0.0,0.0,0.0,0.0,0.0,1.0
1,2075,0.38,0.0,0.0,0.0,0.0,0.0,1.0
1,2075,0.39,0.0,0.0,0.0,0.0,0.0,1.0
1,2075,0.4,0.0,0.0,0.0,0.0,0.0,1.0
1,2075,0.41000000000000003,0.0,0.0,0.0,0.0,0.0,1.0
1,2075,0.42,0.0,0.0,0.0,0.0,0.0,1.0
1,2075,0.43,0.0,0.0,0.0,0.0,0.0,1.0
1,2075,0.44,0.0,0.0,0.0,0.0,0.0,1.0
1,2075,0.45,0.0,0.0,0.0,0.0,0.0,1.0
1,2075,0.46,0.0,0.0,0.0,0.0,0.0,1.0
1,2075,0.47000000000000003,0.0,0.0,0.0,0.0,0.0,1.0
1,2075,0.48,0.0,0.0,0.0,0.0,0.0,1.0
1,2075,0.49,0.0,0.0,0.0,0.0,0.0,1.0
1,2075,0.5,0.0,0.0,0.0,0.0,0.0,1.0
1,2075,0.51,0.0,0.0,0.0,0.0,0.0,1.0
1,2075,0.52,0.0,0.0,0.0,0.0,0.0,1.0
1,2075,0.53,0.0,0.0,0.0,0.0,0.0,1.0
1,2075,0.54,0.0,0.0,0.0,0.0,0.0,1.0
1,2075,0.55,0.0,0.0,0.0,0.0,0.0,1.0
1,2075,0.56,0.0,0.0,0.0,0.0,0.0,1.0
1,2075,0.5700000000000001,0.0,0.0,0.0,0.0,0.0,1.0
1,2075,0.58,0.0,0.0,0.0,0.0,0.0,1.0
1,2075,0.59,0.0,0.0,0.0,0.0,0.0,1.0
1,2075,0.6,0.0,0.0,0.0,0.0,0.0,1.0
1,2075,0.61,0.0,0.0,0.0,0.0,0.0,1.0
1,2075,0.62,0.0,0.0,0.0,0.0,0.0,1.0
1,2075,0.63,0.0,0.0,0.0,0.0,0.0,1.0
1,2075,0.64,0.0,0.0,0.0,0.0,0.0,1.0
1,2075,0.65,0.0,0.0,0.0,0.0,0.0,1.0
1,2075,0.66,0.0,0.0,0.0,0.0,0.0,1.0
1,2075,0.67,0.0,0.0,0.0,0.0,0.0,1.0
1,2075,0.68,0.0,0.0,0.0,0.0,0.0,1.0
1,2075,0.6900000000000001,0.0,0.0,0.0,0.0,0.0,1.0
1,2075,0.7000000000000001,0.0,0.0,0.0,0.0,0.0,1.0
1,2075,0.71,0.0,0.0,0.0,0.0,0.0,1.0
1,2075,0.72,0.0,0.0,0.0,0.0,0.0,1.0
1,2075,0.73,0.0,0.0,0.0,0.0,0.0,1.0
1,2075,0.74,0.0,0.0,0.0,0.0,0.0,1.0
1,2075,0.75,0.0,0.0,0.0,0.0,0.0,1.0
1,2075,0.76,0.0,0.0,0.0,0.0,0.0,1.0
1,2075,0.77,0.0,0.0,0.0,0.0,0.0,1.0
1,2075,0.78,0.0,0.0,0.0,0.0,0.0,1.0
1,2075,0.79,0.0,0.0,0.0,0.0,0.0,1.0
1,2075,0.8,0.0,0.0,0.0,0.0,0.0,1.0
1,2075,0.81,0.0,0.0,0.0,0.0,0.0,1.0
1,2075,0.8200000000000001,0.0,0.0,0.0,0.0,0.0,1.0
1,2075,0.8300000000000001,0.0,0.0,0.0,0.0,0.0,1.0
1,2075,0.84,0.0,0.0,0.0,0.0,0.0,1.0
1,2075,0.85,0.0,0.0,0.0,0.0,0.0,1.0
1,2075,0.86,0.0,0.0,0.0,0.0,0.0,1.0
1,2075,0.87,0.0,0.0,0.0,0.0,0.0,1.0
1,2075,0.88,0.0,0.0,0.0,0.0,0.0,1.0
1,2075,0.89,0.0,0.0,0.0,0.0,0.0,1.0
1,2075,0.9,0.0,0.0,0.0,0.0,0.0,1.0
1,2075,0.91,0.0,0.0,0.0,0.0,0.0,1.0
1,2075,0.92,0.0,0.0,0.0,0.0,0.0,1.0
1,2075,0.93,0.0,0.0,0.0,0.0,0.0,1.0
1,2075,0.9400000000000001,0.0,0.0,0.0,0.0,0.0,1.0
1,2075,0.9500000000000001,0.0,0.0,0.0,0.0,0.0,1.0
1,2075,0.96,0.0,0.0,0.0,0.0,0.0,1.0
1,2075,0.97,0.0,0.0,0.0,0.0,0.0,1.0
1,2075,0.98,0.0,0.0,0.0,0.0,0.0,1.0
1,2075,0.99,0.0,0.0,0.0,0.0,0.0,1.0
1,2075,1.0,0.0,0.0,0.0,0.0,0.0,1.0
2,2025,0.01,0.17702346207221165,0.07724972974766846,0.22689547662752976,0.16658624417955417,0.11083866195466696,0.24140642541836901
2,2025,0.02,0.17702346207221165,0.07724972974766846,0.22689547662752976,0.16658624417955417,0.11083866195466696,0.24140642541836901
2,2025,0.03,0.17702346207221165,0.07724972974766846,0.22689547662752976,0.16658624417955417,0.11083866195466696,0.24140642541836901
2,2025,0.04,0.17702346207221165,0.07724972974766846,0.22689547662752976,0.16658624417955417,0.11083866195466696,0.24140642541836901
2,2025,0.05,0.17702346207221165,0.07724972974766846,0.22689547662752976,0.16658624417955417,0.11083866195466696,0.24140642541836901
2,2025,0.06,0.17702346207221165,0.07724972974766846,0.22689547662752976,0.16658624417955417,0.11083866195466696,0.24140642541836901
2,2025,0.07,0.17702346207221165,0.07724972974766846,0.22689547662752976,0.16658624417955417,0.11083866195466696,0.24140642541836901
2,2025,0.08,0.17702346207221165,0.07724972974766846,0.22689547662752976,0.16658624417955417,0.11083866195466696,0.24140642541836901
2,2025,0.09,0.17702346207221165,0.07724972974766846,0.22689547662752976,0.16658624417955417,0.11083866195466696,0.24140642541836901
2,2025,0.1,0.17702346207221165,0.07724972974766846,0.22689547662752976,0.16658624417955417,0.11083866195466696,0.24140642541836901
2,2025,0.11,0.17702346207221165,0.07724972974766846,0.22689547662752976,0.16658624417955417,0.11083866195466696,0.24140642541836901
2,2025,0.12,0.17702346207221165,0.07724972974766846,0.22689547662752976,0.16658624417955417,0.11083866195466696,0.24140642541836901
2,2025,0.13,0.17702346207221165,0.07724972974766846,0.22689547662752976,0.16658624417955417,0.11083866195466696,0.24140642541836901
2,2025,0.14,0.17702346207221165,0.07724972974766846,0.22689547662752976,0.16658624417955417,0.11083866195466696,0.24140642541836901
2,2025,0.15,0.17702346207221165,0.07724972974766846,0.22689547662752976,0.16658624417955417,0.11083866195466696,0.24140642541836901
2,2025,0.16,0.17702346207221165,0.07724972974766846,0.22689547662752976,0.16658624417955417,0.11083866195466696,0.24140642541836901
2,2025,0.17,0.17702346207221165,0.07724972974766846,0.22689547662752976,0.16658624417955417,0.11083866195466696,0.24140642541836901
2,2025,0.18,0.17702346207221165,0.07724972974766846,0.22689547662752976,0.16658624417955417,0.11083866195466696,0.24140642541836901
2,2025,0.19,0.17702346207221165,0.07724972974766846,0.22689547662752976,0.16658624417955417,0.11083866195466696,0.24140642541836901
2,2025,0.2,0.17702346207221165,0.07724972974766846,0.22689547662752976,0.16658624417955417,0.11083866195466696,0.24140642541836901
2,2025,0.21,0.17702346207221165,0.07724972974766846,0.22689547662752976,0.16658624417955417,0.11083866195466696,0.24140642541836901
2,2025,0.22,0.17702346207221165,0.07724972974766846,0.22689547662752976,0.16658624417955417,0.11083866195466696,0.24140642541836901
2,2025,0.23,0.17702346207221165,0.07724972974766846,0.22689547662752976,0.16658624417955417,0.11083866195466696,0.24140642541836901
2,2025,0.24,0.17702346207221165,0.07724972974766846,0.22689547662752976,0.16658624417955417,0.11083866195466696,0.24140642541836901
2,2025,0.25,0.17702346207221165,0.07724972974766846,0.22689547662752976,0.16658624417955417,0.11083866195466696,0.24140642541836901
2,2025,0.26,0.17702346207221165,0.07724972974766846,0.22689547662752976,0.16658624417955417,0.11083866195466696,0.24140642541836901
2,2025,0.27,0.17702346207221165,0.07724972974766846,0.22689547662752976,0.16658624417955417,0.11083866195466696,0.24140642541836901
2,2025,0.28,0.17702346207221165,0.07724972974766846,0.22689547662752976,0.16658624417955417,0.11083866195466696,0.24140642541836901
2,2025,0.29,0.17702346207221165,0.07724972974766846,0.22689547662752976,0.16658624417955417,0.11083866195466696,0.24140642541836901
2,2025,0.3,0.17702346207221165,0.07724972974766846,0.22689547662752976,0.16658624417955417,0.11083866195466696,0.24140642541836901
2,2025,0.31,0.17702346207221165,0.07724972974766846,0.22689547662752976,0.16658624417955417,0.11083866195466696,0.24140642541836901
2,2025,0.32,0.17702346207221165,0.07724972974766846,0.22689547662752976,0.16658624417955417,0.11083866195466696,0.24140642541836901
2,2025,0.33,0.17702346207221165,0.07724972974766846,0.22689547662752976,0.16658624417955417,0.11083866195466696,0.24140642541836901
2,2025,0.34,0.17702346207221165,0.07724972974766846,0.22689547662752976,0.16658624417955417,0.11083866195466696,0.24140642541836901
2,2025,0.35000000000000003,0.17702346207221165,0.07724972974766846,0.22689547662752976,0.16658624417955417,0.11083866195466696,0.24140642541836901
2,2025,0.36,0.17702346207221165,0.07724972974766846,0.22689547662752976,0.16658624417955417,0.11083866195466696,0.24140642541836901
2,2025,0.37,0.17702346207221165,0.07724972974766846,0.22689547662752976,0.16658624417955417,0.11083866195466696,0.24140642541836901
2,2025,0.38,0.17702346207221165,0.07724972974766846,0.22689547662752976,0.16658624417955417,0.11083866195466696,0.24140642541836901
2,2025,0.39,0.17702346207221165,0.07724972974766846,0.22689547662752976,0.16658624417955417,0.11083866195466696,0.24140642541836901
2,2025,0.4,0.17702346207221165,0.07724972974766846,0.22689547662752976,0.16658624417955417,0.11083866195466696,0.24140642541836901
2,2025,0.41000000000000003,0.17702346207221165,0.07724972974766846,0.22689547662752976,0.16658624417955417,0.11083866195466696,0.24140642541836901
2,2025,0.42,0.17702346207221165,0.07724972974766846,0.22689547662752976,0.16658624417955417,0.11083866195466696,0.24140642541836901
2,2025,0.43,0.17702346207221165,0.07724972974766846,0.22689547662752976,0.16658624417955417,0.11083866195466696,0.24140642541836901
2,2025,0.44,0.17702346207221165,0.07724972974766846,0.22689547662752976,0.16658624417955417,0.11083866195466696,0.24140642541836901
2,2025,0.45,0.17702346207221165,0.07724972974766846,0.22689547662752976,0.16658624417955417,0.11083866195466696,0.24140642541836901
2,2025,0.46,0.17702346207221165,0.07724972974766846,0.22689547662752976,0.16658624417955417,0.11083866195466696,0.24140642541836901
2,2025,0.47000000000000003,0.17702346207221165,0.07724972974766846,0.22689547662752976,0.16658624417955417,0.11083866195466696,0.24140642541836901
2,2025,0.48,0.17702346207221165,0.07724972974766846,0.22689547662752976,0.16658624417955417,0.11083866195466696,0.24140642541836901
2,2025,0.49,0.17702346207221165,0.07724972974766846,0.22689547662752976,0.16658624417955417,0.11083866195466696,0.24140642541836901
2,2025,0.5,0.17702346207221165,0.07724972974766846,0.22689547662752976,0.16658624417955417,0.11083866195466696,0.24140642541836901
2,2025,0.51,0.17702346207221165,0.07724972974766846,0.22689547662752976,0.16658624417955417,0.11083866195466696,0.24140642541836901
2,2025,0.52,0.17702346207221165,0.07724972974766846,0.22689547662752976,0.16658624417955417,0.11083866195466696,0.24140642541836901
2,2025,0.53,0.17702346207221165,0.07724972974766846,0.22689547662752976,0.16658624417955417,0.11083866195466696,0.24140642541836901
2,2025,0.54,0.17702346207221165,0.07724972974766846,0.22689547662752976,0.16658624417955417,0.11083866195466696,0.24140642541836901
2,2025,0.55,0.17702346207221165,0.07724972974766846,0.22689547662752976,0.16658624417955417,0.11083866195466696,0.24140642541836901
2,2025,0.56,0.17702346207221165,0.07724972974766846,0.22689547662752976,0.16658624417955417,0.11083866195466696,0.24140642541836901
2,2025,0.5700000000000001,0.17702346207221165,0.07724972974766846,0.22689547662752976,0.16658624417955417,0.11083866195466696,0.24140642541836901
2,2025,0.58,0.17702346207221165,0.07724972974766846,0.22689547662752976,0.16658624417955417,0.11083866195466696,0.24140642541836901
2,2025,0.59,0.17702346207221165,0.07724972974766846,0.22689547662752976,0.16658624417955417,0.11083866195466696,0.24140642541836901
2,2025,0.6,0.17702346207221165,0.07724972974766846,0.22689547662752976,0.16658624417955417,0.11083866195466696,0.24140642541836901
2,2025,0.61,0.17702346207221165,0.07724972974766846,0.22689547662752976,0.16658624417955417,0.11083866195466696,0.24140642541836901
2,2025,0.62,0.17702346207221165,0.07724972974766846,0.22689547662752976,0.16658624417955417,0.11083866195466696,0.24140642541836901
2,2025,0.63,0.17702346207221165,0.07724972974766846,0.22689547662752976,0.16658624417955417,0.11083866195466696,0.24140642541836901
2,2025,0.64,0.17702346207221165,0.07724972974766846,0.22689547662752976,0.16658624417955417,0.11083866195466696,0.24140642541836901
2,2025,0.65,0.17702346207221165,0.07724972974766846,0.22689547662752976,0.16658624417955417,0.11083866195466696,0.24140642541836901
2,2025,0.66,0.17702346207221165,0.07724972974766846,0.22689547662752976,0.16658624417955417,0.11083866195466696,0.24140642541836901
2,2025,0.67,0.17702346207221165,0.07724972974766846,0.22689547662752976,0.16658624417955417,0.11083866195466696,0.24140642541836901
2,2025,0.68,0.17702346207221165,0.07724972974766846,0.22689547662752976,0.16658624417955417,0.11083866195466696,0.24140642541836901
2,2025,0.6900000000000001,0.17702346207221165,0.07724972974766846,0.22689547662752976,0.16658624417955417,0.11083866195466696,0.24140642541836901
2,2025,0.7000000000000001,0.17702346207221165,0.07724972974766846,0.22689547662752976,0.16658624417955417,0.11083866195466696,0.24140642541836901
2,2025,0.71,0.17702346207221165,0.07724972974766846,0.22689547662752976,0.16658624417955417,0.11083866195466696,0.24140642541836901
2,2025,0.72,0.17702346207221165,0.07724972974766846,0.22689547662752976,0.16658624417955417,0.11083866195466696,0.24140642541836901
2,2025,0.73,0.17702346207221165,0.07724972974766846,0.22689547662752976,0.16658624417955417,0.11083866195466696,0.24140642541836901
2,2025,0.74,0.17702346207221165,0.07724972974766846,0.22689547662752976,0.16658624417955417,0.11083866195466696,0.24140642541836901
2,2025,0.75,0.17702346207221165,0.07724972974766846,0.22689547662752976,0.16658624417955417,0.11083866195466696,0.24140642541836901
2,2025,0.76,0.17702346207221165,0.07724972974766846,0.22689547662752976,0.16658624417955417,0.11083866195466696,0.24140642541836901
2,2025,0.77,0.17702346207221165,0.07724972974766846,0.22689547662752976,0.16658624417955417,0.11083866195466696,0.24140642541836901
2,2025,0.78,0.17702346207221165,0.07724972974766846,0.22689547662752976,0.16658624417955417,0.11083866195466696,0.24140642541836901
2,2025,0.79,0.17702346207221165,0.07724972974766846,0.22689547662752976,0.16658624417955417,0.11083866195466696,0.24140642541836901
2,2025,0.8,0.17702346207221165,0.07724972974766846,0.22689547662752976,0.16658624417955417,0.11083866195466696,0.24140642541836901
2,2025,0.81,0.17702346207221165,0.07724972974766846,0.22689547662752976,0.16658624417955417,0.11083866195466696,0.24140642541836901
2,2025,0.8200000000000001,0.17702346207221165,0.07724972974766846,0.22689547662752976,0.16658624417955417,0.11083866195466696,0.24140642541836901
2,2025,0.8300000000000001,0.17702346207221165,0.07724972974766846,0.22689547662752976,0.16658624417955417,0.11083866195466696,0.24140642541836901
2,2025,0.84,0.17702346207221165,0.07724972974766846,0.22689547662752976,0.16658624417955417,0.11083866195466696,0.24140642541836901
2,2025,0.85,0.17702346207221165,0.07724972974766846,0.22689547662752976,0.16658624417955417,0.11083866195466696,0.24140642541836901
2,2025,0.86,0.17702346207221165,0.07724972974766846,0.22689547662752976,0.16658624417955417,0.11083866195466696,0.24140642541836901
2,2025,0.87,0.17702346207221165,0.07724972974766846,0.22689547662752976,0.16658624417955417,0.11083866195466696,0.24140642541836901
2,2025,0.88,0.17702346207221165,0.07724972974766846,0.22689547662752976,0.16658624417955417,0.11083866195466696,0.24140642541836901
2,2025,0.89,0.17702346207221165,0.07724972974766846,0.22689547662752976,0.16658624417955417,0.11083866195466696,0.24140642541836901
2,2025,0.9,0.17702346207221165,0.07724972974766846,0.22689547662752976,0.16658624417955417,0.11083866195466696,0.24140642541836901
2,2025,0.91,0.17702346207221165,0.07724972974766846,0.22689547662752976,0.16658624417955417,0.11083866195466696,0.24140642541836901
2,2025,0.92,0.17702346207221165,0.07724972974766846,0.22689547662752976,0.16658624417955417,0.11083866195466696,0.24140642541836901
2,2025,0.93,0.17702346207221165,0.07724972974766846,0.22689547662752976,0.16658624417955417,0.11083866195466696,0.24140642541836901
2,2025,0.9400000000000001,0.17702346207221165,0.07724972974766846,0.22689547662752976,0.16658624417955417,0.11083866195466696,0.24140642541836901
2,2025,0.9500000000000001,0.17702346207221165,0.07724972974766846,0.22689547662752976,0.16658624417955417,0.11083866195466696,0.24140642541836901
2,2025,0.96,0.17702346207221165,0.07724972974766846,0.22689547662752976,0.16658624417955417,0.11083866195466696,0.24140642541836901
2,2025,0.97,0.17702346207221165,0.07724972974766846,0.22689547662752976,0.16658624417955417,0.11083866195466696,0.24140642541836901
2,2025,0.98,0.17702346207221165,0.07724972974766846,0.22689547662752976,0.16658624417955417,0.11083866195466696,0.24140642541836901
2,2025,0.99,0.17702346207221165,0.07724972974766846,0.22689547662752976,0.16658624417955417,0.11083866195466696,0.24140642541836901
2,2025,1.0,0.17702346207221165,0.07724972974766846,0.22689547662752976,0.16658624417955417,0.11083866195466696,0.24140642541836901
2,2026,0.01,0.14622901486137357,0.006533754270932567,0.5165744700267771,0.019153491824535174,0.24034962610932503,0.07115964290705648
2,2026,0.02,0.14622901486137357,0.006533754270932567,0.5165744700267771,0.019153491824535174,0.24034962610932503,0.07115964290705648
2,2026,0.03,0.14622901486137357,0.006533754270932567,0.5165744700267771,0.019153491824535174,0.24034962610932503,0.07115964290705648
2,2026,0.04,1.0,0.0,3.846557847206243e-17,0.0,1.1202933344932713e-16,0.0
2,2026,0.05,1.0,0.0,0.0,0.0,0.0,0.0
2,2026,0.06,1.0,0.0,0.0,0.0,0.0,0.0
2,2026,0.07,1.0,0.0,0.0,0.0,0.0,0.0
2,2026,0.08,1.0,0.0,0.0,0.0,0.0,0.0
2,2026,0.09,1.0,0.0,0.0,0.0,0.0,0.0
2,2026,0.1,0.9999999999993822,9.690156343698825e-17,0.0,1.2258896263692794e-16,5.320002349445809e-17,0.0
2,2026,0.11,0.9999999999997617,0.0,5.2324893982464935e-14,4.170540170088004e-17,7.485316955652517e-15,6.024106221093669e-18
2,2026,0.12,0.9999999999999993,2.2550247715190836e-13,0.0,0.0,0.0,1.1678854961049272e-16
2,2026,0.13,0.9999999999999976,7.368219358980807e-15,3.0620762049818062e-15,6.300448032687417e-17,7.83691120905215e-16,4.3824580560879565e-16
2,2026,0.14,0.9999999999999997,2.8813146100191446e-13,1.2205811341244025e-15,1.847266577830104e-16,2.847354898807817e-16,0.0
2,2026,0.15,1.0,0.0,0.0,6.423204474493603e-17,1.0885625495915253e-15,0.0
2,2026,0.16,1.0,0.0,6.880872333912643e-15,2.691739091917692e-15,6.460616668675509e-14,1.1277602023558337e-14
2,2026,0.17,0.9999999999999734,3.9886567423213716e-14,0.0,0.0,0.0,0.0
2,2026,0.18,1.0,0.0,3.5191990670735333e-16,2.6192116291291243e-17,0.0,5.559553206243373e-16
2,2026,0.19,1.0,0.0,2.4201155905885266e-14,0.0,0.0,0.0
2,2026,0.2,0.9999999999999828,2.0888041181197705e-14,0.0,1.6840631159061651e-16,2.5496692411666164e-15,7.08964527319945e-16
2,2026,0.21,1.0,0.0,7.523994690973556e-16,0.0,0.0,0.0
2,2026,0.22,1.0,0.0,0.0,1.7098780974031652e-16,1.2161116936877702e-15,6.603081554572851e-16
2,2026,0.23,1.0,5.496061840341209e-16,0.0,1.7113068737721817e-16,7.937591959154367e-16,5.65974248706863e-16
2,2026,0.24,0.9999999999999986,1.412420473976218e-15,3.7412028745184497e-16,4.4673175364389245e-17,0.0,0.0
2,2026,0.25,1.0,4.667737638617082e-16,0.0,0.0,1.476241599894041e-16,5.4232541876982685e-17
2,2026,0.26,0.9999999999995286,0.0,4.040965850554132e-15,1.93348707260492e-16,0.0,0.0
2,2026,0.27,1.0,1.2610714057302375e-13,0.0,9.964207032811799e-17,9.694497055952841e-17,7.136546090832168e-17
2,2026,0.28,1.0,0.0,1.574571149332541e-15,5.847467668316097e-17,0.0,0.0
2,2026,0.29,0.9999999999999984,2.013411933783362e-15,0.0,0.0,0.0,0.0
2,2026,0.3,0.999999999999999,1.0294285206416955e-15,2.137790850189163e-16,0.0,0.0,0.0
2,2026,0.31,1.0,0.0,0.0,8.544739676884002e-17,7.344938682921967e-17,7.404935241047674e-17
2,2026,0.32,0.9999999999999993,3.2325678595250407e-16,7.120601553352785e-16,0.0,0.0,0.0
2,2026,0.33,1.0,1.912735093917632e-16,0.0,1.9910991354813557e-17,8.177974334122349e-17,1.967953960197632e-17
2,2026,0.34,1.0,0.0,3.0005863265509335e-16,0.0,0.0,0.0
2,2026,0.35000000000000003,0.9999999999999998,3.801155765337469e-16,0.0,0.0,0.0,3.0556836899429274e-18
2,2026,0.36,0.9999999999999998,6.355125816963322e-16,0.0,0.0,1.9191904112471663e-17,6.613639927728102e-17
2,2026,0.37,0.9999999999998639,4.7580706207711087e-17,1.4280103250463794e-16,0.0,0.0,0.0
2,2026,0.38,0.9999999999999999,1.4418845109716704e-17,1.6502956170276703e-16,5.473020186073294e-17,0.0,0.0
2,2026,0.39,1.0,0.0,0.0,1.0610222009334727e-16,0.0,0.0
2,2026,0.4,0.9999999999999999,5.998276510976388e-16,0.0,0.0,8.049523399355577e-17,1.0235968601179693e-17
2,2026,0.41000000000000003,1.0,4.1137943738023035e-14,3.243029240937064e-17,0.0,0.0,0.0
2,2026,0.42,0.9999999999999999,0.0,7.716305103746302e-17,2.43996601168569e-16,0.0,0.0
2,2026,0.43,0.9999999999998476,2.362854096300611e-16,2.540485519726498e-16,0.0,0.0,0.0
2,2026,0.44,1.0,0.0,1.2925774625953416e-16,0.0,5.3020212280595603e-17,0.0
2,2026,0.45,0.9999999999998432,0.0,0.0,1.5579577250894512e-17,2.8171072121662533e-16,1.283019355036261e-16
2,2026,0.46,0.9999999999999999,5.052879648243648e-16,0.0,0.0,1.9411092303471913e-16,7.098071496566848e-17
2,2026,0.47000000000000003,0.999999999999627,5.481760127443147e-16,0.0,0.0,0.0,0.0
2,2026,0.48,0.9999999999999999,2.2542095918224593e-16,0.0,0.0,3.27633153292553e-17,5.554060909896878e-17
2,2026,0.49,1.0,0.0,1.2410079748351891e-17,3.801956711429718e-17,7.824276469819329e-17,8.300730062467066e-17
2,2026,0.5,0.9999999999999996,3.0503018932828554e-16,2.8400090234680303e-16,0.0,0.0,0.0
2,2026,0.51,1.0,0.0,2.8855802951124053e-16,2.9226241234928475e-18,0.0,0.0
2,2026,0.52,1.0,0.0,0.0,4.164571546499982e-18,0.0,7.002921825028394e-17
2,2026,0.53,0.9999999999999998,3.0770396343391884e-16,0.0,8.385664161373948e-17,3.865625784046636e-17,0.0
2,2026,0.54,1.0,0.0,7.185403757844064e-17,0.0,0.0,0.0
2,2026,0.55,1.0,0.0,1.9468215734546963e-17,3.85117177772701e-17,3.464116985827245e-17,2.577647153618329e-17
2,2026,0.56,1.0,1.234703754058474e-16,1.533321155236526e-17,0.0,0.0,5.907824254130585e-17
2,2026,0.5700000000000001,1.0,0.0,2.842886735025101e-17,1.7160152778216615e-17,1.090734288903277e-18,0.0
2,2026,0.58,1.0,0.0,5.842430254492399e-17,1.387137507064669e-17,3.753054083500216e-17,0.0
2,2026,0.59,0.9999999999999998,2.41129914132566e-16,8.23784168230138e-17,0.0,0.0,0.0
2,2026,0.6,1.0,8.74431069041685e-17,2.6294840933488243e-19,0.0,0.0,0.0
2,2026,0.61,0.9999999999999999,1.7713585570294344e-16,0.0,7.533278512929805e-17,0.0,0.0
2,2026,0.62,1.0,0.0,0.0,8.919218916200227e-18,2.9118013340065857e-16,6.914780691199548e-17
2,2026,0.63,0.9999999999999234,0.0,1.3944205682388648e-16,0.0,0.0,0.0
2,2026,0.64,1.0,0.0,6.7781064191936665e-18,0.0,5.670840923245972e-17,0.0
2,2026,0.65,1.0,7.67693079241437e-17,2.364231308060017e-17,4.86043751343482e-17,0.0,0.0
2,2026,0.66,0.9999999999999999,1.9714541631509564e-16,0.0,1.559367805210099e-18,0.0,0.0
2,2026,0.67,1.0,0.0,8.264643973581415e-18,1.4909214943887752e-18,0.0,3.492749029406338e-17
2,2026,0.68,1.0,0.0,1.0832357456567621e-16,0.0,2.961280533112224e-17,6.2544953820456225e-18
2,2026,0.6900000000000001,1.0,0.0,8.184110536304674e-18,0.0,7.936043278647539e-17,2.2678897929984482e-17
2,2026,0.7000000000000001,0.9846432559031438,0.015356744097727587,0.0,2.064872910793417e-17,0.0,0.0
2,2026,0.71,0.9570162066260934,0.042983793373907196,7.165678103890553e-19,0.0,0.0,0.0
2,2026,0.72,0.932637733615486,0.06736226638451426,0.0,2.7215253110204773e-18,4.023471001519487e-17,1.3144956854044294e-17
2,2026,0.73,0.9098438590838248,0.09015614091628454,0.0,0.0,0.0,0.0
2,2026,0.74,0.8874236815558328,0.11257631844417157,0.0,1.417367097136989e-17,0.0,1.2150815651619854e-17
2,2026,0.75,0.8683568824396778,0.13164311756033772,0.0,1.0514528760712304e-17,0.0,0.0
2,2026,0.76,0.850275177948513,0.1497248220514864,8.131485277706729e-17,5.92161432168885e-18,0.0,1.0318852776307871e-17
2,2026,0.77,0.8340689092123362,0.16593109078766416,0.0,0.0,0.0,2.0910217276529737e-17
2,2026,0.78,0.8167213838604386,0.1832786161395618,0.0,0.0,0.0,3.205050493451353e-19
2,2026,0.79,0.8033458289759575,0.19665417102404273,0.0,0.0,1.2825964818331037e-17,0.0
2,2026,0.8,0.7887371102995585,0.21126288970115623,7.596205718398067e-17,4.8738896094017e-18,2.3150071600223856e-17,0.0
2,2026,0.81,0.7760898805205357,0.2239101194800557,0.0,1.0280373698987021e-17,3.8330534593730515e-17,0.0
2,2026,0.8200000000000001,0.7645007332541307,0.23549926674611843,0.0,0.0,7.92005451451348e-18,6.617054281213692e-18
2,2026,0.8300000000000001,0.7526352758848962,0.24736472411510685,2.098458003701752e-18,0.0,0.0,1.3089347831694897e-17
2,2026,0.84,0.742657912734325,0.257342087265675,4.759275334433848e-17,0.0,2.0812875623206142e-17,0.0
2,2026,0.85,0.7312756443121418,0.2687243556878582,3.470280956626735e-17,0.0,0.0,1.1558929763339095e-17
2,2026,0.86,0.722104758661386,0.27789524133862814,0.0,7.122195044875842e-18,0.0,1.2289525016441085e-17
2,2026,0.87,0.712231753614181,0.28776824638579923,4.5971368856844706e-17,0.0,0.0,0.0
2,2026,0.88,0.7034601447211338,0.29653985527883725,2.6315274358979383e-17,0.0,2.3241212186968887e-17,1.765445192202448e-17
2,2026,0.89,0.694831625662601,0.3051683743373751,3.975072932502241e-18,2.4642879257190673e-18,0.0,0.0
2,2026,0.9,0.6877572941293857,0.31224270587061426,0.0,2.039487606598797e-18,8.761541076008924e-18,0.0
2,2026,0.91,0.6755992314850159,0.30215293580900354,0.022247832706064456,3.61320811719844e-21,0.0,8.828019396949689e-18
2,2026,0.92,0.6608924207632921,0.277818839592886,0.06128873964382,2.0704927541804512e-19,0.0,0.0
2,2026,0.93,0.6479867129198624,0.25648174851392724,0.09553153856621045,4.302446117810629e-18,2.2760157767234802e-18,0.0
2,2026,0.9400000000000001,0.6358917929401636,0.2331862737159794,0.13092193334385976,3.22895888568914e-18,2.3017341742099664e-18,2.367015249712345e-18
2,2026,0.9500000000000001,0.6250674834453168,0.21427898147854674,0.1606535350761298,0.0,0.0,6.157687698091991e-20
2,2026,0.96,0.6149548637287056,0.19514319190416754,0.18990194436644806,0.0,9.327923827943924e-19,8.043395743314182e-18
2,2026,0.97,0.6053192648115949,0.17835418773676248,0.21632654745164123,3.130980653062101e-18,8.005016149616177e-19,0.0
2,2026,0.98,0.5966090033392185,0.1639656086714296,0.23942538798971694,0.0,9.222481937198507e-18,0.0
2,2026,0.99,0.5880649547442035,0.1486286256129427,0.26330641964289914,0.0,0.0,2.171725586769054e-18
2,2026,1.0,0.5806897763321364,0.1358857372266035,0.28342448644178636,0.0,2.0640026399756958e-18,1.3719181923871742e-17
2,2027,0.01,0.10866838784762507,0.22384911355252332,0.23644764459143555,0.1882332498797459,0.08943664257085436,0.15336496155781584
2,2027,0.02,1.0,0.0,5.928646412366384e-17,0.0,2.260601205556163e-17,1.9587388963433655e-17
2,2027,0.03,1.0,0.0,0.0,0.0,0.0,0.0
2,2027,0.04,0.9999999999999983,5.484860010537713e-16,1.7742985083835853e-16,3.656228633272642e-16,1.8838282670872232e-16,2.6964537477552677e-16
2,2027,0.05,1.0,0.0,0.0,0.0,0.0,0.0
2,2027,0.06,0.999999999999245,2.421951528219779e-13,3.3231972011457985e-13,2.59308678457668e-13,5.876076684694128e-14,8.800126575800634e-14
2,2027,0.07,1.0,0.0,1.4000161956717057e-16,2.856637994309813e-17,7.491498403754331e-18,0.0
2,2027,0.08,0.9999999999999983,0.0,1.1687800877510333e-15,7.108130900931562e-16,6.13668575438455e-16,1.4463358439073224e-15
2,2027,0.09,0.999999999999858,1.942890293094024e-15,1.2122609398663247e-15,8.313558721783269e-16,0.0,0.0
2,2027,0.1,0.9999999999999943,6.858795922993942e-15,0.0,1.9291806326348596e-17,0.0,0.0
2,2027,0.11,0.9999999999999952,6.121186368526613e-15,0.0,0.0,0.0,0.0
2,2027,0.12,0.9999999999999991,1.393220480883352e-15,0.0,0.0,2.1401339896791075e-16,2.148769490576365e-16
2,2027,0.13,0.9999999999999996,1.409777449068079e-15,1.315250615538466e-16,1.24818170343121e-18,0.0,0.0
2,2027,0.14,0.9999999999999998,4.043055783840212e-17,1.5053590006819444e-16,0.0,0.0,1.9865656670251777e-17
2,2027,0.15,1.0,0.0,1.3464801840223673e-16,5.181548614752933e-17,0.0,0.0
2,2027,0.16,1.0,3.6752982345127914e-16,3.9600991121177103e-16,1.6144868160680399e-16,0.0,0.0
2,2027,0.17,0.9999999999999996,7.255369914385824e-16,0.0,0.0,0.0,2.912189320870297e-17
2,2027,0.18,1.0,0.0,3.478944289534237e-17,3.793957445202294e-17,0.0,7.874242207068347e-17
2,2027,0.19,0.9999999999999996,7.108890774769539e-16,0.0,0.0,0.0,0.0
2,2027,0.2,1.0,8.543548834440449e-18,1.3090951871171666e-17,7.327385544724469e-18,0.0,7.830347092852328e-18
2,2027,0.21,0.9999999999999998,4.514664798149037e-16,0.0,0.0,0.0,0.0
2,2027,0.22,1.0,0.0,1.144215410323794e-17,0.0,0.0,2.5275590351348266e-17
2,2027,0.23,1.0,5.073906962072332e-17,0.0,5.299577333950589e-17,0.0,1.2655197762749098e-17
2,2027,0.24,1.0,1.1116418969537098e-16,0.0,5.3419412582203567e-17,0.0,0.0
2,2027,0.25,0.9999999999999998,0.0,2.483929228750913e-16,2.586518775047268e-16,1.6050644789166122e-16,9.876055064929578e-17
2,2027,0.26,0.9999999999999999,2.55110534896105e-16,0.0,1.2200120348411293e-17,1.953711584790972e-17,0.0
2,2027,0.27,1.0,5.662137425588298e-15,0.0,3.1873443594643937e-17,3.107621127450379e-17,5.88317868901327e-17
2,2027,0.28,0.9999999999999999,1.9632080941272474e-16,2.4909504733950562e-17,3.9255384124241426e-17,0.0,0.0
2,2027,0.29,1.0,2.3545156865516874e-13,0.0,1.6435026371967255e-17,0.0,3.713425382673321e-17
2,2027,0.3,1.0,2.059239906804786e-17,0.0,0.0,7.647700746181692e-18,1.212307544712972e-17
2,2027,0.31,0.9683190979991516,0.03168090200084892,5.184895503373615e-18,3.059108711117364e-17,0.0,0.0
2,2027,0.32,0.909622232231446,0.09037776776904197,0.0,0.0,2.196657870822464e-17,0.0
2,2027,0.33,0.86116413748809,0.13883586251098234,0.0,0.0,4.1282715456114125e-17,1.6995190150461883e-17
2,2027,0.34,0.8206013554981261,0.17939864450187623,7.131208385860843e-18,0.0,1.1165226572663827e-17,0.0
2,2027,0.35000000000000003,0.7861453120984487,0.21385468790103399,0.0,0.0,1.3189748431115689e-17,6.057091157704436e-18
2,2027,0.36,0.7558806118681101,0.24411938813189046,0.0,5.457951930495483e-18,0.0,0.0
2,2027,0.37,0.7303136258721008,0.2696863741278992,6.573309349480273e-17,0.0,0.0,0.0
2,2027,0.38,0.7074913022416284,0.2925086977583718,0.0,5.215363622938135e-18,1.566314827377726e-18,0.0
2,2027,0.39,0.6888740072086524,0.31112599279136993,0.0,7.51865220847316e-19,0.0,1.3696325039151897e-17
2,2027,0.4,0.655841533973241,0.26720718992045095,0.07695127610610054,1.2935993766310458e-17,1.054350944670172e-20,0.0
2,2027,0.41000000000000003,0.626904580440941,0.21626245259131388,0.15683296696798496,0.0,2.2321704888212398e-21,1.5317413487127735e-17
2,2027,0.42,0.6027677640762996,0.17390449479646003,0.22332774112724033,0.0,3.7800563206364934e-18,7.482042208638573e-19
2,2027,0.43,0.5826165432045397,0.13827018365629004,0.2791132731391822,2.2719309435655833e-22,0.0,1.3915524668959462e-17
2,2027,0.44,0.5655072265898932,0.10799974480735791,0.32649302860296747,1.044828765879656e-17,9.956981904906834e-19,0.0
2,2027,0.45,0.5505515456992935,0.08230291950910591,0.36714553479159184,2.8494126363263957e-17,3.145400432347939e-19,7.856071147033285e-18
2,2027,0.46,0.5341780004452285,0.06220137308545264,0.39063255496234345,0.0,0.012988071506975937,0.0
2,2027,0.47000000000000003,0.5046287300204906,0.0567075777452348,0.3568918047313123,8.195717395183286e-12,0.08177188749485041,2.44998942093416e-22
2,2027,0.48,0.4799788935025443,0.052063244112450516,0.3283343421087454,0.0,0.13962352027624036,0.0
2,2027,0.49,0.4592378054239541,0.04800186074113487,0.30463889849715525,2.149459124962035e-18,0.18812143688081823,5.066081402255037e-18
2,2027,0.5,0.44103381457961227,0.045207216806617746,0.28352574727522795,3.1256996790458165e-18,0.23023322133787946,0.0
2,2027,0.51,0.42573144987537026,0.041554021093315366,0.2664869012053203,0.0,0.26622762782562726,0.0
2,2027,0.52,0.4127051781573055,0.03783398281817464,0.2536606377788527,6.362087777679131e-18,0.29580020124566825,0.0
2,2027,0.53,0.4002115527053361,0.03623057754737038,0.2380603329468082,2.385079953943913e-18,0.3254975368002513,0.0
2,2027,0.54,0.38935762815436475,0.03449895484285448,0.22532687433892487,0.0,0.3508165426639038,0.0
2,2027,0.55,0.0,0.0,0.0,0.0,0.0,1.0
2,2027,0.56,0.0,0.0,0.0,0.0,0.0,1.0
2,2027,0.5700000000000001,0.0,0.0,0.0,0.0,0.0,1.0
2,2027,0.58,0.0,0.0,0.0,0.0,0.0,1.0
2,2027,0.59,0.0,0.0,0.0,0.0,0.0,1.0
2,2027,0.6,0.0,0.0,0.0,0.0,0.0,1.0
2,2027,0.61,0.0,0.0,0.0,0.0,0.0,1.0
2,2027,0.62,0.0,0.0,0.0,0.0,0.0,1.0
2,2027,0.63,0.0,0.0,0.0,0.0,0.0,1.0
2,2027,0.64,0.0,0.0,0.0,0.0,0.0,1.0
2,2027,0.65,0.0,0.0,0.0,0.0,0.0,1.0
2,2027,0.66,0.0,0.0,0.0,0.0,0.0,1.0
2,2027,0.67,0.0,0.0,0.0,0.0,0.0,1.0
2,2027,0.68,0.0,0.0,0.0,0.0,0.0,1.0
2,2027,0.6900000000000001,0.0,0.0,0.0,0.0,0.0,1.0
2,2027,0.7000000000000001,0.0,0.0,0.0,0.0,0.0,1.0
2,2027,0.71,0.0,0.0,0.0,0.0,0.0,1.0
2,2027,0.72,0.0,0.0,0.0,0.0,0.0,1.0
2,2027,0.73,0.0,0.0,0.0,0.0,0.0,1.0
2,2027,0.74,0.0,0.0,0.0,0.0,0.0,1.0
2,2027,0.75,0.0,0.0,0.0,0.0,0.0,1.0
2,2027,0.76,0.0,0.0,0.0,0.0,0.0,1.0
2,2027,0.77,0.0,0.0,0.0,0.0,0.0,1.0
2,2027,0.78,0.0,0.0,0.0,0.0,0.0,1.0
2,2027,0.79,0.0,0.0,0.0,0.0,0.0,1.0
2,2027,0.8,0.0,0.0,0.0,0.0,0.0,1.0
2,2027,0.81,0.0,0.0,0.0,0.0,0.0,1.0
2,2027,0.8200000000000001,0.0,0.0,0.0,0.0,0.0,1.0
2,2027,0.8300000000000001,0.0,0.0,0.0,0.0,0.0,1.0
2,2027,0.84,0.0,0.0,0.0,0.0,0.0,1.0
2,2027,0.85,0.0,0.0,0.0,0.0,0.0,1.0
2,2027,0.86,0.0,0.0,0.0,0.0,0.0,1.0
2,2027,0.87,0.0,0.0,0.0,0.0,0.0,1.0
2,2027,0.88,0.0,0.0,0.0,0.0,0.0,1.0
2,2027,0.89,0.0,0.0,0.0,0.0,0.0,1.0
2,2027,0.9,0.0,0.0,0.0,0.0,0.0,1.0
2,2027,0.91,0.0,0.0,0.0,0.0,0.0,1.0
2,2027,0.92,0.0,0.0,0.0,0.0,0.0,1.0
2,2027,0.93,0.0,0.0,0.0,0.0,0.0,1.0
2,2027,0.9400000000000001,0.0,0.0,0.0,0.0,0.0,1.0
2,2027,0.9500000000000001,0.0,0.0,0.0,0.0,0.0,1.0
2,2027,0.96,0.0,0.0,0.0,0.0,0.0,1.0
2,2027,0.97,0.0,0.0,0.0,0.0,0.0,1.0
2,2027,0.98,0.0,0.0,0.0,0.0,0.0,1.0
2,2027,0.99,0.0,0.0,0.0,0.0,0.0,1.0
2,2027,1.0,0.0,0.0,0.0,0.0,0.0,1.0
2,2028,0.01,0.21497328740972887,0.024537848515974535,0.2494139577168865,0.1806951165467181,0.05410232787957091,0.27627746193112107
2,2028,0.02,1.0,0.0,8.567503234583486e-17,2.0133121783803487e-17,0.0,0.0
2,2028,0.03,0.9999999999999973,9.260311631026008e-14,5.14044721093404e-16,8.271658095386927e-16,2.7308271914607665e-16,2.7913967845755382e-16
2,2028,0.04,1.0,1.3325727202106976e-15,0.0,0.0,0.0,0.0
2,2028,0.05,1.0,0.0,4.4812260207168225e-16,0.0,1.8573612668269597e-16,1.5770438552236162e-15
2,2028,0.06,1.0,0.0,0.0,0.0,1.4387593450450476e-16,5.784226829290372e-16
2,2028,0.07,1.0,0.0,0.0,0.0,1.5400951051442118e-16,5.515373192539149e-16
2,2028,0.08,1.0,0.0,2.6992169334330567e-16,0.0,1.725542848289344e-20,2.0836364353051765e-16
2,2028,0.09,0.9999999999999999,0.0,3.00505033107208e-16,2.2553495737593504e-16,5.84986986866794e-17,0.0
2,2028,0.1,1.0,4.75263611220292e-14,2.4517551018004635e-17,4.128037791871547e-17,0.0,0.0
2,2028,0.11,0.9999999999998249,2.754068267448649e-16,0.0,7.169546103680658e-17,0.0,0.0
2,2028,0.12,0.9999999999999989,1.290546912227585e-15,1.5463226753011555e-17,0.0,0.0,0.0
2,2028,0.13,0.9999999999999998,3.311881694735639e-16,0.0,0.0,6.1909449745086265e-18,3.4650829618736922e-18
2,2028,0.14,0.9999999999999999,1.251572729913089e-13,1.0546175232892082e-17,0.0,0.0,0.0
2,2028,0.15,1.0,1.3153080418754571e-13,4.7378981507732244e-17,1.4045325981427872e-17,0.0,0.0
2,2028,0.16,0.9999999999999999,3.98071065845714e-17,1.3533667351599346e-16,0.0,0.0,0.0
2,2028,0.17,1.0,0.0,0.0,1.4489680486379733e-16,0.0,0.0
2,2028,0.18,0.9999999999999999,1.0897603684648572e-16,6.510596073712361e-17,0.0,4.78550995715466e-18,0.0
2,2028,0.19,0.9999999999999999,1.347247121336862e-16,2.832766654673656e-17,0.0,0.0,8.948366279421516e-18
2,2028,0.2,1.0,0.0,0.0,2.7316713055362487e-17,0.0,1.9988846341842787e-16
2,2028,0.21,1.0,0.0,5.038093084169406e-17,3.233773256920911e-17,0.0,1.1714174369461405e-17
2,2028,0.22,0.987537462870011,0.012462537129989348,3.44048244349551e-17,0.0,0.0,0.0
2,2028,0.23,0.9000092561976837,0.09999074380239656,1.638015887272302e-16,4.555227137518793e-18,9.550174868300213e-18,5.894475420337415e-17
2,2028,0.24,0.8332807641588619,0.16671923584125375,4.159691488807113e-17,0.0,0.0,0.0
2,2028,0.25,0.7810917370537785,0.21890826294622115,1.7685277009569998e-17,0.0,3.764081005441752e-18,1.521712228922893e-17
2,2028,0.26,0.7387061240966996,0.2612938759032915,9.67809073932621e-17,0.0,7.356721713694456e-18,1.6895486449680047e-17
2,2028,0.27,0.7046554752592622,0.29534452474073786,0.0,0.0,8.952826880088805e-18,4.0735786520035486e-17
2,2028,0.28,0.6677542409207334,0.28871705466062986,0.04352870441851029,4.0399158714393293e-19,0.0,0.0
2,2028,0.29,0.6231836776613997,0.20887766182643502,0.16793866051219794,1.7769828445347915e-17,1.934023001301633e-18,1.3790663881898146e-17
2,2028,0.3,0.5893141220575239,0.15053406431091457,0.2601518136315302,6.273198015617159e-18,1.1180897884864966e-17,0.0
2,2028,0.31,0.5630461579676058,0.10366407463217685,0.333289767400217,0.0,3.3973157202875594e-18,2.1993298785561106e-17
2,2028,0.32,0.5417099548611756,0.0673338054134188,0.3909562397251355,7.596164162205079e-22,2.822850915872105e-17,7.526268701866069e-18
2,2028,0.33,0.49999601096433266,0.05594558587889099,0.3508759106079565,2.1831444014864364e-18,0.09318249254880895,0.0
2,2028,0.34,0.4654941892557168,0.04840009931512849,0.3134797364465303,1.2737048272375856e-18,0.17262597498241675,0.0
2,2028,0.35000000000000003,0.43773641378778455,0.04388812315033524,0.28024345622673436,4.525913667518044e-17,0.2381320068352379,1.1124097096142616e-16
2,2028,0.36,0.4158702169825411,0.039117383733536834,0.2558860620476289,0.0,0.2891263372362105,0.0
2,2028,0.37,0.39705257745854466,0.036455534178295536,0.23376433054225942,0.0,0.3327275578208094,0.0
2,2028,0.38,0.0,0.0,0.0,0.0,0.0,1.0
2,2028,0.39,0.0,0.0,0.0,0.0,0.0,1.0
2,2028,0.4,0.0,0.0,0.0,0.0,0.0,1.0
2,2028,0.41000000000000003,0.0,0.0,0.0,0.0,0.0,1.0
2,2028,0.42,0.0,0.0,0.0,0.0,0.0,1.0
2,2028,0.43,0.0,0.0,0.0,0.0,0.0,1.0
2,2028,0.44,0.0,0.0,0.0,0.0,0.0,1.0
2,2028,0.45,0.0,0.0,0.0,0.0,0.0,1.0
2,2028,0.46,0.0,0.0,0.0,0.0,0.0,1.0
2,2028,0.47000000000000003,0.0,0.0,0.0,0.0,0.0,1.0
2,2028,0.48,0.0,0.0,0.0,0.0,0.0,1.0
2,2028,0.49,0.0,0.0,0.0,0.0,0.0,1.0
2,2028,0.5,0.0,0.0,0.0,0.0,0.0,1.0
2,2028,0.51,0.0,0.0,0.0,0.0,0.0,1.0
2,2028,0.52,0.0,0.0,0.0,0.0,0.0,1.0
2,2028,0.53,0.0,0.0,0.0,0.0,0.0,1.0
2,2028,0.54,0.0,0.0,0.0,0.0,0.0,1.0
2,2028,0.55,0.0,0.0,0.0,0.0,0.0,1.0
2,2028,0.56,0.0,0.0,0.0,0.0,0.0,1.0
2,2028,0.5700000000000001,0.0,0.0,0.0,0.0,0.0,1.0
2,2028,0.58,0.0,0.0,0.0,0.0,0.0,1.0
2,2028,0.59,0.0,0.0,0.0,0.0,0.0,1.0
2,2028,0.6,0.0,0.0,0.0,0.0,0.0,1.0
2,2028,0.61,0.0,0.0,0.0,0.0,0.0,1.0
2,2028,0.62,0.0,0.0,0.0,0.0,0.0,1.0
2,2028,0.63,0.0,0.0,0.0,0.0,0.0,1.0
2,2028,0.64,0.0,0.0,0.0,0.0,0.0,1.0
2,2028,0.65,0.0,0.0,0.0,0.0,0.0,1.0
2,2028,0.66,0.0,0.0,0.0,0.0,0.0,1.0
2,2028,0.67,0.0,0.0,0.0,0.0,0.0,1.0
2,2028,0.68,0.0,0.0,0.0,0.0,0.0,1.0
2,2028,0.6900000000000001,0.0,0.0,0.0,0.0,0.0,1.0
2,2028,0.7000000000000001,0.0,0.0,0.0,0.0,0.0,1.0
2,2028,0.71,0.0,0.0,0.0,0.0,0.0,1.0
2,2028,0.72,0.0,0.0,0.0,0.0,0.0,1.0
2,2028,0.73,0.0,0.0,0.0,0.0,0.0,1.0
2,2028,0.74,0.0,0.0,0.0,0.0,0.0,1.0
2,2028,0.75,0.0,0.0,0.0,0.0,0.0,1.0
2,2028,0.76,0.0,0.0,0.0,0.0,0.0,1.0
2,2028,0.77,0.0,0.0,0.0,0.0,0.0,1.0
2,2028,0.78,0.0,0.0,0.0,0.0,0.0,1.0
2,2028,0.79,0.0,0.0,0.0,0.0,0.0,1.0
2,2028,0.8,0.0,0.0,0.0,0.0,0.0,1.0
2,2028,0.81,0.0,0.0,0.0,0.0,0.0,1.0
2,2028,0.8200000000000001,0.0,0.0,0.0,0.0,0.0,1.0
2,2028,0.8300000000000001,0.0,0.0,0.0,0.0,0.0,1.0
2,2028,0.84,0.0,0.0,0.0,0.0,0.0,1.0
2,2028,0.85,0.0,0.0,0.0,0.0,0.0,1.0
2,2028,0.86,0.0,0.0,0.0,0.0,0.0,1.0
2,2028,0.87,0.0,0.0,0.0,0.0,0.0,1.0
2,2028,0.88,0.0,0.0,0.0,0.0,0.0,1.0
2,2028,0.89,0.0,0.0,0.0,0.0,0.0,1.0
2,2028,0.9,0.0,0.0,0.0,0.0,0.0,1.0
2,2028,0.91,0.0,0.0,0.0,0.0,0.0,1.0
2,2028,0.92,0.0,0.0,0.0,0.0,0.0,1.0
2,2028,0.93,0.0,0.0,0.0,0.0,0.0,1.0
2,2028,0.9400000000000001,0.0,0.0,0.0,0.0,0.0,1.0
2,2028,0.9500000000000001,0.0,0.0,0.0,0.0,0.0,1.0
2,2028,0.96,0.0,0.0,0.0,0.0,0.0,1.0
2,2028,0.97,0.0,0.0,0.0,0.0,0.0,1.0
2,2028,0.98,0.0,0.0,0.0,0.0,0.0,1.0
2,2028,0.99,0.0,0.0,0.0,0.0,0.0,1.0
2,2028,1.0,0.0,0.0,0.0,0.0,0.0,1.0
2,2029,0.01,1.0,5.983874393242192e-17,0.0,0.0,2.193457621790545e-18,2.7991008219180905e-17
2,2029,0.02,1.0,0.0,0.0,0.0,0.0,0.0
2,2029,0.03,1.0,0.0,0.0,0.0,0.0,0.0
2,2029,0.04,0.9999999999999991,5.410097287107897e-16,1.2547167017206466e-16,4.0279213919595257e-17,0.0,2.079523504438994e-16
2,2029,0.05,1.0,5.999191685681272e-14,0.0,6.56620133972051e-17,2.4671475262716374e-16,2.0335947906961465e-16
2,2029,0.06,0.9999999999999981,2.2672475948135456e-15,1.1511268811648289e-16,0.0,0.0,0.0
2,2029,0.07,1.0,0.0,0.0,4.81797041441182e-17,9.679678390741749e-18,1.9887481425275455e-16
2,2029,0.08,1.0,0.0,0.0,1.1687657305918988e-16,0.0,1.4399158225903372e-16
2,2029,0.09,0.9999999999999997,5.258272488642135e-16,0.0,0.0,0.0,5.348421124721655e-19
2,2029,0.1,1.0,0.0,1.4787381434507696e-16,9.230163818465168e-17,2.0891505332158955e-17,0.0
2,2029,0.11,0.9999999999998634,0.0,1.532328490444919e-16,0.0,1.0793064967757114e-16,2.3243257331224116e-16
2,2029,0.12,1.0,0.0,0.0,4.9368575756626735e-17,0.0,3.553249335162399e-17
2,2029,0.13,1.0,0.0,6.977560605776436e-17,6.255852694592325e-17,0.0,8.129092934918817e-17
2,2029,0.14,1.0,0.0,3.9868893213307996e-17,1.908534175501138e-17,0.0,0.0
2,2029,0.15,1.0,1.1106442582737913e-16,0.0,0.0,0.0,1.0629989469932334e-16
2,2029,0.16,0.9999999999998634,0.0,0.0,0.0,0.0,1.2322029985295988e-16
2,2029,0.17,0.9882512824130529,0.011748717586947338,0.0,3.2970743046664825e-18,0.0,0.0
2,2029,0.18,0.872703150086922,0.12729684991307805,0.0,6.3897648084617925e-18,0.0,0.0
2,2029,0.19,0.7923996443437223,0.20760035565627766,0.0,0.0,0.0,0.0
2,2029,0.2,0.7335672175993,0.26643278240069995,6.794671265199517e-17,1.2844428290748902e-18,3.0435664048098146e-18,1.243329001865488e-17
2,2029,0.21,0.6885749976884661,0.311425002311534,0.0,7.881779598192516e-19,3.3797548591502396e-18,3.444960827655315e-17
2,2029,0.22,0.6258238167929847,0.21515766346711016,0.15901851973977238,0.0,4.426136208356081e-18,6.223904693238814e-17
2,2029,0.23,0.5799267699907134,0.1336647331884557,0.28640849682083236,0.0,5.019805700877561e-18,2.687215970710086e-17
2,2029,0.24,0.5469119571430716,0.07622782294931352,0.376860219906698,0.0,0.0,4.420346633767845e-17
2,2029,0.25,0.49438586228155346,0.054713877204685395,0.3451235151756062,0.0,0.10577674533815655,4.067204924410338e-18
2,2029,0.26,0.44929279400548655,0.0465361153539129,0.2915762160584269,1.4284663000580716e-17,0.21259487458219675,7.879996441095179e-17
2,2029,0.27,0.41665752821083646,0.03897822149366323,0.2577281554324444,2.518829236524468e-18,0.2866360948630648,0.0
2,2029,0.28,0.39110115623798625,0.03452571174292389,0.2274754448529327,3.6442334507492153e-19,0.34689768716618613,0.0
2,2029,0.29,0.0,0.0,0.0,0.0,0.0,1.0
2,2029,0.3,0.0,0.0,0.0,0.0,0.0,1.0
2,2029,0.31,0.0,0.0,0.0,0.0,0.0,1.0
2,2029,0.32,0.0,0.0,0.0,0.0,0.0,1.0
2,2029,0.33,0.0,0.0,0.0,0.0,0.0,1.0
2,2029,0.34,0.0,0.0,0.0,0.0,0.0,1.0
2,2029,0.35000000000000003,0.0,0.0,0.0,0.0,0.0,1.0
2,2029,0.36,0.0,0.0,0.0,0.0,0.0,1.0
2,2029,0.37,0.0,0.0,0.0,0.0,0.0,1.0
2,2029,0.38,0.0,0.0,0.0,0.0,0.0,1.0
2,2029,0.39,0.0,0.0,0.0,0.0,0.0,1.0
2,2029,0.4,0.0,0.0,0.0,0.0,0.0,1.0
2,2029,0.41000000000000003,0.0,0.0,0.0,0.0,0.0,1.0
2,2029,0.42,0.0,0.0,0.0,0.0,0.0,1.0
2,2029,0.43,0.0,0.0,0.0,0.0,0.0,1.0
2,2029,0.44,0.0,0.0,0.0,0.0,0.0,1.0
2,2029,0.45,0.0,0.0,0.0,0.0,0.0,1.0
2,2029,0.46,0.0,0.0,0.0,0.0,0.0,1.0
2,2029,0.47000000000000003,0.0,0.0,0.0,0.0,0.0,1.0
2,2029,0.48,0.0,0.0,0.0,0.0,0.0,1.0
2,2029,0.49,0.0,0.0,0.0,0.0,0.0,1.0
2,2029,0.5,0.0,0.0,0.0,0.0,0.0,1.0
2,2029,0.51,0.0,0.0,0.0,0.0,0.0,1.0
2,2029,0.52,0.0,0.0,0.0,0.0,0.0,1.0
2,2029,0.53,0.0,0.0,0.0,0.0,0.0,1.0
2,2029,0.54,0.0,0.0,0.0,0.0,0.0,1.0
2,2029,0.55,0.0,0.0,0.0,0.0,0.0,1.0
2,2029,0.56,0.0,0.0,0.0,0.0,0.0,1.0
2,2029,0.5700000000000001,0.0,0.0,0.0,0.0,0.0,1.0
2,2029,0.58,0.0,0.0,0.0,0.0,0.0,1.0
2,2029,0.59,0.0,0.0,0.0,0.0,0.0,1.0
2,2029,0.6,0.0,0.0,0.0,0.0,0.0,1.0
2,2029,0.61,0.0,0.0,0.0,0.0,0.0,1.0
2,2029,0.62,0.0,0.0,0.0,0.0,0.0,1.0
2,2029,0.63,0.0,0.0,0.0,0.0,0.0,1.0
2,2029,0.64,0.0,0.0,0.0,0.0,0.0,1.0
2,2029,0.65,0.0,0.0,0.0,0.0,0.0,1.0
2,2029,0.66,0.0,0.0,0.0,0.0,0.0,1.0
2,2029,0.67,0.0,0.0,0.0,0.0,0.0,1.0
2,2029,0.68,0.0,0.0,0.0,0.0,0.0,1.0
2,2029,0.6900000000000001,0.0,0.0,0.0,0.0,0.0,1.0
2,2029,0.7000000000000001,0.0,0.0,0.0,0.0,0.0,1.0
2,2029,0.71,0.0,0.0,0.0,0.0,0.0,1.0
2,2029,0.72,0.0,0.0,0.0,0.0,0.0,1.0
2,2029,0.73,0.0,0.0,0.0,0.0,0.0,1.0
2,2029,0.74,0.0,0.0,0.0,0.0,0.0,1.0
2,2029,0.75,0.0,0.0,0.0,0.0,0.0,1.0
2,2029,0.76,0.0,0.0,0.0,0.0,0.0,1.0
2,2029,0.77,0.0,0.0,0.0,0.0,0.0,1.0
2,2029,0.78,0.0,0.0,0.0,0.0,0.0,1.0
2,2029,0.79,0.0,0.0,0.0,0.0,0.0,1.0
2,2029,0.8,0.0,0.0,0.0,0.0,0.0,1.0
2,2029,0.81,0.0,0.0,0.0,0.0,0.0,1.0
2,2029,0.8200000000000001,0.0,0.0,0.0,0.0,0.0,1.0
2,2029,0.8300000000000001,0.0,0.0,0.0,0.0,0.0,1.0
2,2029,0.84,0.0,0.0,0.0,0.0,0.0,1.0
2,2029,0.85,0.0,0.0,0.0,0.0,0.0,1.0
2,2029,0.86,0.0,0.0,0.0,0.0,0.0,1.0
2,2029,0.87,0.0,0.0,0.0,0.0,0.0,1.0
2,2029,0.88,0.0,0.0,0.0,0.0,0.0,1.0
2,2029,0.89,0.0,0.0,0.0,0.0,0.0,1.0
2,2029,0.9,0.0,0.0,0.0,0.0,0.0,1.0
2,2029,0.91,0.0,0.0,0.0,0.0,0.0,1.0
2,2029,0.92,0.0,0.0,0.0,0.0,0.0,1.0
2,2029,0.93,0.0,0.0,0.0,0.0,0.0,1.0
2,2029,0.9400000000000001,0.0,0.0,0.0,0.0,0.0,1.0
2,2029,0.9500000000000001,0.0,0.0,0.0,0.0,0.0,1.0
2,2029,0.96,0.0,0.0,0.0,0.0,0.0,1.0
2,2029,0.97,0.0,0.0,0.0,0.0,0.0,1.0
2,2029,0.98,0.0,0.0,0.0,0.0,0.0,1.0
2,2029,0.99,0.0,0.0,0.0,0.0,0.0,1.0
2,2029,1.0,0.0,0.0,0.0,0.0,0.0,1.0
2,2030,0.01,0.13669123351806772,0.07370273182847692,0.3052352798345218,0.12435584327332441,0.20497409275511533,0.15504081879049378
2,2030,0.02,1.0,0.0,0.0,0.0,0.0,0.0
2,2030,0.03,0.9999999999999998,8.153868708073224e-15,9.939681012888127e-16,7.681957948309481e-16,4.662480187918292e-16,1.4033928786984472e-17
2,2030,0.04,1.0,0.0,0.0,9.866318678927741e-15,1.567558759525424e-14,1.5632294047254178e-14
2,2030,0.05,1.0,7.827072323607354e-14,0.0,0.0,7.439348667606959e-16,4.663791106044067e-16
2,2030,0.06,1.0,0.0,9.25521807897882e-17,1.68812674613461e-16,0.0,1.764780250897295e-17
2,2030,0.07,0.9999999999999998,3.008012222309392e-16,0.0,7.299652463767472e-17,0.0,0.0
2,2030,0.08,1.0,0.0,2.6592850140800444e-16,0.0,3.867347122130021e-17,0.0
2,2030,0.09,1.0,0.0,0.0,2.038568402390775e-17,1.2771324893792798e-16,1.0948525873169304e-16
2,2030,0.1,0.9999999999999999,2.3211983894062325e-16,2.669613802308943e-17,0.0,0.0,2.3449741540392168e-17
2,2030,0.11,0.9999999999999998,3.160598866105336e-16,0.0,5.0747046414326135e-18,0.0,2.3655907373753347e-17
2,2030,0.12,0.9999999999998563,2.1275902816104227e-17,1.5254904435892157e-16,4.184294638577163e-17,0.0,0.0
2,2030,0.13,0.9932707652958955,0.00672923470487081,0.0,1.892268557131776e-17,2.0428149665921644e-17,2.844718187471416e-17
2,2030,0.14,0.8401637788004029,0.15983622119959773,1.4307127482047696e-17,0.0,6.588010409306405e-18,0.0
2,2030,0.15,0.7457662346437819,0.25423376535622433,5.092938306061498e-17,1.1054235748490237e-17,4.9555696419880946e-18,0.0
2,2030,0.16,0.6800561726892818,0.3098992761110593,0.010044551199659274,0.0,1.411928278638642e-17,0.0
2,2030,0.17,0.5966673523460521,0.1638659620432465,0.23946668561006137,0.0,6.322601317755038e-18,7.428295863827983e-19
2,2030,0.18,0.5468815294974244,0.07541479855189631,0.3777036719506784,0.0,6.4955051378584395e-18,0.0
2,2030,0.19,0.4729419512549768,0.050666592388871314,0.32076265248095814,0.0,0.15562880387448494,0.0
2,2030,0.2,0.42070696995978585,0.03982364206045727,0.26242762159625965,3.823533463128845e-18,0.2770417663843619,1.2535418736049252e-17
2,2030,0.21,0.38468432473405867,0.03355114659734666,0.22003129079214861,0.0,0.361733237876259,0.0
2,2030,0.22,0.0,0.0,0.0,0.0,0.0,1.0
2,2030,0.23,0.0,0.0,0.0,0.0,0.0,1.0
2,2030,0.24,0.0,0.0,0.0,0.0,0.0,1.0
2,2030,0.25,0.0,0.0,0.0,0.0,0.0,1.0
2,2030,0.26,0.0,0.0,0.0,0.0,0.0,1.0
2,2030,0.27,0.0,0.0,0.0,0.0,0.0,1.0
2,2030,0.28,0.0,0.0,0.0,0.0,0.0,1.0
2,2030,0.29,0.0,0.0,0.0,0.0,0.0,1.0
2,2030,0.3,0.0,0.0,0.0,0.0,0.0,1.0
2,2030,0.31,0.0,0.0,0.0,0.0,0.0,1.0
2,2030,0.32,0.0,0.0,0.0,0.0,0.0,1.0
2,2030,0.33,0.0,0.0,0.0,0.0,0.0,1.0
2,2030,0.34,0.0,0.0,0.0,0.0,0.0,1.0
2,2030,0.35000000000000003,0.0,0.0,0.0,0.0,0.0,1.0
2,2030,0.36,0.0,0.0,0.0,0.0,0.0,1.0
2,2030,0.37,0.0,0.0,0.0,0.0,0.0,1.0
2,2030,0.38,0.0,0.0,0.0,0.0,0.0,1.0
2,2030,0.39,0.0,0.0,0.0,0.0,0.0,1.0
2,2030,0.4,0.0,0.0,0.0,0.0,0.0,1.0
2,2030,0.41000000000000003,0.0,0.0,0.0,0.0,0.0,1.0
2,2030,0.42,0.0,0.0,0.0,0.0,0.0,1.0
2,2030,0.43,0.0,0.0,0.0,0.0,0.0,1.0
2,2030,0.44,0.0,0.0,0.0,0.0,0.0,1.0
2,2030,0.45,0.0,0.0,0.0,0.0,0.0,1.0
2,2030,0.46,0.0,0.0,0.0,0.0,0.0,1.0
2,2030,0.47000000000000003,0.0,0.0,0.0,0.0,0.0,1.0
2,2030,0.48,0.0,0.0,0.0,0.0,0.0,1.0
2,2030,0.49,0.0,0.0,0.0,0.0,0.0,1.0
2,2030,0.5,0.0,0.0,0.0,0.0,0.0,1.0
2,2030,0.51,0.0,0.0,0.0,0.0,0.0,1.0
2,2030,0.52,0.0,0.0,0.0,0.0,0.0,1.0
2,2030,0.53,0.0,0.0,0.0,0.0,0.0,1.0
2,2030,0.54,0.0,0.0,0.0,0.0,0.0,1.0
2,2030,0.55,0.0,0.0,0.0,0.0,0.0,1.0
2,2030,0.56,0.0,0.0,0.0,0.0,0.0,1.0
2,2030,0.5700000000000001,0.0,0.0,0.0,0.0,0.0,1.0
2,2030,0.58,0.0,0.0,0.0,0.0,0.0,1.0
2,2030,0.59,0.0,0.0,0.0,0.0,0.0,1.0
2,2030,0.6,0.0,0.0,0.0,0.0,0.0,1.0
2,2030,0.61,0.0,0.0,0.0,0.0,0.0,1.0
2,2030,0.62,0.0,0.0,0.0,0.0,0.0,1.0
2,2030,0.63,0.0,0.0,0.0,0.0,0.0,1.0
2,2030,0.64,0.0,0.0,0.0,0.0,0.0,1.0
2,2030,0.65,0.0,0.0,0.0,0.0,0.0,1.0
2,2030,0.66,0.0,0.0,0.0,0.0,0.0,1.0
2,2030,0.67,0.0,0.0,0.0,0.0,0.0,1.0
2,2030,0.68,0.0,0.0,0.0,0.0,0.0,1.0
2,2030,0.6900000000000001,0.0,0.0,0.0,0.0,0.0,1.0
2,2030,0.7000000000000001,0.0,0.0,0.0,0.0,0.0,1.0
2,2030,0.71,0.0,0.0,0.0,0.0,0.0,1.0
2,2030,0.72,0.0,0.0,0.0,0.0,0.0,1.0
2,2030,0.73,0.0,0.0,0.0,0.0,0.0,1.0
2,2030,0.74,0.0,0.0,0.0,0.0,0.0,1.0
2,2030,0.75,0.0,0.0,0.0,0.0,0.0,1.0
2,2030,0.76,0.0,0.0,0.0,0.0,0.0,1.0
2,2030,0.77,0.0,0.0,0.0,0.0,0.0,1.0
2,2030,0.78,0.0,0.0,0.0,0.0,0.0,1.0
2,2030,0.79,0.0,0.0,0.0,0.0,0.0,1.0
2,2030,0.8,0.0,0.0,0.0,0.0,0.0,1.0
2,2030,0.81,0.0,0.0,0.0,0.0,0.0,1.0
2,2030,0.8200000000000001,0.0,0.0,0.0,0.0,0.0,1.0
2,2030,0.8300000000000001,0.0,0.0,0.0,0.0,0.0,1.0
2,2030,0.84,0.0,0.0,0.0,0.0,0.0,1.0
2,2030,0.85,0.0,0.0,0.0,0.0,0.0,1.0
2,2030,0.86,0.0,0.0,0.0,0.0,0.0,1.0
2,2030,0.87,0.0,0.0,0.0,0.0,0.0,1.0
2,2030,0.88,0.0,0.0,0.0,0.0,0.0,1.0
2,2030,0.89,0.0,0.0,0.0,0.0,0.0,1.0
2,2030,0.9,0.0,0.0,0.0,0.0,0.0,1.0
2,2030,0.91,0.0,0.0,0.0,0.0,0.0,1.0
2,2030,0.92,0.0,0.0,0.0,0.0,0.0,1.0
2,2030,0.93,0.0,0.0,0.0,0.0,0.0,1.0
2,2030,0.9400000000000001,0.0,0.0,0.0,0.0,0.0,1.0
2,2030,0.9500000000000001,0.0,0.0,0.0,0.0,0.0,1.0
2,2030,0.96,0.0,0.0,0.0,0.0,0.0,1.0
2,2030,0.97,0.0,0.0,0.0,0.0,0.0,1.0
2,2030,0.98,0.0,0.0,0.0,0.0,0.0,1.0
2,2030,0.99,0.0,0.0,0.0,0.0,0.0,1.0
2,2030,1.0,0.0,0.0,0.0,0.0,0.0,1.0
2,2031,0.01,0.2219750924381346,0.014174157634945868,0.2489223286067619,0.14474627901320314,0.10920953440252179,0.2609726079044328
2,2031,0.02,1.0,0.0,0.0,0.0,0.0,0.0
2,2031,0.03,1.0,0.0,1.9270645823682097e-14,1.276617309556497e-14,7.005193066020962e-15,2.0177648491843765e-14
2,2031,0.04,1.0,0.0,0.0,0.0,5.774513269885906e-16,1.8417351608620904e-15
2,2031,0.05,0.9999999999999993,1.1250142426716866e-13,4.579585277581132e-16,1.8619678756736353e-16,5.446173965779311e-18,6.061470704451089e-17
2,2031,0.06,0.9999999999999992,8.788931747576297e-16,7.956237023561292e-17,0.0,0.0,4.4554578349779745e-17
2,2031,0.07,1.0,0.0,4.5396667549248837e-17,0.0,0.0,5.201410362309418e-17
2,2031,0.08,0.9999999999999999,4.246590761876922e-17,4.4462259592441736e-17,7.866968516730666e-17,4.49764659014151e-17,0.0
2,2031,0.09,1.0,5.220466796216922e-14,0.0,2.743806448240964e-17,4.702964688177587e-17,1.9373690479687303e-16
2,2031,0.1,1.0,0.0,0.0,1.8594051018600352e-18,3.2840432756591724e-17,7.87235887265602e-17
2,2031,0.11,1.0,1.2216501166454658e-17,0.0,0.0,2.1816868602429623e-17,4.565615213069265e-17
2,2031,0.12,0.8619918504297759,0.13800814957022378,1.0094289777664456e-16,4.4576587800186214e-17,4.8732740932653656e-17,3.4017792427074474e-17
2,2031,0.13,0.7423513423703718,0.2576486576296205,3.006063496179961e-18,0.0,3.2632603354181016e-17,1.558082772085801e-17
2,2031,0.14,0.64993542995721,0.2573261560315233,0.0927384140112672,2.855532685753153e-17,9.681451028297745e-19,0.0
2,2031,0.15,0.5668080855115036,0.11088338648156691,0.32230852800710763,0.0,0.0,5.063872280474201e-18
2,2031,0.16,0.4867022707685774,0.05284325344287799,0.336646972124275,0.0,0.12380750366429567,0.0
2,2031,0.17,0.41759975697325513,0.0399194616167052,0.25662141721769904,1.0332838572443142e-18,0.2858593641923353,0.0
2,2031,0.18,0.0,0.0,0.0,0.0,0.0,1.0
2,2031,0.19,0.0,0.0,0.0,0.0,0.0,1.0
2,2031,0.2,0.0,0.0,0.0,0.0,0.0,1.0
2,2031,0.21,0.0,0.0,0.0,0.0,0.0,1.0
2,2031,0.22,0.0,0.0,0.0,0.0,0.0,1.0
2,2031,0.23,0.0,0.0,0.0,0.0,0.0,1.0
2,2031,0.24,0.0,0.0,0.0,0.0,0.0,1.0
2,2031,0.25,0.0,0.0,0.0,0.0,0.0,1.0
2,2031,0.26,0.0,0.0,0.0,0.0,0.0,1.0
2,2031,0.27,0.0,0.0,0.0,0.0,0.0,1.0
2,2031,0.28,0.0,0.0,0.0,0.0,0.0,1.0
2,2031,0.29,0.0,0.0,0.0,0.0,0.0,1.0
2,2031,0.3,0.0,0.0,0.0,0.0,0.0,1.0
2,2031,0.31,0.0,0.0,0.0,0.0,0.0,1.0
2,2031,0.32,0.0,0.0,0.0,0.0,0.0,1.0
2,2031,0.33,0.0,0.0,0.0,0.0,0.0,1.0
2,2031,0.34,0.0,0.0,0.0,0.0,0.0,1.0
2,2031,0.35000000000000003,0.0,0.0,0.0,0.0,0.0,1.0
2,2031,0.36,0.0,0.0,0.0,0.0,0.0,1.0
2,2031,0.37,0.0,0.0,0.0,0.0,0.0,1.0
2,2031,0.38,0.0,0.0,0.0,0.0,0.0,1.0
2,2031,0.39,0.0,0.0,0.0,0.0,0.0,1.0
2,2031,0.4,0.0,0.0,0.0,0.0,0.0,1.0
2,2031,0.41000000000000003,0.0,0.0,0.0,0.0,0.0,1.0
2,2031,0.42,0.0,0.0,0.0,0.0,0.0,1.0
2,2031,0.43,0.0,0.0,0.0,0.0,0.0,1.0
2,2031,0.44,0.0,0.0,0.0,0.0,0.0,1.0
2,2031,0.45,0.0,0.0,0.0,0.0,0.0,1.0
2,2031,0.46,0.0,0.0,0.0,0.0,0.0,1.0
2,2031,0.47000000000000003,0.0,0.0,0.0,0.0,0.0,1.0
2,2031,0.48,0.0,0.0,0.0,0.0,0.0,1.0
2,2031,0.49,0.0,0.0,0.0,0.0,0.0,1.0
2,2031,0.5,0.0,0.0,0.0,0.0,0.0,1.0
2,2031,0.51,0.0,0.0,0.0,0.0,0.0,1.0
2,2031,0.52,0.0,0.0,0.0,0.0,0.0,1.0
2,2031,0.53,0.0,0.0,0.0,0.0,0.0,1.0
2,2031,0.54,0.0,0.0,0.0,0.0,0.0,1.0
2,2031,0.55,0.0,0.0,0.0,0.0,0.0,1.0
2,2031,0.56,0.0,0.0,0.0,0.0,0.0,1.0
2,2031,0.5700000000000001,0.0,0.0,0.0,0.0,0.0,1.0
2,2031,0.58,0.0,0.0,0.0,0.0,0.0,1.0
2,2031,0.59,0.0,0.0,0.0,0.0,0.0,1.0
2,2031,0.6,0.0,0.0,0.0,0.0,0.0,1.0
2,2031,0.61,0.0,0.0,0.0,0.0,0.0,1.0
2,2031,0.62,0.0,0.0,0.0,0.0,0.0,1.0
2,2031,0.63,0.0,0.0,0.0,0.0,0.0,1.0
2,2031,0.64,0.0,0.0,0.0,0.0,0.0,1.0
2,2031,0.65,0.0,0.0,0.0,0.0,0.0,1.0
2,2031,0.66,0.0,0.0,0.0,0.0,0.0,1.0
2,2031,0.67,0.0,0.0,0.0,0.0,0.0,1.0
2,2031,0.68,0.0,0.0,0.0,0.0,0.0,1.0
2,2031,0.6900000000000001,0.0,0.0,0.0,0.0,0.0,1.0
2,2031,0.7000000000000001,0.0,0.0,0.0,0.0,0.0,1.0
2,2031,0.71,0.0,0.0,0.0,0.0,0.0,1.0
2,2031,0.72,0.0,0.0,0.0,0.0,0.0,1.0
2,2031,0.73,0.0,0.0,0.0,0.0,0.0,1.0
2,2031,0.74,0.0,0.0,0.0,0.0,0.0,1.0
2,2031,0.75,0.0,0.0,0.0,0.0,0.0,1.0
2,2031,0.76,0.0,0.0,0.0,0.0,0.0,1.0
2,2031,0.77,0.0,0.0,0.0,0.0,0.0,1.0
2,2031,0.78,0.0,0.0,0.0,0.0,0.0,1.0
2,2031,0.79,0.0,0.0,0.0,0.0,0.0,1.0
2,2031,0.8,0.0,0.0,0.0,0.0,0.0,1.0
2,2031,0.81,0.0,0.0,0.0,0.0,0.0,1.0
2,2031,0.8200000000000001,0.0,0.0,0.0,0.0,0.0,1.0
2,2031,0.8300000000000001,0.0,0.0,0.0,0.0,0.0,1.0
2,2031,0.84,0.0,0.0,0.0,0.0,0.0,1.0
2,2031,0.85,0.0,0.0,0.0,0.0,0.0,1.0
2,2031,0.86,0.0,0.0,0.0,0.0,0.0,1.0
2,2031,0.87,0.0,0.0,0.0,0.0,0.0,1.0
2,2031,0.88,0.0,0.0,0.0,0.0,0.0,1.0
2,2031,0.89,0.0,0.0,0.0,0.0,0.0,1.0
2,2031,0.9,0.0,0.0,0.0,0.0,0.0,1.0
2,2031,0.91,0.0,0.0,0.0,0.0,0.0,1.0
2,2031,0.92,0.0,0.0,0.0,0.0,0.0,1.0
2,2031,0.93,0.0,0.0,0.0,0.0,0.0,1.0
2,2031,0.9400000000000001,0.0,0.0,0.0,0.0,0.0,1.0
2,2031,0.9500000000000001,0.0,0.0,0.0,0.0,0.0,1.0
2,2031,0.96,0.0,0.0,0.0,0.0,0.0,1.0
2,2031,0.97,0.0,0.0,0.0,0.0,0.0,1.0
2,2031,0.98,0.0,0.0,0.0,0.0,0.0,1.0
2,2031,0.99,0.0,0.0,0.0,0.0,0.0,1.0
2,2031,1.0,0.0,0.0,0.0,0.0,0.0,1.0
2,2032,0.01,0.06650255027689045,0.1542580071272374,0.17434451682522353,0.16280432367785552,0.24068553222905362,0.20140506986373935
2,2032,0.02,0.9999999999999998,2.4849969220608034e-15,0.0,2.6409377598276626e-17,0.0,0.0
2,2032,0.03,1.0,6.135676160803073e-16,0.0,0.0,8.991216525499329e-17,0.0
2,2032,0.04,1.0,0.0,3.421968461695187e-17,1.3784685076292398e-16,0.0,4.50955360107854e-17
2,2032,0.05,1.0,0.0,3.01425450397485e-17,0.0,1.0660327549027477e-16,1.4891343238392322e-16
2,2032,0.06,1.0,0.0,1.1498910568769234e-16,8.91038982357113e-17,3.371468868724537e-17,3.762509175665546e-17
2,2032,0.07,0.9999999999999998,5.760464594509979e-16,0.0,0.0,0.0,0.0
2,2032,0.08,1.0,1.1102230246251565e-16,0.0,2.937380064378941e-17,0.0,2.1030867554198403e-19
2,2032,0.09,0.9661319851047491,0.033868014896028364,5.959842672427768e-17,4.6793644509575155e-17,0.0,0.0
2,2032,0.1,0.7581930700211813,0.24180692997943118,2.471226065876951e-17,8.202237265903013e-19,0.0,2.4395246724349688e-17
2,2032,0.11,0.6270500615444482,0.2165519520281418,0.15639798642726968,2.2057532470679164e-17,3.328317039840956e-18,0.0
2,2032,0.12,0.5269162071441849,0.060644207139020835,0.38218864052840984,0.0,0.030250945188389246,1.6559098351541236e-17
2,2032,0.13,0.4165028906918634,0.03962831762614347,0.25659964929098483,0.0,0.2872691423909701,1.0118541151379657e-22
2,2032,0.14,0.0,0.0,0.0,0.0,0.0,1.0
2,2032,0.15,0.0,0.0,0.0,0.0,0.0,1.0
2,2032,0.16,0.0,0.0,0.0,0.0,0.0,1.0
2,2032,0.17,0.0,0.0,0.0,0.0,0.0,1.0
2,2032,0.18,0.0,0.0,0.0,0.0,0.0,1.0
2,2032,0.19,0.0,0.0,0.0,0.0,0.0,1.0
2,2032,0.2,0.0,0.0,0.0,0.0,0.0,1.0
2,2032,0.21,0.0,0.0,0.0,0.0,0.0,1.0
2,2032,0.22,0.0,0.0,0.0,0.0,0.0,1.0
2,2032,0.23,0.0,0.0,0.0,0.0,0.0,1.0
2,2032,0.24,0.0,0.0,0.0,0.0,0.0,1.0
2,2032,0.25,0.0,0.0,0.0,0.0,0.0,1.0
2,2032,0.26,0.0,0.0,0.0,0.0,0.0,1.0
2,2032,0.27,0.0,0.0,0.0,0.0,0.0,1.0
2,2032,0.28,0.0,0.0,0.0,0.0,0.0,1.0
2,2032,0.29,0.0,0.0,0.0,0.0,0.0,1.0
2,2032,0.3,0.0,0.0,0.0,0.0,0.0,1.0
2,2032,0.31,0.0,0.0,0.0,0.0,0.0,1.0
2,2032,0.32,0.0,0.0,0.0,0.0,0.0,1.0
2,2032,0.33,0.0,0.0,0.0,0.0,0.0,1.0
2,2032,0.34,0.0,0.0,0.0,0.0,0.0,1.0
2,2032,0.35000000000000003,0.0,0.0,0.0,0.0,0.0,1.0
2,2032,0.36,0.0,0.0,0.0,0.0,0.0,1.0
2,2032,0.37,0.0,0.0,0.0,0.0,0.0,1.0
2,2032,0.38,0.0,0.0,0.0,0.0,0.0,1.0
2,2032,0.39,0.0,0.0,0.0,0.0,0.0,1.0
2,2032,0.4,0.0,0.0,0.0,0.0,0.0,1.0
2,2032,0.41000000000000003,0.0,0.0,0.0,0.0,0.0,1.0
2,2032,0.42,0.0,0.0,0.0,0.0,0.0,1.0
2,2032,0.43,0.0,0.0,0.0,0.0,0.0,1.0
2,2032,0.44,0.0,0.0,0.0,0.0,0.0,1.0
2,2032,0.45,0.0,0.0,0.0,0.0,0.0,1.0
2,2032,0.46,0.0,0.0,0.0,0.0,0.0,1.0
2,2032,0.47000000000000003,0.0,0.0,0.0,0.0,0.0,1.0
2,2032,0.48,0.0,0.0,0.0,0.0,0.0,1.0
2,2032,0.49,0.0,0.0,0.0,0.0,0.0,1.0
2,2032,0.5,0.0,0.0,0.0,0.0,0.0,1.0
2,2032,0.51,0.0,0.0,0.0,0.0,0.0,1.0
2,2032,0.52,0.0,0.0,0.0,0.0,0.0,1.0
2,2032,0.53,0.0,0.0,0.0,0.0,0.0,1.0
2,2032,0.54,0.0,0.0,0.0,0.0,0.0,1.0
2,2032,0.55,0.0,0.0,0.0,0.0,0.0,1.0
2,2032,0.56,0.0,0.0,0.0,0.0,0.0,1.0
2,2032,0.5700000000000001,0.0,0.0,0.0,0.0,0.0,1.0
2,2032,0.58,0.0,0.0,0.0,0.0,0.0,1.0
2,2032,0.59,0.0,0.0,0.0,0.0,0.0,1.0
2,2032,0.6,0.0,0.0,0.0,0.0,0.0,1.0
2,2032,0.61,0.0,0.0,0.0,0.0,0.0,1.0
2,2032,0.62,0.0,0.0,0.0,0.0,0.0,1.0
2,2032,0.63,0.0,0.0,0.0,0.0,0.0,1.0
2,2032,0.64,0.0,0.0,0.0,0.0,0.0,1.0
2,2032,0.65,0.0,0.0,0.0,0.0,0.0,1.0
2,2032,0.66,0.0,0.0,0.0,0.0,0.0,1.0
2,2032,0.67,0.0,0.0,0.0,0.0,0.0,1.0
2,2032,0.68,0.0,0.0,0.0,0.0,0.0,1.0
2,2032,0.6900000000000001,0.0,0.0,0.0,0.0,0.0,1.0
2,2032,0.7000000000000001,0.0,0.0,0.0,0.0,0.0,1.0
2,2032,0.71,0.0,0.0,0.0,0.0,0.0,1.0
2,2032,0.72,0.0,0.0,0.0,0.0,0.0,1.0
2,2032,0.73,0.0,0.0,0.0,0.0,0.0,1.0
2,2032,0.74,0.0,0.0,0.0,0.0,0.0,1.0
2,2032,0.75,0.0,0.0,0.0,0.0,0.0,1.0
2,2032,0.76,0.0,0.0,0.0,0.0,0.0,1.0
2,2032,0.77,0.0,0.0,0.0,0.0,0.0,1.0
2,2032,0.78,0.0,0.0,0.0,0.0,0.0,1.0
2,2032,0.79,0.0,0.0,0.0,0.0,0.0,1.0
2,2032,0.8,0.0,0.0,0.0,0.0,0.0,1.0
2,2032,0.81,0.0,0.0,0.0,0.0,0.0,1.0
2,2032,0.8200000000000001,0.0,0.0,0.0,0.0,0.0,1.0
2,2032,0.8300000000000001,0.0,0.0,0.0,0.0,0.0,1.0
2,2032,0.84,0.0,0.0,0.0,0.0,0.0,1.0
2,2032,0.85,0.0,0.0,0.0,0.0,0.0,1.0
2,2032,0.86,0.0,0.0,0.0,0.0,0.0,1.0
2,2032,0.87,0.0,0.0,0.0,0.0,0.0,1.0
2,2032,0.88,0.0,0.0,0.0,0.0,0.0,1.0
2,2032,0.89,0.0,0.0,0.0,0.0,0.0,1.0
2,2032,0.9,0.0,0.0,0.0,0.0,0.0,1.0
2,2032,0.91,0.0,0.0,0.0,0.0,0.0,1.0
2,2032,0.92,0.0,0.0,0.0,0.0,0.0,1.0
2,2032,0.93,0.0,0.0,0.0,0.0,0.0,1.0
2,2032,0.9400000000000001,0.0,0.0,0.0,0.0,0.0,1.0
2,2032,0.9500000000000001,0.0,0.0,0.0,0.0,0.0,1.0
2,2032,0.96,0.0,0.0,0.0,0.0,0.0,1.0
2,2032,0.97,0.0,0.0,0.0,0.0,0.0,1.0
2,2032,0.98,0.0,0.0,0.0,0.0,0.0,1.0
2,2032,0.99,0.0,0.0,0.0,0.0,0.0,1.0
2,2032,1.0,0.0,0.0,0.0,0.0,0.0,1.0
2,2033,0.01,0.20935963127833135,0.21222379082077944,0.07197967624280312,0.1312712492674709,0.007047639930390018,0.36811801246022535
2,2033,0.02,1.0,0.0,0.0,0.0,0.0,0.0
2,2033,0.03,1.0,0.0,1.3014559728518476e-13,1.2176172467732624e-13,9.942392838755197e-14,5.955033579485606e-13
2,2033,0.04,0.9999999999999998,0.0,0.0,1.0391772083303942e-16,3.5158727335175595e-17,2.8432896233462736e-16
2,2033,0.05,1.0,0.0,8.848561386860367e-17,1.5907066324426087e-17,2.937075138228519e-18,9.545168035601128e-17
2,2033,0.06,1.0,0.0,4.795437485257799e-18,0.0,3.6020460052840327e-17,2.3503709717977306e-17
2,2033,0.07,1.0,3.706919567489237e-18,0.0,3.590624178265102e-17,0.0,2.7468417199458898e-17
2,2033,0.08,0.9999999999999999,2.1413489476392388e-16,0.0,2.855762037892393e-17,0.0,2.554451828220498e-19
2,2033,0.09,0.829743960377368,0.17025603962263644,0.0,3.529582122604324e-21,0.0,1.541163972672927e-16
2,2033,0.1,0.6714918264839436,0.29543554626984103,0.03307262724686393,5.174323564411264e-18,7.609472155448441e-18,4.0056756648141195e-17
2,2033,0.11,0.5423041835724381,0.06828517865279322,0.38941063777476875,0.0,6.984767741545362e-18,0.0
2,2033,0.12,0.413165056378282,0.037817901370155976,0.25448811147126277,2.5766772048482246e-12,0.2945289307777241,6.856910287138045e-17
2,2033,0.13,0.0,0.0,0.0,0.0,0.0,1.0
2,2033,0.14,0.0,0.0,0.0,0.0,0.0,1.0
2,2033,0.15,0.0,0.0,0.0,0.0,0.0,1.0
2,2033,0.16,0.0,0.0,0.0,0.0,0.0,1.0
2,2033,0.17,0.0,0.0,0.0,0.0,0.0,1.0
2,2033,0.18,0.0,0.0,0.0,0.0,0.0,1.0
2,2033,0.19,0.0,0.0,0.0,0.0,0.0,1.0
2,2033,0.2,0.0,0.0,0.0,0.0,0.0,1.0
2,2033,0.21,0.0,0.0,0.0,0.0,0.0,1.0
2,2033,0.22,0.0,0.0,0.0,0.0,0.0,1.0
2,2033,0.23,0.0,0.0,0.0,0.0,0.0,1.0
2,2033,0.24,0.0,0.0,0.0,0.0,0.0,1.0
2,2033,0.25,0.0,0.0,0.0,0.0,0.0,1.0
2,2033,0.26,0.0,0.0,0.0,0.0,0.0,1.0
2,2033,0.27,0.0,0.0,0.0,0.0,0.0,1.0
2,2033,0.28,0.0,0.0,0.0,0.0,0.0,1.0
2,2033,0.29,0.0,0.0,0.0,0.0,0.0,1.0
2,2033,0.3,0.0,0.0,0.0,0.0,0.0,1.0
2,2033,0.31,0.0,0.0,0.0,0.0,0.0,1.0
2,2033,0.32,0.0,0.0,0.0,0.0,0.0,1.0
2,2033,0.33,0.0,0.0,0.0,0.0,0.0,1.0
2,2033,0.34,0.0,0.0,0.0,0.0,0.0,1.0
2,2033,0.35000000000000003,0.0,0.0,0.0,0.0,0.0,1.0
2,2033,0.36,0.0,0.0,0.0,0.0,0.0,1.0
2,2033,0.37,0.0,0.0,0.0,0.0,0.0,1.0
2,2033,0.38,0.0,0.0,0.0,0.0,0.0,1.0
2,2033,0.39,0.0,0.0,0.0,0.0,0.0,1.0
2,2033,0.4,0.0,0.0,0.0,0.0,0.0,1.0
2,2033,0.41000000000000003,0.0,0.0,0.0,0.0,0.0,1.0
2,2033,0.42,0.0,0.0,0.0,0.0,0.0,1.0
2,2033,0.43,0.0,0.0,0.0,0.0,0.0,1.0
2,2033,0.44,0.0,0.0,0.0,0.0,0.0,1.0
2,2033,0.45,0.0,0.0,0.0,0.0,0.0,1.0
2,2033,0.46,0.0,0.0,0.0,0.0,0.0,1.0
2,2033,0.47000000000000003,0.0,0.0,0.0,0.0,0.0,1.0
2,2033,0.48,0.0,0.0,0.0,0.0,0.0,1.0
2,2033,0.49,0.0,0.0,0.0,0.0,0.0,1.0
2,2033,0.5,0.0,0.0,0.0,0.0,0.0,1.0
2,2033,0.51,0.0,0.0,0.0,0.0,0.0,1.0
2,2033,0.52,0.0,0.0,0.0,0.0,0.0,1.0
2,2033,0.53,0.0,0.0,0.0,0.0,0.0,1.0
2,2033,0.54,0.0,0.0,0.0,0.0,0.0,1.0
2,2033,0.55,0.0,0.0,0.0,0.0,0.0,1.0
2,2033,0.56,0.0,0.0,0.0,0.0,0.0,1.0
2,2033,0.5700000000000001,0.0,0.0,0.0,0.0,0.0,1.0
2,2033,0.58,0.0,0.0,0.0,0.0,0.0,1.0
2,2033,0.59,0.0,0.0,0.0,0.0,0.0,1.0
2,2033,0.6,0.0,0.0,0.0,0.0,0.0,1.0
2,2033,0.61,0.0,0.0,0.0,0.0,0.0,1.0
2,2033,0.62,0.0,0.0,0.0,0.0,0.0,1.0
2,2033,0.63,0.0,0.0,0.0,0.0,0.0,1.0
2,2033,0.64,0.0,0.0,0.0,0.0,0.0,1.0
2,2033,0.65,0.0,0.0,0.0,0.0,0.0,1.0
2,2033,0.66,0.0,0.0,0.0,0.0,0.0,1.0
2,2033,0.67,0.0,0.0,0.0,0.0,0.0,1.0
2,2033,0.68,0.0,0.0,0.0,0.0,0.0,1.0
2,2033,0.6900000000000001,0.0,0.0,0.0,0.0,0.0,1.0
2,2033,0.7000000000000001,0.0,0.0,0.0,0.0,0.0,1.0
2,2033,0.71,0.0,0.0,0.0,0.0,0.0,1.0
2,2033,0.72,0.0,0.0,0.0,0.0,0.0,1.0
2,2033,0.73,0.0,0.0,0.0,0.0,0.0,1.0
2,2033,0.74,0.0,0.0,0.0,0.0,0.0,1.0
2,2033,0.75,0.0,0.0,0.0,0.0,0.0,1.0
2,2033,0.76,0.0,0.0,0.0,0.0,0.0,1.0
2,2033,0.77,0.0,0.0,0.0,0.0,0.0,1.0
2,2033,0.78,0.0,0.0,0.0,0.0,0.0,1.0
2,2033,0.79,0.0,0.0,0.0,0.0,0.0,1.0
2,2033,0.8,0.0,0.0,0.0,0.0,0.0,1.0
2,2033,0.81,0.0,0.0,0.0,0.0,0.0,1.0
2,2033,0.8200000000000001,0.0,0.0,0.0,0.0,0.0,1.0
2,2033,0.8300000000000001,0.0,0.0,0.0,0.0,0.0,1.0
2,2033,0.84,0.0,0.0,0.0,0.0,0.0,1.0
2,2033,0.85,0.0,0.0,0.0,0.0,0.0,1.0
2,2033,0.86,0.0,0.0,0.0,0.0,0.0,1.0
2,2033,0.87,0.0,0.0,0.0,0.0,0.0,1.0
2,2033,0.88,0.0,0.0,0.0,0.0,0.0,1.0
2,2033,0.89,0.0,0.0,0.0,0.0,0.0,1.0
2,2033,0.9,0.0,0.0,0.0,0.0,0.0,1.0
2,2033,0.91,0.0,0.0,0.0,0.0,0.0,1.0
2,2033,0.92,0.0,0.0,0.0,0.0,0.0,1.0
2,2033,0.93,0.0,0.0,0.0,0.0,0.0,1.0
2,2033,0.9400000000000001,0.0,0.0,0.0,0.0,0.0,1.0
2,2033,0.9500000000000001,0.0,0.0,0.0,0.0,0.0,1.0
2,2033,0.96,0.0,0.0,0.0,0.0,0.0,1.0
2,2033,0.97,0.0,0.0,0.0,0.0,0.0,1.0
2,2033,0.98,0.0,0.0,0.0,0.0,0.0,1.0
2,2033,0.99,0.0,0.0,0.0,0.0,0.0,1.0
2,2033,1.0,0.0,0.0,0.0,0.0,0.0,1.0
2,2034,0.01,0.06217331974021878,0.2056433052736415,0.07283172853635102,0.24506389181227303,0.19556258308581984,0.21872517155169588
2,2034,0.02,1.0,0.0,0.0,0.0,0.0,0.0
2,2034,0.03,0.9999999999999867,0.0,6.678922488340299e-17,0.0,1.5739133842740474e-16,0.0
2,2034,0.04,1.0,0.0,9.025902246158053e-15,0.0,2.6570272277696538e-14,3.0969816251118705e-14
2,2034,0.05,1.0,0.0,1.1810499941667056e-16,1.8345827662705366e-16,0.0,4.1738441364858103e-17
2,2034,0.06,1.0,0.0,3.358133070187849e-17,2.867860376840479e-16,0.0,0.0
2,2034,0.07,1.0,0.0,7.305392331691456e-17,0.0,1.1977429117465155e-17,2.9360239261017905e-17
2,2034,0.08,1.0,8.884865848465838e-18,5.370166524775732e-17,6.82385820449428e-17,0.0,0.0
2,2034,0.09,0.8345303903947479,0.16546960960525364,0.0,3.4840430597216534e-17,3.422843999686939e-17,5.031210732841271e-17
2,2034,0.1,0.6577643827245425,0.27079151594952017,0.07144410132654502,1.1779147604899504e-17,6.691646754061076e-18,1.2836078946869992e-19
2,2034,0.11,0.5128994202179804,0.05828259161188185,0.3662942874635264,0.0,0.06252370070655006,0.0
2,2034,0.12,0.39096409135567267,0.03473437530685663,0.2270646107617363,0.0,0.3472369225757379,4.3188535980243443e-19
2,2034,0.13,0.0,0.0,0.0,0.0,0.0,1.0
2,2034,0.14,0.0,0.0,0.0,0.0,0.0,1.0
2,2034,0.15,0.0,0.0,0.0,0.0,0.0,1.0
2,2034,0.16,0.0,0.0,0.0,0.0,0.0,1.0
2,2034,0.17,0.0,0.0,0.0,0.0,0.0,1.0
2,2034,0.18,0.0,0.0,0.0,0.0,0.0,1.0
2,2034,0.19,0.0,0.0,0.0,0.0,0.0,1.0
2,2034,0.2,0.0,0.0,0.0,0.0,0.0,1.0
2,2034,0.21,0.0,0.0,0.0,0.0,0.0,1.0
2,2034,0.22,0.0,0.0,0.0,0.0,0.0,1.0
2,2034,0.23,0.0,0.0,0.0,0.0,0.0,1.0
2,2034,0.24,0.0,0.0,0.0,0.0,0.0,1.0
2,2034,0.25,0.0,0.0,0.0,0.0,0.0,1.0
2,2034,0.26,0.0,0.0,0.0,0.0,0.0,1.0
2,2034,0.27,0.0,0.0,0.0,0.0,0.0,1.0
2,2034,0.28,0.0,0.0,0.0,0.0,0.0,1.0
2,2034,0.29,0.0,0.0,0.0,0.0,0.0,1.0
2,2034,0.3,0.0,0.0,0.0,0.0,0.0,1.0
2,2034,0.31,0.0,0.0,0.0,0.0,0.0,1.0
2,2034,0.32,0.0,0.0,0.0,0.0,0.0,1.0
2,2034,0.33,0.0,0.0,0.0,0.0,0.0,1.0
2,2034,0.34,0.0,0.0,0.0,0.0,0.0,1.0
2,2034,0.35000000000000003,0.0,0.0,0.0,0.0,0.0,1.0
2,2034,0.36,0.0,0.0,0.0,0.0,0.0,1.0
2,2034,0.37,0.0,0.0,0.0,0.0,0.0,1.0
2,2034,0.38,0.0,0.0,0.0,0.0,0.0,1.0
2,2034,0.39,0.0,0.0,0.0,0.0,0.0,1.0
2,2034,0.4,0.0,0.0,0.0,0.0,0.0,1.0
2,2034,0.41000000000000003,0.0,0.0,0.0,0.0,0.0,1.0
2,2034,0.42,0.0,0.0,0.0,0.0,0.0,1.0
2,2034,0.43,0.0,0.0,0.0,0.0,0.0,1.0
2,2034,0.44,0.0,0.0,0.0,0.0,0.0,1.0
2,2034,0.45,0.0,0.0,0.0,0.0,0.0,1.0
2,2034,0.46,0.0,0.0,0.0,0.0,0.0,1.0
2,2034,0.47000000000000003,0.0,0.0,0.0,0.0,0.0,1.0
2,2034,0.48,0.0,0.0,0.0,0.0,0.0,1.0
2,2034,0.49,0.0,0.0,0.0,0.0,0.0,1.0
2,2034,0.5,0.0,0.0,0.0,0.0,0.0,1.0
2,2034,0.51,0.0,0.0,0.0,0.0,0.0,1.0
2,2034,0.52,0.0,0.0,0.0,0.0,0.0,1.0
2,2034,0.53,0.0,0.0,0.0,0.0,0.0,1.0
2,2034,0.54,0.0,0.0,0.0,0.0,0.0,1.0
2,2034,0.55,0.0,0.0,0.0,0.0,0.0,1.0
2,2034,0.56,0.0,0.0,0.0,0.0,0.0,1.0
2,2034,0.5700000000000001,0.0,0.0,0.0,0.0,0.0,1.0
2,2034,0.58,0.0,0.0,0.0,0.0,0.0,1.0
2,2034,0.59,0.0,0.0,0.0,0.0,0.0,1.0
2,2034,0.6,0.0,0.0,0.0,0.0,0.0,1.0
2,2034,0.61,0.0,0.0,0.0,0.0,0.0,1.0
2,2034,0.62,0.0,0.0,0.0,0.0,0.0,1.0
2,2034,0.63,0.0,0.0,0.0,0.0,0.0,1.0
2,2034,0.64,0.0,0.0,0.0,0.0,0.0,1.0
2,2034,0.65,0.0,0.0,0.0,0.0,0.0,1.0
2,2034,0.66,0.0,0.0,0.0,0.0,0.0,1.0
2,2034,0.67,0.0,0.0,0.0,0.0,0.0,1.0
2,2034,0.68,0.0,0.0,0.0,0.0,0.0,1.0
2,2034,0.6900000000000001,0.0,0.0,0.0,0.0,0.0,1.0
2,2034,0.7000000000000001,0.0,0.0,0.0,0.0,0.0,1.0
2,2034,0.71,0.0,0.0,0.0,0.0,0.0,1.0
2,2034,0.72,0.0,0.0,0.0,0.0,0.0,1.0
2,2034,0.73,0.0,0.0,0.0,0.0,0.0,1.0
2,2034,0.74,0.0,0.0,0.0,0.0,0.0,1.0
2,2034,0.75,0.0,0.0,0.0,0.0,0.0,1.0
2,2034,0.76,0.0,0.0,0.0,0.0,0.0,1.0
2,2034,0.77,0.0,0.0,0.0,0.0,0.0,1.0
2,2034,0.78,0.0,0.0,0.0,0.0,0.0,1.0
2,2034,0.79,0.0,0.0,0.0,0.0,0.0,1.0
2,2034,0.8,0.0,0.0,0.0,0.0,0.0,1.0
2,2034,0.81,0.0,0.0,0.0,0.0,0.0,1.0
2,2034,0.8200000000000001,0.0,0.0,0.0,0.0,0.0,1.0
2,2034,0.8300000000000001,0.0,0.0,0.0,0.0,0.0,1.0
2,2034,0.84,0.0,0.0,0.0,0.0,0.0,1.0
2,2034,0.85,0.0,0.0,0.0,0.0,0.0,1.0
2,2034,0.86,0.0,0.0,0.0,0.0,0.0,1.0
2,2034,0.87,0.0,0.0,0.0,0.0,0.0,1.0
2,2034,0.88,0.0,0.0,0.0,0.0,0.0,1.0
2,2034,0.89,0.0,0.0,0.0,0.0,0.0,1.0
2,2034,0.9,0.0,0.0,0.0,0.0,0.0,1.0
2,2034,0.91,0.0,0.0,0.0,0.0,0.0,1.0
2,2034,0.92,0.0,0.0,0.0,0.0,0.0,1.0
2,2034,0.93,0.0,0.0,0.0,0.0,0.0,1.0
2,2034,0.9400000000000001,0.0,0.0,0.0,0.0,0.0,1.0
2,2034,0.9500000000000001,0.0,0.0,0.0,0.0,0.0,1.0
2,2034,0.96,0.0,0.0,0.0,0.0,0.0,1.0
2,2034,0.97,0.0,0.0,0.0,0.0,0.0,1.0
2,2034,0.98,0.0,0.0,0.0,0.0,0.0,1.0
2,2034,0.99,0.0,0.0,0.0,0.0,0.0,1.0
2,2034,1.0,0.0,0.0,0.0,0.0,0.0,1.0
2,2035,0.01,0.17568102358274595,0.04123537556103493,0.2021471157613438,0.09564378455217297,0.425642636314454,0.059650064228248284
2,2035,0.02,1.0,8.881784197001252e-16,8.040079253097831e-18,0.0,4.732640113475963e-17,2.4151916459295505e-17
2,2035,0.03,0.9999999999999907,1.444347882170052e-14,0.0,0.0,0.0,0.0
2,2035,0.04,1.0,0.0,2.0719112456726967e-15,0.0,9.082300629323606e-16,0.0
2,2035,0.05,1.0,0.0,0.0,7.904969661534695e-17,0.0,6.51719088075325e-17
2,2035,0.06,1.0,0.0,1.0250891828053474e-17,7.620043593811569e-17,1.569620446098931e-16,0.0
2,2035,0.07,0.2535194505352305,0.7464805494647746,1.3622494415857645e-16,7.464518936850915e-17,0.0,7.678536309753733e-17
2,2035,0.08,0.25404045052665736,0.7459595494733461,5.4077319812062805e-17,0.0,0.0,3.274410304387516e-17
2,2035,0.09,0.20784031441147566,0.44716633840970166,0.0,0.0,7.547995311774914e-17,0.3449933471790291
2,2035,0.1,0.0,0.0,0.0,0.0,0.0,1.0
2,2035,0.11,0.0,0.0,0.0,0.0,0.0,1.0
2,2035,0.12,0.0,0.0,0.0,0.0,0.0,1.0
2,2035,0.13,0.0,0.0,0.0,0.0,0.0,1.0
2,2035,0.14,0.0,0.0,0.0,0.0,0.0,1.0
2,2035,0.15,0.0,0.0,0.0,0.0,0.0,1.0
2,2035,0.16,0.0,0.0,0.0,0.0,0.0,1.0
2,2035,0.17,0.0,0.0,0.0,0.0,0.0,1.0
2,2035,0.18,0.0,0.0,0.0,0.0,0.0,1.0
2,2035,0.19,0.0,0.0,0.0,0.0,0.0,1.0
2,2035,0.2,0.0,0.0,0.0,0.0,0.0,1.0
2,2035,0.21,0.0,0.0,0.0,0.0,0.0,1.0
2,2035,0.22,0.0,0.0,0.0,0.0,0.0,1.0
2,2035,0.23,0.0,0.0,0.0,0.0,0.0,1.0
2,2035,0.24,0.0,0.0,0.0,0.0,0.0,1.0
2,2035,0.25,0.0,0.0,0.0,0.0,0.0,1.0
2,2035,0.26,0.0,0.0,0.0,0.0,0.0,1.0
2,2035,0.27,0.0,0.0,0.0,0.0,0.0,1.0
2,2035,0.28,0.0,0.0,0.0,0.0,0.0,1.0
2,2035,0.29,0.0,0.0,0.0,0.0,0.0,1.0
2,2035,0.3,0.0,0.0,0.0,0.0,0.0,1.0
2,2035,0.31,0.0,0.0,0.0,0.0,0.0,1.0
2,2035,0.32,0.0,0.0,0.0,0.0,0.0,1.0
2,2035,0.33,0.0,0.0,0.0,0.0,0.0,1.0
2,2035,0.34,0.0,0.0,0.0,0.0,0.0,1.0
2,2035,0.35000000000000003,0.0,0.0,0.0,0.0,0.0,1.0
2,2035,0.36,0.0,0.0,0.0,0.0,0.0,1.0
2,2035,0.37,0.0,0.0,0.0,0.0,0.0,1.0
2,2035,0.38,0.0,0.0,0.0,0.0,0.0,1.0
2,2035,0.39,0.0,0.0,0.0,0.0,0.0,1.0
2,2035,0.4,0.0,0.0,0.0,0.0,0.0,1.0
2,2035,0.41000000000000003,0.0,0.0,0.0,0.0,0.0,1.0
2,2035,0.42,0.0,0.0,0.0,0.0,0.0,1.0
2,2035,0.43,0.0,0.0,0.0,0.0,0.0,1.0
2,2035,0.44,0.0,0.0,0.0,0.0,0.0,1.0
2,2035,0.45,0.0,0.0,0.0,0.0,0.0,1.0
2,2035,0.46,0.0,0.0,0.0,0.0,0.0,1.0
2,2035,0.47000000000000003,0.0,0.0,0.0,0.0,0.0,1.0
2,2035,0.48,0.0,0.0,0.0,0.0,0.0,1.0
2,2035,0.49,0.0,0.0,0.0,0.0,0.0,1.0
2,2035,0.5,0.0,0.0,0.0,0.0,0.0,1.0
2,2035,0.51,0.0,0.0,0.0,0.0,0.0,1.0
2,2035,0.52,0.0,0.0,0.0,0.0,0.0,1.0
2,2035,0.53,0.0,0.0,0.0,0.0,0.0,1.0
2,2035,0.54,0.0,0.0,0.0,0.0,0.0,1.0
2,2035,0.55,0.0,0.0,0.0,0.0,0.0,1.0
2,2035,0.56,0.0,0.0,0.0,0.0,0.0,1.0
2,2035,0.5700000000000001,0.0,0.0,0.0,0.0,0.0,1.0
2,2035,0.58,0.0,0.0,0.0,0.0,0.0,1.0
2,2035,0.59,0.0,0.0,0.0,0.0,0.0,1.0
2,2035,0.6,0.0,0.0,0.0,0.0,0.0,1.0
2,2035,0.61,0.0,0.0,0.0,0.0,0.0,1.0
2,2035,0.62,0.0,0.0,0.0,0.0,0.0,1.0
2,2035,0.63,0.0,0.0,0.0,0.0,0.0,1.0
2,2035,0.64,0.0,0.0,0.0,0.0,0.0,1.0
2,2035,0.65,0.0,0.0,0.0,0.0,0.0,1.0
2,2035,0.66,0.0,0.0,0.0,0.0,0.0,1.0
2,2035,0.67,0.0,0.0,0.0,0.0,0.0,1.0
2,2035,0.68,0.0,0.0,0.0,0.0,0.0,1.0
2,2035,0.6900000000000001,0.0,0.0,0.0,0.0,0.0,1.0
2,2035,0.7000000000000001,0.0,0.0,0.0,0.0,0.0,1.0
2,2035,0.71,0.0,0.0,0.0,0.0,0.0,1.0
2,2035,0.72,0.0,0.0,0.0,0.0,0.0,1.0
2,2035,0.73,0.0,0.0,0.0,0.0,0.0,1.0
2,2035,0.74,0.0,0.0,0.0,0.0,0.0,1.0
2,2035,0.75,0.0,0.0,0.0,0.0,0.0,1.0
2,2035,0.76,0.0,0.0,0.0,0.0,0.0,1.0
2,2035,0.77,0.0,0.0,0.0,0.0,0.0,1.0
2,2035,0.78,0.0,0.0,0.0,0.0,0.0,1.0
2,2035,0.79,0.0,0.0,0.0,0.0,0.0,1.0
2,2035,0.8,0.0,0.0,0.0,0.0,0.0,1.0
2,2035,0.81,0.0,0.0,0.0,0.0,0.0,1.0
2,2035,0.8200000000000001,0.0,0.0,0.0,0.0,0.0,1.0
2,2035,0.8300000000000001,0.0,0.0,0.0,0.0,0.0,1.0
2,2035,0.84,0.0,0.0,0.0,0.0,0.0,1.0
2,2035,0.85,0.0,0.0,0.0,0.0,0.0,1.0
2,2035,0.86,0.0,0.0,0.0,0.0,0.0,1.0
2,2035,0.87,0.0,0.0,0.0,0.0,0.0,1.0
2,2035,0.88,0.0,0.0,0.0,0.0,0.0,1.0
2,2035,0.89,0.0,0.0,0.0,0.0,0.0,1.0
2,2035,0.9,0.0,0.0,0.0,0.0,0.0,1.0
2,2035,0.91,0.0,0.0,0.0,0.0,0.0,1.0
2,2035,0.92,0.0,0.0,0.0,0.0,0.0,1.0
2,2035,0.93,0.0,0.0,0.0,0.0,0.0,1.0
2,2035,0.9400000000000001,0.0,0.0,0.0,0.0,0.0,1.0
2,2035,0.9500000000000001,0.0,0.0,0.0,0.0,0.0,1.0
2,2035,0.96,0.0,0.0,0.0,0.0,0.0,1.0
2,2035,0.97,0.0,0.0,0.0,0.0,0.0,1.0
2,2035,0.98,0.0,0.0,0.0,0.0,0.0,1.0
2,2035,0.99,0.0,0.0,0.0,0.0,0.0,1.0
2,2035,1.0,0.0,0.0,0.0,0.0,0.0,1.0
2,2036,0.01,0.19501043467809823,0.15853626372975863,0.1888598270634807,0.09657391070614767,0.16810235061582374,0.19291721320669117
2,2036,0.02,1.0,6.108716859440244e-13,0.0,0.0,0.0,6.999925370377619e-17
2,2036,0.03,0.9999999999995121,5.323350491563375e-13,0.0,0.0,0.0,0.0
2,2036,0.04,1.0,0.0,1.3670681649862153e-16,0.0,1.0895124088299262e-16,5.755803490456405e-17
2,2036,0.05,1.0,0.0,7.848542199541602e-17,0.0,0.0,3.6942341710235195e-17
2,2036,0.06,0.2543914551518239,0.7456085448481766,0.0,0.0,0.0,0.0
2,2036,0.07,0.24442333684672582,0.6846794797241037,1.6512930022478263e-19,0.0,0.0,0.07089718342917188
2,2036,0.08,0.0,0.0,0.0,0.0,0.0,1.0
2,2036,0.09,0.0,0.0,0.0,0.0,0.0,1.0
2,2036,0.1,0.0,0.0,0.0,0.0,0.0,1.0
2,2036,0.11,0.0,0.0,0.0,0.0,0.0,1.0
2,2036,0.12,0.0,0.0,0.0,0.0,0.0,1.0
2,2036,0.13,0.0,0.0,0.0,0.0,0.0,1.0
2,2036,0.14,0.0,0.0,0.0,0.0,0.0,1.0
2,2036,0.15,0.0,0.0,0.0,0.0,0.0,1.0
2,2036,0.16,0.0,0.0,0.0,0.0,0.0,1.0
2,2036,0.17,0.0,0.0,0.0,0.0,0.0,1.0
2,2036,0.18,0.0,0.0,0.0,0.0,0.0,1.0
2,2036,0.19,0.0,0.0,0.0,0.0,0.0,1.0
2,2036,0.2,0.0,0.0,0.0,0.0,0.0,1.0
2,2036,0.21,0.0,0.0,0.0,0.0,0.0,1.0
2,2036,0.22,0.0,0.0,0.0,0.0,0.0,1.0
2,2036,0.23,0.0,0.0,0.0,0.0,0.0,1.0
2,2036,0.24,0.0,0.0,0.0,0.0,0.0,1.0
2,2036,0.25,0.0,0.0,0.0,0.0,0.0,1.0
2,2036,0.26,0.0,0.0,0.0,0.0,0.0,1.0
2,2036,0.27,0.0,0.0,0.0,0.0,0.0,1.0
2,2036,0.28,0.0,0.0,0.0,0.0,0.0,1.0
2,2036,0.29,0.0,0.0,0.0,0.0,0.0,1.0
2,2036,0.3,0.0,0.0,0.0,0.0,0.0,1.0
2,2036,0.31,0.0,0.0,0.0,0.0,0.0,1.0
2,2036,0.32,0.0,0.0,0.0,0.0,0.0,1.0
2,2036,0.33,0.0,0.0,0.0,0.0,0.0,1.0
2,2036,0.34,0.0,0.0,0.0,0.0,0.0,1.0
2,2036,0.35000000000000003,0.0,0.0,0.0,0.0,0.0,1.0
2,2036,0.36,0.0,0.0,0.0,0.0,0.0,1.0
2,2036,0.37,0.0,0.0,0.0,0.0,0.0,1.0
2,2036,0.38,0.0,0.0,0.0,0.0,0.0,1.0
2,2036,0.39,0.0,0.0,0.0,0.0,0.0,1.0
2,2036,0.4,0.0,0.0,0.0,0.0,0.0,1.0
2,2036,0.41000000000000003,0.0,0.0,0.0,0.0,0.0,1.0
2,2036,0.42,0.0,0.0,0.0,0.0,0.0,1.0
2,2036,0.43,0.0,0.0,0.0,0.0,0.0,1.0
2,2036,0.44,0.0,0.0,0.0,0.0,0.0,1.0
2,2036,0.45,0.0,0.0,0.0,0.0,0.0,1.0
2,2036,0.46,0.0,0.0,0.0,0.0,0.0,1.0
2,2036,0.47000000000000003,0.0,0.0,0.0,0.0,0.0,1.0
2,2036,0.48,0.0,0.0,0.0,0.0,0.0,1.0
2,2036,0.49,0.0,0.0,0.0,0.0,0.0,1.0
2,2036,0.5,0.0,0.0,0.0,0.0,0.0,1.0
2,2036,0.51,0.0,0.0,0.0,0.0,0.0,1.0
2,2036,0.52,0.0,0.0,0.0,0.0,0.0,1.0
2,2036,0.53,0.0,0.0,0.0,0.0,0.0,1.0
2,2036,0.54,0.0,0.0,0.0,0.0,0.0,1.0
2,2036,0.55,0.0,0.0,0.0,0.0,0.0,1.0
2,2036,0.56,0.0,0.0,0.0,0.0,0.0,1.0
2,2036,0.5700000000000001,0.0,0.0,0.0,0.0,0.0,1.0
2,2036,0.58,0.0,0.0,0.0,0.0,0.0,1.0
2,2036,0.59,0.0,0.0,0.0,0.0,0.0,1.0
2,2036,0.6,0.0,0.0,0.0,0.0,0.0,1.0
2,2036,0.61,0.0,0.0,0.0,0.0,0.0,1.0
2,2036,0.62,0.0,0.0,0.0,0.0,0.0,1.0
2,2036,0.63,0.0,0.0,0.0,0.0,0.0,1.0
2,2036,0.64,0.0,0.0,0.0,0.0,0.0,1.0
2,2036,0.65,0.0,0.0,0.0,0.0,0.0,1.0
2,2036,0.66,0.0,0.0,0.0,0.0,0.0,1.0
2,2036,0.67,0.0,0.0,0.0,0.0,0.0,1.0
2,2036,0.68,0.0,0.0,0.0,0.0,0.0,1.0
2,2036,0.6900000000000001,0.0,0.0,0.0,0.0,0.0,1.0
2,2036,0.7000000000000001,0.0,0.0,0.0,0.0,0.0,1.0
2,2036,0.71,0.0,0.0,0.0,0.0,0.0,1.0
2,2036,0.72,0.0,0.0,0.0,0.0,0.0,1.0
2,2036,0.73,0.0,0.0,0.0,0.0,0.0,1.0
2,2036,0.74,0.0,0.0,0.0,0.0,0.0,1.0
2,2036,0.75,0.0,0.0,0.0,0.0,0.0,1.0
2,2036,0.76,0.0,0.0,0.0,0.0,0.0,1.0
2,2036,0.77,0.0,0.0,0.0,0.0,0.0,1.0
2,2036,0.78,0.0,0.0,0.0,0.0,0.0,1.0
2,2036,0.79,0.0,0.0,0.0,0.0,0.0,1.0
2,2036,0.8,0.0,0.0,0.0,0.0,0.0,1.0
2,2036,0.81,0.0,0.0,0.0,0.0,0.0,1.0
2,2036,0.8200000000000001,0.0,0.0,0.0,0.0,0.0,1.0
2,2036,0.8300000000000001,0.0,0.0,0.0,0.0,0.0,1.0
2,2036,0.84,0.0,0.0,0.0,0.0,0.0,1.0
2,2036,0.85,0.0,0.0,0.0,0.0,0.0,1.0
2,2036,0.86,0.0,0.0,0.0,0.0,0.0,1.0
2,2036,0.87,0.0,0.0,0.0,0.0,0.0,1.0
2,2036,0.88,0.0,0.0,0.0,0.0,0.0,1.0
2,2036,0.89,0.0,0.0,0.0,0.0,0.0,1.0
2,2036,0.9,0.0,0.0,0.0,0.0,0.0,1.0
2,2036,0.91,0.0,0.0,0.0,0.0,0.0,1.0
2,2036,0.92,0.0,0.0,0.0,0.0,0.0,1.0
2,2036,0.93,0.0,0.0,0.0,0.0,0.0,1.0
2,2036,0.9400000000000001,0.0,0.0,0.0,0.0,0.0,1.0
2,2036,0.9500000000000001,0.0,0.0,0.0,0.0,0.0,1.0
2,2036,0.96,0.0,0.0,0.0,0.0,0.0,1.0
2,2036,0.97,0.0,0.0,0.0,0.0,0.0,1.0
2,2036,0.98,0.0,0.0,0.0,0.0,0.0,1.0
2,2036,0.99,0.0,0.0,0.0,0.0,0.0,1.0
2,2036,1.0,0.0,0.0,0.0,0.0,0.0,1.0
2,2037,0.01,0.22309651228423277,0.12117866059644727,0.2880299611616722,0.0922855536534303,0.19476255820016114,0.0806467541040563
2,2037,0.02,0.9999999999995518,2.982411072293364e-17,1.705532244919502e-17,2.365926791711874e-17,6.408539711550004e-17,0.0
2,2037,0.03,1.0,0.0,1.5140710891957504e-15,0.0,1.67275762966616e-15,9.023260820379706e-17
2,2037,0.04,0.9999999999999998,6.106226635438361e-16,9.703410534373901e-17,0.0,0.0,0.0
2,2037,0.05,0.5551093277812613,0.4448906722187388,0.0,2.1421702871558565e-17,2.5541671127003482e-17,7.167789584458519e-18
2,2037,0.06,0.25388517242151626,0.7461148275784905,1.5806501156942527e-16,2.283479926135854e-17,8.366927279175941e-17,0.0
2,2037,0.07,0.0,0.0,0.0,0.0,0.0,1.0
2,2037,0.08,0.0,0.0,0.0,0.0,0.0,1.0
2,2037,0.09,0.0,0.0,0.0,0.0,0.0,1.0
2,2037,0.1,0.0,0.0,0.0,0.0,0.0,1.0
2,2037,0.11,0.0,0.0,0.0,0.0,0.0,1.0
2,2037,0.12,0.0,0.0,0.0,0.0,0.0,1.0
2,2037,0.13,0.0,0.0,0.0,0.0,0.0,1.0
2,2037,0.14,0.0,0.0,0.0,0.0,0.0,1.0
2,2037,0.15,0.0,0.0,0.0,0.0,0.0,1.0
2,2037,0.16,0.0,0.0,0.0,0.0,0.0,1.0
2,2037,0.17,0.0,0.0,0.0,0.0,0.0,1.0
2,2037,0.18,0.0,0.0,0.0,0.0,0.0,1.0
2,2037,0.19,0.0,0.0,0.0,0.0,0.0,1.0
2,2037,0.2,0.0,0.0,0.0,0.0,0.0,1.0
2,2037,0.21,0.0,0.0,0.0,0.0,0.0,1.0
2,2037,0.22,0.0,0.0,0.0,0.0,0.0,1.0
2,2037,0.23,0.0,0.0,0.0,0.0,0.0,1.0
2,2037,0.24,0.0,0.0,0.0,0.0,0.0,1.0
2,2037,0.25,0.0,0.0,0.0,0.0,0.0,1.0
2,2037,0.26,0.0,0.0,0.0,0.0,0.0,1.0
2,2037,0.27,0.0,0.0,0.0,0.0,0.0,1.0
2,2037,0.28,0.0,0.0,0.0,0.0,0.0,1.0
2,2037,0.29,0.0,0.0,0.0,0.0,0.0,1.0
2,2037,0.3,0.0,0.0,0.0,0.0,0.0,1.0
2,2037,0.31,0.0,0.0,0.0,0.0,0.0,1.0
2,2037,0.32,0.0,0.0,0.0,0.0,0.0,1.0
2,2037,0.33,0.0,0.0,0.0,0.0,0.0,1.0
2,2037,0.34,0.0,0.0,0.0,0.0,0.0,1.0
2,2037,0.35000000000000003,0.0,0.0,0.0,0.0,0.0,1.0
2,2037,0.36,0.0,0.0,0.0,0.0,0.0,1.0
2,2037,0.37,0.0,0.0,0.0,0.0,0.0,1.0
2,2037,0.38,0.0,0.0,0.0,0.0,0.0,1.0
2,2037,0.39,0.0,0.0,0.0,0.0,0.0,1.0
2,2037,0.4,0.0,0.0,0.0,0.0,0.0,1.0
2,2037,0.41000000000000003,0.0,0.0,0.0,0.0,0.0,1.0
2,2037,0.42,0.0,0.0,0.0,0.0,0.0,1.0
2,2037,0.43,0.0,0.0,0.0,0.0,0.0,1.0
2,2037,0.44,0.0,0.0,0.0,0.0,0.0,1.0
2,2037,0.45,0.0,0.0,0.0,0.0,0.0,1.0
2,2037,0.46,0.0,0.0,0.0,0.0,0.0,1.0
2,2037,0.47000000000000003,0.0,0.0,0.0,0.0,0.0,1.0
2,2037,0.48,0.0,0.0,0.0,0.0,0.0,1.0
2,2037,0.49,0.0,0.0,0.0,0.0,0.0,1.0
2,2037,0.5,0.0,0.0,0.0,0.0,0.0,1.0
2,2037,0.51,0.0,0.0,0.0,0.0,0.0,1.0
2,2037,0.52,0.0,0.0,0.0,0.0,0.0,1.0
2,2037,0.53,0.0,0.0,0.0,0.0,0.0,1.0
2,2037,0.54,0.0,0.0,0.0,0.0,0.0,1.0
2,2037,0.55,0.0,0.0,0.0,0.0,0.0,1.0
2,2037,0.56,0.0,0.0,0.0,0.0,0.0,1.0
2,2037,0.5700000000000001,0.0,0.0,0.0,0.0,0.0,1.0
2,2037,0.58,0.0,0.0,0.0,0.0,0.0,1.0
2,2037,0.59,0.0,0.0,0.0,0.0,0.0,1.0
2,2037,0.6,0.0,0.0,0.0,0.0,0.0,1.0
2,2037,0.61,0.0,0.0,0.0,0.0,0.0,1.0
2,2037,0.62,0.0,0.0,0.0,0.0,0.0,1.0
2,2037,0.63,0.0,0.0,0.0,0.0,0.0,1.0
2,2037,0.64,0.0,0.0,0.0,0.0,0.0,1.0
2,2037,0.65,0.0,0.0,0.0,0.0,0.0,1.0
2,2037,0.66,0.0,0.0,0.0,0.0,0.0,1.0
2,2037,0.67,0.0,0.0,0.0,0.0,0.0,1.0
2,2037,0.68,0.0,0.0,0.0,0.0,0.0,1.0
2,2037,0.6900000000000001,0.0,0.0,0.0,0.0,0.0,1.0
2,2037,0.7000000000000001,0.0,0.0,0.0,0.0,0.0,1.0
2,2037,0.71,0.0,0.0,0.0,0.0,0.0,1.0
2,2037,0.72,0.0,0.0,0.0,0.0,0.0,1.0
2,2037,0.73,0.0,0.0,0.0,0.0,0.0,1.0
2,2037,0.74,0.0,0.0,0.0,0.0,0.0,1.0
2,2037,0.75,0.0,0.0,0.0,0.0,0.0,1.0
2,2037,0.76,0.0,0.0,0.0,0.0,0.0,1.0
2,2037,0.77,0.0,0.0,0.0,0.0,0.0,1.0
2,2037,0.78,0.0,0.0,0.0,0.0,0.0,1.0
2,2037,0.79,0.0,0.0,0.0,0.0,0.0,1.0
2,2037,0.8,0.0,0.0,0.0,0.0,0.0,1.0
2,2037,0.81,0.0,0.0,0.0,0.0,0.0,1.0
2,2037,0.8200000000000001,0.0,0.0,0.0,0.0,0.0,1.0
2,2037,0.8300000000000001,0.0,0.0,0.0,0.0,0.0,1.0
2,2037,0.84,0.0,0.0,0.0,0.0,0.0,1.0
2,2037,0.85,0.0,0.0,0.0,0.0,0.0,1.0
2,2037,0.86,0.0,0.0,0.0,0.0,0.0,1.0
2,2037,0.87,0.0,0.0,0.0,0.0,0.0,1.0
2,2037,0.88,0.0,0.0,0.0,0.0,0.0,1.0
2,2037,0.89,0.0,0.0,0.0,0.0,0.0,1.0
2,2037,0.9,0.0,0.0,0.0,0.0,0.0,1.0
2,2037,0.91,0.0,0.0,0.0,0.0,0.0,1.0
2,2037,0.92,0.0,0.0,0.0,0.0,0.0,1.0
2,2037,0.93,0.0,0.0,0.0,0.0,0.0,1.0
2,2037,0.9400000000000001,0.0,0.0,0.0,0.0,0.0,1.0
2,2037,0.9500000000000001,0.0,0.0,0.0,0.0,0.0,1.0
2,2037,0.96,0.0,0.0,0.0,0.0,0.0,1.0
2,2037,0.97,0.0,0.0,0.0,0.0,0.0,1.0
2,2037,0.98,0.0,0.0,0.0,0.0,0.0,1.0
2,2037,0.99,0.0,0.0,0.0,0.0,0.0,1.0
2,2037,1.0,0.0,0.0,0.0,0.0,0.0,1.0
2,2038,0.01,0.039804283799991666,0.31166799542305024,0.2611462171700347,0.21674473614613307,0.07772801403383268,0.09290875342695772
2,2038,0.02,7.780858952318527e-14,1.0,0.0,0.0,3.7353439592361094e-18,1.2494092248452158e-18
2,2038,0.03,0.9999999999994028,0.0,1.981089346957164e-17,1.424857368874046e-17,0.0,0.0
2,2038,0.04,0.9999999999994933,4.868883074493624e-13,2.8679656280604914e-14,0.0,0.0,0.0
2,2038,0.05,1.0,0.0,0.0,0.0,5.844031609975036e-17,0.0
2,2038,0.06,0.2538965796945109,0.7461034203054864,8.182866282564896e-17,5.675063264987304e-17,1.8393904420913425e-17,3.2865369550469776e-17
2,2038,0.07,0.1966143919206579,0.37548175938752765,1.601275624545406e-13,4.46128178500908e-14,3.590726435400281e-17,0.4279038486921816
2,2038,0.08,0.0,0.0,0.0,0.0,0.0,1.0
2,2038,0.09,0.0,0.0,0.0,0.0,0.0,1.0
2,2038,0.1,0.0,0.0,0.0,0.0,0.0,1.0
2,2038,0.11,0.0,0.0,0.0,0.0,0.0,1.0
2,2038,0.12,0.0,0.0,0.0,0.0,0.0,1.0
2,2038,0.13,0.0,0.0,0.0,0.0,0.0,1.0
2,2038,0.14,0.0,0.0,0.0,0.0,0.0,1.0
2,2038,0.15,0.0,0.0,0.0,0.0,0.0,1.0
2,2038,0.16,0.0,0.0,0.0,0.0,0.0,1.0
2,2038,0.17,0.0,0.0,0.0,0.0,0.0,1.0
2,2038,0.18,0.0,0.0,0.0,0.0,0.0,1.0
2,2038,0.19,0.0,0.0,0.0,0.0,0.0,1.0
2,2038,0.2,0.0,0.0,0.0,0.0,0.0,1.0
2,2038,0.21,0.0,0.0,0.0,0.0,0.0,1.0
2,2038,0.22,0.0,0.0,0.0,0.0,0.0,1.0
2,2038,0.23,0.0,0.0,0.0,0.0,0.0,1.0
2,2038,0.24,0.0,0.0,0.0,0.0,0.0,1.0
2,2038,0.25,0.0,0.0,0.0,0.0,0.0,1.0
2,2038,0.26,0.0,0.0,0.0,0.0,0.0,1.0
2,2038,0.27,0.0,0.0,0.0,0.0,0.0,1.0
2,2038,0.28,0.0,0.0,0.0,0.0,0.0,1.0
2,2038,0.29,0.0,0.0,0.0,0.0,0.0,1.0
2,2038,0.3,0.0,0.0,0.0,0.0,0.0,1.0
2,2038,0.31,0.0,0.0,0.0,0.0,0.0,1.0
2,2038,0.32,0.0,0.0,0.0,0.0,0.0,1.0
2,2038,0.33,0.0,0.0,0.0,0.0,0.0,1.0
2,2038,0.34,0.0,0.0,0.0,0.0,0.0,1.0
2,2038,0.35000000000000003,0.0,0.0,0.0,0.0,0.0,1.0
2,2038,0.36,0.0,0.0,0.0,0.0,0.0,1.0
2,2038,0.37,0.0,0.0,0.0,0.0,0.0,1.0
2,2038,0.38,0.0,0.0,0.0,0.0,0.0,1.0
2,2038,0.39,0.0,0.0,0.0,0.0,0.0,1.0
2,2038,0.4,0.0,0.0,0.0,0.0,0.0,1.0
2,2038,0.41000000000000003,0.0,0.0,0.0,0.0,0.0,1.0
2,2038,0.42,0.0,0.0,0.0,0.0,0.0,1.0
2,2038,0.43,0.0,0.0,0.0,0.0,0.0,1.0
2,2038,0.44,0.0,0.0,0.0,0.0,0.0,1.0
2,2038,0.45,0.0,0.0,0.0,0.0,0.0,1.0
2,2038,0.46,0.0,0.0,0.0,0.0,0.0,1.0
2,2038,0.47000000000000003,0.0,0.0,0.0,0.0,0.0,1.0
2,2038,0.48,0.0,0.0,0.0,0.0,0.0,1.0
2,2038,0.49,0.0,0.0,0.0,0.0,0.0,1.0
2,2038,0.5,0.0,0.0,0.0,0.0,0.0,1.0
2,2038,0.51,0.0,0.0,0.0,0.0,0.0,1.0
2,2038,0.52,0.0,0.0,0.0,0.0,0.0,1.0
2,2038,0.53,0.0,0.0,0.0,0.0,0.0,1.0
2,2038,0.54,0.0,0.0,0.0,0.0,0.0,1.0
2,2038,0.55,0.0,0.0,0.0,0.0,0.0,1.0
2,2038,0.56,0.0,0.0,0.0,0.0,0.0,1.0
2,2038,0.5700000000000001,0.0,0.0,0.0,0.0,0.0,1.0
2,2038,0.58,0.0,0.0,0.0,0.0,0.0,1.0
2,2038,0.59,0.0,0.0,0.0,0.0,0.0,1.0
2,2038,0.6,0.0,0.0,0.0,0.0,0.0,1.0
2,2038,0.61,0.0,0.0,0.0,0.0,0.0,1.0
2,2038,0.62,0.0,0.0,0.0,0.0,0.0,1.0
2,2038,0.63,0.0,0.0,0.0,0.0,0.0,1.0
2,2038,0.64,0.0,0.0,0.0,0.0,0.0,1.0
2,2038,0.65,0.0,0.0,0.0,0.0,0.0,1.0
2,2038,0.66,0.0,0.0,0.0,0.0,0.0,1.0
2,2038,0.67,0.0,0.0,0.0,0.0,0.0,1.0
2,2038,0.68,0.0,0.0,0.0,0.0,0.0,1.0
2,2038,0.6900000000000001,0.0,0.0,0.0,0.0,0.0,1.0
2,2038,0.7000000000000001,0.0,0.0,0.0,0.0,0.0,1.0
2,2038,0.71,0.0,0.0,0.0,0.0,0.0,1.0
2,2038,0.72,0.0,0.0,0.0,0.0,0.0,1.0
2,2038,0.73,0.0,0.0,0.0,0.0,0.0,1.0
2,2038,0.74,0.0,0.0,0.0,0.0,0.0,1.0
2,2038,0.75,0.0,0.0,0.0,0.0,0.0,1.0
2,2038,0.76,0.0,0.0,0.0,0.0,0.0,1.0
2,2038,0.77,0.0,0.0,0.0,0.0,0.0,1.0
2,2038,0.78,0.0,0.0,0.0,0.0,0.0,1.0
2,2038,0.79,0.0,0.0,0.0,0.0,0.0,1.0
2,2038,0.8,0.0,0.0,0.0,0.0,0.0,1.0
2,2038,0.81,0.0,0.0,0.0,0.0,0.0,1.0
2,2038,0.8200000000000001,0.0,0.0,0.0,0.0,0.0,1.0
2,2038,0.8300000000000001,0.0,0.0,0.0,0.0,0.0,1.0
2,2038,0.84,0.0,0.0,0.0,0.0,0.0,1.0
2,2038,0.85,0.0,0.0,0.0,0.0,0.0,1.0
2,2038,0.86,0.0,0.0,0.0,0.0,0.0,1.0
2,2038,0.87,0.0,0.0,0.0,0.0,0.0,1.0
2,2038,0.88,0.0,0.0,0.0,0.0,0.0,1.0
2,2038,0.89,0.0,0.0,0.0,0.0,0.0,1.0
2,2038,0.9,0.0,0.0,0.0,0.0,0.0,1.0
2,2038,0.91,0.0,0.0,0.0,0.0,0.0,1.0
2,2038,0.92,0.0,0.0,0.0,0.0,0.0,1.0
2,2038,0.93,0.0,0.0,0.0,0.0,0.0,1.0
2,2038,0.9400000000000001,0.0,0.0,0.0,0.0,0.0,1.0
2,2038,0.9500000000000001,0.0,0.0,0.0,0.0,0.0,1.0
2,2038,0.96,0.0,0.0,0.0,0.0,0.0,1.0
2,2038,0.97,0.0,0.0,0.0,0.0,0.0,1.0
2,2038,0.98,0.0,0.0,0.0,0.0,0.0,1.0
2,2038,0.99,0.0,0.0,0.0,0.0,0.0,1.0
2,2038,1.0,0.0,0.0,0.0,0.0,0.0,1.0
2,2039,0.01,0.17676728161931565,0.1744151589580463,0.06908583413717624,0.19374946647113475,0.22985962617501765,0.15612263263930942
2,2039,0.02,0.17676728161931565,0.1744151589580463,0.06908583413717624,0.19374946647113475,0.22985962617501765,0.15612263263930942
2,2039,0.03,1.0,0.0,0.0,0.0,0.0,0.0
2,2039,0.04,0.9999999999999998,1.0547118733938987e-15,0.0,0.0,0.0,0.0
2,2039,0.05,1.0,0.0,1.604810756241966e-17,3.0224358097227506e-16,4.563586862929282e-18,5.2970642225566344e-17
2,2039,0.06,0.2538980065098725,0.7461019934901277,0.0,0.0,3.01562243424706e-18,6.159808734455023e-18
2,2039,0.07,0.0,0.0,0.0,0.0,0.0,1.0
2,2039,0.08,0.0,0.0,0.0,0.0,0.0,1.0
2,2039,0.09,0.0,0.0,0.0,0.0,0.0,1.0
2,2039,0.1,0.0,0.0,0.0,0.0,0.0,1.0
2,2039,0.11,0.0,0.0,0.0,0.0,0.0,1.0
2,2039,0.12,0.0,0.0,0.0,0.0,0.0,1.0
2,2039,0.13,0.0,0.0,0.0,0.0,0.0,1.0
2,2039,0.14,0.0,0.0,0.0,0.0,0.0,1.0
2,2039,0.15,0.0,0.0,0.0,0.0,0.0,1.0
2,2039,0.16,0.0,0.0,0.0,0.0,0.0,1.0
2,2039,0.17,0.0,0.0,0.0,0.0,0.0,1.0
2,2039,0.18,0.0,0.0,0.0,0.0,0.0,1.0
2,2039,0.19,0.0,0.0,0.0,0.0,0.0,1.0
2,2039,0.2,0.0,0.0,0.0,0.0,0.0,1.0
2,2039,0.21,0.0,0.0,0.0,0.0,0.0,1.0
2,2039,0.22,0.0,0.0,0.0,0.0,0.0,1.0
2,2039,0.23,0.0,0.0,0.0,0.0,0.0,1.0
2,2039,0.24,0.0,0.0,0.0,0.0,0.0,1.0
2,2039,0.25,0.0,0.0,0.0,0.0,0.0,1.0
2,2039,0.26,0.0,0.0,0.0,0.0,0.0,1.0
2,2039,0.27,0.0,0.0,0.0,0.0,0.0,1.0
2,2039,0.28,0.0,0.0,0.0,0.0,0.0,1.0
2,2039,0.29,0.0,0.0,0.0,0.0,0.0,1.0
2,2039,0.3,0.0,0.0,0.0,0.0,0.0,1.0
2,2039,0.31,0.0,0.0,0.0,0.0,0.0,1.0
2,2039,0.32,0.0,0.0,0.0,0.0,0.0,1.0
2,2039,0.33,0.0,0.0,0.0,0.0,0.0,1.0
2,2039,0.34,0.0,0.0,0.0,0.0,0.0,1.0
2,2039,0.35000000000000003,0.0,0.0,0.0,0.0,0.0,1.0
2,2039,0.36,0.0,0.0,0.0,0.0,0.0,1.0
2,2039,0.37,0.0,0.0,0.0,0.0,0.0,1.0
2,2039,0.38,0.0,0.0,0.0,0.0,0.0,1.0
2,2039,0.39,0.0,0.0,0.0,0.0,0.0,1.0
2,2039,0.4,0.0,0.0,0.0,0.0,0.0,1.0
2,2039,0.41000000000000003,0.0,0.0,0.0,0.0,0.0,1.0
2,2039,0.42,0.0,0.0,0.0,0.0,0.0,1.0
2,2039,0.43,0.0,0.0,0.0,0.0,0.0,1.0
2,2039,0.44,0.0,0.0,0.0,0.0,0.0,1.0
2,2039,0.45,0.0,0.0,0.0,0.0,0.0,1.0
2,2039,0.46,0.0,0.0,0.0,0.0,0.0,1.0
2,2039,0.47000000000000003,0.0,0.0,0.0,0.0,0.0,1.0
2,2039,0.48,0.0,0.0,0.0,0.0,0.0,1.0
2,2039,0.49,0.0,0.0,0.0,0.0,0.0,1.0
2,2039,0.5,0.0,0.0,0.0,0.0,0.0,1.0
2,2039,0.51,0.0,0.0,0.0,0.0,0.0,1.0
2,2039,0.52,0.0,0.0,0.0,0.0,0.0,1.0
2,2039,0.53,0.0,0.0,0.0,0.0,0.0,1.0
2,2039,0.54,0.0,0.0,0.0,0.0,0.0,1.0
2,2039,0.55,0.0,0.0,0.0,0.0,0.0,1.0
2,2039,0.56,0.0,0.0,0.0,0.0,0.0,1.0
2,2039,0.5700000000000001,0.0,0.0,0.0,0.0,0.0,1.0
2,2039,0.58,0.0,0.0,0.0,0.0,0.0,1.0
2,2039,0.59,0.0,0.0,0.0,0.0,0.0,1.0
2,2039,0.6,0.0,0.0,0.0,0.0,0.0,1.0
2,2039,0.61,0.0,0.0,0.0,0.0,0.0,1.0
2,2039,0.62,0.0,0.0,0.0,0.0,0.0,1.0
2,2039,0.63,0.0,0.0,0.0,0.0,0.0,1.0
2,2039,0.64,0.0,0.0,0.0,0.0,0.0,1.0
2,2039,0.65,0.0,0.0,0.0,0.0,0.0,1.0
2,2039,0.66,0.0,0.0,0.0,0.0,0.0,1.0
2,2039,0.67,0.0,0.0,0.0,0.0,0.0,1.0
2,2039,0.68,0.0,0.0,0.0,0.0,0.0,1.0
2,2039,0.6900000000000001,0.0,0.0,0.0,0.0,0.0,1.0
2,2039,0.7000000000000001,0.0,0.0,0.0,0.0,0.0,1.0
2,2039,0.71,0.0,0.0,0.0,0.0,0.0,1.0
2,2039,0.72,0.0,0.0,0.0,0.0,0.0,1.0
2,2039,0.73,0.0,0.0,0.0,0.0,0.0,1.0
2,2039,0.74,0.0,0.0,0.0,0.0,0.0,1.0
2,2039,0.75,0.0,0.0,0.0,0.0,0.0,1.0
2,2039,0.76,0.0,0.0,0.0,0.0,0.0,1.0
2,2039,0.77,0.0,0.0,0.0,0.0,0.0,1.0
2,2039,0.78,0.0,0.0,0.0,0.0,0.0,1.0
2,2039,0.79,0.0,0.0,0.0,0.0,0.0,1.0
2,2039,0.8,0.0,0.0,0.0,0.0,0.0,1.0
2,2039,0.81,0.0,0.0,0.0,0.0,0.0,1.0
2,2039,0.8200000000000001,0.0,0.0,0.0,0.0,0.0,1.0
2,2039,0.8300000000000001,0.0,0.0,0.0,0.0,0.0,1.0
2,2039,0.84,0.0,0.0,0.0,0.0,0.0,1.0
2,2039,0.85,0.0,0.0,0.0,0.0,0.0,1.0
2,2039,0.86,0.0,0.0,0.0,0.0,0.0,1.0
2,2039,0.87,0.0,0.0,0.0,0.0,0.0,1.0
2,2039,0.88,0.0,0.0,0.0,0.0,0.0,1.0
2,2039,0.89,0.0,0.0,0.0,0.0,0.0,1.0
2,2039,0.9,0.0,0.0,0.0,0.0,0.0,1.0
2,2039,0.91,0.0,0.0,0.0,0.0,0.0,1.0
2,2039,0.92,0.0,0.0,0.0,0.0,0.0,1.0
2,2039,0.93,0.0,0.0,0.0,0.0,0.0,1.0
2,2039,0.9400000000000001,0.0,0.0,0.0,0.0,0.0,1.0
2,2039,0.9500000000000001,0.0,0.0,0.0,0.0,0.0,1.0
2,2039,0.96,0.0,0.0,0.0,0.0,0.0,1.0
2,2039,0.97,0.0,0.0,0.0,0.0,0.0,1.0
2,2039,0.98,0.0,0.0,0.0,0.0,0.0,1.0
2,2039,0.99,0.0,0.0,0.0,0.0,0.0,1.0
2,2039,1.0,0.0,0.0,0.0,0.0,0.0,1.0
2,2040,0.01,0.22113601738385874,0.18005380967933288,0.15181741516834654,0.2535828525639756,0.15078790384609125,0.04262200135839504
2,2040,0.02,0.22113601738385874,0.18005380967933288,0.15181741516834654,0.2535828525639756,0.15078790384609125,0.04262200135839504
2,2040,0.03,1.0,0.0,1.8064103485100106e-17,0.0,0.0,3.194189127473921e-17
2,2040,0.04,1.0,0.0,4.081549640890721e-16,2.9531602050641506e-15,0.0,0.0
2,2040,0.05,0.25436995542975654,0.7456300445702455,2.211962621135034e-16,1.5594814748795973e-16,0.0,1.0381962233156195e-16
2,2040,0.06,0.0,0.0,0.0,0.0,0.0,1.0
2,2040,0.07,0.0,0.0,0.0,0.0,0.0,1.0
2,2040,0.08,0.0,0.0,0.0,0.0,0.0,1.0
2,2040,0.09,0.0,0.0,0.0,0.0,0.0,1.0
2,2040,0.1,0.0,0.0,0.0,0.0,0.0,1.0
2,2040,0.11,0.0,0.0,0.0,0.0,0.0,1.0
2,2040,0.12,0.0,0.0,0.0,0.0,0.0,1.0
2,2040,0.13,0.0,0.0,0.0,0.0,0.0,1.0
2,2040,0.14,0.0,0.0,0.0,0.0,0.0,1.0
2,2040,0.15,0.0,0.0,0.0,0.0,0.0,1.0
2,2040,0.16,0.0,0.0,0.0,0.0,0.0,1.0
2,2040,0.17,0.0,0.0,0.0,0.0,0.0,1.0
2,2040,0.18,0.0,0.0,0.0,0.0,0.0,1.0
2,2040,0.19,0.0,0.0,0.0,0.0,0.0,1.0
2,2040,0.2,0.0,0.0,0.0,0.0,0.0,1.0
2,2040,0.21,0.0,0.0,0.0,0.0,0.0,1.0
2,2040,0.22,0.0,0.0,0.0,0.0,0.0,1.0
2,2040,0.23,0.0,0.0,0.0,0.0,0.0,1.0
2,2040,0.24,0.0,0.0,0.0,0.0,0.0,1.0
2,2040,0.25,0.0,0.0,0.0,0.0,0.0,1.0
2,2040,0.26,0.0,0.0,0.0,0.0,0.0,1.0
2,2040,0.27,0.0,0.0,0.0,0.0,0.0,1.0
2,2040,0.28,0.0,0.0,0.0,0.0,0.0,1.0
2,2040,0.29,0.0,0.0,0.0,0.0,0.0,1.0
2,2040,0.3,0.0,0.0,0.0,0.0,0.0,1.0
2,2040,0.31,0.0,0.0,0.0,0.0,0.0,1.0
2,2040,0.32,0.0,0.0,0.0,0.0,0.0,1.0
2,2040,0.33,0.0,0.0,0.0,0.0,0.0,1.0
2,2040,0.34,0.0,0.0,0.0,0.0,0.0,1.0
2,2040,0.35000000000000003,0.0,0.0,0.0,0.0,0.0,1.0
2,2040,0.36,0.0,0.0,0.0,0.0,0.0,1.0
2,2040,0.37,0.0,0.0,0.0,0.0,0.0,1.0
2,2040,0.38,0.0,0.0,0.0,0.0,0.0,1.0
2,2040,0.39,0.0,0.0,0.0,0.0,0.0,1.0
2,2040,0.4,0.0,0.0,0.0,0.0,0.0,1.0
2,2040,0.41000000000000003,0.0,0.0,0.0,0.0,0.0,1.0
2,2040,0.42,0.0,0.0,0.0,0.0,0.0,1.0
2,2040,0.43,0.0,0.0,0.0,0.0,0.0,1.0
2,2040,0.44,0.0,0.0,0.0,0.0,0.0,1.0
2,2040,0.45,0.0,0.0,0.0,0.0,0.0,1.0
2,2040,0.46,0.0,0.0,0.0,0.0,0.0,1.0
2,2040,0.47000000000000003,0.0,0.0,0.0,0.0,0.0,1.0
2,2040,0.48,0.0,0.0,0.0,0.0,0.0,1.0
2,2040,0.49,0.0,0.0,0.0,0.0,0.0,1.0
2,2040,0.5,0.0,0.0,0.0,0.0,0.0,1.0
2,2040,0.51,0.0,0.0,0.0,0.0,0.0,1.0
2,2040,0.52,0.0,0.0,0.0,0.0,0.0,1.0
2,2040,0.53,0.0,0.0,0.0,0.0,0.0,1.0
2,2040,0.54,0.0,0.0,0.0,0.0,0.0,1.0
2,2040,0.55,0.0,0.0,0.0,0.0,0.0,1.0
2,2040,0.56,0.0,0.0,0.0,0.0,0.0,1.0
2,2040,0.5700000000000001,0.0,0.0,0.0,0.0,0.0,1.0
2,2040,0.58,0.0,0.0,0.0,0.0,0.0,1.0
2,2040,0.59,0.0,0.0,0.0,0.0,0.0,1.0
2,2040,0.6,0.0,0.0,0.0,0.0,0.0,1.0
2,2040,0.61,0.0,0.0,0.0,0.0,0.0,1.0
2,2040,0.62,0.0,0.0,0.0,0.0,0.0,1.0
2,2040,0.63,0.0,0.0,0.0,0.0,0.0,1.0
2,2040,0.64,0.0,0.0,0.0,0.0,0.0,1.0
2,2040,0.65,0.0,0.0,0.0,0.0,0.0,1.0
2,2040,0.66,0.0,0.0,0.0,0.0,0.0,1.0
2,2040,0.67,0.0,0.0,0.0,0.0,0.0,1.0
2,2040,0.68,0.0,0.0,0.0,0.0,0.0,1.0
2,2040,0.6900000000000001,0.0,0.0,0.0,0.0,0.0,1.0
2,2040,0.7000000000000001,0.0,0.0,0.0,0.0,0.0,1.0
2,2040,0.71,0.0,0.0,0.0,0.0,0.0,1.0
2,2040,0.72,0.0,0.0,0.0,0.0,0.0,1.0
2,2040,0.73,0.0,0.0,0.0,0.0,0.0,1.0
2,2040,0.74,0.0,0.0,0.0,0.0,0.0,1.0
2,2040,0.75,0.0,0.0,0.0,0.0,0.0,1.0
2,2040,0.76,0.0,0.0,0.0,0.0,0.0,1.0
2,2040,0.77,0.0,0.0,0.0,0.0,0.0,1.0
2,2040,0.78,0.0,0.0,0.0,0.0,0.0,1.0
2,2040,0.79,0.0,0.0,0.0,0.0,0.0,1.0
2,2040,0.8,0.0,0.0,0.0,0.0,0.0,1.0
2,2040,0.81,0.0,0.0,0.0,0.0,0.0,1.0
2,2040,0.8200000000000001,0.0,0.0,0.0,0.0,0.0,1.0
2,2040,0.8300000000000001,0.0,0.0,0.0,0.0,0.0,1.0
2,2040,0.84,0.0,0.0,0.0,0.0,0.0,1.0
2,2040,0.85,0.0,0.0,0.0,0.0,0.0,1.0
2,2040,0.86,0.0,0.0,0.0,0.0,0.0,1.0
2,2040,0.87,0.0,0.0,0.0,0.0,0.0,1.0
2,2040,0.88,0.0,0.0,0.0,0.0,0.0,1.0
2,2040,0.89,0.0,0.0,0.0,0.0,0.0,1.0
2,2040,0.9,0.0,0.0,0.0,0.0,0.0,1.0
2,2040,0.91,0.0,0.0,0.0,0.0,0.0,1.0
2,2040,0.92,0.0,0.0,0.0,0.0,0.0,1.0
2,2040,0.93,0.0,0.0,0.0,0.0,0.0,1.0
2,2040,0.9400000000000001,0.0,0.0,0.0,0.0,0.0,1.0
2,2040,0.9500000000000001,0.0,0.0,0.0,0.0,0.0,1.0
2,2040,0.96,0.0,0.0,0.0,0.0,0.0,1.0
2,2040,0.97,0.0,0.0,0.0,0.0,0.0,1.0
2,2040,0.98,0.0,0.0,0.0,0.0,0.0,1.0
2,2040,0.99,0.0,0.0,0.0,0.0,0.0,1.0
2,2040,1.0,0.0,0.0,0.0,0.0,0.0,1.0
2,2041,0.01,0.226978986646401,0.28128740258623985,0.017073329351801565,0.15773884898615742,0.2122993331311453,0.10462209929825485
2,2041,0.02,0.226978986646401,0.28128740258623985,0.017073329351801565,0.15773884898615742,0.2122993331311453,0.10462209929825485
2,2041,0.03,1.0,0.0,0.0,0.0,0.0,0.0
2,2041,0.04,1.0,1.6653345369377348e-16,7.045400686307751e-17,0.0,1.0230846976648786e-16,2.6780700878322352e-17
2,2041,0.05,0.2540163688238409,0.7459836311761592,1.3286475683127027e-18,0.0,3.373078192363102e-17,4.49929319903242e-17
2,2041,0.06,0.0,0.0,0.0,0.0,0.0,1.0
2,2041,0.07,0.0,0.0,0.0,0.0,0.0,1.0
2,2041,0.08,0.0,0.0,0.0,0.0,0.0,1.0
2,2041,0.09,0.0,0.0,0.0,0.0,0.0,1.0
2,2041,0.1,0.0,0.0,0.0,0.0,0.0,1.0
2,2041,0.11,0.0,0.0,0.0,0.0,0.0,1.0
2,2041,0.12,0.0,0.0,0.0,0.0,0.0,1.0
2,2041,0.13,0.0,0.0,0.0,0.0,0.0,1.0
2,2041,0.14,0.0,0.0,0.0,0.0,0.0,1.0
2,2041,0.15,0.0,0.0,0.0,0.0,0.0,1.0
2,2041,0.16,0.0,0.0,0.0,0.0,0.0,1.0
2,2041,0.17,0.0,0.0,0.0,0.0,0.0,1.0
2,2041,0.18,0.0,0.0,0.0,0.0,0.0,1.0
2,2041,0.19,0.0,0.0,0.0,0.0,0.0,1.0
2,2041,0.2,0.0,0.0,0.0,0.0,0.0,1.0
2,2041,0.21,0.0,0.0,0.0,0.0,0.0,1.0
2,2041,0.22,0.0,0.0,0.0,0.0,0.0,1.0
2,2041,0.23,0.0,0.0,0.0,0.0,0.0,1.0
2,2041,0.24,0.0,0.0,0.0,0.0,0.0,1.0
2,2041,0.25,0.0,0.0,0.0,0.0,0.0,1.0
2,2041,0.26,0.0,0.0,0.0,0.0,0.0,1.0
2,2041,0.27,0.0,0.0,0.0,0.0,0.0,1.0
2,2041,0.28,0.0,0.0,0.0,0.0,0.0,1.0
2,2041,0.29,0.0,0.0,0.0,0.0,0.0,1.0
2,2041,0.3,0.0,0.0,0.0,0.0,0.0,1.0
2,2041,0.31,0.0,0.0,0.0,0.0,0.0,1.0
2,2041,0.32,0.0,0.0,0.0,0.0,0.0,1.0
2,2041,0.33,0.0,0.0,0.0,0.0,0.0,1.0
2,2041,0.34,0.0,0.0,0.0,0.0,0.0,1.0
2,2041,0.35000000000000003,0.0,0.0,0.0,0.0,0.0,1.0
2,2041,0.36,0.0,0.0,0.0,0.0,0.0,1.0
2,2041,0.37,0.0,0.0,0.0,0.0,0.0,1.0
2,2041,0.38,0.0,0.0,0.0,0.0,0.0,1.0
2,2041,0.39,0.0,0.0,0.0,0.0,0.0,1.0
2,2041,0.4,0.0,0.0,0.0,0.0,0.0,1.0
2,2041,0.41000000000000003,0.0,0.0,0.0,0.0,0.0,1.0
2,2041,0.42,0.0,0.0,0.0,0.0,0.0,1.0
2,2041,0.43,0.0,0.0,0.0,0.0,0.0,1.0
2,2041,0.44,0.0,0.0,0.0,0.0,0.0,1.0
2,2041,0.45,0.0,0.0,0.0,0.0,0.0,1.0
2,2041,0.46,0.0,0.0,0.0,0.0,0.0,1.0
2,2041,0.47000000000000003,0.0,0.0,0.0,0.0,0.0,1.0
2,2041,0.48,0.0,0.0,0.0,0.0,0.0,1.0
2,2041,0.49,0.0,0.0,0.0,0.0,0.0,1.0
2,2041,0.5,0.0,0.0,0.0,0.0,0.0,1.0
2,2041,0.51,0.0,0.0,0.0,0.0,0.0,1.0
2,2041,0.52,0.0,0.0,0.0,0.0,0.0,1.0
2,2041,0.53,0.0,0.0,0.0,0.0,0.0,1.0
2,2041,0.54,0.0,0.0,0.0,0.0,0.0,1.0
2,2041,0.55,0.0,0.0,0.0,0.0,0.0,1.0
2,2041,0.56,0.0,0.0,0.0,0.0,0.0,1.0
2,2041,0.5700000000000001,0.0,0.0,0.0,0.0,0.0,1.0
2,2041,0.58,0.0,0.0,0.0,0.0,0.0,1.0
2,2041,0.59,0.0,0.0,0.0,0.0,0.0,1.0
2,2041,0.6,0.0,0.0,0.0,0.0,0.0,1.0
2,2041,0.61,0.0,0.0,0.0,0.0,0.0,1.0
2,2041,0.62,0.0,0.0,0.0,0.0,0.0,1.0
2,2041,0.63,0.0,0.0,0.0,0.0,0.0,1.0
2,2041,0.64,0.0,0.0,0.0,0.0,0.0,1.0
2,2041,0.65,0.0,0.0,0.0,0.0,0.0,1.0
2,2041,0.66,0.0,0.0,0.0,0.0,0.0,1.0
2,2041,0.67,0.0,0.0,0.0,0.0,0.0,1.0
2,2041,0.68,0.0,0.0,0.0,0.0,0.0,1.0
2,2041,0.6900000000000001,0.0,0.0,0.0,0.0,0.0,1.0
2,2041,0.7000000000000001,0.0,0.0,0.0,0.0,0.0,1.0
2,2041,0.71,0.0,0.0,0.0,0.0,0.0,1.0
2,2041,0.72,0.0,0.0,0.0,0.0,0.0,1.0
2,2041,0.73,0.0,0.0,0.0,0.0,0.0,1.0
2,2041,0.74,0.0,0.0,0.0,0.0,0.0,1.0
2,2041,0.75,0.0,0.0,0.0,0.0,0.0,1.0
2,2041,0.76,0.0,0.0,0.0,0.0,0.0,1.0
2,2041,0.77,0.0,0.0,0.0,0.0,0.0,1.0
2,2041,0.78,0.0,0.0,0.0,0.0,0.0,1.0
2,2041,0.79,0.0,0.0,0.0,0.0,0.0,1.0
2,2041,0.8,0.0,0.0,0.0,0.0,0.0,1.0
2,2041,0.81,0.0,0.0,0.0,0.0,0.0,1.0
2,2041,0.8200000000000001,0.0,0.0,0.0,0.0,0.0,1.0
2,2041,0.8300000000000001,0.0,0.0,0.0,0.0,0.0,1.0
2,2041,0.84,0.0,0.0,0.0,0.0,0.0,1.0
2,2041,0.85,0.0,0.0,0.0,0.0,0.0,1.0
2,2041,0.86,0.0,0.0,0.0,0.0,0.0,1.0
2,2041,0.87,0.0,0.0,0.0,0.0,0.0,1.0
2,2041,0.88,0.0,0.0,0.0,0.0,0.0,1.0
2,2041,0.89,0.0,0.0,0.0,0.0,0.0,1.0
2,2041,0.9,0.0,0.0,0.0,0.0,0.0,1.0
2,2041,0.91,0.0,0.0,0.0,0.0,0.0,1.0
2,2041,0.92,0.0,0.0,0.0,0.0,0.0,1.0
2,2041,0.93,0.0,0.0,0.0,0.0,0.0,1.0
2,2041,0.9400000000000001,0.0,0.0,0.0,0.0,0.0,1.0
2,2041,0.9500000000000001,0.0,0.0,0.0,0.0,0.0,1.0
2,2041,0.96,0.0,0.0,0.0,0.0,0.0,1.0
2,2041,0.97,0.0,0.0,0.0,0.0,0.0,1.0
2,2041,0.98,0.0,0.0,0.0,0.0,0.0,1.0
2,2041,0.99,0.0,0.0,0.0,0.0,0.0,1.0
2,2041,1.0,0.0,0.0,0.0,0.0,0.0,1.0
2,2042,0.01,0.32703061028010083,0.188408303845794,0.15999033097548931,0.13341018578213737,0.05845642679212443,0.13270414232435407
2,2042,0.02,0.32703061028010083,0.188408303845794,0.15999033097548931,0.13341018578213737,0.05845642679212443,0.13270414232435407
2,2042,0.03,0.9999999999993324,4.866564143125444e-13,7.154352986778398e-14,5.915960621168042e-14,1.8091802875470473e-14,3.207437967028861e-14
2,2042,0.04,0.9999999999999961,3.986793411187429e-15,3.7756828014903546e-17,0.0,2.2623313862784592e-17,0.0
2,2042,0.05,0.0,0.0,0.0,0.0,0.0,1.0
2,2042,0.06,0.0,0.0,0.0,0.0,0.0,1.0
2,2042,0.07,0.0,0.0,0.0,0.0,0.0,1.0
2,2042,0.08,0.0,0.0,0.0,0.0,0.0,1.0
2,2042,0.09,0.0,0.0,0.0,0.0,0.0,1.0
2,2042,0.1,0.0,0.0,0.0,0.0,0.0,1.0
2,2042,0.11,0.0,0.0,0.0,0.0,0.0,1.0
2,2042,0.12,0.0,0.0,0.0,0.0,0.0,1.0
2,2042,0.13,0.0,0.0,0.0,0.0,0.0,1.0
2,2042,0.14,0.0,0.0,0.0,0.0,0.0,1.0
2,2042,0.15,0.0,0.0,0.0,0.0,0.0,1.0
2,2042,0.16,0.0,0.0,0.0,0.0,0.0,1.0
2,2042,0.17,0.0,0.0,0.0,0.0,0.0,1.0
2,2042,0.18,0.0,0.0,0.0,0.0,0.0,1.0
2,2042,0.19,0.0,0.0,0.0,0.0,0.0,1.0
2,2042,0.2,0.0,0.0,0.0,0.0,0.0,1.0
2,2042,0.21,0.0,0.0,0.0,0.0,0.0,1.0
2,2042,0.22,0.0,0.0,0.0,0.0,0.0,1.0
2,2042,0.23,0.0,0.0,0.0,0.0,0.0,1.0
2,2042,0.24,0.0,0.0,0.0,0.0,0.0,1.0
2,2042,0.25,0.0,0.0,0.0,0.0,0.0,1.0
2,2042,0.26,0.0,0.0,0.0,0.0,0.0,1.0
2,2042,0.27,0.0,0.0,0.0,0.0,0.0,1.0
2,2042,0.28,0.0,0.0,0.0,0.0,0.0,1.0
2,2042,0.29,0.0,0.0,0.0,0.0,0.0,1.0
2,2042,0.3,0.0,0.0,0.0,0.0,0.0,1.0
2,2042,0.31,0.0,0.0,0.0,0.0,0.0,1.0
2,2042,0.32,0.0,0.0,0.0,0.0,0.0,1.0
2,2042,0.33,0.0,0.0,0.0,0.0,0.0,1.0
2,2042,0.34,0.0,0.0,0.0,0.0,0.0,1.0
2,2042,0.35000000000000003,0.0,0.0,0.0,0.0,0.0,1.0
2,2042,0.36,0.0,0.0,0.0,0.0,0.0,1.0
2,2042,0.37,0.0,0.0,0.0,0.0,0.0,1.0
2,2042,0.38,0.0,0.0,0.0,0.0,0.0,1.0
2,2042,0.39,0.0,0.0,0.0,0.0,0.0,1.0
2,2042,0.4,0.0,0.0,0.0,0.0,0.0,1.0
2,2042,0.41000000000000003,0.0,0.0,0.0,0.0,0.0,1.0
2,2042,0.42,0.0,0.0,0.0,0.0,0.0,1.0
2,2042,0.43,0.0,0.0,0.0,0.0,0.0,1.0
2,2042,0.44,0.0,0.0,0.0,0.0,0.0,1.0
2,2042,0.45,0.0,0.0,0.0,0.0,0.0,1.0
2,2042,0.46,0.0,0.0,0.0,0.0,0.0,1.0
2,2042,0.47000000000000003,0.0,0.0,0.0,0.0,0.0,1.0
2,2042,0.48,0.0,0.0,0.0,0.0,0.0,1.0
2,2042,0.49,0.0,0.0,0.0,0.0,0.0,1.0
2,2042,0.5,0.0,0.0,0.0,0.0,0.0,1.0
2,2042,0.51,0.0,0.0,0.0,0.0,0.0,1.0
2,2042,0.52,0.0,0.0,0.0,0.0,0.0,1.0
2,2042,0.53,0.0,0.0,0.0,0.0,0.0,1.0
2,2042,0.54,0.0,0.0,0.0,0.0,0.0,1.0
2,2042,0.55,0.0,0.0,0.0,0.0,0.0,1.0
2,2042,0.56,0.0,0.0,0.0,0.0,0.0,1.0
2,2042,0.5700000000000001,0.0,0.0,0.0,0.0,0.0,1.0
2,2042,0.58,0.0,0.0,0.0,0.0,0.0,1.0
2,2042,0.59,0.0,0.0,0.0,0.0,0.0,1.0
2,2042,0.6,0.0,0.0,0.0,0.0,0.0,1.0
2,2042,0.61,0.0,0.0,0.0,0.0,0.0,1.0
2,2042,0.62,0.0,0.0,0.0,0.0,0.0,1.0
2,2042,0.63,0.0,0.0,0.0,0.0,0.0,1.0
2,2042,0.64,0.0,0.0,0.0,0.0,0.0,1.0
2,2042,0.65,0.0,0.0,0.0,0.0,0.0,1.0
2,2042,0.66,0.0,0.0,0.0,0.0,0.0,1.0
2,2042,0.67,0.0,0.0,0.0,0.0,0.0,1.0
2,2042,0.68,0.0,0.0,0.0,0.0,0.0,1.0
2,2042,0.6900000000000001,0.0,0.0,0.0,0.0,0.0,1.0
2,2042,0.7000000000000001,0.0,0.0,0.0,0.0,0.0,1.0
2,2042,0.71,0.0,0.0,0.0,0.0,0.0,1.0
2,2042,0.72,0.0,0.0,0.0,0.0,0.0,1.0
2,2042,0.73,0.0,0.0,0.0,0.0,0.0,1.0
2,2042,0.74,0.0,0.0,0.0,0.0,0.0,1.0
2,2042,0.75,0.0,0.0,0.0,0.0,0.0,1.0
2,2042,0.76,0.0,0.0,0.0,0.0,0.0,1.0
2,2042,0.77,0.0,0.0,0.0,0.0,0.0,1.0
2,2042,0.78,0.0,0.0,0.0,0.0,0.0,1.0
2,2042,0.79,0.0,0.0,0.0,0.0,0.0,1.0
2,2042,0.8,0.0,0.0,0.0,0.0,0.0,1.0
2,2042,0.81,0.0,0.0,0.0,0.0,0.0,1.0
2,2042,0.8200000000000001,0.0,0.0,0.0,0.0,0.0,1.0
2,2042,0.8300000000000001,0.0,0.0,0.0,0.0,0.0,1.0
2,2042,0.84,0.0,0.0,0.0,0.0,0.0,1.0
2,2042,0.85,0.0,0.0,0.0,0.0,0.0,1.0
2,2042,0.86,0.0,0.0,0.0,0.0,0.0,1.0
2,2042,0.87,0.0,0.0,0.0,0.0,0.0,1.0
2,2042,0.88,0.0,0.0,0.0,0.0,0.0,1.0
2,2042,0.89,0.0,0.0,0.0,0.0,0.0,1.0
2,2042,0.9,0.0,0.0,0.0,0.0,0.0,1.0
2,2042,0.91,0.0,0.0,0.0,0.0,0.0,1.0
2,2042,0.92,0.0,0.0,0.0,0.0,0.0,1.0
2,2042,0.93,0.0,0.0,0.0,0.0,0.0,1.0
2,2042,0.9400000000000001,0.0,0.0,0.0,0.0,0.0,1.0
2,2042,0.9500000000000001,0.0,0.0,0.0,0.0,0.0,1.0
2,2042,0.96,0.0,0.0,0.0,0.0,0.0,1.0
2,2042,0.97,0.0,0.0,0.0,0.0,0.0,1.0
2,2042,0.98,0.0,0.0,0.0,0.0,0.0,1.0
2,2042,0.99,0.0,0.0,0.0,0.0,0.0,1.0
2,2042,1.0,0.0,0.0,0.0,0.0,0.0,1.0
2,2043,0.01,0.17711778580169382,0.1901923895356793,0.12380213222397807,0.20228056672876338,0.1882656875322169,0.11834143817766858
2,2043,0.02,0.17711778580169382,0.1901923895356793,0.12380213222397807,0.20228056672876338,0.1882656875322169,0.11834143817766858
2,2043,0.03,0.17711778580169382,0.1901923895356793,0.12380213222397807,0.20228056672876338,0.1882656875322169,0.11834143817766858
2,2043,0.04,0.9999999999992073,0.0,1.4203643039425987e-13,4.456381417821424e-13,1.49877629956878e-13,7.772894873191748e-14
2,2043,0.05,0.2539149641199631,0.746085035880037,0.0,0.0,0.0,0.0
2,2043,0.06,0.0,0.0,0.0,0.0,0.0,1.0
2,2043,0.07,0.0,0.0,0.0,0.0,0.0,1.0
2,2043,0.08,0.0,0.0,0.0,0.0,0.0,1.0
2,2043,0.09,0.0,0.0,0.0,0.0,0.0,1.0
2,2043,0.1,0.0,0.0,0.0,0.0,0.0,1.0
2,2043,0.11,0.0,0.0,0.0,0.0,0.0,1.0
2,2043,0.12,0.0,0.0,0.0,0.0,0.0,1.0
2,2043,0.13,0.0,0.0,0.0,0.0,0.0,1.0
2,2043,0.14,0.0,0.0,0.0,0.0,0.0,1.0
2,2043,0.15,0.0,0.0,0.0,0.0,0.0,1.0
2,2043,0.16,0.0,0.0,0.0,0.0,0.0,1.0
2,2043,0.17,0.0,0.0,0.0,0.0,0.0,1.0
2,2043,0.18,0.0,0.0,0.0,0.0,0.0,1.0
2,2043,0.19,0.0,0.0,0.0,0.0,0.0,1.0
2,2043,0.2,0.0,0.0,0.0,0.0,0.0,1.0
2,2043,0.21,0.0,0.0,0.0,0.0,0.0,1.0
2,2043,0.22,0.0,0.0,0.0,0.0,0.0,1.0
2,2043,0.23,0.0,0.0,0.0,0.0,0.0,1.0
2,2043,0.24,0.0,0.0,0.0,0.0,0.0,1.0
2,2043,0.25,0.0,0.0,0.0,0.0,0.0,1.0
2,2043,0.26,0.0,0.0,0.0,0.0,0.0,1.0
2,2043,0.27,0.0,0.0,0.0,0.0,0.0,1.0
2,2043,0.28,0.0,0.0,0.0,0.0,0.0,1.0
2,2043,0.29,0.0,0.0,0.0,0.0,0.0,1.0
2,2043,0.3,0.0,0.0,0.0,0.0,0.0,1.0
2,2043,0.31,0.0,0.0,0.0,0.0,0.0,1.0
2,2043,0.32,0.0,0.0,0.0,0.0,0.0,1.0
2,2043,0.33,0.0,0.0,0.0,0.0,0.0,1.0
2,2043,0.34,0.0,0.0,0.0,0.0,0.0,1.0
2,2043,0.35000000000000003,0.0,0.0,0.0,0.0,0.0,1.0
2,2043,0.36,0.0,0.0,0.0,0.0,0.0,1.0
2,2043,0.37,0.0,0.0,0.0,0.0,0.0,1.0
2,2043,0.38,0.0,0.0,0.0,0.0,0.0,1.0
2,2043,0.39,0.0,0.0,0.0,0.0,0.0,1.0
2,2043,0.4,0.0,0.0,0.0,0.0,0.0,1.0
2,2043,0.41000000000000003,0.0,0.0,0.0,0.0,0.0,1.0
2,2043,0.42,0.0,0.0,0.0,0.0,0.0,1.0
2,2043,0.43,0.0,0.0,0.0,0.0,0.0,1.0
2,2043,0.44,0.0,0.0,0.0,0.0,0.0,1.0
2,2043,0.45,0.0,0.0,0.0,0.0,0.0,1.0
2,2043,0.46,0.0,0.0,0.0,0.0,0.0,1.0
2,2043,0.47000000000000003,0.0,0.0,0.0,0.0,0.0,1.0
2,2043,0.48,0.0,0.0,0.0,0.0,0.0,1.0
2,2043,0.49,0.0,0.0,0.0,0.0,0.0,1.0
2,2043,0.5,0.0,0.0,0.0,0.0,0.0,1.0
2,2043,0.51,0.0,0.0,0.0,0.0,0.0,1.0
2,2043,0.52,0.0,0.0,0.0,0.0,0.0,1.0
2,2043,0.53,0.0,0.0,0.0,0.0,0.0,1.0
2,2043,0.54,0.0,0.0,0.0,0.0,0.0,1.0
2,2043,0.55,0.0,0.0,0.0,0.0,0.0,1.0
2,2043,0.56,0.0,0.0,0.0,0.0,0.0,1.0
2,2043,0.5700000000000001,0.0,0.0,0.0,0.0,0.0,1.0
2,2043,0.58,0.0,0.0,0.0,0.0,0.0,1.0
2,2043,0.59,0.0,0.0,0.0,0.0,0.0,1.0
2,2043,0.6,0.0,0.0,0.0,0.0,0.0,1.0
2,2043,0.61,0.0,0.0,0.0,0.0,0.0,1.0
2,2043,0.62,0.0,0.0,0.0,0.0,0.0,1.0
2,2043,0.63,0.0,0.0,0.0,0.0,0.0,1.0
2,2043,0.64,0.0,0.0,0.0,0.0,0.0,1.0
2,2043,0.65,0.0,0.0,0.0,0.0,0.0,1.0
2,2043,0.66,0.0,0.0,0.0,0.0,0.0,1.0
2,2043,0.67,0.0,0.0,0.0,0.0,0.0,1.0
2,2043,0.68,0.0,0.0,0.0,0.0,0.0,1.0
2,2043,0.6900000000000001,0.0,0.0,0.0,0.0,0.0,1.0
2,2043,0.7000000000000001,0.0,0.0,0.0,0.0,0.0,1.0
2,2043,0.71,0.0,0.0,0.0,0.0,0.0,1.0
2,2043,0.72,0.0,0.0,0.0,0.0,0.0,1.0
2,2043,0.73,0.0,0.0,0.0,0.0,0.0,1.0
2,2043,0.74,0.0,0.0,0.0,0.0,0.0,1.0
2,2043,0.75,0.0,0.0,0.0,0.0,0.0,1.0
2,2043,0.76,0.0,0.0,0.0,0.0,0.0,1.0
2,2043,0.77,0.0,0.0,0.0,0.0,0.0,1.0
2,2043,0.78,0.0,0.0,0.0,0.0,0.0,1.0
2,2043,0.79,0.0,0.0,0.0,0.0,0.0,1.0
2,2043,0.8,0.0,0.0,0.0,0.0,0.0,1.0
2,2043,0.81,0.0,0.0,0.0,0.0,0.0,1.0
2,2043,0.8200000000000001,0.0,0.0,0.0,0.0,0.0,1.0
2,2043,0.8300000000000001,0.0,0.0,0.0,0.0,0.0,1.0
2,2043,0.84,0.0,0.0,0.0,0.0,0.0,1.0
2,2043,0.85,0.0,0.0,0.0,0.0,0.0,1.0
2,2043,0.86,0.0,0.0,0.0,0.0,0.0,1.0
2,2043,0.87,0.0,0.0,0.0,0.0,0.0,1.0
2,2043,0.88,0.0,0.0,0.0,0.0,0.0,1.0
2,2043,0.89,0.0,0.0,0.0,0.0,0.0,1.0
2,2043,0.9,0.0,0.0,0.0,0.0,0.0,1.0
2,2043,0.91,0.0,0.0,0.0,0.0,0.0,1.0
2,2043,0.92,0.0,0.0,0.0,0.0,0.0,1.0
2,2043,0.93,0.0,0.0,0.0,0.0,0.0,1.0
2,2043,0.9400000000000001,0.0,0.0,0.0,0.0,0.0,1.0
2,2043,0.9500000000000001,0.0,0.0,0.0,0.0,0.0,1.0
2,2043,0.96,0.0,0.0,0.0,0.0,0.0,1.0
2,2043,0.97,0.0,0.0,0.0,0.0,0.0,1.0
2,2043,0.98,0.0,0.0,0.0,0.0,0.0,1.0
2,2043,0.99,0.0,0.0,0.0,0.0,0.0,1.0
2,2043,1.0,0.0,0.0,0.0,0.0,0.0,1.0
2,2044,0.01,0.1699060239985215,0.2098838088990893,0.18355892697024107,0.05165854555626379,0.17049912542781118,0.21449356914807308
2,2044,0.02,0.1699060239985215,0.2098838088990893,0.18355892697024107,0.05165854555626379,0.17049912542781118,0.21449356914807308
2,2044,0.03,0.1699060239985215,0.2098838088990893,0.18355892697024107,0.05165854555626379,0.17049912542781118,0.21449356914807308
2,2044,0.04,0.1699060239985215,0.2098838088990893,0.18355892697024107,0.05165854555626379,0.17049912542781118,0.21449356914807308
2,2044,0.05,0.0,0.0,0.0,0.0,0.0,1.0
2,2044,0.06,0.0,0.0,0.0,0.0,0.0,1.0
2,2044,0.07,0.0,0.0,0.0,0.0,0.0,1.0
2,2044,0.08,0.0,0.0,0.0,0.0,0.0,1.0
2,2044,0.09,0.0,0.0,0.0,0.0,0.0,1.0
2,2044,0.1,0.0,0.0,0.0,0.0,0.0,1.0
2,2044,0.11,0.0,0.0,0.0,0.0,0.0,1.0
2,2044,0.12,0.0,0.0,0.0,0.0,0.0,1.0
2,2044,0.13,0.0,0.0,0.0,0.0,0.0,1.0
2,2044,0.14,0.0,0.0,0.0,0.0,0.0,1.0
2,2044,0.15,0.0,0.0,0.0,0.0,0.0,1.0
2,2044,0.16,0.0,0.0,0.0,0.0,0.0,1.0
2,2044,0.17,0.0,0.0,0.0,0.0,0.0,1.0
2,2044,0.18,0.0,0.0,0.0,0.0,0.0,1.0
2,2044,0.19,0.0,0.0,0.0,0.0,0.0,1.0
2,2044,0.2,0.0,0.0,0.0,0.0,0.0,1.0
2,2044,0.21,0.0,0.0,0.0,0.0,0.0,1.0
2,2044,0.22,0.0,0.0,0.0,0.0,0.0,1.0
2,2044,0.23,0.0,0.0,0.0,0.0,0.0,1.0
2,2044,0.24,0.0,0.0,0.0,0.0,0.0,1.0
2,2044,0.25,0.0,0.0,0.0,0.0,0.0,1.0
2,2044,0.26,0.0,0.0,0.0,0.0,0.0,1.0
2,2044,0.27,0.0,0.0,0.0,0.0,0.0,1.0
2,2044,0.28,0.0,0.0,0.0,0.0,0.0,1.0
2,2044,0.29,0.0,0.0,0.0,0.0,0.0,1.0
2,2044,0.3,0.0,0.0,0.0,0.0,0.0,1.0
2,2044,0.31,0.0,0.0,0.0,0.0,0.0,1.0
2,2044,0.32,0.0,0.0,0.0,0.0,0.0,1.0
2,2044,0.33,0.0,0.0,0.0,0.0,0.0,1.0
2,2044,0.34,0.0,0.0,0.0,0.0,0.0,1.0
2,2044,0.35000000000000003,0.0,0.0,0.0,0.0,0.0,1.0
2,2044,0.36,0.0,0.0,0.0,0.0,0.0,1.0
2,2044,0.37,0.0,0.0,0.0,0.0,0.0,1.0
2,2044,0.38,0.0,0.0,0.0,0.0,0.0,1.0
2,2044,0.39,0.0,0.0,0.0,0.0,0.0,1.0
2,2044,0.4,0.0,0.0,0.0,0.0,0.0,1.0
2,2044,0.41000000000000003,0.0,0.0,0.0,0.0,0.0,1.0
2,2044,0.42,0.0,0.0,0.0,0.0,0.0,1.0
2,2044,0.43,0.0,0.0,0.0,0.0,0.0,1.0
2,2044,0.44,0.0,0.0,0.0,0.0,0.0,1.0
2,2044,0.45,0.0,0.0,0.0,0.0,0.0,1.0
2,2044,0.46,0.0,0.0,0.0,0.0,0.0,1.0
2,2044,0.47000000000000003,0.0,0.0,0.0,0.0,0.0,1.0
2,2044,0.48,0.0,0.0,0.0,0.0,0.0,1.0
2,2044,0.49,0.0,0.0,0.0,0.0,0.0,1.0
2,2044,0.5,0.0,0.0,0.0,0.0,0.0,1.0
2,2044,0.51,0.0,0.0,0.0,0.0,0.0,1.0
2,2044,0.52,0.0,0.0,0.0,0.0,0.0,1.0
2,2044,0.53,0.0,0.0,0.0,0.0,0.0,1.0
2,2044,0.54,0.0,0.0,0.0,0.0,0.0,1.0
2,2044,0.55,0.0,0.0,0.0,0.0,0.0,1.0
2,2044,0.56,0.0,0.0,0.0,0.0,0.0,1.0
2,2044,0.5700000000000001,0.0,0.0,0.0,0.0,0.0,1.0
2,2044,0.58,0.0,0.0,0.0,0.0,0.0,1.0
2,2044,0.59,0.0,0.0,0.0,0.0,0.0,1.0
2,2044,0.6,0.0,0.0,0.0,0.0,0.0,1.0
2,2044,0.61,0.0,0.0,0.0,0.0,0.0,1.0
2,2044,0.62,0.0,0.0,0.0,0.0,0.0,1.0
2,2044,0.63,0.0,0.0,0.0,0.0,0.0,1.0
2,2044,0.64,0.0,0.0,0.0,0.0,0.0,1.0
2,2044,0.65,0.0,0.0,0.0,0.0,0.0,1.0
2,2044,0.66,0.0,0.0,0.0,0.0,0.0,1.0
2,2044,0.67,0.0,0.0,0.0,0.0,0.0,1.0
2,2044,0.68,0.0,0.0,0.0,0.0,0.0,1.0
2,2044,0.6900000000000001,0.0,0.0,0.0,0.0,0.0,1.0
2,2044,0.7000000000000001,0.0,0.0,0.0,0.0,0.0,1.0
2,2044,0.71,0.0,0.0,0.0,0.0,0.0,1.0
2,2044,0.72,0.0,0.0,0.0,0.0,0.0,1.0
2,2044,0.73,0.0,0.0,0.0,0.0,0.0,1.0
2,2044,0.74,0.0,0.0,0.0,0.0,0.0,1.0
2,2044,0.75,0.0,0.0,0.0,0.0,0.0,1.0
2,2044,0.76,0.0,0.0,0.0,0.0,0.0,1.0
2,2044,0.77,0.0,0.0,0.0,0.0,0.0,1.0
2,2044,0.78,0.0,0.0,0.0,0.0,0.0,1.0
2,2044,0.79,0.0,0.0,0.0,0.0,0.0,1.0
2,2044,0.8,0.0,0.0,0.0,0.0,0.0,1.0
2,2044,0.81,0.0,0.0,0.0,0.0,0.0,1.0
2,2044,0.8200000000000001,0.0,0.0,0.0,0.0,0.0,1.0
2,2044,0.8300000000000001,0.0,0.0,0.0,0.0,0.0,1.0
2,2044,0.84,0.0,0.0,0.0,0.0,0.0,1.0
2,2044,0.85,0.0,0.0,0.0,0.0,0.0,1.0
2,2044,0.86,0.0,0.0,0.0,0.0,0.0,1.0
2,2044,0.87,0.0,0.0,0.0,0.0,0.0,1.0
2,2044,0.88,0.0,0.0,0.0,0.0,0.0,1.0
2,2044,0.89,0.0,0.0,0.0,0.0,0.0,1.0
2,2044,0.9,0.0,0.0,0.0,0.0,0.0,1.0
2,2044,0.91,0.0,0.0,0.0,0.0,0.0,1.0
2,2044,0.92,0.0,0.0,0.0,0.0,0.0,1.0
2,2044,0.93,0.0,0.0,0.0,0.0,0.0,1.0
2,2044,0.9400000000000001,0.0,0.0,0.0,0.0,0.0,1.0
2,2044,0.9500000000000001,0.0,0.0,0.0,0.0,0.0,1.0
2,2044,0.96,0.0,0.0,0.0,0.0,0.0,1.0
2,2044,0.97,0.0,0.0,0.0,0.0,0.0,1.0
2,2044,0.98,0.0,0.0,0.0,0.0,0.0,1.0
2,2044,0.99,0.0,0.0,0.0,0.0,0.0,1.0
2,2044,1.0,0.0,0.0,0.0,0.0,0.0,1.0
2,2045,0.01,0.1434956111642539,0.0928552745272486,0.22389916270999263,0.2196153265474124,0.09214014453559763,0.2279944805154946
2,2045,0.02,0.1434956111642539,0.0928552745272486,0.22389916270999263,0.2196153265474124,0.09214014453559763,0.2279944805154946
2,2045,0.03,0.1434956111642539,0.0928552745272486,0.22389916270999263,0.2196153265474124,0.09214014453559763,0.2279944805154946
2,2045,0.04,0.1434956111642539,0.0928552745272486,0.22389916270999263,0.2196153265474124,0.09214014453559763,0.2279944805154946
2,2045,0.05,0.0,0.0,0.0,0.0,0.0,1.0
2,2045,0.06,0.0,0.0,0.0,0.0,0.0,1.0
2,2045,0.07,0.0,0.0,0.0,0.0,0.0,1.0
2,2045,0.08,0.0,0.0,0.0,0.0,0.0,1.0
2,2045,0.09,0.0,0.0,0.0,0.0,0.0,1.0
2,2045,0.1,0.0,0.0,0.0,0.0,0.0,1.0
2,2045,0.11,0.0,0.0,0.0,0.0,0.0,1.0
2,2045,0.12,0.0,0.0,0.0,0.0,0.0,1.0
2,2045,0.13,0.0,0.0,0.0,0.0,0.0,1.0
2,2045,0.14,0.0,0.0,0.0,0.0,0.0,1.0
2,2045,0.15,0.0,0.0,0.0,0.0,0.0,1.0
2,2045,0.16,0.0,0.0,0.0,0.0,0.0,1.0
2,2045,0.17,0.0,0.0,0.0,0.0,0.0,1.0
2,2045,0.18,0.0,0.0,0.0,0.0,0.0,1.0
2,2045,0.19,0.0,0.0,0.0,0.0,0.0,1.0
2,2045,0.2,0.0,0.0,0.0,0.0,0.0,1.0
2,2045,0.21,0.0,0.0,0.0,0.0,0.0,1.0
2,2045,0.22,0.0,0.0,0.0,0.0,0.0,1.0
2,2045,0.23,0.0,0.0,0.0,0.0,0.0,1.0
2,2045,0.24,0.0,0.0,0.0,0.0,0.0,1.0
2,2045,0.25,0.0,0.0,0.0,0.0,0.0,1.0
2,2045,0.26,0.0,0.0,0.0,0.0,0.0,1.0
2,2045,0.27,0.0,0.0,0.0,0.0,0.0,1.0
2,2045,0.28,0.0,0.0,0.0,0.0,0.0,1.0
2,2045,0.29,0.0,0.0,0.0,0.0,0.0,1.0
2,2045,0.3,0.0,0.0,0.0,0.0,0.0,1.0
2,2045,0.31,0.0,0.0,0.0,0.0,0.0,1.0
2,2045,0.32,0.0,0.0,0.0,0.0,0.0,1.0
2,2045,0.33,0.0,0.0,0.0,0.0,0.0,1.0
2,2045,0.34,0.0,0.0,0.0,0.0,0.0,1.0
2,2045,0.35000000000000003,0.0,0.0,0.0,0.0,0.0,1.0
2,2045,0.36,0.0,0.0,0.0,0.0,0.0,1.0
2,2045,0.37,0.0,0.0,0.0,0.0,0.0,1.0
2,2045,0.38,0.0,0.0,0.0,0.0,0.0,1.0
2,2045,0.39,0.0,0.0,0.0,0.0,0.0,1.0
2,2045,0.4,0.0,0.0,0.0,0.0,0.0,1.0
2,2045,0.41000000000000003,0.0,0.0,0.0,0.0,0.0,1.0
2,2045,0.42,0.0,0.0,0.0,0.0,0.0,1.0
2,2045,0.43,0.0,0.0,0.0,0.0,0.0,1.0
2,2045,0.44,0.0,0.0,0.0,0.0,0.0,1.0
2,2045,0.45,0.0,0.0,0.0,0.0,0.0,1.0
2,2045,0.46,0.0,0.0,0.0,0.0,0.0,1.0
2,2045,0.47000000000000003,0.0,0.0,0.0,0.0,0.0,1.0
2,2045,0.48,0.0,0.0,0.0,0.0,0.0,1.0
2,2045,0.49,0.0,0.0,0.0,0.0,0.0,1.0
2,2045,0.5,0.0,0.0,0.0,0.0,0.0,1.0
2,2045,0.51,0.0,0.0,0.0,0.0,0.0,1.0
2,2045,0.52,0.0,0.0,0.0,0.0,0.0,1.0
2,2045,0.53,0.0,0.0,0.0,0.0,0.0,1.0
2,2045,0.54,0.0,0.0,0.0,0.0,0.0,1.0
2,2045,0.55,0.0,0.0,0.0,0.0,0.0,1.0
2,2045,0.56,0.0,0.0,0.0,0.0,0.0,1.0
2,2045,0.5700000000000001,0.0,0.0,0.0,0.0,0.0,1.0
2,2045,0.58,0.0,0.0,0.0,0.0,0.0,1.0
2,2045,0.59,0.0,0.0,0.0,0.0,0.0,1.0
2,2045,0.6,0.0,0.0,0.0,0.0,0.0,1.0
2,2045,0.61,0.0,0.0,0.0,0.0,0.0,1.0
2,2045,0.62,0.0,0.0,0.0,0.0,0.0,1.0
2,2045,0.63,0.0,0.0,0.0,0.0,0.0,1.0
2,2045,0.64,0.0,0.0,0.0,0.0,0.0,1.0
2,2045,0.65,0.0,0.0,0.0,0.0,0.0,1.0
2,2045,0.66,0.0,0.0,0.0,0.0,0.0,1.0
2,2045,0.67,0.0,0.0,0.0,0.0,0.0,1.0
2,2045,0.68,0.0,0.0,0.0,0.0,0.0,1.0
2,2045,0.6900000000000001,0.0,0.0,0.0,0.0,0.0,1.0
2,2045,0.7000000000000001,0.0,0.0,0.0,0.0,0.0,1.0
2,2045,0.71,0.0,0.0,0.0,0.0,0.0,1.0
2,2045,0.72,0.0,0.0,0.0,0.0,0.0,1.0
2,2045,0.73,0.0,0.0,0.0,0.0,0.0,1.0
2,2045,0.74,0.0,0.0,0.0,0.0,0.0,1.0
2,2045,0.75,0.0,0.0,0.0,0.0,0.0,1.0
2,2045,0.76,0.0,0.0,0.0,0.0,0.0,1.0
2,2045,0.77,0.0,0.0,0.0,0.0,0.0,1.0
2,2045,0.78,0.0,0.0,0.0,0.0,0.0,1.0
2,2045,0.79,0.0,0.0,0.0,0.0,0.0,1.0
2,2045,0.8,0.0,0.0,0.0,0.0,0.0,1.0
2,2045,0.81,0.0,0.0,0.0,0.0,0.0,1.0
2,2045,0.8200000000000001,0.0,0.0,0.0,0.0,0.0,1.0
2,2045,0.8300000000000001,0.0,0.0,0.0,0.0,0.0,1.0
2,2045,0.84,0.0,0.0,0.0,0.0,0.0,1.0
2,2045,0.85,0.0,0.0,0.0,0.0,0.0,1.0
2,2045,0.86,0.0,0.0,0.0,0.0,0.0,1.0
2,2045,0.87,0.0,0.0,0.0,0.0,0.0,1.0
2,2045,0.88,0.0,0.0,0.0,0.0,0.0,1.0
2,2045,0.89,0.0,0.0,0.0,0.0,0.0,1.0
2,2045,0.9,0.0,0.0,0.0,0.0,0.0,1.0
2,2045,0.91,0.0,0.0,0.0,0.0,0.0,1.0
2,2045,0.92,0.0,0.0,0.0,0.0,0.0,1.0
2,2045,0.93,0.0,0.0,0.0,0.0,0.0,1.0
2,2045,0.9400000000000001,0.0,0.0,0.0,0.0,0.0,1.0
2,2045,0.9500000000000001,0.0,0.0,0.0,0.0,0.0,1.0
2,2045,0.96,0.0,0.0,0.0,0.0,0.0,1.0
2,2045,0.97,0.0,0.0,0.0,0.0,0.0,1.0
2,2045,0.98,0.0,0.0,0.0,0.0,0.0,1.0
2,2045,0.99,0.0,0.0,0.0,0.0,0.0,1.0
2,2045,1.0,0.0,0.0,0.0,0.0,0.0,1.0
2,2046,0.01,0.16510003255127778,0.1457012798429048,0.16346988094583376,0.07255478653154329,0.21762175471941647,0.23555226540902388
2,2046,0.02,0.16510003255127778,0.1457012798429048,0.16346988094583376,0.07255478653154329,0.21762175471941647,0.23555226540902388
2,2046,0.03,0.16510003255127778,0.1457012798429048,0.16346988094583376,0.07255478653154329,0.21762175471941647,0.23555226540902388
2,2046,0.04,0.16510003255127778,0.1457012798429048,0.16346988094583376,0.07255478653154329,0.21762175471941647,0.23555226540902388
2,2046,0.05,0.0,0.0,0.0,0.0,0.0,1.0
2,2046,0.06,0.0,0.0,0.0,0.0,0.0,1.0
2,2046,0.07,0.0,0.0,0.0,0.0,0.0,1.0
2,2046,0.08,0.0,0.0,0.0,0.0,0.0,1.0
2,2046,0.09,0.0,0.0,0.0,0.0,0.0,1.0
2,2046,0.1,0.0,0.0,0.0,0.0,0.0,1.0
2,2046,0.11,0.0,0.0,0.0,0.0,0.0,1.0
2,2046,0.12,0.0,0.0,0.0,0.0,0.0,1.0
2,2046,0.13,0.0,0.0,0.0,0.0,0.0,1.0
2,2046,0.14,0.0,0.0,0.0,0.0,0.0,1.0
2,2046,0.15,0.0,0.0,0.0,0.0,0.0,1.0
2,2046,0.16,0.0,0.0,0.0,0.0,0.0,1.0
2,2046,0.17,0.0,0.0,0.0,0.0,0.0,1.0
2,2046,0.18,0.0,0.0,0.0,0.0,0.0,1.0
2,2046,0.19,0.0,0.0,0.0,0.0,0.0,1.0
2,2046,0.2,0.0,0.0,0.0,0.0,0.0,1.0
2,2046,0.21,0.0,0.0,0.0,0.0,0.0,1.0
2,2046,0.22,0.0,0.0,0.0,0.0,0.0,1.0
2,2046,0.23,0.0,0.0,0.0,0.0,0.0,1.0
2,2046,0.24,0.0,0.0,0.0,0.0,0.0,1.0
2,2046,0.25,0.0,0.0,0.0,0.0,0.0,1.0
2,2046,0.26,0.0,0.0,0.0,0.0,0.0,1.0
2,2046,0.27,0.0,0.0,0.0,0.0,0.0,1.0
2,2046,0.28,0.0,0.0,0.0,0.0,0.0,1.0
2,2046,0.29,0.0,0.0,0.0,0.0,0.0,1.0
2,2046,0.3,0.0,0.0,0.0,0.0,0.0,1.0
2,2046,0.31,0.0,0.0,0.0,0.0,0.0,1.0
2,2046,0.32,0.0,0.0,0.0,0.0,0.0,1.0
2,2046,0.33,0.0,0.0,0.0,0.0,0.0,1.0
2,2046,0.34,0.0,0.0,0.0,0.0,0.0,1.0
2,2046,0.35000000000000003,0.0,0.0,0.0,0.0,0.0,1.0
2,2046,0.36,0.0,0.0,0.0,0.0,0.0,1.0
2,2046,0.37,0.0,0.0,0.0,0.0,0.0,1.0
2,2046,0.38,0.0,0.0,0.0,0.0,0.0,1.0
2,2046,0.39,0.0,0.0,0.0,0.0,0.0,1.0
2,2046,0.4,0.0,0.0,0.0,0.0,0.0,1.0
2,2046,0.41000000000000003,0.0,0.0,0.0,0.0,0.0,1.0
2,2046,0.42,0.0,0.0,0.0,0.0,0.0,1.0
2,2046,0.43,0.0,0.0,0.0,0.0,0.0,1.0
2,2046,0.44,0.0,0.0,0.0,0.0,0.0,1.0
2,2046,0.45,0.0,0.0,0.0,0.0,0.0,1.0
2,2046,0.46,0.0,0.0,0.0,0.0,0.0,1.0
2,2046,0.47000000000000003,0.0,0.0,0.0,0.0,0.0,1.0
2,2046,0.48,0.0,0.0,0.0,0.0,0.0,1.0
2,2046,0.49,0.0,0.0,0.0,0.0,0.0,1.0
2,2046,0.5,0.0,0.0,0.0,0.0,0.0,1.0
2,2046,0.51,0.0,0.0,0.0,0.0,0.0,1.0
2,2046,0.52,0.0,0.0,0.0,0.0,0.0,1.0
2,2046,0.53,0.0,0.0,0.0,0.0,0.0,1.0
2,2046,0.54,0.0,0.0,0.0,0.0,0.0,1.0
2,2046,0.55,0.0,0.0,0.0,0.0,0.0,1.0
2,2046,0.56,0.0,0.0,0.0,0.0,0.0,1.0
2,2046,0.5700000000000001,0.0,0.0,0.0,0.0,0.0,1.0
2,2046,0.58,0.0,0.0,0.0,0.0,0.0,1.0
2,2046,0.59,0.0,0.0,0.0,0.0,0.0,1.0
2,2046,0.6,0.0,0.0,0.0,0.0,0.0,1.0
2,2046,0.61,0.0,0.0,0.0,0.0,0.0,1.0
2,2046,0.62,0.0,0.0,0.0,0.0,0.0,1.0
2,2046,0.63,0.0,0.0,0.0,0.0,0.0,1.0
2,2046,0.64,0.0,0.0,0.0,0.0,0.0,1.0
2,2046,0.65,0.0,0.0,0.0,0.0,0.0,1.0
2,2046,0.66,0.0,0.0,0.0,0.0,0.0,1.0
2,2046,0.67,0.0,0.0,0.0,0.0,0.0,1.0
2,2046,0.68,0.0,0.0,0.0,0.0,0.0,1.0
2,2046,0.6900000000000001,0.0,0.0,0.0,0.0,0.0,1.0
2,2046,0.7000000000000001,0.0,0.0,0.0,0.0,0.0,1.0
2,2046,0.71,0.0,0.0,0.0,0.0,0.0,1.0
2,2046,0.72,0.0,0.0,0.0,0.0,0.0,1.0
2,2046,0.73,0.0,0.0,0.0,0.0,0.0,1.0
2,2046,0.74,0.0,0.0,0.0,0.0,0.0,1.0
2,2046,0.75,0.0,0.0,0.0,0.0,0.0,1.0
2,2046,0.76,0.0,0.0,0.0,0.0,0.0,1.0
2,2046,0.77,0.0,0.0,0.0,0.0,0.0,1.0
2,2046,0.78,0.0,0.0,0.0,0.0,0.0,1.0
2,2046,0.79,0.0,0.0,0.0,0.0,0.0,1.0
2,2046,0.8,0.0,0.0,0.0,0.0,0.0,1.0
2,2046,0.81,0.0,0.0,0.0,0.0,0.0,1.0
2,2046,0.8200000000000001,0.0,0.0,0.0,0.0,0.0,1.0
2,2046,0.8300000000000001,0.0,0.0,0.0,0.0,0.0,1.0
2,2046,0.84,0.0,0.0,0.0,0.0,0.0,1.0
2,2046,0.85,0.0,0.0,0.0,0.0,0.0,1.0
2,2046,0.86,0.0,0.0,0.0,0.0,0.0,1.0
2,2046,0.87,0.0,0.0,0.0,0.0,0.0,1.0
2,2046,0.88,0.0,0.0,0.0,0.0,0.0,1.0
2,2046,0.89,0.0,0.0,0.0,0.0,0.0,1.0
2,2046,0.9,0.0,0.0,0.0,0.0,0.0,1.0
2,2046,0.91,0.0,0.0,0.0,0.0,0.0,1.0
2,2046,0.92,0.0,0.0,0.0,0.0,0.0,1.0
2,2046,0.93,0.0,0.0,0.0,0.0,0.0,1.0
2,2046,0.9400000000000001,0.0,0.0,0.0,0.0,0.0,1.0
2,2046,0.9500000000000001,0.0,0.0,0.0,0.0,0.0,1.0
2,2046,0.96,0.0,0.0,0.0,0.0,0.0,1.0
2,2046,0.97,0.0,0.0,0.0,0.0,0.0,1.0
2,2046,0.98,0.0,0.0,0.0,0.0,0.0,1.0
2,2046,0.99,0.0,0.0,0.0,0.0,0.0,1.0
2,2046,1.0,0.0,0.0,0.0,0.0,0.0,1.0
2,2047,0.01,0.222688069100175,0.3428074535733875,0.1594709089506784,0.0035676662788596616,0.22879910579560792,0.04266679630129151
2,2047,0.02,0.222688069100175,0.3428074535733875,0.1594709089506784,0.0035676662788596616,0.22879910579560792,0.04266679630129151
2,2047,0.03,0.222688069100175,0.3428074535733875,0.1594709089506784,0.0035676662788596616,0.22879910579560792,0.04266679630129151
2,2047,0.04,0.222688069100175,0.3428074535733875,0.1594709089506784,0.0035676662788596616,0.22879910579560792,0.04266679630129151
2,2047,0.05,0.0,0.0,0.0,0.0,0.0,1.0
2,2047,0.06,0.0,0.0,0.0,0.0,0.0,1.0
2,2047,0.07,0.0,0.0,0.0,0.0,0.0,1.0
2,2047,0.08,0.0,0.0,0.0,0.0,0.0,1.0
2,2047,0.09,0.0,0.0,0.0,0.0,0.0,1.0
2,2047,0.1,0.0,0.0,0.0,0.0,0.0,1.0
2,2047,0.11,0.0,0.0,0.0,0.0,0.0,1.0
2,2047,0.12,0.0,0.0,0.0,0.0,0.0,1.0
2,2047,0.13,0.0,0.0,0.0,0.0,0.0,1.0
2,2047,0.14,0.0,0.0,0.0,0.0,0.0,1.0
2,2047,0.15,0.0,0.0,0.0,0.0,0.0,1.0
2,2047,0.16,0.0,0.0,0.0,0.0,0.0,1.0
2,2047,0.17,0.0,0.0,0.0,0.0,0.0,1.0
2,2047,0.18,0.0,0.0,0.0,0.0,0.0,1.0
2,2047,0.19,0.0,0.0,0.0,0.0,0.0,1.0
2,2047,0.2,0.0,0.0,0.0,0.0,0.0,1.0
2,2047,0.21,0.0,0.0,0.0,0.0,0.0,1.0
2,2047,0.22,0.0,0.0,0.0,0.0,0.0,1.0
2,2047,0.23,0.0,0.0,0.0,0.0,0.0,1.0
2,2047,0.24,0.0,0.0,0.0,0.0,0.0,1.0
2,2047,0.25,0.0,0.0,0.0,0.0,0.0,1.0
2,2047,0.26,0.0,0.0,0.0,0.0,0.0,1.0
2,2047,0.27,0.0,0.0,0.0,0.0,0.0,1.0
2,2047,0.28,0.0,0.0,0.0,0.0,0.0,1.0
2,2047,0.29,0.0,0.0,0.0,0.0,0.0,1.0
2,2047,0.3,0.0,0.0,0.0,0.0,0.0,1.0
2,2047,0.31,0.0,0.0,0.0,0.0,0.0,1.0
2,2047,0.32,0.0,0.0,0.0,0.0,0.0,1.0
2,2047,0.33,0.0,0.0,0.0,0.0,0.0,1.0
2,2047,0.34,0.0,0.0,0.0,0.0,0.0,1.0
2,2047,0.35000000000000003,0.0,0.0,0.0,0.0,0.0,1.0
2,2047,0.36,0.0,0.0,0.0,0.0,0.0,1.0
2,2047,0.37,0.0,0.0,0.0,0.0,0.0,1.0
2,2047,0.38,0.0,0.0,0.0,0.0,0.0,1.0
2,2047,0.39,0.0,0.0,0.0,0.0,0.0,1.0
2,2047,0.4,0.0,0.0,0.0,0.0,0.0,1.0
2,2047,0.41000000000000003,0.0,0.0,0.0,0.0,0.0,1.0
2,2047,0.42,0.0,0.0,0.0,0.0,0.0,1.0
2,2047,0.43,0.0,0.0,0.0,0.0,0.0,1.0
2,2047,0.44,0.0,0.0,0.0,0.0,0.0,1.0
2,2047,0.45,0.0,0.0,0.0,0.0,0.0,1.0
2,2047,0.46,0.0,0.0,0.0,0.0,0.0,1.0
2,2047,0.47000000000000003,0.0,0.0,0.0,0.0,0.0,1.0
2,2047,0.48,0.0,0.0,0.0,0.0,0.0,1.0
2,2047,0.49,0.0,0.0,0.0,0.0,0.0,1.0
2,2047,0.5,0.0,0.0,0.0,0.0,0.0,1.0
2,2047,0.51,0.0,0.0,0.0,0.0,0.0,1.0
2,2047,0.52,0.0,0.0,0.0,0.0,0.0,1.0
2,2047,0.53,0.0,0.0,0.0,0.0,0.0,1.0
2,2047,0.54,0.0,0.0,0.0,0.0,0.0,1.0
2,2047,0.55,0.0,0.0,0.0,0.0,0.0,1.0
2,2047,0.56,0.0,0.0,0.0,0.0,0.0,1.0
2,2047,0.5700000000000001,0.0,0.0,0.0,0.0,0.0,1.0
2,2047,0.58,0.0,0.0,0.0,0.0,0.0,1.0
2,2047,0.59,0.0,0.0,0.0,0.0,0.0,1.0
2,2047,0.6,0.0,0.0,0.0,0.0,0.0,1.0
2,2047,0.61,0.0,0.0,0.0,0.0,0.0,1.0
2,2047,0.62,0.0,0.0,0.0,0.0,0.0,1.0
2,2047,0.63,0.0,0.0,0.0,0.0,0.0,1.0
2,2047,0.64,0.0,0.0,0.0,0.0,0.0,1.0
2,2047,0.65,0.0,0.0,0.0,0.0,0.0,1.0
2,2047,0.66,0.0,0.0,0.0,0.0,0.0,1.0
2,2047,0.67,0.0,0.0,0.0,0.0,0.0,1.0
2,2047,0.68,0.0,0.0,0.0,0.0,0.0,1.0
2,2047,0.6900000000000001,0.0,0.0,0.0,0.0,0.0,1.0
2,2047,0.7000000000000001,0.0,0.0,0.0,0.0,0.0,1.0
2,2047,0.71,0.0,0.0,0.0,0.0,0.0,1.0
2,2047,0.72,0.0,0.0,0.0,0.0,0.0,1.0
2,2047,0.73,0.0,0.0,0.0,0.0,0.0,1.0
2,2047,0.74,0.0,0.0,0.0,0.0,0.0,1.0
2,2047,0.75,0.0,0.0,0.0,0.0,0.0,1.0
2,2047,0.76,0.0,0.0,0.0,0.0,0.0,1.0
2,2047,0.77,0.0,0.0,0.0,0.0,0.0,1.0
2,2047,0.78,0.0,0.0,0.0,0.0,0.0,1.0
2,2047,0.79,0.0,0.0,0.0,0.0,0.0,1.0
2,2047,0.8,0.0,0.0,0.0,0.0,0.0,1.0
2,2047,0.81,0.0,0.0,0.0,0.0,0.0,1.0
2,2047,0.8200000000000001,0.0,0.0,0.0,0.0,0.0,1.0
2,2047,0.8300000000000001,0.0,0.0,0.0,0.0,0.0,1.0
2,2047,0.84,0.0,0.0,0.0,0.0,0.0,1.0
2,2047,0.85,0.0,0.0,0.0,0.0,0.0,1.0
2,2047,0.86,0.0,0.0,0.0,0.0,0.0,1.0
2,2047,0.87,0.0,0.0,0.0,0.0,0.0,1.0
2,2047,0.88,0.0,0.0,0.0,0.0,0.0,1.0
2,2047,0.89,0.0,0.0,0.0,0.0,0.0,1.0
2,2047,0.9,0.0,0.0,0.0,0.0,0.0,1.0
2,2047,0.91,0.0,0.0,0.0,0.0,0.0,1.0
2,2047,0.92,0.0,0.0,0.0,0.0,0.0,1.0
2,2047,0.93,0.0,0.0,0.0,0.0,0.0,1.0
2,2047,0.9400000000000001,0.0,0.0,0.0,0.0,0.0,1.0
2,2047,0.9500000000000001,0.0,0.0,0.0,0.0,0.0,1.0
2,2047,0.96,0.0,0.0,0.0,0.0,0.0,1.0
2,2047,0.97,0.0,0.0,0.0,0.0,0.0,1.0
2,2047,0.98,0.0,0.0,0.0,0.0,0.0,1.0
2,2047,0.99,0.0,0.0,0.0,0.0,0.0,1.0
2,2047,1.0,0.0,0.0,0.0,0.0,0.0,1.0
2,2048,0.01,0.2189698068743409,0.0011567552498609366,0.3331592498434996,0.0646487915470562,0.09101560616961814,0.2910497903156243
2,2048,0.02,0.2189698068743409,0.0011567552498609366,0.3331592498434996,0.0646487915470562,0.09101560616961814,0.2910497903156243
2,2048,0.03,0.2189698068743409,0.0011567552498609366,0.3331592498434996,0.0646487915470562,0.09101560616961814,0.2910497903156243
2,2048,0.04,0.0,0.0,0.0,0.0,0.0,1.0
2,2048,0.05,0.0,0.0,0.0,0.0,0.0,1.0
2,2048,0.06,0.0,0.0,0.0,0.0,0.0,1.0
2,2048,0.07,0.0,0.0,0.0,0.0,0.0,1.0
2,2048,0.08,0.0,0.0,0.0,0.0,0.0,1.0
2,2048,0.09,0.0,0.0,0.0,0.0,0.0,1.0
2,2048,0.1,0.0,0.0,0.0,0.0,0.0,1.0
2,2048,0.11,0.0,0.0,0.0,0.0,0.0,1.0
2,2048,0.12,0.0,0.0,0.0,0.0,0.0,1.0
2,2048,0.13,0.0,0.0,0.0,0.0,0.0,1.0
2,2048,0.14,0.0,0.0,0.0,0.0,0.0,1.0
2,2048,0.15,0.0,0.0,0.0,0.0,0.0,1.0
2,2048,0.16,0.0,0.0,0.0,0.0,0.0,1.0
2,2048,0.17,0.0,0.0,0.0,0.0,0.0,1.0
2,2048,0.18,0.0,0.0,0.0,0.0,0.0,1.0
2,2048,0.19,0.0,0.0,0.0,0.0,0.0,1.0
2,2048,0.2,0.0,0.0,0.0,0.0,0.0,1.0
2,2048,0.21,0.0,0.0,0.0,0.0,0.0,1.0
2,2048,0.22,0.0,0.0,0.0,0.0,0.0,1.0
2,2048,0.23,0.0,0.0,0.0,0.0,0.0,1.0
2,2048,0.24,0.0,0.0,0.0,0.0,0.0,1.0
2,2048,0.25,0.0,0.0,0.0,0.0,0.0,1.0
2,2048,0.26,0.0,0.0,0.0,0.0,0.0,1.0
2,2048,0.27,0.0,0.0,0.0,0.0,0.0,1.0
2,2048,0.28,0.0,0.0,0.0,0.0,0.0,1.0
2,2048,0.29,0.0,0.0,0.0,0.0,0.0,1.0
2,2048,0.3,0.0,0.0,0.0,0.0,0.0,1.0
2,2048,0.31,0.0,0.0,0.0,0.0,0.0,1.0
2,2048,0.32,0.0,0.0,0.0,0.0,0.0,1.0
2,2048,0.33,0.0,0.0,0.0,0.0,0.0,1.0
2,2048,0.34,0.0,0.0,0.0,0.0,0.0,1.0
2,2048,0.35000000000000003,0.0,0.0,0.0,0.0,0.0,1.0
2,2048,0.36,0.0,0.0,0.0,0.0,0.0,1.0
2,2048,0.37,0.0,0.0,0.0,0.0,0.0,1.0
2,2048,0.38,0.0,0.0,0.0,0.0,0.0,1.0
2,2048,0.39,0.0,0.0,0.0,0.0,0.0,1.0
2,2048,0.4,0.0,0.0,0.0,0.0,0.0,1.0
2,2048,0.41000000000000003,0.0,0.0,0.0,0.0,0.0,1.0
2,2048,0.42,0.0,0.0,0.0,0.0,0.0,1.0
2,2048,0.43,0.0,0.0,0.0,0.0,0.0,1.0
2,2048,0.44,0.0,0.0,0.0,0.0,0.0,1.0
2,2048,0.45,0.0,0.0,0.0,0.0,0.0,1.0
2,2048,0.46,0.0,0.0,0.0,0.0,0.0,1.0
2,2048,0.47000000000000003,0.0,0.0,0.0,0.0,0.0,1.0
2,2048,0.48,0.0,0.0,0.0,0.0,0.0,1.0
2,2048,0.49,0.0,0.0,0.0,0.0,0.0,1.0
2,2048,0.5,0.0,0.0,0.0,0.0,0.0,1.0
2,2048,0.51,0.0,0.0,0.0,0.0,0.0,1.0
2,2048,0.52,0.0,0.0,0.0,0.0,0.0,1.0
2,2048,0.53,0.0,0.0,0.0,0.0,0.0,1.0
2,2048,0.54,0.0,0.0,0.0,0.0,0.0,1.0
2,2048,0.55,0.0,0.0,0.0,0.0,0.0,1.0
2,2048,0.56,0.0,0.0,0.0,0.0,0.0,1.0
2,2048,0.5700000000000001,0.0,0.0,0.0,0.0,0.0,1.0
2,2048,0.58,0.0,0.0,0.0,0.0,0.0,1.0
2,2048,0.59,0.0,0.0,0.0,0.0,0.0,1.0
2,2048,0.6,0.0,0.0,0.0,0.0,0.0,1.0
2,2048,0.61,0.0,0.0,0.0,0.0,0.0,1.0
2,2048,0.62,0.0,0.0,0.0,0.0,0.0,1.0
2,2048,0.63,0.0,0.0,0.0,0.0,0.0,1.0
2,2048,0.64,0.0,0.0,0.0,0.0,0.0,1.0
2,2048,0.65,0.0,0.0,0.0,0.0,0.0,1.0
2,2048,0.66,0.0,0.0,0.0,0.0,0.0,1.0
2,2048,0.67,0.0,0.0,0.0,0.0,0.0,1.0
2,2048,0.68,0.0,0.0,0.0,0.0,0.0,1.0
2,2048,0.6900000000000001,0.0,0.0,0.0,0.0,0.0,1.0
2,2048,0.7000000000000001,0.0,0.0,0.0,0.0,0.0,1.0
2,2048,0.71,0.0,0.0,0.0,0.0,0.0,1.0
2,2048,0.72,0.0,0.0,0.0,0.0,0.0,1.0
2,2048,0.73,0.0,0.0,0.0,0.0,0.0,1.0
2,2048,0.74,0.0,0.0,0.0,0.0,0.0,1.0
2,2048,0.75,0.0,0.0,0.0,0.0,0.0,1.0
2,2048,0.76,0.0,0.0,0.0,0.0,0.0,1.0
2,2048,0.77,0.0,0.0,0.0,0.0,0.0,1.0
2,2048,0.78,0.0,0.0,0.0,0.0,0.0,1.0
2,2048,0.79,0.0,0.0,0.0,0.0,0.0,1.0
2,2048,0.8,0.0,0.0,0.0,0.0,0.0,1.0
2,2048,0.81,0.0,0.0,0.0,0.0,0.0,1.0
2,2048,0.8200000000000001,0.0,0.0,0.0,0.0,0.0,1.0
2,2048,0.8300000000000001,0.0,0.0,0.0,0.0,0.0,1.0
2,2048,0.84,0.0,0.0,0.0,0.0,0.0,1.0
2,2048,0.85,0.0,0.0,0.0,0.0,0.0,1.0
2,2048,0.86,0.0,0.0,0.0,0.0,0.0,1.0
2,2048,0.87,0.0,0.0,0.0,0.0,0.0,1.0
2,2048,0.88,0.0,0.0,0.0,0.0,0.0,1.0
2,2048,0.89,0.0,0.0,0.0,0.0,0.0,1.0
2,2048,0.9,0.0,0.0,0.0,0.0,0.0,1.0
2,2048,0.91,0.0,0.0,0.0,0.0,0.0,1.0
2,2048,0.92,0.0,0.0,0.0,0.0,0.0,1.0
2,2048,0.93,0.0,0.0,0.0,0.0,0.0,1.0
2,2048,0.9400000000000001,0.0,0.0,0.0,0.0,0.0,1.0
2,2048,0.9500000000000001,0.0,0.0,0.0,0.0,0.0,1.0
2,2048,0.96,0.0,0.0,0.0,0.0,0.0,1.0
2,2048,0.97,0.0,0.0,0.0,0.0,0.0,1.0
2,2048,0.98,0.0,0.0,0.0,0.0,0.0,1.0
2,2048,0.99,0.0,0.0,0.0,0.0,0.0,1.0
2,2048,1.0,0.0,0.0,0.0,0.0,0.0,1.0
2,2049,0.01,0.020172386602963607,0.28711953668644846,0.08373811833715404,0.20573636384311558,0.023717795217535094,0.37951579931278323
2,2049,0.02,0.020172386602963607,0.28711953668644846,0.08373811833715404,0.20573636384311558,0.023717795217535094,0.37951579931278323
2,2049,0.03,0.020172386602963607,0.28711953668644846,0.08373811833715404,0.20573636384311558,0.023717795217535094,0.37951579931278323
2,2049,0.04,0.0,0.0,0.0,0.0,0.0,1.0
2,2049,0.05,0.0,0.0,0.0,0.0,0.0,1.0
2,2049,0.06,0.0,0.0,0.0,0.0,0.0,1.0
2,2049,0.07,0.0,0.0,0.0,0.0,0.0,1.0
2,2049,0.08,0.0,0.0,0.0,0.0,0.0,1.0
2,2049,0.09,0.0,0.0,0.0,0.0,0.0,1.0
2,2049,0.1,0.0,0.0,0.0,0.0,0.0,1.0
2,2049,0.11,0.0,0.0,0.0,0.0,0.0,1.0
2,2049,0.12,0.0,0.0,0.0,0.0,0.0,1.0
2,2049,0.13,0.0,0.0,0.0,0.0,0.0,1.0
2,2049,0.14,0.0,0.0,0.0,0.0,0.0,1.0
2,2049,0.15,0.0,0.0,0.0,0.0,0.0,1.0
2,2049,0.16,0.0,0.0,0.0,0.0,0.0,1.0
2,2049,0.17,0.0,0.0,0.0,0.0,0.0,1.0
2,2049,0.18,0.0,0.0,0.0,0.0,0.0,1.0
2,2049,0.19,0.0,0.0,0.0,0.0,0.0,1.0
2,2049,0.2,0.0,0.0,0.0,0.0,0.0,1.0
2,2049,0.21,0.0,0.0,0.0,0.0,0.0,1.0
2,2049,0.22,0.0,0.0,0.0,0.0,0.0,1.0
2,2049,0.23,0.0,0.0,0.0,0.0,0.0,1.0
2,2049,0.24,0.0,0.0,0.0,0.0,0.0,1.0
2,2049,0.25,0.0,0.0,0.0,0.0,0.0,1.0
2,2049,0.26,0.0,0.0,0.0,0.0,0.0,1.0
2,2049,0.27,0.0,0.0,0.0,0.0,0.0,1.0
2,2049,0.28,0.0,0.0,0.0,0.0,0.0,1.0
2,2049,0.29,0.0,0.0,0.0,0.0,0.0,1.0
2,2049,0.3,0.0,0.0,0.0,0.0,0.0,1.0
2,2049,0.31,0.0,0.0,0.0,0.0,0.0,1.0
2,2049,0.32,0.0,0.0,0.0,0.0,0.0,1.0
2,2049,0.33,0.0,0.0,0.0,0.0,0.0,1.0
2,2049,0.34,0.0,0.0,0.0,0.0,0.0,1.0
2,2049,0.35000000000000003,0.0,0.0,0.0,0.0,0.0,1.0
2,2049,0.36,0.0,0.0,0.0,0.0,0.0,1.0
2,2049,0.37,0.0,0.0,0.0,0.0,0.0,1.0
2,2049,0.38,0.0,0.0,0.0,0.0,0.0,1.0
2,2049,0.39,0.0,0.0,0.0,0.0,0.0,1.0
2,2049,0.4,0.0,0.0,0.0,0.0,0.0,1.0
2,2049,0.41000000000000003,0.0,0.0,0.0,0.0,0.0,1.0
2,2049,0.42,0.0,0.0,0.0,0.0,0.0,1.0
2,2049,0.43,0.0,0.0,0.0,0.0,0.0,1.0
2,2049,0.44,0.0,0.0,0.0,0.0,0.0,1.0
2,2049,0.45,0.0,0.0,0.0,0.0,0.0,1.0
2,2049,0.46,0.0,0.0,0.0,0.0,0.0,1.0
2,2049,0.47000000000000003,0.0,0.0,0.0,0.0,0.0,1.0
2,2049,0.48,0.0,0.0,0.0,0.0,0.0,1.0
2,2049,0.49,0.0,0.0,0.0,0.0,0.0,1.0
2,2049,0.5,0.0,0.0,0.0,0.0,0.0,1.0
2,2049,0.51,0.0,0.0,0.0,0.0,0.0,1.0
2,2049,0.52,0.0,0.0,0.0,0.0,0.0,1.0
2,2049,0.53,0.0,0.0,0.0,0.0,0.0,1.0
2,2049,0.54,0.0,0.0,0.0,0.0,0.0,1.0
2,2049,0.55,0.0,0.0,0.0,0.0,0.0,1.0
2,2049,0.56,0.0,0.0,0.0,0.0,0.0,1.0
2,2049,0.5700000000000001,0.0,0.0,0.0,0.0,0.0,1.0
2,2049,0.58,0.0,0.0,0.0,0.0,0.0,1.0
2,2049,0.59,0.0,0.0,0.0,0.0,0.0,1.0
2,2049,0.6,0.0,0.0,0.0,0.0,0.0,1.0
2,2049,0.61,0.0,0.0,0.0,0.0,0.0,1.0
2,2049,0.62,0.0,0.0,0.0,0.0,0.0,1.0
2,2049,0.63,0.0,0.0,0.0,0.0,0.0,1.0
2,2049,0.64,0.0,0.0,0.0,0.0,0.0,1.0
2,2049,0.65,0.0,0.0,0.0,0.0,0.0,1.0
2,2049,0.66,0.0,0.0,0.0,0.0,0.0,1.0
2,2049,0.67,0.0,0.0,0.0,0.0,0.0,1.0
2,2049,0.68,0.0,0.0,0.0,0.0,0.0,1.0
2,2049,0.6900000000000001,0.0,0.0,0.0,0.0,0.0,1.0
2,2049,0.7000000000000001,0.0,0.0,0.0,0.0,0.0,1.0
2,2049,0.71,0.0,0.0,0.0,0.0,0.0,1.0
2,2049,0.72,0.0,0.0,0.0,0.0,0.0,1.0
2,2049,0.73,0.0,0.0,0.0,0.0,0.0,1.0
2,2049,0.74,0.0,0.0,0.0,0.0,0.0,1.0
2,2049,0.75,0.0,0.0,0.0,0.0,0.0,1.0
2,2049,0.76,0.0,0.0,0.0,0.0,0.0,1.0
2,2049,0.77,0.0,0.0,0.0,0.0,0.0,1.0
2,2049,0.78,0.0,0.0,0.0,0.0,0.0,1.0
2,2049,0.79,0.0,0.0,0.0,0.0,0.0,1.0
2,2049,0.8,0.0,0.0,0.0,0.0,0.0,1.0
2,2049,0.81,0.0,0.0,0.0,0.0,0.0,1.0
2,2049,0.8200000000000001,0.0,0.0,0.0,0.0,0.0,1.0
2,2049,0.8300000000000001,0.0,0.0,0.0,0.0,0.0,1.0
2,2049,0.84,0.0,0.0,0.0,0.0,0.0,1.0
2,2049,0.85,0.0,0.0,0.0,0.0,0.0,1.0
2,2049,0.86,0.0,0.0,0.0,0.0,0.0,1.0
2,2049,0.87,0.0,0.0,0.0,0.0,0.0,1.0
2,2049,0.88,0.0,0.0,0.0,0.0,0.0,1.0
2,2049,0.89,0.0,0.0,0.0,0.0,0.0,1.0
2,2049,0.9,0.0,0.0,0.0,0.0,0.0,1.0
2,2049,0.91,0.0,0.0,0.0,0.0,0.0,1.0
2,2049,0.92,0.0,0.0,0.0,0.0,0.0,1.0
2,2049,0.93,0.0,0.0,0.0,0.0,0.0,1.0
2,2049,0.9400000000000001,0.0,0.0,0.0,0.0,0.0,1.0
2,2049,0.9500000000000001,0.0,0.0,0.0,0.0,0.0,1.0
2,2049,0.96,0.0,0.0,0.0,0.0,0.0,1.0
2,2049,0.97,0.0,0.0,0.0,0.0,0.0,1.0
2,2049,0.98,0.0,0.0,0.0,0.0,0.0,1.0
2,2049,0.99,0.0,0.0,0.0,0.0,0.0,1.0
2,2049,1.0,0.0,0.0,0.0,0.0,0.0,1.0
2,2050,0.01,0.3047307623635906,0.0810124272221223,0.23818566203577615,0.20872835294314426,0.07596902634679906,0.09137376908856777
2,2050,0.02,0.3047307623635906,0.0810124272221223,0.23818566203577615,0.20872835294314426,0.07596902634679906,0.09137376908856777
2,2050,0.03,0.3047307623635906,0.0810124272221223,0.23818566203577615,0.20872835294314426,0.07596902634679906,0.09137376908856777
2,2050,0.04,0.0,0.0,0.0,0.0,0.0,1.0
2,2050,0.05,0.0,0.0,0.0,0.0,0.0,1.0
2,2050,0.06,0.0,0.0,0.0,0.0,0.0,1.0
2,2050,0.07,0.0,0.0,0.0,0.0,0.0,1.0
2,2050,0.08,0.0,0.0,0.0,0.0,0.0,1.0
2,2050,0.09,0.0,0.0,0.0,0.0,0.0,1.0
2,2050,0.1,0.0,0.0,0.0,0.0,0.0,1.0
2,2050,0.11,0.0,0.0,0.0,0.0,0.0,1.0
2,2050,0.12,0.0,0.0,0.0,0.0,0.0,1.0
2,2050,0.13,0.0,0.0,0.0,0.0,0.0,1.0
2,2050,0.14,0.0,0.0,0.0,0.0,0.0,1.0
2,2050,0.15,0.0,0.0,0.0,0.0,0.0,1.0
2,2050,0.16,0.0,0.0,0.0,0.0,0.0,1.0
2,2050,0.17,0.0,0.0,0.0,0.0,0.0,1.0
2,2050,0.18,0.0,0.0,0.0,0.0,0.0,1.0
2,2050,0.19,0.0,0.0,0.0,0.0,0.0,1.0
2,2050,0.2,0.0,0.0,0.0,0.0,0.0,1.0
2,2050,0.21,0.0,0.0,0.0,0.0,0.0,1.0
2,2050,0.22,0.0,0.0,0.0,0.0,0.0,1.0
2,2050,0.23,0.0,0.0,0.0,0.0,0.0,1.0
2,2050,0.24,0.0,0.0,0.0,0.0,0.0,1.0
2,2050,0.25,0.0,0.0,0.0,0.0,0.0,1.0
2,2050,0.26,0.0,0.0,0.0,0.0,0.0,1.0
2,2050,0.27,0.0,0.0,0.0,0.0,0.0,1.0
2,2050,0.28,0.0,0.0,0.0,0.0,0.0,1.0
2,2050,0.29,0.0,0.0,0.0,0.0,0.0,1.0
2,2050,0.3,0.0,0.0,0.0,0.0,0.0,1.0
2,2050,0.31,0.0,0.0,0.0,0.0,0.0,1.0
2,2050,0.32,0.0,0.0,0.0,0.0,0.0,1.0
2,2050,0.33,0.0,0.0,0.0,0.0,0.0,1.0
2,2050,0.34,0.0,0.0,0.0,0.0,0.0,1.0
2,2050,0.35000000000000003,0.0,0.0,0.0,0.0,0.0,1.0
2,2050,0.36,0.0,0.0,0.0,0.0,0.0,1.0
2,2050,0.37,0.0,0.0,0.0,0.0,0.0,1.0
2,2050,0.38,0.0,0.0,0.0,0.0,0.0,1.0
2,2050,0.39,0.0,0.0,0.0,0.0,0.0,1.0
2,2050,0.4,0.0,0.0,0.0,0.0,0.0,1.0
2,2050,0.41000000000000003,0.0,0.0,0.0,0.0,0.0,1.0
2,2050,0.42,0.0,0.0,0.0,0.0,0.0,1.0
2,2050,0.43,0.0,0.0,0.0,0.0,0.0,1.0
2,2050,0.44,0.0,0.0,0.0,0.0,0.0,1.0
2,2050,0.45,0.0,0.0,0.0,0.0,0.0,1.0
2,2050,0.46,0.0,0.0,0.0,0.0,0.0,1.0
2,2050,0.47000000000000003,0.0,0.0,0.0,0.0,0.0,1.0
2,2050,0.48,0.0,0.0,0.0,0.0,0.0,1.0
2,2050,0.49,0.0,0.0,0.0,0.0,0.0,1.0
2,2050,0.5,0.0,0.0,0.0,0.0,0.0,1.0
2,2050,0.51,0.0,0.0,0.0,0.0,0.0,1.0
2,2050,0.52,0.0,0.0,0.0,0.0,0.0,1.0
2,2050,0.53,0.0,0.0,0.0,0.0,0.0,1.0
2,2050,0.54,0.0,0.0,0.0,0.0,0.0,1.0
2,2050,0.55,0.0,0.0,0.0,0.0,0.0,1.0
2,2050,0.56,0.0,0.0,0.0,0.0,0.0,1.0
2,2050,0.5700000000000001,0.0,0.0,0.0,0.0,0.0,1.0
2,2050,0.58,0.0,0.0,0.0,0.0,0.0,1.0
2,2050,0.59,0.0,0.0,0.0,0.0,0.0,1.0
2,2050,0.6,0.0,0.0,0.0,0.0,0.0,1.0
2,2050,0.61,0.0,0.0,0.0,0.0,0.0,1.0
2,2050,0.62,0.0,0.0,0.0,0.0,0.0,1.0
2,2050,0.63,0.0,0.0,0.0,0.0,0.0,1.0
2,2050,0.64,0.0,0.0,0.0,0.0,0.0,1.0
2,2050,0.65,0.0,0.0,0.0,0.0,0.0,1.0
2,2050,0.66,0.0,0.0,0.0,0.0,0.0,1.0
2,2050,0.67,0.0,0.0,0.0,0.0,0.0,1.0
2,2050,0.68,0.0,0.0,0.0,0.0,0.0,1.0
2,2050,0.6900000000000001,0.0,0.0,0.0,0.0,0.0,1.0
2,2050,0.7000000000000001,0.0,0.0,0.0,0.0,0.0,1.0
2,2050,0.71,0.0,0.0,0.0,0.0,0.0,1.0
2,2050,0.72,0.0,0.0,0.0,0.0,0.0,1.0
2,2050,0.73,0.0,0.0,0.0,0.0,0.0,1.0
2,2050,0.74,0.0,0.0,0.0,0.0,0.0,1.0
2,2050,0.75,0.0,0.0,0.0,0.0,0.0,1.0
2,2050,0.76,0.0,0.0,0.0,0.0,0.0,1.0
2,2050,0.77,0.0,0.0,0.0,0.0,0.0,1.0
2,2050,0.78,0.0,0.0,0.0,0.0,0.0,1.0
2,2050,0.79,0.0,0.0,0.0,0.0,0.0,1.0
2,2050,0.8,0.0,0.0,0.0,0.0,0.0,1.0
2,2050,0.81,0.0,0.0,0.0,0.0,0.0,1.0
2,2050,0.8200000000000001,0.0,0.0,0.0,0.0,0.0,1.0
2,2050,0.8300000000000001,0.0,0.0,0.0,0.0,0.0,1.0
2,2050,0.84,0.0,0.0,0.0,0.0,0.0,1.0
2,2050,0.85,0.0,0.0,0.0,0.0,0.0,1.0
2,2050,0.86,0.0,0.0,0.0,0.0,0.0,1.0
2,2050,0.87,0.0,0.0,0.0,0.0,0.0,1.0
2,2050,0.88,0.0,0.0,0.0,0.0,0.0,1.0
2,2050,0.89,0.0,0.0,0.0,0.0,0.0,1.0
2,2050,0.9,0.0,0.0,0.0,0.0,0.0,1.0
2,2050,0.91,0.0,0.0,0.0,0.0,0.0,1.0
2,2050,0.92,0.0,0.0,0.0,0.0,0.0,1.0
2,2050,0.93,0.0,0.0,0.0,0.0,0.0,1.0
2,2050,0.9400000000000001,0.0,0.0,0.0,0.0,0.0,1.0
2,2050,0.9500000000000001,0.0,0.0,0.0,0.0,0.0,1.0
2,2050,0.96,0.0,0.0,0.0,0.0,0.0,1.0
2,2050,0.97,0.0,0.0,0.0,0.0,0.0,1.0
2,2050,0.98,0.0,0.0,0.0,0.0,0.0,1.0
2,2050,0.99,0.0,0.0,0.0,0.0,0.0,1.0
2,2050,1.0,0.0,0.0,0.0,0.0,0.0,1.0
2,2051,0.01,0.13485152849989201,0.29767175781439814,0.030884088694294074,0.04605883087763481,0.24550064894400173,0.24503314516977925
2,2051,0.02,0.13485152849989201,0.29767175781439814,0.030884088694294074,0.04605883087763481,0.24550064894400173,0.24503314516977925
2,2051,0.03,0.13485152849989201,0.29767175781439814,0.030884088694294074,0.04605883087763481,0.24550064894400173,0.24503314516977925
2,2051,0.04,0.0,0.0,0.0,0.0,0.0,1.0
2,2051,0.05,0.0,0.0,0.0,0.0,0.0,1.0
2,2051,0.06,0.0,0.0,0.0,0.0,0.0,1.0
2,2051,0.07,0.0,0.0,0.0,0.0,0.0,1.0
2,2051,0.08,0.0,0.0,0.0,0.0,0.0,1.0
2,2051,0.09,0.0,0.0,0.0,0.0,0.0,1.0
2,2051,0.1,0.0,0.0,0.0,0.0,0.0,1.0
2,2051,0.11,0.0,0.0,0.0,0.0,0.0,1.0
2,2051,0.12,0.0,0.0,0.0,0.0,0.0,1.0
2,2051,0.13,0.0,0.0,0.0,0.0,0.0,1.0
2,2051,0.14,0.0,0.0,0.0,0.0,0.0,1.0
2,2051,0.15,0.0,0.0,0.0,0.0,0.0,1.0
2,2051,0.16,0.0,0.0,0.0,0.0,0.0,1.0
2,2051,0.17,0.0,0.0,0.0,0.0,0.0,1.0
2,2051,0.18,0.0,0.0,0.0,0.0,0.0,1.0
2,2051,0.19,0.0,0.0,0.0,0.0,0.0,1.0
2,2051,0.2,0.0,0.0,0.0,0.0,0.0,1.0
2,2051,0.21,0.0,0.0,0.0,0.0,0.0,1.0
2,2051,0.22,0.0,0.0,0.0,0.0,0.0,1.0
2,2051,0.23,0.0,0.0,0.0,0.0,0.0,1.0
2,2051,0.24,0.0,0.0,0.0,0.0,0.0,1.0
2,2051,0.25,0.0,0.0,0.0,0.0,0.0,1.0
2,2051,0.26,0.0,0.0,0.0,0.0,0.0,1.0
2,2051,0.27,0.0,0.0,0.0,0.0,0.0,1.0
2,2051,0.28,0.0,0.0,0.0,0.0,0.0,1.0
2,2051,0.29,0.0,0.0,0.0,0.0,0.0,1.0
2,2051,0.3,0.0,0.0,0.0,0.0,0.0,1.0
2,2051,0.31,0.0,0.0,0.0,0.0,0.0,1.0
2,2051,0.32,0.0,0.0,0.0,0.0,0.0,1.0
2,2051,0.33,0.0,0.0,0.0,0.0,0.0,1.0
2,2051,0.34,0.0,0.0,0.0,0.0,0.0,1.0
2,2051,0.35000000000000003,0.0,0.0,0.0,0.0,0.0,1.0
2,2051,0.36,0.0,0.0,0.0,0.0,0.0,1.0
2,2051,0.37,0.0,0.0,0.0,0.0,0.0,1.0
2,2051,0.38,0.0,0.0,0.0,0.0,0.0,1.0
2,2051,0.39,0.0,0.0,0.0,0.0,0.0,1.0
2,2051,0.4,0.0,0.0,0.0,0.0,0.0,1.0
2,2051,0.41000000000000003,0.0,0.0,0.0,0.0,0.0,1.0
2,2051,0.42,0.0,0.0,0.0,0.0,0.0,1.0
2,2051,0.43,0.0,0.0,0.0,0.0,0.0,1.0
2,2051,0.44,0.0,0.0,0.0,0.0,0.0,1.0
2,2051,0.45,0.0,0.0,0.0,0.0,0.0,1.0
2,2051,0.46,0.0,0.0,0.0,0.0,0.0,1.0
2,2051,0.47000000000000003,0.0,0.0,0.0,0.0,0.0,1.0
2,2051,0.48,0.0,0.0,0.0,0.0,0.0,1.0
2,2051,0.49,0.0,0.0,0.0,0.0,0.0,1.0
2,2051,0.5,0.0,0.0,0.0,0.0,0.0,1.0
2,2051,0.51,0.0,0.0,0.0,0.0,0.0,1.0
2,2051,0.52,0.0,0.0,0.0,0.0,0.0,1.0
2,2051,0.53,0.0,0.0,0.0,0.0,0.0,1.0
2,2051,0.54,0.0,0.0,0.0,0.0,0.0,1.0
2,2051,0.55,0.0,0.0,0.0,0.0,0.0,1.0
2,2051,0.56,0.0,0.0,0.0,0.0,0.0,1.0
2,2051,0.5700000000000001,0.0,0.0,0.0,0.0,0.0,1.0
2,2051,0.58,0.0,0.0,0.0,0.0,0.0,1.0
2,2051,0.59,0.0,0.0,0.0,0.0,0.0,1.0
2,2051,0.6,0.0,0.0,0.0,0.0,0.0,1.0
2,2051,0.61,0.0,0.0,0.0,0.0,0.0,1.0
2,2051,0.62,0.0,0.0,0.0,0.0,0.0,1.0
2,2051,0.63,0.0,0.0,0.0,0.0,0.0,1.0
2,2051,0.64,0.0,0.0,0.0,0.0,0.0,1.0
2,2051,0.65,0.0,0.0,0.0,0.0,0.0,1.0
2,2051,0.66,0.0,0.0,0.0,0.0,0.0,1.0
2,2051,0.67,0.0,0.0,0.0,0.0,0.0,1.0
2,2051,0.68,0.0,0.0,0.0,0.0,0.0,1.0
2,2051,0.6900000000000001,0.0,0.0,0.0,0.0,0.0,1.0
2,2051,0.7000000000000001,0.0,0.0,0.0,0.0,0.0,1.0
2,2051,0.71,0.0,0.0,0.0,0.0,0.0,1.0
2,2051,0.72,0.0,0.0,0.0,0.0,0.0,1.0
2,2051,0.73,0.0,0.0,0.0,0.0,0.0,1.0
2,2051,0.74,0.0,0.0,0.0,0.0,0.0,1.0
2,2051,0.75,0.0,0.0,0.0,0.0,0.0,1.0
2,2051,0.76,0.0,0.0,0.0,0.0,0.0,1.0
2,2051,0.77,0.0,0.0,0.0,0.0,0.0,1.0
2,2051,0.78,0.0,0.0,0.0,0.0,0.0,1.0
2,2051,0.79,0.0,0.0,0.0,0.0,0.0,1.0
2,2051,0.8,0.0,0.0,0.0,0.0,0.0,1.0
2,2051,0.81,0.0,0.0,0.0,0.0,0.0,1.0
2,2051,0.8200000000000001,0.0,0.0,0.0,0.0,0.0,1.0
2,2051,0.8300000000000001,0.0,0.0,0.0,0.0,0.0,1.0
2,2051,0.84,0.0,0.0,0.0,0.0,0.0,1.0
2,2051,0.85,0.0,0.0,0.0,0.0,0.0,1.0
2,2051,0.86,0.0,0.0,0.0,0.0,0.0,1.0
2,2051,0.87,0.0,0.0,0.0,0.0,0.0,1.0
2,2051,0.88,0.0,0.0,0.0,0.0,0.0,1.0
2,2051,0.89,0.0,0.0,0.0,0.0,0.0,1.0
2,2051,0.9,0.0,0.0,0.0,0.0,0.0,1.0
2,2051,0.91,0.0,0.0,0.0,0.0,0.0,1.0
2,2051,0.92,0.0,0.0,0.0,0.0,0.0,1.0
2,2051,0.93,0.0,0.0,0.0,0.0,0.0,1.0
2,2051,0.9400000000000001,0.0,0.0,0.0,0.0,0.0,1.0
2,2051,0.9500000000000001,0.0,0.0,0.0,0.0,0.0,1.0
2,2051,0.96,0.0,0.0,0.0,0.0,0.0,1.0
2,2051,0.97,0.0,0.0,0.0,0.0,0.0,1.0
2,2051,0.98,0.0,0.0,0.0,0.0,0.0,1.0
2,2051,0.99,0.0,0.0,0.0,0.0,0.0,1.0
2,2051,1.0,0.0,0.0,0.0,0.0,0.0,1.0
2,2052,0.01,0.04221819407924011,0.21132909474411193,0.2064590788947316,0.22286589839870347,0.18225020790394011,0.13487752597927283
2,2052,0.02,0.04221819407924011,0.21132909474411193,0.2064590788947316,0.22286589839870347,0.18225020790394011,0.13487752597927283
2,2052,0.03,0.0,0.0,0.0,0.0,0.0,1.0
2,2052,0.04,0.0,0.0,0.0,0.0,0.0,1.0
2,2052,0.05,0.0,0.0,0.0,0.0,0.0,1.0
2,2052,0.06,0.0,0.0,0.0,0.0,0.0,1.0
2,2052,0.07,0.0,0.0,0.0,0.0,0.0,1.0
2,2052,0.08,0.0,0.0,0.0,0.0,0.0,1.0
2,2052,0.09,0.0,0.0,0.0,0.0,0.0,1.0
2,2052,0.1,0.0,0.0,0.0,0.0,0.0,1.0
2,2052,0.11,0.0,0.0,0.0,0.0,0.0,1.0
2,2052,0.12,0.0,0.0,0.0,0.0,0.0,1.0
2,2052,0.13,0.0,0.0,0.0,0.0,0.0,1.0
2,2052,0.14,0.0,0.0,0.0,0.0,0.0,1.0
2,2052,0.15,0.0,0.0,0.0,0.0,0.0,1.0
2,2052,0.16,0.0,0.0,0.0,0.0,0.0,1.0
2,2052,0.17,0.0,0.0,0.0,0.0,0.0,1.0
2,2052,0.18,0.0,0.0,0.0,0.0,0.0,1.0
2,2052,0.19,0.0,0.0,0.0,0.0,0.0,1.0
2,2052,0.2,0.0,0.0,0.0,0.0,0.0,1.0
2,2052,0.21,0.0,0.0,0.0,0.0,0.0,1.0
2,2052,0.22,0.0,0.0,0.0,0.0,0.0,1.0
2,2052,0.23,0.0,0.0,0.0,0.0,0.0,1.0
2,2052,0.24,0.0,0.0,0.0,0.0,0.0,1.0
2,2052,0.25,0.0,0.0,0.0,0.0,0.0,1.0
2,2052,0.26,0.0,0.0,0.0,0.0,0.0,1.0
2,2052,0.27,0.0,0.0,0.0,0.0,0.0,1.0
2,2052,0.28,0.0,0.0,0.0,0.0,0.0,1.0
2,2052,0.29,0.0,0.0,0.0,0.0,0.0,1.0
2,2052,0.3,0.0,0.0,0.0,0.0,0.0,1.0
2,2052,0.31,0.0,0.0,0.0,0.0,0.0,1.0
2,2052,0.32,0.0,0.0,0.0,0.0,0.0,1.0
2,2052,0.33,0.0,0.0,0.0,0.0,0.0,1.0
2,2052,0.34,0.0,0.0,0.0,0.0,0.0,1.0
2,2052,0.35000000000000003,0.0,0.0,0.0,0.0,0.0,1.0
2,2052,0.36,0.0,0.0,0.0,0.0,0.0,1.0
2,2052,0.37,0.0,0.0,0.0,0.0,0.0,1.0
2,2052,0.38,0.0,0.0,0.0,0.0,0.0,1.0
2,2052,0.39,0.0,0.0,0.0,0.0,0.0,1.0
2,2052,0.4,0.0,0.0,0.0,0.0,0.0,1.0
2,2052,0.41000000000000003,0.0,0.0,0.0,0.0,0.0,1.0
2,2052,0.42,0.0,0.0,0.0,0.0,0.0,1.0
2,2052,0.43,0.0,0.0,0.0,0.0,0.0,1.0
2,2052,0.44,0.0,0.0,0.0,0.0,0.0,1.0
2,2052,0.45,0.0,0.0,0.0,0.0,0.0,1.0
2,2052,0.46,0.0,0.0,0.0,0.0,0.0,1.0
2,2052,0.47000000000000003,0.0,0.0,0.0,0.0,0.0,1.0
2,2052,0.48,0.0,0.0,0.0,0.0,0.0,1.0
2,2052,0.49,0.0,0.0,0.0,0.0,0.0,1.0
2,2052,0.5,0.0,0.0,0.0,0.0,0.0,1.0
2,2052,0.51,0.0,0.0,0.0,0.0,0.0,1.0
2,2052,0.52,0.0,0.0,0.0,0.0,0.0,1.0
2,2052,0.53,0.0,0.0,0.0,0.0,0.0,1.0
2,2052,0.54,0.0,0.0,0.0,0.0,0.0,1.0
2,2052,0.55,0.0,0.0,0.0,0.0,0.0,1.0
2,2052,0.56,0.0,0.0,0.0,0.0,0.0,1.0
2,2052,0.5700000000000001,0.0,0.0,0.0,0.0,0.0,1.0
2,2052,0.58,0.0,0.0,0.0,0.0,0.0,1.0
2,2052,0.59,0.0,0.0,0.0,0.0,0.0,1.0
2,2052,0.6,0.0,0.0,0.0,0.0,0.0,1.0
2,2052,0.61,0.0,0.0,0.0,0.0,0.0,1.0
2,2052,0.62,0.0,0.0,0.0,0.0,0.0,1.0
2,2052,0.63,0.0,0.0,0.0,0.0,0.0,1.0
2,2052,0.64,0.0,0.0,0.0,0.0,0.0,1.0
2,2052,0.65,0.0,0.0,0.0,0.0,0.0,1.0
2,2052,0.66,0.0,0.0,0.0,0.0,0.0,1.0
2,2052,0.67,0.0,0.0,0.0,0.0,0.0,1.0
2,2052,0.68,0.0,0.0,0.0,0.0,0.0,1.0
2,2052,0.6900000000000001,0.0,0.0,0.0,0.0,0.0,1.0
2,2052,0.7000000000000001,0.0,0.0,0.0,0.0,0.0,1.0
2,2052,0.71,0.0,0.0,0.0,0.0,0.0,1.0
2,2052,0.72,0.0,0.0,0.0,0.0,0.0,1.0
2,2052,0.73,0.0,0.0,0.0,0.0,0.0,1.0
2,2052,0.74,0.0,0.0,0.0,0.0,0.0,1.0
2,2052,0.75,0.0,0.0,0.0,0.0,0.0,1.0
2,2052,0.76,0.0,0.0,0.0,0.0,0.0,1.0
2,2052,0.77,0.0,0.0,0.0,0.0,0.0,1.0
2,2052,0.78,0.0,0.0,0.0,0.0,0.0,1.0
2,2052,0.79,0.0,0.0,0.0,0.0,0.0,1.0
2,2052,0.8,0.0,0.0,0.0,0.0,0.0,1.0
2,2052,0.81,0.0,0.0,0.0,0.0,0.0,1.0
2,2052,0.8200000000000001,0.0,0.0,0.0,0.0,0.0,1.0
2,2052,0.8300000000000001,0.0,0.0,0.0,0.0,0.0,1.0
2,2052,0.84,0.0,0.0,0.0,0.0,0.0,1.0
2,2052,0.85,0.0,0.0,0.0,0.0,0.0,1.0
2,2052,0.86,0.0,0.0,0.0,0.0,0.0,1.0
2,2052,0.87,0.0,0.0,0.0,0.0,0.0,1.0
2,2052,0.88,0.0,0.0,0.0,0.0,0.0,1.0
2,2052,0.89,0.0,0.0,0.0,0.0,0.0,1.0
2,2052,0.9,0.0,0.0,0.0,0.0,0.0,1.0
2,2052,0.91,0.0,0.0,0.0,0.0,0.0,1.0
2,2052,0.92,0.0,0.0,0.0,0.0,0.0,1.0
2,2052,0.93,0.0,0.0,0.0,0.0,0.0,1.0
2,2052,0.9400000000000001,0.0,0.0,0.0,0.0,0.0,1.0
2,2052,0.9500000000000001,0.0,0.0,0.0,0.0,0.0,1.0
2,2052,0.96,0.0,0.0,0.0,0.0,0.0,1.0
2,2052,0.97,0.0,0.0,0.0,0.0,0.0,1.0
2,2052,0.98,0.0,0.0,0.0,0.0,0.0,1.0
2,2052,0.99,0.0,0.0,0.0,0.0,0.0,1.0
2,2052,1.0,0.0,0.0,0.0,0.0,0.0,1.0
2,2053,0.01,0.13088068030362038,0.12366672316170554,0.12669281448499814,0.1240738251587961,0.2116442098384853,0.28304174705239454
2,2053,0.02,0.13088068030362038,0.12366672316170554,0.12669281448499814,0.1240738251587961,0.2116442098384853,0.28304174705239454
2,2053,0.03,0.13088068030362038,0.12366672316170554,0.12669281448499814,0.1240738251587961,0.2116442098384853,0.28304174705239454
2,2053,0.04,0.0,0.0,0.0,0.0,0.0,1.0
2,2053,0.05,0.0,0.0,0.0,0.0,0.0,1.0
2,2053,0.06,0.0,0.0,0.0,0.0,0.0,1.0
2,2053,0.07,0.0,0.0,0.0,0.0,0.0,1.0
2,2053,0.08,0.0,0.0,0.0,0.0,0.0,1.0
2,2053,0.09,0.0,0.0,0.0,0.0,0.0,1.0
2,2053,0.1,0.0,0.0,0.0,0.0,0.0,1.0
2,2053,0.11,0.0,0.0,0.0,0.0,0.0,1.0
2,2053,0.12,0.0,0.0,0.0,0.0,0.0,1.0
2,2053,0.13,0.0,0.0,0.0,0.0,0.0,1.0
2,2053,0.14,0.0,0.0,0.0,0.0,0.0,1.0
2,2053,0.15,0.0,0.0,0.0,0.0,0.0,1.0
2,2053,0.16,0.0,0.0,0.0,0.0,0.0,1.0
2,2053,0.17,0.0,0.0,0.0,0.0,0.0,1.0
2,2053,0.18,0.0,0.0,0.0,0.0,0.0,1.0
2,2053,0.19,0.0,0.0,0.0,0.0,0.0,1.0
2,2053,0.2,0.0,0.0,0.0,0.0,0.0,1.0
2,2053,0.21,0.0,0.0,0.0,0.0,0.0,1.0
2,2053,0.22,0.0,0.0,0.0,0.0,0.0,1.0
2,2053,0.23,0.0,0.0,0.0,0.0,0.0,1.0
2,2053,0.24,0.0,0.0,0.0,0.0,0.0,1.0
2,2053,0.25,0.0,0.0,0.0,0.0,0.0,1.0
2,2053,0.26,0.0,0.0,0.0,0.0,0.0,1.0
2,2053,0.27,0.0,0.0,0.0,0.0,0.0,1.0
2,2053,0.28,0.0,0.0,0.0,0.0,0.0,1.0
2,2053,0.29,0.0,0.0,0.0,0.0,0.0,1.0
2,2053,0.3,0.0,0.0,0.0,0.0,0.0,1.0
2,2053,0.31,0.0,0.0,0.0,0.0,0.0,1.0
2,2053,0.32,0.0,0.0,0.0,0.0,0.0,1.0
2,2053,0.33,0.0,0.0,0.0,0.0,0.0,1.0
2,2053,0.34,0.0,0.0,0.0,0.0,0.0,1.0
2,2053,0.35000000000000003,0.0,0.0,0.0,0.0,0.0,1.0
2,2053,0.36,0.0,0.0,0.0,0.0,0.0,1.0
2,2053,0.37,0.0,0.0,0.0,0.0,0.0,1.0
2,2053,0.38,0.0,0.0,0.0,0.0,0.0,1.0
2,2053,0.39,0.0,0.0,0.0,0.0,0.0,1.0
2,2053,0.4,0.0,0.0,0.0,0.0,0.0,1.0
2,2053,0.41000000000000003,0.0,0.0,0.0,0.0,0.0,1.0
2,2053,0.42,0.0,0.0,0.0,0.0,0.0,1.0
2,2053,0.43,0.0,0.0,0.0,0.0,0.0,1.0
2,2053,0.44,0.0,0.0,0.0,0.0,0.0,1.0
2,2053,0.45,0.0,0.0,0.0,0.0,0.0,1.0
2,2053,0.46,0.0,0.0,0.0,0.0,0.0,1.0
2,2053,0.47000000000000003,0.0,0.0,0.0,0.0,0.0,1.0
2,2053,0.48,0.0,0.0,0.0,0.0,0.0,1.0
2,2053,0.49,0.0,0.0,0.0,0.0,0.0,1.0
2,2053,0.5,0.0,0.0,0.0,0.0,0.0,1.0
2,2053,0.51,0.0,0.0,0.0,0.0,0.0,1.0
2,2053,0.52,0.0,0.0,0.0,0.0,0.0,1.0
2,2053,0.53,0.0,0.0,0.0,0.0,0.0,1.0
2,2053,0.54,0.0,0.0,0.0,0.0,0.0,1.0
2,2053,0.55,0.0,0.0,0.0,0.0,0.0,1.0
2,2053,0.56,0.0,0.0,0.0,0.0,0.0,1.0
2,2053,0.5700000000000001,0.0,0.0,0.0,0.0,0.0,1.0
2,2053,0.58,0.0,0.0,0.0,0.0,0.0,1.0
2,2053,0.59,0.0,0.0,0.0,0.0,0.0,1.0
2,2053,0.6,0.0,0.0,0.0,0.0,0.0,1.0
2,2053,0.61,0.0,0.0,0.0,0.0,0.0,1.0
2,2053,0.62,0.0,0.0,0.0,0.0,0.0,1.0
2,2053,0.63,0.0,0.0,0.0,0.0,0.0,1.0
2,2053,0.64,0.0,0.0,0.0,0.0,0.0,1.0
2,2053,0.65,0.0,0.0,0.0,0.0,0.0,1.0
2,2053,0.66,0.0,0.0,0.0,0.0,0.0,1.0
2,2053,0.67,0.0,0.0,0.0,0.0,0.0,1.0
2,2053,0.68,0.0,0.0,0.0,0.0,0.0,1.0
2,2053,0.6900000000000001,0.0,0.0,0.0,0.0,0.0,1.0
2,2053,0.7000000000000001,0.0,0.0,0.0,0.0,0.0,1.0
2,2053,0.71,0.0,0.0,0.0,0.0,0.0,1.0
2,2053,0.72,0.0,0.0,0.0,0.0,0.0,1.0
2,2053,0.73,0.0,0.0,0.0,0.0,0.0,1.0
2,2053,0.74,0.0,0.0,0.0,0.0,0.0,1.0
2,2053,0.75,0.0,0.0,0.0,0.0,0.0,1.0
2,2053,0.76,0.0,0.0,0.0,0.0,0.0,1.0
2,2053,0.77,0.0,0.0,0.0,0.0,0.0,1.0
2,2053,0.78,0.0,0.0,0.0,0.0,0.0,1.0
2,2053,0.79,0.0,0.0,0.0,0.0,0.0,1.0
2,2053,0.8,0.0,0.0,0.0,0.0,0.0,1.0
2,2053,0.81,0.0,0.0,0.0,0.0,0.0,1.0
2,2053,0.8200000000000001,0.0,0.0,0.0,0.0,0.0,1.0
2,2053,0.8300000000000001,0.0,0.0,0.0,0.0,0.0,1.0
2,2053,0.84,0.0,0.0,0.0,0.0,0.0,1.0
2,2053,0.85,0.0,0.0,0.0,0.0,0.0,1.0
2,2053,0.86,0.0,0.0,0.0,0.0,0.0,1.0
2,2053,0.87,0.0,0.0,0.0,0.0,0.0,1.0
2,2053,0.88,0.0,0.0,0.0,0.0,0.0,1.0
2,2053,0.89,0.0,0.0,0.0,0.0,0.0,1.0
2,2053,0.9,0.0,0.0,0.0,0.0,0.0,1.0
2,2053,0.91,0.0,0.0,0.0,0.0,0.0,1.0
2,2053,0.92,0.0,0.0,0.0,0.0,0.0,1.0
2,2053,0.93,0.0,0.0,0.0,0.0,0.0,1.0
2,2053,0.9400000000000001,0.0,0.0,0.0,0.0,0.0,1.0
2,2053,0.9500000000000001,0.0,0.0,0.0,0.0,0.0,1.0
2,2053,0.96,0.0,0.0,0.0,0.0,0.0,1.0
2,2053,0.97,0.0,0.0,0.0,0.0,0.0,1.0
2,2053,0.98,0.0,0.0,0.0,0.0,0.0,1.0
2,2053,0.99,0.0,0.0,0.0,0.0,0.0,1.0
2,2053,1.0,0.0,0.0,0.0,0.0,0.0,1.0
2,2054,0.01,0.1639055382873808,0.4547760166413515,0.22278606278172267,0.026079784840023268,0.10745734773137533,0.024995249718146356
2,2054,0.02,0.1639055382873808,0.4547760166413515,0.22278606278172267,0.026079784840023268,0.10745734773137533,0.024995249718146356
2,2054,0.03,0.0,0.0,0.0,0.0,0.0,1.0
2,2054,0.04,0.0,0.0,0.0,0.0,0.0,1.0
2,2054,0.05,0.0,0.0,0.0,0.0,0.0,1.0
2,2054,0.06,0.0,0.0,0.0,0.0,0.0,1.0
2,2054,0.07,0.0,0.0,0.0,0.0,0.0,1.0
2,2054,0.08,0.0,0.0,0.0,0.0,0.0,1.0
2,2054,0.09,0.0,0.0,0.0,0.0,0.0,1.0
2,2054,0.1,0.0,0.0,0.0,0.0,0.0,1.0
2,2054,0.11,0.0,0.0,0.0,0.0,0.0,1.0
2,2054,0.12,0.0,0.0,0.0,0.0,0.0,1.0
2,2054,0.13,0.0,0.0,0.0,0.0,0.0,1.0
2,2054,0.14,0.0,0.0,0.0,0.0,0.0,1.0
2,2054,0.15,0.0,0.0,0.0,0.0,0.0,1.0
2,2054,0.16,0.0,0.0,0.0,0.0,0.0,1.0
2,2054,0.17,0.0,0.0,0.0,0.0,0.0,1.0
2,2054,0.18,0.0,0.0,0.0,0.0,0.0,1.0
2,2054,0.19,0.0,0.0,0.0,0.0,0.0,1.0
2,2054,0.2,0.0,0.0,0.0,0.0,0.0,1.0
2,2054,0.21,0.0,0.0,0.0,0.0,0.0,1.0
2,2054,0.22,0.0,0.0,0.0,0.0,0.0,1.0
2,2054,0.23,0.0,0.0,0.0,0.0,0.0,1.0
2,2054,0.24,0.0,0.0,0.0,0.0,0.0,1.0
2,2054,0.25,0.0,0.0,0.0,0.0,0.0,1.0
2,2054,0.26,0.0,0.0,0.0,0.0,0.0,1.0
2,2054,0.27,0.0,0.0,0.0,0.0,0.0,1.0
2,2054,0.28,0.0,0.0,0.0,0.0,0.0,1.0
2,2054,0.29,0.0,0.0,0.0,0.0,0.0,1.0
2,2054,0.3,0.0,0.0,0.0,0.0,0.0,1.0
2,2054,0.31,0.0,0.0,0.0,0.0,0.0,1.0
2,2054,0.32,0.0,0.0,0.0,0.0,0.0,1.0
2,2054,0.33,0.0,0.0,0.0,0.0,0.0,1.0
2,2054,0.34,0.0,0.0,0.0,0.0,0.0,1.0
2,2054,0.35000000000000003,0.0,0.0,0.0,0.0,0.0,1.0
2,2054,0.36,0.0,0.0,0.0,0.0,0.0,1.0
2,2054,0.37,0.0,0.0,0.0,0.0,0.0,1.0
2,2054,0.38,0.0,0.0,0.0,0.0,0.0,1.0
2,2054,0.39,0.0,0.0,0.0,0.0,0.0,1.0
2,2054,0.4,0.0,0.0,0.0,0.0,0.0,1.0
2,2054,0.41000000000000003,0.0,0.0,0.0,0.0,0.0,1.0
2,2054,0.42,0.0,0.0,0.0,0.0,0.0,1.0
2,2054,0.43,0.0,0.0,0.0,0.0,0.0,1.0
2,2054,0.44,0.0,0.0,0.0,0.0,0.0,1.0
2,2054,0.45,0.0,0.0,0.0,0.0,0.0,1.0
2,2054,0.46,0.0,0.0,0.0,0.0,0.0,1.0
2,2054,0.47000000000000003,0.0,0.0,0.0,0.0,0.0,1.0
2,2054,0.48,0.0,0.0,0.0,0.0,0.0,1.0
2,2054,0.49,0.0,0.0,0.0,0.0,0.0,1.0
2,2054,0.5,0.0,0.0,0.0,0.0,0.0,1.0
2,2054,0.51,0.0,0.0,0.0,0.0,0.0,1.0
2,2054,0.52,0.0,0.0,0.0,0.0,0.0,1.0
2,2054,0.53,0.0,0.0,0.0,0.0,0.0,1.0
2,2054,0.54,0.0,0.0,0.0,0.0,0.0,1.0
2,2054,0.55,0.0,0.0,0.0,0.0,0.0,1.0
2,2054,0.56,0.0,0.0,0.0,0.0,0.0,1.0
2,2054,0.5700000000000001,0.0,0.0,0.0,0.0,0.0,1.0
2,2054,0.58,0.0,0.0,0.0,0.0,0.0,1.0
2,2054,0.59,0.0,0.0,0.0,0.0,0.0,1.0
2,2054,0.6,0.0,0.0,0.0,0.0,0.0,1.0
2,2054,0.61,0.0,0.0,0.0,0.0,0.0,1.0
2,2054,0.62,0.0,0.0,0.0,0.0,0.0,1.0
2,2054,0.63,0.0,0.0,0.0,0.0,0.0,1.0
2,2054,0.64,0.0,0.0,0.0,0.0,0.0,1.0
2,2054,0.65,0.0,0.0,0.0,0.0,0.0,1.0
2,2054,0.66,0.0,0.0,0.0,0.0,0.0,1.0
2,2054,0.67,0.0,0.0,0.0,0.0,0.0,1.0
2,2054,0.68,0.0,0.0,0.0,0.0,0.0,1.0
2,2054,0.6900000000000001,0.0,0.0,0.0,0.0,0.0,1.0
2,2054,0.7000000000000001,0.0,0.0,0.0,0.0,0.0,1.0
2,2054,0.71,0.0,0.0,0.0,0.0,0.0,1.0
2,2054,0.72,0.0,0.0,0.0,0.0,0.0,1.0
2,2054,0.73,0.0,0.0,0.0,0.0,0.0,1.0
2,2054,0.74,0.0,0.0,0.0,0.0,0.0,1.0
2,2054,0.75,0.0,0.0,0.0,0.0,0.0,1.0
2,2054,0.76,0.0,0.0,0.0,0.0,0.0,1.0
2,2054,0.77,0.0,0.0,0.0,0.0,0.0,1.0
2,2054,0.78,0.0,0.0,0.0,0.0,0.0,1.0
2,2054,0.79,0.0,0.0,0.0,0.0,0.0,1.0
2,2054,0.8,0.0,0.0,0.0,0.0,0.0,1.0
2,2054,0.81,0.0,0.0,0.0,0.0,0.0,1.0
2,2054,0.8200000000000001,0.0,0.0,0.0,0.0,0.0,1.0
2,2054,0.8300000000000001,0.0,0.0,0.0,0.0,0.0,1.0
2,2054,0.84,0.0,0.0,0.0,0.0,0.0,1.0
2,2054,0.85,0.0,0.0,0.0,0.0,0.0,1.0
2,2054,0.86,0.0,0.0,0.0,0.0,0.0,1.0
2,2054,0.87,0.0,0.0,0.0,0.0,0.0,1.0
2,2054,0.88,0.0,0.0,0.0,0.0,0.0,1.0
2,2054,0.89,0.0,0.0,0.0,0.0,0.0,1.0
2,2054,0.9,0.0,0.0,0.0,0.0,0.0,1.0
2,2054,0.91,0.0,0.0,0.0,0.0,0.0,1.0
2,2054,0.92,0.0,0.0,0.0,0.0,0.0,1.0
2,2054,0.93,0.0,0.0,0.0,0.0,0.0,1.0
2,2054,0.9400000000000001,0.0,0.0,0.0,0.0,0.0,1.0
2,2054,0.9500000000000001,0.0,0.0,0.0,0.0,0.0,1.0
2,2054,0.96,0.0,0.0,0.0,0.0,0.0,1.0
2,2054,0.97,0.0,0.0,0.0,0.0,0.0,1.0
2,2054,0.98,0.0,0.0,0.0,0.0,0.0,1.0
2,2054,0.99,0.0,0.0,0.0,0.0,0.0,1.0
2,2054,1.0,0.0,0.0,0.0,0.0,0.0,1.0
2,2055,0.01,0.24889545484665854,0.16601376959394923,0.1871716071499005,0.17079047827642074,0.020790590046191,0.20633810008688
2,2055,0.02,0.24889545484665854,0.16601376959394923,0.1871716071499005,0.17079047827642074,0.020790590046191,0.20633810008688
2,2055,0.03,0.24889545484665854,0.16601376959394923,0.1871716071499005,0.17079047827642074,0.020790590046191,0.20633810008688
2,2055,0.04,0.0,0.0,0.0,0.0,0.0,1.0
2,2055,0.05,0.0,0.0,0.0,0.0,0.0,1.0
2,2055,0.06,0.0,0.0,0.0,0.0,0.0,1.0
2,2055,0.07,0.0,0.0,0.0,0.0,0.0,1.0
2,2055,0.08,0.0,0.0,0.0,0.0,0.0,1.0
2,2055,0.09,0.0,0.0,0.0,0.0,0.0,1.0
2,2055,0.1,0.0,0.0,0.0,0.0,0.0,1.0
2,2055,0.11,0.0,0.0,0.0,0.0,0.0,1.0
2,2055,0.12,0.0,0.0,0.0,0.0,0.0,1.0
2,2055,0.13,0.0,0.0,0.0,0.0,0.0,1.0
2,2055,0.14,0.0,0.0,0.0,0.0,0.0,1.0
2,2055,0.15,0.0,0.0,0.0,0.0,0.0,1.0
2,2055,0.16,0.0,0.0,0.0,0.0,0.0,1.0
2,2055,0.17,0.0,0.0,0.0,0.0,0.0,1.0
2,2055,0.18,0.0,0.0,0.0,0.0,0.0,1.0
2,2055,0.19,0.0,0.0,0.0,0.0,0.0,1.0
2,2055,0.2,0.0,0.0,0.0,0.0,0.0,1.0
2,2055,0.21,0.0,0.0,0.0,0.0,0.0,1.0
2,2055,0.22,0.0,0.0,0.0,0.0,0.0,1.0
2,2055,0.23,0.0,0.0,0.0,0.0,0.0,1.0
2,2055,0.24,0.0,0.0,0.0,0.0,0.0,1.0
2,2055,0.25,0.0,0.0,0.0,0.0,0.0,1.0
2,2055,0.26,0.0,0.0,0.0,0.0,0.0,1.0
2,2055,0.27,0.0,0.0,0.0,0.0,0.0,1.0
2,2055,0.28,0.0,0.0,0.0,0.0,0.0,1.0
2,2055,0.29,0.0,0.0,0.0,0.0,0.0,1.0
2,2055,0.3,0.0,0.0,0.0,0.0,0.0,1.0
2,2055,0.31,0.0,0.0,0.0,0.0,0.0,1.0
2,2055,0.32,0.0,0.0,0.0,0.0,0.0,1.0
2,2055,0.33,0.0,0.0,0.0,0.0,0.0,1.0
2,2055,0.34,0.0,0.0,0.0,0.0,0.0,1.0
2,2055,0.35000000000000003,0.0,0.0,0.0,0.0,0.0,1.0
2,2055,0.36,0.0,0.0,0.0,0.0,0.0,1.0
2,2055,0.37,0.0,0.0,0.0,0.0,0.0,1.0
2,2055,0.38,0.0,0.0,0.0,0.0,0.0,1.0
2,2055,0.39,0.0,0.0,0.0,0.0,0.0,1.0
2,2055,0.4,0.0,0.0,0.0,0.0,0.0,1.0
2,2055,0.41000000000000003,0.0,0.0,0.0,0.0,0.0,1.0
2,2055,0.42,0.0,0.0,0.0,0.0,0.0,1.0
2,2055,0.43,0.0,0.0,0.0,0.0,0.0,1.0
2,2055,0.44,0.0,0.0,0.0,0.0,0.0,1.0
2,2055,0.45,0.0,0.0,0.0,0.0,0.0,1.0
2,2055,0.46,0.0,0.0,0.0,0.0,0.0,1.0
2,2055,0.47000000000000003,0.0,0.0,0.0,0.0,0.0,1.0
2,2055,0.48,0.0,0.0,0.0,0.0,0.0,1.0
2,2055,0.49,0.0,0.0,0.0,0.0,0.0,1.0
2,2055,0.5,0.0,0.0,0.0,0.0,0.0,1.0
2,2055,0.51,0.0,0.0,0.0,0.0,0.0,1.0
2,2055,0.52,0.0,0.0,0.0,0.0,0.0,1.0
2,2055,0.53,0.0,0.0,0.0,0.0,0.0,1.0
2,2055,0.54,0.0,0.0,0.0,0.0,0.0,1.0
2,2055,0.55,0.0,0.0,0.0,0.0,0.0,1.0
2,2055,0.56,0.0,0.0,0.0,0.0,0.0,1.0
2,2055,0.5700000000000001,0.0,0.0,0.0,0.0,0.0,1.0
2,2055,0.58,0.0,0.0,0.0,0.0,0.0,1.0
2,2055,0.59,0.0,0.0,0.0,0.0,0.0,1.0
2,2055,0.6,0.0,0.0,0.0,0.0,0.0,1.0
2,2055,0.61,0.0,0.0,0.0,0.0,0.0,1.0
2,2055,0.62,0.0,0.0,0.0,0.0,0.0,1.0
2,2055,0.63,0.0,0.0,0.0,0.0,0.0,1.0
2,2055,0.64,0.0,0.0,0.0,0.0,0.0,1.0
2,2055,0.65,0.0,0.0,0.0,0.0,0.0,1.0
2,2055,0.66,0.0,0.0,0.0,0.0,0.0,1.0
2,2055,0.67,0.0,0.0,0.0,0.0,0.0,1.0
2,2055,0.68,0.0,0.0,0.0,0.0,0.0,1.0
2,2055,0.6900000000000001,0.0,0.0,0.0,0.0,0.0,1.0
2,2055,0.7000000000000001,0.0,0.0,0.0,0.0,0.0,1.0
2,2055,0.71,0.0,0.0,0.0,0.0,0.0,1.0
2,2055,0.72,0.0,0.0,0.0,0.0,0.0,1.0
2,2055,0.73,0.0,0.0,0.0,0.0,0.0,1.0
2,2055,0.74,0.0,0.0,0.0,0.0,0.0,1.0
2,2055,0.75,0.0,0.0,0.0,0.0,0.0,1.0
2,2055,0.76,0.0,0.0,0.0,0.0,0.0,1.0
2,2055,0.77,0.0,0.0,0.0,0.0,0.0,1.0
2,2055,0.78,0.0,0.0,0.0,0.0,0.0,1.0
2,2055,0.79,0.0,0.0,0.0,0.0,0.0,1.0
2,2055,0.8,0.0,0.0,0.0,0.0,0.0,1.0
2,2055,0.81,0.0,0.0,0.0,0.0,0.0,1.0
2,2055,0.8200000000000001,0.0,0.0,0.0,0.0,0.0,1.0
2,2055,0.8300000000000001,0.0,0.0,0.0,0.0,0.0,1.0
2,2055,0.84,0.0,0.0,0.0,0.0,0.0,1.0
2,2055,0.85,0.0,0.0,0.0,0.0,0.0,1.0
2,2055,0.86,0.0,0.0,0.0,0.0,0.0,1.0
2,2055,0.87,0.0,0.0,0.0,0.0,0.0,1.0
2,2055,0.88,0.0,0.0,0.0,0.0,0.0,1.0
2,2055,0.89,0.0,0.0,0.0,0.0,0.0,1.0
2,2055,0.9,0.0,0.0,0.0,0.0,0.0,1.0
2,2055,0.91,0.0,0.0,0.0,0.0,0.0,1.0
2,2055,0.92,0.0,0.0,0.0,0.0,0.0,1.0
2,2055,0.93,0.0,0.0,0.0,0.0,0.0,1.0
2,2055,0.9400000000000001,0.0,0.0,0.0,0.0,0.0,1.0
2,2055,0.9500000000000001,0.0,0.0,0.0,0.0,0.0,1.0
2,2055,0.96,0.0,0.0,0.0,0.0,0.0,1.0
2,2055,0.97,0.0,0.0,0.0,0.0,0.0,1.0
2,2055,0.98,0.0,0.0,0.0,0.0,0.0,1.0
2,2055,0.99,0.0,0.0,0.0,0.0,0.0,1.0
2,2055,1.0,0.0,0.0,0.0,0.0,0.0,1.0
2,2056,0.01,0.11063293190612236,0.28674635063814385,0.24195783545935504,0.26271433595255644,0.08817234169894379,0.009776204344878671
2,2056,0.02,0.11063293190612236,0.28674635063814385,0.24195783545935504,0.26271433595255644,0.08817234169894379,0.009776204344878671
2,2056,0.03,0.11063293190612236,0.28674635063814385,0.24195783545935504,0.26271433595255644,0.08817234169894379,0.009776204344878671
2,2056,0.04,0.0,0.0,0.0,0.0,0.0,1.0
2,2056,0.05,0.0,0.0,0.0,0.0,0.0,1.0
2,2056,0.06,0.0,0.0,0.0,0.0,0.0,1.0
2,2056,0.07,0.0,0.0,0.0,0.0,0.0,1.0
2,2056,0.08,0.0,0.0,0.0,0.0,0.0,1.0
2,2056,0.09,0.0,0.0,0.0,0.0,0.0,1.0
2,2056,0.1,0.0,0.0,0.0,0.0,0.0,1.0
2,2056,0.11,0.0,0.0,0.0,0.0,0.0,1.0
2,2056,0.12,0.0,0.0,0.0,0.0,0.0,1.0
2,2056,0.13,0.0,0.0,0.0,0.0,0.0,1.0
2,2056,0.14,0.0,0.0,0.0,0.0,0.0,1.0
2,2056,0.15,0.0,0.0,0.0,0.0,0.0,1.0
2,2056,0.16,0.0,0.0,0.0,0.0,0.0,1.0
2,2056,0.17,0.0,0.0,0.0,0.0,0.0,1.0
2,2056,0.18,0.0,0.0,0.0,0.0,0.0,1.0
2,2056,0.19,0.0,0.0,0.0,0.0,0.0,1.0
2,2056,0.2,0.0,0.0,0.0,0.0,0.0,1.0
2,2056,0.21,0.0,0.0,0.0,0.0,0.0,1.0
2,2056,0.22,0.0,0.0,0.0,0.0,0.0,1.0
2,2056,0.23,0.0,0.0,0.0,0.0,0.0,1.0
2,2056,0.24,0.0,0.0,0.0,0.0,0.0,1.0
2,2056,0.25,0.0,0.0,0.0,0.0,0.0,1.0
2,2056,0.26,0.0,0.0,0.0,0.0,0.0,1.0
2,2056,0.27,0.0,0.0,0.0,0.0,0.0,1.0
2,2056,0.28,0.0,0.0,0.0,0.0,0.0,1.0
2,2056,0.29,0.0,0.0,0.0,0.0,0.0,1.0
2,2056,0.3,0.0,0.0,0.0,0.0,0.0,1.0
2,2056,0.31,0.0,0.0,0.0,0.0,0.0,1.0
2,2056,0.32,0.0,0.0,0.0,0.0,0.0,1.0
2,2056,0.33,0.0,0.0,0.0,0.0,0.0,1.0
2,2056,0.34,0.0,0.0,0.0,0.0,0.0,1.0
2,2056,0.35000000000000003,0.0,0.0,0.0,0.0,0.0,1.0
2,2056,0.36,0.0,0.0,0.0,0.0,0.0,1.0
2,2056,0.37,0.0,0.0,0.0,0.0,0.0,1.0
2,2056,0.38,0.0,0.0,0.0,0.0,0.0,1.0
2,2056,0.39,0.0,0.0,0.0,0.0,0.0,1.0
2,2056,0.4,0.0,0.0,0.0,0.0,0.0,1.0
2,2056,0.41000000000000003,0.0,0.0,0.0,0.0,0.0,1.0
2,2056,0.42,0.0,0.0,0.0,0.0,0.0,1.0
2,2056,0.43,0.0,0.0,0.0,0.0,0.0,1.0
2,2056,0.44,0.0,0.0,0.0,0.0,0.0,1.0
2,2056,0.45,0.0,0.0,0.0,0.0,0.0,1.0
2,2056,0.46,0.0,0.0,0.0,0.0,0.0,1.0
2,2056,0.47000000000000003,0.0,0.0,0.0,0.0,0.0,1.0
2,2056,0.48,0.0,0.0,0.0,0.0,0.0,1.0
2,2056,0.49,0.0,0.0,0.0,0.0,0.0,1.0
2,2056,0.5,0.0,0.0,0.0,0.0,0.0,1.0
2,2056,0.51,0.0,0.0,0.0,0.0,0.0,1.0
2,2056,0.52,0.0,0.0,0.0,0.0,0.0,1.0
2,2056,0.53,0.0,0.0,0.0,0.0,0.0,1.0
2,2056,0.54,0.0,0.0,0.0,0.0,0.0,1.0
2,2056,0.55,0.0,0.0,0.0,0.0,0.0,1.0
2,2056,0.56,0.0,0.0,0.0,0.0,0.0,1.0
2,2056,0.5700000000000001,0.0,0.0,0.0,0.0,0.0,1.0
2,2056,0.58,0.0,0.0,0.0,0.0,0.0,1.0
2,2056,0.59,0.0,0.0,0.0,0.0,0.0,1.0
2,2056,0.6,0.0,0.0,0.0,0.0,0.0,1.0
2,2056,0.61,0.0,0.0,0.0,0.0,0.0,1.0
2,2056,0.62,0.0,0.0,0.0,0.0,0.0,1.0
2,2056,0.63,0.0,0.0,0.0,0.0,0.0,1.0
2,2056,0.64,0.0,0.0,0.0,0.0,0.0,1.0
2,2056,0.65,0.0,0.0,0.0,0.0,0.0,1.0
2,2056,0.66,0.0,0.0,0.0,0.0,0.0,1.0
2,2056,0.67,0.0,0.0,0.0,0.0,0.0,1.0
2,2056,0.68,0.0,0.0,0.0,0.0,0.0,1.0
2,2056,0.6900000000000001,0.0,0.0,0.0,0.0,0.0,1.0
2,2056,0.7000000000000001,0.0,0.0,0.0,0.0,0.0,1.0
2,2056,0.71,0.0,0.0,0.0,0.0,0.0,1.0
2,2056,0.72,0.0,0.0,0.0,0.0,0.0,1.0
2,2056,0.73,0.0,0.0,0.0,0.0,0.0,1.0
2,2056,0.74,0.0,0.0,0.0,0.0,0.0,1.0
2,2056,0.75,0.0,0.0,0.0,0.0,0.0,1.0
2,2056,0.76,0.0,0.0,0.0,0.0,0.0,1.0
2,2056,0.77,0.0,0.0,0.0,0.0,0.0,1.0
2,2056,0.78,0.0,0.0,0.0,0.0,0.0,1.0
2,2056,0.79,0.0,0.0,0.0,0.0,0.0,1.0
2,2056,0.8,0.0,0.0,0.0,0.0,0.0,1.0
2,2056,0.81,0.0,0.0,0.0,0.0,0.0,1.0
2,2056,0.8200000000000001,0.0,0.0,0.0,0.0,0.0,1.0
2,2056,0.8300000000000001,0.0,0.0,0.0,0.0,0.0,1.0
2,2056,0.84,0.0,0.0,0.0,0.0,0.0,1.0
2,2056,0.85,0.0,0.0,0.0,0.0,0.0,1.0
2,2056,0.86,0.0,0.0,0.0,0.0,0.0,1.0
2,2056,0.87,0.0,0.0,0.0,0.0,0.0,1.0
2,2056,0.88,0.0,0.0,0.0,0.0,0.0,1.0
2,2056,0.89,0.0,0.0,0.0,0.0,0.0,1.0
2,2056,0.9,0.0,0.0,0.0,0.0,0.0,1.0
2,2056,0.91,0.0,0.0,0.0,0.0,0.0,1.0
2,2056,0.92,0.0,0.0,0.0,0.0,0.0,1.0
2,2056,0.93,0.0,0.0,0.0,0.0,0.0,1.0
2,2056,0.9400000000000001,0.0,0.0,0.0,0.0,0.0,1.0
2,2056,0.9500000000000001,0.0,0.0,0.0,0.0,0.0,1.0
2,2056,0.96,0.0,0.0,0.0,0.0,0.0,1.0
2,2056,0.97,0.0,0.0,0.0,0.0,0.0,1.0
2,2056,0.98,0.0,0.0,0.0,0.0,0.0,1.0
2,2056,0.99,0.0,0.0,0.0,0.0,0.0,1.0
2,2056,1.0,0.0,0.0,0.0,0.0,0.0,1.0
2,2057,0.01,0.3394060058617606,0.04265602659836766,0.28782661517739094,0.20672459818262118,0.04231189921382607,0.08107485496603345
2,2057,0.02,0.3394060058617606,0.04265602659836766,0.28782661517739094,0.20672459818262118,0.04231189921382607,0.08107485496603345
2,2057,0.03,0.3394060058617606,0.04265602659836766,0.28782661517739094,0.20672459818262118,0.04231189921382607,0.08107485496603345
2,2057,0.04,0.0,0.0,0.0,0.0,0.0,1.0
2,2057,0.05,0.0,0.0,0.0,0.0,0.0,1.0
2,2057,0.06,0.0,0.0,0.0,0.0,0.0,1.0
2,2057,0.07,0.0,0.0,0.0,0.0,0.0,1.0
2,2057,0.08,0.0,0.0,0.0,0.0,0.0,1.0
2,2057,0.09,0.0,0.0,0.0,0.0,0.0,1.0
2,2057,0.1,0.0,0.0,0.0,0.0,0.0,1.0
2,2057,0.11,0.0,0.0,0.0,0.0,0.0,1.0
2,2057,0.12,0.0,0.0,0.0,0.0,0.0,1.0
2,2057,0.13,0.0,0.0,0.0,0.0,0.0,1.0
2,2057,0.14,0.0,0.0,0.0,0.0,0.0,1.0
2,2057,0.15,0.0,0.0,0.0,0.0,0.0,1.0
2,2057,0.16,0.0,0.0,0.0,0.0,0.0,1.0
2,2057,0.17,0.0,0.0,0.0,0.0,0.0,1.0
2,2057,0.18,0.0,0.0,0.0,0.0,0.0,1.0
2,2057,0.19,0.0,0.0,0.0,0.0,0.0,1.0
2,2057,0.2,0.0,0.0,0.0,0.0,0.0,1.0
2,2057,0.21,0.0,0.0,0.0,0.0,0.0,1.0
2,2057,0.22,0.0,0.0,0.0,0.0,0.0,1.0
2,2057,0.23,0.0,0.0,0.0,0.0,0.0,1.0
2,2057,0.24,0.0,0.0,0.0,0.0,0.0,1.0
2,2057,0.25,0.0,0.0,0.0,0.0,0.0,1.0
2,2057,0.26,0.0,0.0,0.0,0.0,0.0,1.0
2,2057,0.27,0.0,0.0,0.0,0.0,0.0,1.0
2,2057,0.28,0.0,0.0,0.0,0.0,0.0,1.0
2,2057,0.29,0.0,0.0,0.0,0.0,0.0,1.0
2,2057,0.3,0.0,0.0,0.0,0.0,0.0,1.0
2,2057,0.31,0.0,0.0,0.0,0.0,0.0,1.0
2,2057,0.32,0.0,0.0,0.0,0.0,0.0,1.0
2,2057,0.33,0.0,0.0,0.0,0.0,0.0,1.0
2,2057,0.34,0.0,0.0,0.0,0.0,0.0,1.0
2,2057,0.35000000000000003,0.0,0.0,0.0,0.0,0.0,1.0
2,2057,0.36,0.0,0.0,0.0,0.0,0.0,1.0
2,2057,0.37,0.0,0.0,0.0,0.0,0.0,1.0
2,2057,0.38,0.0,0.0,0.0,0.0,0.0,1.0
2,2057,0.39,0.0,0.0,0.0,0.0,0.0,1.0
2,2057,0.4,0.0,0.0,0.0,0.0,0.0,1.0
2,2057,0.41000000000000003,0.0,0.0,0.0,0.0,0.0,1.0
2,2057,0.42,0.0,0.0,0.0,0.0,0.0,1.0
2,2057,0.43,0.0,0.0,0.0,0.0,0.0,1.0
2,2057,0.44,0.0,0.0,0.0,0.0,0.0,1.0
2,2057,0.45,0.0,0.0,0.0,0.0,0.0,1.0
2,2057,0.46,0.0,0.0,0.0,0.0,0.0,1.0
2,2057,0.47000000000000003,0.0,0.0,0.0,0.0,0.0,1.0
2,2057,0.48,0.0,0.0,0.0,0.0,0.0,1.0
2,2057,0.49,0.0,0.0,0.0,0.0,0.0,1.0
2,2057,0.5,0.0,0.0,0.0,0.0,0.0,1.0
2,2057,0.51,0.0,0.0,0.0,0.0,0.0,1.0
2,2057,0.52,0.0,0.0,0.0,0.0,0.0,1.0
2,2057,0.53,0.0,0.0,0.0,0.0,0.0,1.0
2,2057,0.54,0.0,0.0,0.0,0.0,0.0,1.0
2,2057,0.55,0.0,0.0,0.0,0.0,0.0,1.0
2,2057,0.56,0.0,0.0,0.0,0.0,0.0,1.0
2,2057,0.5700000000000001,0.0,0.0,0.0,0.0,0.0,1.0
2,2057,0.58,0.0,0.0,0.0,0.0,0.0,1.0
2,2057,0.59,0.0,0.0,0.0,0.0,0.0,1.0
2,2057,0.6,0.0,0.0,0.0,0.0,0.0,1.0
2,2057,0.61,0.0,0.0,0.0,0.0,0.0,1.0
2,2057,0.62,0.0,0.0,0.0,0.0,0.0,1.0
2,2057,0.63,0.0,0.0,0.0,0.0,0.0,1.0
2,2057,0.64,0.0,0.0,0.0,0.0,0.0,1.0
2,2057,0.65,0.0,0.0,0.0,0.0,0.0,1.0
2,2057,0.66,0.0,0.0,0.0,0.0,0.0,1.0
2,2057,0.67,0.0,0.0,0.0,0.0,0.0,1.0
2,2057,0.68,0.0,0.0,0.0,0.0,0.0,1.0
2,2057,0.6900000000000001,0.0,0.0,0.0,0.0,0.0,1.0
2,2057,0.7000000000000001,0.0,0.0,0.0,0.0,0.0,1.0
2,2057,0.71,0.0,0.0,0.0,0.0,0.0,1.0
2,2057,0.72,0.0,0.0,0.0,0.0,0.0,1.0
2,2057,0.73,0.0,0.0,0.0,0.0,0.0,1.0
2,2057,0.74,0.0,0.0,0.0,0.0,0.0,1.0
2,2057,0.75,0.0,0.0,0.0,0.0,0.0,1.0
2,2057,0.76,0.0,0.0,0.0,0.0,0.0,1.0
2,2057,0.77,0.0,0.0,0.0,0.0,0.0,1.0
2,2057,0.78,0.0,0.0,0.0,0.0,0.0,1.0
2,2057,0.79,0.0,0.0,0.0,0.0,0.0,1.0
2,2057,0.8,0.0,0.0,0.0,0.0,0.0,1.0
2,2057,0.81,0.0,0.0,0.0,0.0,0.0,1.0
2,2057,0.8200000000000001,0.0,0.0,0.0,0.0,0.0,1.0
2,2057,0.8300000000000001,0.0,0.0,0.0,0.0,0.0,1.0
2,2057,0.84,0.0,0.0,0.0,0.0,0.0,1.0
2,2057,0.85,0.0,0.0,0.0,0.0,0.0,1.0
2,2057,0.86,0.0,0.0,0.0,0.0,0.0,1.0
2,2057,0.87,0.0,0.0,0.0,0.0,0.0,1.0
2,2057,0.88,0.0,0.0,0.0,0.0,0.0,1.0
2,2057,0.89,0.0,0.0,0.0,0.0,0.0,1.0
2,2057,0.9,0.0,0.0,0.0,0.0,0.0,1.0
2,2057,0.91,0.0,0.0,0.0,0.0,0.0,1.0
2,2057,0.92,0.0,0.0,0.0,0.0,0.0,1.0
2,2057,0.93,0.0,0.0,0.0,0.0,0.0,1.0
2,2057,0.9400000000000001,0.0,0.0,0.0,0.0,0.0,1.0
2,2057,0.9500000000000001,0.0,0.0,0.0,0.0,0.0,1.0
2,2057,0.96,0.0,0.0,0.0,0.0,0.0,1.0
2,2057,0.97,0.0,0.0,0.0,0.0,0.0,1.0
2,2057,0.98,0.0,0.0,0.0,0.0,0.0,1.0
2,2057,0.99,0.0,0.0,0.0,0.0,0.0,1.0
2,2057,1.0,0.0,0.0,0.0,0.0,0.0,1.0
2,2058,0.01,0.21107899134989466,0.12874646766998532,0.1229476693014403,0.20934265346631842,0.11592549800022628,0.211958720212135
2,2058,0.02,0.21107899134989466,0.12874646766998532,0.1229476693014403,0.20934265346631842,0.11592549800022628,0.211958720212135
2,2058,0.03,0.0,0.0,0.0,0.0,0.0,1.0
2,2058,0.04,0.0,0.0,0.0,0.0,0.0,1.0
2,2058,0.05,0.0,0.0,0.0,0.0,0.0,1.0
2,2058,0.06,0.0,0.0,0.0,0.0,0.0,1.0
2,2058,0.07,0.0,0.0,0.0,0.0,0.0,1.0
2,2058,0.08,0.0,0.0,0.0,0.0,0.0,1.0
2,2058,0.09,0.0,0.0,0.0,0.0,0.0,1.0
2,2058,0.1,0.0,0.0,0.0,0.0,0.0,1.0
2,2058,0.11,0.0,0.0,0.0,0.0,0.0,1.0
2,2058,0.12,0.0,0.0,0.0,0.0,0.0,1.0
2,2058,0.13,0.0,0.0,0.0,0.0,0.0,1.0
2,2058,0.14,0.0,0.0,0.0,0.0,0.0,1.0
2,2058,0.15,0.0,0.0,0.0,0.0,0.0,1.0
2,2058,0.16,0.0,0.0,0.0,0.0,0.0,1.0
2,2058,0.17,0.0,0.0,0.0,0.0,0.0,1.0
2,2058,0.18,0.0,0.0,0.0,0.0,0.0,1.0
2,2058,0.19,0.0,0.0,0.0,0.0,0.0,1.0
2,2058,0.2,0.0,0.0,0.0,0.0,0.0,1.0
2,2058,0.21,0.0,0.0,0.0,0.0,0.0,1.0
2,2058,0.22,0.0,0.0,0.0,0.0,0.0,1.0
2,2058,0.23,0.0,0.0,0.0,0.0,0.0,1.0
2,2058,0.24,0.0,0.0,0.0,0.0,0.0,1.0
2,2058,0.25,0.0,0.0,0.0,0.0,0.0,1.0
2,2058,0.26,0.0,0.0,0.0,0.0,0.0,1.0
2,2058,0.27,0.0,0.0,0.0,0.0,0.0,1.0
2,2058,0.28,0.0,0.0,0.0,0.0,0.0,1.0
2,2058,0.29,0.0,0.0,0.0,0.0,0.0,1.0
2,2058,0.3,0.0,0.0,0.0,0.0,0.0,1.0
2,2058,0.31,0.0,0.0,0.0,0.0,0.0,1.0
2,2058,0.32,0.0,0.0,0.0,0.0,0.0,1.0
2,2058,0.33,0.0,0.0,0.0,0.0,0.0,1.0
2,2058,0.34,0.0,0.0,0.0,0.0,0.0,1.0
2,2058,0.35000000000000003,0.0,0.0,0.0,0.0,0.0,1.0
2,2058,0.36,0.0,0.0,0.0,0.0,0.0,1.0
2,2058,0.37,0.0,0.0,0.0,0.0,0.0,1.0
2,2058,0.38,0.0,0.0,0.0,0.0,0.0,1.0
2,2058,0.39,0.0,0.0,0.0,0.0,0.0,1.0
2,2058,0.4,0.0,0.0,0.0,0.0,0.0,1.0
2,2058,0.41000000000000003,0.0,0.0,0.0,0.0,0.0,1.0
2,2058,0.42,0.0,0.0,0.0,0.0,0.0,1.0
2,2058,0.43,0.0,0.0,0.0,0.0,0.0,1.0
2,2058,0.44,0.0,0.0,0.0,0.0,0.0,1.0
2,2058,0.45,0.0,0.0,0.0,0.0,0.0,1.0
2,2058,0.46,0.0,0.0,0.0,0.0,0.0,1.0
2,2058,0.47000000000000003,0.0,0.0,0.0,0.0,0.0,1.0
2,2058,0.48,0.0,0.0,0.0,0.0,0.0,1.0
2,2058,0.49,0.0,0.0,0.0,0.0,0.0,1.0
2,2058,0.5,0.0,0.0,0.0,0.0,0.0,1.0
2,2058,0.51,0.0,0.0,0.0,0.0,0.0,1.0
2,2058,0.52,0.0,0.0,0.0,0.0,0.0,1.0
2,2058,0.53,0.0,0.0,0.0,0.0,0.0,1.0
2,2058,0.54,0.0,0.0,0.0,0.0,0.0,1.0
2,2058,0.55,0.0,0.0,0.0,0.0,0.0,1.0
2,2058,0.56,0.0,0.0,0.0,0.0,0.0,1.0
2,2058,0.5700000000000001,0.0,0.0,0.0,0.0,0.0,1.0
2,2058,0.58,0.0,0.0,0.0,0.0,0.0,1.0
2,2058,0.59,0.0,0.0,0.0,0.0,0.0,1.0
2,2058,0.6,0.0,0.0,0.0,0.0,0.0,1.0
2,2058,0.61,0.0,0.0,0.0,0.0,0.0,1.0
2,2058,0.62,0.0,0.0,0.0,0.0,0.0,1.0
2,2058,0.63,0.0,0.0,0.0,0.0,0.0,1.0
2,2058,0.64,0.0,0.0,0.0,0.0,0.0,1.0
2,2058,0.65,0.0,0.0,0.0,0.0,0.0,1.0
2,2058,0.66,0.0,0.0,0.0,0.0,0.0,1.0
2,2058,0.67,0.0,0.0,0.0,0.0,0.0,1.0
2,2058,0.68,0.0,0.0,0.0,0.0,0.0,1.0
2,2058,0.6900000000000001,0.0,0.0,0.0,0.0,0.0,1.0
2,2058,0.7000000000000001,0.0,0.0,0.0,0.0,0.0,1.0
2,2058,0.71,0.0,0.0,0.0,0.0,0.0,1.0
2,2058,0.72,0.0,0.0,0.0,0.0,0.0,1.0
2,2058,0.73,0.0,0.0,0.0,0.0,0.0,1.0
2,2058,0.74,0.0,0.0,0.0,0.0,0.0,1.0
2,2058,0.75,0.0,0.0,0.0,0.0,0.0,1.0
2,2058,0.76,0.0,0.0,0.0,0.0,0.0,1.0
2,2058,0.77,0.0,0.0,0.0,0.0,0.0,1.0
2,2058,0.78,0.0,0.0,0.0,0.0,0.0,1.0
2,2058,0.79,0.0,0.0,0.0,0.0,0.0,1.0
2,2058,0.8,0.0,0.0,0.0,0.0,0.0,1.0
2,2058,0.81,0.0,0.0,0.0,0.0,0.0,1.0
2,2058,0.8200000000000001,0.0,0.0,0.0,0.0,0.0,1.0
2,2058,0.8300000000000001,0.0,0.0,0.0,0.0,0.0,1.0
2,2058,0.84,0.0,0.0,0.0,0.0,0.0,1.0
2,2058,0.85,0.0,0.0,0.0,0.0,0.0,1.0
2,2058,0.86,0.0,0.0,0.0,0.0,0.0,1.0
2,2058,0.87,0.0,0.0,0.0,0.0,0.0,1.0
2,2058,0.88,0.0,0.0,0.0,0.0,0.0,1.0
2,2058,0.89,0.0,0.0,0.0,0.0,0.0,1.0
2,2058,0.9,0.0,0.0,0.0,0.0,0.0,1.0
2,2058,0.91,0.0,0.0,0.0,0.0,0.0,1.0
2,2058,0.92,0.0,0.0,0.0,0.0,0.0,1.0
2,2058,0.93,0.0,0.0,0.0,0.0,0.0,1.0
2,2058,0.9400000000000001,0.0,0.0,0.0,0.0,0.0,1.0
2,2058,0.9500000000000001,0.0,0.0,0.0,0.0,0.0,1.0
2,2058,0.96,0.0,0.0,0.0,0.0,0.0,1.0
2,2058,0.97,0.0,0.0,0.0,0.0,0.0,1.0
2,2058,0.98,0.0,0.0,0.0,0.0,0.0,1.0
2,2058,0.99,0.0,0.0,0.0,0.0,0.0,1.0
2,2058,1.0,0.0,0.0,0.0,0.0,0.0,1.0
2,2059,0.01,0.0035812587392285576,0.20336748912063235,0.11181352733606395,0.0023649595767123886,0.2323291961501253,0.44654356907723747
2,2059,0.02,0.0035812587392285576,0.20336748912063235,0.11181352733606395,0.0023649595767123886,0.2323291961501253,0.44654356907723747
2,2059,0.03,0.0,0.0,0.0,0.0,0.0,1.0
2,2059,0.04,0.0,0.0,0.0,0.0,0.0,1.0
2,2059,0.05,0.0,0.0,0.0,0.0,0.0,1.0
2,2059,0.06,0.0,0.0,0.0,0.0,0.0,1.0
2,2059,0.07,0.0,0.0,0.0,0.0,0.0,1.0
2,2059,0.08,0.0,0.0,0.0,0.0,0.0,1.0
2,2059,0.09,0.0,0.0,0.0,0.0,0.0,1.0
2,2059,0.1,0.0,0.0,0.0,0.0,0.0,1.0
2,2059,0.11,0.0,0.0,0.0,0.0,0.0,1.0
2,2059,0.12,0.0,0.0,0.0,0.0,0.0,1.0
2,2059,0.13,0.0,0.0,0.0,0.0,0.0,1.0
2,2059,0.14,0.0,0.0,0.0,0.0,0.0,1.0
2,2059,0.15,0.0,0.0,0.0,0.0,0.0,1.0
2,2059,0.16,0.0,0.0,0.0,0.0,0.0,1.0
2,2059,0.17,0.0,0.0,0.0,0.0,0.0,1.0
2,2059,0.18,0.0,0.0,0.0,0.0,0.0,1.0
2,2059,0.19,0.0,0.0,0.0,0.0,0.0,1.0
2,2059,0.2,0.0,0.0,0.0,0.0,0.0,1.0
2,2059,0.21,0.0,0.0,0.0,0.0,0.0,1.0
2,2059,0.22,0.0,0.0,0.0,0.0,0.0,1.0
2,2059,0.23,0.0,0.0,0.0,0.0,0.0,1.0
2,2059,0.24,0.0,0.0,0.0,0.0,0.0,1.0
2,2059,0.25,0.0,0.0,0.0,0.0,0.0,1.0
2,2059,0.26,0.0,0.0,0.0,0.0,0.0,1.0
2,2059,0.27,0.0,0.0,0.0,0.0,0.0,1.0
2,2059,0.28,0.0,0.0,0.0,0.0,0.0,1.0
2,2059,0.29,0.0,0.0,0.0,0.0,0.0,1.0
2,2059,0.3,0.0,0.0,0.0,0.0,0.0,1.0
2,2059,0.31,0.0,0.0,0.0,0.0,0.0,1.0
2,2059,0.32,0.0,0.0,0.0,0.0,0.0,1.0
2,2059,0.33,0.0,0.0,0.0,0.0,0.0,1.0
2,2059,0.34,0.0,0.0,0.0,0.0,0.0,1.0
2,2059,0.35000000000000003,0.0,0.0,0.0,0.0,0.0,1.0
2,2059,0.36,0.0,0.0,0.0,0.0,0.0,1.0
2,2059,0.37,0.0,0.0,0.0,0.0,0.0,1.0
2,2059,0.38,0.0,0.0,0.0,0.0,0.0,1.0
2,2059,0.39,0.0,0.0,0.0,0.0,0.0,1.0
2,2059,0.4,0.0,0.0,0.0,0.0,0.0,1.0
2,2059,0.41000000000000003,0.0,0.0,0.0,0.0,0.0,1.0
2,2059,0.42,0.0,0.0,0.0,0.0,0.0,1.0
2,2059,0.43,0.0,0.0,0.0,0.0,0.0,1.0
2,2059,0.44,0.0,0.0,0.0,0.0,0.0,1.0
2,2059,0.45,0.0,0.0,0.0,0.0,0.0,1.0
2,2059,0.46,0.0,0.0,0.0,0.0,0.0,1.0
2,2059,0.47000000000000003,0.0,0.0,0.0,0.0,0.0,1.0
2,2059,0.48,0.0,0.0,0.0,0.0,0.0,1.0
2,2059,0.49,0.0,0.0,0.0,0.0,0.0,1.0
2,2059,0.5,0.0,0.0,0.0,0.0,0.0,1.0
2,2059,0.51,0.0,0.0,0.0,0.0,0.0,1.0
2,2059,0.52,0.0,0.0,0.0,0.0,0.0,1.0
2,2059,0.53,0.0,0.0,0.0,0.0,0.0,1.0
2,2059,0.54,0.0,0.0,0.0,0.0,0.0,1.0
2,2059,0.55,0.0,0.0,0.0,0.0,0.0,1.0
2,2059,0.56,0.0,0.0,0.0,0.0,0.0,1.0
2,2059,0.5700000000000001,0.0,0.0,0.0,0.0,0.0,1.0
2,2059,0.58,0.0,0.0,0.0,0.0,0.0,1.0
2,2059,0.59,0.0,0.0,0.0,0.0,0.0,1.0
2,2059,0.6,0.0,0.0,0.0,0.0,0.0,1.0
2,2059,0.61,0.0,0.0,0.0,0.0,0.0,1.0
2,2059,0.62,0.0,0.0,0.0,0.0,0.0,1.0
2,2059,0.63,0.0,0.0,0.0,0.0,0.0,1.0
2,2059,0.64,0.0,0.0,0.0,0.0,0.0,1.0
2,2059,0.65,0.0,0.0,0.0,0.0,0.0,1.0
2,2059,0.66,0.0,0.0,0.0,0.0,0.0,1.0
2,2059,0.67,0.0,0.0,0.0,0.0,0.0,1.0
2,2059,0.68,0.0,0.0,0.0,0.0,0.0,1.0
2,2059,0.6900000000000001,0.0,0.0,0.0,0.0,0.0,1.0
2,2059,0.7000000000000001,0.0,0.0,0.0,0.0,0.0,1.0
2,2059,0.71,0.0,0.0,0.0,0.0,0.0,1.0
2,2059,0.72,0.0,0.0,0.0,0.0,0.0,1.0
2,2059,0.73,0.0,0.0,0.0,0.0,0.0,1.0
2,2059,0.74,0.0,0.0,0.0,0.0,0.0,1.0
2,2059,0.75,0.0,0.0,0.0,0.0,0.0,1.0
2,2059,0.76,0.0,0.0,0.0,0.0,0.0,1.0
2,2059,0.77,0.0,0.0,0.0,0.0,0.0,1.0
2,2059,0.78,0.0,0.0,0.0,0.0,0.0,1.0
2,2059,0.79,0.0,0.0,0.0,0.0,0.0,1.0
2,2059,0.8,0.0,0.0,0.0,0.0,0.0,1.0
2,2059,0.81,0.0,0.0,0.0,0.0,0.0,1.0
2,2059,0.8200000000000001,0.0,0.0,0.0,0.0,0.0,1.0
2,2059,0.8300000000000001,0.0,0.0,0.0,0.0,0.0,1.0
2,2059,0.84,0.0,0.0,0.0,0.0,0.0,1.0
2,2059,0.85,0.0,0.0,0.0,0.0,0.0,1.0
2,2059,0.86,0.0,0.0,0.0,0.0,0.0,1.0
2,2059,0.87,0.0,0.0,0.0,0.0,0.0,1.0
2,2059,0.88,0.0,0.0,0.0,0.0,0.0,1.0
2,2059,0.89,0.0,0.0,0.0,0.0,0.0,1.0
2,2059,0.9,0.0,0.0,0.0,0.0,0.0,1.0
2,2059,0.91,0.0,0.0,0.0,0.0,0.0,1.0
2,2059,0.92,0.0,0.0,0.0,0.0,0.0,1.0
2,2059,0.93,0.0,0.0,0.0,0.0,0.0,1.0
2,2059,0.9400000000000001,0.0,0.0,0.0,0.0,0.0,1.0
2,2059,0.9500000000000001,0.0,0.0,0.0,0.0,0.0,1.0
2,2059,0.96,0.0,0.0,0.0,0.0,0.0,1.0
2,2059,0.97,0.0,0.0,0.0,0.0,0.0,1.0
2,2059,0.98,0.0,0.0,0.0,0.0,0.0,1.0
2,2059,0.99,0.0,0.0,0.0,0.0,0.0,1.0
2,2059,1.0,0.0,0.0,0.0,0.0,0.0,1.0
2,2060,0.01,0.016058600141560114,0.12737040273304973,0.31947026009502294,0.41735017651132067,0.07162677785008616,0.04812378266896033
2,2060,0.02,0.016058600141560114,0.12737040273304973,0.31947026009502294,0.41735017651132067,0.07162677785008616,0.04812378266896033
2,2060,0.03,0.016058600141560114,0.12737040273304973,0.31947026009502294,0.41735017651132067,0.07162677785008616,0.04812378266896033
2,2060,0.04,0.0,0.0,0.0,0.0,0.0,1.0
2,2060,0.05,0.0,0.0,0.0,0.0,0.0,1.0
2,2060,0.06,0.0,0.0,0.0,0.0,0.0,1.0
2,2060,0.07,0.0,0.0,0.0,0.0,0.0,1.0
2,2060,0.08,0.0,0.0,0.0,0.0,0.0,1.0
2,2060,0.09,0.0,0.0,0.0,0.0,0.0,1.0
2,2060,0.1,0.0,0.0,0.0,0.0,0.0,1.0
2,2060,0.11,0.0,0.0,0.0,0.0,0.0,1.0
2,2060,0.12,0.0,0.0,0.0,0.0,0.0,1.0
2,2060,0.13,0.0,0.0,0.0,0.0,0.0,1.0
2,2060,0.14,0.0,0.0,0.0,0.0,0.0,1.0
2,2060,0.15,0.0,0.0,0.0,0.0,0.0,1.0
2,2060,0.16,0.0,0.0,0.0,0.0,0.0,1.0
2,2060,0.17,0.0,0.0,0.0,0.0,0.0,1.0
2,2060,0.18,0.0,0.0,0.0,0.0,0.0,1.0
2,2060,0.19,0.0,0.0,0.0,0.0,0.0,1.0
2,2060,0.2,0.0,0.0,0.0,0.0,0.0,1.0
2,2060,0.21,0.0,0.0,0.0,0.0,0.0,1.0
2,2060,0.22,0.0,0.0,0.0,0.0,0.0,1.0
2,2060,0.23,0.0,0.0,0.0,0.0,0.0,1.0
2,2060,0.24,0.0,0.0,0.0,0.0,0.0,1.0
2,2060,0.25,0.0,0.0,0.0,0.0,0.0,1.0
2,2060,0.26,0.0,0.0,0.0,0.0,0.0,1.0
2,2060,0.27,0.0,0.0,0.0,0.0,0.0,1.0
2,2060,0.28,0.0,0.0,0.0,0.0,0.0,1.0
2,2060,0.29,0.0,0.0,0.0,0.0,0.0,1.0
2,2060,0.3,0.0,0.0,0.0,0.0,0.0,1.0
2,2060,0.31,0.0,0.0,0.0,0.0,0.0,1.0
2,2060,0.32,0.0,0.0,0.0,0.0,0.0,1.0
2,2060,0.33,0.0,0.0,0.0,0.0,0.0,1.0
2,2060,0.34,0.0,0.0,0.0,0.0,0.0,1.0
2,2060,0.35000000000000003,0.0,0.0,0.0,0.0,0.0,1.0
2,2060,0.36,0.0,0.0,0.0,0.0,0.0,1.0
2,2060,0.37,0.0,0.0,0.0,0.0,0.0,1.0
2,2060,0.38,0.0,0.0,0.0,0.0,0.0,1.0
2,2060,0.39,0.0,0.0,0.0,0.0,0.0,1.0
2,2060,0.4,0.0,0.0,0.0,0.0,0.0,1.0
2,2060,0.41000000000000003,0.0,0.0,0.0,0.0,0.0,1.0
2,2060,0.42,0.0,0.0,0.0,0.0,0.0,1.0
2,2060,0.43,0.0,0.0,0.0,0.0,0.0,1.0
2,2060,0.44,0.0,0.0,0.0,0.0,0.0,1.0
2,2060,0.45,0.0,0.0,0.0,0.0,0.0,1.0
2,2060,0.46,0.0,0.0,0.0,0.0,0.0,1.0
2,2060,0.47000000000000003,0.0,0.0,0.0,0.0,0.0,1.0
2,2060,0.48,0.0,0.0,0.0,0.0,0.0,1.0
2,2060,0.49,0.0,0.0,0.0,0.0,0.0,1.0
2,2060,0.5,0.0,0.0,0.0,0.0,0.0,1.0
2,2060,0.51,0.0,0.0,0.0,0.0,0.0,1.0
2,2060,0.52,0.0,0.0,0.0,0.0,0.0,1.0
2,2060,0.53,0.0,0.0,0.0,0.0,0.0,1.0
2,2060,0.54,0.0,0.0,0.0,0.0,0.0,1.0
2,2060,0.55,0.0,0.0,0.0,0.0,0.0,1.0
2,2060,0.56,0.0,0.0,0.0,0.0,0.0,1.0
2,2060,0.5700000000000001,0.0,0.0,0.0,0.0,0.0,1.0
2,2060,0.58,0.0,0.0,0.0,0.0,0.0,1.0
2,2060,0.59,0.0,0.0,0.0,0.0,0.0,1.0
2,2060,0.6,0.0,0.0,0.0,0.0,0.0,1.0
2,2060,0.61,0.0,0.0,0.0,0.0,0.0,1.0
2,2060,0.62,0.0,0.0,0.0,0.0,0.0,1.0
2,2060,0.63,0.0,0.0,0.0,0.0,0.0,1.0
2,2060,0.64,0.0,0.0,0.0,0.0,0.0,1.0
2,2060,0.65,0.0,0.0,0.0,0.0,0.0,1.0
2,2060,0.66,0.0,0.0,0.0,0.0,0.0,1.0
2,2060,0.67,0.0,0.0,0.0,0.0,0.0,1.0
2,2060,0.68,0.0,0.0,0.0,0.0,0.0,1.0
2,2060,0.6900000000000001,0.0,0.0,0.0,0.0,0.0,1.0
2,2060,0.7000000000000001,0.0,0.0,0.0,0.0,0.0,1.0
2,2060,0.71,0.0,0.0,0.0,0.0,0.0,1.0
2,2060,0.72,0.0,0.0,0.0,0.0,0.0,1.0
2,2060,0.73,0.0,0.0,0.0,0.0,0.0,1.0
2,2060,0.74,0.0,0.0,0.0,0.0,0.0,1.0
2,2060,0.75,0.0,0.0,0.0,0.0,0.0,1.0
2,2060,0.76,0.0,0.0,0.0,0.0,0.0,1.0
2,2060,0.77,0.0,0.0,0.0,0.0,0.0,1.0
2,2060,0.78,0.0,0.0,0.0,0.0,0.0,1.0
2,2060,0.79,0.0,0.0,0.0,0.0,0.0,1.0
2,2060,0.8,0.0,0.0,0.0,0.0,0.0,1.0
2,2060,0.81,0.0,0.0,0.0,0.0,0.0,1.0
2,2060,0.8200000000000001,0.0,0.0,0.0,0.0,0.0,1.0
2,2060,0.8300000000000001,0.0,0.0,0.0,0.0,0.0,1.0
2,2060,0.84,0.0,0.0,0.0,0.0,0.0,1.0
2,2060,0.85,0.0,0.0,0.0,0.0,0.0,1.0
2,2060,0.86,0.0,0.0,0.0,0.0,0.0,1.0
2,2060,0.87,0.0,0.0,0.0,0.0,0.0,1.0
2,2060,0.88,0.0,0.0,0.0,0.0,0.0,1.0
2,2060,0.89,0.0,0.0,0.0,0.0,0.0,1.0
2,2060,0.9,0.0,0.0,0.0,0.0,0.0,1.0
2,2060,0.91,0.0,0.0,0.0,0.0,0.0,1.0
2,2060,0.92,0.0,0.0,0.0,0.0,0.0,1.0
2,2060,0.93,0.0,0.0,0.0,0.0,0.0,1.0
2,2060,0.9400000000000001,0.0,0.0,0.0,0.0,0.0,1.0
2,2060,0.9500000000000001,0.0,0.0,0.0,0.0,0.0,1.0
2,2060,0.96,0.0,0.0,0.0,0.0,0.0,1.0
2,2060,0.97,0.0,0.0,0.0,0.0,0.0,1.0
2,2060,0.98,0.0,0.0,0.0,0.0,0.0,1.0
2,2060,0.99,0.0,0.0,0.0,0.0,0.0,1.0
2,2060,1.0,0.0,0.0,0.0,0.0,0.0,1.0
2,2061,0.01,0.20293254405776737,0.26898011934156746,0.31699530518673924,0.03268162322536267,0.03772760233920154,0.14068280584936166
2,2061,0.02,0.20293254405776737,0.26898011934156746,0.31699530518673924,0.03268162322536267,0.03772760233920154,0.14068280584936166
2,2061,0.03,0.0,0.0,0.0,0.0,0.0,1.0
2,2061,0.04,0.0,0.0,0.0,0.0,0.0,1.0
2,2061,0.05,0.0,0.0,0.0,0.0,0.0,1.0
2,2061,0.06,0.0,0.0,0.0,0.0,0.0,1.0
2,2061,0.07,0.0,0.0,0.0,0.0,0.0,1.0
2,2061,0.08,0.0,0.0,0.0,0.0,0.0,1.0
2,2061,0.09,0.0,0.0,0.0,0.0,0.0,1.0
2,2061,0.1,0.0,0.0,0.0,0.0,0.0,1.0
2,2061,0.11,0.0,0.0,0.0,0.0,0.0,1.0
2,2061,0.12,0.0,0.0,0.0,0.0,0.0,1.0
2,2061,0.13,0.0,0.0,0.0,0.0,0.0,1.0
2,2061,0.14,0.0,0.0,0.0,0.0,0.0,1.0
2,2061,0.15,0.0,0.0,0.0,0.0,0.0,1.0
2,2061,0.16,0.0,0.0,0.0,0.0,0.0,1.0
2,2061,0.17,0.0,0.0,0.0,0.0,0.0,1.0
2,2061,0.18,0.0,0.0,0.0,0.0,0.0,1.0
2,2061,0.19,0.0,0.0,0.0,0.0,0.0,1.0
2,2061,0.2,0.0,0.0,0.0,0.0,0.0,1.0
2,2061,0.21,0.0,0.0,0.0,0.0,0.0,1.0
2,2061,0.22,0.0,0.0,0.0,0.0,0.0,1.0
2,2061,0.23,0.0,0.0,0.0,0.0,0.0,1.0
2,2061,0.24,0.0,0.0,0.0,0.0,0.0,1.0
2,2061,0.25,0.0,0.0,0.0,0.0,0.0,1.0
2,2061,0.26,0.0,0.0,0.0,0.0,0.0,1.0
2,2061,0.27,0.0,0.0,0.0,0.0,0.0,1.0
2,2061,0.28,0.0,0.0,0.0,0.0,0.0,1.0
2,2061,0.29,0.0,0.0,0.0,0.0,0.0,1.0
2,2061,0.3,0.0,0.0,0.0,0.0,0.0,1.0
2,2061,0.31,0.0,0.0,0.0,0.0,0.0,1.0
2,2061,0.32,0.0,0.0,0.0,0.0,0.0,1.0
2,2061,0.33,0.0,0.0,0.0,0.0,0.0,1.0
2,2061,0.34,0.0,0.0,0.0,0.0,0.0,1.0
2,2061,0.35000000000000003,0.0,0.0,0.0,0.0,0.0,1.0
2,2061,0.36,0.0,0.0,0.0,0.0,0.0,1.0
2,2061,0.37,0.0,0.0,0.0,0.0,0.0,1.0
2,2061,0.38,0.0,0.0,0.0,0.0,0.0,1.0
2,2061,0.39,0.0,0.0,0.0,0.0,0.0,1.0
2,2061,0.4,0.0,0.0,0.0,0.0,0.0,1.0
2,2061,0.41000000000000003,0.0,0.0,0.0,0.0,0.0,1.0
2,2061,0.42,0.0,0.0,0.0,0.0,0.0,1.0
2,2061,0.43,0.0,0.0,0.0,0.0,0.0,1.0
2,2061,0.44,0.0,0.0,0.0,0.0,0.0,1.0
2,2061,0.45,0.0,0.0,0.0,0.0,0.0,1.0
2,2061,0.46,0.0,0.0,0.0,0.0,0.0,1.0
2,2061,0.47000000000000003,0.0,0.0,0.0,0.0,0.0,1.0
2,2061,0.48,0.0,0.0,0.0,0.0,0.0,1.0
2,2061,0.49,0.0,0.0,0.0,0.0,0.0,1.0
2,2061,0.5,0.0,0.0,0.0,0.0,0.0,1.0
2,2061,0.51,0.0,0.0,0.0,0.0,0.0,1.0
2,2061,0.52,0.0,0.0,0.0,0.0,0.0,1.0
2,2061,0.53,0.0,0.0,0.0,0.0,0.0,1.0
2,2061,0.54,0.0,0.0,0.0,0.0,0.0,1.0
2,2061,0.55,0.0,0.0,0.0,0.0,0.0,1.0
2,2061,0.56,0.0,0.0,0.0,0.0,0.0,1.0
2,2061,0.5700000000000001,0.0,0.0,0.0,0.0,0.0,1.0
2,2061,0.58,0.0,0.0,0.0,0.0,0.0,1.0
2,2061,0.59,0.0,0.0,0.0,0.0,0.0,1.0
2,2061,0.6,0.0,0.0,0.0,0.0,0.0,1.0
2,2061,0.61,0.0,0.0,0.0,0.0,0.0,1.0
2,2061,0.62,0.0,0.0,0.0,0.0,0.0,1.0
2,2061,0.63,0.0,0.0,0.0,0.0,0.0,1.0
2,2061,0.64,0.0,0.0,0.0,0.0,0.0,1.0
2,2061,0.65,0.0,0.0,0.0,0.0,0.0,1.0
2,2061,0.66,0.0,0.0,0.0,0.0,0.0,1.0
2,2061,0.67,0.0,0.0,0.0,0.0,0.0,1.0
2,2061,0.68,0.0,0.0,0.0,0.0,0.0,1.0
2,2061,0.6900000000000001,0.0,0.0,0.0,0.0,0.0,1.0
2,2061,0.7000000000000001,0.0,0.0,0.0,0.0,0.0,1.0
2,2061,0.71,0.0,0.0,0.0,0.0,0.0,1.0
2,2061,0.72,0.0,0.0,0.0,0.0,0.0,1.0
2,2061,0.73,0.0,0.0,0.0,0.0,0.0,1.0
2,2061,0.74,0.0,0.0,0.0,0.0,0.0,1.0
2,2061,0.75,0.0,0.0,0.0,0.0,0.0,1.0
2,2061,0.76,0.0,0.0,0.0,0.0,0.0,1.0
2,2061,0.77,0.0,0.0,0.0,0.0,0.0,1.0
2,2061,0.78,0.0,0.0,0.0,0.0,0.0,1.0
2,2061,0.79,0.0,0.0,0.0,0.0,0.0,1.0
2,2061,0.8,0.0,0.0,0.0,0.0,0.0,1.0
2,2061,0.81,0.0,0.0,0.0,0.0,0.0,1.0
2,2061,0.8200000000000001,0.0,0.0,0.0,0.0,0.0,1.0
2,2061,0.8300000000000001,0.0,0.0,0.0,0.0,0.0,1.0
2,2061,0.84,0.0,0.0,0.0,0.0,0.0,1.0
2,2061,0.85,0.0,0.0,0.0,0.0,0.0,1.0
2,2061,0.86,0.0,0.0,0.0,0.0,0.0,1.0
2,2061,0.87,0.0,0.0,0.0,0.0,0.0,1.0
2,2061,0.88,0.0,0.0,0.0,0.0,0.0,1.0
2,2061,0.89,0.0,0.0,0.0,0.0,0.0,1.0
2,2061,0.9,0.0,0.0,0.0,0.0,0.0,1.0
2,2061,0.91,0.0,0.0,0.0,0.0,0.0,1.0
2,2061,0.92,0.0,0.0,0.0,0.0,0.0,1.0
2,2061,0.93,0.0,0.0,0.0,0.0,0.0,1.0
2,2061,0.9400000000000001,0.0,0.0,0.0,0.0,0.0,1.0
2,2061,0.9500000000000001,0.0,0.0,0.0,0.0,0.0,1.0
2,2061,0.96,0.0,0.0,0.0,0.0,0.0,1.0
2,2061,0.97,0.0,0.0,0.0,0.0,0.0,1.0
2,2061,0.98,0.0,0.0,0.0,0.0,0.0,1.0
2,2061,0.99,0.0,0.0,0.0,0.0,0.0,1.0
2,2061,1.0,0.0,0.0,0.0,0.0,0.0,1.0
2,2062,0.01,0.16290012261113684,0.13825489562786597,0.0347934431635181,0.13415908849682337,0.3635435090787424,0.16634894102191328
2,2062,0.02,0.16290012261113684,0.13825489562786597,0.0347934431635181,0.13415908849682337,0.3635435090787424,0.16634894102191328
2,2062,0.03,0.0,0.0,0.0,0.0,0.0,1.0
2,2062,0.04,0.0,0.0,0.0,0.0,0.0,1.0
2,2062,0.05,0.0,0.0,0.0,0.0,0.0,1.0
2,2062,0.06,0.0,0.0,0.0,0.0,0.0,1.0
2,2062,0.07,0.0,0.0,0.0,0.0,0.0,1.0
2,2062,0.08,0.0,0.0,0.0,0.0,0.0,1.0
2,2062,0.09,0.0,0.0,0.0,0.0,0.0,1.0
2,2062,0.1,0.0,0.0,0.0,0.0,0.0,1.0
2,2062,0.11,0.0,0.0,0.0,0.0,0.0,1.0
2,2062,0.12,0.0,0.0,0.0,0.0,0.0,1.0
2,2062,0.13,0.0,0.0,0.0,0.0,0.0,1.0
2,2062,0.14,0.0,0.0,0.0,0.0,0.0,1.0
2,2062,0.15,0.0,0.0,0.0,0.0,0.0,1.0
2,2062,0.16,0.0,0.0,0.0,0.0,0.0,1.0
2,2062,0.17,0.0,0.0,0.0,0.0,0.0,1.0
2,2062,0.18,0.0,0.0,0.0,0.0,0.0,1.0
2,2062,0.19,0.0,0.0,0.0,0.0,0.0,1.0
2,2062,0.2,0.0,0.0,0.0,0.0,0.0,1.0
2,2062,0.21,0.0,0.0,0.0,0.0,0.0,1.0
2,2062,0.22,0.0,0.0,0.0,0.0,0.0,1.0
2,2062,0.23,0.0,0.0,0.0,0.0,0.0,1.0
2,2062,0.24,0.0,0.0,0.0,0.0,0.0,1.0
2,2062,0.25,0.0,0.0,0.0,0.0,0.0,1.0
2,2062,0.26,0.0,0.0,0.0,0.0,0.0,1.0
2,2062,0.27,0.0,0.0,0.0,0.0,0.0,1.0
2,2062,0.28,0.0,0.0,0.0,0.0,0.0,1.0
2,2062,0.29,0.0,0.0,0.0,0.0,0.0,1.0
2,2062,0.3,0.0,0.0,0.0,0.0,0.0,1.0
2,2062,0.31,0.0,0.0,0.0,0.0,0.0,1.0
2,2062,0.32,0.0,0.0,0.0,0.0,0.0,1.0
2,2062,0.33,0.0,0.0,0.0,0.0,0.0,1.0
2,2062,0.34,0.0,0.0,0.0,0.0,0.0,1.0
2,2062,0.35000000000000003,0.0,0.0,0.0,0.0,0.0,1.0
2,2062,0.36,0.0,0.0,0.0,0.0,0.0,1.0
2,2062,0.37,0.0,0.0,0.0,0.0,0.0,1.0
2,2062,0.38,0.0,0.0,0.0,0.0,0.0,1.0
2,2062,0.39,0.0,0.0,0.0,0.0,0.0,1.0
2,2062,0.4,0.0,0.0,0.0,0.0,0.0,1.0
2,2062,0.41000000000000003,0.0,0.0,0.0,0.0,0.0,1.0
2,2062,0.42,0.0,0.0,0.0,0.0,0.0,1.0
2,2062,0.43,0.0,0.0,0.0,0.0,0.0,1.0
2,2062,0.44,0.0,0.0,0.0,0.0,0.0,1.0
2,2062,0.45,0.0,0.0,0.0,0.0,0.0,1.0
2,2062,0.46,0.0,0.0,0.0,0.0,0.0,1.0
2,2062,0.47000000000000003,0.0,0.0,0.0,0.0,0.0,1.0
2,2062,0.48,0.0,0.0,0.0,0.0,0.0,1.0
2,2062,0.49,0.0,0.0,0.0,0.0,0.0,1.0
2,2062,0.5,0.0,0.0,0.0,0.0,0.0,1.0
2,2062,0.51,0.0,0.0,0.0,0.0,0.0,1.0
2,2062,0.52,0.0,0.0,0.0,0.0,0.0,1.0
2,2062,0.53,0.0,0.0,0.0,0.0,0.0,1.0
2,2062,0.54,0.0,0.0,0.0,0.0,0.0,1.0
2,2062,0.55,0.0,0.0,0.0,0.0,0.0,1.0
2,2062,0.56,0.0,0.0,0.0,0.0,0.0,1.0
2,2062,0.5700000000000001,0.0,0.0,0.0,0.0,0.0,1.0
2,2062,0.58,0.0,0.0,0.0,0.0,0.0,1.0
2,2062,0.59,0.0,0.0,0.0,0.0,0.0,1.0
2,2062,0.6,0.0,0.0,0.0,0.0,0.0,1.0
2,2062,0.61,0.0,0.0,0.0,0.0,0.0,1.0
2,2062,0.62,0.0,0.0,0.0,0.0,0.0,1.0
2,2062,0.63,0.0,0.0,0.0,0.0,0.0,1.0
2,2062,0.64,0.0,0.0,0.0,0.0,0.0,1.0
2,2062,0.65,0.0,0.0,0.0,0.0,0.0,1.0
2,2062,0.66,0.0,0.0,0.0,0.0,0.0,1.0
2,2062,0.67,0.0,0.0,0.0,0.0,0.0,1.0
2,2062,0.68,0.0,0.0,0.0,0.0,0.0,1.0
2,2062,0.6900000000000001,0.0,0.0,0.0,0.0,0.0,1.0
2,2062,0.7000000000000001,0.0,0.0,0.0,0.0,0.0,1.0
2,2062,0.71,0.0,0.0,0.0,0.0,0.0,1.0
2,2062,0.72,0.0,0.0,0.0,0.0,0.0,1.0
2,2062,0.73,0.0,0.0,0.0,0.0,0.0,1.0
2,2062,0.74,0.0,0.0,0.0,0.0,0.0,1.0
2,2062,0.75,0.0,0.0,0.0,0.0,0.0,1.0
2,2062,0.76,0.0,0.0,0.0,0.0,0.0,1.0
2,2062,0.77,0.0,0.0,0.0,0.0,0.0,1.0
2,2062,0.78,0.0,0.0,0.0,0.0,0.0,1.0
2,2062,0.79,0.0,0.0,0.0,0.0,0.0,1.0
2,2062,0.8,0.0,0.0,0.0,0.0,0.0,1.0
2,2062,0.81,0.0,0.0,0.0,0.0,0.0,1.0
2,2062,0.8200000000000001,0.0,0.0,0.0,0.0,0.0,1.0
2,2062,0.8300000000000001,0.0,0.0,0.0,0.0,0.0,1.0
2,2062,0.84,0.0,0.0,0.0,0.0,0.0,1.0
2,2062,0.85,0.0,0.0,0.0,0.0,0.0,1.0
2,2062,0.86,0.0,0.0,0.0,0.0,0.0,1.0
2,2062,0.87,0.0,0.0,0.0,0.0,0.0,1.0
2,2062,0.88,0.0,0.0,0.0,0.0,0.0,1.0
2,2062,0.89,0.0,0.0,0.0,0.0,0.0,1.0
2,2062,0.9,0.0,0.0,0.0,0.0,0.0,1.0
2,2062,0.91,0.0,0.0,0.0,0.0,0.0,1.0
2,2062,0.92,0.0,0.0,0.0,0.0,0.0,1.0
2,2062,0.93,0.0,0.0,0.0,0.0,0.0,1.0
2,2062,0.9400000000000001,0.0,0.0,0.0,0.0,0.0,1.0
2,2062,0.9500000000000001,0.0,0.0,0.0,0.0,0.0,1.0
2,2062,0.96,0.0,0.0,0.0,0.0,0.0,1.0
2,2062,0.97,0.0,0.0,0.0,0.0,0.0,1.0
2,2062,0.98,0.0,0.0,0.0,0.0,0.0,1.0
2,2062,0.99,0.0,0.0,0.0,0.0,0.0,1.0
2,2062,1.0,0.0,0.0,0.0,0.0,0.0,1.0
2,2063,0.01,0.021299833561130636,0.18130748941242902,0.24111513155995237,0.1948661735622595,0.13257738355375023,0.22883398835047827
2,2063,0.02,0.021299833561130636,0.18130748941242902,0.24111513155995237,0.1948661735622595,0.13257738355375023,0.22883398835047827
2,2063,0.03,0.0,0.0,0.0,0.0,0.0,1.0
2,2063,0.04,0.0,0.0,0.0,0.0,0.0,1.0
2,2063,0.05,0.0,0.0,0.0,0.0,0.0,1.0
2,2063,0.06,0.0,0.0,0.0,0.0,0.0,1.0
2,2063,0.07,0.0,0.0,0.0,0.0,0.0,1.0
2,2063,0.08,0.0,0.0,0.0,0.0,0.0,1.0
2,2063,0.09,0.0,0.0,0.0,0.0,0.0,1.0
2,2063,0.1,0.0,0.0,0.0,0.0,0.0,1.0
2,2063,0.11,0.0,0.0,0.0,0.0,0.0,1.0
2,2063,0.12,0.0,0.0,0.0,0.0,0.0,1.0
2,2063,0.13,0.0,0.0,0.0,0.0,0.0,1.0
2,2063,0.14,0.0,0.0,0.0,0.0,0.0,1.0
2,2063,0.15,0.0,0.0,0.0,0.0,0.0,1.0
2,2063,0.16,0.0,0.0,0.0,0.0,0.0,1.0
2,2063,0.17,0.0,0.0,0.0,0.0,0.0,1.0
2,2063,0.18,0.0,0.0,0.0,0.0,0.0,1.0
2,2063,0.19,0.0,0.0,0.0,0.0,0.0,1.0
2,2063,0.2,0.0,0.0,0.0,0.0,0.0,1.0
2,2063,0.21,0.0,0.0,0.0,0.0,0.0,1.0
2,2063,0.22,0.0,0.0,0.0,0.0,0.0,1.0
2,2063,0.23,0.0,0.0,0.0,0.0,0.0,1.0
2,2063,0.24,0.0,0.0,0.0,0.0,0.0,1.0
2,2063,0.25,0.0,0.0,0.0,0.0,0.0,1.0
2,2063,0.26,0.0,0.0,0.0,0.0,0.0,1.0
2,2063,0.27,0.0,0.0,0.0,0.0,0.0,1.0
2,2063,0.28,0.0,0.0,0.0,0.0,0.0,1.0
2,2063,0.29,0.0,0.0,0.0,0.0,0.0,1.0
2,2063,0.3,0.0,0.0,0.0,0.0,0.0,1.0
2,2063,0.31,0.0,0.0,0.0,0.0,0.0,1.0
2,2063,0.32,0.0,0.0,0.0,0.0,0.0,1.0
2,2063,0.33,0.0,0.0,0.0,0.0,0.0,1.0
2,2063,0.34,0.0,0.0,0.0,0.0,0.0,1.0
2,2063,0.35000000000000003,0.0,0.0,0.0,0.0,0.0,1.0
2,2063,0.36,0.0,0.0,0.0,0.0,0.0,1.0
2,2063,0.37,0.0,0.0,0.0,0.0,0.0,1.0
2,2063,0.38,0.0,0.0,0.0,0.0,0.0,1.0
2,2063,0.39,0.0,0.0,0.0,0.0,0.0,1.0
2,2063,0.4,0.0,0.0,0.0,0.0,0.0,1.0
2,2063,0.41000000000000003,0.0,0.0,0.0,0.0,0.0,1.0
2,2063,0.42,0.0,0.0,0.0,0.0,0.0,1.0
2,2063,0.43,0.0,0.0,0.0,0.0,0.0,1.0
2,2063,0.44,0.0,0.0,0.0,0.0,0.0,1.0
2,2063,0.45,0.0,0.0,0.0,0.0,0.0,1.0
2,2063,0.46,0.0,0.0,0.0,0.0,0.0,1.0
2,2063,0.47000000000000003,0.0,0.0,0.0,0.0,0.0,1.0
2,2063,0.48,0.0,0.0,0.0,0.0,0.0,1.0
2,2063,0.49,0.0,0.0,0.0,0.0,0.0,1.0
2,2063,0.5,0.0,0.0,0.0,0.0,0.0,1.0
2,2063,0.51,0.0,0.0,0.0,0.0,0.0,1.0
2,2063,0.52,0.0,0.0,0.0,0.0,0.0,1.0
2,2063,0.53,0.0,0.0,0.0,0.0,0.0,1.0
2,2063,0.54,0.0,0.0,0.0,0.0,0.0,1.0
2,2063,0.55,0.0,0.0,0.0,0.0,0.0,1.0
2,2063,0.56,0.0,0.0,0.0,0.0,0.0,1.0
2,2063,0.5700000000000001,0.0,0.0,0.0,0.0,0.0,1.0
2,2063,0.58,0.0,0.0,0.0,0.0,0.0,1.0
2,2063,0.59,0.0,0.0,0.0,0.0,0.0,1.0
2,2063,0.6,0.0,0.0,0.0,0.0,0.0,1.0
2,2063,0.61,0.0,0.0,0.0,0.0,0.0,1.0
2,2063,0.62,0.0,0.0,0.0,0.0,0.0,1.0
2,2063,0.63,0.0,0.0,0.0,0.0,0.0,1.0
2,2063,0.64,0.0,0.0,0.0,0.0,0.0,1.0
2,2063,0.65,0.0,0.0,0.0,0.0,0.0,1.0
2,2063,0.66,0.0,0.0,0.0,0.0,0.0,1.0
2,2063,0.67,0.0,0.0,0.0,0.0,0.0,1.0
2,2063,0.68,0.0,0.0,0.0,0.0,0.0,1.0
2,2063,0.6900000000000001,0.0,0.0,0.0,0.0,0.0,1.0
2,2063,0.7000000000000001,0.0,0.0,0.0,0.0,0.0,1.0
2,2063,0.71,0.0,0.0,0.0,0.0,0.0,1.0
2,2063,0.72,0.0,0.0,0.0,0.0,0.0,1.0
2,2063,0.73,0.0,0.0,0.0,0.0,0.0,1.0
2,2063,0.74,0.0,0.0,0.0,0.0,0.0,1.0
2,2063,0.75,0.0,0.0,0.0,0.0,0.0,1.0
2,2063,0.76,0.0,0.0,0.0,0.0,0.0,1.0
2,2063,0.77,0.0,0.0,0.0,0.0,0.0,1.0
2,2063,0.78,0.0,0.0,0.0,0.0,0.0,1.0
2,2063,0.79,0.0,0.0,0.0,0.0,0.0,1.0
2,2063,0.8,0.0,0.0,0.0,0.0,0.0,1.0
2,2063,0.81,0.0,0.0,0.0,0.0,0.0,1.0
2,2063,0.8200000000000001,0.0,0.0,0.0,0.0,0.0,1.0
2,2063,0.8300000000000001,0.0,0.0,0.0,0.0,0.0,1.0
2,2063,0.84,0.0,0.0,0.0,0.0,0.0,1.0
2,2063,0.85,0.0,0.0,0.0,0.0,0.0,1.0
2,2063,0.86,0.0,0.0,0.0,0.0,0.0,1.0
2,2063,0.87,0.0,0.0,0.0,0.0,0.0,1.0
2,2063,0.88,0.0,0.0,0.0,0.0,0.0,1.0
2,2063,0.89,0.0,0.0,0.0,0.0,0.0,1.0
2,2063,0.9,0.0,0.0,0.0,0.0,0.0,1.0
2,2063,0.91,0.0,0.0,0.0,0.0,0.0,1.0
2,2063,0.92,0.0,0.0,0.0,0.0,0.0,1.0
2,2063,0.93,0.0,0.0,0.0,0.0,0.0,1.0
2,2063,0.9400000000000001,0.0,0.0,0.0,0.0,0.0,1.0
2,2063,0.9500000000000001,0.0,0.0,0.0,0.0,0.0,1.0
2,2063,0.96,0.0,0.0,0.0,0.0,0.0,1.0
2,2063,0.97,0.0,0.0,0.0,0.0,0.0,1.0
2,2063,0.98,0.0,0.0,0.0,0.0,0.0,1.0
2,2063,0.99,0.0,0.0,0.0,0.0,0.0,1.0
2,2063,1.0,0.0,0.0,0.0,0.0,0.0,1.0
2,2064,0.01,0.17786992554176706,0.3224277059556008,0.0149176293685117,0.38354057653873724,0.05789680934262472,0.043347353252758423
2,2064,0.02,0.17786992554176706,0.3224277059556008,0.0149176293685117,0.38354057653873724,0.05789680934262472,0.043347353252758423
2,2064,0.03,0.0,0.0,0.0,0.0,0.0,1.0
2,2064,0.04,0.0,0.0,0.0,0.0,0.0,1.0
2,2064,0.05,0.0,0.0,0.0,0.0,0.0,1.0
2,2064,0.06,0.0,0.0,0.0,0.0,0.0,1.0
2,2064,0.07,0.0,0.0,0.0,0.0,0.0,1.0
2,2064,0.08,0.0,0.0,0.0,0.0,0.0,1.0
2,2064,0.09,0.0,0.0,0.0,0.0,0.0,1.0
2,2064,0.1,0.0,0.0,0.0,0.0,0.0,1.0
2,2064,0.11,0.0,0.0,0.0,0.0,0.0,1.0
2,2064,0.12,0.0,0.0,0.0,0.0,0.0,1.0
2,2064,0.13,0.0,0.0,0.0,0.0,0.0,1.0
2,2064,0.14,0.0,0.0,0.0,0.0,0.0,1.0
2,2064,0.15,0.0,0.0,0.0,0.0,0.0,1.0
2,2064,0.16,0.0,0.0,0.0,0.0,0.0,1.0
2,2064,0.17,0.0,0.0,0.0,0.0,0.0,1.0
2,2064,0.18,0.0,0.0,0.0,0.0,0.0,1.0
2,2064,0.19,0.0,0.0,0.0,0.0,0.0,1.0
2,2064,0.2,0.0,0.0,0.0,0.0,0.0,1.0
2,2064,0.21,0.0,0.0,0.0,0.0,0.0,1.0
2,2064,0.22,0.0,0.0,0.0,0.0,0.0,1.0
2,2064,0.23,0.0,0.0,0.0,0.0,0.0,1.0
2,2064,0.24,0.0,0.0,0.0,0.0,0.0,1.0
2,2064,0.25,0.0,0.0,0.0,0.0,0.0,1.0
2,2064,0.26,0.0,0.0,0.0,0.0,0.0,1.0
2,2064,0.27,0.0,0.0,0.0,0.0,0.0,1.0
2,2064,0.28,0.0,0.0,0.0,0.0,0.0,1.0
2,2064,0.29,0.0,0.0,0.0,0.0,0.0,1.0
2,2064,0.3,0.0,0.0,0.0,0.0,0.0,1.0
2,2064,0.31,0.0,0.0,0.0,0.0,0.0,1.0
2,2064,0.32,0.0,0.0,0.0,0.0,0.0,1.0
2,2064,0.33,0.0,0.0,0.0,0.0,0.0,1.0
2,2064,0.34,0.0,0.0,0.0,0.0,0.0,1.0
2,2064,0.35000000000000003,0.0,0.0,0.0,0.0,0.0,1.0
2,2064,0.36,0.0,0.0,0.0,0.0,0.0,1.0
2,2064,0.37,0.0,0.0,0.0,0.0,0.0,1.0
2,2064,0.38,0.0,0.0,0.0,0.0,0.0,1.0
2,2064,0.39,0.0,0.0,0.0,0.0,0.0,1.0
2,2064,0.4,0.0,0.0,0.0,0.0,0.0,1.0
2,2064,0.41000000000000003,0.0,0.0,0.0,0.0,0.0,1.0
2,2064,0.42,0.0,0.0,0.0,0.0,0.0,1.0
2,2064,0.43,0.0,0.0,0.0,0.0,0.0,1.0
2,2064,0.44,0.0,0.0,0.0,0.0,0.0,1.0
2,2064,0.45,0.0,0.0,0.0,0.0,0.0,1.0
2,2064,0.46,0.0,0.0,0.0,0.0,0.0,1.0
2,2064,0.47000000000000003,0.0,0.0,0.0,0.0,0.0,1.0
2,2064,0.48,0.0,0.0,0.0,0.0,0.0,1.0
2,2064,0.49,0.0,0.0,0.0,0.0,0.0,1.0
2,2064,0.5,0.0,0.0,0.0,0.0,0.0,1.0
2,2064,0.51,0.0,0.0,0.0,0.0,0.0,1.0
2,2064,0.52,0.0,0.0,0.0,0.0,0.0,1.0
2,2064,0.53,0.0,0.0,0.0,0.0,0.0,1.0
2,2064,0.54,0.0,0.0,0.0,0.0,0.0,1.0
2,2064,0.55,0.0,0.0,0.0,0.0,0.0,1.0
2,2064,0.56,0.0,0.0,0.0,0.0,0.0,1.0
2,2064,0.5700000000000001,0.0,0.0,0.0,0.0,0.0,1.0
2,2064,0.58,0.0,0.0,0.0,0.0,0.0,1.0
2,2064,0.59,0.0,0.0,0.0,0.0,0.0,1.0
2,2064,0.6,0.0,0.0,0.0,0.0,0.0,1.0
2,2064,0.61,0.0,0.0,0.0,0.0,0.0,1.0
2,2064,0.62,0.0,0.0,0.0,0.0,0.0,1.0
2,2064,0.63,0.0,0.0,0.0,0.0,0.0,1.0
2,2064,0.64,0.0,0.0,0.0,0.0,0.0,1.0
2,2064,0.65,0.0,0.0,0.0,0.0,0.0,1.0
2,2064,0.66,0.0,0.0,0.0,0.0,0.0,1.0
2,2064,0.67,0.0,0.0,0.0,0.0,0.0,1.0
2,2064,0.68,0.0,0.0,0.0,0.0,0.0,1.0
2,2064,0.6900000000000001,0.0,0.0,0.0,0.0,0.0,1.0
2,2064,0.7000000000000001,0.0,0.0,0.0,0.0,0.0,1.0
2,2064,0.71,0.0,0.0,0.0,0.0,0.0,1.0
2,2064,0.72,0.0,0.0,0.0,0.0,0.0,1.0
2,2064,0.73,0.0,0.0,0.0,0.0,0.0,1.0
2,2064,0.74,0.0,0.0,0.0,0.0,0.0,1.0
2,2064,0.75,0.0,0.0,0.0,0.0,0.0,1.0
2,2064,0.76,0.0,0.0,0.0,0.0,0.0,1.0
2,2064,0.77,0.0,0.0,0.0,0.0,0.0,1.0
2,2064,0.78,0.0,0.0,0.0,0.0,0.0,1.0
2,2064,0.79,0.0,0.0,0.0,0.0,0.0,1.0
2,2064,0.8,0.0,0.0,0.0,0.0,0.0,1.0
2,2064,0.81,0.0,0.0,0.0,0.0,0.0,1.0
2,2064,0.8200000000000001,0.0,0.0,0.0,0.0,0.0,1.0
2,2064,0.8300000000000001,0.0,0.0,0.0,0.0,0.0,1.0
2,2064,0.84,0.0,0.0,0.0,0.0,0.0,1.0
2,2064,0.85,0.0,0.0,0.0,0.0,0.0,1.0
2,2064,0.86,0.0,0.0,0.0,0.0,0.0,1.0
2,2064,0.87,0.0,0.0,0.0,0.0,0.0,1.0
2,2064,0.88,0.0,0.0,0.0,0.0,0.0,1.0
2,2064,0.89,0.0,0.0,0.0,0.0,0.0,1.0
2,2064,0.9,0.0,0.0,0.0,0.0,0.0,1.0
2,2064,0.91,0.0,0.0,0.0,0.0,0.0,1.0
2,2064,0.92,0.0,0.0,0.0,0.0,0.0,1.0
2,2064,0.93,0.0,0.0,0.0,0.0,0.0,1.0
2,2064,0.9400000000000001,0.0,0.0,0.0,0.0,0.0,1.0
2,2064,0.9500000000000001,0.0,0.0,0.0,0.0,0.0,1.0
2,2064,0.96,0.0,0.0,0.0,0.0,0.0,1.0
2,2064,0.97,0.0,0.0,0.0,0.0,0.0,1.0
2,2064,0.98,0.0,0.0,0.0,0.0,0.0,1.0
2,2064,0.99,0.0,0.0,0.0,0.0,0.0,1.0
2,2064,1.0,0.0,0.0,0.0,0.0,0.0,1.0
2,2065,0.01,0.08735535601310992,0.14570351463515502,0.3137861363814777,0.1504995660362854,0.30133554012261754,0.0013198868113543886
2,2065,0.02,0.08735535601310992,0.14570351463515502,0.3137861363814777,0.1504995660362854,0.30133554012261754,0.0013198868113543886
2,2065,0.03,0.0,0.0,0.0,0.0,0.0,1.0
2,2065,0.04,0.0,0.0,0.0,0.0,0.0,1.0
2,2065,0.05,0.0,0.0,0.0,0.0,0.0,1.0
2,2065,0.06,0.0,0.0,0.0,0.0,0.0,1.0
2,2065,0.07,0.0,0.0,0.0,0.0,0.0,1.0
2,2065,0.08,0.0,0.0,0.0,0.0,0.0,1.0
2,2065,0.09,0.0,0.0,0.0,0.0,0.0,1.0
2,2065,0.1,0.0,0.0,0.0,0.0,0.0,1.0
2,2065,0.11,0.0,0.0,0.0,0.0,0.0,1.0
2,2065,0.12,0.0,0.0,0.0,0.0,0.0,1.0
2,2065,0.13,0.0,0.0,0.0,0.0,0.0,1.0
2,2065,0.14,0.0,0.0,0.0,0.0,0.0,1.0
2,2065,0.15,0.0,0.0,0.0,0.0,0.0,1.0
2,2065,0.16,0.0,0.0,0.0,0.0,0.0,1.0
2,2065,0.17,0.0,0.0,0.0,0.0,0.0,1.0
2,2065,0.18,0.0,0.0,0.0,0.0,0.0,1.0
2,2065,0.19,0.0,0.0,0.0,0.0,0.0,1.0
2,2065,0.2,0.0,0.0,0.0,0.0,0.0,1.0
2,2065,0.21,0.0,0.0,0.0,0.0,0.0,1.0
2,2065,0.22,0.0,0.0,0.0,0.0,0.0,1.0
2,2065,0.23,0.0,0.0,0.0,0.0,0.0,1.0
2,2065,0.24,0.0,0.0,0.0,0.0,0.0,1.0
2,2065,0.25,0.0,0.0,0.0,0.0,0.0,1.0
2,2065,0.26,0.0,0.0,0.0,0.0,0.0,1.0
2,2065,0.27,0.0,0.0,0.0,0.0,0.0,1.0
2,2065,0.28,0.0,0.0,0.0,0.0,0.0,1.0
2,2065,0.29,0.0,0.0,0.0,0.0,0.0,1.0
2,2065,0.3,0.0,0.0,0.0,0.0,0.0,1.0
2,2065,0.31,0.0,0.0,0.0,0.0,0.0,1.0
2,2065,0.32,0.0,0.0,0.0,0.0,0.0,1.0
2,2065,0.33,0.0,0.0,0.0,0.0,0.0,1.0
2,2065,0.34,0.0,0.0,0.0,0.0,0.0,1.0
2,2065,0.35000000000000003,0.0,0.0,0.0,0.0,0.0,1.0
2,2065,0.36,0.0,0.0,0.0,0.0,0.0,1.0
2,2065,0.37,0.0,0.0,0.0,0.0,0.0,1.0
2,2065,0.38,0.0,0.0,0.0,0.0,0.0,1.0
2,2065,0.39,0.0,0.0,0.0,0.0,0.0,1.0
2,2065,0.4,0.0,0.0,0.0,0.0,0.0,1.0
2,2065,0.41000000000000003,0.0,0.0,0.0,0.0,0.0,1.0
2,2065,0.42,0.0,0.0,0.0,0.0,0.0,1.0
2,2065,0.43,0.0,0.0,0.0,0.0,0.0,1.0
2,2065,0.44,0.0,0.0,0.0,0.0,0.0,1.0
2,2065,0.45,0.0,0.0,0.0,0.0,0.0,1.0
2,2065,0.46,0.0,0.0,0.0,0.0,0.0,1.0
2,2065,0.47000000000000003,0.0,0.0,0.0,0.0,0.0,1.0
2,2065,0.48,0.0,0.0,0.0,0.0,0.0,1.0
2,2065,0.49,0.0,0.0,0.0,0.0,0.0,1.0
2,2065,0.5,0.0,0.0,0.0,0.0,0.0,1.0
2,2065,0.51,0.0,0.0,0.0,0.0,0.0,1.0
2,2065,0.52,0.0,0.0,0.0,0.0,0.0,1.0
2,2065,0.53,0.0,0.0,0.0,0.0,0.0,1.0
2,2065,0.54,0.0,0.0,0.0,0.0,0.0,1.0
2,2065,0.55,0.0,0.0,0.0,0.0,0.0,1.0
2,2065,0.56,0.0,0.0,0.0,0.0,0.0,1.0
2,2065,0.5700000000000001,0.0,0.0,0.0,0.0,0.0,1.0
2,2065,0.58,0.0,0.0,0.0,0.0,0.0,1.0
2,2065,0.59,0.0,0.0,0.0,0.0,0.0,1.0
2,2065,0.6,0.0,0.0,0.0,0.0,0.0,1.0
2,2065,0.61,0.0,0.0,0.0,0.0,0.0,1.0
2,2065,0.62,0.0,0.0,0.0,0.0,0.0,1.0
2,2065,0.63,0.0,0.0,0.0,0.0,0.0,1.0
2,2065,0.64,0.0,0.0,0.0,0.0,0.0,1.0
2,2065,0.65,0.0,0.0,0.0,0.0,0.0,1.0
2,2065,0.66,0.0,0.0,0.0,0.0,0.0,1.0
2,2065,0.67,0.0,0.0,0.0,0.0,0.0,1.0
2,2065,0.68,0.0,0.0,0.0,0.0,0.0,1.0
2,2065,0.6900000000000001,0.0,0.0,0.0,0.0,0.0,1.0
2,2065,0.7000000000000001,0.0,0.0,0.0,0.0,0.0,1.0
2,2065,0.71,0.0,0.0,0.0,0.0,0.0,1.0
2,2065,0.72,0.0,0.0,0.0,0.0,0.0,1.0
2,2065,0.73,0.0,0.0,0.0,0.0,0.0,1.0
2,2065,0.74,0.0,0.0,0.0,0.0,0.0,1.0
2,2065,0.75,0.0,0.0,0.0,0.0,0.0,1.0
2,2065,0.76,0.0,0.0,0.0,0.0,0.0,1.0
2,2065,0.77,0.0,0.0,0.0,0.0,0.0,1.0
2,2065,0.78,0.0,0.0,0.0,0.0,0.0,1.0
2,2065,0.79,0.0,0.0,0.0,0.0,0.0,1.0
2,2065,0.8,0.0,0.0,0.0,0.0,0.0,1.0
2,2065,0.81,0.0,0.0,0.0,0.0,0.0,1.0
2,2065,0.8200000000000001,0.0,0.0,0.0,0.0,0.0,1.0
2,2065,0.8300000000000001,0.0,0.0,0.0,0.0,0.0,1.0
2,2065,0.84,0.0,0.0,0.0,0.0,0.0,1.0
2,2065,0.85,0.0,0.0,0.0,0.0,0.0,1.0
2,2065,0.86,0.0,0.0,0.0,0.0,0.0,1.0
2,2065,0.87,0.0,0.0,0.0,0.0,0.0,1.0
2,2065,0.88,0.0,0.0,0.0,0.0,0.0,1.0
2,2065,0.89,0.0,0.0,0.0,0.0,0.0,1.0
2,2065,0.9,0.0,0.0,0.0,0.0,0.0,1.0
2,2065,0.91,0.0,0.0,0.0,0.0,0.0,1.0
2,2065,0.92,0.0,0.0,0.0,0.0,0.0,1.0
2,2065,0.93,0.0,0.0,0.0,0.0,0.0,1.0
2,2065,0.9400000000000001,0.0,0.0,0.0,0.0,0.0,1.0
2,2065,0.9500000000000001,0.0,0.0,0.0,0.0,0.0,1.0
2,2065,0.96,0.0,0.0,0.0,0.0,0.0,1.0
2,2065,0.97,0.0,0.0,0.0,0.0,0.0,1.0
2,2065,0.98,0.0,0.0,0.0,0.0,0.0,1.0
2,2065,0.99,0.0,0.0,0.0,0.0,0.0,1.0
2,2065,1.0,0.0,0.0,0.0,0.0,0.0,1.0
2,2066,0.01,0.08891630744128771,0.22225558153584332,0.1785959573802029,0.2861046840964418,0.07650702174045358,0.14762044780577066
2,2066,0.02,0.08891630744128771,0.22225558153584332,0.1785959573802029,0.2861046840964418,0.07650702174045358,0.14762044780577066
2,2066,0.03,0.0,0.0,0.0,0.0,0.0,1.0
2,2066,0.04,0.0,0.0,0.0,0.0,0.0,1.0
2,2066,0.05,0.0,0.0,0.0,0.0,0.0,1.0
2,2066,0.06,0.0,0.0,0.0,0.0,0.0,1.0
2,2066,0.07,0.0,0.0,0.0,0.0,0.0,1.0
2,2066,0.08,0.0,0.0,0.0,0.0,0.0,1.0
2,2066,0.09,0.0,0.0,0.0,0.0,0.0,1.0
2,2066,0.1,0.0,0.0,0.0,0.0,0.0,1.0
2,2066,0.11,0.0,0.0,0.0,0.0,0.0,1.0
2,2066,0.12,0.0,0.0,0.0,0.0,0.0,1.0
2,2066,0.13,0.0,0.0,0.0,0.0,0.0,1.0
2,2066,0.14,0.0,0.0,0.0,0.0,0.0,1.0
2,2066,0.15,0.0,0.0,0.0,0.0,0.0,1.0
2,2066,0.16,0.0,0.0,0.0,0.0,0.0,1.0
2,2066,0.17,0.0,0.0,0.0,0.0,0.0,1.0
2,2066,0.18,0.0,0.0,0.0,0.0,0.0,1.0
2,2066,0.19,0.0,0.0,0.0,0.0,0.0,1.0
2,2066,0.2,0.0,0.0,0.0,0.0,0.0,1.0
2,2066,0.21,0.0,0.0,0.0,0.0,0.0,1.0
2,2066,0.22,0.0,0.0,0.0,0.0,0.0,1.0
2,2066,0.23,0.0,0.0,0.0,0.0,0.0,1.0
2,2066,0.24,0.0,0.0,0.0,0.0,0.0,1.0
2,2066,0.25,0.0,0.0,0.0,0.0,0.0,1.0
2,2066,0.26,0.0,0.0,0.0,0.0,0.0,1.0
2,2066,0.27,0.0,0.0,0.0,0.0,0.0,1.0
2,2066,0.28,0.0,0.0,0.0,0.0,0.0,1.0
2,2066,0.29,0.0,0.0,0.0,0.0,0.0,1.0
2,2066,0.3,0.0,0.0,0.0,0.0,0.0,1.0
2,2066,0.31,0.0,0.0,0.0,0.0,0.0,1.0
2,2066,0.32,0.0,0.0,0.0,0.0,0.0,1.0
2,2066,0.33,0.0,0.0,0.0,0.0,0.0,1.0
2,2066,0.34,0.0,0.0,0.0,0.0,0.0,1.0
2,2066,0.35000000000000003,0.0,0.0,0.0,0.0,0.0,1.0
2,2066,0.36,0.0,0.0,0.0,0.0,0.0,1.0
2,2066,0.37,0.0,0.0,0.0,0.0,0.0,1.0
2,2066,0.38,0.0,0.0,0.0,0.0,0.0,1.0
2,2066,0.39,0.0,0.0,0.0,0.0,0.0,1.0
2,2066,0.4,0.0,0.0,0.0,0.0,0.0,1.0
2,2066,0.41000000000000003,0.0,0.0,0.0,0.0,0.0,1.0
2,2066,0.42,0.0,0.0,0.0,0.0,0.0,1.0
2,2066,0.43,0.0,0.0,0.0,0.0,0.0,1.0
2,2066,0.44,0.0,0.0,0.0,0.0,0.0,1.0
2,2066,0.45,0.0,0.0,0.0,0.0,0.0,1.0
2,2066,0.46,0.0,0.0,0.0,0.0,0.0,1.0
2,2066,0.47000000000000003,0.0,0.0,0.0,0.0,0.0,1.0
2,2066,0.48,0.0,0.0,0.0,0.0,0.0,1.0
2,2066,0.49,0.0,0.0,0.0,0.0,0.0,1.0
2,2066,0.5,0.0,0.0,0.0,0.0,0.0,1.0
2,2066,0.51,0.0,0.0,0.0,0.0,0.0,1.0
2,2066,0.52,0.0,0.0,0.0,0.0,0.0,1.0
2,2066,0.53,0.0,0.0,0.0,0.0,0.0,1.0
2,2066,0.54,0.0,0.0,0.0,0.0,0.0,1.0
2,2066,0.55,0.0,0.0,0.0,0.0,0.0,1.0
2,2066,0.56,0.0,0.0,0.0,0.0,0.0,1.0
2,2066,0.5700000000000001,0.0,0.0,0.0,0.0,0.0,1.0
2,2066,0.58,0.0,0.0,0.0,0.0,0.0,1.0
2,2066,0.59,0.0,0.0,0.0,0.0,0.0,1.0
2,2066,0.6,0.0,0.0,0.0,0.0,0.0,1.0
2,2066,0.61,0.0,0.0,0.0,0.0,0.0,1.0
2,2066,0.62,0.0,0.0,0.0,0.0,0.0,1.0
2,2066,0.63,0.0,0.0,0.0,0.0,0.0,1.0
2,2066,0.64,0.0,0.0,0.0,0.0,0.0,1.0
2,2066,0.65,0.0,0.0,0.0,0.0,0.0,1.0
2,2066,0.66,0.0,0.0,0.0,0.0,0.0,1.0
2,2066,0.67,0.0,0.0,0.0,0.0,0.0,1.0
2,2066,0.68,0.0,0.0,0.0,0.0,0.0,1.0
2,2066,0.6900000000000001,0.0,0.0,0.0,0.0,0.0,1.0
2,2066,0.7000000000000001,0.0,0.0,0.0,0.0,0.0,1.0
2,2066,0.71,0.0,0.0,0.0,0.0,0.0,1.0
2,2066,0.72,0.0,0.0,0.0,0.0,0.0,1.0
2,2066,0.73,0.0,0.0,0.0,0.0,0.0,1.0
2,2066,0.74,0.0,0.0,0.0,0.0,0.0,1.0
2,2066,0.75,0.0,0.0,0.0,0.0,0.0,1.0
2,2066,0.76,0.0,0.0,0.0,0.0,0.0,1.0
2,2066,0.77,0.0,0.0,0.0,0.0,0.0,1.0
2,2066,0.78,0.0,0.0,0.0,0.0,0.0,1.0
2,2066,0.79,0.0,0.0,0.0,0.0,0.0,1.0
2,2066,0.8,0.0,0.0,0.0,0.0,0.0,1.0
2,2066,0.81,0.0,0.0,0.0,0.0,0.0,1.0
2,2066,0.8200000000000001,0.0,0.0,0.0,0.0,0.0,1.0
2,2066,0.8300000000000001,0.0,0.0,0.0,0.0,0.0,1.0
2,2066,0.84,0.0,0.0,0.0,0.0,0.0,1.0
2,2066,0.85,0.0,0.0,0.0,0.0,0.0,1.0
2,2066,0.86,0.0,0.0,0.0,0.0,0.0,1.0
2,2066,0.87,0.0,0.0,0.0,0.0,0.0,1.0
2,2066,0.88,0.0,0.0,0.0,0.0,0.0,1.0
2,2066,0.89,0.0,0.0,0.0,0.0,0.0,1.0
2,2066,0.9,0.0,0.0,0.0,0.0,0.0,1.0
2,2066,0.91,0.0,0.0,0.0,0.0,0.0,1.0
2,2066,0.92,0.0,0.0,0.0,0.0,0.0,1.0
2,2066,0.93,0.0,0.0,0.0,0.0,0.0,1.0
2,2066,0.9400000000000001,0.0,0.0,0.0,0.0,0.0,1.0
2,2066,0.9500000000000001,0.0,0.0,0.0,0.0,0.0,1.0
2,2066,0.96,0.0,0.0,0.0,0.0,0.0,1.0
2,2066,0.97,0.0,0.0,0.0,0.0,0.0,1.0
2,2066,0.98,0.0,0.0,0.0,0.0,0.0,1.0
2,2066,0.99,0.0,0.0,0.0,0.0,0.0,1.0
2,2066,1.0,0.0,0.0,0.0,0.0,0.0,1.0
2,2067,0.01,0.20268138331023894,0.16118347603161107,0.12224093061623417,0.23070861310053553,0.08545925147885522,0.19772634546252504
2,2067,0.02,0.20268138331023894,0.16118347603161107,0.12224093061623417,0.23070861310053553,0.08545925147885522,0.19772634546252504
2,2067,0.03,0.0,0.0,0.0,0.0,0.0,1.0
2,2067,0.04,0.0,0.0,0.0,0.0,0.0,1.0
2,2067,0.05,0.0,0.0,0.0,0.0,0.0,1.0
2,2067,0.06,0.0,0.0,0.0,0.0,0.0,1.0
2,2067,0.07,0.0,0.0,0.0,0.0,0.0,1.0
2,2067,0.08,0.0,0.0,0.0,0.0,0.0,1.0
2,2067,0.09,0.0,0.0,0.0,0.0,0.0,1.0
2,2067,0.1,0.0,0.0,0.0,0.0,0.0,1.0
2,2067,0.11,0.0,0.0,0.0,0.0,0.0,1.0
2,2067,0.12,0.0,0.0,0.0,0.0,0.0,1.0
2,2067,0.13,0.0,0.0,0.0,0.0,0.0,1.0
2,2067,0.14,0.0,0.0,0.0,0.0,0.0,1.0
2,2067,0.15,0.0,0.0,0.0,0.0,0.0,1.0
2,2067,0.16,0.0,0.0,0.0,0.0,0.0,1.0
2,2067,0.17,0.0,0.0,0.0,0.0,0.0,1.0
2,2067,0.18,0.0,0.0,0.0,0.0,0.0,1.0
2,2067,0.19,0.0,0.0,0.0,0.0,0.0,1.0
2,2067,0.2,0.0,0.0,0.0,0.0,0.0,1.0
2,2067,0.21,0.0,0.0,0.0,0.0,0.0,1.0
2,2067,0.22,0.0,0.0,0.0,0.0,0.0,1.0
2,2067,0.23,0.0,0.0,0.0,0.0,0.0,1.0
2,2067,0.24,0.0,0.0,0.0,0.0,0.0,1.0
2,2067,0.25,0.0,0.0,0.0,0.0,0.0,1.0
2,2067,0.26,0.0,0.0,0.0,0.0,0.0,1.0
2,2067,0.27,0.0,0.0,0.0,0.0,0.0,1.0
2,2067,0.28,0.0,0.0,0.0,0.0,0.0,1.0
2,2067,0.29,0.0,0.0,0.0,0.0,0.0,1.0
2,2067,0.3,0.0,0.0,0.0,0.0,0.0,1.0
2,2067,0.31,0.0,0.0,0.0,0.0,0.0,1.0
2,2067,0.32,0.0,0.0,0.0,0.0,0.0,1.0
2,2067,0.33,0.0,0.0,0.0,0.0,0.0,1.0
2,2067,0.34,0.0,0.0,0.0,0.0,0.0,1.0
2,2067,0.35000000000000003,0.0,0.0,0.0,0.0,0.0,1.0
2,2067,0.36,0.0,0.0,0.0,0.0,0.0,1.0
2,2067,0.37,0.0,0.0,0.0,0.0,0.0,1.0
2,2067,0.38,0.0,0.0,0.0,0.0,0.0,1.0
2,2067,0.39,0.0,0.0,0.0,0.0,0.0,1.0
2,2067,0.4,0.0,0.0,0.0,0.0,0.0,1.0
2,2067,0.41000000000000003,0.0,0.0,0.0,0.0,0.0,1.0
2,2067,0.42,0.0,0.0,0.0,0.0,0.0,1.0
2,2067,0.43,0.0,0.0,0.0,0.0,0.0,1.0
2,2067,0.44,0.0,0.0,0.0,0.0,0.0,1.0
2,2067,0.45,0.0,0.0,0.0,0.0,0.0,1.0
2,2067,0.46,0.0,0.0,0.0,0.0,0.0,1.0
2,2067,0.47000000000000003,0.0,0.0,0.0,0.0,0.0,1.0
2,2067,0.48,0.0,0.0,0.0,0.0,0.0,1.0
2,2067,0.49,0.0,0.0,0.0,0.0,0.0,1.0
2,2067,0.5,0.0,0.0,0.0,0.0,0.0,1.0
2,2067,0.51,0.0,0.0,0.0,0.0,0.0,1.0
2,2067,0.52,0.0,0.0,0.0,0.0,0.0,1.0
2,2067,0.53,0.0,0.0,0.0,0.0,0.0,1.0
2,2067,0.54,0.0,0.0,0.0,0.0,0.0,1.0
2,2067,0.55,0.0,0.0,0.0,0.0,0.0,1.0
2,2067,0.56,0.0,0.0,0.0,0.0,0.0,1.0
2,2067,0.5700000000000001,0.0,0.0,0.0,0.0,0.0,1.0
2,2067,0.58,0.0,0.0,0.0,0.0,0.0,1.0
2,2067,0.59,0.0,0.0,0.0,0.0,0.0,1.0
2,2067,0.6,0.0,0.0,0.0,0.0,0.0,1.0
2,2067,0.61,0.0,0.0,0.0,0.0,0.0,1.0
2,2067,0.62,0.0,0.0,0.0,0.0,0.0,1.0
2,2067,0.63,0.0,0.0,0.0,0.0,0.0,1.0
2,2067,0.64,0.0,0.0,0.0,0.0,0.0,1.0
2,2067,0.65,0.0,0.0,0.0,0.0,0.0,1.0
2,2067,0.66,0.0,0.0,0.0,0.0,0.0,1.0
2,2067,0.67,0.0,0.0,0.0,0.0,0.0,1.0
2,2067,0.68,0.0,0.0,0.0,0.0,0.0,1.0
2,2067,0.6900000000000001,0.0,0.0,0.0,0.0,0.0,1.0
2,2067,0.7000000000000001,0.0,0.0,0.0,0.0,0.0,1.0
2,2067,0.71,0.0,0.0,0.0,0.0,0.0,1.0
2,2067,0.72,0.0,0.0,0.0,0.0,0.0,1.0
2,2067,0.73,0.0,0.0,0.0,0.0,0.0,1.0
2,2067,0.74,0.0,0.0,0.0,0.0,0.0,1.0
2,2067,0.75,0.0,0.0,0.0,0.0,0.0,1.0
2,2067,0.76,0.0,0.0,0.0,0.0,0.0,1.0
2,2067,0.77,0.0,0.0,0.0,0.0,0.0,1.0
2,2067,0.78,0.0,0.0,0.0,0.0,0.0,1.0
2,2067,0.79,0.0,0.0,0.0,0.0,0.0,1.0
2,2067,0.8,0.0,0.0,0.0,0.0,0.0,1.0
2,2067,0.81,0.0,0.0,0.0,0.0,0.0,1.0
2,2067,0.8200000000000001,0.0,0.0,0.0,0.0,0.0,1.0
2,2067,0.8300000000000001,0.0,0.0,0.0,0.0,0.0,1.0
2,2067,0.84,0.0,0.0,0.0,0.0,0.0,1.0
2,2067,0.85,0.0,0.0,0.0,0.0,0.0,1.0
2,2067,0.86,0.0,0.0,0.0,0.0,0.0,1.0
2,2067,0.87,0.0,0.0,0.0,0.0,0.0,1.0
2,2067,0.88,0.0,0.0,0.0,0.0,0.0,1.0
2,2067,0.89,0.0,0.0,0.0,0.0,0.0,1.0
2,2067,0.9,0.0,0.0,0.0,0.0,0.0,1.0
2,2067,0.91,0.0,0.0,0.0,0.0,0.0,1.0
2,2067,0.92,0.0,0.0,0.0,0.0,0.0,1.0
2,2067,0.93,0.0,0.0,0.0,0.0,0.0,1.0
2,2067,0.9400000000000001,0.0,0.0,0.0,0.0,0.0,1.0
2,2067,0.9500000000000001,0.0,0.0,0.0,0.0,0.0,1.0
2,2067,0.96,0.0,0.0,0.0,0.0,0.0,1.0
2,2067,0.97,0.0,0.0,0.0,0.0,0.0,1.0
2,2067,0.98,0.0,0.0,0.0,0.0,0.0,1.0
2,2067,0.99,0.0,0.0,0.0,0.0,0.0,1.0
2,2067,1.0,0.0,0.0,0.0,0.0,0.0,1.0
2,2068,0.01,0.006814991417965101,0.20212664234498343,0.23110805013813004,0.14087724610383304,0.215224750459234,0.20384831953585447
2,2068,0.02,0.006814991417965101,0.20212664234498343,0.23110805013813004,0.14087724610383304,0.215224750459234,0.20384831953585447
2,2068,0.03,0.0,0.0,0.0,0.0,0.0,1.0
2,2068,0.04,0.0,0.0,0.0,0.0,0.0,1.0
2,2068,0.05,0.0,0.0,0.0,0.0,0.0,1.0
2,2068,0.06,0.0,0.0,0.0,0.0,0.0,1.0
2,2068,0.07,0.0,0.0,0.0,0.0,0.0,1.0
2,2068,0.08,0.0,0.0,0.0,0.0,0.0,1.0
2,2068,0.09,0.0,0.0,0.0,0.0,0.0,1.0
2,2068,0.1,0.0,0.0,0.0,0.0,0.0,1.0
2,2068,0.11,0.0,0.0,0.0,0.0,0.0,1.0
2,2068,0.12,0.0,0.0,0.0,0.0,0.0,1.0
2,2068,0.13,0.0,0.0,0.0,0.0,0.0,1.0
2,2068,0.14,0.0,0.0,0.0,0.0,0.0,1.0
2,2068,0.15,0.0,0.0,0.0,0.0,0.0,1.0
2,2068,0.16,0.0,0.0,0.0,0.0,0.0,1.0
2,2068,0.17,0.0,0.0,0.0,0.0,0.0,1.0
2,2068,0.18,0.0,0.0,0.0,0.0,0.0,1.0
2,2068,0.19,0.0,0.0,0.0,0.0,0.0,1.0
2,2068,0.2,0.0,0.0,0.0,0.0,0.0,1.0
2,2068,0.21,0.0,0.0,0.0,0.0,0.0,1.0
2,2068,0.22,0.0,0.0,0.0,0.0,0.0,1.0
2,2068,0.23,0.0,0.0,0.0,0.0,0.0,1.0
2,2068,0.24,0.0,0.0,0.0,0.0,0.0,1.0
2,2068,0.25,0.0,0.0,0.0,0.0,0.0,1.0
2,2068,0.26,0.0,0.0,0.0,0.0,0.0,1.0
2,2068,0.27,0.0,0.0,0.0,0.0,0.0,1.0
2,2068,0.28,0.0,0.0,0.0,0.0,0.0,1.0
2,2068,0.29,0.0,0.0,0.0,0.0,0.0,1.0
2,2068,0.3,0.0,0.0,0.0,0.0,0.0,1.0
2,2068,0.31,0.0,0.0,0.0,0.0,0.0,1.0
2,2068,0.32,0.0,0.0,0.0,0.0,0.0,1.0
2,2068,0.33,0.0,0.0,0.0,0.0,0.0,1.0
2,2068,0.34,0.0,0.0,0.0,0.0,0.0,1.0
2,2068,0.35000000000000003,0.0,0.0,0.0,0.0,0.0,1.0
2,2068,0.36,0.0,0.0,0.0,0.0,0.0,1.0
2,2068,0.37,0.0,0.0,0.0,0.0,0.0,1.0
2,2068,0.38,0.0,0.0,0.0,0.0,0.0,1.0
2,2068,0.39,0.0,0.0,0.0,0.0,0.0,1.0
2,2068,0.4,0.0,0.0,0.0,0.0,0.0,1.0
2,2068,0.41000000000000003,0.0,0.0,0.0,0.0,0.0,1.0
2,2068,0.42,0.0,0.0,0.0,0.0,0.0,1.0
2,2068,0.43,0.0,0.0,0.0,0.0,0.0,1.0
2,2068,0.44,0.0,0.0,0.0,0.0,0.0,1.0
2,2068,0.45,0.0,0.0,0.0,0.0,0.0,1.0
2,2068,0.46,0.0,0.0,0.0,0.0,0.0,1.0
2,2068,0.47000000000000003,0.0,0.0,0.0,0.0,0.0,1.0
2,2068,0.48,0.0,0.0,0.0,0.0,0.0,1.0
2,2068,0.49,0.0,0.0,0.0,0.0,0.0,1.0
2,2068,0.5,0.0,0.0,0.0,0.0,0.0,1.0
2,2068,0.51,0.0,0.0,0.0,0.0,0.0,1.0
2,2068,0.52,0.0,0.0,0.0,0.0,0.0,1.0
2,2068,0.53,0.0,0.0,0.0,0.0,0.0,1.0
2,2068,0.54,0.0,0.0,0.0,0.0,0.0,1.0
2,2068,0.55,0.0,0.0,0.0,0.0,0.0,1.0
2,2068,0.56,0.0,0.0,0.0,0.0,0.0,1.0
2,2068,0.5700000000000001,0.0,0.0,0.0,0.0,0.0,1.0
2,2068,0.58,0.0,0.0,0.0,0.0,0.0,1.0
2,2068,0.59,0.0,0.0,0.0,0.0,0.0,1.0
2,2068,0.6,0.0,0.0,0.0,0.0,0.0,1.0
2,2068,0.61,0.0,0.0,0.0,0.0,0.0,1.0
2,2068,0.62,0.0,0.0,0.0,0.0,0.0,1.0
2,2068,0.63,0.0,0.0,0.0,0.0,0.0,1.0
2,2068,0.64,0.0,0.0,0.0,0.0,0.0,1.0
2,2068,0.65,0.0,0.0,0.0,0.0,0.0,1.0
2,2068,0.66,0.0,0.0,0.0,0.0,0.0,1.0
2,2068,0.67,0.0,0.0,0.0,0.0,0.0,1.0
2,2068,0.68,0.0,0.0,0.0,0.0,0.0,1.0
2,2068,0.6900000000000001,0.0,0.0,0.0,0.0,0.0,1.0
2,2068,0.7000000000000001,0.0,0.0,0.0,0.0,0.0,1.0
2,2068,0.71,0.0,0.0,0.0,0.0,0.0,1.0
2,2068,0.72,0.0,0.0,0.0,0.0,0.0,1.0
2,2068,0.73,0.0,0.0,0.0,0.0,0.0,1.0
2,2068,0.74,0.0,0.0,0.0,0.0,0.0,1.0
2,2068,0.75,0.0,0.0,0.0,0.0,0.0,1.0
2,2068,0.76,0.0,0.0,0.0,0.0,0.0,1.0
2,2068,0.77,0.0,0.0,0.0,0.0,0.0,1.0
2,2068,0.78,0.0,0.0,0.0,0.0,0.0,1.0
2,2068,0.79,0.0,0.0,0.0,0.0,0.0,1.0
2,2068,0.8,0.0,0.0,0.0,0.0,0.0,1.0
2,2068,0.81,0.0,0.0,0.0,0.0,0.0,1.0
2,2068,0.8200000000000001,0.0,0.0,0.0,0.0,0.0,1.0
2,2068,0.8300000000000001,0.0,0.0,0.0,0.0,0.0,1.0
2,2068,0.84,0.0,0.0,0.0,0.0,0.0,1.0
2,2068,0.85,0.0,0.0,0.0,0.0,0.0,1.0
2,2068,0.86,0.0,0.0,0.0,0.0,0.0,1.0
2,2068,0.87,0.0,0.0,0.0,0.0,0.0,1.0
2,2068,0.88,0.0,0.0,0.0,0.0,0.0,1.0
2,2068,0.89,0.0,0.0,0.0,0.0,0.0,1.0
2,2068,0.9,0.0,0.0,0.0,0.0,0.0,1.0
2,2068,0.91,0.0,0.0,0.0,0.0,0.0,1.0
2,2068,0.92,0.0,0.0,0.0,0.0,0.0,1.0
2,2068,0.93,0.0,0.0,0.0,0.0,0.0,1.0
2,2068,0.9400000000000001,0.0,0.0,0.0,0.0,0.0,1.0
2,2068,0.9500000000000001,0.0,0.0,0.0,0.0,0.0,1.0
2,2068,0.96,0.0,0.0,0.0,0.0,0.0,1.0
2,2068,0.97,0.0,0.0,0.0,0.0,0.0,1.0
2,2068,0.98,0.0,0.0,0.0,0.0,0.0,1.0
2,2068,0.99,0.0,0.0,0.0,0.0,0.0,1.0
2,2068,1.0,0.0,0.0,0.0,0.0,0.0,1.0
2,2069,0.01,0.02705785103998206,0.31402610058225167,0.1269460678648582,0.18340067704468888,0.03626870972911845,0.31230059373910063
2,2069,0.02,0.02705785103998206,0.31402610058225167,0.1269460678648582,0.18340067704468888,0.03626870972911845,0.31230059373910063
2,2069,0.03,0.0,0.0,0.0,0.0,0.0,1.0
2,2069,0.04,0.0,0.0,0.0,0.0,0.0,1.0
2,2069,0.05,0.0,0.0,0.0,0.0,0.0,1.0
2,2069,0.06,0.0,0.0,0.0,0.0,0.0,1.0
2,2069,0.07,0.0,0.0,0.0,0.0,0.0,1.0
2,2069,0.08,0.0,0.0,0.0,0.0,0.0,1.0
2,2069,0.09,0.0,0.0,0.0,0.0,0.0,1.0
2,2069,0.1,0.0,0.0,0.0,0.0,0.0,1.0
2,2069,0.11,0.0,0.0,0.0,0.0,0.0,1.0
2,2069,0.12,0.0,0.0,0.0,0.0,0.0,1.0
2,2069,0.13,0.0,0.0,0.0,0.0,0.0,1.0
2,2069,0.14,0.0,0.0,0.0,0.0,0.0,1.0
2,2069,0.15,0.0,0.0,0.0,0.0,0.0,1.0
2,2069,0.16,0.0,0.0,0.0,0.0,0.0,1.0
2,2069,0.17,0.0,0.0,0.0,0.0,0.0,1.0
2,2069,0.18,0.0,0.0,0.0,0.0,0.0,1.0
2,2069,0.19,0.0,0.0,0.0,0.0,0.0,1.0
2,2069,0.2,0.0,0.0,0.0,0.0,0.0,1.0
2,2069,0.21,0.0,0.0,0.0,0.0,0.0,1.0
2,2069,0.22,0.0,0.0,0.0,0.0,0.0,1.0
2,2069,0.23,0.0,0.0,0.0,0.0,0.0,1.0
2,2069,0.24,0.0,0.0,0.0,0.0,0.0,1.0
2,2069,0.25,0.0,0.0,0.0,0.0,0.0,1.0
2,2069,0.26,0.0,0.0,0.0,0.0,0.0,1.0
2,2069,0.27,0.0,0.0,0.0,0.0,0.0,1.0
2,2069,0.28,0.0,0.0,0.0,0.0,0.0,1.0
2,2069,0.29,0.0,0.0,0.0,0.0,0.0,1.0
2,2069,0.3,0.0,0.0,0.0,0.0,0.0,1.0
2,2069,0.31,0.0,0.0,0.0,0.0,0.0,1.0
2,2069,0.32,0.0,0.0,0.0,0.0,0.0,1.0
2,2069,0.33,0.0,0.0,0.0,0.0,0.0,1.0
2,2069,0.34,0.0,0.0,0.0,0.0,0.0,1.0
2,2069,0.35000000000000003,0.0,0.0,0.0,0.0,0.0,1.0
2,2069,0.36,0.0,0.0,0.0,0.0,0.0,1.0
2,2069,0.37,0.0,0.0,0.0,0.0,0.0,1.0
2,2069,0.38,0.0,0.0,0.0,0.0,0.0,1.0
2,2069,0.39,0.0,0.0,0.0,0.0,0.0,1.0
2,2069,0.4,0.0,0.0,0.0,0.0,0.0,1.0
2,2069,0.41000000000000003,0.0,0.0,0.0,0.0,0.0,1.0
2,2069,0.42,0.0,0.0,0.0,0.0,0.0,1.0
2,2069,0.43,0.0,0.0,0.0,0.0,0.0,1.0
2,2069,0.44,0.0,0.0,0.0,0.0,0.0,1.0
2,2069,0.45,0.0,0.0,0.0,0.0,0.0,1.0
2,2069,0.46,0.0,0.0,0.0,0.0,0.0,1.0
2,2069,0.47000000000000003,0.0,0.0,0.0,0.0,0.0,1.0
2,2069,0.48,0.0,0.0,0.0,0.0,0.0,1.0
2,2069,0.49,0.0,0.0,0.0,0.0,0.0,1.0
2,2069,0.5,0.0,0.0,0.0,0.0,0.0,1.0
2,2069,0.51,0.0,0.0,0.0,0.0,0.0,1.0
2,2069,0.52,0.0,0.0,0.0,0.0,0.0,1.0
2,2069,0.53,0.0,0.0,0.0,0.0,0.0,1.0
2,2069,0.54,0.0,0.0,0.0,0.0,0.0,1.0
2,2069,0.55,0.0,0.0,0.0,0.0,0.0,1.0
2,2069,0.56,0.0,0.0,0.0,0.0,0.0,1.0
2,2069,0.5700000000000001,0.0,0.0,0.0,0.0,0.0,1.0
2,2069,0.58,0.0,0.0,0.0,0.0,0.0,1.0
2,2069,0.59,0.0,0.0,0.0,0.0,0.0,1.0
2,2069,0.6,0.0,0.0,0.0,0.0,0.0,1.0
2,2069,0.61,0.0,0.0,0.0,0.0,0.0,1.0
2,2069,0.62,0.0,0.0,0.0,0.0,0.0,1.0
2,2069,0.63,0.0,0.0,0.0,0.0,0.0,1.0
2,2069,0.64,0.0,0.0,0.0,0.0,0.0,1.0
2,2069,0.65,0.0,0.0,0.0,0.0,0.0,1.0
2,2069,0.66,0.0,0.0,0.0,0.0,0.0,1.0
2,2069,0.67,0.0,0.0,0.0,0.0,0.0,1.0
2,2069,0.68,0.0,0.0,0.0,0.0,0.0,1.0
2,2069,0.6900000000000001,0.0,0.0,0.0,0.0,0.0,1.0
2,2069,0.7000000000000001,0.0,0.0,0.0,0.0,0.0,1.0
2,2069,0.71,0.0,0.0,0.0,0.0,0.0,1.0
2,2069,0.72,0.0,0.0,0.0,0.0,0.0,1.0
2,2069,0.73,0.0,0.0,0.0,0.0,0.0,1.0
2,2069,0.74,0.0,0.0,0.0,0.0,0.0,1.0
2,2069,0.75,0.0,0.0,0.0,0.0,0.0,1.0
2,2069,0.76,0.0,0.0,0.0,0.0,0.0,1.0
2,2069,0.77,0.0,0.0,0.0,0.0,0.0,1.0
2,2069,0.78,0.0,0.0,0.0,0.0,0.0,1.0
2,2069,0.79,0.0,0.0,0.0,0.0,0.0,1.0
2,2069,0.8,0.0,0.0,0.0,0.0,0.0,1.0
2,2069,0.81,0.0,0.0,0.0,0.0,0.0,1.0
2,2069,0.8200000000000001,0.0,0.0,0.0,0.0,0.0,1.0
2,2069,0.8300000000000001,0.0,0.0,0.0,0.0,0.0,1.0
2,2069,0.84,0.0,0.0,0.0,0.0,0.0,1.0
2,2069,0.85,0.0,0.0,0.0,0.0,0.0,1.0
2,2069,0.86,0.0,0.0,0.0,0.0,0.0,1.0
2,2069,0.87,0.0,0.0,0.0,0.0,0.0,1.0
2,2069,0.88,0.0,0.0,0.0,0.0,0.0,1.0
2,2069,0.89,0.0,0.0,0.0,0.0,0.0,1.0
2,2069,0.9,0.0,0.0,0.0,0.0,0.0,1.0
2,2069,0.91,0.0,0.0,0.0,0.0,0.0,1.0
2,2069,0.92,0.0,0.0,0.0,0.0,0.0,1.0
2,2069,0.93,0.0,0.0,0.0,0.0,0.0,1.0
2,2069,0.9400000000000001,0.0,0.0,0.0,0.0,0.0,1.0
2,2069,0.9500000000000001,0.0,0.0,0.0,0.0,0.0,1.0
2,2069,0.96,0.0,0.0,0.0,0.0,0.0,1.0
2,2069,0.97,0.0,0.0,0.0,0.0,0.0,1.0
2,2069,0.98,0.0,0.0,0.0,0.0,0.0,1.0
2,2069,0.99,0.0,0.0,0.0,0.0,0.0,1.0
2,2069,1.0,0.0,0.0,0.0,0.0,0.0,1.0
2,2070,0.01,0.33025783598930863,0.23312711279949166,0.03792323548888783,0.1897681996894783,0.20613558305983154,0.002788032973002069
2,2070,0.02,0.33025783598930863,0.23312711279949166,0.03792323548888783,0.1897681996894783,0.20613558305983154,0.002788032973002069
2,2070,0.03,0.0,0.0,0.0,0.0,0.0,1.0
2,2070,0.04,0.0,0.0,0.0,0.0,0.0,1.0
2,2070,0.05,0.0,0.0,0.0,0.0,0.0,1.0
2,2070,0.06,0.0,0.0,0.0,0.0,0.0,1.0
2,2070,0.07,0.0,0.0,0.0,0.0,0.0,1.0
2,2070,0.08,0.0,0.0,0.0,0.0,0.0,1.0
2,2070,0.09,0.0,0.0,0.0,0.0,0.0,1.0
2,2070,0.1,0.0,0.0,0.0,0.0,0.0,1.0
2,2070,0.11,0.0,0.0,0.0,0.0,0.0,1.0
2,2070,0.12,0.0,0.0,0.0,0.0,0.0,1.0
2,2070,0.13,0.0,0.0,0.0,0.0,0.0,1.0
2,2070,0.14,0.0,0.0,0.0,0.0,0.0,1.0
2,2070,0.15,0.0,0.0,0.0,0.0,0.0,1.0
2,2070,0.16,0.0,0.0,0.0,0.0,0.0,1.0
2,2070,0.17,0.0,0.0,0.0,0.0,0.0,1.0
2,2070,0.18,0.0,0.0,0.0,0.0,0.0,1.0
2,2070,0.19,0.0,0.0,0.0,0.0,0.0,1.0
2,2070,0.2,0.0,0.0,0.0,0.0,0.0,1.0
2,2070,0.21,0.0,0.0,0.0,0.0,0.0,1.0
2,2070,0.22,0.0,0.0,0.0,0.0,0.0,1.0
2,2070,0.23,0.0,0.0,0.0,0.0,0.0,1.0
2,2070,0.24,0.0,0.0,0.0,0.0,0.0,1.0
2,2070,0.25,0.0,0.0,0.0,0.0,0.0,1.0
2,2070,0.26,0.0,0.0,0.0,0.0,0.0,1.0
2,2070,0.27,0.0,0.0,0.0,0.0,0.0,1.0
2,2070,0.28,0.0,0.0,0.0,0.0,0.0,1.0
2,2070,0.29,0.0,0.0,0.0,0.0,0.0,1.0
2,2070,0.3,0.0,0.0,0.0,0.0,0.0,1.0
2,2070,0.31,0.0,0.0,0.0,0.0,0.0,1.0
2,2070,0.32,0.0,0.0,0.0,0.0,0.0,1.0
2,2070,0.33,0.0,0.0,0.0,0.0,0.0,1.0
2,2070,0.34,0.0,0.0,0.0,0.0,0.0,1.0
2,2070,0.35000000000000003,0.0,0.0,0.0,0.0,0.0,1.0
2,2070,0.36,0.0,0.0,0.0,0.0,0.0,1.0
2,2070,0.37,0.0,0.0,0.0,0.0,0.0,1.0
2,2070,0.38,0.0,0.0,0.0,0.0,0.0,1.0
2,2070,0.39,0.0,0.0,0.0,0.0,0.0,1.0
2,2070,0.4,0.0,0.0,0.0,0.0,0.0,1.0
2,2070,0.41000000000000003,0.0,0.0,0.0,0.0,0.0,1.0
2,2070,0.42,0.0,0.0,0.0,0.0,0.0,1.0
2,2070,0.43,0.0,0.0,0.0,0.0,0.0,1.0
2,2070,0.44,0.0,0.0,0.0,0.0,0.0,1.0
2,2070,0.45,0.0,0.0,0.0,0.0,0.0,1.0
2,2070,0.46,0.0,0.0,0.0,0.0,0.0,1.0
2,2070,0.47000000000000003,0.0,0.0,0.0,0.0,0.0,1.0
2,2070,0.48,0.0,0.0,0.0,0.0,0.0,1.0
2,2070,0.49,0.0,0.0,0.0,0.0,0.0,1.0
2,2070,0.5,0.0,0.0,0.0,0.0,0.0,1.0
2,2070,0.51,0.0,0.0,0.0,0.0,0.0,1.0
2,2070,0.52,0.0,0.0,0.0,0.0,0.0,1.0
2,2070,0.53,0.0,0.0,0.0,0.0,0.0,1.0
2,2070,0.54,0.0,0.0,0.0,0.0,0.0,1.0
2,2070,0.55,0.0,0.0,0.0,0.0,0.0,1.0
2,2070,0.56,0.0,0.0,0.0,0.0,0.0,1.0
2,2070,0.5700000000000001,0.0,0.0,0.0,0.0,0.0,1.0
2,2070,0.58,0.0,0.0,0.0,0.0,0.0,1.0
2,2070,0.59,0.0,0.0,0.0,0.0,0.0,1.0
2,2070,0.6,0.0,0.0,0.0,0.0,0.0,1.0
2,2070,0.61,0.0,0.0,0.0,0.0,0.0,1.0
2,2070,0.62,0.0,0.0,0.0,0.0,0.0,1.0
2,2070,0.63,0.0,0.0,0.0,0.0,0.0,1.0
2,2070,0.64,0.0,0.0,0.0,0.0,0.0,1.0
2,2070,0.65,0.0,0.0,0.0,0.0,0.0,1.0
2,2070,0.66,0.0,0.0,0.0,0.0,0.0,1.0
2,2070,0.67,0.0,0.0,0.0,0.0,0.0,1.0
2,2070,0.68,0.0,0.0,0.0,0.0,0.0,1.0
2,2070,0.6900000000000001,0.0,0.0,0.0,0.0,0.0,1.0
2,2070,0.7000000000000001,0.0,0.0,0.0,0.0,0.0,1.0
2,2070,0.71,0.0,0.0,0.0,0.0,0.0,1.0
2,2070,0.72,0.0,0.0,0.0,0.0,0.0,1.0
2,2070,0.73,0.0,0.0,0.0,0.0,0.0,1.0
2,2070,0.74,0.0,0.0,0.0,0.0,0.0,1.0
2,2070,0.75,0.0,0.0,0.0,0.0,0.0,1.0
2,2070,0.76,0.0,0.0,0.0,0.0,0.0,1.0
2,2070,0.77,0.0,0.0,0.0,0.0,0.0,1.0
2,2070,0.78,0.0,0.0,0.0,0.0,0.0,1.0
2,2070,0.79,0.0,0.0,0.0,0.0,0.0,1.0
2,2070,0.8,0.0,0.0,0.0,0.0,0.0,1.0
2,2070,0.81,0.0,0.0,0.0,0.0,0.0,1.0
2,2070,0.8200000000000001,0.0,0.0,0.0,0.0,0.0,1.0
2,2070,0.8300000000000001,0.0,0.0,0.0,0.0,0.0,1.0
2,2070,0.84,0.0,0.0,0.0,0.0,0.0,1.0
2,2070,0.85,0.0,0.0,0.0,0.0,0.0,1.0
2,2070,0.86,0.0,0.0,0.0,0.0,0.0,1.0
2,2070,0.87,0.0,0.0,0.0,0.0,0.0,1.0
2,2070,0.88,0.0,0.0,0.0,0.0,0.0,1.0
2,2070,0.89,0.0,0.0,0.0,0.0,0.0,1.0
2,2070,0.9,0.0,0.0,0.0,0.0,0.0,1.0
2,2070,0.91,0.0,0.0,0.0,0.0,0.0,1.0
2,2070,0.92,0.0,0.0,0.0,0.0,0.0,1.0
2,2070,0.93,0.0,0.0,0.0,0.0,0.0,1.0
2,2070,0.9400000000000001,0.0,0.0,0.0,0.0,0.0,1.0
2,2070,0.9500000000000001,0.0,0.0,0.0,0.0,0.0,1.0
2,2070,0.96,0.0,0.0,0.0,0.0,0.0,1.0
2,2070,0.97,0.0,0.0,0.0,0.0,0.0,1.0
2,2070,0.98,0.0,0.0,0.0,0.0,0.0,1.0
2,2070,0.99,0.0,0.0,0.0,0.0,0.0,1.0
2,2070,1.0,0.0,0.0,0.0,0.0,0.0,1.0
2,2071,0.01,0.43442059773300573,0.04673934245261051,0.31177077864722363,0.14688365998467895,0.05948317930005738,0.0007024418824237283
2,2071,0.02,0.43442059773300573,0.04673934245261051,0.31177077864722363,0.14688365998467895,0.05948317930005738,0.0007024418824237283
2,2071,0.03,0.0,0.0,0.0,0.0,0.0,1.0
2,2071,0.04,0.0,0.0,0.0,0.0,0.0,1.0
2,2071,0.05,0.0,0.0,0.0,0.0,0.0,1.0
2,2071,0.06,0.0,0.0,0.0,0.0,0.0,1.0
2,2071,0.07,0.0,0.0,0.0,0.0,0.0,1.0
2,2071,0.08,0.0,0.0,0.0,0.0,0.0,1.0
2,2071,0.09,0.0,0.0,0.0,0.0,0.0,1.0
2,2071,0.1,0.0,0.0,0.0,0.0,0.0,1.0
2,2071,0.11,0.0,0.0,0.0,0.0,0.0,1.0
2,2071,0.12,0.0,0.0,0.0,0.0,0.0,1.0
2,2071,0.13,0.0,0.0,0.0,0.0,0.0,1.0
2,2071,0.14,0.0,0.0,0.0,0.0,0.0,1.0
2,2071,0.15,0.0,0.0,0.0,0.0,0.0,1.0
2,2071,0.16,0.0,0.0,0.0,0.0,0.0,1.0
2,2071,0.17,0.0,0.0,0.0,0.0,0.0,1.0
2,2071,0.18,0.0,0.0,0.0,0.0,0.0,1.0
2,2071,0.19,0.0,0.0,0.0,0.0,0.0,1.0
2,2071,0.2,0.0,0.0,0.0,0.0,0.0,1.0
2,2071,0.21,0.0,0.0,0.0,0.0,0.0,1.0
2,2071,0.22,0.0,0.0,0.0,0.0,0.0,1.0
2,2071,0.23,0.0,0.0,0.0,0.0,0.0,1.0
2,2071,0.24,0.0,0.0,0.0,0.0,0.0,1.0
2,2071,0.25,0.0,0.0,0.0,0.0,0.0,1.0
2,2071,0.26,0.0,0.0,0.0,0.0,0.0,1.0
2,2071,0.27,0.0,0.0,0.0,0.0,0.0,1.0
2,2071,0.28,0.0,0.0,0.0,0.0,0.0,1.0
2,2071,0.29,0.0,0.0,0.0,0.0,0.0,1.0
2,2071,0.3,0.0,0.0,0.0,0.0,0.0,1.0
2,2071,0.31,0.0,0.0,0.0,0.0,0.0,1.0
2,2071,0.32,0.0,0.0,0.0,0.0,0.0,1.0
2,2071,0.33,0.0,0.0,0.0,0.0,0.0,1.0
2,2071,0.34,0.0,0.0,0.0,0.0,0.0,1.0
2,2071,0.35000000000000003,0.0,0.0,0.0,0.0,0.0,1.0
2,2071,0.36,0.0,0.0,0.0,0.0,0.0,1.0
2,2071,0.37,0.0,0.0,0.0,0.0,0.0,1.0
2,2071,0.38,0.0,0.0,0.0,0.0,0.0,1.0
2,2071,0.39,0.0,0.0,0.0,0.0,0.0,1.0
2,2071,0.4,0.0,0.0,0.0,0.0,0.0,1.0
2,2071,0.41000000000000003,0.0,0.0,0.0,0.0,0.0,1.0
2,2071,0.42,0.0,0.0,0.0,0.0,0.0,1.0
2,2071,0.43,0.0,0.0,0.0,0.0,0.0,1.0
2,2071,0.44,0.0,0.0,0.0,0.0,0.0,1.0
2,2071,0.45,0.0,0.0,0.0,0.0,0.0,1.0
2,2071,0.46,0.0,0.0,0.0,0.0,0.0,1.0
2,2071,0.47000000000000003,0.0,0.0,0.0,0.0,0.0,1.0
2,2071,0.48,0.0,0.0,0.0,0.0,0.0,1.0
2,2071,0.49,0.0,0.0,0.0,0.0,0.0,1.0
2,2071,0.5,0.0,0.0,0.0,0.0,0.0,1.0
2,2071,0.51,0.0,0.0,0.0,0.0,0.0,1.0
2,2071,0.52,0.0,0.0,0.0,0.0,0.0,1.0
2,2071,0.53,0.0,0.0,0.0,0.0,0.0,1.0
2,2071,0.54,0.0,0.0,0.0,0.0,0.0,1.0
2,2071,0.55,0.0,0.0,0.0,0.0,0.0,1.0
2,2071,0.56,0.0,0.0,0.0,0.0,0.0,1.0
2,2071,0.5700000000000001,0.0,0.0,0.0,0.0,0.0,1.0
2,2071,0.58,0.0,0.0,0.0,0.0,0.0,1.0
2,2071,0.59,0.0,0.0,0.0,0.0,0.0,1.0
2,2071,0.6,0.0,0.0,0.0,0.0,0.0,1.0
2,2071,0.61,0.0,0.0,0.0,0.0,0.0,1.0
2,2071,0.62,0.0,0.0,0.0,0.0,0.0,1.0
2,2071,0.63,0.0,0.0,0.0,0.0,0.0,1.0
2,2071,0.64,0.0,0.0,0.0,0.0,0.0,1.0
2,2071,0.65,0.0,0.0,0.0,0.0,0.0,1.0
2,2071,0.66,0.0,0.0,0.0,0.0,0.0,1.0
2,2071,0.67,0.0,0.0,0.0,0.0,0.0,1.0
2,2071,0.68,0.0,0.0,0.0,0.0,0.0,1.0
2,2071,0.6900000000000001,0.0,0.0,0.0,0.0,0.0,1.0
2,2071,0.7000000000000001,0.0,0.0,0.0,0.0,0.0,1.0
2,2071,0.71,0.0,0.0,0.0,0.0,0.0,1.0
2,2071,0.72,0.0,0.0,0.0,0.0,0.0,1.0
2,2071,0.73,0.0,0.0,0.0,0.0,0.0,1.0
2,2071,0.74,0.0,0.0,0.0,0.0,0.0,1.0
2,2071,0.75,0.0,0.0,0.0,0.0,0.0,1.0
2,2071,0.76,0.0,0.0,0.0,0.0,0.0,1.0
2,2071,0.77,0.0,0.0,0.0,0.0,0.0,1.0
2,2071,0.78,0.0,0.0,0.0,0.0,0.0,1.0
2,2071,0.79,0.0,0.0,0.0,0.0,0.0,1.0
2,2071,0.8,0.0,0.0,0.0,0.0,0.0,1.0
2,2071,0.81,0.0,0.0,0.0,0.0,0.0,1.0
2,2071,0.8200000000000001,0.0,0.0,0.0,0.0,0.0,1.0
2,2071,0.8300000000000001,0.0,0.0,0.0,0.0,0.0,1.0
2,2071,0.84,0.0,0.0,0.0,0.0,0.0,1.0
2,2071,0.85,0.0,0.0,0.0,0.0,0.0,1.0
2,2071,0.86,0.0,0.0,0.0,0.0,0.0,1.0
2,2071,0.87,0.0,0.0,0.0,0.0,0.0,1.0
2,2071,0.88,0.0,0.0,0.0,0.0,0.0,1.0
2,2071,0.89,0.0,0.0,0.0,0.0,0.0,1.0
2,2071,0.9,0.0,0.0,0.0,0.0,0.0,1.0
2,2071,0.91,0.0,0.0,0.0,0.0,0.0,1.0
2,2071,0.92,0.0,0.0,0.0,0.0,0.0,1.0
2,2071,0.93,0.0,0.0,0.0,0.0,0.0,1.0
2,2071,0.9400000000000001,0.0,0.0,0.0,0.0,0.0,1.0
2,2071,0.9500000000000001,0.0,0.0,0.0,0.0,0.0,1.0
2,2071,0.96,0.0,0.0,0.0,0.0,0.0,1.0
2,2071,0.97,0.0,0.0,0.0,0.0,0.0,1.0
2,2071,0.98,0.0,0.0,0.0,0.0,0.0,1.0
2,2071,0.99,0.0,0.0,0.0,0.0,0.0,1.0
2,2071,1.0,0.0,0.0,0.0,0.0,0.0,1.0
2,2072,0.01,0.05553851668365627,0.24473750132506425,0.0548912521885203,0.30232710707214566,0.06721981216719382,0.27528581056341983
2,2072,0.02,0.05553851668365627,0.24473750132506425,0.0548912521885203,0.30232710707214566,0.06721981216719382,0.27528581056341983
2,2072,0.03,0.0,0.0,0.0,0.0,0.0,1.0
2,2072,0.04,0.0,0.0,0.0,0.0,0.0,1.0
2,2072,0.05,0.0,0.0,0.0,0.0,0.0,1.0
2,2072,0.06,0.0,0.0,0.0,0.0,0.0,1.0
2,2072,0.07,0.0,0.0,0.0,0.0,0.0,1.0
2,2072,0.08,0.0,0.0,0.0,0.0,0.0,1.0
2,2072,0.09,0.0,0.0,0.0,0.0,0.0,1.0
2,2072,0.1,0.0,0.0,0.0,0.0,0.0,1.0
2,2072,0.11,0.0,0.0,0.0,0.0,0.0,1.0
2,2072,0.12,0.0,0.0,0.0,0.0,0.0,1.0
2,2072,0.13,0.0,0.0,0.0,0.0,0.0,1.0
2,2072,0.14,0.0,0.0,0.0,0.0,0.0,1.0
2,2072,0.15,0.0,0.0,0.0,0.0,0.0,1.0
2,2072,0.16,0.0,0.0,0.0,0.0,0.0,1.0
2,2072,0.17,0.0,0.0,0.0,0.0,0.0,1.0
2,2072,0.18,0.0,0.0,0.0,0.0,0.0,1.0
2,2072,0.19,0.0,0.0,0.0,0.0,0.0,1.0
2,2072,0.2,0.0,0.0,0.0,0.0,0.0,1.0
2,2072,0.21,0.0,0.0,0.0,0.0,0.0,1.0
2,2072,0.22,0.0,0.0,0.0,0.0,0.0,1.0
2,2072,0.23,0.0,0.0,0.0,0.0,0.0,1.0
2,2072,0.24,0.0,0.0,0.0,0.0,0.0,1.0
2,2072,0.25,0.0,0.0,0.0,0.0,0.0,1.0
2,2072,0.26,0.0,0.0,0.0,0.0,0.0,1.0
2,2072,0.27,0.0,0.0,0.0,0.0,0.0,1.0
2,2072,0.28,0.0,0.0,0.0,0.0,0.0,1.0
2,2072,0.29,0.0,0.0,0.0,0.0,0.0,1.0
2,2072,0.3,0.0,0.0,0.0,0.0,0.0,1.0
2,2072,0.31,0.0,0.0,0.0,0.0,0.0,1.0
2,2072,0.32,0.0,0.0,0.0,0.0,0.0,1.0
2,2072,0.33,0.0,0.0,0.0,0.0,0.0,1.0
2,2072,0.34,0.0,0.0,0.0,0.0,0.0,1.0
2,2072,0.35000000000000003,0.0,0.0,0.0,0.0,0.0,1.0
2,2072,0.36,0.0,0.0,0.0,0.0,0.0,1.0
2,2072,0.37,0.0,0.0,0.0,0.0,0.0,1.0
2,2072,0.38,0.0,0.0,0.0,0.0,0.0,1.0
2,2072,0.39,0.0,0.0,0.0,0.0,0.0,1.0
2,2072,0.4,0.0,0.0,0.0,0.0,0.0,1.0
2,2072,0.41000000000000003,0.0,0.0,0.0,0.0,0.0,1.0
2,2072,0.42,0.0,0.0,0.0,0.0,0.0,1.0
2,2072,0.43,0.0,0.0,0.0,0.0,0.0,1.0
2,2072,0.44,0.0,0.0,0.0,0.0,0.0,1.0
2,2072,0.45,0.0,0.0,0.0,0.0,0.0,1.0
2,2072,0.46,0.0,0.0,0.0,0.0,0.0,1.0
2,2072,0.47000000000000003,0.0,0.0,0.0,0.0,0.0,1.0
2,2072,0.48,0.0,0.0,0.0,0.0,0.0,1.0
2,2072,0.49,0.0,0.0,0.0,0.0,0.0,1.0
2,2072,0.5,0.0,0.0,0.0,0.0,0.0,1.0
2,2072,0.51,0.0,0.0,0.0,0.0,0.0,1.0
2,2072,0.52,0.0,0.0,0.0,0.0,0.0,1.0
2,2072,0.53,0.0,0.0,0.0,0.0,0.0,1.0
2,2072,0.54,0.0,0.0,0.0,0.0,0.0,1.0
2,2072,0.55,0.0,0.0,0.0,0.0,0.0,1.0
2,2072,0.56,0.0,0.0,0.0,0.0,0.0,1.0
2,2072,0.5700000000000001,0.0,0.0,0.0,0.0,0.0,1.0
2,2072,0.58,0.0,0.0,0.0,0.0,0.0,1.0
2,2072,0.59,0.0,0.0,0.0,0.0,0.0,1.0
2,2072,0.6,0.0,0.0,0.0,0.0,0.0,1.0
2,2072,0.61,0.0,0.0,0.0,0.0,0.0,1.0
2,2072,0.62,0.0,0.0,0.0,0.0,0.0,1.0
2,2072,0.63,0.0,0.0,0.0,0.0,0.0,1.0
2,2072,0.64,0.0,0.0,0.0,0.0,0.0,1.0
2,2072,0.65,0.0,0.0,0.0,0.0,0.0,1.0
2,2072,0.66,0.0,0.0,0.0,0.0,0.0,1.0
2,2072,0.67,0.0,0.0,0.0,0.0,0.0,1.0
2,2072,0.68,0.0,0.0,0.0,0.0,0.0,1.0
2,2072,0.6900000000000001,0.0,0.0,0.0,0.0,0.0,1.0
2,2072,0.7000000000000001,0.0,0.0,0.0,0.0,0.0,1.0
2,2072,0.71,0.0,0.0,0.0,0.0,0.0,1.0
2,2072,0.72,0.0,0.0,0.0,0.0,0.0,1.0
2,2072,0.73,0.0,0.0,0.0,0.0,0.0,1.0
2,2072,0.74,0.0,0.0,0.0,0.0,0.0,1.0
2,2072,0.75,0.0,0.0,0.0,0.0,0.0,1.0
2,2072,0.76,0.0,0.0,0.0,0.0,0.0,1.0
2,2072,0.77,0.0,0.0,0.0,0.0,0.0,1.0
2,2072,0.78,0.0,0.0,0.0,0.0,0.0,1.0
2,2072,0.79,0.0,0.0,0.0,0.0,0.0,1.0
2,2072,0.8,0.0,0.0,0.0,0.0,0.0,1.0
2,2072,0.81,0.0,0.0,0.0,0.0,0.0,1.0
2,2072,0.8200000000000001,0.0,0.0,0.0,0.0,0.0,1.0
2,2072,0.8300000000000001,0.0,0.0,0.0,0.0,0.0,1.0
2,2072,0.84,0.0,0.0,0.0,0.0,0.0,1.0
2,2072,0.85,0.0,0.0,0.0,0.0,0.0,1.0
2,2072,0.86,0.0,0.0,0.0,0.0,0.0,1.0
2,2072,0.87,0.0,0.0,0.0,0.0,0.0,1.0
2,2072,0.88,0.0,0.0,0.0,0.0,0.0,1.0
2,2072,0.89,0.0,0.0,0.0,0.0,0.0,1.0
2,2072,0.9,0.0,0.0,0.0,0.0,0.0,1.0
2,2072,0.91,0.0,0.0,0.0,0.0,0.0,1.0
2,2072,0.92,0.0,0.0,0.0,0.0,0.0,1.0
2,2072,0.93,0.0,0.0,0.0,0.0,0.0,1.0
2,2072,0.9400000000000001,0.0,0.0,0.0,0.0,0.0,1.0
2,2072,0.9500000000000001,0.0,0.0,0.0,0.0,0.0,1.0
2,2072,0.96,0.0,0.0,0.0,0.0,0.0,1.0
2,2072,0.97,0.0,0.0,0.0,0.0,0.0,1.0
2,2072,0.98,0.0,0.0,0.0,0.0,0.0,1.0
2,2072,0.99,0.0,0.0,0.0,0.0,0.0,1.0
2,2072,1.0,0.0,0.0,0.0,0.0,0.0,1.0
2,2073,0.01,0.2020556175962979,0.1812894612772154,0.21841974281768564,0.2133222793578167,0.1002075685350021,0.08470533041598213
2,2073,0.02,0.2020556175962979,0.1812894612772154,0.21841974281768564,0.2133222793578167,0.1002075685350021,0.08470533041598213
2,2073,0.03,0.0,0.0,0.0,0.0,0.0,1.0
2,2073,0.04,0.0,0.0,0.0,0.0,0.0,1.0
2,2073,0.05,0.0,0.0,0.0,0.0,0.0,1.0
2,2073,0.06,0.0,0.0,0.0,0.0,0.0,1.0
2,2073,0.07,0.0,0.0,0.0,0.0,0.0,1.0
2,2073,0.08,0.0,0.0,0.0,0.0,0.0,1.0
2,2073,0.09,0.0,0.0,0.0,0.0,0.0,1.0
2,2073,0.1,0.0,0.0,0.0,0.0,0.0,1.0
2,2073,0.11,0.0,0.0,0.0,0.0,0.0,1.0
2,2073,0.12,0.0,0.0,0.0,0.0,0.0,1.0
2,2073,0.13,0.0,0.0,0.0,0.0,0.0,1.0
2,2073,0.14,0.0,0.0,0.0,0.0,0.0,1.0
2,2073,0.15,0.0,0.0,0.0,0.0,0.0,1.0
2,2073,0.16,0.0,0.0,0.0,0.0,0.0,1.0
2,2073,0.17,0.0,0.0,0.0,0.0,0.0,1.0
2,2073,0.18,0.0,0.0,0.0,0.0,0.0,1.0
2,2073,0.19,0.0,0.0,0.0,0.0,0.0,1.0
2,2073,0.2,0.0,0.0,0.0,0.0,0.0,1.0
2,2073,0.21,0.0,0.0,0.0,0.0,0.0,1.0
2,2073,0.22,0.0,0.0,0.0,0.0,0.0,1.0
2,2073,0.23,0.0,0.0,0.0,0.0,0.0,1.0
2,2073,0.24,0.0,0.0,0.0,0.0,0.0,1.0
2,2073,0.25,0.0,0.0,0.0,0.0,0.0,1.0
2,2073,0.26,0.0,0.0,0.0,0.0,0.0,1.0
2,2073,0.27,0.0,0.0,0.0,0.0,0.0,1.0
2,2073,0.28,0.0,0.0,0.0,0.0,0.0,1.0
2,2073,0.29,0.0,0.0,0.0,0.0,0.0,1.0
2,2073,0.3,0.0,0.0,0.0,0.0,0.0,1.0
2,2073,0.31,0.0,0.0,0.0,0.0,0.0,1.0
2,2073,0.32,0.0,0.0,0.0,0.0,0.0,1.0
2,2073,0.33,0.0,0.0,0.0,0.0,0.0,1.0
2,2073,0.34,0.0,0.0,0.0,0.0,0.0,1.0
2,2073,0.35000000000000003,0.0,0.0,0.0,0.0,0.0,1.0
2,2073,0.36,0.0,0.0,0.0,0.0,0.0,1.0
2,2073,0.37,0.0,0.0,0.0,0.0,0.0,1.0
2,2073,0.38,0.0,0.0,0.0,0.0,0.0,1.0
2,2073,0.39,0.0,0.0,0.0,0.0,0.0,1.0
2,2073,0.4,0.0,0.0,0.0,0.0,0.0,1.0
2,2073,0.41000000000000003,0.0,0.0,0.0,0.0,0.0,1.0
2,2073,0.42,0.0,0.0,0.0,0.0,0.0,1.0
2,2073,0.43,0.0,0.0,0.0,0.0,0.0,1.0
2,2073,0.44,0.0,0.0,0.0,0.0,0.0,1.0
2,2073,0.45,0.0,0.0,0.0,0.0,0.0,1.0
2,2073,0.46,0.0,0.0,0.0,0.0,0.0,1.0
2,2073,0.47000000000000003,0.0,0.0,0.0,0.0,0.0,1.0
2,2073,0.48,0.0,0.0,0.0,0.0,0.0,1.0
2,2073,0.49,0.0,0.0,0.0,0.0,0.0,1.0
2,2073,0.5,0.0,0.0,0.0,0.0,0.0,1.0
2,2073,0.51,0.0,0.0,0.0,0.0,0.0,1.0
2,2073,0.52,0.0,0.0,0.0,0.0,0.0,1.0
2,2073,0.53,0.0,0.0,0.0,0.0,0.0,1.0
2,2073,0.54,0.0,0.0,0.0,0.0,0.0,1.0
2,2073,0.55,0.0,0.0,0.0,0.0,0.0,1.0
2,2073,0.56,0.0,0.0,0.0,0.0,0.0,1.0
2,2073,0.5700000000000001,0.0,0.0,0.0,0.0,0.0,1.0
2,2073,0.58,0.0,0.0,0.0,0.0,0.0,1.0
2,2073,0.59,0.0,0.0,0.0,0.0,0.0,1.0
2,2073,0.6,0.0,0.0,0.0,0.0,0.0,1.0
2,2073,0.61,0.0,0.0,0.0,0.0,0.0,1.0
2,2073,0.62,0.0,0.0,0.0,0.0,0.0,1.0
2,2073,0.63,0.0,0.0,0.0,0.0,0.0,1.0
2,2073,0.64,0.0,0.0,0.0,0.0,0.0,1.0
2,2073,0.65,0.0,0.0,0.0,0.0,0.0,1.0
2,2073,0.66,0.0,0.0,0.0,0.0,0.0,1.0
2,2073,0.67,0.0,0.0,0.0,0.0,0.0,1.0
2,2073,0.68,0.0,0.0,0.0,0.0,0.0,1.0
2,2073,0.6900000000000001,0.0,0.0,0.0,0.0,0.0,1.0
2,2073,0.7000000000000001,0.0,0.0,0.0,0.0,0.0,1.0
2,2073,0.71,0.0,0.0,0.0,0.0,0.0,1.0
2,2073,0.72,0.0,0.0,0.0,0.0,0.0,1.0
2,2073,0.73,0.0,0.0,0.0,0.0,0.0,1.0
2,2073,0.74,0.0,0.0,0.0,0.0,0.0,1.0
2,2073,0.75,0.0,0.0,0.0,0.0,0.0,1.0
2,2073,0.76,0.0,0.0,0.0,0.0,0.0,1.0
2,2073,0.77,0.0,0.0,0.0,0.0,0.0,1.0
2,2073,0.78,0.0,0.0,0.0,0.0,0.0,1.0
2,2073,0.79,0.0,0.0,0.0,0.0,0.0,1.0
2,2073,0.8,0.0,0.0,0.0,0.0,0.0,1.0
2,2073,0.81,0.0,0.0,0.0,0.0,0.0,1.0
2,2073,0.8200000000000001,0.0,0.0,0.0,0.0,0.0,1.0
2,2073,0.8300000000000001,0.0,0.0,0.0,0.0,0.0,1.0
2,2073,0.84,0.0,0.0,0.0,0.0,0.0,1.0
2,2073,0.85,0.0,0.0,0.0,0.0,0.0,1.0
2,2073,0.86,0.0,0.0,0.0,0.0,0.0,1.0
2,2073,0.87,0.0,0.0,0.0,0.0,0.0,1.0
2,2073,0.88,0.0,0.0,0.0,0.0,0.0,1.0
2,2073,0.89,0.0,0.0,0.0,0.0,0.0,1.0
2,2073,0.9,0.0,0.0,0.0,0.0,0.0,1.0
2,2073,0.91,0.0,0.0,0.0,0.0,0.0,1.0
2,2073,0.92,0.0,0.0,0.0,0.0,0.0,1.0
2,2073,0.93,0.0,0.0,0.0,0.0,0.0,1.0
2,2073,0.9400000000000001,0.0,0.0,0.0,0.0,0.0,1.0
2,2073,0.9500000000000001,0.0,0.0,0.0,0.0,0.0,1.0
2,2073,0.96,0.0,0.0,0.0,0.0,0.0,1.0
2,2073,0.97,0.0,0.0,0.0,0.0,0.0,1.0
2,2073,0.98,0.0,0.0,0.0,0.0,0.0,1.0
2,2073,0.99,0.0,0.0,0.0,0.0,0.0,1.0
2,2073,1.0,0.0,0.0,0.0,0.0,0.0,1.0
2,2074,0.01,0.24542413233584975,0.24324499560874865,0.26252553953356744,0.0161583632402089,0.06614178926146178,0.16650518002016346
2,2074,0.02,0.24542413233584975,0.24324499560874865,0.26252553953356744,0.0161583632402089,0.06614178926146178,0.16650518002016346
2,2074,0.03,0.0,0.0,0.0,0.0,0.0,1.0
2,2074,0.04,0.0,0.0,0.0,0.0,0.0,1.0
2,2074,0.05,0.0,0.0,0.0,0.0,0.0,1.0
2,2074,0.06,0.0,0.0,0.0,0.0,0.0,1.0
2,2074,0.07,0.0,0.0,0.0,0.0,0.0,1.0
2,2074,0.08,0.0,0.0,0.0,0.0,0.0,1.0
2,2074,0.09,0.0,0.0,0.0,0.0,0.0,1.0
2,2074,0.1,0.0,0.0,0.0,0.0,0.0,1.0
2,2074,0.11,0.0,0.0,0.0,0.0,0.0,1.0
2,2074,0.12,0.0,0.0,0.0,0.0,0.0,1.0
2,2074,0.13,0.0,0.0,0.0,0.0,0.0,1.0
2,2074,0.14,0.0,0.0,0.0,0.0,0.0,1.0
2,2074,0.15,0.0,0.0,0.0,0.0,0.0,1.0
2,2074,0.16,0.0,0.0,0.0,0.0,0.0,1.0
2,2074,0.17,0.0,0.0,0.0,0.0,0.0,1.0
2,2074,0.18,0.0,0.0,0.0,0.0,0.0,1.0
2,2074,0.19,0.0,0.0,0.0,0.0,0.0,1.0
2,2074,0.2,0.0,0.0,0.0,0.0,0.0,1.0
2,2074,0.21,0.0,0.0,0.0,0.0,0.0,1.0
2,2074,0.22,0.0,0.0,0.0,0.0,0.0,1.0
2,2074,0.23,0.0,0.0,0.0,0.0,0.0,1.0
2,2074,0.24,0.0,0.0,0.0,0.0,0.0,1.0
2,2074,0.25,0.0,0.0,0.0,0.0,0.0,1.0
2,2074,0.26,0.0,0.0,0.0,0.0,0.0,1.0
2,2074,0.27,0.0,0.0,0.0,0.0,0.0,1.0
2,2074,0.28,0.0,0.0,0.0,0.0,0.0,1.0
2,2074,0.29,0.0,0.0,0.0,0.0,0.0,1.0
2,2074,0.3,0.0,0.0,0.0,0.0,0.0,1.0
2,2074,0.31,0.0,0.0,0.0,0.0,0.0,1.0
2,2074,0.32,0.0,0.0,0.0,0.0,0.0,1.0
2,2074,0.33,0.0,0.0,0.0,0.0,0.0,1.0
2,2074,0.34,0.0,0.0,0.0,0.0,0.0,1.0
2,2074,0.35000000000000003,0.0,0.0,0.0,0.0,0.0,1.0
2,2074,0.36,0.0,0.0,0.0,0.0,0.0,1.0
2,2074,0.37,0.0,0.0,0.0,0.0,0.0,1.0
2,2074,0.38,0.0,0.0,0.0,0.0,0.0,1.0
2,2074,0.39,0.0,0.0,0.0,0.0,0.0,1.0
2,2074,0.4,0.0,0.0,0.0,0.0,0.0,1.0
2,2074,0.41000000000000003,0.0,0.0,0.0,0.0,0.0,1.0
2,2074,0.42,0.0,0.0,0.0,0.0,0.0,1.0
2,2074,0.43,0.0,0.0,0.0,0.0,0.0,1.0
2,2074,0.44,0.0,0.0,0.0,0.0,0.0,1.0
2,2074,0.45,0.0,0.0,0.0,0.0,0.0,1.0
2,2074,0.46,0.0,0.0,0.0,0.0,0.0,1.0
2,2074,0.47000000000000003,0.0,0.0,0.0,0.0,0.0,1.0
2,2074,0.48,0.0,0.0,0.0,0.0,0.0,1.0
2,2074,0.49,0.0,0.0,0.0,0.0,0.0,1.0
2,2074,0.5,0.0,0.0,0.0,0.0,0.0,1.0
2,2074,0.51,0.0,0.0,0.0,0.0,0.0,1.0
2,2074,0.52,0.0,0.0,0.0,0.0,0.0,1.0
2,2074,0.53,0.0,0.0,0.0,0.0,0.0,1.0
2,2074,0.54,0.0,0.0,0.0,0.0,0.0,1.0
2,2074,0.55,0.0,0.0,0.0,0.0,0.0,1.0
2,2074,0.56,0.0,0.0,0.0,0.0,0.0,1.0
2,2074,0.5700000000000001,0.0,0.0,0.0,0.0,0.0,1.0
2,2074,0.58,0.0,0.0,0.0,0.0,0.0,1.0
2,2074,0.59,0.0,0.0,0.0,0.0,0.0,1.0
2,2074,0.6,0.0,0.0,0.0,0.0,0.0,1.0
2,2074,0.61,0.0,0.0,0.0,0.0,0.0,1.0
2,2074,0.62,0.0,0.0,0.0,0.0,0.0,1.0
2,2074,0.63,0.0,0.0,0.0,0.0,0.0,1.0
2,2074,0.64,0.0,0.0,0.0,0.0,0.0,1.0
2,2074,0.65,0.0,0.0,0.0,0.0,0.0,1.0
2,2074,0.66,0.0,0.0,0.0,0.0,0.0,1.0
2,2074,0.67,0.0,0.0,0.0,0.0,0.0,1.0
2,2074,0.68,0.0,0.0,0.0,0.0,0.0,1.0
2,2074,0.6900000000000001,0.0,0.0,0.0,0.0,0.0,1.0
2,2074,0.7000000000000001,0.0,0.0,0.0,0.0,0.0,1.0
2,2074,0.71,0.0,0.0,0.0,0.0,0.0,1.0
2,2074,0.72,0.0,0.0,0.0,0.0,0.0,1.0
2,2074,0.73,0.0,0.0,0.0,0.0,0.0,1.0
2,2074,0.74,0.0,0.0,0.0,0.0,0.0,1.0
2,2074,0.75,0.0,0.0,0.0,0.0,0.0,1.0
2,2074,0.76,0.0,0.0,0.0,0.0,0.0,1.0
2,2074,0.77,0.0,0.0,0.0,0.0,0.0,1.0
2,2074,0.78,0.0,0.0,0.0,0.0,0.0,1.0
2,2074,0.79,0.0,0.0,0.0,0.0,0.0,1.0
2,2074,0.8,0.0,0.0,0.0,0.0,0.0,1.0
2,2074,0.81,0.0,0.0,0.0,0.0,0.0,1.0
2,2074,0.8200000000000001,0.0,0.0,0.0,0.0,0.0,1.0
2,2074,0.8300000000000001,0.0,0.0,0.0,0.0,0.0,1.0
2,2074,0.84,0.0,0.0,0.0,0.0,0.0,1.0
2,2074,0.85,0.0,0.0,0.0,0.0,0.0,1.0
2,2074,0.86,0.0,0.0,0.0,0.0,0.0,1.0
2,2074,0.87,0.0,0.0,0.0,0.0,0.0,1.0
2,2074,0.88,0.0,0.0,0.0,0.0,0.0,1.0
2,2074,0.89,0.0,0.0,0.0,0.0,0.0,1.0
2,2074,0.9,0.0,0.0,0.0,0.0,0.0,1.0
2,2074,0.91,0.0,0.0,0.0,0.0,0.0,1.0
2,2074,0.92,0.0,0.0,0.0,0.0,0.0,1.0
2,2074,0.93,0.0,0.0,0.0,0.0,0.0,1.0
2,2074,0.9400000000000001,0.0,0.0,0.0,0.0,0.0,1.0
2,2074,0.9500000000000001,0.0,0.0,0.0,0.0,0.0,1.0
2,2074,0.96,0.0,0.0,0.0,0.0,0.0,1.0
2,2074,0.97,0.0,0.0,0.0,0.0,0.0,1.0
2,2074,0.98,0.0,0.0,0.0,0.0,0.0,1.0
2,2074,0.99,0.0,0.0,0.0,0.0,0.0,1.0
2,2074,1.0,0.0,0.0,0.0,0.0,0.0,1.0
2,2075,0.01,0.24944462892962554,0.15571301895850742,0.15301682370015032,0.05320459022334305,0.13022301435232897,0.25839792383604476
2,2075,0.02,0.24944462892962554,0.15571301895850742,0.15301682370015032,0.05320459022334305,0.13022301435232897,0.25839792383604476
2,2075,0.03,0.24944462892962554,0.15571301895850742,0.15301682370015032,0.05320459022334305,0.13022301435232897,0.25839792383604476
2,2075,0.04,0.24944462892962554,0.15571301895850742,0.15301682370015032,0.05320459022334305,0.13022301435232897,0.25839792383604476
2,2075,0.05,0.24944462892962554,0.15571301895850742,0.15301682370015032,0.05320459022334305,0.13022301435232897,0.25839792383604476
2,2075,0.06,0.24944462892962554,0.15571301895850742,0.15301682370015032,0.05320459022334305,0.13022301435232897,0.25839792383604476
2,2075,0.07,0.24944462892962554,0.15571301895850742,0.15301682370015032,0.05320459022334305,0.13022301435232897,0.25839792383604476
2,2075,0.08,0.24944462892962554,0.15571301895850742,0.15301682370015032,0.05320459022334305,0.13022301435232897,0.25839792383604476
2,2075,0.09,0.24944462892962554,0.15571301895850742,0.15301682370015032,0.05320459022334305,0.13022301435232897,0.25839792383604476
2,2075,0.1,0.24944462892962554,0.15571301895850742,0.15301682370015032,0.05320459022334305,0.13022301435232897,0.25839792383604476
2,2075,0.11,0.24944462892962554,0.15571301895850742,0.15301682370015032,0.05320459022334305,0.13022301435232897,0.25839792383604476
2,2075,0.12,0.24944462892962554,0.15571301895850742,0.15301682370015032,0.05320459022334305,0.13022301435232897,0.25839792383604476
2,2075,0.13,0.24944462892962554,0.15571301895850742,0.15301682370015032,0.05320459022334305,0.13022301435232897,0.25839792383604476
2,2075,0.14,0.24944462892962554,0.15571301895850742,0.15301682370015032,0.05320459022334305,0.13022301435232897,0.25839792383604476
2,2075,0.15,0.24944462892962554,0.15571301895850742,0.15301682370015032,0.05320459022334305,0.13022301435232897,0.25839792383604476
2,2075,0.16,0.24944462892962554,0.15571301895850742,0.15301682370015032,0.05320459022334305,0.13022301435232897,0.25839792383604476
2,2075,0.17,0.24944462892962554,0.15571301895850742,0.15301682370015032,0.05320459022334305,0.13022301435232897,0.25839792383604476
2,2075,0.18,0.24944462892962554,0.15571301895850742,0.15301682370015032,0.05320459022334305,0.13022301435232897,0.25839792383604476
2,2075,0.19,0.24944462892962554,0.15571301895850742,0.15301682370015032,0.05320459022334305,0.13022301435232897,0.25839792383604476
2,2075,0.2,0.24944462892962554,0.15571301895850742,0.15301682370015032,0.05320459022334305,0.13022301435232897,0.25839792383604476
2,2075,0.21,0.24944462892962554,0.15571301895850742,0.15301682370015032,0.05320459022334305,0.13022301435232897,0.25839792383604476
2,2075,0.22,0.24944462892962554,0.15571301895850742,0.15301682370015032,0.05320459022334305,0.13022301435232897,0.25839792383604476
2,2075,0.23,0.24944462892962554,0.15571301895850742,0.15301682370015032,0.05320459022334305,0.13022301435232897,0.25839792383604476
2,2075,0.24,0.24944462892962554,0.15571301895850742,0.15301682370015032,0.05320459022334305,0.13022301435232897,0.25839792383604476
2,2075,0.25,0.24944462892962554,0.15571301895850742,0.15301682370015032,0.05320459022334305,0.13022301435232897,0.25839792383604476
2,2075,0.26,0.24944462892962554,0.15571301895850742,0.15301682370015032,0.05320459022334305,0.13022301435232897,0.25839792383604476
2,2075,0.27,0.24944462892962554,0.15571301895850742,0.15301682370015032,0.05320459022334305,0.13022301435232897,0.25839792383604476
2,2075,0.28,0.24944462892962554,0.15571301895850742,0.15301682370015032,0.05320459022334305,0.13022301435232897,0.25839792383604476
2,2075,0.29,0.24944462892962554,0.15571301895850742,0.15301682370015032,0.05320459022334305,0.13022301435232897,0.25839792383604476
2,2075,0.3,0.24944462892962554,0.15571301895850742,0.15301682370015032,0.05320459022334305,0.13022301435232897,0.25839792383604476
2,2075,0.31,0.24944462892962554,0.15571301895850742,0.15301682370015032,0.05320459022334305,0.13022301435232897,0.25839792383604476
2,2075,0.32,0.24944462892962554,0.15571301895850742,0.15301682370015032,0.05320459022334305,0.13022301435232897,0.25839792383604476
2,2075,0.33,0.24944462892962554,0.15571301895850742,0.15301682370015032,0.05320459022334305,0.13022301435232897,0.25839792383604476
2,2075,0.34,0.24944462892962554,0.15571301895850742,0.15301682370015032,0.05320459022334305,0.13022301435232897,0.25839792383604476
2,2075,0.35000000000000003,0.24944462892962554,0.15571301895850742,0.15301682370015032,0.05320459022334305,0.13022301435232897,0.25839792383604476
2,2075,0.36,0.24944462892962554,0.15571301895850742,0.15301682370015032,0.05320459022334305,0.13022301435232897,0.25839792383604476
2,2075,0.37,0.24944462892962554,0.15571301895850742,0.15301682370015032,0.05320459022334305,0.13022301435232897,0.25839792383604476
2,2075,0.38,0.24944462892962554,0.15571301895850742,0.15301682370015032,0.05320459022334305,0.13022301435232897,0.25839792383604476
2,2075,0.39,0.24944462892962554,0.15571301895850742,0.15301682370015032,0.05320459022334305,0.13022301435232897,0.25839792383604476
2,2075,0.4,0.24944462892962554,0.15571301895850742,0.15301682370015032,0.05320459022334305,0.13022301435232897,0.25839792383604476
2,2075,0.41000000000000003,0.24944462892962554,0.15571301895850742,0.15301682370015032,0.05320459022334305,0.13022301435232897,0.25839792383604476
2,2075,0.42,0.24944462892962554,0.15571301895850742,0.15301682370015032,0.05320459022334305,0.13022301435232897,0.25839792383604476
2,2075,0.43,0.24944462892962554,0.15571301895850742,0.15301682370015032,0.05320459022334305,0.13022301435232897,0.25839792383604476
2,2075,0.44,0.24944462892962554,0.15571301895850742,0.15301682370015032,0.05320459022334305,0.13022301435232897,0.25839792383604476
2,2075,0.45,0.24944462892962554,0.15571301895850742,0.15301682370015032,0.05320459022334305,0.13022301435232897,0.25839792383604476
2,2075,0.46,0.24944462892962554,0.15571301895850742,0.15301682370015032,0.05320459022334305,0.13022301435232897,0.25839792383604476
2,2075,0.47000000000000003,0.24944462892962554,0.15571301895850742,0.15301682370015032,0.05320459022334305,0.13022301435232897,0.25839792383604476
2,2075,0.48,0.24944462892962554,0.15571301895850742,0.15301682370015032,0.05320459022334305,0.13022301435232897,0.25839792383604476
2,2075,0.49,0.24944462892962554,0.15571301895850742,0.15301682370015032,0.05320459022334305,0.13022301435232897,0.25839792383604476
2,2075,0.5,0.24944462892962554,0.15571301895850742,0.15301682370015032,0.05320459022334305,0.13022301435232897,0.25839792383604476
2,2075,0.51,0.24944462892962554,0.15571301895850742,0.15301682370015032,0.05320459022334305,0.13022301435232897,0.25839792383604476
2,2075,0.52,0.24944462892962554,0.15571301895850742,0.15301682370015032,0.05320459022334305,0.13022301435232897,0.25839792383604476
2,2075,0.53,0.24944462892962554,0.15571301895850742,0.15301682370015032,0.05320459022334305,0.13022301435232897,0.25839792383604476
2,2075,0.54,0.24944462892962554,0.15571301895850742,0.15301682370015032,0.05320459022334305,0.13022301435232897,0.25839792383604476
2,2075,0.55,0.24944462892962554,0.15571301895850742,0.15301682370015032,0.05320459022334305,0.13022301435232897,0.25839792383604476
2,2075,0.56,0.24944462892962554,0.15571301895850742,0.15301682370015032,0.05320459022334305,0.13022301435232897,0.25839792383604476
2,2075,0.5700000000000001,0.24944462892962554,0.15571301895850742,0.15301682370015032,0.05320459022334305,0.13022301435232897,0.25839792383604476
2,2075,0.58,0.24944462892962554,0.15571301895850742,0.15301682370015032,0.05320459022334305,0.13022301435232897,0.25839792383604476
2,2075,0.59,0.24944462892962554,0.15571301895850742,0.15301682370015032,0.05320459022334305,0.13022301435232897,0.25839792383604476
2,2075,0.6,0.24944462892962554,0.15571301895850742,0.15301682370015032,0.05320459022334305,0.13022301435232897,0.25839792383604476
2,2075,0.61,0.24944462892962554,0.15571301895850742,0.15301682370015032,0.05320459022334305,0.13022301435232897,0.25839792383604476
2,2075,0.62,0.24944462892962554,0.15571301895850742,0.15301682370015032,0.05320459022334305,0.13022301435232897,0.25839792383604476
2,2075,0.63,0.24944462892962554,0.15571301895850742,0.15301682370015032,0.05320459022334305,0.13022301435232897,0.25839792383604476
2,2075,0.64,0.24944462892962554,0.15571301895850742,0.15301682370015032,0.05320459022334305,0.13022301435232897,0.25839792383604476
2,2075,0.65,0.0,0.0,0.0,0.0,0.0,1.0
2,2075,0.66,0.0,0.0,0.0,0.0,0.0,1.0
2,2075,0.67,0.0,0.0,0.0,0.0,0.0,1.0
2,2075,0.68,0.0,0.0,0.0,0.0,0.0,1.0
2,2075,0.6900000000000001,0.0,0.0,0.0,0.0,0.0,1.0
2,2075,0.7000000000000001,0.0,0.0,0.0,0.0,0.0,1.0
2,2075,0.71,0.0,0.0,0.0,0.0,0.0,1.0
2,2075,0.72,0.0,0.0,0.0,0.0,0.0,1.0
2,2075,0.73,0.0,0.0,0.0,0.0,0.0,1.0
2,2075,0.74,0.0,0.0,0.0,0.0,0.0,1.0
2,2075,0.75,0.0,0.0,0.0,0.0,0.0,1.0
2,2075,0.76,0.0,0.0,0.0,0.0,0.0,1.0
2,2075,0.77,0.0,0.0,0.0,0.0,0.0,1.0
2,2075,0.78,0.0,0.0,0.0,0.0,0.0,1.0
2,2075,0.79,0.0,0.0,0.0,0.0,0.0,1.0
2,2075,0.8,0.0,0.0,0.0,0.0,0.0,1.0
2,2075,0.81,0.0,0.0,0.0,0.0,0.0,1.0
2,2075,0.8200000000000001,0.0,0.0,0.0,0.0,0.0,1.0
2,2075,0.8300000000000001,0.0,0.0,0.0,0.0,0.0,1.0
2,2075,0.84,0.0,0.0,0.0,0.0,0.0,1.0
2,2075,0.85,0.0,0.0,0.0,0.0,0.0,1.0
2,2075,0.86,0.0,0.0,0.0,0.0,0.0,1.0
2,2075,0.87,0.0,0.0,0.0,0.0,0.0,1.0
2,2075,0.88,0.0,0.0,0.0,0.0,0.0,1.0
2,2075,0.89,0.0,0.0,0.0,0.0,0.0,1.0
2,2075,0.9,0.0,0.0,0.0,0.0,0.0,1.0
2,2075,0.91,0.0,0.0,0.0,0.0,0.0,1.0
2,2075,0.92,0.0,0.0,0.0,0.0,0.0,1.0
2,2075,0.93,0.0,0.0,0.0,0.0,0.0,1.0
2,2075,0.9400000000000001,0.0,0.0,0.0,0.0,0.0,1.0
2,2075,0.9500000000000001,0.0,0.0,0.0,0.0,0.0,1.0
2,2075,0.96,0.0,0.0,0.0,0.0,0.0,1.0
2,2075,0.97,0.0,0.0,0.0,0.0,0.0,1.0
2,2075,0.98,0.0,0.0,0.0,0.0,0.0,1.0
2,2075,0.99,0.0,0.0,0.0,0.0,0.0,1.0
2,2075,1.0,0.0,0.0,0.0,0.0,0.0,1.0
