Year,Allocation Level,0,1,2,3,4,5
2025,0.01,0.025385760222753094,0.34108810045754967,0.041988663634313736,0.004465756770425228,0.25099785195283325,0.3360738669621252
2025,0.02,0.025385760222753094,0.34108810045754967,0.041988663634313736,0.004465756770425228,0.25099785195283325,0.3360738669621252
2025,0.03,0.025385760222753094,0.34108810045754967,0.041988663634313736,0.004465756770425228,0.25099785195283325,0.3360738669621252
2025,0.04,0.025385760222753094,0.34108810045754967,0.041988663634313736,0.004465756770425228,0.25099785195283325,0.3360738669621252
2025,0.05,0.025385760222753094,0.34108810045754967,0.041988663634313736,0.004465756770425228,0.25099785195283325,0.3360738669621252
2025,0.060000000000000005,0.025385760222753094,0.34108810045754967,0.041988663634313736,0.004465756770425228,0.25099785195283325,0.3360738669621252
2025,0.06999999999999999,0.025385760222753094,0.34108810045754967,0.041988663634313736,0.004465756770425228,0.25099785195283325,0.3360738669621252
2025,0.08,0.025385760222753094,0.34108810045754967,0.041988663634313736,0.004465756770425228,0.25099785195283325,0.3360738669621252
2025,0.09,0.025385760222753094,0.34108810045754967,0.041988663634313736,0.004465756770425228,0.25099785195283325,0.3360738669621252
2025,0.09999999999999999,0.025385760222753094,0.34108810045754967,0.041988663634313736,0.004465756770425228,0.25099785195283325,0.3360738669621252
2025,0.11,0.025385760222753094,0.34108810045754967,0.041988663634313736,0.004465756770425228,0.25099785195283325,0.3360738669621252
2025,0.12,0.025385760222753094,0.34108810045754967,0.041988663634313736,0.004465756770425228,0.25099785195283325,0.3360738669621252
2025,0.13,0.025385760222753094,0.34108810045754967,0.041988663634313736,0.004465756770425228,0.25099785195283325,0.3360738669621252
2025,0.14,0.025385760222753094,0.34108810045754967,0.041988663634313736,0.004465756770425228,0.25099785195283325,0.3360738669621252
2025,0.15000000000000002,0.025385760222753094,0.34108810045754967,0.041988663634313736,0.004465756770425228,0.25099785195283325,0.3360738669621252
2025,0.16,0.025385760222753094,0.34108810045754967,0.041988663634313736,0.004465756770425228,0.25099785195283325,0.3360738669621252
2025,0.17,0.025385760222753094,0.34108810045754967,0.041988663634313736,0.004465756770425228,0.25099785195283325,0.3360738669621252
2025,0.18000000000000002,0.025385760222753094,0.34108810045754967,0.041988663634313736,0.004465756770425228,0.25099785195283325,0.3360738669621252
2025,0.19,0.025385760222753094,0.34108810045754967,0.041988663634313736,0.004465756770425228,0.25099785195283325,0.3360738669621252
2025,0.2,0.025385760222753094,0.34108810045754967,0.041988663634313736,0.004465756770425228,0.25099785195283325,0.3360738669621252
2025,0.21000000000000002,0.025385760222753094,0.34108810045754967,0.041988663634313736,0.004465756770425228,0.25099785195283325,0.3360738669621252
2025,0.22,0.025385760222753094,0.34108810045754967,0.041988663634313736,0.004465756770425228,0.25099785195283325,0.3360738669621252
2025,0.23,0.025385760222753094,0.34108810045754967,0.041988663634313736,0.004465756770425228,0.25099785195283325,0.3360738669621252
2025,0.24000000000000002,0.025385760222753094,0.34108810045754967,0.041988663634313736,0.004465756770425228,0.25099785195283325,0.3360738669621252
2025,0.25,0.025385760222753094,0.34108810045754967,0.041988663634313736,0.004465756770425228,0.25099785195283325,0.3360738669621252
2025,0.26,0.025385760222753094,0.34108810045754967,0.041988663634313736,0.004465756770425228,0.25099785195283325,0.3360738669621252
2025,0.27,0.025385760222753094,0.34108810045754967,0.041988663634313736,0.004465756770425228,0.25099785195283325,0.3360738669621252
2025,0.28,0.025385760222753094,0.34108810045754967,0.041988663634313736,0.004465756770425228,0.25099785195283325,0.3360738669621252
2025,0.29000000000000004,0.025385760222753094,0.34108810045754967,0.041988663634313736,0.004465756770425228,0.25099785195283325,0.3360738669621252
2025,0.3,0.025385760222753094,0.34108810045754967,0.041988663634313736,0.004465756770425228,0.25099785195283325,0.3360738669621252
2025,0.31,0.025385760222753094,0.34108810045754967,0.041988663634313736,0.004465756770425228,0.25099785195283325,0.3360738669621252
2025,0.32,0.025385760222753094,0.34108810045754967,0.041988663634313736,0.004465756770425228,0.25099785195283325,0.3360738669621252
2025,0.33,0.025385760222753094,0.34108810045754967,0.041988663634313736,0.004465756770425228,0.25099785195283325,0.3360738669621252
2025,0.34,0.025385760222753094,0.34108810045754967,0.041988663634313736,0.004465756770425228,0.25099785195283325,0.3360738669621252
2025,0.35000000000000003,0.025385760222753094,0.34108810045754967,0.041988663634313736,0.004465756770425228,0.25099785195283325,0.3360738669621252
2025,0.36000000000000004,0.025385760222753094,0.34108810045754967,0.041988663634313736,0.004465756770425228,0.25099785195283325,0.3360738669621252
2025,0.37,0.025385760222753094,0.34108810045754967,0.041988663634313736,0.004465756770425228,0.25099785195283325,0.3360738669621252
2025,0.38,0.025385760222753094,0.34108810045754967,0.041988663634313736,0.004465756770425228,0.25099785195283325,0.3360738669621252
2025,0.39,0.025385760222753094,0.34108810045754967,0.041988663634313736,0.004465756770425228,0.25099785195283325,0.3360738669621252
2025,0.4,0.025385760222753094,0.34108810045754967,0.041988663634313736,0.004465756770425228,0.25099785195283325,0.3360738669621252
2025,0.41000000000000003,0.025385760222753094,0.34108810045754967,0.041988663634313736,0.004465756770425228,0.25099785195283325,0.3360738669621252
2025,0.42000000000000004,0.025385760222753094,0.34108810045754967,0.041988663634313736,0.004465756770425228,0.25099785195283325,0.3360738669621252
2025,0.43,0.025385760222753094,0.34108810045754967,0.041988663634313736,0.004465756770425228,0.25099785195283325,0.3360738669621252
2025,0.44,0.025385760222753094,0.34108810045754967,0.041988663634313736,0.004465756770425228,0.25099785195283325,0.3360738669621252
2025,0.45,0.025385760222753094,0.34108810045754967,0.041988663634313736,0.004465756770425228,0.25099785195283325,0.3360738669621252
2025,0.46,0.025385760222753094,0.34108810045754967,0.041988663634313736,0.004465756770425228,0.25099785195283325,0.3360738669621252
2025,0.47000000000000003,0.025385760222753094,0.34108810045754967,0.041988663634313736,0.004465756770425228,0.25099785195283325,0.3360738669621252
2025,0.48000000000000004,0.025385760222753094,0.34108810045754967,0.041988663634313736,0.004465756770425228,0.25099785195283325,0.3360738669621252
2025,0.49,0.025385760222753094,0.34108810045754967,0.041988663634313736,0.004465756770425228,0.25099785195283325,0.3360738669621252
2025,0.5,0.025385760222753094,0.34108810045754967,0.041988663634313736,0.004465756770425228,0.25099785195283325,0.3360738669621252
2025,0.51,0.025385760222753094,0.34108810045754967,0.041988663634313736,0.004465756770425228,0.25099785195283325,0.3360738669621252
2025,0.52,0.025385760222753094,0.34108810045754967,0.041988663634313736,0.004465756770425228,0.25099785195283325,0.3360738669621252
2025,0.53,0.025385760222753094,0.34108810045754967,0.041988663634313736,0.004465756770425228,0.25099785195283325,0.3360738669621252
2025,0.54,0.025385760222753094,0.34108810045754967,0.041988663634313736,0.004465756770425228,0.25099785195283325,0.3360738669621252
2025,0.55,0.025385760222753094,0.34108810045754967,0.041988663634313736,0.004465756770425228,0.25099785195283325,0.3360738669621252
2025,0.56,0.025385760222753094,0.34108810045754967,0.041988663634313736,0.004465756770425228,0.25099785195283325,0.3360738669621252
2025,0.5700000000000001,0.025385760222753094,0.34108810045754967,0.041988663634313736,0.004465756770425228,0.25099785195283325,0.3360738669621252
2025,0.5800000000000001,0.025385760222753094,0.34108810045754967,0.041988663634313736,0.004465756770425228,0.25099785195283325,0.3360738669621252
2025,0.59,0.025385760222753094,0.34108810045754967,0.041988663634313736,0.004465756770425228,0.25099785195283325,0.3360738669621252
2025,0.6,0.025385760222753094,0.34108810045754967,0.041988663634313736,0.004465756770425228,0.25099785195283325,0.3360738669621252
2025,0.61,0.025385760222753094,0.34108810045754967,0.041988663634313736,0.004465756770425228,0.25099785195283325,0.3360738669621252
2025,0.62,0.025385760222753094,0.34108810045754967,0.041988663634313736,0.004465756770425228,0.25099785195283325,0.3360738669621252
2025,0.63,0.025385760222753094,0.34108810045754967,0.041988663634313736,0.004465756770425228,0.25099785195283325,0.3360738669621252
2025,0.64,0.025385760222753094,0.34108810045754967,0.041988663634313736,0.004465756770425228,0.25099785195283325,0.3360738669621252
2025,0.65,0.025385760222753094,0.34108810045754967,0.041988663634313736,0.004465756770425228,0.25099785195283325,0.3360738669621252
2025,0.66,0.025385760222753094,0.34108810045754967,0.041988663634313736,0.004465756770425228,0.25099785195283325,0.3360738669621252
2025,0.67,0.025385760222753094,0.34108810045754967,0.041988663634313736,0.004465756770425228,0.25099785195283325,0.3360738669621252
2025,0.68,0.025385760222753094,0.34108810045754967,0.041988663634313736,0.004465756770425228,0.25099785195283325,0.3360738669621252
2025,0.6900000000000001,0.025385760222753094,0.34108810045754967,0.041988663634313736,0.004465756770425228,0.25099785195283325,0.3360738669621252
2025,0.7000000000000001,0.025385760222753094,0.34108810045754967,0.041988663634313736,0.004465756770425228,0.25099785195283325,0.3360738669621252
2025,0.7100000000000001,0.025385760222753094,0.34108810045754967,0.041988663634313736,0.004465756770425228,0.25099785195283325,0.3360738669621252
2025,0.72,0.025385760222753094,0.34108810045754967,0.041988663634313736,0.004465756770425228,0.25099785195283325,0.3360738669621252
2025,0.73,0.025385760222753094,0.34108810045754967,0.041988663634313736,0.004465756770425228,0.25099785195283325,0.3360738669621252
2025,0.74,0.025385760222753094,0.34108810045754967,0.041988663634313736,0.004465756770425228,0.25099785195283325,0.3360738669621252
2025,0.75,0.025385760222753094,0.34108810045754967,0.041988663634313736,0.004465756770425228,0.25099785195283325,0.3360738669621252
2025,0.76,0.025385760222753094,0.34108810045754967,0.041988663634313736,0.004465756770425228,0.25099785195283325,0.3360738669621252
2025,0.77,0.025385760222753094,0.34108810045754967,0.041988663634313736,0.004465756770425228,0.25099785195283325,0.3360738669621252
2025,0.78,0.025385760222753094,0.34108810045754967,0.041988663634313736,0.004465756770425228,0.25099785195283325,0.3360738669621252
2025,0.79,0.025385760222753094,0.34108810045754967,0.041988663634313736,0.004465756770425228,0.25099785195283325,0.3360738669621252
2025,0.8,0.025385760222753094,0.34108810045754967,0.041988663634313736,0.004465756770425228,0.25099785195283325,0.3360738669621252
2025,0.81,0.025385760222753094,0.34108810045754967,0.041988663634313736,0.004465756770425228,0.25099785195283325,0.3360738669621252
2025,0.8200000000000001,0.025385760222753094,0.34108810045754967,0.041988663634313736,0.004465756770425228,0.25099785195283325,0.3360738669621252
2025,0.8300000000000001,0.025385760222753094,0.34108810045754967,0.041988663634313736,0.004465756770425228,0.25099785195283325,0.3360738669621252
2025,0.8400000000000001,0.025385760222753094,0.34108810045754967,0.041988663634313736,0.004465756770425228,0.25099785195283325,0.3360738669621252
2025,0.85,0.025385760222753094,0.34108810045754967,0.041988663634313736,0.004465756770425228,0.25099785195283325,0.3360738669621252
2025,0.86,0.025385760222753094,0.34108810045754967,0.041988663634313736,0.004465756770425228,0.25099785195283325,0.3360738669621252
2025,0.87,0.025385760222753094,0.34108810045754967,0.041988663634313736,0.004465756770425228,0.25099785195283325,0.3360738669621252
2025,0.88,0.025385760222753094,0.34108810045754967,0.041988663634313736,0.004465756770425228,0.25099785195283325,0.3360738669621252
2025,0.89,0.025385760222753094,0.34108810045754967,0.041988663634313736,0.004465756770425228,0.25099785195283325,0.3360738669621252
2025,0.9,0.025385760222753094,0.34108810045754967,0.041988663634313736,0.004465756770425228,0.25099785195283325,0.3360738669621252
2025,0.91,0.025385760222753094,0.34108810045754967,0.041988663634313736,0.004465756770425228,0.25099785195283325,0.3360738669621252
2025,0.92,0.025385760222753094,0.34108810045754967,0.041988663634313736,0.004465756770425228,0.25099785195283325,0.3360738669621252
2025,0.93,0.025385760222753094,0.34108810045754967,0.041988663634313736,0.004465756770425228,0.25099785195283325,0.3360738669621252
2025,0.9400000000000001,0.025385760222753094,0.34108810045754967,0.041988663634313736,0.004465756770425228,0.25099785195283325,0.3360738669621252
2025,0.9500000000000001,0.025385760222753094,0.34108810045754967,0.041988663634313736,0.004465756770425228,0.25099785195283325,0.3360738669621252
2025,0.9600000000000001,0.025385760222753094,0.34108810045754967,0.041988663634313736,0.004465756770425228,0.25099785195283325,0.3360738669621252
2025,0.97,0.025385760222753094,0.34108810045754967,0.041988663634313736,0.004465756770425228,0.25099785195283325,0.3360738669621252
2025,0.98,0.025385760222753094,0.34108810045754967,0.041988663634313736,0.004465756770425228,0.25099785195283325,0.3360738669621252
2025,0.99,0.025385760222753094,0.34108810045754967,0.041988663634313736,0.004465756770425228,0.25099785195283325,0.3360738669621252
2025,1.0,0.025385760222753094,0.34108810045754967,0.041988663634313736,0.004465756770425228,0.25099785195283325,0.3360738669621252
2026,0.01,0.9999999971901702,1.8438421132112349e-09,2.4017572075892186e-12,1.5291270188981653e-11,9.380698395587593e-10,1.0809345689557433e-11
2026,0.02,0.9999999999999999,6.284684771552554e-15,0.0,4.122663989886083e-17,0.0,0.0
2026,0.03,1.0,0.0,0.0,0.0,0.0,0.0
2026,0.04,0.9999999999999998,4.493479931085458e-15,4.478860711622739e-17,0.0,8.80138407607338e-17,6.926556277919449e-17
2026,0.05,1.0,0.0,0.0,0.0,0.0,0.0
2026,0.060000000000000005,0.9999999999990554,0.0,0.0,1.0858751452743929e-16,1.143020007993945e-17,5.3077642117408473e-17
2026,0.06999999999999999,1.0,0.0,0.0,0.0,0.0,0.0
2026,0.08,1.0,3.286699593583499e-17,5.194980120452712e-17,0.0,0.0,0.0
2026,0.09,1.0,0.0,0.0,0.0,0.0,0.0
2026,0.09999999999999999,0.9999999999999999,5.435470749433304e-15,0.0,1.1349411898261659e-16,3.527656871750374e-17,7.533020292471714e-17
2026,0.11,1.0,0.0,0.0,0.0,0.0,0.0
2026,0.12,0.9999999999995749,0.0,0.0,0.0,1.1569843718333917e-16,4.677865182664982e-18
2026,0.13,1.0,3.1737219336897366e-13,0.0,0.0,0.0,0.0
2026,0.14,1.0,0.0,0.0,0.0,0.0,0.0
2026,0.15000000000000002,1.0,0.0,0.0,0.0,0.0,0.0
2026,0.16,0.9999999987044588,9.26519857078243e-10,3.123645420300644e-11,5.743184152370305e-11,2.6520151424541e-10,1.521945661430626e-11
2026,0.17,1.0,0.0,0.0,0.0,0.0,0.0
2026,0.18000000000000002,0.9999999999999905,4.958553961905522e-17,1.5713839469017756e-16,0.0,1.2764809603801154e-16,0.0
2026,0.19,1.0,0.0,0.0,0.0,0.0,0.0
2026,0.2,1.0,1.1923565235596398e-14,2.336219055059814e-17,9.484402742783682e-18,0.0,0.0
2026,0.21000000000000002,1.0,0.0,0.0,0.0,0.0,0.0
2026,0.22,0.9999999999999986,0.0,4.5882661148910455e-16,2.7332274329257645e-15,1.9012588644602505e-14,4.698796640358973e-16
2026,0.23,0.9999999999997533,0.0,1.1588790941669177e-16,3.440889039940034e-16,1.5712322310431397e-15,3.555791171389075e-17
2026,0.24000000000000002,1.0,0.0,0.0,0.0,0.0,0.0
2026,0.25,1.0,0.0,0.0,0.0,0.0,0.0
2026,0.26,1.0,0.0,0.0,0.0,0.0,0.0
2026,0.27,0.9999999999991599,7.482903185973555e-14,6.961098364399732e-14,1.0619283230539622e-13,4.887201754399939e-13,1.0082212842377203e-13
2026,0.28,1.0,0.0,0.0,0.0,0.0,0.0
2026,0.29000000000000004,1.0,0.0,0.0,0.0,0.0,0.0
2026,0.3,0.999999999997719,0.0,2.0557167079715555e-13,3.310823837310295e-13,1.517230785452739e-12,2.754185768338857e-13
2026,0.31,1.0,1.2656542480726785e-14,0.0,0.0,0.0,0.0
2026,0.32,0.9999999999993199,0.0,6.317169010117141e-14,1.0105805081650487e-13,4.733297087611277e-13,8.203160373199125e-14
2026,0.33,1.0,0.0,0.0,0.0,8.704925800312357e-16,0.0
2026,0.34,1.0,0.0,4.7639012096175335e-14,8.066072664663932e-14,3.476056951434432e-13,6.014375399077641e-14
2026,0.35000000000000003,0.9999999999999994,3.2311211090231986e-16,1.270758073055064e-16,0.0,7.501679468547482e-17,4.5838013053327484e-17
2026,0.36000000000000004,0.9999999999999987,6.221259977098919e-14,8.403594569899665e-17,2.590523670864737e-16,6.214733464313159e-16,1.2736963310357168e-16
2026,0.37,1.0,0.0,1.2039830370559708e-15,1.9180375182069945e-16,2.150196356147082e-15,1.8047991874063182e-16
2026,0.38,1.0,3.240749126210978e-13,4.377127990728842e-17,0.0,0.0,0.0
2026,0.39,0.9999999999990591,1.097374548162657e-12,0.0,0.0,0.0,0.0
2026,0.4,1.0,0.0,0.0,9.11208022216623e-17,7.538198851688282e-17,8.875017942664059e-17
2026,0.41000000000000003,1.0,1.4412865003045477e-15,0.0,0.0,0.0,0.0
2026,0.42000000000000004,1.0,4.6555306137655375e-14,1.3735503266067443e-16,1.2904975986738542e-17,0.0,0.0
2026,0.43,0.9999999999999999,2.3562402356689067e-13,1.5176566581726748e-16,0.0,6.017498898169756e-17,3.290544313561009e-17
2026,0.44,0.9999999999999998,0.0,0.0,0.0,1.6487468375109888e-17,3.924017820123324e-17
2026,0.45,1.0,0.0,7.703468516863749e-17,0.0,1.2543486737018235e-17,0.0
2026,0.46,1.0,1.3630042556600962e-15,0.0,0.0,2.8984164887915457e-17,1.5764447723466142e-16
2026,0.47000000000000003,1.0,0.0,2.470526957685517e-14,2.9200468557494296e-14,1.0434496672112728e-13,3.453378927526613e-14
2026,0.48000000000000004,0.9999999999999996,0.0,1.781684239060138e-16,0.0,1.1602412629525508e-16,1.4961014511285568e-16
2026,0.49,1.0,0.0,0.0,0.0,0.0,0.0
2026,0.5,0.9999999999999688,0.0,4.163336342344337e-15,6.716849298982197e-15,3.0059288391726113e-14,7.188694084447889e-15
2026,0.51,1.0,6.439293542825908e-15,0.0,0.0,0.0,0.0
2026,0.52,1.0,4.39648317751562e-14,0.0,0.0,0.0,0.0
2026,0.53,1.0,5.162537064506978e-15,0.0,0.0,0.0,0.0
2026,0.54,1.0,1.8318679906315083e-15,0.0,0.0,0.0,0.0
2026,0.55,1.0,6.661338147750939e-15,0.0,0.0,0.0,0.0
2026,0.56,1.0,4.829470157119431e-15,0.0,0.0,0.0,0.0
2026,0.5700000000000001,1.0,4.9960036108132044e-15,0.0,0.0,0.0,0.0
2026,0.5800000000000001,1.0,1.4377388168895777e-14,0.0,0.0,0.0,0.0
2026,0.59,1.0,0.0,0.0,0.0,0.0,0.0
2026,0.6,0.9999999999999987,0.0,1.3322676295501878e-15,2.275957200481571e-15,5.620504062164855e-15,1.9984014443252818e-15
2026,0.61,1.0,6.106226635438361e-15,0.0,0.0,0.0,0.0
2026,0.62,1.0,1.9539925233402755e-14,0.0,0.0,0.0,0.0
2026,0.63,1.0,0.0,0.0,0.0,1.3877787807814457e-16,0.0
2026,0.64,0.9999999999999987,1.3322676295501878e-15,2.3592239273284576e-16,0.0,5.273559366969494e-16,0.0
2026,0.65,0.9999999999999978,4.829470157119431e-15,0.0,0.0,0.0,0.0
2026,0.66,1.0,0.0,8.465450562766819e-16,1.457167719820518e-15,4.98212582300539e-15,1.4710455076283324e-15
2026,0.67,1.0,0.0,5.221517662690189e-16,1.1639994523804376e-15,8.101158632811689e-16,4.0592529337857286e-16
2026,0.68,0.9999999999999993,0.0,5.325601071248798e-16,7.320533068622126e-16,3.4017927363905187e-15,1.3097162243624894e-15
2026,0.6900000000000001,1.0,0.0,4.7008207602113744e-14,6.577841832623699e-14,2.9296561057228507e-13,1.0754951862426633e-13
2026,0.7000000000000001,1.0,0.0,1.1267439363932307e-14,1.6137670017023036e-14,6.675272347953041e-14,2.4027154269282928e-14
2026,0.7100000000000001,1.0,0.0,1.6421191426226837e-14,2.2927862204842088e-14,9.930770762946422e-14,3.550547010873072e-14
2026,0.72,1.0,0.0,1.560864659257184e-16,0.0,0.0,0.0
2026,0.73,1.0,4.38562023014786e-17,1.010249594771928e-16,0.0,0.0,0.0
2026,0.74,1.0,0.0,7.398897592286778e-15,1.2616784024732089e-14,5.4589388802232016e-14,1.877462461281139e-14
2026,0.75,1.0,0.0,1.4660164189105995e-14,1.9672626497117297e-14,8.439770175520315e-14,3.072360701489524e-14
2026,0.76,1.0,0.0,1.300807767097979e-14,1.7252432714729e-14,7.892749140755084e-14,2.8451646962891763e-14
2026,0.77,0.9999999999999997,1.2010190432634135e-16,1.6388715800251278e-16,7.107963339710291e-17,9.144644709072455e-17,8.42528507828285e-17
2026,0.78,0.9999999999999052,0.0,1.7605002586539557e-16,0.0,0.0,0.0
2026,0.79,0.9999999999999999,3.5667100993628426e-13,0.0,0.0,8.468494858322664e-17,9.837779772783076e-17
2026,0.8,1.0,0.0,5.974042146524939e-14,7.766691283500799e-14,3.374345628998456e-13,1.1935749036942308e-13
2026,0.81,0.9999999999997574,2.7705681075859075e-13,0.0,0.0,0.0,0.0
2026,0.8200000000000001,1.0,0.0,5.5385908939676806e-14,7.199629576258473e-14,2.9773288267657115e-13,1.0634664925345287e-13
2026,0.8300000000000001,1.0,0.0,1.1413219044240714e-16,0.0,2.846278308951059e-17,6.271055129682549e-17
2026,0.8400000000000001,1.0,6.219248980199395e-14,3.4063956009002484e-17,6.47649202511313e-17,0.0,3.3690472821345916e-17
2026,0.85,0.9999999999999998,3.4313515253668275e-13,0.0,2.0849107243432552e-17,0.0,0.0
2026,0.86,1.0,0.0,6.804675333282503e-14,0.0,3.4551406738651346e-13,2.740626516565783e-13
2026,0.87,0.9999999999974968,2.7432508292172706e-12,0.0,0.0,0.0,0.0
2026,0.88,1.0,0.0,2.9155704136781327e-15,2.9789555831870665e-15,3.273099632582384e-15,3.905481301991762e-15
2026,0.89,1.0,0.0,6.900212916173087e-14,8.511668026149155e-14,3.7308122027187294e-13,1.2794772836707824e-13
2026,0.9,1.0,0.0,1.9822692652353794e-17,1.5388345614465e-16,8.377298623394218e-17,8.658987125231956e-17
2026,0.91,1.0,0.0,5.157553135259838e-15,1.8301310514902222e-14,3.4402435570815416e-14,0.0
2026,0.92,0.9999999999990034,1.0102157099982177e-12,3.606723347098811e-15,1.0390052304488379e-14,0.0,0.0
2026,0.93,0.9999999999999996,9.671247531529285e-16,0.0,0.0,5.3322824292932267e-17,4.357293817811893e-19
2026,0.9400000000000001,1.0,0.0,4.005015211887373e-14,4.849449843224323e-14,2.0546065018875893e-13,6.923221507394066e-14
2026,0.9500000000000001,0.9999999999972681,2.970138123942629e-12,0.0,0.0,0.0,0.0
2026,0.9600000000000001,1.0,0.0,8.27279063192487e-14,1.0101941467916529e-13,4.188648537074163e-13,1.3940528469953825e-13
2026,0.97,1.0,3.190911467950684e-13,1.7724643999935878e-16,2.271806397104239e-16,1.0325726548903748e-16,2.80465220238313e-17
2026,0.98,0.9999999999999145,1.0267978045962307e-16,0.0,0.0,0.0,1.2657287696943018e-16
2026,0.99,0.9999999999968204,3.506776594335134e-12,0.0,0.0,0.0,0.0
2026,1.0,0.9999999999997193,3.091274841322594e-13,0.0,0.0,0.0,0.0
2027,0.01,1.0,0.0,0.0,0.0,0.0,0.0
2027,0.02,1.0,0.0,0.0,0.0,0.0,0.0
2027,0.03,1.0,0.0,0.0,1.7928233959386167e-17,4.05044615157171e-18,2.138158728534195e-17
2027,0.04,1.0,0.0,0.0,0.0,0.0,0.0
2027,0.05,0.9999999999999994,9.043535049793436e-16,1.3791992362211687e-16,8.173463418372362e-17,4.5450547323241e-17,7.834753648467392e-17
2027,0.060000000000000005,1.0,0.0,0.0,0.0,0.0,0.0
2027,0.06999999999999999,1.0,0.0,0.0,0.0,0.0,0.0
2027,0.08,0.9999999999979521,1.0047518372857667e-14,9.798724331933073e-13,8.610022417254726e-13,9.074338502834678e-14,1.0621364898710794e-13
2027,0.09,1.0,1.7014167852380524e-13,0.0,0.0,0.0,0.0
2027,0.09999999999999999,1.0,3.9207526114637403e-13,0.0,0.0,0.0,0.0
2027,0.11,1.0,5.101474798152594e-13,0.0,0.0,0.0,0.0
2027,0.12,0.9999999999999994,0.0,4.993016785698367e-16,4.291065179688735e-16,7.998041587309478e-17,0.0
2027,0.13,1.0,1.2531127483201845e-15,1.2731516905373053e-17,1.0391212413345775e-16,0.0,0.0
2027,0.14,0.9999999999995148,0.0,2.4024506773404297e-15,1.779454837537716e-15,6.41091286309906e-17,2.117183010505889e-16
2027,0.15000000000000002,1.0,2.7422843286255532e-14,0.0,0.0,0.0,0.0
2027,0.16,0.9999999999999972,1.6561197352979195e-15,4.0835375875863717e-16,5.417558476282498e-16,4.4692333163355814e-17,1.0285839522365287e-16
2027,0.17,0.9999999999999812,3.514461437968436e-14,0.0,0.0,0.0,0.0
2027,0.18000000000000002,1.0,3.943047796633656e-14,0.0,0.0,0.0,0.0
2027,0.19,1.0,2.892130979148533e-14,0.0,0.0,0.0,0.0
2027,0.2,0.9999999999997831,0.0,1.132774429812855e-13,1.0079784229510835e-13,3.794881076046863e-14,4.799979858027825e-14
2027,0.21000000000000002,0.999999999999881,0.0,6.072919944699606e-14,5.5414006716603126e-14,1.990074771640593e-14,2.609024107869118e-14
2027,0.22,1.0,1.220135104063047e-13,0.0,0.0,0.0,0.0
2027,0.23,0.9999999999997626,4.245964004132421e-15,0.0,0.0,0.0,0.0
2027,0.24000000000000002,0.9999999999999548,1.9261923874492137e-13,0.0,0.0,0.0,0.0
2027,0.25,1.0,0.0,1.6112459775413906e-15,7.595983947904488e-16,2.7112169388894547e-16,5.58422987619869e-16
2027,0.26,0.9999999999999971,4.0082175046477625e-15,1.3481799904973071e-17,0.0,0.0,0.0
2027,0.27,0.9999999999999997,0.0,5.350419136603349e-16,0.0,0.0,1.562182864621106e-16
2027,0.28,0.999999999999995,9.262927000409059e-15,0.0,0.0,0.0,0.0
2027,0.29000000000000004,1.0,5.372043153117309e-14,0.0,0.0,4.2346973818103486e-17,4.55085453222123e-17
2027,0.3,1.0,0.0,1.620998291379603e-15,7.914836795404161e-16,0.0,1.8081104105269197e-16
2027,0.31,0.999999999999998,3.876458565087041e-15,0.0,0.0,0.0,0.0
2027,0.32,0.9999999999999911,1.1583594411494974e-14,0.0,0.0,0.0,0.0
2027,0.33,1.0,0.0,2.6863516514480943e-15,1.7688057524337152e-15,1.7765319634620953e-15,2.336391095444034e-15
2027,0.34,1.0,0.0,1.5380381904596223e-15,1.2937420300102205e-15,1.5237993548580407e-15,1.7008180176476383e-15
2027,0.35000000000000003,0.9999999999999476,1.866460443345713e-15,1.6798885320362378e-15,1.688100994583187e-15,7.095951285872381e-17,1.4223005199318087e-16
2027,0.36000000000000004,0.9999999999999419,6.778849124930073e-14,0.0,0.0,0.0,0.0
2027,0.37,1.0,0.0,5.112550579795068e-15,4.433603062352148e-15,3.578730295775417e-15,4.1670155358298545e-15
2027,0.38,1.0,0.0,6.927809419001222e-16,9.327258940994786e-16,4.1350337952030186e-16,5.759744631990437e-16
2027,0.39,0.9999999999999566,4.9268013207780156e-14,0.0,0.0,0.0,0.0
2027,0.4,1.0,1.1468233921729704e-16,3.265358375461779e-17,0.0,0.0,8.072497166961952e-18
2027,0.41000000000000003,0.9999999999999987,3.1301527605256785e-14,2.5903622098620576e-16,0.0,0.0,1.8754123350757817e-16
2027,0.42000000000000004,0.9999999999999994,1.6653345369377348e-16,4.85722573273506e-17,4.3021142204224816e-16,0.0,0.0
2027,0.43,1.0,0.0,1.682053279868085e-16,1.5532448182789042e-16,1.788684024210275e-16,2.9719932701456567e-16
2027,0.44,1.0,1.866426449844037e-14,2.75887135122598e-16,0.0,2.80575041899852e-16,1.2790348300827426e-16
2027,0.45,1.0,7.948484229340981e-14,0.0,0.0,4.8612307525604644e-17,3.784909916884804e-17
2027,0.46,0.9999999999998006,0.0,5.936116702584453e-18,0.0,5.269664228265697e-16,4.4201720296232943e-16
2027,0.47000000000000003,0.9999999999999999,1.5057446633328338e-16,0.0,0.0,4.4813491238254645e-17,1.4667492278932734e-17
2027,0.48000000000000004,1.0,1.1102230246251565e-16,1.1102230246251565e-16,0.0,2.7755575615628914e-17,0.0
2027,0.49,0.999999999999999,9.423883735216847e-14,0.0,0.0,0.0,0.0
2027,0.5,0.9999999999999972,0.0,0.0,5.057949981870294e-16,0.0,0.0
2027,0.51,0.9999999999998924,0.0,3.3379317143545594e-16,0.0,8.027929317527299e-16,6.955371138791541e-16
2027,0.52,0.9999999999999997,8.159486635594184e-15,2.294223620943303e-16,2.859266686974022e-16,4.6486655493605555e-17,1.7382419600566292e-16
2027,0.53,0.9999999999999996,0.0,0.0,0.0,0.0,0.0
2027,0.54,1.0,2.209991765710481e-15,0.0,0.0,1.9810756594525497e-16,2.866147131017917e-16
2027,0.55,0.9999999999999998,0.0,5.100087019371813e-16,1.734723475976807e-16,0.0,0.0
2027,0.56,0.9999999999999998,0.0,0.0,0.0,7.494005416219807e-16,2.3592239273284576e-16
2027,0.5700000000000001,1.0,0.0,0.0,0.0,0.0,4.163336342344337e-17
2027,0.5800000000000001,1.0,1.9334443799407906e-16,0.0,0.0,2.943579271338166e-16,3.613518479838726e-16
2027,0.59,0.9999999999999996,6.711298183859071e-13,0.0,8.326672684688674e-17,2.3592239273284576e-16,2.7755575615628914e-17
2027,0.6,0.9999999999999994,0.0,1.2836953722228372e-16,1.5959455978986625e-16,2.914335439641036e-16,8.326672684688674e-17
2027,0.61,0.9999999999999999,1.333377852574813e-13,0.0,2.636779683484747e-16,0.0,1.8735013540549517e-16
2027,0.62,0.9999999999998692,0.0,0.0,0.0,0.0,0.0
2027,0.63,0.9999999999999999,6.803446694902959e-13,0.0,0.0,8.326672684688674e-17,1.1102230246251565e-16
2027,0.64,0.9999999999999996,1.1102230246251565e-16,3.0531133177191805e-16,0.0,1.491862189340054e-16,1.491862189340054e-16
2027,0.65,0.9999999999999999,0.0,0.0,0.0,5.204170427930421e-16,6.38378239159465e-16
2027,0.66,0.9999999999999998,0.0,4.0245584642661925e-16,1.3877787807814457e-17,0.0,0.0
2027,0.67,0.9999999999999998,0.0,5.551115123125783e-17,3.885780586188048e-16,9.71445146547012e-17,3.677613769070831e-16
2027,0.68,1.0,6.106226635438361e-16,0.0,0.0,0.0,0.0
2027,0.6900000000000001,1.0,5.551115123125783e-17,0.0,4.163336342344337e-17,0.0,0.0
2027,0.7000000000000001,1.0,5.551115123125783e-17,0.0,0.0,1.8041124150158794e-16,9.71445146547012e-17
2027,0.7100000000000001,0.9999999999991038,8.326672684688674e-16,1.8041124150158794e-16,0.0,0.0,0.0
2027,0.72,0.9999999999998721,0.0,2.463307335887066e-16,6.938893903907228e-17,0.0,3.0531133177191805e-16
2027,0.73,1.0,0.0,0.0,3.2959746043559335e-16,0.0,2.498001805406602e-16
2027,0.74,1.0,1.2639889135357407e-13,0.0,0.0,0.0,2.0816681711721685e-16
2027,0.75,0.9999999999998739,0.0,1.942890293094024e-16,4.163336342344337e-16,0.0,0.0
2027,0.76,1.0,8.785194793858864e-13,0.0,0.0,2.42861286636753e-17,0.0
2027,0.77,0.9999999999991247,1.6653345369377348e-16,0.0,2.498001805406602e-16,0.0,1.5265566588595902e-16
2027,0.78,1.0,1.1102230246251565e-16,0.0,1.3877787807814457e-17,0.0,4.85722573273506e-17
2027,0.79,0.999999999999997,3.844055687809838e-15,0.0,0.0,4.82122377212558e-17,0.0
2027,0.8,0.9999999999999998,1.1102230246251565e-16,1.0408340855860843e-17,1.1449174941446927e-16,0.0,0.0
2027,0.81,0.9999999999999993,4.604342401585826e-16,1.833599535725758e-16,0.0,0.0,0.0
2027,0.8200000000000001,0.9999999999999991,1.2039482691282973e-15,0.0,0.0,6.546989612217897e-17,2.443878142977501e-16
2027,0.8300000000000001,0.9999999999991438,0.0,2.3592239273284576e-16,3.469446951953614e-16,0.0,8.326672684688674e-17
2027,0.8400000000000001,1.0,2.220446049250313e-16,0.0,0.0,2.220446049250313e-16,2.498001805406602e-16
2027,0.85,0.9999999999999998,0.0,8.326672684688674e-17,1.3877787807814457e-17,9.020562075079397e-17,1.0755285551056204e-16
2027,0.86,0.9999999999991525,0.0,3.2959746043559335e-16,1.6514567491299204e-15,0.0,0.0
2027,0.87,1.0,0.0,5.551115123125783e-16,1.1449174941446927e-16,0.0,9.71445146547012e-17
2027,0.88,1.0,6.661338147750939e-16,0.0,0.0,4.0245584642661925e-16,0.0
2027,0.89,0.9999999999999991,0.0,5.238864897449957e-16,7.91033905045424e-16,0.0,0.0
2027,0.9,0.9999999999999999,8.881784197001252e-16,0.0,0.0,0.0,0.0
2027,0.91,1.0,0.0,0.0,0.0,1.5265566588595902e-16,4.163336342344337e-17
2027,0.92,0.9999999999999988,1.609823385706477e-15,5.100087019371813e-16,0.0,0.0,0.0
2027,0.93,0.9999999999999989,3.8136921527821167e-13,1.9566520585845678e-15,6.367953932817833e-16,5.4558603952246875e-17,1.2663579623007948e-16
2027,0.9400000000000001,0.9999999999999978,4.004006903866961e-15,0.0,0.0,9.892158977804072e-17,3.1523559329842306e-16
2027,0.9500000000000001,0.9999999999994277,5.621891905796596e-16,9.077719126305275e-16,5.307658712091547e-16,0.0,6.494431159558462e-17
2027,0.9600000000000001,0.999999999999999,1.4671559323345407e-15,0.0,0.0,2.295133179374461e-16,5.1261163418409375e-17
2027,0.97,1.0,0.0,2.1848235620533915e-16,3.377790670131193e-16,0.0,7.694709908485383e-17
2027,0.98,0.9999999999999998,1.0699758306198948e-15,0.0,0.0,1.3204777779573552e-16,2.2947054277360976e-16
2027,0.99,1.0,0.0,5.560191081155613e-16,7.420792123423881e-16,0.0,0.0
2027,1.0,0.9999999999999991,1.8454010360297902e-15,0.0,0.0,1.2888622732010885e-16,0.0
2028,0.01,1.0,0.0,0.0,0.0,0.0,0.0
2028,0.02,1.0,0.0,0.0,0.0,6.315183312523727e-17,0.0
2028,0.03,0.9999999999999847,1.550339964196118e-14,1.389397698952076e-16,5.003789790811118e-16,0.0,0.0
2028,0.04,1.0,0.0,0.0,0.0,0.0,0.0
2028,0.05,0.9999999999999372,0.0,0.0,0.0,1.6989038671162702e-16,2.5944836309310015e-18
2028,0.060000000000000005,0.9999999999999922,3.835820550079916e-14,5.516420653606247e-16,0.0,5.64479019082853e-15,5.72111802377151e-15
2028,0.06999999999999999,1.0,6.777911565336581e-14,0.0,0.0,0.0,0.0
2028,0.08,1.0,3.268630690809991e-13,2.6375532710654125e-17,3.130667548387268e-16,0.0,3.180270787810276e-17
2028,0.09,0.9999999999997843,8.588620630594029e-14,4.605697181465527e-15,8.332774371227515e-14,1.8002186469089987e-14,2.386171899380527e-14
2028,0.09999999999999999,0.9999999999999774,1.9181265913004406e-14,9.093064141441037e-16,2.159433058649895e-14,3.962161374768554e-15,1.0407625079261104e-14
2028,0.11,1.0,6.7225703712661894e-15,0.0,0.0,0.0,0.0
2028,0.12,1.0,0.0,1.5682574672814587e-15,8.730862156095417e-15,4.042213344039381e-15,6.840566865083711e-15
2028,0.13,0.9999999999999958,4.773959005888173e-15,4.649058915617843e-16,2.185751579730777e-16,1.3877787807814457e-17,0.0
2028,0.14,1.0,1.490221736155284e-16,0.0,0.0,0.0,0.0
2028,0.15000000000000002,0.9999999999997413,0.0,2.4980018054066022e-15,7.618905506490137e-15,5.218048215738236e-15,7.258083023486961e-15
2028,0.16,0.9999999999999718,0.0,2.9698465908722937e-15,1.2965323259450656e-14,7.206041319207657e-15,1.090447176999021e-14
2028,0.17,1.0,1.3061773884714967e-13,0.0,0.0,0.0,0.0
2028,0.18000000000000002,1.0,4.451994328746878e-14,0.0,0.0,0.0,0.0
2028,0.19,1.0,6.588486809390431e-14,0.0,0.0,0.0,0.0
2028,0.2,0.9999999999999116,8.49489326154328e-16,0.0,0.0,0.0,0.0
2028,0.21000000000000002,1.0,0.0,3.2147314392200373e-16,2.382940849851578e-16,2.393189948513355e-16,3.9290427939690613e-16
2028,0.22,0.9999999999999762,3.5413173587149627e-14,0.0,0.0,0.0,0.0
2028,0.23,0.9999999999999264,9.186895628997618e-14,0.0,0.0,0.0,0.0
2028,0.24000000000000002,0.9999999999999173,1.0229662559066042e-13,0.0,0.0,0.0,0.0
2028,0.25,0.999999999999666,3.950858197405814e-13,0.0,0.0,0.0,0.0
2028,0.26,0.9999999999997398,2.967081601105539e-13,0.0,0.0,0.0,0.0
2028,0.27,0.9999999999985656,1.617605610070747e-12,0.0,0.0,0.0,0.0
2028,0.28,1.0,6.073463722863522e-14,1.4719672912848807e-16,0.0,1.614119583912547e-16,6.37949574158609e-16
2028,0.29000000000000004,0.9999999999999996,8.585466968154083e-16,8.66107013566616e-17,1.4526772778414307e-16,0.0,0.0
2028,0.3,1.0,0.0,0.0,1.567077227940591e-16,2.0662064809185362e-16,2.461305311425986e-16
2028,0.31,0.9999999999999996,7.771561172376096e-16,0.0,0.0,1.249000902703301e-16,0.0
2028,0.32,0.9999999999996729,4.35218762651393e-15,0.0,0.0,0.0,0.0
2028,0.33,1.0,0.0,1.8041124150158794e-16,0.0,7.632783294297951e-17,2.914335439641036e-16
2028,0.34,0.9999999999999314,1.2789535157275997e-15,0.0,1.1975531057027569e-16,0.0,2.6622459446278945e-16
2028,0.35000000000000003,0.9999999999999999,0.0,0.0,4.179442282347303e-17,0.0,0.0
2028,0.36000000000000004,1.0,0.0,2.6020852139652106e-16,0.0,0.0,0.0
2028,0.37,1.0,5.002564929927084e-14,1.9755364665737424e-16,1.286049661241296e-16,2.7818832103596783e-16,3.343310574160923e-16
2028,0.38,1.0,8.423301111433036e-17,1.4049252439431455e-16,0.0,0.0,0.0
2028,0.39,0.9999999999999989,3.183844110909312e-14,0.0,0.0,0.0,0.0
2028,0.4,0.9999999999999978,7.189752507394412e-15,0.0,2.334608548357768e-16,0.0,0.0
2028,0.41000000000000003,0.9999999999999996,5.551115123125783e-16,1.249000902703301e-16,4.85722573273506e-17,0.0,0.0
2028,0.42000000000000004,1.0,2.7755575615628914e-16,2.0816681711721685e-17,0.0,0.0,0.0
2028,0.43,1.0,2.220446049250313e-16,0.0,0.0,0.0,0.0
2028,0.44,0.9999999999999998,4.440892098500626e-16,6.938893903907228e-17,2.7755575615628914e-17,0.0,0.0
2028,0.45,1.0,0.0,6.293011464470533e-17,0.0,2.0250895020829675e-16,9.547757171480628e-17
2028,0.46,1.0,0.0,0.0,0.0,1.7302048532467199e-16,3.527567709952147e-16
2028,0.47000000000000003,1.0,0.0,2.67904616011895e-16,2.7654731463135013e-16,4.0652470039745267e-16,4.071470903873142e-16
2028,0.48000000000000004,1.0,0.0,0.0,0.0,1.9302874662971734e-16,3.047540086204686e-16
2028,0.49,0.9999999999999999,2.220446049250313e-16,0.0,8.326672684688674e-17,0.0,2.7755575615628914e-17
2028,0.5,1.0,7.382983113757291e-14,1.5265566588595902e-16,0.0,0.0,2.7755575615628914e-17
2028,0.51,0.9999999999999265,2.220446049250313e-16,0.0,0.0,1.3183898417423734e-16,7.28583859910259e-17
2028,0.52,1.0,3.3306690738754696e-16,1.6653345369377348e-16,0.0,0.0,0.0
2028,0.53,0.9999999999993487,0.0,6.938893903907228e-17,0.0,2.0816681711721685e-16,3.3306690738754696e-16
2028,0.54,1.0,1.1102230246251565e-16,0.0,2.5326962749261384e-16,4.163336342344337e-17,0.0
2028,0.55,1.0,0.0,0.0,2.706168622523819e-16,1.1102230246251565e-16,4.163336342344337e-17
2028,0.56,1.0,0.0,1.1449174941446927e-16,4.3021142204224816e-16,6.938893903907228e-17,6.938893903907228e-18
2028,0.5700000000000001,0.9999999999999999,0.0,3.469446951953614e-16,0.0,0.0,0.0
2028,0.5800000000000001,0.9999999999999998,1.1102230246251565e-16,2.7755575615628914e-17,0.0,3.469446951953614e-18,2.0816681711721685e-17
2028,0.59,0.9999999999995108,5.551115123125783e-17,0.0,7.632783294297951e-16,0.0,1.6306400674181987e-16
2028,0.6,0.9999999999999998,4.85944617878431e-13,4.163336342344337e-17,3.469446951953614e-17,0.0,0.0
2028,0.61,1.0,0.0,1.5265566588595902e-16,0.0,5.898059818321144e-17,1.1102230246251565e-16
2028,0.62,1.0,6.900036098045348e-14,0.0,0.0,0.0,1.3877787807814457e-17
2028,0.63,0.9999999999999998,6.838973831690964e-14,8.326672684688674e-17,3.5735303605122226e-16,0.0,0.0
2028,0.64,0.9999999999999998,4.742317649686356e-13,2.0816681711721685e-16,1.942890293094024e-16,1.3877787807814457e-16,0.0
2028,0.65,0.9999999999999997,2.220446049250313e-16,0.0,4.0939474033052647e-16,4.163336342344337e-17,0.0
2028,0.66,1.0,0.0,1.1449174941446927e-16,0.0,3.469446951953614e-17,0.0
2028,0.67,1.0,5.991318552389657e-13,1.1102230246251565e-16,0.0,3.122502256758253e-17,0.0
2028,0.68,1.0,0.0,0.0,0.0,2.7755575615628914e-17,1.3877787807814457e-17
2028,0.6900000000000001,1.0,0.0,0.0,0.0,7.632783294297951e-17,5.898059818321144e-17
2028,0.7000000000000001,1.0,1.6653345369377348e-16,0.0,1.457167719820518e-16,0.0,1.1102230246251565e-16
2028,0.7100000000000001,1.0,4.559685962135518e-13,1.942890293094024e-16,8.673617379884035e-17,0.0,0.0
2028,0.72,0.9999999999999997,2.220446049250313e-16,0.0,4.163336342344337e-17,2.0469737016526324e-16,0.0
2028,0.73,0.9999999999999997,5.551115123125783e-17,0.0,2.2898349882893854e-16,9.020562075079397e-17,1.942890293094024e-16
2028,0.74,1.0,3.3306690738754696e-16,1.3877787807814457e-17,0.0,4.85722573273506e-17,0.0
2028,0.75,0.9999999999995528,3.3306690738754696e-16,0.0,1.0685896612017132e-15,0.0,0.0
2028,0.76,0.9999999999999999,0.0,8.673617379884035e-17,0.0,0.0,0.0
2028,0.77,1.0,0.0,0.0,1.8041124150158794e-16,0.0,0.0
2028,0.78,1.0,4.403144515663371e-13,0.0,0.0,1.214306433183765e-16,0.0
2028,0.79,0.9999999999999998,6.250555628639631e-14,0.0,3.8510861166685117e-16,0.0,2.7755575615628914e-17
2028,0.8,0.9999999999999998,0.0,0.0,2.7755575615628914e-16,0.0,0.0
2028,0.81,0.9999999999999994,3.3306690738754696e-16,0.0,3.0531133177191805e-16,6.938893903907228e-18,0.0
2028,0.8200000000000001,0.9999999999999998,2.220446049250313e-16,0.0,2.706168622523819e-16,0.0,0.0
2028,0.8300000000000001,1.0,0.0,1.734723475976807e-17,0.0,3.365363543395006e-16,0.0
2028,0.8400000000000001,1.0,0.0,2.949029909160572e-16,0.0,6.938893903907228e-18,4.5102810375396984e-17
2028,0.85,0.9999999999999998,2.220446049250313e-16,5.551115123125783e-17,0.0,0.0,7.632783294297951e-17
2028,0.86,1.0,4.996003610813204e-16,0.0,0.0,1.214306433183765e-16,1.0408340855860843e-16
2028,0.87,0.9999999999999998,0.0,0.0,9.43689570931383e-16,0.0,0.0
2028,0.88,1.0,2.7755575615628914e-16,0.0,1.5612511283791264e-16,0.0,0.0
2028,0.89,0.9999999999999998,0.0,2.0122792321330962e-16,3.7470027081099033e-16,6.245004513516506e-17,4.163336342344337e-17
2028,0.9,1.0,7.216449660063518e-16,0.0,0.0,1.3183898417423734e-16,5.204170427930421e-17
2028,0.91,1.0,0.0,0.0,0.0,1.9081958235744878e-16,1.0755285551056204e-16
2028,0.92,0.9999999999999999,0.0,1.8041124150158794e-16,1.249000902703301e-16,0.0,4.163336342344337e-17
2028,0.93,1.0,0.0,0.0,2.0816681711721685e-16,1.8041124150158794e-16,8.326672684688674e-17
2028,0.9400000000000001,0.9999999999999998,0.0,0.0,7.181755190543981e-16,0.0,0.0
2028,0.9500000000000001,0.9999999999994769,0.0,1.942890293094024e-16,0.0,2.498001805406602e-16,2.185751579730777e-16
2028,0.9600000000000001,1.0,0.0,0.0,9.020562075079397e-17,3.122502256758253e-17,0.0
2028,0.97,0.9999999999999993,5.834221994405198e-14,0.0,4.996003610813204e-16,0.0,0.0
2028,0.98,0.9999999999999998,1.6653345369377348e-16,7.632783294297951e-17,1.0755285551056204e-16,0.0,7.632783294297951e-17
2028,0.99,1.0,4.996003610813204e-16,4.85722573273506e-17,0.0,0.0,0.0
2028,1.0,1.0,5.551115123125783e-17,0.0,4.163336342344337e-17,0.0,0.0
2029,0.01,1.0,9.876498529898315e-13,0.0,0.0,5.649378803223101e-17,0.0
2029,0.02,1.0,0.0,0.0,0.0,1.0019219236466357e-16,6.956263610450053e-17
2029,0.03,1.0,0.0,0.0,0.0,0.0,0.0
2029,0.04,1.0,0.0,0.0,0.0,0.0,0.0
2029,0.05,0.9999999999999997,0.0,2.4366759867152344e-16,4.9434194518279456e-17,9.458519850411531e-17,5.447092053256957e-17
2029,0.060000000000000005,0.9999999999999964,0.0,0.0,3.511372348303958e-15,5.169125188853217e-16,2.594022265144392e-16
2029,0.06999999999999999,0.9999999999999998,9.04559953975167e-17,0.0,1.515941984753415e-16,3.917344162742657e-16,0.0
2029,0.08,0.9999999999999224,0.0,0.0,8.443300553356162e-16,7.50985619491449e-16,1.6133939789078663e-15
2029,0.09,0.9999999999999999,2.8219256312785906e-13,2.052592493467473e-17,0.0,0.0,4.9487084239850943e-17
2029,0.09999999999999999,1.0,8.291931255608775e-16,0.0,0.0,0.0,0.0
2029,0.11,0.9999999999999876,0.0,1.0637265380899708e-15,7.219887101458867e-15,8.050513002869715e-15,9.330277477060682e-15
2029,0.12,0.9999999999998396,0.0,0.0,2.1043921757372353e-15,1.4568364617991386e-15,2.8236633523557777e-15
2029,0.13,1.0,0.0,9.96151827068999e-16,7.216762215221054e-15,8.65848958320431e-15,1.1016239249688072e-14
2029,0.14,1.0,0.0,3.995294100640865e-15,4.107712787714866e-14,8.227081612842602e-14,1.0173579606992792e-13
2029,0.15000000000000002,1.0,3.91673117008072e-16,0.0,0.0,0.0,0.0
2029,0.16,0.9999999999999963,5.666774507458042e-15,0.0,2.29661125186742e-16,0.0,0.0
2029,0.17,0.9999999999999998,3.7351917678575464e-16,3.1346383823889196e-16,0.0,0.0,0.0
2029,0.18000000000000002,0.9999999999999993,1.0750766630282602e-15,0.0,0.0,4.490756928105487e-18,0.0
2029,0.19,0.999999999999999,4.569035095871948e-16,5.3050256803965045e-17,8.551206855827089e-16,0.0,0.0
2029,0.2,0.9999999999999981,3.665300662874832e-15,0.0,0.0,0.0,0.0
2029,0.21000000000000002,0.9999999999999999,4.214630996031002e-17,0.0,6.242239553751592e-17,2.3131875977232706e-17,2.1835057445596285e-17
2029,0.22,1.0,0.0,0.0,0.0,2.0220370516854658e-17,0.0
2029,0.23,1.0,0.0,2.680929158278009e-16,0.0,1.0909716597999608e-15,1.3274772347169912e-15
2029,0.24000000000000002,1.0,9.990549203052067e-14,9.490165281011396e-17,0.0,0.0,0.0
2029,0.25,0.9999999999999921,9.728785804036504e-15,0.0,1.2503860133302987e-15,0.0,0.0
2029,0.26,1.0,0.0,2.7722329572449182e-17,0.0,3.331128589249355e-16,7.751931183823477e-16
2029,0.27,0.9999999999999931,8.078007104780861e-15,7.955269913141345e-17,1.805603193003047e-16,0.0,0.0
2029,0.28,1.0,0.0,7.077983066593489e-16,0.0,1.7092017380013246e-15,2.4767027384314192e-15
2029,0.29000000000000004,1.0,0.0,3.9448357232706177e-16,0.0,2.375536087826681e-15,2.843091074931003e-15
2029,0.3,0.9999999999999999,7.90488640389351e-14,0.0,0.0,3.438962257378435e-17,3.8748851220040264e-16
2029,0.31,0.9999999999999793,2.5526652672400716e-14,0.0,2.274744037542866e-15,0.0,0.0
2029,0.32,0.9999999999998986,0.0,0.0,2.5491091762260503e-16,1.199873144661718e-16,2.3378696978495726e-17
2029,0.33,1.0,0.0,4.861958529327843e-16,0.0,3.798738633495249e-15,4.563756133323994e-15
2029,0.34,0.9999999999999793,2.4230524444698962e-14,0.0,2.6422825389057028e-15,0.0,0.0
2029,0.35000000000000003,1.0,4.5085775892043354e-14,7.16160226978184e-17,0.0,3.660246317758398e-17,5.643071026309683e-18
2029,0.36000000000000004,0.9999999999999427,1.4065245029194872e-17,0.0,0.0,0.0,0.0
2029,0.37,0.9999999999999856,1.714293321868697e-14,0.0,1.1013221906571715e-15,0.0,0.0
2029,0.38,1.0,0.0,7.15589315708194e-17,0.0,5.13451626169974e-16,1.1429151347271631e-15
2029,0.39,1.0,0.0,1.398755746683481e-17,0.0,8.653225857840228e-17,1.0217681825124387e-16
2029,0.4,0.9999999999999997,7.371350810292648e-16,0.0,0.0,0.0,0.0
2029,0.41000000000000003,0.999999999999924,0.0,0.0,0.0,1.4029950774373595e-16,2.9324853434546086e-16
2029,0.42000000000000004,0.9999999999999988,2.841458564599948e-13,1.7402292056435965e-17,1.4163568692811298e-15,6.005199358356188e-17,1.0330944399037854e-16
2029,0.43,0.999999999999925,0.0,0.0,1.2711621610335809e-15,0.0,0.0
2029,0.44,1.0,0.0,0.0,2.630274470449834e-16,2.3277905346558506e-16,1.6838040903526148e-16
2029,0.45,0.9999999999999973,2.9937176733918144e-15,2.1601881253826422e-16,1.3284060063436555e-16,0.0,0.0
2029,0.46,1.0,0.0,0.0,4.532138722743596e-16,0.0,3.877954001755418e-16
2029,0.47000000000000003,0.9999999999999974,3.1306922183252546e-15,0.0,1.8416147987555635e-16,0.0,0.0
2029,0.48000000000000004,0.9999999999999295,1.0661753071093087e-15,0.0,0.0,0.0,0.0
2029,0.49,1.0,1.1257800085317417e-13,2.9418642192899053e-17,0.0,0.0,0.0
2029,0.5,0.9999999999998322,0.0,1.4849551423033205e-17,1.1778638482375324e-16,2.3024531921961087e-17,1.6347561096159625e-16
2029,0.51,0.9999999999999988,4.916992903786988e-16,0.0,6.699862746298968e-16,0.0,1.9688537905979532e-16
2029,0.52,1.0,0.0,4.688708527878817e-16,8.986638405541862e-17,1.4324978852317365e-16,3.776106760177561e-16
2029,0.53,0.9999999999999917,9.723848025470485e-15,0.0,0.0,0.0,0.0
2029,0.54,0.9999999999999934,7.319173401114343e-15,1.810732637950692e-16,0.0,0.0,0.0
2029,0.55,1.0,0.0,2.243502286074575e-16,7.723784278986217e-16,2.782710754802454e-16,3.4147625048788766e-16
2029,0.56,0.9999999999999968,3.672085608540576e-15,0.0,0.0,0.0,0.0
2029,0.5700000000000001,1.0,0.0,2.518042604938639e-16,5.22708266915365e-17,1.1522909159505414e-16,1.9541473609630336e-17
2029,0.5800000000000001,1.0,0.0,0.0,1.6474232218688727e-17,0.0,5.948750384591401e-17
2029,0.59,0.9999999999999967,4.00197275424413e-15,2.2619760746541914e-16,0.0,0.0,0.0
2029,0.6,0.9999999999999982,2.022561365079816e-15,0.0,0.0,6.379301587303675e-17,0.0
2029,0.61,1.0,0.0,0.0,4.094184572530496e-16,0.0,6.656662525882096e-17
2029,0.62,0.9999999999999984,1.8868700750614663e-15,3.967205863407604e-17,0.0,0.0,0.0
2029,0.63,1.0,4.6534784864784465e-14,2.149317464855523e-16,0.0,0.0,4.130339338690121e-17
2029,0.64,1.0,1.0931024050352815e-13,0.0,3.010492936694541e-16,1.1144031117988351e-16,0.0
2029,0.65,0.9999999999999989,1.3465846039411537e-15,0.0,7.21502664471213e-18,0.0,0.0
2029,0.66,0.9999999999999936,7.624121958895802e-15,0.0,0.0,0.0,0.0
2029,0.67,1.0,0.0,6.457270970098433e-17,2.261815138394213e-16,0.0,1.2401112919218672e-16
2029,0.68,0.9999999999999977,2.1861509513968597e-15,3.157797486360183e-16,1.0911432972955237e-16,0.0,0.0
2029,0.6900000000000001,0.9999999999999976,2.722434619726417e-15,0.0,0.0,4.6649916053556964e-17,0.0
2029,0.7000000000000001,0.9999999999999958,5.069188104488923e-15,1.5131438921398184e-16,0.0,0.0,0.0
2029,0.7100000000000001,1.0,0.0,0.0,2.6297111935399096e-16,2.799062725849198e-17,0.0
2029,0.72,0.9999999999999994,6.726263223157981e-16,0.0,0.0,0.0,3.324011394910051e-17
2029,0.73,1.0,0.0,0.0,2.306737530751845e-16,7.253016072396486e-17,2.903980461860852e-16
2029,0.74,1.0,0.0,1.2417854488715014e-16,2.420890506692082e-16,0.0,2.949724857972872e-16
2029,0.75,0.9999999999999999,0.0,1.2893959039578587e-17,3.174294086318117e-16,1.4631647130870784e-17,0.0
2029,0.76,1.0,4.7584691060045977e-14,0.0,1.8907577557239144e-16,0.0,0.0
2029,0.77,1.0,0.0,1.5107594943932975e-16,3.7406414906760235e-16,6.631971515469633e-17,2.6776617286839756e-16
2029,0.78,0.999999999999999,9.985086962447341e-16,0.0,1.8988361095073278e-17,8.35500593677433e-17,0.0
2029,0.79,1.0,2.769849998792663e-16,0.0,0.0,1.405117643439439e-16,1.160785893337387e-16
2029,0.8,0.9999999999999987,1.3125758075924199e-15,7.610040459664173e-17,9.155282665340193e-17,0.0,0.0
2029,0.81,1.0,1.1584175643290672e-13,0.0,0.0,7.299578604159554e-17,2.2792220599220436e-17
2029,0.8200000000000001,0.9999999999998267,8.54317709774144e-17,1.5529861392558193e-16,0.0,0.0,0.0
2029,0.8300000000000001,0.9999999999998264,2.8308211880948294e-16,0.0,0.0,2.4896529929019463e-16,0.0
2029,0.8400000000000001,1.0,0.0,0.0,2.3493136418455823e-16,5.119678891441805e-17,0.0
2029,0.85,0.9999999999999997,1.1633445098751543e-13,1.5719138636175954e-16,0.0,2.2291500334644597e-16,3.940324181465068e-17
2029,0.86,1.0,0.0,1.64838117249844e-16,4.1949306712769224e-16,0.0,0.0
2029,0.87,1.0,0.0,8.2331602473118e-18,4.993170285604639e-16,0.0,0.0
2029,0.88,1.0,0.0,0.0,1.5133937668592584e-17,6.343090928808554e-17,1.4412477355768734e-16
2029,0.89,0.9999999999999987,0.0,2.1032283849086976e-16,9.007265895331061e-16,1.65575005204875e-16,2.556337903075507e-16
2029,0.9,1.0,0.0,0.0,0.0,8.082515437642622e-17,1.4906001102486452e-16
2029,0.91,0.9999999999999996,3.578277980181583e-16,1.716766377495016e-17,0.0,1.9474981523270873e-17,0.0
2029,0.92,1.0,0.0,2.3036495952148324e-17,0.0,0.0,0.0
2029,0.93,1.0,0.0,0.0,0.0,1.5342392476911867e-16,1.2343895843631644e-16
2029,0.9400000000000001,0.9999999999999983,1.9655928936628073e-15,0.0,0.0,0.0,0.0
2029,0.9500000000000001,0.9999999999999998,4.946893833987588e-14,3.755920201340329e-17,0.0,0.0,2.1464617832814455e-16
2029,0.9600000000000001,0.9999999999999997,4.609142487978484e-16,0.0,0.0,2.6119531478007232e-17,6.128283373384863e-18
2029,0.97,0.9999999999999993,1.6381278024827749e-15,0.0,0.0,0.0,0.0
2029,0.98,0.9999999999999988,0.0,0.0,1.2782719201953257e-15,1.1634715505214935e-16,4.0392430832163105e-16
2029,0.99,0.9999999999999989,1.5064468261423523e-15,0.0,0.0,4.7014140220876313e-17,4.6372089246857554e-17
2029,1.0,1.0,4.9663758059314974e-14,4.855928438238529e-17,0.0,3.830432182432117e-17,0.0
2030,0.01,0.0489904840738338,0.03164470909882241,0.16662632333553182,0.28956262450777553,0.38637886816606853,0.07679699081796808
2030,0.02,0.999999999999207,0.0,6.059638301327047e-17,0.0,1.5773983556806515e-16,0.0
2030,0.03,0.9999999999999998,2.429409657462977e-16,6.845522806574659e-17,0.0,4.1212384381881034e-17,0.0
2030,0.04,1.0,2.8827784000104644e-16,0.0,0.0,0.0,2.845995299444232e-17
2030,0.05,1.0,0.0,0.0,0.0,0.0,0.0
2030,0.060000000000000005,0.9999999999999962,9.718192950371661e-15,0.0,0.0,0.0,0.0
2030,0.06999999999999999,0.9999999999999675,9.88425931809063e-15,6.1768209334064985e-15,1.3750187527738949e-14,3.890640089759378e-15,1.1085140668126915e-15
2030,0.08,1.0,0.0,3.963962412125167e-15,8.784177940202457e-15,2.1890034500574883e-15,0.0
2030,0.09,1.0,0.0,0.0,0.0,0.0,0.0
2030,0.09999999999999999,0.9999999999999998,7.380524817917893e-16,0.0,0.0,0.0,3.833402719843705e-17
2030,0.11,0.9999999999999993,2.0265110316426834e-15,0.0,0.0,0.0,0.0
2030,0.12,1.0,0.0,7.966148705629367e-17,0.0,1.0681148742901118e-16,0.0
2030,0.13,1.0,0.0,0.0,5.904827471142872e-17,3.033957597952907e-17,0.0
2030,0.14,1.0,0.0,4.094725405661951e-14,5.80811880176765e-14,4.712368646571567e-14,2.463611347642932e-15
2030,0.15000000000000002,1.0,0.0,1.2866865790674657e-16,1.2733514773744309e-17,1.816232736662202e-17,2.02005453018433e-16
2030,0.16,0.9999999999992143,0.0,8.061290209349885e-13,1.3478386467027047e-15,1.0214128013530621e-14,3.8178839508178726e-16
2030,0.17,1.0,0.0,0.0,0.0,9.916950388030787e-17,0.0
2030,0.18000000000000002,1.0,8.20213360152258e-14,0.0,4.1044175701216496e-16,1.8864703487158465e-17,0.0
2030,0.19,0.999999999999321,0.0,1.384360109484213e-16,2.5675370933755504e-16,0.0,0.0
2030,0.2,0.9999999999999981,1.4429666734924354e-13,6.318215415760461e-19,0.0,0.0,0.0
2030,0.21000000000000002,1.0,0.0,1.796003536377755e-13,1.1100140209533799e-14,3.328875476733235e-13,3.523912393115548e-14
2030,0.22,0.999999999999992,0.0,6.052103262987885e-14,0.0,9.570469416964045e-14,1.667416205108907e-14
2030,0.23,0.9999999999999298,5.189182417097982e-13,0.0,1.446100184043786e-13,0.0,0.0
2030,0.24000000000000002,0.9999999999999927,1.5842882561400984e-13,0.0,2.886579864025407e-15,0.0,0.0
2030,0.25,0.9999999999999813,0.0,0.0,1.625088952295073e-14,0.0,0.0
2030,0.26,0.9999999999999749,3.219646771412954e-14,0.0,1.5626389071599078e-14,0.0,0.0
2030,0.27,1.0,0.0,7.634718933989017e-14,0.0,4.93822009041303e-13,6.997825501234441e-14
2030,0.28,1.0,0.0,3.2175864117012087e-15,0.0,1.2319753343335141e-14,2.0966310946265975e-15
2030,0.29000000000000004,1.0,0.0,1.0502498525134782e-16,0.0,0.0,4.62124818525333e-19
2030,0.3,1.0,0.0,3.25397839319371e-14,0.0,2.607514640099969e-13,3.828690787889257e-14
2030,0.31,0.9999999999995215,5.731075361934605e-13,0.0,1.006205351117211e-13,0.0,0.0
2030,0.32,1.0,0.0,1.7404173161515452e-14,0.0,1.1187100033243712e-13,1.628071770877895e-14
2030,0.33,1.0,3.088064876337946e-14,5.821341849545512e-16,9.322262288779247e-18,2.3167805350246342e-15,1.9193838811867088e-16
2030,0.34,0.9999999999999851,1.7030088683657116e-14,0.0,4.620662665456735e-15,0.0,0.0
2030,0.35000000000000003,1.0,4.0082743309011896e-14,1.719356476448315e-17,0.0,1.3427898873289405e-15,2.7009574529071355e-16
2030,0.36000000000000004,1.0,0.0,1.4926230260970134e-14,0.0,6.489386303702919e-14,1.0446194414166502e-14
2030,0.37,1.0,0.0,1.8398692623746194e-15,0.0,6.846048994667239e-15,1.2042078880109175e-15
2030,0.38,1.0,0.0,1.8839096949108125e-15,0.0,6.251943407420413e-15,1.0859368959614812e-15
2030,0.39,0.9999999999999951,4.9960036108132044e-15,0.0,5.592748486549226e-15,0.0,0.0
2030,0.4,1.0,5.4012350148013866e-14,1.4710455076283324e-15,0.0,2.8171909249863347e-15,5.689893001203927e-16
2030,0.41000000000000003,1.0,0.0,1.6237011735142914e-15,0.0,5.9119376061289586e-15,1.3600232051658168e-15
2030,0.42000000000000004,0.9999999999999418,2.1094237467877974e-15,0.0,6.00908212078366e-15,0.0,0.0
2030,0.43,1.0,0.0,0.0,0.0,1.4467593789646571e-15,5.169475958410885e-16
2030,0.44,0.9999999999999978,0.0,2.914335439641036e-16,2.9976021664879227e-15,0.0,0.0
2030,0.45,0.9999999999997595,2.3314683517128287e-15,7.632783294297951e-16,7.591149930874508e-15,0.0,0.0
2030,0.46,0.999999999999992,7.771561172376096e-16,6.661338147750939e-16,1.2101430968414206e-14,0.0,0.0
2030,0.47000000000000003,1.0,2.7755575615628914e-16,0.0,0.0,9.645062526431047e-16,5.134781488891349e-16
2030,0.48000000000000004,1.0,0.0,0.0,0.0,1.5890067039947553e-15,2.914335439641036e-16
2030,0.49,1.0,1.201816424156732e-13,0.0,0.0,2.2343238370581275e-15,9.853229343548264e-16
2030,0.5,0.9999999999999947,0.0,1.6375789613221059e-15,8.548717289613705e-15,0.0,0.0
2030,0.51,0.9999999999999987,3.880229471064922e-14,1.5265566588595902e-16,1.4085954624931674e-15,0.0,0.0
2030,0.52,0.9999999999999984,1.3877787807814457e-15,2.7755575615628914e-17,1.8735013540549517e-15,0.0,0.0
2030,0.53,0.999999999999755,1.3185140108167405e-14,0.0,0.0,7.919992105669175e-15,1.9127500842955923e-15
2030,0.54,0.999999999999997,2.752522107082833e-15,2.8098402647094017e-16,2.1903741870771743e-16,0.0,5.36985815810385e-17
2030,0.55,0.9999999999999992,2.240823967895357e-15,0.0,0.0,9.60220265929998e-16,2.721360158432825e-16
2030,0.56,1.0,0.0,3.8525176023493715e-18,4.459844460695441e-16,0.0,0.0
2030,0.5700000000000001,0.9999999999998643,6.008520111114434e-16,0.0,0.0,0.0,0.0
2030,0.5800000000000001,0.9999999999999991,1.0744439294166613e-15,0.0,1.8779503946104049e-16,0.0,0.0
2030,0.59,1.0,0.0,0.0,0.0,1.4248348840370452e-15,4.134183585882212e-16
2030,0.6,1.0,0.0,0.0,2.6130315266216964e-16,0.0,1.6681255104989377e-17
2030,0.61,0.9999999999999997,3.0858138981506596e-15,0.0,0.0,2.2820978452420298e-15,5.765962383218876e-16
2030,0.62,0.9999999999999999,0.0,3.0367833165895056e-16,1.04961657316947e-15,0.0,0.0
2030,0.63,1.0,0.0,2.2886789206652813e-16,4.858025649474623e-16,8.404038556508514e-17,3.792109594831359e-17
2030,0.64,1.0,2.9580075703145126e-14,1.982416949209167e-15,4.655404565402735e-15,0.0,0.0
2030,0.65,1.0,5.124564175926739e-14,3.0786231596483824e-17,9.293622009222196e-17,0.0,3.077127075556079e-16
2030,0.66,0.9999999999999996,0.0,3.0525105282008523e-16,2.0139225551499156e-16,8.156104932698124e-17,0.0
2030,0.67,1.0,0.0,0.0,1.2967277909927425e-15,0.0,2.415619511043725e-17
2030,0.68,1.0,0.0,6.017087005651687e-16,1.574605767462893e-15,0.0,0.0
2030,0.6900000000000001,0.9999999999999988,1.5564390283266563e-15,0.0,0.0,5.658883125004947e-16,7.691990897311027e-17
2030,0.7000000000000001,0.9999999999999998,0.0,4.1366548045058266e-17,4.240454457027105e-16,0.0,0.0
2030,0.7100000000000001,0.9999999999999997,2.3377095041444603e-14,0.0,0.0,4.625843131809291e-16,3.5435879819609986e-16
2030,0.72,0.9999999999999998,3.1210972408569947e-16,0.0,0.0,4.2191251086240575e-16,1.717016252214456e-16
2030,0.73,1.0,1.2143561656810154e-13,2.423722284555914e-16,0.0,1.8550279850110023e-16,0.0
2030,0.74,0.9999999999999994,1.1290511906140803e-15,0.0,0.0,4.548887740484365e-16,1.9020326000920287e-16
2030,0.75,0.9999999999999996,6.725559127020576e-16,0.0,0.0,4.840033081488166e-16,1.8328427137955612e-16
2030,0.76,0.9999999999999999,5.312277242988488e-16,0.0,0.0,1.9104806949497063e-16,7.432131777005248e-17
2030,0.77,0.9999999999999993,1.3903880657754625e-15,0.0,0.0,3.7583137743293004e-16,2.639141846616402e-16
2030,0.78,1.0,0.0,8.705179945081099e-17,1.2806193720748833e-15,0.0,5.779612848559471e-17
2030,0.79,1.0,0.0,2.1966528937619398e-16,5.360207661100056e-16,0.0,0.0
2030,0.8,0.9999999999999728,0.0,2.6447403093044665e-17,0.0,5.089840862144907e-16,1.8250359091577704e-16
2030,0.81,1.0,0.0,0.0,0.0,8.742148698064013e-16,2.846731622538302e-16
2030,0.8200000000000001,1.0,0.0,5.864273791637538e-17,0.0,2.2430681816891073e-16,1.816525682857891e-17
2030,0.8300000000000001,0.999999999999999,4.463109772707106e-16,0.0,1.81780237326764e-15,0.0,0.0
2030,0.8400000000000001,0.9999999999999991,1.2021012178094225e-15,4.2959181744133164e-17,0.0,2.0054828515225645e-16,2.2775657160484068e-17
2030,0.85,1.0,0.0,1.0471645980756261e-16,3.9804460471643726e-16,0.0,0.0
2030,0.86,0.9999999999999999,1.5452580875437811e-16,1.530280427453957e-16,3.8259525315411085e-17,0.0,0.0
2030,0.87,1.0,0.0,4.6400959607994456e-17,0.0,3.449150597039281e-17,2.4091940694330055e-16
2030,0.88,1.0,0.0,0.0,0.0,5.2130642738765914e-18,1.3127014861059687e-16
2030,0.89,0.9999999999999994,9.846974005232791e-16,0.0,0.0,2.6222514802525594e-16,1.986570193997152e-16
2030,0.9,1.0,0.0,1.6072836632932534e-16,4.368788948261196e-16,0.0,0.0
2030,0.91,0.9999999999999994,0.0,7.218007141895281e-17,1.1303151755296206e-15,0.0,0.0
2030,0.92,1.0,0.0,0.0,4.857151087956583e-16,1.9487528198802078e-17,0.0
2030,0.93,0.9999999999999993,4.958481639436615e-16,8.914407670964752e-17,3.942441267007848e-16,0.0,0.0
2030,0.9400000000000001,0.9999999999999993,6.029895732000948e-16,0.0,2.6559146871588135e-16,0.0,0.0
2030,0.9500000000000001,0.9999999999999996,1.0851878011987532e-15,2.466877579759743e-18,0.0,5.660991707648019e-16,0.0
2030,0.9600000000000001,0.9999999999999996,4.0429782544954213e-16,3.4117528909381636e-16,0.0,2.9518277648644714e-16,4.885791918881211e-17
2030,0.97,0.9999999999999997,3.8211493253345846e-16,6.007046488853171e-17,0.0,0.0,0.0
2030,0.98,1.0,0.0,2.7548566057275883e-16,0.0,1.8946062387269766e-16,0.0
2030,0.99,0.9999999999999997,2.7277054939989437e-16,6.157029554032306e-18,0.0,1.867237545410006e-16,1.4428840973518503e-16
2030,1.0,1.0,0.0,3.540199084642174e-16,0.0,1.3392152055418044e-16,0.0
2031,0.01,1.0,0.0,0.0,0.0,0.0,0.0
2031,0.02,1.0,0.0,0.0,0.0,0.0,0.0
2031,0.03,1.0,0.0,0.0,0.0,0.0,0.0
2031,0.04,0.9999999999995394,3.466087104538063e-14,2.54576684595281e-13,8.617165776067471e-14,1.7162099989301885e-14,6.792337662748463e-14
2031,0.05,0.9999999999990897,0.0,6.023653797981865e-13,2.149391775674303e-13,7.06518177295834e-14,1.8608725671498405e-13
2031,0.060000000000000005,1.0,0.0,7.659782893008156e-15,1.3948718346817532e-15,2.5595624659471503e-15,1.0489012273757342e-15
2031,0.06999999999999999,0.9999999999990635,1.2800682898983008e-12,0.0,0.0,0.0,0.0
2031,0.08,1.0,0.0,2.42861286636753e-15,3.0531133177191805e-16,9.020562075079397e-16,2.5118795932144167e-15
2031,0.09,0.9999999999999567,0.0,2.6405960751318958e-14,1.3936768405997668e-14,1.2212453270876722e-14,2.848069002858722e-14
2031,0.09999999999999999,1.0,0.0,0.0,0.0,0.0,0.0
2031,0.11,0.9999999999999953,4.152789223610398e-13,3.0427049768633196e-15,3.066991105526995e-15,2.4980018054066022e-15,6.564193633096238e-15
2031,0.12,1.0,0.0,0.0,3.3306690738754696e-16,1.5959455978986625e-16,6.800116025829084e-16
2031,0.13,0.9999999999999946,6.572237057963365e-15,9.777911173878412e-16,0.0,0.0,0.0
2031,0.14,0.999999999999995,4.420740761168973e-15,1.0397032966014998e-15,0.0,0.0,0.0
2031,0.15000000000000002,1.0,0.0,0.0,5.454608424280364e-16,6.458168825022523e-16,1.4983576614960737e-15
2031,0.16,0.9999999999999998,4.806058174729128e-14,0.0,1.8844435010815714e-16,4.645642516999343e-18,1.5841442962391464e-16
2031,0.17,0.9999999999999977,2.8879617982788524e-15,3.2399751386305835e-16,0.0,0.0,0.0
2031,0.18000000000000002,0.9999999999999669,3.848473316487764e-14,6.607727314936846e-16,0.0,0.0,0.0
2031,0.19,0.9999999999998607,0.0,1.7189849565996917e-15,0.0,3.201037384563088e-17,0.0
2031,0.2,1.0,0.0,2.80118123465962e-16,3.4682998840545747e-16,2.1582787278310737e-16,6.205765182839358e-16
2031,0.21000000000000002,1.0,5.2550660256703336e-14,1.0641800898535313e-16,0.0,7.069607363739589e-17,3.249824433114215e-16
2031,0.22,1.0,1.14914181320155e-14,0.0,0.0,1.0348505040838041e-16,2.286444389692685e-16
2031,0.23,1.0,0.0,3.885780586188048e-16,2.7755575615628914e-16,0.0,0.0
2031,0.24000000000000002,0.9999999999999979,2.403069824762499e-15,1.6196671746698217e-16,0.0,0.0,0.0
2031,0.25,0.9999999999999991,9.385896785103863e-16,3.466132678604504e-16,1.7008012922624477e-16,0.0,0.0
2031,0.26,1.0,2.7755575615628914e-16,0.0,0.0,5.551115123125783e-17,1.249000902703301e-16
2031,0.27,0.9999999999999998,1.2212453270876722e-15,0.0,0.0,0.0,0.0
2031,0.28,1.0,0.0,0.0,0.0,2.914335439641036e-16,4.371503159461554e-16
2031,0.29000000000000004,1.0,4.440892098500626e-16,0.0,0.0,0.0,0.0
2031,0.3,1.0,0.0,0.0,0.0,1.567315786603069e-16,1.636843399693026e-16
2031,0.31,1.0,0.0,3.608224830031759e-16,0.0,9.367506770274758e-17,0.0
2031,0.32,0.9999999999999988,1.6237244667781693e-14,0.0,0.0,1.9069635777858464e-17,1.8802306381039666e-17
2031,0.33,0.9999999999999991,0.0,1.0824674490095276e-15,4.163336342344337e-16,0.0,0.0
2031,0.34,1.0,1.6653345369377348e-16,0.0,0.0,0.0,0.0
2031,0.35000000000000003,1.0,1.1102230246251565e-16,0.0,0.0,1.1102230246251565e-16,0.0
2031,0.36000000000000004,1.0,0.0,0.0,0.0,2.8449465006019636e-16,5.551115123125783e-17
2031,0.37,0.9999999999999994,3.885780586188048e-16,2.185751579730777e-16,0.0,0.0,4.163336342344337e-17
2031,0.38,0.9999999999996516,0.0,0.0,0.0,2.636779683484747e-16,2.7755575615628914e-17
2031,0.39,1.0,0.0,2.3245294578089215e-16,1.6653345369377348e-16,0.0,0.0
2031,0.4,1.0,3.406719351062293e-13,1.1553258350005535e-15,3.0531133177191805e-16,2.7755575615628914e-17,0.0
2031,0.41000000000000003,1.0,7.771561172376096e-16,0.0,0.0,2.636779683484747e-16,1.5959455978986625e-16
2031,0.42000000000000004,0.9999999999999998,1.6653345369377348e-16,0.0,8.326672684688674e-17,5.204170427930421e-17,0.0
2031,0.43,0.9999999999999996,1.1074474670635936e-13,9.575673587391975e-16,1.249000902703301e-16,0.0,0.0
2031,0.44,0.9999999999997718,1.1102230246251565e-16,5.551115123125783e-17,1.8041124150158794e-16,2.0816681711721685e-17,0.0
2031,0.45,0.9999999999998914,0.0,0.0,0.0,0.0,9.020562075079397e-17
2031,0.46,0.9999999999999997,3.2462921240039577e-13,2.0816681711721685e-16,1.3877787807814457e-17,0.0,0.0
2031,0.47000000000000003,0.9999999999999998,1.0735856648125264e-13,0.0,2.463307335887066e-16,0.0,0.0
2031,0.48000000000000004,0.9999999999999993,0.0,9.055256544598933e-16,5.551115123125783e-16,0.0,0.0
2031,0.49,1.0,0.0,0.0,0.0,0.0,1.5612511283791264e-16
2031,0.5,0.9999999999999996,0.0,4.996003610813204e-16,5.551115123125783e-17,2.42861286636753e-17,5.898059818321144e-17
2031,0.51,0.9999999999999998,4.996003610813204e-16,0.0,1.3877787807814457e-16,0.0,6.938893903907228e-17
2031,0.52,1.0,4.440892098500626e-16,0.0,0.0,0.0,0.0
2031,0.53,0.999999999999999,0.0,3.469446951953614e-16,0.0,0.0,1.734723475976807e-17
2031,0.54,0.9999999999999998,1.006972283335017e-13,8.881784197001252e-16,1.8041124150158794e-16,0.0,0.0
2031,0.55,0.9999999999999993,0.0,6.765421556309548e-16,1.942890293094024e-16,0.0,0.0
2031,0.56,1.0,2.7755575615628914e-16,0.0,0.0,2.7755575615628914e-17,9.020562075079397e-17
2031,0.5700000000000001,1.0,4.440892098500626e-16,0.0,0.0,7.979727989493313e-17,8.673617379884035e-17
2031,0.5800000000000001,1.0,1.1102230246251565e-16,0.0,0.0,1.2836953722228372e-16,1.942890293094024e-16
2031,0.59,0.9999999999999999,8.82738326879462e-13,2.498001805406602e-16,1.3877787807814457e-16,8.673617379884035e-17,0.0
2031,0.6,1.0,4.872768855079812e-13,6.591949208711867e-17,0.0,4.163336342344337e-17,0.0
2031,0.61,1.0,4.440892098500626e-16,0.0,0.0,1.249000902703301e-16,2.7755575615628914e-17
2031,0.62,1.0,0.0,3.122502256758253e-16,0.0,0.0,0.0
2031,0.63,0.9999999999999043,0.0,3.469446951953614e-16,2.2898349882893854e-16,0.0,0.0
2031,0.64,0.999999999999905,0.0,1.3877787807814457e-17,3.469446951953614e-18,9.367506770274758e-17,0.0
2031,0.65,0.9999999999999996,0.0,4.85722573273506e-16,1.1102230246251565e-16,2.42861286636753e-17,0.0
2031,0.66,1.0,1.80855330711438e-13,4.440892098500626e-16,3.469446951953614e-17,2.7755575615628914e-17,0.0
2031,0.67,0.9999999999999997,3.3306690738754696e-16,0.0,8.326672684688674e-17,0.0,0.0
2031,0.68,1.0,0.0,0.0,9.020562075079397e-17,1.3877787807814457e-17,1.3877787807814457e-17
2031,0.6900000000000001,0.9999999999999999,6.519784712111232e-13,0.0,6.245004513516506e-17,8.326672684688674e-17,1.249000902703301e-16
2031,0.7000000000000001,0.9999999999999998,1.1102230246251565e-16,2.498001805406602e-16,0.0,0.0,0.0
2031,0.7100000000000001,1.0,2.220446049250313e-16,0.0,0.0,4.5102810375396984e-17,9.71445146547012e-17
2031,0.72,0.9999999999999951,5.551115123125783e-17,8.326672684688674e-17,7.979727989493313e-17,0.0,3.469446951953614e-18
2031,0.73,0.9999999999999953,0.0,5.273559366969494e-16,0.0,9.71445146547012e-17,0.0
2031,0.74,0.9999999999996454,2.220446049250313e-16,0.0,0.0,9.020562075079397e-17,0.0
2031,0.75,1.0,0.0,0.0,0.0,0.0,1.3877787807814457e-16
2031,0.76,0.9999999999999999,0.0,2.740863092043355e-16,8.673617379884035e-17,0.0,0.0
2031,0.77,1.0,1.6653345369377348e-16,0.0,0.0,0.0,6.245004513516506e-17
2031,0.78,0.9999999999999998,0.0,3.8163916471489756e-16,0.0,1.3877787807814457e-17,6.938893903907228e-17
2031,0.79,0.9999999999999165,1.1102230246251565e-16,0.0,0.0,4.163336342344337e-17,0.0
2031,0.8,0.9999999999999996,0.0,4.85722573273506e-16,0.0,0.0,0.0
2031,0.81,0.9999999999999174,1.6653345369377348e-16,0.0,0.0,3.469446951953614e-18,6.938893903907228e-17
2031,0.8200000000000001,0.9999999999999998,4.30822044705792e-13,0.0,0.0,0.0,0.0
2031,0.8300000000000001,0.9999999999999999,2.7755575615628914e-16,8.326672684688674e-17,0.0,0.0,0.0
2031,0.8400000000000001,1.0,2.220446049250313e-16,0.0,0.0,0.0,0.0
2031,0.85,1.0,2.626232564750808e-13,0.0,0.0,0.0,5.204170427930421e-17
2031,0.86,1.0,4.440892098500626e-16,0.0,1.3877787807814457e-17,3.122502256758253e-17,0.0
2031,0.87,0.9999999999997395,0.0,1.734723475976807e-17,0.0,4.163336342344337e-17,4.85722573273506e-17
2031,0.88,0.9999999999999998,0.0,4.961309141293668e-16,6.591949208711867e-17,0.0,0.0
2031,0.89,1.0,0.0,0.0,0.0,0.0,1.0061396160665481e-16
2031,0.9,0.9999999999997424,0.0,1.3530843112619095e-16,3.469446951953614e-18,4.85722573273506e-17,0.0
2031,0.91,0.9999999999999999,2.220446049250313e-16,0.0,0.0,0.0,5.551115123125783e-17
2031,0.92,0.9999999999995849,0.0,0.0,1.1102230246251565e-16,9.71445146547012e-17,0.0
2031,0.93,1.0,2.550737399076297e-13,1.457167719820518e-16,0.0,6.938893903907228e-17,2.7755575615628914e-17
2031,0.9400000000000001,1.0,1.6653345369377348e-16,0.0,0.0,2.7755575615628914e-17,0.0
2031,0.9500000000000001,1.0,1.2490009027033011e-14,0.0,6.938893903907228e-17,0.0,6.938893903907228e-17
2031,0.9600000000000001,1.0,1.6653345369377348e-16,0.0,0.0,2.7755575615628914e-17,2.7755575615628914e-17
2031,0.97,1.0,0.0,0.0,6.938893903907228e-17,0.0,9.020562075079397e-17
2031,0.98,1.0,2.220446049250313e-16,0.0,0.0,5.204170427930421e-17,0.0
2031,0.99,0.9999999999999996,0.0,4.579669976578771e-16,0.0,0.0,0.0
2031,1.0,1.0,0.0,3.469446951953614e-18,1.3877787807814457e-17,1.3877787807814457e-17,0.0
2032,0.01,0.9999999999998523,0.0,0.0,2.0768963316544726e-16,0.0,1.4156890954199037e-17
2032,0.02,0.999999999999917,0.0,4.926197809968533e-16,3.56714792465486e-14,4.333339206594117e-15,2.921578844371023e-15
2032,0.03,1.0,0.0,0.0,0.0,0.0,0.0
2032,0.04,0.9999999999999996,3.587208460302722e-15,0.0,0.0,0.0,1.357177597979516e-16
2032,0.05,1.0,0.0,5.278679988226448e-18,0.0,0.0,0.0
2032,0.060000000000000005,0.9999999999999997,2.3530638802195507e-15,0.0,0.0,0.0,0.0
2032,0.06999999999999999,0.9999999999999998,7.978397805520145e-17,0.0,2.4136273294503227e-16,0.0,8.287359137299017e-18
2032,0.08,1.0,0.0,0.0,0.0,6.126551191007728e-16,0.0
2032,0.09,0.9999999999999081,1.0681195790918107e-13,0.0,0.0,0.0,0.0
2032,0.09999999999999999,1.0,0.0,8.45300050193116e-16,3.6781995452934166e-16,1.0113506951069546e-15,4.1695543582705716e-16
2032,0.11,0.9999999999998249,2.5116147006173654e-15,0.0,0.0,0.0,0.0
2032,0.12,0.9999999999999981,2.623049882734614e-15,0.0,2.361594744837272e-16,0.0,0.0
2032,0.13,1.0,0.0,1.0498313296258114e-16,0.0,0.0,0.0
2032,0.14,1.0,2.0304665936704103e-14,0.0,2.3464056427779715e-17,0.0,0.0
2032,0.15000000000000002,0.9999999999999993,5.551115123125783e-16,2.7755575615628914e-17,4.440892098500626e-16,0.0,0.0
2032,0.16,0.9999999999999993,7.771561172376096e-16,6.938893903907228e-17,0.0,4.85722573273506e-17,0.0
2032,0.17,1.0,8.97633694678675e-15,1.1932736685475792e-16,0.0,2.8668093152303875e-16,9.052926911766583e-17
2032,0.18000000000000002,0.9999999999999997,2.220446049250313e-16,0.0,3.191891195797325e-16,0.0,0.0
2032,0.19,1.0,5.551115123125783e-17,0.0,0.0,2.0816681711721685e-17,5.551115123125783e-17
2032,0.2,1.0,5.050821771827832e-15,3.1575443656353853e-16,0.0,5.4965032218587175e-17,6.713838401089152e-17
2032,0.21000000000000002,1.0,2.0043233596486054e-15,0.0,2.67668194309541e-16,9.783341184110475e-17,5.92534230715598e-17
2032,0.22,0.9999999999999988,1.258369699257531e-14,0.0,0.0,0.0,0.0
2032,0.23,1.0,6.661338147750939e-16,0.0,0.0,0.0,4.163336342344337e-17
2032,0.24000000000000002,1.0,0.0,0.0,0.0,8.673617379884035e-17,9.71445146547012e-17
2032,0.25,1.0,5.551115123125783e-17,3.469446951953614e-17,0.0,0.0,1.7694179454963432e-16
2032,0.26,0.999999999999649,4.996003610813204e-16,8.326672684688674e-17,0.0,1.3877787807814457e-16,0.0
2032,0.27,1.0,5.551115123125783e-17,9.71445146547012e-17,0.0,2.636779683484747e-16,1.457167719820518e-16
2032,0.28,1.0,0.0,0.0,9.020562075079397e-17,0.0,8.326672684688674e-17
2032,0.29000000000000004,1.0,4.2643666375852263e-13,0.0,1.3877787807814457e-17,3.8163916471489756e-17,0.0
2032,0.3,0.9999999999997462,0.0,0.0,6.106226635438361e-16,1.4224732503009818e-16,4.5102810375396984e-17
2032,0.31,1.0,2.514100039263667e-13,0.0,2.8796409701215e-16,0.0,0.0
2032,0.32,0.9999999999999999,0.0,0.0,7.355227538141662e-16,0.0,0.0
2032,0.33,0.9999999999997529,0.0,1.2836953722228372e-16,0.0,1.249000902703301e-16,1.6653345369377348e-16
2032,0.34,0.9999999999997542,0.0,2.7755575615628914e-17,0.0,4.5102810375396984e-17,1.2836953722228372e-16
2032,0.35000000000000003,0.9999999999999996,1.1102230246251565e-16,0.0,5.065392549852277e-16,0.0,0.0
2032,0.36000000000000004,0.9999999999999193,0.0,0.0,5.551115123125783e-16,0.0,0.0
2032,0.37,0.9999999999999198,0.0,5.898059818321144e-17,3.0531133177191805e-16,1.3183898417423734e-16,1.0408340855860843e-17
2032,0.38,1.0,1.6653345369377348e-16,0.0,0.0,0.0,2.0816681711721685e-17
2032,0.39,0.999999999999604,5.551115123125783e-16,0.0,0.0,0.0,0.0
2032,0.4,0.9999999999997631,0.0,0.0,1.97758476261356e-16,1.5265566588595902e-16,3.122502256758253e-17
2032,0.41000000000000003,1.0,5.491163079796024e-13,0.0,0.0,5.898059818321144e-17,0.0
2032,0.42000000000000004,0.9999999999999999,5.551115123125783e-17,3.122502256758253e-17,1.0061396160665481e-16,1.3877787807814457e-17,6.938893903907228e-17
2032,0.43,0.9999999999999996,0.0,4.5102810375396984e-17,1.0304257447302234e-15,0.0,2.7755575615628914e-17
2032,0.44,1.0,0.0,0.0,4.440892098500626e-16,4.163336342344337e-17,0.0
2032,0.45,1.0,7.69939667577546e-14,8.326672684688674e-17,4.163336342344337e-17,0.0,2.7755575615628914e-17
2032,0.46,1.0,2.2937207688755734e-13,1.1796119636642288e-16,3.191891195797325e-16,0.0,9.71445146547012e-17
2032,0.47000000000000003,0.9999999999999999,5.551115123125783e-17,0.0,1.1102230246251565e-16,0.0,0.0
2032,0.48000000000000004,0.9999999999999998,0.0,0.0,4.996003610813204e-16,0.0,2.7755575615628914e-17
2032,0.49,1.0,0.0,0.0,8.708311849403572e-16,5.551115123125783e-17,0.0
2032,0.5,0.9999999999999998,2.2620794126737565e-13,8.326672684688674e-17,4.961309141293668e-16,0.0,2.7755575615628914e-17
2032,0.51,1.0,5.26634291730943e-13,0.0,0.0,1.6653345369377348e-16,0.0
2032,0.52,0.9999999999999252,5.551115123125783e-16,0.0,0.0,0.0,0.0
2032,0.53,0.9999999999999998,0.0,1.3877787807814457e-17,5.620504062164855e-16,0.0,1.3877787807814457e-16
2032,0.54,0.9999999999999252,0.0,2.7755575615628914e-17,5.551115123125783e-16,0.0,0.0
2032,0.55,1.0,0.0,8.326672684688674e-17,2.706168622523819e-16,0.0,6.938893903907228e-17
2032,0.56,0.9999999999999998,3.3306690738754696e-16,8.326672684688674e-17,0.0,0.0,0.0
2032,0.5700000000000001,1.0,5.186406859536419e-13,0.0,0.0,0.0,0.0
2032,0.5800000000000001,1.0,7.382983113757291e-14,2.0816681711721685e-17,3.3306690738754696e-16,0.0,0.0
2032,0.59,1.0,1.1102230246251565e-16,0.0,0.0,0.0,7.28583859910259e-17
2032,0.6,1.0,0.0,1.1102230246251565e-16,0.0,0.0,0.0
2032,0.61,1.0,1.1102230246251565e-16,1.3530843112619095e-16,0.0,0.0,0.0
2032,0.62,0.9999999999999997,0.0,4.163336342344337e-17,7.771561172376096e-16,0.0,0.0
2032,0.63,1.0,3.6609604237014537e-13,0.0,0.0,2.7755575615628914e-17,7.632783294297951e-17
2032,0.64,0.9999999999999998,1.6653345369377348e-16,0.0,0.0,1.5265566588595902e-16,2.7755575615628914e-17
2032,0.65,0.9999999999999998,2.7755575615628914e-16,0.0,1.942890293094024e-16,0.0,0.0
2032,0.66,1.0,0.0,0.0,0.0,7.28583859910259e-17,1.214306433183765e-16
2032,0.67,0.9999999999999998,2.220446049250313e-16,1.3877787807814457e-17,9.367506770274758e-17,0.0,0.0
2032,0.68,1.0,7.26640969617165e-14,0.0,0.0,0.0,0.0
2032,0.6900000000000001,1.0,2.1777024628022446e-13,0.0,0.0,7.979727989493313e-17,5.551115123125783e-17
2032,0.7000000000000001,1.0,7.288614156664153e-14,0.0,0.0,1.1102230246251565e-16,1.0408340855860843e-17
2032,0.7100000000000001,0.9999999999999997,0.0,1.3877787807814457e-16,5.793976409762536e-16,0.0,1.3877787807814457e-17
2032,0.72,1.0,3.6232128408641984e-13,0.0,0.0,4.85722573273506e-17,0.0
2032,0.73,1.0,0.0,4.163336342344337e-17,9.71445146547012e-17,0.0,9.71445146547012e-17
2032,0.74,1.0,0.0,0.0,9.367506770274758e-17,0.0,0.0
2032,0.75,0.9999999999999283,5.551115123125783e-17,1.734723475976807e-17,0.0,9.71445146547012e-17,3.122502256758253e-17
2032,0.76,0.9999999999999998,0.0,5.551115123125783e-17,1.5959455978986625e-16,0.0,0.0
2032,0.77,1.0,0.0,2.0816681711721685e-17,0.0,0.0,2.42861286636753e-17
2032,0.78,0.9999999999999999,0.0,0.0,1.3877787807814457e-17,0.0,2.7755575615628914e-17
2032,0.79,1.0,0.0,1.3448980438835234e-16,0.0,0.0,1.3876705855573237e-17
2032,0.8,1.0,0.0,0.0,9.28407667194817e-17,1.1017611654820861e-16,0.0
2032,0.81,0.9999999999999999,0.0,2.099989229123483e-16,1.2442040492438816e-17,0.0,6.612083446565898e-17
2032,0.8200000000000001,0.9999999999999999,4.0041828220221942e-16,0.0,0.0,2.7561128614674848e-17,0.0
2032,0.8300000000000001,0.9999999999999999,1.2425028365088805e-16,2.2585114452021253e-17,0.0,0.0,1.244272870670846e-17
2032,0.8400000000000001,0.9999999999999624,2.0201103743309011e-16,0.0,2.559445722224988e-16,0.0,0.0
2032,0.85,1.0,0.0,0.0,2.6448582602191847e-16,3.377022422518369e-17,0.0
2032,0.86,1.0,0.0,7.870550736548154e-17,0.0,0.0,8.84355336492693e-18
2032,0.87,0.9999999999999412,0.0,5.092473634538214e-17,6.749170831911286e-17,0.0,1.5541202566083936e-16
2032,0.88,0.9999999999999993,7.316042735210494e-16,0.0,0.0,0.0,0.0
2032,0.89,1.0,1.9051607986453572e-16,0.0,0.0,5.552735073637407e-17,9.464724976795871e-17
2032,0.9,0.9999999999999998,1.6105574456343912e-16,1.7550395612167015e-16,6.310247226278768e-17,0.0,0.0
2032,0.91,0.9999999999999998,4.92883442749153e-16,0.0,0.0,2.488249279810153e-17,0.0
2032,0.92,0.9999999999999994,8.71882670465255e-16,1.3666130156163368e-16,0.0,1.4535614770475828e-17,6.592033912006592e-19
2032,0.93,1.0,0.0,2.2102636544331323e-17,2.1537654980600864e-16,0.0,0.0
2032,0.9400000000000001,1.0,0.0,0.0,3.7824330375023666e-16,0.0,0.0
2032,0.9500000000000001,1.0,5.126338687989592e-17,0.0,5.575790251670485e-17,2.9950555619320026e-18,0.0
2032,0.9600000000000001,0.9999999999999997,7.993387916353229e-14,6.679812938253072e-17,0.0,0.0,2.7005761322090244e-17
2032,0.97,1.0,5.59965765062549e-17,0.0,1.40325052108565e-16,0.0,0.0
2032,0.98,0.9999999999999999,4.203835105134933e-17,0.0,0.0,7.652831505368276e-17,0.0
2032,0.99,1.0,0.0,1.2529734872259238e-18,1.0892483712687719e-16,0.0,7.104488845095444e-19
2032,1.0,0.9999999999999843,0.0,0.0,0.0,0.0,1.6886172138084484e-18
2033,0.01,1.0,0.0,0.0,0.0,0.0,0.0
2033,0.02,1.0,3.312103082277631e-14,0.0,0.0,0.0,0.0
2033,0.03,0.9999999999999616,0.0,0.0,0.0,1.2133451075280515e-16,1.0486499197726781e-16
2033,0.04,1.0,7.39446290045084e-14,6.287658073143255e-16,4.243115301636268e-17,1.1396463544247375e-15,3.1408033646512314e-15
2033,0.05,1.0,0.0,3.277763395989966e-16,0.0,1.051575310390216e-15,1.4052964809218487e-15
2033,0.060000000000000005,1.0,0.0,5.338963015991734e-16,0.0,8.798597091251407e-16,1.2764470995349454e-15
2033,0.06999999999999999,0.9999999999999938,5.880502095873983e-15,0.0,7.267589274253996e-16,3.0591018406562684e-17,0.0
2033,0.08,1.0,0.0,0.0,5.983465091601611e-16,2.557260230396513e-16,1.120150250766977e-16
2033,0.09,1.0,0.0,5.021960141388424e-16,0.0,6.521493802252642e-16,1.4757779071744218e-15
2033,0.09999999999999999,1.0,0.0,0.0,4.392894976544461e-16,0.0,3.124005740239629e-17
2033,0.11,0.9999999999999981,1.25056071387567e-15,1.1115825125054997e-17,1.5519835291449803e-15,0.0,0.0
2033,0.12,0.9999999999999993,8.888630340797435e-16,2.0583324134753125e-17,2.463309453469434e-16,0.0,0.0
2033,0.13,0.9999999999999984,2.190326828195371e-15,0.0,1.3493234849761004e-16,0.0,0.0
2033,0.14,1.0,0.0,0.0,0.0,2.517072752214033e-16,1.5857621442902977e-16
2033,0.15000000000000002,0.9999999999999982,2.1690703246257876e-15,0.0,0.0,4.1188882884371676e-17,0.0
2033,0.16,0.9999999999997419,2.2276607954807976e-15,3.8151406900178904e-16,3.8917312917199996e-16,0.0,0.0
2033,0.17,0.9999999999999543,0.0,0.0,4.838061124202246e-16,0.0,0.0
2033,0.18000000000000002,1.0,0.0,0.0,8.996506339377375e-17,0.0,0.0
2033,0.19,0.9999999999999982,2.498781287476313e-15,0.0,0.0,1.8100882324587585e-17,0.0
2033,0.2,1.0,0.0,0.0,5.812628075261075e-16,0.0,0.0
2033,0.21000000000000002,1.0,0.0,1.0534231127646513e-16,4.558858377064733e-16,0.0,0.0
2033,0.22,1.0,7.582447748259735e-16,0.0,0.0,0.0,0.0
2033,0.23,0.9999999999999989,1.8006378858662422e-15,0.0,0.0,4.910673511706806e-18,2.1387010170931687e-16
2033,0.24000000000000002,1.0,0.0,9.356685924373585e-17,3.7623064758844204e-16,0.0,0.0
2033,0.25,1.0,8.537406990769763e-14,0.0,2.3695148646563706e-16,0.0,0.0
2033,0.26,1.0,5.401152348687074e-16,0.0,0.0,0.0,0.0
2033,0.27,1.0,0.0,0.0,2.5097797985381733e-16,0.0,7.608219338827577e-17
2033,0.28,1.0,8.08232485522949e-17,3.515229082752709e-17,0.0,4.786498481639326e-17,1.6093795404421157e-16
2033,0.29000000000000004,1.0,2.068483241252249e-13,0.0,3.0482977865215295e-16,0.0,0.0
2033,0.3,0.9999999999999443,0.0,1.7289597519081366e-16,0.0,5.695245153804004e-16,1.293374851224839e-15
2033,0.31,0.9999999999999429,0.0,7.14260613099181e-17,4.093972594444585e-16,2.81688037886956e-16,2.6944403814626597e-16
2033,0.32,0.9999999999999996,3.8988651276407587e-16,0.0,0.0,0.0,1.2620917969031163e-16
2033,0.33,1.0,0.0,1.1206098374851902e-16,0.0,1.4890437779394389e-16,5.636013820142377e-16
2033,0.34,0.9999999999999997,4.586242952249464e-16,7.3530718392909e-17,0.0,2.249317167257476e-17,1.9490270467968814e-16
2033,0.35000000000000003,1.0,0.0,2.9879087214395444e-17,1.6578107667837485e-16,1.4494660727476082e-16,1.103287942369512e-16
2033,0.36000000000000004,0.9999999999999994,1.499426193559035e-16,4.396460985252402e-17,7.246483330790787e-16,0.0,0.0
2033,0.37,1.0,0.0,0.0,2.4606010656205886e-16,0.0,0.0
2033,0.38,0.9999999999999999,1.539046159666855e-16,0.0,0.0,7.644980568738413e-17,1.9386890096756426e-16
2033,0.39,1.0,0.0,9.541620932479598e-17,8.33928139618088e-17,1.3164078640034383e-16,0.0
2033,0.4,1.0,0.0,0.0,6.200627368633371e-16,0.0,0.0
2033,0.41000000000000003,1.0,4.037142689351111e-14,0.0,0.0,0.0,0.0
2033,0.42000000000000004,0.9999999999999991,1.2147938225021913e-15,0.0,0.0,5.759428147518196e-17,3.3527906860464505e-17
2033,0.43,0.9999999999999996,4.1561401521014376e-14,2.1010740278353618e-16,0.0,1.8927510885847082e-16,2.5456672073222416e-16
2033,0.44,1.0,4.4528310278921755e-17,0.0,1.3365502281315056e-16,0.0,0.0
2033,0.45,1.0,0.0,4.268693882015879e-17,0.0,1.7846256259029546e-16,2.868338109533779e-16
2033,0.46,1.0,0.0,2.6455402478867678e-17,0.0,0.0,0.0
2033,0.47000000000000003,0.9999999999999998,4.202904771253605e-14,1.9477971419293735e-17,1.4211565298555062e-16,1.2132694031829088e-16,1.9900048585730345e-16
2033,0.48000000000000004,1.0,0.0,6.876594630636675e-17,2.6728124650609447e-18,7.546004768851748e-17,8.044335427545134e-17
2033,0.49,1.0,0.0,0.0,0.0,2.9322163051575742e-18,0.0
2033,0.5,1.0,0.0,0.0,3.906685359326284e-17,2.2063937726553642e-17,7.289502016599465e-17
2033,0.51,0.9999999999999999,4.527878147018907e-16,0.0,0.0,0.0,0.0
2033,0.52,1.0,2.0056554344855676e-16,0.0,0.0,0.0,4.5399060148699176e-17
2033,0.53,1.0,0.0,1.954900235682667e-16,3.33687943915652e-16,0.0,0.0
2033,0.54,0.9999999999998415,9.639270541607502e-16,2.7331158109670146e-17,1.878351935480096e-16,0.0,0.0
2033,0.55,1.0,1.0581472955741644e-13,0.0,2.6785681351046353e-17,0.0,0.0
2033,0.56,1.0,0.0,2.773524682489481e-17,0.0,0.0,6.532953363935605e-17
2033,0.5700000000000001,0.9999999999999992,7.567368403374198e-16,5.908104890299896e-17,0.0,0.0,1.3013597237310277e-16
2033,0.5800000000000001,0.9999999999999996,6.239949764787632e-16,0.0,1.305691107667115e-16,0.0,0.0
2033,0.59,0.9999999999999328,0.0,1.150359387698672e-17,0.0,0.0,2.098281665709329e-16
2033,0.6,1.0,0.0,0.0,0.0,0.0,3.147065072270346e-17
2033,0.61,1.0,0.0,1.4174884614063903e-17,3.9864335113102764e-17,0.0,4.1562000897637195e-17
2033,0.62,1.0,2.987358816938198e-16,0.0,0.0,1.8046100148191425e-16,0.0
2033,0.63,0.9999999999999997,4.592729851598673e-14,1.8763482728136619e-16,2.2037330105057682e-16,2.9578978540138116e-17,0.0
2033,0.64,1.0,0.0,5.551937009782415e-17,0.0,4.245046566741305e-17,5.391476544092439e-17
2033,0.65,0.9999999999999999,2.128896598837979e-17,1.0075007073848099e-16,0.0,1.4153466651352796e-16,1.3042165369915807e-16
2033,0.66,1.0,0.0,0.0,6.620465102276775e-17,0.0,1.9334029946891837e-17
2033,0.67,1.0,0.0,9.917374089852648e-17,0.0,1.0675473871601168e-17,0.0
2033,0.68,0.9999999999999999,8.512490537492586e-17,0.0,2.478873683875232e-17,1.49766542381993e-17,0.0
2033,0.6900000000000001,0.9999999999999581,2.2582450170476645e-16,0.0,0.0,1.3914575090683415e-16,1.2828103173371156e-16
2033,0.7000000000000001,0.9999999999999999,2.1725802174009726e-16,0.0,0.0,0.0,4.395921001748527e-17
2033,0.7100000000000001,1.0,1.250214277400243e-16,0.0,0.0,1.1233509765164141e-17,0.0
2033,0.72,0.9999999999999999,6.919565670842069e-17,1.431289804490715e-17,0.0,1.5452951452352235e-17,0.0
2033,0.73,1.0,0.0,2.8963232840176732e-18,1.7423075972282853e-16,1.5295720961518156e-17,1.1559882147653064e-17
2033,0.74,0.9999999999999999,3.0661558296079796e-16,0.0,5.3086730919485264e-17,0.0,0.0
2033,0.75,1.0,0.0,0.0,1.0457257008564778e-16,1.383088335836025e-17,8.773757850073175e-17
2033,0.76,0.9999999999999696,0.0,0.0,2.4580283413375623e-16,0.0,0.0
2033,0.77,1.0,0.0,2.0881903248660266e-17,5.862029154327314e-17,0.0,0.0
2033,0.78,1.0,0.0,1.2283894147230518e-16,0.0,0.0,0.0
2033,0.79,1.0,2.3327675349884003e-14,1.2512312535703704e-17,1.2160394932124546e-16,1.0223352665211321e-19,1.9417496616295024e-16
2033,0.8,1.0,0.0,0.0,7.743151687325187e-17,4.237494076876451e-18,3.080637653340209e-17
2033,0.81,1.0,0.0,0.0,2.6238560782920143e-16,9.20280121368116e-18,0.0
2033,0.8200000000000001,1.0,0.0,0.0,1.7346027737818234e-16,1.62916199492524e-17,0.0
2033,0.8300000000000001,1.0,0.0,4.147708584467495e-18,0.0,1.4306386479125133e-17,5.215584196894673e-17
2033,0.8400000000000001,1.0,6.729624687946859e-14,1.4750668490972405e-16,0.0,3.001563278739232e-17,2.2143449226041792e-16
2033,0.85,0.9999999999999999,1.4374636158850148e-16,7.03094520945009e-17,0.0,6.287102050995044e-18,4.405841875143243e-18
2033,0.86,0.9999999999999998,7.363088003892182e-17,0.0,1.0866882141856958e-16,0.0,4.078929509150446e-17
2033,0.87,1.0,0.0,1.679596454187129e-16,0.0,4.1338172441325247e-17,0.0
2033,0.88,0.9999999999999999,2.9372413281171603e-16,0.0,0.0,0.0,1.3862964731237506e-17
2033,0.89,0.9999999999999524,3.2188198455720296e-16,0.0,2.251455433729193e-16,0.0,0.0
2033,0.9,1.0,0.0,0.0,0.0,0.0,2.0178230627728756e-17
2033,0.91,1.0,0.0,0.0,1.193683298500491e-16,4.382336710856936e-18,4.6410205729484e-17
2033,0.92,1.0,0.0,5.995278024842256e-17,0.0,0.0,2.851007021339568e-17
2033,0.93,1.0,0.0,2.2024974210979945e-17,1.6483621142571268e-16,7.263307522705625e-18,0.0
2033,0.9400000000000001,1.0,0.0,6.331317170841719e-17,1.003829333702912e-16,4.418992061649366e-17,0.0
2033,0.9500000000000001,1.0,0.0,0.0,6.193864899326027e-17,2.219226321806267e-19,5.484538333471595e-19
2033,0.9600000000000001,0.9999999999999997,2.7755031638393644e-16,6.447732853852661e-17,8.900137688704385e-20,1.920517906644687e-17,2.8468458220596954e-17
2033,0.97,1.0,0.0,0.0,8.553084591489749e-17,0.0,6.029328749321879e-17
2033,0.98,0.9999999999999999,8.085418342182388e-16,0.0,8.72509644831839e-17,0.0,0.0
2033,0.99,1.0,0.0,5.130753847227155e-17,9.583966039945595e-18,1.7671013103856027e-17,7.422126200315807e-18
2033,1.0,1.0,2.238168096089241e-16,0.0,0.0,4.100592376776475e-17,5.2897842830741497e-17
2034,0.01,1.0,0.0,0.0,0.0,0.0,0.0
2034,0.02,1.0,0.0,0.0,0.0,4.5211497078088716e-17,2.2973484956038182e-17
2034,0.03,1.0,0.0,0.0,0.0,0.0,1.0535376981851874e-16
2034,0.04,0.9999999999999998,9.421913074192741e-14,0.0,0.0,0.0,1.1329673905770435e-17
2034,0.05,0.9999999999994733,1.1433085201112308e-12,0.0,0.0,0.0,0.0
2034,0.060000000000000005,1.0,0.0,0.0,2.1910377022507154e-16,0.0,0.0
2034,0.06999999999999999,0.9999999999999707,3.896884650790026e-14,0.0,0.0,0.0,0.0
2034,0.08,0.9999999999999696,4.496403249731884e-15,1.7791323969618134e-14,2.278038868652743e-14,0.0,0.0
2034,0.09,0.9999999999998282,3.0569990983053685e-13,9.36889454905554e-14,1.2999323839579802e-13,0.0,0.0
2034,0.09999999999999999,0.9999999999999862,0.0,1.3655743202889425e-14,1.1234069230425803e-14,0.0,0.0
2034,0.11,0.9999999999999375,1.6542323066914832e-14,2.929601006229632e-14,5.082045895221654e-14,0.0,0.0
2034,0.12,1.0,4.057865155004947e-14,0.0,0.0,4.218847493575595e-15,4.746203430272544e-15
2034,0.13,1.0,0.0,2.907717571224138e-15,5.675672165052475e-15,0.0,0.0
2034,0.14,1.0,0.0,2.0703861581208237e-16,6.304362586886859e-16,0.0,0.0
2034,0.15000000000000002,1.0,2.568040842232692e-16,0.0,0.0,1.472465770122641e-15,1.7831144682534453e-15
2034,0.16,1.0,0.0,1.918134484661096e-15,2.094528248893857e-15,0.0,0.0
2034,0.17,1.0,0.0,2.277455601765264e-16,9.266942783611992e-16,0.0,0.0
2034,0.18000000000000002,0.9999999999999991,3.57700552493657e-15,0.0,0.0,9.495751793653796e-16,1.0749341497348847e-15
2034,0.19,1.0,2.457306455791865e-14,0.0,0.0,4.370977609160769e-16,8.271982089917151e-16
2034,0.2,0.9999999999999989,1.0321925495790775e-15,5.247347932416709e-17,0.0,1.9255176473458382e-17,0.0
2034,0.21000000000000002,0.9999999999999994,8.062528371763177e-16,0.0,0.0,6.342153898610653e-17,3.686102097993503e-18
2034,0.22,0.9999999999990637,0.0,4.163336342344337e-17,3.7470027081099033e-16,0.0,0.0
2034,0.23,0.9999999999999997,5.817013537523508e-13,1.6653345369377348e-16,2.7755575615628914e-16,0.0,0.0
2034,0.24000000000000002,0.9999999999999998,7.899236820207989e-14,8.326672684688674e-17,3.469446951953614e-16,0.0,2.42861286636753e-17
2034,0.25,0.9999999999999998,2.220446049250313e-16,0.0,1.249000902703301e-16,0.0,2.7755575615628914e-17
2034,0.26,0.9999999999999999,7.388534228880417e-14,0.0,1.3183898417423734e-16,2.7755575615628914e-17,0.0
2034,0.27,1.0,0.0,0.0,1.8735013540549517e-16,3.469446951953614e-17,0.0
2034,0.28,1.0,0.0,1.3877787807814457e-17,9.71445146547012e-17,0.0,1.3877787807814457e-17
2034,0.29000000000000004,1.0,6.766809335090329e-14,0.0,2.42861286636753e-17,9.71445146547012e-17,0.0
2034,0.3,1.0,6.611378111642807e-14,0.0,0.0,0.0,0.0
2034,0.31,1.0,0.0,8.326672684688674e-17,0.0,4.163336342344337e-17,2.7755575615628914e-17
2034,0.32,1.0,0.0,1.942890293094024e-16,1.5265566588595902e-16,0.0,1.214306433183765e-16
2034,0.33,1.0,4.3920422854171193e-13,0.0,0.0,4.163336342344337e-17,0.0
2034,0.34,0.9999999999999378,0.0,2.220446049250313e-16,1.1102230246251565e-16,0.0,0.0
2034,0.35000000000000003,1.0,6.100675520315235e-14,0.0,2.636779683484747e-16,4.163336342344337e-17,6.245004513516506e-17
2034,0.36000000000000004,0.9999999999999666,0.0,0.0,0.0,3.122502256758253e-17,1.734723475976807e-17
2034,0.37,1.0,0.0,0.0,0.0,1.0408340855860843e-17,6.245004513516506e-17
2034,0.38,0.9999999999999404,0.0,0.0,0.0,1.5265566588595902e-16,4.85722573273506e-17
2034,0.39,0.9999999999995821,0.0,0.0,0.0,3.122502256758253e-17,4.163336342344337e-17
2034,0.4,1.0,0.0,0.0,6.245004513516506e-17,5.551115123125783e-17,1.3877787807814457e-17
2034,0.41000000000000003,1.0,5.956346527113965e-14,6.245004513516506e-17,0.0,2.7755575615628914e-17,0.0
2034,0.42000000000000004,0.9999999999999404,1.6653345369377348e-16,0.0,1.3877787807814457e-16,0.0,5.898059818321144e-17
2034,0.43,0.9999999999999998,2.291500322826323e-13,8.326672684688674e-17,0.0,0.0,0.0
2034,0.44,0.9999999999999996,4.94365757024293e-16,2.6159924361679422e-17,5.945866887259769e-17,0.0,0.0
2034,0.45,0.9999999999999445,4.833739086954717e-16,2.941842711947744e-16,1.502978498339918e-16,0.0,0.0
2034,0.46,1.0,0.0,0.0,1.3642670923019278e-16,5.388935595177162e-17,1.5752014396801238e-16
2034,0.47000000000000003,0.9999999999999998,0.0,0.0,0.0,3.606471258799623e-16,3.3677036728262117e-16
2034,0.48000000000000004,0.9999999999999998,2.873609566141457e-16,6.887696056201626e-17,0.0,0.0,0.0
2034,0.49,1.0,0.0,4.2967016798895266e-17,4.979960806792208e-17,1.5561371669600785e-17,1.1862643486737273e-17
2034,0.5,1.0,0.0,2.1081570090151786e-16,1.463562289176696e-16,2.188574317027502e-18,0.0
2034,0.51,1.0,1.7122241633153647e-16,0.0,0.0,8.326466220407781e-17,1.5230859413582157e-16
2034,0.52,0.9999999999999999,2.1962463179472577e-16,0.0,0.0,2.294993418938164e-17,4.8588139195111617e-17
2034,0.53,0.9999999999999999,3.8559152632590453e-16,0.0,0.0,2.7312577384214914e-17,1.659736707947568e-16
2034,0.54,1.0,0.0,0.0,8.984129070435621e-17,3.075068411712012e-17,3.2185875567124125e-17
2034,0.55,0.9999999999999999,5.983959547084571e-17,0.0,0.0,4.6228305404061136e-17,1.3466203910831752e-16
2034,0.56,0.9999999999999999,1.1965107024214276e-13,1.968618973150601e-16,0.0,8.935889497189026e-17,0.0
2034,0.5700000000000001,1.0,2.0340119799772734e-17,0.0,0.0,0.0,1.4997777122321455e-18
2034,0.5800000000000001,1.0,0.0,5.894269345882181e-17,7.315336521490721e-17,6.010757551953329e-17,2.0809481931670024e-17
2034,0.59,0.9999999999999999,3.0897898443352917e-16,0.0,0.0,5.869027764054003e-17,1.0364655131606202e-16
2034,0.6,0.9999999999999998,1.2057937520638592e-16,2.16417765056421e-16,1.3762379568751058e-16,0.0,0.0
2034,0.61,1.0,6.479780870671716e-17,0.0,4.678247670980226e-17,4.776630547803813e-18,3.692258968728858e-17
2034,0.62,1.0,1.922537053873694e-16,5.236273003385482e-16,7.314334177757888e-16,0.0,0.0
2034,0.63,0.9999999999999998,3.4427802371916807e-16,0.0,1.2572086519621953e-18,0.0,0.0
2034,0.64,0.9999999999999998,1.0048821085697402e-16,0.0,1.6690368373517724e-17,0.0,5.187296159406028e-16
2034,0.65,1.0,0.0,2.0900389742734091e-16,8.295480696406034e-17,5.738902327532061e-17,1.8023802326387443e-17
2034,0.66,1.0,1.5830558740238202e-16,0.0,0.0,0.0,2.5219982488023165e-17
2034,0.67,0.9999999999999999,6.49856382627708e-17,6.52990404532549e-17,3.2862549012861904e-17,0.0,0.0
2034,0.68,1.0,0.0,1.0517459875290878e-16,6.245597436579584e-17,2.622414004699314e-18,0.0
2034,0.6900000000000001,1.0,8.11508385446455e-17,0.0,2.5389177319237212e-17,0.0,0.0
2034,0.7000000000000001,0.9999999999999999,1.126765578085033e-16,0.0,0.0,1.4046982639028503e-17,3.730100165647444e-17
2034,0.7100000000000001,0.9999999999999999,2.1526601200639196e-16,3.919284974416692e-17,5.293934744515696e-17,0.0,0.0
2034,0.72,1.0,0.0,0.0,1.3057859914872294e-17,3.856498657201467e-17,2.9942614685439517e-18
2034,0.73,1.0,1.1049968313405975e-16,0.0,0.0,6.627143427670283e-17,5.745784470228502e-17
2034,0.74,0.9999999999999998,3.6854509414153015e-16,0.0,0.0,3.916680348103885e-18,3.797418109130479e-17
2034,0.75,1.0,3.306215881797544e-14,2.758557123179665e-16,1.040393785165464e-16,0.0,0.0
2034,0.76,1.0,0.0,4.054471432798478e-17,0.0,8.042366075942768e-18,0.0
2034,0.77,1.0,1.4894650860993244e-17,0.0,0.0,2.5920266977165658e-17,1.6235292258259988e-17
2034,0.78,1.0,8.72297822488528e-17,0.0,0.0,2.628766751803721e-17,5.41645806033603e-17
2034,0.79,1.0,6.13963361487807e-17,0.0,2.2625097054109616e-17,7.64743696428545e-18,0.0
2034,0.8,0.9999999999999999,7.503619468162799e-17,4.1556869999695106e-18,3.407479166143662e-17,2.5164482391233614e-17,0.0
2034,0.81,0.9999999999996803,0.0,3.0338774590149525e-17,0.0,1.7552756980171306e-16,2.9780639124720315e-16
2034,0.8200000000000001,1.0,5.973784563805679e-17,0.0,5.907737169743525e-17,1.6946376417479973e-17,5.838852215308069e-17
2034,0.8300000000000001,1.0,0.0,1.0387948537655695e-16,9.332397254611068e-18,1.7898864966667434e-17,3.169851398509768e-17
2034,0.8400000000000001,0.9999999999999999,4.0443390861358394e-14,0.0,0.0,8.422151782745985e-17,2.88619319861609e-16
2034,0.85,0.999999999999938,2.69042653174271e-17,0.0,0.0,3.8608463676148943e-17,4.2694919368235825e-18
2034,0.86,0.9999999999999999,2.1804428007338606e-16,2.775642264857617e-17,1.0758377221313682e-17,0.0,0.0
2034,0.87,1.0,0.0,1.3807695831429163e-16,0.0,1.9605424597148036e-17,0.0
2034,0.88,1.0,0.0,0.0,2.0515137982499154e-17,6.639277174639701e-17,2.0005012390015252e-17
2034,0.89,1.0,0.0,3.022128852508618e-17,3.1263986083156226e-17,4.115606035766557e-17,5.373577017381281e-18
2034,0.9,1.0,3.426311799114689e-17,8.124104755352808e-18,3.7592169232093103e-17,0.0,0.0
2034,0.91,1.0,0.0,0.0,8.148435776762688e-17,4.008689301999383e-17,5.662732889750218e-17
2034,0.92,1.0,1.4892025058856756e-16,0.0,8.173020908056744e-18,1.3674076383999798e-17,1.64616618134137e-17
2034,0.93,1.0,0.0,0.0,0.0,5.918769773881512e-17,9.986391393186113e-17
2034,0.9400000000000001,1.0,1.0918889964818372e-16,0.0,2.126052697608294e-18,0.0,4.765957932668409e-17
2034,0.9500000000000001,0.9999999999999999,7.002421374951301e-18,3.064184038339794e-17,7.580902526278625e-17,0.0,0.0
2034,0.9600000000000001,0.9999999999999999,2.6898124163123385e-16,2.876650943817692e-17,1.576624776371792e-17,0.0,0.0
2034,0.97,1.0,2.7591219522040526e-13,7.811468223923211e-18,1.7594730352670022e-17,1.603761765025453e-17,0.0
2034,0.98,1.0,8.903713880005666e-17,0.0,0.0,0.0,2.2218521239427552e-17
2034,0.99,0.9999999999999999,1.574159910495282e-16,4.7764187895669996e-17,4.740589295898143e-17,0.0,0.0
2034,1.0,0.9999999999995727,0.0,0.0,0.0,2.0691573120444999e-16,3.2735198653557743e-16
2035,0.01,0.0,1.0,6.145329911448356e-18,3.90958644717063e-19,0.0,0.0
2035,0.02,0.9999999999997414,2.4213964167074664e-13,8.271161533457416e-15,6.994405055138486e-15,1.6653345369377348e-16,7.749877128926386e-16
2035,0.03,0.9999999999999982,1.6674507081123195e-15,4.2950912039886495e-17,0.0,0.0,4.143600304228869e-17
2035,0.04,1.0,0.0,0.0,0.0,0.0,0.0
2035,0.05,1.0,0.0,1.6528849721248138e-14,0.0,3.1170338600459486e-14,4.232812272847854e-15
2035,0.060000000000000005,0.9999999999999749,2.942091015256665e-13,0.0,0.0,0.0,0.0
2035,0.06999999999999999,1.0,0.0,0.0,0.0,9.445222381998519e-14,2.2648549702353193e-14
2035,0.08,1.0,0.0,0.0,0.0,4.4781156097185044e-14,0.0
2035,0.09,0.9999999999999959,3.9968028886505635e-15,3.122502256758253e-16,0.0,1.1102230246251565e-16,0.0
2035,0.09999999999999999,0.9999999999999893,9.992007221626409e-15,2.1649348980190553e-15,2.373101715136272e-15,0.0,0.0
2035,0.11,0.999999999999998,0.0,2.733924198139448e-15,1.6653345369377348e-15,0.0,1.8041124150158794e-16
2035,0.12,0.9999999999999664,1.759703494030873e-14,1.23711804689286e-14,1.5559385377339474e-14,0.0,0.0
2035,0.13,0.9999999999999989,0.0,9.71445146547012e-16,1.1379786002407855e-15,0.0,0.0
2035,0.14,1.0,0.0,5.342948306008566e-16,5.759281940243e-16,8.326672684688674e-17,0.0
2035,0.15000000000000002,1.0,0.0,1.734723475976807e-17,0.0,3.0531133177191805e-16,2.7755575615628914e-17
2035,0.16,0.9999999999999993,1.6653345369377348e-16,0.0,2.5500435096859064e-16,1.3877787807814457e-16,2.7755575615628914e-17
2035,0.17,0.999999999999999,1.4988010832439613e-15,0.0,0.0,0.0,0.0
2035,0.18000000000000002,1.0,1.1102230246251565e-16,2.8796409701215e-16,0.0,2.7755575615628914e-17,0.0
2035,0.19,0.999999999999996,4.3298697960381105e-15,0.0,1.249000902703301e-16,0.0,4.163336342344337e-17
2035,0.2,0.9999999999999988,6.661338147750939e-16,4.718447854656915e-16,0.0,2.7755575615628914e-17,0.0
2035,0.21000000000000002,1.0,0.0,0.0,0.0,0.0,1.6653345369377348e-16
2035,0.22,1.0,0.0,1.6653345369377348e-16,5.342948306008566e-16,0.0,0.0
2035,0.23,0.9999999999999996,1.1657341758564144e-15,0.0,0.0,0.0,2.7755575615628914e-17
2035,0.24000000000000002,0.9999999999999996,6.106226635438361e-16,0.0,0.0,0.0,8.326672684688674e-17
2035,0.25,0.9999999999999979,3.1086244689504383e-15,0.0,0.0,0.0,0.0
2035,0.26,0.999999999999999,1.6653345369377348e-15,0.0,0.0,0.0,0.0
2035,0.27,1.0,0.0,2.7755575615628914e-17,3.0531133177191805e-16,2.0816681711721685e-17,4.163336342344337e-17
2035,0.28,1.0,0.0,8.326672684688674e-17,2.8622937353617317e-16,6.106226635438361e-16,6.938893903907228e-18
2035,0.29000000000000004,0.9999999999999982,2.0539125955565396e-15,0.0,0.0,0.0,0.0
2035,0.3,0.9999999999999999,5.551115123125783e-17,0.0,7.28583859910259e-17,0.0,1.3010426069826053e-18
2035,0.31,0.9999999999999997,2.220446049250313e-16,0.0,0.0,1.1102230246251565e-16,1.3877787807814457e-17
2035,0.32,0.9999999999999996,6.661338147750939e-16,0.0,0.0,0.0,2.894819800536297e-17
2035,0.33,0.9999999999999994,7.771561172376096e-16,0.0,0.0,0.0,2.7755575615628914e-17
2035,0.34,0.9999999999988495,1.160986909293914e-12,0.0,0.0,0.0,3.2446422901699547e-16
2035,0.35000000000000003,0.9999999999997718,2.311186226141372e-13,0.0,0.0,0.0,1.0986462018185584e-16
2035,0.36000000000000004,0.9999999999983998,1.6143310877404505e-12,0.0,0.0,0.0,1.3228801751540053e-15
2035,0.37,0.9999999999996575,3.464807053699321e-13,0.0,0.0,0.0,1.5232066435531995e-16
2035,0.38,0.9999999999999996,5.551115123125783e-16,0.0,0.0,2.7755575615628914e-17,6.938893903907228e-17
2035,0.39,0.9999999999999991,8.881784197001252e-16,0.0,0.0,0.0,2.7755575615628914e-17
2035,0.4,1.0,0.0,4.163336342344337e-17,0.0,0.0,2.7755575615628914e-17
2035,0.41000000000000003,1.0,0.0,1.8214596497756474e-17,1.1796119636642288e-16,0.0,0.0
2035,0.42000000000000004,0.9999999999999989,1.27675647831893e-15,0.0,0.0,0.0,1.3877787807814457e-17
2035,0.43,1.0,0.0,4.163336342344337e-17,9.71445146547012e-17,6.938893903907228e-17,0.0
2035,0.44,0.4211141591523017,0.5788858408476988,0.0,0.0,0.0,0.0
2035,0.45,0.2542277171621007,0.7457722828378991,1.3205582460873444e-16,1.0692943926138287e-16,2.1293730667615307e-16,0.0
2035,0.46,0.26656580382706185,0.7334341961729381,1.97758476261356e-16,0.0,1.3877787807814457e-17,0.0
2035,0.47000000000000003,0.25302394014835394,0.7469760598516462,6.085233924283615e-17,2.916005879476026e-18,2.4488044772026288e-17,1.0637499411463329e-17
2035,0.48000000000000004,0.2515994607475893,0.7484005392524116,0.0,0.0,0.0,0.0
2035,0.49,0.2536630991501495,0.7463369008498503,1.2948159731433812e-18,1.018590143345329e-16,1.5156007728294658e-16,8.751633775035537e-17
2035,0.5,0.2544255469015409,0.7455744530984587,3.2972709618119266e-17,1.9576466478364464e-16,2.0248585316676596e-16,5.290835795068827e-17
2035,0.51,0.25399216493022037,0.74600783506978,1.966714219718825e-17,0.0,0.0,1.9659567464095914e-17
2035,0.52,0.2537755499191176,0.7462244500808823,3.178791833678568e-17,0.0,1.1937549540954187e-16,2.352437533488738e-17
2035,0.53,0.25079736174282236,0.7492026382571776,1.0061396160665481e-16,3.870601755773251e-17,0.0,0.0
2035,0.54,0.2541004025438812,0.7458995974561199,0.0,2.1708838093251725e-17,3.166312622914038e-17,0.0
2035,0.55,0.25535307019451275,0.7446469298054872,6.297088969834132e-17,0.0,1.6360203384076117e-17,0.0
2035,0.56,0.2533707555185404,0.7466292444814627,0.0,0.0,0.0,0.0
2035,0.5700000000000001,0.2540229980006538,0.7459770019993442,3.394658589705112e-17,5.3783711786586127e-17,0.0,0.0
2035,0.5800000000000001,0.25383814938213023,0.7461618506178729,8.611539821713801e-17,0.0,1.2438972773745274e-16,1.2853843460775055e-16
2035,0.59,0.25391408520717246,0.7460859147928276,0.0,0.0,7.016390751537571e-17,2.6921305354114583e-17
2035,0.6,0.2527882576688694,0.7472117423311327,2.649492118207421e-17,0.0,2.940549625813359e-17,0.0
2035,0.61,0.2530195821640917,0.7469804178359084,7.708677446371937e-17,0.0,0.0,3.686287386450715e-18
2035,0.62,0.25468195601197124,0.7453180439880288,0.0,0.0,1.1705904010314805e-16,1.2937037944135859e-16
2035,0.63,0.2540411107880055,0.7459588892119946,0.0,0.0,0.0,0.0
2035,0.64,0.25165711164624355,0.7483428883537566,1.3877787807814457e-17,1.0842021724855044e-18,1.734723475976807e-18,3.469446951953614e-18
2035,0.65,0.2535563585371354,0.7464436414628647,1.1058862159352145e-17,8.543513119185775e-17,0.0,0.0
2035,0.66,0.2539893358396675,0.7460106641603327,7.844202717932625e-17,0.0,0.0,0.0
2035,0.67,0.25377497374580615,0.7462250262541938,5.391195302684171e-17,0.0,3.5286581158492445e-17,0.0
2035,0.68,0.2542300911906192,0.7457699088093808,6.765421556309548e-17,1.6263032587282567e-17,0.0,0.0
2035,0.6900000000000001,0.25412253923054867,0.745877460769451,0.0,1.3530843112619095e-16,0.0,4.0766001685454967e-17
2035,0.7000000000000001,0.2540398812837885,0.7459601187162117,0.0,1.5128744507898993e-17,4.584468032696664e-19,0.0
2035,0.7100000000000001,0.2535493366737675,0.7464506633262327,0.0,2.862293735361732e-17,3.2959746043559335e-17,0.0
2035,0.72,0.2531991055949353,0.7468008944050648,0.0,0.0,0.0,2.949029909160572e-17
2035,0.73,0.25417356137292385,0.745826438627076,4.8030156241107846e-17,3.2146594414195206e-17,2.6400322900022033e-17,0.0
2035,0.74,0.2539224380096084,0.7460775619903917,0.0,1.0283355880969043e-17,1.1690078477232702e-17,2.578511221328754e-17
2035,0.75,0.2530257283787165,0.7469742716212837,6.938893903907228e-18,0.0,0.0,0.0
2035,0.76,0.2541632308878075,0.7458367691121924,0.0,0.0,0.0,4.729879623071296e-17
2035,0.77,0.2539619357710149,0.7460380642289812,0.0,2.6183649227236686e-17,3.627784820899824e-17,6.566290468068551e-18
2035,0.78,0.25403345996574667,0.7459665400342586,4.084684251685563e-17,0.0,0.0,5.0229373643892237e-17
2035,0.79,0.2537892307736329,0.746210769226361,0.0,7.940395982081946e-18,0.0,2.8626024747092534e-18
2035,0.8,0.25444560957656315,0.745554390423437,0.0,0.0,0.0,0.0
2035,0.81,0.2536113113641235,0.7463886886358766,2.2971533529536625e-17,0.0,0.0,1.0367683274392636e-17
2035,0.8200000000000001,0.2540026397586341,0.7459973602413738,2.6119985944283584e-17,2.1645844363729076e-17,8.271164915152706e-19,3.795963879407819e-18
2035,0.8300000000000001,0.25413222997317264,0.7458677700268193,0.0,0.0,0.0,0.0
2035,0.8400000000000001,0.2542013926196557,0.7457986073803528,3.1750824266650076e-18,0.0,0.0,0.0
2035,0.85,0.2543618950219599,0.7456381049780474,0.0,1.1614096028027062e-16,0.0,2.3343751667230915e-17
2035,0.86,0.2546096111155561,0.745390388884444,0.0,3.9345209795554285e-18,9.773436722334541e-18,0.0
2035,0.87,0.2544462795176068,0.7455537204823866,1.8059724499181588e-17,0.0,0.0,1.2449613054681339e-17
2035,0.88,0.25396684816069665,0.7460331518393112,0.0,0.0,4.9195673576529764e-17,2.2768245622195593e-17
2035,0.89,0.25498801302859014,0.74501198697141,0.0,0.0,0.0,0.0
2035,0.9,0.25398966504909715,0.746010334950903,1.1277668961032568e-17,9.907890737184112e-18,3.0457938069941973e-18,2.4764467185044973e-17
2035,0.91,0.25362875785164735,0.7463712421483614,9.477107454067426e-18,2.2997253087018892e-17,4.2036227071256147e-17,0.0
2035,0.92,0.25408614409616515,0.745913855903835,0.0,0.0,0.0,0.0
2035,0.93,0.25412569202324675,0.7458743079767531,0.0,0.0,3.7241709350166637e-17,2.3592514558992434e-17
2035,0.9400000000000001,0.2538721210390358,0.7461278789609579,3.6960250991164745e-17,0.0,0.0,0.0
2035,0.9500000000000001,0.2542336706318324,0.7457663293681677,4.466912950640278e-17,0.0,0.0,6.505213034913027e-19
2035,0.9600000000000001,0.2537447351301882,0.7462552648698055,6.452633652766558e-17,0.0,4.397347347406609e-18,0.0
2035,0.97,0.25394863943365265,0.7460513605663577,0.0,0.0,1.012627146080228e-17,1.2600798034616264e-17
2035,0.98,0.2538662652674463,0.7461337347325495,0.0,7.923187441018602e-18,2.9601503123667814e-18,1.3823087271559817e-18
2035,0.99,0.25386514166632523,0.7461348583336684,0.0,0.0,0.0,0.0
2035,1.0,0.2537726971050969,0.7462273028949031,0.0,2.0865635355909075e-17,0.0,6.918776079772243e-18
2036,0.01,1.0,0.0,0.0,0.0,0.0,0.0
2036,0.02,0.9999999999999446,6.547522923551442e-14,0.0,0.0,0.0,0.0
2036,0.03,1.0,1.3322676295501878e-15,0.0,0.0,0.0,0.0
2036,0.04,0.9999999999999991,0.0,1.1934897514720433e-15,0.0,2.8449465006019636e-16,0.0
2036,0.05,1.0,0.0,1.2351231148954867e-15,6.38378239159465e-16,1.249000902703301e-16,1.3183898417423734e-16
2036,0.060000000000000005,1.0,0.0,1.27675647831893e-15,5.551115123125783e-16,1.0408340855860843e-16,1.3877787807814457e-16
2036,0.06999999999999999,1.0,9.992007221626409e-16,0.0,1.3877787807814457e-17,0.0,6.938893903907228e-17
2036,0.08,1.0,0.0,0.0,0.0,1.5005358067199381e-16,1.222980050563649e-16
2036,0.09,1.0,0.0,4.2847669856627135e-16,2.0122792321330962e-16,4.163336342344337e-17,8.326672684688674e-17
2036,0.09999999999999999,1.0,0.0,2.42861286636753e-16,1.8041124150158794e-16,8.326672684688674e-17,6.158268339717665e-17
2036,0.11,1.0,0.0,6.938893903907228e-17,1.5265566588595902e-16,0.0,0.0
2036,0.12,0.9999999999999998,2.7755575615628914e-16,0.0,0.0,4.0766001685454967e-17,4.163336342344337e-17
2036,0.13,0.9999999999999997,2.7755575615628914e-16,0.0,6.938893903907228e-17,1.3877787807814457e-17,0.0
2036,0.14,0.9999999999999996,5.551115123125783e-16,0.0,0.0,0.0,1.734723475976807e-17
2036,0.15000000000000002,0.9999999999999982,1.8981451688503847e-15,3.006289336394963e-17,0.0,5.985433913808385e-17,3.5144085195850565e-17
2036,0.16,0.9999999999997272,2.8062523298587897e-13,0.0,0.0,0.0,5.1580600718642653e-17
2036,0.17,1.0,2.886045130988432e-14,1.0734278775303954e-16,0.0,0.0,0.0
2036,0.18000000000000002,1.0,0.0,3.164333614133117e-15,5.5442795672414405e-16,1.6339329080006498e-16,0.0
2036,0.19,0.9999999999999521,4.872380719172392e-14,0.0,0.0,0.0,6.797227643478947e-17
2036,0.2,1.0,0.0,1.3769676757591654e-15,3.072510372211304e-16,0.0,0.0
2036,0.21000000000000002,1.0,0.0,1.5265566588595902e-16,0.0,1.3877787807814457e-17,0.0
2036,0.22,1.0,0.0,9.020562075079397e-17,0.0,0.0,5.551115123125783e-17
2036,0.23,1.0,2.7755575615628914e-16,0.0,0.0,0.0,0.0
2036,0.24000000000000002,0.9999999999999999,1.1102230246251565e-16,0.0,0.0,0.0,1.3877787807814457e-17
2036,0.25,1.0,0.0,1.8301332671555315e-16,2.7755575615628914e-17,2.4936649967166602e-17,0.0
2036,0.26,0.9999999999999988,1.27675647831893e-15,0.0,0.0,0.0,0.0
2036,0.27,1.0,0.0,1.105123462766212e-15,3.9568127691447935e-16,3.0678241624306195e-16,0.0
2036,0.28,0.9999999999999978,2.1094237467877974e-15,1.3877787807814457e-17,0.0,0.0,0.0
2036,0.29000000000000004,0.9999999999999981,1.9984014443252818e-15,0.0,0.0,0.0,0.0
2036,0.3,0.9999999999999999,0.0,0.0,6.202834559606512e-17,9.776372284223385e-17,0.0
2036,0.31,0.25385996559133855,0.7461400344086428,7.700145785334382e-17,3.405223582907489e-17,0.0,0.0
2036,0.32,0.25328200196203476,0.7467179980379649,1.8043837474572516e-16,1.3171944060586468e-16,5.5493062401833015e-17,0.0
2036,0.33,0.25348318230270295,0.7465168176972969,0.0,2.949029909160572e-17,0.0,1.5612511283791264e-17
2036,0.34,0.25345659533981507,0.7465434046601763,0.0,3.7253597750305615e-17,0.0,0.0
2036,0.35000000000000003,0.25433516552471064,0.7456648344752966,0.0,1.6573805910215141e-16,1.1320623650179023e-16,0.0
2036,0.36000000000000004,0.25293488945556575,0.7470651105444464,1.7436472679937267e-16,2.5054931990328666e-16,1.2775317069419205e-16,0.0
2036,0.37,0.2533692943586347,0.7466307056413852,1.1947505600140313e-16,0.0,1.098125276555997e-18,1.8297176916157848e-16
2036,0.38,0.2534898471699018,0.7465101528300939,1.161059808534601e-16,0.0,2.291854183889071e-16,0.0
2036,0.39,0.25336133387166176,0.7466386661283331,0.0,2.83331397700388e-18,0.0,8.418173030428673e-17
2036,0.4,0.25405506282834045,0.7459449371716596,1.3667952375804428e-16,4.479689842590789e-18,0.0,0.0
2036,0.41000000000000003,0.25399299488146104,0.7460070051185406,0.0,0.0,8.689405291559695e-18,2.548440048615897e-17
2036,0.42000000000000004,0.2516584201597061,0.7483415798402938,0.0,7.814514213131361e-18,0.0,3.1426192892555424e-16
2036,0.43,0.2543167657391082,0.7456832342608921,0.0,0.0,0.0,1.8475133575292302e-16
2036,0.44,0.25386902438591397,0.746130975614086,6.114900252818245e-17,0.0,0.0,1.8431436932253575e-17
2036,0.45,0.25517111622789596,0.7448288837721041,1.4582519219930035e-16,0.0,4.672911363412524e-17,0.0
2036,0.46,0.2542972467934323,0.7457027532065678,6.299214622140781e-17,0.0,1.3877787807814457e-17,6.179952383167375e-18
2036,0.47000000000000003,0.2536928950068263,0.7463071049931738,0.0,0.0,1.0842021724855044e-18,4.933119884809045e-18
2036,0.48000000000000004,0.2532161327027041,0.7467838672972961,0.0,0.0,0.0,6.011901046432122e-17
2036,0.49,0.2530014652326227,0.7469985347673777,0.0,0.0,2.4936649967166602e-18,0.0
2036,0.5,0.2535555206961437,0.7464444793038563,2.791820594150174e-17,7.48099499014998e-17,3.241764495731658e-17,0.0
2036,0.51,0.25455648441727385,0.7454435155827259,2.9631383016882765e-17,3.369655882855217e-17,6.402737930163017e-17,3.542979999687128e-17
2036,0.52,0.25385924086950296,0.746140759130497,2.7106615889385824e-17,1.0129872678032942e-17,0.0,1.1236325483930304e-17
2036,0.53,0.2535348977704923,0.7464651022295076,1.2999499344806473e-16,0.0,2.2522606067491846e-18,1.2252139054372634e-16
2036,0.54,0.2540366895428843,0.745963310457107,0.0,0.0,0.0,1.2425574156951544e-18
2036,0.55,0.2548589767869343,0.7451410232130659,0.0,9.579916163666535e-18,0.0,0.0
2036,0.56,0.2544512915685593,0.7455487084314405,0.0,1.9175978892890105e-17,0.0,1.159787157533742e-16
2036,0.5700000000000001,0.2544236218659173,0.7455763781340825,5.845767528108632e-17,1.0215651800470325e-16,8.340761623285464e-17,0.0
2036,0.5800000000000001,0.25388613289563405,0.7461138671043711,3.506186618564695e-17,6.237599205891017e-17,7.45085181448546e-17,3.0044165859470994e-17
2036,0.59,0.2539877357985848,0.7460122642014154,5.2214980859272094e-21,2.705439422760213e-21,2.8270429453604897e-17,4.196326582377891e-17
2036,0.6,0.25391585089259444,0.7460841491074057,0.0,6.782992899112675e-18,0.0,6.135824934125874e-18
2036,0.61,0.25403546371925356,0.7459645362807464,0.0,6.791983000825176e-17,4.3335123825519154e-17,0.0
2036,0.62,0.2537944052122061,0.7462055947877961,0.0,8.257804513214703e-18,5.5085245308702514e-17,0.0
2036,0.63,0.2544164220586048,0.7455835779414005,0.0,7.651576817458758e-17,0.0,0.0
2036,0.64,0.25333589876818985,0.7466641012318102,1.463956506961494e-16,1.589817881677141e-16,0.0,0.0
2036,0.65,0.2538477102771708,0.7461522897228292,6.5052130349130266e-18,5.095750210681871e-18,0.0,0.0
2036,0.66,0.2539203869679008,0.7460796130320976,0.0,0.0,8.056253443903121e-17,1.9750608460970235e-17
2036,0.67,0.25399157619885726,0.7460084238011424,2.4121727710849277e-18,7.252604028691772e-17,2.564420170683376e-16,4.145720167321362e-17
2036,0.68,0.25378939851963317,0.746210601480372,1.062304520628595e-19,4.976787634687469e-18,0.0,0.0
2036,0.6900000000000001,0.25390187319508667,0.7460981268049133,0.0,2.1522789542039897e-17,1.449439051648897e-16,0.0
2036,0.7000000000000001,0.2542518756266825,0.745748124410903,3.8089916758831536e-23,3.266842733495237e-23,9.925185601232136e-17,2.759489118612534e-17
2036,0.7100000000000001,0.25386566810026634,0.746134331899738,6.240178100540255e-18,0.0,0.0,0.0
2036,0.72,0.25390206543807264,0.7460979345619518,8.70359496750728e-18,5.946411665826257e-17,1.1178878622900546e-16,0.0
2036,0.73,0.2537451743723479,0.7462548256276484,0.0,0.0,5.492211540814887e-17,0.0
2036,0.74,0.25392241009189903,0.746077589908101,4.295246647313192e-18,0.0,2.350086532050454e-20,8.314117604675782e-18
2036,0.75,0.25387435978870193,0.7461256402112981,1.8655657887789875e-20,2.302659301260312e-20,8.490212240582431e-17,2.4257749258806946e-17
2036,0.76,0.25396435617778934,0.7460356438222107,1.7584157448217938e-17,0.0,5.4950892120031646e-17,3.4279607667333486e-17
2036,0.77,0.2539410405062168,0.7460589594937833,2.3200999596439157e-18,1.7081258842871882e-17,4.969026952991224e-17,3.703579487883145e-18
2036,0.78,0.25364257810035223,0.7463574218996478,0.0,4.445228907190568e-17,1.2717691483254967e-16,1.3552527156068805e-17
2036,0.79,0.25385517696762017,0.7461448230323798,8.386303804175377e-17,1.4094628242311558e-18,0.0,0.0
2036,0.8,0.2539297634557428,0.7460702365442573,0.0,7.806255641895632e-18,2.190088388420719e-17,0.0
2036,0.81,0.2541488771450757,0.7458511228549243,0.0,4.445228907190568e-17,0.0,4.662069341687669e-18
2036,0.8200000000000001,0.2539705121739953,0.7460294878260046,4.390030038463969e-17,0.0,7.134639253724869e-17,0.0
2036,0.8300000000000001,0.2537031214073008,0.7462968785926989,7.589415207398531e-17,2.905661822261152e-17,4.0115480381963664e-17,5.5294310796760726e-18
2036,0.8400000000000001,0.25425315452326414,0.7457468454767359,4.277177570455315e-17,1.9678269430611905e-17,1.2435798918408736e-16,2.8731357570865868e-18
2036,0.85,0.25392175825094865,0.7460782417490515,2.5137978172983293e-18,0.0,1.1784888260410646e-17,2.0859936699049247e-17
2036,0.86,0.2540334071396246,0.7459665928603755,2.404729518879158e-18,1.5383196186947556e-17,2.5819621743721075e-17,2.260307332053271e-18
2036,0.87,0.2541033829220593,0.7458966170779409,0.0,2.824346659324739e-17,3.74049749507499e-18,7.535205098774256e-18
2036,0.88,0.25394275387524123,0.7460572461247588,0.0,0.0,8.879615792656281e-17,2.539743589047294e-17
2036,0.89,0.25376495046612263,0.7462350495338776,0.0,0.0,0.0,4.003416521902725e-17
2036,0.9,0.2538126630376651,0.746187336962335,0.0,0.0,5.963111948670274e-19,4.6214117602194626e-17
2036,0.91,0.2537615507365972,0.7462384492634029,5.530678537507161e-18,4.883274695324049e-18,6.654299381491295e-18,0.0
2036,0.92,0.25411979780529964,0.7458802021947005,0.0,0.0,5.5077470362263625e-17,2.168404344971009e-19
2036,0.93,0.25395957038741906,0.746040429612581,3.0790432232473225e-17,5.9028289772098936e-18,5.746448668665981e-17,0.0
2036,0.9400000000000001,0.2538385692478181,0.7461614307521819,5.149960319306146e-17,0.0,4.705437428587089e-17,0.0
2036,0.9500000000000001,0.25395491865985775,0.7460450813401424,3.187326569318118e-17,0.0,2.040666947930636e-17,7.483713482905743e-18
2036,0.9600000000000001,0.25429148977778965,0.7457085102222103,8.548934130048202e-17,0.0,4.7027269231558755e-17,0.0
2036,0.97,0.25383499936830517,0.746165000631695,5.213191036679279e-17,5.93254684537668e-18,0.0,0.0
2036,0.98,0.2538663966324934,0.7461336033675067,0.0,7.047314121155779e-18,6.933472893044801e-17,3.2526065174565133e-18
2036,0.99,0.25379876276654845,0.7462012372334516,8.375839526109471e-18,4.5393474034848305e-18,0.0,0.0
2036,1.0,0.25394946257898404,0.7460505374210159,3.680600190246713e-17,1.7442268769567606e-17,0.0,6.889029781459616e-17
2037,0.01,0.9999999999999989,0.0,5.814016150503388e-16,4.200335800271589e-17,2.0530335871155264e-15,1.5529258532988007e-16
2037,0.02,1.0,0.0,0.0,0.0,8.255606620414038e-17,1.778959771647163e-17
2037,0.03,0.9999999999999999,0.0,0.0,0.0,4.390516931545045e-16,1.7125947402297885e-17
2037,0.04,1.0,0.0,0.0,5.386578973121635e-17,0.0,5.373068797612929e-17
2037,0.05,0.9999999999999994,5.326331637165805e-16,0.0,0.0,1.1898038876020662e-16,0.0
2037,0.060000000000000005,1.0,0.0,0.0,7.183495843250589e-17,9.886081516407522e-17,1.0307332176900767e-16
2037,0.06999999999999999,1.0,0.0,0.0,1.3795244447104525e-16,2.0682511692876604e-16,1.5574034812162237e-16
2037,0.08,1.0,0.0,6.000148464288969e-17,0.0,3.5348082493284923e-16,1.5485032825229492e-17
2037,0.09,1.0,4.929574235083931e-16,0.0,0.0,0.0,3.474357809513007e-17
2037,0.09999999999999999,1.0,0.0,0.0,0.0,3.4451003133737694e-16,0.0
2037,0.11,0.9999999999999994,5.021662885763497e-16,1.5994576082562157e-17,9.244263476449258e-17,0.0,7.367646099939594e-17
2037,0.12,0.9999999999999958,4.834796829687358e-15,0.0,0.0,0.0,1.13969553602487e-16
2037,0.13,1.0,0.0,0.0,0.0,1.0666812959715492e-16,4.607986288005482e-17
2037,0.14,0.9999999999999996,4.029555958654993e-16,0.0,3.780646856774844e-17,0.0,7.570971064972069e-17
2037,0.15000000000000002,0.9999999999999999,0.0,8.279971059920665e-17,0.0,5.220236267639008e-16,0.0
2037,0.16,1.0,0.0,1.4323750654543846e-17,6.686859250451711e-17,9.172011566048466e-17,2.665612685009283e-18
2037,0.17,0.9999999999999988,1.2955241873312436e-15,0.0,0.0,0.0,3.4716492376164754e-17
2037,0.18000000000000002,0.9999999999999991,1.3353432061816682e-15,1.6067367976466823e-17,0.0,0.0,0.0
2037,0.19,0.9999999999999909,9.549032124799782e-15,2.455291227832488e-16,0.0,0.0,1.0610797612122381e-16
2037,0.2,0.9999999999999063,0.0,0.0,6.770402985299889e-17,0.0,0.0
2037,0.21000000000000002,0.9999999999999997,3.285143170542919e-16,0.0,0.0,0.0,4.957874422692552e-17
2037,0.22,1.0,0.0,1.5656980513522115e-17,1.6767017190898875e-18,3.85374580012289e-17,2.7730588143684912e-17
2037,0.23,0.9999999999999767,2.3508006717119583e-14,9.158014346595088e-18,0.0,0.0,0.0
2037,0.24000000000000002,1.0,0.0,0.0,3.3465001196596525e-17,7.646505228043471e-17,0.0
2037,0.25,0.2539851950156651,0.7460148049843589,4.839413175671039e-17,1.0819931680317841e-17,1.3044810391506136e-16,0.0
2037,0.26,0.2519889596487995,0.7480110403512004,0.0,6.7220534694101275e-18,9.93129189996722e-17,1.431146867680866e-17
2037,0.27,0.2530273394078369,0.746972660592155,0.0,3.8820274732136435e-18,0.0,7.803413916201759e-17
2037,0.28,0.25474694690941474,0.7452530530905852,1.2153304557934297e-16,1.9320375506594014e-17,0.0,7.291248210055575e-17
2037,0.29000000000000004,0.2544211832282932,0.7455788167717068,9.302454639925628e-17,0.0,0.0,0.0
2037,0.3,0.2545345196241948,0.7454654803758451,2.1525399623864234e-17,2.6314867698119792e-17,3.3673671842187017e-16,0.0
2037,0.31,0.2542559396126351,0.7457440603873292,0.0,5.42643187328995e-17,1.1281123604711674e-16,0.0
2037,0.32,0.2539214291633032,0.7460785708367247,0.0,0.0,1.0943088102247785e-16,4.039047039860172e-17
2037,0.33,0.2539727444411341,0.7460272555588554,2.6121089491968715e-16,1.43324077481409e-16,2.8770619232059133e-16,0.0
2037,0.34,0.25389208205974884,0.7461079179402511,0.0,6.014427573324172e-17,0.0,0.0
2037,0.35000000000000003,0.25425457812981966,0.7457454218701802,0.0,2.6236422024728326e-17,9.692132147309969e-17,3.840341503732591e-17
2037,0.36000000000000004,0.2544757281402,0.7455242718598082,0.0,0.0,1.318094873918075e-19,3.617910457751597e-17
2037,0.37,0.25438915631832604,0.7456108436816739,2.6736907576805353e-17,4.231727813589482e-17,3.2059547383983464e-17,6.5258828033896735e-18
2037,0.38,0.25407220275773756,0.745927797242264,5.245797646345416e-17,2.1121454738059804e-16,0.0,1.8730981802953658e-16
2037,0.39,0.25451514916383583,0.7454848508361643,0.0,5.231791286707829e-18,0.0,5.2654546775244444e-17
2037,0.4,0.254087889792651,0.7459121102073488,5.5212995633824313e-17,0.0,1.6206111973227078e-16,3.9302328752599536e-18
2037,0.41000000000000003,0.25410436693101257,0.7458956330689904,0.0,0.0,2.5669597404203842e-17,0.0
2037,0.42000000000000004,0.2541057947227651,0.7458942052772498,0.0,1.6575912493989187e-17,0.0,0.0
2037,0.43,0.25352802829669185,0.7464719717032868,2.8088806624327956e-17,0.0,0.0,0.0
2037,0.44,0.2534527923719935,0.7465472076280313,0.0,2.4524491168025945e-17,1.1094402868759523e-16,0.0
2037,0.45,0.25392167748647726,0.7460783225135097,8.141307553003891e-17,0.0,2.8725165062128667e-16,0.0
2037,0.46,0.2536570848280984,0.7463429151719015,1.1651331374923677e-17,0.0,0.0,1.383144187652596e-17
2037,0.47000000000000003,0.253983389958998,0.7460166100410021,0.0,1.9274748831385086e-17,7.239051070392851e-17,2.2007714724308093e-18
2037,0.48000000000000004,0.25388714178990646,0.7461128582100741,6.45519878846643e-18,1.5554695875822722e-18,6.667779632102674e-17,1.246672612169327e-18
2037,0.49,0.2537730161061301,0.7462269838938698,1.2593880101103977e-17,1.4208905555117746e-17,1.2090644707602865e-16,2.0384207172751076e-17
2037,0.5,0.2538990566486995,0.7461009433513004,2.332376011415514e-17,0.0,8.670188656791397e-17,9.759886922289554e-18
2037,0.51,0.25387771977127016,0.7461222802287149,0.0,0.0,4.8963476010510384e-17,2.1793885861850256e-17
2037,0.52,0.25351915658659896,0.7464808434133868,0.0,0.0,8.91135631009094e-17,0.0
2037,0.53,0.25366534581724115,0.7463346541827588,0.0,0.0,9.560714985543464e-17,0.0
2037,0.54,0.2539021045841554,0.7460978954158447,0.0,1.8337254829486058e-17,0.0,1.4032350229198334e-17
2037,0.55,0.25402506672001834,0.7459749332799503,7.909405413247815e-18,0.0,1.231478247880276e-16,1.4671580903453612e-17
2037,0.56,0.25392011462400427,0.7460798854151035,2.4827040461446207e-21,1.055759469151151e-17,2.687490260670439e-17,2.0121765998895088e-17
2037,0.5700000000000001,0.25398891256834677,0.7460110874316492,9.251826111555078e-19,3.3319390064167157e-18,0.0,9.024046261162766e-18
2037,0.5800000000000001,0.2541769904946676,0.7458230095053747,1.0383262341058202e-16,0.0,8.283882864245853e-17,2.6812293948550686e-17
2037,0.59,0.25396074747363095,0.7460392525263745,7.190564631982111e-17,7.243569204835153e-18,0.0,5.698804167504331e-17
2037,0.6,0.253877673828048,0.7461223261719521,6.11426864345092e-17,0.0,0.0,1.8664779508899494e-17
2037,0.61,0.2538949938677461,0.7461050061322544,0.0,0.0,0.0,2.4807644472205643e-17
2037,0.62,0.25397234137616215,0.7460276586238379,3.737451320571268e-17,0.0,2.7534543409321795e-17,3.2842667524589954e-18
2037,0.63,0.254174186660456,0.745825813339544,2.8398246395111307e-17,7.28951836246385e-18,0.0,0.0
2037,0.64,0.25396347083491644,0.7460365291650857,3.426895885017119e-17,1.0557031346059996e-16,2.736104524462716e-17,5.639878425719527e-17
2037,0.65,0.2538047366252625,0.7461952633747375,0.0,6.701857027574033e-18,6.277750277861765e-17,4.265207936119428e-18
2037,0.66,0.2540232901803456,0.7459767098196545,2.3066401219629107e-17,4.7704895589362195e-18,7.822518674482914e-17,0.0
2037,0.67,0.2540310137801372,0.745968986219862,0.0,1.4065208880432752e-17,9.22124695725438e-19,0.0
2037,0.68,0.2543988682844187,0.7456011317155814,6.342582709040201e-17,0.0,0.0,1.485356976305141e-17
2037,0.6900000000000001,0.2538032085962314,0.7461967914037686,1.2874900798265365e-17,3.0249240612345574e-17,0.0,0.0
2037,0.7000000000000001,0.2539407642074093,0.7460592357925909,7.123208273229764e-17,0.0,0.0,0.0
2037,0.7100000000000001,0.2538541428624982,0.7461458571375017,0.0,4.683753385137379e-17,5.377642775528102e-17,0.0
2037,0.72,0.25363982785143535,0.7463601721485656,3.469446951953614e-18,1.0408340855860843e-17,0.0,4.336808689942018e-18
2037,0.73,0.2544006294630617,0.7455993705369384,0.0,2.1033522146218786e-17,7.43762690325056e-17,1.0842021724855044e-18
2037,0.74,0.2537216063393261,0.7462783936606742,3.491130995403324e-17,2.6020852139652106e-17,2.2985086056692694e-17,0.0
2037,0.75,0.2537300433809529,0.7462699566190472,0.0,0.0,1.6696713456276768e-17,6.071532165918825e-18
2037,0.76,0.25402840309989255,0.7459715969001074,5.817209991896775e-17,1.3123850737454588e-18,0.0,1.7474134295904478e-17
2037,0.77,0.25390934396988657,0.7460906560301134,3.996543497392067e-18,2.8799993582525627e-17,0.0,2.6188913586330542e-18
2037,0.78,0.25397021304007217,0.7460297869602581,1.7414367177296058e-17,5.811756368681233e-18,6.502399876367795e-17,0.0
2037,0.79,0.2478745588349908,0.7071915817874758,8.833114329372515e-18,2.835986540603142e-17,1.9895866011586456e-17,0.04493385937759674
2037,0.8,0.24113370863558736,0.6634325098704534,2.534222820976718e-17,0.0,3.728593415370382e-18,0.09543378149444878
2037,0.81,0.2351523580929897,0.6249767881256858,8.119120061583987e-18,0.0,0.0,0.13987085378154335
2037,0.8200000000000001,0.2298086218599468,0.5899756007170072,3.37104897504488e-17,0.0,0.0,0.1802157774230454
2037,0.8300000000000001,0.22530333321163337,0.5591516274037958,0.0,7.50921177520539e-21,4.322445642711597e-11,0.21554503934140107
2037,0.8400000000000001,0.22065826634167507,0.5321109352761259,4.365308752602369e-12,0.0,4.361701776751205e-17,0.24723079837783363
2037,0.85,0.2168858347957355,0.5063352836223936,0.0,0.0,5.033729749135629e-17,0.2767788815818719
2037,0.86,0.21315235863608475,0.48335638095068045,9.873445960319499e-18,6.97349972861642e-17,0.0,0.3034912604135369
2037,0.87,0.21015486225656071,0.46225473502969594,0.0,0.0,3.202234584777127e-16,0.3275904027137608
2037,0.88,0.20716577485865015,0.4440442821841586,2.6338240110095165e-17,0.0,1.100573649350034e-16,0.34878994295719146
2037,0.89,0.20467696902302043,0.42623698017374134,8.058855249369765e-17,0.0,0.0,0.36908605080316526
2037,0.9,0.20201923440746183,0.41027217498572244,8.251534640096721e-22,9.118248750148293e-22,3.7737984228339495e-17,0.38770859060681606
2037,0.91,0.19970556777722168,0.395305282428773,6.389658438680258e-17,3.432450089755017e-17,4.703972709826521e-17,0.4049891497940045
2037,0.92,0.19758708041002065,0.38146361821493857,8.99352903958304e-18,0.0,5.906412919062695e-17,0.4209493013750742
2037,0.93,0.1955694020812388,0.3686617848431036,4.809775706913432e-18,3.850210433933275e-17,0.0,0.43576881307589366
2037,0.9400000000000001,0.19374553038166825,0.3563250654585252,2.803121039370506e-17,0.0,0.0,0.4499294041612134
2037,0.9500000000000001,0.19200641490341444,0.3451179889875266,1.9924272074122267e-18,0.0,4.105747366353905e-18,0.46287559629268366
2037,0.9600000000000001,0.1903866900112068,0.3349354413084529,0.0,1.0433062680163582e-12,0.0,0.47467786867929745
2037,0.97,0.18881324672705213,0.3249392585804481,1.5013293352716467e-17,0.0,0.0,0.4862474946924962
2037,0.98,0.18739250269650795,0.31538156049677984,4.368417361179868e-14,0.0,5.139810767038784e-15,0.4972259368066852
2037,0.99,0.18604384274604296,0.3066575098374806,0.0,0.0,1.590727596416354e-17,0.5072986474164769
2037,1.0,0.18475423047835185,0.29844393740746206,0.0,0.0,6.523955927959284e-12,0.5168018321076662
2038,0.01,1.0,0.0,0.0,0.0,0.0,0.0
2038,0.02,0.9999999999998983,7.194245199571014e-14,1.7486012637846216e-15,1.379452108096757e-14,1.0935696792557792e-14,2.914335439641036e-15
2038,0.03,0.9999999999999672,2.4646951146678475e-14,1.1449174941446927e-15,3.941291737419306e-15,2.7391283685673784e-15,2.8449465006019636e-16
2038,0.04,0.9999999999999615,2.4646951146678475e-14,0.0,1.8111922552022097e-14,0.0,0.0
2038,0.05,1.0,0.0,6.505213034913027e-19,0.0,3.0531133177191805e-16,4.579669976578771e-16
2038,0.060000000000000005,0.9999999999999801,1.4654943925052066e-14,0.0,6.439293542825908e-15,0.0,0.0
2038,0.06999999999999999,1.0,0.0,2.8102520310824275e-16,0.0,1.8735013540549517e-16,0.0
2038,0.08,1.0,0.0,0.0,0.0,8.326672684688674e-17,0.0
2038,0.09,0.9999999999999973,6.661338147750939e-16,0.0,3.161316694533234e-15,0.0,0.0
2038,0.09999999999999999,1.0,0.0,0.0,7.216449660063518e-16,0.0,0.0
2038,0.11,0.9999999999999993,9.992007221626409e-16,0.0,0.0,2.7755575615628914e-16,5.551115123125783e-17
2038,0.12,1.0,0.0,0.0,8.678769775423065e-15,0.0,0.0
2038,0.13,0.9999999999930752,7.003842648379432e-12,2.072494380836931e-15,0.0,3.656254139239919e-15,3.762112505339499e-15
2038,0.14,1.0,0.0,0.0,0.0,1.1102230246251565e-16,2.6020852139652106e-17
2038,0.15000000000000002,1.0,0.0,0.0,6.765421556309548e-17,1.1102230246251565e-16,3.122502256758253e-17
2038,0.16,0.9999999999999998,0.0,1.3877787807814457e-16,0.0,1.4696360448041013e-16,5.551115123125783e-17
2038,0.17,1.0,0.0,2.498001805406602e-16,0.0,5.551115123125783e-17,0.0
2038,0.18000000000000002,1.0,0.0,3.4218224670827368e-15,2.896077699682445e-14,5.1177412709788746e-15,0.0
2038,0.19,1.0,0.0,0.0,3.3306690738754696e-16,0.0,0.0
2038,0.2,0.2517816176298736,0.7482183823701264,0.0,2.535197285723977e-16,3.9359073040753754e-17,5.0207398583293895e-17
2038,0.21000000000000002,0.24958411978960987,0.7504158802103901,9.71445146547012e-17,2.8796409701215e-16,0.0,0.0
2038,0.22,0.25488152885428417,0.7451184711457159,0.0,0.0,1.6046192152785466e-17,2.1033522146218786e-17
2038,0.23,0.2533909515174643,0.7466090484825358,1.089623183347932e-16,2.42861286636753e-17,0.0,0.0
2038,0.24000000000000002,0.2533312184738554,0.746668781526145,0.0,0.0,2.6454533008646308e-17,0.0
2038,0.25,0.2532407722207549,0.746759227779245,9.833713704443525e-17,1.209969624493823e-16,0.0,2.927345865710862e-18
2038,0.26,0.25371090925779816,0.7462890907422017,2.8252541758901444e-17,1.7023828379724031e-16,2.3796749348001334e-17,2.8216783467048485e-17
2038,0.27,0.2536343957154965,0.7463656042845033,2.1575623232461538e-17,1.0213184464813452e-16,3.529078071440317e-17,0.0
2038,0.28,0.2538086446657809,0.7461913553342191,3.2320656575599047e-19,2.549335369371104e-17,3.818746483919445e-17,1.0758276118210702e-17
2038,0.29000000000000004,0.2540949841353327,0.7459050158646673,1.6121179312929806e-17,5.2376630330698494e-17,0.0,6.221350254359419e-18
2038,0.3,0.25385536037253265,0.7461446396274676,0.0,0.0,3.12792326762068e-17,0.0
2038,0.31,0.2536246168979095,0.7463753831020907,7.795381856435255e-17,0.0,0.0,0.0
2038,0.32,0.25376194307391214,0.7462380569260879,0.0,9.107298248878237e-17,4.206704429243757e-17,2.211772431870429e-17
2038,0.33,0.25429687420852565,0.7457031257914744,2.6454533008646308e-17,6.765421556309548e-17,0.0,1.691355389077387e-17
2038,0.34,0.25368474854638395,0.7463152514536162,0.0,4.298861613905025e-17,0.0,0.0
2038,0.35000000000000003,0.25422218233744154,0.7457778176625587,0.0,0.0,0.0,0.0
2038,0.36000000000000004,0.2544117929107393,0.7455882070892607,3.903127820947816e-17,0.0,4.358492733391728e-17,1.691355389077387e-17
2038,0.37,0.25388431222265245,0.7461156877773455,0.0,2.3427441137882286e-16,2.7457596073185486e-16,0.0
2038,0.38,0.25459245944613385,0.7454075405538662,0.0,9.974659986866641e-18,2.3852447794681098e-17,3.122502256758253e-17
2038,0.39,0.2539255819481794,0.7460744180518207,0.0,0.0,0.0,5.204170427930421e-17
2038,0.4,0.2544693786067872,0.7455306213932129,3.3610267347050637e-18,0.0,1.0516761073109393e-17,1.0842021724855044e-17
2038,0.41000000000000003,0.2539555617997923,0.7460444382002078,0.0,3.9127138690691315e-17,1.2163014014565503e-17,0.0
2038,0.42000000000000004,0.25476854460317105,0.7452314553968289,1.7997756063259374e-17,3.2851325826310784e-17,1.7780915628762273e-17,2.1467203015212988e-17
2038,0.43,0.2542433601236624,0.745756639876343,0.0,1.3845177371255682e-17,0.0,2.827969200628008e-17
2038,0.44,0.2537840855221305,0.7462159144778696,0.0,0.0,3.2526065174565133e-18,0.0
2038,0.45,0.25384929591140687,0.7461507040885931,0.0,2.0816681711721685e-17,8.153200337090993e-17,6.938893903907228e-18
2038,0.46,0.254029629025133,0.745970370974867,2.293087594806842e-17,1.1655173354219173e-17,3.0791341698588326e-17,0.0
2038,0.47000000000000003,0.2539861786293402,0.7460138213706597,3.768370653050724e-18,1.4500549349034117e-17,2.4433629073006312e-17,1.2898820042219023e-17
2038,0.48000000000000004,0.2539296310987861,0.746070368901214,0.0,8.635670303847043e-17,0.0,0.0
2038,0.49,0.2537883107661052,0.7462116892338948,0.0,2.0626946331536722e-17,2.13316777436523e-17,1.0814916670542907e-17
2038,0.5,0.25405690358891225,0.7459430964110879,1.7005719976249523e-17,0.0,5.356457547174952e-17,1.438945536451883e-17
2038,0.51,0.25398870227224773,0.7460112977277524,1.9180949070904622e-17,3.1131424651493895e-17,0.0,7.677885077825083e-18
2038,0.52,0.25396407155476036,0.7460359284452398,0.0,2.3492783033701444e-17,0.0,3.2884399917726194e-18
2038,0.53,0.2539206538715316,0.7460793461284685,1.9324420494551247e-17,1.3058348854393955e-17,0.0,6.374000362865293e-18
2038,0.54,0.25395908332532713,0.7460409166746708,8.673617379884035e-19,7.546047120499111e-17,0.0,1.1275702593849246e-17
2038,0.55,0.2537965349656588,0.7462034650343412,0.0,5.0903291998194433e-17,3.176712365382528e-17,2.824346659324739e-17
2038,0.56,0.2539079028463693,0.7460920971536307,1.798413187148195e-17,7.380922814221075e-17,0.0,1.5247416151908608e-17
2038,0.5700000000000001,0.2542916916773935,0.7457083083226067,0.0,0.0,2.168404344971009e-18,1.9949319973733282e-17
2038,0.5800000000000001,0.25423699255257837,0.7457630074474217,0.0,0.0,7.611099250848241e-17,0.0
2038,0.59,0.2539528020958805,0.7460471979041194,8.766467830339377e-18,2.2600003594051483e-17,1.601809001959611e-17,1.7054632341807367e-17
2038,0.6,0.2538119722501605,0.7461880277498396,0.0,0.0,0.0,7.304812137121086e-17
2038,0.61,0.24737391235018757,0.7048578711724103,0.0,6.770091455744802e-17,5.388643491853475e-18,0.047768216478058165
2038,0.62,0.23873072685827418,0.6470706027438372,0.0,0.0,0.0,0.11419867039788875
2038,0.63,0.23113739614827236,0.5984448455548448,6.396812448522853e-18,6.36436691563425e-17,3.8637656043188676e-17,0.1704177582967258
2038,0.64,0.22457088698278738,0.5564014718743148,1.5886347344700715e-17,4.779994736591506e-17,7.180589926739417e-18,0.21902764114284418
2038,0.65,0.2191754494387639,0.5215154819613631,4.380868919572757e-17,0.0,8.885691554455166e-17,0.2593090685998035
2038,0.66,0.21412857516085057,0.48927187712890197,2.613229056119079e-17,0.0,0.0,0.296599547710248
2038,0.67,0.2098928359229757,0.4611997250545992,0.0,9.516913177421544e-17,1.7213998868120465e-16,0.328907439022755
2038,0.68,0.20611459416159278,0.43640969813526487,0.0,1.2600018713187613e-16,0.0,0.3574757077033476
2038,0.6900000000000001,0.20261475773951165,0.4138476141528694,0.0,0.0,0.0,0.3835376281076615
2038,0.7000000000000001,0.1995514229805926,0.3940139501128203,0.0,0.0,9.617468987254912e-17,0.4064346269065908
2038,0.7100000000000001,0.19673903628494427,0.3759320600695797,2.0813310753539413e-17,1.9229621605046955e-16,1.2787558283767475e-16,0.42732890364563636
2038,0.72,0.19411208030338825,0.3593239402516011,2.829367976515181e-17,5.314738500289575e-16,1.749618744226286e-10,0.4465639792701408
2038,0.73,0.19182887824150974,0.34425249773559846,0.0,3.8141817179616304e-17,0.0,0.4639186240228914
2038,0.74,0.18970183007814312,0.3304319275762876,0.0,0.0,0.0,0.4798662423456175
2038,0.75,0.18766452294524522,0.3177153247036342,0.0,0.0,2.9437284106899446e-18,0.49462015235112117
2038,0.76,0.18590333686180716,0.30566803764807904,5.0673648462176237e-17,0.0,1.2978116477817793e-16,0.5084286254898979
2038,0.77,0.18423881814262486,0.2947899308727737,0.0,0.0,4.4226981159550897e-16,0.5209712509845716
2038,0.78,0.182623488820367,0.2847411871452891,1.5530103129223911e-24,3.3454725138049364e-17,2.2772990324846876e-06,0.5326330467353981
2038,0.79,0.18125235193993705,0.2745986790072707,2.138054546981019e-18,0.0,0.003814423823291585,0.5403345452294965
2038,0.8,0.17993761945833034,0.2653830662583787,1.151685407011326e-23,1.7729741938125238e-20,0.007264332048469031,0.5474149822371019
2038,0.81,0.1787272285121877,0.25675825076304387,2.681998714478784e-17,0.0,0.010584274401302314,0.5539302463234657
2038,0.8200000000000001,0.17764606565081878,0.2485820253690082,8.172372795386066e-18,8.953856536832836e-17,0.01361977404814934,0.5601521349320239
2038,0.8300000000000001,0.17658472402270275,0.2409860931237294,0.0,5.163327624643369e-14,0.017303806777630725,0.5651253760753552
2038,0.8400000000000001,0.17543553948888577,0.23378872743081183,0.0,1.775496395412666e-17,0.019502869081219128,0.5712728639995901
2038,0.85,0.17457567817677838,0.2268906673338406,1.3721199209135718e-17,7.142377853053436e-17,0.022265171593403313,0.5762684828952206
2038,0.86,0.17354398002623986,0.22076124992951826,3.760755726095685e-17,0.0,0.024731995724009,0.5809627743194508
2038,0.87,0.17276496353300613,0.21451539341928405,4.5450778045021306e-18,1.2296660004944533e-16,0.02681121531253134,0.5859084277353159
2038,0.88,0.17185058985098198,0.20890630344462544,3.422968345418507e-17,0.0,0.028942846262190677,0.5903002604424339
2038,0.89,0.17125435153108898,0.2032948401731146,4.220053571010591e-21,2.6738071840946782e-17,0.030902994742305845,0.5945478135537484
2038,0.9,0.17050207295984532,0.1980150820776128,0.0,4.474414770921563e-17,0.03309197953149826,0.5983908654309067
2038,0.91,0.0,0.0,0.0,0.0,0.0,1.0
2038,0.92,0.0,0.0,0.0,0.0,0.0,1.0
2038,0.93,0.0,0.0,0.0,0.0,0.0,1.0
2038,0.9400000000000001,0.0,0.0,0.0,0.0,0.0,1.0
2038,0.9500000000000001,0.0,0.0,0.0,0.0,0.0,1.0
2038,0.9600000000000001,0.0,0.0,0.0,0.0,0.0,1.0
2038,0.97,0.0,0.0,0.0,0.0,0.0,1.0
2038,0.98,0.0,0.0,0.0,0.0,0.0,1.0
2038,0.99,0.0,0.0,0.0,0.0,0.0,1.0
2038,1.0,0.0,0.0,0.0,0.0,0.0,1.0
2039,0.01,0.9999999999999999,0.0,0.0,9.08619325445029e-17,4.3093478044013706e-17,0.0
2039,0.02,1.0,0.0,4.645684511718272e-15,3.22974989254895e-15,6.039120185494343e-15,7.742303698157144e-15
2039,0.03,1.0,6.370816028722611e-14,0.0,3.367984086213762e-18,0.0,0.0
2039,0.04,1.0,0.0,3.4552056811323092e-15,1.845204736144264e-15,2.2782423894941446e-15,3.950139208311614e-15
2039,0.05,0.9999999999999358,7.206422441682274e-14,0.0,0.0,1.174093544012867e-17,0.0
2039,0.060000000000000005,1.0,0.0,3.666519755044168e-16,1.9454313919357868e-16,6.936395156712828e-17,0.0
2039,0.06999999999999999,1.0,0.0,7.633878084382277e-16,3.082247015939992e-16,1.7872183428828924e-17,2.42480757085199e-16
2039,0.08,0.9999999999999994,9.201649248872894e-16,0.0,0.0,0.0,0.0
2039,0.09,1.0,0.0,5.0520834609165065e-16,0.0,0.0,0.0
2039,0.09999999999999999,0.9999999999995165,6.389107131041486e-16,0.0,0.0,2.1185413935831266e-16,8.540849545914566e-17
2039,0.11,1.0,0.0,6.57034139822741e-16,2.5492345932212786e-16,0.0,0.0
2039,0.12,1.0,0.0,2.7755575615628914e-16,0.0,1.3010426069826053e-17,0.0
2039,0.13,1.0,0.0,0.0,5.0306980803327406e-17,6.938893903907228e-17,0.0
2039,0.14,1.0,0.0,0.0,6.938893903907228e-17,0.0,8.673617379884035e-17
2039,0.15000000000000002,1.0,0.0,4.735552626235532e-16,3.658816255086686e-16,0.0,0.0
2039,0.16,1.0,0.0,3.0869596955002783e-16,0.0,0.0,0.0
2039,0.17,0.9999999999999998,7.589421779348498e-16,0.0,9.995982655786242e-17,0.0,0.0
2039,0.18000000000000002,1.0,0.0,2.2571733978432595e-16,1.0204460025456732e-16,2.828708879003099e-17,6.416994553456491e-17
2039,0.19,0.9999999999999983,1.3877787807814457e-15,1.5265566588595902e-16,0.0,0.0,0.0
2039,0.2,0.9999999999999999,2.0454940465227624e-14,0.0,4.946840939675164e-17,2.4932612343823483e-16,1.6561156095924427e-16
2039,0.21000000000000002,1.0,0.0,3.191891195797325e-16,5.551115123125783e-17,5.618877758906127e-17,0.0
2039,0.22,0.25872941800282934,0.7412705819971706,2.1423834928313568e-16,5.204170427930421e-17,0.0,6.938893903907228e-17
2039,0.23,0.2536125688122128,0.746387431187787,2.7691062485419827e-16,0.0,0.0,2.877262678131122e-17
2039,0.24000000000000002,0.252813684747165,0.747186315252835,1.9102658448065246e-17,0.0,0.0,6.564789555309422e-17
2039,0.25,0.25366471721659606,0.7463352827833667,2.1840251894273874e-16,2.4820691394501914e-17,0.0,0.0
2039,0.26,0.2542086330785957,0.7457913669213864,6.286538408666572e-17,6.666852012083133e-18,7.902672810180052e-21,5.0406434895982973e-17
2039,0.27,0.25467952814583533,0.7453204718541876,0.0,6.3633724720200435e-18,5.883561053412982e-17,1.8996409614132207e-17
2039,0.28,0.2532792814263276,0.7467207185736723,4.933771626876024e-17,0.0,1.1129843360065812e-16,5.177554344635288e-17
2039,0.29000000000000004,0.25302962175875476,0.7469703782412361,0.0,0.0,0.0,4.405704365413694e-17
2039,0.3,0.25472008779775246,0.7452799122022408,9.292616638234504e-17,0.0,0.0,0.0
2039,0.31,0.2534611924929861,0.7465388075070196,3.7969563496091296e-17,0.0,0.0,0.0
2039,0.32,0.25389726354311487,0.7461027364568852,0.0,2.985848160033785e-17,9.236376067729265e-17,3.072317391866812e-17
2039,0.33,0.2537427272598327,0.7462572727401673,1.0284393465897937e-16,0.0,2.2552411039323357e-17,0.0
2039,0.34,0.25516693819925806,0.744833061800742,4.140095875854047e-17,0.0,0.0,2.786739719955628e-17
2039,0.35000000000000003,0.2541284344252465,0.7458715655747534,2.0298950110569912e-20,1.105764554999534e-17,1.1803905862884985e-20,5.625934346355745e-17
2039,0.36000000000000004,0.25384542613808464,0.7461545738619052,6.187193133862517e-17,3.741196756729456e-17,0.0,0.0
2039,0.37,0.2535747749003818,0.7464252250996258,1.443142234442387e-16,0.0,1.4810733135818147e-18,0.0
2039,0.38,0.25367880100693496,0.7463211989931086,0.0,9.992447678758981e-18,0.0,0.0
2039,0.39,0.25420576871937883,0.7457942312806212,0.0,5.971359931994163e-17,1.616885311145973e-17,0.0
2039,0.4,0.2537557081942721,0.7462442918057389,0.0,0.0,2.2664595145124824e-17,1.6306248577385097e-17
2039,0.41000000000000003,0.2542254217145684,0.7457745782854462,1.078461514606709e-16,0.0,4.2147630709254326e-17,1.5296460143684465e-16
2039,0.42000000000000004,0.25396426867352734,0.7460357313264804,7.893747561312003e-17,0.0,0.0,0.0
2039,0.43,0.2537434697459865,0.7462565302539997,2.2111228653530845e-17,1.1872137342357925e-17,0.0,1.2376895969569555e-16
2039,0.44,0.2538981214500414,0.746101878549965,6.280711644696257e-17,0.0,9.271518831155593e-18,2.744398231645948e-17
2039,0.45,0.25349059394247686,0.7465094060575229,2.710505431213761e-17,0.0,0.0,1.5851035761738075e-16
2039,0.46,0.2539042245291313,0.7460957754707859,1.5949818956146082e-17,0.0,0.0,0.0
2039,0.47000000000000003,0.2534675206415281,0.7465324793584719,2.0488975222614034e-17,0.0,1.569079535969525e-17,6.788119679892513e-17
2039,0.48000000000000004,0.25392589250398623,0.7460741074960016,0.0,0.0,5.44811591673966e-18,0.0
2039,0.49,0.253852755217999,0.7461472447820008,7.047314121155779e-17,2.8189256484623115e-17,0.0,6.808789643208968e-17
2039,0.5,0.2533828518995624,0.7466171481004377,0.0,1.0625181290357943e-17,0.0,4.130810277169772e-17
2039,0.51,0.2539479087297487,0.7460520912702531,0.0,0.0,0.0,0.0
2039,0.52,0.25411767592490064,0.7458823240750979,0.0,5.3905891291004864e-17,0.0,0.0
2039,0.53,0.25385235103166304,0.746147648968339,3.1133821422602053e-17,4.998754477375341e-17,5.991162285478223e-17,0.0
2039,0.54,0.253921258673669,0.746078741326331,7.043059591184327e-18,0.0,2.285392461038086e-18,5.59707125863687e-17
2039,0.55,0.2535483661773509,0.7464516338226492,5.817987411537031e-17,3.201572782384442e-17,0.0,0.0
2039,0.56,0.2540166189922185,0.7459833810077833,0.0,1.7658270082789267e-18,0.0,0.0
2039,0.5700000000000001,0.2539188163190501,0.74608118368095,0.0,0.0,0.0,7.941823172045864e-17
2039,0.5800000000000001,0.2536180992871142,0.7463819007128857,5.139118297581291e-17,0.0,3.686287386450715e-17,3.599551212651875e-17
2039,0.59,0.2540248001148237,0.74597519988534,0.0,6.232746817107414e-18,2.4919726176538892e-18,2.225839619652018e-18
2039,0.6,0.25352990543958426,0.7464700945604194,5.0306980803327406e-17,0.0,0.0,0.0
2039,0.61,0.25367626153965,0.7463237384603499,8.023096076392733e-18,6.776263578034403e-18,0.0,4.065758146820642e-18
2039,0.62,0.2539705502648531,0.7460294497351478,3.9401219516982944e-17,0.0,1.8628624568526027e-19,1.329579056364343e-17
2039,0.63,0.2540204899120843,0.7459795100879223,0.0,0.0,0.0,1.1290613399392506e-16
2039,0.64,0.2539965575797033,0.7460034424203337,0.0,0.0,6.812179452866003e-18,7.510889799652518e-17
2039,0.65,0.2539696477912187,0.7460303522087863,6.119375731405984e-17,1.196837320207625e-18,2.5925463362134614e-20,1.6839022892518838e-20
2039,0.66,0.2533911645412092,0.7453493238330868,5.4462188317230416e-18,1.4209775032928562e-19,1.2704492226722775e-17,0.0012595116257042229
2039,0.67,0.24431444073718486,0.6846066808208242,2.0903915963642593e-17,6.964327238217326e-17,1.542626030150251e-20,0.07107887844199177
2039,0.68,0.23635906223745035,0.6323188314978643,0.0,0.0,0.0,0.13132210626468568
2039,0.6900000000000001,0.2296064308310354,0.5893798122106347,0.0,0.0,5.4764025958467113e-17,0.18101375695833052
2039,0.7000000000000001,0.22370457508240862,0.5506204017286502,0.0,3.616802180604713e-18,3.0706551230999117e-18,0.22567502318896607
2039,0.7100000000000001,0.2184504927127071,0.518668397748748,0.0,0.0,0.0,0.26288110953854543
2039,0.72,0.21402227041787025,0.4883523969866896,0.0,0.0,9.249706084008435e-17,0.2976253325954617
2039,0.73,0.21001051462339188,0.4621555620033129,0.0,7.281342800327985e-09,0.0,0.3278339160920543
2039,0.74,0.20639779452548193,0.43834375715508056,8.765266291815894e-17,5.7465201383381324e-18,0.0,0.3552584483189189
2039,0.75,0.20311338564370054,0.4172760603024049,0.0,3.999534348780996e-18,0.0,0.37961055405368826
2039,0.76,0.2001647219482286,0.3980151257003413,0.0,3.041088359475974e-17,1.706459884906437e-16,0.4018201523519387
2039,0.77,0.19743445007799956,0.38031327842691937,6.413269481628539e-17,0.0,0.0,0.42225227149591915
2039,0.78,0.19495682623281976,0.3642660486946432,6.297182582870861e-17,0.0,3.664731906491789e-18,0.4407771250725023
2039,0.79,0.1926856113654857,0.34939065566629723,0.0,1.986761272718652e-18,8.687650831448575e-19,0.4579237329687399
2039,0.8,0.19056131731281145,0.3358510714992235,3.224054941387931e-17,1.1357144621061121e-17,0.0,0.4735876111882669
2039,0.81,0.1885836794853304,0.323599215175789,5.010518286908057e-17,6.110717440089844e-17,4.640199927062686e-18,0.48781710533915107
2039,0.8200000000000001,0.18684196090723307,0.3116174240225493,0.0,0.0,0.0,0.5015406150704822
2039,0.8300000000000001,0.18522486178175843,0.30126563589086497,1.6288609839003319e-16,4.181643604471482e-17,0.0,0.5135095023273769
2039,0.8400000000000001,0.1836150896221355,0.29107303575267046,9.44719346613667e-17,4.9421482619520884e-17,0.0,0.5253118746251961
2039,0.85,0.1820822920540285,0.2815465907742693,1.5637041030189242e-16,6.018813314819249e-17,0.0006876251080929414,0.5356834920629597
2039,0.86,0.18093498993352417,0.272324879103102,2.9867286655776763e-16,6.545066969057107e-17,0.004604445870140725,0.5421356850936673
2039,0.87,0.17966593936577813,0.2636466584120785,1.3602352819664755e-16,6.80134410374957e-17,0.008112866672090942,0.5485745355493199
2039,0.88,0.178613132658877,0.25537221845611496,2.8990164494286896e-22,6.91008514553887e-24,0.010942267035722097,0.5550723818508727
2039,0.89,0.17747565822643369,0.24779436486813164,3.9791295759110954e-17,8.791665655544077e-17,0.014300788592789165,0.5604291883126452
2039,0.9,0.17649936671876054,0.24056445411952637,1.2195491877709951e-17,0.0,0.016886880159551327,0.5660492990021629
2039,0.91,0.17546506378239535,0.2338309365713512,0.0,0.0,0.019481617862008426,0.5712223817843842
2039,0.92,0.1745694007222124,0.22735525351681413,1.2902179593609898e-17,5.57613130065792e-17,0.02193313616019742,0.5761422095999434
2039,0.93,0.17375336069839487,0.22117714948976702,0.0,7.986254770228722e-18,0.024212315991744983,0.5808571738203785
2039,0.9400000000000001,0.17297283322728746,0.21533519411747404,2.861971647294136e-16,1.1217997587072725e-16,0.026444259169054088,0.585247713486056
2039,0.9500000000000001,0.1721869682804053,0.20981852383317162,1.0721495843418872e-16,8.694675578482288e-17,0.02853341256365228,0.5894610953226248
2039,0.9600000000000001,0.17138717543848747,0.20470798509736918,1.9261952772519464e-17,6.704071696880505e-17,0.030407290520928727,0.5934975489438552
2039,0.97,0.1707191190083619,0.19960429803138574,0.0,8.933625061827829e-18,0.032446290848886686,0.5972302921113475
2039,0.98,0.170068811132236,0.19465637892003945,2.2156095945962128e-27,0.0,0.03446140356639856,0.6008134063945417
2039,0.99,0.0,0.0,0.0,0.0,0.0,1.0
2039,1.0,0.0,0.0,0.0,0.0,0.0,1.0
2040,0.01,0.9999999999996351,2.5114604641067585e-17,0.0,1.0490961557958048e-16,0.0,5.005303800963485e-17
2040,0.02,1.0,0.0,0.0,0.0,0.0,0.0
2040,0.03,0.9999999999999988,2.3869795029440866e-15,0.0,5.689893001203927e-16,0.0,4.440892098500626e-16
2040,0.04,0.9999999999999656,2.986499936241671e-14,5.176414852314792e-15,4.579669976578771e-16,0.0,0.0
2040,0.05,0.9999999999997168,2.3359092438113294e-13,6.315781231336359e-14,0.0,0.0,0.0
2040,0.060000000000000005,0.9999999999999991,0.0,1.6653345369377348e-16,3.8163916471489756e-16,2.220446049250313e-16,8.326672684688674e-17
2040,0.06999999999999999,1.0,0.0,0.0,0.0,1.942890293094024e-16,3.885780586188048e-16
2040,0.08,1.0,0.0,8.049116928532385e-16,1.942890293094024e-16,5.551115123125783e-17,0.0
2040,0.09,0.9999999999999961,3.2751579226442118e-15,4.761815941556335e-16,1.3877787807814457e-16,0.0,1.1102230246251565e-16
2040,0.09999999999999999,1.0,0.0,1.1379786002407855e-15,0.0,0.0,1.1709383462843448e-16
2040,0.11,0.9999999999999991,0.0,1.5543122344752192e-15,5.551115123125783e-17,0.0,0.0
2040,0.12,0.9999999999999997,3.3306690738754696e-16,0.0,6.938893903907228e-18,1.6653345369377348e-16,1.196959198423997e-16
2040,0.13,1.0,1.1102230246251565e-16,0.0,0.0,1.8041124150158794e-16,0.0
2040,0.14,1.0,2.220446049250313e-16,0.0,0.0,1.3877787807814457e-16,0.0
2040,0.15000000000000002,0.9999999999999989,3.3306690738754696e-16,8.049116928532385e-16,2.7755575615628914e-17,0.0,0.0
2040,0.16,0.9999999999986198,1.3917290197278868e-12,0.0,0.0,1.1507671036784309e-15,1.2181773737527171e-15
2040,0.17,1.0,0.0,0.0,9.71445146547012e-17,8.326672684688674e-17,9.71445146547012e-17
2040,0.18000000000000002,0.999999999999996,4.3298697960381105e-15,0.0,0.0,0.0,0.0
2040,0.19,0.9999999999999999,2.220446049250313e-16,0.0,0.0,0.0,2.7755575615628914e-17
2040,0.2,1.0,0.0,4.3021142204224816e-16,0.0,0.0,0.0
2040,0.21000000000000002,0.25648870074974633,0.743511299250254,0.0,2.933802216299686e-17,7.334505540749216e-18,0.0
2040,0.22,0.2544556994494817,0.7455443005505183,1.7024680783418597e-16,1.2904930607948133e-17,0.0,1.3993673811328184e-17
2040,0.23,0.25519866113016365,0.744801338869843,4.592569602645651e-16,8.306958582530634e-18,0.0,4.6034107329541487e-17
2040,0.24000000000000002,0.2530545381626119,0.7469454618373881,0.0,1.2056915787145967e-16,0.0,8.392360089748245e-17
2040,0.25,0.2523703916774839,0.7476296083225157,3.157196726277789e-16,7.632783294297951e-17,1.734723475976807e-18,0.0
2040,0.26,0.2554283805140212,0.7445716194859795,0.0,0.0,1.1709383462843448e-17,0.0
2040,0.27,0.2542723167390296,0.7457276832609706,0.0,0.0,2.1250362580715887e-17,4.212125440106185e-17
2040,0.28,0.2543031528735167,0.7456968471264835,0.0,8.673617379884035e-18,0.0,0.0
2040,0.29000000000000004,0.25241936240418333,0.7475806375958167,0.0,2.6020852139652106e-17,9.93129189996722e-17,8.803721640582296e-17
2040,0.3,0.2536906132772679,0.7463093867227325,0.0,0.0,0.0,0.0
2040,0.31,0.2541136882217525,0.7458863117782474,2.1756859737535294e-16,1.894904591268162e-17,2.755790135096447e-17,3.049612076572198e-17
2040,0.32,0.2549406873758682,0.7450593126241316,0.0,7.471276279696973e-17,5.704200446474236e-17,6.165864835591107e-17
2040,0.33,0.2535035796801997,0.7464964203198002,0.0,3.378706396647846e-17,1.2048763006171352e-16,5.615960793636884e-17
2040,0.34,0.25383404084943606,0.7461659591505642,4.958242444910581e-17,6.7049045261178555e-18,0.0,2.2295078234987402e-17
2040,0.35000000000000003,0.2541804122110367,0.7458195877889633,0.0,5.923361405801973e-17,6.933049992432989e-17,0.0
2040,0.36000000000000004,0.25359112324584165,0.7464088767541583,0.0,1.0733601507606494e-17,0.0,0.0
2040,0.37,0.25406427564878115,0.7459357243512191,0.0,0.0,4.932832266049653e-17,9.30714979047722e-18
2040,0.38,0.25409826545166114,0.7459017345483386,1.6360610782806262e-16,0.0,3.0140820395097023e-17,2.981555974335137e-17
2040,0.39,0.2536778285614126,0.7463221714385874,4.209414934674971e-17,0.0,0.0,0.0
2040,0.4,0.2535849128537023,0.7464150871462978,0.0,0.0,1.984089975648473e-17,8.077306185017008e-18
2040,0.41000000000000003,0.25323966712259305,0.7467603328774072,6.185593093200497e-17,0.0,0.0,0.0
2040,0.42000000000000004,0.2536234129885945,0.7463765870114056,0.0,5.2258544713801314e-17,0.0,2.3418766925686896e-17
2040,0.43,0.2539624169942147,0.746037583005785,2.2518168394361465e-16,2.4362127385978315e-17,2.864088774671456e-17,2.1401558683481942e-17
2040,0.44,0.2539880869000527,0.7460119130999474,2.1880011909482575e-17,3.318280239053072e-17,2.5735422744234635e-17,0.0
2040,0.45,0.2539939174485258,0.7460060825514743,3.946495907847236e-17,9.107298248878237e-18,1.5178830414797062e-17,0.0
2040,0.46,0.25384902289743416,0.7461509771025633,0.0,4.742599350037305e-17,5.997701540363842e-17,4.7817732694203424e-18
2040,0.47000000000000003,0.25393051542078704,0.746069484579212,1.8530489559195879e-16,0.0,5.2893003421763756e-17,0.0
2040,0.48000000000000004,0.2539129315176776,0.7460870684823226,6.884683795282953e-17,0.0,0.0,0.0
2040,0.49,0.2531037255518687,0.7468962744481314,0.0,1.723881454251952e-17,0.0,0.0
2040,0.5,0.25393653341656286,0.7460634665834371,5.357175951371878e-17,2.0828717976323262e-17,1.704199157805278e-17,2.2998390404212828e-17
2040,0.51,0.2540735556820038,0.7459264443180125,0.0,0.0,4.039060000746395e-18,1.6972538421270315e-17
2040,0.52,0.2537817950719935,0.7462182049153462,0.0,1.2660570318902623e-11,4.600500489608219e-18,0.0
2040,0.53,0.25377972319634,0.7462202768036601,0.0,3.0818446752900464e-17,2.1846673775582914e-17,0.0
2040,0.54,0.25398107773688017,0.7460189222631199,5.657279538857981e-17,0.0,6.395906425538124e-18,1.9480661555646653e-17
2040,0.55,0.2537860296941803,0.7462139703058198,0.0,0.0,0.0,1.7943545954635098e-17
2040,0.56,0.2539200489313033,0.7460799510686968,0.0,2.2551405187698492e-17,1.734723475976807e-18,0.0
2040,0.5700000000000001,0.25401079174267954,0.7459892082573205,1.870248747537495e-18,0.0,0.0,0.0
2040,0.5800000000000001,0.25352085235056054,0.7464791476494393,1.2455020709969607e-16,1.6447500045118266e-17,2.119625396489095e-17,2.085722085772828e-17
2040,0.59,0.25405319437172164,0.7459468056282784,9.093375144807745e-17,0.0,0.0,0.0
2040,0.6,0.25391275162823984,0.7460872483717675,6.609689127692658e-17,4.548714012393202e-17,4.7547177058735535e-17,0.0
2040,0.61,0.25418720957181673,0.7458127550241004,5.460644394297388e-17,6.355377745550324e-17,5.1283957207368886e-17,3.540486596598373e-08
2040,0.62,0.2440390350545585,0.6785673122015308,0.0,0.0,1.0611167971901894e-17,0.07739365274385154
2040,0.63,0.23504251700170992,0.624491586611081,7.942475977189441e-17,0.0,7.657109015869261e-18,0.14046589638743615
2040,0.64,0.22779055041760296,0.5770990542671517,0.0,0.0,2.8760086945139714e-12,0.19511039531236943
2040,0.65,0.22147360655273693,0.5364741100252598,0.0,5.998715423436786e-17,9.02673341436547e-17,0.24205228342218077
2040,0.66,0.21615303764966162,0.5015991526126601,1.7796965517585216e-16,0.0,3.04444692989785e-18,0.28224780973723335
2040,0.67,0.21149538779511665,0.4707639894876575,0.0,1.861793938613266e-17,3.177486986641125e-17,0.3177406227172259
2040,0.68,0.20715017967373955,0.44317226866054144,3.1836219332521784e-16,0.0,0.0,0.3496775516651411
2040,0.6900000000000001,0.20340687035949898,0.41945920885461896,0.0,1.648961069790663e-17,3.953002675981701e-18,0.37713392078626734
2040,0.7000000000000001,0.20012031884860645,0.3976275616497022,2.9284500505598984e-14,1.9212056108600658e-18,0.0,0.4022521195019265
2040,0.7100000000000001,0.1971351973604164,0.3781890722913914,6.346471077178958e-17,1.3296404560872006e-17,7.232238454354346e-17,0.42467573034819217
2040,0.72,0.19442251197118723,0.3606611803707845,0.0,0.0,1.5821340091484755e-16,0.44491630765805157
2040,0.73,0.19194441890565392,0.3444059459129619,1.9053668741513626e-16,0.0,3.6600608393081394e-17,0.4636496351815746
2040,0.74,0.18957836186334368,0.32997741512678574,4.1057144592673685e-18,0.0,2.5954298152475506e-17,0.4804442230098697
2040,0.75,0.1874701444490159,0.31681027696508807,1.7869631194068164e-16,0.0,0.0,0.4957195785858963
2040,0.76,0.18559361584474768,0.30411097818957317,0.0,7.958504199676185e-17,4.454429947336725e-16,0.5102954059662682
2040,0.77,0.18383437928282348,0.29293955528438925,9.004904174987016e-22,3.9097563683850615e-17,4.891714655583169e-17,0.5232260654319442
2040,0.78,0.1822593359218311,0.2819049687392783,0.0,2.0180904855575203e-17,0.0010578256986968463,0.534777869640252
2040,0.79,0.18076520498783832,0.2718227499973681,8.067153691527608e-17,1.341321668121085e-24,0.005382038717087575,0.5420300062977285
2040,0.8,0.17945532035014583,0.26211142546303934,0.0,1.519525908366469e-17,0.009108211493401484,0.5493250426935623
2040,0.81,0.17820732477032133,0.2530117632027439,1.1165283716991706e-15,2.769917692093621e-12,0.012087360174766422,0.5566935518498393
2040,0.8200000000000001,0.1771723104989226,0.24459973208099164,0.0,1.1938775698056604e-16,0.01522866516520073,0.5629992922551605
2040,0.8300000000000001,0.1759070316817021,0.2368343043877927,0.0,0.0,0.018502447074789978,0.5687562168559988
2040,0.8400000000000001,0.1749181606852424,0.2293072993925416,1.2049519431489872e-16,0.0,0.021320538214643518,0.5744540017075722
2040,0.85,0.1739165044618826,0.22227776347411368,2.3462806417128656e-16,7.914822247364685e-18,0.023563044890025264,0.5802426871739772
2040,0.86,0.17306483317243643,0.21565610372897312,0.0,0.0,0.02668690031947108,0.5845921627791429
2040,0.87,0.17205660036519815,0.20960888402718533,0.0,0.0,0.028883611946142616,0.5894509036614756
2040,0.88,0.17129929509367187,0.20370692075434738,1.4818681388954607e-16,1.9989553702685737e-16,0.030998943558360227,0.5939948405936519
2040,0.89,0.1705298372306997,0.19825390659559658,0.0,0.0,0.032590952925668,0.5986253032497886
2040,0.9,0.0,0.0,0.0,0.0,0.0,1.0
2040,0.91,0.0,0.0,0.0,0.0,0.0,1.0
2040,0.92,0.0,0.0,0.0,0.0,0.0,1.0
2040,0.93,0.0,0.0,0.0,0.0,0.0,1.0
2040,0.9400000000000001,0.0,0.0,0.0,0.0,0.0,1.0
2040,0.9500000000000001,0.0,0.0,0.0,0.0,0.0,1.0
2040,0.9600000000000001,0.0,0.0,0.0,0.0,0.0,1.0
2040,0.97,0.0,0.0,0.0,0.0,0.0,1.0
2040,0.98,0.0,0.0,0.0,0.0,0.0,1.0
2040,0.99,0.0,0.0,0.0,0.0,0.0,1.0
2040,1.0,0.0,0.0,0.0,0.0,0.0,1.0
2041,0.01,1.0,0.0,0.0,0.0,0.0,0.0
2041,0.02,0.9999999999999654,5.773159728050814e-15,4.9404924595819466e-15,1.1823875212257917e-14,9.020562075079397e-15,2.609024107869118e-15
2041,0.03,0.9999999999999909,1.9984014443252818e-15,1.313185671314443e-15,2.3245294578089215e-15,2.886579864025407e-15,3.9898639947466563e-16
2041,0.04,1.0,0.0,4.996003610813204e-16,0.0,8.326672684688674e-17,3.365363543395006e-16
2041,0.05,0.9999999999999997,1.4432899320127035e-15,9.454242944073599e-17,0.0,0.0,3.5041414214731503e-16
2041,0.060000000000000005,1.0,0.0,1.3877787807814457e-17,1.691355389077387e-16,1.3270634591222574e-16,5.551115123125783e-17
2041,0.06999999999999999,0.9999999999964196,3.671496524919029e-12,0.0,0.0,0.0,6.077960881290689e-15
2041,0.08,1.0,0.0,2.460703111914909e-14,7.077153418997477e-14,2.2503737138042336e-14,0.0
2041,0.09,1.0,0.0,3.294581446915937e-15,1.1026874595373797e-14,3.261229524617799e-15,0.0
2041,0.09999999999999999,1.0,3.0841799558376154e-13,2.076859672560688e-16,9.207091796416545e-16,7.477485213697069e-16,6.335310870183453e-16
2041,0.11,0.9999999999999991,7.771561172376096e-16,0.0,0.0,0.0,6.938893903907228e-17
2041,0.12,1.0,1.1102230246251565e-16,0.0,0.0,5.898059818321144e-17,0.0
2041,0.13,1.0,2.220446049250313e-16,1.5612511283791264e-16,0.0,1.1102230246251565e-16,0.0
2041,0.14,1.0,0.0,0.0,0.0,4.163336342344337e-17,6.071532165918825e-17
2041,0.15000000000000002,0.9999999999999996,5.551115123125783e-16,5.0523821237824507e-17,0.0,0.0,0.0
2041,0.16,1.0,0.0,5.551115123125783e-17,8.326672684688674e-17,2.7755575615628914e-17,0.0
2041,0.17,1.0,0.0,0.0,1.1102230246251565e-16,8.326672684688674e-17,5.551115123125783e-17
2041,0.18000000000000002,0.9999999999991269,8.790041491369111e-13,0.0,0.0,0.0,4.6972212089987225e-18
2041,0.19,1.0,1.3021000990298903e-13,2.914110046882788e-16,9.40668440310098e-16,7.260610989905921e-16,0.0
2041,0.2,0.9999999999999966,3.941291737419306e-15,1.3877787807814457e-17,0.0,0.0,0.0
2041,0.21000000000000002,0.999999999999998,1.6653345369377348e-15,4.228388472693467e-18,5.551115123125783e-17,8.326672684688674e-17,0.0
2041,0.22,0.3941338331532019,0.6058661668467981,4.6227670129350695e-17,1.7161565137729928e-16,3.7886089664790346e-17,0.0
2041,0.23,0.25382448449686257,0.7461755155031374,5.4834536985479395e-17,0.0,0.0,0.0
2041,0.24000000000000002,0.2528734438212545,0.7471265561787458,0.0,0.0,3.5128150388530344e-17,3.426078865054194e-17
2041,0.25,0.2550692207743862,0.7449307792256165,0.0,0.0,0.0,0.0
2041,0.26,0.254286987826906,0.7457130121730942,4.96564594998361e-17,0.0,0.0,2.8189256484623115e-18
2041,0.27,0.2542913815658664,0.7457086184341336,0.0,0.0,0.0,7.902549173259892e-17
2041,0.28,0.25399156999248557,0.7460084300075144,1.235990476633475e-17,4.141652298894627e-17,1.5937771935536915e-17,3.2526065174565133e-19
2041,0.29000000000000004,0.253876497887918,0.746123502112082,5.273828678866331e-17,4.217655765161109e-18,1.0765064238696926e-16,4.656802365444884e-19
2041,0.3,0.2534133113436615,0.7465866886563386,0.0,0.0,7.112366251504909e-17,2.6020852139652106e-17
2041,0.31,0.2530861257956599,0.7469138742043401,3.5344990823027445e-17,0.0,3.469446951953614e-17,4.163336342344337e-17
2041,0.32,0.2540507074716728,0.7459492925283272,6.454583596497103e-17,0.0,0.0,4.284197394736845e-18
2041,0.33,0.25396817693070195,0.7460318230692983,3.469446951953614e-17,0.0,0.0,1.8323016715005025e-17
2041,0.34,0.25421253126713406,0.745787468732866,0.0,0.0,0.0,0.0
2041,0.35000000000000003,0.2541833438465804,0.7458166561534195,0.0,0.0,4.9981720151581754e-17,2.5099280293039428e-17
2041,0.36000000000000004,0.2539524092817834,0.7460475907182166,5.5906981333775774e-18,2.6643568148725054e-21,3.638405610198797e-17,8.461133128311336e-21
2041,0.37,0.2539033050496785,0.7460966949503212,3.122502256758253e-17,2.7755575615628914e-17,1.3877787807814457e-16,4.163336342344337e-17
2041,0.38,0.2540550435840676,0.7459449564159338,9.478610832212522e-18,0.0,5.981309988425903e-17,0.0
2041,0.39,0.2537367117741297,0.7462632882258685,2.667137344314341e-17,1.417594340524797e-17,0.0,0.0
2041,0.4,0.25392240699270313,0.7460775930072969,0.0,4.970730794645096e-17,3.533853219680463e-17,0.0
2041,0.41000000000000003,0.25403385338304935,0.7459661466169505,1.1988600376880211e-18,3.1394878121387418e-18,3.5183915136037624e-17,0.0
2041,0.42000000000000004,0.2535271933903532,0.7464728066096473,0.0,4.597017211338539e-17,0.0,1.452830911130576e-17
2041,0.43,0.25388265520017655,0.7461173447990223,8.754381226942182e-18,0.0,8.024428384942339e-13,0.0
2041,0.44,0.25382655253611075,0.7461734474638895,0.0,0.0,0.0,3.469446951953614e-18
2041,0.45,0.2534694010410866,0.7465305989589152,0.0,1.1771866179934214e-16,7.524462376527646e-20,1.9376378687005505e-17
2041,0.46,0.25404892484318553,0.7459510751568171,8.269971683935423e-17,8.230141905969389e-17,0.0,0.0
2041,0.47000000000000003,0.2538893356743786,0.7461106643256212,0.0,7.554178636792752e-17,1.5398381354725377e-16,3.7947076036992655e-19
2041,0.48000000000000004,0.25361008387928063,0.7463899161207194,1.7428549922704484e-17,0.0,2.2497195079074217e-18,1.3417001884508117e-17
2041,0.49,0.2539721529589006,0.7460278470410994,3.478583366958992e-17,2.1460976386576235e-17,1.0973129688838387e-16,7.46047486124772e-18
2041,0.5,0.25401127768605386,0.7459887223139461,0.0,4.2500725161431774e-17,5.572799166575493e-17,3.361026734705064e-17
2041,0.51,0.2538806725093198,0.7461193274906801,0.0,4.6214117602194626e-17,1.0787811616230769e-16,0.0
2041,0.52,0.25392742726998413,0.7460725727300158,1.1372832268604861e-17,4.058026217149692e-17,1.985574511244991e-17,0.0
2041,0.53,0.2539292597010242,0.7460707402989758,1.9418914821681195e-17,4.0860027395694495e-18,8.722080506029221e-17,6.0558986943902694e-18
2041,0.54,0.2537503446348869,0.7462496553651133,0.0,0.0,0.0,1.5612511283791264e-17
2041,0.55,0.25383362927179803,0.7461663707282019,9.799184527347191e-19,3.9529395602203975e-17,1.7751021296320717e-17,1.5426840358576546e-17
2041,0.56,0.253820661419499,0.7461793385805011,1.8648277366750676e-17,5.561957144850638e-17,0.0,3.133344278483108e-17
2041,0.5700000000000001,0.25392609969976243,0.7460739003002377,0.0,0.0,7.353161056887594e-17,2.4442717395455755e-18
2041,0.5800000000000001,0.2541739115139463,0.7458260884860538,5.2800645800044066e-17,2.791820594150174e-17,0.0,1.2197274440461925e-17
2041,0.59,0.2534023919203685,0.7465976080796317,9.107298248878237e-18,0.0,0.0,1.734723475976807e-17
2041,0.6,0.25413195609419675,0.7458680439058032,0.0,0.0,1.0156263850757963e-16,4.7271214720367993e-17
2041,0.61,0.2541476129168032,0.7458523870831968,0.0,2.1494308069525125e-17,6.033585089881832e-17,2.6834003769016235e-17
2041,0.62,0.2537685525918873,0.7462314474081129,2.0599841277224584e-17,0.0,0.0,0.0
2041,0.63,0.2537772918188684,0.7462227081811315,8.538092108323347e-18,0.0,0.0,1.9868004810796869e-16
2041,0.64,0.24376935066049019,0.6804999864224254,1.3780347808788552e-17,1.4747829520078123e-17,4.909878830084297e-18,0.07573066291678877
2041,0.65,0.23512556046781882,0.6257439643662341,3.876301631154165e-19,5.651151702006309e-18,0.0,0.13913047516634805
2041,0.66,0.2276537914007015,0.5758686306154397,2.8766882878175275e-19,0.0,0.0,0.1964775779847124
2041,0.67,0.22166603009494928,0.5362573132600246,9.389334470278386e-18,2.3086682698400827e-16,0.0,0.24207665664502698
2041,0.68,0.21609279272362145,0.5012935837983844,2.2104063494925246e-18,0.0,1.8640306543095192e-18,0.28261362347855284
2041,0.6900000000000001,0.21144215799625188,0.47065787719744656,0.0,0.0,5.878917102581309e-17,0.3178999648063019
2041,0.7000000000000001,0.207180756858334,0.44367257851735253,1.4862557004697245e-17,0.0,2.5972989838190507e-17,0.349146664624148
2041,0.7100000000000001,0.20343808969209098,0.41973263991534665,0.0,0.0,8.480751451619589e-17,0.3768292703925625
2041,0.72,0.20015600088584562,0.3973213784995806,0.0,9.624130208178413e-18,0.0,0.402522620613926
2041,0.73,0.19707139702361462,0.3783330887868343,0.0,0.0,0.0,0.4245955141895515
2041,0.74,0.1942976310904519,0.3607848986612298,0.0,4.7689703867911085e-17,0.0,0.44491747024831985
2041,0.75,0.19169741563051335,0.3446133707781941,2.513039332176272e-17,8.434374663596284e-17,1.4201816058675102e-16,0.4636892135911504
2041,0.76,0.18967675664901404,0.32967703502248225,4.129068638050284e-18,0.0,0.0,0.4806462083282526
2041,0.77,0.1873597508320855,0.3167612877877894,0.0,0.0,0.0,0.49587896138013987
2041,0.78,0.18569490042771955,0.3038350972083082,0.0,2.866419223017155e-17,0.0,0.5104700023639721
2041,0.79,0.18380526016812035,0.29243100782490444,5.901759301964113e-17,1.7632032507390665e-17,1.9998511156114873e-17,0.523763732007004
2041,0.8,0.18227453982826777,0.28143590463093066,7.596509665507399e-18,2.3456425674097032e-17,0.001421850837747501,0.5348677047030546
2041,0.81,0.1807265265749045,0.2713532890818349,0.0,4.789243313226637e-16,0.005206731720423733,0.542713452622922
2041,0.8200000000000001,0.17940846392833681,0.2617252264349848,4.6690481611182024e-17,0.0,0.008918379378177752,0.54994793025901
2041,0.8300000000000001,0.1781121942450449,0.25271709897773953,1.9186233757854994e-17,0.0,0.012091799550631527,0.557078907226584
2041,0.8400000000000001,0.1770525548656915,0.2442121535072884,0.0,0.0,0.015813630047350206,0.5629216615797109
2041,0.85,0.17588057995267678,0.23623759985993742,0.0,0.0,0.01885598719222592,0.5690258329944234
2041,0.86,0.17481143995264256,0.2288856054457294,0.0,3.648336977545681e-17,0.021311442258864697,0.5749915123427092
2041,0.87,0.1738420565008428,0.22197450420442294,2.3970024249219253e-17,1.6536418122938531e-16,0.024132783325344354,0.5800506559693899
2041,0.88,0.17287310847906978,0.2155137571223397,0.0,0.0,0.02650096407423789,0.5851121703243738
2041,0.89,0.1720500219605735,0.20915240142576622,5.758316253923741e-17,2.104066213629868e-16,0.02880360211681469,0.5899939744968568
2041,0.9,0.17129662845224972,0.20306725462700645,0.0,0.0,0.030610875990087126,0.5950252409306576
2041,0.91,0.17048185455006232,0.1976719850069755,0.0,2.969121407505632e-23,0.033479790473705806,0.5983663699691416
2041,0.92,0.0,0.0,0.0,0.0,0.0,1.0
2041,0.93,0.0,0.0,0.0,0.0,0.0,1.0
2041,0.9400000000000001,0.0,0.0,0.0,0.0,0.0,1.0
2041,0.9500000000000001,0.0,0.0,0.0,0.0,0.0,1.0
2041,0.9600000000000001,0.0,0.0,0.0,0.0,0.0,1.0
2041,0.97,0.0,0.0,0.0,0.0,0.0,1.0
2041,0.98,0.0,0.0,0.0,0.0,0.0,1.0
2041,0.99,0.0,0.0,0.0,0.0,0.0,1.0
2041,1.0,0.0,0.0,0.0,0.0,0.0,1.0
2042,0.01,1.0,0.0,0.0,4.9733913156683126e-17,0.0,5.3167582969522986e-18
2042,0.02,0.9999999999999996,3.083248603448799e-16,0.0,0.0,1.9309984675024564e-16,3.427702980420202e-16
2042,0.03,0.9999999999996935,3.4828436970451887e-13,0.0,7.942907467276168e-16,0.0,0.0
2042,0.04,1.0,4.2232508407257094e-14,0.0,1.0403792440411537e-16,0.0,2.571759874959558e-16
2042,0.05,1.0,0.0,5.30825383648903e-16,2.636779683484747e-16,1.0547118733938987e-15,1.3183898417423734e-15
2042,0.060000000000000005,0.9999999999999999,0.0,0.0,1.3183898417423734e-16,8.326672684688674e-17,2.636779683484747e-16
2042,0.06999999999999999,1.0,0.0,2.0122792321330962e-16,4.336808689942018e-17,0.0,0.0
2042,0.08,1.0,0.0,2.2724877535296173e-16,0.0,9.454242944073599e-17,1.7780915628762273e-16
2042,0.09,1.0,3.3306690738754696e-16,0.0,0.0,8.326672684688674e-17,0.0
2042,0.09999999999999999,1.0,0.0,8.326672684688674e-17,1.249000902703301e-16,0.0,4.163336342344337e-17
2042,0.11,1.0,0.0,0.0,0.0,0.0,0.0
2042,0.12,0.9999999999999998,2.7755575615628914e-16,0.0,5.551115123125783e-17,0.0,0.0
2042,0.13,1.0,0.0,0.0,0.0,2.7755575615628914e-17,0.0
2042,0.14,0.9999999999999987,1.3836833103070221e-15,0.0,2.758814102475838e-17,7.358545789712531e-18,5.829571910579714e-19
2042,0.15000000000000002,1.0,0.0,7.890650828386498e-16,1.126123950627488e-16,3.4351347060515265e-16,7.538609112431034e-16
2042,0.16,0.9999999999999999,1.2540195729157828e-16,1.6923654758669877e-16,0.0,9.725420542137063e-18,0.0
2042,0.17,0.9999999999999949,5.25343132304389e-15,0.0,0.0,0.0,8.898081110906425e-18
2042,0.18000000000000002,0.9999999999999989,1.1657341758564144e-15,3.0357660829594124e-18,6.938893903907228e-17,0.0,0.0
2042,0.19,1.0,0.0,0.0,4.163336342344337e-17,2.7755575615628914e-17,1.3877787807814457e-17
2042,0.2,1.0,0.0,9.71445146547012e-17,0.0,0.0,0.0
2042,0.21000000000000002,0.999999999999904,9.722862502636355e-14,0.0,0.0,0.0,0.0
2042,0.22,1.0,0.0,9.71445146547012e-17,0.0,2.5722696542218593e-17,0.0
2042,0.23,0.2995133452345091,0.7004866547654907,7.632783294297951e-17,5.898059818321144e-17,0.0,4.7271214720367993e-17
2042,0.24000000000000002,0.25488149218398726,0.7451185078160212,6.488640305904404e-17,1.2262072460926879e-17,2.3888870211413032e-17,1.8077835087488387e-16
2042,0.25,0.25412247463033416,0.7458775253696539,2.1310467100837033e-18,0.0,4.991506984108075e-18,0.0
2042,0.26,0.25534436752527556,0.7446556324747247,5.620832442916022e-17,0.0,0.0,0.0
2042,0.27,0.25521583639244816,0.7447841636075524,0.0,0.0,0.0,0.0
2042,0.28,0.2537292835899165,0.7462707164100789,0.0,0.0,0.0,1.1588859440362417e-16
2042,0.29000000000000004,0.2558497933605715,0.7441502066394328,2.4629261710608016e-16,0.0,1.143189546932294e-16,0.0
2042,0.3,0.25389439455538476,0.7461056054446177,0.0,0.0,0.0,1.5100050767965146e-17
2042,0.31,0.2548243937859042,0.7451756062140934,0.0,1.2004338943248445e-17,0.0,0.0
2042,0.32,0.2540339887148111,0.7459660112851877,3.3664723110545382e-18,4.608463035146919e-17,3.4504679430724064e-18,7.01188823229341e-18
2042,0.33,0.2536212054616321,0.746378794538368,7.45931094670027e-17,0.0,0.0,3.642919299551295e-17
2042,0.34,0.2545452404812393,0.7454547595187612,0.0,3.8601698928476e-17,0.0,0.0
2042,0.35000000000000003,0.2540407794794729,0.7459592205205275,2.2651394792686307e-20,4.0151410099407e-18,1.1857179762533354e-18,1.1845921082785344e-17
2042,0.36000000000000004,0.2536279023284114,0.7463720976716017,5.82173783163224e-19,4.0569202022895674e-17,5.982486418546736e-18,2.4605702364699118e-17
2042,0.37,0.2531364561888802,0.74686354381112,2.222614453595284e-17,2.3852447794681098e-17,0.0,0.0
2042,0.38,0.2537689072462403,0.7462310927537722,1.9317861254253417e-18,0.0,1.0465302083191938e-17,0.0
2042,0.39,0.25370113679761025,0.7462988632023789,9.684678866369701e-17,0.0,4.947251168308122e-17,0.0
2042,0.4,0.25402594258650163,0.7459740574135884,7.297748971117467e-17,0.0,5.574543525051245e-17,2.2804658598728787e-16
2042,0.41000000000000003,0.25415337789157944,0.7458466221084205,2.0645583983820203e-17,3.427555016678674e-17,0.0,1.2154715030532496e-16
2042,0.42000000000000004,0.2538561526853929,0.7461438473146025,0.0,5.853227691220959e-18,2.4355948777135637e-17,0.0
2042,0.43,0.2543814081208723,0.745618591879121,2.5965231933652673e-17,0.0,4.9836367423428724e-17,2.1238754430446916e-17
2042,0.44,0.25443481610222174,0.7455651838977781,7.88471544795867e-17,4.912508774423821e-17,0.0,0.0
2042,0.45,0.25412122722553504,0.7458787727744725,4.140093556517158e-18,0.0,0.0,0.0
2042,0.46,0.2538643888182538,0.7461356111817461,1.0028870095490916e-17,0.0,0.0,2.087089182034596e-16
2042,0.47000000000000003,0.2536900512021592,0.7463099487978407,0.0,4.245329131638553e-17,5.989207842635097e-17,1.3652477043844813e-17
2042,0.48000000000000004,0.2538478170611584,0.7461521829388417,0.0,2.659539562110423e-19,2.209614850974366e-17,1.7742955232855596e-17
2042,0.49,0.2537480996947912,0.7462519003052088,0.0,4.1638750023592316e-17,0.0,1.2702106077025488e-17
2042,0.5,0.25432568889070345,0.7456743111092987,0.0,7.929893217741675e-18,3.359803007301534e-17,0.0
2042,0.51,0.25408207949182426,0.7459179205081775,0.0,1.2531667166170162e-17,0.0,1.864009936290661e-16
2042,0.52,0.2539610007660521,0.7460389992339478,3.506505539898805e-17,5.0029451646513934e-18,0.0,6.314430079153755e-17
2042,0.53,0.2538745159907988,0.7461254840092013,0.0,8.971772977317549e-18,1.599198204416119e-17,4.434386885465713e-17
2042,0.54,0.2537116463733452,0.7462883536266548,1.9949319973733282e-17,0.0,0.0,1.214306433183765e-16
2042,0.55,0.25370821012745004,0.7462917898725498,7.589415207398531e-17,0.0,0.0,2.8189256484623115e-17
2042,0.56,0.2541129055333749,0.7458870944666253,1.3010426069826053e-17,2.9815559743351372e-18,0.0,0.0
2042,0.5700000000000001,0.25402106884617215,0.7459789311538279,3.209238430557093e-17,0.0,6.938893903907228e-18,0.0
2042,0.5800000000000001,0.25433878450861586,0.7456612154913842,0.0,0.0,0.0,0.0
2042,0.59,0.25419808831989527,0.7458019116801048,1.0191500421363742e-17,8.673617379884035e-18,1.214306433183765e-17,0.0
2042,0.6,0.25396168759745574,0.7460383124025443,1.6143487065471424e-22,0.0,1.4250688816325095e-17,1.4703623614379343e-17
2042,0.61,0.25392748070930166,0.7460725192906951,0.0,0.0,6.545370150172137e-19,5.426358409398956e-17
2042,0.62,0.2538805880746312,0.7461194119253723,5.532401826225415e-17,8.333597533088398e-18,1.4655845249559386e-17,0.0
2042,0.63,0.25394459855069584,0.7460554014493074,5.166631773774905e-18,3.407453126756473e-17,2.3539347223005794e-17,0.0
2042,0.64,0.24610753540817573,0.6921609972019249,9.889256256842808e-18,3.3249412114982205e-18,6.234129957304944e-19,0.06173146852263835
2042,0.65,0.23640020715529694,0.6358872060424086,1.1541198693727644e-17,0.0,7.883812631013853e-18,0.12771258680236555
2042,0.66,0.22857990744770806,0.5848584894639088,1.7566576544214557e-17,0.0,1.5182836922633753e-17,0.18656160308838443
2042,0.67,0.2223349016414135,0.5417320091686413,2.9949833904235574e-18,2.131315106928022e-17,0.0,0.23593308919046357
2042,0.68,0.21674195540289204,0.5049469736966621,2.5939519363353217e-17,2.996650085848637e-22,0.0,0.2783110709004673
2042,0.6900000000000001,0.21163886537187337,0.4736071666911749,0.0,5.412135214454828e-18,8.125177463850682e-17,0.3147539679374702
2042,0.7000000000000001,0.20731732717491136,0.444933503679512,0.0,0.0,1.2743035139170734e-16,0.34774916914603954
2042,0.7100000000000001,0.20358477434330466,0.41988450875575517,0.0,3.183017652479582e-17,0.0,0.3765307169009389
2042,0.72,0.20005899910328948,0.3975115132736289,5.1941316336978163e-20,0.0,0.0,0.4024294876225888
2042,0.73,0.19690183553296373,0.3774918706064792,0.0,6.822479347929871e-18,1.3346448553306051e-16,0.42560629386048104
2042,0.74,0.19415385680222583,0.3590396156836518,1.5211392118087045e-17,0.0,1.3982110829813172e-16,0.4468065275141223
2042,0.75,0.1915046559411029,0.34299345360145644,0.0,0.0,1.2255118770004354e-16,0.46550189045710283
2042,0.76,0.18934011159765626,0.3278921170750432,6.758389696313727e-17,0.0,0.0,0.48276777132781284
2042,0.77,0.18719913463644777,0.3140833664702369,0.0,0.0,0.0,0.4987174988933157
2042,0.78,0.1853242356578597,0.3014834609407458,2.169179266951223e-17,0.0,0.0,0.5131923034016458
2042,0.79,0.18335675424569045,0.2898321352001831,2.167458047294948e-17,2.272216179230289e-17,0.0,0.5268111105541259
2042,0.8,0.18186374728831067,0.27864109192355463,1.0007191733738038e-16,0.0,0.0021450999309688815,0.5373500608571846
2042,0.81,0.18029400574488977,0.26834628218216094,0.0,0.0,0.006050723391968533,0.5453089886809243
2042,0.8200000000000001,0.17903773621608765,0.2585066320456529,9.070406293587367e-18,9.03854846038842e-20,0.010175649098669292,0.5522799826393894
2042,0.8300000000000001,0.17772006024248987,0.2495114445937087,0.0,9.461580567573673e-18,0.013319882967954782,0.5594486121959096
2042,0.8400000000000001,0.17658127452175967,0.24095177453644823,1.0862019017909957e-17,0.0,0.017270564507989965,0.5651963864338021
2042,0.85,0.17536868098586908,0.23299045445937464,0.0,0.0,0.019595876883556834,0.5720449876711847
2042,0.86,0.17429657441420926,0.225466942794334,0.0,0.0,0.02255946729748673,0.5776770154940087
2042,0.87,0.173420884409466,0.2183967175639404,0.0,0.0,0.02511853753246136,0.5830638604943031
2042,0.88,0.17246764656794739,0.21186549591605391,1.5665860276397913e-17,0.0,0.028086458380572683,0.5875803991354324
2042,0.89,0.17157854361840347,0.20555017464349185,1.0034791756138457e-17,0.0,0.029845104773592313,0.5930261769645121
2042,0.9,0.17077031628309786,0.19967401729231593,3.143259478273754e-17,0.0,0.032512630647172316,0.597043035777292
2042,0.91,0.1699762360370149,0.1942020115287278,0.0,0.0,0.03479129817539108,0.6010304542589794
2042,0.92,0.0,0.0,0.0,0.0,0.0,1.0
2042,0.93,0.0,0.0,0.0,0.0,0.0,1.0
2042,0.9400000000000001,0.0,0.0,0.0,0.0,0.0,1.0
2042,0.9500000000000001,0.0,0.0,0.0,0.0,0.0,1.0
2042,0.9600000000000001,0.0,0.0,0.0,0.0,0.0,1.0
2042,0.97,0.0,0.0,0.0,0.0,0.0,1.0
2042,0.98,0.0,0.0,0.0,0.0,0.0,1.0
2042,0.99,0.0,0.0,0.0,0.0,0.0,1.0
2042,1.0,0.0,0.0,0.0,0.0,0.0,1.0
2043,0.01,0.9999999999999961,2.0100695400889007e-15,1.425829230726656e-15,0.0,7.442981593291789e-17,4.071075289098227e-16
2043,0.02,1.0,0.0,6.732293698872144e-16,5.324998822045411e-16,0.0,1.577282942147309e-15
2043,0.03,1.0,0.0,1.7897954247430458e-13,9.866112132340851e-14,6.484324916560116e-14,2.399640289695154e-13
2043,0.04,0.9999999999999994,2.703393064962256e-13,4.163336342344337e-16,0.0,2.220446049250313e-16,4.85722573273506e-16
2043,0.05,0.9999999999999971,2.0298337345212287e-15,3.620012393643017e-16,5.962333027584115e-16,3.2638980782400785e-17,0.0
2043,0.060000000000000005,0.9999999999999617,4.440837464875528e-14,0.0,0.0,2.639714652646983e-17,0.0
2043,0.06999999999999999,1.0,0.0,1.6062537689659514e-15,1.4856735452790521e-15,0.0,1.681455689386702e-15
2043,0.08,1.0,0.0,1.066862137505788e-15,6.277746572092621e-16,0.0,5.832325826449474e-16
2043,0.09,0.9999999999999969,3.1297621761491694e-15,3.60946149813475e-17,0.0,7.442031474576283e-17,4.512610378144648e-17
2043,0.09999999999999999,0.9999999999999986,1.3246528033543717e-15,6.307684951613324e-17,0.0,1.5765527785712753e-16,1.5930148639011626e-17
2043,0.11,1.0,0.0,1.1748685791596047e-16,8.454108791603084e-17,1.4310621643861404e-17,2.9486910959816703e-17
2043,0.12,0.9999999999999999,3.3306690738754696e-16,0.0,0.0,0.0,0.0
2043,0.13,0.9999999999999999,5.551115123125783e-17,0.0,1.2923689896027213e-16,0.0,0.0
2043,0.14,0.9999999999999999,4.440892098500626e-16,0.0,0.0,0.0,0.0
2043,0.15000000000000002,0.9999999999999998,4.440892098500626e-16,0.0,0.0,0.0,0.0
2043,0.16,0.9999999999999998,2.220446049250313e-16,7.632783294297951e-17,0.0,1.8214596497756474e-17,0.0
2043,0.17,0.9999999999999946,5.67296573596732e-15,0.0,0.0,6.487348580659841e-17,0.0
2043,0.18000000000000002,0.9999999999999962,3.918728897286819e-15,0.0,0.0,2.4573272832794507e-17,2.1905044933560576e-16
2043,0.19,0.9999999999999996,0.0,3.3644897594267415e-16,3.977396314963951e-17,8.782821578237648e-17,1.4029160867294926e-16
2043,0.2,1.0,0.0,5.1665621650723303e-17,1.0653133377617335e-17,2.4640611952101224e-17,3.79758751571993e-17
2043,0.21000000000000002,1.0,0.0,1.8735013540549517e-16,0.0,0.0,9.020562075079397e-17
2043,0.22,1.0,0.0,2.220446049250313e-16,0.0,0.0,4.163336342344337e-17
2043,0.23,0.9999999999999741,2.5850181115299453e-14,9.465063789974772e-18,4.5744702530738134e-17,0.0,6.63989127352646e-17
2043,0.24000000000000002,0.9999999999999962,3.885780586188048e-15,0.0,0.0,1.3877787807814457e-17,0.0
2043,0.25,0.2541092933590997,0.7458907066409002,6.557002699291917e-17,5.124549575965777e-17,4.758510320539651e-17,3.2785013496459587e-18
2043,0.26,0.2565900549209278,0.7434099450790864,0.0,1.6704405292470625e-17,2.781410068606918e-17,0.0
2043,0.27,0.2545597225230861,0.7454402774769143,0.0,0.0,9.64939933512099e-18,3.903127820947816e-17
2043,0.28,0.25435531674069944,0.7456446832593008,0.0,0.0,0.0,0.0
2043,0.29000000000000004,0.25580120209446294,0.7441987979055372,3.372845784687845e-17,0.0,0.0,0.0
2043,0.3,0.2535432115276468,0.7464567884723684,0.0,0.0,0.0,4.183113830124871e-17
2043,0.31,0.2538916739384579,0.7461083260615419,2.8056668479718815e-17,9.909419558544586e-17,4.8035436409607585e-17,3.9976816018139474e-17
2043,0.32,0.25383435911940855,0.7461656408805853,0.0,2.0911444677032767e-17,3.4067268207388414e-17,0.0
2043,0.33,0.2544203628141758,0.7455796371858205,0.0,3.224463847783989e-17,7.701223556436099e-18,0.0
2043,0.34,0.25390055573391357,0.7460994442660891,1.1432834063461336e-21,5.545239532668188e-18,0.0,0.0
2043,0.35000000000000003,0.25489260546993275,0.7451073945300651,0.0,4.6791517079807953e-17,0.0,1.130091033413529e-17
2043,0.36000000000000004,0.25463635878001895,0.7453636412199812,0.0,5.854691731421724e-18,5.4643789493269423e-17,0.0
2043,0.37,0.25389086141084494,0.7461091385891551,0.0,4.819278656698067e-17,2.688821387764051e-17,0.0
2043,0.38,0.25390414930624683,0.7460958506937532,6.624475273886432e-17,3.415236843329339e-17,0.0,5.664956351236761e-17
2043,0.39,0.2540328838509345,0.7459671161490655,1.7988748751397616e-17,1.9378143863775506e-17,7.99043657858431e-18,0.0
2043,0.4,0.25344454500041136,0.7465554549995865,1.5532949280746386e-16,1.2847352842433283e-16,3.540644949779001e-17,1.4604440056674006e-16
2043,0.41000000000000003,0.2541415577229073,0.7458584422770848,0.0,2.4274228998479476e-21,0.0,8.587073761130218e-17
2043,0.42000000000000004,0.2545065155816019,0.7454934844183977,2.762759952521063e-16,1.7402027203543583e-17,3.63897212601709e-16,0.0
2043,0.43,0.2539525707499768,0.7460474292500363,1.6534083130403943e-17,1.577514160966409e-17,8.321251673826247e-18,0.0
2043,0.44,0.2538905179671412,0.7461094820328743,0.0,0.0,3.417083438097628e-17,0.0
2043,0.45,0.25373728188428946,0.7462627181157105,5.095961467440438e-17,1.7678114003512746e-17,0.0,0.0
2043,0.46,0.2536244298331775,0.7463755701668106,1.1778009271286514e-17,0.0,1.3319713214477278e-17,0.0
2043,0.47000000000000003,0.2540838699102201,0.745916130089791,7.251015463706723e-18,0.0,1.0760567308001213e-17,4.994360686135549e-18
2043,0.48000000000000004,0.2538553060134931,0.7461446939865153,0.0,0.0,0.0,0.0
2043,0.49,0.2539177847025244,0.7460822152974852,0.0,3.6640616770793775e-17,0.0,0.0
2043,0.5,0.2548564046631389,0.7451435953368613,0.0,3.165870343657673e-17,0.0,0.0
2043,0.51,0.25400412078470586,0.7459958792152924,0.0,0.0,1.2844868442238282e-17,7.297214883860396e-18
2043,0.52,0.2536633696103144,0.7463366303896857,0.0,0.0,0.0,0.0
2043,0.53,0.2538956053134071,0.7461043946865952,0.0,0.0,2.4723446657132007e-17,0.0
2043,0.54,0.253878661360223,0.7461213386397756,0.0,0.0,6.419756674634811e-19,5.816801665698446e-17
2043,0.55,0.2539053077808711,0.7460946922191288,2.243406737748353e-17,5.19536914155235e-17,2.455142873520813e-18,5.5201523766449135e-17
2043,0.56,0.2538779773791313,0.7461220226208688,3.3989230614007576e-17,6.848790112766722e-19,2.949835037879173e-17,7.80316401817721e-19
2043,0.5700000000000001,0.25373611879417485,0.746263881205825,1.2804427657053807e-16,3.220080452281948e-17,0.0,8.673617379884035e-18
2043,0.5800000000000001,0.2536889973588865,0.7463110026411135,4.716279450311944e-17,1.8756697583999227e-17,0.0,1.951563910473908e-17
2043,0.59,0.25408791646976525,0.7459120835302349,0.0,4.9873299934333204e-17,2.168404344971009e-19,6.537739100087592e-17
2043,0.6,0.25340941904574227,0.7465905809542579,0.0,0.0,2.3310346708438345e-17,0.0
2043,0.61,0.2534482024574029,0.7465517975425972,1.5178830414797062e-17,0.0,8.782037597132586e-18,0.0
2043,0.62,0.2537796843304941,0.7462203156695059,8.505566043148782e-17,2.2307459698889254e-17,6.667843360785852e-18,0.0
2043,0.63,0.253752847173933,0.746247152826067,3.808454683735407e-17,2.4147215260325594e-17,0.0,9.215040839768984e-17
2043,0.64,0.2543663740853843,0.7456336259146156,2.871536982398644e-17,2.585711008303601e-17,7.571563988035147e-17,0.0
2043,0.65,0.254029161283381,0.745970838716619,1.9220253329664636e-17,0.0,0.0,6.326763540761821e-17
2043,0.66,0.2537994427392631,0.7462005572607433,0.0,0.0,0.0,4.5278356195956637e-17
2043,0.67,0.2538787174479366,0.7456139380915654,0.0,0.0,2.059834095328514e-17,0.0005073444603327711
2043,0.68,0.24323184089831032,0.6786952553641091,0.0,2.799278966370956e-17,0.0,0.07807290373760649
2043,0.6900000000000001,0.23482287169880112,0.6224997028175351,0.0,1.486494189219599e-18,0.0,0.1426774254836644
2043,0.7000000000000001,0.227488700811247,0.5753830868062784,1.3798564931972182e-18,0.0,0.0,0.19712821238243977
2043,0.7100000000000001,0.22142427451560404,0.5352156168142005,0.0,1.5029761722783856e-17,0.0,0.2433601086700065
2043,0.72,0.215983898692216,0.5003214543938235,0.0,0.0,0.0,0.28369464691375085
2043,0.73,0.21119638571513563,0.469773187546964,3.930516346674124e-17,0.0,0.0,0.3190304267376755
2043,0.74,0.20711529577223692,0.4423487114393055,0.0,2.263201696521975e-16,0.0,0.3505359927884562
2043,0.75,0.20320093959273675,0.41866699733988255,0.0,0.0,0.0,0.3781320630673812
2043,0.76,0.19989225519804302,0.39669152816873887,3.767938405016382e-17,3.913966867163616e-17,1.0269681256952852e-23,0.4034162182150589
2043,0.77,0.1968756286206556,0.3769290930360281,4.997882998463211e-16,0.0,5.95624904983068e-17,0.42619527834331555
2043,0.78,0.19416528468171868,0.3592436493215083,1.1263331435704268e-18,1.5784191766896638e-17,0.0,0.4465910659968222
2043,0.79,0.19167250185741888,0.34325267016067723,0.0,3.3454164716981774e-17,6.577122595937798e-17,0.4650748279827204
2043,0.8,0.18942283640790306,0.3285247032552754,6.429241376015645e-17,0.0,0.0,0.4820524603368438
2043,0.81,0.187345537362984,0.31496576537638726,0.0,0.0,0.0,0.4976886972608392
2043,0.8200000000000001,0.18538735611517987,0.3027441861143688,0.0,0.0,0.0,0.511868457770504
2043,0.8300000000000001,0.1836169220517905,0.2911021463610296,0.0,0.0,0.0,0.5252809315867093
2043,0.8400000000000001,0.1818969160114344,0.28006298337210705,3.868091754981785e-16,0.0,0.0015622530177278097,0.536477847598731
2043,0.85,0.18058940804035845,0.26973483151467387,8.597379643493567e-17,7.014612618949301e-18,0.006052772466149603,0.543622987978823
2043,0.86,0.17919368984723488,0.2601039628760958,0.0,0.0,0.009631369551617067,0.5510709777251077
2043,0.87,0.1779089716695935,0.25111240926379563,1.6421103659055122e-16,0.0,0.013065063358872513,0.5579135557077101
2043,0.88,0.17670102640217256,0.2426068471397757,3.7406043160842346e-22,4.0029812035430324e-23,0.016309301403233962,0.5643828250560298
2043,0.89,0.1755734312989045,0.23475886561201056,0.0,0.0,0.019062302363594914,0.5706054007256205
2043,0.9,0.1745888095283703,0.22720145781316323,0.0,0.0,0.021808438099086436,0.5764012945594549
2043,0.91,0.17362078827437913,0.2202203272462063,1.5520871987041145e-17,1.433225176432962e-16,0.025066847745844317,0.5810920367343957
2043,0.92,0.17268435393307702,0.21360604981262507,0.0,0.0,0.027293952894083342,0.5864156433602705
2043,0.93,0.17178112088006126,0.20737552558769698,1.2794848241701554e-15,2.8326193797349753e-16,0.029750018861781708,0.591093334670416
2043,0.9400000000000001,0.17092672211025886,0.20151314360599948,3.2667538815648024e-16,0.0,0.03161385875997277,0.5959462755231448
2043,0.9500000000000001,0.17024332970964712,0.19582177156696698,2.277789078918356e-16,5.755893211849966e-17,0.03393396448718831,0.6000009342362205
2043,0.9600000000000001,0.0,0.0,0.0,0.0,0.0,1.0
2043,0.97,0.0,0.0,0.0,0.0,0.0,1.0
2043,0.98,0.0,0.0,0.0,0.0,0.0,1.0
2043,0.99,0.0,0.0,0.0,0.0,0.0,1.0
2043,1.0,0.0,0.0,0.0,0.0,0.0,1.0
2044,0.01,3.744102094577706e-16,1.0,6.183823549740812e-17,3.8665361198001585e-17,5.3464779037849835e-18,0.0
2044,0.02,0.0,1.0,1.1888416147635468e-13,4.60910024221024e-15,2.328615152993738e-14,1.06695504643219e-14
2044,0.03,3.4438551170386627e-16,0.9999999999999996,0.0,0.0,3.7734372591232873e-17,1.6394387738937463e-16
2044,0.04,1.2058292159519692e-13,1.0,6.231806278156551e-17,0.0,5.198328475194023e-17,1.7675819850395573e-18
2044,0.05,2.763606246932515e-13,0.9999999999999969,1.277173973331288e-16,0.0,0.0,0.0
2044,0.060000000000000005,3.1319817090241107e-12,0.9999999999969736,0.0,0.0,0.0,0.0
2044,0.06999999999999999,0.0,1.0,5.493087515226431e-13,0.0,0.0,0.0
2044,0.08,1.1030948674560533e-12,0.9999999999989572,0.0,1.357114599904064e-15,5.800783642982704e-15,4.776297928553338e-15
2044,0.09,0.0,1.0,4.8079096904827693e-14,0.0,0.0,0.0
2044,0.09999999999999999,6.87591564458006e-14,0.9999999999999736,8.139208512406174e-17,0.0,0.0,0.0
2044,0.11,0.0,1.0,0.0,0.0,2.3899049028157076e-16,1.2402703846030553e-16
2044,0.12,0.0,1.0,1.0547013293226305e-15,0.0,0.0,0.0
2044,0.13,6.108631165416823e-15,0.9999999999999946,2.9473873978147287e-16,0.0,0.0,0.0
2044,0.14,2.4278046375242487e-11,0.9999999999759783,0.0,1.9313938219503847e-14,4.504180764487088e-14,3.4798966756629043e-14
2044,0.15000000000000002,1.5524877154271413e-11,0.9999999999843977,1.0135518870385226e-13,0.0,0.0,0.0
2044,0.16,0.2553093104378698,0.7446906895621286,0.0,2.7298143082525864e-17,0.0,0.0
2044,0.17,1.0,0.0,0.0,0.0,1.1102230246251565e-16,7.654467337747661e-17
2044,0.18000000000000002,0.9999999999999951,4.9960036108132044e-15,2.498001805406602e-16,0.0,0.0,0.0
2044,0.19,0.9999999999999987,8.881784197001252e-16,4.440892098500626e-16,0.0,0.0,0.0
2044,0.2,0.9999999999999996,1.2212453270876722e-15,0.0,0.0,2.220446049250313e-16,2.0816681711721685e-16
2044,0.21000000000000002,1.0,0.0,0.0,1.3877787807814457e-16,0.0,2.7755575615628914e-17
2044,0.22,1.0,0.0,3.642919299551295e-16,3.469446951953614e-17,0.0,0.0
2044,0.23,1.0,0.0,8.534839501805891e-16,3.469446951953614e-18,0.0,0.0
2044,0.24000000000000002,1.0,0.0,6.106226635438361e-16,0.0,0.0,0.0
2044,0.25,0.3031589597206026,0.6968410402793976,7.347807529523714e-16,0.0,0.0,0.0
2044,0.26,0.2549492391168099,0.7450507608831898,4.3027721751569603e-16,5.603516403591551e-17,4.380176776841438e-17,0.0
2044,0.27,0.25331378382167663,0.7466862161783241,2.1582954485531182e-19,1.564488212957094e-17,4.219107932661084e-17,3.072652925341566e-20
2044,0.28,0.2510837562571531,0.7489162437428452,0.0,0.0,2.3740046280888617e-16,1.4910782749264285e-16
2044,0.29000000000000004,0.255116435191078,0.7448835648089218,1.491862189340054e-16,8.326672684688674e-17,5.811323644522304e-17,0.0
2044,0.3,0.2539299902668091,0.7460700097331909,3.2959746043559335e-17,0.0,0.0,9.71445146547012e-17
2044,0.31,0.2538240548909841,0.7461759451090163,0.0,2.2336524596754495e-17,4.5768237280499754e-17,6.631318513397642e-17
2044,0.32,0.2525978620802746,0.7474021379197252,1.4224732503009818e-16,4.423544863740858e-17,0.0,2.6020852139652106e-18
2044,0.33,0.25411266191712417,0.745887338082876,0.0,0.0,0.0,2.42861286636753e-17
2044,0.34,0.2541302740977737,0.7458697259022262,1.0224026486538307e-16,3.155028321932818e-17,3.61039323437673e-17,2.168404344971009e-17
2044,0.35000000000000003,0.25390452996707075,0.746095470032929,1.5462588293635295e-16,9.240405616917189e-17,0.0,2.4377954516992583e-18
2044,0.36000000000000004,0.25391542372235176,0.7460845762776476,4.796040282371203e-16,1.284314781849342e-16,6.663333360628023e-17,2.275040946337932e-18
2044,0.37,0.2539895722094525,0.7460104277905475,6.060408964052345e-17,0.0,0.0,1.0476669140174052e-17
2044,0.38,0.25324810567812456,0.7467518943218752,4.163336342344337e-16,0.0,0.0,0.0
2044,0.39,0.2527966775253623,0.7472033224746373,2.7885679876327174e-16,4.2717565595928875e-17,4.7704895589362195e-18,2.5153490401663703e-17
2044,0.4,0.2540324101778699,0.74596758982213,0.0,5.551115123125783e-17,3.209238430557093e-17,1.8431436932253575e-17
2044,0.41000000000000003,0.2533422850094597,0.7466577149905401,7.795413620170777e-17,0.0,5.366800753803247e-17,0.0
2044,0.42000000000000004,0.25471923337782326,0.7452807666221769,0.0,0.0,1.0625181290357943e-17,7.621941272573096e-17
2044,0.43,0.25398831869935784,0.7460116813006413,0.0,8.278296301746435e-18,0.0,9.262999957426059e-18
2044,0.44,0.2540827556289835,0.7459172443710165,1.6425662913155392e-16,5.312590645178972e-18,1.3986208025063007e-17,2.2768245622195593e-17
2044,0.45,0.2536704087696044,0.7463295912303956,9.93129189996722e-17,2.813504637599884e-17,0.0,2.2605615296322767e-17
2044,0.46,0.2538111570295616,0.7461888429704386,0.0,8.825405684032006e-17,3.621235256101585e-17,1.6263032587282567e-17
2044,0.47000000000000003,0.2536054297986902,0.7463945702013098,2.2659825404947043e-17,6.570265165262157e-17,5.095750210681871e-18,1.5504091066542713e-17
2044,0.48000000000000004,0.25383782273926425,0.7461621772607359,0.0,5.998348519276053e-17,0.0,0.0
2044,0.49,0.2539729191369234,0.7460270808630769,0.0,0.0,4.981908982570893e-17,9.595189226496714e-18
2044,0.5,0.2537523059301066,0.7462476940698937,1.6340802032367577e-17,0.0,0.0,1.3330654289563021e-18
2044,0.51,0.25350697495879604,0.7464930250412041,0.0,4.640385298237959e-17,0.0,0.0
2044,0.52,0.2539391795794746,0.7460608204205252,2.914335439641036e-16,2.894819800536297e-17,9.107298248878237e-18,0.0
2044,0.53,0.2539938162786098,0.7460061837213905,7.072892980210826e-17,1.949965354572003e-17,3.002032878538075e-18,1.8598881424395157e-17
2044,0.54,0.25375839569265,0.7462416043073494,4.1053315261163625e-16,2.3445871979999033e-17,1.7997756063259374e-17,8.05020113070487e-18
2044,0.55,0.2539175809786197,0.7460824190213818,0.0,5.60290603117031e-17,0.0,0.0
2044,0.56,0.25400546050271466,0.7459945394972854,0.0,0.0,1.748276003132876e-17,0.0
2044,0.5700000000000001,0.25394739143496486,0.7460526085650353,0.0,1.041600223560675e-17,0.0,0.0
2044,0.5800000000000001,0.25380055195121975,0.7461994480487802,4.4994390158148434e-17,9.432558900623889e-18,0.0,0.0
2044,0.59,0.2539592657974266,0.7460407342025734,0.0,2.9341335464546647e-17,2.374024009629274e-17,1.417674299407041e-17
2044,0.6,0.2538966075591074,0.7461033924408925,1.3045662640431832e-16,1.4907779871675686e-17,1.7293024651143796e-17,0.0
2044,0.61,0.2539855041561094,0.7460144958439027,3.8315361439276757e-19,0.0,0.0,4.404963321930458e-19
2044,0.62,0.2539556539688442,0.7460443460311557,2.5608855314107615e-16,2.99781900692242e-17,3.4531839193663316e-17,1.5070410197548512e-17
2044,0.63,0.2539513463498375,0.7460486536501714,3.729655473350135e-17,4.336808689942018e-18,5.377642775528102e-17,8.673617379884035e-18
2044,0.64,0.25329439254759534,0.7467056074524049,0.0,0.0,0.0,0.0
2044,0.65,0.2539844347715294,0.7460155652284722,0.0,2.0138025397733343e-17,2.1953322697832988e-17,0.0
2044,0.66,0.2530674915519433,0.7400642031059596,5.9506798118045145e-18,0.0,2.884685674809786e-17,0.006868305341864624
2044,0.67,0.242699856231233,0.6730198262848481,1.3690402163901993e-16,0.0,0.0,0.08428031748391923
2044,0.68,0.2337347736610091,0.6139674417917017,1.2005182475077327e-16,1.9119843555036718e-18,0.0,0.15229778454729065
2044,0.6900000000000001,0.22620877654469154,0.5673972545160368,0.0,0.0,0.0,0.2063939689392717
2044,0.7000000000000001,0.21994989661219794,0.526505040289001,0.0,0.0,6.564317869901388e-16,0.2535450630989257
2044,0.7100000000000001,0.214520206779847,0.4909289534305179,6.821941426803545e-17,1.4079968566818659e-18,0.0,0.2945508397895565
2044,0.72,0.20956121461180224,0.4598620760077524,0.0,0.0,3.532123298953454e-17,0.3305767093806653
2044,0.73,0.20541240413887735,0.43251259999192465,1.5815514837265122e-16,2.6510053169909578e-17,0.0,0.36207499586919834
2044,0.74,0.20165917992006163,0.4082299860787843,3.883800737501801e-17,4.703622656361694e-18,0.0,0.3901108340011293
2044,0.75,0.1983314340670204,0.38664161325824525,1.1902924802808757e-16,1.410874474325206e-17,0.0,0.41502695267473155
2044,0.76,0.1953557039415768,0.36696095774245374,3.218920683024603e-17,0.0,1.9825812442779245e-16,0.43768333831641204
2044,0.77,0.1925995651974051,0.34923209173030123,1.713253969056793e-16,1.7457330534744924e-17,0.0,0.4581683430718625
2044,0.78,0.19006176532053942,0.3333912318269408,1.7472017454081095e-17,0.0,0.0,0.47654700285252
2044,0.79,0.1878975362779544,0.318723653209327,0.0,0.0,2.1491147764299633e-17,0.4933788105127187
2044,0.8,0.1858182515400941,0.3053830174894844,0.0,2.6616581938404178e-17,0.0,0.5087987309695104
2044,0.81,0.18399959784503242,0.2929573376678219,2.712037528298073e-17,3.877354969356017e-21,5.265197022402439e-17,0.5230430669758364
2044,0.8200000000000001,0.18224525972853164,0.2812861090134101,4.2517989173275463e-20,0.0,0.001344047859938283,0.5351245833981197
2044,0.8300000000000001,0.18060156779505757,0.2703672207338758,7.665672101333596e-25,0.0,0.0057432461134361975,0.5432879653569604
2044,0.8400000000000001,0.17912471625490503,0.2601572563837344,1.6278055179823265e-16,0.0,0.009780911326459614,0.5509371160339364
2044,0.85,0.17792357047738264,0.25044485176415815,2.1076959854351197e-18,1.228023280240341e-18,0.012986834334160618,0.5586447434234451
2044,0.86,0.17661924900739281,0.24174481828024355,0.0,0.0,0.01642550850450103,0.5652104242078592
2044,0.87,0.1755104588751182,0.2333997864062558,1.1596514501857914e-17,0.0,0.019777869112585892,0.571311885605488
2044,0.88,0.17438698503705827,0.2256006896785862,5.578992491147454e-17,4.891375309088931e-17,0.022636136575827522,0.5773761979345359
2044,0.89,0.17335062226664744,0.21833260153057565,1.2663827759916831e-17,3.011367387856303e-17,0.02553488565986683,0.5827818905425429
2044,0.9,0.1724288643343049,0.21128386517084455,2.309986034453463e-16,5.825798312625247e-17,0.027166831937024117,0.58912043855778
2044,0.91,0.17150449246789365,0.2048035260554585,4.430140399324673e-17,0.0,0.03023954038765802,0.5934524410889899
2044,0.92,0.17061903093902098,0.19879345516657637,6.51671487977073e-17,2.562529727737245e-17,0.03326025272707652,0.597327261167476
2044,0.93,0.0,0.0,0.0,0.0,0.0,1.0
2044,0.9400000000000001,0.0,0.0,0.0,0.0,0.0,1.0
2044,0.9500000000000001,0.0,0.0,0.0,0.0,0.0,1.0
2044,0.9600000000000001,0.0,0.0,0.0,0.0,0.0,1.0
2044,0.97,0.0,0.0,0.0,0.0,0.0,1.0
2044,0.98,0.0,0.0,0.0,0.0,0.0,1.0
2044,0.99,0.0,0.0,0.0,0.0,0.0,1.0
2044,1.0,0.0,0.0,0.0,0.0,0.0,1.0
2045,0.01,1.2227208047977674e-13,1.0,3.49932120512451e-15,2.872858106676153e-16,0.0,0.0
2045,0.02,0.0,1.0,0.0,0.0,0.0,0.0
2045,0.03,0.0,1.0,0.0,0.0,0.0,0.0
2045,0.04,2.009869555355175e-15,1.0,6.088614053028807e-17,0.0,3.627337478794342e-17,1.3926263361634205e-17
2045,0.05,0.0,0.9999999999999962,7.826109256351335e-15,4.3287566896495366e-14,5.5688577300531984e-14,4.364716857850492e-14
2045,0.060000000000000005,5.484750377582028e-14,1.0,1.4746481663931095e-14,0.0,0.0,0.0
2045,0.06999999999999999,4.576701443736e-15,0.9999999999999925,8.901953136736341e-15,0.0,0.0,0.0
2045,0.08,1.1288546101488904e-14,0.9999999999999903,0.0,0.0,0.0,0.0
2045,0.09,8.764509097322105e-15,0.9999999999999913,0.0,2.253639682266433e-16,1.4594016104002236e-15,2.0093149873946206e-15
2045,0.09999999999999999,1.6374332716551782e-15,0.9999999999999982,0.0,3.4752067759949434e-17,2.02388093653252e-16,2.6029576579008826e-16
2045,0.11,0.0,1.0,3.47738247150688e-13,4.6574386823790735e-14,0.0,0.0
2045,0.12,0.0,1.0,7.552284909350708e-14,1.246726309543502e-14,0.0,0.0
2045,0.13,1.0703112220850256e-13,0.9999999999998984,0.0,0.0,0.0,2.098161084360263e-16
2045,0.14,2.855378127005658e-16,0.9999999999998453,2.4681056369125576e-16,0.0,0.0,0.0
2045,0.15000000000000002,1.1553212113008117e-13,1.0,0.0,0.0,0.0,0.0
2045,0.16,0.0,1.0,1.4590470741722384e-16,0.0,0.0,4.7961970088853875e-17
2045,0.17,0.0,1.0,0.0,0.0,0.0,0.0
2045,0.18000000000000002,0.9999999999999976,3.6637359812630166e-15,0.0,0.0,0.0,8.673617379884035e-17
2045,0.19,1.0,1.6653345369377348e-16,0.0,3.191891195797325e-16,6.591949208711867e-17,2.3592239273284576e-16
2045,0.2,0.9999999999999926,6.772360450213455e-15,1.1521816487003456e-15,0.0,0.0,9.71445146547012e-17
2045,0.21000000000000002,1.0,3.3306690738754696e-16,0.0,0.0,0.0,0.0
2045,0.22,0.9999999999999973,3.4416913763379853e-15,0.0,0.0,0.0,6.938893903907228e-17
2045,0.23,0.9999999999999959,4.551914400963142e-15,0.0,0.0,0.0,0.0
2045,0.24000000000000002,0.9999999999999988,1.27675647831893e-15,6.938893903907228e-17,0.0,0.0,0.0
2045,0.25,0.9999999999999996,3.3306690738754696e-16,0.0,0.0,0.0,1.214306433183765e-17
2045,0.26,1.0,0.0,5.551115123125783e-17,1.6653345369377348e-16,2.7755575615628914e-17,0.0
2045,0.27,0.9999999999999983,1.4432899320127035e-15,0.0,0.0,7.979727989493313e-17,5.2909066017292616e-17
2045,0.28,0.9999999999999896,1.049160758270773e-14,0.0,0.0,0.0,0.0
2045,0.29000000000000004,0.2514794933553704,0.7485205066446299,0.0,0.0,1.3877787807814457e-17,1.3877787807814457e-17
2045,0.3,0.251487017587404,0.748512982412596,0.0,7.37257477290143e-17,0.0,9.063930161978817e-17
2045,0.31,0.2549684027533155,0.7450315972466843,4.2934406030425976e-17,1.0213184464813452e-16,1.0104764247564901e-16,3.0574501264091225e-17
2045,0.32,0.2583893623503896,0.7416106376496097,1.067848476767183e-16,1.5109440378709702e-16,1.7183780272491928e-16,2.460039021209777e-16
2045,0.33,0.2540001025032502,0.7459998974967497,0.0,8.409120192533172e-17,3.4623519501592864e-17,2.1120747996642312e-16
2045,0.34,0.25164589272436383,0.748354107275637,0.0,1.8819801538569672e-17,4.751932589074205e-18,2.9525959178685127e-16
2045,0.35000000000000003,0.25386367545944627,0.7461363245405538,2.289515723060491e-17,2.457213894225421e-18,0.0,0.0
2045,0.36000000000000004,0.253511504015843,0.7464884959841569,3.946495907847236e-17,5.724587470723463e-17,0.0,7.600257229123386e-17
2045,0.37,0.253829795003827,0.746170204996173,0.0,0.0,0.0,2.548505695853736e-17
2045,0.38,0.2539853848983794,0.7460146151016193,2.3103352930019865e-17,1.818295981281444e-18,0.0,0.0
2045,0.39,0.25401550311041227,0.7459844968895878,5.1942029467843067e-20,4.2148663529991975e-21,3.415280110196928e-18,1.5885362699625364e-17
2045,0.4,0.2540192069897563,0.7459807930102438,0.0,2.824346659324739e-17,3.144186300207963e-18,0.0
2045,0.41000000000000003,0.25257102738420956,0.7474289726157904,7.892991815694472e-17,2.7755575615628914e-17,6.418476861114186e-17,5.377642775528102e-17
2045,0.42000000000000004,0.25423209473022423,0.7457679052697759,0.0,0.0,0.0,4.336808689942018e-18
2045,0.43,0.25293166061436023,0.74706833938564,0.0,0.0,2.6020852139652106e-18,9.107298248878237e-18
2045,0.44,0.2539218539087023,0.7460781460912992,3.0035956268183583e-16,0.0,4.95224732430771e-16,6.77001646440971e-17
2045,0.45,0.2539543505571049,0.7460456494428926,0.0,0.0,3.110390583878963e-17,1.4509367639783814e-17
2045,0.46,0.2536784746381463,0.7463215253618538,0.0,1.7286881893531408e-16,6.7644051167728425e-18,0.0
2045,0.47000000000000003,0.25430359688779824,0.745696403112193,2.144631835910725e-17,3.689887276476546e-17,1.2502418059710287e-17,5.648015692291675e-17
2045,0.48000000000000004,0.2539827590192006,0.7460172409807913,0.0,0.0,1.5598768806734065e-18,2.6032918322477476e-17
2045,0.49,0.2538137298906027,0.7461862701094059,4.3307676244924205e-17,9.036782756019317e-18,3.8433140599818615e-17,1.463829435427326e-16
2045,0.5,0.2538469197274004,0.7461530802725909,0.0,3.394089195285648e-17,0.0,0.0
2045,0.51,0.25424718528425144,0.74575281471574,6.116453630800195e-18,1.1215681501032108e-17,0.0,1.6637565913038513e-19
2045,0.52,0.25380636514235155,0.7461936348576486,0.0,0.0,0.0,0.0
2045,0.53,0.253931065093192,0.7460689349068058,0.0,3.1159153913213917e-19,0.0,1.4600708333212645e-17
2045,0.54,0.2539744880416005,0.7460255119583976,8.861388608395382e-18,0.0,1.8495105327689078e-17,1.087945544581842e-17
2045,0.55,0.2537522200868358,0.7462477799131643,2.9150075863796456e-17,0.0,1.3958303421525068e-17,0.0
2045,0.56,0.2546380723109146,0.7453619276890854,2.6563376742368486e-17,3.311348252348599e-17,0.0,0.0
2045,0.5700000000000001,0.254226983831843,0.7457730161681523,0.0,0.0,0.0,1.4486791239382278e-17
2045,0.5800000000000001,0.2538665156837238,0.7461334843162762,0.0,4.391018798566293e-18,2.585822181377928e-17,1.0207763453951024e-16
2045,0.59,0.2537157215001987,0.7462842784998014,1.0625181290357943e-17,0.0,0.0,1.5178830414797062e-17
2045,0.6,0.25393052525407045,0.7460694747459302,8.733583874337881e-18,4.655323630890568e-17,3.368783894315044e-17,3.5543840773903985e-17
2045,0.61,0.25420434270312675,0.7457956572968736,8.278365336915577e-17,0.0,0.0,0.0
2045,0.62,0.25396114266955044,0.7460388573304496,1.2522535092207576e-17,1.5585406229479126e-17,0.0,0.0
2045,0.63,0.25395010540976926,0.7460498945902323,0.0,0.0,0.0,3.335600675767859e-20
2045,0.64,0.25410444714207286,0.7458955528579272,0.0,8.890457814381136e-18,1.474514954580286e-17,2.1033522146218786e-17
2045,0.65,0.2543136344402859,0.7456863655597141,1.9081958235744878e-17,7.806255641895632e-18,1.214306433183765e-17,7.806255641895632e-18
2045,0.66,0.2540392737426632,0.7459607262573368,0.0,0.0,1.2495430037895439e-17,2.3635607360183997e-17
2045,0.67,0.2537218071235697,0.7462781928764304,2.6020852139652106e-17,1.5612511283791264e-17,2.688821387764051e-17,1.734723475976807e-17
2045,0.68,0.2539847758537646,0.7460152241462353,3.970815363405462e-17,5.588439118847057e-18,1.2297654943968511e-17,1.660465257019422e-18
2045,0.6900000000000001,0.25392264100899953,0.7460773589910006,4.779184820223927e-18,1.2655635704293496e-17,9.206219180010302e-18,1.9720425784502942e-17
2045,0.7000000000000001,0.2540341697429537,0.7459658302570462,5.602834094343785e-17,2.3929828792127183e-17,6.121527997952154e-17,2.860374181757425e-17
2045,0.7100000000000001,0.2539932215309618,0.746006778469042,3.318386299274082e-17,4.257847518561937e-18,0.0,0.0
2045,0.72,0.25401356555260446,0.7459864344473995,2.1553074051818504e-17,0.0,0.0,0.0
2045,0.73,0.24932662112790516,0.7156129309453433,1.1159765674142748e-17,0.0,0.0,0.03506044792675127
2045,0.74,0.2401079704510376,0.6549480009877926,0.0,0.0,0.0,0.10494402856117027
2045,0.75,0.23208874862798315,0.6035416797796829,0.0,0.0,2.887159192995503e-17,0.16436957159235094
2045,0.76,0.2251890940338807,0.5601583273058537,1.1747398480865862e-16,5.429831333528352e-17,7.545651804341244e-15,0.21465257866099047
2045,0.77,0.21936954822104868,0.522321407570389,2.4630675983059177e-17,0.0,0.0,0.2583090442085625
2045,0.78,0.21427831061566438,0.4893590408353796,1.0823653485098657e-15,0.0,1.299005014449021e-19,0.29636264854949146
2045,0.79,0.209720747512752,0.46027290136274324,1.601724281026176e-16,5.388560655532866e-17,0.0,0.3300063511245072
2045,0.8,0.20570319234452872,0.4344109479851439,6.360914397309004e-17,1.9110546707929144e-17,0.0,0.3598858596705063
2045,0.81,0.20226131741964246,0.4111907590140549,0.0,0.0,7.827123686791944e-17,0.38654792356630285
2045,0.8200000000000001,0.19892909373678053,0.39052575482356816,0.0,4.055145018895977e-17,1.7209626010707264e-16,0.4105451514390669
2045,0.8300000000000001,0.19611811837586568,0.37181451225030565,9.596577137978067e-17,8.122092553414245e-17,0.0,0.43206736937382895
2045,0.8400000000000001,0.19343601347666334,0.3545605289578721,4.055749413253528e-16,4.874134627944626e-24,2.044352786781149e-14,0.45200345756543825
2045,0.85,0.19097756905948315,0.33909050460042756,1.2276082612923134e-17,4.977447553001434e-26,7.17598516106541e-18,0.46993192634042225
2045,0.86,0.18882688730085426,0.324680925135675,5.7017823733254e-17,0.0,0.0,0.48649218756346985
2045,0.87,0.1867779488215678,0.3116669853342631,1.358248683135438e-16,1.9243012007068966e-17,0.0,0.5015550658443356
2045,0.88,0.18488070526249242,0.2994393101390693,0.0,2.1470465415548897e-19,1.7691876666856146e-17,0.515679984597645
2045,0.89,0.18333623765936954,0.2879332953815084,7.055919632619928e-17,0.0,1.913924550991948e-09,0.5287304650451038
2045,0.9,0.1815904002997702,0.2772934060765819,0.0,1.6826657223256678e-17,0.0026231311465021783,0.5384930624772575
2045,0.91,0.1801805588321078,0.2672901854655162,8.581164794093145e-18,0.0,0.006612590437250419,0.5459166652652152
2045,0.92,0.17886140893876742,0.2577660871541891,9.890103661456546e-17,3.9517796791062835e-17,0.010682320447611303,0.5526901834589026
2045,0.93,0.17751473456739025,0.2490013418342574,0.0,1.1870479944939206e-16,0.013867280215056474,0.5596166433834805
2045,0.9400000000000001,0.17651420681662994,0.24029821742451218,3.3427843301983357e-16,2.234508130296853e-19,0.017077789670274665,0.5661097860885831
2045,0.9500000000000001,0.17534599192148337,0.23268876186158702,4.516428013689039e-18,2.6622827897352616e-17,0.020124113871263706,0.5718411323456668
2045,0.9600000000000001,0.1743209239007313,0.22518020854980134,2.5881889369579923e-16,5.337598163865345e-18,0.023078259797037516,0.5774206077520501
2045,0.97,0.17331615417305116,0.21849337935564148,0.0,0.0,0.025347454131565604,0.5828430123397418
2045,0.98,0.1723907095763724,0.21195557969471063,1.9173715778180513e-17,3.096258605717808e-21,0.02785807686285655,0.5877956338660606
2045,0.99,0.17155624414731796,0.20573651706013818,0.0,1.8130695361430068e-17,0.030686278951547952,0.5920209598411058
2045,1.0,0.17073783599928444,0.19980395927324685,1.1771938716298009e-25,6.848510222670737e-22,0.03256721666489589,0.5968909904420919
2046,0.01,1.0,0.0,0.0,0.0,0.0,0.0
2046,0.02,1.0,0.0,0.0,0.0,0.0,0.0
2046,0.03,1.0,0.0,7.812269194656311e-14,9.653262652393416e-15,6.611850586620786e-14,1.440431534628899e-14
2046,0.04,1.0,1.1790568521519162e-13,0.0,0.0,0.0,0.0
2046,0.05,1.0,0.0,8.158121598514541e-15,2.9440417321341915e-15,1.543378775543708e-14,7.914673741561814e-15
2046,0.060000000000000005,0.9999999999998369,1.8204998725079489e-13,0.0,0.0,0.0,0.0
2046,0.06999999999999999,1.0,0.0,0.0,7.683182178176056e-15,3.712806929238063e-14,1.5701004627439183e-14
2046,0.08,0.9999999999999996,0.0,0.0,0.0,0.0,3.0531133177191805e-16
2046,0.09,1.0,0.0,1.8041124150158794e-16,5.412337245047638e-16,4.996003610813204e-16,1.3877787807814457e-17
2046,0.09999999999999999,0.9999999999999998,0.0,5.551115123125783e-16,0.0,0.0,0.0
2046,0.11,1.0,0.0,6.522560269672795e-16,2.0122792321330962e-16,1.8041124150158794e-16,0.0
2046,0.12,0.9999999999999998,0.0,6.938893903907228e-17,0.0,1.5265566588595902e-16,0.0
2046,0.13,1.0,0.0,5.551115123125783e-16,9.71445146547012e-17,3.608224830031759e-16,1.8127860323957634e-16
2046,0.14,1.0,0.0,1.942890293094024e-16,2.0816681711721685e-17,1.1102230246251565e-16,5.204170427930421e-17
2046,0.15000000000000002,0.9999999999999999,5.551115123125783e-16,0.0,1.214306433183765e-16,0.0,2.7755575615628914e-17
2046,0.16,0.9999999999999996,0.0,5.629177679544739e-16,0.0,2.220446049250313e-16,0.0
2046,0.17,1.0,0.0,2.5934115965853266e-16,2.7755575615628914e-17,1.48318857196017e-16,0.0
2046,0.18000000000000002,0.9999999999999998,0.0,0.0,1.4224732503009818e-16,0.0,0.0
2046,0.19,0.9999999999999953,5.166030334260573e-15,0.0,0.0,0.0,0.0
2046,0.2,0.9999999999999643,7.881290260255356e-17,2.1936356708581906e-16,0.0,0.0,0.0
2046,0.21000000000000002,1.0,0.0,1.9177810601638543e-15,0.0,9.554309298879854e-16,0.0
2046,0.22,0.9999999999999994,5.067465403018155e-14,1.0531574430314146e-17,1.346656961125797e-16,0.0,2.1806994193017384e-17
2046,0.23,0.9999999999999967,3.5038081140084058e-15,0.0,6.940926782980639e-17,0.0,0.0
2046,0.24000000000000002,0.9999999999999997,2.7755575615628914e-16,8.153200337090993e-17,0.0,0.0,0.0
2046,0.25,1.0,0.0,0.0,0.0,1.3877787807814457e-17,1.3877787807814457e-17
2046,0.26,1.0,0.0,1.0408340855860843e-17,0.0,9.367506770274758e-17,5.117434254131581e-17
2046,0.27,1.0,0.0,0.0,5.0523821237824507e-17,0.0,4.163336342344337e-17
2046,0.28,0.9999999999998697,1.3117493321347954e-13,0.0,0.0,0.0,1.103802514884969e-16
2046,0.29000000000000004,1.0,0.0,2.949029909160572e-17,6.938893903907228e-18,1.4278942611634093e-16,3.642919299551295e-17
2046,0.3,0.2373330651934727,0.7626669348065273,0.0,5.5368014929925646e-17,9.34728273943109e-18,4.745888007144752e-17
2046,0.31,0.25461160122172266,0.7453883987782828,1.72483007506912e-16,4.239254970759016e-17,7.169256666355129e-18,0.0
2046,0.32,0.2534370766317985,0.7465629233682018,6.505213034913027e-19,0.0,0.0,0.0
2046,0.33,0.25367242461806905,0.7463275753819485,1.9489553750218484e-16,2.247622846746435e-17,2.8274220766464033e-16,0.0
2046,0.34,0.25320182477036435,0.7467981752296359,6.366416098593569e-17,0.0,0.0,0.0
2046,0.35000000000000003,0.2540466255591188,0.7459533744408813,1.184878518518733e-16,7.393097152484026e-17,0.0,0.0
2046,0.36000000000000004,0.25341498751741204,0.746585012482588,0.0,1.4609798974787543e-16,0.0,9.946633784224364e-17
2046,0.37,0.25507914347112226,0.7449208565288776,2.512101198209242e-17,0.0,1.145982373378069e-16,1.6944325009560842e-16
2046,0.38,0.25394866533247884,0.7460513346675232,0.0,4.858033067152143e-17,7.59459611971776e-17,1.676984815353744e-17
2046,0.39,0.25381726833312296,0.7461827316668769,3.761973039493322e-17,5.045719914449959e-17,6.999956977057218e-17,1.5782162424592685e-16
2046,0.4,0.25386272103448776,0.7461372789655123,0.0,3.2526065174565133e-19,0.0,0.0
2046,0.41000000000000003,0.25501108406792516,0.7449889159320752,0.0,0.0,0.0,3.469446951953614e-18
2046,0.42000000000000004,0.2529068411019675,0.7470931588980325,4.9439619065339e-17,2.6020852139652106e-18,1.0234868508263162e-16,9.540979117872439e-18
2046,0.43,0.2538397552135664,0.7461602447864337,2.6885430140838728e-17,3.9487847206281835e-18,7.653263892241808e-17,1.544980222661726e-18
2046,0.44,0.2538605099470994,0.7461394900529007,3.3610267347050637e-18,1.6263032587282567e-18,2.439454888092385e-17,0.0
2046,0.45,0.2544819642252333,0.7455180357747668,0.0,1.4162390878091902e-17,1.7062631689490626e-17,0.0
2046,0.46,0.25389315597763845,0.7461068440223614,0.0,3.583504085995928e-20,8.624343925630208e-17,4.01570199391742e-17
2046,0.47000000000000003,0.2547482602960256,0.7452517397039636,0.0,7.031506368777645e-17,1.8751358629453564e-16,8.117132615405721e-17
2046,0.48000000000000004,0.25470180329406755,0.7452981967059324,0.0,5.066612277296323e-17,2.53131984638685e-16,0.0
2046,0.49,0.2537902211046134,0.7462097788953765,2.8850553245520063e-17,0.0,0.0,0.0
2046,0.5,0.2531567160906348,0.7468432839094197,0.0,8.1099401920916325e-19,0.0,9.879691561685187e-19
2046,0.51,0.2539530254289524,0.7460469745710435,2.1626472043391297e-17,0.0,0.0,1.9440919764492685e-17
2046,0.52,0.2541806064926703,0.7458193935073295,6.410938267883623e-17,5.267359085795592e-17,0.0,0.0
2046,0.53,0.25381101056794286,0.7461889894321097,2.3716301204497866e-16,0.0,2.1933532741595895e-17,9.919093429592094e-17
2046,0.54,0.2539316625181943,0.7460683374818086,7.596795690386442e-17,3.606901574917275e-17,1.2237371996512187e-16,3.367249695232657e-17
2046,0.55,0.2539082187320903,0.7460917812679098,4.382753625776843e-18,2.645754567775315e-17,2.96649262880092e-18,1.3789698623212373e-17
2046,0.56,0.25360030405955314,0.7463996959404471,5.2258544713801314e-17,0.0,0.0,0.0
2046,0.5700000000000001,0.25357249461196907,0.7464275053880329,0.0,1.8982340047394504e-17,7.929747999803572e-17,0.0
2046,0.5800000000000001,0.25379521195569343,0.7462047880443066,9.986294257140599e-19,0.0,4.714011736924452e-17,3.544800680639738e-17
2046,0.59,0.2543127701132216,0.74568722988678,3.4744487476816e-17,1.0775443611711876e-17,6.838139334831329e-17,1.1088931828979673e-17
2046,0.6,0.2540018746445704,0.7459981253554289,0.0,0.0,3.7152879827937896e-17,0.0
2046,0.61,0.253716067482776,0.7462839325172241,0.0,0.0,0.0,0.0
2046,0.62,0.2538974119159913,0.7461025880840086,6.982261990806649e-17,0.0,0.0,1.9081958235744878e-17
2046,0.63,0.2539620175475017,0.7460379824524983,9.714794192706368e-18,0.0,2.778880665216161e-17,2.0421793582582705e-17
2046,0.64,0.2540159745769347,0.7459840254230654,0.0,0.0,9.64939933512099e-18,0.0
2046,0.65,0.2538217173420144,0.7461782826579856,1.6534083130403943e-17,0.0,4.155204826050696e-17,5.692061405548898e-18
2046,0.66,0.2539336777801488,0.7460663222198514,0.0,2.4936649967166602e-18,0.0,2.3201926491189795e-17
2046,0.67,0.253893448932011,0.746106551067989,1.260385025514399e-16,0.0,1.9786689647860456e-17,0.0
2046,0.68,0.2537798257496142,0.7462201742503859,0.0,1.110732899516203e-17,0.0,0.0
2046,0.6900000000000001,0.25414208357265955,0.7458579164273403,4.892462303340839e-17,5.149960319306146e-19,0.0,2.8324781756183803e-17
2046,0.7000000000000001,0.25373814654100085,0.7462618534589991,5.421010862427522e-18,0.0,0.0,1.0625181290357943e-17
2046,0.7100000000000001,0.25403728584911106,0.7459627141508889,8.890457814381136e-17,9.215718466126788e-18,2.7972416050126014e-17,0.0
2046,0.72,0.2539323550661541,0.746067644933862,2.5742440300126533e-17,1.0149726206178591e-17,1.682856158537383e-17,2.274916335839019e-17
2046,0.73,0.25398351337066033,0.7460164866293462,0.0,2.9444849810989155e-17,0.0,5.00281040491679e-17
2046,0.74,0.24609381410814962,0.6992307390985136,0.0,0.0,0.0,0.05467544679380408
2046,0.75,0.23738490354427763,0.6388932732523368,3.224695298735495e-17,0.0,9.326053725885288e-17,0.12372182320338761
2046,0.76,0.22959671484387628,0.5894100195461185,2.962609592453824e-21,1.347248010857108e-17,0.0,0.18099326560957768
2046,0.77,0.22308530032970164,0.5458232920273124,0.0,5.624884046231955e-17,0.0,0.23109140764294775
2046,0.78,0.21721042459709736,0.5094116950239653,0.0,0.0,3.602305755110949e-18,0.2733778803788514
2046,0.79,0.21238161393027913,0.47762641159144476,0.0,1.394295899013325e-17,6.258821056044586e-18,0.30999197447749155
2046,0.8,0.20794617923255365,0.44867253430770765,1.4895200581883113e-17,0.0,0.0,0.3433812864597389
2046,0.81,0.20403331646790346,0.4233897133433907,0.0,2.5482563162859016e-17,1.9361391920451073e-16,0.37257697018870617
2046,0.8200000000000001,0.20065188045838692,0.40060986933071374,0.0,3.6115906610314615e-17,1.933374473501663e-16,0.39873825021135484
2046,0.8300000000000001,0.1974294254440534,0.38051501446243935,1.7027233864286894e-16,0.0,2.8382546621791737e-17,0.42205556009363215
2046,0.8400000000000001,0.19469300738235534,0.36203854098871346,0.0,0.0,0.0,0.4432684516289291
2046,0.85,0.19205783984977004,0.34536614365775203,3.716319104998438e-18,4.9569757338447133e-17,0.0,0.4625760164921165
2046,0.86,0.18969131799123398,0.3300401975243622,0.0,4.977555909638657e-17,6.806195021346143e-17,0.4802684844847044
2046,0.87,0.18750873621632183,0.3162085907077291,8.335403457356922e-18,0.0,0.0,0.4962826730762349
2046,0.88,0.18549800676133832,0.30335632858241696,0.0,4.1880562836948444e-17,2.2103927795506113e-20,0.511145664656983
2046,0.89,0.18367087554166744,0.29151320427993227,0.0,0.0,0.0,0.5248159201783577
2046,0.9,0.182039508115289,0.28030989322703165,9.674601525941888e-17,1.3742977872901767e-16,0.0017571361141117084,0.5358934625435674
2046,0.91,0.18052894286319,0.2695084643889111,0.0,2.233256921042369e-17,0.0058892306274121314,0.5440733621204028
2046,0.92,0.17915029612791344,0.2594830254056132,0.0,4.740438578420657e-19,0.00968818212907931,0.5516784963373951
2046,0.93,0.1778346160002207,0.2502901454781712,2.225677224230111e-16,6.046498928602972e-17,0.013234460281004515,0.5586407782396291
2046,0.9400000000000001,0.17662643905857495,0.24169919499893083,1.085516931679566e-17,1.1771954181717748e-20,0.016364434427228285,0.5653099324694194
2046,0.9500000000000001,0.17551788427677986,0.233580167039148,0.0,0.0,0.019936049556475766,0.5709658991280026
2046,0.9600000000000001,0.1744151517576665,0.22580321020825422,0.0,0.0,0.0227353531576097,0.5770462862338586
2046,0.97,0.173425837765161,0.21853683678444072,0.0,0.0,0.02614423715227966,0.5818930882981224
2046,0.98,0.17236476220401814,0.21199926214119727,1.2418627972381115e-19,0.0,0.027180567389022074,0.5884554082658332
2046,0.99,0.17154299302015638,0.20546376062736585,1.1441106177884804e-16,1.418052728392399e-17,0.030362041725879724,0.5926312046265984
2046,1.0,0.17075359546727875,0.19936569615615304,0.0,1.801839079288226e-17,0.033322985186701244,0.596557723189867
2047,0.01,0.0,1.0,0.0,0.0,0.0,0.0
2047,0.02,3.1783572270535145e-14,1.0,4.92644507751808e-16,2.5916647183106338e-17,1.3479096213442153e-17,0.0
2047,0.03,1.0223698629730578e-12,0.9999999999993048,0.0,0.0,0.0,0.0
2047,0.04,0.0,1.0,4.192881386234115e-14,6.578019487196474e-15,4.079524602735451e-15,2.1669443142798266e-14
2047,0.05,0.0,1.0,1.708077391761095e-14,3.74596288252292e-15,3.674539370344543e-15,1.3584182312554916e-14
2047,0.060000000000000005,0.0,1.0,1.437966541697447e-16,0.0,2.493257362110794e-17,5.022322512671172e-16
2047,0.06999999999999999,2.9189388519511262e-15,0.9999999999999987,0.0,0.0,0.0,0.0
2047,0.08,1.8064590350929527e-14,0.9999999999999835,0.0,6.22807444248326e-18,0.0,0.0
2047,0.09,0.0,0.9999999999999999,1.0715660290992464e-15,0.0,0.0,0.0
2047,0.09999999999999999,3.617715834205743e-15,0.9999999999999959,8.901449655058537e-16,0.0,0.0,0.0
2047,0.11,0.0,1.0,0.0,3.5271852175009996e-16,0.0,4.1873184920590664e-16
2047,0.12,3.997510161161521e-15,0.9999999999999962,4.34938871739552e-16,0.0,0.0,0.0
2047,0.13,4.594931392705925e-16,0.9999999999999997,4.152790782151021e-18,3.446047666785714e-18,6.17160910863692e-17,0.0
2047,0.14,2.7771224549329437e-16,0.9999999999999997,1.1499880451251937e-16,0.0,0.0,0.0
2047,0.15000000000000002,2.0007284735890763e-13,0.9999999999998052,0.0,0.0,2.2648157526098615e-16,0.0
2047,0.16,0.0,1.0,5.0811704972585786e-15,1.3319937202708695e-16,0.0,1.2041988419637386e-15
2047,0.17,0.0,0.999999999999922,2.306920827254744e-16,5.119218627469465e-17,0.0,0.0
2047,0.18000000000000002,0.0,0.9999999999999996,5.283455665862186e-16,1.7106652711406565e-16,0.0,3.060680140039111e-16
2047,0.19,3.023542126981112e-15,0.999999999999997,0.0,0.0,1.7011439135740944e-16,3.618445341331566e-17
2047,0.2,8.219117076321033e-15,0.9999999999999923,0.0,0.0,0.0,0.0
2047,0.21000000000000002,0.0,1.0,0.0,0.0,2.07570058094521e-16,3.723161457755777e-16
2047,0.22,8.610457288701319e-16,0.9999999999999988,0.0,2.242745160939063e-16,2.059163766697068e-16,4.674926320583988e-16
2047,0.23,1.232547456977127e-13,0.9999999999998791,0.0,5.651809804325333e-17,1.0595657890806946e-16,0.0
2047,0.24000000000000002,0.0,1.0,7.070592704128695e-16,3.4610147389636976e-16,7.130191001088692e-17,3.4853478779559455e-16
2047,0.25,3.298693944980818e-15,0.9999999999999961,1.2265232307668938e-16,2.8105044489298867e-16,8.83069995208378e-17,1.058029885159938e-16
2047,0.26,0.0,1.0,1.6343913645833512e-16,1.17959925817002e-18,5.260678113424124e-17,0.0
2047,0.27,3.1854158026234946e-16,1.0,0.0,1.0011936157388307e-17,0.0,0.0
2047,0.28,0.25510393203500153,0.7448960679649984,9.98821251402271e-17,0.0,0.0,1.3187964175570555e-16
2047,0.29000000000000004,0.25958982130339536,0.7404101786961633,9.815417792782832e-18,6.958968584757155e-17,0.0,0.0
2047,0.3,0.2641836039828512,0.7358163960171489,0.0,0.0,1.1709383462843448e-17,0.0
2047,0.31,0.2685904107971146,0.7314095892028853,0.0,5.259883515972887e-17,0.0,9.339046463247014e-17
2047,0.32,0.2533401352270992,0.7466598647729008,2.01296850309431e-17,1.9729149830525585e-20,1.6299093837063692e-17,7.881861248791761e-18
2047,0.33,0.25373632109314476,0.7462636789068553,8.202328731735492e-17,0.0,0.0,0.0
2047,0.34,0.25254662240997616,0.7474533775900222,6.409551449947763e-17,8.720814434382513e-18,0.0,0.0
2047,0.35000000000000003,0.2511268993454643,0.7488731006545353,1.986258379993444e-16,0.0,1.8214596497756474e-17,1.3487475025719675e-16
2047,0.36000000000000004,0.2548707797166315,0.7451292202833685,1.2468324983583301e-17,4.0007060164715114e-17,0.0,3.122502256758253e-17
2047,0.37,0.2539099496041887,0.7460900503958114,0.0,5.725813533862976e-17,3.0895516037198935e-17,3.656858228311323e-17
2047,0.38,0.25424162211506485,0.7457583778849358,0.0,0.0,0.0,0.0
2047,0.39,0.25438066177857965,0.7456193382214205,0.0,1.9895109865109006e-17,1.5612511283791264e-17,0.0
2047,0.4,0.2540455195949376,0.7459544804050624,5.0950744291715717e-17,3.5917459701488865e-17,0.0,3.884560153886408e-17
2047,0.41000000000000003,0.25384619113332574,0.7461538088666745,0.0,8.044780119842443e-17,0.0,0.0
2047,0.42000000000000004,0.25387938299665824,0.7461206170033422,0.0,1.5178830414797062e-18,6.179952383167375e-18,0.0
2047,0.43,0.25434786483538824,0.7456521351646118,0.0,0.0,5.5294310796760726e-18,1.474514954580286e-17
2047,0.44,0.2543245829517598,0.7456754170482403,6.407634839389331e-17,7.806255641895632e-18,1.5287250632045613e-17,0.0
2047,0.45,0.253818695570147,0.7461813044298553,0.0,0.0,0.0,0.0
2047,0.46,0.2543628472171718,0.7456371527828282,1.5395670849294163e-17,8.716985466783456e-17,2.3201926491189795e-17,6.310056643865636e-17
2047,0.47000000000000003,0.2541072792088571,0.7458927207911429,0.0,2.3093506273941244e-17,5.637851296924623e-17,3.290553593493506e-17
2047,0.48000000000000004,0.25398033541135445,0.7460196645886459,1.8026209550085976e-18,2.2138324972601225e-17,0.0,0.0
2047,0.49,0.2538945869486593,0.7461054130513409,0.0,0.0,9.4696135326159e-18,3.844141286541014e-18
2047,0.5,0.2537450073768389,0.7462549926231612,0.0,0.0,1.8756697583999227e-17,0.0
2047,0.51,0.25336794822587017,0.7466320517741297,3.8163916471489756e-17,2.862293735361732e-17,0.0,1.214306433183765e-17
2047,0.52,0.2539263234362523,0.7460736765637475,0.0,1.2943000644148245e-17,8.063554922909383e-18,1.326715863109764e-16
2047,0.53,0.2541767404174743,0.7458232595825257,0.0,4.185020385794047e-17,3.209238430557093e-17,9.259086553026208e-17
2047,0.54,0.2538383172610526,0.7461616827389476,0.0,0.0,0.0,6.58652819784944e-17
2047,0.55,0.25399030960349633,0.7460096903965034,4.038233758193316e-17,0.0,2.2836887297331047e-17,1.9628771853895937e-16
2047,0.56,0.2540579455586245,0.7459420544413753,6.223907428559338e-17,1.659160998732754e-17,0.0,1.3111052301738666e-16
2047,0.5700000000000001,0.25399260280932145,0.7460073971906784,5.1959045889029365e-18,3.0182354265858553e-18,0.0,2.2064379649001944e-17
2047,0.5800000000000001,0.25361817512303386,0.7463818248769662,3.122502256758253e-17,0.0,0.0,0.0
2047,0.59,0.2545451909421593,0.7454548090578408,0.0,4.336808689942018e-17,0.0,0.0
2047,0.6,0.25398529353824456,0.7460147064617554,2.1018333389235306e-20,0.0,8.668953117273387e-19,6.626331039015845e-17
2047,0.61,0.2537642635561942,0.7462357364438057,0.0,2.6020852139652106e-17,1.9949319973733282e-17,2.3245294578089215e-16
2047,0.62,0.2536964911891171,0.7463035088108828,7.48099499014998e-17,1.734723475976807e-18,1.734723475976807e-17,1.97758476261356e-16
2047,0.63,0.25393222316016995,0.7460677768398299,0.0,2.6915318931952648e-17,3.876022766635678e-18,2.0399263875314766e-16
2047,0.64,0.2540163500928482,0.7459836499071518,3.743719981914664e-17,1.1054804152719697e-17,0.0,5.186120979422834e-17
2047,0.65,0.2544339784721324,0.7455660215278394,0.0,0.0,2.8189256484623115e-17,0.0
2047,0.66,0.25357119179115395,0.7464288082088464,0.0,0.0,0.0,0.0
2047,0.67,0.2540065454983259,0.7459934545016742,1.8973538018496328e-19,5.0998159688286915e-17,0.0,0.0
2047,0.68,0.2535610214632865,0.7464389785367136,3.642919299551295e-17,0.0,1.1275702593849246e-17,0.0
2047,0.6900000000000001,0.2534689029552197,0.7465310970447804,1.4257258568184383e-17,2.3310346708438345e-17,0.0,1.4094628242311558e-17
2047,0.7000000000000001,0.2539945608613253,0.7460054391386749,6.886892816014495e-17,1.237368662318955e-17,3.2338788866730867e-18,5.889201632013187e-20
2047,0.7100000000000001,0.25400154276151643,0.7459984572384835,0.0,0.0,2.4546984403283568e-18,3.6283576908876976e-17
2047,0.72,0.25390479208876515,0.7460952079112335,9.560725185361046e-17,0.0,0.0,0.0
2047,0.73,0.25351928146944336,0.7464807185305493,0.0,4.33798820910584e-18,0.0,0.0
2047,0.74,0.24687603265012187,0.7001283211083874,0.0,2.2128800304466828e-17,5.068858057230547e-19,0.052995646241490335
2047,0.75,0.23760269713014456,0.6389910610225865,0.0,1.0576750246973476e-18,9.983441249714618e-18,0.1234062418472679
2047,0.76,0.22944249524351756,0.587120853314654,0.0,2.854713777809493e-17,0.0,0.18343665144182886
2047,0.77,0.22244315573557644,0.5437486321874763,0.0,1.529433740753837e-17,0.0,0.23380821207600763
2047,0.78,0.21670510383120084,0.5051624362066499,4.616613325547005e-17,0.0,5.709932213181876e-18,0.2781324599616748
2047,0.79,0.21158960257299103,0.47197470727416047,0.0,4.162880502576584e-17,0.0,0.3164356901528476
2047,0.8,0.2072176455223844,0.44349894582473576,3.6120397168773264e-19,1.0366009347247208e-17,2.313742444489904e-19,0.34928340865554697
2047,0.81,0.2031142942046442,0.4185979230511606,0.0,1.0591030146151957e-16,6.73116821393888e-17,0.3782877827443921
2047,0.8200000000000001,0.19971666018395037,0.39527571613705786,2.4959860150506997e-17,0.0,2.6657102396887887e-18,0.40500762367914106
2047,0.8300000000000001,0.19634091502244946,0.37467912069938586,0.0,2.712240684656617e-17,0.0,0.4289799642781645
2047,0.8400000000000001,0.19367204949577901,0.35605339284080634,4.808593581605639e-18,6.636956127768857e-17,3.297767040517417e-17,0.4502745576636744
2047,0.85,0.1910525931356381,0.3393635966353291,7.273757628377608e-17,0.0,1.9389856509826383e-17,0.4695838102289045
2047,0.86,0.18874111578857725,0.3240475490048377,1.7343907776602964e-16,0.0,4.0038080397850904e-17,0.4872113352057043
2047,0.87,0.18659061759421341,0.3099260884662484,9.921228296557809e-17,0.0,0.0,0.5034832939396072
2047,0.88,0.1845722855199743,0.29704812664916563,0.0,0.0,1.478833380354001e-16,0.5183795878305963
2047,0.89,0.18275480387223128,0.2852882598285758,4.4538950513975146e-17,0.0,0.0,0.5319569362991894
2047,0.9,0.18102856032070025,0.2737920177861757,5.056728812771205e-17,9.489258228371029e-17,0.0038633173117553,0.5413161045813695
2047,0.91,0.17962417865443137,0.26312588023079386,0.0,0.0,0.008344622250111821,0.5489053188652908
2047,0.92,0.17821251738049274,0.25320317676158255,7.737421732764036e-17,0.0,0.011979360683913169,0.5566049451744596
2047,0.93,0.1769720109832178,0.2439645132129572,3.1247768140959615e-17,6.175338084397867e-17,0.015466744483432176,0.5635967313204084
2047,0.9400000000000001,0.1757399855696151,0.23532067591766612,0.0,5.757857042146398e-17,0.019002581197373837,0.5699367573155384
2047,0.9500000000000001,0.17453271376512003,0.2274098847607204,5.725563320990861e-17,4.316964434237987e-17,0.021925708845918896,0.5761316926281584
2047,0.9600000000000001,0.1735674189579579,0.21976052516155817,0.0,9.408802725795763e-18,0.0249851430443159,0.5816869128363062
2047,0.97,0.172462421304149,0.21262564570407647,0.0,0.0,0.027325460006999258,0.5875864729847606
2047,0.98,0.17160693214949851,0.20580420597656113,0.0,6.065146768792599e-17,0.030306512820156326,0.5922823490536311
2047,0.99,0.17077578361208434,0.19940839293512413,4.922032364120221e-17,0.0,0.032700754141951775,0.5971150693099687
2047,1.0,0.16984728003042307,0.1934931154683763,1.859260010054586e-18,3.34114434513252e-17,0.03505482747559517,0.6016047770256047
2048,0.01,0.0,1.0,6.3199245777011484e-18,2.3667265216587626e-17,0.0,2.850583504865941e-18
2048,0.02,0.0,1.0,0.0,0.0,0.0,0.0
2048,0.03,2.798980045915799e-17,1.0,1.2843562662516565e-17,0.0,2.5050337043708082e-17,0.0
2048,0.04,9.086487105904889e-17,1.0,0.0,7.247115233720392e-17,1.5311783717821142e-16,7.616087350476689e-17
2048,0.05,0.0,0.9999999999999927,2.0383439330508453e-13,3.573294821825415e-14,2.573123892243121e-14,4.352175455791987e-15
2048,0.060000000000000005,0.0,1.0,3.6802434834407445e-14,7.35108941161741e-15,6.194797694359191e-15,2.137559746075862e-15
2048,0.06999999999999999,0.0,0.9999999999999994,2.5581612616941548e-17,1.9830518308924946e-16,3.3318549200016256e-16,1.2603469090317725e-16
2048,0.08,0.0,1.0,2.957043237888292e-16,3.565300244289565e-16,3.3582323200725126e-16,0.0
2048,0.09,1.9923705240391023e-16,0.9999999999999999,6.341783234066784e-16,5.627871037131805e-17,0.0,0.0
2048,0.09999999999999999,3.593446328563658e-15,0.9999999999999967,0.0,1.6847697079124847e-16,0.0,0.0
2048,0.11,0.0,1.0,1.2581997863896012e-15,2.4131455153550744e-16,2.7077059873230856e-16,3.419122606974868e-17
2048,0.12,0.0,1.0,1.9664589319118156e-15,0.0,0.0,7.480709116530282e-17
2048,0.13,8.217783422945582e-15,0.9999999999999931,0.0,1.2760551350386035e-16,2.8588441936840386e-16,9.925452666587086e-17
2048,0.14,8.614812483289833e-16,0.9999999999999997,1.049189877304374e-15,0.0,0.0,0.0
2048,0.15000000000000002,1.1761907975902687e-15,0.9999999999999991,0.0,0.0,7.881789804967034e-17,1.4160739163844756e-16
2048,0.16,1.225234310962247e-13,0.9999999999998824,0.0,6.269477809991744e-16,1.461343903270392e-15,5.112223611842538e-16
2048,0.17,0.0,1.0,1.1428300608555233e-15,0.0,0.0,3.985475305288695e-17
2048,0.18000000000000002,6.079176235927145e-14,0.9999999999999426,0.0,4.753681248889142e-17,3.9633830978375267e-16,5.0092946165468085e-17
2048,0.19,0.0,1.0,0.0,0.0,0.0,0.0
2048,0.2,0.0,1.0,0.0,1.3483690708021457e-16,1.4160269048668308e-16,0.0
2048,0.21000000000000002,5.6545336108207965e-16,0.9999999999999992,2.4005443120778906e-16,4.027154620249527e-17,4.34137207994535e-17,0.0
2048,0.22,0.0,1.0,2.4064923759568573e-15,6.600091974661839e-16,0.0,0.0
2048,0.23,2.1118511102805678e-14,0.9999999999999781,7.017952253434801e-16,1.485902253764936e-17,1.5975411962130528e-17,4.752357759909057e-17
2048,0.24000000000000002,0.0,1.0,0.0,0.0,1.6610430726087623e-16,0.0
2048,0.25,1.0,6.187917041670296e-16,0.0,0.0,0.0,0.0
2048,0.26,0.9999999999965504,3.4708347307343956e-12,0.0,6.7307270867900115e-15,2.8378720814264957e-15,0.0
2048,0.27,0.9999999999999967,3.608224830031759e-15,0.0,1.1102230246251565e-16,1.5265566588595902e-16,0.0
2048,0.28,0.9999999999999842,1.5654144647214707e-14,5.982627587775013e-16,0.0,0.0,1.249000902703301e-16
2048,0.29000000000000004,0.9999999999999835,1.6431300764452317e-14,5.100087019371813e-16,0.0,0.0,0.0
2048,0.3,0.99999999999995,5.040412531798211e-14,0.0,1.3877787807814457e-17,0.0,0.0
2048,0.31,0.25353583898922366,0.7464641610107757,2.0458894994801469e-16,2.314229537170309e-16,8.548934130048202e-17,0.0
2048,0.32,0.25348430260584576,0.7465156973937878,1.4604319328290355e-16,0.0,0.0,3.659476327549252e-13
2048,0.33,0.2559175497438724,0.7440824502561272,5.035034889022683e-16,2.0816681711721685e-17,0.0,0.0
2048,0.34,0.2540310671205187,0.7459689328794827,9.743967638498763e-17,6.31444055498231e-17,0.0,0.0
2048,0.35000000000000003,0.2540322339060692,0.7459677660939311,4.0584539442926046e-17,2.1804829679159263e-17,2.3132912406389884e-17,1.8241542554418067e-17
2048,0.36000000000000004,0.25402166911555535,0.7459783308844445,1.3877787807814457e-16,0.0,6.071532165918825e-18,0.0
2048,0.37,0.2535696352957501,0.74643036470425,0.0,6.581107186987012e-17,2.0925101928970236e-17,0.0
2048,0.38,0.25411443293018643,0.7458855670698141,3.1088196337748005e-18,0.0,1.9216797494219072e-19,8.843133682090445e-21
2048,0.39,0.25342180334240155,0.7465781966575984,0.0,7.546047120499111e-17,0.0,8.326672684688674e-17
2048,0.4,0.25425087210204106,0.7457491278979591,9.269928574751063e-17,0.0,0.0,0.0
2048,0.41000000000000003,0.2539698961363472,0.7460301038636526,1.039207782327356e-16,0.0,0.0,9.90960785651751e-17
2048,0.42000000000000004,0.2539904068634758,0.7460095931365243,0.0,1.8539857149502126e-17,5.681219383824043e-17,7.003946034256359e-17
2048,0.43,0.2538184039188077,0.7461815960811921,0.0,5.937196414655268e-17,9.961202234637877e-17,1.246573068420259e-19
2048,0.44,0.2533608252175185,0.7466391747824812,0.0,6.946224543931796e-17,2.0013092124802547e-16,0.0
2048,0.45,0.25443628836608373,0.7455637116339167,0.0,0.0,0.0,0.0
2048,0.46,0.25405065809638944,0.7459493419036103,3.189722791452354e-16,2.6020852139652106e-17,3.2526065174565133e-18,1.1709383462843448e-17
2048,0.47000000000000003,0.25408243901084054,0.7459175609891606,6.454129127620953e-17,4.057170724843292e-18,2.7576134698903874e-17,5.604708051655906e-17
2048,0.48000000000000004,0.25381195083158126,0.7461880491684186,3.946495907847236e-17,0.0,1.5748036555351952e-17,3.4450524030726903e-17
2048,0.49,0.2538046130782607,0.7461953869217411,0.0,0.0,0.0,0.0
2048,0.5,0.2543660969954837,0.7456339030045164,5.898059818321144e-17,5.312590645178972e-17,0.0,0.0
2048,0.51,0.25321859117750645,0.7467814088224936,5.551115123125783e-17,1.6479873021779667e-17,1.0408340855860843e-17,0.0
2048,0.52,0.25366016987532364,0.7463398301246765,3.469446951953614e-18,3.2959746043559335e-17,0.0,0.0
2048,0.53,0.253537952032498,0.7464620479675022,0.0,7.15573433840433e-18,1.485356976305141e-17,2.721347452938616e-17
2048,0.54,0.2541750219162639,0.7458249780837363,0.0,6.689527404235562e-17,4.553649124439119e-18,2.6020852139652106e-17
2048,0.55,0.25401498730640826,0.7459850126935917,7.518134658767472e-17,4.401981738471019e-19,1.495873430764061e-18,1.2836690670073362e-17
2048,0.56,0.25430019165539575,0.7456998083446043,0.0,8.782037597132586e-18,3.382710778154774e-17,0.0
2048,0.5700000000000001,0.253790758522795,0.7462092414772048,2.641116492174689e-16,0.0,4.2500725161431774e-17,0.0
2048,0.5800000000000001,0.2534695811683563,0.7465304188316441,0.0,8.782037597132586e-18,3.599551212651875e-17,0.0
2048,0.59,0.2539214046586164,0.7460785953413838,0.0,5.854691731421724e-18,0.0,9.974659986866641e-18
2048,0.6,0.2536682760033245,0.7463317239966756,0.0,5.0090140368830305e-17,0.0,0.0
2048,0.61,0.25371779747634204,0.7462822025236582,0.0,0.0,0.0,0.0
2048,0.62,0.253834176001124,0.7461658239988758,1.0678486794264331e-16,6.935806700425058e-17,5.925769872533303e-17,0.0
2048,0.63,0.25376125022616997,0.7462387497738303,0.0,1.9949319973733282e-17,4.2934406030425976e-17,5.637851296924623e-18
2048,0.64,0.2539305912526146,0.7460694087473856,1.0961064192844444e-17,0.0,2.8344332663626955e-18,0.0
2048,0.65,0.2539600299324852,0.7460399700675149,1.1428598912879097e-17,1.2479761748305242e-17,0.0,1.2282541546469067e-17
2048,0.66,0.25364015801465706,0.7463598419853418,2.3527187142935446e-16,2.2659825404947043e-17,0.0,7.752045533271357e-18
2048,0.67,0.25381004707049903,0.7461899529295011,0.0,0.0,0.0,0.0
2048,0.68,0.25390593561971936,0.7460940643802771,8.287316545218461e-17,6.99396328501793e-17,0.0,8.853765870328438e-18
2048,0.6900000000000001,0.25394367083254954,0.7460563291674507,0.0,7.239760006771956e-17,2.6752688606079822e-17,0.0
2048,0.7000000000000001,0.25396639356524703,0.746033606434753,5.4728528663003794e-17,2.4954832251998586e-17,5.8514779073651855e-18,1.0665014089206517e-16
2048,0.7100000000000001,0.24757712531794088,0.7049366289965453,0.0,1.0731712666527123e-18,1.393725800651589e-07,0.04748610631293655
2048,0.72,0.2372993244837385,0.638313358375891,1.6760354283138194e-20,0.0,0.0,0.12438731714036838
2048,0.73,0.22883811522259523,0.583751441471022,0.0,0.0,1.1337292211583452e-17,0.18741044330638426
2048,0.74,0.22158791863012986,0.5371006201658898,0.0,0.0,2.594506483732726e-17,0.24131146120404343
2048,0.75,0.21542457858162312,0.49687345759526574,0.0,0.0,8.242094236545506e-17,0.28770196382329094
2048,0.76,0.21028220057024297,0.46266317827147363,0.0,3.635730624399357e-17,0.0,0.3270546211580822
2048,0.77,0.20550874399227737,0.4328579321109009,5.560363551825212e-17,0.0,9.509302816325864e-17,0.3616333238968217
2048,0.78,0.20161176903326933,0.40602503473169094,2.394668489701162e-16,0.0,0.0,0.39236319623560595
2048,0.79,0.19781160095488945,0.383337121063688,0.0,2.9074230965804304e-17,0.0,0.4188512779807385
2048,0.8,0.19458262919777924,0.36219568976781946,3.951640520443882e-17,0.0,0.0,0.4432216810346667
2048,0.81,0.19169366874012378,0.34352523803956964,0.0,0.0,4.314451871348868e-17,0.46478109322028033
2048,0.8200000000000001,0.18908177085193914,0.3265757322197889,1.8527071418773894e-17,1.720465715309991e-17,0.0,0.48434249692903925
2048,0.8300000000000001,0.18673547759356646,0.31106949610354484,0.0,0.0,0.0,0.5021950263029279
2048,0.8400000000000001,0.18460454906714222,0.29716968439913855,0.0,4.041149471898401e-18,1.0890257909246067e-17,0.518225766533777
2048,0.85,0.18262805015214545,0.28411210976939916,0.0,0.0,0.000705896160902663,0.5325539439166215
2048,0.86,0.18076623980638332,0.2719461548542316,5.503260367075402e-16,0.0,0.00470122548538919,0.542586379853993
2048,0.87,0.1791929557519727,0.26054520207493825,0.0,0.0,0.009716014535198143,0.5505458276378901
2048,0.88,0.17765530059715667,0.2500413361437165,2.1258583122322954e-16,9.126467518509179e-17,0.012242007371391559,0.560061355888654
2048,0.89,0.17644493948784035,0.24015231395606515,0.0,4.908540746454683e-18,0.017404887479932123,0.5659978590761624
2048,0.9,0.1750672427692162,0.2310118559869018,2.538219550319993e-16,1.1182168848365783e-16,0.020212523706911786,0.5737083775369699
2048,0.91,0.17388785835864662,0.2225611519632802,1.3694263532978698e-16,6.919263589652244e-19,0.023815472915578745,0.5797355167625158
2048,0.92,0.17282050037050975,0.21463442421559972,0.0,7.199508071444971e-17,0.02696070659033317,0.585584368823566
2048,0.93,0.1717747535826437,0.20713548931425518,1.963691686501849e-19,1.4210666171225517e-18,0.029795081333912808,0.5912946757689165
2048,0.9400000000000001,0.17079714202753837,0.19999720003112706,0.0,8.697738407900927e-17,0.03226071854157813,0.5969449393997565
2048,0.9500000000000001,0.16991445192635338,0.19358927521155145,0.0,0.0,0.03528416905971669,0.6012121038022474
2048,0.9600000000000001,0.0,0.0,0.0,0.0,0.0,1.0
2048,0.97,0.0,0.0,0.0,0.0,0.0,1.0
2048,0.98,0.0,0.0,0.0,0.0,0.0,1.0
2048,0.99,0.0,0.0,0.0,0.0,0.0,1.0
2048,1.0,0.0,0.0,0.0,0.0,0.0,1.0
2049,0.01,1.0,1.6653345369377348e-16,4.5102810375396984e-17,0.0,3.469446951953614e-17,0.0
2049,0.02,1.0,0.0,0.0,0.0,0.0,1.5107314919688667e-14
2049,0.03,1.0,0.0,0.0,0.0,0.0,0.0
2049,0.04,0.9999999999999287,7.827452124315449e-14,0.0,0.0,2.9985600624390036e-17,0.0
2049,0.05,0.9999999999993495,0.0,1.2929587955845534e-13,3.9383774019796647e-13,2.2824103718122046e-13,4.7139375736193756e-14
2049,0.060000000000000005,1.0,0.0,1.3766501231072398e-14,2.1969871753145737e-14,2.836520809765741e-14,9.900733492329127e-15
2049,0.06999999999999999,0.9999999999996736,0.0,1.7439659433959923e-16,5.199015029415575e-16,7.358185397459399e-18,3.5640017402998823e-17
2049,0.08,1.0,0.0,0.0,0.0,0.0,0.0
2049,0.09,0.9999999999999999,4.274358644806853e-15,6.38378239159465e-16,6.245004513516506e-16,1.0547118733938987e-15,3.608224830031759e-16
2049,0.09999999999999999,0.9999999999999983,8.298828640658967e-16,2.7647979321969254e-16,1.9087157458805565e-16,3.498418662361094e-16,4.102093244299164e-17
2049,0.11,0.9999999999999997,0.0,7.112366251504909e-17,3.469446951953614e-16,4.0072112295064244e-16,2.7755575615628914e-17
2049,0.12,1.0,0.0,1.249000902703301e-16,1.8041124150158794e-16,0.0,0.0
2049,0.13,0.9999999999999998,0.0,0.0,3.608224830031759e-16,1.3877787807814457e-17,0.0
2049,0.14,0.9999999999999999,3.3306690738754696e-16,0.0,0.0,0.0,5.551115123125783e-17
2049,0.15000000000000002,0.9999999999999998,4.996003610813204e-16,3.2612801348363973e-16,0.0,0.0,0.0
2049,0.16,1.0,0.0,2.7755575615628914e-17,0.0,5.551115123125783e-17,4.163336342344337e-17
2049,0.17,1.0,6.661338147750939e-16,0.0,0.0,1.3877787807814457e-17,0.0
2049,0.18000000000000002,1.0,0.0,1.5959455978986625e-16,6.522560269672795e-16,0.0,0.0
2049,0.19,1.0,0.0,0.0,0.0,5.551115123125783e-17,0.0
2049,0.2,1.0,0.0,0.0,3.1138286393783687e-16,5.551115123125783e-17,4.163336342344337e-17
2049,0.21000000000000002,0.9999999999999998,0.0,0.0,6.38378239159465e-16,0.0,0.0
2049,0.22,1.0,0.0,6.938893903907228e-18,4.544975507059235e-16,2.7755575615628914e-17,4.163336342344337e-17
2049,0.23,1.0,0.0,5.637851296924623e-18,2.636779683484747e-16,0.0,9.71445146547012e-17
2049,0.24000000000000002,0.9999999999999641,3.7174924914364943e-14,0.0,0.0,0.0,0.0
2049,0.25,0.9999999999999534,4.828218835346452e-14,0.0,0.0,0.0,0.0
2049,0.26,0.999999999999993,7.759210373213944e-15,7.65990952443377e-17,0.0,0.0,0.0
2049,0.27,0.999999999999978,2.2986202446117175e-14,1.8658992333533443e-16,0.0,0.0,0.0
2049,0.28,1.0,0.0,1.1671394035159093e-16,2.4907046165660064e-16,1.2610287705543122e-16,0.0
2049,0.29000000000000004,1.0,0.0,6.938893903907228e-18,6.938893903907228e-17,5.551115123125783e-17,0.0
2049,0.3,0.9999999999999986,1.7763568394002505e-15,1.3877787807814457e-17,0.0,0.0,1.0885389811754465e-16
2049,0.31,0.9999999999999994,2.220446049250313e-16,9.367506770274758e-17,1.968911145233676e-16,0.0,0.0
2049,0.32,0.9999999999999996,5.551115123125783e-16,0.0,1.5959455978986625e-16,0.0,2.7755575615628914e-17
2049,0.33,1.0,0.0,1.1034213500587045e-16,2.5995441151234477e-16,0.0,0.0
2049,0.34,0.9999999999999958,4.3298697960381105e-15,5.551115123125783e-17,0.0,0.0,0.0
2049,0.35000000000000003,0.2610794091182477,0.7389205908817523,4.214155112349457e-17,1.9759276054844727e-17,4.268178294768008e-17,0.0
2049,0.36000000000000004,0.2571124047034416,0.742887595296582,1.0906837693846821e-16,0.0,1.203617754588606e-16,9.88338088932228e-17
2049,0.37,0.24769481314714595,0.7523051868528547,1.362842130814279e-16,0.0,0.0,0.0
2049,0.38,0.253499862320645,0.7465001376793551,8.022045592133088e-17,1.3906776920464785e-18,1.0428839517991267e-18,1.058666127403981e-17
2049,0.39,0.25373915584635237,0.7462608441536998,3.3314294941625e-16,0.0,0.0,6.483977490083912e-17
2049,0.4,0.2538840570194556,0.7461159429805485,4.165503943290138e-17,1.1519122209854196e-16,1.2395076423295724e-16,0.0
2049,0.41000000000000003,0.25413806153605445,0.7458619384639539,0.0,0.0,0.0,7.998001436091791e-17
2049,0.42000000000000004,0.25319738135216213,0.7468026186478346,0.0,0.0,0.0,0.0
2049,0.43,0.25245469234329776,0.7475453076567007,0.0,3.566674372814386e-17,8.164036232549826e-17,1.72190260659192e-17
2049,0.44,0.25485317236780936,0.7451468276321889,1.7785481665743565e-17,0.0,0.0,0.0
2049,0.45,0.2543272801371655,0.7456727198628343,9.497611030973019e-17,2.0946785972419946e-16,3.469446951953614e-18,0.0
2049,0.46,0.25387039903910336,0.7461296009608965,1.0740579711371766e-17,1.0748232573184105e-16,5.2432811174650984e-17,3.569578387878782e-17
2049,0.47000000000000003,0.25402063467523023,0.7459793653247696,4.933119884809045e-18,6.684106393373135e-17,3.903127820947816e-17,0.0
2049,0.48000000000000004,0.25380974679545076,0.746190253204549,1.9146662803658546e-17,7.299368956677314e-17,1.5863383208222103e-17,0.0
2049,0.49,0.2539900722077459,0.7460099277922546,3.6901232669391584e-17,6.952870289899987e-17,6.918143535323279e-17,0.0
2049,0.5,0.25459387104777215,0.7454061289522279,1.0633802796215498e-16,0.0,0.0,0.0
2049,0.51,0.25390545072498955,0.746094549275006,8.2928604005742e-17,0.0,0.0,0.0
2049,0.52,0.2543680785705123,0.745631921429478,0.0,7.51030268159596e-17,1.5154783314933336e-16,4.572609151585142e-17
2049,0.53,0.25398934708979,0.7460106529102103,0.0,0.0,0.0,2.42861286636753e-17
2049,0.54,0.2541543250111835,0.7458456749887998,0.0,0.0,0.0,0.0
2049,0.55,0.2544679411680529,0.7455320588319471,0.0,6.955957483345368e-17,0.0,7.479262150164259e-18
2049,0.56,0.25407407512757735,0.7459259248724226,1.1335230178111356e-17,0.0,0.0,4.096718788933645e-18
2049,0.5700000000000001,0.2543025290930531,0.7456974709069415,7.236103372156104e-17,7.72359631046382e-17,3.0631978736135085e-17,3.434980817370367e-17
2049,0.5800000000000001,0.25393356387704963,0.7460664361229524,0.0,0.0,0.0,4.834595480088759e-17
2049,0.59,0.2538897645533819,0.7461102354466214,5.2812205649104494e-17,0.0,5.4967329378312004e-17,0.0
2049,0.6,0.2539513649995522,0.7460486350004426,0.0,1.5127330811604e-16,0.0,0.0
2049,0.61,0.25401811009112246,0.7459818899067509,1.1717363480899498e-17,5.805355744776076e-18,4.239843751665142e-22,2.131451918114607e-12
2049,0.62,0.25392060060527355,0.7460793993947206,0.0,0.0,0.0,1.260843136312986e-17
2049,0.63,0.2533254052891305,0.7466745947108695,0.0,0.0,5.117434254131581e-17,4.336808689942018e-18
2049,0.64,0.2543130095782489,0.745686990421751,0.0,3.821812658011403e-17,0.0,0.0
2049,0.65,0.2539434890947768,0.7460565109052231,0.0,1.8354544553682055e-17,1.0112723632715364e-16,1.702197410802242e-17
2049,0.66,0.2541972805615511,0.745802719438449,6.396792817664476e-18,2.347297703431117e-17,0.0,4.824699667560495e-18
2049,0.67,0.2539983344272952,0.7460016655727048,4.878529577542412e-17,0.0,1.2065391198723633e-16,2.5927586498932815e-21
2049,0.68,0.25351344748571647,0.7464865525142836,0.0,0.0,0.0,2.8189256484623115e-18
2049,0.6900000000000001,0.253978554265303,0.7460214457346971,4.203555997700013e-20,4.2782195145330504e-20,1.5814817220344868e-17,2.7520193741118274e-17
2049,0.7000000000000001,0.25338387847784966,0.7466161215221503,0.0,3.903127820947816e-17,1.3530843112619095e-16,3.122502256758253e-17
2049,0.7100000000000001,0.25341004329689937,0.7465899567031007,0.0,3.642919299551295e-17,8.500145032286355e-17,5.204170427930421e-18
2049,0.72,0.25371476735045395,0.7462852326495462,0.0,5.811323644522304e-17,5.204170427930421e-18,1.3877787807814457e-17
2049,0.73,0.2543011522235349,0.7456988477764699,0.0,2.7755575615628914e-17,6.938893903907228e-17,6.071532165918825e-18
2049,0.74,0.2541930645349131,0.7458069354650869,0.0,0.0,4.683753385137379e-17,1.5937771935536915e-17
2049,0.75,0.2536038353147134,0.7463961646852865,4.9873299934333204e-18,8.673617379884035e-18,5.4969050145015075e-17,2.699663409488906e-17
2049,0.76,0.25392513490464586,0.7460748650953841,3.789286592836838e-17,4.163336342344337e-17,0.0,0.0
2049,0.77,0.2540746201089406,0.7459253798910975,0.0,4.339185805397221e-17,0.0,8.795848308037348e-19
2049,0.78,0.25370943407233004,0.74629056592767,0.0,0.0,0.0,6.629755870839879e-17
2049,0.79,0.24367851692076573,0.6783526896996214,0.0,3.645230475463863e-17,1.012346639764106e-18,0.07796879337961345
2049,0.8,0.23449206809995413,0.6199564755024596,2.0933712380602536e-17,0.0,0.0,0.14555145639758663
2049,0.81,0.22680141491766784,0.5712938729042176,1.6318018925571418e-17,0.0,0.0,0.20190471217811584
2049,0.8200000000000001,0.22026782622762864,0.5286090084900203,0.0,0.0,4.7614286586954654e-17,0.2511231652824989
2049,0.8300000000000001,0.21473797288700258,0.49242856611792585,4.481178931414432e-17,0.0,2.78498626456109e-16,0.29283346099520535
2049,0.8400000000000001,0.20982151330154925,0.4605511283400707,0.0,0.0,4.997076864591933e-17,0.3296273583586597
2049,0.85,0.20548033390198314,0.43256374925448327,6.232797571402634e-17,0.0,0.0,0.36195591684380907
2049,0.86,0.20151201548838796,0.407889764440316,2.1925965082455623e-23,3.327198171518469e-17,2.3423757870500517e-23,0.3905982201611181
2049,0.87,0.1982277035675724,0.3855094726819974,0.0,0.0,3.989364362542347e-15,0.41626282375090917
2049,0.88,0.19510268401848965,0.3655099692240335,8.684295892134622e-18,0.0,0.0,0.4393873467574838
2049,0.89,0.19223157755617712,0.34774547406280626,3.073383183379235e-17,7.665399750002501e-17,6.275445811021499e-17,0.460022948380901
2049,0.9,0.189791924536796,0.3312476924369178,1.0379796010974495e-16,0.0,0.0,0.47896038302665683
2049,0.91,0.18747472410058988,0.31632427254865425,1.9749004052678036e-17,8.145062337959866e-21,1.829443481738705e-21,0.49620100335242306
2049,0.92,0.18537550747833348,0.30258324484581445,0.0,0.0,0.0,0.512041247687138
2049,0.93,0.18344989266756034,0.289904421777245,3.866084908838339e-17,1.4162750595578484e-16,0.0,0.5266456855551405
2049,0.9400000000000001,0.18158597299558218,0.2780246442262021,0.0,7.207549669896438e-17,0.001238208918190253,0.5391511738600486
2049,0.9500000000000001,0.18010824009021004,0.26667286474650986,0.0,0.0,0.006927988921837067,0.5462909062410308
2049,0.9600000000000001,0.1786444361094136,0.2563007945734597,0.0,0.0,0.010927921638417942,0.5541268476788198
2049,0.97,0.17728552325653882,0.24656770448233634,0.0,1.375545005368891e-16,0.014598944701219842,0.5615478275599575
2049,0.98,0.17602702183142038,0.23764757241754844,0.0,0.0,0.017936818668069485,0.5683885870831271
2049,0.99,0.17482072780242158,0.22918674314263623,1.3816717313808286e-22,2.5488165667669097e-18,0.02121308929429187,0.5747794397620059
2049,1.0,0.1737250151983828,0.2211633653834531,6.324002991711341e-17,3.0550992677345134e-16,0.024457220716980272,0.5806543987013357
2050,0.01,0.06509217805196935,0.19770239512114643,0.05242809112172028,0.16718592437449872,0.2559428939862029,0.2616485173444623
2050,0.02,0.9999999999998752,8.415686665740302e-17,0.0,2.145083545930802e-16,0.0,7.008719142979307e-17
2050,0.03,1.0,1.3045065385979648e-16,3.2461139910457514e-17,0.0,0.0,0.0
2050,0.04,1.0,0.0,0.0,0.0,0.0,0.0
2050,0.05,1.0,0.0,0.0,0.0,0.0,0.0
2050,0.060000000000000005,1.0,0.0,0.0,0.0,0.0,0.0
2050,0.06999999999999999,1.0,1.545430450278218e-13,0.0,0.0,0.0,0.0
2050,0.08,0.9999999999999059,0.0,1.041527974976475e-14,3.364149236961822e-14,3.1622274243581217e-14,3.007316617953393e-14
2050,0.09,0.9999999999999999,1.1411104881961489e-15,1.0016149724309538e-16,2.5480972762609896e-16,1.4575686280343653e-16,0.0
2050,0.09999999999999999,0.9999999999999998,0.0,0.0,0.0,2.4052773977638357e-16,1.2176455011748012e-16
2050,0.11,0.9999999999999997,1.409004116295408e-16,5.690464539192478e-17,3.704511289938822e-16,0.0,0.0
2050,0.12,1.0,0.0,0.0,4.6587301285845964e-17,7.709474224865804e-17,0.0
2050,0.13,0.9999999999999998,2.4424906541753444e-15,0.0,1.4988010832439613e-15,0.0,0.0
2050,0.14,1.0,0.0,0.0,0.0,2.3592239273284576e-16,1.3877787807814457e-17
2050,0.15000000000000002,1.0,3.6440000850790757e-13,0.0,0.0,0.0,2.1283372360433158e-17
2050,0.16,0.9999999999961916,3.986490888051574e-12,0.0,0.0,0.0,0.0
2050,0.17,0.9999999999999993,5.551115123125783e-16,1.3877787807814457e-16,1.708702623837155e-16,0.0,9.71445146547012e-17
2050,0.18000000000000002,1.0,0.0,0.0,2.498001805406602e-16,2.7755575615628914e-16,0.0
2050,0.19,1.0,0.0,0.0,1.9081958235744878e-17,0.0,9.71445146547012e-17
2050,0.2,1.0,0.0,0.0,2.498001805406602e-16,0.0,2.0816681711721685e-16
2050,0.21000000000000002,0.9999999999999984,1.8318679906315083e-15,0.0,0.0,0.0,1.0798653637955624e-16
2050,0.22,0.9999999999999998,3.3306690738754696e-16,1.1102230246251565e-16,0.0,0.0,0.0
2050,0.23,1.0,0.0,8.326672684688674e-17,1.249000902703301e-16,1.8041124150158794e-16,0.0
2050,0.24000000000000002,0.9999999999999998,2.220446049250313e-16,0.0,0.0,0.0,4.163336342344337e-17
2050,0.25,1.0,0.0,0.0,3.0531133177191805e-16,0.0,0.0
2050,0.26,0.9999999999999989,1.4988010832439613e-15,0.0,0.0,0.0,0.0
2050,0.27,0.9999999999999999,0.0,0.0,0.0,0.0,5.551115123125783e-17
2050,0.28,0.9999999999999998,0.0,6.245004513516506e-17,0.0,0.0,3.729655473350135e-17
2050,0.29000000000000004,1.0,0.0,0.0,8.326672684688674e-17,8.326672684688674e-17,0.0
2050,0.3,1.0,0.0,2.7755575615628914e-17,2.255140518769849e-16,0.0,0.0
2050,0.31,1.0,0.0,2.7755575615628914e-17,0.0,2.7755575615628914e-17,5.551115123125783e-17
2050,0.32,1.0,1.1102230246251565e-16,5.551115123125783e-17,8.153200337090993e-17,1.3877787807814457e-17,1.3877787807814457e-17
2050,0.33,1.0,0.0,0.0,1.0487589258405955e-15,6.876051470759248e-16,3.6129343332184927e-16
2050,0.34,1.0,0.0,4.8556587217826394e-17,1.5450092716155252e-16,6.09455028626046e-16,1.1474204765038291e-16
2050,0.35000000000000003,0.9999999999999983,1.887379141862766e-15,0.0,7.37257477290143e-18,0.0,3.2959746043559335e-17
2050,0.36000000000000004,1.0,0.0,8.326672684688674e-17,0.0,0.0,5.919743861770854e-17
2050,0.37,0.9999999999999997,1.1102230246251565e-16,2.7755575615628914e-17,2.7755575615628914e-17,0.0,0.0
2050,0.38,1.0,0.0,0.0,1.7824283715661693e-16,1.6653345369377348e-16,2.7755575615628914e-17
2050,0.39,0.25386313085473433,0.7461368691452659,9.049958476155516e-17,0.0,3.763410962714805e-18,0.0
2050,0.4,0.2466028547491456,0.753397145250903,1.1622646755246126e-16,3.8839814819653083e-25,6.074945394868816e-25,0.0
2050,0.41000000000000003,0.2513680630371767,0.748631936962823,7.567313759725997e-17,3.2978473412627535e-17,6.522932236250648e-17,5.94854124166704e-17
2050,0.42000000000000004,0.25390025809282935,0.7460997419071708,1.0875710777027013e-16,5.5772875779625704e-18,0.0,0.0
2050,0.43,0.2546104731396585,0.7453895268603414,4.450856213206938e-17,0.0,2.645252130539658e-17,0.0
2050,0.44,0.2557408316260511,0.7442591683739455,1.0290086296306805e-16,1.1285244886791656e-16,2.148481796642871e-16,1.485865305658769e-16
2050,0.45,0.2531705708339406,0.7468294291660595,0.0,0.0,1.4978374773873412e-17,0.0
2050,0.46,0.25413838954300716,0.7458616104569942,0.0,2.798138354081109e-16,1.6403905303621412e-16,2.2032865783027973e-16
2050,0.47000000000000003,0.2542224000887185,0.7457775999112813,0.0,0.0,3.968179951296946e-17,7.806255641895632e-18
2050,0.48000000000000004,0.25397944966117036,0.7460205503388295,1.3530843112619095e-16,0.0,6.245004513516506e-17,0.0
2050,0.49,0.2541065356515517,0.7458934643484482,1.1364413604305926e-16,8.273805701396214e-19,3.3913450870455797e-17,2.452335553302305e-17
2050,0.5,0.2535081513975243,0.746491848602476,0.0,0.0,0.0,0.0
2050,0.51,0.2538315187933433,0.746168481206657,5.0142097638754684e-17,8.876190158950973e-18,2.1447393161483634e-18,0.0
2050,0.52,0.25432888853804014,0.7456711114619599,2.905661822261152e-17,0.0,0.0,0.0
2050,0.53,0.25363028665316045,0.7463697133468542,0.0,9.697646464145492e-17,9.068738397443465e-17,0.0
2050,0.54,0.2539498269025979,0.7460501730974005,1.541644491296759e-16,0.0,0.0,0.0
2050,0.55,0.2534118395957086,0.7465881604042947,0.0,1.484180608020906e-17,0.0,1.3714766564785192e-18
2050,0.56,0.2537488278682144,0.7462511721317819,9.478814442388931e-17,0.0,0.0,0.0
2050,0.5700000000000001,0.25404732218984066,0.7459526778101594,0.0,3.9726398645197735e-17,9.752248449266085e-18,7.369792252089768e-17
2050,0.5800000000000001,0.2538100874962908,0.7461899125037106,4.301608846155436e-18,0.0,2.9520690617209593e-16,2.09035782758413e-16
2050,0.59,0.25417796280398397,0.7458220371960187,4.664908887294441e-17,0.0,2.4989000573773858e-17,9.116157684110925e-17
2050,0.6,0.25380133372457114,0.7461986662754289,3.038476588390626e-17,5.6107462426124854e-18,5.502326025363935e-18,2.3201926491189795e-17
2050,0.61,0.2538456542783773,0.7461543457216226,2.5831116759467143e-17,0.0,3.878733272066892e-17,8.535381602892134e-17
2050,0.62,0.2539824684170595,0.7460175315829384,0.0,1.659420973560121e-17,0.0,2.4593791149670874e-17
2050,0.63,0.25358954872997236,0.7464104512700278,1.3023978596982122e-17,0.0,6.600853642569878e-17,7.385788486878597e-17
2050,0.64,0.25431884659717635,0.7456811534028237,0.0,0.0,5.828460841580932e-17,1.1448267028006589e-16
2050,0.65,0.2540056796446482,0.745994320355352,7.808415753898454e-17,4.021855543909919e-20,3.2993665240458614e-20,1.0829980241190643e-18
2050,0.66,0.25361188191710693,0.7463881180829042,4.4619238960786654e-17,0.0,1.0790769875826374e-17,0.0
2050,0.67,0.25390221796574863,0.7460977820342498,2.961712577001305e-17,0.0,4.565914157351185e-17,7.054648481732246e-17
2050,0.68,0.2539302415465828,0.7460697584534175,3.092248445125143e-18,7.532826321703237e-18,0.0,0.0
2050,0.6900000000000001,0.25340775760770956,0.7465922423922906,1.0408340855860843e-17,0.0,0.0,3.469446951953614e-18
2050,0.7000000000000001,0.2540660918872104,0.7459339081127895,0.0,4.119968255444917e-18,1.1492543028346347e-17,5.2475385148298415e-17
2050,0.7100000000000001,0.25396298972012116,0.746037010279879,0.0,1.522772761527581e-17,0.0,0.0
2050,0.72,0.25379436606607614,0.7462056339339241,0.0,0.0,5.7462715141731735e-18,0.0
2050,0.73,0.25384867624233615,0.7461513237576639,0.0,0.0,3.7947076036992655e-18,3.724234462487708e-17
2050,0.74,0.2538723792873372,0.746127620712663,3.152187863282667e-17,2.978118432509547e-17,0.0,4.69141292243386e-17
2050,0.75,0.2541806881252189,0.7458193118747812,0.0,3.404394821604484e-17,0.0,0.0
2050,0.76,0.2542973530065277,0.7457026469934723,0.0,2.179246366695864e-17,0.0,8.890457814381136e-18
2050,0.77,0.2539925783544329,0.7460074216455671,8.61940727125976e-18,1.0408340855860843e-17,4.174178364069192e-18,0.0
2050,0.78,0.25389800635623916,0.7461019936437608,3.738954881523809e-17,5.550771568812504e-19,6.68208960065521e-18,8.597567690912329e-18
2050,0.79,0.25394846029504664,0.7460515397049534,2.2854445354850687e-17,1.7589403021311284e-17,0.0,0.0
2050,0.8,0.2539444586095265,0.7460555413904719,4.632458908422842e-18,8.896915612013542e-18,0.0,5.7248553262131834e-18
2050,0.81,0.2539910411035488,0.7460089588964917,0.0,3.5236570605778894e-18,0.0,0.0
2050,0.8200000000000001,0.25401058576429003,0.7459894142357303,2.6056745160792007e-17,3.2640414622444464e-18,2.6447809684627477e-17,0.0
2050,0.8300000000000001,0.25429302236682777,0.7457069776331723,0.0,0.0,5.637851296924623e-18,5.228564976811345e-17
2050,0.8400000000000001,0.2446033017794182,0.6860480801575921,1.1146551976151327e-17,0.0,0.0,0.06934861806371079
2050,0.85,0.23527000638920817,0.627848044029882,0.0,0.0,0.0,0.13688194958091432
2050,0.86,0.22800104594540693,0.578175096232238,4.0619316965954215e-17,0.0,0.0,0.1938238578223551
2050,0.87,0.221428636214091,0.5361457805295726,4.087586099017421e-18,0.0,4.327668344173307e-19,0.24242558325635372
2050,0.88,0.21588326595898968,0.49897631845276996,1.2360648610734797e-17,0.0,0.0,0.28514041558823583
2050,0.89,0.21096970245940977,0.46748579789815975,3.0583688026486086e-17,6.001910646608606e-17,0.0,0.3215444996424305
2050,0.9,0.20656806884704157,0.43935645605854484,0.0,0.0,6.164572151334022e-17,0.3540754750944116
2050,0.91,0.2025541258512944,0.41348814155339286,2.5604450853934287e-17,0.0,3.1289287237498144e-17,0.38395773259535965
2050,0.92,0.19918400711073247,0.39148234419525874,2.3841907342328064e-17,6.01312655586865e-17,0.0,0.40933364869383343
2050,0.93,0.19607526980852957,0.3714265381567012,0.0,3.708805041842241e-17,2.2946633325147248e-18,0.43249819203422485
2050,0.9400000000000001,0.19317868271477098,0.35355174130511596,2.8164145220495414e-18,1.2451906895990195e-16,0.0,0.4532695759798998
2050,0.9500000000000001,0.1906918548432808,0.3366622701687345,3.1460558524694246e-17,9.737214441951813e-17,0.0,0.4726458749873313
2050,0.9600000000000001,0.1883151040221549,0.3215021287786358,0.0,0.0,0.0,0.49018276719944864
2050,0.97,0.18618984077746667,0.3075212049109643,1.5849270074058838e-18,2.253770762283517e-17,1.4703175910733335e-17,0.5062889543120846
2050,0.98,0.18420031925708177,0.2947764926715692,0.0,8.892974610914996e-17,0.0,0.5210231880713406
2050,0.99,0.18240355402807631,0.28284220010637307,7.667749691618942e-18,0.0,0.0009182653330636473,0.533835980532307
2050,1.0,0.18079449900476674,0.27151645656197804,4.125478725890592e-18,3.7128529802836146e-16,0.004861059953695583,0.5428279844793399
2051,0.01,0.154606510961124,0.05132868191761128,0.14780263871453628,0.24921469431631718,0.16149788589414815,0.23554958819626304
2051,0.02,1.0,0.0,0.0,0.0,0.0,0.0
2051,0.03,1.0,0.0,0.0,0.0,0.0,0.0
2051,0.04,1.0,0.0,0.0,0.0,0.0,0.0
2051,0.05,1.0,0.0,0.0,0.0,0.0,0.0
2051,0.060000000000000005,0.9999999999999997,1.2454793852813898e-16,0.0,3.1806753911364507e-16,8.303949698618211e-17,1.477880242949709e-16
2051,0.06999999999999999,1.0,3.489430966396867e-13,0.0,0.0,0.0,0.0
2051,0.08,0.9999999999937286,7.201583545848396e-12,0.0,0.0,0.0,0.0
2051,0.09,1.0,0.0,2.6853519408120974e-15,0.0,2.310651670001107e-15,4.2396641752873165e-15
2051,0.09999999999999999,1.0,0.0,2.1843332230605996e-15,0.0,5.783299559462395e-15,8.11551584126765e-15
2051,0.11,1.0,0.0,5.326022470140057e-15,0.0,1.658755420278174e-14,2.05318753535369e-14
2051,0.12,0.9999999999996755,0.0,0.0,4.610547239181946e-16,0.0,0.0
2051,0.13,1.0,0.0,3.902922627216344e-15,0.0,5.225529210728386e-15,8.718267239390888e-15
2051,0.14,0.9999999999999358,6.743762267397721e-14,0.0,5.610447875256815e-15,0.0,0.0
2051,0.15000000000000002,0.9999999999999609,4.1674124766447615e-14,0.0,1.300195574035351e-17,0.0,0.0
2051,0.16,0.9999999999999998,7.503587050437605e-17,4.503755696098555e-16,0.0,4.735037847958897e-16,9.186447614122584e-16
2051,0.17,0.9999999999999881,0.0,1.1102230246251565e-16,0.0,3.608224830031759e-16,2.498001805406602e-16
2051,0.18000000000000002,1.0,0.0,0.0,0.0,0.0,1.249000902703301e-16
2051,0.19,1.0,0.0,0.0,1.5265566588595902e-16,9.367506770274758e-17,0.0
2051,0.2,0.9999999999999998,0.0,0.0,4.163336342344337e-17,0.0,6.938893903907228e-17
2051,0.21000000000000002,1.0,0.0,5.204170427930421e-17,0.0,8.326672684688674e-17,2.42861286636753e-17
2051,0.22,1.0,0.0,1.249000902703301e-16,4.90059381963448e-16,0.0,0.0
2051,0.23,1.0,0.0,1.4224732503009818e-16,9.107298248878237e-17,5.204170427930421e-17,2.7755575615628914e-17
2051,0.24000000000000002,0.9999999999999993,1.1102230246251565e-15,0.0,0.0,0.0,0.0
2051,0.25,0.9999999999999999,0.0,2.7755575615628914e-17,1.5265566588595902e-16,0.0,8.326672684688674e-17
2051,0.26,1.0,0.0,2.7755575615628914e-17,4.163336342344337e-17,7.632783294297951e-17,5.551115123125783e-17
2051,0.27,0.9999999999999997,2.7755575615628914e-16,1.3877787807814457e-17,8.673617379884035e-17,0.0,0.0
2051,0.28,1.0,0.0,4.417350935314061e-17,6.125126058073973e-16,0.0,1.8429086415824945e-16
2051,0.29000000000000004,0.9999999999999997,4.295750843142474e-16,0.0,2.8984774245377095e-16,0.0,0.0
2051,0.3,0.9999999999999998,7.30298483310941e-17,0.0,0.0,1.9481908375079423e-16,8.449191016745818e-17
2051,0.31,0.9999999999999999,6.967873734901878e-16,0.0,0.0,0.0,0.0
2051,0.32,0.9999999999999608,4.0634931807196836e-14,0.0,0.0,2.0067184608343717e-16,0.0
2051,0.33,0.9999999999999986,1.5405644662248082e-15,0.0,0.0,5.581947122405839e-17,4.749652548433764e-17
2051,0.34,0.9999999999999992,8.326672684688674e-16,0.0,1.3877787807814457e-17,0.0,0.0
2051,0.35000000000000003,1.0,0.0,0.0,4.570996359198887e-16,0.0,9.71445146547012e-17
2051,0.36000000000000004,0.9999999999999987,1.7763568394002505e-15,0.0,0.0,0.0,0.0
2051,0.37,0.9999999999999889,1.1426282605497958e-14,0.0,0.0,0.0,8.100684294361227e-17
2051,0.38,1.0,0.0,9.540979117872439e-18,1.1275702593849246e-17,9.71445146547012e-17,1.3877787807814457e-17
2051,0.39,0.5622924930406182,0.4377075069593817,0.0,8.924000319092407e-17,0.0,1.9312351197398048e-17
2051,0.4,0.2519725895693004,0.7480274104306878,1.5301268797263063e-17,0.0,1.1541351886677547e-17,0.0
2051,0.41000000000000003,0.2533771392435262,0.7466228607564737,0.0,2.5760643618255585e-16,0.0,2.688821387764051e-17
2051,0.42000000000000004,0.255728902711646,0.7442710972883381,0.0,0.0,2.369050076652315e-16,1.5914936398513394e-16
2051,0.43,0.253096995123466,0.746903004876534,0.0,1.2743616588333987e-16,0.0,0.0
2051,0.44,0.25327719674306975,0.7467228032570175,9.646731503162095e-18,0.0,2.967360206977823e-17,2.716502475791369e-17
2051,0.45,0.25473625029785957,0.7452637497021553,2.953526759592208e-17,4.9530377438470594e-17,0.0,5.035802091673748e-17
2051,0.46,0.25457282948314364,0.7454271705168563,1.5404140687628217e-17,6.406441867554562e-17,0.0,1.0330601448340302e-16
2051,0.47000000000000003,0.2542544170198998,0.7457455829800914,0.0,2.308304623259104e-18,7.34646361475248e-17,1.149929533599836e-17
2051,0.48000000000000004,0.2538637419049791,0.7461362580950206,2.845470536709863e-17,2.563156051073105e-16,3.55207074046848e-18,2.733840717159174e-17
2051,0.49,0.2534191245956342,0.7465808754043566,6.964031150027778e-17,9.573594507728726e-18,0.0,0.0
2051,0.5,0.2547495162363487,0.7452504837637058,0.0,0.0,0.0,0.0
2051,0.51,0.25408041249344043,0.7459195875065654,1.2468298436093958e-16,0.0,7.119961231311328e-17,9.541849113040694e-18
2051,0.52,0.25396636177623755,0.746033638223766,4.951853117650748e-18,5.878926587834736e-17,0.0,0.0
2051,0.53,0.2539166787950143,0.7460833212049819,2.0919964802939745e-17,2.0061284899013518e-17,0.0,6.791897242982482e-17
2051,0.54,0.2538982842724374,0.7461017157275565,0.0,7.888258516330973e-17,1.4396396614078295e-17,4.2288142235241006e-17
2051,0.55,0.25317302699027805,0.7468269730097222,1.6962893559951432e-17,0.0,0.0,0.0
2051,0.56,0.2533865774548839,0.7466134225451221,7.859709660911124e-17,0.0,1.0560722474851771e-16,8.386933743893984e-17
2051,0.5700000000000001,0.25387320155249854,0.7461267984475077,0.0,9.108851344112244e-17,0.0,5.518987485406787e-18
2051,0.5800000000000001,0.253930531815243,0.7460694681847571,8.0288135487867e-18,2.519589498858562e-17,8.369056095786911e-18,1.843932492657488e-17
2051,0.59,0.25394639244756373,0.7460536075524318,2.226793897054425e-17,0.0,2.723835114781897e-17,5.296465169496382e-19
2051,0.6,0.25432830142233537,0.7456716985776648,0.0,6.4408385309217e-18,8.851102546069333e-17,0.0
2051,0.61,0.2538791832052615,0.7461208167947457,0.0,0.0,8.278454784188533e-18,0.0
2051,0.62,0.2546410149988109,0.7453589850011892,0.0,4.717804109617002e-17,0.0,0.0
2051,0.63,0.2536491960665487,0.7463508039334509,6.102110055314705e-17,1.6833256111038606e-16,0.0,6.106225237503126e-17
2051,0.64,0.25433883039175864,0.7456611696082492,0.0,5.37354482163776e-17,1.8744992975100427e-18,8.307349700342996e-17
2051,0.65,0.2544491180433545,0.7455508819566389,1.5524280294782255e-17,0.0,0.0,5.008154325615743e-17
2051,0.66,0.25449423813878674,0.7455057618612136,9.189120308094023e-17,0.0,9.892709549219787e-18,0.0
2051,0.67,0.2543333349607901,0.7456666650392102,7.159042399110051e-17,0.0,0.0,3.836831610957406e-17
2051,0.68,0.25377986876605363,0.7462201312339466,4.8138576458356397e-17,0.0,5.204170427930421e-18,0.0
2051,0.6900000000000001,0.25379947501254235,0.7462005249874576,1.3660947373317356e-17,0.0,0.0,1.0928757898653885e-16
2051,0.7000000000000001,0.2539141723057987,0.7460858276942013,0.0,0.0,2.710505431213761e-19,0.0
2051,0.7100000000000001,0.25414597209105083,0.7458540279089511,1.792238720972923e-17,0.0,5.8660411942827124e-18,0.0
2051,0.72,0.253965634329705,0.7460343656702967,0.0,8.417570465056904e-17,5.295175080114572e-17,0.0
2051,0.73,0.2534941960405697,0.7465058039594292,0.0,0.0,0.0,9.551397623123667e-17
2051,0.74,0.2539836319407576,0.7460163680515163,7.727613638523645e-12,4.467395777465338e-17,6.817725919148846e-23,2.271421692509829e-17
2051,0.75,0.2539971254455094,0.7460028745544907,1.9179442145189778e-17,0.0,1.3896992477630562e-17,3.308910169047788e-17
2051,0.76,0.25349250652562094,0.7465074934744012,2.42861286636753e-17,0.0,3.469446951953614e-18,0.0
2051,0.77,0.25422105512956755,0.7457789448704326,0.0,0.0,1.713039432527097e-17,0.0
2051,0.78,0.25401595951765965,0.7459840404823403,4.9873299934333204e-18,3.187554387107383e-17,1.0842021724855044e-19,1.702197410802242e-17
2051,0.79,0.2538645879849284,0.7461354120150715,2.9282738040306073e-17,8.768012833776501e-17,0.0,2.302769622950078e-17
2051,0.8,0.2538513497331415,0.7461486502668585,0.0,8.05020113070487e-18,2.3852447794681098e-18,0.0
2051,0.81,0.25410695827313284,0.7458930417268742,1.9263181664085968e-17,0.0,0.0,0.0
2051,0.8200000000000001,0.25391352850282867,0.7460864714971716,3.431205196650163e-17,7.213366275086658e-17,0.0,0.0
2051,0.8300000000000001,0.24519728186813725,0.6890723610123864,0.0,0.0,1.054262266816571e-16,0.06573035711956444
2051,0.8400000000000001,0.23566759243113952,0.6271212619113293,0.0,1.9000618934024985e-17,0.0,0.13721114565765014
2051,0.85,0.22753503931886906,0.5751778215893631,0.0,0.0,6.029205343021774e-17,0.19728713909183015
2051,0.86,0.22072002752187841,0.5311346252617132,0.0,2.6741326503977324e-17,0.0,0.2481453472171888
2051,0.87,0.21484109164780824,0.4935443027927986,1.9180779401564678e-17,5.1653239674420367e-17,8.734016471644155e-18,0.2916146055595919
2051,0.88,0.20978334513339678,0.4603416102060717,2.1391971145296443e-19,0.0,4.0779712100710457e-17,0.32987504466051387
2051,0.89,0.20525162964813048,0.4319367537139305,0.0,0.0,1.2793741941445452e-16,0.36281161663832534
2051,0.9,0.20129314507980325,0.4059729087658008,2.1602491861919247e-17,0.0,0.0,0.3927339461543966
2051,0.91,0.19795595996524162,0.3828789025234422,1.3868228215981648e-17,7.280825780625731e-18,0.0,0.4191651375110647
2051,0.92,0.19460192420226627,0.36304850929691573,9.384168462792908e-24,3.167963696633967e-18,7.31004444627446e-18,0.44234956887037824
2051,0.93,0.19189395330267803,0.34421518651388383,6.529949720152169e-14,0.0,0.0,0.463890860183614
2051,0.9400000000000001,0.18920167268513638,0.3274291647983821,0.0,1.146812620762743e-17,0.0,0.4833691625160959
2051,0.9500000000000001,0.1869383716587798,0.3124745726777768,3.2270186468046475e-17,1.6409081373101436e-17,1.9812025983227802e-17,0.500587055663682
2051,0.9600000000000001,0.18472010566345642,0.29848661491307066,6.12438432232895e-17,9.774590605961479e-17,2.0729016052662634e-17,0.5167932794237008
2051,0.97,0.18276522394771041,0.2857924189333826,7.211658611305779e-17,7.825171287716188e-17,3.7011240951159154e-08,0.531442320107792
2051,0.98,0.18105730275511758,0.27349021578923877,0.0,3.1291651343292654e-17,0.004078655071917029,0.5413738263836007
2051,0.99,0.17949724657087388,0.26212168004543646,3.874950223495376e-24,9.998020172368794e-17,0.009319282823517658,0.5490617918999856
2051,1.0,0.17798240562491147,0.25154643683825784,0.0,9.645518407429438e-17,0.01199040650443392,0.5584807510323873
2052,0.01,1.0,9.268145933847652e-17,3.892094473155071e-18,0.0,0.0,1.2765309699589604e-17
2052,0.02,1.0,0.0,6.806928537852985e-17,1.9867485118643304e-16,9.728987689018061e-17,4.7384079039067674e-17
2052,0.03,1.0,0.0,0.0,0.0,0.0,0.0
2052,0.04,0.9999999999998144,6.611378111642807e-14,2.067790383364354e-15,1.011829509067752e-13,1.0033640585049852e-14,6.161737786669619e-15
2052,0.05,1.0,0.0,0.0,0.0,0.0,0.0
2052,0.060000000000000005,0.9999999999999972,2.375877272697835e-14,0.0,1.3600232051658168e-15,5.551115123125783e-16,2.498001805406602e-16
2052,0.06999999999999999,0.9999999999999968,0.0,4.440892098500626e-16,2.0816681711721685e-15,5.551115123125783e-16,2.3592239273284576e-16
2052,0.08,0.9999999999999969,1.942890293094024e-15,5.204170427930421e-16,1.0755285551056204e-15,0.0,0.0
2052,0.09,0.999999999999998,1.942890293094024e-15,1.6653345369377348e-16,0.0,0.0,8.326672684688674e-17
2052,0.09999999999999999,1.0,0.0,0.0,0.0,1.249000902703301e-16,6.522560269672795e-16
2052,0.11,0.9999999999999981,3.3306690738754696e-16,0.0,1.5126788710517758e-15,1.3877787807814457e-16,1.8735013540549517e-16
2052,0.12,0.9999999999999989,3.885780586188048e-16,0.0,5.84601811404184e-16,1.8041124150158794e-16,0.0
2052,0.13,0.9999999999999997,2.4424906541753444e-15,0.0,0.0,0.0,0.0
2052,0.14,0.9999999999999986,0.0,1.3183898417423734e-16,2.048708425128609e-15,0.0,0.0
2052,0.15000000000000002,0.9999999999999978,0.0,1.3877787807814457e-16,3.570060913560269e-15,0.0,9.71445146547012e-17
2052,0.16,0.9999999999999994,0.0,1.3444106938820255e-16,8.916478666520788e-16,0.0,0.0
2052,0.17,0.9999999999999993,0.0,1.6653345369377348e-16,7.216449660063518e-16,0.0,0.0
2052,0.18000000000000002,1.0,0.0,0.0,7.494005416219807e-16,2.42861286636753e-17,0.0
2052,0.19,1.0,6.661338147750939e-16,0.0,0.0,1.1102230246251565e-16,2.42861286636753e-17
2052,0.2,0.9999999999999994,1.27675647831893e-15,0.0,0.0,0.0,0.0
2052,0.21000000000000002,1.0,0.0,1.8069515635759574e-17,1.4989842700006728e-14,0.0,1.8826286634572088e-17
2052,0.22,1.0,0.0,3.7932845883478783e-16,2.556431260426859e-14,0.0,0.0
2052,0.23,1.0,0.0,1.8725738529777082e-16,4.1001836833794245e-15,0.0,0.0
2052,0.24000000000000002,0.9999999999999758,2.5275655846063822e-14,9.511502371307989e-17,0.0,0.0,7.480952638502618e-17
2052,0.25,0.999999999999999,1.5543122344752192e-15,9.71445146547012e-17,0.0,0.0,0.0
2052,0.26,0.9999999999999993,9.992007221626409e-16,3.122502256758253e-17,0.0,0.0,0.0
2052,0.27,0.9999999999999994,7.771561172376096e-16,9.71445146547012e-17,0.0,0.0,0.0
2052,0.28,1.0,0.0,0.0,2.706168622523819e-16,4.85722573273506e-17,0.0
2052,0.29000000000000004,0.9999999999999998,2.7755575615628914e-16,0.0,0.0,0.0,0.0
2052,0.3,0.9999999999999996,9.992007221626409e-16,0.0,0.0,0.0,6.938893903907228e-18
2052,0.31,1.0,0.0,0.0,0.0,2.7755575615628914e-17,6.245004513516506e-17
2052,0.32,1.0,5.519544303172854e-14,0.0,0.0,0.0,9.336069393693526e-17
2052,0.33,0.9999999999999944,5.662137425588298e-15,0.0,0.0,0.0,0.0
2052,0.34,1.0,0.0,0.0,6.462656617335313e-15,0.0,0.0
2052,0.35000000000000003,0.2426652855836579,0.7573347145934317,0.0,0.0,0.0,5.878759245856939e-17
2052,0.36000000000000004,0.24531464617294405,0.7546853538271006,0.0,0.0,0.0,0.0
2052,0.37,0.253430668865575,0.7465693311344254,1.3627992849308568e-16,0.0,0.0,9.234613274106129e-18
2052,0.38,0.2541420854952749,0.7458579145047253,5.99848216212499e-17,7.64529262430966e-17,0.0,0.0
2052,0.39,0.2506500687734653,0.7493499312265346,0.0,3.122502256758253e-17,1.214306433183765e-16,0.0
2052,0.4,0.25321113225484904,0.7467888677451513,0.0,2.2190145635694533e-17,0.0,0.0
2052,0.41000000000000003,0.2536086886800062,0.7463913113199938,9.107298248878237e-17,0.0,0.0,3.8163916471489756e-17
2052,0.42000000000000004,0.25397140937050633,0.7460285906294937,6.591949208711867e-17,0.0,0.0,0.0
2052,0.43,0.25419933264963945,0.7458006673503603,0.0,1.7840546748248975e-16,0.0,4.6566483308252415e-17
2052,0.44,0.25393483161091646,0.7460651683890837,1.3181066767851089e-17,4.38709160172108e-18,3.509673281376864e-18,6.001136089428138e-18
2052,0.45,0.2530897641567179,0.746910235843282,6.114900252818245e-17,1.4311468676808659e-16,0.0,2.3418766925686896e-17
2052,0.46,0.2538461589297372,0.746153841070263,0.0,0.0,2.5235812525655652e-17,6.691020204226459e-17
2052,0.47000000000000003,0.25369410339382037,0.7463058966061763,5.018221946505681e-17,2.0586229682668093e-16,0.0,0.0
2052,0.48000000000000004,0.25425889293838616,0.7457411070616143,0.0,0.0,5.182486384480711e-17,0.0
2052,0.49,0.25344825131262616,0.7465517486873735,2.1198862977522825e-16,7.071369856857801e-17,2.8815246919868545e-17,3.088282125689179e-17
2052,0.5,0.25338627454864954,0.7466137254513543,5.1184117981656996e-17,0.0,2.5905552674031465e-17,0.0
2052,0.51,0.25382434849058455,0.7461756515094157,0.0,0.0,5.984795992119984e-17,3.458604930228759e-17
2052,0.52,0.2544863328511514,0.7455136671488484,5.778797579347739e-17,2.2518879122523927e-16,1.3227266504323154e-17,1.0733601507606494e-17
2052,0.53,0.2538975347606551,0.746102465239345,0.0,0.0,5.680551723838991e-17,9.023622449046247e-17
2052,0.54,0.2539733576508572,0.7460266423491421,6.823245303276686e-20,9.230273418711418e-20,1.5477616007832328e-20,8.331977974236099e-20
2052,0.55,0.2539534429054937,0.7460465570945063,3.0088551370693446e-17,2.755516898119166e-17,4.906896293091277e-20,2.4158839615924348e-17
2052,0.56,0.25390465304407794,0.7460953469559226,0.0,0.0,3.671850558220409e-18,0.0
2052,0.5700000000000001,0.25385499114464405,0.7461450088553544,4.7949492404345895e-17,0.0,5.142648082030724e-17,3.024266693551814e-17
2052,0.5800000000000001,0.25400405367445084,0.7459959463255492,5.009350998564647e-19,0.0,0.0,4.122299678984312e-19
2052,0.59,0.2539224555546279,0.7460775444453721,1.9516215973234926e-17,1.5506212757823748e-16,3.398158019734218e-17,1.2141187483845192e-17
2052,0.6,0.2538974448345342,0.7461025551654661,1.6588293239028218e-17,0.0,1.22514845490862e-17,1.929879867024198e-17
2052,0.61,0.2541563639390286,0.7458436360609715,6.179952383167375e-18,0.0,3.0357660829594124e-18,2.1575623232461538e-17
2052,0.62,0.2539793693694612,0.7460206306305387,3.414494103015764e-17,1.6604635131490148e-16,3.327967151840466e-17,5.3732517846958e-18
2052,0.63,0.25414751537447583,0.745852484625524,1.0191500421363742e-17,1.5352302762394743e-16,9.324138683375338e-18,1.5178830414797062e-18
2052,0.64,0.2541260256460686,0.7458739743539315,3.2634485391813683e-17,0.0,0.0,0.0
2052,0.65,0.25392933318614197,0.7460706668138565,0.0,7.93463254242877e-17,7.199451670801486e-18,1.4845612203180254e-17
2052,0.66,0.2537737059444329,0.7462262940555672,5.9631119486702744e-18,0.0,3.469446951953614e-18,1.2468324983583301e-17
2052,0.67,0.25413921100005227,0.745860788999948,1.8431436932253575e-17,0.0,0.0,2.2768245622195593e-17
2052,0.68,0.2540415753483217,0.7459584246516697,0.0,0.0,0.0,0.0
2052,0.6900000000000001,0.2540264162850865,0.7459735837149137,3.3834236813084714e-18,0.0,5.58219859465365e-18,1.274913271217685e-17
2052,0.7000000000000001,0.2543130317039689,0.745686968296031,8.671837287205821e-18,0.0,1.8187279685207523e-17,1.965772888164099e-17
2052,0.7100000000000001,0.25120417230282827,0.7284651419875033,6.784752307428814e-18,4.1025249639164634e-17,0.0,0.02033068570966433
2052,0.72,0.23855566683204937,0.6464257414597802,1.0490267511548718e-16,0.0,2.4862510296191115e-16,0.11501859170719315
2052,0.73,0.2284279267287086,0.5810618454915675,1.9500525509621426e-17,0.0,0.0,0.19051022777972404
2052,0.74,0.22038298100937492,0.527511151711234,2.2631907921540597e-17,1.1043252716028537e-16,0.0,0.25210586727939055
2052,0.75,0.21319718621788,0.48265010070339776,1.0449591329372854e-16,0.0,9.538751365386469e-17,0.3041527130783063
2052,0.76,0.20747275379132996,0.4452470856703344,2.0686988373672226e-17,6.138771537583425e-17,3.178978409093029e-16,0.3472801605376203
2052,0.77,0.20238537499734163,0.4125749895719796,0.0,1.6276420051678311e-16,0.0,0.38503963543068026
2052,0.78,0.19807496159802704,0.384202157517187,1.2064034302195441e-17,0.0,0.0,0.41772288088478177
2052,0.79,0.1942121469344043,0.3595140986053348,3.3370017434194817e-17,2.3647662293764313e-16,0.0,0.44627375446026096
2052,0.8,0.19082206304988203,0.3381852656309166,0.0,1.6642593129867317e-23,0.0,0.470992671319201
2052,0.81,0.18782115091060858,0.3183730670769692,0.0,2.48300846856942e-18,8.371134770647898e-18,0.4938057820124767
2052,0.8200000000000001,0.18512561345189868,0.30081457917738014,0.0,0.0,2.6813195782213522e-17,0.5140598073703655
2052,0.8300000000000001,0.1827613910587977,0.2849976112486491,5.0138891091662824e-17,9.601828180821431e-16,0.00010775432377018895,0.5321332433687435
2052,0.8400000000000001,0.18063278019583362,0.2703479710576294,6.092898955230583e-18,6.353090303582105e-18,0.005623971772399934,0.5433952769741262
2052,0.85,0.17871904986101467,0.25695933378396546,0.0,8.691475382849659e-18,0.010486459951251238,0.5538351564041174
2052,0.86,0.17708345137453052,0.24472594737866113,1.6047094758644871e-24,2.172128316257381e-23,0.01632618908943406,0.5618644133557623
2052,0.87,0.17540725156400552,0.23325724972682543,7.093385546331483e-17,6.861921192365583e-17,0.019682066004903558,0.5716534327042683
2052,0.88,0.17392192762044104,0.22299235493788225,7.894223529782654e-17,4.996592552827246e-16,0.023506633067466174,0.5795790843742005
2052,0.89,0.17265356370770082,0.21324061072970824,0.0,1.2132871481419784e-16,0.027456281513782568,0.5866495440486774
2052,0.9,0.17139239506779572,0.2043647789255245,0.0,0.0,0.030461728572727123,0.5937810974341063
2052,0.91,0.17018825822427752,0.19613954292610364,1.7712497288326238e-17,0.0,0.03420777130523277,0.5994644275443862
2052,0.92,0.0,0.0,0.0,0.0,0.0,1.0
2052,0.93,0.0,0.0,0.0,0.0,0.0,1.0
2052,0.9400000000000001,0.0,0.0,0.0,0.0,0.0,1.0
2052,0.9500000000000001,0.0,0.0,0.0,0.0,0.0,1.0
2052,0.9600000000000001,0.0,0.0,0.0,0.0,0.0,1.0
2052,0.97,0.0,0.0,0.0,0.0,0.0,1.0
2052,0.98,0.0,0.0,0.0,0.0,0.0,1.0
2052,0.99,0.0,0.0,0.0,0.0,0.0,1.0
2052,1.0,0.0,0.0,0.0,0.0,0.0,1.0
2053,0.01,0.12573000500485382,0.15529956755838065,0.24881183087440872,0.1561303657034235,0.17133807734019246,0.1426901535187409
2053,0.02,1.0,0.0,0.0,0.0,0.0,0.0
2053,0.03,1.0,3.047813413594755e-16,0.0,0.0,2.641378611752134e-17,0.0
2053,0.04,1.0,0.0,0.0,0.0,0.0,0.0
2053,0.05,1.0,0.0,0.0,0.0,0.0,0.0
2053,0.060000000000000005,1.0,5.928590951498336e-14,0.0,0.0,0.0,0.0
2053,0.06999999999999999,0.9999999999988307,0.0,6.644910316433439e-13,2.7798943702528334e-13,1.6213246023522032e-13,1.49441223284974e-13
2053,0.08,1.0,0.0,1.1365777538592102e-13,8.191975239603161e-14,9.815329044905784e-14,9.435969987005776e-14
2053,0.09,1.0,1.0436096431476471e-14,0.0,0.0,0.0,0.0
2053,0.09999999999999999,1.0,0.0,2.220446049250313e-16,9.71445146547012e-17,6.38378239159465e-16,3.3306690738754696e-16
2053,0.11,1.0,0.0,1.1102230246251565e-16,0.0,1.8041124150158794e-16,4.85722573273506e-16
2053,0.12,1.0,0.0,0.0,0.0,4.163336342344337e-17,0.0
2053,0.13,1.0,0.0,0.0,2.914335439641036e-16,4.666406150377611e-16,5.551115123125783e-16
2053,0.14,0.99999999999973,2.8136419458757987e-13,6.3438316591209274e-15,0.0,0.0,0.0
2053,0.15000000000000002,0.9999999999999986,7.771561172376096e-16,7.494005416219807e-16,4.718447854656915e-16,0.0,0.0
2053,0.16,1.0,0.0,0.0,5.551115123125783e-17,0.0,1.942890293094024e-16
2053,0.17,1.0,4.440892098500626e-16,0.0,0.0,5.551115123125783e-17,0.0
2053,0.18000000000000002,0.9999999999999993,1.1102230246251565e-15,1.1102230246251565e-16,0.0,0.0,2.0816681711721685e-17
2053,0.19,1.0,0.0,3.072717713324326e-14,1.7088251851102257e-14,0.0,0.0
2053,0.2,1.0,0.0,7.483631168440073e-15,4.377209143971173e-15,0.0,0.0
2053,0.21000000000000002,1.0,0.0,2.6386336903755207e-14,1.5660767386071052e-14,0.0,0.0
2053,0.22,1.0,0.0,1.4562559100286224e-14,7.580989347155719e-15,0.0,0.0
2053,0.23,0.999999999999872,1.3298070581307204e-13,0.0,0.0,8.4500006818089e-16,7.949518559429488e-16
2053,0.24000000000000002,1.0,0.0,0.0,2.8916307214898844e-16,3.320208216976879e-16,2.5536518700412097e-16
2053,0.25,1.0,0.0,2.7755575615628914e-16,0.0,8.326672684688674e-17,3.5128150388530344e-17
2053,0.26,0.9999999999999983,2.275957200481571e-15,0.0,0.0,1.9081958235744878e-17,0.0
2053,0.27,1.0,0.0,2.7755575615628914e-17,1.457167719820518e-16,0.0,0.0
2053,0.28,0.9999999999999996,3.885780586188048e-16,3.608224830031759e-16,0.0,0.0,6.245004513516506e-17
2053,0.29000000000000004,0.9999999999999991,1.1102230246251565e-15,0.0,0.0,6.245004513516506e-17,0.0
2053,0.3,1.0,0.0,3.0379344873043834e-16,8.326672684688674e-17,0.0,4.163336342344337e-17
2053,0.31,1.0,0.0,3.6007692460300264e-15,1.7267558605584595e-15,0.0,0.0
2053,0.32,0.9999999999999996,4.440892098500626e-16,3.469446951953614e-17,2.7755575615628914e-17,0.0,0.0
2053,0.33,0.9999999999995488,0.0,0.0,5.34936210628001e-17,2.3854030615122975e-16,7.453313220344892e-17
2053,0.34,0.25578874161162124,0.7442112583883793,8.069859993820939e-19,3.0128952630069977e-19,5.1583923408307394e-18,1.6633215232068046e-17
2053,0.35000000000000003,0.25431202969652184,0.745687970303478,2.4256224606169455e-17,1.0604857731642045e-16,5.4719641789197776e-17,0.0
2053,0.36000000000000004,0.2541245595967738,0.7458754404032377,0.0,0.0,0.0,1.4344894725475674e-17
2053,0.37,0.2521732217623655,0.7478267782376349,0.0,0.0,5.551115123125783e-17,0.0
2053,0.38,0.25387224521462204,0.7461277547853744,0.0,0.0,0.0,6.306701599301121e-17
2053,0.39,0.25415951655109054,0.7458404834489119,0.0,9.039005711019293e-18,3.5976251084591576e-17,0.0
2053,0.4,0.25394243183411935,0.7460575681658823,0.0,5.556135671539087e-17,1.7437247191278344e-16,0.0
2053,0.41000000000000003,0.2547527213740436,0.7452472786259564,1.9111583213075097e-16,1.3288072882024172e-16,0.0,0.0
2053,0.42000000000000004,0.2546051645206268,0.7453948354793731,4.0115480381963664e-18,9.69276742202041e-17,5.4860629927766524e-17,0.0
2053,0.43,0.25433340477734745,0.7456665952226526,4.634014389764045e-21,0.0,9.757436288021515e-18,0.0
2053,0.44,0.25409928603173504,0.745900713968265,0.0,0.0,4.662069341687669e-17,2.862293735361732e-17
2053,0.45,0.25415130637424893,0.745848693625751,9.437253775373218e-19,1.5512639570648472e-17,9.94541359404716e-18,2.9037703924225287e-17
2053,0.46,0.2544053304549551,0.7455946695450433,3.988723880601213e-17,0.0,8.679861156646004e-18,4.958470192177822e-18
2053,0.47000000000000003,0.25371483788801613,0.7462851621119865,4.5972795189541705e-17,0.0,0.0,0.0
2053,0.48000000000000004,0.253905944965546,0.7460940550344526,9.123003132421081e-17,7.39672276693074e-19,0.0,1.294520041192859e-17
2053,0.49,0.2538031027141555,0.7461968972858473,7.620597552403127e-17,0.0,0.0,2.484051347652631e-17
2053,0.5,0.25425635714967937,0.7457436428503178,6.533136716248962e-17,4.632290508763515e-17,0.0,6.964042014326188e-17
2053,0.51,0.253914929261716,0.7460850707382832,5.157217246128051e-17,0.0,0.0,0.0
2053,0.52,0.25392777652224924,0.746072223477748,7.523512957442148e-17,0.0,3.0499940455755724e-17,0.0
2053,0.53,0.25398133907301856,0.7460186609269815,0.0,1.687527243364893e-17,2.7411537079189535e-17,2.77565170948689e-17
2053,0.54,0.25421523382420724,0.7457847661757958,0.0,0.0,0.0,1.1434193048777306e-17
2053,0.55,0.2538968135944289,0.7461031864055712,5.1622559367164907e-17,3.610579853359086e-18,9.260958387466055e-18,0.0
2053,0.56,0.25427868705945317,0.7457213129405431,1.7774238626857745e-17,3.091450558307502e-17,0.0,0.0
2053,0.5700000000000001,0.25398973485947696,0.7460102651405218,0.0,0.0,3.061634749925291e-17,9.188041400265198e-18
2053,0.5800000000000001,0.25438075805230453,0.7456192419476994,6.847291986688798e-17,0.0,4.110008566357619e-17,8.517921677036212e-17
2053,0.59,0.2539587580942711,0.7460412419057291,0.0,2.439454888092385e-18,0.0,0.0
2053,0.6,0.2540922784104397,0.7459077215895605,0.0,0.0,0.0,0.0
2053,0.61,0.25405799603879303,0.745942003961207,1.872129108046876e-17,2.5647019783836293e-18,1.106266972765476e-17,1.0756436655608953e-17
2053,0.62,0.25391576221527506,0.7460842377847272,0.0,0.0,1.5720931501039814e-17,0.0
2053,0.63,0.25394449628448873,0.7460555037155113,1.6971126670325567e-18,4.788889259410096e-18,1.0543690091927302e-17,0.0
2053,0.64,0.25391487909676497,0.7460851209032351,3.8876203578441484e-17,8.795557616433538e-18,0.0,5.249239002726792e-18
2053,0.65,0.25382927196622757,0.7461707280337725,9.584639094587646e-18,3.9136446942947004e-17,2.3854272573607998e-17,3.084814045763979e-17
2053,0.66,0.2541219733529493,0.7458780266470476,1.4609624274242172e-17,0.0,2.0843786766033823e-17,0.0
2053,0.67,0.24098687994051582,0.6636361364290059,0.0,1.6425674855519107e-17,1.3687690679865679e-16,0.0953769836305793
2053,0.68,0.22974188645105767,0.5875908030056223,0.0,2.308893940977934e-18,0.0,0.18266731054324595
2053,0.6900000000000001,0.22008537011903634,0.5269951265732842,0.0,6.788027288018617e-17,2.9692000715454716e-13,0.25291950330738305
2053,0.7000000000000001,0.21255437579161796,0.4771412213944974,8.996595498604483e-17,3.893061010888372e-17,0.0,0.3103044028138957
2053,0.7100000000000001,0.2059285144973226,0.43650868315744035,1.9338964767485835e-17,0.0,0.0,0.35756280234522186
2053,0.72,0.20066714337979052,0.4009887747547528,5.816597131304252e-20,9.71769847752688e-21,1.3375928698491989e-16,0.39834408190035475
2053,0.73,0.19603332297038795,0.3710284785547264,0.0,4.3427066116171296e-17,0.0,0.4329381984748777
2053,0.74,0.1920264342013088,0.34541287732979203,1.4484962761628236e-16,2.88764235674287e-17,3.173441734599524e-17,0.4625606884681299
2053,0.75,0.18849008343172136,0.3227539189354825,1.1809618131500359e-17,0.0,2.5382543865579007e-17,0.48875599763243543
2053,0.76,0.18533512694340817,0.30296401931955347,3.122629248627819e-16,1.4562280915000126e-17,0.0,0.5117008537371025
2053,0.77,0.18272293252082578,0.2850666233030506,1.8806239248477958e-16,1.2636668284055512e-17,0.0,0.5322104441759647
2053,0.78,0.18037151622870942,0.2684152732996841,3.3658388450763935e-12,1.0088415792839417e-16,0.006252359577146903,0.5449608508903363
2053,0.79,0.17828817418870027,0.25347383606334695,0.0,0.0,0.01130040499828054,0.5569375847499993
2053,0.8,0.1763587874415312,0.24006689436165685,0.0,6.644373686254897e-18,0.017395273375351572,0.5661790463363129
2053,0.81,0.17452684780450217,0.2278914310637843,0.0,6.991959628833552e-17,0.021642119894789032,0.5759396012368673
2053,0.8200000000000001,0.17305711717072408,0.21650188007322255,2.3675417090730665e-18,1.917791458599636e-17,0.02621325750740899,0.5842277452486414
2053,0.8300000000000001,0.17162654788668782,0.20634741968347284,1.0223673327294072e-24,3.2552554871727553e-25,0.030025906968320658,0.5920001294928476
2053,0.8400000000000001,0.17029490900396974,0.19686278100134885,0.0,6.104576319029515e-17,0.03371280527255709,0.5991295047221243
2053,0.85,0.0,0.0,0.0,0.0,0.0,1.0
2053,0.86,0.0,0.0,0.0,0.0,0.0,1.0
2053,0.87,0.0,0.0,0.0,0.0,0.0,1.0
2053,0.88,0.0,0.0,0.0,0.0,0.0,1.0
2053,0.89,0.0,0.0,0.0,0.0,0.0,1.0
2053,0.9,0.0,0.0,0.0,0.0,0.0,1.0
2053,0.91,0.0,0.0,0.0,0.0,0.0,1.0
2053,0.92,0.0,0.0,0.0,0.0,0.0,1.0
2053,0.93,0.0,0.0,0.0,0.0,0.0,1.0
2053,0.9400000000000001,0.0,0.0,0.0,0.0,0.0,1.0
2053,0.9500000000000001,0.0,0.0,0.0,0.0,0.0,1.0
2053,0.9600000000000001,0.0,0.0,0.0,0.0,0.0,1.0
2053,0.97,0.0,0.0,0.0,0.0,0.0,1.0
2053,0.98,0.0,0.0,0.0,0.0,0.0,1.0
2053,0.99,0.0,0.0,0.0,0.0,0.0,1.0
2053,1.0,0.0,0.0,0.0,0.0,0.0,1.0
2054,0.01,0.051584562706551144,0.38198478844868855,0.10376138557983089,0.25303680406715534,0.012976030690219525,0.1966564285075548
2054,0.02,1.0,0.0,0.0,0.0,2.486516890993187e-13,0.0
2054,0.03,1.0,0.0,0.0,0.0,0.0,0.0
2054,0.04,1.0,0.0,2.107857808182117e-18,1.2391387532429917e-17,1.9422826615861824e-19,1.9665399923527443e-18
2054,0.05,1.0,0.0,0.0,0.0,0.0,0.0
2054,0.060000000000000005,1.0,0.0,0.0,7.794482496559438e-17,8.555885910366228e-18,0.0
2054,0.06999999999999999,1.0,0.0,0.0,0.0,0.0,0.0
2054,0.08,1.0,0.0,0.0,0.0,0.0,0.0
2054,0.09,0.9999999999998093,1.4155343563970746e-13,8.049116928532385e-15,2.453592884421596e-14,2.192690473634684e-15,1.4127587988355117e-14
2054,0.09999999999999999,1.0,0.0,0.0,0.0,0.0,0.0
2054,0.11,1.0,0.0,0.0,0.0,0.0,0.0
2054,0.12,1.0,0.0,0.0,0.0,3.0531133177191805e-16,0.0
2054,0.13,1.0,0.0,0.0,0.0,0.0,0.0
2054,0.14,0.9999999999999938,4.551914400963142e-15,4.1318944793422574e-16,7.632783294297951e-16,0.0,1.942890293094024e-16
2054,0.15000000000000002,0.9999999999999989,0.0,0.0,1.4474099002681484e-16,3.4011422150870274e-16,5.970701363877673e-16
2054,0.16,0.9999999999999978,2.220446049250313e-15,1.0061396160665481e-16,0.0,2.7755575615628914e-17,4.163336342344337e-16
2054,0.17,1.0,0.0,5.551115123125783e-17,1.1102230246251565e-16,1.0408340855860843e-16,2.498001805406602e-16
2054,0.18000000000000002,1.0,0.0,0.0,2.498001805406602e-16,0.0,1.3877787807814457e-16
2054,0.19,0.9999999999999994,6.661338147750939e-16,0.0,1.1102230246251565e-16,0.0,0.0
2054,0.2,1.0,0.0,3.677613769070831e-16,0.0,0.0,2.7755575615628914e-16
2054,0.21000000000000002,0.9999999999999989,9.992007221626409e-16,3.8163916471489756e-17,2.498001805406602e-16,9.71445146547012e-17,0.0
2054,0.22,1.0,7.771561172376096e-16,0.0,0.0,2.0816681711721685e-17,1.3877787807814457e-17
2054,0.23,1.0,0.0,0.0,6.861915549660758e-16,0.0,0.0
2054,0.24000000000000002,0.9999999999999997,9.818608098600132e-14,0.0,4.515141847053117e-16,0.0,0.0
2054,0.25,0.9999999999996689,3.63676793783882e-16,0.0,4.30921015208414e-16,0.0,0.0
2054,0.26,1.0,5.948882851817596e-14,0.0,0.0,6.256084665030078e-18,1.5069830553319205e-16
2054,0.27,0.9999999999999974,2.7755575615628914e-15,0.0,9.194034422677078e-17,4.163336342344337e-17,0.0
2054,0.28,1.0,0.0,1.3877787807814457e-17,3.608224830031759e-16,0.0,3.7947076036992655e-17
2054,0.29000000000000004,0.9999999999999984,1.2212453270876722e-15,0.0,1.0269562977782698e-15,3.469446951953614e-17,0.0
2054,0.3,0.9999999999999991,1.1102230246251565e-15,5.551115123125783e-17,0.0,0.0,0.0
2054,0.31,0.9999999999999993,4.440892098500626e-16,0.0,6.661338147750939e-16,0.0,0.0
2054,0.32,0.9999999999999987,1.27675647831893e-15,0.0,0.0,0.0,1.3877787807814457e-16
2054,0.33,0.3113090768771866,0.6886909231230395,1.6051384158695308e-16,1.3039039570703243e-16,1.433664938848351e-16,2.6590211246581773e-16
2054,0.34,0.25465803482821686,0.7453419651717835,0.0,0.0,0.0,3.347815028789251e-18
2054,0.35000000000000003,0.2539538452551839,0.7460461547448198,3.122804877796519e-17,5.558604194571724e-17,0.0,0.0
2054,0.36000000000000004,0.2525644631580553,0.7474355368419447,0.0,8.580232395206801e-17,1.3304841153298428e-18,0.0
2054,0.37,0.2540158487363813,0.7459841512636184,2.1144302049790537e-20,7.66971260018608e-17,1.2132878689559901e-17,1.0424031740148913e-16
2054,0.38,0.25523059633175266,0.7447694036682472,0.0,9.6710833785707e-17,2.4069288229178198e-17,8.651933336434325e-17
2054,0.39,0.25408690603198253,0.7459130939680176,0.0,4.0440741033709315e-17,5.5294310796760726e-18,0.0
2054,0.4,0.253175216354173,0.7468247836458274,0.0,2.0599841277224584e-18,2.7755575615628914e-17,0.0
2054,0.41000000000000003,0.25387428355677183,0.7461257164432282,2.145038346735575e-17,3.1880386437721394e-17,1.3670164241687234e-17,3.689859541402939e-18
2054,0.42000000000000004,0.25382728009772987,0.7461727199022702,0.0,2.4902097520796315e-17,8.99473756604014e-18,4.810796290029921e-17
2054,0.43,0.2550701123349891,0.7449298876650112,4.358492733391728e-17,0.0,0.0,2.0816681711721685e-17
2054,0.44,0.2539783406867968,0.7460216593132032,2.3062483065400248e-17,3.8905087274504576e-17,1.505308384496586e-19,0.0
2054,0.45,0.2538795546942987,0.7461204453057014,1.0350878052482183e-17,2.277678064857183e-17,0.0,0.0
2054,0.46,0.2541223685954575,0.7458776314045427,8.673617379884035e-19,0.0,2.168404344971009e-18,0.0
2054,0.47000000000000003,0.25356598932127333,0.7464340106787268,0.0,0.0,2.0816681711721685e-17,0.0
2054,0.48000000000000004,0.2537923321946256,0.7462076678053745,0.0,6.771709887000684e-17,3.894274056422119e-18,1.045684700335569e-17
2054,0.49,0.2540612110885153,0.7459387889114848,0.0,0.0,0.0,0.0
2054,0.5,0.25406873555603904,0.7459312644439607,6.196215415754658e-17,0.0,0.0,4.846383711010205e-17
2054,0.51,0.25390343758445943,0.7460965624155407,0.0,5.204170427930421e-18,0.0,0.0
2054,0.52,0.2542032613760389,0.7457967386239615,0.0,0.0,0.0,4.391018798566293e-18
2054,0.53,0.25403636336247537,0.7459636366375247,0.0,1.951563910473908e-17,2.6291902682773483e-17,0.0
2054,0.54,0.25392117574682954,0.7460788242531705,2.6156377411212794e-17,0.0,4.6349642873755315e-18,0.0
2054,0.55,0.2544809913016034,0.7455190086983967,0.0,6.418476861114186e-17,0.0,5.204170427930421e-17
2054,0.56,0.2538242157472882,0.7461757842527121,2.0925101928970236e-17,0.0,0.0,0.0
2054,0.5700000000000001,0.2539332643234035,0.7460667356765966,2.858600804770968e-17,0.0,0.0,1.6809265146809214e-17
2054,0.5800000000000001,0.2536323359614665,0.7463676640385336,3.642919299551295e-17,0.0,0.0,0.0
2054,0.59,0.2538818454744174,0.7461181545255826,2.795888195751408e-17,2.216491905620328e-18,1.0087411679202893e-18,9.086082885128046e-17
2054,0.6,0.25396290569328805,0.7460370943067121,6.993104012531504e-18,4.4885969940899884e-17,0.0,0.0
2054,0.61,0.25442656045559825,0.7455734395444017,0.0,2.47198095326695e-17,1.3986208025063007e-17,6.830473686658678e-17
2054,0.62,0.25389764227807055,0.7461023577219296,0.0,0.0,1.2956138359704976e-18,3.047214291558316e-17
2054,0.63,0.2538468524546807,0.7461531475453239,0.0,3.3727046185614945e-18,0.0,5.172512359884877e-18
2054,0.64,0.24079410159206677,0.6618540708475741,0.0,7.737080429783231e-17,0.0,0.09735182756096801
2054,0.65,0.22810678698405407,0.5787561108448963,3.668181953805578e-18,1.8310337912880602e-16,2.1562862265452894e-17,0.19313710217086405
2054,0.66,0.2181852114169445,0.5145357734153413,0.0,0.0,0.0,0.2672790151670922
2054,0.67,0.21013148659912836,0.46313042074665195,1.2558529675534162e-24,2.930968038074254e-16,5.153023838446286e-17,0.32673809265426473
2054,0.68,0.20362892666117732,0.42072641944041983,0.0,0.0,5.404007740844872e-19,0.37564465389840207
2054,0.6900000000000001,0.19810092561510353,0.38480450056693855,1.4096427900843047e-17,0.0,2.454162970433406e-16,0.4170945738176401
2054,0.7000000000000001,0.19342409535379826,0.3546491015736375,9.080100080156483e-16,6.718301057165209e-14,2.828835194849649e-17,0.45192680307253674
2054,0.7100000000000001,0.18953259202107955,0.3284479521167201,0.0,0.0,0.0,0.4820194558613604
2054,0.72,0.1859388563460307,0.3058915550095634,0.0,1.9882528442985594e-16,0.0,0.5081695886441694
2054,0.73,0.1828128968889354,0.2861845929443458,5.758811412271922e-17,5.37151333283114e-17,4.610730663501426e-05,0.5309564028600848
2054,0.74,0.18019247277288258,0.2677907792074132,0.0,8.22346924288138e-18,0.006351211700978008,0.545665536318727
2054,0.75,0.1779715734610138,0.2513904190680225,1.9774436006295784e-17,2.1280214379281001e-16,0.01262405056644455,0.5580139569045223
2054,0.76,0.17595715092515768,0.23655304848125422,3.8038749207226284e-18,0.0,0.017735892724885634,0.5697539078687028
2054,0.77,0.1740895837639907,0.22352322968326993,2.00714671521855e-16,2.7296812420059653e-16,0.02381657901749573,0.5785706075352431
2054,0.78,0.17240957227773854,0.2115192556692828,3.215369186871036e-18,0.0,0.027939351160962887,0.588131820892327
2054,0.79,0.17090671202372584,0.20063964168125156,0.0,0.0,0.032198390183690334,0.5962552561113403
2054,0.8,0.0,0.0,0.0,0.0,0.0,1.0
2054,0.81,0.0,0.0,0.0,0.0,0.0,1.0
2054,0.8200000000000001,0.0,0.0,0.0,0.0,0.0,1.0
2054,0.8300000000000001,0.0,0.0,0.0,0.0,0.0,1.0
2054,0.8400000000000001,0.0,0.0,0.0,0.0,0.0,1.0
2054,0.85,0.0,0.0,0.0,0.0,0.0,1.0
2054,0.86,0.0,0.0,0.0,0.0,0.0,1.0
2054,0.87,0.0,0.0,0.0,0.0,0.0,1.0
2054,0.88,0.0,0.0,0.0,0.0,0.0,1.0
2054,0.89,0.0,0.0,0.0,0.0,0.0,1.0
2054,0.9,0.0,0.0,0.0,0.0,0.0,1.0
2054,0.91,0.0,0.0,0.0,0.0,0.0,1.0
2054,0.92,0.0,0.0,0.0,0.0,0.0,1.0
2054,0.93,0.0,0.0,0.0,0.0,0.0,1.0
2054,0.9400000000000001,0.0,0.0,0.0,0.0,0.0,1.0
2054,0.9500000000000001,0.0,0.0,0.0,0.0,0.0,1.0
2054,0.9600000000000001,0.0,0.0,0.0,0.0,0.0,1.0
2054,0.97,0.0,0.0,0.0,0.0,0.0,1.0
2054,0.98,0.0,0.0,0.0,0.0,0.0,1.0
2054,0.99,0.0,0.0,0.0,0.0,0.0,1.0
2054,1.0,0.0,0.0,0.0,0.0,0.0,1.0
2055,0.01,0.250579798588425,0.09706061147860022,0.2631924419825341,0.022987415018544344,0.2300050409604209,0.13617469197147541
2055,0.02,0.9999999999999994,3.885780586188048e-16,0.0,7.19910242530375e-17,5.551115123125783e-17,2.7755575615628914e-17
2055,0.03,1.0,0.0,0.0,0.0,0.0,0.0
2055,0.04,1.0,0.0,0.0,0.0,0.0,0.0
2055,0.05,1.0,0.0,0.0,0.0,0.0,0.0
2055,0.060000000000000005,0.9999999999999942,2.0064995028175065e-15,2.997640494728786e-15,0.0,0.0,2.5309152293358586e-15
2055,0.06999999999999999,0.999999999999988,6.02691333048259e-14,9.258064803765452e-15,6.262533736024347e-16,3.793231742260084e-15,1.6253541261800613e-15
2055,0.08,1.0,0.0,1.3268101454490516e-13,2.1624242447177902e-14,1.3201462709670192e-13,1.0311032202102831e-13
2055,0.09,0.9999999999997495,2.86133160334244e-13,0.0,0.0,0.0,0.0
2055,0.09999999999999999,1.0,1.0647038806155251e-13,0.0,6.938893903907228e-18,9.679756995950584e-16,9.853229343548264e-16
2055,0.11,0.9999999999999059,2.492686084296395e-16,6.169542579209957e-16,0.0,0.0,1.540540610723683e-16
2055,0.12,0.9999999999999142,9.843801083339848e-14,0.0,0.0,0.0,0.0
2055,0.13,0.9999999999999891,1.31300457567032e-14,0.0,0.0,0.0,4.284694987862197e-17
2055,0.14,1.0,1.9948534715668149e-13,0.0,1.250323045963927e-16,0.0,2.1538005989523922e-16
2055,0.15000000000000002,0.999999999999996,5.0309731542823614e-15,0.0,1.638038900212465e-16,0.0,3.8456545178942435e-16
2055,0.16,1.0,0.0,1.2812356025543824e-16,3.5606683575276585e-17,0.0,0.0
2055,0.17,1.0,2.4264096234250895e-13,1.1465341751732466e-15,0.0,8.130691987481359e-17,0.0
2055,0.18000000000000002,0.9999999999999999,0.0,1.6025567438187222e-16,1.5135172525170034e-16,9.66944772817105e-16,5.80055211512925e-16
2055,0.19,1.0,0.0,0.0,0.0,0.0,1.0688031135044213e-16
2055,0.2,0.9999999999999996,3.329013513006865e-13,1.3500809807919247e-16,2.5467917934215842e-17,2.4002958678639224e-16,2.3375278318572227e-17
2055,0.21000000000000002,0.9999999999999978,2.1090180180060626e-15,2.434529391504101e-16,4.785736151986797e-18,0.0,9.736643728688182e-19
2055,0.22,1.0,0.0,0.0,6.071532165918825e-18,2.7755575615628914e-17,0.0
2055,0.23,1.0,0.0,1.1102230246251565e-16,1.3877787807814457e-17,1.8041124150158794e-16,0.0
2055,0.24000000000000002,0.9999999999999994,2.220446049250313e-16,6.938893903907228e-17,6.938893903907228e-17,5.551115123125783e-17,0.0
2055,0.25,1.0,0.0,2.636779683484747e-16,2.7755575615628914e-17,5.204170427930421e-17,0.0
2055,0.26,1.0,0.0,1.249000902703301e-16,4.163336342344337e-17,1.1102230246251565e-16,6.505213034913027e-17
2055,0.27,1.0,0.0,3.4884091079668818e-15,1.365446757127086e-16,5.720093431542687e-16,0.0
2055,0.28,0.9999999999999954,4.744528634377586e-15,6.737024776752847e-17,0.0,0.0,0.0
2055,0.29000000000000004,0.9999999999999973,2.6824788050550108e-15,0.0,0.0,1.4238920304876328e-16,6.340083961845801e-17
2055,0.3,0.9999999999999996,0.0,9.297568783900249e-17,5.4603512931870874e-17,1.8001205897552208e-16,2.45345556826265e-16
2055,0.31,0.9999999999999997,4.440892098500626e-16,0.0,1.3877787807814457e-16,1.249000902703301e-16,5.551115123125783e-17
2055,0.32,0.9999999999998168,1.8477613039252262e-13,0.0,0.0,0.0,9.413627714252755e-17
2055,0.33,0.9999999999999887,1.1445707400319105e-14,0.0,0.0,2.2075160913104762e-17,8.121881293866266e-17
2055,0.34,0.2530056368265177,0.746994363173646,0.0,2.948083273327809e-17,0.0,0.0
2055,0.35000000000000003,0.25290654219741454,0.7470934578025854,1.7867651802561113e-16,8.239936510889834e-18,0.0,0.0
2055,0.36000000000000004,0.2590942712802393,0.7409057287192484,2.5091868754750953e-16,0.0,3.2660108138468126e-17,2.333956934511862e-17
2055,0.37,0.2538568461639639,0.746143153836036,2.7264656355637274e-17,0.0,2.974693064234173e-17,0.0
2055,0.38,0.25498774942966107,0.7450122505703545,0.0,2.2073640354806085e-17,7.281008619127589e-18,3.452507616497508e-17
2055,0.39,0.25410615106807133,0.7458938489319372,0.0,3.3812501099942676e-17,9.89958958842178e-18,0.0
2055,0.4,0.253929485783717,0.7460705142162868,0.0,1.0254039657952851e-16,8.439424209294482e-17,0.0
2055,0.41000000000000003,0.25371397060257306,0.7462860293974237,0.0,4.2788189301621817e-17,0.0,7.79129299531164e-17
2055,0.42000000000000004,0.25359122484363955,0.7464087751563604,0.0,0.0,5.811323644522304e-17,4.336808689942018e-18
2055,0.43,0.25351978275305803,0.7464802172469422,0.0,0.0,4.0115480381963664e-18,0.0
2055,0.44,0.25434467105527725,0.7456553289126047,3.1970108761846946e-11,0.0,1.479755987882081e-13,0.0
2055,0.45,0.25474157182448043,0.7452584281755222,8.11653348301014e-17,0.0,1.367968570935948e-16,0.0
2055,0.46,0.2538489637843308,0.7461510362156692,3.5575386049733776e-17,0.0,0.0,0.0
2055,0.47000000000000003,0.25385776615770034,0.7461422338423017,8.486491432776098e-17,0.0,0.0,0.0
2055,0.48000000000000004,0.25435125389130425,0.7456487461086958,2.8627913672182436e-17,1.2524811493253322e-17,4.996282072894614e-17,2.3190650365079472e-17
2055,0.49,0.25422014089351147,0.7457798591064799,0.0,9.275262235340805e-18,0.0,0.0
2055,0.5,0.2541884389306336,0.7458115610693565,2.6475523543870454e-17,9.990833022203278e-18,6.964426653311025e-17,6.625703471659951e-18
2055,0.51,0.2539446767455999,0.7460553232544002,3.5628878238474625e-17,3.230607447447164e-18,2.830204079122722e-17,8.420784142375224e-18
2055,0.52,0.25390946352799126,0.7460905364720027,0.0,2.70334064965786e-17,4.214929290365562e-17,3.796654460206792e-17
2055,0.53,0.25390866899545794,0.7460913310045477,2.5674558133160913e-17,9.00170804268743e-18,4.440689909968018e-17,4.475066533269229e-18
2055,0.54,0.2544894500917019,0.7455105499082981,0.0,3.211721295883732e-17,1.0767196951876968e-16,3.743234470285806e-17
2055,0.55,0.2541672216334938,0.7458327783665063,0.0,5.312590645178972e-18,0.0,0.0
2055,0.56,0.25439008887626774,0.7456099111237322,2.45029690981724e-17,0.0,1.713039432527097e-17,1.3660947373317356e-17
2055,0.5700000000000001,0.2540986029503084,0.7459013970496917,1.9895109865109006e-17,0.0,2.42861286636753e-17,4.87890977618477e-18
2055,0.5800000000000001,0.25436273829234995,0.7456372617076501,1.0299920638612292e-18,2.3201926491189795e-17,9.703609443745265e-18,6.559423143537302e-18
2055,0.59,0.25394093378587806,0.746059066214122,1.894982396174573e-17,2.375833455927866e-17,3.0147447211868203e-18,7.587383121745511e-18
2055,0.6,0.25437097283120697,0.7456290271687931,0.0,0.0,0.0,0.0
2055,0.61,0.25389235779299807,0.7461075307028061,0.0,1.1935457854771636e-17,0.0,1.1150419438490105e-07
2055,0.62,0.2511284745892288,0.726099789990057,1.0838886597242369e-18,1.696255977480281e-17,0.0,0.022771735420718572
2055,0.63,0.23464486106130458,0.6240239497243388,1.353982598274778e-17,2.7256927281775568e-18,2.514360085482663e-17,0.14133118921435447
2055,0.64,0.22319337974865405,0.5449133203839596,0.0,0.0,1.015870899406373e-15,0.23189329986744386
2055,0.65,0.213329538169527,0.48389274483505434,5.092169590733138e-17,3.023916618212828e-17,0.0,0.3027777169954215
2055,0.66,0.20581746294442377,0.4344937104438546,0.0,8.949538568624188e-18,0.0,0.35968882661224993
2055,0.67,0.19954409413048274,0.3941101963501448,0.0,1.3922769902234607e-17,9.393359986668684e-17,0.40634570951886734
2055,0.68,0.19435044476119928,0.36046797804966113,0.0,6.763179902442877e-18,1.2804052705468776e-17,0.4451815771886347
2055,0.6900000000000001,0.18980410951692078,0.33138907709968485,1.0708616258710388e-17,0.0,0.0,0.47880681338344866
2055,0.7000000000000001,0.1860195580899878,0.30693966952872537,1.2260134323050784e-16,5.3505279071871734e-17,1.4543362891072404e-16,0.5070407723813328
2055,0.7100000000000001,0.18279865750701083,0.2851359077107034,6.746152694132855e-17,0.0,1.4658345563873306e-16,0.5320654347829423
2055,0.72,0.17993639262051325,0.2657688506375719,1.255068636972835e-16,1.4394198854302406e-19,0.00735896834138406,0.5469357884003521
2055,0.73,0.17756466210430008,0.248354626091949,0.0,2.124510939242031e-17,0.014353851574754696,0.5597268602289963
2055,0.74,0.1753905378438941,0.23291038995298757,2.523910095325486e-16,1.827311409772183e-17,0.019652852509250147,0.5720462196937414
2055,0.75,0.17347921895805563,0.21888896433775173,3.9093492485595656e-17,9.766797689255194e-18,0.025403971517716235,0.5822278451868428
2055,0.76,0.1716974531020185,0.20657055511019176,1.6957239598827446e-17,0.0,0.029984688628330668,0.5917473031594707
2055,0.77,0.170083665641688,0.19529440541048573,0.0,3.0158102679635094e-17,0.03418192500852869,0.6004400039399761
2055,0.78,0.0,0.0,0.0,0.0,0.0,1.0
2055,0.79,0.0,0.0,0.0,0.0,0.0,1.0
2055,0.8,0.0,0.0,0.0,0.0,0.0,1.0
2055,0.81,0.0,0.0,0.0,0.0,0.0,1.0
2055,0.8200000000000001,0.0,0.0,0.0,0.0,0.0,1.0
2055,0.8300000000000001,0.0,0.0,0.0,0.0,0.0,1.0
2055,0.8400000000000001,0.0,0.0,0.0,0.0,0.0,1.0
2055,0.85,0.0,0.0,0.0,0.0,0.0,1.0
2055,0.86,0.0,0.0,0.0,0.0,0.0,1.0
2055,0.87,0.0,0.0,0.0,0.0,0.0,1.0
2055,0.88,0.0,0.0,0.0,0.0,0.0,1.0
2055,0.89,0.0,0.0,0.0,0.0,0.0,1.0
2055,0.9,0.0,0.0,0.0,0.0,0.0,1.0
2055,0.91,0.0,0.0,0.0,0.0,0.0,1.0
2055,0.92,0.0,0.0,0.0,0.0,0.0,1.0
2055,0.93,0.0,0.0,0.0,0.0,0.0,1.0
2055,0.9400000000000001,0.0,0.0,0.0,0.0,0.0,1.0
2055,0.9500000000000001,0.0,0.0,0.0,0.0,0.0,1.0
2055,0.9600000000000001,0.0,0.0,0.0,0.0,0.0,1.0
2055,0.97,0.0,0.0,0.0,0.0,0.0,1.0
2055,0.98,0.0,0.0,0.0,0.0,0.0,1.0
2055,0.99,0.0,0.0,0.0,0.0,0.0,1.0
2055,1.0,0.0,0.0,0.0,0.0,0.0,1.0
2056,0.01,0.32881840980655336,0.14455891395637724,0.1075159592665763,0.08886527543611798,0.2294454761067053,0.10079596542766958
2056,0.02,1.0,0.0,0.0,0.0,0.0,0.0
2056,0.03,1.0,0.0,0.0,0.0,0.0,0.0
2056,0.04,1.0,0.0,0.0,0.0,0.0,0.0
2056,0.05,0.9999999999981906,8.689569213625288e-13,2.1092966262006559e-13,1.8311645350627695e-13,4.2781717965529784e-13,1.1865319761449506e-13
2056,0.060000000000000005,0.9999999999999731,0.0,6.661338147750939e-15,6.411537967210279e-15,1.8193779816044753e-14,4.898859096158503e-15
2056,0.06999999999999999,0.9999999999999101,1.1048345662976832e-13,0.0,0.0,0.0,0.0
2056,0.08,0.9999999999998788,1.427170188018641e-13,0.0,0.0,0.0,0.0
2056,0.09,1.0,0.0,4.7739168825426595e-15,5.265610478920214e-15,1.0411522543221301e-14,5.396456664379653e-15
2056,0.09999999999999999,1.0,4.996003610813204e-16,0.0,2.3592239273284576e-16,0.0,0.0
2056,0.11,1.0,8.060219158778636e-14,0.0,0.0,0.0,2.740863092043355e-16
2056,0.12,1.0,8.83182416089312e-14,1.3183898417423734e-16,0.0,0.0,0.0
2056,0.13,0.9999999999998971,5.215711588912861e-16,1.0403731621956999e-16,0.0,0.0,0.0
2056,0.14,1.0,0.0,0.0,8.983377328694933e-17,4.956497994153264e-17,0.0
2056,0.15000000000000002,0.9999999999999969,6.945686124667819e-14,2.4476110526880697e-16,1.5633379236018508e-16,6.137288681918575e-18,3.6116783048240176e-16
2056,0.16,1.0,0.0,5.740299931895031e-17,0.0,0.0,1.7988989272255292e-16
2056,0.17,0.9999999999999988,1.3665847458917222e-15,1.0164437718698967e-16,0.0,0.0,0.0
2056,0.18000000000000002,1.0,0.0,2.8449465006019636e-16,0.0,0.0,1.3877787807814457e-16
2056,0.19,0.9999999999999998,0.0,0.0,6.938893903907228e-17,6.591949208711867e-17,0.0
2056,0.2,0.9999999999999897,0.0,0.0,6.938893903907228e-17,3.885780586188048e-16,0.0
2056,0.21000000000000002,0.9999999999999981,2.1170700984911192e-15,0.0,4.0507021361831964e-17,0.0,7.182283527344831e-17
2056,0.22,1.0,1.0597085215066221e-13,0.0,0.0,1.2983294700830679e-16,0.0
2056,0.23,1.0,0.0,0.0,2.3015791001030662e-17,3.840682434493861e-16,6.620938911331645e-17
2056,0.24000000000000002,0.9999999999999963,3.887750784823361e-15,5.85930806098426e-17,0.0,0.0,0.0
2056,0.25,0.9999999999999972,2.904958784914931e-15,8.431027143790404e-17,0.0,0.0,0.0
2056,0.26,0.9999999999999998,0.0,0.0,2.7755575615628914e-17,1.6653345369377348e-16,0.0
2056,0.27,0.9999999999999751,2.5312739742588004e-14,0.0,3.104022115431532e-16,0.0,2.0275676474354443e-16
2056,0.28,0.9999999999999996,1.8663270775325388e-13,4.244039071094973e-17,0.0,0.0,0.0
2056,0.29000000000000004,0.9999999999995332,8.748698289338789e-17,1.0553724745135394e-16,0.0,3.6505211979481126e-17,7.24706277080988e-17
2056,0.3,0.9999999999999992,8.881784197001252e-16,1.6653345369377348e-16,3.469446951953614e-17,0.0,6.938893903907228e-17
2056,0.31,1.0,0.0,1.0479131634427621e-16,0.0,9.658818341494457e-16,9.193060334787735e-18
2056,0.32,0.2531899963870691,0.7468100036129307,9.003173961336491e-17,2.0295038299434524e-17,9.336617682664379e-17,0.0
2056,0.33,0.25588284996579264,0.7441171500342125,0.0,0.0,4.507152060740917e-19,0.0
2056,0.34,0.25461728685462576,0.7453827131453461,1.790534088613493e-17,5.86753309263109e-17,0.0,0.0
2056,0.35000000000000003,0.25444431342754786,0.7455556865724337,2.83164442990595e-17,2.7108084429817757e-17,1.1156755602454573e-16,0.0
2056,0.36000000000000004,0.2543783734936203,0.7456216265063655,0.0,0.0,4.466309969060952e-16,0.0
2056,0.37,0.2541511381552466,0.7458488618447637,4.174969199464229e-17,1.145578718803419e-16,5.0811147748569994e-18,0.0
2056,0.38,0.25301170945975354,0.7469882905402412,1.1407215353460755e-16,6.262417519086988e-17,0.0,1.0009420713100878e-16
2056,0.39,0.25401394656659604,0.7459860534334039,0.0,2.670792388139797e-17,2.4354148230205443e-16,0.0
2056,0.4,0.25488265765165435,0.7451173423483457,1.7768551912011633e-17,0.0,1.7648747989936688e-17,0.0
2056,0.41000000000000003,0.2544820279835615,0.7455179720164538,1.692712303909037e-17,8.902834892037373e-18,6.386086611241384e-17,0.0
2056,0.42000000000000004,0.25369758284426075,0.7463024171557526,0.0,0.0,0.0,0.0
2056,0.43,0.2537034547121641,0.7462965452878512,6.487063917438024e-17,1.1063920426959044e-17,0.0,0.0
2056,0.44,0.25408694840827434,0.745913051591739,0.0,0.0,0.0,4.059515868394571e-17
2056,0.45,0.254045688543526,0.7459543114564736,5.375454000487192e-17,6.564964232659926e-17,2.2687821670804363e-16,5.0140059619587416e-17
2056,0.46,0.2539759017270771,0.7460240982729229,0.0,1.5937771935536915e-17,1.383713022634625e-16,1.1221492485224971e-17
2056,0.47000000000000003,0.25391113717576125,0.7460888628242337,3.0097957992014546e-17,3.4054705451918466e-17,0.0,1.0174708207773254e-16
2056,0.48000000000000004,0.2538703248845822,0.7461296751154246,1.6114832634416108e-17,1.987403553808474e-17,0.0,1.0926261680905542e-17
2056,0.49,0.25373152694007517,0.7462684730599192,4.6331189314394566e-18,2.794059173331763e-17,0.0,0.0
2056,0.5,0.25389546547456915,0.7461045345254259,0.0,4.684169771924663e-17,3.2463863395422106e-17,0.0
2056,0.51,0.2540552325200728,0.7459447674799271,0.0,1.3552527156068805e-18,7.508100044462118e-17,0.0
2056,0.52,0.25428153698017114,0.7457184630198289,1.0408340855860843e-17,1.1275702593849246e-17,2.4069288229178198e-17,0.0
2056,0.53,0.2539705054531069,0.7460294945468932,3.71881345162528e-17,0.0,3.867891250342037e-17,6.261267546103788e-18
2056,0.54,0.253686188899759,0.746313811100241,7.426784881525705e-18,2.9815559743351372e-18,1.2847795743953228e-17,2.179246366695864e-17
2056,0.55,0.2539667941013967,0.7460332058986034,2.2017965852765364e-17,4.922291190530271e-18,1.4145265183573875e-17,2.2476910596294275e-17
2056,0.56,0.2539056943795445,0.7460943056204556,1.0028076396499642e-17,0.0,1.3972121331599377e-17,2.1599536240488537e-17
2056,0.5700000000000001,0.2539422978711742,0.7460577021288268,2.6496857971679112e-17,1.3853508309688055e-17,1.7587464538625014e-18,0.0
2056,0.5800000000000001,0.24367802634444716,0.6819171965823232,4.0718693623985424e-17,8.994499542674392e-17,0.0,0.07440477707328194
2056,0.59,0.2280559077605841,0.5780392833159602,0.0,0.0,4.7114257819521516e-17,0.19390480892367107
2056,0.6,0.21623668023349168,0.5016189791093768,3.172931899033989e-17,7.261926569182663e-17,0.0,0.28214434065636224
2056,0.61,0.20711010444202044,0.44285721266637945,1.8866690911898354e-17,1.571780941293187e-17,0.0,0.35003268289159967
2056,0.62,0.1997974057763094,0.39609649313136336,3.708943977728532e-18,6.452667202691911e-17,2.0939434965281196e-18,0.40410610109331857
2056,0.63,0.19369686693381907,0.35763925814611924,0.0,1.0044186455425195e-17,9.193646239139507e-17,0.44866387492006193
2056,0.64,0.18899542797884983,0.3256876740337143,0.0,3.9587742604498456e-17,3.140053575672627e-23,0.4853168979882312
2056,0.65,0.1847996156602183,0.29870308233464793,1.2805169814137598e-16,0.0,2.5649533168025662e-17,0.5164973020051733
2056,0.66,0.181231911444824,0.2754688510528403,3.703839083714294e-17,0.0,0.003340369529265442,0.5399588679805094
2056,0.67,0.17834293496134743,0.25423239020694566,0.0,0.0,0.01173290435789927,0.5556917704738079
2056,0.68,0.17581236339838613,0.23605997934781822,0.0,0.0,0.018628353794432683,0.5694993034589445
2056,0.6900000000000001,0.1735287984213794,0.21998737482420336,9.479886494320447e-17,1.4912228862600302e-17,0.024542264466875637,0.5819415622868592
2056,0.7000000000000001,0.1715542087096735,0.20563950343593873,6.427280479609764e-23,0.0,0.029941483716938617,0.5928648041374484
2056,0.7100000000000001,0.0,0.0,0.0,0.0,0.0,1.0
2056,0.72,0.0,0.0,0.0,0.0,0.0,1.0
2056,0.73,0.0,0.0,0.0,0.0,0.0,1.0
2056,0.74,0.0,0.0,0.0,0.0,0.0,1.0
2056,0.75,0.0,0.0,0.0,0.0,0.0,1.0
2056,0.76,0.0,0.0,0.0,0.0,0.0,1.0
2056,0.77,0.0,0.0,0.0,0.0,0.0,1.0
2056,0.78,0.0,0.0,0.0,0.0,0.0,1.0
2056,0.79,0.0,0.0,0.0,0.0,0.0,1.0
2056,0.8,0.0,0.0,0.0,0.0,0.0,1.0
2056,0.81,0.0,0.0,0.0,0.0,0.0,1.0
2056,0.8200000000000001,0.0,0.0,0.0,0.0,0.0,1.0
2056,0.8300000000000001,0.0,0.0,0.0,0.0,0.0,1.0
2056,0.8400000000000001,0.0,0.0,0.0,0.0,0.0,1.0
2056,0.85,0.0,0.0,0.0,0.0,0.0,1.0
2056,0.86,0.0,0.0,0.0,0.0,0.0,1.0
2056,0.87,0.0,0.0,0.0,0.0,0.0,1.0
2056,0.88,0.0,0.0,0.0,0.0,0.0,1.0
2056,0.89,0.0,0.0,0.0,0.0,0.0,1.0
2056,0.9,0.0,0.0,0.0,0.0,0.0,1.0
2056,0.91,0.0,0.0,0.0,0.0,0.0,1.0
2056,0.92,0.0,0.0,0.0,0.0,0.0,1.0
2056,0.93,0.0,0.0,0.0,0.0,0.0,1.0
2056,0.9400000000000001,0.0,0.0,0.0,0.0,0.0,1.0
2056,0.9500000000000001,0.0,0.0,0.0,0.0,0.0,1.0
2056,0.9600000000000001,0.0,0.0,0.0,0.0,0.0,1.0
2056,0.97,0.0,0.0,0.0,0.0,0.0,1.0
2056,0.98,0.0,0.0,0.0,0.0,0.0,1.0
2056,0.99,0.0,0.0,0.0,0.0,0.0,1.0
2056,1.0,0.0,0.0,0.0,0.0,0.0,1.0
2057,0.01,0.15130258027617108,0.2104717773627374,0.03188538018085866,0.22664274043656674,0.24239983912944335,0.1372976826142228
2057,0.02,0.15130258027617108,0.2104717773627374,0.03188538018085866,0.22664274043656674,0.24239983912944335,0.1372976826142228
2057,0.03,1.0,0.0,0.0,0.0,0.0,0.0
2057,0.04,1.0,0.0,0.0,0.0,0.0,0.0
2057,0.05,0.9999999999998026,1.2599307710092093e-16,0.0,0.0,1.2686123954974228e-16,0.0
2057,0.060000000000000005,1.0,0.0,0.0,0.0,0.0,0.0
2057,0.06999999999999999,0.9999999999985169,2.3203661214665772e-14,5.473399511402022e-14,7.34565186455427e-13,4.788808238842535e-13,1.9115264926483633e-13
2057,0.08,1.0,0.0,1.6843872725367994e-15,2.375684149185861e-14,9.678972219924952e-15,5.217608182122137e-15
2057,0.09,0.9999999999999971,0.0,6.591949208711867e-16,4.524158825347513e-15,4.045375145977914e-15,2.0539125955565396e-15
2057,0.09999999999999999,1.0,0.0,2.2898349882893854e-16,1.1830814106161824e-15,2.9472951856845953e-15,1.5386997231914279e-15
2057,0.11,1.0,0.0,2.636779683484747e-16,9.992007221626409e-16,3.0878077872387166e-15,2.1024848528838902e-15
2057,0.12,0.9999999999922812,8.139768352282942e-12,0.0,1.4685450240374576e-13,0.0,0.0
2057,0.13,1.0,1.1102230246251565e-16,8.326672684688674e-17,0.0,0.0,0.0
2057,0.14,1.0,0.0,0.0,1.3183898417423734e-16,3.469446951953614e-16,4.440892098500626e-16
2057,0.15000000000000002,1.0,9.992007221626409e-16,1.0408340855860843e-16,0.0,0.0,5.551115123125783e-17
2057,0.16,1.0,4.440892098500626e-16,7.216449660063518e-16,0.0,0.0,5.35162192338845e-16
2057,0.17,0.9999999999999998,0.0,1.4311468676808659e-16,4.579669976578771e-16,3.3306690738754696e-16,0.0
2057,0.18000000000000002,0.9999999999999999,1.6653345369377348e-16,0.0,0.0,7.37257477290143e-17,0.0
2057,0.19,1.0,0.0,0.0,0.0,0.0,1.8821749714348357e-16
2057,0.2,0.9999999999999996,2.7755575615628914e-16,1.1449174941446927e-16,5.898059818321144e-17,3.469446951953614e-18,0.0
2057,0.21000000000000002,0.9999999999999999,0.0,0.0,5.100087019371813e-16,1.3877787807814457e-17,0.0
2057,0.22,0.9999999999999996,5.551115123125783e-16,0.0,0.0,0.0,0.0
2057,0.23,0.9999999999999939,6.32701736690366e-15,0.0,0.0,0.0,0.0
2057,0.24000000000000002,0.9999999999999893,1.0426722106090971e-14,0.0,2.3193648861712752e-15,0.0,0.0
2057,0.25,1.0,0.0,0.0,3.770486696572529e-16,8.114321524812021e-17,4.330837107663875e-17
2057,0.26,0.9999999999999089,0.0,0.0,1.152547252372282e-16,0.0,0.0
2057,0.27,0.9999999999999991,1.0547118733938987e-15,0.0,0.0,2.0816681711721685e-17,0.0
2057,0.28,1.0,0.0,0.0,1.1102230246251565e-16,1.3877787807814457e-17,0.0
2057,0.29000000000000004,0.9999999999999984,1.7763568394002505e-15,0.0,5.984795992119984e-17,0.0,0.0
2057,0.3,0.9999999999999997,4.440892098500626e-16,0.0,0.0,2.7755575615628914e-17,9.71445146547012e-17
2057,0.31,0.9999999999999147,8.606584208877867e-14,5.947823003972334e-17,0.0,0.0,4.676934769911982e-17
2057,0.32,1.0,0.0,2.5786118134144258e-17,1.1572302827033364e-15,6.617467135039087e-16,1.8161148718784728e-16
2057,0.33,0.25371484497685454,0.7462851550231447,0.0,6.078130006930054e-16,3.663504806475445e-16,1.2416400513447327e-16
2057,0.34,0.2511216529290215,0.7488783470709848,0.0,0.0,3.1327694860073666e-16,0.0
2057,0.35000000000000003,0.2539365514277382,0.7460634485722614,5.1878800369906134e-17,2.651458910606676e-16,3.3566347470052228e-18,1.3902004814978476e-16
2057,0.36000000000000004,0.2556016811831079,0.744398318816895,5.5445461073884015e-18,4.0116606493048014e-17,2.89716241835943e-17,4.451943152740618e-17
2057,0.37,0.25373829219314725,0.7462617078068512,9.82285845768395e-19,2.384825467366128e-16,0.0,0.0
2057,0.38,0.2535823139525226,0.7464176860474769,1.6686549060909717e-16,1.5742615544489524e-16,9.102554864373613e-17,0.0
2057,0.39,0.2530310164663864,0.7469689835336139,0.0,0.0,0.0,0.0
2057,0.4,0.2536437909535134,0.7463562090464868,4.7704895589362195e-18,0.0,0.0,5.637851296924623e-18
2057,0.41000000000000003,0.2538875074328011,0.7461124925672006,0.0,0.0,0.0,0.0
2057,0.42000000000000004,0.25421939427708634,0.7457806057229137,0.0,0.0,1.0574009406268494e-16,0.0
2057,0.43,0.2539918281775184,0.7460081718224817,0.0,2.7914635366027796e-19,3.871319167867539e-17,0.0
2057,0.44,0.2538446165618163,0.7461553834381877,0.0,2.0346847616739385e-17,3.538040485974065e-17,0.0
2057,0.45,0.25478959670977663,0.7452104032902278,4.896321566187493e-18,0.0,6.064235893310004e-17,0.0
2057,0.46,0.25395711886355765,0.7460428811364425,2.3229031545501932e-17,0.0,3.4071053270356977e-17,0.0
2057,0.47000000000000003,0.2539496704779996,0.7460503295220036,5.435045254925263e-17,6.032698365028314e-18,1.3971137737805177e-19,0.0
2057,0.48000000000000004,0.2539430702673639,0.7460569297326349,0.0,7.029587432218027e-18,0.0,8.552607262070513e-19
2057,0.49,0.2540144179898057,0.7459855820101942,3.3610267347050637e-18,1.485356976305141e-17,9.044956623960321e-17,1.4013313079375145e-17
2057,0.5,0.25342907030376427,0.7465709296962357,6.938893903907228e-18,0.0,4.597017211338539e-17,2.168404344971009e-17
2057,0.51,0.25437850648998805,0.7456214935100121,0.0,4.391018798566293e-17,9.974659986866641e-18,1.7997756063259374e-17
2057,0.52,0.2538133809268778,0.7461866190731222,0.0,3.881443777498106e-17,0.0,0.0
2057,0.53,0.2540007087503223,0.7459992912496776,0.0,3.7269449679189215e-17,2.664426838883127e-17,3.7161029461940664e-17
2057,0.54,0.25377272041060955,0.7462272795893905,3.594130201789447e-17,2.6590058280206996e-17,1.1438332919722072e-17,0.0
2057,0.55,0.2539247520241213,0.7460752479758788,1.4094628242311558e-17,3.436920886779049e-17,0.0,0.0
2057,0.56,0.2539451968780717,0.7460548031219295,2.1880926254575877e-17,0.0,6.370706412306526e-18,3.654244419186631e-18
2057,0.5700000000000001,0.24561954608247946,0.6936752025066876,1.6077382724159745e-17,0.0,0.0,0.06070525141169234
2057,0.5800000000000001,0.22844791510732482,0.581077465182008,1.980404008582e-17,0.0,3.7737415940848075e-17,0.19047461971118512
2057,0.59,0.21563307231124346,0.49920047880855556,1.3180729772295118e-17,0.0,0.0,0.2851664488802011
2057,0.6,0.20614082836847542,0.43612896230114123,2.3319304912457503e-17,0.0,8.89908563238822e-17,0.3577302093303609
2057,0.61,0.19857493675224436,0.3876802269534474,1.1603626873563688e-17,0.0,0.0,0.41374483629348424
2057,0.62,0.19237509775680908,0.3483827151058307,0.0,4.1063786499178904e-17,0.0,0.4592421871373811
2057,0.63,0.1873454622716324,0.3155001930831277,5.751609993089984e-17,6.679039263301455e-17,0.0,0.4971543446452222
2057,0.64,0.18318973579120854,0.28824263182784965,3.410316235571227e-17,1.7630404672625728e-16,0.0,0.5285676323813647
2057,0.65,0.1797309430777586,0.2641062728010024,1.676244820708665e-17,0.0,0.007636234701220317,0.5485265494200285
2057,0.66,0.17680128242926513,0.24319711001951222,1.1879033993026829e-17,0.0,0.015999671766297293,0.5640019357848464
2057,0.67,0.17428941817756563,0.22502357921123609,3.152734944297469e-17,0.0,0.02346787464730796,0.577219127963783
2057,0.68,0.1720841792836913,0.2089974490793079,3.4249929061568826e-17,2.2651417532780626e-16,0.029235065006962678,0.5896833066302788
2057,0.6900000000000001,0.17009355591411376,0.19498356597344135,0.0,1.384307010531183e-20,0.03430599966922589,0.6006168784432191
2057,0.7000000000000001,0.0,0.0,0.0,0.0,0.0,1.0
2057,0.7100000000000001,0.0,0.0,0.0,0.0,0.0,1.0
2057,0.72,0.0,0.0,0.0,0.0,0.0,1.0
2057,0.73,0.0,0.0,0.0,0.0,0.0,1.0
2057,0.74,0.0,0.0,0.0,0.0,0.0,1.0
2057,0.75,0.0,0.0,0.0,0.0,0.0,1.0
2057,0.76,0.0,0.0,0.0,0.0,0.0,1.0
2057,0.77,0.0,0.0,0.0,0.0,0.0,1.0
2057,0.78,0.0,0.0,0.0,0.0,0.0,1.0
2057,0.79,0.0,0.0,0.0,0.0,0.0,1.0
2057,0.8,0.0,0.0,0.0,0.0,0.0,1.0
2057,0.81,0.0,0.0,0.0,0.0,0.0,1.0
2057,0.8200000000000001,0.0,0.0,0.0,0.0,0.0,1.0
2057,0.8300000000000001,0.0,0.0,0.0,0.0,0.0,1.0
2057,0.8400000000000001,0.0,0.0,0.0,0.0,0.0,1.0
2057,0.85,0.0,0.0,0.0,0.0,0.0,1.0
2057,0.86,0.0,0.0,0.0,0.0,0.0,1.0
2057,0.87,0.0,0.0,0.0,0.0,0.0,1.0
2057,0.88,0.0,0.0,0.0,0.0,0.0,1.0
2057,0.89,0.0,0.0,0.0,0.0,0.0,1.0
2057,0.9,0.0,0.0,0.0,0.0,0.0,1.0
2057,0.91,0.0,0.0,0.0,0.0,0.0,1.0
2057,0.92,0.0,0.0,0.0,0.0,0.0,1.0
2057,0.93,0.0,0.0,0.0,0.0,0.0,1.0
2057,0.9400000000000001,0.0,0.0,0.0,0.0,0.0,1.0
2057,0.9500000000000001,0.0,0.0,0.0,0.0,0.0,1.0
2057,0.9600000000000001,0.0,0.0,0.0,0.0,0.0,1.0
2057,0.97,0.0,0.0,0.0,0.0,0.0,1.0
2057,0.98,0.0,0.0,0.0,0.0,0.0,1.0
2057,0.99,0.0,0.0,0.0,0.0,0.0,1.0
2057,1.0,0.0,0.0,0.0,0.0,0.0,1.0
2058,0.01,0.18458589466528896,0.2115097054634458,0.24510615970713306,0.02106294115942471,0.0984596612980485,0.23927563770665894
2058,0.02,0.18458589466528896,0.2115097054634458,0.24510615970713306,0.02106294115942471,0.0984596612980485,0.23927563770665894
2058,0.03,1.0,0.0,0.0,0.0,0.0,0.0
2058,0.04,1.0,0.0,5.1662489117743565e-17,6.863214860151537e-17,0.0,2.7499201738116066e-17
2058,0.05,1.0,0.0,2.636727929794625e-16,1.1229085951690333e-18,4.1776604529883125e-18,2.881015263675663e-17
2058,0.060000000000000005,1.0,0.0,0.0,1.364713974407437e-16,0.0,8.96596338832554e-17
2058,0.06999999999999999,1.0,0.0,0.0,0.0,0.0,0.0
2058,0.08,0.9999999999989577,2.9648505872614805e-13,4.746064652394466e-13,1.2684298056342413e-14,5.5316862201948425e-14,2.033234691722896e-13
2058,0.09,0.999999999999949,1.9624075415613628e-14,1.602350628111739e-14,2.170312286684699e-15,3.969436101157724e-15,9.203995530136788e-15
2058,0.09999999999999999,0.9999999999999827,0.0,8.68749516769185e-15,1.9012569296705806e-15,3.885780586188048e-15,7.13318293321663e-15
2058,0.11,1.0,2.3314683517128287e-15,0.0,0.0,0.0,0.0
2058,0.12,0.9999999999999005,0.0,2.434126915661824e-16,0.0,6.712657717410124e-17,0.0
2058,0.13,1.0,0.0,0.0,0.0,3.2854560911591903e-16,7.441505796669964e-15
2058,0.14,0.9999999999999996,3.885780586188048e-16,0.0,0.0,0.0,0.0
2058,0.15000000000000002,0.9999999999999996,0.0,7.632783294297951e-16,2.636779683484747e-16,0.0,0.0
2058,0.16,1.0,0.0,0.0,5.724587470723463e-17,2.636779683484747e-16,0.0
2058,0.17,0.9999999999999997,0.0,7.077671781985373e-16,1.3877787807814457e-17,0.0,1.3877787807814457e-16
2058,0.18000000000000002,1.0,2.220446049250313e-15,0.0,0.0,1.942890293094024e-16,0.0
2058,0.19,1.0,0.0,4.85722573273506e-16,4.163336342344337e-17,5.204170427930421e-17,1.3877787807814457e-17
2058,0.2,0.9999999999999993,1.1102230246251565e-16,4.3021142204224816e-16,0.0,1.3183898417423734e-16,0.0
2058,0.21000000000000002,0.9999999999999994,0.0,1.2862974574368025e-15,0.0,0.0,0.0
2058,0.22,1.0,2.220446049250313e-16,0.0,0.0,8.673617379884035e-18,2.5153490401663703e-17
2058,0.23,0.9999999999999992,1.6653345369377348e-16,9.679756995950584e-16,0.0,0.0,0.0
2058,0.24000000000000002,0.9999999999999996,1.5543122344752192e-15,0.0,0.0,1.6653345369377348e-16,0.0
2058,0.25,0.9999999999998872,1.1711916684278801e-13,0.0,1.7131381648050113e-16,3.305794892588163e-16,5.131605909432533e-16
2058,0.26,1.0,0.0,2.5761372066590224e-15,2.708682192794796e-16,1.1098842114462548e-16,0.0
2058,0.27,1.0,0.0,2.8790675288162086e-15,0.0,5.89128355474311e-17,1.6136803502317994e-16
2058,0.28,0.999999999999913,0.0,0.0,9.013044344894846e-17,0.0,2.26793102685386e-16
2058,0.29000000000000004,1.0,0.0,5.551115123125783e-17,2.6454533008646308e-17,2.0816681711721685e-17,2.0816681711721685e-17
2058,0.3,1.0,0.0,1.3877787807814457e-16,0.0,0.0,0.0
2058,0.31,0.9999999999999998,4.996003610813204e-16,0.0,1.3010426069826053e-17,0.0,0.0
2058,0.32,0.9999999999999984,1.0547118733938987e-15,0.0,0.0,2.6237692574149207e-17,3.382710778154774e-17
2058,0.33,1.0,0.0,1.234255920247982e-17,0.0,0.0,8.397024354427278e-17
2058,0.34,1.0,4.216871953421476e-16,0.0,0.0,0.0,0.0
2058,0.35000000000000003,0.25066632028349894,0.7493336797165014,0.0,3.2894524506620754e-17,6.234077788496925e-17,0.0
2058,0.36000000000000004,0.2538268821955587,0.7461731178044353,0.0,0.0,0.0,3.9874972238958715e-17
2058,0.37,0.25260698554108824,0.7473930144589076,9.787028263658071e-17,6.749616142009114e-17,1.0013696471241034e-16,0.0
2058,0.38,0.2532835361260687,0.7467164638739351,0.0,0.0,1.8490531376958854e-16,2.22572305860316e-17
2058,0.39,0.2542456474339397,0.7457543525660632,8.499326696768364e-17,0.0,1.8200672032711362e-16,2.3270780621353647e-16
2058,0.4,0.25410750392823706,0.7458924960717631,7.934117723401975e-17,4.625165556125498e-18,0.0,5.586014706139259e-18
2058,0.41000000000000003,0.25393485762737383,0.7460651423726262,1.098296800727816e-16,2.0816681711721685e-17,0.0,6.071532165918825e-18
2058,0.42000000000000004,0.25339178651548466,0.7466082134845151,1.3227266504323154e-16,5.377642775528102e-17,0.0,3.5561831257524545e-17
2058,0.43,0.25358508110904154,0.7464149188909611,1.2196217103710174e-16,6.8920881942918836e-18,0.0,0.0
2058,0.44,0.2542172279980977,0.745782772001895,5.18022121628919e-18,2.914740938569958e-18,0.0,1.5051059473571744e-17
2058,0.45,0.25388903391601747,0.7461109660839836,1.5293591837395535e-17,0.0,9.567492580490476e-18,3.2451510752753597e-18
2058,0.46,0.2540403117686736,0.7459596882313277,0.0,0.0,6.26488446295012e-17,9.770982545157465e-17
2058,0.47000000000000003,0.25337024335786695,0.7466297566949376,1.311310153099225e-22,1.5659687482689682e-17,3.013361433256897e-22,9.222146388397012e-18
2058,0.48000000000000004,0.2538596376430358,0.7461403623569531,0.0,5.226637482102188e-17,2.694001523632103e-17,0.0
2058,0.49,0.2540709255640344,0.7459290744359656,0.0,0.0,3.935399776238205e-17,1.670251563196546e-16
2058,0.5,0.25393113553212415,0.7460688644678757,3.707971429900425e-17,0.0,0.0,8.315830662963819e-17
2058,0.51,0.2541977602569099,0.7458022397430899,0.0,4.336808689942018e-19,1.6696713456276768e-17,1.1655173354219173e-16
2058,0.52,0.2544205766427443,0.7455794233572556,4.954803928258755e-17,2.5912431922403556e-17,0.0,2.927345865710862e-18
2058,0.53,0.2543754387940874,0.7456245612059127,2.168404344971009e-18,0.0,1.7780915628762273e-17,0.0
2058,0.54,0.2539589198635648,0.7460410801364354,0.0,7.812749373725046e-18,4.6794808481464055e-18,0.0
2058,0.55,0.2541106722969099,0.7458893277032357,0.0,1.2576745200831851e-17,0.0,2.168404344971009e-17
2058,0.56,0.2539975199166242,0.7460024800833757,1.870248747537495e-17,6.315477654728063e-18,1.2387009820646888e-17,0.0
2058,0.5700000000000001,0.2539148829860132,0.7460851170139867,3.6004326403182986e-17,4.099904790970226e-18,0.0,9.15477828178349e-17
2058,0.5800000000000001,0.2539386576120351,0.746061342387965,1.8188527508141965e-18,1.4778178600365348e-18,5.802296006710664e-18,1.8456153370982396e-17
2058,0.59,0.23667151063156486,0.6357633978536539,3.432819050370291e-17,0.0,1.6387869514028397e-18,0.12756509151478035
2058,0.6,0.22138745124007453,0.5366531842290674,5.445324344700359e-17,2.5280662434403226e-17,0.0,0.24195936453086014
2058,0.61,0.2100634669875072,0.46376188351999575,0.0,0.0,2.6175036000389766e-16,0.3261746494924968
2058,0.62,0.20167910537478848,0.4071151363741016,1.7343652002355373e-16,0.0,0.0,0.39120575825129605
2058,0.63,0.19467071057727123,0.36276628860890975,2.0022426187364265e-24,1.0359272675054657e-24,1.2214053748395288e-17,0.4425630008138257
2058,0.64,0.1890849291464987,0.3266788777357704,1.2672041654976432e-16,0.0,6.922810387950758e-17,0.48423619311773075
2058,0.65,0.18446966734119483,0.2965570508401563,3.0280666343590383e-16,0.0,0.0,0.5189732818186483
2058,0.66,0.1806887336334416,0.270624814675559,0.0,3.505691846698195e-17,0.00545401134051949,0.5432324403508298
2058,0.67,0.1774905657720083,0.2480747946862745,0.0,4.454736852023498e-17,0.01413666185180549,0.5602979776894201
2058,0.68,0.17479665245752027,0.22849069204781075,1.3249497758767341e-17,0.0,0.02166749243283718,0.5750451630618442
2058,0.6900000000000001,0.17234956209998376,0.21154761796328717,0.0,0.0,0.02765469812730541,0.588448121809263
2058,0.7000000000000001,0.170198254858407,0.19674826752876537,0.0,0.0,0.03323574843589044,0.5998177291769451
2058,0.7100000000000001,0.0,0.0,0.0,0.0,0.0,1.0
2058,0.72,0.0,0.0,0.0,0.0,0.0,1.0
2058,0.73,0.0,0.0,0.0,0.0,0.0,1.0
2058,0.74,0.0,0.0,0.0,0.0,0.0,1.0
2058,0.75,0.0,0.0,0.0,0.0,0.0,1.0
2058,0.76,0.0,0.0,0.0,0.0,0.0,1.0
2058,0.77,0.0,0.0,0.0,0.0,0.0,1.0
2058,0.78,0.0,0.0,0.0,0.0,0.0,1.0
2058,0.79,0.0,0.0,0.0,0.0,0.0,1.0
2058,0.8,0.0,0.0,0.0,0.0,0.0,1.0
2058,0.81,0.0,0.0,0.0,0.0,0.0,1.0
2058,0.8200000000000001,0.0,0.0,0.0,0.0,0.0,1.0
2058,0.8300000000000001,0.0,0.0,0.0,0.0,0.0,1.0
2058,0.8400000000000001,0.0,0.0,0.0,0.0,0.0,1.0
2058,0.85,0.0,0.0,0.0,0.0,0.0,1.0
2058,0.86,0.0,0.0,0.0,0.0,0.0,1.0
2058,0.87,0.0,0.0,0.0,0.0,0.0,1.0
2058,0.88,0.0,0.0,0.0,0.0,0.0,1.0
2058,0.89,0.0,0.0,0.0,0.0,0.0,1.0
2058,0.9,0.0,0.0,0.0,0.0,0.0,1.0
2058,0.91,0.0,0.0,0.0,0.0,0.0,1.0
2058,0.92,0.0,0.0,0.0,0.0,0.0,1.0
2058,0.93,0.0,0.0,0.0,0.0,0.0,1.0
2058,0.9400000000000001,0.0,0.0,0.0,0.0,0.0,1.0
2058,0.9500000000000001,0.0,0.0,0.0,0.0,0.0,1.0
2058,0.9600000000000001,0.0,0.0,0.0,0.0,0.0,1.0
2058,0.97,0.0,0.0,0.0,0.0,0.0,1.0
2058,0.98,0.0,0.0,0.0,0.0,0.0,1.0
2058,0.99,0.0,0.0,0.0,0.0,0.0,1.0
2058,1.0,0.0,0.0,0.0,0.0,0.0,1.0
2059,0.01,0.18617066635127275,0.2116821996199952,0.09027331706239032,0.1726896670042935,0.20385949411505042,0.13532465584699785
2059,0.02,0.18617066635127275,0.2116821996199952,0.09027331706239032,0.1726896670042935,0.20385949411505042,0.13532465584699785
2059,0.03,0.18617066635127275,0.2116821996199952,0.09027331706239032,0.1726896670042935,0.20385949411505042,0.13532465584699785
2059,0.04,1.0,0.0,0.0,0.0,0.0,0.0
2059,0.05,1.0,0.0,0.0,0.0,0.0,4.820888179564094e-17
2059,0.060000000000000005,1.0,0.0,0.0,0.0,0.0,0.0
2059,0.06999999999999999,1.0,0.0,0.0,0.0,0.0,0.0
2059,0.08,1.0,0.0,0.0,0.0,0.0,0.0
2059,0.09,0.9999999999999999,3.4741386800758848e-15,0.0,5.153292892523813e-16,2.154716111516841e-16,0.0
2059,0.09999999999999999,1.0,0.0,0.0,0.0,0.0,0.0
2059,0.11,1.0,0.0,0.0,0.0,0.0,0.0
2059,0.12,1.0,0.0,9.542927293651124e-17,1.9228749045504048e-16,0.0,0.0
2059,0.13,0.999999999999243,8.616796035972382e-13,0.0,0.0,0.0,0.0
2059,0.14,1.0,0.0,7.077671781985373e-16,0.0,1.2906342661267445e-15,8.153200337090993e-16
2059,0.15000000000000002,0.9999999999999999,1.2212453270876722e-15,7.632783294297951e-17,0.0,0.0,0.0
2059,0.16,0.9999999999999996,0.0,2.185751579730777e-16,4.3021142204224816e-16,2.3592239273284576e-16,0.0
2059,0.17,1.0,9.992007221626409e-16,0.0,1.3877787807814457e-17,0.0,0.0
2059,0.18000000000000002,0.9999999999999997,6.106226635438361e-16,1.1102230246251565e-16,0.0,0.0,3.7470027081099033e-16
2059,0.19,1.0,2.220446049250313e-16,0.0,0.0,0.0,1.1102230246251565e-16
2059,0.2,1.0,0.0,0.0,4.3021142204224816e-16,5.551115123125783e-17,6.938893903907228e-18
2059,0.21000000000000002,0.9999999999999996,1.1102230246251565e-16,1.8041124150158794e-16,0.0,1.734723475976807e-18,2.3592239273284576e-16
2059,0.22,1.0,0.0,9.71445146547012e-17,0.0,0.0,1.3877787807814457e-16
2059,0.23,0.9999999999999996,3.3306690738754696e-16,0.0,1.1796119636642288e-16,0.0,0.0
2059,0.24000000000000002,0.9999999999999998,9.43689570931383e-16,5.551115123125783e-17,0.0,0.0,0.0
2059,0.25,0.9999999999999998,0.0,0.0,3.7556763254897874e-16,0.0,0.0
2059,0.26,1.0,0.0,2.7755575615628914e-17,0.0,0.0,0.0
2059,0.27,0.9999999999999998,1.3322676295501878e-15,0.0,0.0,0.0,0.0
2059,0.28,1.0,0.0,0.0,8.326672684688674e-17,0.0,1.3877787807814457e-16
2059,0.29000000000000004,1.0,0.0,4.441111268275728e-16,0.0,5.848502038159663e-16,3.144029599112721e-16
2059,0.3,0.9999999999998872,1.1626974653317188e-13,1.1878175953407549e-16,0.0,0.0,3.590163970013929e-16
2059,0.31,0.9999999999995454,0.0,2.4440241174738543e-16,0.0,2.7686993523034986e-16,2.9237975478112845e-16
2059,0.32,1.0,0.0,0.0,1.1102230246251565e-16,0.0,1.3877787807814457e-17
2059,0.33,1.0,5.551115123125783e-17,2.7755575615628914e-17,0.0,0.0,0.0
2059,0.34,1.0,0.0,1.8735013540549517e-16,0.0,0.0,6.938893903907228e-17
2059,0.35000000000000003,0.9999999999999993,7.216449660063518e-16,0.0,9.84455572616838e-17,0.0,0.0
2059,0.36000000000000004,0.999999999999996,4.3298697960381105e-15,1.249000902703301e-16,0.0,0.0,0.0
2059,0.37,0.9999999999999896,1.0602629885170245e-14,1.81603863891322e-17,0.0,0.0,0.0
2059,0.38,0.25463356652835806,0.745366433471642,6.677275693310707e-17,3.848592979881923e-18,8.209144867356886e-18,6.369506937225942e-17
2059,0.39,0.2524820252080818,0.7475179747919186,0.0,3.0200200941542903e-17,0.0,0.0
2059,0.4,0.2515127815427502,0.7484872184572502,2.340072512391038e-16,0.0,0.0,0.0
2059,0.41000000000000003,0.2537273384738336,0.74627266152617,0.0,0.0,0.0,0.0
2059,0.42000000000000004,0.25378593869548516,0.7462140613045133,0.0,4.007728978489476e-17,6.7388256461472115e-18,0.0
2059,0.43,0.2539455790604108,0.7460544209395898,7.94684086287263e-17,3.614039171605686e-17,5.238925051945641e-17,0.0
2059,0.44,0.2531821618626149,0.7468178381373853,0.0,3.8163916471489756e-17,0.0,0.0
2059,0.45,0.2537117790722722,0.746288220927728,0.0,1.734723475976807e-17,9.6710833785707e-17,1.474514954580286e-17
2059,0.46,0.253875704630905,0.746124295369075,0.0,0.0,5.0922455598376264e-17,0.0
2059,0.47000000000000003,0.2539301387826309,0.7460698612173693,0.0,0.0,0.0,0.0
2059,0.48000000000000004,0.2541233490867019,0.7458766509133012,0.0,0.0,1.0749102210541248e-16,0.0
2059,0.49,0.25437270871342577,0.7456272912865721,4.180386836390929e-17,0.0,3.576008078056564e-17,0.0
2059,0.5,0.25383108048160763,0.7461689195183874,0.0,0.0,5.0714712399351534e-17,0.0
2059,0.51,0.2540128523468942,0.7459871476531106,8.331649874060332e-17,9.800454223239759e-17,8.864022728884294e-17,6.392827696256392e-17
2059,0.52,0.2539661010030842,0.7460338989969175,6.661905858295409e-18,0.0,1.1995403072207522e-16,2.589420504667308e-17
2059,0.53,0.25419831947616167,0.7458016805238338,0.0,4.500930556553009e-18,0.0,2.542985346703276e-19
2059,0.54,0.2539118608768965,0.7460881391231037,1.2573177298778613e-17,0.0,1.857139032204914e-17,2.4684953595767182e-17
2059,0.55,0.2538814545740704,0.7461185454259298,0.0,4.9223332548026745e-18,0.0,0.0
2059,0.56,0.25387401833163953,0.7461259816683604,0.0,6.342582709040201e-17,4.2500725161431774e-17,0.0
2059,0.5700000000000001,0.25414314773412056,0.7458568522658796,9.75781955236954e-18,0.0,0.0,0.0
2059,0.5800000000000001,0.2539594913081143,0.7460405086918859,4.588496378591348e-17,1.9468725142372667e-17,1.834095533147943e-17,1.1397602970692137e-17
2059,0.59,0.2538988121208615,0.7461011878791364,2.862293735361732e-17,0.0,3.165870343657673e-17,2.3418766925686896e-17
2059,0.6,0.2539229844102567,0.7460770155897434,1.2550290882399026e-17,2.41962566468818e-17,0.0,0.0
2059,0.61,0.2537256252835938,0.7462743747164055,1.2630955309456127e-17,1.5504091066542713e-17,9.215718466126788e-19,0.0
2059,0.62,0.23348226396577723,0.6141797293275393,0.0,2.753878248905719e-17,0.0,0.15233800670668327
2059,0.63,0.21914211092662175,0.5186141805788922,4.82886023870009e-17,3.3646571037515277e-17,0.0,0.2622437084944734
2059,0.64,0.20819282729042632,0.45011828638845097,1.3323454888702305e-17,6.288590896395419e-20,1.934352934411221e-17,0.34168888632181643
2059,0.65,0.19979236742456982,0.3965749334686645,0.0,9.433473820794211e-17,0.0,0.4036326991057883
2059,0.66,0.19313200331861638,0.35317072236591096,3.1670766633016266e-23,0.0,0.0,0.4536972743156635
2059,0.67,0.18781861148746645,0.3179450138380943,0.0,0.0,0.0,0.49423637467443904
2059,0.68,0.18330696919960263,0.28884071484577495,0.0,1.0342277352902992e-19,9.409344359618285e-17,0.5278523159545107
2059,0.6900000000000001,0.17960810853489376,0.2633426283809333,3.6935534649478943e-17,0.0,0.008314490685397755,0.5487347723987752
2059,0.7000000000000001,0.17656536300115017,0.24124856110080292,0.0,1.9651470435670962e-16,0.016717993540383086,0.5654680823576606
2059,0.7100000000000001,0.17388768030216759,0.22222554959501614,1.054467829296546e-16,4.2804122619398834e-16,0.023942660827009774,0.5799441092758233
2059,0.72,0.1715220811029614,0.20590137882592516,1.4666859407597037e-18,1.5476303561709908e-16,0.030562812450913225,0.5920137276204113
2059,0.73,0.0,0.0,0.0,0.0,0.0,1.0
2059,0.74,0.0,0.0,0.0,0.0,0.0,1.0
2059,0.75,0.0,0.0,0.0,0.0,0.0,1.0
2059,0.76,0.0,0.0,0.0,0.0,0.0,1.0
2059,0.77,0.0,0.0,0.0,0.0,0.0,1.0
2059,0.78,0.0,0.0,0.0,0.0,0.0,1.0
2059,0.79,0.0,0.0,0.0,0.0,0.0,1.0
2059,0.8,0.0,0.0,0.0,0.0,0.0,1.0
2059,0.81,0.0,0.0,0.0,0.0,0.0,1.0
2059,0.8200000000000001,0.0,0.0,0.0,0.0,0.0,1.0
2059,0.8300000000000001,0.0,0.0,0.0,0.0,0.0,1.0
2059,0.8400000000000001,0.0,0.0,0.0,0.0,0.0,1.0
2059,0.85,0.0,0.0,0.0,0.0,0.0,1.0
2059,0.86,0.0,0.0,0.0,0.0,0.0,1.0
2059,0.87,0.0,0.0,0.0,0.0,0.0,1.0
2059,0.88,0.0,0.0,0.0,0.0,0.0,1.0
2059,0.89,0.0,0.0,0.0,0.0,0.0,1.0
2059,0.9,0.0,0.0,0.0,0.0,0.0,1.0
2059,0.91,0.0,0.0,0.0,0.0,0.0,1.0
2059,0.92,0.0,0.0,0.0,0.0,0.0,1.0
2059,0.93,0.0,0.0,0.0,0.0,0.0,1.0
2059,0.9400000000000001,0.0,0.0,0.0,0.0,0.0,1.0
2059,0.9500000000000001,0.0,0.0,0.0,0.0,0.0,1.0
2059,0.9600000000000001,0.0,0.0,0.0,0.0,0.0,1.0
2059,0.97,0.0,0.0,0.0,0.0,0.0,1.0
2059,0.98,0.0,0.0,0.0,0.0,0.0,1.0
2059,0.99,0.0,0.0,0.0,0.0,0.0,1.0
2059,1.0,0.0,0.0,0.0,0.0,0.0,1.0
2060,0.01,0.33249147039410265,0.20476280786687948,0.09637868333841822,0.08515932082037896,0.1761695474415374,0.10503817013868338
2060,0.02,0.33249147039410265,0.20476280786687948,0.09637868333841822,0.08515932082037896,0.1761695474415374,0.10503817013868338
2060,0.03,0.9999999999999948,5.1500804084051995e-15,0.0,0.0,0.0,3.9131029033654817e-16
2060,0.04,0.9999999999992228,4.158918536128814e-18,4.430343957503799e-17,0.0,3.6265801663476575e-17,8.51566227883336e-18
2060,0.05,1.0,0.0,0.0,0.0,0.0,0.0
2060,0.060000000000000005,0.999999999999992,0.0,4.829375740242772e-16,0.0,7.951174541928595e-17,0.0
2060,0.06999999999999999,0.9999999999987663,4.578004642041833e-13,1.5269382980243051e-13,2.255001740891771e-13,2.6047219936486954e-13,1.338616717472263e-13
2060,0.08,0.9999999999999888,1.0008763297285755e-14,6.59502821043977e-16,6.260754543422037e-16,0.0,0.0
2060,0.09,0.9999999999999588,2.1149748619109232e-14,8.298917109073045e-15,1.1324274851176597e-14,1.061650767297806e-14,5.828670879282072e-15
2060,0.09999999999999999,1.0,0.0,0.0,0.0,0.0,0.0
2060,0.11,1.0,0.0,1.0857268317905622e-17,2.438175868342031e-16,6.521482420247414e-16,5.458966408793987e-16
2060,0.12,1.0,0.0,2.360921275475637e-15,2.1389989609323654e-15,4.198553854708803e-15,3.425855777751711e-15
2060,0.13,1.0,0.0,1.7838086646932794e-14,1.684065452956402e-14,3.0877477220148445e-14,1.899488039003094e-14
2060,0.14,1.0,0.0,3.934329814807145e-15,3.165724733400084e-15,7.105116284751123e-15,3.192430173449575e-15
2060,0.15000000000000002,1.0,0.0,6.245004513516506e-17,4.40619762898109e-16,1.0061396160665481e-16,0.0
2060,0.16,1.0,1.1102230246251565e-16,0.0,0.0,0.0,4.163336342344337e-16
2060,0.17,1.0,3.214095656289828e-14,0.0,0.0,5.551115123125783e-17,0.0
2060,0.18000000000000002,1.0,2.453592884421596e-14,1.942890293094024e-16,2.0469737016526324e-16,2.0816681711721685e-16,0.0
2060,0.19,0.9999999999999054,1.1657048303834131e-15,0.0,0.0,0.0,3.0791467072027325e-16
2060,0.2,0.9999999999999933,7.21016806372668e-15,0.0,0.0,0.0,0.0
2060,0.21000000000000002,1.0,0.0,9.746384607581607e-17,0.0,3.0107955516743556e-16,3.070579137091564e-16
2060,0.22,1.0,0.0,1.2644761946496372e-16,4.5212501142066416e-17,0.0,0.0
2060,0.23,1.0,0.0,4.918733030199931e-16,3.6523806575721254e-16,8.040231552915687e-16,6.71276998830822e-16
2060,0.24000000000000002,0.9999999999999976,2.7018800947118705e-15,0.0,0.0,0.0,0.0
2060,0.25,1.0,0.0,1.423942852464468e-16,1.2190921693357518e-16,2.7181075519153684e-16,9.983130316339184e-17
2060,0.26,1.0,0.0,9.71445146547012e-17,4.163336342344337e-17,1.2576745200831851e-16,0.0
2060,0.27,0.9999999999999999,0.0,0.0,2.7755575615628914e-17,1.700029006457271e-16,0.0
2060,0.28,1.0,0.0,2.42861286636753e-17,2.7755575615628914e-17,0.0,7.979727989493313e-17
2060,0.29000000000000004,0.9999999999999998,1.1102230246251565e-16,5.0306980803327406e-17,1.734723475976807e-18,4.163336342344337e-17,1.249000902703301e-16
2060,0.3,1.0,0.0,6.852157730108388e-17,3.0357660829594124e-17,6.245004513516506e-17,6.938893903907228e-17
2060,0.31,0.9999999999999998,1.1102230246251565e-16,0.0,1.691355389077387e-17,8.326672684688674e-17,0.0
2060,0.32,0.9999999999999417,5.974109220946449e-14,0.0,0.0,0.0,0.0
2060,0.33,1.0,0.0,0.0,2.8061162164245903e-17,0.0,8.555145961765382e-18
2060,0.34,0.9999999999999999,0.0,8.326672684688674e-17,0.0,0.0,0.0
2060,0.35000000000000003,1.0,6.49352464017595e-14,0.0,3.158681438446127e-18,0.0,0.0
2060,0.36000000000000004,1.0,0.0,0.0,1.0061396160665481e-16,2.1163626406917047e-16,0.0
2060,0.37,0.9999999999999949,4.9960036108132044e-15,0.0,0.0,0.0,0.0
2060,0.38,0.2585569386835056,0.7414430613164672,6.767994418886833e-17,0.0,2.566336717821935e-16,9.623890501305686e-17
2060,0.39,0.25357196889170625,0.7464280311082954,3.6685696865190006e-17,0.0,0.0,5.009021015827521e-18
2060,0.4,0.25280151477309803,0.7471984852269019,3.469446951953614e-18,5.0090140368830305e-17,0.0,6.093216209368535e-17
2060,0.41000000000000003,0.25286490340293066,0.7471350965971618,0.0,0.0,0.0,0.0
2060,0.42000000000000004,0.2538404842767226,0.7461595157232707,3.138761571524111e-16,1.8144885514137113e-16,1.9949611057694866e-16,2.016326339231185e-17
2060,0.43,0.2539515674458438,0.7460484325541586,0.0,5.873373580068678e-17,2.7388372826744477e-17,9.110662721153458e-18
2060,0.44,0.25322986470014236,0.7467701352998559,6.003522602972948e-17,6.776254831124491e-17,0.0,0.0
2060,0.45,0.2542588920873251,0.7457411079126749,1.3064636178450328e-17,0.0,1.7222551509932238e-16,0.0
2060,0.46,0.2538511335094261,0.7461488664905688,7.098438510430755e-17,0.0,6.820235986592056e-17,4.050131221797997e-17
2060,0.47000000000000003,0.2542489748025365,0.7457510251974634,0.0,3.209238430557093e-17,1.8214596497756474e-16,3.415236843329339e-18
2060,0.48000000000000004,0.25506025353323003,0.74493974646677,8.48197617556775e-19,7.902205945973823e-17,0.0,1.2049447338831348e-17
2060,0.49,0.2539448867881811,0.7460551132118112,0.0,0.0,0.0,3.2423869056833105e-17
2060,0.5,0.2539392700858043,0.7460607299142045,0.0,0.0,0.0,5.537562595969714e-17
2060,0.51,0.2538111060097459,0.7461888939902541,0.0,0.0,6.056624386047149e-17,0.0
2060,0.52,0.2542689210019494,0.7457310789980506,1.1169865606292291e-17,2.0793128202387445e-17,0.0,2.6607010949992893e-17
2060,0.53,0.2535165507029634,0.7464834492970407,0.0,0.0,0.0,1.68865236042187e-17
2060,0.54,0.25396099853079956,0.7460390014691991,0.0,2.7591225818215107e-17,7.447950552857514e-20,0.0
2060,0.55,0.2539641386830687,0.7460358613169313,5.5308101650484025e-18,1.5078004927665996e-17,0.0,0.0
2060,0.56,0.2534810274629971,0.7465189725370031,3.8163916471489756e-17,5.637851296924623e-18,0.0,0.0
2060,0.5700000000000001,0.2539875371958055,0.7460124628041945,4.065838252053398e-17,1.1728379573230956e-17,1.3130212181072677e-18,7.925741296876588e-19
2060,0.5800000000000001,0.2540326625520138,0.7459673374479863,1.3308581667259567e-17,6.0173220572945496e-18,1.4582519219930035e-17,0.0
2060,0.59,0.2535244820388775,0.7464755179611224,0.0,1.650438403769084e-17,3.2259038037943215e-17,9.344806287288343e-17
2060,0.6,0.2441690908364813,0.6823619073085431,0.0,0.0,1.448509851638399e-16,0.07346900185497574
2060,0.61,0.22522498858009657,0.5612441325547749,1.0476832694130968e-16,9.578541762922886e-17,0.0,0.21353087886512936
2060,0.62,0.21192185499849442,0.47473691363925535,8.402572182417368e-17,0.0,0.0,0.3133412313631473
2060,0.63,0.2019100100650558,0.41060824987979616,0.0,8.753960798197006e-17,3.138202269198855e-16,0.3874817400551479
2060,0.64,0.19436823738693496,0.36042677545510293,1.1581778999069024e-16,0.0,0.0,0.44520498715796203
2060,0.65,0.18826430082128892,0.3207951944674033,1.2199049880249193e-16,0.0,0.0,0.4909405047118382
2060,0.66,0.18317809810665792,0.28863385094646776,6.530226721671998e-17,2.182300868464934e-16,3.552940465726435e-16,0.5281880509468541
2060,0.67,0.17929201208653575,0.26073996307357755,1.75750057656746e-17,1.1731533020277448e-17,0.009407521632504764,0.55056050320741
2060,0.68,0.17598632263560818,0.23698868200659512,2.490890004284892e-16,1.9334677422516313e-17,0.018580420916617813,0.5684445744412212
2060,0.6900000000000001,0.17314695921301043,0.21691837301222566,7.2732732271892785e-16,4.637285629639611e-16,0.026138511368520717,0.5837961564062417
2060,0.7000000000000001,0.1706616814481247,0.1995651675615396,8.069789709820543e-17,0.0,0.03244277970803845,0.5973303712822985
2060,0.7100000000000001,0.0,0.0,0.0,0.0,0.0,1.0
2060,0.72,0.0,0.0,0.0,0.0,0.0,1.0
2060,0.73,0.0,0.0,0.0,0.0,0.0,1.0
2060,0.74,0.0,0.0,0.0,0.0,0.0,1.0
2060,0.75,0.0,0.0,0.0,0.0,0.0,1.0
2060,0.76,0.0,0.0,0.0,0.0,0.0,1.0
2060,0.77,0.0,0.0,0.0,0.0,0.0,1.0
2060,0.78,0.0,0.0,0.0,0.0,0.0,1.0
2060,0.79,0.0,0.0,0.0,0.0,0.0,1.0
2060,0.8,0.0,0.0,0.0,0.0,0.0,1.0
2060,0.81,0.0,0.0,0.0,0.0,0.0,1.0
2060,0.8200000000000001,0.0,0.0,0.0,0.0,0.0,1.0
2060,0.8300000000000001,0.0,0.0,0.0,0.0,0.0,1.0
2060,0.8400000000000001,0.0,0.0,0.0,0.0,0.0,1.0
2060,0.85,0.0,0.0,0.0,0.0,0.0,1.0
2060,0.86,0.0,0.0,0.0,0.0,0.0,1.0
2060,0.87,0.0,0.0,0.0,0.0,0.0,1.0
2060,0.88,0.0,0.0,0.0,0.0,0.0,1.0
2060,0.89,0.0,0.0,0.0,0.0,0.0,1.0
2060,0.9,0.0,0.0,0.0,0.0,0.0,1.0
2060,0.91,0.0,0.0,0.0,0.0,0.0,1.0
2060,0.92,0.0,0.0,0.0,0.0,0.0,1.0
2060,0.93,0.0,0.0,0.0,0.0,0.0,1.0
2060,0.9400000000000001,0.0,0.0,0.0,0.0,0.0,1.0
2060,0.9500000000000001,0.0,0.0,0.0,0.0,0.0,1.0
2060,0.9600000000000001,0.0,0.0,0.0,0.0,0.0,1.0
2060,0.97,0.0,0.0,0.0,0.0,0.0,1.0
2060,0.98,0.0,0.0,0.0,0.0,0.0,1.0
2060,0.99,0.0,0.0,0.0,0.0,0.0,1.0
2060,1.0,0.0,0.0,0.0,0.0,0.0,1.0
2061,0.01,0.1712667365744849,0.12098136644781621,0.2036135414210733,0.22828355411273,0.23504754119740023,0.040807260246495294
2061,0.02,0.1712667365744849,0.12098136644781621,0.2036135414210733,0.22828355411273,0.23504754119740023,0.040807260246495294
2061,0.03,0.1712667365744849,0.12098136644781621,0.2036135414210733,0.22828355411273,0.23504754119740023,0.040807260246495294
2061,0.04,0.1712667365744849,0.12098136644781621,0.2036135414210733,0.22828355411273,0.23504754119740023,0.040807260246495294
2061,0.05,0.17352341177451494,0.12323804164789984,0.20155047503887574,0.22622048773055253,0.23485410402386206,0.04061347978359231
2061,0.060000000000000005,1.0,0.0,0.0,0.0,0.0,0.0
2061,0.06999999999999999,1.0,0.0,1.501281195713522e-17,4.2767964056290506e-17,1.5012388440661592e-17,0.0
2061,0.08,1.0,0.0,0.0,0.0,0.0,0.0
2061,0.09,1.0,0.0,0.0,0.0,0.0,0.0
2061,0.09999999999999999,1.0,0.0,0.0,0.0,0.0,0.0
2061,0.11,1.0,0.0,0.0,0.0,0.0,0.0
2061,0.12,1.0,1.7844743427511405e-14,0.0,0.0,0.0,0.0
2061,0.13,1.0,0.0,3.457812848543958e-14,5.3895125870311554e-14,2.967248211427473e-14,4.7229752457599895e-15
2061,0.14,0.9999999999998374,0.0,8.658004868600244e-14,1.0109274528602441e-13,8.488348912649712e-14,1.7801732310473994e-14
2061,0.15000000000000002,1.0,0.0,5.440213099341777e-15,7.640481976755546e-15,8.271328822464499e-15,2.667626929357854e-15
2061,0.16,0.9999999999999997,0.0,1.2440408175577034e-16,4.564492602001852e-16,1.0412633592367748e-16,1.33767067322253e-16
2061,0.17,0.9999999999996879,3.415913379132223e-13,0.0,2.584339873720233e-16,0.0,0.0
2061,0.18000000000000002,0.9999999999983809,1.7360113478567346e-12,0.0,9.609581057424394e-15,0.0,0.0
2061,0.19,1.0,0.0,1.0061396160665481e-16,5.169475958410885e-16,7.632783294297951e-17,2.2724877535296173e-16
2061,0.2,1.0,0.0,8.968520370800093e-16,9.43689570931383e-16,9.645062526431047e-16,2.636779683484747e-16
2061,0.21000000000000002,0.9999999999999993,1.942890293094024e-15,0.0,0.0,0.0,0.0
2061,0.22,1.0,0.0,3.0531133177191805e-16,4.805184028455756e-16,6.938893903907228e-16,6.938893903907228e-17
2061,0.23,1.0,0.0,0.0,0.0,2.498001805406602e-16,6.938893903907228e-17
2061,0.24000000000000002,0.9999999999999996,0.0,2.680147770384167e-16,1.6219664500383146e-16,1.3877787807814457e-17,0.0
2061,0.25,1.0,0.0,0.0,4.996003610813204e-16,0.0,0.0
2061,0.26,1.0,0.0,0.0,0.0,2.688821387764051e-17,1.942890293094024e-16
2061,0.27,0.9999999999999997,6.106226635438361e-16,0.0,0.0,0.0,0.0
2061,0.28,1.0,0.0,5.0306980803327406e-17,0.0,0.0,3.122502256758253e-17
2061,0.29000000000000004,0.9999999999999998,6.661338147750939e-16,0.0,0.0,1.4224732503009818e-16,0.0
2061,0.3,0.9999999999999996,6.106226635438361e-16,1.2836953722228372e-16,1.0668549377257364e-16,0.0,0.0
2061,0.31,0.9999999999999788,2.25799768795588e-14,0.0,0.0,0.0,0.0
2061,0.32,0.9999999999999531,4.906209393964892e-14,0.0,0.0,0.0,0.0
2061,0.33,0.9999999999999893,1.1046231204042689e-14,0.0,0.0,1.230967571256257e-16,0.0
2061,0.34,1.0,0.0,0.0,0.0,7.632783294297951e-17,0.0
2061,0.35000000000000003,0.9999999999999991,1.2212453270876722e-15,0.0,0.0,0.0,5.4643789493269423e-17
2061,0.36000000000000004,0.9999999999999984,2.1094237467877974e-15,0.0,0.0,0.0,0.0
2061,0.37,1.0,0.0,0.0,1.4338573731120796e-16,0.0,0.0
2061,0.38,0.2507768012538146,0.7492231987461854,6.925171970161709e-17,0.0,0.0,0.0
2061,0.39,0.25646949433770505,0.7435305056622952,0.0,0.0,3.8163916471489756e-17,2.949029909160572e-17
2061,0.4,0.25377476021677453,0.7462252397832364,0.0,0.0,0.0,3.686722966513471e-18
2061,0.41000000000000003,0.2534621048399222,0.7465378951600852,2.841266889170517e-17,6.648168119314496e-17,6.682280600904782e-17,2.622754302925909e-17
2061,0.42000000000000004,0.25376054797496234,0.7462394520250376,6.317276766946202e-18,1.5256471148578022e-17,3.404185389267418e-17,3.068380572382277e-17
2061,0.43,0.25399740578810365,0.7460025942209425,1.14503247631334e-22,3.6269946900467134e-23,2.122780779450099e-17,1.141484923262086e-17
2061,0.44,0.2541284559074183,0.7458715440925816,6.978944709790122e-17,7.331826913137596e-17,4.196015319994662e-17,1.0779567156866746e-17
2061,0.45,0.2537263306416354,0.7462736693583648,3.237132531954633e-17,5.859164985021908e-17,0.0,1.3648936057062532e-17
2061,0.46,0.25362245575574893,0.7463775442442511,0.0,1.617872721210745e-17,7.31982256467727e-17,5.4110031698036115e-17
2061,0.47000000000000003,0.25394408409988334,0.7460559159001238,9.106864173586736e-17,4.834480484744011e-17,8.566074381673914e-20,3.9418837687475284e-20
2061,0.48000000000000004,0.25397430726713793,0.7460256927328556,4.359107996318177e-18,1.7999252874679263e-17,2.1561971203938275e-18,0.0
2061,0.49,0.2540237244914088,0.7459762755085912,6.520239990912235e-18,3.209670525556063e-18,0.0,0.0
2061,0.5,0.2541568976903825,0.7458431023096171,8.615803547879877e-17,1.8192912454306764e-16,2.2842452681553236e-16,0.0
2061,0.51,0.25379162676546246,0.746208373234545,1.1658556768493759e-17,1.1130760824211051e-17,1.0992906047255526e-17,0.0
2061,0.52,0.2541814036257287,0.7458185963742651,0.0,0.0,5.312383076482714e-17,0.0
2061,0.53,0.2538545261458105,0.7461454738541895,0.0,9.053088140253962e-18,6.575686176124584e-17,2.6237692574149207e-17
2061,0.54,0.25437729705121614,0.745622702948784,0.0,2.3744027577432547e-17,0.0,3.209238430557093e-17
2061,0.55,0.2539301936539983,0.7460698063460018,1.7562574795449286e-17,0.0,9.954953829304586e-18,5.808093713189276e-18
2061,0.56,0.25398383319315704,0.7460161668068431,2.8719008205787216e-18,0.0,0.0,0.0
2061,0.5700000000000001,0.253396436226115,0.7466035637738849,0.0,0.0,4.2609145378680324e-17,7.697835424647081e-18
2061,0.5800000000000001,0.25389047563962486,0.7461095243603788,2.16864248410463e-17,0.0,9.221605033016372e-18,1.1919142876052778e-16
2061,0.59,0.23284366589237532,0.6092560866286759,2.9623115483602696e-23,1.3143534870656582e-23,2.1333605946044464e-19,0.157900252873854
2061,0.6,0.21606324768653556,0.5006605756817828,4.0684090957013934e-17,6.444431059040079e-17,0.0,0.28327617663207966
2061,0.61,0.2041649094028008,0.4236578709854082,1.305099834958606e-16,2.4420918946487643e-17,0.0,0.3721772196120495
2061,0.62,0.19528762084807336,0.3664268759549039,6.913311900146423e-20,3.2356737177847834e-20,4.0349866753754193e-20,0.438285503264476
2061,0.63,0.18837142945629515,0.32189156924371365,0.0,0.0,4.869255415654584e-17,0.48973700129974845
2061,0.64,0.18294635510073023,0.28642760878513407,2.0244149821298564e-17,1.983555000812775e-17,2.2113272505472438e-05,0.5306039228416973
2061,0.65,0.1786237528733832,0.25594782190349463,3.0989075787957073e-17,1.071915814897788e-18,0.0109242976554518,0.5545041275676703
2061,0.66,0.175109031169251,0.23085702191294566,4.3603149153926855e-17,9.81565714268167e-23,0.02067754471582662,0.5733564030499588
2061,0.67,0.17212564906764038,0.2096651054384723,1.407206152225934e-20,0.0,0.028689287585140638,0.5895199579084933
2061,0.68,0.0,0.0,0.0,0.0,0.0,1.0
2061,0.6900000000000001,0.0,0.0,0.0,0.0,0.0,1.0
2061,0.7000000000000001,0.0,0.0,0.0,0.0,0.0,1.0
2061,0.7100000000000001,0.0,0.0,0.0,0.0,0.0,1.0
2061,0.72,0.0,0.0,0.0,0.0,0.0,1.0
2061,0.73,0.0,0.0,0.0,0.0,0.0,1.0
2061,0.74,0.0,0.0,0.0,0.0,0.0,1.0
2061,0.75,0.0,0.0,0.0,0.0,0.0,1.0
2061,0.76,0.0,0.0,0.0,0.0,0.0,1.0
2061,0.77,0.0,0.0,0.0,0.0,0.0,1.0
2061,0.78,0.0,0.0,0.0,0.0,0.0,1.0
2061,0.79,0.0,0.0,0.0,0.0,0.0,1.0
2061,0.8,0.0,0.0,0.0,0.0,0.0,1.0
2061,0.81,0.0,0.0,0.0,0.0,0.0,1.0
2061,0.8200000000000001,0.0,0.0,0.0,0.0,0.0,1.0
2061,0.8300000000000001,0.0,0.0,0.0,0.0,0.0,1.0
2061,0.8400000000000001,0.0,0.0,0.0,0.0,0.0,1.0
2061,0.85,0.0,0.0,0.0,0.0,0.0,1.0
2061,0.86,0.0,0.0,0.0,0.0,0.0,1.0
2061,0.87,0.0,0.0,0.0,0.0,0.0,1.0
2061,0.88,0.0,0.0,0.0,0.0,0.0,1.0
2061,0.89,0.0,0.0,0.0,0.0,0.0,1.0
2061,0.9,0.0,0.0,0.0,0.0,0.0,1.0
2061,0.91,0.0,0.0,0.0,0.0,0.0,1.0
2061,0.92,0.0,0.0,0.0,0.0,0.0,1.0
2061,0.93,0.0,0.0,0.0,0.0,0.0,1.0
2061,0.9400000000000001,0.0,0.0,0.0,0.0,0.0,1.0
2061,0.9500000000000001,0.0,0.0,0.0,0.0,0.0,1.0
2061,0.9600000000000001,0.0,0.0,0.0,0.0,0.0,1.0
2061,0.97,0.0,0.0,0.0,0.0,0.0,1.0
2061,0.98,0.0,0.0,0.0,0.0,0.0,1.0
2061,0.99,0.0,0.0,0.0,0.0,0.0,1.0
2061,1.0,0.0,0.0,0.0,0.0,0.0,1.0
2062,0.01,0.24765687480409232,0.07735351853762282,0.194318358801152,0.16704714825620304,0.13767964996642637,0.17594444963450337
2062,0.02,0.24765687480409232,0.07735351853762282,0.194318358801152,0.16704714825620304,0.13767964996642637,0.17594444963450337
2062,0.03,0.24765687480409232,0.07735351853762282,0.194318358801152,0.16704714825620304,0.13767964996642637,0.17594444963450337
2062,0.04,0.24765687480409232,0.07735351853762282,0.194318358801152,0.16704714825620304,0.13767964996642637,0.17594444963450337
2062,0.05,0.24765687480409232,0.07735351853762282,0.194318358801152,0.16704714825620304,0.13767964996642637,0.17594444963450337
2062,0.060000000000000005,0.24773088925541395,0.07742753298894446,0.1942813515754912,0.16701014103054224,0.13764264274076557,0.17590744240884257
2062,0.06999999999999999,1.0,1.419410221908921e-15,0.0,2.7997720687269897e-17,5.033997310481527e-17,9.159940144230147e-18
2062,0.08,1.0,6.283292487647596e-18,0.0,1.1792079560191665e-17,3.538279668075462e-17,6.578217569972875e-18
2062,0.09,1.0,0.0,0.0,0.0,0.0,0.0
2062,0.09999999999999999,1.0,0.0,0.0,0.0,8.538939724756051e-16,7.841752619459559e-16
2062,0.11,0.9999999999999996,5.820392693476436e-13,6.476021707018938e-17,0.0,3.988142673250964e-17,1.0471993644767717e-17
2062,0.12,1.0,2.116640196447861e-13,0.0,0.0,0.0,0.0
2062,0.13,0.9999999999999434,1.398297891841588e-13,0.0,0.0,0.0,0.0
2062,0.14,0.9999999999999926,0.0,1.3450756994489148e-14,1.6133873191836968e-14,5.3209521309177926e-15,8.489578296269357e-15
2062,0.15000000000000002,0.9999999999996504,4.364059579240173e-13,0.0,0.0,0.0,0.0
2062,0.16,0.9999999999999936,0.0,3.4919983571413127e-15,2.976785484776201e-15,2.230854390106174e-15,2.0625862129364236e-15
2062,0.17,0.9999999999995908,0.0,1.1934897514720433e-15,1.6237011735142914e-15,2.581268532253489e-15,2.2898349882893854e-15
2062,0.18000000000000002,0.9999999999999974,3.0056536381680484e-15,1.0433074217920668e-16,0.0,0.0,0.0
2062,0.19,1.0,0.0,1.2131805146386272e-15,6.010503442069152e-17,3.994706905622583e-16,1.4637658947213921e-15
2062,0.2,0.9999999999999998,1.0985936823244175e-13,0.0,0.0,0.0,1.8508156938866194e-16
2062,0.21000000000000002,0.9999999999998387,2.8866851047837197e-13,0.0,0.0,0.0,0.0
2062,0.22,0.9999999999998342,1.888531527011132e-13,0.0,0.0,0.0,0.0
2062,0.23,1.0,1.3561325855192785e-13,1.3608607611823412e-15,1.068412763535388e-15,2.463263715551439e-16,2.37383664231136e-16
2062,0.24000000000000002,1.0,0.0,1.2652319597968248e-15,1.7946262812813417e-15,4.621136474511605e-17,1.703491253629173e-16
2062,0.25,1.0,0.0,1.4218070588879663e-15,1.1534269988910462e-15,0.0,0.0
2062,0.26,1.0,0.0,3.4347418945222374e-16,4.616858958127971e-16,0.0,0.0
2062,0.27,0.9999999999999994,1.5534508019678615e-15,0.0,0.0,0.0,1.279947251431237e-16
2062,0.28,0.9999999999999967,3.977162735702578e-15,0.0,0.0,1.0211659805508394e-16,5.486613564192368e-17
2062,0.29000000000000004,0.9999999999995558,0.0,1.2874196888243598e-16,0.0,3.0393899074562674e-16,4.2493514814147787e-16
2062,0.3,0.9999999999999999,4.930934539805129e-16,5.456840356096379e-17,0.0,0.0,0.0
2062,0.31,1.0,0.0,9.168026168498155e-17,1.3099923951536024e-16,2.959742518478593e-17,0.0
2062,0.32,1.0,0.0,2.3245294578089215e-16,4.163336342344337e-17,9.71445146547012e-17,1.0061396160665481e-16
2062,0.33,1.0,0.0,1.3183898417423734e-16,2.671474153004283e-16,0.0,6.938893903907228e-17
2062,0.34,1.0,0.0,0.0,8.326672684688674e-17,1.3444106938820255e-17,6.938893903907228e-17
2062,0.35000000000000003,0.9999999999999829,1.7694897209507112e-14,0.0,0.0,3.404770692474828e-17,6.092083302801582e-17
2062,0.36000000000000004,1.0,0.0,2.8937355983638113e-16,3.148152531983481e-16,0.0,9.161677764091963e-17
2062,0.37,0.9999999999999966,3.740268372662758e-15,0.0,0.0,3.391138755979954e-17,0.0
2062,0.38,1.0,0.0,4.163336342344337e-17,4.163336342344337e-17,0.0,0.0
2062,0.39,0.9999999999999988,1.2293640320079863e-15,2.330685269753092e-17,0.0,0.0,1.7135889451516282e-16
2062,0.4,0.5998179702717816,0.40018202972821876,0.0,0.0,0.0,0.0
2062,0.41000000000000003,0.2589045767351126,0.7410954232648874,0.0,6.443730327524439e-17,9.274546848430376e-17,0.0
2062,0.42000000000000004,0.25266989300019743,0.7473301069998314,0.0,0.0,0.0,0.0
2062,0.43,0.2546953830328027,0.745304616967177,3.4565063757915025e-17,0.0,0.0,0.0
2062,0.44,0.25394182072959937,0.7460581792704006,0.0,5.996656003052724e-17,0.0,6.040293123984028e-17
2062,0.45,0.2532151217516248,0.7467848782483755,0.0,2.1041568959217702e-17,0.0,0.0
2062,0.46,0.253600188382564,0.746399811617436,1.4961383160602592e-16,0.0,3.5816099960378446e-17,0.0
2062,0.47000000000000003,0.2540546729626917,0.7459453270373081,1.3975366003338152e-16,3.426078865054194e-17,2.3852447794681098e-18,6.440160904563896e-17
2062,0.48000000000000004,0.2542292966094535,0.7457707033905465,0.0,0.0,5.962095509133569e-17,6.026046496651269e-17
2062,0.49,0.25405065577404246,0.7459493442260678,1.1219714598344838e-19,0.0,0.0,0.0
2062,0.5,0.2542850351917065,0.7457149648083182,0.0,1.6296080811511275e-17,0.0,5.500830398805908e-18
2062,0.51,0.25397311289320246,0.7460268871312367,2.84911074480047e-17,2.946832592501297e-17,5.7203034048074236e-18,2.2507072600921026e-17
2062,0.52,0.25389286742874617,0.7461071325712436,1.7925811357398326e-17,5.0067022499554083e-17,2.3591643111292412e-18,0.0
2062,0.53,0.25398655044132534,0.7460134495586748,0.0,0.0,0.0,0.0
2062,0.54,0.2540771328182414,0.7459228671817671,3.91327956739852e-17,0.0,3.2978669615991424e-18,0.0
2062,0.55,0.25379825320197086,0.7462017467980304,8.999073642638553e-17,1.9424167417535742e-16,1.4742477926503828e-17,0.0
2062,0.56,0.2539568884384375,0.7460431115615624,2.850049712041584e-17,3.9736607427806325e-18,2.207589301544796e-18,1.699843762189493e-17
2062,0.5700000000000001,0.2539847382795611,0.746015261720439,2.2052247814141805e-17,1.647236515948645e-17,5.739362633653466e-18,1.5768384775836952e-17
2062,0.5800000000000001,0.2534268626129919,0.7465731373870029,0.0,0.0,8.673617379884035e-18,2.42861286636753e-17
2062,0.59,0.2538824763223994,0.7461175236775932,5.4002871696798876e-17,3.9750285285550937e-17,0.0,3.23503394862787e-17
2062,0.6,0.2488272135965824,0.7125191070171992,0.0,0.0,0.0,0.038653679386219934
2062,0.61,0.2260123221346192,0.565503115022264,4.30968339275219e-20,3.5319377819643204e-18,1.4964133945591525e-16,0.20848456284340128
2062,0.62,0.2107271638218919,0.46637367956345654,2.7641839005185908e-17,2.2669262501760507e-17,0.0,0.3228991566144816
2062,0.63,0.19979814593942435,0.3957558271688953,5.241629704109167e-18,1.0079850656817757e-17,0.0,0.4044460268916802
2062,0.64,0.19157708879476787,0.3424939265078082,0.0,0.0,7.541265033498799e-20,0.4659289854676863
2062,0.65,0.18519172580879473,0.3010601365274534,1.96993437923643e-23,2.4161980053327587e-22,6.220612521551628e-17,0.5137481376980636
2062,0.66,0.1801120425112098,0.2672702797565074,2.3374308862894314e-17,0.0,0.006878541955704539,0.5457391357757698
2062,0.67,0.17625941839864895,0.2387129790394142,4.5310500744753177e-17,1.3808483172852942e-18,0.01760844676757162,0.5674191557946583
2062,0.68,0.17295758626587954,0.21504215494337495,2.467433493854995e-15,1.0489512079735867e-16,0.0266717981751113,0.585328460615646
2062,0.6900000000000001,0.17012764391752763,0.19516726224315634,2.2932140602534966e-16,0.0,0.034322564032219526,0.6003825298071026
2062,0.7000000000000001,0.0,0.0,0.0,0.0,0.0,1.0
2062,0.7100000000000001,0.0,0.0,0.0,0.0,0.0,1.0
2062,0.72,0.0,0.0,0.0,0.0,0.0,1.0
2062,0.73,0.0,0.0,0.0,0.0,0.0,1.0
2062,0.74,0.0,0.0,0.0,0.0,0.0,1.0
2062,0.75,0.0,0.0,0.0,0.0,0.0,1.0
2062,0.76,0.0,0.0,0.0,0.0,0.0,1.0
2062,0.77,0.0,0.0,0.0,0.0,0.0,1.0
2062,0.78,0.0,0.0,0.0,0.0,0.0,1.0
2062,0.79,0.0,0.0,0.0,0.0,0.0,1.0
2062,0.8,0.0,0.0,0.0,0.0,0.0,1.0
2062,0.81,0.0,0.0,0.0,0.0,0.0,1.0
2062,0.8200000000000001,0.0,0.0,0.0,0.0,0.0,1.0
2062,0.8300000000000001,0.0,0.0,0.0,0.0,0.0,1.0
2062,0.8400000000000001,0.0,0.0,0.0,0.0,0.0,1.0
2062,0.85,0.0,0.0,0.0,0.0,0.0,1.0
2062,0.86,0.0,0.0,0.0,0.0,0.0,1.0
2062,0.87,0.0,0.0,0.0,0.0,0.0,1.0
2062,0.88,0.0,0.0,0.0,0.0,0.0,1.0
2062,0.89,0.0,0.0,0.0,0.0,0.0,1.0
2062,0.9,0.0,0.0,0.0,0.0,0.0,1.0
2062,0.91,0.0,0.0,0.0,0.0,0.0,1.0
2062,0.92,0.0,0.0,0.0,0.0,0.0,1.0
2062,0.93,0.0,0.0,0.0,0.0,0.0,1.0
2062,0.9400000000000001,0.0,0.0,0.0,0.0,0.0,1.0
2062,0.9500000000000001,0.0,0.0,0.0,0.0,0.0,1.0
2062,0.9600000000000001,0.0,0.0,0.0,0.0,0.0,1.0
2062,0.97,0.0,0.0,0.0,0.0,0.0,1.0
2062,0.98,0.0,0.0,0.0,0.0,0.0,1.0
2062,0.99,0.0,0.0,0.0,0.0,0.0,1.0
2062,1.0,0.0,0.0,0.0,0.0,0.0,1.0
2063,0.01,0.07104408169248039,0.1966532350115896,0.09346763624103036,0.06152443882049387,0.2704119083740845,0.3068986998603213
2063,0.02,0.07104408169248039,0.1966532350115896,0.09346763624103036,0.06152443882049387,0.2704119083740845,0.3068986998603213
2063,0.03,0.07104408169248039,0.1966532350115896,0.09346763624103036,0.06152443882049387,0.2704119083740845,0.3068986998603213
2063,0.04,0.07104408169248039,0.1966532350115896,0.09346763624103036,0.06152443882049387,0.2704119083740845,0.3068986998603213
2063,0.05,0.07104408169248039,0.1966532350115896,0.09346763624103036,0.06152443882049387,0.2704119083740845,0.3068986998603213
2063,0.060000000000000005,0.07104408169248039,0.1966532350115896,0.09346763624103036,0.06152443882049387,0.2704119083740845,0.3068986998603213
2063,0.06999999999999999,0.07104408169248039,0.1966532350115896,0.09346763624103036,0.06152443882049387,0.2704119083740845,0.3068986998603213
2063,0.08,0.07104408169248039,0.1966532350115896,0.09346763624103036,0.06152443882049387,0.2704119083740845,0.3068986998603213
2063,0.09,0.0,1.0,0.0,0.0,0.0,0.0
2063,0.09999999999999999,1.0,0.0,0.0,0.0,0.0,0.0
2063,0.11,0.0,1.0,0.0,2.3846449248899925e-17,0.0,2.506694456212381e-17
2063,0.12,0.9999999999999389,0.0,6.180148983319464e-17,0.0,1.66986792510025e-17,3.404591401077057e-17
2063,0.13,0.9999999999999998,8.373196653598547e-17,1.2946104688439952e-16,1.461871732490923e-16,0.0,0.0
2063,0.14,1.0,0.0,0.0,0.0,0.0,0.0
2063,0.15000000000000002,1.0,0.0,0.0,0.0,0.0,0.0
2063,0.16,1.0,0.0,0.0,0.0,0.0,0.0
2063,0.17,1.0,0.0,7.107466521592706e-15,1.6294687941464843e-15,7.270768940812218e-15,8.493442801786734e-15
2063,0.18000000000000002,0.9999999999999909,5.0209958199688756e-15,1.2030935396545978e-15,4.0515217667047084e-16,1.3253000882103188e-15,1.3742091990223024e-15
2063,0.19,1.0,0.0,0.0,0.0,0.0,2.254494973969908e-16
2063,0.2,1.0,2.31850510131464e-14,4.2855305314646133e-16,0.0,2.6611157014532673e-17,1.7927363226421893e-16
2063,0.21000000000000002,0.9999999999896136,1.0614384712472466e-11,0.0,1.0642291068088956e-18,2.6179860430622418e-18,3.1535516060122615e-18
2063,0.22,0.9999999999986944,1.2912284504797319e-12,1.3526185611227244e-14,2.8939863254928726e-15,9.615960898519572e-16,0.0
2063,0.23,1.0,0.0,2.237793284010081e-16,0.0,8.604228440844963e-16,1.5699247457590104e-15
2063,0.24000000000000002,1.0,0.0,1.5265566588595902e-15,1.582067810090848e-15,2.1649348980190553e-15,2.525757381022231e-15
2063,0.25,1.0,0.0,2.498001805406602e-16,1.0061396160665481e-16,0.0,2.914335439641036e-16
2063,0.26,0.9999999999999991,9.992007221626409e-16,8.673617379884035e-19,0.0,0.0,0.0
2063,0.27,1.0,0.0,1.6653345369377348e-16,0.0,1.1102230246251565e-16,3.0531133177191805e-16
2063,0.28,1.0,0.0,0.0,0.0,0.0,0.0
2063,0.29000000000000004,0.9999999999999996,3.3306690738754696e-16,0.0,2.7755575615628914e-17,2.7755575615628914e-17,5.551115123125783e-17
2063,0.3,1.0,0.0,0.0,8.326672684688674e-17,0.0,0.0
2063,0.31,1.0,0.0,1.3877787807814457e-16,6.938893903907228e-17,5.551115123125783e-17,1.3877787807814457e-17
2063,0.32,1.0,0.0,6.245004513516506e-17,6.938893903907228e-17,0.0,4.163336342344337e-17
2063,0.33,1.0,0.0,2.7755575615628914e-17,0.0,0.0,0.0
2063,0.34,0.9999999999999999,6.661338147750939e-16,0.0,0.0,2.7755575615628914e-17,0.0
2063,0.35000000000000003,0.999999999999998,2.1124310313879054e-15,0.0,0.0,0.0,0.0
2063,0.36000000000000004,0.9999999999999808,1.952402160856858e-14,0.0,0.0,0.0,0.0
2063,0.37,0.9999999999999993,7.771561172376096e-16,4.163336342344337e-17,5.551115123125783e-17,0.0,0.0
2063,0.38,0.3928741295090966,0.6071258704913345,1.678168310315944e-17,9.423290817489084e-17,4.8560833549500935e-17,0.0
2063,0.39,0.2599310535246506,0.7400689464753494,0.0,0.0,8.586881206085195e-17,6.591949208711867e-17
2063,0.4,0.2536451091197892,0.7463548908802103,3.1393392061165044e-16,4.8256837718073396e-17,2.3223242013605825e-17,1.2129010901786189e-16
2063,0.41000000000000003,0.2541431288864008,0.7458568711135992,0.0,2.7266943962462723e-17,5.842916563384869e-18,4.8690971361540575e-17
2063,0.42000000000000004,0.253999361779546,0.7460006382204537,1.7780915628762273e-17,0.0,9.020562075079397e-17,7.28583859910259e-17
2063,0.43,0.25365143383620803,0.7463485661637919,3.918766118612923e-18,2.162149025904966e-17,6.193769281192968e-17,1.156498316181726e-17
2063,0.44,0.25383668753429334,0.7461633124657068,8.910914529507888e-21,7.46590136256066e-22,2.644865662176739e-17,4.206002393680149e-17
2063,0.45,0.25397095547064147,0.7460290445293585,7.807205793811989e-18,2.1417483755356484e-17,2.0198675248992166e-17,6.011438041696989e-18
2063,0.46,0.25396127455729445,0.7460387254427093,1.1326340598930806e-17,0.0,0.0,3.274418962520967e-17
2063,0.47000000000000003,0.25400055478908046,0.7459994452109195,0.0,3.314795209926983e-17,0.0,1.3526078581048241e-17
2063,0.48000000000000004,0.25405389552286767,0.745946104477134,1.4119826149003393e-16,2.3390166328827262e-17,0.0,2.156065854256372e-16
2063,0.49,0.2541712347567252,0.7458287652432779,0.0,0.0,1.5277589883850648e-17,3.31722328843209e-17
2063,0.5,0.25391012411495084,0.7460898758850492,1.8801656843935498e-17,1.235717662597925e-17,0.0,6.094686299097984e-17
2063,0.51,0.25404144426377573,0.7459585557362244,1.8079071226195786e-17,9.053088140253962e-18,0.0,1.349831704744453e-17
2063,0.52,0.25411888038237074,0.7458811196176295,0.0,0.0,0.0,0.0
2063,0.53,0.25417395898097145,0.7458260410190287,5.637851296924623e-18,1.5937771935536915e-17,0.0,3.436920886779049e-17
2063,0.54,0.254276417853522,0.7457235821464779,0.0,0.0,2.8514517136368767e-17,3.241764495731658e-17
2063,0.55,0.25409186867797573,0.7459081313220279,0.0,0.0,0.0,1.0551419791171996e-16
2063,0.56,0.2281607971689459,0.5769904811013576,3.695642728355389e-17,5.4805405160850944e-17,0.0,0.1948487217296979
2063,0.5700000000000001,0.20959817698154862,0.45993821714293615,0.0,2.2299154748640262e-17,2.780835211212107e-13,0.33046360587523754
2063,0.5800000000000001,0.1974223698029926,0.3801674022272646,3.9921035552358707e-17,4.47230967341197e-17,8.317218961544897e-18,0.4224102279698036
2063,0.59,0.18854628997385392,0.3226812455068708,0.0,4.3764223104274725e-17,0.0,0.48877246451927553
2063,0.6,0.18183110928025187,0.2792907731367678,0.0,8.82825303587024e-18,0.0019072869898318725,0.5369708305932127
2063,0.61,0.17690460174343442,0.24361925304203297,0.0,1.6762079633181055e-17,0.015728284545679656,0.5637478606692823
2063,0.62,0.1729208771038557,0.21501661766314528,0.0,0.0,0.026706725338897064,0.5853557798940588
2063,0.63,0.0,0.0,0.0,0.0,0.0,1.0
2063,0.64,0.0,0.0,0.0,0.0,0.0,1.0
2063,0.65,0.0,0.0,0.0,0.0,0.0,1.0
2063,0.66,0.0,0.0,0.0,0.0,0.0,1.0
2063,0.67,0.0,0.0,0.0,0.0,0.0,1.0
2063,0.68,0.0,0.0,0.0,0.0,0.0,1.0
2063,0.6900000000000001,0.0,0.0,0.0,0.0,0.0,1.0
2063,0.7000000000000001,0.0,0.0,0.0,0.0,0.0,1.0
2063,0.7100000000000001,0.0,0.0,0.0,0.0,0.0,1.0
2063,0.72,0.0,0.0,0.0,0.0,0.0,1.0
2063,0.73,0.0,0.0,0.0,0.0,0.0,1.0
2063,0.74,0.0,0.0,0.0,0.0,0.0,1.0
2063,0.75,0.0,0.0,0.0,0.0,0.0,1.0
2063,0.76,0.0,0.0,0.0,0.0,0.0,1.0
2063,0.77,0.0,0.0,0.0,0.0,0.0,1.0
2063,0.78,0.0,0.0,0.0,0.0,0.0,1.0
2063,0.79,0.0,0.0,0.0,0.0,0.0,1.0
2063,0.8,0.0,0.0,0.0,0.0,0.0,1.0
2063,0.81,0.0,0.0,0.0,0.0,0.0,1.0
2063,0.8200000000000001,0.0,0.0,0.0,0.0,0.0,1.0
2063,0.8300000000000001,0.0,0.0,0.0,0.0,0.0,1.0
2063,0.8400000000000001,0.0,0.0,0.0,0.0,0.0,1.0
2063,0.85,0.0,0.0,0.0,0.0,0.0,1.0
2063,0.86,0.0,0.0,0.0,0.0,0.0,1.0
2063,0.87,0.0,0.0,0.0,0.0,0.0,1.0
2063,0.88,0.0,0.0,0.0,0.0,0.0,1.0
2063,0.89,0.0,0.0,0.0,0.0,0.0,1.0
2063,0.9,0.0,0.0,0.0,0.0,0.0,1.0
2063,0.91,0.0,0.0,0.0,0.0,0.0,1.0
2063,0.92,0.0,0.0,0.0,0.0,0.0,1.0
2063,0.93,0.0,0.0,0.0,0.0,0.0,1.0
2063,0.9400000000000001,0.0,0.0,0.0,0.0,0.0,1.0
2063,0.9500000000000001,0.0,0.0,0.0,0.0,0.0,1.0
2063,0.9600000000000001,0.0,0.0,0.0,0.0,0.0,1.0
2063,0.97,0.0,0.0,0.0,0.0,0.0,1.0
2063,0.98,0.0,0.0,0.0,0.0,0.0,1.0
2063,0.99,0.0,0.0,0.0,0.0,0.0,1.0
2063,1.0,0.0,0.0,0.0,0.0,0.0,1.0
2064,0.01,0.22014788486864803,0.1143842572437494,0.28824590644837195,0.25551010623807635,0.10385548614527844,0.017856359055875775
2064,0.02,0.22014788486864803,0.1143842572437494,0.28824590644837195,0.25551010623807635,0.10385548614527844,0.017856359055875775
2064,0.03,0.22014788486864803,0.1143842572437494,0.28824590644837195,0.25551010623807635,0.10385548614527844,0.017856359055875775
2064,0.04,0.22014788486864803,0.1143842572437494,0.28824590644837195,0.25551010623807635,0.10385548614527844,0.017856359055875775
2064,0.05,0.22014788486864803,0.1143842572437494,0.28824590644837195,0.25551010623807635,0.10385548614527844,0.017856359055875775
2064,0.060000000000000005,0.22014788486864803,0.1143842572437494,0.28824590644837195,0.25551010623807635,0.10385548614527844,0.017856359055875775
2064,0.06999999999999999,0.22014788486864803,0.1143842572437494,0.28824590644837195,0.25551010623807635,0.10385548614527844,0.017856359055875775
2064,0.08,1.0,0.0,0.0,0.0,0.0,1.8664713745224225e-16
2064,0.09,1.0,0.0,0.0,5.821108198552071e-17,0.0,0.0
2064,0.09999999999999999,1.0,0.0,0.0,0.0,0.0,0.0
2064,0.11,1.0,0.0,0.0,4.716507778010403e-17,0.0,4.9902838153341863e-17
2064,0.12,1.0,0.0,0.0,0.0,0.0,0.0
2064,0.13,1.0,0.0,0.0,0.0,0.0,0.0
2064,0.14,1.0,0.0,0.0,0.0,0.0,0.0
2064,0.15000000000000002,1.0,0.0,0.0,0.0,0.0,0.0
2064,0.16,0.9999999999999981,1.7342152584170267e-13,3.7631049946887485e-16,7.355760424435881e-16,1.7057448327618185e-16,2.0984672995144467e-16
2064,0.17,1.0,7.238166289453354e-16,0.0,0.0,0.0,0.0
2064,0.18000000000000002,0.999999999999993,0.0,2.4134696730338515e-14,2.7405668569189047e-14,1.896226570129423e-15,2.9215438647640744e-16
2064,0.19,0.9999999999999922,0.0,9.772028530059731e-15,1.362865593626918e-14,3.762160786217493e-15,0.0
2064,0.2,1.0,0.0,8.042028935653937e-14,7.378164004507182e-14,2.5386154893923172e-14,7.728668270960085e-15
2064,0.21000000000000002,0.9999999999962138,4.703658413334784e-12,0.0,0.0,0.0,0.0
2064,0.22,1.0,0.0,1.0354169054301607e-13,9.211266048027457e-14,3.577535396984637e-14,1.4049721096546976e-14
2064,0.23,1.0,1.2212453270876722e-15,0.0,0.0,0.0,0.0
2064,0.24000000000000002,0.9999999999999957,1.3355982986240633e-13,1.2212453270876722e-15,1.1449174941446927e-15,0.0,0.0
2064,0.25,1.0,0.0,1.9236147878298315e-15,1.2474510441680626e-15,1.954872844682357e-15,1.2832453859696084e-15
2064,0.26,0.999999999999986,1.7198544902141157e-14,0.0,0.0,0.0,0.0
2064,0.27,0.999999999999928,0.0,0.0,0.0,2.9643823398412787e-16,1.7419499159303643e-16
2064,0.28,0.999999999999993,7.403697727998869e-15,2.4102322514121116e-17,0.0,0.0,0.0
2064,0.29000000000000004,1.0,0.0,0.0,0.0,0.0,0.0
2064,0.3,0.9999999999999838,8.051487448369916e-14,0.0,0.0,0.0,0.0
2064,0.31,0.9999999999999833,1.9052189262813626e-14,0.0,0.0,3.0245174854198753e-16,1.4315365028366028e-16
2064,0.32,1.0,0.0,5.710929064448988e-16,8.072478097217659e-16,1.8614396048860504e-17,1.754577928260448e-16
2064,0.33,1.0,0.0,2.2898349882893854e-16,3.191891195797325e-16,0.0,9.71445146547012e-17
2064,0.34,1.0,2.220446049250313e-16,0.0,0.0,1.1102230246251565e-16,0.0
2064,0.35000000000000003,0.9999999999999997,8.326672684688674e-16,0.0,0.0,0.0,1.734723475976807e-18
2064,0.36000000000000004,0.9999999999999999,0.0,0.0,0.0,6.938893903907228e-17,0.0
2064,0.37,0.9999999999999997,2.220446049250313e-16,0.0,0.0,4.163336342344337e-17,0.0
2064,0.38,0.9999999999999998,4.440892098500626e-16,5.551115123125783e-17,4.163336342344337e-17,0.0,0.0
2064,0.39,0.9999999999999565,4.508354503452816e-14,0.0,0.0,9.649526390063078e-17,2.713808859708053e-16
2064,0.4,0.999999999999975,2.565537584587848e-14,0.0,0.0,5.708578548020357e-18,0.0
2064,0.41000000000000003,0.9999999999999998,0.0,1.6562023797401002e-16,4.573007192874997e-17,2.497284338411583e-16,0.0
2064,0.42000000000000004,0.9999999999999993,9.43689570931383e-16,0.0,0.0,4.163336342344337e-17,0.0
2064,0.43,1.0,0.0,5.281728470350169e-16,7.184777245281107e-16,0.0,0.0
2064,0.44,1.0,0.0,5.391442001030059e-16,1.3246520622005428e-16,0.0,0.0
2064,0.45,0.2581751263258149,0.7418248736741855,0.0,0.0,0.0,0.0
2064,0.46,0.2560456808378518,0.7439543191621208,0.0,6.923876483830298e-17,2.0380106219816612e-16,8.566885794987345e-17
2064,0.47000000000000003,0.25381539833945377,0.7461846016605348,0.0,0.0,1.496661613650968e-17,0.0
2064,0.48000000000000004,0.2529997843799779,0.7470002156200221,4.67681710928596e-18,3.3763656003992063e-18,0.0,6.114958008119577e-17
2064,0.49,0.2548047221442763,0.7451952778557234,7.226149246100763e-17,8.724174658923277e-17,9.068417451365795e-17,3.930609407874788e-17
2064,0.5,0.25408953247493593,0.7459104675250628,0.0,0.0,0.0,0.0
2064,0.51,0.25396012307375165,0.7460398769262485,0.0,0.0,3.3772897672923463e-17,4.174178364069192e-18
2064,0.52,0.25448906080662326,0.7455109391933764,1.170279485552713e-16,1.0374464017670675e-16,0.0,3.6850478020190767e-17
2064,0.53,0.2540934202831481,0.7459065797168368,1.2354483755472323e-16,1.2362615271765964e-16,0.0,0.0
2064,0.54,0.2532617250333709,0.7467382749666308,0.0,1.9802007378443713e-17,0.0,0.0
2064,0.55,0.2540821620674377,0.7459178379325621,2.7622895845375408e-17,7.991566598420172e-17,6.023293639572692e-17,7.906629046145267e-18
2064,0.56,0.2536866493499853,0.7463133506500104,1.5490647064836777e-17,4.838543147338314e-17,0.0,0.0
2064,0.5700000000000001,0.25400582550549206,0.7459941744945107,0.0,2.5276887421854924e-18,0.0,4.028797115576324e-17
2064,0.5800000000000001,0.2540332879568653,0.7459667120431388,6.51742486773227e-17,5.128102898800045e-17,4.0528117776174517e-17,0.0
2064,0.59,0.25398925826086177,0.7460107417391424,1.1541603226152906e-16,1.0791759369308391e-16,0.0,1.0686647433777882e-17
2064,0.6,0.2539368111090384,0.7460631888909671,9.715437941681605e-17,3.958212623309782e-17,2.7463010356806626e-17,1.567555513205798e-17
2064,0.61,0.25410953322336594,0.745890466776634,1.4013313079375145e-16,2.097931203759451e-17,0.0,1.338989683019598e-17
2064,0.62,0.2539338565771827,0.746066143422817,0.0,1.8295911660692887e-17,0.0,3.535041183388987e-16
2064,0.63,0.2318590575526812,0.6041429126321649,0.0,0.0,0.0,0.16399802981515463
2064,0.64,0.21295957391706874,0.4805453965273977,8.996038475683157e-17,0.0,0.0,0.30649502955483027
2064,0.65,0.20000600846109737,0.3972108498675045,3.8826366434128894e-17,2.9220136132164627e-17,0.0,0.4027831416713981
2064,0.66,0.19067198036471814,0.336930835617177,4.6664422992043554e-17,0.0,0.0,0.4723971840182005
2064,0.67,0.18369020723966326,0.291316457819153,0.0,1.6075027541523644e-17,0.0,0.5249933349411835
2064,0.68,0.17844168924534057,0.25449687410892363,2.5860122561687994e-16,3.598371777049248e-17,0.011882078899639792,0.5551793577460956
2064,0.6900000000000001,0.1742629596113674,0.22446096549712768,1.9972057694064428e-16,1.9802937252236845e-16,0.02293997005076577,0.5783361048407442
2064,0.7000000000000001,0.17071521869291936,0.20016059510180456,0.0,0.0,0.03237187385483437,0.5967523123504325
2064,0.7100000000000001,0.0,0.0,0.0,0.0,0.0,1.0
2064,0.72,0.0,0.0,0.0,0.0,0.0,1.0
2064,0.73,0.0,0.0,0.0,0.0,0.0,1.0
2064,0.74,0.0,0.0,0.0,0.0,0.0,1.0
2064,0.75,0.0,0.0,0.0,0.0,0.0,1.0
2064,0.76,0.0,0.0,0.0,0.0,0.0,1.0
2064,0.77,0.0,0.0,0.0,0.0,0.0,1.0
2064,0.78,0.0,0.0,0.0,0.0,0.0,1.0
2064,0.79,0.0,0.0,0.0,0.0,0.0,1.0
2064,0.8,0.0,0.0,0.0,0.0,0.0,1.0
2064,0.81,0.0,0.0,0.0,0.0,0.0,1.0
2064,0.8200000000000001,0.0,0.0,0.0,0.0,0.0,1.0
2064,0.8300000000000001,0.0,0.0,0.0,0.0,0.0,1.0
2064,0.8400000000000001,0.0,0.0,0.0,0.0,0.0,1.0
2064,0.85,0.0,0.0,0.0,0.0,0.0,1.0
2064,0.86,0.0,0.0,0.0,0.0,0.0,1.0
2064,0.87,0.0,0.0,0.0,0.0,0.0,1.0
2064,0.88,0.0,0.0,0.0,0.0,0.0,1.0
2064,0.89,0.0,0.0,0.0,0.0,0.0,1.0
2064,0.9,0.0,0.0,0.0,0.0,0.0,1.0
2064,0.91,0.0,0.0,0.0,0.0,0.0,1.0
2064,0.92,0.0,0.0,0.0,0.0,0.0,1.0
2064,0.93,0.0,0.0,0.0,0.0,0.0,1.0
2064,0.9400000000000001,0.0,0.0,0.0,0.0,0.0,1.0
2064,0.9500000000000001,0.0,0.0,0.0,0.0,0.0,1.0
2064,0.9600000000000001,0.0,0.0,0.0,0.0,0.0,1.0
2064,0.97,0.0,0.0,0.0,0.0,0.0,1.0
2064,0.98,0.0,0.0,0.0,0.0,0.0,1.0
2064,0.99,0.0,0.0,0.0,0.0,0.0,1.0
2064,1.0,0.0,0.0,0.0,0.0,0.0,1.0
2065,0.01,0.0650788040208689,0.2600210603094479,0.18857134761023664,0.14704574856259656,0.1905608558342153,0.14872218366263495
2065,0.02,0.0650788040208689,0.2600210603094479,0.18857134761023664,0.14704574856259656,0.1905608558342153,0.14872218366263495
2065,0.03,0.0650788040208689,0.2600210603094479,0.18857134761023664,0.14704574856259656,0.1905608558342153,0.14872218366263495
2065,0.04,0.0650788040208689,0.2600210603094479,0.18857134761023664,0.14704574856259656,0.1905608558342153,0.14872218366263495
2065,0.05,0.0650788040208689,0.2600210603094479,0.18857134761023664,0.14704574856259656,0.1905608558342153,0.14872218366263495
2065,0.060000000000000005,0.0650788040208689,0.2600210603094479,0.18857134761023664,0.14704574856259656,0.1905608558342153,0.14872218366263495
2065,0.06999999999999999,0.0650788040208689,0.2600210603094479,0.18857134761023664,0.14704574856259656,0.1905608558342153,0.14872218366263495
2065,0.08,0.0650788040208689,0.2600210603094479,0.18857134761023664,0.14704574856259656,0.1905608558342153,0.14872218366263495
2065,0.09,0.0650788040208689,0.2600210603094479,0.18857134761023664,0.14704574856259656,0.1905608558342153,0.14872218366263495
2065,0.09999999999999999,0.06505568578294128,0.2602755149459077,0.18854823832085138,0.14702260696804956,0.19053769717124258,0.14856025681133078
2065,0.11,0.0,0.9999999999998934,0.0,7.105693426862474e-18,0.0,0.0
2065,0.12,1.0,0.0,0.0,0.0,0.0,0.0
2065,0.13,0.9999999999999999,1.7263278864085113e-16,8.92719513877227e-17,0.0,3.731136002569513e-17,0.0
2065,0.14,1.0,0.0,0.0,0.0,0.0,0.0
2065,0.15000000000000002,1.0,0.0,0.0,0.0,0.0,0.0
2065,0.16,0.9999999999999768,5.201025451859092e-14,0.0,0.0,0.0,0.0
2065,0.17,1.0,0.0,0.0,0.0,0.0,0.0
2065,0.18000000000000002,0.9999999999997254,1.4330181818370323e-16,0.0,0.0,1.1164125359074826e-16,0.0
2065,0.19,1.0,0.0,0.0,0.0,0.0,0.0
2065,0.2,1.0,0.0,0.0,0.0,0.0,0.0
2065,0.21000000000000002,1.0,0.0,0.0,0.0,0.0,0.0
2065,0.22,0.9999999999997792,1.300626273348371e-13,2.7769453403436728e-14,2.1468937738688965e-14,2.170486013142181e-14,1.9637069748057456e-14
2065,0.23,0.9999999999997276,2.8071400306931486e-13,2.3439954857870704e-14,1.392223144393092e-14,1.1265193817705686e-14,9.646071188143549e-15
2065,0.24000000000000002,1.0,0.0,0.0,0.0,0.0,0.0
2065,0.25,1.0,0.0,0.0,0.0,0.0,0.0
2065,0.26,0.9999999999999882,9.71445146547012e-15,1.1102230246251565e-15,8.187894806610529e-16,0.0,1.1102230246251565e-16
2065,0.27,1.0,0.0,0.0,3.0531133177191805e-16,9.020562075079397e-16,1.0547118733938987e-15
2065,0.28,1.0,0.0,0.0,0.0,0.0,0.0
2065,0.29000000000000004,0.9999999999999958,4.385380947269368e-15,7.771561172376096e-16,0.0,1.8041124150158794e-16,0.0
2065,0.3,0.9999999999999984,1.6653345369377348e-15,4.135147085859714e-16,0.0,1.249000902703301e-16,0.0
2065,0.31,0.9999999999999919,4.496403249731884e-15,2.7478019859472624e-15,1.734723475976807e-15,3.3306690738754696e-16,0.0
2065,0.32,0.9999999999999994,2.0539125955565396e-15,0.0,0.0,0.0,0.0
2065,0.33,0.9999999999999999,4.440892098500626e-16,0.0,0.0,1.1102230246251565e-16,0.0
2065,0.34,0.9999999999999987,4.440892098500626e-16,1.0772632785815972e-15,1.5785983631388945e-16,0.0,0.0
2065,0.35000000000000003,1.0,0.0,0.0,0.0,2.0231212538579513e-16,4.440892098500626e-16
2065,0.36000000000000004,0.9999999999999998,0.0,6.38378239159465e-16,2.7755575615628914e-17,1.3877787807814457e-16,0.0
2065,0.37,0.9999999999999994,1.1102230246251565e-15,0.0,0.0,6.245004513516506e-17,8.326672684688674e-17
2065,0.38,1.0,0.0,3.454268121538817e-16,4.206704429243757e-17,2.7755575615628914e-17,0.0
2065,0.39,0.9999999999999998,5.551115123125783e-16,0.0,0.0,0.0,0.0
2065,0.4,0.9999999999992008,8.086379428306242e-13,0.0,0.0,0.0,2.792731154568472e-17
2065,0.41000000000000003,1.0,0.0,9.71445146547012e-17,8.326672684688674e-17,0.0,1.4690939437178585e-17
2065,0.42000000000000004,1.0,0.0,8.326672684688674e-17,8.673617379884035e-17,0.0,0.0
2065,0.43,0.253530180338021,0.7464698196619793,0.0,0.0,5.774977975561962e-17,1.214306433183765e-17
2065,0.44,0.2538988803683964,0.7461011196315996,0.0,0.0,7.125742263881937e-17,0.0
2065,0.45,0.2543921556770829,0.7456078443229218,2.889348190206555e-17,5.734360916037258e-17,0.0,0.0
2065,0.46,0.25408955170534664,0.7459104482946534,1.8431436932253575e-18,1.734723475976807e-18,4.336808689942018e-17,1.734723475976807e-18
2065,0.47000000000000003,0.253157943425751,0.746842056574249,3.1008182133085427e-17,5.898059818321144e-17,3.7513395167998453e-17,1.214306433183765e-17
2065,0.48000000000000004,0.2539685787642577,0.7460314212357426,0.0,4.8138576458356397e-17,0.0,0.0
2065,0.49,0.2535821591141771,0.746417840885823,0.0,0.0,2.894819800536297e-17,2.0274580625478933e-17
2065,0.5,0.25430494289027705,0.745695057109723,3.6624305418033373e-17,1.4605715280392362e-17,5.839975539585392e-17,0.0
2065,0.51,0.2545351701949473,0.7454648298050528,0.0,3.0899761915836876e-17,2.1250362580715887e-17,0.0
2065,0.52,0.2540080718296053,0.7459919281703948,2.0255398191010745e-17,0.0,1.400765558687649e-17,1.3642826354555e-17
2065,0.53,0.2532881835882508,0.7467118164117492,1.8973538018496328e-17,3.0682921481339775e-17,5.908901840045999e-17,0.0
2065,0.54,0.2539370240137191,0.746062975986282,0.0,0.0,7.02078040449131e-18,0.0
2065,0.55,0.2536527883684799,0.7463472116315203,4.754226526348937e-17,2.0491421059976034e-17,0.0,0.0
2065,0.56,0.25381670229972064,0.7461832977002795,7.670730370334944e-18,8.673617379884035e-18,0.0,0.0
2065,0.5700000000000001,0.2539144985093585,0.7460855014906416,1.5209680929195563e-17,3.8943711208476563e-17,1.3657085900506415e-17,6.842918830148477e-18
2065,0.5800000000000001,0.254024356037743,0.7459756439622605,6.179952383167375e-18,0.0,0.0,0.0
2065,0.59,0.23777457713302352,0.6410878544228793,7.240800729229518e-17,2.884467474386964e-16,0.0,0.12113756844413157
2065,0.6,0.21367698485201425,0.4857053926105132,0.0,1.6193456729139857e-17,0.0,0.3006176225374722
2065,0.61,0.19869096071106407,0.3884585566266249,2.8184547667027655e-18,1.0118559936074397e-17,0.0,0.4128504826622866
2065,0.62,0.18843142467158502,0.3219190025215234,5.3811322937536304e-17,0.0,0.0,0.4896495728071108
2065,0.63,0.18091476453862604,0.27269277983015894,4.2203231159854286e-17,0.0,0.004474107661004708,0.5419183479702184
2065,0.64,0.17551751958767686,0.2341294330487824,0.0,1.2252077955452169e-17,0.01947108355468366,0.570881963808857
2065,0.65,0.17129914282021702,0.20363170783333495,0.0,0.0,0.03107106500071852,0.5939980843457852
2065,0.66,0.0,0.0,0.0,0.0,0.0,1.0
2065,0.67,0.0,0.0,0.0,0.0,0.0,1.0
2065,0.68,0.0,0.0,0.0,0.0,0.0,1.0
2065,0.6900000000000001,0.0,0.0,0.0,0.0,0.0,1.0
2065,0.7000000000000001,0.0,0.0,0.0,0.0,0.0,1.0
2065,0.7100000000000001,0.0,0.0,0.0,0.0,0.0,1.0
2065,0.72,0.0,0.0,0.0,0.0,0.0,1.0
2065,0.73,0.0,0.0,0.0,0.0,0.0,1.0
2065,0.74,0.0,0.0,0.0,0.0,0.0,1.0
2065,0.75,0.0,0.0,0.0,0.0,0.0,1.0
2065,0.76,0.0,0.0,0.0,0.0,0.0,1.0
2065,0.77,0.0,0.0,0.0,0.0,0.0,1.0
2065,0.78,0.0,0.0,0.0,0.0,0.0,1.0
2065,0.79,0.0,0.0,0.0,0.0,0.0,1.0
2065,0.8,0.0,0.0,0.0,0.0,0.0,1.0
2065,0.81,0.0,0.0,0.0,0.0,0.0,1.0
2065,0.8200000000000001,0.0,0.0,0.0,0.0,0.0,1.0
2065,0.8300000000000001,0.0,0.0,0.0,0.0,0.0,1.0
2065,0.8400000000000001,0.0,0.0,0.0,0.0,0.0,1.0
2065,0.85,0.0,0.0,0.0,0.0,0.0,1.0
2065,0.86,0.0,0.0,0.0,0.0,0.0,1.0
2065,0.87,0.0,0.0,0.0,0.0,0.0,1.0
2065,0.88,0.0,0.0,0.0,0.0,0.0,1.0
2065,0.89,0.0,0.0,0.0,0.0,0.0,1.0
2065,0.9,0.0,0.0,0.0,0.0,0.0,1.0
2065,0.91,0.0,0.0,0.0,0.0,0.0,1.0
2065,0.92,0.0,0.0,0.0,0.0,0.0,1.0
2065,0.93,0.0,0.0,0.0,0.0,0.0,1.0
2065,0.9400000000000001,0.0,0.0,0.0,0.0,0.0,1.0
2065,0.9500000000000001,0.0,0.0,0.0,0.0,0.0,1.0
2065,0.9600000000000001,0.0,0.0,0.0,0.0,0.0,1.0
2065,0.97,0.0,0.0,0.0,0.0,0.0,1.0
2065,0.98,0.0,0.0,0.0,0.0,0.0,1.0
2065,0.99,0.0,0.0,0.0,0.0,0.0,1.0
2065,1.0,0.0,0.0,0.0,0.0,0.0,1.0
2066,0.01,0.22562441766041896,0.08186991947155109,0.21904482327704494,0.21489178108429707,0.09138205401551357,0.16718700449117438
2066,0.02,0.22562441766041896,0.08186991947155109,0.21904482327704494,0.21489178108429707,0.09138205401551357,0.16718700449117438
2066,0.03,0.22562441766041896,0.08186991947155109,0.21904482327704494,0.21489178108429707,0.09138205401551357,0.16718700449117438
2066,0.04,0.22562441766041896,0.08186991947155109,0.21904482327704494,0.21489178108429707,0.09138205401551357,0.16718700449117438
2066,0.05,0.22562441766041896,0.08186991947155109,0.21904482327704494,0.21489178108429707,0.09138205401551357,0.16718700449117438
2066,0.060000000000000005,0.22562441766041896,0.08186991947155109,0.21904482327704494,0.21489178108429707,0.09138205401551357,0.16718700449117438
2066,0.06999999999999999,0.22562441766041896,0.08186991947155109,0.21904482327704494,0.21489178108429707,0.09138205401551357,0.16718700449117438
2066,0.08,0.22562441766041896,0.08186991947155109,0.21904482327704494,0.21489178108429707,0.09138205401551357,0.16718700449117438
2066,0.09,0.22562441766041896,0.08186991947155109,0.21904482327704494,0.21489178108429707,0.09138205401551357,0.16718700449117438
2066,0.09999999999999999,0.22562441766041896,0.08186991947155109,0.21904482327704494,0.21489178108429707,0.09138205401551357,0.16718700449117438
2066,0.11,0.22562441766041896,0.08186991947155109,0.21904482327704494,0.21489178108429707,0.09138205401551357,0.16718700449117438
2066,0.12,0.22569844309545406,0.08194394484852349,0.21900778309959007,0.21485477981871443,0.09134507132915443,0.1671499778089301
2066,0.13,0.9999999999995268,2.087774397807607e-13,5.356305676773587e-14,1.9531772033065664e-13,4.8520215623071294e-15,1.0639059078165758e-14
2066,0.14,1.0,0.0,0.0,5.401999919043232e-17,1.920090832001956e-18,0.0
2066,0.15000000000000002,1.0,0.0,0.0,0.0,0.0,0.0
2066,0.16,1.0,0.0,0.0,0.0,0.0,0.0
2066,0.17,1.0,0.0,0.0,0.0,0.0,0.0
2066,0.18000000000000002,1.0,0.0,0.0,0.0,0.0,0.0
2066,0.19,1.0,0.0,4.9727271910448174e-17,8.09390848690383e-18,8.09390848690383e-18,8.09390848690383e-18
2066,0.2,0.9999999999995566,1.3607166935390465e-15,0.0,1.1684402525626285e-16,5.946996567822333e-17,6.694231911251396e-17
2066,0.21000000000000002,0.9999999999999993,7.205238317704794e-16,0.0,1.1985758407301584e-16,7.288977661639288e-17,8.813897890481501e-17
2066,0.22,0.9999999999999847,1.9769573653095288e-14,0.0,0.0,0.0,0.0
2066,0.23,1.0,8.62088178621434e-14,0.0,0.0,0.0,0.0
2066,0.24000000000000002,1.0,0.0,3.576601278462493e-15,3.341152800663636e-15,1.8197037504759893e-15,2.486873910062049e-15
2066,0.25,0.9999999999999742,3.1226393813111495e-14,0.0,0.0,0.0,0.0
2066,0.26,0.9999999999984428,1.754067236638197e-12,0.0,0.0,0.0,0.0
2066,0.27,0.9999999999999972,2.779998453661392e-13,1.942890293094024e-15,1.3877787807814457e-15,7.91033905045424e-16,1.1518563880486e-15
2066,0.28,1.0,2.5357493882438575e-13,0.0,0.0,0.0,1.457167719820518e-16
2066,0.29000000000000004,1.0,0.0,5.462960169140291e-16,0.0,4.753900418664244e-16,6.274587139199362e-16
2066,0.3,0.9999999999999718,3.193839244521068e-14,0.0,0.0,0.0,0.0
2066,0.31,0.9999999999999977,3.773392862349408e-14,1.100411006725637e-15,9.894807155757741e-16,0.0,0.0
2066,0.32,0.9999999999999408,6.858666648912445e-14,0.0,0.0,0.0,0.0
2066,0.33,0.9999999999999942,7.564756807754537e-15,0.0,0.0,0.0,0.0
2066,0.34,1.0,0.0,1.640567293560019e-15,2.7132447357651815e-15,0.0,0.0
2066,0.35000000000000003,0.9999999999999921,8.499061253630343e-15,0.0,0.0,0.0,0.0
2066,0.36000000000000004,1.0,5.493071211229792e-14,7.204806096318442e-16,1.993477518268638e-16,4.0240817534875826e-16,3.0305202960925875e-17
2066,0.37,0.9999999999999079,3.526186293513765e-16,2.3984748222490626e-16,0.0,0.0,0.0
2066,0.38,1.0,0.0,0.0,0.0,8.601450172777969e-17,1.5593453042478042e-16
2066,0.39,1.0,0.0,1.6479873021779667e-16,2.706168622523819e-16,0.0,0.0
2066,0.4,1.0,3.885780586188048e-16,0.0,0.0,8.326672684688674e-17,4.163336342344337e-17
2066,0.41000000000000003,1.0,0.0,9.540979117872439e-18,0.0,0.0,0.0
2066,0.42000000000000004,1.0,3.900272441129226e-14,0.0,2.9454415749771456e-16,0.0,3.49635767052059e-18
2066,0.43,1.0,0.0,1.9606313981742653e-16,3.726841206382883e-16,0.0,0.0
2066,0.44,0.9999999999999972,2.5866124631177163e-15,0.0,2.159718022096916e-16,7.050066978234355e-17,1.9806594922120932e-17
2066,0.45,0.9999999999999993,7.771561172376096e-16,0.0,0.0,0.0,4.911435841359335e-17
2066,0.46,1.0,0.0,5.551115123125783e-17,2.914335439641036e-16,0.0,0.0
2066,0.47000000000000003,0.25449671768197824,0.7455032823180041,0.0,3.5429558330885445e-17,4.630767597200619e-16,5.164328855548231e-16
2066,0.48000000000000004,0.2537753590094161,0.7462246409904175,6.388011922154537e-17,1.9931568138168588e-20,0.0,3.7778596816993616e-17
2066,0.49,0.25358319083524916,0.7464168091647443,0.0,4.5471269707452605e-17,0.0,0.0
2066,0.5,0.2545543817879844,0.7454456182120154,1.1446633842605164e-16,3.6178471243125676e-17,7.459480353289721e-17,0.0
2066,0.51,0.25401528893907854,0.7459847110609216,0.0,7.568714143887515e-17,0.0,0.0
2066,0.52,0.2535576656635562,0.7464423343364439,2.862293735361732e-17,0.0,0.0,0.0
2066,0.53,0.2541922351793948,0.7458077648206153,1.832168874697117e-16,9.850718416894826e-17,0.0,0.0
2066,0.54,0.2539267468574791,0.7460732531425407,0.0,2.7130189752476032e-17,4.875978768312939e-18,0.0
2066,0.55,0.2538647310745504,0.7461352689254498,0.0,0.0,6.770965408662818e-18,0.0
2066,0.56,0.2537014096230247,0.74629859037697,4.6263232278245575e-17,0.0,1.1020465097061924e-16,3.183713622087177e-17
2066,0.5700000000000001,0.25380607305362113,0.7461939269463789,0.0,4.556889613697642e-17,0.0,1.79935256451181e-17
2066,0.5800000000000001,0.254226893707046,0.7457731062929466,0.0,6.623376778032962e-17,0.0,2.5277665431731183e-16
2066,0.59,0.2537605887880441,0.7462394112119559,6.938893903907228e-18,2.7755575615628914e-17,2.6020852139652106e-17,4.85722573273506e-17
2066,0.6,0.25409005318652716,0.7459099468134729,0.0,0.0,1.9353008778866254e-17,2.482822974991805e-17
2066,0.61,0.2538880267718562,0.7461119732281437,4.138941793463413e-17,0.0,0.0,1.2549640146519714e-17
2066,0.62,0.22904892597926474,0.5850039292277411,8.617028299818058e-18,3.689785533261202e-18,0.0,0.1859471447925319
2066,0.63,0.20754318851498968,0.44408836800522106,0.0,0.0,0.0,0.3483684434794235
2066,0.64,0.1937308984771722,0.3563272215080419,3.306162594233551e-14,2.1871166753954336e-16,1.1541803932993297e-13,0.4499418800140968
2066,0.65,0.1842830728266674,0.29546474657438854,3.283488252921916e-18,1.1635125468584555e-19,9.280925683684304e-18,0.5202521819938226
2066,0.66,0.1777053667033907,0.24912882959085392,8.568258682159636e-17,3.0193008719207854e-18,0.01364249727927857,0.5595233064265337
2066,0.67,0.17267500465061897,0.21358438739081073,0.0,0.0,0.0271824119772854,0.5865581959810444
2066,0.68,0.0,0.0,0.0,0.0,0.0,1.0
2066,0.6900000000000001,0.0,0.0,0.0,0.0,0.0,1.0
2066,0.7000000000000001,0.0,0.0,0.0,0.0,0.0,1.0
2066,0.7100000000000001,0.0,0.0,0.0,0.0,0.0,1.0
2066,0.72,0.0,0.0,0.0,0.0,0.0,1.0
2066,0.73,0.0,0.0,0.0,0.0,0.0,1.0
2066,0.74,0.0,0.0,0.0,0.0,0.0,1.0
2066,0.75,0.0,0.0,0.0,0.0,0.0,1.0
2066,0.76,0.0,0.0,0.0,0.0,0.0,1.0
2066,0.77,0.0,0.0,0.0,0.0,0.0,1.0
2066,0.78,0.0,0.0,0.0,0.0,0.0,1.0
2066,0.79,0.0,0.0,0.0,0.0,0.0,1.0
2066,0.8,0.0,0.0,0.0,0.0,0.0,1.0
2066,0.81,0.0,0.0,0.0,0.0,0.0,1.0
2066,0.8200000000000001,0.0,0.0,0.0,0.0,0.0,1.0
2066,0.8300000000000001,0.0,0.0,0.0,0.0,0.0,1.0
2066,0.8400000000000001,0.0,0.0,0.0,0.0,0.0,1.0
2066,0.85,0.0,0.0,0.0,0.0,0.0,1.0
2066,0.86,0.0,0.0,0.0,0.0,0.0,1.0
2066,0.87,0.0,0.0,0.0,0.0,0.0,1.0
2066,0.88,0.0,0.0,0.0,0.0,0.0,1.0
2066,0.89,0.0,0.0,0.0,0.0,0.0,1.0
2066,0.9,0.0,0.0,0.0,0.0,0.0,1.0
2066,0.91,0.0,0.0,0.0,0.0,0.0,1.0
2066,0.92,0.0,0.0,0.0,0.0,0.0,1.0
2066,0.93,0.0,0.0,0.0,0.0,0.0,1.0
2066,0.9400000000000001,0.0,0.0,0.0,0.0,0.0,1.0
2066,0.9500000000000001,0.0,0.0,0.0,0.0,0.0,1.0
2066,0.9600000000000001,0.0,0.0,0.0,0.0,0.0,1.0
2066,0.97,0.0,0.0,0.0,0.0,0.0,1.0
2066,0.98,0.0,0.0,0.0,0.0,0.0,1.0
2066,0.99,0.0,0.0,0.0,0.0,0.0,1.0
2066,1.0,0.0,0.0,0.0,0.0,0.0,1.0
2067,0.01,0.27202649826583764,0.14277427138918006,0.11487554942202324,0.13847735277574275,0.19087969404228322,0.14096663410493318
2067,0.02,0.27202649826583764,0.14277427138918006,0.11487554942202324,0.13847735277574275,0.19087969404228322,0.14096663410493318
2067,0.03,0.27202649826583764,0.14277427138918006,0.11487554942202324,0.13847735277574275,0.19087969404228322,0.14096663410493318
2067,0.04,0.27202649826583764,0.14277427138918006,0.11487554942202324,0.13847735277574275,0.19087969404228322,0.14096663410493318
2067,0.05,0.27202649826583764,0.14277427138918006,0.11487554942202324,0.13847735277574275,0.19087969404228322,0.14096663410493318
2067,0.060000000000000005,0.27202649826583764,0.14277427138918006,0.11487554942202324,0.13847735277574275,0.19087969404228322,0.14096663410493318
2067,0.06999999999999999,0.27202649826583764,0.14277427138918006,0.11487554942202324,0.13847735277574275,0.19087969404228322,0.14096663410493318
2067,0.08,0.27202649826583764,0.14277427138918006,0.11487554942202324,0.13847735277574275,0.19087969404228322,0.14096663410493318
2067,0.09,0.27202649826583764,0.14277427138918006,0.11487554942202324,0.13847735277574275,0.19087969404228322,0.14096663410493318
2067,0.09999999999999999,0.27202649826583764,0.14277427138918006,0.11487554942202324,0.13847735277574275,0.19087969404228322,0.14096663410493318
2067,0.11,0.27202649826583764,0.14277427138918006,0.11487554942202324,0.13847735277574275,0.19087969404228322,0.14096663410493318
2067,0.12,0.27202649826583764,0.14277427138918006,0.11487554942202324,0.13847735277574275,0.19087969404228322,0.14096663410493318
2067,0.13,0.27202649826583764,0.14277427138918006,0.11487554942202324,0.13847735277574275,0.19087969404228322,0.14096663410493318
2067,0.14,0.27208201308208996,0.14282978466459542,0.11482004050642487,0.1385328660511581,0.19082418512668486,0.14091111056903632
2067,0.15000000000000002,1.0,0.0,0.0,0.0,0.0,0.0
2067,0.16,1.0,0.0,0.0,0.0,0.0,0.0
2067,0.17,0.9999999999998981,2.542294727793742e-17,0.0,8.221440365944706e-17,0.0,0.0
2067,0.18000000000000002,1.0,0.0,0.0,0.0,0.0,0.0
2067,0.19,1.0,0.0,0.0,0.0,0.0,0.0
2067,0.2,1.0,0.0,0.0,0.0,0.0,0.0
2067,0.21000000000000002,1.0,0.0,0.0,0.0,0.0,0.0
2067,0.22,1.0,0.0,0.0,0.0,0.0,0.0
2067,0.23,1.0,0.0,0.0,0.0,0.0,0.0
2067,0.24000000000000002,0.9999999999999816,1.95714744578309e-14,1.6451637178482945e-15,0.0,0.0,0.0
2067,0.25,0.9999999999999858,2.232257076666827e-14,0.0,0.0,0.0,0.0
2067,0.26,1.0,2.609024107869118e-15,0.0,0.0,0.0,0.0
2067,0.27,0.9999999999999998,0.0,0.0,0.0,4.163336342344337e-16,7.91033905045424e-16
2067,0.28,1.0,0.0,7.047563995875219e-16,2.538231635236445e-16,5.843515131682703e-16,1.2903915911873561e-15
2067,0.29000000000000004,1.0,0.0,1.3774452752864748e-14,1.4794622622669616e-14,2.2834219959666046e-14,1.8237375543048748e-14
2067,0.3,1.0,1.1872223809977198e-13,1.1279540530945733e-16,6.789362236358243e-17,0.0,3.8649807972621933e-17
2067,0.31,1.0,0.0,2.3864461898246716e-15,3.2761083994901495e-15,2.7501478436946832e-15,2.6549724688841115e-15
2067,0.32,1.0,0.0,7.913111495169722e-15,9.938959136326648e-15,8.572465446476756e-15,2.7685040005737496e-15
2067,0.33,1.0,0.0,0.0,0.0,0.0,5.39414687426603e-16
2067,0.34,0.9999999999999737,2.954016519176e-14,0.0,0.0,0.0,1.417827274585292e-16
2067,0.35000000000000003,0.9999999999999909,8.869884551270023e-15,0.0,3.1308846606798435e-16,4.227960834533944e-17,2.0502221655461836e-16
2067,0.36000000000000004,0.9999999999999991,1.6283008620640592e-15,0.0,0.0,0.0,0.0
2067,0.37,1.0,3.146042926180031e-14,0.0,0.0,0.0,0.0
2067,0.38,1.0,0.0,0.0,6.765705312346878e-16,2.7069902444826557e-16,2.1969726486995283e-16
2067,0.39,0.9999999999999987,4.441312132171643e-14,1.3522728706039437e-16,4.28715555162404e-17,5.042440659406596e-16,2.760034824346077e-16
2067,0.4,0.9999999999999956,4.753520947903874e-15,0.0,3.0144886153243844e-16,0.0,0.0
2067,0.41000000000000003,1.0,0.0,6.852115378461025e-17,2.548184272366683e-16,0.0,0.0
2067,0.42000000000000004,1.0,6.902495355564926e-14,0.0,0.0,0.0,0.0
2067,0.43,0.9999999999999998,3.885780586188048e-16,1.3877787807814457e-17,0.0,0.0,0.0
2067,0.44,0.9999999999999999,0.0,2.7755575615628914e-17,2.498001805406602e-16,0.0,0.0
2067,0.45,0.999999999999988,1.2371682097721832e-14,0.0,0.0,2.558447135313853e-16,2.072987671649588e-16
2067,0.46,1.0,0.0,1.3164162549752709e-16,9.901279405063633e-16,4.35275408517408e-17,5.758320557847866e-17
2067,0.47000000000000003,1.0,0.0,1.715051135776826e-16,4.522059030671269e-16,4.4425184017593544e-17,0.0
2067,0.48000000000000004,1.0,0.0,1.7261029305050245e-16,4.719938103248491e-16,1.5452019716110255e-16,9.875332138911273e-18
2067,0.49,0.244035231430039,0.7559647685702018,8.691456462487402e-17,0.0,3.6226655433276135e-18,7.582352045835318e-17
2067,0.5,0.255022495517629,0.7449775044823714,0.0,0.0,0.0,0.0
2067,0.51,0.2540687566152633,0.7459312433847368,3.4515134689220394e-17,0.0,0.0,0.0
2067,0.52,0.25437824579260787,0.7456217542073831,0.0,1.248968344874391e-16,0.0,0.0
2067,0.53,0.2534286944873081,0.746571305512692,1.7603419874665134e-16,0.0,0.0,0.0
2067,0.54,0.25401018077514903,0.7459898192248511,7.224396305566394e-18,3.0799596769035736e-17,0.0,0.0
2067,0.55,0.2539086354403184,0.7460913645596866,4.064766109112007e-17,0.0,0.0,0.0
2067,0.56,0.2543711853900831,0.7456288146099241,8.825353039155896e-17,0.0,0.0,1.1221614699868006e-16
2067,0.5700000000000001,0.25325907177349904,0.7467409282264921,3.956585749684172e-17,3.713650721446774e-19,0.0,0.0
2067,0.5800000000000001,0.25456223123949423,0.7454377687605135,6.817398317346491e-17,0.0,0.0,0.0
2067,0.59,0.2538718165433996,0.7461281834565952,4.543359461938701e-17,0.0,0.0,0.0
2067,0.6,0.2536651749421819,0.7463348250578182,0.0,0.0,0.0,0.0
2067,0.61,0.25356442899223663,0.7464355710077634,2.2551405187698492e-17,6.938893903907228e-18,2.0816681711721685e-17,5.204170427930421e-18
2067,0.62,0.253953998735653,0.7460460012643472,2.0816681711721685e-17,2.7863995832877464e-17,0.0,0.0
2067,0.63,0.24191500589344406,0.6684031996165696,3.1362217080248525e-17,6.274361127130729e-17,0.0,0.08968179448947805
2067,0.64,0.2131298879514634,0.4814650258014227,0.0,0.0,8.258033154094728e-17,0.30540508624712576
2067,0.65,0.19626773796836416,0.3725821592589615,0.0,3.541738525664778e-17,3.0790806036408946e-17,0.43115010277367355
2067,0.66,0.18522217057111942,0.3014173490367097,2.2741814893790617e-16,2.3213442003369396e-17,0.0,0.5133604803924114
2067,0.67,0.17769116069598914,0.24934353220734962,2.2830546912010738e-12,9.223471597411114e-21,0.01364548093431606,0.5593198261600882
2067,0.68,0.17221981674336434,0.2103020751703741,0.0,7.828232829713382e-23,0.02884784304975367,0.5886302650360816
2067,0.6900000000000001,0.0,0.0,0.0,0.0,0.0,1.0
2067,0.7000000000000001,0.0,0.0,0.0,0.0,0.0,1.0
2067,0.7100000000000001,0.0,0.0,0.0,0.0,0.0,1.0
2067,0.72,0.0,0.0,0.0,0.0,0.0,1.0
2067,0.73,0.0,0.0,0.0,0.0,0.0,1.0
2067,0.74,0.0,0.0,0.0,0.0,0.0,1.0
2067,0.75,0.0,0.0,0.0,0.0,0.0,1.0
2067,0.76,0.0,0.0,0.0,0.0,0.0,1.0
2067,0.77,0.0,0.0,0.0,0.0,0.0,1.0
2067,0.78,0.0,0.0,0.0,0.0,0.0,1.0
2067,0.79,0.0,0.0,0.0,0.0,0.0,1.0
2067,0.8,0.0,0.0,0.0,0.0,0.0,1.0
2067,0.81,0.0,0.0,0.0,0.0,0.0,1.0
2067,0.8200000000000001,0.0,0.0,0.0,0.0,0.0,1.0
2067,0.8300000000000001,0.0,0.0,0.0,0.0,0.0,1.0
2067,0.8400000000000001,0.0,0.0,0.0,0.0,0.0,1.0
2067,0.85,0.0,0.0,0.0,0.0,0.0,1.0
2067,0.86,0.0,0.0,0.0,0.0,0.0,1.0
2067,0.87,0.0,0.0,0.0,0.0,0.0,1.0
2067,0.88,0.0,0.0,0.0,0.0,0.0,1.0
2067,0.89,0.0,0.0,0.0,0.0,0.0,1.0
2067,0.9,0.0,0.0,0.0,0.0,0.0,1.0
2067,0.91,0.0,0.0,0.0,0.0,0.0,1.0
2067,0.92,0.0,0.0,0.0,0.0,0.0,1.0
2067,0.93,0.0,0.0,0.0,0.0,0.0,1.0
2067,0.9400000000000001,0.0,0.0,0.0,0.0,0.0,1.0
2067,0.9500000000000001,0.0,0.0,0.0,0.0,0.0,1.0
2067,0.9600000000000001,0.0,0.0,0.0,0.0,0.0,1.0
2067,0.97,0.0,0.0,0.0,0.0,0.0,1.0
2067,0.98,0.0,0.0,0.0,0.0,0.0,1.0
2067,0.99,0.0,0.0,0.0,0.0,0.0,1.0
2067,1.0,0.0,0.0,0.0,0.0,0.0,1.0
2068,0.01,0.19057310218789814,0.041806372178136354,0.08971196340860121,0.19876437436122427,0.0019944620291571296,0.477149725834983
2068,0.02,0.19057310218789814,0.041806372178136354,0.08971196340860121,0.19876437436122427,0.0019944620291571296,0.477149725834983
2068,0.03,0.19057310218789814,0.041806372178136354,0.08971196340860121,0.19876437436122427,0.0019944620291571296,0.477149725834983
2068,0.04,0.19057310218789814,0.041806372178136354,0.08971196340860121,0.19876437436122427,0.0019944620291571296,0.477149725834983
2068,0.05,0.19057310218789814,0.041806372178136354,0.08971196340860121,0.19876437436122427,0.0019944620291571296,0.477149725834983
2068,0.060000000000000005,0.19057310218789814,0.041806372178136354,0.08971196340860121,0.19876437436122427,0.0019944620291571296,0.477149725834983
2068,0.06999999999999999,0.19057310218789814,0.041806372178136354,0.08971196340860121,0.19876437436122427,0.0019944620291571296,0.477149725834983
2068,0.08,0.19057310218789814,0.041806372178136354,0.08971196340860121,0.19876437436122427,0.0019944620291571296,0.477149725834983
2068,0.09,0.19057310218789814,0.041806372178136354,0.08971196340860121,0.19876437436122427,0.0019944620291571296,0.477149725834983
2068,0.09999999999999999,0.19057310218789814,0.041806372178136354,0.08971196340860121,0.19876437436122427,0.0019944620291571296,0.477149725834983
2068,0.11,0.19057310218789814,0.041806372178136354,0.08971196340860121,0.19876437436122427,0.0019944620291571296,0.477149725834983
2068,0.12,0.19057310218789814,0.041806372178136354,0.08971196340860121,0.19876437436122427,0.0019944620291571296,0.477149725834983
2068,0.13,0.19057310218789814,0.041806372178136354,0.08971196340860121,0.19876437436122427,0.0019944620291571296,0.477149725834983
2068,0.14,0.19057310218789814,0.041806372178136354,0.08971196340860121,0.19876437436122427,0.0019944620291571296,0.477149725834983
2068,0.15000000000000002,0.19057310218789814,0.041806372178136354,0.08971196340860121,0.19876437436122427,0.0019944620291571296,0.477149725834983
2068,0.16,0.19057310218789814,0.041806372178136354,0.08971196340860121,0.19876437436122427,0.0019944620291571296,0.477149725834983
2068,0.17,0.19057310218789814,0.041806372178136354,0.08971196340860121,0.19876437436122427,0.0019944620291571296,0.477149725834983
2068,0.18000000000000002,1.0,0.0,0.0,0.0,0.0,0.0
2068,0.19,1.0,0.0,0.0,0.0,0.0,0.0
2068,0.2,1.0,1.3715620944776496e-16,0.0,0.0,0.0,0.0
2068,0.21000000000000002,1.0,0.0,0.0,0.0,0.0,0.0
2068,0.22,0.9999999999999903,8.136627642287988e-14,1.814363070383446e-16,0.0,4.19686989190264e-16,0.0
2068,0.23,0.9999999999999496,6.644561673476475e-14,1.1428620152044777e-17,0.0,7.410782987272866e-16,0.0
2068,0.24000000000000002,1.0,6.598628037672252e-14,0.0,0.0,0.0,0.0
2068,0.25,0.9999999999998862,4.4141096938021917e-13,0.0,0.0,0.0,0.0
2068,0.26,1.0,0.0,4.499703290094387e-15,2.703120150946651e-15,1.2726475214917994e-15,2.4727354902163642e-14
2068,0.27,0.9999999999999994,0.0,1.3464131350191835e-16,0.0,0.0,0.0
2068,0.28,1.0,8.326672684688674e-16,0.0,0.0,4.163336342344337e-17,0.0
2068,0.29000000000000004,1.0,0.0,4.5518703552498846e-17,0.0,3.327302117910134e-16,4.320952233169417e-16
2068,0.3,1.0,0.0,5.841482252609293e-16,0.0,1.308479556259498e-16,1.3717232712662404e-15
2068,0.31,1.0,0.0,7.805964262561776e-15,1.3293878869361127e-14,3.496983569552378e-15,2.8996005603697185e-14
2068,0.32,0.9999999999998869,1.2549607535751245e-13,0.0,0.0,7.757970528737401e-16,0.0
2068,0.33,0.9999999999999948,5.265169929143413e-15,6.644952295386305e-17,2.1536723244358884e-16,0.0,0.0
2068,0.34,1.0,2.0616857036807383e-13,0.0,0.0,0.0,0.0
2068,0.35000000000000003,1.0,0.0,2.6285025916751023e-17,5.765539073540402e-17,0.0,0.0
2068,0.36000000000000004,0.9999999999999992,7.151229449715844e-16,0.0,1.0309350120194242e-16,8.342017877668268e-17,0.0
2068,0.37,0.9999999999999986,1.7419033507542082e-15,0.0,0.0,0.0,0.0
2068,0.38,1.0,2.220446049250313e-16,0.0,1.734723475976807e-17,0.0,0.0
2068,0.39,1.0,0.0,0.0,2.2793566613362576e-16,5.722758408952986e-17,4.657257665151673e-16
2068,0.4,1.0,0.0,1.469865854965314e-16,1.5428214564435048e-16,2.99307622083127e-16,4.991866497998793e-16
2068,0.41000000000000003,0.9999999999999993,7.216449660063518e-16,1.6479873021779667e-17,0.0,1.3877787807814457e-17,0.0
2068,0.42000000000000004,0.25396736496477906,0.746032635035221,8.891495987537574e-17,3.693241648240769e-17,7.960577811864814e-21,4.6760346923307907e-17
2068,0.43,0.2539753453154338,0.746024654684556,0.0,2.8358707079054717e-17,0.0,0.0
2068,0.44,0.2543480821305361,0.7456519178694638,7.974118445105356e-17,0.0,0.0,0.0
2068,0.45,0.2539248307377195,0.7460751692622803,4.628623647627817e-17,3.005680499086254e-17,0.0,8.839563066922743e-17
2068,0.46,0.25435918766762994,0.7456408123323601,1.1548204742414322e-17,0.0,1.6798333850244008e-17,0.0
2068,0.47000000000000003,0.2538445356411728,0.7461554643588274,1.203872594313468e-17,3.262725819622827e-17,0.0,0.0
2068,0.48000000000000004,0.2540776252229997,0.7459223747770093,5.915983977889332e-18,5.06192147853732e-18,1.5909009998068156e-17,0.0
2068,0.49,0.2537914208415915,0.746208579158406,0.0,0.0,1.1436389594582198e-17,3.5036050313904907e-17
2068,0.5,0.25391644999491336,0.7460835500050866,3.198396408832238e-18,4.938540895671473e-17,0.0,2.699663409488906e-17
2068,0.51,0.25387426260840124,0.7461257373915988,0.0,1.951563910473908e-18,0.0,3.6483403104137224e-17
2068,0.52,0.24477676425104372,0.6850983537765623,7.661480779657643e-18,4.4907157546048467e-17,1.0674566997019293e-16,0.07012488197239439
2068,0.53,0.20700375087292067,0.4409711296958361,1.5137696894283908e-17,0.0,1.5730753753825999e-18,0.3520251194314177
2068,0.54,0.1880617498278208,0.31976766168705906,7.589696290277312e-19,2.985894680081823e-18,6.349660978097609e-17,0.4921705884851202
2068,0.55,0.17708660703150927,0.2451370377186466,2.5874151284316554e-21,1.2816164843024215e-16,0.015247327251108762,0.5625290279977887
2068,0.56,0.16998056840195822,0.19469500989515945,0.0,0.0,0.03439912915239053,0.6009252925505402
2068,0.5700000000000001,0.0,0.0,0.0,0.0,0.0,1.0
2068,0.5800000000000001,0.0,0.0,0.0,0.0,0.0,1.0
2068,0.59,0.0,0.0,0.0,0.0,0.0,1.0
2068,0.6,0.0,0.0,0.0,0.0,0.0,1.0
2068,0.61,0.0,0.0,0.0,0.0,0.0,1.0
2068,0.62,0.0,0.0,0.0,0.0,0.0,1.0
2068,0.63,0.0,0.0,0.0,0.0,0.0,1.0
2068,0.64,0.0,0.0,0.0,0.0,0.0,1.0
2068,0.65,0.0,0.0,0.0,0.0,0.0,1.0
2068,0.66,0.0,0.0,0.0,0.0,0.0,1.0
2068,0.67,0.0,0.0,0.0,0.0,0.0,1.0
2068,0.68,0.0,0.0,0.0,0.0,0.0,1.0
2068,0.6900000000000001,0.0,0.0,0.0,0.0,0.0,1.0
2068,0.7000000000000001,0.0,0.0,0.0,0.0,0.0,1.0
2068,0.7100000000000001,0.0,0.0,0.0,0.0,0.0,1.0
2068,0.72,0.0,0.0,0.0,0.0,0.0,1.0
2068,0.73,0.0,0.0,0.0,0.0,0.0,1.0
2068,0.74,0.0,0.0,0.0,0.0,0.0,1.0
2068,0.75,0.0,0.0,0.0,0.0,0.0,1.0
2068,0.76,0.0,0.0,0.0,0.0,0.0,1.0
2068,0.77,0.0,0.0,0.0,0.0,0.0,1.0
2068,0.78,0.0,0.0,0.0,0.0,0.0,1.0
2068,0.79,0.0,0.0,0.0,0.0,0.0,1.0
2068,0.8,0.0,0.0,0.0,0.0,0.0,1.0
2068,0.81,0.0,0.0,0.0,0.0,0.0,1.0
2068,0.8200000000000001,0.0,0.0,0.0,0.0,0.0,1.0
2068,0.8300000000000001,0.0,0.0,0.0,0.0,0.0,1.0
2068,0.8400000000000001,0.0,0.0,0.0,0.0,0.0,1.0
2068,0.85,0.0,0.0,0.0,0.0,0.0,1.0
2068,0.86,0.0,0.0,0.0,0.0,0.0,1.0
2068,0.87,0.0,0.0,0.0,0.0,0.0,1.0
2068,0.88,0.0,0.0,0.0,0.0,0.0,1.0
2068,0.89,0.0,0.0,0.0,0.0,0.0,1.0
2068,0.9,0.0,0.0,0.0,0.0,0.0,1.0
2068,0.91,0.0,0.0,0.0,0.0,0.0,1.0
2068,0.92,0.0,0.0,0.0,0.0,0.0,1.0
2068,0.93,0.0,0.0,0.0,0.0,0.0,1.0
2068,0.9400000000000001,0.0,0.0,0.0,0.0,0.0,1.0
2068,0.9500000000000001,0.0,0.0,0.0,0.0,0.0,1.0
2068,0.9600000000000001,0.0,0.0,0.0,0.0,0.0,1.0
2068,0.97,0.0,0.0,0.0,0.0,0.0,1.0
2068,0.98,0.0,0.0,0.0,0.0,0.0,1.0
2068,0.99,0.0,0.0,0.0,0.0,0.0,1.0
2068,1.0,0.0,0.0,0.0,0.0,0.0,1.0
2069,0.01,0.06236106407092447,0.20546589673640897,0.2994875226037861,0.21719495966441113,0.15599637032759092,0.0594941865968785
2069,0.02,0.06236106407092447,0.20546589673640897,0.2994875226037861,0.21719495966441113,0.15599637032759092,0.0594941865968785
2069,0.03,0.06236106407092447,0.20546589673640897,0.2994875226037861,0.21719495966441113,0.15599637032759092,0.0594941865968785
2069,0.04,0.06236106407092447,0.20546589673640897,0.2994875226037861,0.21719495966441113,0.15599637032759092,0.0594941865968785
2069,0.05,0.06236106407092447,0.20546589673640897,0.2994875226037861,0.21719495966441113,0.15599637032759092,0.0594941865968785
2069,0.060000000000000005,0.06236106407092447,0.20546589673640897,0.2994875226037861,0.21719495966441113,0.15599637032759092,0.0594941865968785
2069,0.06999999999999999,0.06236106407092447,0.20546589673640897,0.2994875226037861,0.21719495966441113,0.15599637032759092,0.0594941865968785
2069,0.08,0.06236106407092447,0.20546589673640897,0.2994875226037861,0.21719495966441113,0.15599637032759092,0.0594941865968785
2069,0.09,0.06236106407092447,0.20546589673640897,0.2994875226037861,0.21719495966441113,0.15599637032759092,0.0594941865968785
2069,0.09999999999999999,0.06236106407092447,0.20546589673640897,0.2994875226037861,0.21719495966441113,0.15599637032759092,0.0594941865968785
2069,0.11,0.06236106407092447,0.20546589673640897,0.2994875226037861,0.21719495966441113,0.15599637032759092,0.0594941865968785
2069,0.12,0.06236106407092447,0.20546589673640897,0.2994875226037861,0.21719495966441113,0.15599637032759092,0.0594941865968785
2069,0.13,0.06236106407092447,0.20546589673640897,0.2994875226037861,0.21719495966441113,0.15599637032759092,0.0594941865968785
2069,0.14,1.0,0.0,2.7755575615628914e-17,8.326672684688674e-17,0.0,0.0
2069,0.15000000000000002,0.0,1.0,0.0,0.0,0.0,1.8978797924302233e-16
2069,0.16,0.9999999999999994,2.220446049250313e-16,1.249000902703301e-16,5.551115123125783e-17,1.0885389811754465e-16,7.318364664277155e-17
2069,0.17,1.0,0.0,0.0,0.0,0.0,0.0
2069,0.18000000000000002,1.0,0.0,0.0,0.0,0.0,0.0
2069,0.19,1.0,0.0,0.0,0.0,0.0,0.0
2069,0.2,0.9999999999999865,9.67063459560081e-15,1.1924819459166182e-15,1.5877123051418028e-15,5.972934631098633e-16,5.120162260021672e-16
2069,0.21000000000000002,1.0,2.7972155206109945e-14,0.0,0.0,0.0,1.4986064060670771e-15
2069,0.22,1.0,0.0,0.0,0.0,0.0,0.0
2069,0.23,1.0,0.0,0.0,0.0,0.0,0.0
2069,0.24000000000000002,0.9999999999998583,3.4638958368304884e-14,4.9307780081164765e-14,2.8380076066980564e-14,2.028238688112083e-14,9.298117831235686e-15
2069,0.25,1.0,0.0,0.0,0.0,0.0,0.0
2069,0.26,1.0,0.0,0.0,0.0,1.27675647831893e-15,1.4988010832439613e-15
2069,0.27,1.0,0.0,0.0,2.3592239273284576e-16,0.0,0.0
2069,0.28,1.0,0.0,0.0,7.997075224253081e-16,1.2500851048757866e-15,2.0816681711721685e-16
2069,0.29000000000000004,1.0,0.0,0.0,8.049116928532385e-16,2.7582103268031233e-16,4.163336342344337e-17
2069,0.3,0.9999999999999992,7.771561172376096e-16,4.787836793695988e-16,0.0,0.0,0.0
2069,0.31,0.9999999999999993,1.5543122344752192e-15,0.0,0.0,0.0,0.0
2069,0.32,1.0,0.0,4.2392304944183223e-17,0.0,0.0,0.0
2069,0.33,1.0,0.0,0.0,0.0,1.2482394200837195e-15,5.704216328341997e-16
2069,0.34,0.9999999999999987,1.3322676295501878e-15,0.0,0.0,4.163336342344337e-17,0.0
2069,0.35000000000000003,0.2538462265506516,0.7461537734493483,2.334696129669048e-16,3.067523730620086e-17,5.331060198282769e-18,1.4216160528754052e-17
2069,0.36000000000000004,0.25439768435663357,0.7456023156433663,8.500145032286355e-17,0.0,8.326672684688674e-17,2.7755575615628914e-17
2069,0.37,0.2544118430356658,0.7455881569643343,0.0,0.0,2.3527187142935446e-17,0.0
2069,0.38,0.25349986580918843,0.7465001341908115,0.0,1.5612511283791264e-17,0.0,0.0
2069,0.39,0.2542093273091418,0.7457906726908584,0.0,0.0,0.0,0.0
2069,0.4,0.253902132036211,0.7460978679637891,0.0,1.902740401998578e-18,7.720155900466489e-18,1.1500804908304527e-18
2069,0.41000000000000003,0.2539237327374546,0.7460762672625455,0.0,0.0,0.0,7.274038937639639e-17
2069,0.42000000000000004,0.20504608120975393,0.4305343245358621,0.0,0.0,5.1489905793151906e-17,0.36441959425438414
2069,0.43,0.18134902440808326,0.2753837832019116,1.7015673687059313e-19,1.2807182721762294e-20,0.003725376510713949,0.5395418158799866
2069,0.44,0.0,0.0,0.0,0.0,0.0,1.0
2069,0.45,0.0,0.0,0.0,0.0,0.0,1.0
2069,0.46,0.0,0.0,0.0,0.0,0.0,1.0
2069,0.47000000000000003,0.0,0.0,0.0,0.0,0.0,1.0
2069,0.48000000000000004,0.0,0.0,0.0,0.0,0.0,1.0
2069,0.49,0.0,0.0,0.0,0.0,0.0,1.0
2069,0.5,0.0,0.0,0.0,0.0,0.0,1.0
2069,0.51,0.0,0.0,0.0,0.0,0.0,1.0
2069,0.52,0.0,0.0,0.0,0.0,0.0,1.0
2069,0.53,0.0,0.0,0.0,0.0,0.0,1.0
2069,0.54,0.0,0.0,0.0,0.0,0.0,1.0
2069,0.55,0.0,0.0,0.0,0.0,0.0,1.0
2069,0.56,0.0,0.0,0.0,0.0,0.0,1.0
2069,0.5700000000000001,0.0,0.0,0.0,0.0,0.0,1.0
2069,0.5800000000000001,0.0,0.0,0.0,0.0,0.0,1.0
2069,0.59,0.0,0.0,0.0,0.0,0.0,1.0
2069,0.6,0.0,0.0,0.0,0.0,0.0,1.0
2069,0.61,0.0,0.0,0.0,0.0,0.0,1.0
2069,0.62,0.0,0.0,0.0,0.0,0.0,1.0
2069,0.63,0.0,0.0,0.0,0.0,0.0,1.0
2069,0.64,0.0,0.0,0.0,0.0,0.0,1.0
2069,0.65,0.0,0.0,0.0,0.0,0.0,1.0
2069,0.66,0.0,0.0,0.0,0.0,0.0,1.0
2069,0.67,0.0,0.0,0.0,0.0,0.0,1.0
2069,0.68,0.0,0.0,0.0,0.0,0.0,1.0
2069,0.6900000000000001,0.0,0.0,0.0,0.0,0.0,1.0
2069,0.7000000000000001,0.0,0.0,0.0,0.0,0.0,1.0
2069,0.7100000000000001,0.0,0.0,0.0,0.0,0.0,1.0
2069,0.72,0.0,0.0,0.0,0.0,0.0,1.0
2069,0.73,0.0,0.0,0.0,0.0,0.0,1.0
2069,0.74,0.0,0.0,0.0,0.0,0.0,1.0
2069,0.75,0.0,0.0,0.0,0.0,0.0,1.0
2069,0.76,0.0,0.0,0.0,0.0,0.0,1.0
2069,0.77,0.0,0.0,0.0,0.0,0.0,1.0
2069,0.78,0.0,0.0,0.0,0.0,0.0,1.0
2069,0.79,0.0,0.0,0.0,0.0,0.0,1.0
2069,0.8,0.0,0.0,0.0,0.0,0.0,1.0
2069,0.81,0.0,0.0,0.0,0.0,0.0,1.0
2069,0.8200000000000001,0.0,0.0,0.0,0.0,0.0,1.0
2069,0.8300000000000001,0.0,0.0,0.0,0.0,0.0,1.0
2069,0.8400000000000001,0.0,0.0,0.0,0.0,0.0,1.0
2069,0.85,0.0,0.0,0.0,0.0,0.0,1.0
2069,0.86,0.0,0.0,0.0,0.0,0.0,1.0
2069,0.87,0.0,0.0,0.0,0.0,0.0,1.0
2069,0.88,0.0,0.0,0.0,0.0,0.0,1.0
2069,0.89,0.0,0.0,0.0,0.0,0.0,1.0
2069,0.9,0.0,0.0,0.0,0.0,0.0,1.0
2069,0.91,0.0,0.0,0.0,0.0,0.0,1.0
2069,0.92,0.0,0.0,0.0,0.0,0.0,1.0
2069,0.93,0.0,0.0,0.0,0.0,0.0,1.0
2069,0.9400000000000001,0.0,0.0,0.0,0.0,0.0,1.0
2069,0.9500000000000001,0.0,0.0,0.0,0.0,0.0,1.0
2069,0.9600000000000001,0.0,0.0,0.0,0.0,0.0,1.0
2069,0.97,0.0,0.0,0.0,0.0,0.0,1.0
2069,0.98,0.0,0.0,0.0,0.0,0.0,1.0
2069,0.99,0.0,0.0,0.0,0.0,0.0,1.0
2069,1.0,0.0,0.0,0.0,0.0,0.0,1.0
2070,0.01,0.10442575963089945,0.1492568261396153,0.23391337156363384,0.26537859237576983,0.06767049722771139,0.17935495306237026
2070,0.02,0.10442575963089945,0.1492568261396153,0.23391337156363384,0.26537859237576983,0.06767049722771139,0.17935495306237026
2070,0.03,0.10442575963089945,0.1492568261396153,0.23391337156363384,0.26537859237576983,0.06767049722771139,0.17935495306237026
2070,0.04,0.10442575963089945,0.1492568261396153,0.23391337156363384,0.26537859237576983,0.06767049722771139,0.17935495306237026
2070,0.05,0.10442575963089945,0.1492568261396153,0.23391337156363384,0.26537859237576983,0.06767049722771139,0.17935495306237026
2070,0.060000000000000005,0.10442575963089945,0.1492568261396153,0.23391337156363384,0.26537859237576983,0.06767049722771139,0.17935495306237026
2070,0.06999999999999999,0.10442575963089945,0.1492568261396153,0.23391337156363384,0.26537859237576983,0.06767049722771139,0.17935495306237026
2070,0.08,0.10442575963089945,0.1492568261396153,0.23391337156363384,0.26537859237576983,0.06767049722771139,0.17935495306237026
2070,0.09,0.10442575963089945,0.1492568261396153,0.23391337156363384,0.26537859237576983,0.06767049722771139,0.17935495306237026
2070,0.09999999999999999,0.10442575963089945,0.1492568261396153,0.23391337156363384,0.26537859237576983,0.06767049722771139,0.17935495306237026
2070,0.11,0.10442575963089945,0.1492568261396153,0.23391337156363384,0.26537859237576983,0.06767049722771139,0.17935495306237026
2070,0.12,0.10442575963089945,0.1492568261396153,0.23391337156363384,0.26537859237576983,0.06767049722771139,0.17935495306237026
2070,0.13,0.10442575963089945,0.1492568261396153,0.23391337156363384,0.26537859237576983,0.06767049722771139,0.17935495306237026
2070,0.14,0.10442575963089945,0.1492568261396153,0.23391337156363384,0.26537859237576983,0.06767049722771139,0.17935495306237026
2070,0.15000000000000002,0.10442575963089945,0.1492568261396153,0.23391337156363384,0.26537859237576983,0.06767049722771139,0.17935495306237026
2070,0.16,0.10442575963089945,0.1492568261396153,0.23391337156363384,0.26537859237576983,0.06767049722771139,0.17935495306237026
2070,0.17,0.10442575963089945,0.1492568261396153,0.23391337156363384,0.26537859237576983,0.06767049722771139,0.17935495306237026
2070,0.18000000000000002,0.10442575963089945,0.1492568261396153,0.23391337156363384,0.26537859237576983,0.06767049722771139,0.17935495306237026
2070,0.19,0.10442575963089945,0.1492568261396153,0.23391337156363384,0.26537859237576983,0.06767049722771139,0.17935495306237026
2070,0.2,0.10442575963089945,0.1492568261396153,0.23391337156363384,0.26537859237576983,0.06767049722771139,0.17935495306237026
2070,0.21000000000000002,1.0,0.0,0.0,0.0,0.0,0.0
2070,0.22,1.0,0.0,0.0,0.0,1.8220700555987568e-13,1.139920406331707e-13
2070,0.23,1.0,0.0,0.0,0.0,0.0,0.0
2070,0.24000000000000002,1.0,6.363581748042935e-15,0.0,9.888198751101307e-17,4.146363906254356e-17,0.0
2070,0.25,1.0,0.0,1.0584422320376548e-16,0.0,1.5833961747303417e-18,2.725009694207278e-17
2070,0.26,0.9999999999999929,1.3263291554474811e-15,2.5151688161353835e-15,2.3084493554773973e-15,3.9598256570405215e-16,6.933944086140984e-16
2070,0.27,1.0,0.0,0.0,0.0,0.0,0.0
2070,0.28,0.9999999999999687,1.3296174557777216e-16,0.0,0.0,7.39811399499352e-17,0.0
2070,0.29000000000000004,1.0,0.0,0.0,0.0,0.0,0.0
2070,0.3,1.0,3.1179039743299e-16,0.0,0.0,2.0356853468987407e-17,4.8112429084565833e-17
2070,0.31,1.0,4.168887457467463e-14,0.0,0.0,0.0,0.0
2070,0.32,1.0,0.0,0.0,0.0,0.0,0.0
2070,0.33,0.9999999999999947,0.0,5.0714640820181955e-15,6.163472510145596e-15,1.4823212102221817e-15,3.08607306376274e-15
2070,0.34,1.0,1.1102230246251565e-15,0.0,0.0,8.326672684688674e-17,4.3021142204224816e-16
2070,0.35000000000000003,0.999999999999998,5.551115123125783e-17,4.718447854656915e-16,2.1788126858268697e-15,0.0,0.0
2070,0.36000000000000004,1.0,1.1102230246251565e-16,4.3194614551822497e-16,0.0,6.938893903907228e-17,1.6653345369377348e-16
2070,0.37,1.0,0.0,2.525405438832647e-15,2.5891463621794276e-15,0.0,0.0
2070,0.38,0.9999999999997028,3.045324987412031e-13,0.0,0.0,7.780225260635323e-16,1.185009998757962e-15
2070,0.39,1.0,5.1523415710263034e-14,0.0,0.0,0.0,0.0
2070,0.4,1.0,0.0,0.0,2.7755575615628914e-17,5.551115123125783e-17,8.326672684688674e-17
2070,0.41000000000000003,1.0,0.0,1.942890293094024e-16,4.336808689942018e-17,0.0,1.1275702593849246e-17
2070,0.42000000000000004,0.9999999999999996,3.885780586188048e-16,0.0,3.608224830031759e-16,0.0,2.168404344971009e-17
2070,0.43,0.4514185335560791,0.5485814664439208,6.900402770501844e-17,0.0,0.0,1.4928394556709003e-16
2070,0.44,0.2552457513762022,0.7447542486238051,6.258733173064355e-16,6.090384919412017e-17,1.404179447175369e-19,0.0
2070,0.45,0.2524408160180566,0.7475591839819434,1.452830911130576e-17,1.6263032587282567e-17,0.0,0.0
2070,0.46,0.25481035784307643,0.7451896421569234,3.339003878076452e-18,4.8762627982246e-17,1.4727891249502554e-17,8.757017037964082e-17
2070,0.47000000000000003,0.25456471053410207,0.7454352894659051,0.0,0.0,3.874985151275292e-17,0.0
2070,0.48000000000000004,0.25401967628490085,0.745980323715099,1.7674053610470554e-17,3.1553095103253806e-17,2.060039932347247e-17,3.099033931767416e-17
2070,0.49,0.2538263306153824,0.7461736693846176,0.0,2.6020852139652106e-18,4.423544863740858e-17,9.367506770274758e-17
2070,0.5,0.2541948093985292,0.7458051906014753,2.731036528192151e-17,1.2405630903468724e-17,3.082682969203376e-18,0.0
2070,0.51,0.20708720170427314,0.44248434505638434,0.0,0.0,0.0,0.35042845324018995
2070,0.52,0.18231916718112562,0.28258723683484926,1.2564315852324262e-19,3.33109729814973e-19,0.0007462408304146308,0.5343473552391188
2070,0.53,0.17044605166998636,0.19777469157554592,1.3227416765147108e-17,3.421032371922825e-17,0.03346402587288344,0.598315230881177
2070,0.54,0.0,0.0,0.0,0.0,0.0,1.0
2070,0.55,0.0,0.0,0.0,0.0,0.0,1.0
2070,0.56,0.0,0.0,0.0,0.0,0.0,1.0
2070,0.5700000000000001,0.0,0.0,0.0,0.0,0.0,1.0
2070,0.5800000000000001,0.0,0.0,0.0,0.0,0.0,1.0
2070,0.59,0.0,0.0,0.0,0.0,0.0,1.0
2070,0.6,0.0,0.0,0.0,0.0,0.0,1.0
2070,0.61,0.0,0.0,0.0,0.0,0.0,1.0
2070,0.62,0.0,0.0,0.0,0.0,0.0,1.0
2070,0.63,0.0,0.0,0.0,0.0,0.0,1.0
2070,0.64,0.0,0.0,0.0,0.0,0.0,1.0
2070,0.65,0.0,0.0,0.0,0.0,0.0,1.0
2070,0.66,0.0,0.0,0.0,0.0,0.0,1.0
2070,0.67,0.0,0.0,0.0,0.0,0.0,1.0
2070,0.68,0.0,0.0,0.0,0.0,0.0,1.0
2070,0.6900000000000001,0.0,0.0,0.0,0.0,0.0,1.0
2070,0.7000000000000001,0.0,0.0,0.0,0.0,0.0,1.0
2070,0.7100000000000001,0.0,0.0,0.0,0.0,0.0,1.0
2070,0.72,0.0,0.0,0.0,0.0,0.0,1.0
2070,0.73,0.0,0.0,0.0,0.0,0.0,1.0
2070,0.74,0.0,0.0,0.0,0.0,0.0,1.0
2070,0.75,0.0,0.0,0.0,0.0,0.0,1.0
2070,0.76,0.0,0.0,0.0,0.0,0.0,1.0
2070,0.77,0.0,0.0,0.0,0.0,0.0,1.0
2070,0.78,0.0,0.0,0.0,0.0,0.0,1.0
2070,0.79,0.0,0.0,0.0,0.0,0.0,1.0
2070,0.8,0.0,0.0,0.0,0.0,0.0,1.0
2070,0.81,0.0,0.0,0.0,0.0,0.0,1.0
2070,0.8200000000000001,0.0,0.0,0.0,0.0,0.0,1.0
2070,0.8300000000000001,0.0,0.0,0.0,0.0,0.0,1.0
2070,0.8400000000000001,0.0,0.0,0.0,0.0,0.0,1.0
2070,0.85,0.0,0.0,0.0,0.0,0.0,1.0
2070,0.86,0.0,0.0,0.0,0.0,0.0,1.0
2070,0.87,0.0,0.0,0.0,0.0,0.0,1.0
2070,0.88,0.0,0.0,0.0,0.0,0.0,1.0
2070,0.89,0.0,0.0,0.0,0.0,0.0,1.0
2070,0.9,0.0,0.0,0.0,0.0,0.0,1.0
2070,0.91,0.0,0.0,0.0,0.0,0.0,1.0
2070,0.92,0.0,0.0,0.0,0.0,0.0,1.0
2070,0.93,0.0,0.0,0.0,0.0,0.0,1.0
2070,0.9400000000000001,0.0,0.0,0.0,0.0,0.0,1.0
2070,0.9500000000000001,0.0,0.0,0.0,0.0,0.0,1.0
2070,0.9600000000000001,0.0,0.0,0.0,0.0,0.0,1.0
2070,0.97,0.0,0.0,0.0,0.0,0.0,1.0
2070,0.98,0.0,0.0,0.0,0.0,0.0,1.0
2070,0.99,0.0,0.0,0.0,0.0,0.0,1.0
2070,1.0,0.0,0.0,0.0,0.0,0.0,1.0
2071,0.01,0.30362258292081873,0.17895035763162828,0.15164228614984718,0.09848384792090276,0.21572291436398022,0.05157801101282264
2071,0.02,0.30362258292081873,0.17895035763162828,0.15164228614984718,0.09848384792090276,0.21572291436398022,0.05157801101282264
2071,0.03,0.30362258292081873,0.17895035763162828,0.15164228614984718,0.09848384792090276,0.21572291436398022,0.05157801101282264
2071,0.04,0.30362258292081873,0.17895035763162828,0.15164228614984718,0.09848384792090276,0.21572291436398022,0.05157801101282264
2071,0.05,0.30362258292081873,0.17895035763162828,0.15164228614984718,0.09848384792090276,0.21572291436398022,0.05157801101282264
2071,0.060000000000000005,0.30362258292081873,0.17895035763162828,0.15164228614984718,0.09848384792090276,0.21572291436398022,0.05157801101282264
2071,0.06999999999999999,0.30362258292081873,0.17895035763162828,0.15164228614984718,0.09848384792090276,0.21572291436398022,0.05157801101282264
2071,0.08,0.30362258292081873,0.17895035763162828,0.15164228614984718,0.09848384792090276,0.21572291436398022,0.05157801101282264
2071,0.09,0.30362258292081873,0.17895035763162828,0.15164228614984718,0.09848384792090276,0.21572291436398022,0.05157801101282264
2071,0.09999999999999999,0.30362258292081873,0.17895035763162828,0.15164228614984718,0.09848384792090276,0.21572291436398022,0.05157801101282264
2071,0.11,0.30362258292081873,0.17895035763162828,0.15164228614984718,0.09848384792090276,0.21572291436398022,0.05157801101282264
2071,0.12,0.30362258292081873,0.17895035763162828,0.15164228614984718,0.09848384792090276,0.21572291436398022,0.05157801101282264
2071,0.13,0.30362258292081873,0.17895035763162828,0.15164228614984718,0.09848384792090276,0.21572291436398022,0.05157801101282264
2071,0.14,0.30362258292081873,0.17895035763162828,0.15164228614984718,0.09848384792090276,0.21572291436398022,0.05157801101282264
2071,0.15000000000000002,0.30362258292081873,0.17895035763162828,0.15164228614984718,0.09848384792090276,0.21572291436398022,0.05157801101282264
2071,0.16,0.30362258292081873,0.17895035763162828,0.15164228614984718,0.09848384792090276,0.21572291436398022,0.05157801101282264
2071,0.17,0.30362258292081873,0.17895035763162828,0.15164228614984718,0.09848384792090276,0.21572291436398022,0.05157801101282264
2071,0.18000000000000002,0.30362258292081873,0.17895035763162828,0.15164228614984718,0.09848384792090276,0.21572291436398022,0.05157801101282264
2071,0.19,0.30362258292081873,0.17895035763162828,0.15164228614984718,0.09848384792090276,0.21572291436398022,0.05157801101282264
2071,0.2,0.30362258292081873,0.17895035763162828,0.15164228614984718,0.09848384792090276,0.21572291436398022,0.05157801101282264
2071,0.21000000000000002,0.30362258292081873,0.17895035763162828,0.15164228614984718,0.09848384792090276,0.21572291436398022,0.05157801101282264
2071,0.22,0.30362258292081873,0.17895035763162828,0.15164228614984718,0.09848384792090276,0.21572291436398022,0.05157801101282264
2071,0.23,0.3037151027397101,0.1789318536935423,0.1516237822117612,0.0984653439828168,0.21570441042589425,0.05155950694633965
2071,0.24000000000000002,1.0,0.0,0.0,0.0,0.0,0.0
2071,0.25,1.0,0.0,0.0,0.0,0.0,0.0
2071,0.26,1.0,2.5132946650720256e-16,0.0,0.0,9.65178413580302e-18,1.0290795804878204e-17
2071,0.27,1.0,0.0,0.0,0.0,0.0,0.0
2071,0.28,1.0,0.0,0.0,0.0,0.0,0.0
2071,0.29000000000000004,1.0,0.0,0.0,0.0,0.0,0.0
2071,0.3,1.0,0.0,2.971955654107301e-17,8.543310697750126e-17,0.0,1.1355124609197224e-16
2071,0.31,0.9999999999999912,8.35332517616237e-15,2.800701612447592e-16,1.253890798391217e-16,0.0,0.0
2071,0.32,0.9999999999997097,3.9070982878880705e-16,9.973744280723188e-14,5.875060502110938e-14,1.0904305942114961e-13,2.2383612407770388e-14
2071,0.33,0.9999999999999665,0.0,1.231653667943533e-14,5.84601811404184e-15,1.2313067232483377e-14,4.461708780212348e-15
2071,0.34,1.0,0.0,2.909882799195557e-15,2.0414021306838304e-15,5.0332357910427145e-15,1.9447035788758586e-15
2071,0.35000000000000003,1.0,0.0,3.0301913356170582e-15,2.308642296091983e-15,4.988795572190307e-15,2.3568032130443233e-15
2071,0.36000000000000004,0.9999999999998102,2.1265085040366615e-13,0.0,0.0,0.0,0.0
2071,0.37,1.0,0.0,2.1016594510405264e-14,1.2032884535990076e-14,1.775755962168402e-14,0.0
2071,0.38,0.9999999999999939,5.927095958860511e-15,2.871899386768616e-16,1.2381444880357876e-16,1.226324540303548e-16,0.0
2071,0.39,0.999999999999958,5.551115123125783e-17,1.942890293094024e-16,0.0,0.0,0.0
2071,0.4,1.0,0.0,4.450438027467284e-16,5.220580235445595e-16,6.375302135954756e-16,0.0
2071,0.41000000000000003,1.0,0.0,0.0,0.0,1.6431009808634935e-16,0.0
2071,0.42000000000000004,1.0,0.0,0.0,0.0,1.7527906887417413e-16,6.573653297051174e-17
2071,0.43,0.9999999999999998,2.220446049250313e-16,1.2663481374630692e-16,0.0,5.551115123125783e-17,0.0
2071,0.44,1.0,0.0,6.565789654927102e-16,1.0845192804451328e-16,2.8520737534575165e-16,9.616455047428718e-17
2071,0.45,0.999999999999999,9.43689570931383e-16,0.0,1.3877787807814457e-17,0.0,0.0
2071,0.46,0.2550658590507718,0.7449341409492363,0.0,1.3368486123435274e-16,7.43017591555545e-17,0.0
2071,0.47000000000000003,0.2540024617947122,0.7459975382053458,4.836477884547819e-17,0.0,0.0,0.0
2071,0.48000000000000004,0.25398790594381937,0.7460120940561809,4.4994390158148434e-17,0.0,0.0,0.0
2071,0.49,0.25397421410494464,0.7460257858950463,1.4631481261770922e-17,0.0,0.0,0.0
2071,0.5,0.2538625040171885,0.7461374959828063,0.0,5.442111963426791e-17,0.0,6.053969223361e-17
2071,0.51,0.25393804711113294,0.7460619528888872,0.0,5.941427905220564e-17,0.0,1.0408340855860843e-17
2071,0.52,0.23346902353310453,0.6133419155946864,0.0,0.0,8.602745941773023e-17,0.15318906087225206
2071,0.53,0.18828877807753236,0.3204734655061218,0.0,0.0,0.0,0.49123775641650697
2071,0.54,0.1712652964407983,0.2038568221456991,8.746835093606631e-17,6.088940678856711e-17,0.031051165710971655,0.5938267157024056
2071,0.55,0.0,0.0,0.0,0.0,0.0,1.0
2071,0.56,0.0,0.0,0.0,0.0,0.0,1.0
2071,0.5700000000000001,0.0,0.0,0.0,0.0,0.0,1.0
2071,0.5800000000000001,0.0,0.0,0.0,0.0,0.0,1.0
2071,0.59,0.0,0.0,0.0,0.0,0.0,1.0
2071,0.6,0.0,0.0,0.0,0.0,0.0,1.0
2071,0.61,0.0,0.0,0.0,0.0,0.0,1.0
2071,0.62,0.0,0.0,0.0,0.0,0.0,1.0
2071,0.63,0.0,0.0,0.0,0.0,0.0,1.0
2071,0.64,0.0,0.0,0.0,0.0,0.0,1.0
2071,0.65,0.0,0.0,0.0,0.0,0.0,1.0
2071,0.66,0.0,0.0,0.0,0.0,0.0,1.0
2071,0.67,0.0,0.0,0.0,0.0,0.0,1.0
2071,0.68,0.0,0.0,0.0,0.0,0.0,1.0
2071,0.6900000000000001,0.0,0.0,0.0,0.0,0.0,1.0
2071,0.7000000000000001,0.0,0.0,0.0,0.0,0.0,1.0
2071,0.7100000000000001,0.0,0.0,0.0,0.0,0.0,1.0
2071,0.72,0.0,0.0,0.0,0.0,0.0,1.0
2071,0.73,0.0,0.0,0.0,0.0,0.0,1.0
2071,0.74,0.0,0.0,0.0,0.0,0.0,1.0
2071,0.75,0.0,0.0,0.0,0.0,0.0,1.0
2071,0.76,0.0,0.0,0.0,0.0,0.0,1.0
2071,0.77,0.0,0.0,0.0,0.0,0.0,1.0
2071,0.78,0.0,0.0,0.0,0.0,0.0,1.0
2071,0.79,0.0,0.0,0.0,0.0,0.0,1.0
2071,0.8,0.0,0.0,0.0,0.0,0.0,1.0
2071,0.81,0.0,0.0,0.0,0.0,0.0,1.0
2071,0.8200000000000001,0.0,0.0,0.0,0.0,0.0,1.0
2071,0.8300000000000001,0.0,0.0,0.0,0.0,0.0,1.0
2071,0.8400000000000001,0.0,0.0,0.0,0.0,0.0,1.0
2071,0.85,0.0,0.0,0.0,0.0,0.0,1.0
2071,0.86,0.0,0.0,0.0,0.0,0.0,1.0
2071,0.87,0.0,0.0,0.0,0.0,0.0,1.0
2071,0.88,0.0,0.0,0.0,0.0,0.0,1.0
2071,0.89,0.0,0.0,0.0,0.0,0.0,1.0
2071,0.9,0.0,0.0,0.0,0.0,0.0,1.0
2071,0.91,0.0,0.0,0.0,0.0,0.0,1.0
2071,0.92,0.0,0.0,0.0,0.0,0.0,1.0
2071,0.93,0.0,0.0,0.0,0.0,0.0,1.0
2071,0.9400000000000001,0.0,0.0,0.0,0.0,0.0,1.0
2071,0.9500000000000001,0.0,0.0,0.0,0.0,0.0,1.0
2071,0.9600000000000001,0.0,0.0,0.0,0.0,0.0,1.0
2071,0.97,0.0,0.0,0.0,0.0,0.0,1.0
2071,0.98,0.0,0.0,0.0,0.0,0.0,1.0
2071,0.99,0.0,0.0,0.0,0.0,0.0,1.0
2071,1.0,0.0,0.0,0.0,0.0,0.0,1.0
2072,0.01,0.23079036725016183,0.19012345376007492,0.11141342651490489,0.23629415317686384,0.2184746442691871,0.012903955028807344
2072,0.02,0.23079036725016183,0.19012345376007492,0.11141342651490489,0.23629415317686384,0.2184746442691871,0.012903955028807344
2072,0.03,0.23079036725016183,0.19012345376007492,0.11141342651490489,0.23629415317686384,0.2184746442691871,0.012903955028807344
2072,0.04,0.23079036725016183,0.19012345376007492,0.11141342651490489,0.23629415317686384,0.2184746442691871,0.012903955028807344
2072,0.05,0.23079036725016183,0.19012345376007492,0.11141342651490489,0.23629415317686384,0.2184746442691871,0.012903955028807344
2072,0.060000000000000005,0.23079036725016183,0.19012345376007492,0.11141342651490489,0.23629415317686384,0.2184746442691871,0.012903955028807344
2072,0.06999999999999999,0.23079036725016183,0.19012345376007492,0.11141342651490489,0.23629415317686384,0.2184746442691871,0.012903955028807344
2072,0.08,0.23079036725016183,0.19012345376007492,0.11141342651490489,0.23629415317686384,0.2184746442691871,0.012903955028807344
2072,0.09,0.23079036725016183,0.19012345376007492,0.11141342651490489,0.23629415317686384,0.2184746442691871,0.012903955028807344
2072,0.09999999999999999,0.23079036725016183,0.19012345376007492,0.11141342651490489,0.23629415317686384,0.2184746442691871,0.012903955028807344
2072,0.11,0.23079036725016183,0.19012345376007492,0.11141342651490489,0.23629415317686384,0.2184746442691871,0.012903955028807344
2072,0.12,0.23079036725016183,0.19012345376007492,0.11141342651490489,0.23629415317686384,0.2184746442691871,0.012903955028807344
2072,0.13,0.23079036725016183,0.19012345376007492,0.11141342651490489,0.23629415317686384,0.2184746442691871,0.012903955028807344
2072,0.14,0.23079036725016183,0.19012345376007492,0.11141342651490489,0.23629415317686384,0.2184746442691871,0.012903955028807344
2072,0.15000000000000002,0.23079036725016183,0.19012345376007492,0.11141342651490489,0.23629415317686384,0.2184746442691871,0.012903955028807344
2072,0.16,0.23079036725016183,0.19012345376007492,0.11141342651490489,0.23629415317686384,0.2184746442691871,0.012903955028807344
2072,0.17,0.23079036725016183,0.19012345376007492,0.11141342651490489,0.23629415317686384,0.2184746442691871,0.012903955028807344
2072,0.18000000000000002,0.23079036725016183,0.19012345376007492,0.11141342651490489,0.23629415317686384,0.2184746442691871,0.012903955028807344
2072,0.19,0.23079036725016183,0.19012345376007492,0.11141342651490489,0.23629415317686384,0.2184746442691871,0.012903955028807344
2072,0.2,0.23079036725016183,0.19012345376007492,0.11141342651490489,0.23629415317686384,0.2184746442691871,0.012903955028807344
2072,0.21000000000000002,0.23079036725016183,0.19012345376007492,0.11141342651490489,0.23629415317686384,0.2184746442691871,0.012903955028807344
2072,0.22,0.23079036725016183,0.19012345376007492,0.11141342651490489,0.23629415317686384,0.2184746442691871,0.012903955028807344
2072,0.23,0.23079036725016183,0.19012345376007492,0.11141342651490489,0.23629415317686384,0.2184746442691871,0.012903955028807344
2072,0.24000000000000002,0.23079036725016183,0.19012345376007492,0.11141342651490489,0.23629415317686384,0.2184746442691871,0.012903955028807344
2072,0.25,0.23079036725016183,0.19012345376007492,0.11141342651490489,0.23629415317686384,0.2184746442691871,0.012903955028807344
2072,0.26,0.23079036725016183,0.19012345376007492,0.11141342651490489,0.23629415317686384,0.2184746442691871,0.012903955028807344
2072,0.27,0.9999999999999996,5.95893210577337e-16,5.407484805051055e-18,0.0,6.6674727838714285e-18,7.487956542185227e-18
2072,0.28,1.0,0.0,0.0,0.0,0.0,0.0
2072,0.29000000000000004,1.0,0.0,0.0,0.0,0.0,0.0
2072,0.3,1.0,0.0,0.0,0.0,0.0,0.0
2072,0.31,1.0,0.0,0.0,9.066259502583766e-17,0.0,7.395868178950923e-18
2072,0.32,1.0,0.0,0.0,0.0,0.0,0.0
2072,0.33,0.9999999999999996,3.2221686381633033e-15,2.6024566231170347e-16,0.0,0.0,0.0
2072,0.34,1.0,0.0,4.709789060353608e-16,2.0885922419994988e-15,1.3628567421326192e-15,4.645632667346199e-16
2072,0.35000000000000003,0.9999999999999999,3.3780851117910737e-18,1.0682882385510528e-16,1.195638825329882e-16,0.0,1.3743270455830165e-17
2072,0.36000000000000004,0.9999999999999992,0.0,7.1060286935045e-18,4.673762247144024e-16,3.3162273583216853e-16,1.6765154876467773e-16
2072,0.37,0.9999999999999858,0.0,0.0,0.0,0.0,0.0
2072,0.38,0.9999999999999952,5.7999081814921576e-15,0.0,3.832697031383621e-17,0.0,0.0
2072,0.39,1.0,3.9389185529331686e-16,0.0,0.0,5.645120063839372e-16,0.0
2072,0.4,1.0,0.0,0.0,5.663872149064275e-16,0.0,0.0
2072,0.41000000000000003,0.9999999999999998,1.1102230246251565e-16,0.0,2.3245294578089215e-16,0.0,4.163336342344337e-17
2072,0.42000000000000004,0.9999999999999797,2.09848990669146e-14,0.0,0.0,0.0,3.7452408795796144e-17
2072,0.43,0.9999999999999988,1.27675647831893e-15,0.0,1.3877787807814457e-17,1.3877787807814457e-17,0.0
2072,0.44,0.2553484004614688,0.7446515995385244,7.387683326956114e-18,0.0,0.0,1.457879121707566e-17
2072,0.45,0.25428202077650525,0.7457179792234861,2.2846008115486925e-17,0.0,0.0,3.3064517977485046e-17
2072,0.46,0.2539353780413212,0.7460646219586766,6.276555366354332e-20,2.0288511439469274e-17,1.0005308599806737e-20,4.3067221329714685e-18
2072,0.47000000000000003,0.25396434561646075,0.7460356543835394,2.0946650220841967e-18,4.0846706121405395e-17,2.4648520940182277e-17,1.1073973176023921e-17
2072,0.48000000000000004,0.19273566445305676,0.34979919279459076,4.095517742625675e-17,1.0593252372037459e-16,1.6207000613359143e-16,0.4574651427521001
2072,0.49,0.0,0.0,0.0,0.0,0.0,1.0
2072,0.5,0.0,0.0,0.0,0.0,0.0,1.0
2072,0.51,0.0,0.0,0.0,0.0,0.0,1.0
2072,0.52,0.0,0.0,0.0,0.0,0.0,1.0
2072,0.53,0.0,0.0,0.0,0.0,0.0,1.0
2072,0.54,0.0,0.0,0.0,0.0,0.0,1.0
2072,0.55,0.0,0.0,0.0,0.0,0.0,1.0
2072,0.56,0.0,0.0,0.0,0.0,0.0,1.0
2072,0.5700000000000001,0.0,0.0,0.0,0.0,0.0,1.0
2072,0.5800000000000001,0.0,0.0,0.0,0.0,0.0,1.0
2072,0.59,0.0,0.0,0.0,0.0,0.0,1.0
2072,0.6,0.0,0.0,0.0,0.0,0.0,1.0
2072,0.61,0.0,0.0,0.0,0.0,0.0,1.0
2072,0.62,0.0,0.0,0.0,0.0,0.0,1.0
2072,0.63,0.0,0.0,0.0,0.0,0.0,1.0
2072,0.64,0.0,0.0,0.0,0.0,0.0,1.0
2072,0.65,0.0,0.0,0.0,0.0,0.0,1.0
2072,0.66,0.0,0.0,0.0,0.0,0.0,1.0
2072,0.67,0.0,0.0,0.0,0.0,0.0,1.0
2072,0.68,0.0,0.0,0.0,0.0,0.0,1.0
2072,0.6900000000000001,0.0,0.0,0.0,0.0,0.0,1.0
2072,0.7000000000000001,0.0,0.0,0.0,0.0,0.0,1.0
2072,0.7100000000000001,0.0,0.0,0.0,0.0,0.0,1.0
2072,0.72,0.0,0.0,0.0,0.0,0.0,1.0
2072,0.73,0.0,0.0,0.0,0.0,0.0,1.0
2072,0.74,0.0,0.0,0.0,0.0,0.0,1.0
2072,0.75,0.0,0.0,0.0,0.0,0.0,1.0
2072,0.76,0.0,0.0,0.0,0.0,0.0,1.0
2072,0.77,0.0,0.0,0.0,0.0,0.0,1.0
2072,0.78,0.0,0.0,0.0,0.0,0.0,1.0
2072,0.79,0.0,0.0,0.0,0.0,0.0,1.0
2072,0.8,0.0,0.0,0.0,0.0,0.0,1.0
2072,0.81,0.0,0.0,0.0,0.0,0.0,1.0
2072,0.8200000000000001,0.0,0.0,0.0,0.0,0.0,1.0
2072,0.8300000000000001,0.0,0.0,0.0,0.0,0.0,1.0
2072,0.8400000000000001,0.0,0.0,0.0,0.0,0.0,1.0
2072,0.85,0.0,0.0,0.0,0.0,0.0,1.0
2072,0.86,0.0,0.0,0.0,0.0,0.0,1.0
2072,0.87,0.0,0.0,0.0,0.0,0.0,1.0
2072,0.88,0.0,0.0,0.0,0.0,0.0,1.0
2072,0.89,0.0,0.0,0.0,0.0,0.0,1.0
2072,0.9,0.0,0.0,0.0,0.0,0.0,1.0
2072,0.91,0.0,0.0,0.0,0.0,0.0,1.0
2072,0.92,0.0,0.0,0.0,0.0,0.0,1.0
2072,0.93,0.0,0.0,0.0,0.0,0.0,1.0
2072,0.9400000000000001,0.0,0.0,0.0,0.0,0.0,1.0
2072,0.9500000000000001,0.0,0.0,0.0,0.0,0.0,1.0
2072,0.9600000000000001,0.0,0.0,0.0,0.0,0.0,1.0
2072,0.97,0.0,0.0,0.0,0.0,0.0,1.0
2072,0.98,0.0,0.0,0.0,0.0,0.0,1.0
2072,0.99,0.0,0.0,0.0,0.0,0.0,1.0
2072,1.0,0.0,0.0,0.0,0.0,0.0,1.0
2073,0.01,0.08988011666895032,0.18088834916582955,0.22988101048088508,0.12212262849918348,0.05279203042319444,0.32443586476195724
2073,0.02,0.08988011666895032,0.18088834916582955,0.22988101048088508,0.12212262849918348,0.05279203042319444,0.32443586476195724
2073,0.03,0.08988011666895032,0.18088834916582955,0.22988101048088508,0.12212262849918348,0.05279203042319444,0.32443586476195724
2073,0.04,0.08988011666895032,0.18088834916582955,0.22988101048088508,0.12212262849918348,0.05279203042319444,0.32443586476195724
2073,0.05,0.08988011666895032,0.18088834916582955,0.22988101048088508,0.12212262849918348,0.05279203042319444,0.32443586476195724
2073,0.060000000000000005,0.08988011666895032,0.18088834916582955,0.22988101048088508,0.12212262849918348,0.05279203042319444,0.32443586476195724
2073,0.06999999999999999,0.08988011666895032,0.18088834916582955,0.22988101048088508,0.12212262849918348,0.05279203042319444,0.32443586476195724
2073,0.08,0.08988011666895032,0.18088834916582955,0.22988101048088508,0.12212262849918348,0.05279203042319444,0.32443586476195724
2073,0.09,0.08988011666895032,0.18088834916582955,0.22988101048088508,0.12212262849918348,0.05279203042319444,0.32443586476195724
2073,0.09999999999999999,0.08988011666895032,0.18088834916582955,0.22988101048088508,0.12212262849918348,0.05279203042319444,0.32443586476195724
2073,0.11,0.08988011666895032,0.18088834916582955,0.22988101048088508,0.12212262849918348,0.05279203042319444,0.32443586476195724
2073,0.12,0.08988011666895032,0.18088834916582955,0.22988101048088508,0.12212262849918348,0.05279203042319444,0.32443586476195724
2073,0.13,0.08988011666895032,0.18088834916582955,0.22988101048088508,0.12212262849918348,0.05279203042319444,0.32443586476195724
2073,0.14,0.08988011666895032,0.18088834916582955,0.22988101048088508,0.12212262849918348,0.05279203042319444,0.32443586476195724
2073,0.15000000000000002,0.08988011666895032,0.18088834916582955,0.22988101048088508,0.12212262849918348,0.05279203042319444,0.32443586476195724
2073,0.16,0.08988011666895032,0.18088834916582955,0.22988101048088508,0.12212262849918348,0.05279203042319444,0.32443586476195724
2073,0.17,0.08988011666895032,0.18088834916582955,0.22988101048088508,0.12212262849918348,0.05279203042319444,0.32443586476195724
2073,0.18000000000000002,0.08988011666895032,0.18088834916582955,0.22988101048088508,0.12212262849918348,0.05279203042319444,0.32443586476195724
2073,0.19,0.08988011666895032,0.18088834916582955,0.22988101048088508,0.12212262849918348,0.05279203042319444,0.32443586476195724
2073,0.2,0.08988011666895032,0.18088834916582955,0.22988101048088508,0.12212262849918348,0.05279203042319444,0.32443586476195724
2073,0.21000000000000002,0.08988011666895032,0.18088834916582955,0.22988101048088508,0.12212262849918348,0.05279203042319444,0.32443586476195724
2073,0.22,0.08988011666895032,0.18088834916582955,0.22988101048088508,0.12212262849918348,0.05279203042319444,0.32443586476195724
2073,0.23,0.08988011666895032,0.18088834916582955,0.22988101048088508,0.12212262849918348,0.05279203042319444,0.32443586476195724
2073,0.24000000000000002,0.08988011666895032,0.18088834916582955,0.22988101048088508,0.12212262849918348,0.05279203042319444,0.32443586476195724
2073,0.25,0.08988011666895032,0.18088834916582955,0.22988101048088508,0.12212262849918348,0.05279203042319444,0.32443586476195724
2073,0.26,0.08988011666895032,0.18088834916582955,0.22988101048088508,0.12212262849918348,0.05279203042319444,0.32443586476195724
2073,0.27,0.08988011666895032,0.18088834916582955,0.22988101048088508,0.12212262849918348,0.05279203042319444,0.32443586476195724
2073,0.28,0.08988011666895032,0.18088834916582955,0.22988101048088508,0.12212262849918348,0.05279203042319444,0.32443586476195724
2073,0.29000000000000004,0.08988011666895032,0.18088834916582955,0.22988101048088508,0.12212262849918348,0.05279203042319444,0.32443586476195724
2073,0.3,0.08988011666895032,0.18088834916582955,0.22988101048088508,0.12212262849918348,0.05279203042319444,0.32443586476195724
2073,0.31,0.08988011666895032,0.18088834916582955,0.22988101048088508,0.12212262849918348,0.05279203042319444,0.32443586476195724
2073,0.32,0.08988011666895032,0.18088834916582955,0.22988101048088508,0.12212262849918348,0.05279203042319444,0.32443586476195724
2073,0.33,0.08988011666895032,0.18088834916582955,0.22988101048088508,0.12212262849918348,0.05279203042319444,0.32443586476195724
2073,0.34,0.08988011666895032,0.18088834916582955,0.22988101048088508,0.12212262849918348,0.05279203042319444,0.32443586476195724
2073,0.35000000000000003,0.08988011666895032,0.18088834916582955,0.22988101048088508,0.12212262849918348,0.05279203042319444,0.32443586476195724
2073,0.36000000000000004,0.9999999999999963,2.275957200481571e-15,9.992007221626409e-16,0.0,1.6653345369377348e-16,3.5388358909926865e-16
2073,0.37,0.999999999999821,1.7487502441745494e-13,2.2168808875753197e-15,1.790568358189283e-16,8.651865573798545e-16,8.337341064659342e-16
2073,0.38,1.0,0.0,0.0,0.0,0.0,0.0
2073,0.39,1.0,0.0,0.0,0.0,0.0,0.0
2073,0.4,1.0,5.725420137991932e-13,0.0,0.0,0.0,0.0
2073,0.41000000000000003,1.0,5.995204332975845e-15,0.0,0.0,0.0,0.0
2073,0.42000000000000004,1.0,0.0,1.6375789613221059e-15,3.8163916471489756e-17,0.0,5.655198531684391e-16
2073,0.43,0.9999999999905067,9.834987919187728e-12,0.0,0.0,1.0408008818945519e-14,0.0
2073,0.44,0.9999999999995459,4.731685010270898e-13,0.0,0.0,3.644355020396891e-16,0.0
2073,0.45,1.0,0.0,3.469446951953614e-17,6.526897078362737e-17,3.469446951953614e-18,6.938893903907228e-18
2073,0.46,0.9999999999999947,5.88418203051333e-15,0.0,0.0,0.0,0.0
2073,0.47000000000000003,0.2530873092710616,0.7469126907289386,0.0,0.0,0.0,0.0
2073,0.48000000000000004,0.25463465350587666,0.745365346494126,0.0,3.467372573616613e-18,0.0,0.0
2073,0.49,0.2538960615897094,0.7461039384102905,9.75781955236954e-19,4.775910569798647e-17,9.486769009248164e-18,1.9786689647860456e-17
2073,0.5,0.17974008871336386,0.26357517844322553,0.0,2.978452003379126e-17,0.007617516022914049,0.5490672168204956
2073,0.51,0.0,0.0,0.0,0.0,0.0,1.0
2073,0.52,0.0,0.0,0.0,0.0,0.0,1.0
2073,0.53,0.0,0.0,0.0,0.0,0.0,1.0
2073,0.54,0.0,0.0,0.0,0.0,0.0,1.0
2073,0.55,0.0,0.0,0.0,0.0,0.0,1.0
2073,0.56,0.0,0.0,0.0,0.0,0.0,1.0
2073,0.5700000000000001,0.0,0.0,0.0,0.0,0.0,1.0
2073,0.5800000000000001,0.0,0.0,0.0,0.0,0.0,1.0
2073,0.59,0.0,0.0,0.0,0.0,0.0,1.0
2073,0.6,0.0,0.0,0.0,0.0,0.0,1.0
2073,0.61,0.0,0.0,0.0,0.0,0.0,1.0
2073,0.62,0.0,0.0,0.0,0.0,0.0,1.0
2073,0.63,0.0,0.0,0.0,0.0,0.0,1.0
2073,0.64,0.0,0.0,0.0,0.0,0.0,1.0
2073,0.65,0.0,0.0,0.0,0.0,0.0,1.0
2073,0.66,0.0,0.0,0.0,0.0,0.0,1.0
2073,0.67,0.0,0.0,0.0,0.0,0.0,1.0
2073,0.68,0.0,0.0,0.0,0.0,0.0,1.0
2073,0.6900000000000001,0.0,0.0,0.0,0.0,0.0,1.0
2073,0.7000000000000001,0.0,0.0,0.0,0.0,0.0,1.0
2073,0.7100000000000001,0.0,0.0,0.0,0.0,0.0,1.0
2073,0.72,0.0,0.0,0.0,0.0,0.0,1.0
2073,0.73,0.0,0.0,0.0,0.0,0.0,1.0
2073,0.74,0.0,0.0,0.0,0.0,0.0,1.0
2073,0.75,0.0,0.0,0.0,0.0,0.0,1.0
2073,0.76,0.0,0.0,0.0,0.0,0.0,1.0
2073,0.77,0.0,0.0,0.0,0.0,0.0,1.0
2073,0.78,0.0,0.0,0.0,0.0,0.0,1.0
2073,0.79,0.0,0.0,0.0,0.0,0.0,1.0
2073,0.8,0.0,0.0,0.0,0.0,0.0,1.0
2073,0.81,0.0,0.0,0.0,0.0,0.0,1.0
2073,0.8200000000000001,0.0,0.0,0.0,0.0,0.0,1.0
2073,0.8300000000000001,0.0,0.0,0.0,0.0,0.0,1.0
2073,0.8400000000000001,0.0,0.0,0.0,0.0,0.0,1.0
2073,0.85,0.0,0.0,0.0,0.0,0.0,1.0
2073,0.86,0.0,0.0,0.0,0.0,0.0,1.0
2073,0.87,0.0,0.0,0.0,0.0,0.0,1.0
2073,0.88,0.0,0.0,0.0,0.0,0.0,1.0
2073,0.89,0.0,0.0,0.0,0.0,0.0,1.0
2073,0.9,0.0,0.0,0.0,0.0,0.0,1.0
2073,0.91,0.0,0.0,0.0,0.0,0.0,1.0
2073,0.92,0.0,0.0,0.0,0.0,0.0,1.0
2073,0.93,0.0,0.0,0.0,0.0,0.0,1.0
2073,0.9400000000000001,0.0,0.0,0.0,0.0,0.0,1.0
2073,0.9500000000000001,0.0,0.0,0.0,0.0,0.0,1.0
2073,0.9600000000000001,0.0,0.0,0.0,0.0,0.0,1.0
2073,0.97,0.0,0.0,0.0,0.0,0.0,1.0
2073,0.98,0.0,0.0,0.0,0.0,0.0,1.0
2073,0.99,0.0,0.0,0.0,0.0,0.0,1.0
2073,1.0,0.0,0.0,0.0,0.0,0.0,1.0
2074,0.01,0.19932639741229155,0.10804478988962264,0.09399911295212274,0.19377717651198934,0.17285644633601102,0.23199607689796267
2074,0.02,0.19932639741229155,0.10804478988962264,0.09399911295212274,0.19377717651198934,0.17285644633601102,0.23199607689796267
2074,0.03,0.19932639741229155,0.10804478988962264,0.09399911295212274,0.19377717651198934,0.17285644633601102,0.23199607689796267
2074,0.04,0.19932639741229155,0.10804478988962264,0.09399911295212274,0.19377717651198934,0.17285644633601102,0.23199607689796267
2074,0.05,0.19932639741229155,0.10804478988962264,0.09399911295212274,0.19377717651198934,0.17285644633601102,0.23199607689796267
2074,0.060000000000000005,0.19932639741229155,0.10804478988962264,0.09399911295212274,0.19377717651198934,0.17285644633601102,0.23199607689796267
2074,0.06999999999999999,0.19932639741229155,0.10804478988962264,0.09399911295212274,0.19377717651198934,0.17285644633601102,0.23199607689796267
2074,0.08,0.19932639741229155,0.10804478988962264,0.09399911295212274,0.19377717651198934,0.17285644633601102,0.23199607689796267
2074,0.09,0.19932639741229155,0.10804478988962264,0.09399911295212274,0.19377717651198934,0.17285644633601102,0.23199607689796267
2074,0.09999999999999999,0.19932639741229155,0.10804478988962264,0.09399911295212274,0.19377717651198934,0.17285644633601102,0.23199607689796267
2074,0.11,0.19932639741229155,0.10804478988962264,0.09399911295212274,0.19377717651198934,0.17285644633601102,0.23199607689796267
2074,0.12,0.19932639741229155,0.10804478988962264,0.09399911295212274,0.19377717651198934,0.17285644633601102,0.23199607689796267
2074,0.13,0.19932639741229155,0.10804478988962264,0.09399911295212274,0.19377717651198934,0.17285644633601102,0.23199607689796267
2074,0.14,0.19932639741229155,0.10804478988962264,0.09399911295212274,0.19377717651198934,0.17285644633601102,0.23199607689796267
2074,0.15000000000000002,0.19932639741229155,0.10804478988962264,0.09399911295212274,0.19377717651198934,0.17285644633601102,0.23199607689796267
2074,0.16,0.19932639741229155,0.10804478988962264,0.09399911295212274,0.19377717651198934,0.17285644633601102,0.23199607689796267
2074,0.17,0.19932639741229155,0.10804478988962264,0.09399911295212274,0.19377717651198934,0.17285644633601102,0.23199607689796267
2074,0.18000000000000002,0.19932639741229155,0.10804478988962264,0.09399911295212274,0.19377717651198934,0.17285644633601102,0.23199607689796267
2074,0.19,0.19932639741229155,0.10804478988962264,0.09399911295212274,0.19377717651198934,0.17285644633601102,0.23199607689796267
2074,0.2,0.19932639741229155,0.10804478988962264,0.09399911295212274,0.19377717651198934,0.17285644633601102,0.23199607689796267
2074,0.21000000000000002,0.19932639741229155,0.10804478988962264,0.09399911295212274,0.19377717651198934,0.17285644633601102,0.23199607689796267
2074,0.22,0.19932639741229155,0.10804478988962264,0.09399911295212274,0.19377717651198934,0.17285644633601102,0.23199607689796267
2074,0.23,0.19932639741229155,0.10804478988962264,0.09399911295212274,0.19377717651198934,0.17285644633601102,0.23199607689796267
2074,0.24000000000000002,0.19932639741229155,0.10804478988962264,0.09399911295212274,0.19377717651198934,0.17285644633601102,0.23199607689796267
2074,0.25,0.19932639741229155,0.10804478988962264,0.09399911295212274,0.19377717651198934,0.17285644633601102,0.23199607689796267
2074,0.26,0.19932639741229155,0.10804478988962264,0.09399911295212274,0.19377717651198934,0.17285644633601102,0.23199607689796267
2074,0.27,0.19932639741229155,0.10804478988962264,0.09399911295212274,0.19377717651198934,0.17285644633601102,0.23199607689796267
2074,0.28,0.19932639741229155,0.10804478988962264,0.09399911295212274,0.19377717651198934,0.17285644633601102,0.23199607689796267
2074,0.29000000000000004,0.19932639741229155,0.10804478988962264,0.09399911295212274,0.19377717651198934,0.17285644633601102,0.23199607689796267
2074,0.3,0.19932639741229155,0.10804478988962264,0.09399911295212274,0.19377717651198934,0.17285644633601102,0.23199607689796267
2074,0.31,0.19932639741229155,0.10804478988962264,0.09399911295212274,0.19377717651198934,0.17285644633601102,0.23199607689796267
2074,0.32,0.19932639741229155,0.10804478988962264,0.09399911295212274,0.19377717651198934,0.17285644633601102,0.23199607689796267
2074,0.33,0.19932639741229155,0.10804478988962264,0.09399911295212274,0.19377717651198934,0.17285644633601102,0.23199607689796267
2074,0.34,0.19932639741229155,0.10804478988962264,0.09399911295212274,0.19377717651198934,0.17285644633601102,0.23199607689796267
2074,0.35000000000000003,0.19932639741229155,0.10804478988962264,0.09399911295212274,0.19377717651198934,0.17285644633601102,0.23199607689796267
2074,0.36000000000000004,0.19932639741229155,0.10804478988962264,0.09399911295212274,0.19377717651198934,0.17285644633601102,0.23199607689796267
2074,0.37,0.19932639741229155,0.10804478988962264,0.09399911295212274,0.19377717651198934,0.17285644633601102,0.23199607689796267
2074,0.38,0.19932639741229155,0.10804478988962264,0.09399911295212274,0.19377717651198934,0.17285644633601102,0.23199607689796267
2074,0.39,0.19932639741229155,0.10804478988962264,0.09399911295212274,0.19377717651198934,0.17285644633601102,0.23199607689796267
2074,0.4,0.19932639741229155,0.10804478988962264,0.09399911295212274,0.19377717651198934,0.17285644633601102,0.23199607689796267
2074,0.41000000000000003,0.19932639741229155,0.10804478988962264,0.09399911295212274,0.19377717651198934,0.17285644633601102,0.23199607689796267
2074,0.42000000000000004,0.19932639741229155,0.10804478988962264,0.09399911295212274,0.19377717651198934,0.17285644633601102,0.23199607689796267
2074,0.43,0.19932654653067836,0.10804476006594528,0.09399908312844538,0.19377714668831197,0.17285641651233366,0.2319960470742853
2074,0.44,1.0,0.0,0.0,0.0,0.0,0.0
2074,0.45,1.0,0.0,0.0,0.0,0.0,0.0
2074,0.46,1.0,8.865351164901456e-14,0.0,0.0,0.0,0.0
2074,0.47000000000000003,1.0,0.0,0.0,0.0,0.0,0.0
2074,0.48000000000000004,1.0,0.0,9.395399565227842e-16,3.0941325822558645e-15,7.42002132344188e-16,1.3142728381022439e-15
2074,0.49,0.9999999999999998,0.0,4.163336342344337e-17,2.3245294578089215e-16,0.0,0.0
2074,0.5,0.24738977680793767,0.7526102231920625,2.375524598950942e-17,1.5515455636851374e-16,9.502098395803768e-18,6.388717026938802e-17
2074,0.51,0.2536582593730509,0.7463417406269407,0.0,4.5949585080741455e-18,0.0,3.239280482691919e-18
2074,0.52,0.17669359907121757,0.24207795969112209,8.123647773342505e-18,3.7910807387185796e-17,0.016403476442388334,0.5648249647967148
2074,0.53,0.0,0.0,0.0,0.0,0.0,1.0
2074,0.54,0.0,0.0,0.0,0.0,0.0,1.0
2074,0.55,0.0,0.0,0.0,0.0,0.0,1.0
2074,0.56,0.0,0.0,0.0,0.0,0.0,1.0
2074,0.5700000000000001,0.0,0.0,0.0,0.0,0.0,1.0
2074,0.5800000000000001,0.0,0.0,0.0,0.0,0.0,1.0
2074,0.59,0.0,0.0,0.0,0.0,0.0,1.0
2074,0.6,0.0,0.0,0.0,0.0,0.0,1.0
2074,0.61,0.0,0.0,0.0,0.0,0.0,1.0
2074,0.62,0.0,0.0,0.0,0.0,0.0,1.0
2074,0.63,0.0,0.0,0.0,0.0,0.0,1.0
2074,0.64,0.0,0.0,0.0,0.0,0.0,1.0
2074,0.65,0.0,0.0,0.0,0.0,0.0,1.0
2074,0.66,0.0,0.0,0.0,0.0,0.0,1.0
2074,0.67,0.0,0.0,0.0,0.0,0.0,1.0
2074,0.68,0.0,0.0,0.0,0.0,0.0,1.0
2074,0.6900000000000001,0.0,0.0,0.0,0.0,0.0,1.0
2074,0.7000000000000001,0.0,0.0,0.0,0.0,0.0,1.0
2074,0.7100000000000001,0.0,0.0,0.0,0.0,0.0,1.0
2074,0.72,0.0,0.0,0.0,0.0,0.0,1.0
2074,0.73,0.0,0.0,0.0,0.0,0.0,1.0
2074,0.74,0.0,0.0,0.0,0.0,0.0,1.0
2074,0.75,0.0,0.0,0.0,0.0,0.0,1.0
2074,0.76,0.0,0.0,0.0,0.0,0.0,1.0
2074,0.77,0.0,0.0,0.0,0.0,0.0,1.0
2074,0.78,0.0,0.0,0.0,0.0,0.0,1.0
2074,0.79,0.0,0.0,0.0,0.0,0.0,1.0
2074,0.8,0.0,0.0,0.0,0.0,0.0,1.0
2074,0.81,0.0,0.0,0.0,0.0,0.0,1.0
2074,0.8200000000000001,0.0,0.0,0.0,0.0,0.0,1.0
2074,0.8300000000000001,0.0,0.0,0.0,0.0,0.0,1.0
2074,0.8400000000000001,0.0,0.0,0.0,0.0,0.0,1.0
2074,0.85,0.0,0.0,0.0,0.0,0.0,1.0
2074,0.86,0.0,0.0,0.0,0.0,0.0,1.0
2074,0.87,0.0,0.0,0.0,0.0,0.0,1.0
2074,0.88,0.0,0.0,0.0,0.0,0.0,1.0
2074,0.89,0.0,0.0,0.0,0.0,0.0,1.0
2074,0.9,0.0,0.0,0.0,0.0,0.0,1.0
2074,0.91,0.0,0.0,0.0,0.0,0.0,1.0
2074,0.92,0.0,0.0,0.0,0.0,0.0,1.0
2074,0.93,0.0,0.0,0.0,0.0,0.0,1.0
2074,0.9400000000000001,0.0,0.0,0.0,0.0,0.0,1.0
2074,0.9500000000000001,0.0,0.0,0.0,0.0,0.0,1.0
2074,0.9600000000000001,0.0,0.0,0.0,0.0,0.0,1.0
2074,0.97,0.0,0.0,0.0,0.0,0.0,1.0
2074,0.98,0.0,0.0,0.0,0.0,0.0,1.0
2074,0.99,0.0,0.0,0.0,0.0,0.0,1.0
2074,1.0,0.0,0.0,0.0,0.0,0.0,1.0
2075,0.01,0.29955714450793064,0.16173504694553564,0.045050603442992346,0.09639878098480054,0.09042759851019712,0.3068308256085436
2075,0.02,0.29955714450793064,0.16173504694553564,0.045050603442992346,0.09639878098480054,0.09042759851019712,0.3068308256085436
2075,0.03,0.29955714450793064,0.16173504694553564,0.045050603442992346,0.09639878098480054,0.09042759851019712,0.3068308256085436
2075,0.04,0.29955714450793064,0.16173504694553564,0.045050603442992346,0.09639878098480054,0.09042759851019712,0.3068308256085436
2075,0.05,0.29955714450793064,0.16173504694553564,0.045050603442992346,0.09639878098480054,0.09042759851019712,0.3068308256085436
2075,0.060000000000000005,0.29955714450793064,0.16173504694553564,0.045050603442992346,0.09639878098480054,0.09042759851019712,0.3068308256085436
2075,0.06999999999999999,0.29955714450793064,0.16173504694553564,0.045050603442992346,0.09639878098480054,0.09042759851019712,0.3068308256085436
2075,0.08,0.29955714450793064,0.16173504694553564,0.045050603442992346,0.09639878098480054,0.09042759851019712,0.3068308256085436
2075,0.09,0.29955714450793064,0.16173504694553564,0.045050603442992346,0.09639878098480054,0.09042759851019712,0.3068308256085436
2075,0.09999999999999999,0.29955714450793064,0.16173504694553564,0.045050603442992346,0.09639878098480054,0.09042759851019712,0.3068308256085436
2075,0.11,0.29955714450793064,0.16173504694553564,0.045050603442992346,0.09639878098480054,0.09042759851019712,0.3068308256085436
2075,0.12,0.29955714450793064,0.16173504694553564,0.045050603442992346,0.09639878098480054,0.09042759851019712,0.3068308256085436
2075,0.13,0.29955714450793064,0.16173504694553564,0.045050603442992346,0.09639878098480054,0.09042759851019712,0.3068308256085436
2075,0.14,0.29955714450793064,0.16173504694553564,0.045050603442992346,0.09639878098480054,0.09042759851019712,0.3068308256085436
2075,0.15000000000000002,0.29955714450793064,0.16173504694553564,0.045050603442992346,0.09639878098480054,0.09042759851019712,0.3068308256085436
2075,0.16,0.29955714450793064,0.16173504694553564,0.045050603442992346,0.09639878098480054,0.09042759851019712,0.3068308256085436
2075,0.17,0.29955714450793064,0.16173504694553564,0.045050603442992346,0.09639878098480054,0.09042759851019712,0.3068308256085436
2075,0.18000000000000002,0.29955714450793064,0.16173504694553564,0.045050603442992346,0.09639878098480054,0.09042759851019712,0.3068308256085436
2075,0.19,0.29955714450793064,0.16173504694553564,0.045050603442992346,0.09639878098480054,0.09042759851019712,0.3068308256085436
2075,0.2,0.29955714450793064,0.16173504694553564,0.045050603442992346,0.09639878098480054,0.09042759851019712,0.3068308256085436
2075,0.21000000000000002,0.29955714450793064,0.16173504694553564,0.045050603442992346,0.09639878098480054,0.09042759851019712,0.3068308256085436
2075,0.22,0.29955714450793064,0.16173504694553564,0.045050603442992346,0.09639878098480054,0.09042759851019712,0.3068308256085436
2075,0.23,0.29955714450793064,0.16173504694553564,0.045050603442992346,0.09639878098480054,0.09042759851019712,0.3068308256085436
2075,0.24000000000000002,0.29955714450793064,0.16173504694553564,0.045050603442992346,0.09639878098480054,0.09042759851019712,0.3068308256085436
2075,0.25,0.29955714450793064,0.16173504694553564,0.045050603442992346,0.09639878098480054,0.09042759851019712,0.3068308256085436
2075,0.26,0.29955714450793064,0.16173504694553564,0.045050603442992346,0.09639878098480054,0.09042759851019712,0.3068308256085436
2075,0.27,0.29955714450793064,0.16173504694553564,0.045050603442992346,0.09639878098480054,0.09042759851019712,0.3068308256085436
2075,0.28,0.29955714450793064,0.16173504694553564,0.045050603442992346,0.09639878098480054,0.09042759851019712,0.3068308256085436
2075,0.29000000000000004,0.29955714450793064,0.16173504694553564,0.045050603442992346,0.09639878098480054,0.09042759851019712,0.3068308256085436
2075,0.3,0.29955714450793064,0.16173504694553564,0.045050603442992346,0.09639878098480054,0.09042759851019712,0.3068308256085436
2075,0.31,0.29955714450793064,0.16173504694553564,0.045050603442992346,0.09639878098480054,0.09042759851019712,0.3068308256085436
2075,0.32,0.29955714450793064,0.16173504694553564,0.045050603442992346,0.09639878098480054,0.09042759851019712,0.3068308256085436
2075,0.33,0.29955714450793064,0.16173504694553564,0.045050603442992346,0.09639878098480054,0.09042759851019712,0.3068308256085436
2075,0.34,0.29955714450793064,0.16173504694553564,0.045050603442992346,0.09639878098480054,0.09042759851019712,0.3068308256085436
2075,0.35000000000000003,0.29955714450793064,0.16173504694553564,0.045050603442992346,0.09639878098480054,0.09042759851019712,0.3068308256085436
2075,0.36000000000000004,0.29955714450793064,0.16173504694553564,0.045050603442992346,0.09639878098480054,0.09042759851019712,0.3068308256085436
2075,0.37,0.29955714450793064,0.16173504694553564,0.045050603442992346,0.09639878098480054,0.09042759851019712,0.3068308256085436
2075,0.38,0.29955714450793064,0.16173504694553564,0.045050603442992346,0.09639878098480054,0.09042759851019712,0.3068308256085436
2075,0.39,0.29955714450793064,0.16173504694553564,0.045050603442992346,0.09639878098480054,0.09042759851019712,0.3068308256085436
2075,0.4,0.29955714450793064,0.16173504694553564,0.045050603442992346,0.09639878098480054,0.09042759851019712,0.3068308256085436
2075,0.41000000000000003,0.29955714450793064,0.16173504694553564,0.045050603442992346,0.09639878098480054,0.09042759851019712,0.3068308256085436
2075,0.42000000000000004,0.29955714450793064,0.16173504694553564,0.045050603442992346,0.09639878098480054,0.09042759851019712,0.3068308256085436
2075,0.43,0.29955714450793064,0.16173504694553564,0.045050603442992346,0.09639878098480054,0.09042759851019712,0.3068308256085436
2075,0.44,0.29955714450793064,0.16173504694553564,0.045050603442992346,0.09639878098480054,0.09042759851019712,0.3068308256085436
2075,0.45,0.29955714450793064,0.16173504694553564,0.045050603442992346,0.09639878098480054,0.09042759851019712,0.3068308256085436
2075,0.46,0.29955714450793064,0.16173504694553564,0.045050603442992346,0.09639878098480054,0.09042759851019712,0.3068308256085436
2075,0.47000000000000003,0.29955714450793064,0.16173504694553564,0.045050603442992346,0.09639878098480054,0.09042759851019712,0.3068308256085436
2075,0.48000000000000004,0.29955714450793064,0.16173504694553564,0.045050603442992346,0.09639878098480054,0.09042759851019712,0.3068308256085436
2075,0.49,0.29955714450793064,0.16173504694553564,0.045050603442992346,0.09639878098480054,0.09042759851019712,0.3068308256085436
2075,0.5,0.29955714450793064,0.16173504694553564,0.045050603442992346,0.09639878098480054,0.09042759851019712,0.3068308256085436
2075,0.51,0.29955714450793064,0.16173504694553564,0.045050603442992346,0.09639878098480054,0.09042759851019712,0.3068308256085436
2075,0.52,0.29955714450793064,0.16173504694553564,0.045050603442992346,0.09639878098480054,0.09042759851019712,0.3068308256085436
2075,0.53,0.29955714450793064,0.16173504694553564,0.045050603442992346,0.09639878098480054,0.09042759851019712,0.3068308256085436
2075,0.54,0.29955714450793064,0.16173504694553564,0.045050603442992346,0.09639878098480054,0.09042759851019712,0.3068308256085436
2075,0.55,0.29955714450793064,0.16173504694553564,0.045050603442992346,0.09639878098480054,0.09042759851019712,0.3068308256085436
2075,0.56,0.29955714450793064,0.16173504694553564,0.045050603442992346,0.09639878098480054,0.09042759851019712,0.3068308256085436
2075,0.5700000000000001,0.29955714450793064,0.16173504694553564,0.045050603442992346,0.09639878098480054,0.09042759851019712,0.3068308256085436
2075,0.5800000000000001,0.29955714450793064,0.16173504694553564,0.045050603442992346,0.09639878098480054,0.09042759851019712,0.3068308256085436
2075,0.59,0.29955714450793064,0.16173504694553564,0.045050603442992346,0.09639878098480054,0.09042759851019712,0.3068308256085436
2075,0.6,0.29955714450793064,0.16173504694553564,0.045050603442992346,0.09639878098480054,0.09042759851019712,0.3068308256085436
2075,0.61,0.29955714450793064,0.16173504694553564,0.045050603442992346,0.09639878098480054,0.09042759851019712,0.3068308256085436
2075,0.62,0.29955714450793064,0.16173504694553564,0.045050603442992346,0.09639878098480054,0.09042759851019712,0.3068308256085436
2075,0.63,0.29955714450793064,0.16173504694553564,0.045050603442992346,0.09639878098480054,0.09042759851019712,0.3068308256085436
2075,0.64,0.29955714450793064,0.16173504694553564,0.045050603442992346,0.09639878098480054,0.09042759851019712,0.3068308256085436
2075,0.65,0.29955714450793064,0.16173504694553564,0.045050603442992346,0.09639878098480054,0.09042759851019712,0.3068308256085436
2075,0.66,0.29955714450793064,0.16173504694553564,0.045050603442992346,0.09639878098480054,0.09042759851019712,0.3068308256085436
2075,0.67,0.29955714450793064,0.16173504694553564,0.045050603442992346,0.09639878098480054,0.09042759851019712,0.3068308256085436
2075,0.68,0.29955714450793064,0.16173504694553564,0.045050603442992346,0.09639878098480054,0.09042759851019712,0.3068308256085436
2075,0.6900000000000001,0.29955714450793064,0.16173504694553564,0.045050603442992346,0.09639878098480054,0.09042759851019712,0.3068308256085436
2075,0.7000000000000001,0.29955714450793064,0.16173504694553564,0.045050603442992346,0.09639878098480054,0.09042759851019712,0.3068308256085436
2075,0.7100000000000001,0.29955714450793064,0.16173504694553564,0.045050603442992346,0.09639878098480054,0.09042759851019712,0.3068308256085436
2075,0.72,0.29955714450793064,0.16173504694553564,0.045050603442992346,0.09639878098480054,0.09042759851019712,0.3068308256085436
2075,0.73,0.29955714450793064,0.16173504694553564,0.045050603442992346,0.09639878098480054,0.09042759851019712,0.3068308256085436
2075,0.74,0.29955714450793064,0.16173504694553564,0.045050603442992346,0.09639878098480054,0.09042759851019712,0.3068308256085436
2075,0.75,0.29955714450793064,0.16173504694553564,0.045050603442992346,0.09639878098480054,0.09042759851019712,0.3068308256085436
2075,0.76,0.29955714450793064,0.16173504694553564,0.045050603442992346,0.09639878098480054,0.09042759851019712,0.3068308256085436
2075,0.77,0.29955714450793064,0.16173504694553564,0.045050603442992346,0.09639878098480054,0.09042759851019712,0.3068308256085436
2075,0.78,0.29955714450793064,0.16173504694553564,0.045050603442992346,0.09639878098480054,0.09042759851019712,0.3068308256085436
2075,0.79,0.29955714450793064,0.16173504694553564,0.045050603442992346,0.09639878098480054,0.09042759851019712,0.3068308256085436
2075,0.8,0.29955714450793064,0.16173504694553564,0.045050603442992346,0.09639878098480054,0.09042759851019712,0.3068308256085436
2075,0.81,0.29955714450793064,0.16173504694553564,0.045050603442992346,0.09639878098480054,0.09042759851019712,0.3068308256085436
2075,0.8200000000000001,0.29955714450793064,0.16173504694553564,0.045050603442992346,0.09639878098480054,0.09042759851019712,0.3068308256085436
2075,0.8300000000000001,0.29955714450793064,0.16173504694553564,0.045050603442992346,0.09639878098480054,0.09042759851019712,0.3068308256085436
2075,0.8400000000000001,0.29955714450793064,0.16173504694553564,0.045050603442992346,0.09639878098480054,0.09042759851019712,0.3068308256085436
2075,0.85,0.29955714450793064,0.16173504694553564,0.045050603442992346,0.09639878098480054,0.09042759851019712,0.3068308256085436
2075,0.86,0.29955714450793064,0.16173504694553564,0.045050603442992346,0.09639878098480054,0.09042759851019712,0.3068308256085436
2075,0.87,0.29955714450793064,0.16173504694553564,0.045050603442992346,0.09639878098480054,0.09042759851019712,0.3068308256085436
2075,0.88,0.29955714450793064,0.16173504694553564,0.045050603442992346,0.09639878098480054,0.09042759851019712,0.3068308256085436
2075,0.89,0.29955714450793064,0.16173504694553564,0.045050603442992346,0.09639878098480054,0.09042759851019712,0.3068308256085436
2075,0.9,0.29955714450793064,0.16173504694553564,0.045050603442992346,0.09639878098480054,0.09042759851019712,0.3068308256085436
2075,0.91,0.29955714450793064,0.16173504694553564,0.045050603442992346,0.09639878098480054,0.09042759851019712,0.3068308256085436
2075,0.92,0.29955714450793064,0.16173504694553564,0.045050603442992346,0.09639878098480054,0.09042759851019712,0.3068308256085436
2075,0.93,0.29955714450793064,0.16173504694553564,0.045050603442992346,0.09639878098480054,0.09042759851019712,0.3068308256085436
2075,0.9400000000000001,0.29955714450793064,0.16173504694553564,0.045050603442992346,0.09639878098480054,0.09042759851019712,0.3068308256085436
2075,0.9500000000000001,0.29955714450793064,0.16173504694553564,0.045050603442992346,0.09639878098480054,0.09042759851019712,0.3068308256085436
2075,0.9600000000000001,0.29955714450793064,0.16173504694553564,0.045050603442992346,0.09639878098480054,0.09042759851019712,0.3068308256085436
2075,0.97,0.29955714450793064,0.16173504694553564,0.045050603442992346,0.09639878098480054,0.09042759851019712,0.3068308256085436
2075,0.98,0.29955714450793064,0.16173504694553564,0.045050603442992346,0.09639878098480054,0.09042759851019712,0.3068308256085436
2075,0.99,0.29955714450793064,0.16173504694553564,0.045050603442992346,0.09639878098480054,0.09042759851019712,0.3068308256085436
2075,1.0,0.29955714450793064,0.16173504694553564,0.045050603442992346,0.09639878098480054,0.09042759851019712,0.3068308256085436
